# Full-body portrait coordinates extracted from the image
# Format: x y  (normalized, origin at image center, Y positive upward)
# Total points: 45861
# Sorted top-to-bottom for sequential assembly
# Image size: 1089 x 1444
#
-0.093057 1.046711
-0.090080 1.046711
-0.087102 1.046711
-0.084124 1.046711
-0.081146 1.046711
-0.078168 1.046711
-0.075190 1.046711
-0.103480 1.045222
-0.100502 1.045222
-0.097524 1.045222
-0.094546 1.045222
-0.091569 1.045222
-0.088591 1.045222
-0.085613 1.045222
-0.082635 1.045222
-0.079657 1.045222
-0.076679 1.045222
-0.073702 1.045222
-0.070724 1.045222
-0.067746 1.045222
-0.064768 1.045222
-0.061790 1.045222
-0.109436 1.043733
-0.106458 1.043733
-0.103480 1.043733
-0.100502 1.043733
-0.097524 1.043733
-0.094546 1.043733
-0.091569 1.043733
-0.088591 1.043733
-0.085613 1.043733
-0.082635 1.043733
-0.079657 1.043733
-0.076679 1.043733
-0.073702 1.043733
-0.070724 1.043733
-0.067746 1.043733
-0.064768 1.043733
-0.061790 1.043733
-0.058812 1.043733
-0.055834 1.043733
-0.113902 1.042244
-0.110925 1.042244
-0.107947 1.042244
-0.104969 1.042244
-0.101991 1.042244
-0.099013 1.042244
-0.096035 1.042244
-0.093057 1.042244
-0.090080 1.042244
-0.087102 1.042244
-0.084124 1.042244
-0.081146 1.042244
-0.078168 1.042244
-0.075190 1.042244
-0.072213 1.042244
-0.069235 1.042244
-0.066257 1.042244
-0.063279 1.042244
-0.060301 1.042244
-0.057323 1.042244
-0.054346 1.042244
-0.051368 1.042244
-0.118369 1.040755
-0.115391 1.040755
-0.112413 1.040755
-0.109436 1.040755
-0.106458 1.040755
-0.103480 1.040755
-0.100502 1.040755
-0.097524 1.040755
-0.094546 1.040755
-0.091569 1.040755
-0.088591 1.040755
-0.082635 1.040755
-0.079657 1.040755
-0.076679 1.040755
-0.073702 1.040755
-0.070724 1.040755
-0.067746 1.040755
-0.064768 1.040755
-0.061790 1.040755
-0.058812 1.040755
-0.055834 1.040755
-0.052857 1.040755
-0.049879 1.040755
-0.046901 1.040755
-0.121347 1.039266
-0.118369 1.039266
-0.115391 1.039266
-0.112413 1.039266
-0.109436 1.039266
-0.106458 1.039266
-0.103480 1.039266
-0.100502 1.039266
-0.097524 1.039266
-0.093057 1.039266
-0.085613 1.039266
-0.082635 1.039266
-0.079657 1.039266
-0.060301 1.039266
-0.057323 1.039266
-0.054346 1.039266
-0.051368 1.039266
-0.048390 1.039266
-0.045412 1.039266
-0.042434 1.039266
-0.127303 1.037777
-0.124325 1.037777
-0.121347 1.037777
-0.118369 1.037777
-0.115391 1.037777
-0.112413 1.037777
-0.109436 1.037777
-0.106458 1.037777
-0.103480 1.037777
-0.096035 1.037777
-0.093057 1.037777
-0.063279 1.037777
-0.060301 1.037777
-0.057323 1.037777
-0.054346 1.037777
-0.051368 1.037777
-0.048390 1.037777
-0.045412 1.037777
-0.042434 1.037777
-0.039456 1.037777
-0.130280 1.036288
-0.127303 1.036288
-0.124325 1.036288
-0.121347 1.036288
-0.118369 1.036288
-0.115391 1.036288
-0.112413 1.036288
-0.109436 1.036288
-0.106458 1.036288
-0.103480 1.036288
-0.096035 1.036288
-0.082635 1.036288
-0.079657 1.036288
-0.076679 1.036288
-0.073702 1.036288
-0.070724 1.036288
-0.067746 1.036288
-0.064768 1.036288
-0.061790 1.036288
-0.058812 1.036288
-0.055834 1.036288
-0.052857 1.036288
-0.049879 1.036288
-0.046901 1.036288
-0.043923 1.036288
-0.040945 1.036288
-0.037967 1.036288
-0.034990 1.036288
-0.130280 1.034799
-0.127303 1.034799
-0.124325 1.034799
-0.121347 1.034799
-0.118369 1.034799
-0.115391 1.034799
-0.112413 1.034799
-0.109436 1.034799
-0.106458 1.034799
-0.088591 1.034799
-0.085613 1.034799
-0.082635 1.034799
-0.079657 1.034799
-0.076679 1.034799
-0.073702 1.034799
-0.070724 1.034799
-0.067746 1.034799
-0.064768 1.034799
-0.061790 1.034799
-0.058812 1.034799
-0.055834 1.034799
-0.052857 1.034799
-0.049879 1.034799
-0.046901 1.034799
-0.043923 1.034799
-0.040945 1.034799
-0.037967 1.034799
-0.034990 1.034799
-0.032012 1.034799
-0.133258 1.033310
-0.130280 1.033310
-0.127303 1.033310
-0.124325 1.033310
-0.121347 1.033310
-0.118369 1.033310
-0.115391 1.033310
-0.112413 1.033310
-0.096035 1.033310
-0.093057 1.033310
-0.090080 1.033310
-0.087102 1.033310
-0.084124 1.033310
-0.081146 1.033310
-0.078168 1.033310
-0.075190 1.033310
-0.072213 1.033310
-0.069235 1.033310
-0.066257 1.033310
-0.063279 1.033310
-0.060301 1.033310
-0.057323 1.033310
-0.054346 1.033310
-0.051368 1.033310
-0.045412 1.033310
-0.042434 1.033310
-0.039456 1.033310
-0.036479 1.033310
-0.033501 1.033310
-0.030523 1.033310
-0.136236 1.031821
-0.133258 1.031821
-0.130280 1.031821
-0.127303 1.031821
-0.124325 1.031821
-0.115391 1.031821
-0.104969 1.031821
-0.097524 1.031821
-0.094546 1.031821
-0.091569 1.031821
-0.088591 1.031821
-0.085613 1.031821
-0.082635 1.031821
-0.079657 1.031821
-0.076679 1.031821
-0.073702 1.031821
-0.070724 1.031821
-0.067746 1.031821
-0.064768 1.031821
-0.061790 1.031821
-0.058812 1.031821
-0.055834 1.031821
-0.052857 1.031821
-0.049879 1.031821
-0.046901 1.031821
-0.043923 1.031821
-0.040945 1.031821
-0.037967 1.031821
-0.034990 1.031821
-0.032012 1.031821
-0.029034 1.031821
-0.026056 1.031821
-0.136236 1.030332
-0.133258 1.030332
-0.130280 1.030332
-0.127303 1.030332
-0.122836 1.030332
-0.119858 1.030332
-0.109436 1.030332
-0.106458 1.030332
-0.103480 1.030332
-0.100502 1.030332
-0.097524 1.030332
-0.094546 1.030332
-0.091569 1.030332
-0.072213 1.030332
-0.069235 1.030332
-0.066257 1.030332
-0.063279 1.030332
-0.060301 1.030332
-0.057323 1.030332
-0.054346 1.030332
-0.051368 1.030332
-0.048390 1.030332
-0.045412 1.030332
-0.042434 1.030332
-0.039456 1.030332
-0.036479 1.030332
-0.033501 1.030332
-0.030523 1.030332
-0.027545 1.030332
-0.024567 1.030332
-0.142192 1.028843
-0.139214 1.028843
-0.136236 1.028843
-0.133258 1.028843
-0.125814 1.028843
-0.122836 1.028843
-0.113902 1.028843
-0.110925 1.028843
-0.107947 1.028843
-0.104969 1.028843
-0.101991 1.028843
-0.099013 1.028843
-0.096035 1.028843
-0.084124 1.028843
-0.081146 1.028843
-0.078168 1.028843
-0.075190 1.028843
-0.072213 1.028843
-0.069235 1.028843
-0.055834 1.028843
-0.052857 1.028843
-0.049879 1.028843
-0.046901 1.028843
-0.043923 1.028843
-0.040945 1.028843
-0.037967 1.028843
-0.034990 1.028843
-0.032012 1.028843
-0.029034 1.028843
-0.026056 1.028843
-0.023078 1.028843
-0.020100 1.028843
-0.143681 1.027355
-0.140703 1.027355
-0.137725 1.027355
-0.131769 1.027355
-0.128792 1.027355
-0.125814 1.027355
-0.116880 1.027355
-0.113902 1.027355
-0.110925 1.027355
-0.107947 1.027355
-0.104969 1.027355
-0.087102 1.027355
-0.084124 1.027355
-0.072213 1.027355
-0.069235 1.027355
-0.066257 1.027355
-0.063279 1.027355
-0.060301 1.027355
-0.051368 1.027355
-0.048390 1.027355
-0.045412 1.027355
-0.042434 1.027355
-0.039456 1.027355
-0.036479 1.027355
-0.033501 1.027355
-0.030523 1.027355
-0.027545 1.027355
-0.024567 1.027355
-0.021589 1.027355
-0.018611 1.027355
-0.149636 1.025866
-0.146659 1.025866
-0.143681 1.025866
-0.140703 1.025866
-0.137725 1.025866
-0.133258 1.025866
-0.130280 1.025866
-0.127303 1.025866
-0.124325 1.025866
-0.121347 1.025866
-0.118369 1.025866
-0.115391 1.025866
-0.112413 1.025866
-0.109436 1.025866
-0.075190 1.025866
-0.072213 1.025866
-0.069235 1.025866
-0.066257 1.025866
-0.063279 1.025866
-0.060301 1.025866
-0.057323 1.025866
-0.054346 1.025866
-0.049879 1.025866
-0.046901 1.025866
-0.043923 1.025866
-0.040945 1.025866
-0.037967 1.025866
-0.034990 1.025866
-0.032012 1.025866
-0.029034 1.025866
-0.026056 1.025866
-0.023078 1.025866
-0.020100 1.025866
-0.017123 1.025866
-0.152614 1.024377
-0.149636 1.024377
-0.146659 1.024377
-0.143681 1.024377
-0.140703 1.024377
-0.137725 1.024377
-0.134747 1.024377
-0.130280 1.024377
-0.127303 1.024377
-0.124325 1.024377
-0.121347 1.024377
-0.118369 1.024377
-0.112413 1.024377
-0.109436 1.024377
-0.096035 1.024377
-0.088591 1.024377
-0.085613 1.024377
-0.082635 1.024377
-0.079657 1.024377
-0.076679 1.024377
-0.073702 1.024377
-0.070724 1.024377
-0.067746 1.024377
-0.064768 1.024377
-0.061790 1.024377
-0.058812 1.024377
-0.055834 1.024377
-0.052857 1.024377
-0.049879 1.024377
-0.046901 1.024377
-0.043923 1.024377
-0.040945 1.024377
-0.037967 1.024377
-0.034990 1.024377
-0.032012 1.024377
-0.029034 1.024377
-0.026056 1.024377
-0.023078 1.024377
-0.020100 1.024377
-0.017123 1.024377
-0.014145 1.024377
-0.011167 1.024377
-0.155592 1.022888
-0.152614 1.022888
-0.149636 1.022888
-0.146659 1.022888
-0.143681 1.022888
-0.137725 1.022888
-0.134747 1.022888
-0.131769 1.022888
-0.128792 1.022888
-0.125814 1.022888
-0.122836 1.022888
-0.115391 1.022888
-0.112413 1.022888
-0.099013 1.022888
-0.096035 1.022888
-0.093057 1.022888
-0.090080 1.022888
-0.087102 1.022888
-0.084124 1.022888
-0.081146 1.022888
-0.078168 1.022888
-0.075190 1.022888
-0.072213 1.022888
-0.069235 1.022888
-0.066257 1.022888
-0.063279 1.022888
-0.060301 1.022888
-0.057323 1.022888
-0.054346 1.022888
-0.051368 1.022888
-0.048390 1.022888
-0.045412 1.022888
-0.042434 1.022888
-0.039456 1.022888
-0.036479 1.022888
-0.033501 1.022888
-0.030523 1.022888
-0.027545 1.022888
-0.023078 1.022888
-0.020100 1.022888
-0.017123 1.022888
-0.014145 1.022888
-0.011167 1.022888
-0.008189 1.022888
-0.005211 1.022888
-0.158570 1.021399
-0.155592 1.021399
-0.152614 1.021399
-0.149636 1.021399
-0.146659 1.021399
-0.139214 1.021399
-0.136236 1.021399
-0.133258 1.021399
-0.130280 1.021399
-0.127303 1.021399
-0.124325 1.021399
-0.121347 1.021399
-0.118369 1.021399
-0.103480 1.021399
-0.100502 1.021399
-0.097524 1.021399
-0.094546 1.021399
-0.091569 1.021399
-0.088591 1.021399
-0.085613 1.021399
-0.082635 1.021399
-0.079657 1.021399
-0.076679 1.021399
-0.073702 1.021399
-0.070724 1.021399
-0.067746 1.021399
-0.064768 1.021399
-0.061790 1.021399
-0.058812 1.021399
-0.055834 1.021399
-0.052857 1.021399
-0.049879 1.021399
-0.046901 1.021399
-0.043923 1.021399
-0.040945 1.021399
-0.037967 1.021399
-0.034990 1.021399
-0.032012 1.021399
-0.029034 1.021399
-0.026056 1.021399
-0.023078 1.021399
-0.018611 1.021399
-0.015634 1.021399
-0.012656 1.021399
-0.009678 1.021399
-0.006700 1.021399
-0.003722 1.021399
-0.160059 1.019910
-0.157081 1.019910
-0.154103 1.019910
-0.151125 1.019910
-0.148148 1.019910
-0.140703 1.019910
-0.137725 1.019910
-0.134747 1.019910
-0.131769 1.019910
-0.128792 1.019910
-0.125814 1.019910
-0.122836 1.019910
-0.109436 1.019910
-0.106458 1.019910
-0.103480 1.019910
-0.100502 1.019910
-0.097524 1.019910
-0.094546 1.019910
-0.091569 1.019910
-0.088591 1.019910
-0.085613 1.019910
-0.082635 1.019910
-0.079657 1.019910
-0.076679 1.019910
-0.073702 1.019910
-0.070724 1.019910
-0.067746 1.019910
-0.064768 1.019910
-0.061790 1.019910
-0.058812 1.019910
-0.055834 1.019910
-0.052857 1.019910
-0.049879 1.019910
-0.046901 1.019910
-0.043923 1.019910
-0.040945 1.019910
-0.037967 1.019910
-0.034990 1.019910
-0.032012 1.019910
-0.029034 1.019910
-0.026056 1.019910
-0.023078 1.019910
-0.015634 1.019910
-0.012656 1.019910
-0.009678 1.019910
-0.006700 1.019910
-0.003722 1.019910
-0.163037 1.018421
-0.160059 1.018421
-0.155592 1.018421
-0.152614 1.018421
-0.145170 1.018421
-0.142192 1.018421
-0.139214 1.018421
-0.136236 1.018421
-0.133258 1.018421
-0.130280 1.018421
-0.127303 1.018421
-0.124325 1.018421
-0.115391 1.018421
-0.112413 1.018421
-0.109436 1.018421
-0.106458 1.018421
-0.096035 1.018421
-0.093057 1.018421
-0.090080 1.018421
-0.087102 1.018421
-0.084124 1.018421
-0.081146 1.018421
-0.078168 1.018421
-0.075190 1.018421
-0.072213 1.018421
-0.069235 1.018421
-0.066257 1.018421
-0.063279 1.018421
-0.060301 1.018421
-0.057323 1.018421
-0.054346 1.018421
-0.051368 1.018421
-0.048390 1.018421
-0.045412 1.018421
-0.042434 1.018421
-0.039456 1.018421
-0.036479 1.018421
-0.033501 1.018421
-0.030523 1.018421
-0.027545 1.018421
-0.024567 1.018421
-0.021589 1.018421
-0.018611 1.018421
-0.012656 1.018421
-0.009678 1.018421
-0.006700 1.018421
-0.003722 1.018421
-0.000744 1.018421
-0.166015 1.016932
-0.163037 1.016932
-0.160059 1.016932
-0.157081 1.016932
-0.154103 1.016932
-0.151125 1.016932
-0.146659 1.016932
-0.143681 1.016932
-0.140703 1.016932
-0.137725 1.016932
-0.134747 1.016932
-0.131769 1.016932
-0.128792 1.016932
-0.125814 1.016932
-0.115391 1.016932
-0.103480 1.016932
-0.100502 1.016932
-0.097524 1.016932
-0.094546 1.016932
-0.091569 1.016932
-0.088591 1.016932
-0.085613 1.016932
-0.082635 1.016932
-0.079657 1.016932
-0.076679 1.016932
-0.073702 1.016932
-0.070724 1.016932
-0.067746 1.016932
-0.064768 1.016932
-0.061790 1.016932
-0.058812 1.016932
-0.055834 1.016932
-0.052857 1.016932
-0.049879 1.016932
-0.046901 1.016932
-0.043923 1.016932
-0.040945 1.016932
-0.037967 1.016932
-0.034990 1.016932
-0.032012 1.016932
-0.029034 1.016932
-0.026056 1.016932
-0.023078 1.016932
-0.020100 1.016932
-0.017123 1.016932
-0.014145 1.016932
-0.011167 1.016932
-0.008189 1.016932
-0.005211 1.016932
-0.002233 1.016932
0.000744 1.016932
-0.167503 1.015443
-0.164526 1.015443
-0.161548 1.015443
-0.158570 1.015443
-0.155592 1.015443
-0.152614 1.015443
-0.148148 1.015443
-0.145170 1.015443
-0.142192 1.015443
-0.139214 1.015443
-0.136236 1.015443
-0.133258 1.015443
-0.130280 1.015443
-0.109436 1.015443
-0.106458 1.015443
-0.103480 1.015443
-0.099013 1.015443
-0.096035 1.015443
-0.093057 1.015443
-0.090080 1.015443
-0.087102 1.015443
-0.084124 1.015443
-0.081146 1.015443
-0.078168 1.015443
-0.075190 1.015443
-0.072213 1.015443
-0.069235 1.015443
-0.066257 1.015443
-0.063279 1.015443
-0.060301 1.015443
-0.057323 1.015443
-0.054346 1.015443
-0.051368 1.015443
-0.048390 1.015443
-0.045412 1.015443
-0.042434 1.015443
-0.039456 1.015443
-0.036479 1.015443
-0.033501 1.015443
-0.030523 1.015443
-0.027545 1.015443
-0.024567 1.015443
-0.021589 1.015443
-0.018611 1.015443
-0.015634 1.015443
-0.012656 1.015443
-0.009678 1.015443
-0.006700 1.015443
-0.003722 1.015443
-0.000744 1.015443
0.002233 1.015443
-0.168992 1.013954
-0.166015 1.013954
-0.163037 1.013954
-0.160059 1.013954
-0.157081 1.013954
-0.154103 1.013954
-0.151125 1.013954
-0.148148 1.013954
-0.145170 1.013954
-0.142192 1.013954
-0.139214 1.013954
-0.136236 1.013954
-0.133258 1.013954
-0.122836 1.013954
-0.119858 1.013954
-0.116880 1.013954
-0.113902 1.013954
-0.110925 1.013954
-0.107947 1.013954
-0.104969 1.013954
-0.101991 1.013954
-0.099013 1.013954
-0.096035 1.013954
-0.093057 1.013954
-0.090080 1.013954
-0.087102 1.013954
-0.084124 1.013954
-0.081146 1.013954
-0.078168 1.013954
-0.075190 1.013954
-0.072213 1.013954
-0.069235 1.013954
-0.066257 1.013954
-0.063279 1.013954
-0.060301 1.013954
-0.057323 1.013954
-0.054346 1.013954
-0.051368 1.013954
-0.048390 1.013954
-0.045412 1.013954
-0.042434 1.013954
-0.039456 1.013954
-0.036479 1.013954
-0.033501 1.013954
-0.030523 1.013954
-0.027545 1.013954
-0.024567 1.013954
-0.021589 1.013954
-0.018611 1.013954
-0.015634 1.013954
-0.012656 1.013954
-0.009678 1.013954
-0.006700 1.013954
-0.003722 1.013954
-0.000744 1.013954
0.002233 1.013954
0.005211 1.013954
-0.170481 1.012465
-0.167503 1.012465
-0.164526 1.012465
-0.161548 1.012465
-0.158570 1.012465
-0.155592 1.012465
-0.152614 1.012465
-0.149636 1.012465
-0.146659 1.012465
-0.143681 1.012465
-0.140703 1.012465
-0.125814 1.012465
-0.122836 1.012465
-0.112413 1.012465
-0.109436 1.012465
-0.106458 1.012465
-0.103480 1.012465
-0.100502 1.012465
-0.094546 1.012465
-0.091569 1.012465
-0.088591 1.012465
-0.085613 1.012465
-0.082635 1.012465
-0.079657 1.012465
-0.076679 1.012465
-0.073702 1.012465
-0.070724 1.012465
-0.067746 1.012465
-0.064768 1.012465
-0.061790 1.012465
-0.058812 1.012465
-0.055834 1.012465
-0.052857 1.012465
-0.043923 1.012465
-0.040945 1.012465
-0.037967 1.012465
-0.034990 1.012465
-0.032012 1.012465
-0.029034 1.012465
-0.026056 1.012465
-0.023078 1.012465
-0.020100 1.012465
-0.017123 1.012465
-0.014145 1.012465
-0.011167 1.012465
-0.008189 1.012465
-0.005211 1.012465
-0.002233 1.012465
0.000744 1.012465
0.003722 1.012465
0.006700 1.012465
0.012656 1.012465
-0.170481 1.010976
-0.167503 1.010976
-0.164526 1.010976
-0.161548 1.010976
-0.158570 1.010976
-0.155592 1.010976
-0.152614 1.010976
-0.149636 1.010976
-0.146659 1.010976
-0.143681 1.010976
-0.127303 1.010976
-0.124325 1.010976
-0.110925 1.010976
-0.107947 1.010976
-0.104969 1.010976
-0.101991 1.010976
-0.099013 1.010976
-0.096035 1.010976
-0.093057 1.010976
-0.090080 1.010976
-0.087102 1.010976
-0.084124 1.010976
-0.081146 1.010976
-0.078168 1.010976
-0.075190 1.010976
-0.072213 1.010976
-0.069235 1.010976
-0.066257 1.010976
-0.063279 1.010976
-0.060301 1.010976
-0.057323 1.010976
-0.054346 1.010976
-0.051368 1.010976
-0.048390 1.010976
-0.045412 1.010976
-0.037967 1.010976
-0.034990 1.010976
-0.032012 1.010976
-0.029034 1.010976
-0.026056 1.010976
-0.023078 1.010976
-0.020100 1.010976
-0.017123 1.010976
-0.014145 1.010976
-0.011167 1.010976
-0.008189 1.010976
-0.005211 1.010976
-0.002233 1.010976
0.000744 1.010976
0.003722 1.010976
0.006700 1.010976
0.012656 1.010976
-0.173459 1.009488
-0.170481 1.009488
-0.167503 1.009488
-0.164526 1.009488
-0.161548 1.009488
-0.158570 1.009488
-0.155592 1.009488
-0.152614 1.009488
-0.149636 1.009488
-0.146659 1.009488
-0.109436 1.009488
-0.106458 1.009488
-0.103480 1.009488
-0.100502 1.009488
-0.097524 1.009488
-0.094546 1.009488
-0.091569 1.009488
-0.088591 1.009488
-0.085613 1.009488
-0.082635 1.009488
-0.079657 1.009488
-0.076679 1.009488
-0.073702 1.009488
-0.070724 1.009488
-0.067746 1.009488
-0.064768 1.009488
-0.061790 1.009488
-0.058812 1.009488
-0.055834 1.009488
-0.052857 1.009488
-0.049879 1.009488
-0.046901 1.009488
-0.043923 1.009488
-0.039456 1.009488
-0.036479 1.009488
-0.033501 1.009488
-0.030523 1.009488
-0.027545 1.009488
-0.024567 1.009488
-0.021589 1.009488
-0.018611 1.009488
-0.015634 1.009488
-0.012656 1.009488
-0.009678 1.009488
-0.006700 1.009488
-0.003722 1.009488
-0.000744 1.009488
0.002233 1.009488
0.005211 1.009488
0.008189 1.009488
0.011167 1.009488
-0.174948 1.007999
-0.168992 1.007999
-0.166015 1.007999
-0.163037 1.007999
-0.160059 1.007999
-0.157081 1.007999
-0.154103 1.007999
-0.151125 1.007999
-0.148148 1.007999
-0.106458 1.007999
-0.103480 1.007999
-0.100502 1.007999
-0.097524 1.007999
-0.094546 1.007999
-0.091569 1.007999
-0.088591 1.007999
-0.085613 1.007999
-0.082635 1.007999
-0.079657 1.007999
-0.076679 1.007999
-0.073702 1.007999
-0.070724 1.007999
-0.067746 1.007999
-0.064768 1.007999
-0.061790 1.007999
-0.058812 1.007999
-0.055834 1.007999
-0.052857 1.007999
-0.049879 1.007999
-0.046901 1.007999
-0.043923 1.007999
-0.040945 1.007999
-0.037967 1.007999
-0.034990 1.007999
-0.032012 1.007999
-0.029034 1.007999
-0.026056 1.007999
-0.023078 1.007999
-0.020100 1.007999
-0.017123 1.007999
-0.014145 1.007999
-0.011167 1.007999
-0.008189 1.007999
-0.005211 1.007999
-0.002233 1.007999
0.000744 1.007999
0.003722 1.007999
0.006700 1.007999
0.009678 1.007999
0.012656 1.007999
0.015634 1.007999
0.018611 1.007999
-0.174948 1.006510
-0.170481 1.006510
-0.167503 1.006510
-0.164526 1.006510
-0.161548 1.006510
-0.158570 1.006510
-0.155592 1.006510
-0.152614 1.006510
-0.149636 1.006510
-0.146659 1.006510
-0.143681 1.006510
-0.118369 1.006510
-0.115391 1.006510
-0.112413 1.006510
-0.109436 1.006510
-0.106458 1.006510
-0.103480 1.006510
-0.100502 1.006510
-0.090080 1.006510
-0.087102 1.006510
-0.084124 1.006510
-0.081146 1.006510
-0.078168 1.006510
-0.075190 1.006510
-0.072213 1.006510
-0.069235 1.006510
-0.066257 1.006510
-0.063279 1.006510
-0.060301 1.006510
-0.057323 1.006510
-0.054346 1.006510
-0.051368 1.006510
-0.048390 1.006510
-0.045412 1.006510
-0.042434 1.006510
-0.039456 1.006510
-0.036479 1.006510
-0.033501 1.006510
-0.030523 1.006510
-0.026056 1.006510
-0.023078 1.006510
-0.020100 1.006510
-0.017123 1.006510
-0.014145 1.006510
-0.011167 1.006510
-0.008189 1.006510
-0.005211 1.006510
-0.002233 1.006510
0.000744 1.006510
0.003722 1.006510
0.006700 1.006510
0.009678 1.006510
0.012656 1.006510
0.015634 1.006510
0.018611 1.006510
-0.177926 1.005021
-0.174948 1.005021
-0.170481 1.005021
-0.167503 1.005021
-0.164526 1.005021
-0.161548 1.005021
-0.158570 1.005021
-0.155592 1.005021
-0.152614 1.005021
-0.149636 1.005021
-0.125814 1.005021
-0.122836 1.005021
-0.119858 1.005021
-0.116880 1.005021
-0.113902 1.005021
-0.110925 1.005021
-0.107947 1.005021
-0.104969 1.005021
-0.101991 1.005021
-0.099013 1.005021
-0.096035 1.005021
-0.093057 1.005021
-0.090080 1.005021
-0.087102 1.005021
-0.084124 1.005021
-0.081146 1.005021
-0.078168 1.005021
-0.075190 1.005021
-0.072213 1.005021
-0.069235 1.005021
-0.066257 1.005021
-0.063279 1.005021
-0.058812 1.005021
-0.055834 1.005021
-0.052857 1.005021
-0.049879 1.005021
-0.046901 1.005021
-0.043923 1.005021
-0.040945 1.005021
-0.037967 1.005021
-0.034990 1.005021
-0.032012 1.005021
-0.029034 1.005021
-0.026056 1.005021
-0.023078 1.005021
-0.020100 1.005021
-0.017123 1.005021
-0.014145 1.005021
-0.011167 1.005021
-0.008189 1.005021
-0.005211 1.005021
-0.002233 1.005021
0.000744 1.005021
0.003722 1.005021
0.006700 1.005021
0.009678 1.005021
0.012656 1.005021
0.015634 1.005021
0.018611 1.005021
0.021589 1.005021
-0.176437 1.003532
-0.171970 1.003532
-0.168992 1.003532
-0.166015 1.003532
-0.163037 1.003532
-0.160059 1.003532
-0.157081 1.003532
-0.152614 1.003532
-0.136236 1.003532
-0.128792 1.003532
-0.125814 1.003532
-0.122836 1.003532
-0.119858 1.003532
-0.116880 1.003532
-0.113902 1.003532
-0.110925 1.003532
-0.107947 1.003532
-0.104969 1.003532
-0.101991 1.003532
-0.099013 1.003532
-0.096035 1.003532
-0.093057 1.003532
-0.090080 1.003532
-0.087102 1.003532
-0.084124 1.003532
-0.081146 1.003532
-0.078168 1.003532
-0.075190 1.003532
-0.072213 1.003532
-0.069235 1.003532
-0.066257 1.003532
-0.063279 1.003532
-0.060301 1.003532
-0.057323 1.003532
-0.054346 1.003532
-0.051368 1.003532
-0.048390 1.003532
-0.045412 1.003532
-0.042434 1.003532
-0.039456 1.003532
-0.036479 1.003532
-0.033501 1.003532
-0.030523 1.003532
-0.027545 1.003532
-0.024567 1.003532
-0.021589 1.003532
-0.015634 1.003532
-0.012656 1.003532
-0.009678 1.003532
-0.006700 1.003532
-0.003722 1.003532
-0.000744 1.003532
0.002233 1.003532
0.005211 1.003532
0.008189 1.003532
0.011167 1.003532
0.014145 1.003532
0.017123 1.003532
0.020100 1.003532
0.023078 1.003532
-0.177926 1.002043
-0.173459 1.002043
-0.170481 1.002043
-0.167503 1.002043
-0.164526 1.002043
-0.161548 1.002043
-0.158570 1.002043
-0.154103 1.002043
-0.136236 1.002043
-0.133258 1.002043
-0.130280 1.002043
-0.127303 1.002043
-0.124325 1.002043
-0.121347 1.002043
-0.118369 1.002043
-0.115391 1.002043
-0.112413 1.002043
-0.109436 1.002043
-0.106458 1.002043
-0.103480 1.002043
-0.100502 1.002043
-0.097524 1.002043
-0.094546 1.002043
-0.091569 1.002043
-0.088591 1.002043
-0.085613 1.002043
-0.082635 1.002043
-0.079657 1.002043
-0.076679 1.002043
-0.073702 1.002043
-0.070724 1.002043
-0.067746 1.002043
-0.064768 1.002043
-0.061790 1.002043
-0.058812 1.002043
-0.055834 1.002043
-0.052857 1.002043
-0.049879 1.002043
-0.046901 1.002043
-0.043923 1.002043
-0.040945 1.002043
-0.037967 1.002043
-0.034990 1.002043
-0.032012 1.002043
-0.029034 1.002043
-0.026056 1.002043
-0.023078 1.002043
-0.020100 1.002043
-0.017123 1.002043
-0.012656 1.002043
-0.009678 1.002043
-0.006700 1.002043
-0.003722 1.002043
-0.000744 1.002043
0.002233 1.002043
0.005211 1.002043
0.008189 1.002043
0.011167 1.002043
0.014145 1.002043
0.017123 1.002043
0.020100 1.002043
0.023078 1.002043
-0.177926 1.000554
-0.174948 1.000554
-0.171970 1.000554
-0.168992 1.000554
-0.166015 1.000554
-0.163037 1.000554
-0.160059 1.000554
-0.140703 1.000554
-0.137725 1.000554
-0.124325 1.000554
-0.121347 1.000554
-0.118369 1.000554
-0.115391 1.000554
-0.112413 1.000554
-0.109436 1.000554
-0.106458 1.000554
-0.103480 1.000554
-0.100502 1.000554
-0.097524 1.000554
-0.094546 1.000554
-0.091569 1.000554
-0.088591 1.000554
-0.085613 1.000554
-0.082635 1.000554
-0.079657 1.000554
-0.076679 1.000554
-0.073702 1.000554
-0.070724 1.000554
-0.067746 1.000554
-0.064768 1.000554
-0.061790 1.000554
-0.058812 1.000554
-0.055834 1.000554
-0.052857 1.000554
-0.049879 1.000554
-0.046901 1.000554
-0.043923 1.000554
-0.040945 1.000554
-0.037967 1.000554
-0.034990 1.000554
-0.032012 1.000554
-0.029034 1.000554
-0.026056 1.000554
-0.023078 1.000554
-0.020100 1.000554
-0.017123 1.000554
-0.014145 1.000554
-0.009678 1.000554
-0.006700 1.000554
-0.003722 1.000554
-0.000744 1.000554
0.002233 1.000554
0.005211 1.000554
0.008189 1.000554
0.011167 1.000554
0.014145 1.000554
0.017123 1.000554
0.020100 1.000554
0.023078 1.000554
-0.180904 0.999065
-0.177926 0.999065
-0.174948 0.999065
-0.171970 0.999065
-0.168992 0.999065
-0.166015 0.999065
-0.163037 0.999065
-0.152614 0.999065
-0.140703 0.999065
-0.130280 0.999065
-0.127303 0.999065
-0.124325 0.999065
-0.121347 0.999065
-0.118369 0.999065
-0.115391 0.999065
-0.112413 0.999065
-0.109436 0.999065
-0.106458 0.999065
-0.103480 0.999065
-0.100502 0.999065
-0.097524 0.999065
-0.094546 0.999065
-0.091569 0.999065
-0.088591 0.999065
-0.085613 0.999065
-0.082635 0.999065
-0.079657 0.999065
-0.076679 0.999065
-0.073702 0.999065
-0.070724 0.999065
-0.067746 0.999065
-0.064768 0.999065
-0.061790 0.999065
-0.058812 0.999065
-0.055834 0.999065
-0.052857 0.999065
-0.049879 0.999065
-0.046901 0.999065
-0.043923 0.999065
-0.040945 0.999065
-0.037967 0.999065
-0.034990 0.999065
-0.032012 0.999065
-0.029034 0.999065
-0.026056 0.999065
-0.023078 0.999065
-0.020100 0.999065
-0.017123 0.999065
-0.014145 0.999065
-0.011167 0.999065
-0.005211 0.999065
-0.002233 0.999065
0.000744 0.999065
0.003722 0.999065
0.006700 0.999065
0.009678 0.999065
0.012656 0.999065
0.015634 0.999065
0.018611 0.999065
0.021589 0.999065
0.024567 0.999065
-0.180904 0.997576
-0.177926 0.997576
-0.174948 0.997576
-0.171970 0.997576
-0.168992 0.997576
-0.166015 0.997576
-0.155592 0.997576
-0.152614 0.997576
-0.146659 0.997576
-0.134747 0.997576
-0.131769 0.997576
-0.128792 0.997576
-0.125814 0.997576
-0.122836 0.997576
-0.119858 0.997576
-0.116880 0.997576
-0.113902 0.997576
-0.110925 0.997576
-0.103480 0.997576
-0.100502 0.997576
-0.097524 0.997576
-0.094546 0.997576
-0.091569 0.997576
-0.088591 0.997576
-0.085613 0.997576
-0.082635 0.997576
-0.079657 0.997576
-0.076679 0.997576
-0.073702 0.997576
-0.070724 0.997576
-0.067746 0.997576
-0.064768 0.997576
-0.061790 0.997576
-0.058812 0.997576
-0.055834 0.997576
-0.052857 0.997576
-0.049879 0.997576
-0.046901 0.997576
-0.043923 0.997576
-0.040945 0.997576
-0.037967 0.997576
-0.034990 0.997576
-0.032012 0.997576
-0.029034 0.997576
-0.026056 0.997576
-0.023078 0.997576
-0.020100 0.997576
-0.017123 0.997576
-0.014145 0.997576
-0.011167 0.997576
-0.008189 0.997576
-0.003722 0.997576
-0.000744 0.997576
0.002233 0.997576
0.005211 0.997576
0.008189 0.997576
0.011167 0.997576
0.014145 0.997576
0.017123 0.997576
0.020100 0.997576
0.023078 0.997576
0.026056 0.997576
-0.182393 0.996087
-0.179415 0.996087
-0.176437 0.996087
-0.173459 0.996087
-0.170481 0.996087
-0.167503 0.996087
-0.158570 0.996087
-0.155592 0.996087
-0.151125 0.996087
-0.139214 0.996087
-0.136236 0.996087
-0.133258 0.996087
-0.130280 0.996087
-0.127303 0.996087
-0.104969 0.996087
-0.101991 0.996087
-0.099013 0.996087
-0.096035 0.996087
-0.093057 0.996087
-0.090080 0.996087
-0.087102 0.996087
-0.084124 0.996087
-0.081146 0.996087
-0.078168 0.996087
-0.075190 0.996087
-0.072213 0.996087
-0.069235 0.996087
-0.066257 0.996087
-0.063279 0.996087
-0.060301 0.996087
-0.057323 0.996087
-0.054346 0.996087
-0.051368 0.996087
-0.048390 0.996087
-0.045412 0.996087
-0.042434 0.996087
-0.039456 0.996087
-0.036479 0.996087
-0.033501 0.996087
-0.030523 0.996087
-0.027545 0.996087
-0.024567 0.996087
-0.021589 0.996087
-0.018611 0.996087
-0.015634 0.996087
-0.012656 0.996087
-0.009678 0.996087
-0.006700 0.996087
-0.003722 0.996087
0.000744 0.996087
0.003722 0.996087
0.006700 0.996087
0.009678 0.996087
0.012656 0.996087
0.015634 0.996087
0.018611 0.996087
0.021589 0.996087
0.024567 0.996087
0.027545 0.996087
-0.180904 0.994598
-0.177926 0.994598
-0.174948 0.994598
-0.171970 0.994598
-0.168992 0.994598
-0.164526 0.994598
-0.160059 0.994598
-0.157081 0.994598
-0.142192 0.994598
-0.139214 0.994598
-0.136236 0.994598
-0.133258 0.994598
-0.122836 0.994598
-0.119858 0.994598
-0.116880 0.994598
-0.113902 0.994598
-0.110925 0.994598
-0.107947 0.994598
-0.104969 0.994598
-0.101991 0.994598
-0.099013 0.994598
-0.096035 0.994598
-0.093057 0.994598
-0.090080 0.994598
-0.087102 0.994598
-0.084124 0.994598
-0.081146 0.994598
-0.078168 0.994598
-0.075190 0.994598
-0.072213 0.994598
-0.069235 0.994598
-0.066257 0.994598
-0.063279 0.994598
-0.060301 0.994598
-0.057323 0.994598
-0.054346 0.994598
-0.051368 0.994598
-0.048390 0.994598
-0.045412 0.994598
-0.042434 0.994598
-0.039456 0.994598
-0.036479 0.994598
-0.033501 0.994598
-0.030523 0.994598
-0.027545 0.994598
-0.024567 0.994598
-0.021589 0.994598
-0.018611 0.994598
-0.015634 0.994598
-0.012656 0.994598
-0.009678 0.994598
-0.006700 0.994598
-0.003722 0.994598
0.000744 0.994598
0.003722 0.994598
0.006700 0.994598
0.009678 0.994598
0.012656 0.994598
0.015634 0.994598
0.018611 0.994598
0.021589 0.994598
0.024567 0.994598
0.027545 0.994598
-0.183882 0.993109
-0.180904 0.993109
-0.177926 0.993109
-0.174948 0.993109
-0.171970 0.993109
-0.166015 0.993109
-0.161548 0.993109
-0.158570 0.993109
-0.155592 0.993109
-0.142192 0.993109
-0.139214 0.993109
-0.136236 0.993109
-0.127303 0.993109
-0.124325 0.993109
-0.121347 0.993109
-0.115391 0.993109
-0.112413 0.993109
-0.109436 0.993109
-0.106458 0.993109
-0.103480 0.993109
-0.100502 0.993109
-0.097524 0.993109
-0.094546 0.993109
-0.091569 0.993109
-0.088591 0.993109
-0.085613 0.993109
-0.082635 0.993109
-0.079657 0.993109
-0.076679 0.993109
-0.073702 0.993109
-0.070724 0.993109
-0.067746 0.993109
-0.064768 0.993109
-0.061790 0.993109
-0.058812 0.993109
-0.055834 0.993109
-0.052857 0.993109
-0.049879 0.993109
-0.046901 0.993109
-0.043923 0.993109
-0.040945 0.993109
-0.037967 0.993109
-0.034990 0.993109
-0.032012 0.993109
-0.029034 0.993109
-0.026056 0.993109
-0.023078 0.993109
-0.020100 0.993109
-0.017123 0.993109
-0.014145 0.993109
-0.011167 0.993109
-0.008189 0.993109
-0.005211 0.993109
-0.002233 0.993109
0.000744 0.993109
0.003722 0.993109
0.006700 0.993109
0.009678 0.993109
0.012656 0.993109
0.015634 0.993109
0.018611 0.993109
0.021589 0.993109
0.024567 0.993109
0.027545 0.993109
0.033501 0.993109
-0.182393 0.991620
-0.179415 0.991620
-0.176437 0.991620
-0.173459 0.991620
-0.167503 0.991620
-0.164526 0.991620
-0.161548 0.991620
-0.158570 0.991620
-0.155592 0.991620
-0.148148 0.991620
-0.145170 0.991620
-0.142192 0.991620
-0.139214 0.991620
-0.130280 0.991620
-0.127303 0.991620
-0.119858 0.991620
-0.116880 0.991620
-0.113902 0.991620
-0.110925 0.991620
-0.101991 0.991620
-0.099013 0.991620
-0.096035 0.991620
-0.093057 0.991620
-0.090080 0.991620
-0.087102 0.991620
-0.084124 0.991620
-0.081146 0.991620
-0.078168 0.991620
-0.075190 0.991620
-0.072213 0.991620
-0.069235 0.991620
-0.066257 0.991620
-0.063279 0.991620
-0.060301 0.991620
-0.057323 0.991620
-0.054346 0.991620
-0.051368 0.991620
-0.048390 0.991620
-0.045412 0.991620
-0.042434 0.991620
-0.039456 0.991620
-0.036479 0.991620
-0.033501 0.991620
-0.030523 0.991620
-0.027545 0.991620
-0.024567 0.991620
-0.021589 0.991620
-0.018611 0.991620
-0.015634 0.991620
-0.012656 0.991620
-0.009678 0.991620
-0.006700 0.991620
-0.003722 0.991620
-0.000744 0.991620
0.002233 0.991620
0.005211 0.991620
0.008189 0.991620
0.011167 0.991620
0.014145 0.991620
0.017123 0.991620
0.020100 0.991620
0.023078 0.991620
0.026056 0.991620
0.029034 0.991620
-0.185370 0.990132
-0.182393 0.990132
-0.179415 0.990132
-0.176437 0.990132
-0.173459 0.990132
-0.167503 0.990132
-0.164526 0.990132
-0.161548 0.990132
-0.158570 0.990132
-0.152614 0.990132
-0.149636 0.990132
-0.146659 0.990132
-0.143681 0.990132
-0.140703 0.990132
-0.137725 0.990132
-0.128792 0.990132
-0.119858 0.990132
-0.116880 0.990132
-0.113902 0.990132
-0.110925 0.990132
-0.107947 0.990132
-0.104969 0.990132
-0.101991 0.990132
-0.099013 0.990132
-0.096035 0.990132
-0.093057 0.990132
-0.090080 0.990132
-0.087102 0.990132
-0.084124 0.990132
-0.081146 0.990132
-0.078168 0.990132
-0.075190 0.990132
-0.072213 0.990132
-0.069235 0.990132
-0.066257 0.990132
-0.063279 0.990132
-0.060301 0.990132
-0.057323 0.990132
-0.054346 0.990132
-0.051368 0.990132
-0.048390 0.990132
-0.045412 0.990132
-0.042434 0.990132
-0.039456 0.990132
-0.036479 0.990132
-0.033501 0.990132
-0.030523 0.990132
-0.027545 0.990132
-0.024567 0.990132
-0.021589 0.990132
-0.018611 0.990132
-0.015634 0.990132
-0.012656 0.990132
-0.009678 0.990132
-0.006700 0.990132
-0.003722 0.990132
-0.000744 0.990132
0.002233 0.990132
0.005211 0.990132
0.008189 0.990132
0.011167 0.990132
0.014145 0.990132
0.017123 0.990132
0.020100 0.990132
0.023078 0.990132
0.026056 0.990132
0.029034 0.990132
0.032012 0.990132
0.034990 0.990132
-0.185370 0.988643
-0.182393 0.988643
-0.179415 0.988643
-0.176437 0.988643
-0.170481 0.988643
-0.167503 0.988643
-0.164526 0.988643
-0.161548 0.988643
-0.158570 0.988643
-0.155592 0.988643
-0.152614 0.988643
-0.149636 0.988643
-0.146659 0.988643
-0.143681 0.988643
-0.131769 0.988643
-0.128792 0.988643
-0.125814 0.988643
-0.122836 0.988643
-0.119858 0.988643
-0.116880 0.988643
-0.113902 0.988643
-0.110925 0.988643
-0.107947 0.988643
-0.104969 0.988643
-0.101991 0.988643
-0.099013 0.988643
-0.096035 0.988643
-0.093057 0.988643
-0.090080 0.988643
-0.087102 0.988643
-0.084124 0.988643
-0.081146 0.988643
-0.078168 0.988643
-0.075190 0.988643
-0.072213 0.988643
-0.069235 0.988643
-0.066257 0.988643
-0.063279 0.988643
-0.060301 0.988643
-0.057323 0.988643
-0.054346 0.988643
-0.051368 0.988643
-0.048390 0.988643
-0.045412 0.988643
-0.042434 0.988643
-0.039456 0.988643
-0.036479 0.988643
-0.033501 0.988643
-0.030523 0.988643
-0.027545 0.988643
-0.024567 0.988643
-0.021589 0.988643
-0.018611 0.988643
-0.015634 0.988643
-0.012656 0.988643
-0.009678 0.988643
-0.006700 0.988643
-0.003722 0.988643
-0.000744 0.988643
0.002233 0.988643
0.005211 0.988643
0.008189 0.988643
0.011167 0.988643
0.014145 0.988643
0.017123 0.988643
0.020100 0.988643
0.023078 0.988643
0.026056 0.988643
0.029034 0.988643
0.032012 0.988643
0.034990 0.988643
-0.186859 0.987154
-0.183882 0.987154
-0.180904 0.987154
-0.177926 0.987154
-0.171970 0.987154
-0.168992 0.987154
-0.166015 0.987154
-0.163037 0.987154
-0.160059 0.987154
-0.157081 0.987154
-0.154103 0.987154
-0.151125 0.987154
-0.148148 0.987154
-0.145170 0.987154
-0.136236 0.987154
-0.133258 0.987154
-0.130280 0.987154
-0.124325 0.987154
-0.121347 0.987154
-0.118369 0.987154
-0.115391 0.987154
-0.112413 0.987154
-0.109436 0.987154
-0.106458 0.987154
-0.103480 0.987154
-0.100502 0.987154
-0.097524 0.987154
-0.094546 0.987154
-0.091569 0.987154
-0.088591 0.987154
-0.085613 0.987154
-0.082635 0.987154
-0.079657 0.987154
-0.076679 0.987154
-0.073702 0.987154
-0.070724 0.987154
-0.067746 0.987154
-0.064768 0.987154
-0.061790 0.987154
-0.058812 0.987154
-0.055834 0.987154
-0.052857 0.987154
-0.049879 0.987154
-0.046901 0.987154
-0.043923 0.987154
-0.040945 0.987154
-0.037967 0.987154
-0.034990 0.987154
-0.032012 0.987154
-0.029034 0.987154
-0.026056 0.987154
-0.023078 0.987154
-0.020100 0.987154
-0.017123 0.987154
-0.014145 0.987154
-0.011167 0.987154
-0.008189 0.987154
-0.005211 0.987154
-0.002233 0.987154
0.000744 0.987154
0.003722 0.987154
0.006700 0.987154
0.009678 0.987154
0.012656 0.987154
0.015634 0.987154
0.018611 0.987154
0.021589 0.987154
0.024567 0.987154
0.027545 0.987154
0.030523 0.987154
0.033501 0.987154
0.036479 0.987154
-0.186859 0.985665
-0.183882 0.985665
-0.180904 0.985665
-0.177926 0.985665
-0.174948 0.985665
-0.171970 0.985665
-0.168992 0.985665
-0.166015 0.985665
-0.163037 0.985665
-0.160059 0.985665
-0.157081 0.985665
-0.152614 0.985665
-0.149636 0.985665
-0.140703 0.985665
-0.137725 0.985665
-0.128792 0.985665
-0.125814 0.985665
-0.122836 0.985665
-0.119858 0.985665
-0.116880 0.985665
-0.113902 0.985665
-0.110925 0.985665
-0.107947 0.985665
-0.104969 0.985665
-0.101991 0.985665
-0.099013 0.985665
-0.096035 0.985665
-0.093057 0.985665
-0.090080 0.985665
-0.087102 0.985665
-0.084124 0.985665
-0.081146 0.985665
-0.078168 0.985665
-0.075190 0.985665
-0.072213 0.985665
-0.069235 0.985665
-0.066257 0.985665
-0.063279 0.985665
-0.060301 0.985665
-0.057323 0.985665
-0.054346 0.985665
-0.051368 0.985665
-0.048390 0.985665
-0.045412 0.985665
-0.042434 0.985665
-0.039456 0.985665
-0.036479 0.985665
-0.033501 0.985665
-0.030523 0.985665
-0.027545 0.985665
-0.024567 0.985665
-0.021589 0.985665
-0.018611 0.985665
-0.015634 0.985665
-0.012656 0.985665
-0.009678 0.985665
-0.006700 0.985665
-0.003722 0.985665
-0.000744 0.985665
0.002233 0.985665
0.005211 0.985665
0.008189 0.985665
0.011167 0.985665
0.014145 0.985665
0.017123 0.985665
0.020100 0.985665
0.023078 0.985665
0.026056 0.985665
0.029034 0.985665
0.032012 0.985665
0.034990 0.985665
-0.189837 0.984176
-0.186859 0.984176
-0.183882 0.984176
-0.180904 0.984176
-0.177926 0.984176
-0.174948 0.984176
-0.171970 0.984176
-0.168992 0.984176
-0.166015 0.984176
-0.163037 0.984176
-0.160059 0.984176
-0.155592 0.984176
-0.152614 0.984176
-0.145170 0.984176
-0.142192 0.984176
-0.133258 0.984176
-0.130280 0.984176
-0.127303 0.984176
-0.124325 0.984176
-0.121347 0.984176
-0.118369 0.984176
-0.115391 0.984176
-0.112413 0.984176
-0.109436 0.984176
-0.106458 0.984176
-0.103480 0.984176
-0.100502 0.984176
-0.097524 0.984176
-0.094546 0.984176
-0.091569 0.984176
-0.088591 0.984176
-0.085613 0.984176
-0.082635 0.984176
-0.079657 0.984176
-0.076679 0.984176
-0.073702 0.984176
-0.070724 0.984176
-0.067746 0.984176
-0.064768 0.984176
-0.061790 0.984176
-0.058812 0.984176
-0.055834 0.984176
-0.052857 0.984176
-0.049879 0.984176
-0.046901 0.984176
-0.043923 0.984176
-0.040945 0.984176
-0.037967 0.984176
-0.034990 0.984176
-0.032012 0.984176
-0.029034 0.984176
-0.026056 0.984176
-0.023078 0.984176
-0.020100 0.984176
-0.017123 0.984176
-0.014145 0.984176
-0.011167 0.984176
-0.008189 0.984176
-0.005211 0.984176
-0.002233 0.984176
0.000744 0.984176
0.003722 0.984176
0.006700 0.984176
0.009678 0.984176
0.012656 0.984176
0.015634 0.984176
0.018611 0.984176
0.021589 0.984176
0.024567 0.984176
0.027545 0.984176
0.030523 0.984176
0.033501 0.984176
0.036479 0.984176
-0.191326 0.982687
-0.188348 0.982687
-0.185370 0.982687
-0.182393 0.982687
-0.179415 0.982687
-0.176437 0.982687
-0.173459 0.982687
-0.170481 0.982687
-0.167503 0.982687
-0.164526 0.982687
-0.161548 0.982687
-0.157081 0.982687
-0.146659 0.982687
-0.142192 0.982687
-0.139214 0.982687
-0.136236 0.982687
-0.133258 0.982687
-0.125814 0.982687
-0.122836 0.982687
-0.119858 0.982687
-0.116880 0.982687
-0.113902 0.982687
-0.110925 0.982687
-0.107947 0.982687
-0.104969 0.982687
-0.101991 0.982687
-0.099013 0.982687
-0.096035 0.982687
-0.093057 0.982687
-0.090080 0.982687
-0.087102 0.982687
-0.084124 0.982687
-0.081146 0.982687
-0.078168 0.982687
-0.075190 0.982687
-0.072213 0.982687
-0.069235 0.982687
-0.066257 0.982687
-0.063279 0.982687
-0.060301 0.982687
-0.057323 0.982687
-0.054346 0.982687
-0.051368 0.982687
-0.048390 0.982687
-0.045412 0.982687
-0.042434 0.982687
-0.039456 0.982687
-0.036479 0.982687
-0.033501 0.982687
-0.030523 0.982687
-0.027545 0.982687
-0.024567 0.982687
-0.021589 0.982687
-0.018611 0.982687
-0.015634 0.982687
-0.012656 0.982687
-0.009678 0.982687
-0.006700 0.982687
-0.003722 0.982687
-0.000744 0.982687
0.002233 0.982687
0.005211 0.982687
0.008189 0.982687
0.011167 0.982687
0.014145 0.982687
0.017123 0.982687
0.020100 0.982687
0.023078 0.982687
0.026056 0.982687
0.029034 0.982687
0.032012 0.982687
0.034990 0.982687
0.037967 0.982687
-0.191326 0.981198
-0.188348 0.981198
-0.185370 0.981198
-0.182393 0.981198
-0.179415 0.981198
-0.176437 0.981198
-0.173459 0.981198
-0.170481 0.981198
-0.167503 0.981198
-0.164526 0.981198
-0.152614 0.981198
-0.149636 0.981198
-0.146659 0.981198
-0.143681 0.981198
-0.140703 0.981198
-0.137725 0.981198
-0.128792 0.981198
-0.125814 0.981198
-0.122836 0.981198
-0.119858 0.981198
-0.116880 0.981198
-0.113902 0.981198
-0.110925 0.981198
-0.107947 0.981198
-0.104969 0.981198
-0.101991 0.981198
-0.099013 0.981198
-0.096035 0.981198
-0.093057 0.981198
-0.090080 0.981198
-0.087102 0.981198
-0.084124 0.981198
-0.081146 0.981198
-0.078168 0.981198
-0.075190 0.981198
-0.072213 0.981198
-0.069235 0.981198
-0.066257 0.981198
-0.063279 0.981198
-0.060301 0.981198
-0.057323 0.981198
-0.054346 0.981198
-0.051368 0.981198
-0.048390 0.981198
-0.045412 0.981198
-0.042434 0.981198
-0.039456 0.981198
-0.036479 0.981198
-0.033501 0.981198
-0.030523 0.981198
-0.027545 0.981198
-0.024567 0.981198
-0.021589 0.981198
-0.018611 0.981198
-0.015634 0.981198
-0.012656 0.981198
-0.009678 0.981198
-0.006700 0.981198
-0.003722 0.981198
-0.000744 0.981198
0.002233 0.981198
0.005211 0.981198
0.008189 0.981198
0.011167 0.981198
0.014145 0.981198
0.017123 0.981198
0.020100 0.981198
0.023078 0.981198
0.026056 0.981198
0.029034 0.981198
0.032012 0.981198
0.034990 0.981198
0.037967 0.981198
-0.191326 0.979709
-0.188348 0.979709
-0.185370 0.979709
-0.182393 0.979709
-0.179415 0.979709
-0.176437 0.979709
-0.173459 0.979709
-0.170481 0.979709
-0.167503 0.979709
-0.161548 0.979709
-0.158570 0.979709
-0.155592 0.979709
-0.151125 0.979709
-0.148148 0.979709
-0.145170 0.979709
-0.142192 0.979709
-0.139214 0.979709
-0.130280 0.979709
-0.127303 0.979709
-0.124325 0.979709
-0.121347 0.979709
-0.118369 0.979709
-0.115391 0.979709
-0.112413 0.979709
-0.109436 0.979709
-0.106458 0.979709
-0.103480 0.979709
-0.100502 0.979709
-0.097524 0.979709
-0.094546 0.979709
-0.091569 0.979709
-0.088591 0.979709
-0.085613 0.979709
-0.082635 0.979709
-0.079657 0.979709
-0.076679 0.979709
-0.073702 0.979709
-0.070724 0.979709
-0.067746 0.979709
-0.064768 0.979709
-0.061790 0.979709
-0.058812 0.979709
-0.055834 0.979709
-0.052857 0.979709
-0.049879 0.979709
-0.046901 0.979709
-0.043923 0.979709
-0.040945 0.979709
-0.037967 0.979709
-0.034990 0.979709
-0.032012 0.979709
-0.029034 0.979709
-0.026056 0.979709
-0.023078 0.979709
-0.020100 0.979709
-0.017123 0.979709
-0.014145 0.979709
-0.011167 0.979709
-0.008189 0.979709
-0.005211 0.979709
-0.002233 0.979709
0.000744 0.979709
0.003722 0.979709
0.006700 0.979709
0.009678 0.979709
0.012656 0.979709
0.015634 0.979709
0.018611 0.979709
0.021589 0.979709
0.024567 0.979709
0.027545 0.979709
0.030523 0.979709
0.033501 0.979709
0.036479 0.979709
0.039456 0.979709
-0.191326 0.978220
-0.188348 0.978220
-0.185370 0.978220
-0.182393 0.978220
-0.179415 0.978220
-0.176437 0.978220
-0.173459 0.978220
-0.170481 0.978220
-0.167503 0.978220
-0.163037 0.978220
-0.160059 0.978220
-0.157081 0.978220
-0.151125 0.978220
-0.148148 0.978220
-0.145170 0.978220
-0.142192 0.978220
-0.131769 0.978220
-0.128792 0.978220
-0.124325 0.978220
-0.121347 0.978220
-0.118369 0.978220
-0.115391 0.978220
-0.112413 0.978220
-0.109436 0.978220
-0.106458 0.978220
-0.103480 0.978220
-0.100502 0.978220
-0.097524 0.978220
-0.094546 0.978220
-0.091569 0.978220
-0.088591 0.978220
-0.085613 0.978220
-0.082635 0.978220
-0.079657 0.978220
-0.076679 0.978220
-0.073702 0.978220
-0.070724 0.978220
-0.067746 0.978220
-0.064768 0.978220
-0.061790 0.978220
-0.058812 0.978220
-0.055834 0.978220
-0.052857 0.978220
-0.049879 0.978220
-0.046901 0.978220
-0.043923 0.978220
-0.040945 0.978220
-0.037967 0.978220
-0.034990 0.978220
-0.032012 0.978220
-0.029034 0.978220
-0.026056 0.978220
-0.023078 0.978220
-0.020100 0.978220
-0.017123 0.978220
-0.014145 0.978220
-0.011167 0.978220
-0.008189 0.978220
-0.005211 0.978220
-0.002233 0.978220
0.000744 0.978220
0.003722 0.978220
0.006700 0.978220
0.009678 0.978220
0.012656 0.978220
0.015634 0.978220
0.018611 0.978220
0.021589 0.978220
0.024567 0.978220
0.027545 0.978220
0.030523 0.978220
0.033501 0.978220
0.036479 0.978220
0.039456 0.978220
-0.192815 0.976731
-0.189837 0.976731
-0.186859 0.976731
-0.183882 0.976731
-0.180904 0.976731
-0.177926 0.976731
-0.174948 0.976731
-0.171970 0.976731
-0.168992 0.976731
-0.166015 0.976731
-0.163037 0.976731
-0.155592 0.976731
-0.152614 0.976731
-0.149636 0.976731
-0.146659 0.976731
-0.143681 0.976731
-0.140703 0.976731
-0.137725 0.976731
-0.130280 0.976731
-0.127303 0.976731
-0.124325 0.976731
-0.121347 0.976731
-0.118369 0.976731
-0.115391 0.976731
-0.112413 0.976731
-0.109436 0.976731
-0.106458 0.976731
-0.103480 0.976731
-0.100502 0.976731
-0.097524 0.976731
-0.094546 0.976731
-0.091569 0.976731
-0.088591 0.976731
-0.085613 0.976731
-0.082635 0.976731
-0.079657 0.976731
-0.076679 0.976731
-0.073702 0.976731
-0.070724 0.976731
-0.067746 0.976731
-0.064768 0.976731
-0.061790 0.976731
-0.058812 0.976731
-0.055834 0.976731
-0.052857 0.976731
-0.049879 0.976731
-0.046901 0.976731
-0.043923 0.976731
-0.040945 0.976731
-0.037967 0.976731
-0.034990 0.976731
-0.032012 0.976731
-0.029034 0.976731
-0.026056 0.976731
-0.023078 0.976731
-0.020100 0.976731
-0.017123 0.976731
-0.014145 0.976731
-0.011167 0.976731
-0.008189 0.976731
-0.005211 0.976731
-0.002233 0.976731
0.000744 0.976731
0.003722 0.976731
0.006700 0.976731
0.009678 0.976731
0.012656 0.976731
0.015634 0.976731
0.018611 0.976731
0.021589 0.976731
0.024567 0.976731
0.027545 0.976731
0.030523 0.976731
0.033501 0.976731
0.036479 0.976731
0.039456 0.976731
-0.192815 0.975242
-0.189837 0.975242
-0.186859 0.975242
-0.183882 0.975242
-0.180904 0.975242
-0.177926 0.975242
-0.174948 0.975242
-0.171970 0.975242
-0.168992 0.975242
-0.166015 0.975242
-0.157081 0.975242
-0.154103 0.975242
-0.151125 0.975242
-0.148148 0.975242
-0.142192 0.975242
-0.133258 0.975242
-0.130280 0.975242
-0.127303 0.975242
-0.124325 0.975242
-0.121347 0.975242
-0.118369 0.975242
-0.115391 0.975242
-0.112413 0.975242
-0.109436 0.975242
-0.106458 0.975242
-0.103480 0.975242
-0.100502 0.975242
-0.097524 0.975242
-0.094546 0.975242
-0.091569 0.975242
-0.088591 0.975242
-0.085613 0.975242
-0.082635 0.975242
-0.079657 0.975242
-0.076679 0.975242
-0.073702 0.975242
-0.070724 0.975242
-0.067746 0.975242
-0.064768 0.975242
-0.061790 0.975242
-0.058812 0.975242
-0.055834 0.975242
-0.052857 0.975242
-0.049879 0.975242
-0.046901 0.975242
-0.043923 0.975242
-0.040945 0.975242
-0.037967 0.975242
-0.034990 0.975242
-0.032012 0.975242
-0.029034 0.975242
-0.026056 0.975242
-0.023078 0.975242
-0.020100 0.975242
-0.017123 0.975242
-0.014145 0.975242
-0.011167 0.975242
-0.008189 0.975242
-0.005211 0.975242
-0.002233 0.975242
0.000744 0.975242
0.003722 0.975242
0.006700 0.975242
0.009678 0.975242
0.012656 0.975242
0.015634 0.975242
0.018611 0.975242
0.021589 0.975242
0.024567 0.975242
0.027545 0.975242
0.030523 0.975242
0.033501 0.975242
0.036479 0.975242
0.039456 0.975242
0.042434 0.975242
-0.192815 0.973753
-0.189837 0.973753
-0.186859 0.973753
-0.183882 0.973753
-0.180904 0.973753
-0.177926 0.973753
-0.174948 0.973753
-0.171970 0.973753
-0.168992 0.973753
-0.161548 0.973753
-0.158570 0.973753
-0.155592 0.973753
-0.152614 0.973753
-0.149636 0.973753
-0.146659 0.973753
-0.143681 0.973753
-0.136236 0.973753
-0.133258 0.973753
-0.130280 0.973753
-0.127303 0.973753
-0.124325 0.973753
-0.121347 0.973753
-0.118369 0.973753
-0.115391 0.973753
-0.112413 0.973753
-0.109436 0.973753
-0.106458 0.973753
-0.103480 0.973753
-0.100502 0.973753
-0.097524 0.973753
-0.094546 0.973753
-0.091569 0.973753
-0.088591 0.973753
-0.085613 0.973753
-0.082635 0.973753
-0.079657 0.973753
-0.076679 0.973753
-0.073702 0.973753
-0.070724 0.973753
-0.067746 0.973753
-0.064768 0.973753
-0.061790 0.973753
-0.058812 0.973753
-0.055834 0.973753
-0.052857 0.973753
-0.049879 0.973753
-0.046901 0.973753
-0.043923 0.973753
-0.040945 0.973753
-0.037967 0.973753
-0.034990 0.973753
-0.032012 0.973753
-0.029034 0.973753
-0.026056 0.973753
-0.023078 0.973753
-0.020100 0.973753
-0.017123 0.973753
-0.014145 0.973753
-0.011167 0.973753
-0.008189 0.973753
-0.005211 0.973753
-0.002233 0.973753
0.000744 0.973753
0.003722 0.973753
0.006700 0.973753
0.009678 0.973753
0.012656 0.973753
0.015634 0.973753
0.018611 0.973753
0.021589 0.973753
0.024567 0.973753
0.027545 0.973753
0.030523 0.973753
0.033501 0.973753
0.036479 0.973753
0.039456 0.973753
0.042434 0.973753
-0.192815 0.972265
-0.189837 0.972265
-0.186859 0.972265
-0.183882 0.972265
-0.180904 0.972265
-0.177926 0.972265
-0.174948 0.972265
-0.171970 0.972265
-0.164526 0.972265
-0.161548 0.972265
-0.158570 0.972265
-0.155592 0.972265
-0.152614 0.972265
-0.149636 0.972265
-0.146659 0.972265
-0.139214 0.972265
-0.136236 0.972265
-0.133258 0.972265
-0.130280 0.972265
-0.127303 0.972265
-0.124325 0.972265
-0.121347 0.972265
-0.118369 0.972265
-0.115391 0.972265
-0.112413 0.972265
-0.109436 0.972265
-0.106458 0.972265
-0.103480 0.972265
-0.100502 0.972265
-0.097524 0.972265
-0.094546 0.972265
-0.091569 0.972265
-0.088591 0.972265
-0.085613 0.972265
-0.082635 0.972265
-0.079657 0.972265
-0.076679 0.972265
-0.073702 0.972265
-0.070724 0.972265
-0.067746 0.972265
-0.064768 0.972265
-0.061790 0.972265
-0.058812 0.972265
-0.055834 0.972265
-0.052857 0.972265
-0.049879 0.972265
-0.046901 0.972265
-0.043923 0.972265
-0.040945 0.972265
-0.037967 0.972265
-0.034990 0.972265
-0.032012 0.972265
-0.029034 0.972265
-0.026056 0.972265
-0.023078 0.972265
-0.020100 0.972265
-0.017123 0.972265
-0.014145 0.972265
-0.011167 0.972265
-0.008189 0.972265
-0.005211 0.972265
-0.002233 0.972265
0.000744 0.972265
0.003722 0.972265
0.006700 0.972265
0.009678 0.972265
0.012656 0.972265
0.015634 0.972265
0.018611 0.972265
0.021589 0.972265
0.024567 0.972265
0.027545 0.972265
0.030523 0.972265
0.033501 0.972265
0.036479 0.972265
0.039456 0.972265
0.042434 0.972265
-0.192815 0.970776
-0.189837 0.970776
-0.186859 0.970776
-0.183882 0.970776
-0.180904 0.970776
-0.177926 0.970776
-0.174948 0.970776
-0.168992 0.970776
-0.166015 0.970776
-0.163037 0.970776
-0.160059 0.970776
-0.157081 0.970776
-0.154103 0.970776
-0.151125 0.970776
-0.148148 0.970776
-0.137725 0.970776
-0.134747 0.970776
-0.131769 0.970776
-0.128792 0.970776
-0.125814 0.970776
-0.122836 0.970776
-0.119858 0.970776
-0.116880 0.970776
-0.113902 0.970776
-0.110925 0.970776
-0.107947 0.970776
-0.104969 0.970776
-0.101991 0.970776
-0.099013 0.970776
-0.096035 0.970776
-0.093057 0.970776
-0.090080 0.970776
-0.087102 0.970776
-0.084124 0.970776
-0.081146 0.970776
-0.078168 0.970776
-0.075190 0.970776
-0.072213 0.970776
-0.069235 0.970776
-0.066257 0.970776
-0.063279 0.970776
-0.060301 0.970776
-0.057323 0.970776
-0.054346 0.970776
-0.051368 0.970776
-0.048390 0.970776
-0.045412 0.970776
-0.042434 0.970776
-0.039456 0.970776
-0.036479 0.970776
-0.033501 0.970776
-0.030523 0.970776
-0.027545 0.970776
-0.024567 0.970776
-0.021589 0.970776
-0.018611 0.970776
-0.015634 0.970776
-0.012656 0.970776
-0.009678 0.970776
-0.006700 0.970776
-0.003722 0.970776
-0.000744 0.970776
0.002233 0.970776
0.005211 0.970776
0.008189 0.970776
0.011167 0.970776
0.014145 0.970776
0.017123 0.970776
0.020100 0.970776
0.023078 0.970776
0.026056 0.970776
0.029034 0.970776
0.032012 0.970776
0.034990 0.970776
0.037967 0.970776
0.040945 0.970776
-0.195793 0.969287
-0.192815 0.969287
-0.189837 0.969287
-0.186859 0.969287
-0.183882 0.969287
-0.180904 0.969287
-0.177926 0.969287
-0.174948 0.969287
-0.168992 0.969287
-0.163037 0.969287
-0.160059 0.969287
-0.157081 0.969287
-0.154103 0.969287
-0.151125 0.969287
-0.148148 0.969287
-0.140703 0.969287
-0.137725 0.969287
-0.134747 0.969287
-0.131769 0.969287
-0.128792 0.969287
-0.125814 0.969287
-0.122836 0.969287
-0.119858 0.969287
-0.116880 0.969287
-0.113902 0.969287
-0.110925 0.969287
-0.107947 0.969287
-0.104969 0.969287
-0.101991 0.969287
-0.099013 0.969287
-0.096035 0.969287
-0.093057 0.969287
-0.090080 0.969287
-0.087102 0.969287
-0.084124 0.969287
-0.081146 0.969287
-0.078168 0.969287
-0.075190 0.969287
-0.072213 0.969287
-0.069235 0.969287
-0.066257 0.969287
-0.063279 0.969287
-0.060301 0.969287
-0.057323 0.969287
-0.054346 0.969287
-0.051368 0.969287
-0.048390 0.969287
-0.045412 0.969287
-0.042434 0.969287
-0.039456 0.969287
-0.036479 0.969287
-0.033501 0.969287
-0.030523 0.969287
-0.027545 0.969287
-0.024567 0.969287
-0.021589 0.969287
-0.018611 0.969287
-0.015634 0.969287
-0.012656 0.969287
-0.009678 0.969287
-0.006700 0.969287
-0.003722 0.969287
-0.000744 0.969287
0.002233 0.969287
0.005211 0.969287
0.008189 0.969287
0.011167 0.969287
0.014145 0.969287
0.017123 0.969287
0.020100 0.969287
0.023078 0.969287
0.026056 0.969287
0.029034 0.969287
0.032012 0.969287
0.034990 0.969287
0.037967 0.969287
0.040945 0.969287
-0.195793 0.967798
-0.192815 0.967798
-0.189837 0.967798
-0.186859 0.967798
-0.183882 0.967798
-0.180904 0.967798
-0.177926 0.967798
-0.174948 0.967798
-0.171970 0.967798
-0.167503 0.967798
-0.164526 0.967798
-0.161548 0.967798
-0.158570 0.967798
-0.155592 0.967798
-0.152614 0.967798
-0.143681 0.967798
-0.140703 0.967798
-0.137725 0.967798
-0.134747 0.967798
-0.131769 0.967798
-0.128792 0.967798
-0.125814 0.967798
-0.122836 0.967798
-0.119858 0.967798
-0.116880 0.967798
-0.113902 0.967798
-0.110925 0.967798
-0.107947 0.967798
-0.104969 0.967798
-0.101991 0.967798
-0.099013 0.967798
-0.096035 0.967798
-0.093057 0.967798
-0.090080 0.967798
-0.087102 0.967798
-0.084124 0.967798
-0.081146 0.967798
-0.078168 0.967798
-0.075190 0.967798
-0.072213 0.967798
-0.069235 0.967798
-0.066257 0.967798
-0.063279 0.967798
-0.060301 0.967798
-0.057323 0.967798
-0.054346 0.967798
-0.051368 0.967798
-0.048390 0.967798
-0.045412 0.967798
-0.042434 0.967798
-0.039456 0.967798
-0.036479 0.967798
-0.033501 0.967798
-0.030523 0.967798
-0.027545 0.967798
-0.024567 0.967798
-0.021589 0.967798
-0.018611 0.967798
-0.015634 0.967798
-0.012656 0.967798
-0.009678 0.967798
-0.006700 0.967798
-0.003722 0.967798
-0.000744 0.967798
0.002233 0.967798
0.005211 0.967798
0.008189 0.967798
0.011167 0.967798
0.014145 0.967798
0.017123 0.967798
0.020100 0.967798
0.023078 0.967798
0.026056 0.967798
0.029034 0.967798
0.032012 0.967798
0.034990 0.967798
0.037967 0.967798
0.040945 0.967798
-0.197282 0.966309
-0.194304 0.966309
-0.191326 0.966309
-0.188348 0.966309
-0.185370 0.966309
-0.182393 0.966309
-0.179415 0.966309
-0.176437 0.966309
-0.173459 0.966309
-0.168992 0.966309
-0.166015 0.966309
-0.163037 0.966309
-0.160059 0.966309
-0.157081 0.966309
-0.154103 0.966309
-0.148148 0.966309
-0.145170 0.966309
-0.142192 0.966309
-0.139214 0.966309
-0.136236 0.966309
-0.133258 0.966309
-0.130280 0.966309
-0.127303 0.966309
-0.124325 0.966309
-0.121347 0.966309
-0.118369 0.966309
-0.115391 0.966309
-0.112413 0.966309
-0.109436 0.966309
-0.106458 0.966309
-0.103480 0.966309
-0.100502 0.966309
-0.097524 0.966309
-0.094546 0.966309
-0.091569 0.966309
-0.088591 0.966309
-0.085613 0.966309
-0.082635 0.966309
-0.079657 0.966309
-0.076679 0.966309
-0.073702 0.966309
-0.070724 0.966309
-0.067746 0.966309
-0.064768 0.966309
-0.061790 0.966309
-0.058812 0.966309
-0.055834 0.966309
-0.052857 0.966309
-0.049879 0.966309
-0.046901 0.966309
-0.043923 0.966309
-0.040945 0.966309
-0.037967 0.966309
-0.034990 0.966309
-0.032012 0.966309
-0.029034 0.966309
-0.026056 0.966309
-0.023078 0.966309
-0.020100 0.966309
-0.017123 0.966309
-0.014145 0.966309
-0.011167 0.966309
-0.008189 0.966309
-0.005211 0.966309
-0.002233 0.966309
0.000744 0.966309
0.003722 0.966309
0.006700 0.966309
0.009678 0.966309
0.012656 0.966309
0.015634 0.966309
0.018611 0.966309
0.021589 0.966309
0.024567 0.966309
0.027545 0.966309
0.030523 0.966309
0.033501 0.966309
0.036479 0.966309
0.039456 0.966309
0.042434 0.966309
-0.195793 0.964820
-0.192815 0.964820
-0.189837 0.964820
-0.186859 0.964820
-0.183882 0.964820
-0.180904 0.964820
-0.177926 0.964820
-0.174948 0.964820
-0.171970 0.964820
-0.168992 0.964820
-0.166015 0.964820
-0.163037 0.964820
-0.160059 0.964820
-0.157081 0.964820
-0.154103 0.964820
-0.148148 0.964820
-0.145170 0.964820
-0.142192 0.964820
-0.139214 0.964820
-0.136236 0.964820
-0.133258 0.964820
-0.130280 0.964820
-0.127303 0.964820
-0.124325 0.964820
-0.121347 0.964820
-0.118369 0.964820
-0.115391 0.964820
-0.112413 0.964820
-0.109436 0.964820
-0.106458 0.964820
-0.103480 0.964820
-0.100502 0.964820
-0.097524 0.964820
-0.094546 0.964820
-0.091569 0.964820
-0.088591 0.964820
-0.085613 0.964820
-0.082635 0.964820
-0.079657 0.964820
-0.076679 0.964820
-0.073702 0.964820
-0.070724 0.964820
-0.067746 0.964820
-0.064768 0.964820
-0.061790 0.964820
-0.058812 0.964820
-0.055834 0.964820
-0.052857 0.964820
-0.049879 0.964820
-0.046901 0.964820
-0.043923 0.964820
-0.040945 0.964820
-0.037967 0.964820
-0.034990 0.964820
-0.032012 0.964820
-0.029034 0.964820
-0.026056 0.964820
-0.023078 0.964820
-0.020100 0.964820
-0.017123 0.964820
-0.014145 0.964820
-0.011167 0.964820
-0.008189 0.964820
-0.005211 0.964820
-0.002233 0.964820
0.000744 0.964820
0.003722 0.964820
0.006700 0.964820
0.009678 0.964820
0.012656 0.964820
0.015634 0.964820
0.018611 0.964820
0.021589 0.964820
0.024567 0.964820
0.027545 0.964820
0.030523 0.964820
0.033501 0.964820
0.036479 0.964820
0.039456 0.964820
0.042434 0.964820
-0.197282 0.963331
-0.192815 0.963331
-0.189837 0.963331
-0.186859 0.963331
-0.183882 0.963331
-0.180904 0.963331
-0.177926 0.963331
-0.173459 0.963331
-0.170481 0.963331
-0.167503 0.963331
-0.161548 0.963331
-0.158570 0.963331
-0.155592 0.963331
-0.151125 0.963331
-0.148148 0.963331
-0.145170 0.963331
-0.142192 0.963331
-0.139214 0.963331
-0.136236 0.963331
-0.133258 0.963331
-0.130280 0.963331
-0.127303 0.963331
-0.124325 0.963331
-0.121347 0.963331
-0.118369 0.963331
-0.115391 0.963331
-0.112413 0.963331
-0.109436 0.963331
-0.106458 0.963331
-0.103480 0.963331
-0.100502 0.963331
-0.097524 0.963331
-0.094546 0.963331
-0.091569 0.963331
-0.088591 0.963331
-0.085613 0.963331
-0.082635 0.963331
-0.079657 0.963331
-0.076679 0.963331
-0.073702 0.963331
-0.070724 0.963331
-0.067746 0.963331
-0.064768 0.963331
-0.061790 0.963331
-0.058812 0.963331
-0.055834 0.963331
-0.052857 0.963331
-0.049879 0.963331
-0.046901 0.963331
-0.043923 0.963331
-0.040945 0.963331
-0.037967 0.963331
-0.034990 0.963331
-0.032012 0.963331
-0.029034 0.963331
-0.026056 0.963331
-0.023078 0.963331
-0.020100 0.963331
-0.017123 0.963331
-0.014145 0.963331
-0.011167 0.963331
-0.008189 0.963331
-0.005211 0.963331
-0.002233 0.963331
0.000744 0.963331
0.003722 0.963331
0.006700 0.963331
0.009678 0.963331
0.012656 0.963331
0.015634 0.963331
0.018611 0.963331
0.021589 0.963331
0.024567 0.963331
0.027545 0.963331
0.030523 0.963331
0.033501 0.963331
0.036479 0.963331
0.039456 0.963331
-0.198771 0.961842
-0.192815 0.961842
-0.189837 0.961842
-0.186859 0.961842
-0.183882 0.961842
-0.180904 0.961842
-0.177926 0.961842
-0.174948 0.961842
-0.171970 0.961842
-0.168992 0.961842
-0.166015 0.961842
-0.163037 0.961842
-0.160059 0.961842
-0.157081 0.961842
-0.149636 0.961842
-0.146659 0.961842
-0.143681 0.961842
-0.140703 0.961842
-0.137725 0.961842
-0.134747 0.961842
-0.131769 0.961842
-0.128792 0.961842
-0.125814 0.961842
-0.122836 0.961842
-0.119858 0.961842
-0.116880 0.961842
-0.113902 0.961842
-0.110925 0.961842
-0.107947 0.961842
-0.104969 0.961842
-0.101991 0.961842
-0.099013 0.961842
-0.096035 0.961842
-0.093057 0.961842
-0.090080 0.961842
-0.087102 0.961842
-0.084124 0.961842
-0.081146 0.961842
-0.078168 0.961842
-0.075190 0.961842
-0.072213 0.961842
-0.069235 0.961842
-0.066257 0.961842
-0.063279 0.961842
-0.060301 0.961842
-0.057323 0.961842
-0.054346 0.961842
-0.051368 0.961842
-0.048390 0.961842
-0.045412 0.961842
-0.042434 0.961842
-0.039456 0.961842
-0.036479 0.961842
-0.033501 0.961842
-0.030523 0.961842
-0.027545 0.961842
-0.024567 0.961842
-0.021589 0.961842
-0.018611 0.961842
-0.015634 0.961842
-0.012656 0.961842
-0.009678 0.961842
-0.006700 0.961842
-0.003722 0.961842
-0.000744 0.961842
0.002233 0.961842
0.005211 0.961842
0.008189 0.961842
0.011167 0.961842
0.014145 0.961842
0.017123 0.961842
0.020100 0.961842
0.023078 0.961842
0.026056 0.961842
0.029034 0.961842
0.032012 0.961842
0.034990 0.961842
0.037967 0.961842
0.040945 0.961842
-0.194304 0.960353
-0.191326 0.960353
-0.188348 0.960353
-0.185370 0.960353
-0.182393 0.960353
-0.179415 0.960353
-0.176437 0.960353
-0.173459 0.960353
-0.170481 0.960353
-0.167503 0.960353
-0.164526 0.960353
-0.161548 0.960353
-0.158570 0.960353
-0.152614 0.960353
-0.149636 0.960353
-0.146659 0.960353
-0.143681 0.960353
-0.140703 0.960353
-0.137725 0.960353
-0.134747 0.960353
-0.131769 0.960353
-0.128792 0.960353
-0.125814 0.960353
-0.122836 0.960353
-0.119858 0.960353
-0.116880 0.960353
-0.113902 0.960353
-0.110925 0.960353
-0.107947 0.960353
-0.104969 0.960353
-0.101991 0.960353
-0.099013 0.960353
-0.096035 0.960353
-0.093057 0.960353
-0.090080 0.960353
-0.087102 0.960353
-0.084124 0.960353
-0.081146 0.960353
-0.078168 0.960353
-0.075190 0.960353
-0.072213 0.960353
-0.069235 0.960353
-0.066257 0.960353
-0.063279 0.960353
-0.060301 0.960353
-0.057323 0.960353
-0.054346 0.960353
-0.051368 0.960353
-0.048390 0.960353
-0.045412 0.960353
-0.042434 0.960353
-0.039456 0.960353
-0.036479 0.960353
-0.033501 0.960353
-0.030523 0.960353
-0.027545 0.960353
-0.024567 0.960353
-0.021589 0.960353
-0.018611 0.960353
-0.015634 0.960353
-0.012656 0.960353
-0.009678 0.960353
-0.006700 0.960353
-0.003722 0.960353
-0.000744 0.960353
0.002233 0.960353
0.005211 0.960353
0.008189 0.960353
0.011167 0.960353
0.014145 0.960353
0.017123 0.960353
0.020100 0.960353
0.023078 0.960353
0.026056 0.960353
0.029034 0.960353
0.032012 0.960353
0.034990 0.960353
0.037967 0.960353
0.040945 0.960353
-0.194304 0.958864
-0.191326 0.958864
-0.188348 0.958864
-0.185370 0.958864
-0.182393 0.958864
-0.179415 0.958864
-0.176437 0.958864
-0.173459 0.958864
-0.170481 0.958864
-0.167503 0.958864
-0.164526 0.958864
-0.161548 0.958864
-0.158570 0.958864
-0.154103 0.958864
-0.151125 0.958864
-0.148148 0.958864
-0.145170 0.958864
-0.142192 0.958864
-0.139214 0.958864
-0.136236 0.958864
-0.133258 0.958864
-0.130280 0.958864
-0.127303 0.958864
-0.124325 0.958864
-0.121347 0.958864
-0.118369 0.958864
-0.115391 0.958864
-0.112413 0.958864
-0.109436 0.958864
-0.106458 0.958864
-0.103480 0.958864
-0.100502 0.958864
-0.097524 0.958864
-0.094546 0.958864
-0.091569 0.958864
-0.088591 0.958864
-0.085613 0.958864
-0.082635 0.958864
-0.079657 0.958864
-0.076679 0.958864
-0.073702 0.958864
-0.070724 0.958864
-0.067746 0.958864
-0.064768 0.958864
-0.061790 0.958864
-0.058812 0.958864
-0.055834 0.958864
-0.052857 0.958864
-0.049879 0.958864
-0.046901 0.958864
-0.043923 0.958864
-0.040945 0.958864
-0.037967 0.958864
-0.034990 0.958864
-0.032012 0.958864
-0.029034 0.958864
-0.026056 0.958864
-0.023078 0.958864
-0.020100 0.958864
-0.017123 0.958864
-0.014145 0.958864
-0.011167 0.958864
-0.008189 0.958864
-0.005211 0.958864
-0.002233 0.958864
0.000744 0.958864
0.003722 0.958864
0.006700 0.958864
0.009678 0.958864
0.012656 0.958864
0.015634 0.958864
0.018611 0.958864
0.021589 0.958864
0.024567 0.958864
0.027545 0.958864
0.030523 0.958864
0.033501 0.958864
0.036479 0.958864
0.039456 0.958864
0.042434 0.958864
-0.194304 0.957375
-0.191326 0.957375
-0.188348 0.957375
-0.185370 0.957375
-0.182393 0.957375
-0.179415 0.957375
-0.176437 0.957375
-0.173459 0.957375
-0.170481 0.957375
-0.167503 0.957375
-0.164526 0.957375
-0.161548 0.957375
-0.158570 0.957375
-0.155592 0.957375
-0.152614 0.957375
-0.149636 0.957375
-0.146659 0.957375
-0.143681 0.957375
-0.140703 0.957375
-0.137725 0.957375
-0.134747 0.957375
-0.131769 0.957375
-0.128792 0.957375
-0.125814 0.957375
-0.122836 0.957375
-0.119858 0.957375
-0.116880 0.957375
-0.113902 0.957375
-0.110925 0.957375
-0.107947 0.957375
-0.104969 0.957375
-0.101991 0.957375
-0.099013 0.957375
-0.096035 0.957375
-0.093057 0.957375
-0.090080 0.957375
-0.087102 0.957375
-0.084124 0.957375
-0.081146 0.957375
-0.078168 0.957375
-0.075190 0.957375
-0.072213 0.957375
-0.069235 0.957375
-0.066257 0.957375
-0.063279 0.957375
-0.060301 0.957375
-0.057323 0.957375
-0.054346 0.957375
-0.051368 0.957375
-0.048390 0.957375
-0.045412 0.957375
-0.042434 0.957375
-0.039456 0.957375
-0.036479 0.957375
-0.033501 0.957375
-0.030523 0.957375
-0.027545 0.957375
-0.024567 0.957375
-0.021589 0.957375
-0.018611 0.957375
-0.015634 0.957375
-0.012656 0.957375
-0.009678 0.957375
-0.006700 0.957375
-0.003722 0.957375
-0.000744 0.957375
0.002233 0.957375
0.005211 0.957375
0.008189 0.957375
0.011167 0.957375
0.014145 0.957375
0.017123 0.957375
0.020100 0.957375
0.023078 0.957375
0.026056 0.957375
0.029034 0.957375
0.032012 0.957375
0.034990 0.957375
0.037967 0.957375
0.040945 0.957375
-0.195793 0.955886
-0.192815 0.955886
-0.189837 0.955886
-0.186859 0.955886
-0.183882 0.955886
-0.180904 0.955886
-0.177926 0.955886
-0.174948 0.955886
-0.171970 0.955886
-0.168992 0.955886
-0.166015 0.955886
-0.163037 0.955886
-0.160059 0.955886
-0.157081 0.955886
-0.154103 0.955886
-0.151125 0.955886
-0.148148 0.955886
-0.145170 0.955886
-0.142192 0.955886
-0.139214 0.955886
-0.136236 0.955886
-0.133258 0.955886
-0.130280 0.955886
-0.127303 0.955886
-0.124325 0.955886
-0.121347 0.955886
-0.118369 0.955886
-0.115391 0.955886
-0.112413 0.955886
-0.109436 0.955886
-0.106458 0.955886
-0.103480 0.955886
-0.100502 0.955886
-0.097524 0.955886
-0.094546 0.955886
-0.091569 0.955886
-0.088591 0.955886
-0.085613 0.955886
-0.082635 0.955886
-0.079657 0.955886
-0.076679 0.955886
-0.073702 0.955886
-0.070724 0.955886
-0.067746 0.955886
-0.064768 0.955886
-0.061790 0.955886
-0.058812 0.955886
-0.055834 0.955886
-0.052857 0.955886
-0.049879 0.955886
-0.046901 0.955886
-0.043923 0.955886
-0.040945 0.955886
-0.037967 0.955886
-0.034990 0.955886
-0.032012 0.955886
-0.029034 0.955886
-0.026056 0.955886
-0.023078 0.955886
-0.020100 0.955886
-0.017123 0.955886
-0.014145 0.955886
-0.011167 0.955886
-0.008189 0.955886
-0.005211 0.955886
-0.002233 0.955886
0.000744 0.955886
0.003722 0.955886
0.006700 0.955886
0.009678 0.955886
0.012656 0.955886
0.015634 0.955886
0.018611 0.955886
0.021589 0.955886
0.024567 0.955886
0.027545 0.955886
0.030523 0.955886
0.033501 0.955886
0.036479 0.955886
0.039456 0.955886
0.042434 0.955886
-0.195793 0.954398
-0.192815 0.954398
-0.189837 0.954398
-0.186859 0.954398
-0.183882 0.954398
-0.180904 0.954398
-0.177926 0.954398
-0.174948 0.954398
-0.171970 0.954398
-0.168992 0.954398
-0.166015 0.954398
-0.163037 0.954398
-0.160059 0.954398
-0.157081 0.954398
-0.154103 0.954398
-0.151125 0.954398
-0.148148 0.954398
-0.145170 0.954398
-0.142192 0.954398
-0.139214 0.954398
-0.136236 0.954398
-0.133258 0.954398
-0.130280 0.954398
-0.127303 0.954398
-0.124325 0.954398
-0.121347 0.954398
-0.118369 0.954398
-0.115391 0.954398
-0.112413 0.954398
-0.109436 0.954398
-0.106458 0.954398
-0.103480 0.954398
-0.100502 0.954398
-0.097524 0.954398
-0.094546 0.954398
-0.091569 0.954398
-0.088591 0.954398
-0.085613 0.954398
-0.082635 0.954398
-0.079657 0.954398
-0.076679 0.954398
-0.073702 0.954398
-0.070724 0.954398
-0.067746 0.954398
-0.064768 0.954398
-0.061790 0.954398
-0.058812 0.954398
-0.055834 0.954398
-0.052857 0.954398
-0.049879 0.954398
-0.046901 0.954398
-0.043923 0.954398
-0.040945 0.954398
-0.037967 0.954398
-0.034990 0.954398
-0.032012 0.954398
-0.029034 0.954398
-0.026056 0.954398
-0.023078 0.954398
-0.020100 0.954398
-0.017123 0.954398
-0.014145 0.954398
-0.011167 0.954398
-0.008189 0.954398
-0.005211 0.954398
-0.002233 0.954398
0.000744 0.954398
0.003722 0.954398
0.006700 0.954398
0.009678 0.954398
0.012656 0.954398
0.015634 0.954398
0.018611 0.954398
0.021589 0.954398
0.024567 0.954398
0.027545 0.954398
0.030523 0.954398
0.033501 0.954398
0.036479 0.954398
0.039456 0.954398
0.042434 0.954398
-0.195793 0.952909
-0.192815 0.952909
-0.189837 0.952909
-0.186859 0.952909
-0.183882 0.952909
-0.180904 0.952909
-0.177926 0.952909
-0.174948 0.952909
-0.171970 0.952909
-0.168992 0.952909
-0.166015 0.952909
-0.163037 0.952909
-0.160059 0.952909
-0.157081 0.952909
-0.154103 0.952909
-0.151125 0.952909
-0.148148 0.952909
-0.145170 0.952909
-0.142192 0.952909
-0.139214 0.952909
-0.136236 0.952909
-0.133258 0.952909
-0.130280 0.952909
-0.127303 0.952909
-0.124325 0.952909
-0.121347 0.952909
-0.118369 0.952909
-0.115391 0.952909
-0.112413 0.952909
-0.109436 0.952909
-0.106458 0.952909
-0.103480 0.952909
-0.100502 0.952909
-0.097524 0.952909
-0.094546 0.952909
-0.091569 0.952909
-0.088591 0.952909
-0.085613 0.952909
-0.082635 0.952909
-0.079657 0.952909
-0.076679 0.952909
-0.073702 0.952909
-0.070724 0.952909
-0.067746 0.952909
-0.064768 0.952909
-0.061790 0.952909
-0.058812 0.952909
-0.055834 0.952909
-0.052857 0.952909
-0.049879 0.952909
-0.046901 0.952909
-0.043923 0.952909
-0.040945 0.952909
-0.037967 0.952909
-0.034990 0.952909
-0.032012 0.952909
-0.029034 0.952909
-0.026056 0.952909
-0.023078 0.952909
-0.020100 0.952909
-0.017123 0.952909
-0.014145 0.952909
-0.011167 0.952909
-0.008189 0.952909
-0.005211 0.952909
-0.002233 0.952909
0.000744 0.952909
0.003722 0.952909
0.006700 0.952909
0.009678 0.952909
0.012656 0.952909
0.015634 0.952909
0.018611 0.952909
0.021589 0.952909
0.024567 0.952909
0.027545 0.952909
0.030523 0.952909
0.033501 0.952909
0.036479 0.952909
0.039456 0.952909
0.042434 0.952909
-0.197282 0.951420
-0.194304 0.951420
-0.191326 0.951420
-0.188348 0.951420
-0.185370 0.951420
-0.182393 0.951420
-0.179415 0.951420
-0.176437 0.951420
-0.173459 0.951420
-0.170481 0.951420
-0.167503 0.951420
-0.164526 0.951420
-0.161548 0.951420
-0.158570 0.951420
-0.155592 0.951420
-0.152614 0.951420
-0.149636 0.951420
-0.146659 0.951420
-0.143681 0.951420
-0.140703 0.951420
-0.137725 0.951420
-0.134747 0.951420
-0.131769 0.951420
-0.128792 0.951420
-0.125814 0.951420
-0.122836 0.951420
-0.119858 0.951420
-0.116880 0.951420
-0.113902 0.951420
-0.110925 0.951420
-0.107947 0.951420
-0.104969 0.951420
-0.101991 0.951420
-0.099013 0.951420
-0.096035 0.951420
-0.093057 0.951420
-0.090080 0.951420
-0.087102 0.951420
-0.084124 0.951420
-0.081146 0.951420
-0.078168 0.951420
-0.075190 0.951420
-0.072213 0.951420
-0.069235 0.951420
-0.066257 0.951420
-0.063279 0.951420
-0.060301 0.951420
-0.057323 0.951420
-0.054346 0.951420
-0.051368 0.951420
-0.048390 0.951420
-0.045412 0.951420
-0.042434 0.951420
-0.039456 0.951420
-0.036479 0.951420
-0.033501 0.951420
-0.030523 0.951420
-0.027545 0.951420
-0.024567 0.951420
-0.021589 0.951420
-0.018611 0.951420
-0.015634 0.951420
-0.012656 0.951420
-0.009678 0.951420
-0.006700 0.951420
-0.003722 0.951420
-0.000744 0.951420
0.002233 0.951420
0.005211 0.951420
0.008189 0.951420
0.011167 0.951420
0.014145 0.951420
0.017123 0.951420
0.020100 0.951420
0.023078 0.951420
0.026056 0.951420
0.029034 0.951420
0.032012 0.951420
0.034990 0.951420
0.037967 0.951420
0.040945 0.951420
0.043923 0.951420
-0.197282 0.949931
-0.194304 0.949931
-0.191326 0.949931
-0.188348 0.949931
-0.185370 0.949931
-0.182393 0.949931
-0.179415 0.949931
-0.176437 0.949931
-0.173459 0.949931
-0.170481 0.949931
-0.167503 0.949931
-0.164526 0.949931
-0.161548 0.949931
-0.158570 0.949931
-0.155592 0.949931
-0.152614 0.949931
-0.149636 0.949931
-0.146659 0.949931
-0.143681 0.949931
-0.140703 0.949931
-0.137725 0.949931
-0.134747 0.949931
-0.131769 0.949931
-0.128792 0.949931
-0.125814 0.949931
-0.122836 0.949931
-0.119858 0.949931
-0.116880 0.949931
-0.113902 0.949931
-0.110925 0.949931
-0.107947 0.949931
-0.104969 0.949931
-0.101991 0.949931
-0.099013 0.949931
-0.096035 0.949931
-0.093057 0.949931
-0.090080 0.949931
-0.087102 0.949931
-0.084124 0.949931
-0.081146 0.949931
-0.078168 0.949931
-0.075190 0.949931
-0.072213 0.949931
-0.069235 0.949931
-0.066257 0.949931
-0.063279 0.949931
-0.060301 0.949931
-0.057323 0.949931
-0.054346 0.949931
-0.051368 0.949931
-0.048390 0.949931
-0.045412 0.949931
-0.042434 0.949931
-0.039456 0.949931
-0.036479 0.949931
-0.033501 0.949931
-0.030523 0.949931
-0.027545 0.949931
-0.024567 0.949931
-0.021589 0.949931
-0.018611 0.949931
-0.015634 0.949931
-0.012656 0.949931
-0.009678 0.949931
-0.006700 0.949931
-0.003722 0.949931
0.005211 0.949931
0.008189 0.949931
0.011167 0.949931
0.014145 0.949931
0.017123 0.949931
0.020100 0.949931
0.023078 0.949931
0.026056 0.949931
0.029034 0.949931
0.032012 0.949931
0.034990 0.949931
0.037967 0.949931
0.040945 0.949931
0.043923 0.949931
-0.197282 0.948442
-0.194304 0.948442
-0.191326 0.948442
-0.188348 0.948442
-0.185370 0.948442
-0.182393 0.948442
-0.179415 0.948442
-0.176437 0.948442
-0.173459 0.948442
-0.170481 0.948442
-0.167503 0.948442
-0.164526 0.948442
-0.161548 0.948442
-0.158570 0.948442
-0.155592 0.948442
-0.152614 0.948442
-0.149636 0.948442
-0.146659 0.948442
-0.143681 0.948442
-0.140703 0.948442
-0.137725 0.948442
-0.134747 0.948442
-0.131769 0.948442
-0.128792 0.948442
-0.125814 0.948442
-0.122836 0.948442
-0.119858 0.948442
-0.116880 0.948442
-0.113902 0.948442
-0.110925 0.948442
-0.107947 0.948442
-0.104969 0.948442
-0.101991 0.948442
-0.099013 0.948442
-0.096035 0.948442
-0.093057 0.948442
-0.090080 0.948442
-0.087102 0.948442
-0.084124 0.948442
-0.081146 0.948442
-0.078168 0.948442
-0.075190 0.948442
-0.072213 0.948442
-0.069235 0.948442
-0.066257 0.948442
-0.063279 0.948442
-0.060301 0.948442
-0.057323 0.948442
-0.054346 0.948442
-0.051368 0.948442
-0.048390 0.948442
-0.045412 0.948442
-0.042434 0.948442
-0.039456 0.948442
-0.036479 0.948442
-0.033501 0.948442
-0.030523 0.948442
-0.027545 0.948442
-0.024567 0.948442
-0.021589 0.948442
-0.018611 0.948442
-0.015634 0.948442
-0.012656 0.948442
-0.009678 0.948442
-0.006700 0.948442
-0.003722 0.948442
0.006700 0.948442
0.009678 0.948442
0.012656 0.948442
0.015634 0.948442
0.018611 0.948442
0.021589 0.948442
0.024567 0.948442
0.027545 0.948442
0.030523 0.948442
0.033501 0.948442
0.036479 0.948442
0.039456 0.948442
0.042434 0.948442
0.045412 0.948442
-0.195793 0.946953
-0.192815 0.946953
-0.189837 0.946953
-0.186859 0.946953
-0.183882 0.946953
-0.180904 0.946953
-0.177926 0.946953
-0.174948 0.946953
-0.171970 0.946953
-0.168992 0.946953
-0.166015 0.946953
-0.163037 0.946953
-0.160059 0.946953
-0.157081 0.946953
-0.154103 0.946953
-0.151125 0.946953
-0.148148 0.946953
-0.145170 0.946953
-0.142192 0.946953
-0.139214 0.946953
-0.136236 0.946953
-0.133258 0.946953
-0.130280 0.946953
-0.127303 0.946953
-0.124325 0.946953
-0.121347 0.946953
-0.118369 0.946953
-0.115391 0.946953
-0.112413 0.946953
-0.109436 0.946953
-0.106458 0.946953
-0.103480 0.946953
-0.100502 0.946953
-0.097524 0.946953
-0.094546 0.946953
-0.091569 0.946953
-0.088591 0.946953
-0.085613 0.946953
-0.082635 0.946953
-0.079657 0.946953
-0.076679 0.946953
-0.073702 0.946953
-0.070724 0.946953
-0.067746 0.946953
-0.064768 0.946953
-0.061790 0.946953
-0.058812 0.946953
-0.055834 0.946953
-0.052857 0.946953
-0.043923 0.946953
-0.040945 0.946953
-0.037967 0.946953
-0.034990 0.946953
-0.032012 0.946953
-0.029034 0.946953
-0.026056 0.946953
-0.023078 0.946953
-0.020100 0.946953
-0.017123 0.946953
-0.014145 0.946953
-0.011167 0.946953
0.008189 0.946953
0.011167 0.946953
0.014145 0.946953
0.017123 0.946953
0.020100 0.946953
0.023078 0.946953
0.026056 0.946953
0.029034 0.946953
0.032012 0.946953
0.034990 0.946953
0.037967 0.946953
0.040945 0.946953
0.043923 0.946953
-0.197282 0.945464
-0.194304 0.945464
-0.191326 0.945464
-0.188348 0.945464
-0.185370 0.945464
-0.182393 0.945464
-0.179415 0.945464
-0.176437 0.945464
-0.173459 0.945464
-0.170481 0.945464
-0.167503 0.945464
-0.164526 0.945464
-0.161548 0.945464
-0.158570 0.945464
-0.155592 0.945464
-0.152614 0.945464
-0.149636 0.945464
-0.146659 0.945464
-0.143681 0.945464
-0.140703 0.945464
-0.137725 0.945464
-0.134747 0.945464
-0.131769 0.945464
-0.128792 0.945464
-0.125814 0.945464
-0.122836 0.945464
-0.112413 0.945464
-0.109436 0.945464
-0.106458 0.945464
-0.103480 0.945464
-0.100502 0.945464
-0.097524 0.945464
-0.094546 0.945464
-0.091569 0.945464
-0.088591 0.945464
-0.085613 0.945464
-0.082635 0.945464
-0.079657 0.945464
-0.076679 0.945464
-0.073702 0.945464
-0.066257 0.945464
-0.060301 0.945464
-0.057323 0.945464
-0.049879 0.945464
-0.046901 0.945464
-0.030523 0.945464
-0.027545 0.945464
-0.024567 0.945464
-0.021589 0.945464
-0.018611 0.945464
-0.015634 0.945464
0.008189 0.945464
0.011167 0.945464
0.014145 0.945464
0.017123 0.945464
0.020100 0.945464
0.023078 0.945464
0.026056 0.945464
0.029034 0.945464
0.032012 0.945464
0.034990 0.945464
0.037967 0.945464
0.040945 0.945464
0.043923 0.945464
-0.198771 0.943975
-0.195793 0.943975
-0.192815 0.943975
-0.189837 0.943975
-0.186859 0.943975
-0.183882 0.943975
-0.180904 0.943975
-0.177926 0.943975
-0.174948 0.943975
-0.171970 0.943975
-0.168992 0.943975
-0.166015 0.943975
-0.163037 0.943975
-0.160059 0.943975
-0.157081 0.943975
-0.154103 0.943975
-0.151125 0.943975
-0.148148 0.943975
-0.145170 0.943975
-0.142192 0.943975
-0.139214 0.943975
-0.136236 0.943975
-0.133258 0.943975
-0.130280 0.943975
-0.127303 0.943975
-0.119858 0.943975
-0.107947 0.943975
-0.104969 0.943975
-0.101991 0.943975
-0.099013 0.943975
-0.096035 0.943975
-0.093057 0.943975
-0.090080 0.943975
-0.087102 0.943975
-0.084124 0.943975
-0.081146 0.943975
-0.078168 0.943975
-0.075190 0.943975
-0.045412 0.943975
0.006700 0.943975
0.009678 0.943975
0.012656 0.943975
0.015634 0.943975
0.018611 0.943975
0.021589 0.943975
0.024567 0.943975
0.027545 0.943975
0.030523 0.943975
0.033501 0.943975
0.036479 0.943975
0.039456 0.943975
0.042434 0.943975
0.045412 0.943975
-0.197282 0.942486
-0.194304 0.942486
-0.191326 0.942486
-0.188348 0.942486
-0.185370 0.942486
-0.182393 0.942486
-0.179415 0.942486
-0.176437 0.942486
-0.173459 0.942486
-0.170481 0.942486
-0.167503 0.942486
-0.164526 0.942486
-0.161548 0.942486
-0.158570 0.942486
-0.155592 0.942486
-0.152614 0.942486
-0.149636 0.942486
-0.146659 0.942486
-0.143681 0.942486
-0.140703 0.942486
-0.137725 0.942486
-0.134747 0.942486
-0.131769 0.942486
-0.128792 0.942486
-0.122836 0.942486
-0.119858 0.942486
-0.107947 0.942486
-0.104969 0.942486
-0.101991 0.942486
-0.099013 0.942486
-0.096035 0.942486
-0.093057 0.942486
-0.090080 0.942486
-0.087102 0.942486
-0.084124 0.942486
-0.081146 0.942486
-0.078168 0.942486
0.008189 0.942486
0.011167 0.942486
0.014145 0.942486
0.017123 0.942486
0.020100 0.942486
0.023078 0.942486
0.026056 0.942486
0.029034 0.942486
0.032012 0.942486
0.034990 0.942486
0.037967 0.942486
0.040945 0.942486
0.043923 0.942486
-0.198771 0.940997
-0.195793 0.940997
-0.192815 0.940997
-0.189837 0.940997
-0.186859 0.940997
-0.183882 0.940997
-0.180904 0.940997
-0.177926 0.940997
-0.174948 0.940997
-0.171970 0.940997
-0.168992 0.940997
-0.166015 0.940997
-0.163037 0.940997
-0.160059 0.940997
-0.157081 0.940997
-0.154103 0.940997
-0.151125 0.940997
-0.148148 0.940997
-0.145170 0.940997
-0.142192 0.940997
-0.139214 0.940997
-0.136236 0.940997
-0.133258 0.940997
-0.130280 0.940997
-0.124325 0.940997
-0.121347 0.940997
-0.106458 0.940997
-0.103480 0.940997
-0.100502 0.940997
-0.097524 0.940997
-0.094546 0.940997
-0.091569 0.940997
-0.067746 0.940997
0.008189 0.940997
0.012656 0.940997
0.015634 0.940997
0.018611 0.940997
0.021589 0.940997
0.024567 0.940997
0.027545 0.940997
0.030523 0.940997
0.033501 0.940997
0.036479 0.940997
0.039456 0.940997
0.042434 0.940997
0.045412 0.940997
-0.195793 0.939508
-0.192815 0.939508
-0.189837 0.939508
-0.186859 0.939508
-0.183882 0.939508
-0.180904 0.939508
-0.177926 0.939508
-0.174948 0.939508
-0.171970 0.939508
-0.168992 0.939508
-0.166015 0.939508
-0.163037 0.939508
-0.160059 0.939508
-0.157081 0.939508
-0.154103 0.939508
-0.151125 0.939508
-0.148148 0.939508
-0.145170 0.939508
-0.142192 0.939508
-0.139214 0.939508
-0.136236 0.939508
-0.133258 0.939508
-0.130280 0.939508
-0.127303 0.939508
-0.124325 0.939508
0.011167 0.939508
0.014145 0.939508
0.017123 0.939508
0.020100 0.939508
0.023078 0.939508
0.026056 0.939508
0.029034 0.939508
0.032012 0.939508
0.034990 0.939508
0.037967 0.939508
0.040945 0.939508
0.043923 0.939508
-0.197282 0.938019
-0.194304 0.938019
-0.191326 0.938019
-0.188348 0.938019
-0.185370 0.938019
-0.182393 0.938019
-0.179415 0.938019
-0.176437 0.938019
-0.173459 0.938019
-0.170481 0.938019
-0.167503 0.938019
-0.164526 0.938019
-0.161548 0.938019
-0.158570 0.938019
-0.155592 0.938019
-0.152614 0.938019
-0.149636 0.938019
-0.146659 0.938019
-0.143681 0.938019
-0.140703 0.938019
-0.137725 0.938019
-0.134747 0.938019
-0.131769 0.938019
-0.128792 0.938019
-0.125814 0.938019
0.009678 0.938019
0.012656 0.938019
0.015634 0.938019
0.018611 0.938019
0.021589 0.938019
0.024567 0.938019
0.027545 0.938019
0.030523 0.938019
0.033501 0.938019
0.036479 0.938019
0.039456 0.938019
0.042434 0.938019
0.045412 0.938019
-0.195793 0.936530
-0.192815 0.936530
-0.189837 0.936530
-0.186859 0.936530
-0.183882 0.936530
-0.180904 0.936530
-0.177926 0.936530
-0.174948 0.936530
-0.171970 0.936530
-0.168992 0.936530
-0.166015 0.936530
-0.163037 0.936530
-0.160059 0.936530
-0.157081 0.936530
-0.154103 0.936530
-0.151125 0.936530
-0.148148 0.936530
-0.145170 0.936530
-0.142192 0.936530
-0.139214 0.936530
-0.136236 0.936530
-0.133258 0.936530
-0.130280 0.936530
-0.127303 0.936530
0.011167 0.936530
0.014145 0.936530
0.017123 0.936530
0.020100 0.936530
0.023078 0.936530
0.026056 0.936530
0.029034 0.936530
0.032012 0.936530
0.034990 0.936530
0.037967 0.936530
0.040945 0.936530
0.043923 0.936530
-0.197282 0.935042
-0.194304 0.935042
-0.191326 0.935042
-0.188348 0.935042
-0.185370 0.935042
-0.182393 0.935042
-0.179415 0.935042
-0.176437 0.935042
-0.173459 0.935042
-0.170481 0.935042
-0.167503 0.935042
-0.164526 0.935042
-0.161548 0.935042
-0.158570 0.935042
-0.155592 0.935042
-0.152614 0.935042
-0.149636 0.935042
-0.146659 0.935042
-0.143681 0.935042
-0.140703 0.935042
-0.137725 0.935042
-0.134747 0.935042
-0.131769 0.935042
-0.128792 0.935042
-0.125814 0.935042
0.012656 0.935042
0.015634 0.935042
0.018611 0.935042
0.021589 0.935042
0.024567 0.935042
0.027545 0.935042
0.030523 0.935042
0.033501 0.935042
0.036479 0.935042
0.039456 0.935042
0.042434 0.935042
0.045412 0.935042
-0.197282 0.933553
-0.194304 0.933553
-0.191326 0.933553
-0.188348 0.933553
-0.185370 0.933553
-0.182393 0.933553
-0.179415 0.933553
-0.176437 0.933553
-0.173459 0.933553
-0.170481 0.933553
-0.167503 0.933553
-0.164526 0.933553
-0.161548 0.933553
-0.158570 0.933553
-0.155592 0.933553
-0.152614 0.933553
-0.149636 0.933553
-0.146659 0.933553
-0.140703 0.933553
-0.137725 0.933553
-0.134747 0.933553
-0.131769 0.933553
-0.128792 0.933553
-0.125814 0.933553
0.011167 0.933553
0.014145 0.933553
0.017123 0.933553
0.020100 0.933553
0.023078 0.933553
0.026056 0.933553
0.029034 0.933553
0.032012 0.933553
0.034990 0.933553
0.037967 0.933553
0.040945 0.933553
0.043923 0.933553
-0.198771 0.932064
-0.195793 0.932064
-0.192815 0.932064
-0.189837 0.932064
-0.186859 0.932064
-0.183882 0.932064
-0.180904 0.932064
-0.177926 0.932064
-0.174948 0.932064
-0.171970 0.932064
-0.168992 0.932064
-0.166015 0.932064
-0.163037 0.932064
-0.160059 0.932064
-0.157081 0.932064
-0.154103 0.932064
-0.151125 0.932064
-0.148148 0.932064
-0.142192 0.932064
-0.139214 0.932064
-0.136236 0.932064
-0.133258 0.932064
-0.130280 0.932064
-0.127303 0.932064
-0.124325 0.932064
0.011167 0.932064
0.014145 0.932064
0.017123 0.932064
0.020100 0.932064
0.023078 0.932064
0.026056 0.932064
0.029034 0.932064
0.032012 0.932064
0.034990 0.932064
0.037967 0.932064
0.040945 0.932064
0.043923 0.932064
-0.197282 0.930575
-0.194304 0.930575
-0.191326 0.930575
-0.188348 0.930575
-0.185370 0.930575
-0.182393 0.930575
-0.179415 0.930575
-0.176437 0.930575
-0.173459 0.930575
-0.170481 0.930575
-0.167503 0.930575
-0.164526 0.930575
-0.161548 0.930575
-0.158570 0.930575
-0.155592 0.930575
-0.152614 0.930575
-0.149636 0.930575
-0.146659 0.930575
-0.143681 0.930575
-0.140703 0.930575
-0.137725 0.930575
-0.134747 0.930575
-0.131769 0.930575
-0.125814 0.930575
-0.122836 0.930575
0.011167 0.930575
0.014145 0.930575
0.017123 0.930575
0.020100 0.930575
0.023078 0.930575
0.026056 0.930575
0.029034 0.930575
0.032012 0.930575
0.034990 0.930575
0.037967 0.930575
0.040945 0.930575
0.043923 0.930575
-0.197282 0.929086
-0.194304 0.929086
-0.191326 0.929086
-0.188348 0.929086
-0.185370 0.929086
-0.182393 0.929086
-0.179415 0.929086
-0.176437 0.929086
-0.173459 0.929086
-0.170481 0.929086
-0.167503 0.929086
-0.164526 0.929086
-0.161548 0.929086
-0.158570 0.929086
-0.155592 0.929086
-0.152614 0.929086
-0.149636 0.929086
-0.146659 0.929086
-0.143681 0.929086
-0.139214 0.929086
-0.136236 0.929086
-0.133258 0.929086
-0.122836 0.929086
-0.119858 0.929086
0.011167 0.929086
0.014145 0.929086
0.017123 0.929086
0.020100 0.929086
0.023078 0.929086
0.026056 0.929086
0.029034 0.929086
0.032012 0.929086
0.034990 0.929086
0.037967 0.929086
0.040945 0.929086
0.043923 0.929086
-0.197282 0.927597
-0.194304 0.927597
-0.191326 0.927597
-0.188348 0.927597
-0.185370 0.927597
-0.182393 0.927597
-0.179415 0.927597
-0.176437 0.927597
-0.173459 0.927597
-0.170481 0.927597
-0.167503 0.927597
-0.164526 0.927597
-0.161548 0.927597
-0.158570 0.927597
-0.155592 0.927597
-0.152614 0.927597
-0.149636 0.927597
-0.146659 0.927597
-0.139214 0.927597
-0.136236 0.927597
-0.133258 0.927597
-0.121347 0.927597
-0.118369 0.927597
0.011167 0.927597
0.014145 0.927597
0.017123 0.927597
0.020100 0.927597
0.023078 0.927597
0.026056 0.927597
0.029034 0.927597
0.032012 0.927597
0.034990 0.927597
0.037967 0.927597
0.040945 0.927597
0.043923 0.927597
-0.198771 0.926108
-0.195793 0.926108
-0.192815 0.926108
-0.189837 0.926108
-0.186859 0.926108
-0.183882 0.926108
-0.180904 0.926108
-0.177926 0.926108
-0.174948 0.926108
-0.171970 0.926108
-0.168992 0.926108
-0.166015 0.926108
-0.163037 0.926108
-0.160059 0.926108
-0.157081 0.926108
-0.154103 0.926108
-0.151125 0.926108
-0.148148 0.926108
-0.140703 0.926108
-0.137725 0.926108
-0.134747 0.926108
-0.131769 0.926108
-0.118369 0.926108
-0.115391 0.926108
0.012656 0.926108
0.015634 0.926108
0.018611 0.926108
0.021589 0.926108
0.024567 0.926108
0.027545 0.926108
0.030523 0.926108
0.033501 0.926108
0.036479 0.926108
0.039456 0.926108
0.042434 0.926108
-0.200260 0.924619
-0.197282 0.924619
-0.194304 0.924619
-0.191326 0.924619
-0.188348 0.924619
-0.185370 0.924619
-0.182393 0.924619
-0.179415 0.924619
-0.176437 0.924619
-0.173459 0.924619
-0.170481 0.924619
-0.167503 0.924619
-0.164526 0.924619
-0.161548 0.924619
-0.158570 0.924619
-0.155592 0.924619
-0.151125 0.924619
-0.148148 0.924619
-0.142192 0.924619
-0.139214 0.924619
-0.136236 0.924619
-0.131769 0.924619
-0.115391 0.924619
-0.112413 0.924619
0.012656 0.924619
0.015634 0.924619
0.018611 0.924619
0.021589 0.924619
0.024567 0.924619
0.027545 0.924619
0.030523 0.924619
0.033501 0.924619
0.036479 0.924619
0.039456 0.924619
0.042434 0.924619
-0.198771 0.923130
-0.195793 0.923130
-0.192815 0.923130
-0.189837 0.923130
-0.186859 0.923130
-0.183882 0.923130
-0.180904 0.923130
-0.177926 0.923130
-0.174948 0.923130
-0.171970 0.923130
-0.168992 0.923130
-0.166015 0.923130
-0.163037 0.923130
-0.160059 0.923130
-0.157081 0.923130
-0.154103 0.923130
-0.148148 0.923130
-0.145170 0.923130
-0.140703 0.923130
-0.136236 0.923130
-0.130280 0.923130
-0.026056 0.923130
-0.021589 0.923130
-0.018611 0.923130
-0.015634 0.923130
-0.012656 0.923130
0.014145 0.923130
0.017123 0.923130
0.020100 0.923130
0.023078 0.923130
0.026056 0.923130
0.029034 0.923130
0.032012 0.923130
0.034990 0.923130
0.037967 0.923130
0.040945 0.923130
0.043923 0.923130
-0.197282 0.921641
-0.194304 0.921641
-0.191326 0.921641
-0.188348 0.921641
-0.185370 0.921641
-0.182393 0.921641
-0.179415 0.921641
-0.176437 0.921641
-0.173459 0.921641
-0.170481 0.921641
-0.167503 0.921641
-0.164526 0.921641
-0.161548 0.921641
-0.158570 0.921641
-0.155592 0.921641
-0.152614 0.921641
-0.148148 0.921641
-0.145170 0.921641
-0.142192 0.921641
-0.137725 0.921641
-0.134747 0.921641
-0.029034 0.921641
-0.026056 0.921641
-0.023078 0.921641
-0.020100 0.921641
-0.017123 0.921641
-0.014145 0.921641
-0.011167 0.921641
-0.008189 0.921641
0.015634 0.921641
0.018611 0.921641
0.021589 0.921641
0.024567 0.921641
0.027545 0.921641
0.030523 0.921641
0.033501 0.921641
0.036479 0.921641
0.039456 0.921641
0.042434 0.921641
-0.198771 0.920152
-0.195793 0.920152
-0.192815 0.920152
-0.189837 0.920152
-0.186859 0.920152
-0.183882 0.920152
-0.180904 0.920152
-0.177926 0.920152
-0.174948 0.920152
-0.171970 0.920152
-0.168992 0.920152
-0.166015 0.920152
-0.163037 0.920152
-0.160059 0.920152
-0.157081 0.920152
-0.154103 0.920152
-0.151125 0.920152
-0.148148 0.920152
-0.145170 0.920152
-0.140703 0.920152
-0.134747 0.920152
-0.032012 0.920152
-0.029034 0.920152
-0.026056 0.920152
-0.023078 0.920152
-0.020100 0.920152
-0.017123 0.920152
-0.014145 0.920152
-0.011167 0.920152
-0.008189 0.920152
-0.005211 0.920152
0.017123 0.920152
0.020100 0.920152
0.023078 0.920152
0.026056 0.920152
0.029034 0.920152
0.032012 0.920152
0.034990 0.920152
0.037967 0.920152
0.040945 0.920152
0.043923 0.920152
-0.197282 0.918663
-0.194304 0.918663
-0.191326 0.918663
-0.188348 0.918663
-0.185370 0.918663
-0.182393 0.918663
-0.179415 0.918663
-0.176437 0.918663
-0.173459 0.918663
-0.170481 0.918663
-0.167503 0.918663
-0.164526 0.918663
-0.161548 0.918663
-0.158570 0.918663
-0.155592 0.918663
-0.152614 0.918663
-0.149636 0.918663
-0.146659 0.918663
-0.143681 0.918663
-0.140703 0.918663
-0.134747 0.918663
-0.037967 0.918663
-0.034990 0.918663
-0.032012 0.918663
-0.029034 0.918663
-0.026056 0.918663
-0.023078 0.918663
-0.020100 0.918663
-0.017123 0.918663
-0.014145 0.918663
-0.011167 0.918663
-0.008189 0.918663
-0.005211 0.918663
0.015634 0.918663
0.018611 0.918663
0.021589 0.918663
0.024567 0.918663
0.027545 0.918663
0.030523 0.918663
0.033501 0.918663
0.036479 0.918663
0.039456 0.918663
0.042434 0.918663
-0.200260 0.917175
-0.197282 0.917175
-0.194304 0.917175
-0.191326 0.917175
-0.188348 0.917175
-0.185370 0.917175
-0.182393 0.917175
-0.179415 0.917175
-0.176437 0.917175
-0.173459 0.917175
-0.170481 0.917175
-0.167503 0.917175
-0.164526 0.917175
-0.161548 0.917175
-0.155592 0.917175
-0.152614 0.917175
-0.149636 0.917175
-0.146659 0.917175
-0.143681 0.917175
-0.133258 0.917175
-0.042434 0.917175
-0.039456 0.917175
-0.036479 0.917175
-0.033501 0.917175
-0.030523 0.917175
-0.027545 0.917175
-0.024567 0.917175
-0.021589 0.917175
-0.018611 0.917175
-0.015634 0.917175
-0.012656 0.917175
-0.009678 0.917175
-0.006700 0.917175
-0.003722 0.917175
0.015634 0.917175
0.018611 0.917175
0.021589 0.917175
0.024567 0.917175
0.027545 0.917175
0.030523 0.917175
0.033501 0.917175
0.036479 0.917175
0.039456 0.917175
0.042434 0.917175
-0.200260 0.915686
-0.197282 0.915686
-0.194304 0.915686
-0.191326 0.915686
-0.188348 0.915686
-0.185370 0.915686
-0.182393 0.915686
-0.179415 0.915686
-0.176437 0.915686
-0.173459 0.915686
-0.170481 0.915686
-0.167503 0.915686
-0.164526 0.915686
-0.161548 0.915686
-0.151125 0.915686
-0.148148 0.915686
-0.145170 0.915686
-0.142192 0.915686
-0.046901 0.915686
-0.043923 0.915686
-0.040945 0.915686
-0.037967 0.915686
-0.034990 0.915686
-0.032012 0.915686
-0.029034 0.915686
-0.026056 0.915686
-0.023078 0.915686
-0.020100 0.915686
-0.017123 0.915686
-0.014145 0.915686
-0.011167 0.915686
-0.008189 0.915686
-0.005211 0.915686
-0.002233 0.915686
0.000744 0.915686
0.018611 0.915686
0.021589 0.915686
0.024567 0.915686
0.027545 0.915686
0.030523 0.915686
0.033501 0.915686
0.036479 0.915686
0.039456 0.915686
0.042434 0.915686
-0.200260 0.914197
-0.197282 0.914197
-0.194304 0.914197
-0.191326 0.914197
-0.188348 0.914197
-0.185370 0.914197
-0.182393 0.914197
-0.179415 0.914197
-0.176437 0.914197
-0.173459 0.914197
-0.170481 0.914197
-0.167503 0.914197
-0.164526 0.914197
-0.161548 0.914197
-0.158570 0.914197
-0.151125 0.914197
-0.148148 0.914197
-0.145170 0.914197
-0.142192 0.914197
-0.058812 0.914197
-0.051368 0.914197
-0.048390 0.914197
-0.045412 0.914197
-0.042434 0.914197
-0.039456 0.914197
-0.036479 0.914197
-0.033501 0.914197
-0.030523 0.914197
-0.027545 0.914197
-0.024567 0.914197
-0.021589 0.914197
-0.018611 0.914197
-0.015634 0.914197
-0.012656 0.914197
-0.009678 0.914197
-0.006700 0.914197
-0.003722 0.914197
-0.000744 0.914197
0.002233 0.914197
0.017123 0.914197
0.020100 0.914197
0.023078 0.914197
0.026056 0.914197
0.029034 0.914197
0.032012 0.914197
0.034990 0.914197
0.037967 0.914197
0.040945 0.914197
0.043923 0.914197
-0.197282 0.912708
-0.194304 0.912708
-0.191326 0.912708
-0.188348 0.912708
-0.185370 0.912708
-0.182393 0.912708
-0.179415 0.912708
-0.176437 0.912708
-0.173459 0.912708
-0.170481 0.912708
-0.167503 0.912708
-0.164526 0.912708
-0.161548 0.912708
-0.158570 0.912708
-0.155592 0.912708
-0.152614 0.912708
-0.143681 0.912708
-0.140703 0.912708
-0.133258 0.912708
-0.130280 0.912708
-0.127303 0.912708
-0.124325 0.912708
-0.057323 0.912708
-0.054346 0.912708
-0.051368 0.912708
-0.048390 0.912708
-0.045412 0.912708
-0.042434 0.912708
-0.039456 0.912708
-0.036479 0.912708
-0.033501 0.912708
-0.030523 0.912708
-0.027545 0.912708
-0.024567 0.912708
-0.021589 0.912708
-0.018611 0.912708
-0.015634 0.912708
-0.012656 0.912708
-0.009678 0.912708
-0.006700 0.912708
-0.003722 0.912708
-0.000744 0.912708
0.002233 0.912708
0.005211 0.912708
0.020100 0.912708
0.023078 0.912708
0.026056 0.912708
0.029034 0.912708
0.032012 0.912708
0.034990 0.912708
0.037967 0.912708
0.040945 0.912708
0.043923 0.912708
-0.197282 0.911219
-0.194304 0.911219
-0.191326 0.911219
-0.188348 0.911219
-0.185370 0.911219
-0.182393 0.911219
-0.179415 0.911219
-0.176437 0.911219
-0.173459 0.911219
-0.170481 0.911219
-0.167503 0.911219
-0.164526 0.911219
-0.161548 0.911219
-0.158570 0.911219
-0.155592 0.911219
-0.140703 0.911219
-0.137725 0.911219
-0.134747 0.911219
-0.131769 0.911219
-0.128792 0.911219
-0.125814 0.911219
-0.122836 0.911219
-0.058812 0.911219
-0.055834 0.911219
-0.052857 0.911219
-0.049879 0.911219
-0.046901 0.911219
-0.043923 0.911219
-0.040945 0.911219
-0.037967 0.911219
-0.034990 0.911219
-0.032012 0.911219
-0.029034 0.911219
-0.026056 0.911219
-0.023078 0.911219
-0.020100 0.911219
-0.017123 0.911219
-0.014145 0.911219
-0.011167 0.911219
-0.008189 0.911219
-0.005211 0.911219
-0.002233 0.911219
0.000744 0.911219
0.003722 0.911219
0.020100 0.911219
0.023078 0.911219
0.026056 0.911219
0.029034 0.911219
0.032012 0.911219
0.034990 0.911219
0.037967 0.911219
0.040945 0.911219
0.043923 0.911219
-0.197282 0.909730
-0.194304 0.909730
-0.191326 0.909730
-0.188348 0.909730
-0.185370 0.909730
-0.182393 0.909730
-0.179415 0.909730
-0.176437 0.909730
-0.173459 0.909730
-0.170481 0.909730
-0.167503 0.909730
-0.164526 0.909730
-0.161548 0.909730
-0.137725 0.909730
-0.134747 0.909730
-0.131769 0.909730
-0.128792 0.909730
-0.125814 0.909730
-0.122836 0.909730
-0.119858 0.909730
-0.116880 0.909730
-0.113902 0.909730
-0.110925 0.909730
-0.067746 0.909730
-0.060301 0.909730
-0.057323 0.909730
-0.054346 0.909730
-0.051368 0.909730
-0.048390 0.909730
-0.045412 0.909730
-0.042434 0.909730
-0.039456 0.909730
-0.036479 0.909730
-0.033501 0.909730
-0.030523 0.909730
-0.027545 0.909730
-0.024567 0.909730
-0.021589 0.909730
-0.018611 0.909730
-0.015634 0.909730
-0.012656 0.909730
-0.009678 0.909730
-0.006700 0.909730
-0.003722 0.909730
-0.000744 0.909730
0.002233 0.909730
0.005211 0.909730
0.020100 0.909730
0.023078 0.909730
0.026056 0.909730
0.029034 0.909730
0.032012 0.909730
0.034990 0.909730
0.037967 0.909730
0.040945 0.909730
0.043923 0.909730
-0.197282 0.908241
-0.194304 0.908241
-0.191326 0.908241
-0.188348 0.908241
-0.185370 0.908241
-0.182393 0.908241
-0.179415 0.908241
-0.176437 0.908241
-0.173459 0.908241
-0.170481 0.908241
-0.167503 0.908241
-0.164526 0.908241
-0.161548 0.908241
-0.140703 0.908241
-0.137725 0.908241
-0.134747 0.908241
-0.131769 0.908241
-0.128792 0.908241
-0.125814 0.908241
-0.122836 0.908241
-0.119858 0.908241
-0.116880 0.908241
-0.113902 0.908241
-0.110925 0.908241
-0.107947 0.908241
-0.104969 0.908241
-0.101991 0.908241
-0.099013 0.908241
-0.081146 0.908241
-0.070724 0.908241
-0.067746 0.908241
-0.063279 0.908241
-0.060301 0.908241
-0.057323 0.908241
-0.054346 0.908241
-0.051368 0.908241
-0.048390 0.908241
-0.045412 0.908241
-0.042434 0.908241
-0.039456 0.908241
-0.036479 0.908241
-0.033501 0.908241
-0.030523 0.908241
-0.027545 0.908241
-0.024567 0.908241
-0.021589 0.908241
-0.018611 0.908241
-0.015634 0.908241
-0.012656 0.908241
-0.009678 0.908241
-0.006700 0.908241
-0.003722 0.908241
-0.000744 0.908241
0.002233 0.908241
0.005211 0.908241
0.008189 0.908241
0.021589 0.908241
0.024567 0.908241
0.027545 0.908241
0.030523 0.908241
0.033501 0.908241
0.036479 0.908241
0.039456 0.908241
0.042434 0.908241
-0.198771 0.906752
-0.195793 0.906752
-0.192815 0.906752
-0.189837 0.906752
-0.186859 0.906752
-0.183882 0.906752
-0.180904 0.906752
-0.177926 0.906752
-0.174948 0.906752
-0.171970 0.906752
-0.168992 0.906752
-0.166015 0.906752
-0.163037 0.906752
-0.143681 0.906752
-0.140703 0.906752
-0.137725 0.906752
-0.134747 0.906752
-0.131769 0.906752
-0.128792 0.906752
-0.125814 0.906752
-0.122836 0.906752
-0.119858 0.906752
-0.116880 0.906752
-0.113902 0.906752
-0.110925 0.906752
-0.107947 0.906752
-0.104969 0.906752
-0.101991 0.906752
-0.099013 0.906752
-0.096035 0.906752
-0.093057 0.906752
-0.090080 0.906752
-0.081146 0.906752
-0.069235 0.906752
-0.066257 0.906752
-0.063279 0.906752
-0.060301 0.906752
-0.057323 0.906752
-0.054346 0.906752
-0.051368 0.906752
-0.048390 0.906752
-0.045412 0.906752
-0.042434 0.906752
-0.039456 0.906752
-0.036479 0.906752
-0.033501 0.906752
-0.030523 0.906752
-0.027545 0.906752
-0.020100 0.906752
-0.017123 0.906752
-0.008189 0.906752
-0.005211 0.906752
-0.002233 0.906752
0.000744 0.906752
0.003722 0.906752
0.006700 0.906752
0.020100 0.906752
0.023078 0.906752
0.026056 0.906752
0.029034 0.906752
0.032012 0.906752
0.034990 0.906752
0.037967 0.906752
0.040945 0.906752
0.043923 0.906752
-0.197282 0.905263
-0.194304 0.905263
-0.191326 0.905263
-0.188348 0.905263
-0.185370 0.905263
-0.182393 0.905263
-0.179415 0.905263
-0.176437 0.905263
-0.173459 0.905263
-0.170481 0.905263
-0.167503 0.905263
-0.164526 0.905263
-0.161548 0.905263
-0.143681 0.905263
-0.140703 0.905263
-0.137725 0.905263
-0.134747 0.905263
-0.131769 0.905263
-0.128792 0.905263
-0.125814 0.905263
-0.122836 0.905263
-0.119858 0.905263
-0.116880 0.905263
-0.113902 0.905263
-0.110925 0.905263
-0.107947 0.905263
-0.104969 0.905263
-0.101991 0.905263
-0.099013 0.905263
-0.096035 0.905263
-0.093057 0.905263
-0.090080 0.905263
-0.087102 0.905263
-0.084124 0.905263
-0.081146 0.905263
-0.069235 0.905263
-0.066257 0.905263
-0.063279 0.905263
-0.060301 0.905263
-0.057323 0.905263
-0.054346 0.905263
-0.051368 0.905263
-0.048390 0.905263
-0.045412 0.905263
-0.042434 0.905263
-0.039456 0.905263
-0.036479 0.905263
-0.033501 0.905263
-0.030523 0.905263
-0.027545 0.905263
-0.006700 0.905263
-0.003722 0.905263
-0.000744 0.905263
0.002233 0.905263
0.005211 0.905263
0.008189 0.905263
0.021589 0.905263
0.024567 0.905263
0.027545 0.905263
0.030523 0.905263
0.033501 0.905263
0.036479 0.905263
0.039456 0.905263
0.042434 0.905263
-0.197282 0.903774
-0.194304 0.903774
-0.191326 0.903774
-0.188348 0.903774
-0.185370 0.903774
-0.182393 0.903774
-0.179415 0.903774
-0.176437 0.903774
-0.173459 0.903774
-0.170481 0.903774
-0.167503 0.903774
-0.164526 0.903774
-0.146659 0.903774
-0.143681 0.903774
-0.140703 0.903774
-0.137725 0.903774
-0.134747 0.903774
-0.131769 0.903774
-0.128792 0.903774
-0.125814 0.903774
-0.122836 0.903774
-0.119858 0.903774
-0.116880 0.903774
-0.113902 0.903774
-0.110925 0.903774
-0.107947 0.903774
-0.104969 0.903774
-0.101991 0.903774
-0.099013 0.903774
-0.096035 0.903774
-0.093057 0.903774
-0.090080 0.903774
-0.087102 0.903774
-0.084124 0.903774
-0.081146 0.903774
-0.076679 0.903774
-0.073702 0.903774
-0.070724 0.903774
-0.067746 0.903774
-0.064768 0.903774
-0.061790 0.903774
-0.058812 0.903774
-0.055834 0.903774
-0.052857 0.903774
-0.049879 0.903774
-0.046901 0.903774
-0.043923 0.903774
-0.040945 0.903774
-0.037967 0.903774
-0.034990 0.903774
-0.002233 0.903774
0.000744 0.903774
0.003722 0.903774
0.006700 0.903774
0.009678 0.903774
0.023078 0.903774
0.026056 0.903774
0.029034 0.903774
0.032012 0.903774
0.034990 0.903774
0.037967 0.903774
0.040945 0.903774
0.043923 0.903774
-0.195793 0.902285
-0.192815 0.902285
-0.189837 0.902285
-0.186859 0.902285
-0.183882 0.902285
-0.180904 0.902285
-0.177926 0.902285
-0.174948 0.902285
-0.171970 0.902285
-0.168992 0.902285
-0.166015 0.902285
-0.163037 0.902285
-0.146659 0.902285
-0.143681 0.902285
-0.140703 0.902285
-0.137725 0.902285
-0.134747 0.902285
-0.131769 0.902285
-0.128792 0.902285
-0.125814 0.902285
-0.122836 0.902285
-0.119858 0.902285
-0.116880 0.902285
-0.113902 0.902285
-0.110925 0.902285
-0.107947 0.902285
-0.104969 0.902285
-0.101991 0.902285
-0.099013 0.902285
-0.096035 0.902285
-0.093057 0.902285
-0.090080 0.902285
-0.087102 0.902285
-0.084124 0.902285
-0.081146 0.902285
-0.078168 0.902285
-0.075190 0.902285
-0.072213 0.902285
-0.069235 0.902285
-0.064768 0.902285
-0.061790 0.902285
-0.058812 0.902285
-0.055834 0.902285
-0.052857 0.902285
-0.049879 0.902285
-0.046901 0.902285
-0.043923 0.902285
-0.040945 0.902285
-0.037967 0.902285
-0.034990 0.902285
-0.000744 0.902285
0.002233 0.902285
0.005211 0.902285
0.008189 0.902285
0.011167 0.902285
0.024567 0.902285
0.027545 0.902285
0.030523 0.902285
0.033501 0.902285
0.036479 0.902285
0.039456 0.902285
0.042434 0.902285
-0.197282 0.900796
-0.194304 0.900796
-0.191326 0.900796
-0.188348 0.900796
-0.185370 0.900796
-0.182393 0.900796
-0.179415 0.900796
-0.176437 0.900796
-0.173459 0.900796
-0.170481 0.900796
-0.167503 0.900796
-0.164526 0.900796
-0.148148 0.900796
-0.145170 0.900796
-0.142192 0.900796
-0.139214 0.900796
-0.136236 0.900796
-0.133258 0.900796
-0.130280 0.900796
-0.127303 0.900796
-0.124325 0.900796
-0.121347 0.900796
-0.118369 0.900796
-0.115391 0.900796
-0.112413 0.900796
-0.109436 0.900796
-0.106458 0.900796
-0.103480 0.900796
-0.100502 0.900796
-0.097524 0.900796
-0.094546 0.900796
-0.091569 0.900796
-0.088591 0.900796
-0.085613 0.900796
-0.082635 0.900796
-0.079657 0.900796
-0.076679 0.900796
-0.073702 0.900796
-0.070724 0.900796
-0.067746 0.900796
-0.063279 0.900796
-0.060301 0.900796
-0.057323 0.900796
-0.054346 0.900796
-0.051368 0.900796
-0.048390 0.900796
-0.045412 0.900796
-0.042434 0.900796
-0.039456 0.900796
-0.036479 0.900796
0.003722 0.900796
0.006700 0.900796
0.009678 0.900796
0.012656 0.900796
0.024567 0.900796
0.027545 0.900796
0.030523 0.900796
0.033501 0.900796
0.036479 0.900796
0.039456 0.900796
0.042434 0.900796
-0.195793 0.899307
-0.192815 0.899307
-0.189837 0.899307
-0.186859 0.899307
-0.183882 0.899307
-0.180904 0.899307
-0.177926 0.899307
-0.174948 0.899307
-0.171970 0.899307
-0.168992 0.899307
-0.166015 0.899307
-0.149636 0.899307
-0.146659 0.899307
-0.143681 0.899307
-0.140703 0.899307
-0.137725 0.899307
-0.134747 0.899307
-0.131769 0.899307
-0.128792 0.899307
-0.125814 0.899307
-0.122836 0.899307
-0.119858 0.899307
-0.116880 0.899307
-0.113902 0.899307
-0.110925 0.899307
-0.107947 0.899307
-0.104969 0.899307
-0.101991 0.899307
-0.099013 0.899307
-0.096035 0.899307
-0.093057 0.899307
-0.090080 0.899307
-0.087102 0.899307
-0.084124 0.899307
-0.079657 0.899307
-0.076679 0.899307
-0.073702 0.899307
-0.070724 0.899307
-0.067746 0.899307
-0.064768 0.899307
-0.061790 0.899307
-0.058812 0.899307
-0.055834 0.899307
-0.052857 0.899307
-0.049879 0.899307
-0.046901 0.899307
-0.043923 0.899307
-0.040945 0.899307
-0.037967 0.899307
0.006700 0.899307
0.009678 0.899307
0.023078 0.899307
0.026056 0.899307
0.029034 0.899307
0.032012 0.899307
0.034990 0.899307
0.037967 0.899307
0.040945 0.899307
0.043923 0.899307
-0.194304 0.897819
-0.191326 0.897819
-0.188348 0.897819
-0.185370 0.897819
-0.182393 0.897819
-0.179415 0.897819
-0.176437 0.897819
-0.173459 0.897819
-0.170481 0.897819
-0.167503 0.897819
-0.164526 0.897819
-0.149636 0.897819
-0.146659 0.897819
-0.143681 0.897819
-0.140703 0.897819
-0.137725 0.897819
-0.134747 0.897819
-0.131769 0.897819
-0.128792 0.897819
-0.125814 0.897819
-0.122836 0.897819
-0.119858 0.897819
-0.116880 0.897819
-0.113902 0.897819
-0.110925 0.897819
-0.107947 0.897819
-0.104969 0.897819
-0.101991 0.897819
-0.099013 0.897819
-0.096035 0.897819
-0.093057 0.897819
-0.090080 0.897819
-0.087102 0.897819
-0.084124 0.897819
-0.078168 0.897819
-0.075190 0.897819
-0.072213 0.897819
-0.066257 0.897819
-0.063279 0.897819
-0.060301 0.897819
-0.057323 0.897819
-0.054346 0.897819
-0.051368 0.897819
-0.048390 0.897819
-0.045412 0.897819
-0.042434 0.897819
-0.039456 0.897819
-0.036479 0.897819
-0.033501 0.897819
-0.030523 0.897819
-0.027545 0.897819
-0.024567 0.897819
-0.021589 0.897819
-0.018611 0.897819
0.005211 0.897819
0.008189 0.897819
0.023078 0.897819
0.026056 0.897819
0.029034 0.897819
0.032012 0.897819
0.034990 0.897819
0.037967 0.897819
0.040945 0.897819
0.043923 0.897819
-0.194304 0.896330
-0.191326 0.896330
-0.188348 0.896330
-0.185370 0.896330
-0.182393 0.896330
-0.179415 0.896330
-0.176437 0.896330
-0.173459 0.896330
-0.170481 0.896330
-0.167503 0.896330
-0.152614 0.896330
-0.149636 0.896330
-0.146659 0.896330
-0.143681 0.896330
-0.140703 0.896330
-0.137725 0.896330
-0.134747 0.896330
-0.131769 0.896330
-0.128792 0.896330
-0.125814 0.896330
-0.122836 0.896330
-0.119858 0.896330
-0.116880 0.896330
-0.113902 0.896330
-0.110925 0.896330
-0.107947 0.896330
-0.104969 0.896330
-0.101991 0.896330
-0.099013 0.896330
-0.096035 0.896330
-0.093057 0.896330
-0.090080 0.896330
-0.087102 0.896330
-0.084124 0.896330
-0.075190 0.896330
-0.072213 0.896330
-0.069235 0.896330
-0.066257 0.896330
-0.063279 0.896330
-0.060301 0.896330
-0.057323 0.896330
-0.054346 0.896330
-0.051368 0.896330
-0.048390 0.896330
-0.045412 0.896330
-0.042434 0.896330
-0.039456 0.896330
-0.036479 0.896330
-0.033501 0.896330
-0.030523 0.896330
-0.027545 0.896330
-0.024567 0.896330
-0.021589 0.896330
-0.018611 0.896330
-0.015634 0.896330
-0.012656 0.896330
0.005211 0.896330
0.023078 0.896330
0.026056 0.896330
0.029034 0.896330
0.032012 0.896330
0.034990 0.896330
0.037967 0.896330
0.040945 0.896330
0.043923 0.896330
-0.194304 0.894841
-0.191326 0.894841
-0.188348 0.894841
-0.185370 0.894841
-0.182393 0.894841
-0.179415 0.894841
-0.176437 0.894841
-0.173459 0.894841
-0.170481 0.894841
-0.167503 0.894841
-0.152614 0.894841
-0.149636 0.894841
-0.146659 0.894841
-0.143681 0.894841
-0.140703 0.894841
-0.137725 0.894841
-0.134747 0.894841
-0.131769 0.894841
-0.128792 0.894841
-0.116880 0.894841
-0.113902 0.894841
-0.110925 0.894841
-0.107947 0.894841
-0.104969 0.894841
-0.101991 0.894841
-0.099013 0.894841
-0.096035 0.894841
-0.093057 0.894841
-0.090080 0.894841
-0.087102 0.894841
-0.084124 0.894841
-0.079657 0.894841
-0.076679 0.894841
-0.073702 0.894841
-0.070724 0.894841
-0.060301 0.894841
-0.057323 0.894841
-0.054346 0.894841
-0.051368 0.894841
-0.048390 0.894841
-0.045412 0.894841
-0.042434 0.894841
-0.039456 0.894841
-0.036479 0.894841
-0.033501 0.894841
-0.030523 0.894841
-0.027545 0.894841
-0.024567 0.894841
-0.021589 0.894841
-0.018611 0.894841
-0.015634 0.894841
-0.012656 0.894841
-0.009678 0.894841
0.024567 0.894841
0.027545 0.894841
0.030523 0.894841
0.033501 0.894841
0.036479 0.894841
0.039456 0.894841
0.042434 0.894841
-0.194304 0.893352
-0.191326 0.893352
-0.188348 0.893352
-0.185370 0.893352
-0.182393 0.893352
-0.179415 0.893352
-0.176437 0.893352
-0.173459 0.893352
-0.170481 0.893352
-0.167503 0.893352
-0.154103 0.893352
-0.151125 0.893352
-0.148148 0.893352
-0.145170 0.893352
-0.142192 0.893352
-0.139214 0.893352
-0.136236 0.893352
-0.110925 0.893352
-0.107947 0.893352
-0.104969 0.893352
-0.101991 0.893352
-0.099013 0.893352
-0.096035 0.893352
-0.093057 0.893352
-0.090080 0.893352
-0.087102 0.893352
-0.084124 0.893352
-0.058812 0.893352
-0.055834 0.893352
-0.052857 0.893352
-0.049879 0.893352
-0.046901 0.893352
-0.043923 0.893352
-0.040945 0.893352
-0.037967 0.893352
-0.034990 0.893352
-0.032012 0.893352
-0.029034 0.893352
-0.026056 0.893352
-0.023078 0.893352
-0.020100 0.893352
-0.017123 0.893352
-0.014145 0.893352
-0.011167 0.893352
-0.008189 0.893352
-0.005211 0.893352
0.024567 0.893352
0.027545 0.893352
0.030523 0.893352
0.033501 0.893352
0.036479 0.893352
0.039456 0.893352
0.042434 0.893352
-0.194304 0.891863
-0.191326 0.891863
-0.188348 0.891863
-0.185370 0.891863
-0.182393 0.891863
-0.179415 0.891863
-0.176437 0.891863
-0.173459 0.891863
-0.170481 0.891863
-0.167503 0.891863
-0.154103 0.891863
-0.151125 0.891863
-0.148148 0.891863
-0.145170 0.891863
-0.142192 0.891863
-0.139214 0.891863
-0.106458 0.891863
-0.103480 0.891863
-0.100502 0.891863
-0.097524 0.891863
-0.094546 0.891863
-0.091569 0.891863
-0.088591 0.891863
-0.085613 0.891863
-0.058812 0.891863
-0.055834 0.891863
-0.052857 0.891863
-0.049879 0.891863
-0.046901 0.891863
-0.043923 0.891863
-0.040945 0.891863
-0.037967 0.891863
-0.034990 0.891863
-0.032012 0.891863
-0.029034 0.891863
-0.026056 0.891863
-0.023078 0.891863
-0.020100 0.891863
-0.017123 0.891863
-0.014145 0.891863
-0.011167 0.891863
-0.008189 0.891863
-0.005211 0.891863
-0.002233 0.891863
0.024567 0.891863
0.027545 0.891863
0.030523 0.891863
0.033501 0.891863
0.036479 0.891863
0.039456 0.891863
0.042434 0.891863
-0.194304 0.890374
-0.191326 0.890374
-0.188348 0.890374
-0.185370 0.890374
-0.182393 0.890374
-0.179415 0.890374
-0.176437 0.890374
-0.173459 0.890374
-0.170481 0.890374
-0.167503 0.890374
-0.152614 0.890374
-0.149636 0.890374
-0.146659 0.890374
-0.143681 0.890374
-0.140703 0.890374
-0.107947 0.890374
-0.104969 0.890374
-0.101991 0.890374
-0.099013 0.890374
-0.096035 0.890374
-0.093057 0.890374
-0.090080 0.890374
-0.087102 0.890374
-0.084124 0.890374
-0.057323 0.890374
-0.054346 0.890374
-0.051368 0.890374
-0.048390 0.890374
-0.045412 0.890374
-0.042434 0.890374
-0.039456 0.890374
-0.036479 0.890374
-0.033501 0.890374
-0.030523 0.890374
-0.027545 0.890374
-0.024567 0.890374
-0.021589 0.890374
-0.018611 0.890374
-0.015634 0.890374
-0.012656 0.890374
-0.009678 0.890374
-0.006700 0.890374
-0.003722 0.890374
-0.000744 0.890374
0.024567 0.890374
0.027545 0.890374
0.030523 0.890374
0.033501 0.890374
0.036479 0.890374
0.039456 0.890374
0.042434 0.890374
-0.192815 0.888885
-0.189837 0.888885
-0.186859 0.888885
-0.183882 0.888885
-0.180904 0.888885
-0.177926 0.888885
-0.174948 0.888885
-0.171970 0.888885
-0.168992 0.888885
-0.166015 0.888885
-0.152614 0.888885
-0.149636 0.888885
-0.146659 0.888885
-0.143681 0.888885
-0.140703 0.888885
-0.115391 0.888885
-0.112413 0.888885
-0.109436 0.888885
-0.106458 0.888885
-0.103480 0.888885
-0.100502 0.888885
-0.097524 0.888885
-0.094546 0.888885
-0.091569 0.888885
-0.088591 0.888885
-0.085613 0.888885
-0.058812 0.888885
-0.055834 0.888885
-0.052857 0.888885
-0.049879 0.888885
-0.046901 0.888885
-0.043923 0.888885
-0.040945 0.888885
-0.036479 0.888885
-0.033501 0.888885
-0.030523 0.888885
-0.027545 0.888885
-0.024567 0.888885
-0.021589 0.888885
-0.015634 0.888885
-0.012656 0.888885
-0.009678 0.888885
-0.006700 0.888885
-0.003722 0.888885
-0.000744 0.888885
0.024567 0.888885
0.027545 0.888885
0.030523 0.888885
0.033501 0.888885
0.036479 0.888885
0.039456 0.888885
0.042434 0.888885
-0.192815 0.887396
-0.189837 0.887396
-0.186859 0.887396
-0.183882 0.887396
-0.180904 0.887396
-0.177926 0.887396
-0.174948 0.887396
-0.171970 0.887396
-0.168992 0.887396
-0.166015 0.887396
-0.154103 0.887396
-0.151125 0.887396
-0.148148 0.887396
-0.145170 0.887396
-0.119858 0.887396
-0.116880 0.887396
-0.113902 0.887396
-0.110925 0.887396
-0.107947 0.887396
-0.104969 0.887396
-0.101991 0.887396
-0.099013 0.887396
-0.096035 0.887396
-0.093057 0.887396
-0.090080 0.887396
-0.087102 0.887396
-0.084124 0.887396
-0.058812 0.887396
-0.055834 0.887396
-0.052857 0.887396
-0.049879 0.887396
-0.046901 0.887396
-0.043923 0.887396
-0.040945 0.887396
-0.033501 0.887396
-0.030523 0.887396
-0.027545 0.887396
-0.024567 0.887396
-0.021589 0.887396
-0.015634 0.887396
-0.012656 0.887396
-0.009678 0.887396
-0.006700 0.887396
-0.003722 0.887396
-0.000744 0.887396
0.024567 0.887396
0.027545 0.887396
0.030523 0.887396
0.033501 0.887396
0.036479 0.887396
0.039456 0.887396
0.042434 0.887396
-0.192815 0.885907
-0.189837 0.885907
-0.186859 0.885907
-0.183882 0.885907
-0.180904 0.885907
-0.177926 0.885907
-0.174948 0.885907
-0.171970 0.885907
-0.168992 0.885907
-0.166015 0.885907
-0.154103 0.885907
-0.151125 0.885907
-0.148148 0.885907
-0.145170 0.885907
-0.127303 0.885907
-0.124325 0.885907
-0.121347 0.885907
-0.118369 0.885907
-0.115391 0.885907
-0.112413 0.885907
-0.109436 0.885907
-0.106458 0.885907
-0.103480 0.885907
-0.100502 0.885907
-0.097524 0.885907
-0.094546 0.885907
-0.091569 0.885907
-0.088591 0.885907
-0.085613 0.885907
-0.060301 0.885907
-0.057323 0.885907
-0.054346 0.885907
-0.051368 0.885907
-0.048390 0.885907
-0.045412 0.885907
-0.042434 0.885907
-0.034990 0.885907
-0.032012 0.885907
-0.029034 0.885907
-0.026056 0.885907
-0.023078 0.885907
-0.020100 0.885907
-0.017123 0.885907
-0.014145 0.885907
-0.011167 0.885907
-0.008189 0.885907
-0.005211 0.885907
0.024567 0.885907
0.027545 0.885907
0.030523 0.885907
0.033501 0.885907
0.036479 0.885907
0.039456 0.885907
0.042434 0.885907
0.045412 0.885907
-0.191326 0.884418
-0.188348 0.884418
-0.185370 0.884418
-0.182393 0.884418
-0.179415 0.884418
-0.176437 0.884418
-0.173459 0.884418
-0.170481 0.884418
-0.167503 0.884418
-0.151125 0.884418
-0.148148 0.884418
-0.145170 0.884418
-0.128792 0.884418
-0.125814 0.884418
-0.122836 0.884418
-0.119858 0.884418
-0.116880 0.884418
-0.113902 0.884418
-0.110925 0.884418
-0.107947 0.884418
-0.104969 0.884418
-0.101991 0.884418
-0.099013 0.884418
-0.096035 0.884418
-0.093057 0.884418
-0.090080 0.884418
-0.087102 0.884418
-0.084124 0.884418
-0.061790 0.884418
-0.057323 0.884418
-0.054346 0.884418
-0.049879 0.884418
-0.046901 0.884418
-0.043923 0.884418
-0.040945 0.884418
-0.037967 0.884418
-0.034990 0.884418
-0.032012 0.884418
-0.029034 0.884418
-0.026056 0.884418
-0.023078 0.884418
-0.020100 0.884418
-0.017123 0.884418
0.027545 0.884418
0.030523 0.884418
0.033501 0.884418
0.036479 0.884418
0.039456 0.884418
0.043923 0.884418
-0.192815 0.882929
-0.189837 0.882929
-0.186859 0.882929
-0.183882 0.882929
-0.180904 0.882929
-0.177926 0.882929
-0.174948 0.882929
-0.171970 0.882929
-0.168992 0.882929
-0.154103 0.882929
-0.151125 0.882929
-0.131769 0.882929
-0.128792 0.882929
-0.125814 0.882929
-0.122836 0.882929
-0.119858 0.882929
-0.116880 0.882929
-0.113902 0.882929
-0.110925 0.882929
-0.107947 0.882929
-0.104969 0.882929
-0.101991 0.882929
-0.099013 0.882929
-0.096035 0.882929
-0.093057 0.882929
-0.090080 0.882929
-0.087102 0.882929
-0.084124 0.882929
-0.060301 0.882929
-0.057323 0.882929
-0.054346 0.882929
-0.049879 0.882929
-0.046901 0.882929
-0.043923 0.882929
-0.040945 0.882929
-0.037967 0.882929
-0.034990 0.882929
-0.032012 0.882929
-0.029034 0.882929
-0.026056 0.882929
-0.023078 0.882929
0.027545 0.882929
0.030523 0.882929
0.033501 0.882929
0.036479 0.882929
0.039456 0.882929
0.045412 0.882929
-0.189837 0.881440
-0.186859 0.881440
-0.183882 0.881440
-0.180904 0.881440
-0.177926 0.881440
-0.174948 0.881440
-0.171970 0.881440
-0.168992 0.881440
-0.136236 0.881440
-0.133258 0.881440
-0.130280 0.881440
-0.127303 0.881440
-0.124325 0.881440
-0.121347 0.881440
-0.118369 0.881440
-0.115391 0.881440
-0.112413 0.881440
-0.109436 0.881440
-0.106458 0.881440
-0.101991 0.881440
-0.099013 0.881440
-0.096035 0.881440
-0.093057 0.881440
-0.090080 0.881440
-0.087102 0.881440
-0.084124 0.881440
-0.058812 0.881440
-0.055834 0.881440
-0.052857 0.881440
-0.049879 0.881440
-0.046901 0.881440
-0.043923 0.881440
-0.040945 0.881440
-0.037967 0.881440
-0.034990 0.881440
0.026056 0.881440
0.029034 0.881440
0.032012 0.881440
0.034990 0.881440
0.037967 0.881440
0.040945 0.881440
0.045412 0.881440
-0.189837 0.879952
-0.186859 0.879952
-0.183882 0.879952
-0.180904 0.879952
-0.177926 0.879952
-0.174948 0.879952
-0.171970 0.879952
-0.168992 0.879952
-0.137725 0.879952
-0.134747 0.879952
-0.131769 0.879952
-0.128792 0.879952
-0.125814 0.879952
-0.121347 0.879952
-0.118369 0.879952
-0.115391 0.879952
-0.112413 0.879952
-0.109436 0.879952
-0.100502 0.879952
-0.097524 0.879952
-0.094546 0.879952
-0.091569 0.879952
-0.088591 0.879952
-0.085613 0.879952
-0.058812 0.879952
-0.055834 0.879952
-0.052857 0.879952
-0.049879 0.879952
-0.046901 0.879952
-0.043923 0.879952
-0.040945 0.879952
-0.037967 0.879952
-0.034990 0.879952
-0.032012 0.879952
-0.029034 0.879952
-0.026056 0.879952
0.027545 0.879952
0.030523 0.879952
0.033501 0.879952
0.036479 0.879952
0.039456 0.879952
0.042434 0.879952
0.046901 0.879952
-0.188348 0.878463
-0.185370 0.878463
-0.182393 0.878463
-0.179415 0.878463
-0.176437 0.878463
-0.173459 0.878463
-0.170481 0.878463
-0.167503 0.878463
-0.137725 0.878463
-0.134747 0.878463
-0.131769 0.878463
-0.128792 0.878463
-0.121347 0.878463
-0.118369 0.878463
-0.115391 0.878463
-0.112413 0.878463
-0.109436 0.878463
-0.106458 0.878463
-0.103480 0.878463
-0.100502 0.878463
-0.097524 0.878463
-0.094546 0.878463
-0.091569 0.878463
-0.087102 0.878463
-0.084124 0.878463
-0.055834 0.878463
-0.052857 0.878463
-0.048390 0.878463
-0.045412 0.878463
-0.042434 0.878463
-0.039456 0.878463
-0.036479 0.878463
-0.033501 0.878463
-0.030523 0.878463
-0.026056 0.878463
-0.023078 0.878463
-0.020100 0.878463
-0.017123 0.878463
0.026056 0.878463
0.029034 0.878463
0.032012 0.878463
0.034990 0.878463
0.037967 0.878463
0.040945 0.878463
0.045412 0.878463
-0.189837 0.876974
-0.186859 0.876974
-0.183882 0.876974
-0.180904 0.876974
-0.177926 0.876974
-0.174948 0.876974
-0.171970 0.876974
-0.168992 0.876974
-0.142192 0.876974
-0.139214 0.876974
-0.136236 0.876974
-0.133258 0.876974
-0.130280 0.876974
-0.127303 0.876974
-0.118369 0.876974
-0.115391 0.876974
-0.112413 0.876974
-0.109436 0.876974
-0.106458 0.876974
-0.103480 0.876974
-0.100502 0.876974
-0.097524 0.876974
-0.094546 0.876974
-0.091569 0.876974
-0.088591 0.876974
-0.085613 0.876974
-0.054346 0.876974
-0.048390 0.876974
-0.045412 0.876974
-0.042434 0.876974
-0.039456 0.876974
-0.036479 0.876974
-0.033501 0.876974
-0.030523 0.876974
-0.027545 0.876974
-0.024567 0.876974
-0.021589 0.876974
-0.018611 0.876974
0.027545 0.876974
0.030523 0.876974
0.033501 0.876974
0.036479 0.876974
0.039456 0.876974
0.042434 0.876974
0.046901 0.876974
-0.188348 0.875485
-0.185370 0.875485
-0.182393 0.875485
-0.179415 0.875485
-0.176437 0.875485
-0.173459 0.875485
-0.170481 0.875485
-0.167503 0.875485
-0.143681 0.875485
-0.140703 0.875485
-0.137725 0.875485
-0.134747 0.875485
-0.131769 0.875485
-0.128792 0.875485
-0.125814 0.875485
-0.122836 0.875485
-0.119858 0.875485
-0.116880 0.875485
-0.113902 0.875485
-0.110925 0.875485
-0.107947 0.875485
-0.104969 0.875485
-0.101991 0.875485
-0.099013 0.875485
-0.096035 0.875485
-0.093057 0.875485
-0.090080 0.875485
-0.087102 0.875485
-0.052857 0.875485
-0.045412 0.875485
-0.042434 0.875485
-0.039456 0.875485
-0.036479 0.875485
-0.033501 0.875485
-0.030523 0.875485
-0.027545 0.875485
0.026056 0.875485
0.029034 0.875485
0.032012 0.875485
0.034990 0.875485
0.037967 0.875485
0.040945 0.875485
0.045412 0.875485
-0.188348 0.873996
-0.185370 0.873996
-0.182393 0.873996
-0.179415 0.873996
-0.176437 0.873996
-0.173459 0.873996
-0.170481 0.873996
-0.167503 0.873996
-0.143681 0.873996
-0.140703 0.873996
-0.137725 0.873996
-0.134747 0.873996
-0.131769 0.873996
-0.128792 0.873996
-0.125814 0.873996
-0.122836 0.873996
-0.119858 0.873996
-0.116880 0.873996
-0.113902 0.873996
-0.109436 0.873996
-0.106458 0.873996
-0.103480 0.873996
-0.100502 0.873996
-0.097524 0.873996
-0.094546 0.873996
-0.091569 0.873996
-0.088591 0.873996
-0.052857 0.873996
-0.042434 0.873996
-0.039456 0.873996
0.027545 0.873996
0.030523 0.873996
0.033501 0.873996
0.036479 0.873996
0.039456 0.873996
0.042434 0.873996
0.046901 0.873996
-0.186859 0.872507
-0.183882 0.872507
-0.180904 0.872507
-0.177926 0.872507
-0.174948 0.872507
-0.171970 0.872507
-0.168992 0.872507
-0.143681 0.872507
-0.140703 0.872507
-0.137725 0.872507
-0.112413 0.872507
-0.109436 0.872507
-0.106458 0.872507
-0.103480 0.872507
-0.100502 0.872507
-0.097524 0.872507
-0.094546 0.872507
-0.091569 0.872507
-0.037967 0.872507
0.029034 0.872507
0.032012 0.872507
0.034990 0.872507
0.037967 0.872507
0.040945 0.872507
0.043923 0.872507
0.046901 0.872507
-0.186859 0.871018
-0.183882 0.871018
-0.180904 0.871018
-0.177926 0.871018
-0.174948 0.871018
-0.171970 0.871018
-0.168992 0.871018
-0.118369 0.871018
-0.115391 0.871018
-0.112413 0.871018
-0.109436 0.871018
-0.106458 0.871018
-0.103480 0.871018
-0.100502 0.871018
-0.097524 0.871018
-0.094546 0.871018
-0.091569 0.871018
0.029034 0.871018
0.032012 0.871018
0.034990 0.871018
0.037967 0.871018
0.040945 0.871018
0.043923 0.871018
0.046901 0.871018
-0.186859 0.869529
-0.183882 0.869529
-0.180904 0.869529
-0.177926 0.869529
-0.174948 0.869529
-0.171970 0.869529
-0.168992 0.869529
-0.128792 0.869529
-0.125814 0.869529
-0.122836 0.869529
-0.119858 0.869529
-0.116880 0.869529
-0.110925 0.869529
-0.107947 0.869529
-0.104969 0.869529
-0.101991 0.869529
-0.099013 0.869529
-0.094546 0.869529
0.027545 0.869529
0.030523 0.869529
0.033501 0.869529
0.036479 0.869529
0.039456 0.869529
0.042434 0.869529
0.045412 0.869529
-0.186859 0.868040
-0.183882 0.868040
-0.180904 0.868040
-0.177926 0.868040
-0.174948 0.868040
-0.171970 0.868040
-0.168992 0.868040
-0.128792 0.868040
-0.125814 0.868040
-0.122836 0.868040
-0.113902 0.868040
-0.110925 0.868040
-0.107947 0.868040
-0.104969 0.868040
-0.101991 0.868040
-0.097524 0.868040
0.029034 0.868040
0.032012 0.868040
0.034990 0.868040
0.039456 0.868040
0.042434 0.868040
0.045412 0.868040
-0.186859 0.866551
-0.183882 0.866551
-0.180904 0.866551
-0.177926 0.866551
-0.174948 0.866551
-0.171970 0.866551
-0.168992 0.866551
-0.116880 0.866551
-0.113902 0.866551
-0.110925 0.866551
-0.107947 0.866551
-0.104969 0.866551
-0.101991 0.866551
0.029034 0.866551
0.032012 0.866551
0.034990 0.866551
0.039456 0.866551
0.042434 0.866551
0.045412 0.866551
-0.186859 0.865062
-0.183882 0.865062
-0.180904 0.865062
-0.177926 0.865062
-0.174948 0.865062
-0.171970 0.865062
-0.168992 0.865062
-0.119858 0.865062
-0.116880 0.865062
-0.113902 0.865062
-0.110925 0.865062
-0.107947 0.865062
-0.104969 0.865062
0.029034 0.865062
0.032012 0.865062
0.034990 0.865062
0.040945 0.865062
0.043923 0.865062
0.046901 0.865062
-0.185370 0.863573
-0.179415 0.863573
-0.176437 0.863573
-0.173459 0.863573
-0.170481 0.863573
-0.167503 0.863573
0.029034 0.863573
0.032012 0.863573
0.034990 0.863573
0.040945 0.863573
0.043923 0.863573
0.046901 0.863573
-0.185370 0.862084
-0.179415 0.862084
-0.176437 0.862084
-0.173459 0.862084
-0.170481 0.862084
-0.167503 0.862084
-0.052857 0.862084
0.029034 0.862084
0.032012 0.862084
0.034990 0.862084
0.040945 0.862084
0.043923 0.862084
0.046901 0.862084
-0.185370 0.860596
-0.180904 0.860596
-0.177926 0.860596
-0.174948 0.860596
-0.171970 0.860596
-0.168992 0.860596
-0.166015 0.860596
-0.049879 0.860596
0.030523 0.860596
0.033501 0.860596
0.036479 0.860596
0.043923 0.860596
0.046901 0.860596
-0.185370 0.859107
-0.180904 0.859107
-0.177926 0.859107
-0.174948 0.859107
-0.171970 0.859107
-0.168992 0.859107
-0.166015 0.859107
-0.045412 0.859107
0.030523 0.859107
0.033501 0.859107
0.036479 0.859107
0.043923 0.859107
0.046901 0.859107
-0.185370 0.857618
-0.180904 0.857618
-0.177926 0.857618
-0.174948 0.857618
-0.171970 0.857618
-0.168992 0.857618
-0.166015 0.857618
-0.045412 0.857618
0.030523 0.857618
0.033501 0.857618
0.036479 0.857618
0.043923 0.857618
0.046901 0.857618
-0.185370 0.856129
-0.180904 0.856129
-0.177926 0.856129
-0.174948 0.856129
-0.171970 0.856129
-0.168992 0.856129
-0.166015 0.856129
-0.045412 0.856129
0.029034 0.856129
0.032012 0.856129
0.034990 0.856129
0.037967 0.856129
0.043923 0.856129
0.046901 0.856129
-0.185370 0.854640
-0.180904 0.854640
-0.177926 0.854640
-0.174948 0.854640
-0.171970 0.854640
-0.168992 0.854640
-0.166015 0.854640
-0.091569 0.854640
-0.042434 0.854640
0.030523 0.854640
0.033501 0.854640
0.036479 0.854640
0.042434 0.854640
0.045412 0.854640
-0.186859 0.853151
-0.182393 0.853151
-0.179415 0.853151
-0.176437 0.853151
-0.173459 0.853151
-0.170481 0.853151
-0.167503 0.853151
-0.094546 0.853151
-0.043923 0.853151
-0.040945 0.853151
0.030523 0.853151
0.033501 0.853151
0.036479 0.853151
0.042434 0.853151
0.045412 0.853151
-0.186859 0.851662
-0.182393 0.851662
-0.179415 0.851662
-0.176437 0.851662
-0.173459 0.851662
-0.170481 0.851662
-0.167503 0.851662
-0.096035 0.851662
-0.058812 0.851662
-0.042434 0.851662
0.029034 0.851662
0.032012 0.851662
0.034990 0.851662
0.037967 0.851662
0.043923 0.851662
0.046901 0.851662
-0.185370 0.850173
-0.180904 0.850173
-0.177926 0.850173
-0.173459 0.850173
-0.170481 0.850173
-0.167503 0.850173
-0.096035 0.850173
-0.040945 0.850173
0.029034 0.850173
0.032012 0.850173
0.034990 0.850173
0.037967 0.850173
0.043923 0.850173
0.046901 0.850173
-0.182393 0.848684
-0.179415 0.848684
-0.173459 0.848684
-0.170481 0.848684
-0.167503 0.848684
-0.097524 0.848684
-0.060301 0.848684
-0.057323 0.848684
-0.054346 0.848684
-0.040945 0.848684
0.029034 0.848684
0.032012 0.848684
0.034990 0.848684
0.037967 0.848684
0.046901 0.848684
-0.182393 0.847195
-0.179415 0.847195
-0.173459 0.847195
-0.170481 0.847195
-0.167503 0.847195
-0.099013 0.847195
-0.096035 0.847195
-0.084124 0.847195
-0.061790 0.847195
-0.058812 0.847195
-0.055834 0.847195
-0.052857 0.847195
-0.042434 0.847195
-0.039456 0.847195
0.030523 0.847195
0.033501 0.847195
0.036479 0.847195
0.040945 0.847195
0.046901 0.847195
-0.183882 0.845706
-0.179415 0.845706
-0.173459 0.845706
-0.170481 0.845706
-0.167503 0.845706
-0.099013 0.845706
-0.088591 0.845706
-0.085613 0.845706
-0.082635 0.845706
-0.079657 0.845706
-0.061790 0.845706
-0.058812 0.845706
-0.055834 0.845706
-0.052857 0.845706
-0.042434 0.845706
-0.039456 0.845706
0.030523 0.845706
0.033501 0.845706
0.036479 0.845706
0.042434 0.845706
-0.185370 0.844217
-0.180904 0.844217
-0.177926 0.844217
-0.171970 0.844217
-0.168992 0.844217
-0.166015 0.844217
-0.097524 0.844217
-0.088591 0.844217
-0.085613 0.844217
-0.082635 0.844217
-0.079657 0.844217
-0.070724 0.844217
-0.064768 0.844217
-0.061790 0.844217
-0.058812 0.844217
-0.055834 0.844217
-0.052857 0.844217
-0.049879 0.844217
-0.040945 0.844217
0.030523 0.844217
0.033501 0.844217
0.036479 0.844217
0.042434 0.844217
-0.185370 0.842729
-0.180904 0.842729
-0.177926 0.842729
-0.171970 0.842729
-0.168992 0.842729
-0.166015 0.842729
-0.097524 0.842729
-0.088591 0.842729
-0.085613 0.842729
-0.082635 0.842729
-0.079657 0.842729
-0.076679 0.842729
-0.069235 0.842729
-0.066257 0.842729
-0.063279 0.842729
-0.060301 0.842729
-0.057323 0.842729
-0.054346 0.842729
-0.051368 0.842729
-0.042434 0.842729
0.029034 0.842729
0.032012 0.842729
0.034990 0.842729
0.040945 0.842729
0.046901 0.842729
-0.179415 0.841240
-0.173459 0.841240
-0.170481 0.841240
-0.167503 0.841240
-0.134747 0.841240
-0.099013 0.841240
-0.096035 0.841240
-0.088591 0.841240
-0.085613 0.841240
-0.082635 0.841240
-0.079657 0.841240
-0.076679 0.841240
-0.073702 0.841240
-0.070724 0.841240
-0.067746 0.841240
-0.064768 0.841240
-0.061790 0.841240
-0.058812 0.841240
-0.055834 0.841240
-0.052857 0.841240
-0.049879 0.841240
-0.043923 0.841240
-0.040945 0.841240
0.029034 0.841240
0.032012 0.841240
0.034990 0.841240
0.039456 0.841240
0.042434 0.841240
-0.183882 0.839751
-0.179415 0.839751
-0.173459 0.839751
-0.170481 0.839751
-0.167503 0.839751
-0.133258 0.839751
-0.101991 0.839751
-0.096035 0.839751
-0.088591 0.839751
-0.085613 0.839751
-0.082635 0.839751
-0.079657 0.839751
-0.076679 0.839751
-0.073702 0.839751
-0.070724 0.839751
-0.067746 0.839751
-0.064768 0.839751
-0.061790 0.839751
-0.058812 0.839751
-0.055834 0.839751
-0.052857 0.839751
-0.049879 0.839751
-0.046901 0.839751
-0.043923 0.839751
-0.002233 0.839751
0.029034 0.839751
0.032012 0.839751
0.034990 0.839751
0.039456 0.839751
0.042434 0.839751
-0.183882 0.838262
-0.179415 0.838262
-0.173459 0.838262
-0.170481 0.838262
-0.167503 0.838262
-0.164526 0.838262
-0.106458 0.838262
-0.101991 0.838262
-0.096035 0.838262
-0.088591 0.838262
-0.085613 0.838262
-0.082635 0.838262
-0.076679 0.838262
-0.073702 0.838262
-0.070724 0.838262
-0.067746 0.838262
-0.064768 0.838262
-0.061790 0.838262
-0.055834 0.838262
-0.052857 0.838262
-0.049879 0.838262
-0.046901 0.838262
-0.043923 0.838262
0.027545 0.838262
0.030523 0.838262
0.033501 0.838262
0.037967 0.838262
0.040945 0.838262
-0.182393 0.836773
-0.177926 0.836773
-0.171970 0.836773
-0.168992 0.836773
-0.166015 0.836773
-0.107947 0.836773
-0.096035 0.836773
-0.093057 0.836773
-0.090080 0.836773
-0.087102 0.836773
-0.084124 0.836773
-0.078168 0.836773
-0.075190 0.836773
-0.072213 0.836773
-0.069235 0.836773
-0.066257 0.836773
-0.061790 0.836773
-0.055834 0.836773
-0.052857 0.836773
-0.049879 0.836773
-0.046901 0.836773
0.027545 0.836773
0.030523 0.836773
0.033501 0.836773
0.036479 0.836773
0.046901 0.836773
-0.179415 0.835284
-0.173459 0.835284
-0.170481 0.835284
-0.167503 0.835284
-0.164526 0.835284
-0.094546 0.835284
-0.091569 0.835284
-0.088591 0.835284
-0.085613 0.835284
-0.082635 0.835284
-0.078168 0.835284
-0.075190 0.835284
-0.070724 0.835284
-0.067746 0.835284
-0.061790 0.835284
-0.058812 0.835284
-0.055834 0.835284
-0.052857 0.835284
-0.049879 0.835284
0.029034 0.835284
0.032012 0.835284
0.034990 0.835284
0.037967 0.835284
0.046901 0.835284
-0.180904 0.833795
-0.173459 0.833795
-0.170481 0.833795
-0.167503 0.833795
-0.164526 0.833795
-0.091569 0.833795
-0.088591 0.833795
-0.085613 0.833795
-0.082635 0.833795
-0.079657 0.833795
-0.076679 0.833795
-0.073702 0.833795
-0.070724 0.833795
-0.064768 0.833795
-0.061790 0.833795
-0.058812 0.833795
-0.055834 0.833795
-0.052857 0.833795
0.027545 0.833795
0.030523 0.833795
0.033501 0.833795
0.036479 0.833795
0.045412 0.833795
-0.182393 0.832306
-0.177926 0.832306
-0.171970 0.832306
-0.168992 0.832306
-0.166015 0.832306
-0.084124 0.832306
-0.081146 0.832306
-0.078168 0.832306
-0.075190 0.832306
-0.072213 0.832306
-0.064768 0.832306
-0.061790 0.832306
-0.058812 0.832306
-0.055834 0.832306
-0.052857 0.832306
0.026056 0.832306
0.029034 0.832306
0.032012 0.832306
0.034990 0.832306
0.045412 0.832306
-0.182393 0.830817
-0.177926 0.830817
-0.171970 0.830817
-0.168992 0.830817
-0.166015 0.830817
-0.163037 0.830817
-0.082635 0.830817
-0.079657 0.830817
-0.076679 0.830817
-0.073702 0.830817
-0.066257 0.830817
-0.063279 0.830817
-0.060301 0.830817
-0.057323 0.830817
-0.054346 0.830817
-0.051368 0.830817
0.024567 0.830817
0.027545 0.830817
0.030523 0.830817
0.033501 0.830817
0.036479 0.830817
0.045412 0.830817
-0.180904 0.829328
-0.176437 0.829328
-0.170481 0.829328
-0.167503 0.829328
-0.164526 0.829328
-0.085613 0.829328
-0.082635 0.829328
-0.079657 0.829328
-0.076679 0.829328
-0.073702 0.829328
-0.067746 0.829328
-0.064768 0.829328
-0.061790 0.829328
-0.058812 0.829328
-0.055834 0.829328
-0.052857 0.829328
-0.049879 0.829328
0.024567 0.829328
0.027545 0.829328
0.030523 0.829328
0.033501 0.829328
0.043923 0.829328
-0.182393 0.827839
-0.176437 0.827839
-0.168992 0.827839
-0.166015 0.827839
-0.163037 0.827839
-0.085613 0.827839
-0.082635 0.827839
-0.079657 0.827839
-0.076679 0.827839
-0.073702 0.827839
-0.070724 0.827839
-0.067746 0.827839
-0.064768 0.827839
-0.061790 0.827839
-0.058812 0.827839
-0.055834 0.827839
-0.052857 0.827839
-0.049879 0.827839
-0.046901 0.827839
0.027545 0.827839
0.030523 0.827839
0.033501 0.827839
0.042434 0.827839
0.045412 0.827839
-0.180904 0.826350
-0.176437 0.826350
-0.173459 0.826350
-0.167503 0.826350
-0.164526 0.826350
-0.161548 0.826350
-0.085613 0.826350
-0.082635 0.826350
-0.079657 0.826350
-0.076679 0.826350
-0.073702 0.826350
-0.070724 0.826350
-0.067746 0.826350
-0.064768 0.826350
-0.061790 0.826350
-0.058812 0.826350
-0.055834 0.826350
-0.052857 0.826350
-0.049879 0.826350
-0.046901 0.826350
0.014145 0.826350
0.026056 0.826350
0.029034 0.826350
0.032012 0.826350
0.034990 0.826350
0.043923 0.826350
-0.179415 0.824861
-0.174948 0.824861
-0.171970 0.824861
-0.166015 0.824861
-0.163037 0.824861
-0.160059 0.824861
-0.088591 0.824861
-0.085613 0.824861
-0.082635 0.824861
-0.079657 0.824861
-0.076679 0.824861
-0.073702 0.824861
-0.070724 0.824861
-0.067746 0.824861
-0.064768 0.824861
-0.061790 0.824861
-0.058812 0.824861
-0.055834 0.824861
-0.052857 0.824861
-0.049879 0.824861
-0.046901 0.824861
-0.043923 0.824861
0.015634 0.824861
0.021589 0.824861
0.026056 0.824861
0.029034 0.824861
0.032012 0.824861
0.040945 0.824861
0.043923 0.824861
-0.179415 0.823373
-0.173459 0.823373
-0.167503 0.823373
-0.164526 0.823373
-0.161548 0.823373
-0.090080 0.823373
-0.087102 0.823373
-0.084124 0.823373
-0.081146 0.823373
-0.078168 0.823373
-0.075190 0.823373
-0.072213 0.823373
-0.069235 0.823373
-0.066257 0.823373
-0.063279 0.823373
-0.060301 0.823373
-0.057323 0.823373
-0.054346 0.823373
-0.051368 0.823373
-0.048390 0.823373
-0.045412 0.823373
-0.042434 0.823373
0.017123 0.823373
0.024567 0.823373
0.027545 0.823373
0.030523 0.823373
0.033501 0.823373
0.040945 0.823373
-0.180904 0.821884
-0.173459 0.821884
-0.170481 0.821884
-0.166015 0.821884
-0.163037 0.821884
-0.160059 0.821884
-0.090080 0.821884
-0.087102 0.821884
-0.084124 0.821884
-0.081146 0.821884
-0.078168 0.821884
-0.075190 0.821884
-0.072213 0.821884
-0.069235 0.821884
-0.066257 0.821884
-0.063279 0.821884
-0.060301 0.821884
-0.057323 0.821884
-0.054346 0.821884
-0.051368 0.821884
-0.048390 0.821884
-0.045412 0.821884
-0.042434 0.821884
-0.039456 0.821884
0.005211 0.821884
0.018611 0.821884
0.023078 0.821884
0.026056 0.821884
0.029034 0.821884
0.032012 0.821884
0.039456 0.821884
-0.179415 0.820395
-0.171970 0.820395
-0.166015 0.820395
-0.163037 0.820395
-0.160059 0.820395
-0.091569 0.820395
-0.088591 0.820395
-0.085613 0.820395
-0.082635 0.820395
-0.079657 0.820395
-0.075190 0.820395
-0.072213 0.820395
-0.069235 0.820395
-0.066257 0.820395
-0.054346 0.820395
-0.051368 0.820395
-0.048390 0.820395
-0.045412 0.820395
-0.042434 0.820395
-0.039456 0.820395
-0.036479 0.820395
0.017123 0.820395
0.021589 0.820395
0.024567 0.820395
0.027545 0.820395
0.030523 0.820395
0.033501 0.820395
0.036479 0.820395
0.039456 0.820395
-0.179415 0.818906
-0.167503 0.818906
-0.164526 0.818906
-0.161548 0.818906
-0.158570 0.818906
-0.091569 0.818906
-0.088591 0.818906
-0.085613 0.818906
-0.082635 0.818906
-0.070724 0.818906
-0.067746 0.818906
-0.060301 0.818906
-0.057323 0.818906
-0.049879 0.818906
-0.046901 0.818906
-0.043923 0.818906
-0.040945 0.818906
-0.037967 0.818906
-0.034990 0.818906
-0.032012 0.818906
-0.029034 0.818906
0.018611 0.818906
0.021589 0.818906
0.024567 0.818906
0.027545 0.818906
0.030523 0.818906
0.033501 0.818906
0.036479 0.818906
-0.179415 0.817417
-0.167503 0.817417
-0.164526 0.817417
-0.161548 0.817417
-0.158570 0.817417
-0.094546 0.817417
-0.091569 0.817417
-0.088591 0.817417
-0.085613 0.817417
-0.082635 0.817417
-0.076679 0.817417
-0.060301 0.817417
-0.057323 0.817417
-0.054346 0.817417
-0.048390 0.817417
-0.045412 0.817417
-0.042434 0.817417
-0.039456 0.817417
-0.036479 0.817417
-0.033501 0.817417
-0.030523 0.817417
-0.027545 0.817417
0.011167 0.817417
0.014145 0.817417
0.020100 0.817417
0.023078 0.817417
0.026056 0.817417
0.029034 0.817417
0.032012 0.817417
0.034990 0.817417
-0.176437 0.815928
-0.166015 0.815928
-0.163037 0.815928
-0.160059 0.815928
-0.157081 0.815928
-0.097524 0.815928
-0.094546 0.815928
-0.091569 0.815928
-0.088591 0.815928
-0.085613 0.815928
-0.079657 0.815928
-0.072213 0.815928
-0.063279 0.815928
-0.055834 0.815928
-0.052857 0.815928
-0.049879 0.815928
-0.043923 0.815928
-0.040945 0.815928
-0.037967 0.815928
-0.034990 0.815928
-0.032012 0.815928
-0.029034 0.815928
-0.026056 0.815928
-0.023078 0.815928
0.012656 0.815928
0.018611 0.815928
0.021589 0.815928
0.024567 0.815928
0.027545 0.815928
0.030523 0.815928
0.033501 0.815928
-0.176437 0.814439
-0.164526 0.814439
-0.161548 0.814439
-0.158570 0.814439
-0.155592 0.814439
-0.099013 0.814439
-0.096035 0.814439
-0.093057 0.814439
-0.090080 0.814439
-0.087102 0.814439
-0.082635 0.814439
-0.070724 0.814439
-0.067746 0.814439
-0.064768 0.814439
-0.061790 0.814439
-0.058812 0.814439
-0.055834 0.814439
-0.052857 0.814439
-0.049879 0.814439
-0.046901 0.814439
-0.039456 0.814439
-0.036479 0.814439
-0.033501 0.814439
-0.030523 0.814439
-0.027545 0.814439
-0.024567 0.814439
0.011167 0.814439
0.014145 0.814439
0.018611 0.814439
0.021589 0.814439
0.024567 0.814439
0.027545 0.814439
0.030523 0.814439
0.033501 0.814439
-0.174948 0.812950
-0.164526 0.812950
-0.161548 0.812950
-0.158570 0.812950
-0.155592 0.812950
-0.101991 0.812950
-0.099013 0.812950
-0.096035 0.812950
-0.093057 0.812950
-0.090080 0.812950
-0.084124 0.812950
-0.081146 0.812950
-0.069235 0.812950
-0.064768 0.812950
-0.060301 0.812950
-0.057323 0.812950
-0.054346 0.812950
-0.051368 0.812950
-0.048390 0.812950
-0.045412 0.812950
-0.039456 0.812950
-0.036479 0.812950
-0.033501 0.812950
-0.030523 0.812950
-0.027545 0.812950
-0.024567 0.812950
-0.021589 0.812950
0.012656 0.812950
0.015634 0.812950
0.020100 0.812950
0.023078 0.812950
0.026056 0.812950
0.029034 0.812950
0.032012 0.812950
-0.176437 0.811461
-0.164526 0.811461
-0.161548 0.811461
-0.158570 0.811461
-0.155592 0.811461
-0.104969 0.811461
-0.101991 0.811461
-0.099013 0.811461
-0.096035 0.811461
-0.093057 0.811461
-0.087102 0.811461
-0.084124 0.811461
-0.081146 0.811461
-0.078168 0.811461
-0.073702 0.811461
-0.069235 0.811461
-0.066257 0.811461
-0.063279 0.811461
-0.060301 0.811461
-0.057323 0.811461
-0.054346 0.811461
-0.051368 0.811461
-0.048390 0.811461
-0.045412 0.811461
-0.042434 0.811461
-0.036479 0.811461
-0.033501 0.811461
-0.030523 0.811461
-0.027545 0.811461
-0.024567 0.811461
-0.021589 0.811461
0.011167 0.811461
0.014145 0.811461
0.017123 0.811461
0.020100 0.811461
0.023078 0.811461
0.026056 0.811461
0.029034 0.811461
0.032012 0.811461
-0.174948 0.809972
-0.164526 0.809972
-0.161548 0.809972
-0.158570 0.809972
-0.155592 0.809972
-0.109436 0.809972
-0.106458 0.809972
-0.103480 0.809972
-0.100502 0.809972
-0.097524 0.809972
-0.094546 0.809972
-0.088591 0.809972
-0.085613 0.809972
-0.082635 0.809972
-0.079657 0.809972
-0.076679 0.809972
-0.073702 0.809972
-0.070724 0.809972
-0.067746 0.809972
-0.064768 0.809972
-0.061790 0.809972
-0.058812 0.809972
-0.055834 0.809972
-0.052857 0.809972
-0.049879 0.809972
-0.046901 0.809972
-0.043923 0.809972
-0.040945 0.809972
-0.034990 0.809972
-0.032012 0.809972
-0.029034 0.809972
-0.026056 0.809972
-0.023078 0.809972
-0.020100 0.809972
0.011167 0.809972
0.015634 0.809972
0.018611 0.809972
0.021589 0.809972
0.024567 0.809972
0.027545 0.809972
0.030523 0.809972
0.033501 0.809972
-0.173459 0.808483
-0.163037 0.808483
-0.160059 0.808483
-0.157081 0.808483
-0.154103 0.808483
-0.107947 0.808483
-0.104969 0.808483
-0.101991 0.808483
-0.099013 0.808483
-0.096035 0.808483
-0.090080 0.808483
-0.087102 0.808483
-0.084124 0.808483
-0.081146 0.808483
-0.078168 0.808483
-0.075190 0.808483
-0.072213 0.808483
-0.069235 0.808483
-0.066257 0.808483
-0.063279 0.808483
-0.060301 0.808483
-0.057323 0.808483
-0.054346 0.808483
-0.051368 0.808483
-0.048390 0.808483
-0.045412 0.808483
-0.042434 0.808483
-0.039456 0.808483
-0.036479 0.808483
-0.033501 0.808483
-0.030523 0.808483
-0.027545 0.808483
-0.024567 0.808483
-0.021589 0.808483
0.006700 0.808483
0.012656 0.808483
0.015634 0.808483
0.018611 0.808483
0.021589 0.808483
0.024567 0.808483
0.027545 0.808483
0.030523 0.808483
-0.173459 0.806994
-0.170481 0.806994
-0.163037 0.806994
-0.160059 0.806994
-0.157081 0.806994
-0.154103 0.806994
-0.107947 0.806994
-0.104969 0.806994
-0.101991 0.806994
-0.099013 0.806994
-0.096035 0.806994
-0.090080 0.806994
-0.087102 0.806994
-0.084124 0.806994
-0.081146 0.806994
-0.078168 0.806994
-0.075190 0.806994
-0.072213 0.806994
-0.069235 0.806994
-0.066257 0.806994
-0.063279 0.806994
-0.060301 0.806994
-0.057323 0.806994
-0.054346 0.806994
-0.051368 0.806994
-0.048390 0.806994
-0.045412 0.806994
-0.042434 0.806994
-0.039456 0.806994
-0.036479 0.806994
-0.033501 0.806994
-0.030523 0.806994
-0.027545 0.806994
-0.024567 0.806994
-0.021589 0.806994
-0.018611 0.806994
0.011167 0.806994
0.014145 0.806994
0.017123 0.806994
0.020100 0.806994
0.023078 0.806994
0.026056 0.806994
0.029034 0.806994
0.032012 0.806994
-0.170481 0.805506
-0.164526 0.805506
-0.161548 0.805506
-0.158570 0.805506
-0.155592 0.805506
-0.152614 0.805506
-0.109436 0.805506
-0.106458 0.805506
-0.103480 0.805506
-0.100502 0.805506
-0.097524 0.805506
-0.091569 0.805506
-0.088591 0.805506
-0.085613 0.805506
-0.082635 0.805506
-0.079657 0.805506
-0.076679 0.805506
-0.073702 0.805506
-0.070724 0.805506
-0.067746 0.805506
-0.064768 0.805506
-0.061790 0.805506
-0.058812 0.805506
-0.055834 0.805506
-0.052857 0.805506
-0.049879 0.805506
-0.046901 0.805506
-0.043923 0.805506
-0.040945 0.805506
-0.037967 0.805506
-0.034990 0.805506
-0.032012 0.805506
-0.029034 0.805506
-0.026056 0.805506
-0.023078 0.805506
-0.020100 0.805506
-0.017123 0.805506
0.011167 0.805506
0.014145 0.805506
0.017123 0.805506
0.020100 0.805506
0.023078 0.805506
0.026056 0.805506
0.029034 0.805506
0.032012 0.805506
-0.168992 0.804017
-0.166015 0.804017
-0.163037 0.804017
-0.160059 0.804017
-0.157081 0.804017
-0.154103 0.804017
-0.151125 0.804017
-0.148148 0.804017
-0.110925 0.804017
-0.107947 0.804017
-0.104969 0.804017
-0.101991 0.804017
-0.099013 0.804017
-0.096035 0.804017
-0.093057 0.804017
-0.090080 0.804017
-0.087102 0.804017
-0.084124 0.804017
-0.081146 0.804017
-0.078168 0.804017
-0.075190 0.804017
-0.072213 0.804017
-0.069235 0.804017
-0.066257 0.804017
-0.063279 0.804017
-0.060301 0.804017
-0.049879 0.804017
-0.042434 0.804017
-0.039456 0.804017
-0.036479 0.804017
-0.033501 0.804017
-0.030523 0.804017
-0.027545 0.804017
-0.024567 0.804017
-0.018611 0.804017
0.006700 0.804017
0.011167 0.804017
0.014145 0.804017
0.017123 0.804017
0.020100 0.804017
0.023078 0.804017
0.026056 0.804017
0.029034 0.804017
-0.168992 0.802528
-0.166015 0.802528
-0.163037 0.802528
-0.160059 0.802528
-0.157081 0.802528
-0.154103 0.802528
-0.151125 0.802528
-0.115391 0.802528
-0.112413 0.802528
-0.109436 0.802528
-0.106458 0.802528
-0.103480 0.802528
-0.100502 0.802528
-0.097524 0.802528
-0.094546 0.802528
-0.091569 0.802528
-0.088591 0.802528
-0.085613 0.802528
-0.082635 0.802528
-0.079657 0.802528
-0.076679 0.802528
-0.067746 0.802528
-0.049879 0.802528
-0.040945 0.802528
-0.037967 0.802528
-0.034990 0.802528
-0.032012 0.802528
-0.029034 0.802528
-0.026056 0.802528
-0.002233 0.802528
0.002233 0.802528
0.006700 0.802528
0.011167 0.802528
0.014145 0.802528
0.017123 0.802528
0.020100 0.802528
0.023078 0.802528
0.026056 0.802528
0.029034 0.802528
-0.163037 0.801039
-0.160059 0.801039
-0.157081 0.801039
-0.154103 0.801039
-0.151125 0.801039
-0.148148 0.801039
-0.113902 0.801039
-0.110925 0.801039
-0.107947 0.801039
-0.104969 0.801039
-0.101991 0.801039
-0.099013 0.801039
-0.096035 0.801039
-0.093057 0.801039
-0.090080 0.801039
-0.087102 0.801039
-0.084124 0.801039
-0.043923 0.801039
-0.040945 0.801039
-0.037967 0.801039
-0.034990 0.801039
-0.032012 0.801039
-0.029034 0.801039
-0.026056 0.801039
-0.020100 0.801039
0.003722 0.801039
0.006700 0.801039
0.009678 0.801039
0.012656 0.801039
0.015634 0.801039
0.018611 0.801039
0.021589 0.801039
0.024567 0.801039
0.027545 0.801039
0.030523 0.801039
-0.160059 0.799550
-0.157081 0.799550
-0.154103 0.799550
-0.151125 0.799550
-0.148148 0.799550
-0.112413 0.799550
-0.109436 0.799550
-0.106458 0.799550
-0.103480 0.799550
-0.100502 0.799550
-0.097524 0.799550
-0.094546 0.799550
-0.091569 0.799550
-0.088591 0.799550
-0.045412 0.799550
-0.042434 0.799550
-0.039456 0.799550
-0.029034 0.799550
-0.026056 0.799550
0.003722 0.799550
0.006700 0.799550
0.009678 0.799550
0.012656 0.799550
0.015634 0.799550
0.018611 0.799550
0.021589 0.799550
0.024567 0.799550
0.027545 0.799550
0.030523 0.799550
-0.160059 0.798061
-0.157081 0.798061
-0.154103 0.798061
-0.151125 0.798061
-0.148148 0.798061
-0.142192 0.798061
-0.110925 0.798061
-0.107947 0.798061
-0.104969 0.798061
-0.101991 0.798061
-0.099013 0.798061
-0.096035 0.798061
-0.093057 0.798061
-0.090080 0.798061
-0.087102 0.798061
-0.043923 0.798061
-0.026056 0.798061
0.005211 0.798061
0.008189 0.798061
0.011167 0.798061
0.014145 0.798061
0.017123 0.798061
0.020100 0.798061
0.023078 0.798061
0.026056 0.798061
0.029034 0.798061
-0.161548 0.796572
-0.158570 0.796572
-0.155592 0.796572
-0.152614 0.796572
-0.149636 0.796572
-0.146659 0.796572
-0.139214 0.796572
-0.128792 0.796572
-0.110925 0.796572
-0.107947 0.796572
-0.104969 0.796572
-0.101991 0.796572
-0.099013 0.796572
-0.096035 0.796572
-0.093057 0.796572
-0.090080 0.796572
0.002233 0.796572
0.005211 0.796572
0.008189 0.796572
0.011167 0.796572
0.014145 0.796572
0.017123 0.796572
0.020100 0.796572
0.023078 0.796572
0.026056 0.796572
0.029034 0.796572
-0.158570 0.795083
-0.155592 0.795083
-0.152614 0.795083
-0.149636 0.795083
-0.146659 0.795083
-0.142192 0.795083
-0.139214 0.795083
-0.133258 0.795083
-0.110925 0.795083
-0.107947 0.795083
-0.104969 0.795083
-0.101991 0.795083
-0.099013 0.795083
-0.091569 0.795083
-0.088591 0.795083
-0.002233 0.795083
0.003722 0.795083
0.006700 0.795083
0.009678 0.795083
0.012656 0.795083
0.015634 0.795083
0.018611 0.795083
0.021589 0.795083
0.024567 0.795083
0.027545 0.795083
-0.160059 0.793594
-0.157081 0.793594
-0.154103 0.793594
-0.151125 0.793594
-0.148148 0.793594
-0.145170 0.793594
-0.140703 0.793594
-0.134747 0.793594
-0.110925 0.793594
-0.107947 0.793594
-0.104969 0.793594
-0.101991 0.793594
-0.003722 0.793594
0.002233 0.793594
0.005211 0.793594
0.008189 0.793594
0.011167 0.793594
0.014145 0.793594
0.017123 0.793594
0.020100 0.793594
0.023078 0.793594
0.026056 0.793594
-0.158570 0.792105
-0.155592 0.792105
-0.152614 0.792105
-0.149636 0.792105
-0.146659 0.792105
-0.143681 0.792105
-0.140703 0.792105
-0.136236 0.792105
-0.106458 0.792105
-0.103480 0.792105
0.000744 0.792105
0.003722 0.792105
0.006700 0.792105
0.011167 0.792105
0.014145 0.792105
0.017123 0.792105
0.020100 0.792105
0.023078 0.792105
0.026056 0.792105
-0.158570 0.790616
-0.155592 0.790616
-0.152614 0.790616
-0.149636 0.790616
-0.146659 0.790616
-0.143681 0.790616
-0.140703 0.790616
-0.136236 0.790616
-0.130280 0.790616
-0.106458 0.790616
-0.051368 0.790616
-0.048390 0.790616
0.000744 0.790616
0.003722 0.790616
0.006700 0.790616
0.009678 0.790616
0.012656 0.790616
0.015634 0.790616
0.018611 0.790616
0.021589 0.790616
0.024567 0.790616
0.027545 0.790616
-0.155592 0.789127
-0.152614 0.789127
-0.149636 0.789127
-0.146659 0.789127
-0.143681 0.789127
-0.140703 0.789127
-0.137725 0.789127
-0.107947 0.789127
-0.067746 0.789127
-0.064768 0.789127
-0.061790 0.789127
-0.058812 0.789127
-0.055834 0.789127
-0.052857 0.789127
-0.049879 0.789127
0.002233 0.789127
0.006700 0.789127
0.011167 0.789127
0.014145 0.789127
0.017123 0.789127
0.020100 0.789127
0.023078 0.789127
0.026056 0.789127
-0.155592 0.787639
-0.152614 0.787639
-0.149636 0.787639
-0.146659 0.787639
-0.143681 0.787639
-0.140703 0.787639
-0.137725 0.787639
-0.134747 0.787639
-0.107947 0.787639
-0.076679 0.787639
-0.073702 0.787639
-0.070724 0.787639
-0.067746 0.787639
-0.064768 0.787639
-0.061790 0.787639
-0.058812 0.787639
-0.055834 0.787639
-0.052857 0.787639
-0.049879 0.787639
0.000744 0.787639
0.005211 0.787639
0.008189 0.787639
0.011167 0.787639
0.014145 0.787639
0.017123 0.787639
0.020100 0.787639
0.023078 0.787639
0.026056 0.787639
-0.154103 0.786150
-0.151125 0.786150
-0.148148 0.786150
-0.145170 0.786150
-0.142192 0.786150
-0.139214 0.786150
-0.136236 0.786150
-0.133258 0.786150
-0.082635 0.786150
-0.079657 0.786150
-0.076679 0.786150
-0.073702 0.786150
-0.070724 0.786150
-0.067746 0.786150
-0.064768 0.786150
-0.061790 0.786150
-0.058812 0.786150
-0.055834 0.786150
-0.052857 0.786150
-0.049879 0.786150
-0.046901 0.786150
-0.043923 0.786150
0.000744 0.786150
0.005211 0.786150
0.008189 0.786150
0.011167 0.786150
0.014145 0.786150
0.017123 0.786150
0.020100 0.786150
0.023078 0.786150
-0.155592 0.784661
-0.152614 0.784661
-0.149636 0.784661
-0.146659 0.784661
-0.143681 0.784661
-0.140703 0.784661
-0.137725 0.784661
-0.134747 0.784661
-0.131769 0.784661
-0.081146 0.784661
-0.078168 0.784661
-0.075190 0.784661
-0.072213 0.784661
-0.069235 0.784661
-0.066257 0.784661
-0.063279 0.784661
-0.060301 0.784661
-0.057323 0.784661
-0.054346 0.784661
-0.051368 0.784661
-0.048390 0.784661
-0.045412 0.784661
0.000744 0.784661
0.003722 0.784661
0.006700 0.784661
0.009678 0.784661
0.012656 0.784661
0.015634 0.784661
0.018611 0.784661
0.021589 0.784661
0.024567 0.784661
-0.154103 0.783172
-0.151125 0.783172
-0.148148 0.783172
-0.145170 0.783172
-0.142192 0.783172
-0.139214 0.783172
-0.136236 0.783172
-0.133258 0.783172
-0.082635 0.783172
-0.079657 0.783172
-0.076679 0.783172
-0.073702 0.783172
-0.070724 0.783172
-0.067746 0.783172
-0.064768 0.783172
-0.061790 0.783172
-0.058812 0.783172
-0.055834 0.783172
-0.052857 0.783172
-0.049879 0.783172
-0.046901 0.783172
0.000744 0.783172
0.003722 0.783172
0.006700 0.783172
0.009678 0.783172
0.012656 0.783172
0.015634 0.783172
0.018611 0.783172
0.021589 0.783172
-0.155592 0.781683
-0.152614 0.781683
-0.149636 0.781683
-0.146659 0.781683
-0.143681 0.781683
-0.140703 0.781683
-0.137725 0.781683
-0.134747 0.781683
-0.128792 0.781683
-0.082635 0.781683
-0.079657 0.781683
-0.076679 0.781683
-0.073702 0.781683
-0.070724 0.781683
-0.067746 0.781683
-0.064768 0.781683
-0.061790 0.781683
-0.058812 0.781683
-0.055834 0.781683
-0.052857 0.781683
-0.049879 0.781683
0.003722 0.781683
0.006700 0.781683
0.009678 0.781683
0.012656 0.781683
0.015634 0.781683
0.018611 0.781683
0.021589 0.781683
-0.152614 0.780194
-0.149636 0.780194
-0.146659 0.780194
-0.143681 0.780194
-0.140703 0.780194
-0.137725 0.780194
-0.134747 0.780194
-0.128792 0.780194
-0.079657 0.780194
-0.076679 0.780194
-0.073702 0.780194
-0.070724 0.780194
-0.067746 0.780194
-0.064768 0.780194
-0.061790 0.780194
-0.058812 0.780194
-0.055834 0.780194
0.002233 0.780194
0.005211 0.780194
0.008189 0.780194
0.011167 0.780194
0.014145 0.780194
0.017123 0.780194
0.020100 0.780194
-0.154103 0.778705
-0.151125 0.778705
-0.148148 0.778705
-0.145170 0.778705
-0.142192 0.778705
-0.139214 0.778705
-0.136236 0.778705
-0.133258 0.778705
-0.127303 0.778705
-0.076679 0.778705
-0.073702 0.778705
-0.070724 0.778705
-0.067746 0.778705
-0.064768 0.778705
-0.061790 0.778705
-0.058812 0.778705
-0.055834 0.778705
-0.002233 0.778705
0.002233 0.778705
0.005211 0.778705
0.008189 0.778705
0.011167 0.778705
0.014145 0.778705
0.017123 0.778705
0.020100 0.778705
-0.151125 0.777216
-0.148148 0.777216
-0.145170 0.777216
-0.142192 0.777216
-0.139214 0.777216
-0.136236 0.777216
-0.133258 0.777216
-0.128792 0.777216
-0.075190 0.777216
-0.072213 0.777216
-0.069235 0.777216
-0.066257 0.777216
-0.063279 0.777216
-0.002233 0.777216
0.000744 0.777216
0.003722 0.777216
0.006700 0.777216
0.009678 0.777216
0.012656 0.777216
0.015634 0.777216
0.018611 0.777216
-0.151125 0.775727
-0.148148 0.775727
-0.145170 0.775727
-0.142192 0.775727
-0.139214 0.775727
-0.136236 0.775727
-0.133258 0.775727
-0.128792 0.775727
-0.124325 0.775727
0.000744 0.775727
0.003722 0.775727
0.006700 0.775727
0.009678 0.775727
0.012656 0.775727
0.015634 0.775727
0.018611 0.775727
-0.149636 0.774238
-0.146659 0.774238
-0.143681 0.774238
-0.140703 0.774238
-0.137725 0.774238
-0.134747 0.774238
-0.131769 0.774238
-0.128792 0.774238
-0.124325 0.774238
0.000744 0.774238
0.003722 0.774238
0.006700 0.774238
0.009678 0.774238
0.012656 0.774238
0.015634 0.774238
0.018611 0.774238
-0.148148 0.772749
-0.145170 0.772749
-0.142192 0.772749
-0.139214 0.772749
-0.136236 0.772749
-0.133258 0.772749
-0.130280 0.772749
-0.127303 0.772749
-0.000744 0.772749
0.002233 0.772749
0.006700 0.772749
0.009678 0.772749
0.012656 0.772749
0.015634 0.772749
0.018611 0.772749
-0.146659 0.771260
-0.143681 0.771260
-0.140703 0.771260
-0.137725 0.771260
-0.134747 0.771260
-0.131769 0.771260
-0.128792 0.771260
-0.124325 0.771260
0.005211 0.771260
0.008189 0.771260
0.011167 0.771260
0.014145 0.771260
0.017123 0.771260
-0.146659 0.769771
-0.143681 0.769771
-0.140703 0.769771
-0.137725 0.769771
-0.134747 0.769771
-0.131769 0.769771
-0.128792 0.769771
-0.125814 0.769771
-0.122836 0.769771
0.003722 0.769771
0.006700 0.769771
0.009678 0.769771
0.012656 0.769771
0.015634 0.769771
0.018611 0.769771
-0.143681 0.768283
-0.140703 0.768283
-0.137725 0.768283
-0.134747 0.768283
-0.131769 0.768283
-0.128792 0.768283
-0.124325 0.768283
-0.000744 0.768283
0.002233 0.768283
0.005211 0.768283
0.008189 0.768283
0.011167 0.768283
0.017123 0.768283
-0.143681 0.766794
-0.140703 0.766794
-0.137725 0.766794
-0.134747 0.766794
-0.131769 0.766794
-0.128792 0.766794
-0.124325 0.766794
-0.002233 0.766794
0.000744 0.766794
0.003722 0.766794
0.006700 0.766794
0.009678 0.766794
0.012656 0.766794
0.018611 0.766794
-0.140703 0.765305
-0.137725 0.765305
-0.134747 0.765305
-0.131769 0.765305
-0.128792 0.765305
-0.125814 0.765305
-0.121347 0.765305
-0.002233 0.765305
0.000744 0.765305
0.003722 0.765305
0.006700 0.765305
0.009678 0.765305
0.015634 0.765305
0.018611 0.765305
-0.139214 0.763816
-0.136236 0.763816
-0.133258 0.763816
-0.130280 0.763816
-0.127303 0.763816
-0.122836 0.763816
-0.006700 0.763816
-0.003722 0.763816
-0.000744 0.763816
0.002233 0.763816
0.005211 0.763816
0.008189 0.763816
0.015634 0.763816
0.018611 0.763816
-0.139214 0.762327
-0.136236 0.762327
-0.133258 0.762327
-0.130280 0.762327
-0.127303 0.762327
-0.008189 0.762327
-0.005211 0.762327
-0.002233 0.762327
0.000744 0.762327
0.003722 0.762327
0.006700 0.762327
0.009678 0.762327
0.017123 0.762327
-0.140703 0.760838
-0.137725 0.760838
-0.134747 0.760838
-0.131769 0.760838
-0.128792 0.760838
-0.125814 0.760838
-0.009678 0.760838
-0.006700 0.760838
-0.003722 0.760838
-0.000744 0.760838
0.002233 0.760838
0.005211 0.760838
0.008189 0.760838
0.017123 0.760838
-0.139214 0.759349
-0.136236 0.759349
-0.133258 0.759349
-0.130280 0.759349
-0.127303 0.759349
-0.124325 0.759349
-0.014145 0.759349
-0.011167 0.759349
-0.008189 0.759349
-0.005211 0.759349
-0.002233 0.759349
0.000744 0.759349
0.003722 0.759349
0.006700 0.759349
0.018611 0.759349
-0.137725 0.757860
-0.134747 0.757860
-0.131769 0.757860
-0.128792 0.757860
-0.125814 0.757860
-0.122836 0.757860
-0.017123 0.757860
-0.014145 0.757860
-0.011167 0.757860
-0.008189 0.757860
-0.005211 0.757860
-0.002233 0.757860
0.000744 0.757860
0.003722 0.757860
0.017123 0.757860
0.020100 0.757860
-0.137725 0.756371
-0.134747 0.756371
-0.131769 0.756371
-0.128792 0.756371
-0.125814 0.756371
-0.122836 0.756371
-0.119858 0.756371
-0.106458 0.756371
-0.018611 0.756371
-0.015634 0.756371
-0.012656 0.756371
-0.009678 0.756371
-0.006700 0.756371
-0.003722 0.756371
-0.000744 0.756371
0.002233 0.756371
0.017123 0.756371
0.020100 0.756371
-0.139214 0.754882
-0.136236 0.754882
-0.131769 0.754882
-0.128792 0.754882
-0.125814 0.754882
-0.122836 0.754882
-0.119858 0.754882
-0.107947 0.754882
-0.104969 0.754882
-0.021589 0.754882
-0.018611 0.754882
-0.015634 0.754882
-0.012656 0.754882
-0.009678 0.754882
-0.006700 0.754882
-0.003722 0.754882
-0.000744 0.754882
0.015634 0.754882
0.018611 0.754882
0.021589 0.754882
-0.137725 0.753393
-0.133258 0.753393
-0.130280 0.753393
-0.127303 0.753393
-0.124325 0.753393
-0.121347 0.753393
-0.118369 0.753393
-0.109436 0.753393
-0.106458 0.753393
-0.103480 0.753393
-0.067746 0.753393
-0.052857 0.753393
-0.032012 0.753393
-0.027545 0.753393
-0.023078 0.753393
-0.020100 0.753393
-0.017123 0.753393
-0.014145 0.753393
-0.011167 0.753393
-0.008189 0.753393
-0.005211 0.753393
-0.002233 0.753393
0.018611 0.753393
0.023078 0.753393
-0.137725 0.751904
-0.131769 0.751904
-0.128792 0.751904
-0.125814 0.751904
-0.122836 0.751904
-0.119858 0.751904
-0.109436 0.751904
-0.106458 0.751904
-0.103480 0.751904
-0.100502 0.751904
-0.069235 0.751904
-0.046901 0.751904
-0.040945 0.751904
-0.033501 0.751904
-0.030523 0.751904
-0.027545 0.751904
-0.024567 0.751904
-0.021589 0.751904
-0.018611 0.751904
-0.015634 0.751904
-0.012656 0.751904
-0.009678 0.751904
-0.006700 0.751904
-0.003722 0.751904
0.017123 0.751904
0.021589 0.751904
0.024567 0.751904
0.027545 0.751904
-0.136236 0.750416
-0.127303 0.750416
-0.124325 0.750416
-0.121347 0.750416
-0.118369 0.750416
-0.110925 0.750416
-0.107947 0.750416
-0.104969 0.750416
-0.101991 0.750416
-0.099013 0.750416
-0.075190 0.750416
-0.069235 0.750416
-0.048390 0.750416
-0.045412 0.750416
-0.042434 0.750416
-0.039456 0.750416
-0.036479 0.750416
-0.033501 0.750416
-0.030523 0.750416
-0.027545 0.750416
-0.024567 0.750416
-0.021589 0.750416
-0.018611 0.750416
-0.015634 0.750416
-0.012656 0.750416
-0.009678 0.750416
-0.006700 0.750416
-0.003722 0.750416
0.018611 0.750416
0.023078 0.750416
0.026056 0.750416
0.029034 0.750416
-0.136236 0.748927
-0.125814 0.748927
-0.122836 0.748927
-0.119858 0.748927
-0.116880 0.748927
-0.113902 0.748927
-0.110925 0.748927
-0.107947 0.748927
-0.104969 0.748927
-0.101991 0.748927
-0.099013 0.748927
-0.094546 0.748927
-0.091569 0.748927
-0.082635 0.748927
-0.079657 0.748927
-0.073702 0.748927
-0.049879 0.748927
-0.046901 0.748927
-0.043923 0.748927
-0.040945 0.748927
-0.037967 0.748927
-0.034990 0.748927
-0.032012 0.748927
-0.029034 0.748927
-0.026056 0.748927
-0.023078 0.748927
-0.020100 0.748927
-0.017123 0.748927
-0.014145 0.748927
-0.011167 0.748927
-0.008189 0.748927
-0.005211 0.748927
0.017123 0.748927
0.023078 0.748927
0.026056 0.748927
0.029034 0.748927
-0.137725 0.747438
-0.134747 0.747438
-0.124325 0.747438
-0.121347 0.747438
-0.118369 0.747438
-0.115391 0.747438
-0.112413 0.747438
-0.109436 0.747438
-0.106458 0.747438
-0.103480 0.747438
-0.100502 0.747438
-0.097524 0.747438
-0.094546 0.747438
-0.091569 0.747438
-0.088591 0.747438
-0.085613 0.747438
-0.081146 0.747438
-0.076679 0.747438
-0.073702 0.747438
-0.060301 0.747438
-0.051368 0.747438
-0.048390 0.747438
-0.045412 0.747438
-0.042434 0.747438
-0.039456 0.747438
-0.036479 0.747438
-0.033501 0.747438
-0.030523 0.747438
-0.027545 0.747438
-0.024567 0.747438
-0.021589 0.747438
-0.018611 0.747438
-0.015634 0.747438
-0.012656 0.747438
-0.009678 0.747438
-0.006700 0.747438
0.018611 0.747438
0.024567 0.747438
0.027545 0.747438
0.030523 0.747438
-0.137725 0.745949
-0.134747 0.745949
-0.122836 0.745949
-0.119858 0.745949
-0.116880 0.745949
-0.113902 0.745949
-0.110925 0.745949
-0.107947 0.745949
-0.104969 0.745949
-0.101991 0.745949
-0.099013 0.745949
-0.096035 0.745949
-0.093057 0.745949
-0.090080 0.745949
-0.087102 0.745949
-0.084124 0.745949
-0.081146 0.745949
-0.078168 0.745949
-0.075190 0.745949
-0.064768 0.745949
-0.061790 0.745949
-0.058812 0.745949
-0.054346 0.745949
-0.051368 0.745949
-0.048390 0.745949
-0.045412 0.745949
-0.042434 0.745949
-0.039456 0.745949
-0.036479 0.745949
-0.033501 0.745949
-0.030523 0.745949
-0.027545 0.745949
-0.024567 0.745949
-0.021589 0.745949
-0.018611 0.745949
-0.015634 0.745949
-0.012656 0.745949
-0.009678 0.745949
-0.006700 0.745949
0.018611 0.745949
0.026056 0.745949
0.029034 0.745949
0.032012 0.745949
-0.136236 0.744460
-0.122836 0.744460
-0.119858 0.744460
-0.116880 0.744460
-0.113902 0.744460
-0.110925 0.744460
-0.107947 0.744460
-0.104969 0.744460
-0.101991 0.744460
-0.099013 0.744460
-0.096035 0.744460
-0.093057 0.744460
-0.090080 0.744460
-0.087102 0.744460
-0.084124 0.744460
-0.081146 0.744460
-0.078168 0.744460
-0.075190 0.744460
-0.072213 0.744460
-0.069235 0.744460
-0.066257 0.744460
-0.063279 0.744460
-0.060301 0.744460
-0.057323 0.744460
-0.054346 0.744460
-0.051368 0.744460
-0.048390 0.744460
-0.045412 0.744460
-0.042434 0.744460
-0.039456 0.744460
-0.036479 0.744460
-0.033501 0.744460
-0.030523 0.744460
-0.027545 0.744460
-0.024567 0.744460
-0.021589 0.744460
-0.018611 0.744460
-0.015634 0.744460
-0.012656 0.744460
-0.009678 0.744460
-0.006700 0.744460
0.018611 0.744460
0.026056 0.744460
0.029034 0.744460
0.032012 0.744460
0.034990 0.744460
-0.134747 0.742971
-0.119858 0.742971
-0.116880 0.742971
-0.113902 0.742971
-0.110925 0.742971
-0.107947 0.742971
-0.103480 0.742971
-0.100502 0.742971
-0.097524 0.742971
-0.094546 0.742971
-0.091569 0.742971
-0.088591 0.742971
-0.085613 0.742971
-0.082635 0.742971
-0.079657 0.742971
-0.076679 0.742971
-0.073702 0.742971
-0.070724 0.742971
-0.067746 0.742971
-0.064768 0.742971
-0.061790 0.742971
-0.058812 0.742971
-0.055834 0.742971
-0.052857 0.742971
-0.049879 0.742971
-0.046901 0.742971
-0.043923 0.742971
-0.040945 0.742971
-0.037967 0.742971
-0.034990 0.742971
-0.032012 0.742971
-0.029034 0.742971
-0.026056 0.742971
-0.023078 0.742971
-0.020100 0.742971
-0.017123 0.742971
-0.014145 0.742971
-0.011167 0.742971
-0.008189 0.742971
0.018611 0.742971
0.026056 0.742971
0.029034 0.742971
0.033501 0.742971
0.036479 0.742971
-0.134747 0.741482
-0.118369 0.741482
-0.115391 0.741482
-0.112413 0.741482
-0.109436 0.741482
-0.106458 0.741482
-0.103480 0.741482
-0.100502 0.741482
-0.097524 0.741482
-0.094546 0.741482
-0.091569 0.741482
-0.088591 0.741482
-0.085613 0.741482
-0.082635 0.741482
-0.079657 0.741482
-0.076679 0.741482
-0.073702 0.741482
-0.070724 0.741482
-0.067746 0.741482
-0.064768 0.741482
-0.061790 0.741482
-0.058812 0.741482
-0.055834 0.741482
-0.052857 0.741482
-0.049879 0.741482
-0.046901 0.741482
-0.043923 0.741482
-0.040945 0.741482
-0.037967 0.741482
-0.034990 0.741482
-0.032012 0.741482
-0.029034 0.741482
-0.024567 0.741482
-0.021589 0.741482
-0.018611 0.741482
-0.015634 0.741482
-0.012656 0.741482
-0.009678 0.741482
0.017123 0.741482
0.026056 0.741482
0.029034 0.741482
0.032012 0.741482
0.036479 0.741482
-0.136236 0.739993
-0.133258 0.739993
-0.115391 0.739993
-0.112413 0.739993
-0.109436 0.739993
-0.106458 0.739993
-0.103480 0.739993
-0.100502 0.739993
-0.093057 0.739993
-0.090080 0.739993
-0.087102 0.739993
-0.084124 0.739993
-0.081146 0.739993
-0.078168 0.739993
-0.075190 0.739993
-0.072213 0.739993
-0.069235 0.739993
-0.066257 0.739993
-0.063279 0.739993
-0.060301 0.739993
-0.057323 0.739993
-0.054346 0.739993
-0.051368 0.739993
-0.048390 0.739993
-0.045412 0.739993
-0.042434 0.739993
-0.039456 0.739993
-0.036479 0.739993
-0.033501 0.739993
-0.030523 0.739993
-0.027545 0.739993
-0.024567 0.739993
-0.021589 0.739993
-0.018611 0.739993
-0.015634 0.739993
-0.012656 0.739993
0.015634 0.739993
0.018611 0.739993
0.027545 0.739993
0.030523 0.739993
0.033501 0.739993
0.036479 0.739993
-0.136236 0.738504
-0.133258 0.738504
-0.113902 0.738504
-0.110925 0.738504
-0.107947 0.738504
-0.104969 0.738504
-0.101991 0.738504
-0.099013 0.738504
-0.096035 0.738504
-0.093057 0.738504
-0.087102 0.738504
-0.084124 0.738504
-0.081146 0.738504
-0.078168 0.738504
-0.075190 0.738504
-0.072213 0.738504
-0.069235 0.738504
-0.066257 0.738504
-0.063279 0.738504
-0.060301 0.738504
-0.057323 0.738504
-0.054346 0.738504
-0.051368 0.738504
-0.048390 0.738504
-0.045412 0.738504
-0.042434 0.738504
-0.039456 0.738504
-0.036479 0.738504
-0.033501 0.738504
-0.030523 0.738504
-0.027545 0.738504
-0.024567 0.738504
-0.021589 0.738504
-0.018611 0.738504
-0.015634 0.738504
-0.012656 0.738504
0.017123 0.738504
0.027545 0.738504
0.030523 0.738504
0.033501 0.738504
0.037967 0.738504
-0.134747 0.737015
-0.112413 0.737015
-0.109436 0.737015
-0.106458 0.737015
-0.103480 0.737015
-0.100502 0.737015
-0.097524 0.737015
-0.094546 0.737015
-0.091569 0.737015
-0.088591 0.737015
-0.085613 0.737015
-0.082635 0.737015
-0.079657 0.737015
-0.076679 0.737015
-0.073702 0.737015
-0.070724 0.737015
-0.067746 0.737015
-0.064768 0.737015
-0.061790 0.737015
-0.058812 0.737015
-0.055834 0.737015
-0.052857 0.737015
-0.049879 0.737015
-0.046901 0.737015
-0.043923 0.737015
-0.040945 0.737015
-0.037967 0.737015
-0.034990 0.737015
-0.032012 0.737015
-0.029034 0.737015
-0.026056 0.737015
-0.023078 0.737015
-0.020100 0.737015
-0.017123 0.737015
-0.014145 0.737015
0.015634 0.737015
0.027545 0.737015
0.030523 0.737015
0.033501 0.737015
0.039456 0.737015
-0.134747 0.735526
-0.110925 0.735526
-0.107947 0.735526
-0.104969 0.735526
-0.101991 0.735526
-0.099013 0.735526
-0.096035 0.735526
-0.093057 0.735526
-0.087102 0.735526
-0.084124 0.735526
-0.081146 0.735526
-0.078168 0.735526
-0.075190 0.735526
-0.072213 0.735526
-0.069235 0.735526
-0.066257 0.735526
-0.063279 0.735526
-0.060301 0.735526
-0.057323 0.735526
-0.054346 0.735526
-0.051368 0.735526
-0.048390 0.735526
-0.045412 0.735526
-0.042434 0.735526
-0.039456 0.735526
-0.036479 0.735526
-0.033501 0.735526
-0.030523 0.735526
-0.027545 0.735526
-0.024567 0.735526
-0.021589 0.735526
-0.018611 0.735526
0.014145 0.735526
0.017123 0.735526
0.029034 0.735526
0.032012 0.735526
0.034990 0.735526
0.040945 0.735526
-0.134747 0.734037
-0.107947 0.734037
-0.104969 0.734037
-0.101991 0.734037
-0.099013 0.734037
-0.096035 0.734037
-0.093057 0.734037
-0.090080 0.734037
-0.087102 0.734037
-0.084124 0.734037
-0.081146 0.734037
-0.078168 0.734037
-0.075190 0.734037
-0.072213 0.734037
-0.069235 0.734037
-0.066257 0.734037
-0.063279 0.734037
-0.060301 0.734037
-0.057323 0.734037
-0.054346 0.734037
-0.051368 0.734037
-0.048390 0.734037
-0.045412 0.734037
-0.042434 0.734037
-0.039456 0.734037
-0.036479 0.734037
-0.033501 0.734037
-0.030523 0.734037
-0.027545 0.734037
-0.024567 0.734037
-0.021589 0.734037
-0.018611 0.734037
0.014145 0.734037
0.027545 0.734037
0.030523 0.734037
0.033501 0.734037
0.036479 0.734037
0.040945 0.734037
-0.134747 0.732548
-0.110925 0.732548
-0.104969 0.732548
-0.101991 0.732548
-0.099013 0.732548
-0.096035 0.732548
-0.093057 0.732548
-0.090080 0.732548
-0.087102 0.732548
-0.084124 0.732548
-0.081146 0.732548
-0.078168 0.732548
-0.075190 0.732548
-0.072213 0.732548
-0.069235 0.732548
-0.066257 0.732548
-0.063279 0.732548
-0.060301 0.732548
-0.057323 0.732548
-0.054346 0.732548
-0.051368 0.732548
-0.048390 0.732548
-0.045412 0.732548
-0.042434 0.732548
-0.039456 0.732548
-0.036479 0.732548
-0.033501 0.732548
-0.030523 0.732548
-0.027545 0.732548
-0.024567 0.732548
-0.021589 0.732548
0.012656 0.732548
0.015634 0.732548
0.030523 0.732548
0.033501 0.732548
0.036479 0.732548
0.042434 0.732548
-0.134747 0.731060
-0.131769 0.731060
-0.109436 0.731060
-0.106458 0.731060
-0.103480 0.731060
-0.100502 0.731060
-0.097524 0.731060
-0.094546 0.731060
-0.091569 0.731060
-0.088591 0.731060
-0.085613 0.731060
-0.082635 0.731060
-0.079657 0.731060
-0.076679 0.731060
-0.073702 0.731060
-0.070724 0.731060
-0.067746 0.731060
-0.064768 0.731060
-0.061790 0.731060
-0.058812 0.731060
-0.055834 0.731060
-0.052857 0.731060
-0.049879 0.731060
-0.046901 0.731060
-0.043923 0.731060
-0.040945 0.731060
-0.037967 0.731060
-0.034990 0.731060
-0.032012 0.731060
-0.029034 0.731060
-0.026056 0.731060
-0.023078 0.731060
-0.020100 0.731060
0.012656 0.731060
0.029034 0.731060
0.032012 0.731060
0.034990 0.731060
0.037967 0.731060
0.043923 0.731060
-0.136236 0.729571
-0.133258 0.729571
-0.110925 0.729571
-0.107947 0.729571
-0.104969 0.729571
-0.101991 0.729571
-0.099013 0.729571
-0.094546 0.729571
-0.091569 0.729571
-0.088591 0.729571
-0.085613 0.729571
-0.082635 0.729571
-0.079657 0.729571
-0.076679 0.729571
-0.073702 0.729571
-0.070724 0.729571
-0.067746 0.729571
-0.064768 0.729571
-0.061790 0.729571
-0.058812 0.729571
-0.055834 0.729571
-0.052857 0.729571
-0.049879 0.729571
-0.046901 0.729571
-0.043923 0.729571
-0.040945 0.729571
-0.037967 0.729571
-0.034990 0.729571
-0.032012 0.729571
-0.029034 0.729571
-0.023078 0.729571
-0.020100 0.729571
0.012656 0.729571
0.029034 0.729571
0.032012 0.729571
0.034990 0.729571
0.037967 0.729571
0.043923 0.729571
0.046901 0.729571
-0.136236 0.728082
-0.133258 0.728082
-0.104969 0.728082
-0.101991 0.728082
-0.099013 0.728082
-0.096035 0.728082
-0.093057 0.728082
-0.090080 0.728082
-0.087102 0.728082
-0.084124 0.728082
-0.081146 0.728082
-0.078168 0.728082
-0.075190 0.728082
-0.072213 0.728082
-0.069235 0.728082
-0.066257 0.728082
-0.063279 0.728082
-0.060301 0.728082
-0.057323 0.728082
-0.054346 0.728082
-0.051368 0.728082
-0.048390 0.728082
-0.045412 0.728082
-0.042434 0.728082
-0.039456 0.728082
-0.036479 0.728082
-0.033501 0.728082
-0.030523 0.728082
-0.024567 0.728082
0.009678 0.728082
0.012656 0.728082
0.032012 0.728082
0.034990 0.728082
0.037967 0.728082
0.045412 0.728082
0.048390 0.728082
-0.137725 0.726593
-0.134747 0.726593
-0.131769 0.726593
-0.099013 0.726593
-0.096035 0.726593
-0.093057 0.726593
-0.090080 0.726593
-0.087102 0.726593
-0.084124 0.726593
-0.081146 0.726593
-0.078168 0.726593
-0.075190 0.726593
-0.072213 0.726593
-0.069235 0.726593
-0.066257 0.726593
-0.063279 0.726593
-0.060301 0.726593
-0.057323 0.726593
-0.054346 0.726593
-0.051368 0.726593
-0.048390 0.726593
-0.045412 0.726593
-0.042434 0.726593
-0.039456 0.726593
-0.036479 0.726593
-0.033501 0.726593
-0.030523 0.726593
-0.027545 0.726593
-0.024567 0.726593
0.009678 0.726593
0.012656 0.726593
0.032012 0.726593
0.034990 0.726593
0.037967 0.726593
0.043923 0.726593
0.046901 0.726593
0.049879 0.726593
-0.139214 0.725104
-0.136236 0.725104
-0.131769 0.725104
-0.097524 0.725104
-0.093057 0.725104
-0.090080 0.725104
-0.087102 0.725104
-0.084124 0.725104
-0.081146 0.725104
-0.078168 0.725104
-0.075190 0.725104
-0.072213 0.725104
-0.069235 0.725104
-0.066257 0.725104
-0.063279 0.725104
-0.060301 0.725104
-0.057323 0.725104
-0.052857 0.725104
-0.049879 0.725104
-0.046901 0.725104
-0.043923 0.725104
-0.040945 0.725104
-0.036479 0.725104
-0.033501 0.725104
-0.030523 0.725104
-0.027545 0.725104
0.008189 0.725104
0.011167 0.725104
0.032012 0.725104
0.034990 0.725104
0.037967 0.725104
0.045412 0.725104
0.048390 0.725104
0.051368 0.725104
-0.140703 0.723615
-0.137725 0.723615
-0.134747 0.723615
-0.130280 0.723615
-0.094546 0.723615
-0.090080 0.723615
-0.087102 0.723615
-0.084124 0.723615
-0.081146 0.723615
-0.078168 0.723615
-0.075190 0.723615
-0.072213 0.723615
-0.069235 0.723615
-0.066257 0.723615
-0.063279 0.723615
-0.060301 0.723615
-0.057323 0.723615
-0.054346 0.723615
-0.051368 0.723615
-0.048390 0.723615
-0.045412 0.723615
-0.042434 0.723615
-0.037967 0.723615
-0.034990 0.723615
-0.032012 0.723615
-0.029034 0.723615
0.006700 0.723615
0.009678 0.723615
0.030523 0.723615
0.033501 0.723615
0.036479 0.723615
0.039456 0.723615
0.048390 0.723615
0.051368 0.723615
0.054346 0.723615
-0.140703 0.722126
-0.137725 0.722126
-0.134747 0.722126
-0.130280 0.722126
-0.094546 0.722126
-0.088591 0.722126
-0.085613 0.722126
-0.082635 0.722126
-0.079657 0.722126
-0.076679 0.722126
-0.073702 0.722126
-0.070724 0.722126
-0.067746 0.722126
-0.064768 0.722126
-0.061790 0.722126
-0.058812 0.722126
-0.055834 0.722126
-0.052857 0.722126
-0.049879 0.722126
-0.046901 0.722126
-0.043923 0.722126
-0.040945 0.722126
-0.037967 0.722126
-0.034990 0.722126
-0.032012 0.722126
0.006700 0.722126
0.009678 0.722126
0.033501 0.722126
0.036479 0.722126
0.039456 0.722126
0.046901 0.722126
0.049879 0.722126
0.052857 0.722126
0.055834 0.722126
-0.142192 0.720637
-0.137725 0.720637
-0.131769 0.720637
-0.094546 0.720637
-0.091569 0.720637
-0.082635 0.720637
-0.079657 0.720637
-0.076679 0.720637
-0.073702 0.720637
-0.070724 0.720637
-0.067746 0.720637
-0.064768 0.720637
-0.061790 0.720637
-0.058812 0.720637
-0.055834 0.720637
-0.052857 0.720637
-0.049879 0.720637
-0.046901 0.720637
-0.040945 0.720637
0.005211 0.720637
0.008189 0.720637
0.032012 0.720637
0.034990 0.720637
0.037967 0.720637
0.040945 0.720637
0.049879 0.720637
0.054346 0.720637
0.057323 0.720637
-0.142192 0.719148
-0.137725 0.719148
-0.131769 0.719148
-0.128792 0.719148
-0.094546 0.719148
-0.091569 0.719148
-0.078168 0.719148
-0.075190 0.719148
-0.057323 0.719148
-0.054346 0.719148
-0.051368 0.719148
-0.029034 0.719148
0.002233 0.719148
0.005211 0.719148
0.008189 0.719148
0.033501 0.719148
0.036479 0.719148
0.039456 0.719148
0.048390 0.719148
0.054346 0.719148
0.057323 0.719148
-0.145170 0.717659
-0.142192 0.717659
-0.137725 0.717659
-0.130280 0.717659
-0.078168 0.717659
-0.060301 0.717659
-0.057323 0.717659
-0.054346 0.717659
0.000744 0.717659
0.003722 0.717659
0.006700 0.717659
0.034990 0.717659
0.037967 0.717659
0.040945 0.717659
0.055834 0.717659
0.058812 0.717659
0.061790 0.717659
-0.145170 0.716170
-0.139214 0.716170
-0.136236 0.716170
-0.128792 0.716170
0.000744 0.716170
0.003722 0.716170
0.006700 0.716170
0.034990 0.716170
0.037967 0.716170
0.040945 0.716170
0.058812 0.716170
0.061790 0.716170
-0.146659 0.714681
-0.139214 0.714681
-0.136236 0.714681
-0.128792 0.714681
-0.063279 0.714681
-0.057323 0.714681
-0.054346 0.714681
-0.000744 0.714681
0.002233 0.714681
0.005211 0.714681
0.034990 0.714681
0.037967 0.714681
0.040945 0.714681
0.060301 0.714681
0.063279 0.714681
-0.148148 0.713193
-0.145170 0.713193
-0.139214 0.713193
-0.136236 0.713193
-0.128792 0.713193
-0.058812 0.713193
-0.055834 0.713193
-0.052857 0.713193
-0.000744 0.713193
0.002233 0.713193
0.005211 0.713193
0.034990 0.713193
0.037967 0.713193
0.040945 0.713193
0.061790 0.713193
0.064768 0.713193
0.067746 0.713193
-0.146659 0.711704
-0.139214 0.711704
-0.136236 0.711704
-0.127303 0.711704
-0.058812 0.711704
-0.020100 0.711704
-0.002233 0.711704
0.000744 0.711704
0.003722 0.711704
0.034990 0.711704
0.037967 0.711704
0.040945 0.711704
0.043923 0.711704
0.066257 0.711704
0.069235 0.711704
-0.148148 0.710215
-0.142192 0.710215
-0.139214 0.710215
-0.136236 0.710215
-0.127303 0.710215
-0.124325 0.710215
-0.058812 0.710215
-0.055834 0.710215
-0.002233 0.710215
0.000744 0.710215
0.003722 0.710215
0.034990 0.710215
0.037967 0.710215
0.040945 0.710215
0.043923 0.710215
0.067746 0.710215
0.070724 0.710215
-0.151125 0.708726
-0.148148 0.708726
-0.140703 0.708726
-0.137725 0.708726
-0.127303 0.708726
-0.124325 0.708726
-0.061790 0.708726
-0.039456 0.708726
-0.006700 0.708726
-0.003722 0.708726
-0.000744 0.708726
0.002233 0.708726
0.034990 0.708726
0.037967 0.708726
0.040945 0.708726
0.043923 0.708726
0.069235 0.708726
0.072213 0.708726
-0.151125 0.707237
-0.148148 0.707237
-0.140703 0.707237
-0.137725 0.707237
-0.124325 0.707237
-0.040945 0.707237
-0.005211 0.707237
-0.002233 0.707237
0.000744 0.707237
0.034990 0.707237
0.037967 0.707237
0.040945 0.707237
0.066257 0.707237
0.072213 0.707237
0.075190 0.707237
-0.151125 0.705748
-0.142192 0.705748
-0.139214 0.705748
-0.125814 0.705748
-0.122836 0.705748
-0.058812 0.705748
-0.006700 0.705748
-0.003722 0.705748
-0.000744 0.705748
0.033501 0.705748
0.036479 0.705748
0.039456 0.705748
0.045412 0.705748
0.067746 0.705748
0.073702 0.705748
0.076679 0.705748
0.079657 0.705748
-0.151125 0.704259
-0.143681 0.704259
-0.140703 0.704259
-0.137725 0.704259
-0.124325 0.704259
-0.121347 0.704259
-0.060301 0.704259
-0.051368 0.704259
-0.011167 0.704259
-0.008189 0.704259
-0.005211 0.704259
-0.002233 0.704259
0.033501 0.704259
0.036479 0.704259
0.039456 0.704259
0.045412 0.704259
0.069235 0.704259
0.075190 0.704259
0.078168 0.704259
0.081146 0.704259
0.084124 0.704259
-0.152614 0.702770
-0.143681 0.702770
-0.140703 0.702770
-0.137725 0.702770
-0.122836 0.702770
-0.119858 0.702770
-0.064768 0.702770
-0.061790 0.702770
-0.058812 0.702770
-0.052857 0.702770
-0.011167 0.702770
-0.008189 0.702770
-0.005211 0.702770
-0.002233 0.702770
0.033501 0.702770
0.036479 0.702770
0.039456 0.702770
0.067746 0.702770
0.070724 0.702770
0.076679 0.702770
0.079657 0.702770
0.082635 0.702770
0.085613 0.702770
0.088591 0.702770
-0.154103 0.701281
-0.151125 0.701281
-0.142192 0.701281
-0.139214 0.701281
-0.122836 0.701281
-0.119858 0.701281
-0.063279 0.701281
-0.060301 0.701281
-0.057323 0.701281
-0.054346 0.701281
-0.014145 0.701281
-0.011167 0.701281
-0.008189 0.701281
-0.005211 0.701281
-0.002233 0.701281
0.034990 0.701281
0.037967 0.701281
0.040945 0.701281
0.070724 0.701281
0.076679 0.701281
0.079657 0.701281
0.084124 0.701281
0.087102 0.701281
0.090080 0.701281
0.093057 0.701281
-0.155592 0.699792
-0.152614 0.699792
-0.142192 0.699792
-0.139214 0.699792
-0.122836 0.699792
-0.119858 0.699792
-0.060301 0.699792
-0.057323 0.699792
-0.015634 0.699792
-0.012656 0.699792
-0.009678 0.699792
-0.006700 0.699792
-0.003722 0.699792
0.033501 0.699792
0.036479 0.699792
0.039456 0.699792
0.070724 0.699792
0.078168 0.699792
0.085613 0.699792
0.088591 0.699792
0.091569 0.699792
0.094546 0.699792
0.097524 0.699792
-0.158570 0.698303
-0.155592 0.698303
-0.152614 0.698303
-0.142192 0.698303
-0.139214 0.698303
-0.121347 0.698303
-0.118369 0.698303
-0.063279 0.698303
-0.060301 0.698303
-0.057323 0.698303
-0.020100 0.698303
-0.012656 0.698303
-0.009678 0.698303
-0.006700 0.698303
-0.003722 0.698303
0.036479 0.698303
0.039456 0.698303
0.073702 0.698303
0.079657 0.698303
0.088591 0.698303
0.091569 0.698303
0.094546 0.698303
0.097524 0.698303
0.100502 0.698303
-0.161548 0.696814
-0.158570 0.696814
-0.155592 0.696814
-0.152614 0.696814
-0.143681 0.696814
-0.140703 0.696814
-0.137725 0.696814
-0.118369 0.696814
-0.064768 0.696814
-0.061790 0.696814
-0.023078 0.696814
-0.014145 0.696814
-0.011167 0.696814
-0.008189 0.696814
-0.005211 0.696814
0.034990 0.696814
0.037967 0.696814
0.040945 0.696814
0.079657 0.696814
0.082635 0.696814
0.091569 0.696814
0.094546 0.696814
0.097524 0.696814
0.100502 0.696814
0.103480 0.696814
-0.163037 0.695325
-0.160059 0.695325
-0.155592 0.695325
-0.145170 0.695325
-0.142192 0.695325
-0.139214 0.695325
-0.119858 0.695325
-0.116880 0.695325
-0.026056 0.695325
-0.017123 0.695325
-0.011167 0.695325
-0.008189 0.695325
-0.005211 0.695325
0.036479 0.695325
0.039456 0.695325
0.075190 0.695325
0.082635 0.695325
0.087102 0.695325
0.096035 0.695325
0.099013 0.695325
0.101991 0.695325
0.104969 0.695325
0.107947 0.695325
-0.164526 0.693837
-0.161548 0.693837
-0.157081 0.693837
-0.154103 0.693837
-0.143681 0.693837
-0.140703 0.693837
-0.137725 0.693837
-0.116880 0.693837
-0.113902 0.693837
-0.014145 0.693837
-0.011167 0.693837
-0.008189 0.693837
0.034990 0.693837
0.037967 0.693837
0.040945 0.693837
0.082635 0.693837
0.088591 0.693837
0.094546 0.693837
0.103480 0.693837
0.106458 0.693837
0.109436 0.693837
0.112413 0.693837
-0.166015 0.692348
-0.163037 0.692348
-0.158570 0.692348
-0.155592 0.692348
-0.143681 0.692348
-0.140703 0.692348
-0.118369 0.692348
-0.115391 0.692348
-0.014145 0.692348
-0.011167 0.692348
-0.008189 0.692348
0.034990 0.692348
0.037967 0.692348
0.040945 0.692348
0.078168 0.692348
0.084124 0.692348
0.090080 0.692348
0.097524 0.692348
0.107947 0.692348
0.110925 0.692348
0.113902 0.692348
0.116880 0.692348
0.119858 0.692348
-0.166015 0.690859
-0.160059 0.690859
-0.157081 0.690859
-0.145170 0.690859
-0.142192 0.690859
-0.139214 0.690859
-0.115391 0.690859
-0.112413 0.690859
-0.014145 0.690859
-0.011167 0.690859
-0.008189 0.690859
0.036479 0.690859
0.039456 0.690859
0.078168 0.690859
0.085613 0.690859
0.099013 0.690859
0.101991 0.690859
0.113902 0.690859
0.116880 0.690859
0.119858 0.690859
0.122836 0.690859
-0.170481 0.689370
-0.167503 0.689370
-0.161548 0.689370
-0.155592 0.689370
-0.143681 0.689370
-0.140703 0.689370
-0.116880 0.689370
-0.113902 0.689370
-0.110925 0.689370
-0.014145 0.689370
-0.011167 0.689370
0.033501 0.689370
0.036479 0.689370
0.039456 0.689370
0.078168 0.689370
0.085613 0.689370
0.100502 0.689370
0.103480 0.689370
0.106458 0.689370
0.119858 0.689370
0.122836 0.689370
0.125814 0.689370
0.128792 0.689370
-0.171970 0.687881
-0.168992 0.687881
-0.163037 0.687881
-0.157081 0.687881
-0.143681 0.687881
-0.140703 0.687881
-0.115391 0.687881
-0.112413 0.687881
-0.017123 0.687881
-0.014145 0.687881
-0.011167 0.687881
0.033501 0.687881
0.036479 0.687881
0.039456 0.687881
0.079657 0.687881
0.087102 0.687881
0.106458 0.687881
0.109436 0.687881
0.122836 0.687881
0.125814 0.687881
0.128792 0.687881
0.131769 0.687881
-0.176437 0.686392
-0.173459 0.686392
-0.170481 0.686392
-0.164526 0.686392
-0.157081 0.686392
-0.145170 0.686392
-0.142192 0.686392
-0.139214 0.686392
-0.113902 0.686392
-0.110925 0.686392
-0.018611 0.686392
-0.015634 0.686392
-0.012656 0.686392
0.033501 0.686392
0.036479 0.686392
0.040945 0.686392
0.087102 0.686392
0.090080 0.686392
0.127303 0.686392
0.130280 0.686392
0.133258 0.686392
0.136236 0.686392
-0.179415 0.684903
-0.176437 0.684903
-0.173459 0.684903
-0.170481 0.684903
-0.146659 0.684903
-0.143681 0.684903
-0.140703 0.684903
-0.113902 0.684903
-0.110925 0.684903
-0.018611 0.684903
-0.015634 0.684903
-0.012656 0.684903
0.036479 0.684903
0.040945 0.684903
0.090080 0.684903
0.106458 0.684903
0.131769 0.684903
0.134747 0.684903
0.137725 0.684903
0.140703 0.684903
-0.180904 0.683414
-0.177926 0.683414
-0.174948 0.683414
-0.171970 0.683414
-0.158570 0.683414
-0.145170 0.683414
-0.142192 0.683414
-0.139214 0.683414
-0.112413 0.683414
-0.109436 0.683414
-0.015634 0.683414
-0.012656 0.683414
0.036479 0.683414
0.040945 0.683414
0.091569 0.683414
0.136236 0.683414
0.139214 0.683414
0.142192 0.683414
0.145170 0.683414
-0.185370 0.681925
-0.182393 0.681925
-0.179415 0.681925
-0.176437 0.681925
-0.168992 0.681925
-0.146659 0.681925
-0.143681 0.681925
-0.140703 0.681925
-0.112413 0.681925
-0.109436 0.681925
-0.106458 0.681925
-0.018611 0.681925
-0.015634 0.681925
0.034990 0.681925
0.037967 0.681925
0.040945 0.681925
0.091569 0.681925
0.139214 0.681925
0.142192 0.681925
0.145170 0.681925
0.148148 0.681925
-0.189837 0.680436
-0.186859 0.680436
-0.183882 0.680436
-0.180904 0.680436
-0.177926 0.680436
-0.174948 0.680436
-0.145170 0.680436
-0.142192 0.680436
-0.139214 0.680436
-0.110925 0.680436
-0.107947 0.680436
-0.020100 0.680436
-0.017123 0.680436
-0.014145 0.680436
0.036479 0.680436
0.039456 0.680436
0.093057 0.680436
0.145170 0.680436
0.148148 0.680436
0.151125 0.680436
0.154103 0.680436
-0.192815 0.678947
-0.189837 0.678947
-0.186859 0.678947
-0.183882 0.678947
-0.179415 0.678947
-0.176437 0.678947
-0.148148 0.678947
-0.145170 0.678947
-0.142192 0.678947
-0.139214 0.678947
-0.109436 0.678947
-0.106458 0.678947
-0.103480 0.678947
-0.020100 0.678947
-0.017123 0.678947
0.034990 0.678947
0.037967 0.678947
0.093057 0.678947
0.096035 0.678947
0.149636 0.678947
0.152614 0.678947
0.155592 0.678947
0.158570 0.678947
-0.194304 0.677458
-0.191326 0.677458
-0.188348 0.677458
-0.182393 0.677458
-0.179415 0.677458
-0.173459 0.677458
-0.146659 0.677458
-0.143681 0.677458
-0.140703 0.677458
-0.109436 0.677458
-0.106458 0.677458
-0.103480 0.677458
-0.018611 0.677458
-0.015634 0.677458
0.036479 0.677458
0.039456 0.677458
0.094546 0.677458
0.152614 0.677458
0.155592 0.677458
0.158570 0.677458
0.161548 0.677458
-0.198771 0.675970
-0.195793 0.675970
-0.192815 0.675970
-0.189837 0.675970
-0.183882 0.675970
-0.180904 0.675970
-0.174948 0.675970
-0.146659 0.675970
-0.143681 0.675970
-0.140703 0.675970
-0.109436 0.675970
-0.106458 0.675970
-0.103480 0.675970
-0.023078 0.675970
-0.018611 0.675970
0.033501 0.675970
0.036479 0.675970
0.039456 0.675970
0.094546 0.675970
0.097524 0.675970
0.158570 0.675970
0.161548 0.675970
0.164526 0.675970
0.167503 0.675970
-0.200260 0.674481
-0.197282 0.674481
-0.194304 0.674481
-0.188348 0.674481
-0.185370 0.674481
-0.182393 0.674481
-0.176437 0.674481
-0.146659 0.674481
-0.143681 0.674481
-0.140703 0.674481
-0.107947 0.674481
-0.104969 0.674481
-0.101991 0.674481
-0.020100 0.674481
-0.017123 0.674481
0.034990 0.674481
0.037967 0.674481
0.096035 0.674481
0.099013 0.674481
0.163037 0.674481
0.166015 0.674481
0.168992 0.674481
0.171970 0.674481
-0.201749 0.672992
-0.198771 0.672992
-0.191326 0.672992
-0.188348 0.672992
-0.185370 0.672992
-0.182393 0.672992
-0.148148 0.672992
-0.145170 0.672992
-0.142192 0.672992
-0.139214 0.672992
-0.106458 0.672992
-0.103480 0.672992
-0.100502 0.672992
-0.021589 0.672992
-0.018611 0.672992
-0.011167 0.672992
0.033501 0.672992
0.036479 0.672992
0.039456 0.672992
0.099013 0.672992
0.166015 0.672992
0.168992 0.672992
0.171970 0.672992
0.174948 0.672992
-0.206215 0.671503
-0.203238 0.671503
-0.200260 0.671503
-0.191326 0.671503
-0.188348 0.671503
-0.185370 0.671503
-0.179415 0.671503
-0.146659 0.671503
-0.143681 0.671503
-0.140703 0.671503
-0.106458 0.671503
-0.103480 0.671503
-0.100502 0.671503
-0.023078 0.671503
-0.020100 0.671503
-0.014145 0.671503
-0.011167 0.671503
-0.008189 0.671503
-0.005211 0.671503
0.034990 0.671503
0.037967 0.671503
0.099013 0.671503
0.170481 0.671503
0.173459 0.671503
0.176437 0.671503
0.179415 0.671503
-0.209193 0.670014
-0.206215 0.670014
-0.203238 0.670014
-0.195793 0.670014
-0.192815 0.670014
-0.188348 0.670014
-0.185370 0.670014
-0.179415 0.670014
-0.146659 0.670014
-0.143681 0.670014
-0.140703 0.670014
-0.106458 0.670014
-0.103480 0.670014
-0.100502 0.670014
-0.023078 0.670014
-0.020100 0.670014
-0.014145 0.670014
-0.005211 0.670014
-0.002233 0.670014
0.034990 0.670014
0.037967 0.670014
0.040945 0.670014
0.101991 0.670014
0.176437 0.670014
0.179415 0.670014
0.182393 0.670014
0.185370 0.670014
-0.210682 0.668525
-0.207704 0.668525
-0.204726 0.668525
-0.197282 0.668525
-0.194304 0.668525
-0.189837 0.668525
-0.186859 0.668525
-0.180904 0.668525
-0.148148 0.668525
-0.145170 0.668525
-0.142192 0.668525
-0.139214 0.668525
-0.103480 0.668525
-0.100502 0.668525
-0.024567 0.668525
-0.021589 0.668525
-0.017123 0.668525
-0.003722 0.668525
-0.000744 0.668525
0.033501 0.668525
0.036479 0.668525
0.039456 0.668525
0.042434 0.668525
0.101991 0.668525
0.177926 0.668525
0.180904 0.668525
0.183882 0.668525
0.186859 0.668525
0.189837 0.668525
-0.215149 0.667036
-0.212171 0.667036
-0.209193 0.667036
-0.200260 0.667036
-0.197282 0.667036
-0.194304 0.667036
-0.188348 0.667036
-0.182393 0.667036
-0.148148 0.667036
-0.145170 0.667036
-0.142192 0.667036
-0.139214 0.667036
-0.104969 0.667036
-0.101991 0.667036
-0.099013 0.667036
-0.026056 0.667036
-0.023078 0.667036
-0.018611 0.667036
-0.000744 0.667036
0.002233 0.667036
0.034990 0.667036
0.039456 0.667036
0.042434 0.667036
0.101991 0.667036
0.104969 0.667036
0.182393 0.667036
0.185370 0.667036
0.188348 0.667036
0.191326 0.667036
0.194304 0.667036
-0.218127 0.665547
-0.215149 0.665547
-0.212171 0.665547
-0.203238 0.665547
-0.200260 0.665547
-0.191326 0.665547
-0.149636 0.665547
-0.146659 0.665547
-0.143681 0.665547
-0.140703 0.665547
-0.115391 0.665547
-0.112413 0.665547
-0.109436 0.665547
-0.101991 0.665547
-0.099013 0.665547
-0.029034 0.665547
-0.024567 0.665547
-0.018611 0.665547
0.000744 0.665547
0.003722 0.665547
0.034990 0.665547
0.042434 0.665547
0.045412 0.665547
0.104969 0.665547
0.189837 0.665547
0.192815 0.665547
0.195793 0.665547
0.198771 0.665547
-0.221105 0.664058
-0.218127 0.664058
-0.215149 0.664058
-0.204726 0.664058
-0.200260 0.664058
-0.197282 0.664058
-0.191326 0.664058
-0.148148 0.664058
-0.145170 0.664058
-0.142192 0.664058
-0.118369 0.664058
-0.115391 0.664058
-0.109436 0.664058
-0.103480 0.664058
-0.100502 0.664058
-0.097524 0.664058
-0.032012 0.664058
-0.027545 0.664058
-0.024567 0.664058
-0.020100 0.664058
0.002233 0.664058
0.005211 0.664058
0.034990 0.664058
0.037967 0.664058
0.043923 0.664058
0.046901 0.664058
0.104969 0.664058
0.107947 0.664058
0.195793 0.664058
0.198771 0.664058
0.201749 0.664058
0.204726 0.664058
-0.224082 0.662569
-0.221105 0.662569
-0.218127 0.662569
-0.204726 0.662569
-0.200260 0.662569
-0.194304 0.662569
-0.151125 0.662569
-0.148148 0.662569
-0.145170 0.662569
-0.142192 0.662569
-0.119858 0.662569
-0.116880 0.662569
-0.106458 0.662569
-0.100502 0.662569
-0.097524 0.662569
-0.032012 0.662569
-0.027545 0.662569
-0.024567 0.662569
-0.020100 0.662569
0.003722 0.662569
0.006700 0.662569
0.034990 0.662569
0.037967 0.662569
0.046901 0.662569
0.049879 0.662569
0.107947 0.662569
0.200260 0.662569
0.203238 0.662569
0.206215 0.662569
0.209193 0.662569
-0.225571 0.661080
-0.222593 0.661080
-0.219616 0.661080
-0.203238 0.661080
-0.200260 0.661080
-0.194304 0.661080
-0.186859 0.661080
-0.151125 0.661080
-0.148148 0.661080
-0.145170 0.661080
-0.142192 0.661080
-0.122836 0.661080
-0.119858 0.661080
-0.106458 0.661080
-0.101991 0.661080
-0.099013 0.661080
-0.096035 0.661080
-0.093057 0.661080
-0.034990 0.661080
-0.030523 0.661080
-0.027545 0.661080
0.000744 0.661080
0.003722 0.661080
0.006700 0.661080
0.033501 0.661080
0.036479 0.661080
0.042434 0.661080
0.048390 0.661080
0.051368 0.661080
0.107947 0.661080
0.203238 0.661080
0.206215 0.661080
0.209193 0.661080
0.212171 0.661080
0.215149 0.661080
-0.227060 0.659591
-0.224082 0.659591
-0.221105 0.659591
-0.204726 0.659591
-0.197282 0.659591
-0.194304 0.659591
-0.188348 0.659591
-0.152614 0.659591
-0.146659 0.659591
-0.143681 0.659591
-0.140703 0.659591
-0.121347 0.659591
-0.103480 0.659591
-0.097524 0.659591
-0.094546 0.659591
-0.091569 0.659591
-0.030523 0.659591
-0.024567 0.659591
-0.000744 0.659591
0.002233 0.659591
0.006700 0.659591
0.009678 0.659591
0.033501 0.659591
0.036479 0.659591
0.042434 0.659591
0.051368 0.659591
0.107947 0.659591
0.110925 0.659591
0.210682 0.659591
0.213660 0.659591
0.216638 0.659591
0.219616 0.659591
-0.230038 0.658102
-0.227060 0.658102
-0.224082 0.658102
-0.207704 0.658102
-0.204726 0.658102
-0.197282 0.658102
-0.191326 0.658102
-0.155592 0.658102
-0.152614 0.658102
-0.146659 0.658102
-0.143681 0.658102
-0.140703 0.658102
-0.122836 0.658102
-0.119858 0.658102
-0.101991 0.658102
-0.093057 0.658102
-0.090080 0.658102
-0.033501 0.658102
-0.030523 0.658102
-0.002233 0.658102
0.002233 0.658102
0.005211 0.658102
0.009678 0.658102
0.033501 0.658102
0.036479 0.658102
0.051368 0.658102
0.054346 0.658102
0.110925 0.658102
0.213660 0.658102
0.216638 0.658102
0.219616 0.658102
0.222593 0.658102
-0.234505 0.656614
-0.231527 0.656614
-0.228549 0.656614
-0.210682 0.656614
-0.207704 0.656614
-0.198771 0.656614
-0.191326 0.656614
-0.155592 0.656614
-0.149636 0.656614
-0.145170 0.656614
-0.142192 0.656614
-0.125814 0.656614
-0.122836 0.656614
-0.118369 0.656614
-0.091569 0.656614
-0.088591 0.656614
-0.034990 0.656614
-0.032012 0.656614
0.000744 0.656614
0.009678 0.656614
0.032012 0.656614
0.034990 0.656614
0.040945 0.656614
0.054346 0.656614
0.110925 0.656614
0.113902 0.656614
0.219616 0.656614
0.222593 0.656614
0.225571 0.656614
0.228549 0.656614
-0.235994 0.655125
-0.233016 0.655125
-0.230038 0.655125
-0.210682 0.655125
-0.198771 0.655125
-0.158570 0.655125
-0.155592 0.655125
-0.146659 0.655125
-0.143681 0.655125
-0.140703 0.655125
-0.124325 0.655125
-0.121347 0.655125
-0.115391 0.655125
-0.087102 0.655125
-0.036479 0.655125
-0.033501 0.655125
-0.005211 0.655125
0.000744 0.655125
0.012656 0.655125
0.033501 0.655125
0.037967 0.655125
0.040945 0.655125
0.055834 0.655125
0.110925 0.655125
0.113902 0.655125
0.224082 0.655125
0.227060 0.655125
0.230038 0.655125
0.233016 0.655125
0.235994 0.655125
0.238972 0.655125
-0.238972 0.653636
-0.235994 0.653636
-0.233016 0.653636
-0.201749 0.653636
-0.160059 0.653636
-0.157081 0.653636
-0.145170 0.653636
-0.142192 0.653636
-0.127303 0.653636
-0.124325 0.653636
-0.121347 0.653636
-0.116880 0.653636
-0.113902 0.653636
-0.085613 0.653636
-0.034990 0.653636
-0.024567 0.653636
-0.008189 0.653636
-0.002233 0.653636
0.011167 0.653636
0.032012 0.653636
0.034990 0.653636
0.039456 0.653636
0.057323 0.653636
0.112413 0.653636
0.115391 0.653636
0.230038 0.653636
0.233016 0.653636
0.235994 0.653636
0.238972 0.653636
0.241949 0.653636
-0.241949 0.652147
-0.238972 0.652147
-0.235994 0.652147
-0.201749 0.652147
-0.160059 0.652147
-0.146659 0.652147
-0.143681 0.652147
-0.140703 0.652147
-0.125814 0.652147
-0.122836 0.652147
-0.119858 0.652147
-0.113902 0.652147
-0.084124 0.652147
-0.036479 0.652147
-0.009678 0.652147
-0.003722 0.652147
0.012656 0.652147
0.032012 0.652147
0.034990 0.652147
0.037967 0.652147
0.040945 0.652147
0.060301 0.652147
0.112413 0.652147
0.115391 0.652147
0.230038 0.652147
0.240461 0.652147
0.243438 0.652147
-0.244927 0.650658
-0.241949 0.650658
-0.238972 0.650658
-0.203238 0.650658
-0.161548 0.650658
-0.148148 0.650658
-0.145170 0.650658
-0.142192 0.650658
-0.128792 0.650658
-0.125814 0.650658
-0.122836 0.650658
-0.119858 0.650658
-0.113902 0.650658
-0.085613 0.650658
-0.082635 0.650658
-0.036479 0.650658
-0.011167 0.650658
-0.003722 0.650658
0.014145 0.650658
0.032012 0.650658
0.034990 0.650658
0.037967 0.650658
0.040945 0.650658
0.061790 0.650658
0.109436 0.650658
0.112413 0.650658
0.227060 0.650658
0.230038 0.650658
0.241949 0.650658
-0.249394 0.649169
-0.246416 0.649169
-0.243438 0.649169
-0.206215 0.649169
-0.203238 0.649169
-0.163037 0.649169
-0.148148 0.649169
-0.145170 0.649169
-0.142192 0.649169
-0.128792 0.649169
-0.124325 0.649169
-0.119858 0.649169
-0.112413 0.649169
-0.084124 0.649169
-0.081146 0.649169
-0.037967 0.649169
-0.003722 0.649169
0.015634 0.649169
0.033501 0.649169
0.036479 0.649169
0.039456 0.649169
0.063279 0.649169
0.107947 0.649169
0.110925 0.649169
0.113902 0.649169
0.228549 0.649169
0.243438 0.649169
-0.252372 0.647680
-0.249394 0.647680
-0.246416 0.647680
-0.207704 0.647680
-0.204726 0.647680
-0.198771 0.647680
-0.163037 0.647680
-0.146659 0.647680
-0.143681 0.647680
-0.140703 0.647680
-0.128792 0.647680
-0.124325 0.647680
-0.113902 0.647680
-0.109436 0.647680
-0.084124 0.647680
-0.081146 0.647680
-0.037967 0.647680
-0.005211 0.647680
0.017123 0.647680
0.033501 0.647680
0.036479 0.647680
0.039456 0.647680
0.066257 0.647680
0.107947 0.647680
0.110925 0.647680
0.227060 0.647680
0.241949 0.647680
0.244927 0.647680
-0.253861 0.646191
-0.250883 0.646191
-0.247905 0.646191
-0.207704 0.646191
-0.166015 0.646191
-0.148148 0.646191
-0.145170 0.646191
-0.142192 0.646191
-0.130280 0.646191
-0.119858 0.646191
-0.106458 0.646191
-0.082635 0.646191
-0.040945 0.646191
-0.018611 0.646191
-0.006700 0.646191
0.018611 0.646191
0.032012 0.646191
0.034990 0.646191
0.037967 0.646191
0.066257 0.646191
0.103480 0.646191
0.106458 0.646191
0.109436 0.646191
0.112413 0.646191
0.227060 0.646191
0.243438 0.646191
0.246416 0.646191
-0.256839 0.644702
-0.253861 0.644702
-0.250883 0.644702
-0.209193 0.644702
-0.167503 0.644702
-0.164526 0.644702
-0.146659 0.644702
-0.143681 0.644702
-0.140703 0.644702
-0.130280 0.644702
-0.118369 0.644702
-0.110925 0.644702
-0.081146 0.644702
-0.040945 0.644702
-0.020100 0.644702
0.017123 0.644702
0.020100 0.644702
0.032012 0.644702
0.034990 0.644702
0.037967 0.644702
0.067746 0.644702
0.070724 0.644702
0.103480 0.644702
0.106458 0.644702
0.109436 0.644702
0.112413 0.644702
0.227060 0.644702
0.243438 0.644702
0.246416 0.644702
-0.259816 0.643213
-0.256839 0.643213
-0.253861 0.643213
-0.210682 0.643213
-0.168992 0.643213
-0.166015 0.643213
-0.146659 0.643213
-0.143681 0.643213
-0.140703 0.643213
-0.130280 0.643213
-0.081146 0.643213
-0.040945 0.643213
-0.020100 0.643213
-0.008189 0.643213
0.020100 0.643213
0.032012 0.643213
0.034990 0.643213
0.037967 0.643213
0.070724 0.643213
0.073702 0.643213
0.100502 0.643213
0.103480 0.643213
0.106458 0.643213
0.109436 0.643213
0.227060 0.643213
0.243438 0.643213
0.246416 0.643213
-0.264283 0.641724
-0.261305 0.641724
-0.258328 0.641724
-0.212171 0.641724
-0.170481 0.641724
-0.167503 0.641724
-0.146659 0.641724
-0.143681 0.641724
-0.140703 0.641724
-0.130280 0.641724
-0.109436 0.641724
-0.079657 0.641724
-0.039456 0.641724
0.018611 0.641724
0.021589 0.641724
0.032012 0.641724
0.034990 0.641724
0.037967 0.641724
0.072213 0.641724
0.075190 0.641724
0.099013 0.641724
0.101991 0.641724
0.104969 0.641724
0.107947 0.641724
0.225571 0.641724
0.244927 0.641724
-0.268750 0.640235
-0.265772 0.640235
-0.262794 0.640235
-0.213660 0.640235
-0.170481 0.640235
-0.148148 0.640235
-0.145170 0.640235
-0.142192 0.640235
-0.133258 0.640235
-0.109436 0.640235
-0.079657 0.640235
-0.040945 0.640235
-0.011167 0.640235
0.021589 0.640235
0.032012 0.640235
0.034990 0.640235
0.037967 0.640235
0.075190 0.640235
0.096035 0.640235
0.099013 0.640235
0.101991 0.640235
0.104969 0.640235
0.224082 0.640235
0.243438 0.640235
0.246416 0.640235
-0.273217 0.638747
-0.270239 0.638747
-0.267261 0.638747
-0.264283 0.638747
-0.213660 0.638747
-0.170481 0.638747
-0.146659 0.638747
-0.143681 0.638747
-0.140703 0.638747
-0.131769 0.638747
-0.081146 0.638747
-0.078168 0.638747
-0.039456 0.638747
-0.012656 0.638747
0.023078 0.638747
0.032012 0.638747
0.034990 0.638747
0.037967 0.638747
0.078168 0.638747
0.093057 0.638747
0.096035 0.638747
0.099013 0.638747
0.101991 0.638747
0.222593 0.638747
0.225571 0.638747
0.244927 0.638747
0.247905 0.638747
-0.274706 0.637258
-0.271728 0.637258
-0.268750 0.637258
-0.216638 0.637258
-0.173459 0.637258
-0.148148 0.637258
-0.145170 0.637258
-0.142192 0.637258
-0.134747 0.637258
-0.107947 0.637258
-0.079657 0.637258
-0.040945 0.637258
-0.023078 0.637258
0.023078 0.637258
0.030523 0.637258
0.033501 0.637258
0.036479 0.637258
0.078168 0.637258
0.081146 0.637258
0.093057 0.637258
0.096035 0.637258
0.099013 0.637258
0.101991 0.637258
0.224082 0.637258
0.244927 0.637258
0.247905 0.637258
-0.277684 0.635769
-0.274706 0.635769
-0.271728 0.635769
-0.216638 0.635769
-0.173459 0.635769
-0.146659 0.635769
-0.143681 0.635769
-0.140703 0.635769
-0.133258 0.635769
-0.081146 0.635769
-0.078168 0.635769
-0.039456 0.635769
-0.014145 0.635769
0.024567 0.635769
0.032012 0.635769
0.034990 0.635769
0.037967 0.635769
0.082635 0.635769
0.091569 0.635769
0.094546 0.635769
0.097524 0.635769
0.100502 0.635769
0.222593 0.635769
0.243438 0.635769
0.246416 0.635769
-0.283639 0.634280
-0.280661 0.634280
-0.277684 0.634280
-0.274706 0.634280
-0.218127 0.634280
-0.176437 0.634280
-0.148148 0.634280
-0.145170 0.634280
-0.142192 0.634280
-0.136236 0.634280
-0.133258 0.634280
-0.081146 0.634280
-0.078168 0.634280
-0.039456 0.634280
-0.024567 0.634280
0.026056 0.634280
0.032012 0.634280
0.034990 0.634280
0.082635 0.634280
0.085613 0.634280
0.090080 0.634280
0.093057 0.634280
0.096035 0.634280
0.099013 0.634280
0.222593 0.634280
0.243438 0.634280
0.246416 0.634280
-0.285128 0.632791
-0.282150 0.632791
-0.279172 0.632791
-0.219616 0.632791
-0.179415 0.632791
-0.176437 0.632791
-0.146659 0.632791
-0.143681 0.632791
-0.140703 0.632791
-0.134747 0.632791
-0.106458 0.632791
-0.081146 0.632791
-0.078168 0.632791
-0.037967 0.632791
-0.024567 0.632791
0.026056 0.632791
0.032012 0.632791
0.034990 0.632791
0.085613 0.632791
0.088591 0.632791
0.091569 0.632791
0.094546 0.632791
0.097524 0.632791
0.222593 0.632791
0.243438 0.632791
0.246416 0.632791
0.249394 0.632791
-0.288106 0.631302
-0.285128 0.631302
-0.282150 0.631302
-0.218127 0.631302
-0.215149 0.631302
-0.179415 0.631302
-0.146659 0.631302
-0.143681 0.631302
-0.140703 0.631302
-0.134747 0.631302
-0.081146 0.631302
-0.078168 0.631302
-0.037967 0.631302
0.026056 0.631302
0.029034 0.631302
0.032012 0.631302
0.034990 0.631302
0.088591 0.631302
0.091569 0.631302
0.094546 0.631302
0.221105 0.631302
0.244927 0.631302
0.247905 0.631302
-0.291084 0.629813
-0.288106 0.629813
-0.285128 0.629813
-0.216638 0.629813
-0.213660 0.629813
-0.180904 0.629813
-0.146659 0.629813
-0.143681 0.629813
-0.140703 0.629813
-0.134747 0.629813
-0.103480 0.629813
-0.078168 0.629813
-0.075190 0.629813
-0.039456 0.629813
-0.036479 0.629813
-0.026056 0.629813
0.029034 0.629813
0.032012 0.629813
0.090080 0.629813
0.093057 0.629813
0.219616 0.629813
0.222593 0.629813
0.246416 0.629813
0.249394 0.629813
-0.297039 0.628324
-0.294062 0.628324
-0.291084 0.628324
-0.288106 0.628324
-0.215149 0.628324
-0.212171 0.628324
-0.183882 0.628324
-0.180904 0.628324
-0.145170 0.628324
-0.142192 0.628324
-0.137725 0.628324
-0.134747 0.628324
-0.101991 0.628324
-0.076679 0.628324
-0.073702 0.628324
-0.042434 0.628324
-0.037967 0.628324
-0.029034 0.628324
0.027545 0.628324
0.030523 0.628324
0.033501 0.628324
0.093057 0.628324
0.096035 0.628324
0.221105 0.628324
0.244927 0.628324
0.247905 0.628324
-0.301506 0.626835
-0.298528 0.626835
-0.295551 0.626835
-0.292573 0.626835
-0.216638 0.626835
-0.213660 0.626835
-0.210682 0.626835
-0.207704 0.626835
-0.183882 0.626835
-0.145170 0.626835
-0.142192 0.626835
-0.137725 0.626835
-0.134747 0.626835
-0.075190 0.626835
-0.072213 0.626835
-0.069235 0.626835
-0.042434 0.626835
-0.029034 0.626835
0.029034 0.626835
0.032012 0.626835
0.094546 0.626835
0.097524 0.626835
0.219616 0.626835
0.222593 0.626835
0.244927 0.626835
0.247905 0.626835
-0.304484 0.625346
-0.301506 0.625346
-0.298528 0.625346
-0.295551 0.625346
-0.216638 0.625346
-0.213660 0.625346
-0.210682 0.625346
-0.207704 0.625346
-0.186859 0.625346
-0.148148 0.625346
-0.145170 0.625346
-0.142192 0.625346
-0.137725 0.625346
-0.100502 0.625346
-0.069235 0.625346
-0.066257 0.625346
-0.043923 0.625346
-0.029034 0.625346
0.030523 0.625346
0.034990 0.625346
0.097524 0.625346
0.100502 0.625346
0.218127 0.625346
0.221105 0.625346
0.244927 0.625346
0.247905 0.625346
-0.305973 0.623857
-0.302995 0.623857
-0.298528 0.623857
-0.295551 0.623857
-0.213660 0.623857
-0.210682 0.623857
-0.207704 0.623857
-0.204726 0.623857
-0.189837 0.623857
-0.186859 0.623857
-0.146659 0.623857
-0.143681 0.623857
-0.137725 0.623857
-0.100502 0.623857
-0.067746 0.623857
-0.064768 0.623857
-0.045412 0.623857
-0.032012 0.623857
0.029034 0.623857
0.032012 0.623857
0.099013 0.623857
0.101991 0.623857
0.218127 0.623857
0.221105 0.623857
0.244927 0.623857
0.247905 0.623857
-0.307462 0.622368
-0.304484 0.622368
-0.300017 0.622368
-0.297039 0.622368
-0.212171 0.622368
-0.209193 0.622368
-0.206215 0.622368
-0.203238 0.622368
-0.191326 0.622368
-0.146659 0.622368
-0.143681 0.622368
-0.139214 0.622368
-0.136236 0.622368
-0.066257 0.622368
-0.063279 0.622368
-0.046901 0.622368
-0.033501 0.622368
0.029034 0.622368
0.032012 0.622368
0.036479 0.622368
0.103480 0.622368
0.106458 0.622368
0.218127 0.622368
0.221105 0.622368
0.244927 0.622368
0.247905 0.622368
0.250883 0.622368
-0.305973 0.620880
-0.300017 0.620880
-0.297039 0.620880
-0.209193 0.620880
-0.206215 0.620880
-0.203238 0.620880
-0.200260 0.620880
-0.192815 0.620880
-0.146659 0.620880
-0.143681 0.620880
-0.139214 0.620880
-0.064768 0.620880
-0.061790 0.620880
-0.046901 0.620880
-0.032012 0.620880
0.030523 0.620880
0.034990 0.620880
0.106458 0.620880
0.109436 0.620880
0.219616 0.620880
0.246416 0.620880
0.249394 0.620880
-0.308951 0.619391
-0.305973 0.619391
-0.300017 0.619391
-0.297039 0.619391
-0.209193 0.619391
-0.206215 0.619391
-0.203238 0.619391
-0.200260 0.619391
-0.197282 0.619391
-0.194304 0.619391
-0.148148 0.619391
-0.145170 0.619391
-0.142192 0.619391
-0.139214 0.619391
-0.096035 0.619391
-0.061790 0.619391
-0.054346 0.619391
-0.048390 0.619391
-0.034990 0.619391
0.029034 0.619391
0.032012 0.619391
0.107947 0.619391
0.110925 0.619391
0.216638 0.619391
0.219616 0.619391
0.246416 0.619391
0.249394 0.619391
-0.308951 0.617902
-0.302995 0.617902
-0.300017 0.617902
-0.207704 0.617902
-0.204726 0.617902
-0.201749 0.617902
-0.198771 0.617902
-0.195793 0.617902
-0.146659 0.617902
-0.143681 0.617902
-0.140703 0.617902
-0.137725 0.617902
-0.063279 0.617902
-0.060301 0.617902
-0.055834 0.617902
-0.051368 0.617902
-0.048390 0.617902
-0.034990 0.617902
0.030523 0.617902
0.110925 0.617902
0.113902 0.617902
0.216638 0.617902
0.219616 0.617902
0.246416 0.617902
0.249394 0.617902
-0.310440 0.616413
-0.307462 0.616413
-0.301506 0.616413
-0.298528 0.616413
-0.203238 0.616413
-0.200260 0.616413
-0.197282 0.616413
-0.146659 0.616413
-0.143681 0.616413
-0.140703 0.616413
-0.093057 0.616413
-0.060301 0.616413
-0.057323 0.616413
-0.052857 0.616413
-0.049879 0.616413
-0.037967 0.616413
-0.034990 0.616413
0.029034 0.616413
0.033501 0.616413
0.112413 0.616413
0.115391 0.616413
0.118369 0.616413
0.218127 0.616413
0.246416 0.616413
0.249394 0.616413
-0.310440 0.614924
-0.307462 0.614924
-0.301506 0.614924
-0.298528 0.614924
-0.201749 0.614924
-0.148148 0.614924
-0.145170 0.614924
-0.142192 0.614924
-0.139214 0.614924
-0.060301 0.614924
-0.057323 0.614924
-0.054346 0.614924
-0.051368 0.614924
-0.039456 0.614924
0.027545 0.614924
0.030523 0.614924
0.034990 0.614924
0.116880 0.614924
0.119858 0.614924
0.215149 0.614924
0.218127 0.614924
0.247905 0.614924
0.250883 0.614924
-0.308951 0.613435
-0.302995 0.613435
-0.300017 0.613435
-0.204726 0.613435
-0.201749 0.613435
-0.146659 0.613435
-0.143681 0.613435
-0.140703 0.613435
-0.058812 0.613435
-0.055834 0.613435
-0.052857 0.613435
-0.042434 0.613435
-0.036479 0.613435
0.029034 0.613435
0.033501 0.613435
0.118369 0.613435
0.121347 0.613435
0.124325 0.613435
0.216638 0.613435
0.247905 0.613435
0.250883 0.613435
-0.310440 0.611946
-0.304484 0.611946
-0.301506 0.611946
-0.207704 0.611946
-0.204726 0.611946
-0.146659 0.611946
-0.143681 0.611946
-0.140703 0.611946
-0.058812 0.611946
-0.055834 0.611946
-0.052857 0.611946
-0.043923 0.611946
0.027545 0.611946
0.030523 0.611946
0.034990 0.611946
0.122836 0.611946
0.125814 0.611946
0.216638 0.611946
0.228549 0.611946
0.247905 0.611946
0.250883 0.611946
-0.310440 0.610457
-0.302995 0.610457
-0.300017 0.610457
-0.209193 0.610457
-0.206215 0.610457
-0.146659 0.610457
-0.143681 0.610457
-0.058812 0.610457
-0.055834 0.610457
-0.046901 0.610457
0.027545 0.610457
0.030523 0.610457
0.033501 0.610457
0.124325 0.610457
0.215149 0.610457
0.227060 0.610457
0.250883 0.610457
-0.311929 0.608968
-0.304484 0.608968
-0.301506 0.608968
-0.213660 0.608968
-0.210682 0.608968
-0.148148 0.608968
-0.145170 0.608968
-0.142192 0.608968
-0.055834 0.608968
0.027545 0.608968
0.030523 0.608968
0.033501 0.608968
0.125814 0.608968
0.215149 0.608968
0.225571 0.608968
0.250883 0.608968
-0.313418 0.607479
-0.310440 0.607479
-0.302995 0.607479
-0.300017 0.607479
-0.215149 0.607479
-0.212171 0.607479
-0.148148 0.607479
-0.145170 0.607479
-0.142192 0.607479
-0.057323 0.607479
-0.051368 0.607479
0.027545 0.607479
0.030523 0.607479
0.033501 0.607479
0.125814 0.607479
0.215149 0.607479
0.250883 0.607479
0.253861 0.607479
-0.311929 0.605990
-0.304484 0.605990
-0.301506 0.605990
-0.219616 0.605990
-0.216638 0.605990
-0.213660 0.605990
-0.146659 0.605990
-0.143681 0.605990
-0.140703 0.605990
-0.057323 0.605990
0.027545 0.605990
0.030523 0.605990
0.122836 0.605990
0.125814 0.605990
0.215149 0.605990
0.224082 0.605990
0.252372 0.605990
-0.313418 0.604501
-0.304484 0.604501
-0.301506 0.604501
-0.222593 0.604501
-0.219616 0.604501
-0.216638 0.604501
-0.146659 0.604501
-0.143681 0.604501
-0.140703 0.604501
-0.058812 0.604501
0.026056 0.604501
0.029034 0.604501
0.032012 0.604501
0.124325 0.604501
0.213660 0.604501
0.216638 0.604501
0.253861 0.604501
-0.313418 0.603012
-0.304484 0.603012
-0.301506 0.603012
-0.225571 0.603012
-0.222593 0.603012
-0.219616 0.603012
-0.146659 0.603012
-0.143681 0.603012
-0.061790 0.603012
-0.055834 0.603012
0.027545 0.603012
0.030523 0.603012
0.124325 0.603012
0.213660 0.603012
0.252372 0.603012
0.255350 0.603012
-0.313418 0.601524
-0.304484 0.601524
-0.301506 0.601524
-0.227060 0.601524
-0.224082 0.601524
-0.213660 0.601524
-0.146659 0.601524
-0.143681 0.601524
-0.063279 0.601524
0.026056 0.601524
0.029034 0.601524
0.076679 0.601524
0.122836 0.601524
0.125814 0.601524
0.213660 0.601524
0.253861 0.601524
0.256839 0.601524
-0.313418 0.600035
-0.304484 0.600035
-0.301506 0.600035
-0.228549 0.600035
-0.225571 0.600035
-0.146659 0.600035
-0.143681 0.600035
-0.064768 0.600035
-0.058812 0.600035
0.026056 0.600035
0.029034 0.600035
0.075190 0.600035
0.078168 0.600035
0.121347 0.600035
0.124325 0.600035
0.212171 0.600035
0.215149 0.600035
0.255350 0.600035
-0.314907 0.598546
-0.311929 0.598546
-0.302995 0.598546
-0.233016 0.598546
-0.230038 0.598546
-0.148148 0.598546
-0.145170 0.598546
-0.142192 0.598546
-0.064768 0.598546
0.026056 0.598546
0.029034 0.598546
0.075190 0.598546
0.078168 0.598546
0.081146 0.598546
0.122836 0.598546
0.125814 0.598546
0.213660 0.598546
0.256839 0.598546
-0.314907 0.597057
-0.311929 0.597057
-0.302995 0.597057
-0.234505 0.597057
-0.231527 0.597057
-0.146659 0.597057
-0.143681 0.597057
-0.067746 0.597057
-0.064768 0.597057
-0.039456 0.597057
0.027545 0.597057
0.075190 0.597057
0.078168 0.597057
0.081146 0.597057
0.084124 0.597057
0.121347 0.597057
0.124325 0.597057
0.212171 0.597057
0.255350 0.597057
0.258328 0.597057
-0.313418 0.595568
-0.302995 0.595568
-0.234505 0.595568
-0.231527 0.595568
-0.146659 0.595568
-0.143681 0.595568
-0.067746 0.595568
-0.040945 0.595568
0.026056 0.595568
0.029034 0.595568
0.081146 0.595568
0.084124 0.595568
0.087102 0.595568
0.121347 0.595568
0.124325 0.595568
0.212171 0.595568
0.256839 0.595568
0.259816 0.595568
-0.313418 0.594079
-0.302995 0.594079
-0.300017 0.594079
-0.233016 0.594079
-0.148148 0.594079
-0.145170 0.594079
-0.142192 0.594079
-0.067746 0.594079
0.026056 0.594079
0.029034 0.594079
0.082635 0.594079
0.085613 0.594079
0.088591 0.594079
0.119858 0.594079
0.122836 0.594079
0.210682 0.594079
0.213660 0.594079
0.258328 0.594079
-0.316395 0.592590
-0.313418 0.592590
-0.302995 0.592590
-0.300017 0.592590
-0.233016 0.592590
-0.148148 0.592590
-0.145170 0.592590
-0.142192 0.592590
-0.067746 0.592590
0.026056 0.592590
0.084124 0.592590
0.087102 0.592590
0.090080 0.592590
0.093057 0.592590
0.119858 0.592590
0.122836 0.592590
0.210682 0.592590
0.213660 0.592590
0.258328 0.592590
-0.316395 0.591101
-0.313418 0.591101
-0.302995 0.591101
-0.300017 0.591101
-0.231527 0.591101
-0.146659 0.591101
-0.143681 0.591101
-0.070724 0.591101
-0.042434 0.591101
0.024567 0.591101
0.027545 0.591101
0.088591 0.591101
0.091569 0.591101
0.094546 0.591101
0.118369 0.591101
0.121347 0.591101
0.210682 0.591101
0.256839 0.591101
0.259816 0.591101
-0.316395 0.589612
-0.313418 0.589612
-0.302995 0.589612
-0.300017 0.589612
-0.231527 0.589612
-0.146659 0.589612
-0.143681 0.589612
-0.070724 0.589612
-0.040945 0.589612
0.026056 0.589612
0.088591 0.589612
0.091569 0.589612
0.094546 0.589612
0.097524 0.589612
0.118369 0.589612
0.121347 0.589612
0.209193 0.589612
0.212171 0.589612
0.258328 0.589612
0.261305 0.589612
-0.314907 0.588123
-0.304484 0.588123
-0.301506 0.588123
-0.233016 0.588123
-0.148148 0.588123
-0.143681 0.588123
-0.072213 0.588123
-0.042434 0.588123
0.024567 0.588123
0.027545 0.588123
0.094546 0.588123
0.097524 0.588123
0.118369 0.588123
0.121347 0.588123
0.209193 0.588123
0.212171 0.588123
0.256839 0.588123
0.259816 0.588123
-0.316395 0.586634
-0.313418 0.586634
-0.304484 0.586634
-0.301506 0.586634
-0.233016 0.586634
-0.230038 0.586634
-0.145170 0.586634
-0.142192 0.586634
-0.064768 0.586634
0.024567 0.586634
0.027545 0.586634
0.116880 0.586634
0.119858 0.586634
0.122836 0.586634
0.210682 0.586634
0.221105 0.586634
0.259816 0.586634
0.262794 0.586634
-0.314907 0.585145
-0.305973 0.585145
-0.302995 0.585145
-0.300017 0.585145
-0.231527 0.585145
-0.148148 0.585145
-0.143681 0.585145
-0.072213 0.585145
-0.042434 0.585145
0.026056 0.585145
0.115391 0.585145
0.118369 0.585145
0.121347 0.585145
0.210682 0.585145
0.258328 0.585145
0.261305 0.585145
-0.316395 0.583657
-0.313418 0.583657
-0.301506 0.583657
-0.231527 0.583657
-0.203238 0.583657
-0.145170 0.583657
-0.142192 0.583657
-0.064768 0.583657
0.024567 0.583657
0.027545 0.583657
0.116880 0.583657
0.119858 0.583657
0.207704 0.583657
0.210682 0.583657
0.259816 0.583657
0.262794 0.583657
-0.316395 0.582168
-0.313418 0.582168
-0.301506 0.582168
-0.231527 0.582168
-0.204726 0.582168
-0.145170 0.582168
-0.142192 0.582168
-0.054346 0.582168
-0.042434 0.582168
0.026056 0.582168
0.115391 0.582168
0.118369 0.582168
0.121347 0.582168
0.209193 0.582168
0.259816 0.582168
0.262794 0.582168
-0.316395 0.580679
-0.313418 0.580679
-0.301506 0.580679
-0.231527 0.580679
-0.148148 0.580679
-0.143681 0.580679
-0.073702 0.580679
-0.042434 0.580679
0.026056 0.580679
0.115391 0.580679
0.118369 0.580679
0.207704 0.580679
0.210682 0.580679
0.262794 0.580679
0.265772 0.580679
-0.314907 0.579190
-0.302995 0.579190
-0.300017 0.579190
-0.230038 0.579190
-0.145170 0.579190
-0.142192 0.579190
-0.073702 0.579190
-0.054346 0.579190
0.024567 0.579190
0.113902 0.579190
0.116880 0.579190
0.119858 0.579190
0.209193 0.579190
0.216638 0.579190
0.262794 0.579190
0.265772 0.579190
-0.314907 0.577701
-0.302995 0.577701
-0.300017 0.577701
-0.230038 0.577701
-0.148148 0.577701
-0.143681 0.577701
-0.075190 0.577701
-0.060301 0.577701
-0.057323 0.577701
-0.042434 0.577701
0.026056 0.577701
0.115391 0.577701
0.118369 0.577701
0.206215 0.577701
0.209193 0.577701
0.262794 0.577701
0.265772 0.577701
-0.316395 0.576212
-0.313418 0.576212
-0.300017 0.576212
-0.230038 0.576212
-0.148148 0.576212
-0.143681 0.576212
-0.075190 0.576212
0.024567 0.576212
0.112413 0.576212
0.115391 0.576212
0.118369 0.576212
0.206215 0.576212
0.209193 0.576212
0.264283 0.576212
0.267261 0.576212
-0.314907 0.574723
-0.301506 0.574723
-0.298528 0.574723
-0.228549 0.574723
-0.143681 0.574723
-0.075190 0.574723
0.024567 0.574723
0.112413 0.574723
0.115391 0.574723
0.118369 0.574723
0.207704 0.574723
0.213660 0.574723
0.265772 0.574723
-0.317884 0.573234
-0.314907 0.573234
-0.301506 0.573234
-0.298528 0.573234
-0.228549 0.573234
-0.143681 0.573234
-0.075190 0.573234
0.024567 0.573234
0.110925 0.573234
0.113902 0.573234
0.116880 0.573234
0.207704 0.573234
0.213660 0.573234
0.267261 0.573234
-0.317884 0.571745
-0.314907 0.571745
-0.301506 0.571745
-0.298528 0.571745
-0.228549 0.571745
-0.143681 0.571745
-0.076679 0.571745
0.023078 0.571745
0.026056 0.571745
0.112413 0.571745
0.115391 0.571745
0.206215 0.571745
0.209193 0.571745
0.213660 0.571745
0.265772 0.571745
0.268750 0.571745
-0.317884 0.570256
-0.314907 0.570256
-0.301506 0.570256
-0.298528 0.570256
-0.228549 0.570256
-0.145170 0.570256
-0.142192 0.570256
0.023078 0.570256
0.026056 0.570256
0.112413 0.570256
0.115391 0.570256
0.204726 0.570256
0.207704 0.570256
0.218127 0.570256
0.267261 0.570256
0.270239 0.570256
-0.317884 0.568767
-0.314907 0.568767
-0.301506 0.568767
-0.298528 0.568767
-0.228549 0.568767
-0.145170 0.568767
-0.142192 0.568767
-0.043923 0.568767
0.024567 0.568767
0.109436 0.568767
0.112413 0.568767
0.115391 0.568767
0.204726 0.568767
0.207704 0.568767
0.216638 0.568767
0.268750 0.568767
-0.319373 0.567278
-0.316395 0.567278
-0.313418 0.567278
-0.300017 0.567278
-0.228549 0.567278
-0.145170 0.567278
-0.142192 0.567278
-0.043923 0.567278
0.024567 0.567278
0.110925 0.567278
0.113902 0.567278
0.204726 0.567278
0.207704 0.567278
0.267261 0.567278
0.270239 0.567278
-0.319373 0.565789
-0.316395 0.565789
-0.313418 0.565789
-0.300017 0.565789
-0.228549 0.565789
-0.145170 0.565789
-0.142192 0.565789
-0.043923 0.565789
0.024567 0.565789
0.109436 0.565789
0.112413 0.565789
0.115391 0.565789
0.206215 0.565789
0.215149 0.565789
0.270239 0.565789
-0.320862 0.564301
-0.317884 0.564301
-0.301506 0.564301
-0.298528 0.564301
-0.228549 0.564301
-0.145170 0.564301
-0.142192 0.564301
-0.043923 0.564301
0.024567 0.564301
0.109436 0.564301
0.112413 0.564301
0.115391 0.564301
0.206215 0.564301
0.268750 0.564301
0.271728 0.564301
-0.319373 0.562812
-0.314907 0.562812
-0.302995 0.562812
-0.298528 0.562812
-0.228549 0.562812
-0.225571 0.562812
-0.143681 0.562812
-0.078168 0.562812
-0.043923 0.562812
0.023078 0.562812
0.107947 0.562812
0.110925 0.562812
0.113902 0.562812
0.203238 0.562812
0.206215 0.562812
0.270239 0.562812
0.273217 0.562812
-0.320862 0.561323
-0.314907 0.561323
-0.302995 0.561323
-0.298528 0.561323
-0.228549 0.561323
-0.225571 0.561323
-0.143681 0.561323
-0.078168 0.561323
-0.043923 0.561323
0.023078 0.561323
0.106458 0.561323
0.109436 0.561323
0.112413 0.561323
0.115391 0.561323
0.204726 0.561323
0.213660 0.561323
0.271728 0.561323
-0.322351 0.559834
-0.319373 0.559834
-0.300017 0.559834
-0.297039 0.559834
-0.225571 0.559834
-0.143681 0.559834
-0.078168 0.559834
-0.043923 0.559834
0.021589 0.559834
0.024567 0.559834
0.107947 0.559834
0.110925 0.559834
0.113902 0.559834
0.204726 0.559834
0.213660 0.559834
0.271728 0.559834
-0.322351 0.558345
-0.319373 0.558345
-0.300017 0.558345
-0.297039 0.558345
-0.271728 0.558345
-0.225571 0.558345
-0.143681 0.558345
-0.078168 0.558345
-0.043923 0.558345
0.021589 0.558345
0.024567 0.558345
0.107947 0.558345
0.110925 0.558345
0.113902 0.558345
0.204726 0.558345
0.271728 0.558345
0.274706 0.558345
-0.322351 0.556856
-0.314907 0.556856
-0.297039 0.556856
-0.227060 0.556856
-0.145170 0.556856
-0.142192 0.556856
-0.076679 0.556856
-0.042434 0.556856
0.023078 0.556856
0.104969 0.556856
0.107947 0.556856
0.110925 0.556856
0.113902 0.556856
0.203238 0.556856
0.271728 0.556856
0.274706 0.556856
-0.322351 0.555367
-0.314907 0.555367
-0.297039 0.555367
-0.227060 0.555367
-0.224082 0.555367
-0.143681 0.555367
-0.078168 0.555367
-0.043923 0.555367
0.021589 0.555367
0.024567 0.555367
0.106458 0.555367
0.109436 0.555367
0.112413 0.555367
0.201749 0.555367
0.204726 0.555367
0.273217 0.555367
-0.323840 0.553878
-0.320862 0.553878
-0.297039 0.553878
-0.227060 0.553878
-0.224082 0.553878
-0.143681 0.553878
-0.078168 0.553878
-0.042434 0.553878
0.023078 0.553878
0.104969 0.553878
0.107947 0.553878
0.110925 0.553878
0.201749 0.553878
0.204726 0.553878
0.271728 0.553878
0.274706 0.553878
-0.322351 0.552389
-0.297039 0.552389
-0.225571 0.552389
-0.145170 0.552389
-0.142192 0.552389
-0.043923 0.552389
0.021589 0.552389
0.024567 0.552389
0.104969 0.552389
0.107947 0.552389
0.110925 0.552389
0.203238 0.552389
0.212171 0.552389
0.273217 0.552389
0.276195 0.552389
-0.323840 0.550900
-0.298528 0.550900
-0.295551 0.550900
-0.225571 0.550900
-0.145170 0.550900
-0.142192 0.550900
-0.043923 0.550900
0.020100 0.550900
0.023078 0.550900
0.104969 0.550900
0.107947 0.550900
0.110925 0.550900
0.203238 0.550900
0.210682 0.550900
0.273217 0.550900
0.276195 0.550900
-0.323840 0.549411
-0.300017 0.549411
-0.297039 0.549411
-0.294062 0.549411
-0.224082 0.549411
-0.143681 0.549411
-0.078168 0.549411
-0.042434 0.549411
0.021589 0.549411
0.101991 0.549411
0.104969 0.549411
0.107947 0.549411
0.110925 0.549411
0.203238 0.549411
0.273217 0.549411
0.276195 0.549411
-0.325329 0.547922
-0.300017 0.547922
-0.295551 0.547922
-0.225571 0.547922
-0.222593 0.547922
-0.143681 0.547922
-0.078168 0.547922
-0.042434 0.547922
0.021589 0.547922
0.101991 0.547922
0.104969 0.547922
0.107947 0.547922
0.191326 0.547922
0.201749 0.547922
0.213660 0.547922
0.276195 0.547922
-0.325329 0.546434
-0.300017 0.546434
-0.295551 0.546434
-0.286617 0.546434
-0.224082 0.546434
-0.145170 0.546434
-0.142192 0.546434
-0.043923 0.546434
0.020100 0.546434
0.023078 0.546434
0.103480 0.546434
0.106458 0.546434
0.191326 0.546434
0.201749 0.546434
0.213660 0.546434
0.276195 0.546434
-0.326818 0.544945
-0.323840 0.544945
-0.295551 0.544945
-0.286617 0.544945
-0.222593 0.544945
-0.145170 0.544945
-0.142192 0.544945
-0.043923 0.544945
0.020100 0.544945
0.023078 0.544945
0.101991 0.544945
0.104969 0.544945
0.107947 0.544945
0.200260 0.544945
0.203238 0.544945
0.213660 0.544945
0.276195 0.544945
-0.326818 0.543456
-0.323840 0.543456
-0.294062 0.543456
-0.286617 0.543456
-0.224082 0.543456
-0.148148 0.543456
-0.143681 0.543456
-0.078168 0.543456
-0.042434 0.543456
0.021589 0.543456
0.100502 0.543456
0.103480 0.543456
0.106458 0.543456
0.200260 0.543456
0.212171 0.543456
0.276195 0.543456
-0.326818 0.541967
-0.295551 0.541967
-0.292573 0.541967
-0.285128 0.541967
-0.222593 0.541967
-0.148148 0.541967
-0.143681 0.541967
-0.078168 0.541967
-0.042434 0.541967
0.021589 0.541967
0.099013 0.541967
0.101991 0.541967
0.104969 0.541967
0.191326 0.541967
0.194304 0.541967
0.200260 0.541967
0.212171 0.541967
0.276195 0.541967
-0.328307 0.540478
-0.325329 0.540478
-0.294062 0.540478
-0.286617 0.540478
-0.224082 0.540478
-0.221105 0.540478
-0.145170 0.540478
-0.142192 0.540478
-0.043923 0.540478
0.020100 0.540478
0.099013 0.540478
0.101991 0.540478
0.104969 0.540478
0.192815 0.540478
0.198771 0.540478
0.201749 0.540478
0.212171 0.540478
0.277684 0.540478
-0.326818 0.538989
-0.295551 0.538989
-0.292573 0.538989
-0.286617 0.538989
-0.222593 0.538989
-0.148148 0.538989
-0.143681 0.538989
-0.079657 0.538989
-0.043923 0.538989
0.020100 0.538989
0.099013 0.538989
0.101991 0.538989
0.104969 0.538989
0.192815 0.538989
0.200260 0.538989
0.209193 0.538989
0.276195 0.538989
0.279172 0.538989
-0.326818 0.537500
-0.295551 0.537500
-0.292573 0.537500
-0.286617 0.537500
-0.222593 0.537500
-0.148148 0.537500
-0.143681 0.537500
-0.079657 0.537500
-0.043923 0.537500
0.020100 0.537500
0.099013 0.537500
0.101991 0.537500
0.191326 0.537500
0.200260 0.537500
0.209193 0.537500
0.277684 0.537500
-0.328307 0.536011
-0.325329 0.536011
-0.294062 0.536011
-0.288106 0.536011
-0.285128 0.536011
-0.221105 0.536011
-0.145170 0.536011
-0.142192 0.536011
-0.078168 0.536011
-0.042434 0.536011
0.020100 0.536011
0.097524 0.536011
0.100502 0.536011
0.103480 0.536011
0.198771 0.536011
0.207704 0.536011
0.277684 0.536011
-0.328307 0.534522
-0.295551 0.534522
-0.292573 0.534522
-0.288106 0.534522
-0.285128 0.534522
-0.221105 0.534522
-0.148148 0.534522
-0.143681 0.534522
-0.079657 0.534522
-0.043923 0.534522
0.018611 0.534522
0.021589 0.534522
0.099013 0.534522
0.101991 0.534522
0.197282 0.534522
0.200260 0.534522
0.277684 0.534522
-0.328307 0.533033
-0.295551 0.533033
-0.292573 0.533033
-0.288106 0.533033
-0.285128 0.533033
-0.221105 0.533033
-0.148148 0.533033
-0.143681 0.533033
-0.079657 0.533033
-0.043923 0.533033
0.020100 0.533033
0.096035 0.533033
0.099013 0.533033
0.101991 0.533033
0.197282 0.533033
0.200260 0.533033
0.207704 0.533033
0.279172 0.533033
-0.329796 0.531544
-0.326818 0.531544
-0.292573 0.531544
-0.288106 0.531544
-0.285128 0.531544
-0.219616 0.531544
-0.145170 0.531544
-0.142192 0.531544
-0.078168 0.531544
0.018611 0.531544
0.021589 0.531544
0.097524 0.531544
0.100502 0.531544
0.191326 0.531544
0.198771 0.531544
0.204726 0.531544
0.207704 0.531544
0.210682 0.531544
0.279172 0.531544
-0.329796 0.530055
-0.326818 0.530055
-0.292573 0.530055
-0.289595 0.530055
-0.286617 0.530055
-0.221105 0.530055
-0.148148 0.530055
-0.143681 0.530055
-0.079657 0.530055
-0.043923 0.530055
0.020100 0.530055
0.096035 0.530055
0.099013 0.530055
0.191326 0.530055
0.197282 0.530055
0.200260 0.530055
0.206215 0.530055
0.209193 0.530055
0.280661 0.530055
-0.329796 0.528566
-0.326818 0.528566
-0.292573 0.528566
-0.289595 0.528566
-0.286617 0.528566
-0.221105 0.528566
-0.218127 0.528566
-0.145170 0.528566
-0.142192 0.528566
-0.043923 0.528566
0.020100 0.528566
0.094546 0.528566
0.097524 0.528566
0.100502 0.528566
0.191326 0.528566
0.195793 0.528566
0.198771 0.528566
0.204726 0.528566
0.207704 0.528566
0.279172 0.528566
0.282150 0.528566
-0.328307 0.527078
-0.294062 0.527078
-0.291084 0.527078
-0.288106 0.527078
-0.285128 0.527078
-0.218127 0.527078
-0.145170 0.527078
-0.142192 0.527078
-0.043923 0.527078
0.020100 0.527078
0.096035 0.527078
0.099013 0.527078
0.189837 0.527078
0.192815 0.527078
0.197282 0.527078
0.201749 0.527078
0.204726 0.527078
0.207704 0.527078
0.279172 0.527078
0.282150 0.527078
-0.328307 0.525589
-0.292573 0.525589
-0.289595 0.525589
-0.286617 0.525589
-0.219616 0.525589
-0.148148 0.525589
-0.143681 0.525589
-0.079657 0.525589
0.018611 0.525589
0.094546 0.525589
0.097524 0.525589
0.100502 0.525589
0.191326 0.525589
0.195793 0.525589
0.198771 0.525589
0.203238 0.525589
0.206215 0.525589
0.280661 0.525589
0.283639 0.525589
-0.329796 0.524100
-0.294062 0.524100
-0.291084 0.524100
-0.288106 0.524100
-0.285128 0.524100
-0.218127 0.524100
-0.145170 0.524100
-0.142192 0.524100
-0.043923 0.524100
0.020100 0.524100
0.094546 0.524100
0.097524 0.524100
0.189837 0.524100
0.192815 0.524100
0.195793 0.524100
0.198771 0.524100
0.203238 0.524100
0.206215 0.524100
0.282150 0.524100
-0.331285 0.522611
-0.328307 0.522611
-0.292573 0.522611
-0.289595 0.522611
-0.286617 0.522611
-0.219616 0.522611
-0.216638 0.522611
-0.145170 0.522611
-0.142192 0.522611
-0.043923 0.522611
0.018611 0.522611
0.093057 0.522611
0.096035 0.522611
0.099013 0.522611
0.191326 0.522611
0.194304 0.522611
0.197282 0.522611
0.201749 0.522611
0.204726 0.522611
0.280661 0.522611
0.283639 0.522611
-0.329796 0.521122
-0.294062 0.521122
-0.291084 0.521122
-0.288106 0.521122
-0.285128 0.521122
-0.218127 0.521122
-0.148148 0.521122
-0.143681 0.521122
-0.079657 0.521122
0.017123 0.521122
0.020100 0.521122
0.094546 0.521122
0.097524 0.521122
0.189837 0.521122
0.192815 0.521122
0.195793 0.521122
0.198771 0.521122
0.201749 0.521122
0.204726 0.521122
0.282150 0.521122
0.285128 0.521122
-0.329796 0.519633
-0.294062 0.519633
-0.289595 0.519633
-0.286617 0.519633
-0.283639 0.519633
-0.216638 0.519633
-0.145170 0.519633
-0.142192 0.519633
-0.043923 0.519633
0.018611 0.519633
0.091569 0.519633
0.094546 0.519633
0.097524 0.519633
0.191326 0.519633
0.194304 0.519633
0.197282 0.519633
0.200260 0.519633
0.203238 0.519633
0.283639 0.519633
-0.332774 0.518144
-0.329796 0.518144
-0.292573 0.518144
-0.289595 0.518144
-0.286617 0.518144
-0.283639 0.518144
-0.216638 0.518144
-0.148148 0.518144
-0.143681 0.518144
-0.079657 0.518144
0.017123 0.518144
0.020100 0.518144
0.093057 0.518144
0.096035 0.518144
0.177926 0.518144
0.191326 0.518144
0.194304 0.518144
0.197282 0.518144
0.200260 0.518144
0.282150 0.518144
0.285128 0.518144
-0.331285 0.516655
-0.325329 0.516655
-0.292573 0.516655
-0.289595 0.516655
-0.286617 0.516655
-0.283639 0.516655
-0.216638 0.516655
-0.148148 0.516655
-0.143681 0.516655
-0.079657 0.516655
0.017123 0.516655
0.020100 0.516655
0.093057 0.516655
0.096035 0.516655
0.164526 0.516655
0.191326 0.516655
0.194304 0.516655
0.197282 0.516655
0.200260 0.516655
0.283639 0.516655
-0.332774 0.515166
-0.329796 0.515166
-0.289595 0.515166
-0.286617 0.515166
-0.283639 0.515166
-0.215149 0.515166
-0.146659 0.515166
-0.143681 0.515166
-0.079657 0.515166
0.017123 0.515166
0.020100 0.515166
0.091569 0.515166
0.094546 0.515166
0.164526 0.515166
0.189837 0.515166
0.192815 0.515166
0.195793 0.515166
0.198771 0.515166
0.203238 0.515166
0.285128 0.515166
-0.332774 0.513677
-0.329796 0.513677
-0.292573 0.513677
-0.288106 0.513677
-0.285128 0.513677
-0.216638 0.513677
-0.148148 0.513677
-0.145170 0.513677
-0.142192 0.513677
-0.079657 0.513677
0.017123 0.513677
0.020100 0.513677
0.091569 0.513677
0.094546 0.513677
0.163037 0.513677
0.191326 0.513677
0.194304 0.513677
0.197282 0.513677
0.283639 0.513677
0.286617 0.513677
-0.331285 0.512188
-0.297039 0.512188
-0.292573 0.512188
-0.289595 0.512188
-0.286617 0.512188
-0.283639 0.512188
-0.215149 0.512188
-0.148148 0.512188
-0.145170 0.512188
-0.142192 0.512188
-0.079657 0.512188
0.017123 0.512188
0.088591 0.512188
0.091569 0.512188
0.094546 0.512188
0.167503 0.512188
0.189837 0.512188
0.192815 0.512188
0.195793 0.512188
0.198771 0.512188
0.283639 0.512188
0.286617 0.512188
-0.331285 0.510699
-0.295551 0.510699
-0.291084 0.510699
-0.288106 0.510699
-0.285128 0.510699
-0.216638 0.510699
-0.213660 0.510699
-0.146659 0.510699
-0.143681 0.510699
-0.081146 0.510699
-0.045412 0.510699
0.015634 0.510699
0.018611 0.510699
0.090080 0.510699
0.093057 0.510699
0.163037 0.510699
0.166015 0.510699
0.168992 0.510699
0.174948 0.510699
0.189837 0.510699
0.192815 0.510699
0.195793 0.510699
0.198771 0.510699
0.285128 0.510699
0.288106 0.510699
-0.332774 0.509211
-0.297039 0.509211
-0.292573 0.509211
-0.289595 0.509211
-0.286617 0.509211
-0.283639 0.509211
-0.213660 0.509211
-0.146659 0.509211
-0.143681 0.509211
-0.081146 0.509211
-0.045412 0.509211
0.015634 0.509211
0.018611 0.509211
0.090080 0.509211
0.093057 0.509211
0.158570 0.509211
0.161548 0.509211
0.164526 0.509211
0.170481 0.509211
0.176437 0.509211
0.191326 0.509211
0.194304 0.509211
0.197282 0.509211
0.200260 0.509211
0.286617 0.509211
-0.334262 0.507722
-0.331285 0.507722
-0.294062 0.507722
-0.291084 0.507722
-0.288106 0.507722
-0.285128 0.507722
-0.215149 0.507722
-0.212171 0.507722
-0.146659 0.507722
-0.143681 0.507722
-0.081146 0.507722
-0.045412 0.507722
0.015634 0.507722
0.018611 0.507722
0.088591 0.507722
0.091569 0.507722
0.154103 0.507722
0.157081 0.507722
0.160059 0.507722
0.170481 0.507722
0.174948 0.507722
0.191326 0.507722
0.194304 0.507722
0.197282 0.507722
0.200260 0.507722
0.286617 0.507722
-0.334262 0.506233
-0.331285 0.506233
-0.292573 0.506233
-0.289595 0.506233
-0.286617 0.506233
-0.283639 0.506233
-0.213660 0.506233
-0.148148 0.506233
-0.145170 0.506233
-0.142192 0.506233
-0.079657 0.506233
-0.043923 0.506233
0.017123 0.506233
0.087102 0.506233
0.090080 0.506233
0.093057 0.506233
0.152614 0.506233
0.155592 0.506233
0.168992 0.506233
0.171970 0.506233
0.189837 0.506233
0.192815 0.506233
0.195793 0.506233
0.198771 0.506233
0.286617 0.506233
-0.334262 0.504744
-0.331285 0.504744
-0.292573 0.504744
-0.289595 0.504744
-0.286617 0.504744
-0.283639 0.504744
-0.212171 0.504744
-0.145170 0.504744
-0.142192 0.504744
-0.079657 0.504744
-0.043923 0.504744
0.017123 0.504744
0.087102 0.504744
0.090080 0.504744
0.093057 0.504744
0.148148 0.504744
0.151125 0.504744
0.168992 0.504744
0.174948 0.504744
0.191326 0.504744
0.194304 0.504744
0.197282 0.504744
0.286617 0.504744
0.289595 0.504744
-0.332774 0.503255
-0.289595 0.503255
-0.286617 0.503255
-0.283639 0.503255
-0.212171 0.503255
-0.145170 0.503255
-0.142192 0.503255
-0.079657 0.503255
-0.043923 0.503255
0.017123 0.503255
0.085613 0.503255
0.088591 0.503255
0.091569 0.503255
0.143681 0.503255
0.146659 0.503255
0.168992 0.503255
0.174948 0.503255
0.191326 0.503255
0.194304 0.503255
0.197282 0.503255
0.286617 0.503255
0.289595 0.503255
-0.334262 0.501766
-0.292573 0.501766
-0.288106 0.501766
-0.285128 0.501766
-0.213660 0.501766
-0.210682 0.501766
-0.145170 0.501766
-0.142192 0.501766
-0.079657 0.501766
-0.043923 0.501766
0.017123 0.501766
0.085613 0.501766
0.088591 0.501766
0.091569 0.501766
0.137725 0.501766
0.140703 0.501766
0.143681 0.501766
0.170481 0.501766
0.191326 0.501766
0.194304 0.501766
0.197282 0.501766
0.207704 0.501766
0.286617 0.501766
0.289595 0.501766
-0.334262 0.500277
-0.292573 0.500277
-0.289595 0.500277
-0.286617 0.500277
-0.283639 0.500277
-0.213660 0.500277
-0.210682 0.500277
-0.146659 0.500277
-0.143681 0.500277
-0.081146 0.500277
-0.045412 0.500277
0.015634 0.500277
0.018611 0.500277
0.085613 0.500277
0.088591 0.500277
0.091569 0.500277
0.131769 0.500277
0.134747 0.500277
0.137725 0.500277
0.170481 0.500277
0.191326 0.500277
0.194304 0.500277
0.197282 0.500277
0.206215 0.500277
0.288106 0.500277
0.291084 0.500277
-0.334262 0.498788
-0.291084 0.498788
-0.288106 0.498788
-0.285128 0.498788
-0.282150 0.498788
-0.210682 0.498788
-0.146659 0.498788
-0.143681 0.498788
-0.081146 0.498788
-0.043923 0.498788
0.017123 0.498788
0.084124 0.498788
0.087102 0.498788
0.090080 0.498788
0.093057 0.498788
0.125814 0.498788
0.128792 0.498788
0.131769 0.498788
0.168992 0.498788
0.173459 0.498788
0.191326 0.498788
0.194304 0.498788
0.197282 0.498788
0.206215 0.498788
0.288106 0.498788
0.291084 0.498788
-0.334262 0.497299
-0.291084 0.497299
-0.286617 0.497299
-0.283639 0.497299
-0.212171 0.497299
-0.148148 0.497299
-0.145170 0.497299
-0.142192 0.497299
-0.045412 0.497299
0.015634 0.497299
0.084124 0.497299
0.087102 0.497299
0.090080 0.497299
0.119858 0.497299
0.122836 0.497299
0.125814 0.497299
0.128792 0.497299
0.170481 0.497299
0.189837 0.497299
0.192815 0.497299
0.195793 0.497299
0.200260 0.497299
0.203238 0.497299
0.206215 0.497299
0.288106 0.497299
0.291084 0.497299
-0.334262 0.495810
-0.289595 0.495810
-0.286617 0.495810
-0.283639 0.495810
-0.212171 0.495810
-0.209193 0.495810
-0.143681 0.495810
-0.081146 0.495810
-0.043923 0.495810
0.015634 0.495810
0.082635 0.495810
0.085613 0.495810
0.088591 0.495810
0.091569 0.495810
0.113902 0.495810
0.116880 0.495810
0.119858 0.495810
0.122836 0.495810
0.170481 0.495810
0.191326 0.495810
0.194304 0.495810
0.200260 0.495810
0.203238 0.495810
0.206215 0.495810
0.288106 0.495810
0.291084 0.495810
-0.337240 0.494321
-0.334262 0.494321
-0.289595 0.494321
-0.286617 0.494321
-0.283639 0.494321
-0.212171 0.494321
-0.209193 0.494321
-0.143681 0.494321
-0.081146 0.494321
-0.043923 0.494321
0.015634 0.494321
0.082635 0.494321
0.085613 0.494321
0.088591 0.494321
0.094546 0.494321
0.109436 0.494321
0.112413 0.494321
0.115391 0.494321
0.168992 0.494321
0.171970 0.494321
0.191326 0.494321
0.194304 0.494321
0.198771 0.494321
0.201749 0.494321
0.204726 0.494321
0.207704 0.494321
0.291084 0.494321
-0.337240 0.492832
-0.334262 0.492832
-0.301506 0.492832
-0.289595 0.492832
-0.286617 0.492832
-0.283639 0.492832
-0.212171 0.492832
-0.209193 0.492832
-0.143681 0.492832
-0.081146 0.492832
-0.043923 0.492832
0.015634 0.492832
0.082635 0.492832
0.085613 0.492832
0.088591 0.492832
0.093057 0.492832
0.101991 0.492832
0.104969 0.492832
0.107947 0.492832
0.110925 0.492832
0.170481 0.492832
0.189837 0.492832
0.192815 0.492832
0.195793 0.492832
0.200260 0.492832
0.203238 0.492832
0.206215 0.492832
0.291084 0.492832
-0.337240 0.491343
-0.334262 0.491343
-0.300017 0.491343
-0.288106 0.491343
-0.285128 0.491343
-0.282150 0.491343
-0.209193 0.491343
-0.143681 0.491343
-0.081146 0.491343
-0.043923 0.491343
0.015634 0.491343
0.081146 0.491343
0.084124 0.491343
0.087102 0.491343
0.091569 0.491343
0.094546 0.491343
0.097524 0.491343
0.100502 0.491343
0.103480 0.491343
0.168992 0.491343
0.189837 0.491343
0.192815 0.491343
0.195793 0.491343
0.198771 0.491343
0.201749 0.491343
0.204726 0.491343
0.247905 0.491343
0.291084 0.491343
-0.337240 0.489855
-0.334262 0.489855
-0.288106 0.489855
-0.285128 0.489855
-0.282150 0.489855
-0.209193 0.489855
-0.145170 0.489855
-0.142192 0.489855
-0.045412 0.489855
0.014145 0.489855
0.017123 0.489855
0.082635 0.489855
0.085613 0.489855
0.088591 0.489855
0.091569 0.489855
0.094546 0.489855
0.097524 0.489855
0.168992 0.489855
0.188348 0.489855
0.191326 0.489855
0.194304 0.489855
0.197282 0.489855
0.200260 0.489855
0.203238 0.489855
0.247905 0.489855
0.291084 0.489855
0.294062 0.489855
-0.337240 0.488366
-0.329796 0.488366
-0.292573 0.488366
-0.288106 0.488366
-0.285128 0.488366
-0.282150 0.488366
-0.209193 0.488366
-0.145170 0.488366
-0.142192 0.488366
-0.045412 0.488366
0.014145 0.488366
0.017123 0.488366
0.082635 0.488366
0.085613 0.488366
0.088591 0.488366
0.091569 0.488366
0.168992 0.488366
0.188348 0.488366
0.191326 0.488366
0.194304 0.488366
0.197282 0.488366
0.200260 0.488366
0.203238 0.488366
0.246416 0.488366
0.292573 0.488366
-0.338729 0.486877
-0.335751 0.486877
-0.294062 0.486877
-0.291084 0.486877
-0.286617 0.486877
-0.283639 0.486877
-0.280661 0.486877
-0.207704 0.486877
-0.143681 0.486877
-0.081146 0.486877
0.014145 0.486877
0.017123 0.486877
0.081146 0.486877
0.084124 0.486877
0.087102 0.486877
0.167503 0.486877
0.170481 0.486877
0.189837 0.486877
0.192815 0.486877
0.195793 0.486877
0.198771 0.486877
0.201749 0.486877
0.292573 0.486877
-0.338729 0.485388
-0.335751 0.485388
-0.295551 0.485388
-0.291084 0.485388
-0.286617 0.485388
-0.283639 0.485388
-0.280661 0.485388
-0.207704 0.485388
-0.145170 0.485388
-0.142192 0.485388
-0.045412 0.485388
0.015634 0.485388
0.079657 0.485388
0.082635 0.485388
0.168992 0.485388
0.188348 0.485388
0.191326 0.485388
0.194304 0.485388
0.197282 0.485388
0.200260 0.485388
0.291084 0.485388
0.294062 0.485388
-0.337240 0.483899
-0.331285 0.483899
-0.294062 0.483899
-0.289595 0.483899
-0.286617 0.483899
-0.283639 0.483899
-0.280661 0.483899
-0.207704 0.483899
-0.145170 0.483899
-0.142192 0.483899
-0.055834 0.483899
0.014145 0.483899
0.079657 0.483899
0.167503 0.483899
0.170481 0.483899
0.189837 0.483899
0.192815 0.483899
0.195793 0.483899
0.198771 0.483899
0.291084 0.483899
0.294062 0.483899
-0.338729 0.482410
-0.335751 0.482410
-0.331285 0.482410
-0.294062 0.482410
-0.291084 0.482410
-0.288106 0.482410
-0.285128 0.482410
-0.282150 0.482410
-0.207704 0.482410
-0.145170 0.482410
-0.142192 0.482410
-0.057323 0.482410
0.014145 0.482410
0.078168 0.482410
0.081146 0.482410
0.168992 0.482410
0.188348 0.482410
0.191326 0.482410
0.194304 0.482410
0.197282 0.482410
0.237483 0.482410
0.292573 0.482410
0.295551 0.482410
-0.338729 0.480921
-0.332774 0.480921
-0.295551 0.480921
-0.292573 0.480921
-0.289595 0.480921
-0.286617 0.480921
-0.283639 0.480921
-0.280661 0.480921
-0.206215 0.480921
-0.143681 0.480921
-0.081146 0.480921
-0.058812 0.480921
-0.045412 0.480921
0.015634 0.480921
0.079657 0.480921
0.167503 0.480921
0.170481 0.480921
0.189837 0.480921
0.192815 0.480921
0.195793 0.480921
0.200260 0.480921
0.292573 0.480921
0.295551 0.480921
-0.338729 0.479432
-0.332774 0.479432
-0.292573 0.479432
-0.289595 0.479432
-0.286617 0.479432
-0.283639 0.479432
-0.280661 0.479432
-0.206215 0.479432
-0.145170 0.479432
-0.142192 0.479432
-0.066257 0.479432
-0.058812 0.479432
0.012656 0.479432
0.015634 0.479432
0.079657 0.479432
0.166015 0.479432
0.168992 0.479432
0.189837 0.479432
0.192815 0.479432
0.195793 0.479432
0.198771 0.479432
0.288106 0.479432
0.292573 0.479432
0.295551 0.479432
-0.338729 0.477943
-0.332774 0.477943
-0.289595 0.477943
-0.286617 0.477943
-0.283639 0.477943
-0.280661 0.477943
-0.207704 0.477943
-0.204726 0.477943
-0.143681 0.477943
-0.081146 0.477943
-0.061790 0.477943
0.012656 0.477943
0.015634 0.477943
0.078168 0.477943
0.161548 0.477943
0.164526 0.477943
0.189837 0.477943
0.192815 0.477943
0.195793 0.477943
0.198771 0.477943
0.288106 0.477943
0.292573 0.477943
0.295551 0.477943
-0.338729 0.476454
-0.334262 0.476454
-0.326818 0.476454
-0.288106 0.476454
-0.285128 0.476454
-0.282150 0.476454
-0.279172 0.476454
-0.204726 0.476454
-0.143681 0.476454
-0.081146 0.476454
0.012656 0.476454
0.015634 0.476454
0.078168 0.476454
0.157081 0.476454
0.160059 0.476454
0.163037 0.476454
0.189837 0.476454
0.192815 0.476454
0.195793 0.476454
0.198771 0.476454
0.289595 0.476454
0.294062 0.476454
-0.340218 0.474965
-0.337240 0.474965
-0.332774 0.474965
-0.326818 0.474965
-0.319373 0.474965
-0.286617 0.474965
-0.283639 0.474965
-0.280661 0.474965
-0.206215 0.474965
-0.203238 0.474965
-0.143681 0.474965
-0.081146 0.474965
0.012656 0.474965
0.015634 0.474965
0.078168 0.474965
0.154103 0.474965
0.157081 0.474965
0.188348 0.474965
0.191326 0.474965
0.194304 0.474965
0.197282 0.474965
0.200260 0.474965
0.291084 0.474965
0.294062 0.474965
0.297039 0.474965
-0.340218 0.473476
-0.337240 0.473476
-0.334262 0.473476
-0.326818 0.473476
-0.322351 0.473476
-0.316395 0.473476
-0.313418 0.473476
-0.305973 0.473476
-0.286617 0.473476
-0.283639 0.473476
-0.280661 0.473476
-0.206215 0.473476
-0.203238 0.473476
-0.143681 0.473476
-0.081146 0.473476
-0.045412 0.473476
0.014145 0.473476
0.075190 0.473476
0.078168 0.473476
0.151125 0.473476
0.154103 0.473476
0.189837 0.473476
0.192815 0.473476
0.195793 0.473476
0.198771 0.473476
0.291084 0.473476
0.294062 0.473476
0.297039 0.473476
-0.340218 0.471988
-0.337240 0.471988
-0.334262 0.471988
-0.323840 0.471988
-0.320862 0.471988
-0.317884 0.471988
-0.311929 0.471988
-0.308951 0.471988
-0.305973 0.471988
-0.302995 0.471988
-0.285128 0.471988
-0.282150 0.471988
-0.279172 0.471988
-0.203238 0.471988
-0.143681 0.471988
-0.081146 0.471988
-0.045412 0.471988
0.014145 0.471988
0.075190 0.471988
0.078168 0.471988
0.146659 0.471988
0.149636 0.471988
0.189837 0.471988
0.192815 0.471988
0.195793 0.471988
0.201749 0.471988
0.291084 0.471988
0.294062 0.471988
0.297039 0.471988
-0.340218 0.470499
-0.337240 0.470499
-0.319373 0.470499
-0.316395 0.470499
-0.308951 0.470499
-0.305973 0.470499
-0.302995 0.470499
-0.300017 0.470499
-0.283639 0.470499
-0.280661 0.470499
-0.204726 0.470499
-0.145170 0.470499
-0.142192 0.470499
-0.046901 0.470499
0.012656 0.470499
0.015634 0.470499
0.076679 0.470499
0.139214 0.470499
0.142192 0.470499
0.145170 0.470499
0.189837 0.470499
0.192815 0.470499
0.195793 0.470499
0.201749 0.470499
0.204726 0.470499
0.294062 0.470499
0.297039 0.470499
-0.340218 0.469010
-0.337240 0.469010
-0.316395 0.469010
-0.313418 0.469010
-0.310440 0.469010
-0.304484 0.469010
-0.298528 0.469010
-0.285128 0.469010
-0.282150 0.469010
-0.279172 0.469010
-0.203238 0.469010
-0.145170 0.469010
-0.142192 0.469010
-0.046901 0.469010
0.012656 0.469010
0.015634 0.469010
0.075190 0.469010
0.078168 0.469010
0.136236 0.469010
0.139214 0.469010
0.189837 0.469010
0.192815 0.469010
0.195793 0.469010
0.203238 0.469010
0.291084 0.469010
0.295551 0.469010
-0.341707 0.467521
-0.338729 0.467521
-0.335751 0.467521
-0.313418 0.467521
-0.310440 0.467521
-0.307462 0.467521
-0.302995 0.467521
-0.300017 0.467521
-0.297039 0.467521
-0.294062 0.467521
-0.285128 0.467521
-0.282150 0.467521
-0.279172 0.467521
-0.201749 0.467521
-0.143681 0.467521
-0.081146 0.467521
-0.045412 0.467521
0.014145 0.467521
0.073702 0.467521
0.076679 0.467521
0.130280 0.467521
0.133258 0.467521
0.188348 0.467521
0.191326 0.467521
0.194304 0.467521
0.197282 0.467521
0.201749 0.467521
0.292573 0.467521
0.295551 0.467521
0.298528 0.467521
-0.340218 0.466032
-0.337240 0.466032
-0.310440 0.466032
-0.307462 0.466032
-0.304484 0.466032
-0.301506 0.466032
-0.298528 0.466032
-0.295551 0.466032
-0.292573 0.466032
-0.285128 0.466032
-0.282150 0.466032
-0.279172 0.466032
-0.203238 0.466032
-0.145170 0.466032
-0.142192 0.466032
-0.046901 0.466032
0.012656 0.466032
0.015634 0.466032
0.075190 0.466032
0.122836 0.466032
0.125814 0.466032
0.128792 0.466032
0.188348 0.466032
0.191326 0.466032
0.194304 0.466032
0.197282 0.466032
0.203238 0.466032
0.295551 0.466032
0.298528 0.466032
-0.340218 0.464543
-0.337240 0.464543
-0.308951 0.464543
-0.305973 0.464543
-0.302995 0.464543
-0.300017 0.464543
-0.297039 0.464543
-0.294062 0.464543
-0.291084 0.464543
-0.285128 0.464543
-0.282150 0.464543
-0.279172 0.464543
-0.203238 0.464543
-0.200260 0.464543
-0.143681 0.464543
-0.081146 0.464543
-0.045412 0.464543
0.014145 0.464543
0.073702 0.464543
0.076679 0.464543
0.118369 0.464543
0.121347 0.464543
0.124325 0.464543
0.188348 0.464543
0.191326 0.464543
0.194304 0.464543
0.197282 0.464543
0.294062 0.464543
0.297039 0.464543
-0.341707 0.463054
-0.338729 0.463054
-0.307462 0.463054
-0.304484 0.463054
-0.300017 0.463054
-0.297039 0.463054
-0.294062 0.463054
-0.291084 0.463054
-0.288106 0.463054
-0.285128 0.463054
-0.282150 0.463054
-0.279172 0.463054
-0.203238 0.463054
-0.200260 0.463054
-0.143681 0.463054
-0.081146 0.463054
-0.045412 0.463054
0.012656 0.463054
0.072213 0.463054
0.075190 0.463054
0.112413 0.463054
0.115391 0.463054
0.118369 0.463054
0.186859 0.463054
0.189837 0.463054
0.192815 0.463054
0.195793 0.463054
0.201749 0.463054
0.295551 0.463054
0.298528 0.463054
-0.340218 0.461565
-0.305973 0.461565
-0.302995 0.461565
-0.300017 0.461565
-0.297039 0.461565
-0.294062 0.461565
-0.291084 0.461565
-0.288106 0.461565
-0.285128 0.461565
-0.282150 0.461565
-0.279172 0.461565
-0.201749 0.461565
-0.145170 0.461565
-0.142192 0.461565
-0.046901 0.461565
0.011167 0.461565
0.014145 0.461565
0.073702 0.461565
0.101991 0.461565
0.104969 0.461565
0.107947 0.461565
0.110925 0.461565
0.113902 0.461565
0.188348 0.461565
0.191326 0.461565
0.194304 0.461565
0.200260 0.461565
0.294062 0.461565
0.297039 0.461565
-0.341707 0.460076
-0.338729 0.460076
-0.301506 0.460076
-0.298528 0.460076
-0.295551 0.460076
-0.292573 0.460076
-0.289595 0.460076
-0.286617 0.460076
-0.283639 0.460076
-0.280661 0.460076
-0.277684 0.460076
-0.200260 0.460076
-0.145170 0.460076
-0.142192 0.460076
-0.046901 0.460076
0.011167 0.460076
0.014145 0.460076
0.072213 0.460076
0.075190 0.460076
0.100502 0.460076
0.103480 0.460076
0.106458 0.460076
0.186859 0.460076
0.189837 0.460076
0.192815 0.460076
0.195793 0.460076
0.204726 0.460076
0.297039 0.460076
-0.343196 0.458587
-0.340218 0.458587
-0.298528 0.458587
-0.295551 0.458587
-0.292573 0.458587
-0.289595 0.458587
-0.286617 0.458587
-0.283639 0.458587
-0.280661 0.458587
-0.277684 0.458587
-0.200260 0.458587
-0.145170 0.458587
-0.142192 0.458587
-0.046901 0.458587
0.011167 0.458587
0.014145 0.458587
0.072213 0.458587
0.075190 0.458587
0.093057 0.458587
0.096035 0.458587
0.099013 0.458587
0.186859 0.458587
0.189837 0.458587
0.192815 0.458587
0.198771 0.458587
0.295551 0.458587
0.298528 0.458587
-0.341707 0.457098
-0.295551 0.457098
-0.292573 0.457098
-0.289595 0.457098
-0.286617 0.457098
-0.283639 0.457098
-0.280661 0.457098
-0.277684 0.457098
-0.198771 0.457098
-0.143681 0.457098
-0.081146 0.457098
-0.045412 0.457098
0.012656 0.457098
0.070724 0.457098
0.073702 0.457098
0.087102 0.457098
0.090080 0.457098
0.093057 0.457098
0.186859 0.457098
0.189837 0.457098
0.192815 0.457098
0.198771 0.457098
0.297039 0.457098
-0.343196 0.455609
-0.340218 0.455609
-0.291084 0.455609
-0.288106 0.455609
-0.285128 0.455609
-0.282150 0.455609
-0.279172 0.455609
-0.276195 0.455609
-0.198771 0.455609
-0.145170 0.455609
-0.142192 0.455609
-0.081146 0.455609
0.011167 0.455609
0.014145 0.455609
0.070724 0.455609
0.073702 0.455609
0.081146 0.455609
0.084124 0.455609
0.087102 0.455609
0.188348 0.455609
0.191326 0.455609
0.194304 0.455609
0.198771 0.455609
0.207704 0.455609
0.298528 0.455609
-0.343196 0.454120
-0.329796 0.454120
-0.325329 0.454120
-0.288106 0.454120
-0.285128 0.454120
-0.282150 0.454120
-0.279172 0.454120
-0.276195 0.454120
-0.200260 0.454120
-0.197282 0.454120
-0.143681 0.454120
-0.140703 0.454120
-0.045412 0.454120
0.012656 0.454120
0.069235 0.454120
0.072213 0.454120
0.075190 0.454120
0.078168 0.454120
0.081146 0.454120
0.188348 0.454120
0.191326 0.454120
0.194304 0.454120
0.197282 0.454120
0.200260 0.454120
0.206215 0.454120
0.209193 0.454120
0.298528 0.454120
-0.344685 0.452632
-0.341707 0.452632
-0.329796 0.452632
-0.325329 0.452632
-0.288106 0.452632
-0.285128 0.452632
-0.282150 0.452632
-0.279172 0.452632
-0.276195 0.452632
-0.198771 0.452632
-0.145170 0.452632
-0.142192 0.452632
-0.081146 0.452632
0.011167 0.452632
0.014145 0.452632
0.070724 0.452632
0.073702 0.452632
0.076679 0.452632
0.188348 0.452632
0.191326 0.452632
0.194304 0.452632
0.197282 0.452632
0.200260 0.452632
0.206215 0.452632
0.209193 0.452632
0.298528 0.452632
-0.344685 0.451143
-0.335751 0.451143
-0.329796 0.451143
-0.325329 0.451143
-0.322351 0.451143
-0.319373 0.451143
-0.282150 0.451143
-0.279172 0.451143
-0.276195 0.451143
-0.197282 0.451143
-0.145170 0.451143
-0.142192 0.451143
-0.081146 0.451143
-0.045412 0.451143
0.012656 0.451143
0.067746 0.451143
0.070724 0.451143
0.073702 0.451143
0.186859 0.451143
0.189837 0.451143
0.192815 0.451143
0.195793 0.451143
0.198771 0.451143
0.201749 0.451143
0.207704 0.451143
0.210682 0.451143
0.298528 0.451143
-0.346174 0.449654
-0.343196 0.449654
-0.335751 0.449654
-0.331285 0.449654
-0.326818 0.449654
-0.323840 0.449654
-0.320862 0.449654
-0.317884 0.449654
-0.283639 0.449654
-0.280661 0.449654
-0.277684 0.449654
-0.198771 0.449654
-0.195793 0.449654
-0.143681 0.449654
-0.140703 0.449654
-0.046901 0.449654
0.011167 0.449654
0.014145 0.449654
0.069235 0.449654
0.072213 0.449654
0.186859 0.449654
0.189837 0.449654
0.192815 0.449654
0.195793 0.449654
0.198771 0.449654
0.206215 0.449654
0.209193 0.449654
0.300017 0.449654
-0.346174 0.448165
-0.337240 0.448165
-0.332774 0.448165
-0.322351 0.448165
-0.316395 0.448165
-0.283639 0.448165
-0.280661 0.448165
-0.277684 0.448165
-0.201749 0.448165
-0.197282 0.448165
-0.145170 0.448165
-0.142192 0.448165
-0.081146 0.448165
-0.045412 0.448165
0.012656 0.448165
0.067746 0.448165
0.070724 0.448165
0.073702 0.448165
0.188348 0.448165
0.191326 0.448165
0.194304 0.448165
0.197282 0.448165
0.298528 0.448165
0.301506 0.448165
-0.346174 0.446676
-0.338729 0.446676
-0.334262 0.446676
-0.331285 0.446676
-0.326818 0.446676
-0.313418 0.446676
-0.282150 0.446676
-0.279172 0.446676
-0.276195 0.446676
-0.201749 0.446676
-0.195793 0.446676
-0.145170 0.446676
-0.142192 0.446676
-0.081146 0.446676
-0.045412 0.446676
0.012656 0.446676
0.067746 0.446676
0.070724 0.446676
0.073702 0.446676
0.188348 0.446676
0.191326 0.446676
0.194304 0.446676
0.215149 0.446676
0.300017 0.446676
-0.347663 0.445187
-0.344685 0.445187
-0.337240 0.445187
-0.329796 0.445187
-0.319373 0.445187
-0.311929 0.445187
-0.283639 0.445187
-0.280661 0.445187
-0.277684 0.445187
-0.274706 0.445187
-0.195793 0.445187
-0.148148 0.445187
-0.143681 0.445187
-0.140703 0.445187
-0.046901 0.445187
0.011167 0.445187
0.066257 0.445187
0.069235 0.445187
0.072213 0.445187
0.186859 0.445187
0.189837 0.445187
0.192815 0.445187
0.195793 0.445187
0.215149 0.445187
0.300017 0.445187
-0.347663 0.443698
-0.340218 0.443698
-0.335751 0.443698
-0.329796 0.443698
-0.323840 0.443698
-0.316395 0.443698
-0.310440 0.443698
-0.291084 0.443698
-0.282150 0.443698
-0.279172 0.443698
-0.276195 0.443698
-0.198771 0.443698
-0.195793 0.443698
-0.148148 0.443698
-0.143681 0.443698
-0.140703 0.443698
-0.046901 0.443698
0.009678 0.443698
0.012656 0.443698
0.067746 0.443698
0.070724 0.443698
0.185370 0.443698
0.188348 0.443698
0.191326 0.443698
0.194304 0.443698
0.216638 0.443698
0.300017 0.443698
0.302995 0.443698
-0.347663 0.442209
-0.340218 0.442209
-0.335751 0.442209
-0.326818 0.442209
-0.316395 0.442209
-0.308951 0.442209
-0.280661 0.442209
-0.277684 0.442209
-0.274706 0.442209
-0.198771 0.442209
-0.194304 0.442209
-0.145170 0.442209
-0.142192 0.442209
-0.081146 0.442209
-0.045412 0.442209
0.011167 0.442209
0.064768 0.442209
0.067746 0.442209
0.070724 0.442209
0.185370 0.442209
0.188348 0.442209
0.191326 0.442209
0.194304 0.442209
0.216638 0.442209
0.300017 0.442209
0.302995 0.442209
-0.347663 0.440720
-0.340218 0.440720
-0.331285 0.440720
-0.326818 0.440720
-0.308951 0.440720
-0.291084 0.440720
-0.280661 0.440720
-0.277684 0.440720
-0.274706 0.440720
-0.198771 0.440720
-0.194304 0.440720
-0.145170 0.440720
-0.142192 0.440720
-0.081146 0.440720
-0.045412 0.440720
0.011167 0.440720
0.064768 0.440720
0.067746 0.440720
0.072213 0.440720
0.186859 0.440720
0.189837 0.440720
0.192815 0.440720
0.197282 0.440720
0.219616 0.440720
0.302995 0.440720
-0.349152 0.439231
-0.341707 0.439231
-0.332774 0.439231
-0.326818 0.439231
-0.307462 0.439231
-0.280661 0.439231
-0.277684 0.439231
-0.274706 0.439231
-0.198771 0.439231
-0.194304 0.439231
-0.145170 0.439231
-0.142192 0.439231
-0.081146 0.439231
-0.045412 0.439231
0.011167 0.439231
0.064768 0.439231
0.067746 0.439231
0.072213 0.439231
0.186859 0.439231
0.189837 0.439231
0.192815 0.439231
0.195793 0.439231
0.218127 0.439231
0.301506 0.439231
0.304484 0.439231
-0.349152 0.437742
-0.343196 0.437742
-0.334262 0.437742
-0.329796 0.437742
-0.308951 0.437742
-0.282150 0.437742
-0.279172 0.437742
-0.276195 0.437742
-0.200260 0.437742
-0.194304 0.437742
-0.191326 0.437742
-0.145170 0.437742
-0.142192 0.437742
-0.081146 0.437742
-0.045412 0.437742
0.011167 0.437742
0.063279 0.437742
0.066257 0.437742
0.069235 0.437742
0.185370 0.437742
0.188348 0.437742
0.191326 0.437742
0.194304 0.437742
0.200260 0.437742
0.302995 0.437742
-0.350641 0.436253
-0.347663 0.436253
-0.334262 0.436253
-0.282150 0.436253
-0.279172 0.436253
-0.276195 0.436253
-0.194304 0.436253
-0.191326 0.436253
-0.145170 0.436253
-0.142192 0.436253
-0.081146 0.436253
-0.045412 0.436253
0.011167 0.436253
0.063279 0.436253
0.066257 0.436253
0.069235 0.436253
0.186859 0.436253
0.189837 0.436253
0.192815 0.436253
0.195793 0.436253
0.302995 0.436253
-0.350641 0.434765
-0.343196 0.434765
-0.334262 0.434765
-0.282150 0.434765
-0.279172 0.434765
-0.276195 0.434765
-0.273217 0.434765
-0.192815 0.434765
-0.148148 0.434765
-0.143681 0.434765
-0.140703 0.434765
-0.081146 0.434765
-0.045412 0.434765
0.011167 0.434765
0.063279 0.434765
0.066257 0.434765
0.069235 0.434765
0.185370 0.434765
0.188348 0.434765
0.191326 0.434765
0.194304 0.434765
0.198771 0.434765
0.302995 0.434765
0.305973 0.434765
-0.350641 0.433276
-0.340218 0.433276
-0.294062 0.433276
-0.282150 0.433276
-0.279172 0.433276
-0.276195 0.433276
-0.273217 0.433276
-0.192815 0.433276
-0.148148 0.433276
-0.143681 0.433276
-0.140703 0.433276
-0.081146 0.433276
-0.045412 0.433276
0.011167 0.433276
0.061790 0.433276
0.064768 0.433276
0.067746 0.433276
0.073702 0.433276
0.186859 0.433276
0.189837 0.433276
0.192815 0.433276
0.195793 0.433276
0.200260 0.433276
0.304484 0.433276
-0.352130 0.431787
-0.349152 0.431787
-0.341707 0.431787
-0.335751 0.431787
-0.294062 0.431787
-0.283639 0.431787
-0.280661 0.431787
-0.277684 0.431787
-0.274706 0.431787
-0.192815 0.431787
-0.189837 0.431787
-0.145170 0.431787
-0.142192 0.431787
-0.082635 0.431787
-0.046901 0.431787
0.011167 0.431787
0.061790 0.431787
0.064768 0.431787
0.067746 0.431787
0.186859 0.431787
0.189837 0.431787
0.192815 0.431787
0.195793 0.431787
0.302995 0.431787
0.305973 0.431787
-0.350641 0.430298
-0.344685 0.430298
-0.337240 0.430298
-0.295551 0.430298
-0.285128 0.430298
-0.282150 0.430298
-0.279172 0.430298
-0.276195 0.430298
-0.273217 0.430298
-0.191326 0.430298
-0.148148 0.430298
-0.143681 0.430298
-0.140703 0.430298
-0.081146 0.430298
0.009678 0.430298
0.012656 0.430298
0.063279 0.430298
0.066257 0.430298
0.185370 0.430298
0.188348 0.430298
0.191326 0.430298
0.194304 0.430298
0.203238 0.430298
0.305973 0.430298
-0.350641 0.428809
-0.343196 0.428809
-0.297039 0.428809
-0.288106 0.428809
-0.285128 0.428809
-0.282150 0.428809
-0.279172 0.428809
-0.276195 0.428809
-0.273217 0.428809
-0.191326 0.428809
-0.148148 0.428809
-0.145170 0.428809
-0.142192 0.428809
-0.082635 0.428809
-0.046901 0.428809
0.011167 0.428809
0.060301 0.428809
0.063279 0.428809
0.066257 0.428809
0.185370 0.428809
0.188348 0.428809
0.191326 0.428809
0.194304 0.428809
0.203238 0.428809
0.305973 0.428809
-0.352130 0.427320
-0.349152 0.427320
-0.338729 0.427320
-0.297039 0.427320
-0.289595 0.427320
-0.286617 0.427320
-0.283639 0.427320
-0.280661 0.427320
-0.277684 0.427320
-0.274706 0.427320
-0.271728 0.427320
-0.189837 0.427320
-0.148148 0.427320
-0.145170 0.427320
-0.142192 0.427320
-0.082635 0.427320
-0.046901 0.427320
0.011167 0.427320
0.060301 0.427320
0.063279 0.427320
0.066257 0.427320
0.185370 0.427320
0.188348 0.427320
0.191326 0.427320
0.194304 0.427320
0.201749 0.427320
0.304484 0.427320
0.307462 0.427320
-0.350641 0.425831
-0.338729 0.425831
-0.292573 0.425831
-0.289595 0.425831
-0.286617 0.425831
-0.283639 0.425831
-0.280661 0.425831
-0.274706 0.425831
-0.271728 0.425831
-0.189837 0.425831
-0.148148 0.425831
-0.145170 0.425831
-0.142192 0.425831
-0.082635 0.425831
-0.046901 0.425831
0.011167 0.425831
0.061790 0.425831
0.064768 0.425831
0.183882 0.425831
0.186859 0.425831
0.189837 0.425831
0.192815 0.425831
0.195793 0.425831
0.304484 0.425831
0.307462 0.425831
-0.350641 0.424342
-0.340218 0.424342
-0.294062 0.424342
-0.291084 0.424342
-0.288106 0.424342
-0.285128 0.424342
-0.282150 0.424342
-0.277684 0.424342
-0.274706 0.424342
-0.271728 0.424342
-0.188348 0.424342
-0.146659 0.424342
-0.143681 0.424342
-0.140703 0.424342
-0.046901 0.424342
0.011167 0.424342
0.060301 0.424342
0.063279 0.424342
0.066257 0.424342
0.185370 0.424342
0.188348 0.424342
0.191326 0.424342
0.194304 0.424342
0.201749 0.424342
0.305973 0.424342
0.308951 0.424342
-0.352130 0.422853
-0.346174 0.422853
-0.301506 0.422853
-0.295551 0.422853
-0.292573 0.422853
-0.289595 0.422853
-0.286617 0.422853
-0.283639 0.422853
-0.277684 0.422853
-0.274706 0.422853
-0.271728 0.422853
-0.188348 0.422853
-0.148148 0.422853
-0.145170 0.422853
-0.142192 0.422853
-0.082635 0.422853
0.009678 0.422853
0.058812 0.422853
0.061790 0.422853
0.064768 0.422853
0.183882 0.422853
0.186859 0.422853
0.189837 0.422853
0.192815 0.422853
0.195793 0.422853
0.305973 0.422853
0.308951 0.422853
-0.352130 0.421364
-0.344685 0.421364
-0.301506 0.421364
-0.295551 0.421364
-0.289595 0.421364
-0.279172 0.421364
-0.276195 0.421364
-0.273217 0.421364
-0.189837 0.421364
-0.186859 0.421364
-0.146659 0.421364
-0.143681 0.421364
-0.140703 0.421364
-0.046901 0.421364
0.011167 0.421364
0.060301 0.421364
0.063279 0.421364
0.066257 0.421364
0.185370 0.421364
0.188348 0.421364
0.191326 0.421364
0.194304 0.421364
0.305973 0.421364
0.308951 0.421364
-0.352130 0.419875
-0.347663 0.419875
-0.343196 0.419875
-0.298528 0.419875
-0.295551 0.419875
-0.292573 0.419875
-0.289595 0.419875
-0.279172 0.419875
-0.276195 0.419875
-0.273217 0.419875
-0.270239 0.419875
-0.188348 0.419875
-0.148148 0.419875
-0.145170 0.419875
-0.142192 0.419875
-0.082635 0.419875
0.008189 0.419875
0.011167 0.419875
0.058812 0.419875
0.061790 0.419875
0.064768 0.419875
0.183882 0.419875
0.186859 0.419875
0.189837 0.419875
0.192815 0.419875
0.195793 0.419875
0.307462 0.419875
0.310440 0.419875
-0.352130 0.418386
-0.347663 0.418386
-0.302995 0.418386
-0.297039 0.418386
-0.294062 0.418386
-0.289595 0.418386
-0.277684 0.418386
-0.274706 0.418386
-0.271728 0.418386
-0.188348 0.418386
-0.185370 0.418386
-0.146659 0.418386
-0.143681 0.418386
-0.140703 0.418386
-0.046901 0.418386
0.009678 0.418386
0.057323 0.418386
0.060301 0.418386
0.063279 0.418386
0.066257 0.418386
0.185370 0.418386
0.188348 0.418386
0.191326 0.418386
0.194304 0.418386
0.198771 0.418386
0.308951 0.418386
-0.353618 0.416898
-0.350641 0.416898
-0.300017 0.416898
-0.297039 0.416898
-0.294062 0.416898
-0.288106 0.416898
-0.277684 0.416898
-0.274706 0.416898
-0.271728 0.416898
-0.188348 0.416898
-0.185370 0.416898
-0.146659 0.416898
-0.143681 0.416898
-0.140703 0.416898
-0.046901 0.416898
0.009678 0.416898
0.057323 0.416898
0.060301 0.416898
0.063279 0.416898
0.066257 0.416898
0.183882 0.416898
0.186859 0.416898
0.189837 0.416898
0.192815 0.416898
0.307462 0.416898
0.310440 0.416898
-0.352130 0.415409
-0.346174 0.415409
-0.304484 0.415409
-0.300017 0.415409
-0.295551 0.415409
-0.279172 0.415409
-0.276195 0.415409
-0.273217 0.415409
-0.270239 0.415409
-0.186859 0.415409
-0.148148 0.415409
-0.145170 0.415409
-0.142192 0.415409
-0.082635 0.415409
0.008189 0.415409
0.011167 0.415409
0.057323 0.415409
0.060301 0.415409
0.063279 0.415409
0.066257 0.415409
0.122836 0.415409
0.185370 0.415409
0.188348 0.415409
0.191326 0.415409
0.194304 0.415409
0.308951 0.415409
-0.353618 0.413920
-0.350641 0.413920
-0.326818 0.413920
-0.305973 0.413920
-0.298528 0.413920
-0.291084 0.413920
-0.279172 0.413920
-0.276195 0.413920
-0.273217 0.413920
-0.270239 0.413920
-0.186859 0.413920
-0.148148 0.413920
-0.145170 0.413920
-0.142192 0.413920
-0.082635 0.413920
0.008189 0.413920
0.011167 0.413920
0.057323 0.413920
0.060301 0.413920
0.063279 0.413920
0.067746 0.413920
0.122836 0.413920
0.185370 0.413920
0.188348 0.413920
0.191326 0.413920
0.194304 0.413920
0.310440 0.413920
-0.353618 0.412431
-0.350641 0.412431
-0.328307 0.412431
-0.302995 0.412431
-0.298528 0.412431
-0.286617 0.412431
-0.279172 0.412431
-0.276195 0.412431
-0.273217 0.412431
-0.270239 0.412431
-0.185370 0.412431
-0.148148 0.412431
-0.143681 0.412431
-0.140703 0.412431
-0.046901 0.412431
0.009678 0.412431
0.055834 0.412431
0.058812 0.412431
0.061790 0.412431
0.064768 0.412431
0.067746 0.412431
0.183882 0.412431
0.186859 0.412431
0.189837 0.412431
0.192815 0.412431
0.206215 0.412431
0.310440 0.412431
-0.353618 0.410942
-0.350641 0.410942
-0.307462 0.410942
-0.302995 0.410942
-0.300017 0.410942
-0.286617 0.410942
-0.277684 0.410942
-0.274706 0.410942
-0.271728 0.410942
-0.268750 0.410942
-0.185370 0.410942
-0.148148 0.410942
-0.145170 0.410942
-0.142192 0.410942
-0.082635 0.410942
0.008189 0.410942
0.011167 0.410942
0.055834 0.410942
0.058812 0.410942
0.061790 0.410942
0.066257 0.410942
0.183882 0.410942
0.186859 0.410942
0.189837 0.410942
0.192815 0.410942
0.206215 0.410942
0.310440 0.410942
-0.353618 0.409453
-0.350641 0.409453
-0.308951 0.409453
-0.304484 0.409453
-0.301506 0.409453
-0.289595 0.409453
-0.279172 0.409453
-0.274706 0.409453
-0.271728 0.409453
-0.268750 0.409453
-0.186859 0.409453
-0.183882 0.409453
-0.146659 0.409453
-0.143681 0.409453
-0.140703 0.409453
-0.046901 0.409453
0.009678 0.409453
0.054346 0.409453
0.057323 0.409453
0.060301 0.409453
0.064768 0.409453
0.122836 0.409453
0.185370 0.409453
0.188348 0.409453
0.191326 0.409453
0.206215 0.409453
0.311929 0.409453
-0.353618 0.407964
-0.350641 0.407964
-0.310440 0.407964
-0.307462 0.407964
-0.304484 0.407964
-0.291084 0.407964
-0.279172 0.407964
-0.274706 0.407964
-0.271728 0.407964
-0.268750 0.407964
-0.185370 0.407964
-0.182393 0.407964
-0.145170 0.407964
-0.142192 0.407964
-0.082635 0.407964
-0.045412 0.407964
0.009678 0.407964
0.054346 0.407964
0.057323 0.407964
0.060301 0.407964
0.122836 0.407964
0.183882 0.407964
0.186859 0.407964
0.189837 0.407964
0.192815 0.407964
0.197282 0.407964
0.206215 0.407964
0.311929 0.407964
-0.355107 0.406475
-0.352130 0.406475
-0.311929 0.406475
-0.308951 0.406475
-0.305973 0.406475
-0.291084 0.406475
-0.279172 0.406475
-0.274706 0.406475
-0.271728 0.406475
-0.268750 0.406475
-0.185370 0.406475
-0.182393 0.406475
-0.145170 0.406475
-0.142192 0.406475
-0.082635 0.406475
-0.045412 0.406475
0.009678 0.406475
0.054346 0.406475
0.057323 0.406475
0.060301 0.406475
0.182393 0.406475
0.185370 0.406475
0.188348 0.406475
0.191326 0.406475
0.195793 0.406475
0.311929 0.406475
-0.355107 0.404986
-0.352130 0.404986
-0.311929 0.404986
-0.308951 0.404986
-0.305973 0.404986
-0.300017 0.404986
-0.279172 0.404986
-0.274706 0.404986
-0.271728 0.404986
-0.268750 0.404986
-0.185370 0.404986
-0.182393 0.404986
-0.146659 0.404986
-0.143681 0.404986
-0.140703 0.404986
-0.046901 0.404986
0.009678 0.404986
0.052857 0.404986
0.055834 0.404986
0.058812 0.404986
0.061790 0.404986
0.182393 0.404986
0.185370 0.404986
0.188348 0.404986
0.191326 0.404986
0.195793 0.404986
0.310440 0.404986
0.313418 0.404986
-0.353618 0.403497
-0.334262 0.403497
-0.313418 0.403497
-0.310440 0.403497
-0.307462 0.403497
-0.279172 0.403497
-0.276195 0.403497
-0.273217 0.403497
-0.270239 0.403497
-0.188348 0.403497
-0.182393 0.403497
-0.148148 0.403497
-0.143681 0.403497
-0.140703 0.403497
-0.046901 0.403497
0.009678 0.403497
0.054346 0.403497
0.057323 0.403497
0.060301 0.403497
0.063279 0.403497
0.183882 0.403497
0.186859 0.403497
0.189837 0.403497
0.192815 0.403497
0.195793 0.403497
0.311929 0.403497
-0.355107 0.402008
-0.352130 0.402008
-0.314907 0.402008
-0.310440 0.402008
-0.307462 0.402008
-0.277684 0.402008
-0.274706 0.402008
-0.271728 0.402008
-0.268750 0.402008
-0.183882 0.402008
-0.180904 0.402008
-0.146659 0.402008
-0.143681 0.402008
-0.140703 0.402008
-0.046901 0.402008
0.009678 0.402008
0.052857 0.402008
0.055834 0.402008
0.058812 0.402008
0.063279 0.402008
0.183882 0.402008
0.186859 0.402008
0.189837 0.402008
0.192815 0.402008
0.195793 0.402008
0.204726 0.402008
0.313418 0.402008
-0.355107 0.400519
-0.352130 0.400519
-0.334262 0.400519
-0.314907 0.400519
-0.310440 0.400519
-0.279172 0.400519
-0.276195 0.400519
-0.273217 0.400519
-0.270239 0.400519
-0.267261 0.400519
-0.182393 0.400519
-0.148148 0.400519
-0.145170 0.400519
-0.142192 0.400519
-0.082635 0.400519
0.008189 0.400519
0.051368 0.400519
0.054346 0.400519
0.057323 0.400519
0.061790 0.400519
0.183882 0.400519
0.186859 0.400519
0.189837 0.400519
0.192815 0.400519
0.195793 0.400519
0.203238 0.400519
0.313418 0.400519
-0.355107 0.399030
-0.352130 0.399030
-0.317884 0.399030
-0.314907 0.399030
-0.308951 0.399030
-0.277684 0.399030
-0.274706 0.399030
-0.271728 0.399030
-0.268750 0.399030
-0.183882 0.399030
-0.180904 0.399030
-0.146659 0.399030
-0.143681 0.399030
-0.140703 0.399030
-0.046901 0.399030
0.009678 0.399030
0.052857 0.399030
0.055834 0.399030
0.058812 0.399030
0.182393 0.399030
0.185370 0.399030
0.188348 0.399030
0.191326 0.399030
0.194304 0.399030
0.203238 0.399030
0.313418 0.399030
-0.355107 0.397542
-0.352130 0.397542
-0.335751 0.397542
-0.317884 0.397542
-0.311929 0.397542
-0.294062 0.397542
-0.277684 0.397542
-0.274706 0.397542
-0.271728 0.397542
-0.268750 0.397542
-0.183882 0.397542
-0.180904 0.397542
-0.146659 0.397542
-0.143681 0.397542
-0.140703 0.397542
-0.082635 0.397542
0.008189 0.397542
0.051368 0.397542
0.054346 0.397542
0.057323 0.397542
0.182393 0.397542
0.185370 0.397542
0.188348 0.397542
0.191326 0.397542
0.194304 0.397542
0.198771 0.397542
0.313418 0.397542
-0.355107 0.396053
-0.352130 0.396053
-0.337240 0.396053
-0.319373 0.396053
-0.313418 0.396053
-0.279172 0.396053
-0.276195 0.396053
-0.273217 0.396053
-0.270239 0.396053
-0.267261 0.396053
-0.182393 0.396053
-0.179415 0.396053
-0.146659 0.396053
-0.143681 0.396053
-0.140703 0.396053
0.006700 0.396053
0.009678 0.396053
0.051368 0.396053
0.054346 0.396053
0.057323 0.396053
0.182393 0.396053
0.185370 0.396053
0.188348 0.396053
0.191326 0.396053
0.194304 0.396053
0.197282 0.396053
0.259816 0.396053
0.314907 0.396053
-0.355107 0.394564
-0.352130 0.394564
-0.320862 0.394564
-0.314907 0.394564
-0.310440 0.394564
-0.277684 0.394564
-0.274706 0.394564
-0.271728 0.394564
-0.268750 0.394564
-0.183882 0.394564
-0.180904 0.394564
-0.148148 0.394564
-0.145170 0.394564
-0.142192 0.394564
-0.082635 0.394564
0.006700 0.394564
0.009678 0.394564
0.051368 0.394564
0.054346 0.394564
0.057323 0.394564
0.182393 0.394564
0.185370 0.394564
0.188348 0.394564
0.191326 0.394564
0.194304 0.394564
0.197282 0.394564
0.206215 0.394564
0.314907 0.394564
-0.355107 0.393075
-0.352130 0.393075
-0.338729 0.393075
-0.320862 0.393075
-0.316395 0.393075
-0.311929 0.393075
-0.279172 0.393075
-0.276195 0.393075
-0.273217 0.393075
-0.270239 0.393075
-0.267261 0.393075
-0.183882 0.393075
-0.180904 0.393075
-0.148148 0.393075
-0.145170 0.393075
-0.142192 0.393075
-0.084124 0.393075
-0.046901 0.393075
0.008189 0.393075
0.048390 0.393075
0.051368 0.393075
0.054346 0.393075
0.057323 0.393075
0.183882 0.393075
0.186859 0.393075
0.189837 0.393075
0.192815 0.393075
0.195793 0.393075
0.201749 0.393075
0.313418 0.393075
0.316395 0.393075
-0.353618 0.391586
-0.341707 0.391586
-0.323840 0.391586
-0.319373 0.391586
-0.316395 0.391586
-0.280661 0.391586
-0.277684 0.391586
-0.273217 0.391586
-0.270239 0.391586
-0.267261 0.391586
-0.182393 0.391586
-0.179415 0.391586
-0.148148 0.391586
-0.145170 0.391586
-0.142192 0.391586
-0.084124 0.391586
-0.046901 0.391586
0.008189 0.391586
0.048390 0.391586
0.051368 0.391586
0.054346 0.391586
0.182393 0.391586
0.185370 0.391586
0.188348 0.391586
0.191326 0.391586
0.194304 0.391586
0.201749 0.391586
0.316395 0.391586
-0.355107 0.390097
-0.352130 0.390097
-0.340218 0.390097
-0.320862 0.390097
-0.317884 0.390097
-0.280661 0.390097
-0.277684 0.390097
-0.274706 0.390097
-0.271728 0.390097
-0.268750 0.390097
-0.265772 0.390097
-0.180904 0.390097
-0.177926 0.390097
-0.146659 0.390097
-0.143681 0.390097
-0.140703 0.390097
-0.082635 0.390097
-0.046901 0.390097
0.008189 0.390097
0.048390 0.390097
0.051368 0.390097
0.054346 0.390097
0.180904 0.390097
0.183882 0.390097
0.186859 0.390097
0.189837 0.390097
0.192815 0.390097
0.195793 0.390097
0.222593 0.390097
0.314907 0.390097
0.317884 0.390097
-0.353618 0.388608
-0.341707 0.388608
-0.322351 0.388608
-0.319373 0.388608
-0.314907 0.388608
-0.279172 0.388608
-0.274706 0.388608
-0.271728 0.388608
-0.268750 0.388608
-0.265772 0.388608
-0.179415 0.388608
-0.148148 0.388608
-0.143681 0.388608
-0.140703 0.388608
-0.082635 0.388608
-0.046901 0.388608
0.008189 0.388608
0.046901 0.388608
0.049879 0.388608
0.052857 0.388608
0.055834 0.388608
0.182393 0.388608
0.185370 0.388608
0.188348 0.388608
0.191326 0.388608
0.194304 0.388608
0.200260 0.388608
0.224082 0.388608
0.316395 0.388608
-0.356596 0.387119
-0.353618 0.387119
-0.343196 0.387119
-0.320862 0.387119
-0.282150 0.387119
-0.279172 0.387119
-0.274706 0.387119
-0.271728 0.387119
-0.268750 0.387119
-0.265772 0.387119
-0.183882 0.387119
-0.179415 0.387119
-0.176437 0.387119
-0.146659 0.387119
-0.142192 0.387119
-0.122836 0.387119
-0.082635 0.387119
-0.060301 0.387119
-0.046901 0.387119
0.008189 0.387119
0.046901 0.387119
0.049879 0.387119
0.052857 0.387119
0.055834 0.387119
0.182393 0.387119
0.185370 0.387119
0.188348 0.387119
0.191326 0.387119
0.194304 0.387119
0.198771 0.387119
0.316395 0.387119
0.319373 0.387119
-0.355107 0.385630
-0.344685 0.385630
-0.332774 0.385630
-0.328307 0.385630
-0.322351 0.385630
-0.317884 0.385630
-0.280661 0.385630
-0.276195 0.385630
-0.273217 0.385630
-0.270239 0.385630
-0.267261 0.385630
-0.264283 0.385630
-0.180904 0.385630
-0.177926 0.385630
-0.148148 0.385630
-0.143681 0.385630
-0.140703 0.385630
-0.082635 0.385630
-0.048390 0.385630
0.006700 0.385630
0.009678 0.385630
0.048390 0.385630
0.051368 0.385630
0.054346 0.385630
0.067746 0.385630
0.182393 0.385630
0.185370 0.385630
0.188348 0.385630
0.191326 0.385630
0.194304 0.385630
0.197282 0.385630
0.305973 0.385630
0.311929 0.385630
0.317884 0.385630
-0.356596 0.384141
-0.353618 0.384141
-0.344685 0.384141
-0.331285 0.384141
-0.328307 0.384141
-0.319373 0.384141
-0.280661 0.384141
-0.276195 0.384141
-0.273217 0.384141
-0.270239 0.384141
-0.267261 0.384141
-0.264283 0.384141
-0.179415 0.384141
-0.176437 0.384141
-0.146659 0.384141
-0.143681 0.384141
-0.140703 0.384141
-0.082635 0.384141
-0.058812 0.384141
-0.046901 0.384141
0.008189 0.384141
0.045412 0.384141
0.048390 0.384141
0.051368 0.384141
0.054346 0.384141
0.057323 0.384141
0.183882 0.384141
0.186859 0.384141
0.189837 0.384141
0.192815 0.384141
0.195793 0.384141
0.198771 0.384141
0.307462 0.384141
0.317884 0.384141
-0.356596 0.382652
-0.353618 0.382652
-0.346174 0.382652
-0.334262 0.382652
-0.323840 0.382652
-0.277684 0.382652
-0.274706 0.382652
-0.271728 0.382652
-0.268750 0.382652
-0.265772 0.382652
-0.180904 0.382652
-0.177926 0.382652
-0.148148 0.382652
-0.145170 0.382652
-0.142192 0.382652
-0.084124 0.382652
-0.072213 0.382652
-0.058812 0.382652
-0.046901 0.382652
0.008189 0.382652
0.045412 0.382652
0.048390 0.382652
0.051368 0.382652
0.054346 0.382652
0.057323 0.382652
0.183882 0.382652
0.186859 0.382652
0.189837 0.382652
0.192815 0.382652
0.195793 0.382652
0.198771 0.382652
0.313418 0.382652
0.317884 0.382652
-0.356596 0.381163
-0.353618 0.381163
-0.347663 0.381163
-0.331285 0.381163
-0.282150 0.381163
-0.277684 0.381163
-0.273217 0.381163
-0.270239 0.381163
-0.267261 0.381163
-0.264283 0.381163
-0.179415 0.381163
-0.176437 0.381163
-0.148148 0.381163
-0.145170 0.381163
-0.142192 0.381163
-0.084124 0.381163
-0.070724 0.381163
-0.048390 0.381163
0.006700 0.381163
0.009678 0.381163
0.046901 0.381163
0.049879 0.381163
0.052857 0.381163
0.055834 0.381163
0.183882 0.381163
0.186859 0.381163
0.189837 0.381163
0.192815 0.381163
0.195793 0.381163
0.198771 0.381163
0.313418 0.381163
0.317884 0.381163
-0.356596 0.379675
-0.353618 0.379675
-0.347663 0.379675
-0.331285 0.379675
-0.283639 0.379675
-0.279172 0.379675
-0.274706 0.379675
-0.271728 0.379675
-0.268750 0.379675
-0.265772 0.379675
-0.180904 0.379675
-0.177926 0.379675
-0.174948 0.379675
-0.145170 0.379675
-0.142192 0.379675
-0.084124 0.379675
-0.061790 0.379675
-0.048390 0.379675
0.006700 0.379675
0.009678 0.379675
0.046901 0.379675
0.049879 0.379675
0.052857 0.379675
0.055834 0.379675
0.183882 0.379675
0.186859 0.379675
0.189837 0.379675
0.192815 0.379675
0.195793 0.379675
0.198771 0.379675
0.207704 0.379675
0.319373 0.379675
-0.356596 0.378186
-0.353618 0.378186
-0.349152 0.378186
-0.332774 0.378186
-0.282150 0.378186
-0.279172 0.378186
-0.274706 0.378186
-0.271728 0.378186
-0.268750 0.378186
-0.265772 0.378186
-0.180904 0.378186
-0.177926 0.378186
-0.174948 0.378186
-0.145170 0.378186
-0.142192 0.378186
-0.084124 0.378186
-0.063279 0.378186
-0.048390 0.378186
0.006700 0.378186
0.009678 0.378186
0.045412 0.378186
0.048390 0.378186
0.051368 0.378186
0.054346 0.378186
0.183882 0.378186
0.186859 0.378186
0.189837 0.378186
0.192815 0.378186
0.195793 0.378186
0.198771 0.378186
0.201749 0.378186
0.317884 0.378186
0.320862 0.378186
-0.355107 0.376697
-0.352130 0.376697
-0.349152 0.376697
-0.283639 0.376697
-0.280661 0.376697
-0.276195 0.376697
-0.273217 0.376697
-0.270239 0.376697
-0.267261 0.376697
-0.264283 0.376697
-0.180904 0.376697
-0.177926 0.376697
-0.174948 0.376697
-0.145170 0.376697
-0.142192 0.376697
-0.084124 0.376697
-0.048390 0.376697
0.006700 0.376697
0.009678 0.376697
0.045412 0.376697
0.048390 0.376697
0.051368 0.376697
0.054346 0.376697
0.182393 0.376697
0.185370 0.376697
0.188348 0.376697
0.191326 0.376697
0.194304 0.376697
0.197282 0.376697
0.200260 0.376697
0.317884 0.376697
0.320862 0.376697
-0.355107 0.375208
-0.352130 0.375208
-0.349152 0.375208
-0.334262 0.375208
-0.323840 0.375208
-0.283639 0.375208
-0.280661 0.375208
-0.273217 0.375208
-0.270239 0.375208
-0.267261 0.375208
-0.264283 0.375208
-0.182393 0.375208
-0.179415 0.375208
-0.176437 0.375208
-0.173459 0.375208
-0.145170 0.375208
-0.142192 0.375208
-0.084124 0.375208
-0.048390 0.375208
0.008189 0.375208
0.043923 0.375208
0.046901 0.375208
0.049879 0.375208
0.052857 0.375208
0.180904 0.375208
0.183882 0.375208
0.186859 0.375208
0.189837 0.375208
0.192815 0.375208
0.195793 0.375208
0.198771 0.375208
0.206215 0.375208
0.209193 0.375208
0.212171 0.375208
0.319373 0.375208
-0.356596 0.373719
-0.353618 0.373719
-0.350641 0.373719
-0.331285 0.373719
-0.283639 0.373719
-0.280661 0.373719
-0.276195 0.373719
-0.271728 0.373719
-0.268750 0.373719
-0.265772 0.373719
-0.262794 0.373719
-0.180904 0.373719
-0.177926 0.373719
-0.174948 0.373719
-0.146659 0.373719
-0.143681 0.373719
-0.140703 0.373719
-0.082635 0.373719
0.006700 0.373719
0.009678 0.373719
0.043923 0.373719
0.046901 0.373719
0.049879 0.373719
0.052857 0.373719
0.180904 0.373719
0.183882 0.373719
0.186859 0.373719
0.189837 0.373719
0.192815 0.373719
0.195793 0.373719
0.198771 0.373719
0.206215 0.373719
0.209193 0.373719
0.212171 0.373719
0.319373 0.373719
0.322351 0.373719
-0.355107 0.372230
-0.352130 0.372230
-0.338729 0.372230
-0.332774 0.372230
-0.285128 0.372230
-0.282150 0.372230
-0.273217 0.372230
-0.270239 0.372230
-0.267261 0.372230
-0.264283 0.372230
-0.182393 0.372230
-0.179415 0.372230
-0.176437 0.372230
-0.173459 0.372230
-0.145170 0.372230
-0.142192 0.372230
-0.131769 0.372230
-0.082635 0.372230
0.006700 0.372230
0.042434 0.372230
0.045412 0.372230
0.048390 0.372230
0.051368 0.372230
0.180904 0.372230
0.183882 0.372230
0.186859 0.372230
0.189837 0.372230
0.194304 0.372230
0.197282 0.372230
0.200260 0.372230
0.210682 0.372230
0.313418 0.372230
0.316395 0.372230
0.319373 0.372230
0.322351 0.372230
-0.355107 0.370741
-0.352130 0.370741
-0.337240 0.370741
-0.328307 0.370741
-0.283639 0.370741
-0.274706 0.370741
-0.271728 0.370741
-0.268750 0.370741
-0.265772 0.370741
-0.262794 0.370741
-0.180904 0.370741
-0.177926 0.370741
-0.174948 0.370741
-0.146659 0.370741
-0.143681 0.370741
-0.140703 0.370741
-0.048390 0.370741
0.008189 0.370741
0.043923 0.370741
0.046901 0.370741
0.049879 0.370741
0.180904 0.370741
0.183882 0.370741
0.186859 0.370741
0.189837 0.370741
0.192815 0.370741
0.195793 0.370741
0.198771 0.370741
0.206215 0.370741
0.314907 0.370741
0.319373 0.370741
0.322351 0.370741
-0.355107 0.369252
-0.352130 0.369252
-0.338729 0.369252
-0.329796 0.369252
-0.285128 0.369252
-0.282150 0.369252
-0.274706 0.369252
-0.271728 0.369252
-0.268750 0.369252
-0.265772 0.369252
-0.262794 0.369252
-0.180904 0.369252
-0.177926 0.369252
-0.174948 0.369252
-0.171970 0.369252
-0.145170 0.369252
-0.142192 0.369252
-0.084124 0.369252
0.006700 0.369252
0.040945 0.369252
0.043923 0.369252
0.046901 0.369252
0.049879 0.369252
0.180904 0.369252
0.183882 0.369252
0.186859 0.369252
0.189837 0.369252
0.192815 0.369252
0.195793 0.369252
0.198771 0.369252
0.204726 0.369252
0.285128 0.369252
0.316395 0.369252
0.320862 0.369252
-0.356596 0.367763
-0.353618 0.367763
-0.338729 0.367763
-0.329796 0.367763
-0.283639 0.367763
-0.274706 0.367763
-0.271728 0.367763
-0.268750 0.367763
-0.265772 0.367763
-0.262794 0.367763
-0.180904 0.367763
-0.177926 0.367763
-0.174948 0.367763
-0.171970 0.367763
-0.145170 0.367763
-0.142192 0.367763
-0.084124 0.367763
0.006700 0.367763
0.040945 0.367763
0.043923 0.367763
0.046901 0.367763
0.049879 0.367763
0.180904 0.367763
0.183882 0.367763
0.186859 0.367763
0.189837 0.367763
0.192815 0.367763
0.195793 0.367763
0.200260 0.367763
0.286617 0.367763
0.316395 0.367763
0.320862 0.367763
0.323840 0.367763
-0.355107 0.366274
-0.340218 0.366274
-0.337240 0.366274
-0.331285 0.366274
-0.285128 0.366274
-0.279172 0.366274
-0.274706 0.366274
-0.271728 0.366274
-0.268750 0.366274
-0.265772 0.366274
-0.262794 0.366274
-0.180904 0.366274
-0.177926 0.366274
-0.174948 0.366274
-0.171970 0.366274
-0.145170 0.366274
-0.142192 0.366274
-0.134747 0.366274
-0.048390 0.366274
0.006700 0.366274
0.039456 0.366274
0.042434 0.366274
0.045412 0.366274
0.048390 0.366274
0.054346 0.366274
0.180904 0.366274
0.183882 0.366274
0.186859 0.366274
0.189837 0.366274
0.192815 0.366274
0.195793 0.366274
0.201749 0.366274
0.314907 0.366274
0.317884 0.366274
0.320862 0.366274
0.323840 0.366274
-0.356596 0.364785
-0.343196 0.364785
-0.338729 0.364785
-0.332774 0.364785
-0.285128 0.364785
-0.279172 0.364785
-0.273217 0.364785
-0.270239 0.364785
-0.267261 0.364785
-0.264283 0.364785
-0.261305 0.364785
-0.179415 0.364785
-0.176437 0.364785
-0.173459 0.364785
-0.146659 0.364785
-0.143681 0.364785
-0.140703 0.364785
-0.134747 0.364785
-0.048390 0.364785
0.006700 0.364785
0.039456 0.364785
0.042434 0.364785
0.045412 0.364785
0.048390 0.364785
0.054346 0.364785
0.180904 0.364785
0.183882 0.364785
0.186859 0.364785
0.189837 0.364785
0.192815 0.364785
0.195793 0.364785
0.204726 0.364785
0.316395 0.364785
0.320862 0.364785
0.323840 0.364785
-0.356596 0.363296
-0.338729 0.363296
-0.332774 0.363296
-0.280661 0.363296
-0.274706 0.363296
-0.271728 0.363296
-0.268750 0.363296
-0.265772 0.363296
-0.262794 0.363296
-0.180904 0.363296
-0.177926 0.363296
-0.174948 0.363296
-0.171970 0.363296
-0.145170 0.363296
-0.142192 0.363296
-0.136236 0.363296
-0.048390 0.363296
0.006700 0.363296
0.039456 0.363296
0.042434 0.363296
0.045412 0.363296
0.048390 0.363296
0.054346 0.363296
0.122836 0.363296
0.182393 0.363296
0.185370 0.363296
0.188348 0.363296
0.191326 0.363296
0.194304 0.363296
0.198771 0.363296
0.209193 0.363296
0.316395 0.363296
0.320862 0.363296
0.323840 0.363296
-0.358085 0.361807
-0.340218 0.361807
-0.328307 0.361807
-0.283639 0.361807
-0.280661 0.361807
-0.274706 0.361807
-0.271728 0.361807
-0.268750 0.361807
-0.265772 0.361807
-0.262794 0.361807
-0.259816 0.361807
-0.179415 0.361807
-0.176437 0.361807
-0.173459 0.361807
-0.170481 0.361807
-0.143681 0.361807
-0.140703 0.361807
-0.136236 0.361807
-0.048390 0.361807
0.006700 0.361807
0.037967 0.361807
0.040945 0.361807
0.043923 0.361807
0.046901 0.361807
0.049879 0.361807
0.122836 0.361807
0.182393 0.361807
0.185370 0.361807
0.188348 0.361807
0.191326 0.361807
0.194304 0.361807
0.198771 0.361807
0.201749 0.361807
0.289595 0.361807
0.319373 0.361807
0.322351 0.361807
-0.359574 0.360319
-0.341707 0.360319
-0.285128 0.360319
-0.282150 0.360319
-0.274706 0.360319
-0.271728 0.360319
-0.268750 0.360319
-0.265772 0.360319
-0.262794 0.360319
-0.259816 0.360319
-0.179415 0.360319
-0.176437 0.360319
-0.173459 0.360319
-0.170481 0.360319
-0.145170 0.360319
-0.142192 0.360319
-0.137725 0.360319
-0.048390 0.360319
0.006700 0.360319
0.037967 0.360319
0.040945 0.360319
0.043923 0.360319
0.046901 0.360319
0.121347 0.360319
0.177926 0.360319
0.180904 0.360319
0.183882 0.360319
0.186859 0.360319
0.189837 0.360319
0.192815 0.360319
0.195793 0.360319
0.198771 0.360319
0.201749 0.360319
0.209193 0.360319
0.291084 0.360319
0.319373 0.360319
0.322351 0.360319
-0.361063 0.358830
-0.358085 0.358830
-0.337240 0.358830
-0.283639 0.358830
-0.276195 0.358830
-0.273217 0.358830
-0.268750 0.358830
-0.265772 0.358830
-0.262794 0.358830
-0.259816 0.358830
-0.179415 0.358830
-0.174948 0.358830
-0.171970 0.358830
-0.148148 0.358830
-0.143681 0.358830
-0.140703 0.358830
-0.084124 0.358830
0.005211 0.358830
0.008189 0.358830
0.039456 0.358830
0.042434 0.358830
0.045412 0.358830
0.048390 0.358830
0.177926 0.358830
0.180904 0.358830
0.183882 0.358830
0.186859 0.358830
0.189837 0.358830
0.192815 0.358830
0.195793 0.358830
0.198771 0.358830
0.201749 0.358830
0.209193 0.358830
0.319373 0.358830
0.322351 0.358830
0.325329 0.358830
-0.361063 0.357341
-0.344685 0.357341
-0.338729 0.357341
-0.285128 0.357341
-0.277684 0.357341
-0.273217 0.357341
-0.268750 0.357341
-0.265772 0.357341
-0.262794 0.357341
-0.259816 0.357341
-0.179415 0.357341
-0.174948 0.357341
-0.171970 0.357341
-0.168992 0.357341
-0.145170 0.357341
-0.142192 0.357341
-0.084124 0.357341
0.005211 0.357341
0.008189 0.357341
0.037967 0.357341
0.040945 0.357341
0.043923 0.357341
0.046901 0.357341
0.051368 0.357341
0.177926 0.357341
0.180904 0.357341
0.183882 0.357341
0.186859 0.357341
0.189837 0.357341
0.192815 0.357341
0.195793 0.357341
0.198771 0.357341
0.201749 0.357341
0.209193 0.357341
0.319373 0.357341
0.322351 0.357341
0.325329 0.357341
-0.361063 0.355852
-0.344685 0.355852
-0.338729 0.355852
-0.286617 0.355852
-0.279172 0.355852
-0.270239 0.355852
-0.267261 0.355852
-0.264283 0.355852
-0.261305 0.355852
-0.258328 0.355852
-0.177926 0.355852
-0.174948 0.355852
-0.171970 0.355852
-0.168992 0.355852
-0.145170 0.355852
-0.142192 0.355852
-0.084124 0.355852
0.005211 0.355852
0.008189 0.355852
0.037967 0.355852
0.040945 0.355852
0.043923 0.355852
0.046901 0.355852
0.051368 0.355852
0.121347 0.355852
0.179415 0.355852
0.182393 0.355852
0.185370 0.355852
0.188348 0.355852
0.191326 0.355852
0.194304 0.355852
0.198771 0.355852
0.201749 0.355852
0.209193 0.355852
0.320862 0.355852
0.323840 0.355852
-0.364041 0.354363
-0.361063 0.354363
-0.344685 0.354363
-0.341707 0.354363
-0.288106 0.354363
-0.282150 0.354363
-0.274706 0.354363
-0.268750 0.354363
-0.265772 0.354363
-0.262794 0.354363
-0.259816 0.354363
-0.180904 0.354363
-0.176437 0.354363
-0.173459 0.354363
-0.170481 0.354363
-0.145170 0.354363
-0.142192 0.354363
-0.084124 0.354363
0.005211 0.354363
0.008189 0.354363
0.037967 0.354363
0.040945 0.354363
0.043923 0.354363
0.046901 0.354363
0.055834 0.354363
0.177926 0.354363
0.182393 0.354363
0.185370 0.354363
0.188348 0.354363
0.191326 0.354363
0.194304 0.354363
0.198771 0.354363
0.201749 0.354363
0.207704 0.354363
0.230038 0.354363
0.322351 0.354363
0.325329 0.354363
-0.362552 0.352874
-0.347663 0.352874
-0.344685 0.352874
-0.341707 0.352874
-0.283639 0.352874
-0.274706 0.352874
-0.270239 0.352874
-0.267261 0.352874
-0.264283 0.352874
-0.261305 0.352874
-0.258328 0.352874
-0.177926 0.352874
-0.174948 0.352874
-0.171970 0.352874
-0.168992 0.352874
-0.143681 0.352874
-0.140703 0.352874
-0.048390 0.352874
0.006700 0.352874
0.034990 0.352874
0.037967 0.352874
0.040945 0.352874
0.043923 0.352874
0.046901 0.352874
0.049879 0.352874
0.121347 0.352874
0.180904 0.352874
0.183882 0.352874
0.186859 0.352874
0.189837 0.352874
0.192815 0.352874
0.197282 0.352874
0.200260 0.352874
0.203238 0.352874
0.209193 0.352874
0.298528 0.352874
0.322351 0.352874
0.325329 0.352874
-0.362552 0.351385
-0.346174 0.351385
-0.343196 0.351385
-0.288106 0.351385
-0.283639 0.351385
-0.274706 0.351385
-0.270239 0.351385
-0.267261 0.351385
-0.264283 0.351385
-0.261305 0.351385
-0.258328 0.351385
-0.180904 0.351385
-0.176437 0.351385
-0.173459 0.351385
-0.170481 0.351385
-0.167503 0.351385
-0.143681 0.351385
-0.140703 0.351385
-0.048390 0.351385
0.006700 0.351385
0.034990 0.351385
0.037967 0.351385
0.040945 0.351385
0.043923 0.351385
0.046901 0.351385
0.121347 0.351385
0.180904 0.351385
0.183882 0.351385
0.186859 0.351385
0.189837 0.351385
0.192815 0.351385
0.195793 0.351385
0.198771 0.351385
0.201749 0.351385
0.204726 0.351385
0.228549 0.351385
0.298528 0.351385
0.322351 0.351385
0.325329 0.351385
-0.365530 0.349896
-0.362552 0.349896
-0.347663 0.349896
-0.344685 0.349896
-0.286617 0.349896
-0.276195 0.349896
-0.271728 0.349896
-0.268750 0.349896
-0.265772 0.349896
-0.262794 0.349896
-0.259816 0.349896
-0.235994 0.349896
-0.177926 0.349896
-0.174948 0.349896
-0.171970 0.349896
-0.168992 0.349896
-0.145170 0.349896
-0.142192 0.349896
-0.084124 0.349896
0.005211 0.349896
0.008189 0.349896
0.036479 0.349896
0.039456 0.349896
0.042434 0.349896
0.045412 0.349896
0.048390 0.349896
0.177926 0.349896
0.182393 0.349896
0.185370 0.349896
0.188348 0.349896
0.191326 0.349896
0.194304 0.349896
0.197282 0.349896
0.200260 0.349896
0.203238 0.349896
0.209193 0.349896
0.300017 0.349896
0.323840 0.349896
0.326818 0.349896
-0.364041 0.348407
-0.349152 0.348407
-0.346174 0.348407
-0.289595 0.348407
-0.286617 0.348407
-0.277684 0.348407
-0.274706 0.348407
-0.270239 0.348407
-0.267261 0.348407
-0.264283 0.348407
-0.261305 0.348407
-0.258328 0.348407
-0.180904 0.348407
-0.176437 0.348407
-0.170481 0.348407
-0.167503 0.348407
-0.143681 0.348407
-0.140703 0.348407
-0.048390 0.348407
0.006700 0.348407
0.033501 0.348407
0.036479 0.348407
0.039456 0.348407
0.043923 0.348407
0.046901 0.348407
0.052857 0.348407
0.176437 0.348407
0.180904 0.348407
0.183882 0.348407
0.186859 0.348407
0.189837 0.348407
0.192815 0.348407
0.195793 0.348407
0.198771 0.348407
0.201749 0.348407
0.204726 0.348407
0.227060 0.348407
0.301506 0.348407
0.323840 0.348407
0.326818 0.348407
-0.364041 0.346918
-0.349152 0.346918
-0.291084 0.346918
-0.288106 0.346918
-0.279172 0.346918
-0.276195 0.346918
-0.273217 0.346918
-0.270239 0.346918
-0.267261 0.346918
-0.264283 0.346918
-0.261305 0.346918
-0.258328 0.346918
-0.180904 0.346918
-0.176437 0.346918
-0.170481 0.346918
-0.167503 0.346918
-0.145170 0.346918
-0.142192 0.346918
-0.084124 0.346918
0.005211 0.346918
0.008189 0.346918
0.034990 0.346918
0.037967 0.346918
0.040945 0.346918
0.043923 0.346918
0.046901 0.346918
0.176437 0.346918
0.180904 0.346918
0.183882 0.346918
0.186859 0.346918
0.189837 0.346918
0.192815 0.346918
0.195793 0.346918
0.198771 0.346918
0.201749 0.346918
0.204726 0.346918
0.225571 0.346918
0.228549 0.346918
0.325329 0.346918
-0.365530 0.345429
-0.350641 0.345429
-0.347663 0.345429
-0.288106 0.345429
-0.276195 0.345429
-0.273217 0.345429
-0.270239 0.345429
-0.267261 0.345429
-0.264283 0.345429
-0.261305 0.345429
-0.258328 0.345429
-0.180904 0.345429
-0.177926 0.345429
-0.173459 0.345429
-0.170481 0.345429
-0.167503 0.345429
-0.148148 0.345429
-0.143681 0.345429
-0.140703 0.345429
-0.048390 0.345429
0.006700 0.345429
0.032012 0.345429
0.034990 0.345429
0.037967 0.345429
0.040945 0.345429
0.043923 0.345429
0.046901 0.345429
0.121347 0.345429
0.177926 0.345429
0.182393 0.345429
0.186859 0.345429
0.189837 0.345429
0.192815 0.345429
0.195793 0.345429
0.198771 0.345429
0.201749 0.345429
0.204726 0.345429
0.227060 0.345429
0.323840 0.345429
0.326818 0.345429
-0.365530 0.343940
-0.352130 0.343940
-0.349152 0.343940
-0.280661 0.343940
-0.274706 0.343940
-0.268750 0.343940
-0.265772 0.343940
-0.262794 0.343940
-0.259816 0.343940
-0.256839 0.343940
-0.179415 0.343940
-0.176437 0.343940
-0.171970 0.343940
-0.168992 0.343940
-0.166015 0.343940
-0.146659 0.343940
-0.143681 0.343940
-0.140703 0.343940
-0.048390 0.343940
0.006700 0.343940
0.032012 0.343940
0.034990 0.343940
0.037967 0.343940
0.042434 0.343940
0.045412 0.343940
0.051368 0.343940
0.176437 0.343940
0.180904 0.343940
0.183882 0.343940
0.189837 0.343940
0.192815 0.343940
0.195793 0.343940
0.198771 0.343940
0.201749 0.343940
0.204726 0.343940
0.323840 0.343940
0.326818 0.343940
-0.365530 0.342452
-0.359574 0.342452
-0.352130 0.342452
-0.282150 0.342452
-0.276195 0.342452
-0.271728 0.342452
-0.267261 0.342452
-0.264283 0.342452
-0.261305 0.342452
-0.258328 0.342452
-0.180904 0.342452
-0.176437 0.342452
-0.171970 0.342452
-0.168992 0.342452
-0.166015 0.342452
-0.146659 0.342452
-0.143681 0.342452
-0.084124 0.342452
0.005211 0.342452
0.008189 0.342452
0.033501 0.342452
0.036479 0.342452
0.039456 0.342452
0.042434 0.342452
0.045412 0.342452
0.121347 0.342452
0.177926 0.342452
0.182393 0.342452
0.188348 0.342452
0.191326 0.342452
0.194304 0.342452
0.197282 0.342452
0.200260 0.342452
0.203238 0.342452
0.206215 0.342452
0.308951 0.342452
0.326818 0.342452
-0.367019 0.340963
-0.364041 0.340963
-0.353618 0.340963
-0.350641 0.340963
-0.283639 0.340963
-0.276195 0.340963
-0.268750 0.340963
-0.265772 0.340963
-0.262794 0.340963
-0.259816 0.340963
-0.256839 0.340963
-0.234505 0.340963
-0.173459 0.340963
-0.170481 0.340963
-0.167503 0.340963
-0.164526 0.340963
-0.146659 0.340963
-0.143681 0.340963
-0.084124 0.340963
0.005211 0.340963
0.008189 0.340963
0.032012 0.340963
0.034990 0.340963
0.037967 0.340963
0.042434 0.340963
0.045412 0.340963
0.051368 0.340963
0.176437 0.340963
0.180904 0.340963
0.183882 0.340963
0.189837 0.340963
0.192815 0.340963
0.195793 0.340963
0.198771 0.340963
0.201749 0.340963
0.204726 0.340963
0.207704 0.340963
0.326818 0.340963
-0.367019 0.339474
-0.364041 0.339474
-0.355107 0.339474
-0.352130 0.339474
-0.283639 0.339474
-0.276195 0.339474
-0.273217 0.339474
-0.268750 0.339474
-0.265772 0.339474
-0.262794 0.339474
-0.259816 0.339474
-0.256839 0.339474
-0.234505 0.339474
-0.171970 0.339474
-0.168992 0.339474
-0.166015 0.339474
-0.148148 0.339474
-0.145170 0.339474
-0.142192 0.339474
-0.084124 0.339474
0.005211 0.339474
0.008189 0.339474
0.032012 0.339474
0.034990 0.339474
0.037967 0.339474
0.042434 0.339474
0.045412 0.339474
0.121347 0.339474
0.177926 0.339474
0.180904 0.339474
0.183882 0.339474
0.189837 0.339474
0.192815 0.339474
0.195793 0.339474
0.198771 0.339474
0.201749 0.339474
0.204726 0.339474
0.207704 0.339474
0.326818 0.339474
-0.367019 0.337985
-0.364041 0.337985
-0.356596 0.337985
-0.353618 0.337985
-0.286617 0.337985
-0.280661 0.337985
-0.274706 0.337985
-0.271728 0.337985
-0.268750 0.337985
-0.265772 0.337985
-0.262794 0.337985
-0.259816 0.337985
-0.256839 0.337985
-0.234505 0.337985
-0.173459 0.337985
-0.170481 0.337985
-0.167503 0.337985
-0.164526 0.337985
-0.146659 0.337985
-0.143681 0.337985
-0.085613 0.337985
-0.048390 0.337985
0.006700 0.337985
0.030523 0.337985
0.033501 0.337985
0.036479 0.337985
0.040945 0.337985
0.049879 0.337985
0.121347 0.337985
0.176437 0.337985
0.179415 0.337985
0.182393 0.337985
0.188348 0.337985
0.191326 0.337985
0.194304 0.337985
0.197282 0.337985
0.200260 0.337985
0.203238 0.337985
0.206215 0.337985
0.230038 0.337985
0.326818 0.337985
-0.367019 0.336496
-0.364041 0.336496
-0.358085 0.336496
-0.355107 0.336496
-0.297039 0.336496
-0.286617 0.336496
-0.282150 0.336496
-0.273217 0.336496
-0.270239 0.336496
-0.267261 0.336496
-0.264283 0.336496
-0.261305 0.336496
-0.258328 0.336496
-0.255350 0.336496
-0.180904 0.336496
-0.174948 0.336496
-0.171970 0.336496
-0.168992 0.336496
-0.166015 0.336496
-0.148148 0.336496
-0.143681 0.336496
-0.085613 0.336496
-0.048390 0.336496
0.006700 0.336496
0.029034 0.336496
0.032012 0.336496
0.034990 0.336496
0.039456 0.336496
0.042434 0.336496
0.054346 0.336496
0.121347 0.336496
0.177926 0.336496
0.180904 0.336496
0.183882 0.336496
0.191326 0.336496
0.194304 0.336496
0.197282 0.336496
0.200260 0.336496
0.203238 0.336496
0.206215 0.336496
0.228549 0.336496
0.313418 0.336496
0.328307 0.336496
-0.365530 0.335007
-0.359574 0.335007
-0.356596 0.335007
-0.298528 0.335007
-0.283639 0.335007
-0.273217 0.335007
-0.268750 0.335007
-0.265772 0.335007
-0.262794 0.335007
-0.259816 0.335007
-0.256839 0.335007
-0.234505 0.335007
-0.174948 0.335007
-0.170481 0.335007
-0.167503 0.335007
-0.164526 0.335007
-0.145170 0.335007
-0.142192 0.335007
-0.084124 0.335007
0.005211 0.335007
0.029034 0.335007
0.032012 0.335007
0.034990 0.335007
0.039456 0.335007
0.046901 0.335007
0.054346 0.335007
0.121347 0.335007
0.177926 0.335007
0.180904 0.335007
0.183882 0.335007
0.191326 0.335007
0.194304 0.335007
0.197282 0.335007
0.200260 0.335007
0.203238 0.335007
0.206215 0.335007
0.227060 0.335007
0.326818 0.335007
0.329796 0.335007
-0.365530 0.333518
-0.359574 0.333518
-0.356596 0.333518
-0.298528 0.333518
-0.283639 0.333518
-0.274706 0.333518
-0.270239 0.333518
-0.267261 0.333518
-0.264283 0.333518
-0.261305 0.333518
-0.258328 0.333518
-0.255350 0.333518
-0.234505 0.333518
-0.174948 0.333518
-0.170481 0.333518
-0.166015 0.333518
-0.163037 0.333518
-0.145170 0.333518
-0.142192 0.333518
-0.084124 0.333518
0.005211 0.333518
0.029034 0.333518
0.032012 0.333518
0.034990 0.333518
0.040945 0.333518
0.045412 0.333518
0.049879 0.333518
0.121347 0.333518
0.177926 0.333518
0.180904 0.333518
0.183882 0.333518
0.191326 0.333518
0.194304 0.333518
0.197282 0.333518
0.200260 0.333518
0.203238 0.333518
0.206215 0.333518
0.227060 0.333518
0.328307 0.333518
-0.367019 0.332029
-0.364041 0.332029
-0.359574 0.332029
-0.356596 0.332029
-0.291084 0.332029
-0.276195 0.332029
-0.273217 0.332029
-0.270239 0.332029
-0.267261 0.332029
-0.264283 0.332029
-0.261305 0.332029
-0.258328 0.332029
-0.255350 0.332029
-0.234505 0.332029
-0.173459 0.332029
-0.170481 0.332029
-0.166015 0.332029
-0.163037 0.332029
-0.145170 0.332029
-0.142192 0.332029
-0.084124 0.332029
0.005211 0.332029
0.027545 0.332029
0.030523 0.332029
0.033501 0.332029
0.039456 0.332029
0.045412 0.332029
0.048390 0.332029
0.054346 0.332029
0.176437 0.332029
0.179415 0.332029
0.182393 0.332029
0.189837 0.332029
0.192815 0.332029
0.195793 0.332029
0.198771 0.332029
0.201749 0.332029
0.204726 0.332029
0.207704 0.332029
0.227060 0.332029
0.328307 0.332029
-0.367019 0.330540
-0.364041 0.330540
-0.359574 0.330540
-0.302995 0.330540
-0.288106 0.330540
-0.273217 0.330540
-0.270239 0.330540
-0.267261 0.330540
-0.264283 0.330540
-0.261305 0.330540
-0.258328 0.330540
-0.255350 0.330540
-0.234505 0.330540
-0.171970 0.330540
-0.168992 0.330540
-0.166015 0.330540
-0.163037 0.330540
-0.145170 0.330540
-0.142192 0.330540
-0.084124 0.330540
0.005211 0.330540
0.027545 0.330540
0.030523 0.330540
0.033501 0.330540
0.039456 0.330540
0.045412 0.330540
0.048390 0.330540
0.176437 0.330540
0.179415 0.330540
0.182393 0.330540
0.191326 0.330540
0.194304 0.330540
0.197282 0.330540
0.200260 0.330540
0.203238 0.330540
0.206215 0.330540
0.209193 0.330540
0.227060 0.330540
0.328307 0.330540
-0.367019 0.329051
-0.364041 0.329051
-0.358085 0.329051
-0.302995 0.329051
-0.295551 0.329051
-0.274706 0.329051
-0.271728 0.329051
-0.268750 0.329051
-0.265772 0.329051
-0.262794 0.329051
-0.259816 0.329051
-0.256839 0.329051
-0.253861 0.329051
-0.180904 0.329051
-0.173459 0.329051
-0.170481 0.329051
-0.166015 0.329051
-0.163037 0.329051
-0.157081 0.329051
-0.145170 0.329051
-0.142192 0.329051
-0.084124 0.329051
0.005211 0.329051
0.027545 0.329051
0.030523 0.329051
0.033501 0.329051
0.039456 0.329051
0.045412 0.329051
0.052857 0.329051
0.176437 0.329051
0.179415 0.329051
0.182393 0.329051
0.191326 0.329051
0.194304 0.329051
0.197282 0.329051
0.200260 0.329051
0.203238 0.329051
0.207704 0.329051
0.328307 0.329051
0.331285 0.329051
-0.365530 0.327562
-0.361063 0.327562
-0.304484 0.327562
-0.300017 0.327562
-0.274706 0.327562
-0.271728 0.327562
-0.268750 0.327562
-0.265772 0.327562
-0.262794 0.327562
-0.259816 0.327562
-0.256839 0.327562
-0.253861 0.327562
-0.180904 0.327562
-0.171970 0.327562
-0.166015 0.327562
-0.163037 0.327562
-0.157081 0.327562
-0.145170 0.327562
-0.142192 0.327562
-0.084124 0.327562
0.005211 0.327562
0.026056 0.327562
0.029034 0.327562
0.032012 0.327562
0.037967 0.327562
0.043923 0.327562
0.121347 0.327562
0.177926 0.327562
0.180904 0.327562
0.183882 0.327562
0.192815 0.327562
0.195793 0.327562
0.198771 0.327562
0.201749 0.327562
0.204726 0.327562
0.209193 0.327562
0.329796 0.327562
-0.367019 0.326073
-0.364041 0.326073
-0.359574 0.326073
-0.304484 0.326073
-0.298528 0.326073
-0.277684 0.326073
-0.274706 0.326073
-0.271728 0.326073
-0.268750 0.326073
-0.265772 0.326073
-0.262794 0.326073
-0.259816 0.326073
-0.256839 0.326073
-0.253861 0.326073
-0.180904 0.326073
-0.170481 0.326073
-0.163037 0.326073
-0.155592 0.326073
-0.145170 0.326073
-0.142192 0.326073
-0.084124 0.326073
0.005211 0.326073
0.026056 0.326073
0.029034 0.326073
0.032012 0.326073
0.042434 0.326073
0.121347 0.326073
0.177926 0.326073
0.180904 0.326073
0.183882 0.326073
0.192815 0.326073
0.195793 0.326073
0.198771 0.326073
0.201749 0.326073
0.204726 0.326073
0.209193 0.326073
0.329796 0.326073
-0.367019 0.324584
-0.364041 0.324584
-0.311929 0.324584
-0.307462 0.324584
-0.304484 0.324584
-0.277684 0.324584
-0.274706 0.324584
-0.270239 0.324584
-0.267261 0.324584
-0.264283 0.324584
-0.261305 0.324584
-0.258328 0.324584
-0.255350 0.324584
-0.252372 0.324584
-0.233016 0.324584
-0.171970 0.324584
-0.166015 0.324584
-0.161548 0.324584
-0.148148 0.324584
-0.143681 0.324584
-0.085613 0.324584
-0.048390 0.324584
0.006700 0.324584
0.027545 0.324584
0.030523 0.324584
0.042434 0.324584
0.176437 0.324584
0.179415 0.324584
0.182393 0.324584
0.192815 0.324584
0.195793 0.324584
0.198771 0.324584
0.201749 0.324584
0.204726 0.324584
0.210682 0.324584
0.329796 0.324584
-0.367019 0.323096
-0.364041 0.323096
-0.311929 0.323096
-0.308951 0.323096
-0.305973 0.323096
-0.302995 0.323096
-0.279172 0.323096
-0.271728 0.323096
-0.268750 0.323096
-0.265772 0.323096
-0.262794 0.323096
-0.259816 0.323096
-0.256839 0.323096
-0.253861 0.323096
-0.234505 0.323096
-0.182393 0.323096
-0.167503 0.323096
-0.163037 0.323096
-0.160059 0.323096
-0.145170 0.323096
-0.142192 0.323096
-0.049879 0.323096
0.005211 0.323096
0.024567 0.323096
0.027545 0.323096
0.030523 0.323096
0.037967 0.323096
0.072213 0.323096
0.176437 0.323096
0.179415 0.323096
0.182393 0.323096
0.192815 0.323096
0.195793 0.323096
0.198771 0.323096
0.201749 0.323096
0.204726 0.323096
0.210682 0.323096
0.329796 0.323096
-0.367019 0.321607
-0.364041 0.321607
-0.313418 0.321607
-0.308951 0.321607
-0.304484 0.321607
-0.280661 0.321607
-0.270239 0.321607
-0.267261 0.321607
-0.264283 0.321607
-0.261305 0.321607
-0.258328 0.321607
-0.255350 0.321607
-0.252372 0.321607
-0.234505 0.321607
-0.183882 0.321607
-0.171970 0.321607
-0.163037 0.321607
-0.160059 0.321607
-0.145170 0.321607
-0.142192 0.321607
-0.049879 0.321607
0.005211 0.321607
0.024567 0.321607
0.027545 0.321607
0.030523 0.321607
0.039456 0.321607
0.072213 0.321607
0.176437 0.321607
0.180904 0.321607
0.183882 0.321607
0.194304 0.321607
0.197282 0.321607
0.200260 0.321607
0.203238 0.321607
0.209193 0.321607
0.328307 0.321607
0.331285 0.321607
-0.367019 0.320118
-0.364041 0.320118
-0.313418 0.320118
-0.308951 0.320118
-0.288106 0.320118
-0.276195 0.320118
-0.270239 0.320118
-0.267261 0.320118
-0.264283 0.320118
-0.261305 0.320118
-0.258328 0.320118
-0.255350 0.320118
-0.252372 0.320118
-0.234505 0.320118
-0.183882 0.320118
-0.166015 0.320118
-0.161548 0.320118
-0.149636 0.320118
-0.145170 0.320118
-0.142192 0.320118
-0.049879 0.320118
0.005211 0.320118
0.023078 0.320118
0.026056 0.320118
0.029034 0.320118
0.037967 0.320118
0.070724 0.320118
0.176437 0.320118
0.179415 0.320118
0.182393 0.320118
0.194304 0.320118
0.197282 0.320118
0.200260 0.320118
0.203238 0.320118
0.209193 0.320118
0.329796 0.320118
0.332774 0.320118
-0.365530 0.318629
-0.350641 0.318629
-0.314907 0.318629
-0.311929 0.318629
-0.308951 0.318629
-0.285128 0.318629
-0.271728 0.318629
-0.268750 0.318629
-0.265772 0.318629
-0.262794 0.318629
-0.259816 0.318629
-0.256839 0.318629
-0.253861 0.318629
-0.249394 0.318629
-0.233016 0.318629
-0.166015 0.318629
-0.160059 0.318629
-0.149636 0.318629
-0.145170 0.318629
-0.142192 0.318629
-0.049879 0.318629
0.005211 0.318629
0.023078 0.318629
0.026056 0.318629
0.029034 0.318629
0.057323 0.318629
0.121347 0.318629
0.177926 0.318629
0.180904 0.318629
0.183882 0.318629
0.195793 0.318629
0.198771 0.318629
0.201749 0.318629
0.204726 0.318629
0.210682 0.318629
0.331285 0.318629
-0.367019 0.317140
-0.364041 0.317140
-0.350641 0.317140
-0.314907 0.317140
-0.311929 0.317140
-0.277684 0.317140
-0.270239 0.317140
-0.267261 0.317140
-0.264283 0.317140
-0.261305 0.317140
-0.258328 0.317140
-0.255350 0.317140
-0.252372 0.317140
-0.234505 0.317140
-0.180904 0.317140
-0.164526 0.317140
-0.160059 0.317140
-0.154103 0.317140
-0.149636 0.317140
-0.145170 0.317140
-0.142192 0.317140
-0.049879 0.317140
0.003722 0.317140
0.006700 0.317140
0.024567 0.317140
0.027545 0.317140
0.045412 0.317140
0.057323 0.317140
0.176437 0.317140
0.179415 0.317140
0.182393 0.317140
0.194304 0.317140
0.197282 0.317140
0.200260 0.317140
0.203238 0.317140
0.209193 0.317140
0.264283 0.317140
0.267261 0.317140
0.270239 0.317140
0.329796 0.317140
0.332774 0.317140
-0.365530 0.315651
-0.352130 0.315651
-0.316395 0.315651
-0.313418 0.315651
-0.271728 0.315651
-0.267261 0.315651
-0.264283 0.315651
-0.261305 0.315651
-0.258328 0.315651
-0.255350 0.315651
-0.252372 0.315651
-0.234505 0.315651
-0.182393 0.315651
-0.161548 0.315651
-0.158570 0.315651
-0.152614 0.315651
-0.145170 0.315651
-0.142192 0.315651
-0.049879 0.315651
0.003722 0.315651
0.006700 0.315651
0.023078 0.315651
0.026056 0.315651
0.029034 0.315651
0.057323 0.315651
0.122836 0.315651
0.177926 0.315651
0.180904 0.315651
0.183882 0.315651
0.197282 0.315651
0.200260 0.315651
0.203238 0.315651
0.210682 0.315651
0.252372 0.315651
0.255350 0.315651
0.258328 0.315651
0.262794 0.315651
0.265772 0.315651
0.268750 0.315651
0.271728 0.315651
0.274706 0.315651
0.279172 0.315651
0.329796 0.315651
0.332774 0.315651
-0.365530 0.314162
-0.356596 0.314162
-0.352130 0.314162
-0.313418 0.314162
-0.270239 0.314162
-0.265772 0.314162
-0.262794 0.314162
-0.259816 0.314162
-0.256839 0.314162
-0.253861 0.314162
-0.250883 0.314162
-0.233016 0.314162
-0.182393 0.314162
-0.160059 0.314162
-0.154103 0.314162
-0.148148 0.314162
-0.143681 0.314162
-0.085613 0.314162
-0.048390 0.314162
0.005211 0.314162
0.021589 0.314162
0.024567 0.314162
0.027545 0.314162
0.043923 0.314162
0.121347 0.314162
0.176437 0.314162
0.179415 0.314162
0.182393 0.314162
0.195793 0.314162
0.198771 0.314162
0.201749 0.314162
0.204726 0.314162
0.212171 0.314162
0.252372 0.314162
0.258328 0.314162
0.262794 0.314162
0.268750 0.314162
0.271728 0.314162
0.274706 0.314162
0.277684 0.314162
0.280661 0.314162
0.283639 0.314162
0.286617 0.314162
0.331285 0.314162
0.334262 0.314162
-0.365530 0.312673
-0.355107 0.312673
-0.314907 0.312673
-0.270239 0.312673
-0.267261 0.312673
-0.264283 0.312673
-0.261305 0.312673
-0.258328 0.312673
-0.255350 0.312673
-0.252372 0.312673
-0.249394 0.312673
-0.233016 0.312673
-0.160059 0.312673
-0.157081 0.312673
-0.148148 0.312673
-0.143681 0.312673
-0.085613 0.312673
0.003722 0.312673
0.006700 0.312673
0.023078 0.312673
0.026056 0.312673
0.121347 0.312673
0.176437 0.312673
0.179415 0.312673
0.182393 0.312673
0.185370 0.312673
0.198771 0.312673
0.201749 0.312673
0.204726 0.312673
0.243438 0.312673
0.256839 0.312673
0.259816 0.312673
0.264283 0.312673
0.267261 0.312673
0.270239 0.312673
0.273217 0.312673
0.276195 0.312673
0.279172 0.312673
0.282150 0.312673
0.285128 0.312673
0.288106 0.312673
0.291084 0.312673
0.294062 0.312673
0.332774 0.312673
-0.368508 0.311184
-0.365530 0.311184
-0.358085 0.311184
-0.355107 0.311184
-0.270239 0.311184
-0.267261 0.311184
-0.264283 0.311184
-0.261305 0.311184
-0.258328 0.311184
-0.255350 0.311184
-0.252372 0.311184
-0.249394 0.311184
-0.233016 0.311184
-0.160059 0.311184
-0.157081 0.311184
-0.145170 0.311184
-0.142192 0.311184
-0.049879 0.311184
0.005211 0.311184
0.020100 0.311184
0.023078 0.311184
0.026056 0.311184
0.122836 0.311184
0.177926 0.311184
0.180904 0.311184
0.183882 0.311184
0.197282 0.311184
0.200260 0.311184
0.203238 0.311184
0.212171 0.311184
0.240461 0.311184
0.253861 0.311184
0.262794 0.311184
0.265772 0.311184
0.268750 0.311184
0.271728 0.311184
0.274706 0.311184
0.277684 0.311184
0.280661 0.311184
0.283639 0.311184
0.286617 0.311184
0.289595 0.311184
0.292573 0.311184
0.295551 0.311184
0.298528 0.311184
0.332774 0.311184
-0.368508 0.309695
-0.365530 0.309695
-0.358085 0.309695
-0.355107 0.309695
-0.271728 0.309695
-0.268750 0.309695
-0.265772 0.309695
-0.262794 0.309695
-0.259816 0.309695
-0.256839 0.309695
-0.253861 0.309695
-0.250883 0.309695
-0.234505 0.309695
-0.176437 0.309695
-0.158570 0.309695
-0.151125 0.309695
-0.145170 0.309695
-0.142192 0.309695
-0.049879 0.309695
0.005211 0.309695
0.020100 0.309695
0.023078 0.309695
0.121347 0.309695
0.176437 0.309695
0.179415 0.309695
0.182393 0.309695
0.185370 0.309695
0.200260 0.309695
0.203238 0.309695
0.212171 0.309695
0.237483 0.309695
0.240461 0.309695
0.264283 0.309695
0.270239 0.309695
0.288106 0.309695
0.291084 0.309695
0.294062 0.309695
0.297039 0.309695
0.300017 0.309695
0.302995 0.309695
0.331285 0.309695
0.334262 0.309695
-0.367019 0.308206
-0.364041 0.308206
-0.358085 0.308206
-0.274706 0.308206
-0.271728 0.308206
-0.268750 0.308206
-0.265772 0.308206
-0.262794 0.308206
-0.259816 0.308206
-0.256839 0.308206
-0.253861 0.308206
-0.250883 0.308206
-0.234505 0.308206
-0.191326 0.308206
-0.158570 0.308206
-0.151125 0.308206
-0.148148 0.308206
-0.143681 0.308206
-0.085613 0.308206
0.003722 0.308206
0.006700 0.308206
0.021589 0.308206
0.026056 0.308206
0.057323 0.308206
0.122836 0.308206
0.177926 0.308206
0.180904 0.308206
0.183882 0.308206
0.198771 0.308206
0.201749 0.308206
0.204726 0.308206
0.213660 0.308206
0.235994 0.308206
0.246416 0.308206
0.291084 0.308206
0.294062 0.308206
0.297039 0.308206
0.300017 0.308206
0.302995 0.308206
0.305973 0.308206
0.331285 0.308206
0.334262 0.308206
-0.365530 0.306717
-0.361063 0.306717
-0.358085 0.306717
-0.273217 0.306717
-0.270239 0.306717
-0.265772 0.306717
-0.262794 0.306717
-0.259816 0.306717
-0.256839 0.306717
-0.253861 0.306717
-0.250883 0.306717
-0.247905 0.306717
-0.177926 0.306717
-0.157081 0.306717
-0.151125 0.306717
-0.148148 0.306717
-0.143681 0.306717
-0.087102 0.306717
-0.049879 0.306717
0.005211 0.306717
0.018611 0.306717
0.021589 0.306717
0.027545 0.306717
0.121347 0.306717
0.176437 0.306717
0.179415 0.306717
0.182393 0.306717
0.185370 0.306717
0.201749 0.306717
0.204726 0.306717
0.213660 0.306717
0.233016 0.306717
0.235994 0.306717
0.243438 0.306717
0.283639 0.306717
0.295551 0.306717
0.298528 0.306717
0.301506 0.306717
0.304484 0.306717
0.307462 0.306717
0.310440 0.306717
0.332774 0.306717
0.335751 0.306717
-0.365530 0.305229
-0.361063 0.305229
-0.358085 0.305229
-0.274706 0.305229
-0.271728 0.305229
-0.267261 0.305229
-0.264283 0.305229
-0.261305 0.305229
-0.258328 0.305229
-0.255350 0.305229
-0.252372 0.305229
-0.249394 0.305229
-0.233016 0.305229
-0.155592 0.305229
-0.149636 0.305229
-0.145170 0.305229
-0.142192 0.305229
-0.085613 0.305229
0.003722 0.305229
0.006700 0.305229
0.020100 0.305229
0.026056 0.305229
0.057323 0.305229
0.122836 0.305229
0.179415 0.305229
0.182393 0.305229
0.185370 0.305229
0.201749 0.305229
0.204726 0.305229
0.215149 0.305229
0.231527 0.305229
0.237483 0.305229
0.283639 0.305229
0.286617 0.305229
0.298528 0.305229
0.301506 0.305229
0.304484 0.305229
0.307462 0.305229
0.310440 0.305229
0.313418 0.305229
0.334262 0.305229
-0.367019 0.303740
-0.364041 0.303740
-0.361063 0.303740
-0.329796 0.303740
-0.273217 0.303740
-0.267261 0.303740
-0.264283 0.303740
-0.261305 0.303740
-0.258328 0.303740
-0.255350 0.303740
-0.252372 0.303740
-0.249394 0.303740
-0.233016 0.303740
-0.155592 0.303740
-0.148148 0.303740
-0.145170 0.303740
-0.142192 0.303740
-0.085613 0.303740
0.003722 0.303740
0.006700 0.303740
0.020100 0.303740
0.026056 0.303740
0.122836 0.303740
0.179415 0.303740
0.182393 0.303740
0.185370 0.303740
0.203238 0.303740
0.213660 0.303740
0.219616 0.303740
0.231527 0.303740
0.235994 0.303740
0.259816 0.303740
0.304484 0.303740
0.307462 0.303740
0.310440 0.303740
0.313418 0.303740
0.316395 0.303740
0.334262 0.303740
0.337240 0.303740
-0.365530 0.302251
-0.362552 0.302251
-0.359574 0.302251
-0.276195 0.302251
-0.267261 0.302251
-0.264283 0.302251
-0.261305 0.302251
-0.258328 0.302251
-0.255350 0.302251
-0.252372 0.302251
-0.249394 0.302251
-0.233016 0.302251
-0.157081 0.302251
-0.149636 0.302251
-0.146659 0.302251
-0.143681 0.302251
-0.087102 0.302251
-0.049879 0.302251
0.005211 0.302251
0.018611 0.302251
0.024567 0.302251
0.177926 0.302251
0.180904 0.302251
0.183882 0.302251
0.201749 0.302251
0.204726 0.302251
0.218127 0.302251
0.231527 0.302251
0.234505 0.302251
0.305973 0.302251
0.308951 0.302251
0.313418 0.302251
0.316395 0.302251
0.334262 0.302251
0.337240 0.302251
-0.365530 0.300762
-0.362552 0.300762
-0.325329 0.300762
-0.322351 0.300762
-0.273217 0.300762
-0.267261 0.300762
-0.264283 0.300762
-0.261305 0.300762
-0.258328 0.300762
-0.255350 0.300762
-0.252372 0.300762
-0.249394 0.300762
-0.233016 0.300762
-0.157081 0.300762
-0.154103 0.300762
-0.149636 0.300762
-0.146659 0.300762
-0.143681 0.300762
-0.140703 0.300762
-0.085613 0.300762
0.003722 0.300762
0.006700 0.300762
0.018611 0.300762
0.023078 0.300762
0.121347 0.300762
0.177926 0.300762
0.180904 0.300762
0.183882 0.300762
0.201749 0.300762
0.204726 0.300762
0.212171 0.300762
0.216638 0.300762
0.224082 0.300762
0.233016 0.300762
0.307462 0.300762
0.310440 0.300762
0.316395 0.300762
0.319373 0.300762
0.334262 0.300762
0.337240 0.300762
-0.365530 0.299273
-0.362552 0.299273
-0.329796 0.299273
-0.326818 0.299273
-0.323840 0.299273
-0.320862 0.299273
-0.317884 0.299273
-0.314907 0.299273
-0.311929 0.299273
-0.308951 0.299273
-0.305973 0.299273
-0.273217 0.299273
-0.267261 0.299273
-0.264283 0.299273
-0.261305 0.299273
-0.258328 0.299273
-0.255350 0.299273
-0.252372 0.299273
-0.249394 0.299273
-0.233016 0.299273
-0.183882 0.299273
-0.154103 0.299273
-0.148148 0.299273
-0.145170 0.299273
-0.142192 0.299273
-0.087102 0.299273
-0.049879 0.299273
0.005211 0.299273
0.011167 0.299273
0.018611 0.299273
0.023078 0.299273
0.122836 0.299273
0.179415 0.299273
0.182393 0.299273
0.185370 0.299273
0.203238 0.299273
0.206215 0.299273
0.212171 0.299273
0.216638 0.299273
0.222593 0.299273
0.310440 0.299273
0.314907 0.299273
0.322351 0.299273
0.335751 0.299273
0.338729 0.299273
-0.365530 0.297784
-0.362552 0.297784
-0.334262 0.297784
-0.331285 0.297784
-0.328307 0.297784
-0.325329 0.297784
-0.322351 0.297784
-0.319373 0.297784
-0.316395 0.297784
-0.313418 0.297784
-0.310440 0.297784
-0.307462 0.297784
-0.304484 0.297784
-0.298528 0.297784
-0.274706 0.297784
-0.271728 0.297784
-0.265772 0.297784
-0.262794 0.297784
-0.259816 0.297784
-0.256839 0.297784
-0.253861 0.297784
-0.250883 0.297784
-0.247905 0.297784
-0.185370 0.297784
-0.154103 0.297784
-0.148148 0.297784
-0.145170 0.297784
-0.142192 0.297784
-0.049879 0.297784
0.005211 0.297784
0.011167 0.297784
0.018611 0.297784
0.121347 0.297784
0.177926 0.297784
0.180904 0.297784
0.183882 0.297784
0.201749 0.297784
0.204726 0.297784
0.207704 0.297784
0.221105 0.297784
0.310440 0.297784
0.316395 0.297784
0.323840 0.297784
0.335751 0.297784
0.338729 0.297784
-0.365530 0.296295
-0.346174 0.296295
-0.338729 0.296295
-0.335751 0.296295
-0.332774 0.296295
-0.329796 0.296295
-0.326818 0.296295
-0.323840 0.296295
-0.320862 0.296295
-0.317884 0.296295
-0.314907 0.296295
-0.311929 0.296295
-0.308951 0.296295
-0.305973 0.296295
-0.302995 0.296295
-0.300017 0.296295
-0.297039 0.296295
-0.294062 0.296295
-0.273217 0.296295
-0.267261 0.296295
-0.264283 0.296295
-0.261305 0.296295
-0.258328 0.296295
-0.255350 0.296295
-0.252372 0.296295
-0.249394 0.296295
-0.233016 0.296295
-0.155592 0.296295
-0.149636 0.296295
-0.146659 0.296295
-0.143681 0.296295
-0.087102 0.296295
0.003722 0.296295
0.006700 0.296295
0.017123 0.296295
0.021589 0.296295
0.122836 0.296295
0.179415 0.296295
0.182393 0.296295
0.185370 0.296295
0.203238 0.296295
0.206215 0.296295
0.216638 0.296295
0.221105 0.296295
0.252372 0.296295
0.273217 0.296295
0.314907 0.296295
0.317884 0.296295
0.326818 0.296295
0.337240 0.296295
-0.368508 0.294806
-0.365530 0.294806
-0.349152 0.294806
-0.343196 0.294806
-0.340218 0.294806
-0.337240 0.294806
-0.334262 0.294806
-0.331285 0.294806
-0.328307 0.294806
-0.325329 0.294806
-0.322351 0.294806
-0.319373 0.294806
-0.316395 0.294806
-0.313418 0.294806
-0.310440 0.294806
-0.307462 0.294806
-0.304484 0.294806
-0.301506 0.294806
-0.298528 0.294806
-0.295551 0.294806
-0.292573 0.294806
-0.274706 0.294806
-0.271728 0.294806
-0.265772 0.294806
-0.262794 0.294806
-0.259816 0.294806
-0.256839 0.294806
-0.253861 0.294806
-0.250883 0.294806
-0.247905 0.294806
-0.155592 0.294806
-0.152614 0.294806
-0.148148 0.294806
-0.145170 0.294806
-0.142192 0.294806
-0.049879 0.294806
0.005211 0.294806
0.015634 0.294806
0.018611 0.294806
0.121347 0.294806
0.177926 0.294806
0.180904 0.294806
0.183882 0.294806
0.200260 0.294806
0.203238 0.294806
0.206215 0.294806
0.213660 0.294806
0.218127 0.294806
0.221105 0.294806
0.224082 0.294806
0.265772 0.294806
0.268750 0.294806
0.271728 0.294806
0.274706 0.294806
0.316395 0.294806
0.320862 0.294806
0.337240 0.294806
0.340218 0.294806
-0.367019 0.293317
-0.352130 0.293317
-0.349152 0.293317
-0.346174 0.293317
-0.343196 0.293317
-0.340218 0.293317
-0.337240 0.293317
-0.334262 0.293317
-0.331285 0.293317
-0.328307 0.293317
-0.325329 0.293317
-0.322351 0.293317
-0.319373 0.293317
-0.316395 0.293317
-0.313418 0.293317
-0.310440 0.293317
-0.307462 0.293317
-0.304484 0.293317
-0.301506 0.293317
-0.298528 0.293317
-0.295551 0.293317
-0.292573 0.293317
-0.289595 0.293317
-0.276195 0.293317
-0.273217 0.293317
-0.267261 0.293317
-0.264283 0.293317
-0.261305 0.293317
-0.258328 0.293317
-0.255350 0.293317
-0.252372 0.293317
-0.249394 0.293317
-0.233016 0.293317
-0.154103 0.293317
-0.149636 0.293317
-0.146659 0.293317
-0.143681 0.293317
-0.087102 0.293317
0.003722 0.293317
0.006700 0.293317
0.017123 0.293317
0.021589 0.293317
0.121347 0.293317
0.177926 0.293317
0.180904 0.293317
0.183882 0.293317
0.200260 0.293317
0.203238 0.293317
0.207704 0.293317
0.213660 0.293317
0.216638 0.293317
0.219616 0.293317
0.222593 0.293317
0.271728 0.293317
0.274706 0.293317
0.317884 0.293317
0.322351 0.293317
0.337240 0.293317
0.340218 0.293317
-0.368508 0.291828
-0.358085 0.291828
-0.353618 0.291828
-0.350641 0.291828
-0.347663 0.291828
-0.344685 0.291828
-0.341707 0.291828
-0.338729 0.291828
-0.335751 0.291828
-0.332774 0.291828
-0.329796 0.291828
-0.326818 0.291828
-0.310440 0.291828
-0.307462 0.291828
-0.304484 0.291828
-0.301506 0.291828
-0.298528 0.291828
-0.295551 0.291828
-0.292573 0.291828
-0.289595 0.291828
-0.279172 0.291828
-0.274706 0.291828
-0.268750 0.291828
-0.265772 0.291828
-0.262794 0.291828
-0.259816 0.291828
-0.256839 0.291828
-0.253861 0.291828
-0.250883 0.291828
-0.247905 0.291828
-0.233016 0.291828
-0.152614 0.291828
-0.148148 0.291828
-0.145170 0.291828
-0.142192 0.291828
-0.049879 0.291828
0.005211 0.291828
0.014145 0.291828
0.017123 0.291828
0.121347 0.291828
0.177926 0.291828
0.180904 0.291828
0.183882 0.291828
0.186859 0.291828
0.201749 0.291828
0.207704 0.291828
0.210682 0.291828
0.215149 0.291828
0.218127 0.291828
0.221105 0.291828
0.319373 0.291828
0.325329 0.291828
0.338729 0.291828
-0.369997 0.290339
-0.367019 0.290339
-0.358085 0.290339
-0.355107 0.290339
-0.352130 0.290339
-0.349152 0.290339
-0.346174 0.290339
-0.343196 0.290339
-0.340218 0.290339
-0.337240 0.290339
-0.334262 0.290339
-0.331285 0.290339
-0.310440 0.290339
-0.301506 0.290339
-0.298528 0.290339
-0.295551 0.290339
-0.292573 0.290339
-0.285128 0.290339
-0.279172 0.290339
-0.274706 0.290339
-0.268750 0.290339
-0.265772 0.290339
-0.262794 0.290339
-0.259816 0.290339
-0.256839 0.290339
-0.253861 0.290339
-0.250883 0.290339
-0.247905 0.290339
-0.233016 0.290339
-0.154103 0.290339
-0.149636 0.290339
-0.146659 0.290339
-0.143681 0.290339
-0.140703 0.290339
-0.049879 0.290339
0.005211 0.290339
0.014145 0.290339
0.017123 0.290339
0.055834 0.290339
0.177926 0.290339
0.180904 0.290339
0.183882 0.290339
0.186859 0.290339
0.201749 0.290339
0.204726 0.290339
0.209193 0.290339
0.215149 0.290339
0.218127 0.290339
0.221105 0.290339
0.283639 0.290339
0.325329 0.290339
0.337240 0.290339
0.340218 0.290339
-0.369997 0.288850
-0.362552 0.288850
-0.359574 0.288850
-0.356596 0.288850
-0.353618 0.288850
-0.350641 0.288850
-0.347663 0.288850
-0.344685 0.288850
-0.341707 0.288850
-0.319373 0.288850
-0.297039 0.288850
-0.294062 0.288850
-0.291084 0.288850
-0.282150 0.288850
-0.279172 0.288850
-0.274706 0.288850
-0.270239 0.288850
-0.267261 0.288850
-0.264283 0.288850
-0.261305 0.288850
-0.258328 0.288850
-0.255350 0.288850
-0.252372 0.288850
-0.247905 0.288850
-0.233016 0.288850
-0.154103 0.288850
-0.151125 0.288850
-0.146659 0.288850
-0.143681 0.288850
-0.139214 0.288850
-0.064768 0.288850
-0.049879 0.288850
0.005211 0.288850
0.014145 0.288850
0.017123 0.288850
0.024567 0.288850
0.177926 0.288850
0.180904 0.288850
0.183882 0.288850
0.186859 0.288850
0.201749 0.288850
0.206215 0.288850
0.209193 0.288850
0.212171 0.288850
0.218127 0.288850
0.221105 0.288850
0.225571 0.288850
0.228549 0.288850
0.237483 0.288850
0.338729 0.288850
-0.371485 0.287361
-0.368508 0.287361
-0.362552 0.287361
-0.359574 0.287361
-0.356596 0.287361
-0.353618 0.287361
-0.350641 0.287361
-0.347663 0.287361
-0.344685 0.287361
-0.314907 0.287361
-0.311929 0.287361
-0.308951 0.287361
-0.305973 0.287361
-0.302995 0.287361
-0.300017 0.287361
-0.291084 0.287361
-0.282150 0.287361
-0.279172 0.287361
-0.276195 0.287361
-0.273217 0.287361
-0.268750 0.287361
-0.265772 0.287361
-0.262794 0.287361
-0.259816 0.287361
-0.256839 0.287361
-0.253861 0.287361
-0.249394 0.287361
-0.246416 0.287361
-0.185370 0.287361
-0.151125 0.287361
-0.146659 0.287361
-0.143681 0.287361
-0.139214 0.287361
-0.064768 0.287361
-0.049879 0.287361
0.005211 0.287361
0.014145 0.287361
0.017123 0.287361
0.122836 0.287361
0.179415 0.287361
0.182393 0.287361
0.185370 0.287361
0.200260 0.287361
0.203238 0.287361
0.206215 0.287361
0.209193 0.287361
0.212171 0.287361
0.218127 0.287361
0.221105 0.287361
0.224082 0.287361
0.227060 0.287361
0.230038 0.287361
0.237483 0.287361
0.240461 0.287361
0.243438 0.287361
0.340218 0.287361
-0.372974 0.285873
-0.369997 0.285873
-0.364041 0.285873
-0.361063 0.285873
-0.358085 0.285873
-0.355107 0.285873
-0.352130 0.285873
-0.349152 0.285873
-0.317884 0.285873
-0.314907 0.285873
-0.311929 0.285873
-0.308951 0.285873
-0.305973 0.285873
-0.302995 0.285873
-0.282150 0.285873
-0.279172 0.285873
-0.276195 0.285873
-0.270239 0.285873
-0.267261 0.285873
-0.264283 0.285873
-0.261305 0.285873
-0.258328 0.285873
-0.255350 0.285873
-0.252372 0.285873
-0.247905 0.285873
-0.233016 0.285873
-0.152614 0.285873
-0.148148 0.285873
-0.145170 0.285873
-0.142192 0.285873
-0.063279 0.285873
0.003722 0.285873
0.006700 0.285873
0.014145 0.285873
0.017123 0.285873
0.122836 0.285873
0.179415 0.285873
0.182393 0.285873
0.185370 0.285873
0.200260 0.285873
0.203238 0.285873
0.206215 0.285873
0.209193 0.285873
0.212171 0.285873
0.215149 0.285873
0.222593 0.285873
0.225571 0.285873
0.228549 0.285873
0.240461 0.285873
0.243438 0.285873
0.246416 0.285873
0.328307 0.285873
0.338729 0.285873
0.341707 0.285873
-0.371485 0.284384
-0.365530 0.284384
-0.362552 0.284384
-0.359574 0.284384
-0.356596 0.284384
-0.353618 0.284384
-0.326818 0.284384
-0.323840 0.284384
-0.320862 0.284384
-0.317884 0.284384
-0.314907 0.284384
-0.283639 0.284384
-0.280661 0.284384
-0.277684 0.284384
-0.274706 0.284384
-0.268750 0.284384
-0.265772 0.284384
-0.262794 0.284384
-0.259816 0.284384
-0.256839 0.284384
-0.253861 0.284384
-0.247905 0.284384
-0.233016 0.284384
-0.152614 0.284384
-0.149636 0.284384
-0.146659 0.284384
-0.143681 0.284384
-0.087102 0.284384
-0.063279 0.284384
0.005211 0.284384
0.012656 0.284384
0.015634 0.284384
0.045412 0.284384
0.122836 0.284384
0.179415 0.284384
0.182393 0.284384
0.185370 0.284384
0.200260 0.284384
0.203238 0.284384
0.206215 0.284384
0.209193 0.284384
0.213660 0.284384
0.216638 0.284384
0.219616 0.284384
0.222593 0.284384
0.225571 0.284384
0.228549 0.284384
0.231527 0.284384
0.234505 0.284384
0.237483 0.284384
0.240461 0.284384
0.243438 0.284384
0.246416 0.284384
0.249394 0.284384
0.329796 0.284384
0.338729 0.284384
0.341707 0.284384
-0.372974 0.282895
-0.367019 0.282895
-0.364041 0.282895
-0.361063 0.282895
-0.358085 0.282895
-0.355107 0.282895
-0.331285 0.282895
-0.328307 0.282895
-0.325329 0.282895
-0.322351 0.282895
-0.286617 0.282895
-0.283639 0.282895
-0.280661 0.282895
-0.277684 0.282895
-0.274706 0.282895
-0.270239 0.282895
-0.267261 0.282895
-0.264283 0.282895
-0.261305 0.282895
-0.258328 0.282895
-0.255350 0.282895
-0.249394 0.282895
-0.246416 0.282895
-0.182393 0.282895
-0.151125 0.282895
-0.148148 0.282895
-0.145170 0.282895
-0.142192 0.282895
-0.075190 0.282895
0.003722 0.282895
0.006700 0.282895
0.014145 0.282895
0.017123 0.282895
0.122836 0.282895
0.179415 0.282895
0.182393 0.282895
0.185370 0.282895
0.200260 0.282895
0.203238 0.282895
0.206215 0.282895
0.209193 0.282895
0.212171 0.282895
0.215149 0.282895
0.218127 0.282895
0.221105 0.282895
0.224082 0.282895
0.227060 0.282895
0.230038 0.282895
0.233016 0.282895
0.235994 0.282895
0.238972 0.282895
0.241949 0.282895
0.244927 0.282895
0.247905 0.282895
0.250883 0.282895
0.253861 0.282895
0.256839 0.282895
0.340218 0.282895
-0.374463 0.281406
-0.371485 0.281406
-0.365530 0.281406
-0.362552 0.281406
-0.359574 0.281406
-0.337240 0.281406
-0.334262 0.281406
-0.331285 0.281406
-0.288106 0.281406
-0.285128 0.281406
-0.282150 0.281406
-0.279172 0.281406
-0.276195 0.281406
-0.270239 0.281406
-0.267261 0.281406
-0.264283 0.281406
-0.261305 0.281406
-0.258328 0.281406
-0.255350 0.281406
-0.249394 0.281406
-0.246416 0.281406
-0.152614 0.281406
-0.149636 0.281406
-0.145170 0.281406
-0.142192 0.281406
-0.075190 0.281406
-0.051368 0.281406
0.005211 0.281406
0.011167 0.281406
0.014145 0.281406
0.122836 0.281406
0.179415 0.281406
0.182393 0.281406
0.185370 0.281406
0.200260 0.281406
0.203238 0.281406
0.206215 0.281406
0.209193 0.281406
0.212171 0.281406
0.215149 0.281406
0.218127 0.281406
0.221105 0.281406
0.224082 0.281406
0.227060 0.281406
0.230038 0.281406
0.233016 0.281406
0.235994 0.281406
0.238972 0.281406
0.241949 0.281406
0.244927 0.281406
0.247905 0.281406
0.250883 0.281406
0.253861 0.281406
0.256839 0.281406
0.259816 0.281406
0.262794 0.281406
0.265772 0.281406
0.268750 0.281406
0.338729 0.281406
0.341707 0.281406
-0.372974 0.279917
-0.368508 0.279917
-0.365530 0.279917
-0.362552 0.279917
-0.341707 0.279917
-0.338729 0.279917
-0.335751 0.279917
-0.291084 0.279917
-0.288106 0.279917
-0.285128 0.279917
-0.282150 0.279917
-0.279172 0.279917
-0.276195 0.279917
-0.271728 0.279917
-0.268750 0.279917
-0.265772 0.279917
-0.262794 0.279917
-0.259816 0.279917
-0.256839 0.279917
-0.249394 0.279917
-0.246416 0.279917
-0.151125 0.279917
-0.146659 0.279917
-0.143681 0.279917
-0.087102 0.279917
-0.064768 0.279917
-0.051368 0.279917
0.005211 0.279917
0.011167 0.279917
0.014145 0.279917
0.029034 0.279917
0.177926 0.279917
0.180904 0.279917
0.183882 0.279917
0.186859 0.279917
0.203238 0.279917
0.206215 0.279917
0.209193 0.279917
0.212171 0.279917
0.215149 0.279917
0.218127 0.279917
0.221105 0.279917
0.224082 0.279917
0.227060 0.279917
0.230038 0.279917
0.233016 0.279917
0.235994 0.279917
0.238972 0.279917
0.241949 0.279917
0.244927 0.279917
0.247905 0.279917
0.250883 0.279917
0.253861 0.279917
0.256839 0.279917
0.259816 0.279917
0.262794 0.279917
0.265772 0.279917
0.268750 0.279917
0.271728 0.279917
0.274706 0.279917
0.277684 0.279917
0.338729 0.279917
0.341707 0.279917
-0.374463 0.278428
-0.368508 0.278428
-0.365530 0.278428
-0.346174 0.278428
-0.343196 0.278428
-0.340218 0.278428
-0.297039 0.278428
-0.294062 0.278428
-0.291084 0.278428
-0.288106 0.278428
-0.285128 0.278428
-0.282150 0.278428
-0.279172 0.278428
-0.274706 0.278428
-0.271728 0.278428
-0.268750 0.278428
-0.265772 0.278428
-0.262794 0.278428
-0.259816 0.278428
-0.256839 0.278428
-0.249394 0.278428
-0.246416 0.278428
-0.192815 0.278428
-0.149636 0.278428
-0.145170 0.278428
-0.142192 0.278428
-0.073702 0.278428
-0.066257 0.278428
-0.051368 0.278428
0.005211 0.278428
0.011167 0.278428
0.014145 0.278428
0.029034 0.278428
0.177926 0.278428
0.180904 0.278428
0.185370 0.278428
0.201749 0.278428
0.204726 0.278428
0.207704 0.278428
0.210682 0.278428
0.213660 0.278428
0.216638 0.278428
0.219616 0.278428
0.222593 0.278428
0.225571 0.278428
0.228549 0.278428
0.231527 0.278428
0.234505 0.278428
0.237483 0.278428
0.240461 0.278428
0.243438 0.278428
0.246416 0.278428
0.249394 0.278428
0.252372 0.278428
0.255350 0.278428
0.258328 0.278428
0.261305 0.278428
0.264283 0.278428
0.267261 0.278428
0.270239 0.278428
0.273217 0.278428
0.276195 0.278428
0.279172 0.278428
0.282150 0.278428
0.335751 0.278428
0.340218 0.278428
-0.375952 0.276939
-0.372974 0.276939
-0.369997 0.276939
-0.367019 0.276939
-0.350641 0.276939
-0.347663 0.276939
-0.344685 0.276939
-0.304484 0.276939
-0.301506 0.276939
-0.298528 0.276939
-0.295551 0.276939
-0.292573 0.276939
-0.289595 0.276939
-0.286617 0.276939
-0.283639 0.276939
-0.280661 0.276939
-0.277684 0.276939
-0.274706 0.276939
-0.271728 0.276939
-0.268750 0.276939
-0.265772 0.276939
-0.262794 0.276939
-0.259816 0.276939
-0.256839 0.276939
-0.253861 0.276939
-0.247905 0.276939
-0.233016 0.276939
-0.158570 0.276939
-0.149636 0.276939
-0.145170 0.276939
-0.087102 0.276939
-0.069235 0.276939
-0.066257 0.276939
0.003722 0.276939
0.006700 0.276939
0.012656 0.276939
0.015634 0.276939
0.122836 0.276939
0.179415 0.276939
0.182393 0.276939
0.185370 0.276939
0.188348 0.276939
0.203238 0.276939
0.206215 0.276939
0.209193 0.276939
0.212171 0.276939
0.215149 0.276939
0.218127 0.276939
0.221105 0.276939
0.224082 0.276939
0.227060 0.276939
0.230038 0.276939
0.233016 0.276939
0.235994 0.276939
0.238972 0.276939
0.241949 0.276939
0.244927 0.276939
0.247905 0.276939
0.250883 0.276939
0.253861 0.276939
0.256839 0.276939
0.259816 0.276939
0.262794 0.276939
0.265772 0.276939
0.268750 0.276939
0.271728 0.276939
0.274706 0.276939
0.277684 0.276939
0.280661 0.276939
0.283639 0.276939
0.286617 0.276939
0.340218 0.276939
-0.375952 0.275450
-0.372974 0.275450
-0.368508 0.275450
-0.353618 0.275450
-0.350641 0.275450
-0.347663 0.275450
-0.329796 0.275450
-0.326818 0.275450
-0.323840 0.275450
-0.320862 0.275450
-0.317884 0.275450
-0.314907 0.275450
-0.311929 0.275450
-0.308951 0.275450
-0.305973 0.275450
-0.302995 0.275450
-0.300017 0.275450
-0.297039 0.275450
-0.294062 0.275450
-0.291084 0.275450
-0.288106 0.275450
-0.285128 0.275450
-0.282150 0.275450
-0.279172 0.275450
-0.276195 0.275450
-0.273217 0.275450
-0.270239 0.275450
-0.267261 0.275450
-0.264283 0.275450
-0.261305 0.275450
-0.258328 0.275450
-0.255350 0.275450
-0.249394 0.275450
-0.246416 0.275450
-0.233016 0.275450
-0.161548 0.275450
-0.158570 0.275450
-0.155592 0.275450
-0.149636 0.275450
-0.145170 0.275450
-0.087102 0.275450
0.003722 0.275450
0.006700 0.275450
0.012656 0.275450
0.122836 0.275450
0.179415 0.275450
0.182393 0.275450
0.185370 0.275450
0.188348 0.275450
0.204726 0.275450
0.207704 0.275450
0.210682 0.275450
0.213660 0.275450
0.216638 0.275450
0.219616 0.275450
0.222593 0.275450
0.225571 0.275450
0.228549 0.275450
0.231527 0.275450
0.234505 0.275450
0.237483 0.275450
0.240461 0.275450
0.243438 0.275450
0.246416 0.275450
0.249394 0.275450
0.252372 0.275450
0.255350 0.275450
0.258328 0.275450
0.261305 0.275450
0.264283 0.275450
0.267261 0.275450
0.270239 0.275450
0.273217 0.275450
0.276195 0.275450
0.279172 0.275450
0.282150 0.275450
0.285128 0.275450
0.288106 0.275450
0.304484 0.275450
0.322351 0.275450
0.325329 0.275450
0.331285 0.275450
0.340218 0.275450
-0.375952 0.273961
-0.372974 0.273961
-0.355107 0.273961
-0.334262 0.273961
-0.331285 0.273961
-0.328307 0.273961
-0.325329 0.273961
-0.322351 0.273961
-0.319373 0.273961
-0.316395 0.273961
-0.313418 0.273961
-0.310440 0.273961
-0.307462 0.273961
-0.304484 0.273961
-0.301506 0.273961
-0.298528 0.273961
-0.295551 0.273961
-0.292573 0.273961
-0.289595 0.273961
-0.286617 0.273961
-0.283639 0.273961
-0.280661 0.273961
-0.277684 0.273961
-0.274706 0.273961
-0.271728 0.273961
-0.268750 0.273961
-0.265772 0.273961
-0.262794 0.273961
-0.259816 0.273961
-0.256839 0.273961
-0.253861 0.273961
-0.247905 0.273961
-0.244927 0.273961
-0.198771 0.273961
-0.161548 0.273961
-0.158570 0.273961
-0.155592 0.273961
-0.151125 0.273961
-0.146659 0.273961
-0.143681 0.273961
-0.051368 0.273961
0.005211 0.273961
0.011167 0.273961
0.014145 0.273961
0.177926 0.273961
0.180904 0.273961
0.185370 0.273961
0.188348 0.273961
0.204726 0.273961
0.207704 0.273961
0.210682 0.273961
0.213660 0.273961
0.216638 0.273961
0.219616 0.273961
0.222593 0.273961
0.225571 0.273961
0.228549 0.273961
0.231527 0.273961
0.234505 0.273961
0.237483 0.273961
0.240461 0.273961
0.243438 0.273961
0.246416 0.273961
0.249394 0.273961
0.252372 0.273961
0.255350 0.273961
0.258328 0.273961
0.261305 0.273961
0.264283 0.273961
0.267261 0.273961
0.270239 0.273961
0.273217 0.273961
0.276195 0.273961
0.279172 0.273961
0.282150 0.273961
0.285128 0.273961
0.288106 0.273961
0.291084 0.273961
0.338729 0.273961
0.341707 0.273961
-0.374463 0.272472
-0.340218 0.272472
-0.337240 0.272472
-0.334262 0.272472
-0.331285 0.272472
-0.328307 0.272472
-0.325329 0.272472
-0.322351 0.272472
-0.319373 0.272472
-0.316395 0.272472
-0.313418 0.272472
-0.310440 0.272472
-0.307462 0.272472
-0.304484 0.272472
-0.301506 0.272472
-0.298528 0.272472
-0.295551 0.272472
-0.292573 0.272472
-0.289595 0.272472
-0.286617 0.272472
-0.283639 0.272472
-0.280661 0.272472
-0.277684 0.272472
-0.274706 0.272472
-0.271728 0.272472
-0.268750 0.272472
-0.265772 0.272472
-0.262794 0.272472
-0.259816 0.272472
-0.256839 0.272472
-0.253861 0.272472
-0.249394 0.272472
-0.246416 0.272472
-0.233016 0.272472
-0.164526 0.272472
-0.161548 0.272472
-0.155592 0.272472
-0.151125 0.272472
-0.146659 0.272472
-0.143681 0.272472
-0.088591 0.272472
-0.051368 0.272472
0.005211 0.272472
0.009678 0.272472
0.012656 0.272472
0.177926 0.272472
0.180904 0.272472
0.185370 0.272472
0.188348 0.272472
0.204726 0.272472
0.207704 0.272472
0.210682 0.272472
0.213660 0.272472
0.216638 0.272472
0.219616 0.272472
0.222593 0.272472
0.225571 0.272472
0.228549 0.272472
0.231527 0.272472
0.234505 0.272472
0.237483 0.272472
0.240461 0.272472
0.243438 0.272472
0.246416 0.272472
0.252372 0.272472
0.255350 0.272472
0.258328 0.272472
0.262794 0.272472
0.265772 0.272472
0.273217 0.272472
0.276195 0.272472
0.279172 0.272472
0.282150 0.272472
0.285128 0.272472
0.288106 0.272472
0.291084 0.272472
0.294062 0.272472
0.338729 0.272472
0.341707 0.272472
-0.374463 0.270983
-0.344685 0.270983
-0.341707 0.270983
-0.338729 0.270983
-0.335751 0.270983
-0.332774 0.270983
-0.329796 0.270983
-0.326818 0.270983
-0.323840 0.270983
-0.320862 0.270983
-0.317884 0.270983
-0.314907 0.270983
-0.311929 0.270983
-0.308951 0.270983
-0.305973 0.270983
-0.302995 0.270983
-0.300017 0.270983
-0.297039 0.270983
-0.294062 0.270983
-0.291084 0.270983
-0.288106 0.270983
-0.285128 0.270983
-0.282150 0.270983
-0.279172 0.270983
-0.276195 0.270983
-0.273217 0.270983
-0.270239 0.270983
-0.267261 0.270983
-0.264283 0.270983
-0.261305 0.270983
-0.258328 0.270983
-0.255350 0.270983
-0.252372 0.270983
-0.246416 0.270983
-0.233016 0.270983
-0.163037 0.270983
-0.160059 0.270983
-0.155592 0.270983
-0.152614 0.270983
-0.149636 0.270983
-0.145170 0.270983
-0.088591 0.270983
-0.051368 0.270983
0.005211 0.270983
0.009678 0.270983
0.012656 0.270983
0.032012 0.270983
0.122836 0.270983
0.177926 0.270983
0.180904 0.270983
0.185370 0.270983
0.188348 0.270983
0.206215 0.270983
0.209193 0.270983
0.212171 0.270983
0.215149 0.270983
0.219616 0.270983
0.222593 0.270983
0.225571 0.270983
0.228549 0.270983
0.231527 0.270983
0.234505 0.270983
0.237483 0.270983
0.240461 0.270983
0.243438 0.270983
0.250883 0.270983
0.253861 0.270983
0.274706 0.270983
0.277684 0.270983
0.280661 0.270983
0.283639 0.270983
0.286617 0.270983
0.289595 0.270983
0.292573 0.270983
0.295551 0.270983
0.338729 0.270983
0.341707 0.270983
-0.374463 0.269494
-0.346174 0.269494
-0.343196 0.269494
-0.340218 0.269494
-0.337240 0.269494
-0.334262 0.269494
-0.331285 0.269494
-0.328307 0.269494
-0.325329 0.269494
-0.322351 0.269494
-0.319373 0.269494
-0.316395 0.269494
-0.313418 0.269494
-0.310440 0.269494
-0.307462 0.269494
-0.304484 0.269494
-0.301506 0.269494
-0.298528 0.269494
-0.295551 0.269494
-0.292573 0.269494
-0.289595 0.269494
-0.286617 0.269494
-0.283639 0.269494
-0.280661 0.269494
-0.277684 0.269494
-0.274706 0.269494
-0.271728 0.269494
-0.268750 0.269494
-0.265772 0.269494
-0.262794 0.269494
-0.259816 0.269494
-0.256839 0.269494
-0.253861 0.269494
-0.247905 0.269494
-0.244927 0.269494
-0.164526 0.269494
-0.161548 0.269494
-0.158570 0.269494
-0.154103 0.269494
-0.151125 0.269494
-0.146659 0.269494
-0.143681 0.269494
-0.087102 0.269494
0.003722 0.269494
0.006700 0.269494
0.011167 0.269494
0.024567 0.269494
0.027545 0.269494
0.030523 0.269494
0.033501 0.269494
0.164526 0.269494
0.179415 0.269494
0.182393 0.269494
0.185370 0.269494
0.188348 0.269494
0.206215 0.269494
0.209193 0.269494
0.212171 0.269494
0.215149 0.269494
0.218127 0.269494
0.221105 0.269494
0.224082 0.269494
0.227060 0.269494
0.230038 0.269494
0.233016 0.269494
0.235994 0.269494
0.238972 0.269494
0.241949 0.269494
0.250883 0.269494
0.259816 0.269494
0.262794 0.269494
0.265772 0.269494
0.276195 0.269494
0.279172 0.269494
0.282150 0.269494
0.285128 0.269494
0.288106 0.269494
0.291084 0.269494
0.294062 0.269494
0.337240 0.269494
0.340218 0.269494
-0.375952 0.268006
-0.350641 0.268006
-0.347663 0.268006
-0.344685 0.268006
-0.341707 0.268006
-0.338729 0.268006
-0.335751 0.268006
-0.332774 0.268006
-0.329796 0.268006
-0.326818 0.268006
-0.323840 0.268006
-0.320862 0.268006
-0.317884 0.268006
-0.314907 0.268006
-0.311929 0.268006
-0.308951 0.268006
-0.305973 0.268006
-0.302995 0.268006
-0.300017 0.268006
-0.297039 0.268006
-0.294062 0.268006
-0.291084 0.268006
-0.288106 0.268006
-0.285128 0.268006
-0.282150 0.268006
-0.279172 0.268006
-0.276195 0.268006
-0.273217 0.268006
-0.270239 0.268006
-0.267261 0.268006
-0.264283 0.268006
-0.261305 0.268006
-0.258328 0.268006
-0.255350 0.268006
-0.252372 0.268006
-0.249394 0.268006
-0.246416 0.268006
-0.233016 0.268006
-0.163037 0.268006
-0.160059 0.268006
-0.155592 0.268006
-0.152614 0.268006
-0.149636 0.268006
-0.145170 0.268006
-0.088591 0.268006
-0.051368 0.268006
0.005211 0.268006
0.009678 0.268006
0.015634 0.268006
0.018611 0.268006
0.021589 0.268006
0.024567 0.268006
0.027545 0.268006
0.030523 0.268006
0.033501 0.268006
0.177926 0.268006
0.180904 0.268006
0.183882 0.268006
0.186859 0.268006
0.206215 0.268006
0.209193 0.268006
0.212171 0.268006
0.215149 0.268006
0.218127 0.268006
0.221105 0.268006
0.224082 0.268006
0.227060 0.268006
0.230038 0.268006
0.233016 0.268006
0.235994 0.268006
0.238972 0.268006
0.247905 0.268006
0.256839 0.268006
0.268750 0.268006
0.271728 0.268006
0.274706 0.268006
0.277684 0.268006
0.280661 0.268006
0.283639 0.268006
0.286617 0.268006
0.289595 0.268006
0.292573 0.268006
0.338729 0.268006
-0.375952 0.266517
-0.352130 0.266517
-0.349152 0.266517
-0.346174 0.266517
-0.343196 0.266517
-0.340218 0.266517
-0.337240 0.266517
-0.334262 0.266517
-0.331285 0.266517
-0.328307 0.266517
-0.325329 0.266517
-0.322351 0.266517
-0.319373 0.266517
-0.316395 0.266517
-0.313418 0.266517
-0.310440 0.266517
-0.307462 0.266517
-0.304484 0.266517
-0.301506 0.266517
-0.298528 0.266517
-0.295551 0.266517
-0.292573 0.266517
-0.289595 0.266517
-0.286617 0.266517
-0.283639 0.266517
-0.280661 0.266517
-0.277684 0.266517
-0.274706 0.266517
-0.271728 0.266517
-0.268750 0.266517
-0.265772 0.266517
-0.262794 0.266517
-0.259816 0.266517
-0.256839 0.266517
-0.253861 0.266517
-0.250883 0.266517
-0.247905 0.266517
-0.244927 0.266517
-0.164526 0.266517
-0.161548 0.266517
-0.157081 0.266517
-0.154103 0.266517
-0.151125 0.266517
-0.148148 0.266517
-0.145170 0.266517
-0.088591 0.266517
-0.051368 0.266517
0.005211 0.266517
0.009678 0.266517
0.014145 0.266517
0.017123 0.266517
0.020100 0.266517
0.023078 0.266517
0.026056 0.266517
0.029034 0.266517
0.032012 0.266517
0.122836 0.266517
0.179415 0.266517
0.182393 0.266517
0.185370 0.266517
0.188348 0.266517
0.209193 0.266517
0.212171 0.266517
0.215149 0.266517
0.218127 0.266517
0.221105 0.266517
0.224082 0.266517
0.227060 0.266517
0.230038 0.266517
0.233016 0.266517
0.235994 0.266517
0.243438 0.266517
0.250883 0.266517
0.253861 0.266517
0.256839 0.266517
0.264283 0.266517
0.267261 0.266517
0.270239 0.266517
0.273217 0.266517
0.337240 0.266517
0.340218 0.266517
-0.374463 0.265028
-0.353618 0.265028
-0.350641 0.265028
-0.347663 0.265028
-0.344685 0.265028
-0.341707 0.265028
-0.338729 0.265028
-0.335751 0.265028
-0.332774 0.265028
-0.329796 0.265028
-0.326818 0.265028
-0.323840 0.265028
-0.320862 0.265028
-0.314907 0.265028
-0.311929 0.265028
-0.308951 0.265028
-0.305973 0.265028
-0.302995 0.265028
-0.300017 0.265028
-0.297039 0.265028
-0.294062 0.265028
-0.291084 0.265028
-0.288106 0.265028
-0.285128 0.265028
-0.282150 0.265028
-0.279172 0.265028
-0.276195 0.265028
-0.273217 0.265028
-0.270239 0.265028
-0.267261 0.265028
-0.264283 0.265028
-0.261305 0.265028
-0.258328 0.265028
-0.255350 0.265028
-0.252372 0.265028
-0.249394 0.265028
-0.246416 0.265028
-0.233016 0.265028
-0.163037 0.265028
-0.160059 0.265028
-0.157081 0.265028
-0.154103 0.265028
-0.151125 0.265028
-0.146659 0.265028
-0.143681 0.265028
-0.087102 0.265028
0.005211 0.265028
0.009678 0.265028
0.014145 0.265028
0.020100 0.265028
0.023078 0.265028
0.026056 0.265028
0.029034 0.265028
0.032012 0.265028
0.122836 0.265028
0.180904 0.265028
0.183882 0.265028
0.186859 0.265028
0.189837 0.265028
0.209193 0.265028
0.212171 0.265028
0.215149 0.265028
0.218127 0.265028
0.221105 0.265028
0.224082 0.265028
0.227060 0.265028
0.230038 0.265028
0.233016 0.265028
0.235994 0.265028
0.246416 0.265028
0.249394 0.265028
0.252372 0.265028
0.255350 0.265028
0.258328 0.265028
0.261305 0.265028
0.264283 0.265028
0.267261 0.265028
0.337240 0.265028
0.340218 0.265028
-0.374463 0.263539
-0.353618 0.263539
-0.350641 0.263539
-0.347663 0.263539
-0.344685 0.263539
-0.341707 0.263539
-0.338729 0.263539
-0.335751 0.263539
-0.332774 0.263539
-0.329796 0.263539
-0.325329 0.263539
-0.320862 0.263539
-0.317884 0.263539
-0.304484 0.263539
-0.301506 0.263539
-0.298528 0.263539
-0.295551 0.263539
-0.292573 0.263539
-0.289595 0.263539
-0.286617 0.263539
-0.283639 0.263539
-0.280661 0.263539
-0.277684 0.263539
-0.274706 0.263539
-0.271728 0.263539
-0.268750 0.263539
-0.265772 0.263539
-0.262794 0.263539
-0.259816 0.263539
-0.256839 0.263539
-0.253861 0.263539
-0.250883 0.263539
-0.247905 0.263539
-0.244927 0.263539
-0.164526 0.263539
-0.161548 0.263539
-0.158570 0.263539
-0.155592 0.263539
-0.152614 0.263539
-0.149636 0.263539
-0.145170 0.263539
-0.088591 0.263539
-0.052857 0.263539
0.003722 0.263539
0.006700 0.263539
0.011167 0.263539
0.015634 0.263539
0.018611 0.263539
0.021589 0.263539
0.024567 0.263539
0.122836 0.263539
0.180904 0.263539
0.183882 0.263539
0.186859 0.263539
0.189837 0.263539
0.210682 0.263539
0.213660 0.263539
0.216638 0.263539
0.219616 0.263539
0.222593 0.263539
0.225571 0.263539
0.228549 0.263539
0.231527 0.263539
0.234505 0.263539
0.240461 0.263539
0.243438 0.263539
0.246416 0.263539
0.249394 0.263539
0.252372 0.263539
0.255350 0.263539
0.258328 0.263539
0.337240 0.263539
0.340218 0.263539
-0.374463 0.262050
-0.371485 0.262050
-0.362552 0.262050
-0.352130 0.262050
-0.349152 0.262050
-0.346174 0.262050
-0.343196 0.262050
-0.340218 0.262050
-0.337240 0.262050
-0.334262 0.262050
-0.331285 0.262050
-0.305973 0.262050
-0.302995 0.262050
-0.300017 0.262050
-0.297039 0.262050
-0.294062 0.262050
-0.291084 0.262050
-0.288106 0.262050
-0.285128 0.262050
-0.282150 0.262050
-0.279172 0.262050
-0.276195 0.262050
-0.273217 0.262050
-0.270239 0.262050
-0.267261 0.262050
-0.264283 0.262050
-0.261305 0.262050
-0.258328 0.262050
-0.255350 0.262050
-0.252372 0.262050
-0.249394 0.262050
-0.246416 0.262050
-0.164526 0.262050
-0.161548 0.262050
-0.158570 0.262050
-0.155592 0.262050
-0.152614 0.262050
-0.149636 0.262050
-0.145170 0.262050
-0.088591 0.262050
-0.052857 0.262050
0.003722 0.262050
0.006700 0.262050
0.011167 0.262050
0.015634 0.262050
0.018611 0.262050
0.021589 0.262050
0.179415 0.262050
0.182393 0.262050
0.185370 0.262050
0.188348 0.262050
0.210682 0.262050
0.213660 0.262050
0.216638 0.262050
0.219616 0.262050
0.222593 0.262050
0.225571 0.262050
0.228549 0.262050
0.231527 0.262050
0.234505 0.262050
0.237483 0.262050
0.240461 0.262050
0.244927 0.262050
0.247905 0.262050
0.250883 0.262050
0.253861 0.262050
0.292573 0.262050
0.300017 0.262050
0.337240 0.262050
0.340218 0.262050
-0.374463 0.260561
-0.371485 0.260561
-0.367019 0.260561
-0.364041 0.260561
-0.352130 0.260561
-0.349152 0.260561
-0.346174 0.260561
-0.343196 0.260561
-0.340218 0.260561
-0.337240 0.260561
-0.334262 0.260561
-0.331285 0.260561
-0.328307 0.260561
-0.325329 0.260561
-0.314907 0.260561
-0.311929 0.260561
-0.305973 0.260561
-0.302995 0.260561
-0.300017 0.260561
-0.297039 0.260561
-0.294062 0.260561
-0.291084 0.260561
-0.288106 0.260561
-0.285128 0.260561
-0.282150 0.260561
-0.279172 0.260561
-0.276195 0.260561
-0.273217 0.260561
-0.270239 0.260561
-0.267261 0.260561
-0.264283 0.260561
-0.261305 0.260561
-0.258328 0.260561
-0.255350 0.260561
-0.252372 0.260561
-0.249394 0.260561
-0.246416 0.260561
-0.243438 0.260561
-0.164526 0.260561
-0.161548 0.260561
-0.158570 0.260561
-0.155592 0.260561
-0.152614 0.260561
-0.149636 0.260561
-0.146659 0.260561
-0.143681 0.260561
-0.087102 0.260561
-0.051368 0.260561
0.005211 0.260561
0.009678 0.260561
0.014145 0.260561
0.017123 0.260561
0.179415 0.260561
0.182393 0.260561
0.185370 0.260561
0.188348 0.260561
0.212171 0.260561
0.215149 0.260561
0.218127 0.260561
0.221105 0.260561
0.224082 0.260561
0.227060 0.260561
0.230038 0.260561
0.233016 0.260561
0.235994 0.260561
0.238972 0.260561
0.241949 0.260561
0.244927 0.260561
0.247905 0.260561
0.250883 0.260561
0.286617 0.260561
0.289595 0.260561
0.292573 0.260561
0.295551 0.260561
0.298528 0.260561
0.337240 0.260561
0.340218 0.260561
-0.372974 0.259072
-0.369997 0.259072
-0.365530 0.259072
-0.331285 0.259072
-0.328307 0.259072
-0.325329 0.259072
-0.322351 0.259072
-0.319373 0.259072
-0.316395 0.259072
-0.313418 0.259072
-0.310440 0.259072
-0.302995 0.259072
-0.300017 0.259072
-0.297039 0.259072
-0.294062 0.259072
-0.291084 0.259072
-0.288106 0.259072
-0.285128 0.259072
-0.282150 0.259072
-0.279172 0.259072
-0.276195 0.259072
-0.273217 0.259072
-0.270239 0.259072
-0.267261 0.259072
-0.264283 0.259072
-0.261305 0.259072
-0.258328 0.259072
-0.255350 0.259072
-0.252372 0.259072
-0.249394 0.259072
-0.246416 0.259072
-0.243438 0.259072
-0.164526 0.259072
-0.161548 0.259072
-0.158570 0.259072
-0.155592 0.259072
-0.152614 0.259072
-0.149636 0.259072
-0.146659 0.259072
-0.143681 0.259072
-0.052857 0.259072
0.003722 0.259072
0.006700 0.259072
0.011167 0.259072
0.179415 0.259072
0.182393 0.259072
0.185370 0.259072
0.188348 0.259072
0.213660 0.259072
0.216638 0.259072
0.219616 0.259072
0.222593 0.259072
0.225571 0.259072
0.228549 0.259072
0.231527 0.259072
0.234505 0.259072
0.237483 0.259072
0.240461 0.259072
0.243438 0.259072
0.279172 0.259072
0.282150 0.259072
0.285128 0.259072
0.288106 0.259072
0.291084 0.259072
0.294062 0.259072
0.297039 0.259072
0.300017 0.259072
0.338729 0.259072
-0.372974 0.257583
-0.369997 0.257583
-0.365530 0.257583
-0.323840 0.257583
-0.320862 0.257583
-0.317884 0.257583
-0.314907 0.257583
-0.311929 0.257583
-0.308951 0.257583
-0.305973 0.257583
-0.302995 0.257583
-0.300017 0.257583
-0.297039 0.257583
-0.294062 0.257583
-0.291084 0.257583
-0.288106 0.257583
-0.285128 0.257583
-0.282150 0.257583
-0.279172 0.257583
-0.276195 0.257583
-0.273217 0.257583
-0.270239 0.257583
-0.267261 0.257583
-0.264283 0.257583
-0.261305 0.257583
-0.258328 0.257583
-0.255350 0.257583
-0.252372 0.257583
-0.249394 0.257583
-0.246416 0.257583
-0.243438 0.257583
-0.182393 0.257583
-0.163037 0.257583
-0.160059 0.257583
-0.157081 0.257583
-0.154103 0.257583
-0.151125 0.257583
-0.146659 0.257583
-0.143681 0.257583
-0.052857 0.257583
0.003722 0.257583
0.006700 0.257583
0.011167 0.257583
0.122836 0.257583
0.180904 0.257583
0.183882 0.257583
0.186859 0.257583
0.189837 0.257583
0.215149 0.257583
0.218127 0.257583
0.221105 0.257583
0.224082 0.257583
0.227060 0.257583
0.230038 0.257583
0.233016 0.257583
0.235994 0.257583
0.238972 0.257583
0.276195 0.257583
0.279172 0.257583
0.282150 0.257583
0.285128 0.257583
0.288106 0.257583
0.291084 0.257583
0.294062 0.257583
0.297039 0.257583
0.300017 0.257583
0.302995 0.257583
0.337240 0.257583
-0.374463 0.256094
-0.371485 0.256094
-0.368508 0.256094
-0.365530 0.256094
-0.355107 0.256094
-0.314907 0.256094
-0.311929 0.256094
-0.308951 0.256094
-0.305973 0.256094
-0.302995 0.256094
-0.300017 0.256094
-0.297039 0.256094
-0.294062 0.256094
-0.291084 0.256094
-0.288106 0.256094
-0.285128 0.256094
-0.282150 0.256094
-0.279172 0.256094
-0.276195 0.256094
-0.273217 0.256094
-0.270239 0.256094
-0.267261 0.256094
-0.264283 0.256094
-0.261305 0.256094
-0.258328 0.256094
-0.255350 0.256094
-0.252372 0.256094
-0.249394 0.256094
-0.246416 0.256094
-0.243438 0.256094
-0.164526 0.256094
-0.161548 0.256094
-0.158570 0.256094
-0.155592 0.256094
-0.152614 0.256094
-0.149636 0.256094
-0.145170 0.256094
-0.088591 0.256094
0.003722 0.256094
0.006700 0.256094
0.011167 0.256094
0.055834 0.256094
0.124325 0.256094
0.180904 0.256094
0.183882 0.256094
0.186859 0.256094
0.189837 0.256094
0.216638 0.256094
0.219616 0.256094
0.222593 0.256094
0.225571 0.256094
0.228549 0.256094
0.231527 0.256094
0.234505 0.256094
0.237483 0.256094
0.273217 0.256094
0.276195 0.256094
0.279172 0.256094
0.282150 0.256094
0.285128 0.256094
0.288106 0.256094
0.291084 0.256094
0.294062 0.256094
0.298528 0.256094
0.301506 0.256094
0.304484 0.256094
0.337240 0.256094
-0.372974 0.254605
-0.369997 0.254605
-0.367019 0.254605
-0.361063 0.254605
-0.358085 0.254605
-0.355107 0.254605
-0.352130 0.254605
-0.349152 0.254605
-0.304484 0.254605
-0.301506 0.254605
-0.298528 0.254605
-0.295551 0.254605
-0.292573 0.254605
-0.289595 0.254605
-0.286617 0.254605
-0.283639 0.254605
-0.280661 0.254605
-0.277684 0.254605
-0.274706 0.254605
-0.271728 0.254605
-0.268750 0.254605
-0.265772 0.254605
-0.262794 0.254605
-0.259816 0.254605
-0.256839 0.254605
-0.253861 0.254605
-0.250883 0.254605
-0.247905 0.254605
-0.244927 0.254605
-0.163037 0.254605
-0.158570 0.254605
-0.155592 0.254605
-0.152614 0.254605
-0.149636 0.254605
-0.145170 0.254605
-0.088591 0.254605
0.003722 0.254605
0.006700 0.254605
0.011167 0.254605
0.054346 0.254605
0.124325 0.254605
0.180904 0.254605
0.183882 0.254605
0.186859 0.254605
0.189837 0.254605
0.216638 0.254605
0.219616 0.254605
0.222593 0.254605
0.225571 0.254605
0.228549 0.254605
0.231527 0.254605
0.234505 0.254605
0.262794 0.254605
0.265772 0.254605
0.268750 0.254605
0.271728 0.254605
0.274706 0.254605
0.277684 0.254605
0.280661 0.254605
0.283639 0.254605
0.286617 0.254605
0.289595 0.254605
0.292573 0.254605
0.295551 0.254605
0.298528 0.254605
0.301506 0.254605
0.304484 0.254605
0.307462 0.254605
0.337240 0.254605
-0.372974 0.253116
-0.369997 0.253116
-0.367019 0.253116
-0.361063 0.253116
-0.358085 0.253116
-0.355107 0.253116
-0.352130 0.253116
-0.349152 0.253116
-0.346174 0.253116
-0.343196 0.253116
-0.289595 0.253116
-0.286617 0.253116
-0.283639 0.253116
-0.280661 0.253116
-0.277684 0.253116
-0.274706 0.253116
-0.271728 0.253116
-0.268750 0.253116
-0.265772 0.253116
-0.262794 0.253116
-0.259816 0.253116
-0.256839 0.253116
-0.253861 0.253116
-0.249394 0.253116
-0.246416 0.253116
-0.243438 0.253116
-0.163037 0.253116
-0.157081 0.253116
-0.154103 0.253116
-0.151125 0.253116
-0.146659 0.253116
-0.143681 0.253116
-0.088591 0.253116
0.005211 0.253116
0.009678 0.253116
0.034990 0.253116
0.124325 0.253116
0.180904 0.253116
0.183882 0.253116
0.186859 0.253116
0.189837 0.253116
0.218127 0.253116
0.221105 0.253116
0.224082 0.253116
0.227060 0.253116
0.230038 0.253116
0.261305 0.253116
0.264283 0.253116
0.267261 0.253116
0.270239 0.253116
0.273217 0.253116
0.276195 0.253116
0.279172 0.253116
0.282150 0.253116
0.285128 0.253116
0.291084 0.253116
0.294062 0.253116
0.297039 0.253116
0.300017 0.253116
0.337240 0.253116
-0.372974 0.251627
-0.369997 0.251627
-0.364041 0.251627
-0.361063 0.251627
-0.358085 0.251627
-0.355107 0.251627
-0.352130 0.251627
-0.349152 0.251627
-0.346174 0.251627
-0.343196 0.251627
-0.340218 0.251627
-0.337240 0.251627
-0.334262 0.251627
-0.285128 0.251627
-0.279172 0.251627
-0.276195 0.251627
-0.273217 0.251627
-0.270239 0.251627
-0.267261 0.251627
-0.264283 0.251627
-0.261305 0.251627
-0.258328 0.251627
-0.255350 0.251627
-0.252372 0.251627
-0.247905 0.251627
-0.244927 0.251627
-0.233016 0.251627
-0.160059 0.251627
-0.155592 0.251627
-0.152614 0.251627
-0.149636 0.251627
-0.145170 0.251627
-0.090080 0.251627
-0.052857 0.251627
0.006700 0.251627
0.011167 0.251627
0.122836 0.251627
0.179415 0.251627
0.182393 0.251627
0.185370 0.251627
0.188348 0.251627
0.191326 0.251627
0.219616 0.251627
0.222593 0.251627
0.225571 0.251627
0.228549 0.251627
0.258328 0.251627
0.261305 0.251627
0.264283 0.251627
0.267261 0.251627
0.270239 0.251627
0.273217 0.251627
0.276195 0.251627
0.297039 0.251627
0.300017 0.251627
0.302995 0.251627
0.314907 0.251627
0.337240 0.251627
-0.371485 0.250139
-0.364041 0.250139
-0.361063 0.250139
-0.358085 0.250139
-0.355107 0.250139
-0.352130 0.250139
-0.349152 0.250139
-0.346174 0.250139
-0.343196 0.250139
-0.340218 0.250139
-0.337240 0.250139
-0.334262 0.250139
-0.331285 0.250139
-0.328307 0.250139
-0.283639 0.250139
-0.279172 0.250139
-0.276195 0.250139
-0.267261 0.250139
-0.264283 0.250139
-0.261305 0.250139
-0.258328 0.250139
-0.255350 0.250139
-0.252372 0.250139
-0.247905 0.250139
-0.244927 0.250139
-0.241949 0.250139
-0.161548 0.250139
-0.158570 0.250139
-0.155592 0.250139
-0.152614 0.250139
-0.146659 0.250139
-0.143681 0.250139
-0.088591 0.250139
0.005211 0.250139
0.009678 0.250139
0.075190 0.250139
0.124325 0.250139
0.179415 0.250139
0.182393 0.250139
0.185370 0.250139
0.188348 0.250139
0.191326 0.250139
0.219616 0.250139
0.222593 0.250139
0.225571 0.250139
0.252372 0.250139
0.255350 0.250139
0.258328 0.250139
0.261305 0.250139
0.264283 0.250139
0.267261 0.250139
0.270239 0.250139
0.273217 0.250139
0.305973 0.250139
0.313418 0.250139
0.334262 0.250139
0.337240 0.250139
-0.371485 0.248650
-0.365530 0.248650
-0.362552 0.248650
-0.359574 0.248650
-0.356596 0.248650
-0.353618 0.248650
-0.350641 0.248650
-0.347663 0.248650
-0.344685 0.248650
-0.341707 0.248650
-0.338729 0.248650
-0.335751 0.248650
-0.332774 0.248650
-0.329796 0.248650
-0.326818 0.248650
-0.323840 0.248650
-0.320862 0.248650
-0.282150 0.248650
-0.271728 0.248650
-0.268750 0.248650
-0.265772 0.248650
-0.262794 0.248650
-0.259816 0.248650
-0.256839 0.248650
-0.253861 0.248650
-0.247905 0.248650
-0.244927 0.248650
-0.241949 0.248650
-0.160059 0.248650
-0.157081 0.248650
-0.154103 0.248650
-0.151125 0.248650
-0.145170 0.248650
-0.090080 0.248650
-0.052857 0.248650
0.006700 0.248650
0.011167 0.248650
0.122836 0.248650
0.174948 0.248650
0.180904 0.248650
0.183882 0.248650
0.186859 0.248650
0.189837 0.248650
0.192815 0.248650
0.218127 0.248650
0.221105 0.248650
0.227060 0.248650
0.250883 0.248650
0.253861 0.248650
0.259816 0.248650
0.262794 0.248650
0.268750 0.248650
0.314907 0.248650
0.335751 0.248650
-0.372974 0.247161
-0.367019 0.247161
-0.364041 0.247161
-0.361063 0.247161
-0.358085 0.247161
-0.355107 0.247161
-0.352130 0.247161
-0.349152 0.247161
-0.346174 0.247161
-0.343196 0.247161
-0.340218 0.247161
-0.337240 0.247161
-0.334262 0.247161
-0.331285 0.247161
-0.328307 0.247161
-0.325329 0.247161
-0.322351 0.247161
-0.319373 0.247161
-0.282150 0.247161
-0.276195 0.247161
-0.273217 0.247161
-0.270239 0.247161
-0.267261 0.247161
-0.264283 0.247161
-0.261305 0.247161
-0.258328 0.247161
-0.255350 0.247161
-0.249394 0.247161
-0.246416 0.247161
-0.243438 0.247161
-0.233016 0.247161
-0.155592 0.247161
-0.152614 0.247161
-0.146659 0.247161
-0.143681 0.247161
-0.088591 0.247161
0.005211 0.247161
0.009678 0.247161
0.058812 0.247161
0.174948 0.247161
0.180904 0.247161
0.183882 0.247161
0.186859 0.247161
0.189837 0.247161
0.192815 0.247161
0.216638 0.247161
0.219616 0.247161
0.247905 0.247161
0.250883 0.247161
0.256839 0.247161
0.259816 0.247161
0.310440 0.247161
0.313418 0.247161
0.335751 0.247161
-0.374463 0.245672
-0.371485 0.245672
-0.365530 0.245672
-0.362552 0.245672
-0.359574 0.245672
-0.356596 0.245672
-0.353618 0.245672
-0.349152 0.245672
-0.346174 0.245672
-0.343196 0.245672
-0.340218 0.245672
-0.337240 0.245672
-0.334262 0.245672
-0.331285 0.245672
-0.328307 0.245672
-0.325329 0.245672
-0.322351 0.245672
-0.319373 0.245672
-0.316395 0.245672
-0.280661 0.245672
-0.274706 0.245672
-0.271728 0.245672
-0.268750 0.245672
-0.265772 0.245672
-0.262794 0.245672
-0.259816 0.245672
-0.256839 0.245672
-0.249394 0.245672
-0.246416 0.245672
-0.241949 0.245672
-0.155592 0.245672
-0.146659 0.245672
-0.143681 0.245672
-0.090080 0.245672
-0.052857 0.245672
0.006700 0.245672
0.011167 0.245672
0.124325 0.245672
0.174948 0.245672
0.179415 0.245672
0.182393 0.245672
0.185370 0.245672
0.189837 0.245672
0.192815 0.245672
0.215149 0.245672
0.218127 0.245672
0.246416 0.245672
0.250883 0.245672
0.253861 0.245672
0.334262 0.245672
0.337240 0.245672
-0.372974 0.244183
-0.368508 0.244183
-0.365530 0.244183
-0.362552 0.244183
-0.359574 0.244183
-0.356596 0.244183
-0.349152 0.244183
-0.329796 0.244183
-0.326818 0.244183
-0.323840 0.244183
-0.320862 0.244183
-0.316395 0.244183
-0.280661 0.244183
-0.274706 0.244183
-0.271728 0.244183
-0.268750 0.244183
-0.265772 0.244183
-0.262794 0.244183
-0.259816 0.244183
-0.256839 0.244183
-0.247905 0.244183
-0.243438 0.244183
-0.233016 0.244183
-0.148148 0.244183
-0.145170 0.244183
-0.142192 0.244183
-0.090080 0.244183
-0.052857 0.244183
0.006700 0.244183
0.011167 0.244183
0.173459 0.244183
0.179415 0.244183
0.182393 0.244183
0.185370 0.244183
0.189837 0.244183
0.192815 0.244183
0.213660 0.244183
0.216638 0.244183
0.250883 0.244183
0.301506 0.244183
0.304484 0.244183
0.332774 0.244183
0.335751 0.244183
-0.374463 0.242694
-0.368508 0.242694
-0.365530 0.242694
-0.362552 0.242694
-0.359574 0.242694
-0.323840 0.242694
-0.320862 0.242694
-0.316395 0.242694
-0.276195 0.242694
-0.273217 0.242694
-0.270239 0.242694
-0.267261 0.242694
-0.264283 0.242694
-0.261305 0.242694
-0.258328 0.242694
-0.247905 0.242694
-0.243438 0.242694
-0.240461 0.242694
-0.148148 0.242694
-0.145170 0.242694
-0.140703 0.242694
-0.088591 0.242694
0.005211 0.242694
0.009678 0.242694
0.063279 0.242694
0.173459 0.242694
0.180904 0.242694
0.183882 0.242694
0.186859 0.242694
0.189837 0.242694
0.192815 0.242694
0.212171 0.242694
0.215149 0.242694
0.295551 0.242694
0.298528 0.242694
0.332774 0.242694
0.335751 0.242694
-0.375952 0.241205
-0.372974 0.241205
-0.368508 0.241205
-0.365530 0.241205
-0.362552 0.241205
-0.320862 0.241205
-0.295551 0.241205
-0.276195 0.241205
-0.273217 0.241205
-0.270239 0.241205
-0.267261 0.241205
-0.264283 0.241205
-0.261305 0.241205
-0.249394 0.241205
-0.246416 0.241205
-0.233016 0.241205
-0.146659 0.241205
-0.143681 0.241205
-0.088591 0.241205
-0.052857 0.241205
0.006700 0.241205
0.061790 0.241205
0.124325 0.241205
0.179415 0.241205
0.182393 0.241205
0.185370 0.241205
0.188348 0.241205
0.191326 0.241205
0.194304 0.241205
0.212171 0.241205
0.222593 0.241205
0.238972 0.241205
0.291084 0.241205
0.332774 0.241205
0.335751 0.241205
-0.374463 0.239716
-0.369997 0.239716
-0.367019 0.239716
-0.364041 0.239716
-0.323840 0.239716
-0.297039 0.239716
-0.294062 0.239716
-0.276195 0.239716
-0.273217 0.239716
-0.270239 0.239716
-0.267261 0.239716
-0.264283 0.239716
-0.261305 0.239716
-0.249394 0.239716
-0.246416 0.239716
-0.241949 0.239716
-0.148148 0.239716
-0.145170 0.239716
-0.090080 0.239716
-0.054346 0.239716
0.005211 0.239716
0.011167 0.239716
0.171970 0.239716
0.180904 0.239716
0.183882 0.239716
0.186859 0.239716
0.189837 0.239716
0.192815 0.239716
0.209193 0.239716
0.212171 0.239716
0.222593 0.239716
0.286617 0.239716
0.331285 0.239716
0.334262 0.239716
-0.375952 0.238227
-0.372974 0.238227
-0.368508 0.238227
-0.365530 0.238227
-0.325329 0.238227
-0.302995 0.238227
-0.300017 0.238227
-0.297039 0.238227
-0.280661 0.238227
-0.274706 0.238227
-0.271728 0.238227
-0.268750 0.238227
-0.265772 0.238227
-0.262794 0.238227
-0.250883 0.238227
-0.247905 0.238227
-0.243438 0.238227
-0.233016 0.238227
-0.148148 0.238227
-0.145170 0.238227
-0.142192 0.238227
-0.088591 0.238227
-0.052857 0.238227
0.006700 0.238227
0.124325 0.238227
0.180904 0.238227
0.183882 0.238227
0.186859 0.238227
0.191326 0.238227
0.194304 0.238227
0.210682 0.238227
0.221105 0.238227
0.283639 0.238227
0.329796 0.238227
0.332774 0.238227
0.335751 0.238227
-0.374463 0.236738
-0.369997 0.236738
-0.367019 0.236738
-0.311929 0.236738
-0.304484 0.236738
-0.301506 0.236738
-0.285128 0.236738
-0.280661 0.236738
-0.274706 0.236738
-0.271728 0.236738
-0.268750 0.236738
-0.265772 0.236738
-0.262794 0.236738
-0.250883 0.236738
-0.247905 0.236738
-0.241949 0.236738
-0.182393 0.236738
-0.148148 0.236738
-0.145170 0.236738
-0.142192 0.236738
-0.090080 0.236738
-0.054346 0.236738
0.005211 0.236738
0.008189 0.236738
0.012656 0.236738
0.182393 0.236738
0.185370 0.236738
0.188348 0.236738
0.192815 0.236738
0.209193 0.236738
0.212171 0.236738
0.222593 0.236738
0.314907 0.236738
0.329796 0.236738
0.332774 0.236738
0.335751 0.236738
-0.374463 0.235249
-0.313418 0.235249
-0.307462 0.235249
-0.304484 0.235249
-0.298528 0.235249
-0.295551 0.235249
-0.292573 0.235249
-0.289595 0.235249
-0.285128 0.235249
-0.280661 0.235249
-0.276195 0.235249
-0.273217 0.235249
-0.270239 0.235249
-0.267261 0.235249
-0.264283 0.235249
-0.250883 0.235249
-0.247905 0.235249
-0.241949 0.235249
-0.182393 0.235249
-0.148148 0.235249
-0.145170 0.235249
-0.142192 0.235249
-0.090080 0.235249
-0.052857 0.235249
0.006700 0.235249
0.011167 0.235249
0.180904 0.235249
0.183882 0.235249
0.186859 0.235249
0.189837 0.235249
0.192815 0.235249
0.209193 0.235249
0.212171 0.235249
0.219616 0.235249
0.222593 0.235249
0.307462 0.235249
0.313418 0.235249
0.331285 0.235249
0.334262 0.235249
-0.374463 0.233760
-0.313418 0.233760
-0.308951 0.233760
-0.305973 0.233760
-0.302995 0.233760
-0.300017 0.233760
-0.297039 0.233760
-0.294062 0.233760
-0.286617 0.233760
-0.282150 0.233760
-0.277684 0.233760
-0.274706 0.233760
-0.271728 0.233760
-0.268750 0.233760
-0.265772 0.233760
-0.262794 0.233760
-0.249394 0.233760
-0.241949 0.233760
-0.183882 0.233760
-0.176437 0.233760
-0.146659 0.233760
-0.140703 0.233760
-0.054346 0.233760
0.005211 0.233760
0.008189 0.233760
0.012656 0.233760
0.182393 0.233760
0.185370 0.233760
0.188348 0.233760
0.191326 0.233760
0.194304 0.233760
0.207704 0.233760
0.210682 0.233760
0.213660 0.233760
0.218127 0.233760
0.221105 0.233760
0.227060 0.233760
0.304484 0.233760
0.307462 0.233760
0.329796 0.233760
0.332774 0.233760
-0.375952 0.232271
-0.372974 0.232271
-0.316395 0.232271
-0.313418 0.232271
-0.310440 0.232271
-0.307462 0.232271
-0.304484 0.232271
-0.301506 0.232271
-0.298528 0.232271
-0.295551 0.232271
-0.280661 0.232271
-0.277684 0.232271
-0.274706 0.232271
-0.271728 0.232271
-0.268750 0.232271
-0.265772 0.232271
-0.262794 0.232271
-0.249394 0.232271
-0.240461 0.232271
-0.177926 0.232271
-0.146659 0.232271
-0.090080 0.232271
0.005211 0.232271
0.008189 0.232271
0.012656 0.232271
0.182393 0.232271
0.185370 0.232271
0.188348 0.232271
0.191326 0.232271
0.194304 0.232271
0.207704 0.232271
0.210682 0.232271
0.213660 0.232271
0.218127 0.232271
0.221105 0.232271
0.234505 0.232271
0.241949 0.232271
0.262794 0.232271
0.304484 0.232271
0.308951 0.232271
0.331285 0.232271
0.334262 0.232271
-0.374463 0.230783
-0.322351 0.230783
-0.319373 0.230783
-0.314907 0.230783
-0.311929 0.230783
-0.308951 0.230783
-0.305973 0.230783
-0.302995 0.230783
-0.300017 0.230783
-0.280661 0.230783
-0.277684 0.230783
-0.274706 0.230783
-0.271728 0.230783
-0.268750 0.230783
-0.265772 0.230783
-0.262794 0.230783
-0.250883 0.230783
-0.247905 0.230783
-0.233016 0.230783
-0.146659 0.230783
-0.090080 0.230783
0.005211 0.230783
0.008189 0.230783
0.012656 0.230783
0.183882 0.230783
0.186859 0.230783
0.189837 0.230783
0.192815 0.230783
0.195793 0.230783
0.209193 0.230783
0.212171 0.230783
0.215149 0.230783
0.219616 0.230783
0.222593 0.230783
0.228549 0.230783
0.237483 0.230783
0.300017 0.230783
0.302995 0.230783
0.331285 0.230783
-0.375952 0.229294
-0.372974 0.229294
-0.323840 0.229294
-0.320862 0.229294
-0.317884 0.229294
-0.314907 0.229294
-0.311929 0.229294
-0.304484 0.229294
-0.282150 0.229294
-0.279172 0.229294
-0.276195 0.229294
-0.273217 0.229294
-0.270239 0.229294
-0.267261 0.229294
-0.264283 0.229294
-0.261305 0.229294
-0.249394 0.229294
-0.233016 0.229294
-0.146659 0.229294
-0.134747 0.229294
-0.054346 0.229294
0.006700 0.229294
0.011167 0.229294
0.171970 0.229294
0.182393 0.229294
0.185370 0.229294
0.188348 0.229294
0.191326 0.229294
0.194304 0.229294
0.207704 0.229294
0.210682 0.229294
0.213660 0.229294
0.216638 0.229294
0.219616 0.229294
0.222593 0.229294
0.227060 0.229294
0.235994 0.229294
0.246416 0.229294
0.300017 0.229294
0.326818 0.229294
0.331285 0.229294
-0.375952 0.227805
-0.372974 0.227805
-0.326818 0.227805
-0.323840 0.227805
-0.320862 0.227805
-0.317884 0.227805
-0.314907 0.227805
-0.285128 0.227805
-0.282150 0.227805
-0.279172 0.227805
-0.276195 0.227805
-0.273217 0.227805
-0.270239 0.227805
-0.267261 0.227805
-0.264283 0.227805
-0.261305 0.227805
-0.252372 0.227805
-0.249394 0.227805
-0.240461 0.227805
-0.148148 0.227805
-0.145170 0.227805
-0.054346 0.227805
0.006700 0.227805
0.011167 0.227805
0.180904 0.227805
0.183882 0.227805
0.186859 0.227805
0.189837 0.227805
0.192815 0.227805
0.195793 0.227805
0.207704 0.227805
0.210682 0.227805
0.213660 0.227805
0.216638 0.227805
0.219616 0.227805
0.222593 0.227805
0.230038 0.227805
0.241949 0.227805
0.247905 0.227805
0.298528 0.227805
0.326818 0.227805
0.331285 0.227805
-0.374463 0.226316
-0.371485 0.226316
-0.329796 0.226316
-0.326818 0.226316
-0.323840 0.226316
-0.320862 0.226316
-0.317884 0.226316
-0.286617 0.226316
-0.283639 0.226316
-0.280661 0.226316
-0.277684 0.226316
-0.274706 0.226316
-0.271728 0.226316
-0.268750 0.226316
-0.265772 0.226316
-0.262794 0.226316
-0.259816 0.226316
-0.250883 0.226316
-0.241949 0.226316
-0.233016 0.226316
-0.148148 0.226316
-0.145170 0.226316
-0.090080 0.226316
0.005211 0.226316
0.008189 0.226316
0.012656 0.226316
0.180904 0.226316
0.183882 0.226316
0.186859 0.226316
0.189837 0.226316
0.192815 0.226316
0.195793 0.226316
0.207704 0.226316
0.210682 0.226316
0.213660 0.226316
0.216638 0.226316
0.219616 0.226316
0.222593 0.226316
0.228549 0.226316
0.238972 0.226316
0.241949 0.226316
0.246416 0.226316
0.249394 0.226316
0.297039 0.226316
0.331285 0.226316
-0.374463 0.224827
-0.371485 0.224827
-0.331285 0.224827
-0.328307 0.224827
-0.325329 0.224827
-0.322351 0.224827
-0.289595 0.224827
-0.286617 0.224827
-0.282150 0.224827
-0.279172 0.224827
-0.276195 0.224827
-0.273217 0.224827
-0.270239 0.224827
-0.267261 0.224827
-0.264283 0.224827
-0.261305 0.224827
-0.258328 0.224827
-0.250883 0.224827
-0.241949 0.224827
-0.233016 0.224827
-0.185370 0.224827
-0.146659 0.224827
-0.090080 0.224827
0.005211 0.224827
0.008189 0.224827
0.180904 0.224827
0.183882 0.224827
0.186859 0.224827
0.189837 0.224827
0.192815 0.224827
0.195793 0.224827
0.207704 0.224827
0.210682 0.224827
0.213660 0.224827
0.216638 0.224827
0.219616 0.224827
0.222593 0.224827
0.227060 0.224827
0.233016 0.224827
0.238972 0.224827
0.247905 0.224827
0.294062 0.224827
0.325329 0.224827
0.329796 0.224827
-0.374463 0.223338
-0.371485 0.223338
-0.332774 0.223338
-0.329796 0.223338
-0.326818 0.223338
-0.292573 0.223338
-0.289595 0.223338
-0.286617 0.223338
-0.283639 0.223338
-0.280661 0.223338
-0.277684 0.223338
-0.274706 0.223338
-0.271728 0.223338
-0.268750 0.223338
-0.265772 0.223338
-0.262794 0.223338
-0.259816 0.223338
-0.252372 0.223338
-0.249394 0.223338
-0.233016 0.223338
-0.146659 0.223338
-0.091569 0.223338
-0.054346 0.223338
0.006700 0.223338
0.012656 0.223338
0.174948 0.223338
0.183882 0.223338
0.186859 0.223338
0.189837 0.223338
0.192815 0.223338
0.195793 0.223338
0.209193 0.223338
0.212171 0.223338
0.215149 0.223338
0.218127 0.223338
0.221105 0.223338
0.224082 0.223338
0.235994 0.223338
0.249394 0.223338
0.329796 0.223338
-0.374463 0.221849
-0.371485 0.221849
-0.335751 0.221849
-0.332774 0.221849
-0.329796 0.221849
-0.326818 0.221849
-0.292573 0.221849
-0.289595 0.221849
-0.285128 0.221849
-0.282150 0.221849
-0.279172 0.221849
-0.276195 0.221849
-0.273217 0.221849
-0.270239 0.221849
-0.267261 0.221849
-0.264283 0.221849
-0.261305 0.221849
-0.258328 0.221849
-0.250883 0.221849
-0.233016 0.221849
-0.148148 0.221849
-0.145170 0.221849
-0.090080 0.221849
0.005211 0.221849
0.008189 0.221849
0.058812 0.221849
0.183882 0.221849
0.186859 0.221849
0.189837 0.221849
0.192815 0.221849
0.195793 0.221849
0.198771 0.221849
0.210682 0.221849
0.213660 0.221849
0.216638 0.221849
0.219616 0.221849
0.222593 0.221849
0.249394 0.221849
0.328307 0.221849
0.331285 0.221849
-0.371485 0.220360
-0.337240 0.220360
-0.334262 0.220360
-0.331285 0.220360
-0.297039 0.220360
-0.294062 0.220360
-0.289595 0.220360
-0.286617 0.220360
-0.283639 0.220360
-0.280661 0.220360
-0.277684 0.220360
-0.274706 0.220360
-0.271728 0.220360
-0.268750 0.220360
-0.265772 0.220360
-0.262794 0.220360
-0.259816 0.220360
-0.253861 0.220360
-0.250883 0.220360
-0.233016 0.220360
-0.148148 0.220360
-0.145170 0.220360
-0.090080 0.220360
-0.052857 0.220360
0.006700 0.220360
0.012656 0.220360
0.183882 0.220360
0.186859 0.220360
0.189837 0.220360
0.192815 0.220360
0.195793 0.220360
0.198771 0.220360
0.210682 0.220360
0.213660 0.220360
0.216638 0.220360
0.219616 0.220360
0.253861 0.220360
0.329796 0.220360
-0.372974 0.218871
-0.369997 0.218871
-0.338729 0.218871
-0.335751 0.218871
-0.298528 0.218871
-0.295551 0.218871
-0.289595 0.218871
-0.286617 0.218871
-0.283639 0.218871
-0.280661 0.218871
-0.277684 0.218871
-0.274706 0.218871
-0.271728 0.218871
-0.268750 0.218871
-0.265772 0.218871
-0.262794 0.218871
-0.259816 0.218871
-0.256839 0.218871
-0.252372 0.218871
-0.233016 0.218871
-0.195793 0.218871
-0.148148 0.218871
-0.145170 0.218871
-0.091569 0.218871
-0.054346 0.218871
0.005211 0.218871
0.008189 0.218871
0.182393 0.218871
0.186859 0.218871
0.189837 0.218871
0.192815 0.218871
0.195793 0.218871
0.198771 0.218871
0.210682 0.218871
0.213660 0.218871
0.216638 0.218871
0.219616 0.218871
0.255350 0.218871
0.328307 0.218871
-0.372974 0.217382
-0.369997 0.217382
-0.338729 0.217382
-0.335751 0.217382
-0.300017 0.217382
-0.297039 0.217382
-0.291084 0.217382
-0.288106 0.217382
-0.285128 0.217382
-0.282150 0.217382
-0.279172 0.217382
-0.276195 0.217382
-0.273217 0.217382
-0.270239 0.217382
-0.267261 0.217382
-0.264283 0.217382
-0.261305 0.217382
-0.258328 0.217382
-0.253861 0.217382
-0.250883 0.217382
-0.197282 0.217382
-0.148148 0.217382
-0.145170 0.217382
-0.090080 0.217382
-0.052857 0.217382
0.006700 0.217382
0.012656 0.217382
0.182393 0.217382
0.186859 0.217382
0.189837 0.217382
0.192815 0.217382
0.195793 0.217382
0.198771 0.217382
0.210682 0.217382
0.213660 0.217382
0.216638 0.217382
0.219616 0.217382
0.326818 0.217382
0.329796 0.217382
-0.371485 0.215893
-0.368508 0.215893
-0.301506 0.215893
-0.298528 0.215893
-0.294062 0.215893
-0.291084 0.215893
-0.288106 0.215893
-0.285128 0.215893
-0.282150 0.215893
-0.279172 0.215893
-0.276195 0.215893
-0.273217 0.215893
-0.270239 0.215893
-0.267261 0.215893
-0.264283 0.215893
-0.261305 0.215893
-0.258328 0.215893
-0.253861 0.215893
-0.250883 0.215893
-0.198771 0.215893
-0.149636 0.215893
-0.146659 0.215893
-0.091569 0.215893
-0.054346 0.215893
0.006700 0.215893
0.012656 0.215893
0.183882 0.215893
0.188348 0.215893
0.191326 0.215893
0.194304 0.215893
0.197282 0.215893
0.210682 0.215893
0.213660 0.215893
0.216638 0.215893
0.219616 0.215893
0.326818 0.215893
0.329796 0.215893
-0.369997 0.214404
-0.304484 0.214404
-0.301506 0.214404
-0.298528 0.214404
-0.295551 0.214404
-0.292573 0.214404
-0.289595 0.214404
-0.285128 0.214404
-0.282150 0.214404
-0.279172 0.214404
-0.276195 0.214404
-0.273217 0.214404
-0.270239 0.214404
-0.267261 0.214404
-0.264283 0.214404
-0.261305 0.214404
-0.258328 0.214404
-0.255350 0.214404
-0.252372 0.214404
-0.233016 0.214404
-0.148148 0.214404
-0.145170 0.214404
-0.090080 0.214404
-0.052857 0.214404
0.008189 0.214404
0.183882 0.214404
0.188348 0.214404
0.191326 0.214404
0.194304 0.214404
0.197282 0.214404
0.200260 0.214404
0.212171 0.214404
0.215149 0.214404
0.218127 0.214404
0.221105 0.214404
0.325329 0.214404
0.328307 0.214404
-0.371485 0.212916
-0.368508 0.212916
-0.305973 0.212916
-0.302995 0.212916
-0.297039 0.212916
-0.288106 0.212916
-0.285128 0.212916
-0.282150 0.212916
-0.274706 0.212916
-0.271728 0.212916
-0.268750 0.212916
-0.265772 0.212916
-0.262794 0.212916
-0.259816 0.212916
-0.256839 0.212916
-0.253861 0.212916
-0.250883 0.212916
-0.149636 0.212916
-0.146659 0.212916
-0.090080 0.212916
-0.052857 0.212916
0.008189 0.212916
0.183882 0.212916
0.189837 0.212916
0.192815 0.212916
0.195793 0.212916
0.198771 0.212916
0.210682 0.212916
0.213660 0.212916
0.216638 0.212916
0.219616 0.212916
0.325329 0.212916
0.328307 0.212916
-0.369997 0.211427
-0.308951 0.211427
-0.305973 0.211427
-0.298528 0.211427
-0.289595 0.211427
-0.286617 0.211427
-0.283639 0.211427
-0.280661 0.211427
-0.276195 0.211427
-0.273217 0.211427
-0.270239 0.211427
-0.267261 0.211427
-0.264283 0.211427
-0.261305 0.211427
-0.258328 0.211427
-0.255350 0.211427
-0.252372 0.211427
-0.233016 0.211427
-0.179415 0.211427
-0.148148 0.211427
-0.091569 0.211427
-0.054346 0.211427
0.006700 0.211427
0.009678 0.211427
0.183882 0.211427
0.189837 0.211427
0.192815 0.211427
0.195793 0.211427
0.198771 0.211427
0.209193 0.211427
0.212171 0.211427
0.215149 0.211427
0.218127 0.211427
0.221105 0.211427
0.326818 0.211427
-0.371485 0.209938
-0.368508 0.209938
-0.310440 0.209938
-0.307462 0.209938
-0.300017 0.209938
-0.285128 0.209938
-0.282150 0.209938
-0.279172 0.209938
-0.276195 0.209938
-0.273217 0.209938
-0.270239 0.209938
-0.267261 0.209938
-0.264283 0.209938
-0.261305 0.209938
-0.258328 0.209938
-0.255350 0.209938
-0.252372 0.209938
-0.197282 0.209938
-0.179415 0.209938
-0.148148 0.209938
-0.090080 0.209938
-0.052857 0.209938
0.008189 0.209938
0.040945 0.209938
0.183882 0.209938
0.189837 0.209938
0.192815 0.209938
0.195793 0.209938
0.198771 0.209938
0.201749 0.209938
0.210682 0.209938
0.213660 0.209938
0.216638 0.209938
0.221105 0.209938
0.325329 0.209938
0.328307 0.209938
-0.369997 0.208449
-0.337240 0.208449
-0.313418 0.208449
-0.308951 0.208449
-0.302995 0.208449
-0.294062 0.208449
-0.283639 0.208449
-0.279172 0.208449
-0.274706 0.208449
-0.271728 0.208449
-0.268750 0.208449
-0.264283 0.208449
-0.261305 0.208449
-0.258328 0.208449
-0.255350 0.208449
-0.252372 0.208449
-0.198771 0.208449
-0.180904 0.208449
-0.148148 0.208449
-0.090080 0.208449
-0.052857 0.208449
0.008189 0.208449
0.182393 0.208449
0.185370 0.208449
0.188348 0.208449
0.191326 0.208449
0.194304 0.208449
0.197282 0.208449
0.200260 0.208449
0.207704 0.208449
0.210682 0.208449
0.213660 0.208449
0.323840 0.208449
0.326818 0.208449
-0.371485 0.206960
-0.368508 0.206960
-0.334262 0.206960
-0.314907 0.206960
-0.308951 0.206960
-0.305973 0.206960
-0.283639 0.206960
-0.279172 0.206960
-0.273217 0.206960
-0.270239 0.206960
-0.267261 0.206960
-0.264283 0.206960
-0.261305 0.206960
-0.258328 0.206960
-0.255350 0.206960
-0.252372 0.206960
-0.200260 0.206960
-0.182393 0.206960
-0.148148 0.206960
-0.090080 0.206960
-0.052857 0.206960
0.008189 0.206960
0.182393 0.206960
0.185370 0.206960
0.188348 0.206960
0.191326 0.206960
0.194304 0.206960
0.197282 0.206960
0.200260 0.206960
0.207704 0.206960
0.210682 0.206960
0.213660 0.206960
0.218127 0.206960
0.323840 0.206960
0.326818 0.206960
-0.369997 0.205471
-0.367019 0.205471
-0.301506 0.205471
-0.289595 0.205471
-0.285128 0.205471
-0.279172 0.205471
-0.274706 0.205471
-0.267261 0.205471
-0.264283 0.205471
-0.261305 0.205471
-0.258328 0.205471
-0.253861 0.205471
-0.201749 0.205471
-0.198771 0.205471
-0.149636 0.205471
-0.146659 0.205471
-0.054346 0.205471
0.006700 0.205471
0.009678 0.205471
0.183882 0.205471
0.186859 0.205471
0.189837 0.205471
0.192815 0.205471
0.195793 0.205471
0.198771 0.205471
0.201749 0.205471
0.207704 0.205471
0.210682 0.205471
0.224082 0.205471
0.323840 0.205471
0.326818 0.205471
-0.369997 0.203982
-0.322351 0.203982
-0.279172 0.203982
-0.276195 0.203982
-0.268750 0.203982
-0.265772 0.203982
-0.262794 0.203982
-0.259816 0.203982
-0.255350 0.203982
-0.233016 0.203982
-0.148148 0.203982
-0.090080 0.203982
0.008189 0.203982
0.018611 0.203982
0.182393 0.203982
0.185370 0.203982
0.188348 0.203982
0.191326 0.203982
0.194304 0.203982
0.197282 0.203982
0.200260 0.203982
0.203238 0.203982
0.207704 0.203982
0.210682 0.203982
0.225571 0.203982
0.323840 0.203982
0.326818 0.203982
-0.369997 0.202493
-0.283639 0.202493
-0.270239 0.202493
-0.267261 0.202493
-0.264283 0.202493
-0.261305 0.202493
-0.255350 0.202493
-0.233016 0.202493
-0.148148 0.202493
-0.090080 0.202493
0.008189 0.202493
0.018611 0.202493
0.182393 0.202493
0.185370 0.202493
0.188348 0.202493
0.191326 0.202493
0.194304 0.202493
0.197282 0.202493
0.200260 0.202493
0.203238 0.202493
0.206215 0.202493
0.209193 0.202493
0.212171 0.202493
0.225571 0.202493
0.322351 0.202493
0.325329 0.202493
-0.371485 0.201004
-0.368508 0.201004
-0.282150 0.201004
-0.271728 0.201004
-0.268750 0.201004
-0.265772 0.201004
-0.262794 0.201004
-0.259816 0.201004
-0.255350 0.201004
-0.233016 0.201004
-0.148148 0.201004
-0.090080 0.201004
0.006700 0.201004
0.009678 0.201004
0.182393 0.201004
0.185370 0.201004
0.188348 0.201004
0.191326 0.201004
0.194304 0.201004
0.197282 0.201004
0.200260 0.201004
0.203238 0.201004
0.206215 0.201004
0.209193 0.201004
0.227060 0.201004
0.322351 0.201004
0.325329 0.201004
-0.369997 0.199515
-0.313418 0.199515
-0.286617 0.199515
-0.277684 0.199515
-0.274706 0.199515
-0.270239 0.199515
-0.267261 0.199515
-0.264283 0.199515
-0.261305 0.199515
-0.256839 0.199515
-0.253861 0.199515
-0.198771 0.199515
-0.148148 0.199515
-0.090080 0.199515
-0.054346 0.199515
0.006700 0.199515
0.009678 0.199515
0.182393 0.199515
0.185370 0.199515
0.188348 0.199515
0.191326 0.199515
0.194304 0.199515
0.197282 0.199515
0.200260 0.199515
0.203238 0.199515
0.206215 0.199515
0.209193 0.199515
0.215149 0.199515
0.322351 0.199515
0.325329 0.199515
-0.369997 0.198026
-0.289595 0.198026
-0.286617 0.198026
-0.280661 0.198026
-0.276195 0.198026
-0.268750 0.198026
-0.265772 0.198026
-0.262794 0.198026
-0.256839 0.198026
-0.253861 0.198026
-0.149636 0.198026
-0.146659 0.198026
-0.088591 0.198026
-0.052857 0.198026
0.008189 0.198026
0.179415 0.198026
0.182393 0.198026
0.185370 0.198026
0.188348 0.198026
0.191326 0.198026
0.194304 0.198026
0.197282 0.198026
0.200260 0.198026
0.203238 0.198026
0.206215 0.198026
0.209193 0.198026
0.230038 0.198026
0.323840 0.198026
-0.371485 0.196537
-0.368508 0.196537
-0.307462 0.196537
-0.297039 0.196537
-0.291084 0.196537
-0.286617 0.196537
-0.280661 0.196537
-0.271728 0.196537
-0.268750 0.196537
-0.265772 0.196537
-0.262794 0.196537
-0.256839 0.196537
-0.253861 0.196537
-0.233016 0.196537
-0.148148 0.196537
-0.088591 0.196537
-0.052857 0.196537
0.008189 0.196537
0.177926 0.196537
0.180904 0.196537
0.183882 0.196537
0.186859 0.196537
0.189837 0.196537
0.192815 0.196537
0.195793 0.196537
0.198771 0.196537
0.201749 0.196537
0.204726 0.196537
0.207704 0.196537
0.213660 0.196537
0.320862 0.196537
0.323840 0.196537
-0.369997 0.195048
-0.311929 0.195048
-0.308951 0.195048
-0.302995 0.195048
-0.292573 0.195048
-0.289595 0.195048
-0.286617 0.195048
-0.282150 0.195048
-0.273217 0.195048
-0.270239 0.195048
-0.267261 0.195048
-0.264283 0.195048
-0.261305 0.195048
-0.258328 0.195048
-0.255350 0.195048
-0.252372 0.195048
-0.148148 0.195048
-0.088591 0.195048
0.008189 0.195048
0.174948 0.195048
0.179415 0.195048
0.182393 0.195048
0.185370 0.195048
0.188348 0.195048
0.191326 0.195048
0.194304 0.195048
0.197282 0.195048
0.200260 0.195048
0.203238 0.195048
0.206215 0.195048
0.209193 0.195048
0.233016 0.195048
0.322351 0.195048
-0.371485 0.193560
-0.368508 0.193560
-0.314907 0.193560
-0.311929 0.193560
-0.304484 0.193560
-0.298528 0.193560
-0.292573 0.193560
-0.289595 0.193560
-0.285128 0.193560
-0.282150 0.193560
-0.276195 0.193560
-0.273217 0.193560
-0.270239 0.193560
-0.267261 0.193560
-0.264283 0.193560
-0.261305 0.193560
-0.258328 0.193560
-0.255350 0.193560
-0.252372 0.193560
-0.249394 0.193560
-0.151125 0.193560
-0.148148 0.193560
-0.088591 0.193560
-0.052857 0.193560
0.009678 0.193560
0.177926 0.193560
0.180904 0.193560
0.183882 0.193560
0.186859 0.193560
0.189837 0.193560
0.192815 0.193560
0.195793 0.193560
0.198771 0.193560
0.201749 0.193560
0.204726 0.193560
0.207704 0.193560
0.215149 0.193560
0.279172 0.193560
0.322351 0.193560
-0.371485 0.192071
-0.368508 0.192071
-0.319373 0.192071
-0.316395 0.192071
-0.308951 0.192071
-0.305973 0.192071
-0.302995 0.192071
-0.300017 0.192071
-0.297039 0.192071
-0.294062 0.192071
-0.291084 0.192071
-0.285128 0.192071
-0.279172 0.192071
-0.274706 0.192071
-0.271728 0.192071
-0.268750 0.192071
-0.265772 0.192071
-0.262794 0.192071
-0.259816 0.192071
-0.256839 0.192071
-0.252372 0.192071
-0.249394 0.192071
-0.233016 0.192071
-0.149636 0.192071
-0.090080 0.192071
-0.064768 0.192071
0.008189 0.192071
0.011167 0.192071
0.173459 0.192071
0.176437 0.192071
0.179415 0.192071
0.182393 0.192071
0.188348 0.192071
0.191326 0.192071
0.194304 0.192071
0.197282 0.192071
0.200260 0.192071
0.203238 0.192071
0.206215 0.192071
0.209193 0.192071
0.218127 0.192071
0.235994 0.192071
0.273217 0.192071
0.319373 0.192071
0.322351 0.192071
-0.371485 0.190582
-0.368508 0.190582
-0.320862 0.190582
-0.314907 0.190582
-0.311929 0.190582
-0.308951 0.190582
-0.305973 0.190582
-0.302995 0.190582
-0.300017 0.190582
-0.297039 0.190582
-0.294062 0.190582
-0.291084 0.190582
-0.288106 0.190582
-0.279172 0.190582
-0.274706 0.190582
-0.271728 0.190582
-0.268750 0.190582
-0.265772 0.190582
-0.262794 0.190582
-0.259816 0.190582
-0.256839 0.190582
-0.249394 0.190582
-0.246416 0.190582
-0.151125 0.190582
-0.148148 0.190582
-0.130280 0.190582
-0.088591 0.190582
-0.064768 0.190582
0.008189 0.190582
0.011167 0.190582
0.170481 0.190582
0.173459 0.190582
0.176437 0.190582
0.179415 0.190582
0.186859 0.190582
0.189837 0.190582
0.192815 0.190582
0.195793 0.190582
0.198771 0.190582
0.201749 0.190582
0.204726 0.190582
0.207704 0.190582
0.213660 0.190582
0.235994 0.190582
0.241949 0.190582
0.271728 0.190582
0.320862 0.190582
-0.369997 0.189093
-0.323840 0.189093
-0.316395 0.189093
-0.313418 0.189093
-0.310440 0.189093
-0.307462 0.189093
-0.304484 0.189093
-0.297039 0.189093
-0.294062 0.189093
-0.291084 0.189093
-0.279172 0.189093
-0.274706 0.189093
-0.271728 0.189093
-0.268750 0.189093
-0.265772 0.189093
-0.262794 0.189093
-0.259816 0.189093
-0.255350 0.189093
-0.247905 0.189093
-0.244927 0.189093
-0.151125 0.189093
-0.148148 0.189093
-0.131769 0.189093
-0.088591 0.189093
-0.066257 0.189093
-0.052857 0.189093
0.009678 0.189093
0.125814 0.189093
0.167503 0.189093
0.170481 0.189093
0.173459 0.189093
0.182393 0.189093
0.185370 0.189093
0.188348 0.189093
0.191326 0.189093
0.194304 0.189093
0.197282 0.189093
0.200260 0.189093
0.203238 0.189093
0.206215 0.189093
0.209193 0.189093
0.215149 0.189093
0.234505 0.189093
0.237483 0.189093
0.268750 0.189093
0.320862 0.189093
-0.369997 0.187604
-0.325329 0.187604
-0.320862 0.187604
-0.317884 0.187604
-0.314907 0.187604
-0.311929 0.187604
-0.308951 0.187604
-0.305973 0.187604
-0.297039 0.187604
-0.294062 0.187604
-0.279172 0.187604
-0.274706 0.187604
-0.271728 0.187604
-0.268750 0.187604
-0.265772 0.187604
-0.262794 0.187604
-0.259816 0.187604
-0.253861 0.187604
-0.246416 0.187604
-0.243438 0.187604
-0.151125 0.187604
-0.148148 0.187604
-0.137725 0.187604
-0.088591 0.187604
-0.073702 0.187604
-0.066257 0.187604
0.008189 0.187604
0.011167 0.187604
0.163037 0.187604
0.166015 0.187604
0.168992 0.187604
0.171970 0.187604
0.180904 0.187604
0.183882 0.187604
0.186859 0.187604
0.189837 0.187604
0.192815 0.187604
0.195793 0.187604
0.198771 0.187604
0.201749 0.187604
0.204726 0.187604
0.207704 0.187604
0.210682 0.187604
0.213660 0.187604
0.233016 0.187604
0.235994 0.187604
0.265772 0.187604
0.320862 0.187604
-0.369997 0.186115
-0.367019 0.186115
-0.323840 0.186115
-0.320862 0.186115
-0.317884 0.186115
-0.314907 0.186115
-0.311929 0.186115
-0.301506 0.186115
-0.298528 0.186115
-0.280661 0.186115
-0.276195 0.186115
-0.273217 0.186115
-0.270239 0.186115
-0.267261 0.186115
-0.264283 0.186115
-0.261305 0.186115
-0.252372 0.186115
-0.249394 0.186115
-0.243438 0.186115
-0.233016 0.186115
-0.149636 0.186115
-0.140703 0.186115
-0.088591 0.186115
-0.069235 0.186115
-0.052857 0.186115
0.009678 0.186115
0.125814 0.186115
0.160059 0.186115
0.163037 0.186115
0.166015 0.186115
0.174948 0.186115
0.177926 0.186115
0.180904 0.186115
0.188348 0.186115
0.191326 0.186115
0.194304 0.186115
0.197282 0.186115
0.200260 0.186115
0.203238 0.186115
0.206215 0.186115
0.209193 0.186115
0.213660 0.186115
0.228549 0.186115
0.231527 0.186115
0.234505 0.186115
0.262794 0.186115
0.317884 0.186115
0.320862 0.186115
-0.368508 0.184626
-0.328307 0.184626
-0.325329 0.184626
-0.322351 0.184626
-0.319373 0.184626
-0.316395 0.184626
-0.313418 0.184626
-0.301506 0.184626
-0.279172 0.184626
-0.276195 0.184626
-0.273217 0.184626
-0.270239 0.184626
-0.267261 0.184626
-0.264283 0.184626
-0.261305 0.184626
-0.249394 0.184626
-0.243438 0.184626
-0.240461 0.184626
-0.203238 0.184626
-0.149636 0.184626
-0.142192 0.184626
-0.088591 0.184626
-0.052857 0.184626
0.009678 0.184626
0.125814 0.184626
0.157081 0.184626
0.160059 0.184626
0.163037 0.184626
0.173459 0.184626
0.176437 0.184626
0.179415 0.184626
0.188348 0.184626
0.191326 0.184626
0.194304 0.184626
0.197282 0.184626
0.200260 0.184626
0.203238 0.184626
0.206215 0.184626
0.209193 0.184626
0.215149 0.184626
0.218127 0.184626
0.227060 0.184626
0.230038 0.184626
0.233016 0.184626
0.262794 0.184626
0.319373 0.184626
-0.369997 0.183137
-0.367019 0.183137
-0.326818 0.183137
-0.323840 0.183137
-0.320862 0.183137
-0.317884 0.183137
-0.280661 0.183137
-0.277684 0.183137
-0.274706 0.183137
-0.271728 0.183137
-0.268750 0.183137
-0.265772 0.183137
-0.262794 0.183137
-0.247905 0.183137
-0.240461 0.183137
-0.237483 0.183137
-0.203238 0.183137
-0.149636 0.183137
-0.143681 0.183137
-0.140703 0.183137
-0.137725 0.183137
-0.087102 0.183137
0.008189 0.183137
0.011167 0.183137
0.151125 0.183137
0.154103 0.183137
0.157081 0.183137
0.168992 0.183137
0.171970 0.183137
0.174948 0.183137
0.186859 0.183137
0.189837 0.183137
0.192815 0.183137
0.195793 0.183137
0.198771 0.183137
0.201749 0.183137
0.204726 0.183137
0.207704 0.183137
0.213660 0.183137
0.216638 0.183137
0.224082 0.183137
0.227060 0.183137
0.259816 0.183137
0.317884 0.183137
0.320862 0.183137
-0.368508 0.181648
-0.331285 0.181648
-0.328307 0.181648
-0.325329 0.181648
-0.322351 0.181648
-0.279172 0.181648
-0.276195 0.181648
-0.273217 0.181648
-0.270239 0.181648
-0.267261 0.181648
-0.264283 0.181648
-0.246416 0.181648
-0.238972 0.181648
-0.235994 0.181648
-0.149636 0.181648
-0.145170 0.181648
-0.142192 0.181648
-0.139214 0.181648
0.009678 0.181648
0.125814 0.181648
0.146659 0.181648
0.149636 0.181648
0.152614 0.181648
0.164526 0.181648
0.167503 0.181648
0.170481 0.181648
0.173459 0.181648
0.186859 0.181648
0.189837 0.181648
0.192815 0.181648
0.195793 0.181648
0.198771 0.181648
0.201749 0.181648
0.204726 0.181648
0.212171 0.181648
0.215149 0.181648
0.222593 0.181648
0.307462 0.181648
0.317884 0.181648
-0.368508 0.180159
-0.331285 0.180159
-0.328307 0.180159
-0.325329 0.180159
-0.316395 0.180159
-0.277684 0.180159
-0.274706 0.180159
-0.271728 0.180159
-0.268750 0.180159
-0.265772 0.180159
-0.246416 0.180159
-0.243438 0.180159
-0.235994 0.180159
-0.233016 0.180159
-0.151125 0.180159
-0.148148 0.180159
-0.143681 0.180159
-0.087102 0.180159
0.011167 0.180159
0.127303 0.180159
0.143681 0.180159
0.146659 0.180159
0.149636 0.180159
0.161548 0.180159
0.164526 0.180159
0.167503 0.180159
0.185370 0.180159
0.188348 0.180159
0.191326 0.180159
0.194304 0.180159
0.197282 0.180159
0.200260 0.180159
0.203238 0.180159
0.249394 0.180159
0.316395 0.180159
0.319373 0.180159
-0.367019 0.178670
-0.343196 0.178670
-0.331285 0.178670
-0.328307 0.178670
-0.286617 0.178670
-0.277684 0.178670
-0.274706 0.178670
-0.271728 0.178670
-0.268750 0.178670
-0.265772 0.178670
-0.243438 0.178670
-0.234505 0.178670
-0.231527 0.178670
-0.152614 0.178670
-0.149636 0.178670
-0.146659 0.178670
-0.143681 0.178670
-0.085613 0.178670
0.011167 0.178670
0.127303 0.178670
0.140703 0.178670
0.143681 0.178670
0.146659 0.178670
0.158570 0.178670
0.161548 0.178670
0.164526 0.178670
0.185370 0.178670
0.188348 0.178670
0.191326 0.178670
0.194304 0.178670
0.197282 0.178670
0.200260 0.178670
0.206215 0.178670
0.241949 0.178670
0.316395 0.178670
0.319373 0.178670
-0.367019 0.177181
-0.341707 0.177181
-0.279172 0.177181
-0.276195 0.177181
-0.273217 0.177181
-0.270239 0.177181
-0.267261 0.177181
-0.241949 0.177181
-0.238972 0.177181
-0.231527 0.177181
-0.185370 0.177181
-0.151125 0.177181
-0.148148 0.177181
-0.145170 0.177181
-0.085613 0.177181
0.011167 0.177181
0.125814 0.177181
0.134747 0.177181
0.137725 0.177181
0.140703 0.177181
0.151125 0.177181
0.154103 0.177181
0.157081 0.177181
0.160059 0.177181
0.185370 0.177181
0.188348 0.177181
0.191326 0.177181
0.194304 0.177181
0.197282 0.177181
0.200260 0.177181
0.204726 0.177181
0.241949 0.177181
0.316395 0.177181
-0.368508 0.175693
-0.365530 0.175693
-0.292573 0.175693
-0.289595 0.175693
-0.279172 0.175693
-0.276195 0.175693
-0.273217 0.175693
-0.270239 0.175693
-0.267261 0.175693
-0.240461 0.175693
-0.237483 0.175693
-0.230038 0.175693
-0.185370 0.175693
-0.151125 0.175693
-0.148148 0.175693
-0.145170 0.175693
0.009678 0.175693
0.012656 0.175693
0.127303 0.175693
0.131769 0.175693
0.134747 0.175693
0.137725 0.175693
0.149636 0.175693
0.152614 0.175693
0.155592 0.175693
0.188348 0.175693
0.191326 0.175693
0.194304 0.175693
0.197282 0.175693
0.200260 0.175693
0.203238 0.175693
0.233016 0.175693
0.238972 0.175693
0.314907 0.175693
0.317884 0.175693
-0.365530 0.174204
-0.295551 0.174204
-0.292573 0.174204
-0.289595 0.174204
-0.277684 0.174204
-0.274706 0.174204
-0.271728 0.174204
-0.268750 0.174204
-0.265772 0.174204
-0.237483 0.174204
-0.228549 0.174204
-0.186859 0.174204
-0.151125 0.174204
-0.148148 0.174204
-0.085613 0.174204
0.009678 0.174204
0.012656 0.174204
0.127303 0.174204
0.130280 0.174204
0.133258 0.174204
0.145170 0.174204
0.148148 0.174204
0.151125 0.174204
0.186859 0.174204
0.189837 0.174204
0.192815 0.174204
0.195793 0.174204
0.198771 0.174204
0.209193 0.174204
0.228549 0.174204
0.231527 0.174204
0.234505 0.174204
0.237483 0.174204
0.240461 0.174204
0.314907 0.174204
0.317884 0.174204
-0.365530 0.172715
-0.328307 0.172715
-0.295551 0.172715
-0.292573 0.172715
-0.279172 0.172715
-0.276195 0.172715
-0.273217 0.172715
-0.270239 0.172715
-0.267261 0.172715
-0.234505 0.172715
-0.228549 0.172715
-0.151125 0.172715
-0.085613 0.172715
0.009678 0.172715
0.012656 0.172715
0.124325 0.172715
0.127303 0.172715
0.140703 0.172715
0.143681 0.172715
0.146659 0.172715
0.186859 0.172715
0.189837 0.172715
0.192815 0.172715
0.195793 0.172715
0.198771 0.172715
0.222593 0.172715
0.225571 0.172715
0.228549 0.172715
0.241949 0.172715
0.314907 0.172715
-0.367019 0.171226
-0.364041 0.171226
-0.298528 0.171226
-0.295551 0.171226
-0.292573 0.171226
-0.279172 0.171226
-0.276195 0.171226
-0.273217 0.171226
-0.270239 0.171226
-0.267261 0.171226
-0.233016 0.171226
-0.151125 0.171226
-0.084124 0.171226
0.011167 0.171226
0.119858 0.171226
0.122836 0.171226
0.125814 0.171226
0.137725 0.171226
0.140703 0.171226
0.143681 0.171226
0.186859 0.171226
0.189837 0.171226
0.192815 0.171226
0.195793 0.171226
0.206215 0.171226
0.241949 0.171226
0.300017 0.171226
0.313418 0.171226
0.316395 0.171226
-0.364041 0.169737
-0.346174 0.169737
-0.341707 0.169737
-0.322351 0.169737
-0.301506 0.169737
-0.295551 0.169737
-0.280661 0.169737
-0.277684 0.169737
-0.274706 0.169737
-0.271728 0.169737
-0.268750 0.169737
-0.230038 0.169737
-0.152614 0.169737
-0.149636 0.169737
-0.082635 0.169737
0.011167 0.169737
0.115391 0.169737
0.118369 0.169737
0.133258 0.169737
0.136236 0.169737
0.139214 0.169737
0.186859 0.169737
0.189837 0.169737
0.192815 0.169737
0.195793 0.169737
0.210682 0.169737
0.244927 0.169737
0.298528 0.169737
0.311929 0.169737
0.314907 0.169737
-0.364041 0.168248
-0.347663 0.168248
-0.298528 0.168248
-0.295551 0.168248
-0.280661 0.168248
-0.277684 0.168248
-0.274706 0.168248
-0.271728 0.168248
-0.268750 0.168248
-0.228549 0.168248
-0.151125 0.168248
-0.082635 0.168248
0.012656 0.168248
0.115391 0.168248
0.128792 0.168248
0.131769 0.168248
0.134747 0.168248
0.186859 0.168248
0.189837 0.168248
0.192815 0.168248
0.195793 0.168248
0.212171 0.168248
0.291084 0.168248
0.298528 0.168248
0.313418 0.168248
-0.365530 0.166759
-0.362552 0.166759
-0.326818 0.166759
-0.298528 0.166759
-0.283639 0.166759
-0.280661 0.166759
-0.277684 0.166759
-0.274706 0.166759
-0.271728 0.166759
-0.268750 0.166759
-0.152614 0.166759
-0.084124 0.166759
0.011167 0.166759
0.014145 0.166759
0.115391 0.166759
0.125814 0.166759
0.128792 0.166759
0.131769 0.166759
0.186859 0.166759
0.189837 0.166759
0.192815 0.166759
0.195793 0.166759
0.213660 0.166759
0.289595 0.166759
0.310440 0.166759
0.313418 0.166759
-0.365530 0.165270
-0.362552 0.165270
-0.328307 0.165270
-0.304484 0.165270
-0.300017 0.165270
-0.283639 0.165270
-0.280661 0.165270
-0.277684 0.165270
-0.274706 0.165270
-0.271728 0.165270
-0.230038 0.165270
-0.154103 0.165270
-0.151125 0.165270
0.011167 0.165270
0.014145 0.165270
0.119858 0.165270
0.122836 0.165270
0.125814 0.165270
0.185370 0.165270
0.188348 0.165270
0.191326 0.165270
0.194304 0.165270
0.197282 0.165270
0.215149 0.165270
0.288106 0.165270
0.294062 0.165270
0.311929 0.165270
-0.365530 0.163781
-0.362552 0.163781
-0.323840 0.163781
-0.301506 0.163781
-0.297039 0.163781
-0.283639 0.163781
-0.280661 0.163781
-0.277684 0.163781
-0.274706 0.163781
-0.271728 0.163781
-0.230038 0.163781
-0.154103 0.163781
-0.151125 0.163781
0.011167 0.163781
0.014145 0.163781
0.115391 0.163781
0.118369 0.163781
0.121347 0.163781
0.124325 0.163781
0.185370 0.163781
0.188348 0.163781
0.191326 0.163781
0.194304 0.163781
0.197282 0.163781
0.215149 0.163781
0.218127 0.163781
0.285128 0.163781
0.292573 0.163781
0.311929 0.163781
-0.364041 0.162292
-0.361063 0.162292
-0.326818 0.162292
-0.302995 0.162292
-0.298528 0.162292
-0.286617 0.162292
-0.283639 0.162292
-0.280661 0.162292
-0.277684 0.162292
-0.274706 0.162292
-0.271728 0.162292
-0.231527 0.162292
-0.228549 0.162292
-0.152614 0.162292
-0.082635 0.162292
0.011167 0.162292
0.014145 0.162292
0.116880 0.162292
0.119858 0.162292
0.185370 0.162292
0.188348 0.162292
0.191326 0.162292
0.194304 0.162292
0.197282 0.162292
0.200260 0.162292
0.218127 0.162292
0.221105 0.162292
0.285128 0.162292
0.310440 0.162292
-0.364041 0.160803
-0.361063 0.160803
-0.328307 0.160803
-0.302995 0.160803
-0.300017 0.160803
-0.286617 0.160803
-0.283639 0.160803
-0.280661 0.160803
-0.277684 0.160803
-0.274706 0.160803
-0.271728 0.160803
-0.230038 0.160803
-0.198771 0.160803
-0.152614 0.160803
-0.082635 0.160803
0.011167 0.160803
0.014145 0.160803
0.116880 0.160803
0.183882 0.160803
0.186859 0.160803
0.189837 0.160803
0.192815 0.160803
0.195793 0.160803
0.198771 0.160803
0.201749 0.160803
0.221105 0.160803
0.288106 0.160803
0.310440 0.160803
-0.364041 0.159314
-0.361063 0.159314
-0.347663 0.159314
-0.331285 0.159314
-0.325329 0.159314
-0.304484 0.159314
-0.300017 0.159314
-0.288106 0.159314
-0.285128 0.159314
-0.282150 0.159314
-0.279172 0.159314
-0.274706 0.159314
-0.271728 0.159314
-0.231527 0.159314
-0.228549 0.159314
-0.173459 0.159314
-0.170481 0.159314
-0.167503 0.159314
-0.152614 0.159314
-0.081146 0.159314
0.012656 0.159314
0.115391 0.159314
0.183882 0.159314
0.186859 0.159314
0.189837 0.159314
0.192815 0.159314
0.195793 0.159314
0.198771 0.159314
0.201749 0.159314
0.204726 0.159314
0.224082 0.159314
0.227060 0.159314
0.285128 0.159314
0.308951 0.159314
0.311929 0.159314
-0.361063 0.157825
-0.349152 0.157825
-0.307462 0.157825
-0.302995 0.157825
-0.300017 0.157825
-0.286617 0.157825
-0.283639 0.157825
-0.280661 0.157825
-0.277684 0.157825
-0.274706 0.157825
-0.271728 0.157825
-0.233016 0.157825
-0.230038 0.157825
-0.174948 0.157825
-0.171970 0.157825
-0.168992 0.157825
-0.166015 0.157825
-0.152614 0.157825
-0.094546 0.157825
-0.091569 0.157825
-0.081146 0.157825
0.014145 0.157825
0.115391 0.157825
0.118369 0.157825
0.183882 0.157825
0.186859 0.157825
0.189837 0.157825
0.192815 0.157825
0.195793 0.157825
0.198771 0.157825
0.201749 0.157825
0.204726 0.157825
0.225571 0.157825
0.228549 0.157825
0.276195 0.157825
0.283639 0.157825
0.308951 0.157825
0.311929 0.157825
-0.361063 0.156337
-0.349152 0.156337
-0.307462 0.156337
-0.304484 0.156337
-0.301506 0.156337
-0.288106 0.156337
-0.285128 0.156337
-0.282150 0.156337
-0.279172 0.156337
-0.276195 0.156337
-0.273217 0.156337
-0.233016 0.156337
-0.230038 0.156337
-0.176437 0.156337
-0.173459 0.156337
-0.170481 0.156337
-0.166015 0.156337
-0.155592 0.156337
-0.152614 0.156337
-0.082635 0.156337
-0.079657 0.156337
0.014145 0.156337
0.115391 0.156337
0.118369 0.156337
0.182393 0.156337
0.185370 0.156337
0.188348 0.156337
0.191326 0.156337
0.194304 0.156337
0.197282 0.156337
0.200260 0.156337
0.203238 0.156337
0.206215 0.156337
0.209193 0.156337
0.213660 0.156337
0.231527 0.156337
0.234505 0.156337
0.282150 0.156337
0.308951 0.156337
-0.362552 0.154848
-0.359574 0.154848
-0.349152 0.154848
-0.307462 0.154848
-0.304484 0.154848
-0.289595 0.154848
-0.286617 0.154848
-0.283639 0.154848
-0.280661 0.154848
-0.277684 0.154848
-0.274706 0.154848
-0.235994 0.154848
-0.233016 0.154848
-0.230038 0.154848
-0.177926 0.154848
-0.174948 0.154848
-0.171970 0.154848
-0.168992 0.154848
-0.164526 0.154848
-0.155592 0.154848
-0.152614 0.154848
-0.149636 0.154848
-0.143681 0.154848
-0.140703 0.154848
-0.137725 0.154848
-0.134747 0.154848
-0.131769 0.154848
-0.128792 0.154848
-0.125814 0.154848
-0.081146 0.154848
0.012656 0.154848
0.015634 0.154848
0.118369 0.154848
0.180904 0.154848
0.183882 0.154848
0.186859 0.154848
0.189837 0.154848
0.192815 0.154848
0.195793 0.154848
0.198771 0.154848
0.201749 0.154848
0.204726 0.154848
0.207704 0.154848
0.210682 0.154848
0.213660 0.154848
0.216638 0.154848
0.234505 0.154848
0.237483 0.154848
0.267261 0.154848
0.280661 0.154848
0.308951 0.154848
-0.362552 0.153359
-0.359574 0.153359
-0.310440 0.153359
-0.307462 0.153359
-0.304484 0.153359
-0.289595 0.153359
-0.286617 0.153359
-0.283639 0.153359
-0.280661 0.153359
-0.277684 0.153359
-0.274706 0.153359
-0.234505 0.153359
-0.231527 0.153359
-0.228549 0.153359
-0.176437 0.153359
-0.173459 0.153359
-0.170481 0.153359
-0.166015 0.153359
-0.163037 0.153359
-0.154103 0.153359
-0.151125 0.153359
-0.148148 0.153359
-0.145170 0.153359
-0.142192 0.153359
-0.139214 0.153359
-0.136236 0.153359
-0.133258 0.153359
-0.081146 0.153359
0.012656 0.153359
0.015634 0.153359
0.118369 0.153359
0.121347 0.153359
0.180904 0.153359
0.183882 0.153359
0.186859 0.153359
0.189837 0.153359
0.192815 0.153359
0.195793 0.153359
0.198771 0.153359
0.201749 0.153359
0.206215 0.153359
0.209193 0.153359
0.212171 0.153359
0.216638 0.153359
0.219616 0.153359
0.222593 0.153359
0.238972 0.153359
0.241949 0.153359
0.265772 0.153359
0.271728 0.153359
0.279172 0.153359
0.308951 0.153359
-0.362552 0.151870
-0.359574 0.151870
-0.350641 0.151870
-0.310440 0.151870
-0.307462 0.151870
-0.289595 0.151870
-0.286617 0.151870
-0.283639 0.151870
-0.280661 0.151870
-0.277684 0.151870
-0.274706 0.151870
-0.235994 0.151870
-0.233016 0.151870
-0.230038 0.151870
-0.176437 0.151870
-0.173459 0.151870
-0.168992 0.151870
-0.166015 0.151870
-0.163037 0.151870
-0.155592 0.151870
-0.152614 0.151870
-0.149636 0.151870
-0.146659 0.151870
-0.143681 0.151870
-0.140703 0.151870
-0.137725 0.151870
-0.134747 0.151870
-0.081146 0.151870
-0.036479 0.151870
-0.033501 0.151870
-0.030523 0.151870
-0.017123 0.151870
-0.014145 0.151870
-0.011167 0.151870
-0.008189 0.151870
-0.005211 0.151870
-0.002233 0.151870
0.012656 0.151870
0.015634 0.151870
0.043923 0.151870
0.118369 0.151870
0.121347 0.151870
0.174948 0.151870
0.182393 0.151870
0.185370 0.151870
0.188348 0.151870
0.191326 0.151870
0.194304 0.151870
0.197282 0.151870
0.200260 0.151870
0.203238 0.151870
0.206215 0.151870
0.209193 0.151870
0.215149 0.151870
0.218127 0.151870
0.221105 0.151870
0.241949 0.151870
0.244927 0.151870
0.262794 0.151870
0.270239 0.151870
0.276195 0.151870
0.307462 0.151870
0.310440 0.151870
-0.361063 0.150381
-0.358085 0.150381
-0.352130 0.150381
-0.335751 0.150381
-0.310440 0.150381
-0.307462 0.150381
-0.292573 0.150381
-0.289595 0.150381
-0.286617 0.150381
-0.283639 0.150381
-0.280661 0.150381
-0.277684 0.150381
-0.274706 0.150381
-0.235994 0.150381
-0.233016 0.150381
-0.230038 0.150381
-0.176437 0.150381
-0.173459 0.150381
-0.168992 0.150381
-0.164526 0.150381
-0.161548 0.150381
-0.154103 0.150381
-0.151125 0.150381
-0.148148 0.150381
-0.145170 0.150381
-0.142192 0.150381
-0.139214 0.150381
-0.136236 0.150381
-0.133258 0.150381
-0.130280 0.150381
-0.127303 0.150381
-0.082635 0.150381
-0.079657 0.150381
-0.005211 0.150381
-0.002233 0.150381
0.000744 0.150381
0.003722 0.150381
0.006700 0.150381
0.009678 0.150381
0.012656 0.150381
0.015634 0.150381
0.037967 0.150381
0.040945 0.150381
0.043923 0.150381
0.116880 0.150381
0.119858 0.150381
0.173459 0.150381
0.180904 0.150381
0.183882 0.150381
0.186859 0.150381
0.189837 0.150381
0.192815 0.150381
0.195793 0.150381
0.198771 0.150381
0.201749 0.150381
0.204726 0.150381
0.207704 0.150381
0.210682 0.150381
0.213660 0.150381
0.216638 0.150381
0.219616 0.150381
0.222593 0.150381
0.246416 0.150381
0.249394 0.150381
0.252372 0.150381
0.268750 0.150381
0.274706 0.150381
0.307462 0.150381
0.310440 0.150381
-0.361063 0.148892
-0.358085 0.148892
-0.353618 0.148892
-0.341707 0.148892
-0.311929 0.148892
-0.308951 0.148892
-0.305973 0.148892
-0.291084 0.148892
-0.288106 0.148892
-0.285128 0.148892
-0.282150 0.148892
-0.279172 0.148892
-0.276195 0.148892
-0.237483 0.148892
-0.234505 0.148892
-0.231527 0.148892
-0.177926 0.148892
-0.174948 0.148892
-0.171970 0.148892
-0.167503 0.148892
-0.164526 0.148892
-0.161548 0.148892
-0.154103 0.148892
-0.151125 0.148892
-0.148148 0.148892
-0.145170 0.148892
-0.142192 0.148892
-0.139214 0.148892
-0.136236 0.148892
-0.133258 0.148892
-0.130280 0.148892
-0.127303 0.148892
-0.124325 0.148892
-0.121347 0.148892
-0.087102 0.148892
-0.084124 0.148892
-0.081146 0.148892
-0.078168 0.148892
-0.042434 0.148892
-0.039456 0.148892
-0.008189 0.148892
-0.005211 0.148892
-0.002233 0.148892
0.000744 0.148892
0.003722 0.148892
0.006700 0.148892
0.009678 0.148892
0.012656 0.148892
0.015634 0.148892
0.030523 0.148892
0.033501 0.148892
0.036479 0.148892
0.039456 0.148892
0.042434 0.148892
0.045412 0.148892
0.118369 0.148892
0.121347 0.148892
0.173459 0.148892
0.180904 0.148892
0.183882 0.148892
0.186859 0.148892
0.189837 0.148892
0.192815 0.148892
0.195793 0.148892
0.198771 0.148892
0.201749 0.148892
0.204726 0.148892
0.207704 0.148892
0.210682 0.148892
0.213660 0.148892
0.216638 0.148892
0.219616 0.148892
0.222593 0.148892
0.250883 0.148892
0.253861 0.148892
0.256839 0.148892
0.259816 0.148892
0.267261 0.148892
0.274706 0.148892
0.308951 0.148892
-0.362552 0.147403
-0.359574 0.147403
-0.353618 0.147403
-0.338729 0.147403
-0.316395 0.147403
-0.313418 0.147403
-0.310440 0.147403
-0.307462 0.147403
-0.294062 0.147403
-0.291084 0.147403
-0.288106 0.147403
-0.285128 0.147403
-0.282150 0.147403
-0.279172 0.147403
-0.276195 0.147403
-0.237483 0.147403
-0.234505 0.147403
-0.231527 0.147403
-0.192815 0.147403
-0.177926 0.147403
-0.174948 0.147403
-0.171970 0.147403
-0.168992 0.147403
-0.166015 0.147403
-0.163037 0.147403
-0.157081 0.147403
-0.154103 0.147403
-0.151125 0.147403
-0.148148 0.147403
-0.145170 0.147403
-0.142192 0.147403
-0.139214 0.147403
-0.136236 0.147403
-0.133258 0.147403
-0.130280 0.147403
-0.127303 0.147403
-0.124325 0.147403
-0.121347 0.147403
-0.118369 0.147403
-0.115391 0.147403
-0.097524 0.147403
-0.094546 0.147403
-0.091569 0.147403
-0.088591 0.147403
-0.085613 0.147403
-0.079657 0.147403
-0.051368 0.147403
-0.048390 0.147403
-0.043923 0.147403
-0.040945 0.147403
-0.037967 0.147403
-0.034990 0.147403
-0.032012 0.147403
-0.029034 0.147403
-0.015634 0.147403
-0.012656 0.147403
-0.009678 0.147403
-0.006700 0.147403
-0.003722 0.147403
-0.000744 0.147403
0.002233 0.147403
0.005211 0.147403
0.008189 0.147403
0.011167 0.147403
0.014145 0.147403
0.017123 0.147403
0.027545 0.147403
0.030523 0.147403
0.033501 0.147403
0.036479 0.147403
0.039456 0.147403
0.042434 0.147403
0.045412 0.147403
0.118369 0.147403
0.121347 0.147403
0.180904 0.147403
0.183882 0.147403
0.186859 0.147403
0.189837 0.147403
0.192815 0.147403
0.195793 0.147403
0.198771 0.147403
0.201749 0.147403
0.204726 0.147403
0.209193 0.147403
0.212171 0.147403
0.215149 0.147403
0.218127 0.147403
0.221105 0.147403
0.224082 0.147403
0.259816 0.147403
0.262794 0.147403
0.265772 0.147403
0.270239 0.147403
0.273217 0.147403
0.305973 0.147403
0.308951 0.147403
-0.361063 0.145914
-0.355107 0.145914
-0.317884 0.145914
-0.314907 0.145914
-0.310440 0.145914
-0.297039 0.145914
-0.294062 0.145914
-0.291084 0.145914
-0.288106 0.145914
-0.285128 0.145914
-0.282150 0.145914
-0.279172 0.145914
-0.240461 0.145914
-0.237483 0.145914
-0.234505 0.145914
-0.231527 0.145914
-0.198771 0.145914
-0.177926 0.145914
-0.174948 0.145914
-0.171970 0.145914
-0.168992 0.145914
-0.166015 0.145914
-0.163037 0.145914
-0.160059 0.145914
-0.155592 0.145914
-0.152614 0.145914
-0.149636 0.145914
-0.146659 0.145914
-0.143681 0.145914
-0.140703 0.145914
-0.137725 0.145914
-0.134747 0.145914
-0.131769 0.145914
-0.128792 0.145914
-0.125814 0.145914
-0.122836 0.145914
-0.119858 0.145914
-0.116880 0.145914
-0.113902 0.145914
-0.110925 0.145914
-0.107947 0.145914
-0.104969 0.145914
-0.101991 0.145914
-0.099013 0.145914
-0.096035 0.145914
-0.093057 0.145914
-0.090080 0.145914
-0.087102 0.145914
-0.084124 0.145914
-0.081146 0.145914
-0.078168 0.145914
-0.073702 0.145914
-0.070724 0.145914
-0.067746 0.145914
-0.064768 0.145914
-0.061790 0.145914
-0.058812 0.145914
-0.055834 0.145914
-0.052857 0.145914
-0.049879 0.145914
-0.046901 0.145914
-0.043923 0.145914
-0.040945 0.145914
-0.037967 0.145914
-0.034990 0.145914
-0.032012 0.145914
-0.029034 0.145914
-0.026056 0.145914
-0.023078 0.145914
-0.020100 0.145914
-0.017123 0.145914
-0.014145 0.145914
-0.011167 0.145914
-0.008189 0.145914
-0.005211 0.145914
-0.002233 0.145914
0.000744 0.145914
0.003722 0.145914
0.006700 0.145914
0.009678 0.145914
0.012656 0.145914
0.015634 0.145914
0.024567 0.145914
0.027545 0.145914
0.030523 0.145914
0.033501 0.145914
0.036479 0.145914
0.039456 0.145914
0.118369 0.145914
0.121347 0.145914
0.124325 0.145914
0.180904 0.145914
0.183882 0.145914
0.186859 0.145914
0.189837 0.145914
0.192815 0.145914
0.195793 0.145914
0.198771 0.145914
0.201749 0.145914
0.204726 0.145914
0.207704 0.145914
0.210682 0.145914
0.213660 0.145914
0.216638 0.145914
0.219616 0.145914
0.222593 0.145914
0.268750 0.145914
0.271728 0.145914
0.274706 0.145914
0.277684 0.145914
0.280661 0.145914
0.283639 0.145914
0.286617 0.145914
0.307462 0.145914
-0.362552 0.144425
-0.359574 0.144425
-0.355107 0.144425
-0.317884 0.144425
-0.314907 0.144425
-0.298528 0.144425
-0.295551 0.144425
-0.292573 0.144425
-0.289595 0.144425
-0.286617 0.144425
-0.283639 0.144425
-0.280661 0.144425
-0.277684 0.144425
-0.238972 0.144425
-0.235994 0.144425
-0.233016 0.144425
-0.230038 0.144425
-0.179415 0.144425
-0.176437 0.144425
-0.173459 0.144425
-0.170481 0.144425
-0.167503 0.144425
-0.164526 0.144425
-0.161548 0.144425
-0.157081 0.144425
-0.154103 0.144425
-0.151125 0.144425
-0.148148 0.144425
-0.145170 0.144425
-0.142192 0.144425
-0.139214 0.144425
-0.136236 0.144425
-0.133258 0.144425
-0.130280 0.144425
-0.127303 0.144425
-0.124325 0.144425
-0.121347 0.144425
-0.118369 0.144425
-0.115391 0.144425
-0.112413 0.144425
-0.109436 0.144425
-0.106458 0.144425
-0.103480 0.144425
-0.100502 0.144425
-0.097524 0.144425
-0.094546 0.144425
-0.091569 0.144425
-0.088591 0.144425
-0.085613 0.144425
-0.082635 0.144425
-0.079657 0.144425
-0.076679 0.144425
-0.073702 0.144425
-0.070724 0.144425
-0.067746 0.144425
-0.064768 0.144425
-0.061790 0.144425
-0.058812 0.144425
-0.055834 0.144425
-0.052857 0.144425
-0.049879 0.144425
-0.046901 0.144425
-0.043923 0.144425
-0.040945 0.144425
-0.037967 0.144425
-0.034990 0.144425
-0.032012 0.144425
-0.029034 0.144425
-0.026056 0.144425
-0.023078 0.144425
-0.020100 0.144425
-0.017123 0.144425
-0.014145 0.144425
-0.011167 0.144425
-0.008189 0.144425
-0.005211 0.144425
-0.002233 0.144425
0.000744 0.144425
0.003722 0.144425
0.006700 0.144425
0.009678 0.144425
0.012656 0.144425
0.015634 0.144425
0.026056 0.144425
0.029034 0.144425
0.032012 0.144425
0.118369 0.144425
0.121347 0.144425
0.124325 0.144425
0.180904 0.144425
0.183882 0.144425
0.186859 0.144425
0.189837 0.144425
0.192815 0.144425
0.195793 0.144425
0.198771 0.144425
0.201749 0.144425
0.204726 0.144425
0.207704 0.144425
0.210682 0.144425
0.213660 0.144425
0.216638 0.144425
0.274706 0.144425
0.305973 0.144425
0.308951 0.144425
-0.361063 0.142936
-0.356596 0.142936
-0.344685 0.142936
-0.317884 0.142936
-0.311929 0.142936
-0.298528 0.142936
-0.295551 0.142936
-0.292573 0.142936
-0.289595 0.142936
-0.286617 0.142936
-0.283639 0.142936
-0.280661 0.142936
-0.277684 0.142936
-0.240461 0.142936
-0.237483 0.142936
-0.234505 0.142936
-0.231527 0.142936
-0.177926 0.142936
-0.174948 0.142936
-0.171970 0.142936
-0.168992 0.142936
-0.166015 0.142936
-0.163037 0.142936
-0.157081 0.142936
-0.154103 0.142936
-0.151125 0.142936
-0.148148 0.142936
-0.145170 0.142936
-0.142192 0.142936
-0.139214 0.142936
-0.136236 0.142936
-0.133258 0.142936
-0.130280 0.142936
-0.127303 0.142936
-0.124325 0.142936
-0.121347 0.142936
-0.118369 0.142936
-0.115391 0.142936
-0.112413 0.142936
-0.109436 0.142936
-0.106458 0.142936
-0.103480 0.142936
-0.100502 0.142936
-0.097524 0.142936
-0.094546 0.142936
-0.091569 0.142936
-0.088591 0.142936
-0.085613 0.142936
-0.082635 0.142936
-0.079657 0.142936
-0.076679 0.142936
-0.073702 0.142936
-0.070724 0.142936
-0.067746 0.142936
-0.064768 0.142936
-0.061790 0.142936
-0.034990 0.142936
-0.032012 0.142936
-0.029034 0.142936
-0.026056 0.142936
-0.023078 0.142936
-0.020100 0.142936
-0.017123 0.142936
-0.014145 0.142936
-0.011167 0.142936
-0.008189 0.142936
-0.005211 0.142936
-0.002233 0.142936
0.000744 0.142936
0.003722 0.142936
0.006700 0.142936
0.009678 0.142936
0.012656 0.142936
0.015634 0.142936
0.026056 0.142936
0.029034 0.142936
0.118369 0.142936
0.121347 0.142936
0.124325 0.142936
0.179415 0.142936
0.182393 0.142936
0.185370 0.142936
0.188348 0.142936
0.191326 0.142936
0.194304 0.142936
0.197282 0.142936
0.200260 0.142936
0.305973 0.142936
0.308951 0.142936
-0.361063 0.141447
-0.356596 0.141447
-0.346174 0.141447
-0.343196 0.141447
-0.317884 0.141447
-0.301506 0.141447
-0.298528 0.141447
-0.295551 0.141447
-0.292573 0.141447
-0.289595 0.141447
-0.286617 0.141447
-0.283639 0.141447
-0.280661 0.141447
-0.277684 0.141447
-0.243438 0.141447
-0.240461 0.141447
-0.237483 0.141447
-0.234505 0.141447
-0.231527 0.141447
-0.177926 0.141447
-0.174948 0.141447
-0.171970 0.141447
-0.167503 0.141447
-0.164526 0.141447
-0.161548 0.141447
-0.155592 0.141447
-0.152614 0.141447
-0.149636 0.141447
-0.146659 0.141447
-0.143681 0.141447
-0.140703 0.141447
-0.137725 0.141447
-0.134747 0.141447
-0.131769 0.141447
-0.128792 0.141447
-0.125814 0.141447
-0.122836 0.141447
-0.119858 0.141447
-0.116880 0.141447
-0.113902 0.141447
-0.110925 0.141447
-0.107947 0.141447
-0.104969 0.141447
-0.101991 0.141447
-0.099013 0.141447
-0.096035 0.141447
-0.093057 0.141447
-0.090080 0.141447
-0.087102 0.141447
-0.084124 0.141447
-0.048390 0.141447
-0.045412 0.141447
-0.042434 0.141447
-0.039456 0.141447
-0.036479 0.141447
-0.033501 0.141447
-0.030523 0.141447
-0.027545 0.141447
-0.024567 0.141447
-0.021589 0.141447
-0.018611 0.141447
-0.015634 0.141447
-0.012656 0.141447
-0.009678 0.141447
-0.006700 0.141447
-0.003722 0.141447
-0.000744 0.141447
0.002233 0.141447
0.005211 0.141447
0.008189 0.141447
0.011167 0.141447
0.014145 0.141447
0.017123 0.141447
0.026056 0.141447
0.118369 0.141447
0.121347 0.141447
0.124325 0.141447
0.127303 0.141447
0.180904 0.141447
0.183882 0.141447
0.186859 0.141447
0.189837 0.141447
0.192815 0.141447
0.305973 0.141447
0.308951 0.141447
-0.361063 0.139958
-0.358085 0.139958
-0.346174 0.139958
-0.319373 0.139958
-0.302995 0.139958
-0.300017 0.139958
-0.297039 0.139958
-0.294062 0.139958
-0.291084 0.139958
-0.288106 0.139958
-0.285128 0.139958
-0.282150 0.139958
-0.279172 0.139958
-0.276195 0.139958
-0.243438 0.139958
-0.240461 0.139958
-0.237483 0.139958
-0.234505 0.139958
-0.231527 0.139958
-0.177926 0.139958
-0.174948 0.139958
-0.171970 0.139958
-0.168992 0.139958
-0.166015 0.139958
-0.163037 0.139958
-0.157081 0.139958
-0.154103 0.139958
-0.151125 0.139958
-0.148148 0.139958
-0.145170 0.139958
-0.142192 0.139958
-0.139214 0.139958
-0.136236 0.139958
-0.133258 0.139958
-0.130280 0.139958
-0.127303 0.139958
-0.124325 0.139958
-0.121347 0.139958
-0.118369 0.139958
-0.115391 0.139958
-0.112413 0.139958
-0.109436 0.139958
-0.106458 0.139958
-0.103480 0.139958
-0.100502 0.139958
-0.097524 0.139958
-0.094546 0.139958
-0.091569 0.139958
-0.088591 0.139958
-0.085613 0.139958
-0.082635 0.139958
-0.070724 0.139958
-0.067746 0.139958
-0.064768 0.139958
-0.061790 0.139958
-0.058812 0.139958
-0.055834 0.139958
-0.052857 0.139958
-0.049879 0.139958
-0.046901 0.139958
-0.043923 0.139958
-0.040945 0.139958
-0.037967 0.139958
-0.034990 0.139958
-0.032012 0.139958
-0.029034 0.139958
-0.026056 0.139958
-0.023078 0.139958
-0.020100 0.139958
-0.017123 0.139958
-0.014145 0.139958
-0.011167 0.139958
-0.008189 0.139958
-0.005211 0.139958
-0.002233 0.139958
0.000744 0.139958
0.003722 0.139958
0.006700 0.139958
0.009678 0.139958
0.012656 0.139958
0.015634 0.139958
0.018611 0.139958
0.118369 0.139958
0.121347 0.139958
0.124325 0.139958
0.127303 0.139958
0.179415 0.139958
0.182393 0.139958
0.185370 0.139958
0.188348 0.139958
0.191326 0.139958
0.230038 0.139958
0.233016 0.139958
0.304484 0.139958
0.307462 0.139958
-0.362552 0.138470
-0.359574 0.138470
-0.347663 0.138470
-0.322351 0.138470
-0.316395 0.138470
-0.304484 0.138470
-0.301506 0.138470
-0.298528 0.138470
-0.295551 0.138470
-0.292573 0.138470
-0.289595 0.138470
-0.286617 0.138470
-0.283639 0.138470
-0.280661 0.138470
-0.277684 0.138470
-0.274706 0.138470
-0.244927 0.138470
-0.241949 0.138470
-0.238972 0.138470
-0.235994 0.138470
-0.233016 0.138470
-0.230038 0.138470
-0.176437 0.138470
-0.171970 0.138470
-0.168992 0.138470
-0.166015 0.138470
-0.163037 0.138470
-0.158570 0.138470
-0.155592 0.138470
-0.152614 0.138470
-0.149636 0.138470
-0.146659 0.138470
-0.143681 0.138470
-0.140703 0.138470
-0.137725 0.138470
-0.134747 0.138470
-0.131769 0.138470
-0.128792 0.138470
-0.125814 0.138470
-0.122836 0.138470
-0.119858 0.138470
-0.116880 0.138470
-0.113902 0.138470
-0.110925 0.138470
-0.107947 0.138470
-0.104969 0.138470
-0.101991 0.138470
-0.099013 0.138470
-0.096035 0.138470
-0.093057 0.138470
-0.087102 0.138470
-0.084124 0.138470
-0.073702 0.138470
-0.070724 0.138470
-0.067746 0.138470
-0.064768 0.138470
-0.061790 0.138470
-0.058812 0.138470
-0.055834 0.138470
-0.052857 0.138470
-0.049879 0.138470
-0.046901 0.138470
-0.043923 0.138470
-0.040945 0.138470
-0.037967 0.138470
-0.034990 0.138470
-0.032012 0.138470
-0.029034 0.138470
-0.026056 0.138470
-0.023078 0.138470
-0.018611 0.138470
-0.015634 0.138470
-0.012656 0.138470
-0.009678 0.138470
-0.006700 0.138470
-0.003722 0.138470
-0.000744 0.138470
0.002233 0.138470
0.005211 0.138470
0.008189 0.138470
0.011167 0.138470
0.014145 0.138470
0.017123 0.138470
0.116880 0.138470
0.119858 0.138470
0.122836 0.138470
0.125814 0.138470
0.177926 0.138470
0.180904 0.138470
0.183882 0.138470
0.186859 0.138470
0.189837 0.138470
0.225571 0.138470
0.228549 0.138470
0.231527 0.138470
0.234505 0.138470
0.305973 0.138470
-0.364041 0.136981
-0.361063 0.136981
-0.347663 0.136981
-0.322351 0.136981
-0.317884 0.136981
-0.304484 0.136981
-0.301506 0.136981
-0.298528 0.136981
-0.295551 0.136981
-0.292573 0.136981
-0.289595 0.136981
-0.286617 0.136981
-0.283639 0.136981
-0.280661 0.136981
-0.277684 0.136981
-0.274706 0.136981
-0.244927 0.136981
-0.241949 0.136981
-0.238972 0.136981
-0.235994 0.136981
-0.233016 0.136981
-0.230038 0.136981
-0.174948 0.136981
-0.170481 0.136981
-0.167503 0.136981
-0.164526 0.136981
-0.161548 0.136981
-0.157081 0.136981
-0.154103 0.136981
-0.151125 0.136981
-0.148148 0.136981
-0.145170 0.136981
-0.142192 0.136981
-0.139214 0.136981
-0.136236 0.136981
-0.133258 0.136981
-0.130280 0.136981
-0.127303 0.136981
-0.124325 0.136981
-0.121347 0.136981
-0.118369 0.136981
-0.115391 0.136981
-0.112413 0.136981
-0.109436 0.136981
-0.106458 0.136981
-0.103480 0.136981
-0.100502 0.136981
-0.097524 0.136981
-0.094546 0.136981
-0.091569 0.136981
-0.088591 0.136981
-0.085613 0.136981
-0.075190 0.136981
-0.072213 0.136981
-0.069235 0.136981
-0.066257 0.136981
-0.063279 0.136981
-0.060301 0.136981
-0.057323 0.136981
-0.054346 0.136981
-0.051368 0.136981
-0.048390 0.136981
-0.045412 0.136981
-0.042434 0.136981
-0.039456 0.136981
-0.036479 0.136981
-0.033501 0.136981
-0.030523 0.136981
-0.027545 0.136981
-0.024567 0.136981
-0.021589 0.136981
-0.012656 0.136981
-0.009678 0.136981
-0.006700 0.136981
-0.003722 0.136981
0.000744 0.136981
0.003722 0.136981
0.006700 0.136981
0.009678 0.136981
0.012656 0.136981
0.015634 0.136981
0.018611 0.136981
0.118369 0.136981
0.121347 0.136981
0.124325 0.136981
0.127303 0.136981
0.177926 0.136981
0.180904 0.136981
0.183882 0.136981
0.186859 0.136981
0.213660 0.136981
0.221105 0.136981
0.224082 0.136981
0.227060 0.136981
0.230038 0.136981
0.249394 0.136981
0.252372 0.136981
0.302995 0.136981
0.305973 0.136981
-0.364041 0.135492
-0.361063 0.135492
-0.352130 0.135492
-0.347663 0.135492
-0.323840 0.135492
-0.319373 0.135492
-0.305973 0.135492
-0.302995 0.135492
-0.300017 0.135492
-0.297039 0.135492
-0.294062 0.135492
-0.291084 0.135492
-0.285128 0.135492
-0.282150 0.135492
-0.279172 0.135492
-0.276195 0.135492
-0.273217 0.135492
-0.246416 0.135492
-0.243438 0.135492
-0.240461 0.135492
-0.237483 0.135492
-0.234505 0.135492
-0.231527 0.135492
-0.176437 0.135492
-0.173459 0.135492
-0.168992 0.135492
-0.166015 0.135492
-0.163037 0.135492
-0.157081 0.135492
-0.154103 0.135492
-0.151125 0.135492
-0.148148 0.135492
-0.145170 0.135492
-0.142192 0.135492
-0.139214 0.135492
-0.136236 0.135492
-0.133258 0.135492
-0.130280 0.135492
-0.127303 0.135492
-0.124325 0.135492
-0.121347 0.135492
-0.118369 0.135492
-0.115391 0.135492
-0.112413 0.135492
-0.109436 0.135492
-0.106458 0.135492
-0.103480 0.135492
-0.100502 0.135492
-0.097524 0.135492
-0.094546 0.135492
-0.091569 0.135492
-0.088591 0.135492
-0.085613 0.135492
-0.082635 0.135492
-0.073702 0.135492
-0.070724 0.135492
-0.067746 0.135492
-0.064768 0.135492
-0.061790 0.135492
-0.058812 0.135492
-0.055834 0.135492
-0.052857 0.135492
-0.049879 0.135492
-0.046901 0.135492
-0.043923 0.135492
-0.040945 0.135492
-0.037967 0.135492
-0.034990 0.135492
-0.032012 0.135492
-0.029034 0.135492
-0.026056 0.135492
-0.023078 0.135492
-0.014145 0.135492
-0.011167 0.135492
-0.005211 0.135492
-0.002233 0.135492
0.000744 0.135492
0.003722 0.135492
0.006700 0.135492
0.009678 0.135492
0.012656 0.135492
0.015634 0.135492
0.018611 0.135492
0.118369 0.135492
0.121347 0.135492
0.124325 0.135492
0.127303 0.135492
0.176437 0.135492
0.179415 0.135492
0.182393 0.135492
0.185370 0.135492
0.188348 0.135492
0.203238 0.135492
0.206215 0.135492
0.209193 0.135492
0.212171 0.135492
0.215149 0.135492
0.219616 0.135492
0.222593 0.135492
0.225571 0.135492
0.228549 0.135492
0.247905 0.135492
0.250883 0.135492
0.253861 0.135492
0.256839 0.135492
0.259816 0.135492
0.301506 0.135492
0.304484 0.135492
0.307462 0.135492
-0.362552 0.134003
-0.353618 0.134003
-0.347663 0.134003
-0.322351 0.134003
-0.307462 0.134003
-0.304484 0.134003
-0.301506 0.134003
-0.298528 0.134003
-0.295551 0.134003
-0.289595 0.134003
-0.286617 0.134003
-0.283639 0.134003
-0.280661 0.134003
-0.277684 0.134003
-0.274706 0.134003
-0.271728 0.134003
-0.247905 0.134003
-0.244927 0.134003
-0.241949 0.134003
-0.238972 0.134003
-0.235994 0.134003
-0.233016 0.134003
-0.230038 0.134003
-0.174948 0.134003
-0.171970 0.134003
-0.168992 0.134003
-0.166015 0.134003
-0.163037 0.134003
-0.157081 0.134003
-0.154103 0.134003
-0.151125 0.134003
-0.148148 0.134003
-0.145170 0.134003
-0.142192 0.134003
-0.139214 0.134003
-0.136236 0.134003
-0.133258 0.134003
-0.130280 0.134003
-0.127303 0.134003
-0.124325 0.134003
-0.121347 0.134003
-0.118369 0.134003
-0.115391 0.134003
-0.112413 0.134003
-0.109436 0.134003
-0.106458 0.134003
-0.103480 0.134003
-0.100502 0.134003
-0.097524 0.134003
-0.094546 0.134003
-0.091569 0.134003
-0.088591 0.134003
-0.085613 0.134003
-0.075190 0.134003
-0.072213 0.134003
-0.069235 0.134003
-0.066257 0.134003
-0.063279 0.134003
-0.060301 0.134003
-0.057323 0.134003
-0.054346 0.134003
-0.051368 0.134003
-0.048390 0.134003
-0.045412 0.134003
-0.042434 0.134003
-0.039456 0.134003
-0.036479 0.134003
-0.033501 0.134003
-0.030523 0.134003
-0.027545 0.134003
-0.024567 0.134003
-0.021589 0.134003
-0.014145 0.134003
-0.011167 0.134003
-0.008189 0.134003
-0.005211 0.134003
-0.002233 0.134003
0.000744 0.134003
0.003722 0.134003
0.006700 0.134003
0.009678 0.134003
0.012656 0.134003
0.015634 0.134003
0.018611 0.134003
0.116880 0.134003
0.119858 0.134003
0.122836 0.134003
0.125814 0.134003
0.128792 0.134003
0.174948 0.134003
0.177926 0.134003
0.180904 0.134003
0.183882 0.134003
0.186859 0.134003
0.198771 0.134003
0.201749 0.134003
0.204726 0.134003
0.207704 0.134003
0.210682 0.134003
0.215149 0.134003
0.221105 0.134003
0.230038 0.134003
0.246416 0.134003
0.249394 0.134003
0.256839 0.134003
0.259816 0.134003
0.291084 0.134003
0.301506 0.134003
0.304484 0.134003
-0.364041 0.132514
-0.361063 0.132514
-0.350641 0.132514
-0.326818 0.132514
-0.323840 0.132514
-0.308951 0.132514
-0.305973 0.132514
-0.302995 0.132514
-0.300017 0.132514
-0.297039 0.132514
-0.289595 0.132514
-0.286617 0.132514
-0.283639 0.132514
-0.280661 0.132514
-0.277684 0.132514
-0.274706 0.132514
-0.271728 0.132514
-0.268750 0.132514
-0.246416 0.132514
-0.243438 0.132514
-0.240461 0.132514
-0.237483 0.132514
-0.234505 0.132514
-0.231527 0.132514
-0.197282 0.132514
-0.171970 0.132514
-0.168992 0.132514
-0.166015 0.132514
-0.160059 0.132514
-0.157081 0.132514
-0.154103 0.132514
-0.151125 0.132514
-0.148148 0.132514
-0.145170 0.132514
-0.142192 0.132514
-0.139214 0.132514
-0.136236 0.132514
-0.133258 0.132514
-0.130280 0.132514
-0.127303 0.132514
-0.124325 0.132514
-0.121347 0.132514
-0.118369 0.132514
-0.115391 0.132514
-0.112413 0.132514
-0.109436 0.132514
-0.106458 0.132514
-0.103480 0.132514
-0.100502 0.132514
-0.097524 0.132514
-0.094546 0.132514
-0.091569 0.132514
-0.088591 0.132514
-0.085613 0.132514
-0.075190 0.132514
-0.072213 0.132514
-0.069235 0.132514
-0.066257 0.132514
-0.063279 0.132514
-0.060301 0.132514
-0.057323 0.132514
-0.054346 0.132514
-0.051368 0.132514
-0.048390 0.132514
-0.045412 0.132514
-0.042434 0.132514
-0.039456 0.132514
-0.036479 0.132514
-0.033501 0.132514
-0.030523 0.132514
-0.027545 0.132514
-0.024567 0.132514
-0.021589 0.132514
-0.014145 0.132514
-0.011167 0.132514
-0.008189 0.132514
-0.005211 0.132514
-0.002233 0.132514
0.000744 0.132514
0.003722 0.132514
0.006700 0.132514
0.009678 0.132514
0.012656 0.132514
0.015634 0.132514
0.018611 0.132514
0.116880 0.132514
0.119858 0.132514
0.122836 0.132514
0.125814 0.132514
0.128792 0.132514
0.174948 0.132514
0.177926 0.132514
0.180904 0.132514
0.183882 0.132514
0.186859 0.132514
0.189837 0.132514
0.200260 0.132514
0.203238 0.132514
0.206215 0.132514
0.209193 0.132514
0.212171 0.132514
0.218127 0.132514
0.227060 0.132514
0.243438 0.132514
0.249394 0.132514
0.252372 0.132514
0.255350 0.132514
0.274706 0.132514
0.288106 0.132514
0.300017 0.132514
0.302995 0.132514
0.305973 0.132514
-0.362552 0.131025
-0.355107 0.131025
-0.350641 0.131025
-0.328307 0.131025
-0.325329 0.131025
-0.311929 0.131025
-0.308951 0.131025
-0.305973 0.131025
-0.302995 0.131025
-0.300017 0.131025
-0.297039 0.131025
-0.292573 0.131025
-0.289595 0.131025
-0.286617 0.131025
-0.283639 0.131025
-0.280661 0.131025
-0.277684 0.131025
-0.274706 0.131025
-0.271728 0.131025
-0.268750 0.131025
-0.249394 0.131025
-0.246416 0.131025
-0.243438 0.131025
-0.240461 0.131025
-0.237483 0.131025
-0.234505 0.131025
-0.231527 0.131025
-0.197282 0.131025
-0.170481 0.131025
-0.167503 0.131025
-0.160059 0.131025
-0.157081 0.131025
-0.154103 0.131025
-0.151125 0.131025
-0.148148 0.131025
-0.145170 0.131025
-0.142192 0.131025
-0.139214 0.131025
-0.136236 0.131025
-0.133258 0.131025
-0.130280 0.131025
-0.127303 0.131025
-0.124325 0.131025
-0.121347 0.131025
-0.118369 0.131025
-0.115391 0.131025
-0.112413 0.131025
-0.109436 0.131025
-0.106458 0.131025
-0.103480 0.131025
-0.100502 0.131025
-0.097524 0.131025
-0.094546 0.131025
-0.091569 0.131025
-0.088591 0.131025
-0.085613 0.131025
-0.075190 0.131025
-0.072213 0.131025
-0.069235 0.131025
-0.066257 0.131025
-0.063279 0.131025
-0.060301 0.131025
-0.057323 0.131025
-0.054346 0.131025
-0.051368 0.131025
-0.048390 0.131025
-0.045412 0.131025
-0.042434 0.131025
-0.039456 0.131025
-0.036479 0.131025
-0.033501 0.131025
-0.030523 0.131025
-0.027545 0.131025
-0.024567 0.131025
-0.021589 0.131025
-0.014145 0.131025
-0.011167 0.131025
-0.008189 0.131025
-0.005211 0.131025
-0.002233 0.131025
0.000744 0.131025
0.003722 0.131025
0.006700 0.131025
0.009678 0.131025
0.012656 0.131025
0.015634 0.131025
0.018611 0.131025
0.115391 0.131025
0.119858 0.131025
0.122836 0.131025
0.125814 0.131025
0.128792 0.131025
0.131769 0.131025
0.174948 0.131025
0.177926 0.131025
0.180904 0.131025
0.183882 0.131025
0.186859 0.131025
0.189837 0.131025
0.201749 0.131025
0.204726 0.131025
0.207704 0.131025
0.210682 0.131025
0.215149 0.131025
0.224082 0.131025
0.241949 0.131025
0.244927 0.131025
0.273217 0.131025
0.280661 0.131025
0.288106 0.131025
0.301506 0.131025
0.304484 0.131025
-0.364041 0.129536
-0.352130 0.129536
-0.329796 0.129536
-0.314907 0.129536
-0.311929 0.129536
-0.308951 0.129536
-0.305973 0.129536
-0.302995 0.129536
-0.300017 0.129536
-0.297039 0.129536
-0.294062 0.129536
-0.291084 0.129536
-0.288106 0.129536
-0.285128 0.129536
-0.282150 0.129536
-0.279172 0.129536
-0.276195 0.129536
-0.273217 0.129536
-0.270239 0.129536
-0.267261 0.129536
-0.249394 0.129536
-0.246416 0.129536
-0.243438 0.129536
-0.240461 0.129536
-0.237483 0.129536
-0.234505 0.129536
-0.231527 0.129536
-0.168992 0.129536
-0.160059 0.129536
-0.157081 0.129536
-0.154103 0.129536
-0.151125 0.129536
-0.148148 0.129536
-0.145170 0.129536
-0.142192 0.129536
-0.139214 0.129536
-0.136236 0.129536
-0.133258 0.129536
-0.130280 0.129536
-0.127303 0.129536
-0.124325 0.129536
-0.121347 0.129536
-0.118369 0.129536
-0.115391 0.129536
-0.112413 0.129536
-0.109436 0.129536
-0.106458 0.129536
-0.103480 0.129536
-0.100502 0.129536
-0.097524 0.129536
-0.094546 0.129536
-0.091569 0.129536
-0.088591 0.129536
-0.085613 0.129536
-0.075190 0.129536
-0.072213 0.129536
-0.069235 0.129536
-0.066257 0.129536
-0.063279 0.129536
-0.060301 0.129536
-0.057323 0.129536
-0.054346 0.129536
-0.051368 0.129536
-0.048390 0.129536
-0.040945 0.129536
-0.037967 0.129536
-0.034990 0.129536
-0.032012 0.129536
-0.029034 0.129536
-0.026056 0.129536
-0.023078 0.129536
-0.017123 0.129536
-0.012656 0.129536
-0.009678 0.129536
-0.006700 0.129536
-0.003722 0.129536
0.000744 0.129536
0.003722 0.129536
0.006700 0.129536
0.009678 0.129536
0.012656 0.129536
0.015634 0.129536
0.018611 0.129536
0.115391 0.129536
0.121347 0.129536
0.124325 0.129536
0.127303 0.129536
0.130280 0.129536
0.173459 0.129536
0.176437 0.129536
0.179415 0.129536
0.182393 0.129536
0.185370 0.129536
0.188348 0.129536
0.206215 0.129536
0.209193 0.129536
0.213660 0.129536
0.222593 0.129536
0.246416 0.129536
0.277684 0.129536
0.285128 0.129536
0.297039 0.129536
0.301506 0.129536
0.304484 0.129536
-0.362552 0.128047
-0.332774 0.128047
-0.317884 0.128047
-0.314907 0.128047
-0.311929 0.128047
-0.308951 0.128047
-0.305973 0.128047
-0.302995 0.128047
-0.300017 0.128047
-0.297039 0.128047
-0.294062 0.128047
-0.291084 0.128047
-0.288106 0.128047
-0.285128 0.128047
-0.282150 0.128047
-0.279172 0.128047
-0.276195 0.128047
-0.273217 0.128047
-0.270239 0.128047
-0.267261 0.128047
-0.264283 0.128047
-0.249394 0.128047
-0.246416 0.128047
-0.243438 0.128047
-0.240461 0.128047
-0.237483 0.128047
-0.234505 0.128047
-0.231527 0.128047
-0.160059 0.128047
-0.157081 0.128047
-0.154103 0.128047
-0.151125 0.128047
-0.148148 0.128047
-0.145170 0.128047
-0.142192 0.128047
-0.139214 0.128047
-0.136236 0.128047
-0.133258 0.128047
-0.130280 0.128047
-0.127303 0.128047
-0.124325 0.128047
-0.121347 0.128047
-0.118369 0.128047
-0.115391 0.128047
-0.112413 0.128047
-0.109436 0.128047
-0.106458 0.128047
-0.103480 0.128047
-0.100502 0.128047
-0.097524 0.128047
-0.094546 0.128047
-0.091569 0.128047
-0.088591 0.128047
-0.085613 0.128047
-0.075190 0.128047
-0.072213 0.128047
-0.069235 0.128047
-0.066257 0.128047
-0.063279 0.128047
-0.060301 0.128047
-0.057323 0.128047
-0.054346 0.128047
-0.051368 0.128047
-0.048390 0.128047
-0.042434 0.128047
-0.039456 0.128047
-0.036479 0.128047
-0.033501 0.128047
-0.030523 0.128047
-0.027545 0.128047
-0.024567 0.128047
-0.021589 0.128047
-0.014145 0.128047
-0.011167 0.128047
-0.008189 0.128047
-0.005211 0.128047
-0.002233 0.128047
0.000744 0.128047
0.003722 0.128047
0.006700 0.128047
0.009678 0.128047
0.012656 0.128047
0.015634 0.128047
0.018611 0.128047
0.115391 0.128047
0.122836 0.128047
0.125814 0.128047
0.128792 0.128047
0.131769 0.128047
0.171970 0.128047
0.174948 0.128047
0.177926 0.128047
0.180904 0.128047
0.183882 0.128047
0.186859 0.128047
0.189837 0.128047
0.210682 0.128047
0.213660 0.128047
0.219616 0.128047
0.230038 0.128047
0.276195 0.128047
0.283639 0.128047
0.297039 0.128047
0.302995 0.128047
-0.365530 0.126558
-0.362552 0.126558
-0.335751 0.126558
-0.332774 0.126558
-0.319373 0.126558
-0.316395 0.126558
-0.313418 0.126558
-0.310440 0.126558
-0.307462 0.126558
-0.304484 0.126558
-0.301506 0.126558
-0.298528 0.126558
-0.295551 0.126558
-0.292573 0.126558
-0.289595 0.126558
-0.286617 0.126558
-0.283639 0.126558
-0.280661 0.126558
-0.277684 0.126558
-0.274706 0.126558
-0.271728 0.126558
-0.268750 0.126558
-0.265772 0.126558
-0.262794 0.126558
-0.249394 0.126558
-0.246416 0.126558
-0.243438 0.126558
-0.240461 0.126558
-0.237483 0.126558
-0.234505 0.126558
-0.231527 0.126558
-0.161548 0.126558
-0.158570 0.126558
-0.155592 0.126558
-0.152614 0.126558
-0.149636 0.126558
-0.146659 0.126558
-0.143681 0.126558
-0.140703 0.126558
-0.137725 0.126558
-0.134747 0.126558
-0.131769 0.126558
-0.128792 0.126558
-0.125814 0.126558
-0.122836 0.126558
-0.119858 0.126558
-0.116880 0.126558
-0.113902 0.126558
-0.110925 0.126558
-0.107947 0.126558
-0.104969 0.126558
-0.101991 0.126558
-0.099013 0.126558
-0.096035 0.126558
-0.093057 0.126558
-0.090080 0.126558
-0.087102 0.126558
-0.084124 0.126558
-0.073702 0.126558
-0.070724 0.126558
-0.067746 0.126558
-0.064768 0.126558
-0.061790 0.126558
-0.058812 0.126558
-0.055834 0.126558
-0.052857 0.126558
-0.049879 0.126558
-0.043923 0.126558
-0.040945 0.126558
-0.037967 0.126558
-0.034990 0.126558
-0.032012 0.126558
-0.029034 0.126558
-0.026056 0.126558
-0.023078 0.126558
-0.012656 0.126558
-0.009678 0.126558
-0.006700 0.126558
-0.003722 0.126558
-0.000744 0.126558
0.002233 0.126558
0.005211 0.126558
0.008189 0.126558
0.011167 0.126558
0.014145 0.126558
0.017123 0.126558
0.020100 0.126558
0.115391 0.126558
0.119858 0.126558
0.125814 0.126558
0.128792 0.126558
0.131769 0.126558
0.176437 0.126558
0.179415 0.126558
0.182393 0.126558
0.185370 0.126558
0.188348 0.126558
0.210682 0.126558
0.213660 0.126558
0.216638 0.126558
0.227060 0.126558
0.276195 0.126558
0.294062 0.126558
0.297039 0.126558
0.301506 0.126558
-0.365530 0.125069
-0.362552 0.125069
-0.338729 0.125069
-0.335751 0.125069
-0.320862 0.125069
-0.317884 0.125069
-0.314907 0.125069
-0.311929 0.125069
-0.308951 0.125069
-0.305973 0.125069
-0.302995 0.125069
-0.300017 0.125069
-0.297039 0.125069
-0.294062 0.125069
-0.291084 0.125069
-0.288106 0.125069
-0.274706 0.125069
-0.271728 0.125069
-0.268750 0.125069
-0.265772 0.125069
-0.262794 0.125069
-0.252372 0.125069
-0.249394 0.125069
-0.246416 0.125069
-0.243438 0.125069
-0.240461 0.125069
-0.237483 0.125069
-0.234505 0.125069
-0.231527 0.125069
-0.161548 0.125069
-0.158570 0.125069
-0.155592 0.125069
-0.152614 0.125069
-0.149636 0.125069
-0.146659 0.125069
-0.143681 0.125069
-0.140703 0.125069
-0.137725 0.125069
-0.134747 0.125069
-0.131769 0.125069
-0.128792 0.125069
-0.125814 0.125069
-0.122836 0.125069
-0.119858 0.125069
-0.116880 0.125069
-0.113902 0.125069
-0.110925 0.125069
-0.107947 0.125069
-0.104969 0.125069
-0.101991 0.125069
-0.099013 0.125069
-0.096035 0.125069
-0.093057 0.125069
-0.090080 0.125069
-0.087102 0.125069
-0.084124 0.125069
-0.075190 0.125069
-0.072213 0.125069
-0.069235 0.125069
-0.066257 0.125069
-0.063279 0.125069
-0.060301 0.125069
-0.057323 0.125069
-0.054346 0.125069
-0.051368 0.125069
-0.046901 0.125069
-0.043923 0.125069
-0.040945 0.125069
-0.037967 0.125069
-0.034990 0.125069
-0.032012 0.125069
-0.029034 0.125069
-0.026056 0.125069
-0.023078 0.125069
-0.020100 0.125069
-0.012656 0.125069
-0.009678 0.125069
-0.006700 0.125069
-0.003722 0.125069
-0.000744 0.125069
0.002233 0.125069
0.005211 0.125069
0.008189 0.125069
0.011167 0.125069
0.014145 0.125069
0.017123 0.125069
0.020100 0.125069
0.118369 0.125069
0.124325 0.125069
0.127303 0.125069
0.130280 0.125069
0.133258 0.125069
0.176437 0.125069
0.179415 0.125069
0.182393 0.125069
0.185370 0.125069
0.188348 0.125069
0.191326 0.125069
0.216638 0.125069
0.219616 0.125069
0.222593 0.125069
0.225571 0.125069
0.294062 0.125069
0.301506 0.125069
-0.365530 0.123580
-0.362552 0.123580
-0.341707 0.123580
-0.323840 0.123580
-0.320862 0.123580
-0.317884 0.123580
-0.314907 0.123580
-0.311929 0.123580
-0.308951 0.123580
-0.305973 0.123580
-0.302995 0.123580
-0.300017 0.123580
-0.297039 0.123580
-0.294062 0.123580
-0.280661 0.123580
-0.274706 0.123580
-0.271728 0.123580
-0.268750 0.123580
-0.265772 0.123580
-0.262794 0.123580
-0.259816 0.123580
-0.252372 0.123580
-0.249394 0.123580
-0.246416 0.123580
-0.243438 0.123580
-0.240461 0.123580
-0.237483 0.123580
-0.234505 0.123580
-0.231527 0.123580
-0.160059 0.123580
-0.157081 0.123580
-0.154103 0.123580
-0.151125 0.123580
-0.148148 0.123580
-0.145170 0.123580
-0.142192 0.123580
-0.139214 0.123580
-0.136236 0.123580
-0.133258 0.123580
-0.130280 0.123580
-0.127303 0.123580
-0.124325 0.123580
-0.121347 0.123580
-0.118369 0.123580
-0.115391 0.123580
-0.112413 0.123580
-0.109436 0.123580
-0.106458 0.123580
-0.103480 0.123580
-0.100502 0.123580
-0.097524 0.123580
-0.094546 0.123580
-0.091569 0.123580
-0.088591 0.123580
-0.085613 0.123580
-0.082635 0.123580
-0.073702 0.123580
-0.070724 0.123580
-0.067746 0.123580
-0.064768 0.123580
-0.061790 0.123580
-0.058812 0.123580
-0.055834 0.123580
-0.052857 0.123580
-0.048390 0.123580
-0.045412 0.123580
-0.042434 0.123580
-0.039456 0.123580
-0.036479 0.123580
-0.033501 0.123580
-0.030523 0.123580
-0.027545 0.123580
-0.024567 0.123580
-0.021589 0.123580
-0.017123 0.123580
-0.012656 0.123580
-0.009678 0.123580
-0.006700 0.123580
-0.003722 0.123580
-0.000744 0.123580
0.002233 0.123580
0.005211 0.123580
0.008189 0.123580
0.011167 0.123580
0.014145 0.123580
0.017123 0.123580
0.020100 0.123580
0.116880 0.123580
0.124325 0.123580
0.127303 0.123580
0.130280 0.123580
0.133258 0.123580
0.173459 0.123580
0.176437 0.123580
0.179415 0.123580
0.182393 0.123580
0.185370 0.123580
0.188348 0.123580
0.191326 0.123580
0.200260 0.123580
0.221105 0.123580
0.224082 0.123580
0.291084 0.123580
0.295551 0.123580
0.300017 0.123580
0.302995 0.123580
-0.364041 0.122091
-0.347663 0.122091
-0.344685 0.122091
-0.323840 0.122091
-0.320862 0.122091
-0.317884 0.122091
-0.314907 0.122091
-0.311929 0.122091
-0.308951 0.122091
-0.305973 0.122091
-0.302995 0.122091
-0.300017 0.122091
-0.280661 0.122091
-0.276195 0.122091
-0.273217 0.122091
-0.270239 0.122091
-0.267261 0.122091
-0.264283 0.122091
-0.261305 0.122091
-0.258328 0.122091
-0.255350 0.122091
-0.252372 0.122091
-0.249394 0.122091
-0.246416 0.122091
-0.243438 0.122091
-0.240461 0.122091
-0.237483 0.122091
-0.234505 0.122091
-0.231527 0.122091
-0.161548 0.122091
-0.158570 0.122091
-0.155592 0.122091
-0.152614 0.122091
-0.149636 0.122091
-0.146659 0.122091
-0.143681 0.122091
-0.140703 0.122091
-0.137725 0.122091
-0.134747 0.122091
-0.131769 0.122091
-0.128792 0.122091
-0.125814 0.122091
-0.122836 0.122091
-0.119858 0.122091
-0.116880 0.122091
-0.113902 0.122091
-0.110925 0.122091
-0.107947 0.122091
-0.104969 0.122091
-0.101991 0.122091
-0.099013 0.122091
-0.096035 0.122091
-0.093057 0.122091
-0.090080 0.122091
-0.087102 0.122091
-0.084124 0.122091
-0.075190 0.122091
-0.072213 0.122091
-0.069235 0.122091
-0.066257 0.122091
-0.063279 0.122091
-0.060301 0.122091
-0.057323 0.122091
-0.054346 0.122091
-0.051368 0.122091
-0.048390 0.122091
-0.045412 0.122091
-0.042434 0.122091
-0.037967 0.122091
-0.034990 0.122091
-0.032012 0.122091
-0.029034 0.122091
-0.026056 0.122091
-0.023078 0.122091
-0.020100 0.122091
-0.015634 0.122091
-0.012656 0.122091
-0.009678 0.122091
-0.006700 0.122091
-0.003722 0.122091
-0.000744 0.122091
0.002233 0.122091
0.005211 0.122091
0.008189 0.122091
0.011167 0.122091
0.014145 0.122091
0.017123 0.122091
0.020100 0.122091
0.115391 0.122091
0.124325 0.122091
0.127303 0.122091
0.130280 0.122091
0.133258 0.122091
0.136236 0.122091
0.170481 0.122091
0.173459 0.122091
0.176437 0.122091
0.179415 0.122091
0.182393 0.122091
0.185370 0.122091
0.188348 0.122091
0.191326 0.122091
0.201749 0.122091
0.291084 0.122091
0.298528 0.122091
0.301506 0.122091
-0.362552 0.120602
-0.325329 0.120602
-0.322351 0.120602
-0.319373 0.120602
-0.316395 0.120602
-0.313418 0.120602
-0.310440 0.120602
-0.307462 0.120602
-0.280661 0.120602
-0.276195 0.120602
-0.273217 0.120602
-0.270239 0.120602
-0.267261 0.120602
-0.264283 0.120602
-0.261305 0.120602
-0.258328 0.120602
-0.255350 0.120602
-0.252372 0.120602
-0.249394 0.120602
-0.246416 0.120602
-0.243438 0.120602
-0.240461 0.120602
-0.237483 0.120602
-0.234505 0.120602
-0.231527 0.120602
-0.163037 0.120602
-0.160059 0.120602
-0.157081 0.120602
-0.154103 0.120602
-0.151125 0.120602
-0.148148 0.120602
-0.145170 0.120602
-0.142192 0.120602
-0.139214 0.120602
-0.136236 0.120602
-0.133258 0.120602
-0.130280 0.120602
-0.127303 0.120602
-0.124325 0.120602
-0.121347 0.120602
-0.118369 0.120602
-0.115391 0.120602
-0.112413 0.120602
-0.109436 0.120602
-0.106458 0.120602
-0.103480 0.120602
-0.100502 0.120602
-0.097524 0.120602
-0.094546 0.120602
-0.091569 0.120602
-0.088591 0.120602
-0.085613 0.120602
-0.078168 0.120602
-0.070724 0.120602
-0.067746 0.120602
-0.064768 0.120602
-0.061790 0.120602
-0.058812 0.120602
-0.055834 0.120602
-0.052857 0.120602
-0.049879 0.120602
-0.046901 0.120602
-0.043923 0.120602
-0.040945 0.120602
-0.037967 0.120602
-0.034990 0.120602
-0.032012 0.120602
-0.029034 0.120602
-0.026056 0.120602
-0.023078 0.120602
-0.020100 0.120602
-0.015634 0.120602
-0.012656 0.120602
-0.009678 0.120602
-0.006700 0.120602
-0.003722 0.120602
-0.000744 0.120602
0.002233 0.120602
0.005211 0.120602
0.008189 0.120602
0.011167 0.120602
0.014145 0.120602
0.017123 0.120602
0.020100 0.120602
0.023078 0.120602
0.124325 0.120602
0.127303 0.120602
0.130280 0.120602
0.133258 0.120602
0.136236 0.120602
0.166015 0.120602
0.168992 0.120602
0.171970 0.120602
0.174948 0.120602
0.177926 0.120602
0.180904 0.120602
0.183882 0.120602
0.186859 0.120602
0.189837 0.120602
0.192815 0.120602
0.203238 0.120602
0.297039 0.120602
0.300017 0.120602
-0.364041 0.119114
-0.361063 0.119114
-0.325329 0.119114
-0.322351 0.119114
-0.319373 0.119114
-0.316395 0.119114
-0.313418 0.119114
-0.292573 0.119114
-0.279172 0.119114
-0.276195 0.119114
-0.273217 0.119114
-0.270239 0.119114
-0.267261 0.119114
-0.264283 0.119114
-0.261305 0.119114
-0.258328 0.119114
-0.255350 0.119114
-0.252372 0.119114
-0.247905 0.119114
-0.244927 0.119114
-0.241949 0.119114
-0.238972 0.119114
-0.235994 0.119114
-0.233016 0.119114
-0.230038 0.119114
-0.161548 0.119114
-0.158570 0.119114
-0.155592 0.119114
-0.152614 0.119114
-0.149636 0.119114
-0.146659 0.119114
-0.143681 0.119114
-0.140703 0.119114
-0.137725 0.119114
-0.134747 0.119114
-0.131769 0.119114
-0.128792 0.119114
-0.125814 0.119114
-0.122836 0.119114
-0.119858 0.119114
-0.116880 0.119114
-0.113902 0.119114
-0.110925 0.119114
-0.107947 0.119114
-0.104969 0.119114
-0.101991 0.119114
-0.099013 0.119114
-0.096035 0.119114
-0.093057 0.119114
-0.090080 0.119114
-0.087102 0.119114
-0.084124 0.119114
-0.078168 0.119114
-0.075190 0.119114
-0.072213 0.119114
-0.069235 0.119114
-0.066257 0.119114
-0.063279 0.119114
-0.060301 0.119114
-0.057323 0.119114
-0.054346 0.119114
-0.051368 0.119114
-0.048390 0.119114
-0.045412 0.119114
-0.042434 0.119114
-0.039456 0.119114
-0.036479 0.119114
-0.033501 0.119114
-0.030523 0.119114
-0.027545 0.119114
-0.024567 0.119114
-0.021589 0.119114
-0.015634 0.119114
-0.012656 0.119114
-0.009678 0.119114
-0.006700 0.119114
-0.003722 0.119114
-0.000744 0.119114
0.002233 0.119114
0.005211 0.119114
0.008189 0.119114
0.011167 0.119114
0.014145 0.119114
0.017123 0.119114
0.020100 0.119114
0.023078 0.119114
0.119858 0.119114
0.125814 0.119114
0.128792 0.119114
0.131769 0.119114
0.134747 0.119114
0.137725 0.119114
0.163037 0.119114
0.166015 0.119114
0.168992 0.119114
0.171970 0.119114
0.174948 0.119114
0.177926 0.119114
0.180904 0.119114
0.183882 0.119114
0.186859 0.119114
0.189837 0.119114
0.192815 0.119114
0.195793 0.119114
0.204726 0.119114
0.297039 0.119114
0.300017 0.119114
-0.362552 0.117625
-0.325329 0.117625
-0.322351 0.117625
-0.319373 0.117625
-0.316395 0.117625
-0.292573 0.117625
-0.280661 0.117625
-0.277684 0.117625
-0.274706 0.117625
-0.271728 0.117625
-0.268750 0.117625
-0.265772 0.117625
-0.262794 0.117625
-0.259816 0.117625
-0.256839 0.117625
-0.253861 0.117625
-0.247905 0.117625
-0.244927 0.117625
-0.241949 0.117625
-0.238972 0.117625
-0.235994 0.117625
-0.233016 0.117625
-0.188348 0.117625
-0.161548 0.117625
-0.158570 0.117625
-0.155592 0.117625
-0.152614 0.117625
-0.149636 0.117625
-0.146659 0.117625
-0.143681 0.117625
-0.140703 0.117625
-0.137725 0.117625
-0.134747 0.117625
-0.131769 0.117625
-0.128792 0.117625
-0.125814 0.117625
-0.122836 0.117625
-0.119858 0.117625
-0.116880 0.117625
-0.113902 0.117625
-0.110925 0.117625
-0.107947 0.117625
-0.104969 0.117625
-0.101991 0.117625
-0.099013 0.117625
-0.096035 0.117625
-0.093057 0.117625
-0.090080 0.117625
-0.087102 0.117625
-0.084124 0.117625
-0.076679 0.117625
-0.073702 0.117625
-0.070724 0.117625
-0.067746 0.117625
-0.064768 0.117625
-0.061790 0.117625
-0.058812 0.117625
-0.055834 0.117625
-0.052857 0.117625
-0.049879 0.117625
-0.046901 0.117625
-0.043923 0.117625
-0.040945 0.117625
-0.037967 0.117625
-0.034990 0.117625
-0.032012 0.117625
-0.029034 0.117625
-0.026056 0.117625
-0.023078 0.117625
-0.020100 0.117625
-0.014145 0.117625
-0.011167 0.117625
-0.008189 0.117625
-0.005211 0.117625
-0.002233 0.117625
0.000744 0.117625
0.003722 0.117625
0.006700 0.117625
0.009678 0.117625
0.012656 0.117625
0.015634 0.117625
0.018611 0.117625
0.021589 0.117625
0.118369 0.117625
0.122836 0.117625
0.125814 0.117625
0.128792 0.117625
0.131769 0.117625
0.134747 0.117625
0.137725 0.117625
0.158570 0.117625
0.161548 0.117625
0.164526 0.117625
0.167503 0.117625
0.170481 0.117625
0.173459 0.117625
0.176437 0.117625
0.179415 0.117625
0.182393 0.117625
0.185370 0.117625
0.188348 0.117625
0.191326 0.117625
0.194304 0.117625
0.204726 0.117625
0.280661 0.117625
0.297039 0.117625
0.300017 0.117625
-0.362552 0.116136
-0.359574 0.116136
-0.297039 0.116136
-0.294062 0.116136
-0.291084 0.116136
-0.282150 0.116136
-0.279172 0.116136
-0.276195 0.116136
-0.273217 0.116136
-0.270239 0.116136
-0.267261 0.116136
-0.264283 0.116136
-0.261305 0.116136
-0.258328 0.116136
-0.255350 0.116136
-0.252372 0.116136
-0.243438 0.116136
-0.240461 0.116136
-0.237483 0.116136
-0.234505 0.116136
-0.231527 0.116136
-0.164526 0.116136
-0.161548 0.116136
-0.158570 0.116136
-0.155592 0.116136
-0.152614 0.116136
-0.149636 0.116136
-0.146659 0.116136
-0.143681 0.116136
-0.140703 0.116136
-0.137725 0.116136
-0.134747 0.116136
-0.131769 0.116136
-0.128792 0.116136
-0.125814 0.116136
-0.122836 0.116136
-0.119858 0.116136
-0.116880 0.116136
-0.113902 0.116136
-0.110925 0.116136
-0.107947 0.116136
-0.104969 0.116136
-0.101991 0.116136
-0.099013 0.116136
-0.096035 0.116136
-0.093057 0.116136
-0.090080 0.116136
-0.087102 0.116136
-0.084124 0.116136
-0.073702 0.116136
-0.070724 0.116136
-0.067746 0.116136
-0.064768 0.116136
-0.061790 0.116136
-0.058812 0.116136
-0.055834 0.116136
-0.049879 0.116136
-0.046901 0.116136
-0.043923 0.116136
-0.036479 0.116136
-0.033501 0.116136
-0.030523 0.116136
-0.027545 0.116136
-0.024567 0.116136
-0.021589 0.116136
-0.015634 0.116136
-0.012656 0.116136
-0.009678 0.116136
-0.006700 0.116136
-0.003722 0.116136
-0.000744 0.116136
0.002233 0.116136
0.005211 0.116136
0.008189 0.116136
0.011167 0.116136
0.014145 0.116136
0.017123 0.116136
0.020100 0.116136
0.023078 0.116136
0.119858 0.116136
0.124325 0.116136
0.127303 0.116136
0.130280 0.116136
0.133258 0.116136
0.136236 0.116136
0.139214 0.116136
0.155592 0.116136
0.158570 0.116136
0.161548 0.116136
0.164526 0.116136
0.167503 0.116136
0.170481 0.116136
0.173459 0.116136
0.176437 0.116136
0.179415 0.116136
0.182393 0.116136
0.185370 0.116136
0.188348 0.116136
0.191326 0.116136
0.194304 0.116136
0.197282 0.116136
0.280661 0.116136
0.295551 0.116136
0.298528 0.116136
-0.362552 0.114647
-0.359574 0.114647
-0.356596 0.114647
-0.301506 0.114647
-0.298528 0.114647
-0.295551 0.114647
-0.283639 0.114647
-0.280661 0.114647
-0.277684 0.114647
-0.274706 0.114647
-0.271728 0.114647
-0.268750 0.114647
-0.265772 0.114647
-0.262794 0.114647
-0.259816 0.114647
-0.256839 0.114647
-0.253861 0.114647
-0.241949 0.114647
-0.238972 0.114647
-0.235994 0.114647
-0.233016 0.114647
-0.194304 0.114647
-0.164526 0.114647
-0.161548 0.114647
-0.158570 0.114647
-0.155592 0.114647
-0.152614 0.114647
-0.149636 0.114647
-0.146659 0.114647
-0.143681 0.114647
-0.140703 0.114647
-0.137725 0.114647
-0.134747 0.114647
-0.131769 0.114647
-0.128792 0.114647
-0.125814 0.114647
-0.122836 0.114647
-0.119858 0.114647
-0.116880 0.114647
-0.113902 0.114647
-0.110925 0.114647
-0.107947 0.114647
-0.104969 0.114647
-0.101991 0.114647
-0.099013 0.114647
-0.096035 0.114647
-0.093057 0.114647
-0.090080 0.114647
-0.087102 0.114647
-0.084124 0.114647
-0.073702 0.114647
-0.070724 0.114647
-0.067746 0.114647
-0.064768 0.114647
-0.061790 0.114647
-0.058812 0.114647
-0.055834 0.114647
-0.052857 0.114647
-0.049879 0.114647
-0.043923 0.114647
-0.036479 0.114647
-0.033501 0.114647
-0.030523 0.114647
-0.027545 0.114647
-0.024567 0.114647
-0.021589 0.114647
-0.015634 0.114647
-0.012656 0.114647
-0.009678 0.114647
-0.006700 0.114647
-0.003722 0.114647
-0.000744 0.114647
0.002233 0.114647
0.005211 0.114647
0.008189 0.114647
0.011167 0.114647
0.014145 0.114647
0.017123 0.114647
0.020100 0.114647
0.023078 0.114647
0.118369 0.114647
0.124325 0.114647
0.127303 0.114647
0.130280 0.114647
0.133258 0.114647
0.136236 0.114647
0.139214 0.114647
0.142192 0.114647
0.152614 0.114647
0.155592 0.114647
0.158570 0.114647
0.161548 0.114647
0.164526 0.114647
0.167503 0.114647
0.170481 0.114647
0.173459 0.114647
0.176437 0.114647
0.179415 0.114647
0.182393 0.114647
0.185370 0.114647
0.188348 0.114647
0.191326 0.114647
0.194304 0.114647
0.197282 0.114647
0.206215 0.114647
0.234505 0.114647
0.282150 0.114647
0.297039 0.114647
-0.362552 0.113158
-0.359574 0.113158
-0.356596 0.113158
-0.353618 0.113158
-0.332774 0.113158
-0.304484 0.113158
-0.301506 0.113158
-0.298528 0.113158
-0.295551 0.113158
-0.285128 0.113158
-0.282150 0.113158
-0.279172 0.113158
-0.276195 0.113158
-0.273217 0.113158
-0.270239 0.113158
-0.267261 0.113158
-0.264283 0.113158
-0.261305 0.113158
-0.258328 0.113158
-0.255350 0.113158
-0.252372 0.113158
-0.240461 0.113158
-0.237483 0.113158
-0.234505 0.113158
-0.231527 0.113158
-0.189837 0.113158
-0.163037 0.113158
-0.160059 0.113158
-0.157081 0.113158
-0.154103 0.113158
-0.151125 0.113158
-0.148148 0.113158
-0.145170 0.113158
-0.142192 0.113158
-0.139214 0.113158
-0.136236 0.113158
-0.133258 0.113158
-0.130280 0.113158
-0.127303 0.113158
-0.124325 0.113158
-0.121347 0.113158
-0.118369 0.113158
-0.115391 0.113158
-0.112413 0.113158
-0.109436 0.113158
-0.106458 0.113158
-0.103480 0.113158
-0.100502 0.113158
-0.097524 0.113158
-0.094546 0.113158
-0.091569 0.113158
-0.088591 0.113158
-0.085613 0.113158
-0.082635 0.113158
-0.072213 0.113158
-0.069235 0.113158
-0.066257 0.113158
-0.063279 0.113158
-0.060301 0.113158
-0.057323 0.113158
-0.054346 0.113158
-0.051368 0.113158
-0.046901 0.113158
-0.043923 0.113158
-0.037967 0.113158
-0.034990 0.113158
-0.032012 0.113158
-0.029034 0.113158
-0.026056 0.113158
-0.023078 0.113158
-0.020100 0.113158
-0.014145 0.113158
-0.011167 0.113158
-0.008189 0.113158
-0.005211 0.113158
-0.002233 0.113158
0.000744 0.113158
0.003722 0.113158
0.006700 0.113158
0.009678 0.113158
0.012656 0.113158
0.015634 0.113158
0.018611 0.113158
0.021589 0.113158
0.024567 0.113158
0.122836 0.113158
0.125814 0.113158
0.128792 0.113158
0.131769 0.113158
0.134747 0.113158
0.137725 0.113158
0.140703 0.113158
0.143681 0.113158
0.146659 0.113158
0.149636 0.113158
0.152614 0.113158
0.155592 0.113158
0.158570 0.113158
0.161548 0.113158
0.164526 0.113158
0.167503 0.113158
0.170481 0.113158
0.173459 0.113158
0.176437 0.113158
0.179415 0.113158
0.182393 0.113158
0.185370 0.113158
0.188348 0.113158
0.191326 0.113158
0.194304 0.113158
0.197282 0.113158
0.200260 0.113158
0.209193 0.113158
0.295551 0.113158
0.298528 0.113158
-0.359574 0.111669
-0.356596 0.111669
-0.353618 0.111669
-0.350641 0.111669
-0.347663 0.111669
-0.344685 0.111669
-0.341707 0.111669
-0.335751 0.111669
-0.332774 0.111669
-0.310440 0.111669
-0.304484 0.111669
-0.301506 0.111669
-0.297039 0.111669
-0.285128 0.111669
-0.282150 0.111669
-0.279172 0.111669
-0.276195 0.111669
-0.273217 0.111669
-0.270239 0.111669
-0.267261 0.111669
-0.264283 0.111669
-0.258328 0.111669
-0.255350 0.111669
-0.252372 0.111669
-0.238972 0.111669
-0.235994 0.111669
-0.233016 0.111669
-0.195793 0.111669
-0.164526 0.111669
-0.161548 0.111669
-0.158570 0.111669
-0.155592 0.111669
-0.152614 0.111669
-0.149636 0.111669
-0.146659 0.111669
-0.143681 0.111669
-0.140703 0.111669
-0.137725 0.111669
-0.134747 0.111669
-0.131769 0.111669
-0.128792 0.111669
-0.125814 0.111669
-0.122836 0.111669
-0.119858 0.111669
-0.116880 0.111669
-0.113902 0.111669
-0.110925 0.111669
-0.107947 0.111669
-0.104969 0.111669
-0.101991 0.111669
-0.099013 0.111669
-0.096035 0.111669
-0.093057 0.111669
-0.090080 0.111669
-0.087102 0.111669
-0.084124 0.111669
-0.073702 0.111669
-0.070724 0.111669
-0.067746 0.111669
-0.064768 0.111669
-0.061790 0.111669
-0.058812 0.111669
-0.055834 0.111669
-0.052857 0.111669
-0.049879 0.111669
-0.046901 0.111669
-0.042434 0.111669
-0.039456 0.111669
-0.036479 0.111669
-0.033501 0.111669
-0.030523 0.111669
-0.027545 0.111669
-0.024567 0.111669
-0.021589 0.111669
-0.015634 0.111669
-0.012656 0.111669
-0.009678 0.111669
-0.006700 0.111669
-0.003722 0.111669
-0.000744 0.111669
0.002233 0.111669
0.005211 0.111669
0.008189 0.111669
0.011167 0.111669
0.014145 0.111669
0.017123 0.111669
0.020100 0.111669
0.023078 0.111669
0.116880 0.111669
0.121347 0.111669
0.124325 0.111669
0.127303 0.111669
0.130280 0.111669
0.133258 0.111669
0.136236 0.111669
0.139214 0.111669
0.142192 0.111669
0.145170 0.111669
0.148148 0.111669
0.151125 0.111669
0.154103 0.111669
0.157081 0.111669
0.160059 0.111669
0.163037 0.111669
0.166015 0.111669
0.168992 0.111669
0.171970 0.111669
0.174948 0.111669
0.177926 0.111669
0.182393 0.111669
0.185370 0.111669
0.188348 0.111669
0.191326 0.111669
0.194304 0.111669
0.197282 0.111669
0.200260 0.111669
0.210682 0.111669
0.238972 0.111669
0.295551 0.111669
-0.361063 0.110180
-0.358085 0.110180
-0.355107 0.110180
-0.352130 0.110180
-0.349152 0.110180
-0.346174 0.110180
-0.332774 0.110180
-0.313418 0.110180
-0.305973 0.110180
-0.302995 0.110180
-0.288106 0.110180
-0.285128 0.110180
-0.282150 0.110180
-0.279172 0.110180
-0.276195 0.110180
-0.273217 0.110180
-0.270239 0.110180
-0.267261 0.110180
-0.256839 0.110180
-0.253861 0.110180
-0.250883 0.110180
-0.235994 0.110180
-0.233016 0.110180
-0.195793 0.110180
-0.164526 0.110180
-0.161548 0.110180
-0.158570 0.110180
-0.155592 0.110180
-0.152614 0.110180
-0.149636 0.110180
-0.146659 0.110180
-0.134747 0.110180
-0.131769 0.110180
-0.128792 0.110180
-0.125814 0.110180
-0.122836 0.110180
-0.119858 0.110180
-0.116880 0.110180
-0.113902 0.110180
-0.110925 0.110180
-0.107947 0.110180
-0.104969 0.110180
-0.101991 0.110180
-0.099013 0.110180
-0.096035 0.110180
-0.093057 0.110180
-0.090080 0.110180
-0.087102 0.110180
-0.084124 0.110180
-0.073702 0.110180
-0.070724 0.110180
-0.067746 0.110180
-0.064768 0.110180
-0.061790 0.110180
-0.058812 0.110180
-0.055834 0.110180
-0.052857 0.110180
-0.049879 0.110180
-0.043923 0.110180
-0.040945 0.110180
-0.037967 0.110180
-0.034990 0.110180
-0.032012 0.110180
-0.029034 0.110180
-0.026056 0.110180
-0.023078 0.110180
-0.020100 0.110180
-0.014145 0.110180
-0.011167 0.110180
-0.008189 0.110180
-0.005211 0.110180
-0.002233 0.110180
0.000744 0.110180
0.003722 0.110180
0.006700 0.110180
0.009678 0.110180
0.012656 0.110180
0.015634 0.110180
0.018611 0.110180
0.021589 0.110180
0.024567 0.110180
0.124325 0.110180
0.127303 0.110180
0.130280 0.110180
0.133258 0.110180
0.136236 0.110180
0.139214 0.110180
0.142192 0.110180
0.145170 0.110180
0.148148 0.110180
0.151125 0.110180
0.154103 0.110180
0.157081 0.110180
0.160059 0.110180
0.163037 0.110180
0.166015 0.110180
0.168992 0.110180
0.171970 0.110180
0.174948 0.110180
0.180904 0.110180
0.183882 0.110180
0.186859 0.110180
0.189837 0.110180
0.192815 0.110180
0.195793 0.110180
0.198771 0.110180
0.201749 0.110180
0.212171 0.110180
0.283639 0.110180
0.294062 0.110180
-0.359574 0.108691
-0.356596 0.108691
-0.350641 0.108691
-0.347663 0.108691
-0.344685 0.108691
-0.335751 0.108691
-0.332774 0.108691
-0.314907 0.108691
-0.311929 0.108691
-0.305973 0.108691
-0.302995 0.108691
-0.300017 0.108691
-0.288106 0.108691
-0.285128 0.108691
-0.282150 0.108691
-0.279172 0.108691
-0.276195 0.108691
-0.273217 0.108691
-0.270239 0.108691
-0.267261 0.108691
-0.259816 0.108691
-0.256839 0.108691
-0.253861 0.108691
-0.250883 0.108691
-0.234505 0.108691
-0.231527 0.108691
-0.195793 0.108691
-0.164526 0.108691
-0.161548 0.108691
-0.158570 0.108691
-0.155592 0.108691
-0.152614 0.108691
-0.149636 0.108691
-0.128792 0.108691
-0.125814 0.108691
-0.122836 0.108691
-0.119858 0.108691
-0.116880 0.108691
-0.113902 0.108691
-0.110925 0.108691
-0.107947 0.108691
-0.104969 0.108691
-0.101991 0.108691
-0.099013 0.108691
-0.096035 0.108691
-0.093057 0.108691
-0.090080 0.108691
-0.087102 0.108691
-0.084124 0.108691
-0.073702 0.108691
-0.070724 0.108691
-0.067746 0.108691
-0.064768 0.108691
-0.061790 0.108691
-0.058812 0.108691
-0.055834 0.108691
-0.052857 0.108691
-0.049879 0.108691
-0.045412 0.108691
-0.042434 0.108691
-0.039456 0.108691
-0.036479 0.108691
-0.033501 0.108691
-0.030523 0.108691
-0.027545 0.108691
-0.024567 0.108691
-0.021589 0.108691
-0.018611 0.108691
-0.014145 0.108691
-0.011167 0.108691
-0.008189 0.108691
-0.005211 0.108691
-0.002233 0.108691
0.000744 0.108691
0.003722 0.108691
0.006700 0.108691
0.009678 0.108691
0.012656 0.108691
0.015634 0.108691
0.018611 0.108691
0.021589 0.108691
0.024567 0.108691
0.116880 0.108691
0.124325 0.108691
0.127303 0.108691
0.130280 0.108691
0.133258 0.108691
0.136236 0.108691
0.139214 0.108691
0.142192 0.108691
0.145170 0.108691
0.148148 0.108691
0.151125 0.108691
0.154103 0.108691
0.157081 0.108691
0.160059 0.108691
0.163037 0.108691
0.166015 0.108691
0.168992 0.108691
0.171970 0.108691
0.174948 0.108691
0.182393 0.108691
0.185370 0.108691
0.188348 0.108691
0.191326 0.108691
0.194304 0.108691
0.197282 0.108691
0.200260 0.108691
0.203238 0.108691
0.283639 0.108691
0.294062 0.108691
-0.359574 0.107202
-0.356596 0.107202
-0.344685 0.107202
-0.337240 0.107202
-0.334262 0.107202
-0.317884 0.107202
-0.314907 0.107202
-0.308951 0.107202
-0.304484 0.107202
-0.301506 0.107202
-0.291084 0.107202
-0.288106 0.107202
-0.285128 0.107202
-0.282150 0.107202
-0.279172 0.107202
-0.276195 0.107202
-0.273217 0.107202
-0.270239 0.107202
-0.267261 0.107202
-0.261305 0.107202
-0.258328 0.107202
-0.255350 0.107202
-0.252372 0.107202
-0.233016 0.107202
-0.197282 0.107202
-0.167503 0.107202
-0.164526 0.107202
-0.161548 0.107202
-0.158570 0.107202
-0.155592 0.107202
-0.151125 0.107202
-0.148148 0.107202
-0.118369 0.107202
-0.115391 0.107202
-0.112413 0.107202
-0.109436 0.107202
-0.106458 0.107202
-0.103480 0.107202
-0.100502 0.107202
-0.097524 0.107202
-0.094546 0.107202
-0.091569 0.107202
-0.088591 0.107202
-0.085613 0.107202
-0.082635 0.107202
-0.072213 0.107202
-0.069235 0.107202
-0.066257 0.107202
-0.063279 0.107202
-0.060301 0.107202
-0.057323 0.107202
-0.054346 0.107202
-0.051368 0.107202
-0.048390 0.107202
-0.045412 0.107202
-0.042434 0.107202
-0.039456 0.107202
-0.036479 0.107202
-0.033501 0.107202
-0.030523 0.107202
-0.027545 0.107202
-0.024567 0.107202
-0.021589 0.107202
-0.018611 0.107202
-0.015634 0.107202
-0.012656 0.107202
-0.009678 0.107202
-0.006700 0.107202
-0.003722 0.107202
-0.000744 0.107202
0.002233 0.107202
0.005211 0.107202
0.008189 0.107202
0.011167 0.107202
0.014145 0.107202
0.017123 0.107202
0.020100 0.107202
0.023078 0.107202
0.026056 0.107202
0.119858 0.107202
0.124325 0.107202
0.127303 0.107202
0.130280 0.107202
0.133258 0.107202
0.136236 0.107202
0.139214 0.107202
0.142192 0.107202
0.145170 0.107202
0.148148 0.107202
0.151125 0.107202
0.155592 0.107202
0.158570 0.107202
0.161548 0.107202
0.164526 0.107202
0.167503 0.107202
0.170481 0.107202
0.173459 0.107202
0.182393 0.107202
0.185370 0.107202
0.188348 0.107202
0.191326 0.107202
0.194304 0.107202
0.197282 0.107202
0.200260 0.107202
0.203238 0.107202
0.212171 0.107202
0.292573 0.107202
0.295551 0.107202
-0.356596 0.105713
-0.346174 0.105713
-0.343196 0.105713
-0.337240 0.105713
-0.319373 0.105713
-0.316395 0.105713
-0.308951 0.105713
-0.302995 0.105713
-0.292573 0.105713
-0.289595 0.105713
-0.286617 0.105713
-0.283639 0.105713
-0.277684 0.105713
-0.274706 0.105713
-0.271728 0.105713
-0.268750 0.105713
-0.258328 0.105713
-0.255350 0.105713
-0.252372 0.105713
-0.249394 0.105713
-0.231527 0.105713
-0.167503 0.105713
-0.164526 0.105713
-0.161548 0.105713
-0.158570 0.105713
-0.155592 0.105713
-0.152614 0.105713
-0.149636 0.105713
-0.110925 0.105713
-0.107947 0.105713
-0.104969 0.105713
-0.101991 0.105713
-0.099013 0.105713
-0.096035 0.105713
-0.093057 0.105713
-0.090080 0.105713
-0.087102 0.105713
-0.084124 0.105713
-0.073702 0.105713
-0.070724 0.105713
-0.067746 0.105713
-0.064768 0.105713
-0.061790 0.105713
-0.058812 0.105713
-0.055834 0.105713
-0.052857 0.105713
-0.049879 0.105713
-0.046901 0.105713
-0.043923 0.105713
-0.040945 0.105713
-0.037967 0.105713
-0.034990 0.105713
-0.032012 0.105713
-0.029034 0.105713
-0.026056 0.105713
-0.023078 0.105713
-0.020100 0.105713
-0.017123 0.105713
-0.014145 0.105713
-0.011167 0.105713
-0.008189 0.105713
-0.005211 0.105713
-0.002233 0.105713
0.000744 0.105713
0.003722 0.105713
0.006700 0.105713
0.009678 0.105713
0.012656 0.105713
0.015634 0.105713
0.018611 0.105713
0.021589 0.105713
0.024567 0.105713
0.115391 0.105713
0.119858 0.105713
0.124325 0.105713
0.127303 0.105713
0.130280 0.105713
0.133258 0.105713
0.136236 0.105713
0.139214 0.105713
0.142192 0.105713
0.145170 0.105713
0.148148 0.105713
0.155592 0.105713
0.158570 0.105713
0.161548 0.105713
0.164526 0.105713
0.167503 0.105713
0.170481 0.105713
0.179415 0.105713
0.182393 0.105713
0.185370 0.105713
0.188348 0.105713
0.191326 0.105713
0.194304 0.105713
0.197282 0.105713
0.200260 0.105713
0.203238 0.105713
0.213660 0.105713
0.291084 0.105713
0.294062 0.105713
-0.355107 0.104224
-0.346174 0.104224
-0.343196 0.104224
-0.337240 0.104224
-0.317884 0.104224
-0.311929 0.104224
-0.305973 0.104224
-0.295551 0.104224
-0.292573 0.104224
-0.289595 0.104224
-0.286617 0.104224
-0.283639 0.104224
-0.280661 0.104224
-0.277684 0.104224
-0.274706 0.104224
-0.271728 0.104224
-0.259816 0.104224
-0.256839 0.104224
-0.253861 0.104224
-0.250883 0.104224
-0.233016 0.104224
-0.167503 0.104224
-0.164526 0.104224
-0.161548 0.104224
-0.158570 0.104224
-0.155592 0.104224
-0.152614 0.104224
-0.149636 0.104224
-0.104969 0.104224
-0.101991 0.104224
-0.099013 0.104224
-0.096035 0.104224
-0.093057 0.104224
-0.090080 0.104224
-0.087102 0.104224
-0.084124 0.104224
-0.073702 0.104224
-0.070724 0.104224
-0.067746 0.104224
-0.064768 0.104224
-0.061790 0.104224
-0.058812 0.104224
-0.055834 0.104224
-0.052857 0.104224
-0.049879 0.104224
-0.046901 0.104224
-0.043923 0.104224
-0.040945 0.104224
-0.037967 0.104224
-0.034990 0.104224
-0.032012 0.104224
-0.029034 0.104224
-0.026056 0.104224
-0.023078 0.104224
-0.020100 0.104224
-0.017123 0.104224
-0.014145 0.104224
-0.011167 0.104224
-0.008189 0.104224
-0.005211 0.104224
-0.002233 0.104224
0.000744 0.104224
0.003722 0.104224
0.006700 0.104224
0.009678 0.104224
0.012656 0.104224
0.015634 0.104224
0.018611 0.104224
0.021589 0.104224
0.024567 0.104224
0.118369 0.104224
0.124325 0.104224
0.127303 0.104224
0.130280 0.104224
0.133258 0.104224
0.136236 0.104224
0.139214 0.104224
0.142192 0.104224
0.148148 0.104224
0.154103 0.104224
0.157081 0.104224
0.160059 0.104224
0.163037 0.104224
0.166015 0.104224
0.168992 0.104224
0.179415 0.104224
0.182393 0.104224
0.185370 0.104224
0.188348 0.104224
0.191326 0.104224
0.194304 0.104224
0.198771 0.104224
0.201749 0.104224
0.204726 0.104224
0.215149 0.104224
0.291084 0.104224
0.294062 0.104224
-0.355107 0.102735
-0.347663 0.102735
-0.338729 0.102735
-0.319373 0.102735
-0.313418 0.102735
-0.308951 0.102735
-0.305973 0.102735
-0.295551 0.102735
-0.292573 0.102735
-0.289595 0.102735
-0.286617 0.102735
-0.283639 0.102735
-0.280661 0.102735
-0.277684 0.102735
-0.274706 0.102735
-0.271728 0.102735
-0.259816 0.102735
-0.256839 0.102735
-0.253861 0.102735
-0.250883 0.102735
-0.233016 0.102735
-0.168992 0.102735
-0.166015 0.102735
-0.163037 0.102735
-0.160059 0.102735
-0.157081 0.102735
-0.154103 0.102735
-0.151125 0.102735
-0.148148 0.102735
-0.145170 0.102735
-0.096035 0.102735
-0.093057 0.102735
-0.090080 0.102735
-0.087102 0.102735
-0.084124 0.102735
-0.072213 0.102735
-0.069235 0.102735
-0.066257 0.102735
-0.063279 0.102735
-0.060301 0.102735
-0.057323 0.102735
-0.054346 0.102735
-0.051368 0.102735
-0.048390 0.102735
-0.045412 0.102735
-0.042434 0.102735
-0.039456 0.102735
-0.036479 0.102735
-0.033501 0.102735
-0.030523 0.102735
-0.027545 0.102735
-0.024567 0.102735
-0.021589 0.102735
-0.018611 0.102735
-0.015634 0.102735
-0.012656 0.102735
-0.009678 0.102735
-0.006700 0.102735
-0.003722 0.102735
-0.000744 0.102735
0.002233 0.102735
0.005211 0.102735
0.008189 0.102735
0.011167 0.102735
0.014145 0.102735
0.017123 0.102735
0.020100 0.102735
0.023078 0.102735
0.026056 0.102735
0.116880 0.102735
0.122836 0.102735
0.125814 0.102735
0.128792 0.102735
0.131769 0.102735
0.134747 0.102735
0.137725 0.102735
0.140703 0.102735
0.148148 0.102735
0.155592 0.102735
0.158570 0.102735
0.161548 0.102735
0.164526 0.102735
0.167503 0.102735
0.170481 0.102735
0.180904 0.102735
0.188348 0.102735
0.191326 0.102735
0.194304 0.102735
0.197282 0.102735
0.200260 0.102735
0.203238 0.102735
0.206215 0.102735
0.216638 0.102735
0.289595 0.102735
0.292573 0.102735
-0.355107 0.101247
-0.352130 0.101247
-0.326818 0.101247
-0.320862 0.101247
-0.316395 0.101247
-0.313418 0.101247
-0.308951 0.101247
-0.297039 0.101247
-0.294062 0.101247
-0.291084 0.101247
-0.288106 0.101247
-0.285128 0.101247
-0.282150 0.101247
-0.276195 0.101247
-0.273217 0.101247
-0.258328 0.101247
-0.255350 0.101247
-0.252372 0.101247
-0.249394 0.101247
-0.198771 0.101247
-0.167503 0.101247
-0.164526 0.101247
-0.161548 0.101247
-0.158570 0.101247
-0.155592 0.101247
-0.152614 0.101247
-0.149636 0.101247
-0.146659 0.101247
-0.143681 0.101247
-0.140703 0.101247
-0.087102 0.101247
-0.084124 0.101247
-0.081146 0.101247
-0.055834 0.101247
-0.052857 0.101247
-0.049879 0.101247
-0.046901 0.101247
-0.043923 0.101247
-0.040945 0.101247
-0.037967 0.101247
-0.034990 0.101247
-0.032012 0.101247
-0.029034 0.101247
-0.026056 0.101247
-0.023078 0.101247
-0.020100 0.101247
-0.017123 0.101247
-0.014145 0.101247
-0.011167 0.101247
-0.008189 0.101247
-0.005211 0.101247
-0.002233 0.101247
0.000744 0.101247
0.003722 0.101247
0.006700 0.101247
0.009678 0.101247
0.012656 0.101247
0.015634 0.101247
0.018611 0.101247
0.021589 0.101247
0.024567 0.101247
0.027545 0.101247
0.116880 0.101247
0.121347 0.101247
0.124325 0.101247
0.127303 0.101247
0.130280 0.101247
0.134747 0.101247
0.137725 0.101247
0.152614 0.101247
0.155592 0.101247
0.158570 0.101247
0.161548 0.101247
0.164526 0.101247
0.167503 0.101247
0.179415 0.101247
0.182393 0.101247
0.194304 0.101247
0.197282 0.101247
0.200260 0.101247
0.203238 0.101247
0.206215 0.101247
0.216638 0.101247
0.288106 0.101247
0.291084 0.101247
0.294062 0.101247
-0.353618 0.099758
-0.328307 0.099758
-0.323840 0.099758
-0.320862 0.099758
-0.316395 0.099758
-0.310440 0.099758
-0.300017 0.099758
-0.297039 0.099758
-0.294062 0.099758
-0.291084 0.099758
-0.288106 0.099758
-0.279172 0.099758
-0.276195 0.099758
-0.273217 0.099758
-0.256839 0.099758
-0.252372 0.099758
-0.249394 0.099758
-0.233016 0.099758
-0.198771 0.099758
-0.167503 0.099758
-0.164526 0.099758
-0.161548 0.099758
-0.157081 0.099758
-0.154103 0.099758
-0.142192 0.099758
-0.139214 0.099758
-0.136236 0.099758
-0.088591 0.099758
-0.082635 0.099758
-0.039456 0.099758
-0.036479 0.099758
-0.033501 0.099758
-0.030523 0.099758
-0.027545 0.099758
-0.024567 0.099758
-0.021589 0.099758
-0.018611 0.099758
-0.015634 0.099758
-0.012656 0.099758
-0.009678 0.099758
-0.006700 0.099758
-0.003722 0.099758
-0.000744 0.099758
0.002233 0.099758
0.005211 0.099758
0.008189 0.099758
0.011167 0.099758
0.014145 0.099758
0.017123 0.099758
0.020100 0.099758
0.023078 0.099758
0.026056 0.099758
0.107947 0.099758
0.115391 0.099758
0.119858 0.099758
0.122836 0.099758
0.125814 0.099758
0.128792 0.099758
0.134747 0.099758
0.139214 0.099758
0.154103 0.099758
0.157081 0.099758
0.160059 0.099758
0.163037 0.099758
0.166015 0.099758
0.168992 0.099758
0.179415 0.099758
0.195793 0.099758
0.198771 0.099758
0.201749 0.099758
0.204726 0.099758
0.207704 0.099758
0.218127 0.099758
0.288106 0.099758
0.291084 0.099758
0.294062 0.099758
-0.353618 0.098269
-0.350641 0.098269
-0.323840 0.098269
-0.317884 0.098269
-0.311929 0.098269
-0.301506 0.098269
-0.298528 0.098269
-0.295551 0.098269
-0.292573 0.098269
-0.280661 0.098269
-0.277684 0.098269
-0.274706 0.098269
-0.253861 0.098269
-0.250883 0.098269
-0.247905 0.098269
-0.200260 0.098269
-0.170481 0.098269
-0.167503 0.098269
-0.164526 0.098269
-0.161548 0.098269
-0.158570 0.098269
-0.142192 0.098269
-0.139214 0.098269
-0.136236 0.098269
-0.133258 0.098269
-0.082635 0.098269
-0.079657 0.098269
-0.076679 0.098269
-0.073702 0.098269
-0.070724 0.098269
-0.067746 0.098269
-0.064768 0.098269
-0.061790 0.098269
-0.058812 0.098269
-0.055834 0.098269
-0.052857 0.098269
-0.049879 0.098269
-0.046901 0.098269
-0.043923 0.098269
-0.040945 0.098269
-0.037967 0.098269
-0.034990 0.098269
-0.032012 0.098269
-0.029034 0.098269
-0.026056 0.098269
-0.023078 0.098269
-0.020100 0.098269
-0.017123 0.098269
-0.014145 0.098269
-0.011167 0.098269
-0.008189 0.098269
-0.005211 0.098269
-0.002233 0.098269
0.011167 0.098269
0.014145 0.098269
0.017123 0.098269
0.020100 0.098269
0.023078 0.098269
0.026056 0.098269
0.029034 0.098269
0.112413 0.098269
0.118369 0.098269
0.121347 0.098269
0.124325 0.098269
0.127303 0.098269
0.130280 0.098269
0.134747 0.098269
0.154103 0.098269
0.157081 0.098269
0.160059 0.098269
0.163037 0.098269
0.166015 0.098269
0.168992 0.098269
0.179415 0.098269
0.185370 0.098269
0.198771 0.098269
0.201749 0.098269
0.204726 0.098269
0.207704 0.098269
0.210682 0.098269
0.221105 0.098269
0.288106 0.098269
0.291084 0.098269
-0.355107 0.096780
-0.352130 0.096780
-0.323840 0.096780
-0.317884 0.096780
-0.311929 0.096780
-0.301506 0.096780
-0.283639 0.096780
-0.280661 0.096780
-0.277684 0.096780
-0.274706 0.096780
-0.250883 0.096780
-0.247905 0.096780
-0.201749 0.096780
-0.170481 0.096780
-0.167503 0.096780
-0.164526 0.096780
-0.161548 0.096780
-0.158570 0.096780
-0.136236 0.096780
-0.133258 0.096780
-0.130280 0.096780
-0.082635 0.096780
-0.079657 0.096780
-0.076679 0.096780
-0.073702 0.096780
-0.070724 0.096780
-0.067746 0.096780
-0.064768 0.096780
-0.061790 0.096780
-0.058812 0.096780
-0.055834 0.096780
-0.052857 0.096780
-0.049879 0.096780
-0.046901 0.096780
-0.043923 0.096780
-0.040945 0.096780
-0.037967 0.096780
-0.034990 0.096780
-0.032012 0.096780
-0.029034 0.096780
-0.026056 0.096780
-0.021589 0.096780
-0.018611 0.096780
-0.015634 0.096780
-0.012656 0.096780
-0.009678 0.096780
0.005211 0.096780
0.008189 0.096780
0.011167 0.096780
0.014145 0.096780
0.017123 0.096780
0.020100 0.096780
0.026056 0.096780
0.029034 0.096780
0.106458 0.096780
0.116880 0.096780
0.121347 0.096780
0.124325 0.096780
0.127303 0.096780
0.133258 0.096780
0.152614 0.096780
0.155592 0.096780
0.158570 0.096780
0.161548 0.096780
0.164526 0.096780
0.167503 0.096780
0.179415 0.096780
0.183882 0.096780
0.189837 0.096780
0.204726 0.096780
0.207704 0.096780
0.210682 0.096780
0.221105 0.096780
0.283639 0.096780
0.288106 0.096780
0.291084 0.096780
-0.355107 0.095291
-0.352130 0.095291
-0.325329 0.095291
-0.319373 0.095291
-0.313418 0.095291
-0.283639 0.095291
-0.280661 0.095291
-0.277684 0.095291
-0.258328 0.095291
-0.250883 0.095291
-0.247905 0.095291
-0.201749 0.095291
-0.170481 0.095291
-0.167503 0.095291
-0.164526 0.095291
-0.161548 0.095291
-0.139214 0.095291
-0.136236 0.095291
-0.133258 0.095291
-0.130280 0.095291
-0.125814 0.095291
-0.079657 0.095291
-0.076679 0.095291
-0.073702 0.095291
-0.070724 0.095291
-0.067746 0.095291
-0.064768 0.095291
-0.061790 0.095291
-0.058812 0.095291
-0.055834 0.095291
-0.052857 0.095291
-0.049879 0.095291
-0.046901 0.095291
-0.043923 0.095291
-0.040945 0.095291
-0.037967 0.095291
-0.034990 0.095291
-0.032012 0.095291
0.003722 0.095291
0.006700 0.095291
0.017123 0.095291
0.027545 0.095291
0.104969 0.095291
0.112413 0.095291
0.119858 0.095291
0.122836 0.095291
0.125814 0.095291
0.128792 0.095291
0.151125 0.095291
0.154103 0.095291
0.157081 0.095291
0.160059 0.095291
0.163037 0.095291
0.166015 0.095291
0.179415 0.095291
0.183882 0.095291
0.189837 0.095291
0.209193 0.095291
0.212171 0.095291
0.222593 0.095291
0.286617 0.095291
0.289595 0.095291
0.292573 0.095291
-0.353618 0.093802
-0.328307 0.093802
-0.325329 0.093802
-0.316395 0.093802
-0.283639 0.093802
-0.280661 0.093802
-0.277684 0.093802
-0.256839 0.093802
-0.250883 0.093802
-0.247905 0.093802
-0.201749 0.093802
-0.170481 0.093802
-0.167503 0.093802
-0.164526 0.093802
-0.158570 0.093802
-0.130280 0.093802
-0.119858 0.093802
-0.075190 0.093802
-0.072213 0.093802
-0.069235 0.093802
-0.066257 0.093802
-0.063279 0.093802
-0.060301 0.093802
-0.057323 0.093802
-0.054346 0.093802
-0.051368 0.093802
-0.036479 0.093802
-0.033501 0.093802
0.024567 0.093802
0.027545 0.093802
0.030523 0.093802
0.109436 0.093802
0.115391 0.093802
0.122836 0.093802
0.125814 0.093802
0.149636 0.093802
0.152614 0.093802
0.155592 0.093802
0.158570 0.093802
0.161548 0.093802
0.164526 0.093802
0.176437 0.093802
0.179415 0.093802
0.182393 0.093802
0.188348 0.093802
0.212171 0.093802
0.224082 0.093802
0.288106 0.093802
0.291084 0.093802
-0.353618 0.092313
-0.329796 0.092313
-0.326818 0.092313
-0.317884 0.092313
-0.314907 0.092313
-0.283639 0.092313
-0.280661 0.092313
-0.277684 0.092313
-0.252372 0.092313
-0.249394 0.092313
-0.234505 0.092313
-0.203238 0.092313
-0.170481 0.092313
-0.167503 0.092313
-0.164526 0.092313
-0.161548 0.092313
-0.158570 0.092313
-0.127303 0.092313
-0.073702 0.092313
-0.070724 0.092313
-0.067746 0.092313
-0.064768 0.092313
-0.061790 0.092313
-0.058812 0.092313
-0.036479 0.092313
-0.033501 0.092313
0.020100 0.092313
0.023078 0.092313
0.026056 0.092313
0.029034 0.092313
0.109436 0.092313
0.115391 0.092313
0.122836 0.092313
0.125814 0.092313
0.151125 0.092313
0.154103 0.092313
0.157081 0.092313
0.160059 0.092313
0.163037 0.092313
0.174948 0.092313
0.177926 0.092313
0.180904 0.092313
0.183882 0.092313
0.224082 0.092313
0.279172 0.092313
0.288106 0.092313
0.291084 0.092313
-0.353618 0.090824
-0.329796 0.090824
-0.326818 0.090824
-0.319373 0.090824
-0.316395 0.090824
-0.283639 0.090824
-0.280661 0.090824
-0.277684 0.090824
-0.249394 0.090824
-0.246416 0.090824
-0.204726 0.090824
-0.173459 0.090824
-0.170481 0.090824
-0.167503 0.090824
-0.164526 0.090824
-0.161548 0.090824
-0.158570 0.090824
-0.124325 0.090824
-0.121347 0.090824
-0.079657 0.090824
-0.066257 0.090824
-0.036479 0.090824
0.015634 0.090824
0.018611 0.090824
0.021589 0.090824
0.024567 0.090824
0.027545 0.090824
0.030523 0.090824
0.113902 0.090824
0.118369 0.090824
0.122836 0.090824
0.125814 0.090824
0.149636 0.090824
0.152614 0.090824
0.155592 0.090824
0.158570 0.090824
0.161548 0.090824
0.164526 0.090824
0.176437 0.090824
0.179415 0.090824
0.182393 0.090824
0.185370 0.090824
0.225571 0.090824
0.279172 0.090824
0.289595 0.090824
-0.355107 0.089335
-0.352130 0.089335
-0.331285 0.089335
-0.328307 0.089335
-0.319373 0.089335
-0.286617 0.089335
-0.283639 0.089335
-0.280661 0.089335
-0.250883 0.089335
-0.246416 0.089335
-0.204726 0.089335
-0.171970 0.089335
-0.168992 0.089335
-0.166015 0.089335
-0.163037 0.089335
-0.160059 0.089335
-0.157081 0.089335
-0.154103 0.089335
-0.119858 0.089335
-0.067746 0.089335
-0.036479 0.089335
0.015634 0.089335
0.018611 0.089335
0.021589 0.089335
0.024567 0.089335
0.027545 0.089335
0.030523 0.089335
0.112413 0.089335
0.119858 0.089335
0.124325 0.089335
0.148148 0.089335
0.151125 0.089335
0.154103 0.089335
0.157081 0.089335
0.160059 0.089335
0.163037 0.089335
0.174948 0.089335
0.177926 0.089335
0.180904 0.089335
0.183882 0.089335
0.186859 0.089335
0.227060 0.089335
0.288106 0.089335
0.291084 0.089335
-0.353618 0.087846
-0.332774 0.087846
-0.326818 0.087846
-0.320862 0.087846
-0.308951 0.087846
-0.285128 0.087846
-0.282150 0.087846
-0.279172 0.087846
-0.247905 0.087846
-0.235994 0.087846
-0.204726 0.087846
-0.173459 0.087846
-0.170481 0.087846
-0.167503 0.087846
-0.164526 0.087846
-0.161548 0.087846
-0.158570 0.087846
-0.155592 0.087846
-0.152614 0.087846
-0.113902 0.087846
-0.067746 0.087846
-0.036479 0.087846
0.014145 0.087846
0.017123 0.087846
0.020100 0.087846
0.023078 0.087846
0.026056 0.087846
0.029034 0.087846
0.032012 0.087846
0.112413 0.087846
0.119858 0.087846
0.146659 0.087846
0.151125 0.087846
0.154103 0.087846
0.157081 0.087846
0.160059 0.087846
0.174948 0.087846
0.177926 0.087846
0.180904 0.087846
0.183882 0.087846
0.227060 0.087846
0.271728 0.087846
0.288106 0.087846
-0.355107 0.086357
-0.352130 0.086357
-0.331285 0.086357
-0.322351 0.086357
-0.286617 0.086357
-0.283639 0.086357
-0.280661 0.086357
-0.174948 0.086357
-0.171970 0.086357
-0.168992 0.086357
-0.166015 0.086357
-0.163037 0.086357
-0.160059 0.086357
-0.157081 0.086357
-0.154103 0.086357
-0.107947 0.086357
-0.104969 0.086357
-0.066257 0.086357
-0.034990 0.086357
0.017123 0.086357
0.029034 0.086357
0.032012 0.086357
0.110925 0.086357
0.148148 0.086357
0.151125 0.086357
0.154103 0.086357
0.157081 0.086357
0.160059 0.086357
0.166015 0.086357
0.177926 0.086357
0.180904 0.086357
0.183882 0.086357
0.230038 0.086357
0.286617 0.086357
0.289595 0.086357
-0.353618 0.084868
-0.334262 0.084868
-0.331285 0.084868
-0.325329 0.084868
-0.288106 0.084868
-0.285128 0.084868
-0.282150 0.084868
-0.206215 0.084868
-0.174948 0.084868
-0.171970 0.084868
-0.168992 0.084868
-0.166015 0.084868
-0.163037 0.084868
-0.160059 0.084868
-0.157081 0.084868
-0.154103 0.084868
-0.151125 0.084868
-0.143681 0.084868
-0.067746 0.084868
-0.036479 0.084868
0.030523 0.084868
0.115391 0.084868
0.148148 0.084868
0.151125 0.084868
0.154103 0.084868
0.157081 0.084868
0.160059 0.084868
0.176437 0.084868
0.179415 0.084868
0.182393 0.084868
0.230038 0.084868
0.270239 0.084868
0.288106 0.084868
-0.355107 0.083380
-0.352130 0.083380
-0.332774 0.083380
-0.328307 0.083380
-0.322351 0.083380
-0.285128 0.083380
-0.282150 0.083380
-0.176437 0.083380
-0.173459 0.083380
-0.170481 0.083380
-0.167503 0.083380
-0.164526 0.083380
-0.161548 0.083380
-0.158570 0.083380
-0.155592 0.083380
-0.152614 0.083380
-0.149636 0.083380
-0.140703 0.083380
-0.066257 0.083380
-0.034990 0.083380
0.032012 0.083380
0.107947 0.083380
0.146659 0.083380
0.149636 0.083380
0.152614 0.083380
0.155592 0.083380
0.158570 0.083380
0.176437 0.083380
0.179415 0.083380
0.182393 0.083380
0.230038 0.083380
0.268750 0.083380
0.288106 0.083380
-0.355107 0.081891
-0.352130 0.081891
-0.332774 0.081891
-0.328307 0.081891
-0.288106 0.081891
-0.283639 0.081891
-0.249394 0.081891
-0.176437 0.081891
-0.173459 0.081891
-0.170481 0.081891
-0.167503 0.081891
-0.164526 0.081891
-0.161548 0.081891
-0.158570 0.081891
-0.155592 0.081891
-0.152614 0.081891
-0.149636 0.081891
-0.146659 0.081891
-0.139214 0.081891
-0.136236 0.081891
-0.085613 0.081891
-0.066257 0.081891
-0.036479 0.081891
0.030523 0.081891
0.033501 0.081891
0.118369 0.081891
0.146659 0.081891
0.149636 0.081891
0.152614 0.081891
0.155592 0.081891
0.158570 0.081891
0.177926 0.081891
0.180904 0.081891
0.183882 0.081891
0.233016 0.081891
0.285128 0.081891
0.288106 0.081891
-0.353618 0.080402
-0.334262 0.080402
-0.329796 0.080402
-0.289595 0.080402
-0.285128 0.080402
-0.249394 0.080402
-0.207704 0.080402
-0.176437 0.080402
-0.173459 0.080402
-0.170481 0.080402
-0.167503 0.080402
-0.160059 0.080402
-0.157081 0.080402
-0.154103 0.080402
-0.151125 0.080402
-0.146659 0.080402
-0.143681 0.080402
-0.137725 0.080402
-0.134747 0.080402
-0.066257 0.080402
-0.036479 0.080402
0.027545 0.080402
0.030523 0.080402
0.033501 0.080402
0.112413 0.080402
0.145170 0.080402
0.148148 0.080402
0.151125 0.080402
0.154103 0.080402
0.157081 0.080402
0.176437 0.080402
0.179415 0.080402
0.182393 0.080402
0.233016 0.080402
0.265772 0.080402
0.286617 0.080402
-0.355107 0.078913
-0.352130 0.078913
-0.331285 0.078913
-0.291084 0.078913
-0.288106 0.078913
-0.285128 0.078913
-0.249394 0.078913
-0.177926 0.078913
-0.174948 0.078913
-0.171970 0.078913
-0.168992 0.078913
-0.166015 0.078913
-0.155592 0.078913
-0.152614 0.078913
-0.149636 0.078913
-0.142192 0.078913
-0.139214 0.078913
-0.131769 0.078913
-0.128792 0.078913
-0.066257 0.078913
-0.034990 0.078913
0.024567 0.078913
0.027545 0.078913
0.030523 0.078913
0.033501 0.078913
0.103480 0.078913
0.143681 0.078913
0.146659 0.078913
0.149636 0.078913
0.152614 0.078913
0.155592 0.078913
0.158570 0.078913
0.177926 0.078913
0.180904 0.078913
0.183882 0.078913
0.235994 0.078913
0.286617 0.078913
-0.353618 0.077424
-0.335751 0.077424
-0.332774 0.077424
-0.328307 0.077424
-0.289595 0.077424
-0.286617 0.077424
-0.283639 0.077424
-0.244927 0.077424
-0.209193 0.077424
-0.177926 0.077424
-0.174948 0.077424
-0.171970 0.077424
-0.168992 0.077424
-0.161548 0.077424
-0.154103 0.077424
-0.151125 0.077424
-0.148148 0.077424
-0.137725 0.077424
-0.134747 0.077424
-0.130280 0.077424
-0.127303 0.077424
-0.066257 0.077424
0.018611 0.077424
0.021589 0.077424
0.024567 0.077424
0.027545 0.077424
0.030523 0.077424
0.033501 0.077424
0.101991 0.077424
0.115391 0.077424
0.145170 0.077424
0.148148 0.077424
0.151125 0.077424
0.154103 0.077424
0.157081 0.077424
0.177926 0.077424
0.180904 0.077424
0.183882 0.077424
0.237483 0.077424
0.285128 0.077424
0.288106 0.077424
-0.352130 0.075935
-0.335751 0.075935
-0.332774 0.075935
-0.291084 0.075935
-0.288106 0.075935
-0.285128 0.075935
-0.244927 0.075935
-0.179415 0.075935
-0.176437 0.075935
-0.173459 0.075935
-0.170481 0.075935
-0.163037 0.075935
-0.154103 0.075935
-0.148148 0.075935
-0.145170 0.075935
-0.067746 0.075935
-0.036479 0.075935
0.017123 0.075935
0.020100 0.075935
0.023078 0.075935
0.026056 0.075935
0.029034 0.075935
0.032012 0.075935
0.034990 0.075935
0.103480 0.075935
0.142192 0.075935
0.145170 0.075935
0.148148 0.075935
0.151125 0.075935
0.154103 0.075935
0.157081 0.075935
0.177926 0.075935
0.180904 0.075935
0.183882 0.075935
0.238972 0.075935
0.285128 0.075935
-0.353618 0.074446
-0.350641 0.074446
-0.334262 0.074446
-0.289595 0.074446
-0.286617 0.074446
-0.179415 0.074446
-0.176437 0.074446
-0.173459 0.074446
-0.170481 0.074446
-0.164526 0.074446
-0.146659 0.074446
-0.143681 0.074446
-0.118369 0.074446
-0.115391 0.074446
-0.066257 0.074446
0.012656 0.074446
0.015634 0.074446
0.018611 0.074446
0.021589 0.074446
0.024567 0.074446
0.027545 0.074446
0.030523 0.074446
0.033501 0.074446
0.036479 0.074446
0.143681 0.074446
0.146659 0.074446
0.149636 0.074446
0.152614 0.074446
0.155592 0.074446
0.179415 0.074446
0.182393 0.074446
0.185370 0.074446
0.240461 0.074446
0.285128 0.074446
-0.353618 0.072957
-0.350641 0.072957
-0.335751 0.072957
-0.291084 0.072957
-0.288106 0.072957
-0.180904 0.072957
-0.177926 0.072957
-0.174948 0.072957
-0.171970 0.072957
-0.164526 0.072957
-0.149636 0.072957
-0.143681 0.072957
-0.140703 0.072957
-0.067746 0.072957
-0.036479 0.072957
0.011167 0.072957
0.014145 0.072957
0.023078 0.072957
0.026056 0.072957
0.029034 0.072957
0.032012 0.072957
0.034990 0.072957
0.142192 0.072957
0.145170 0.072957
0.148148 0.072957
0.151125 0.072957
0.154103 0.072957
0.177926 0.072957
0.180904 0.072957
0.183882 0.072957
0.240461 0.072957
0.285128 0.072957
-0.352130 0.071468
-0.349152 0.071468
-0.335751 0.071468
-0.289595 0.071468
-0.286617 0.071468
-0.179415 0.071468
-0.176437 0.071468
-0.173459 0.071468
-0.166015 0.071468
-0.148148 0.071468
-0.140703 0.071468
-0.107947 0.071468
-0.069235 0.071468
-0.066257 0.071468
0.005211 0.071468
0.008189 0.071468
0.011167 0.071468
0.023078 0.071468
0.029034 0.071468
0.032012 0.071468
0.034990 0.071468
0.037967 0.071468
0.142192 0.071468
0.145170 0.071468
0.148148 0.071468
0.151125 0.071468
0.154103 0.071468
0.179415 0.071468
0.182393 0.071468
0.243438 0.071468
0.283639 0.071468
0.286617 0.071468
-0.350641 0.069979
-0.343196 0.069979
-0.335751 0.069979
-0.289595 0.069979
-0.286617 0.069979
-0.180904 0.069979
-0.177926 0.069979
-0.174948 0.069979
-0.171970 0.069979
-0.166015 0.069979
-0.139214 0.069979
-0.067746 0.069979
-0.036479 0.069979
0.005211 0.069979
0.020100 0.069979
0.023078 0.069979
0.026056 0.069979
0.029034 0.069979
0.032012 0.069979
0.036479 0.069979
0.139214 0.069979
0.142192 0.069979
0.145170 0.069979
0.148148 0.069979
0.151125 0.069979
0.154103 0.069979
0.179415 0.069979
0.182393 0.069979
0.282150 0.069979
0.285128 0.069979
-0.349152 0.068490
-0.343196 0.068490
-0.291084 0.068490
-0.288106 0.068490
-0.180904 0.068490
-0.177926 0.068490
-0.174948 0.068490
-0.167503 0.068490
-0.137725 0.068490
-0.097524 0.068490
-0.067746 0.068490
-0.036479 0.068490
-0.000744 0.068490
0.018611 0.068490
0.021589 0.068490
0.024567 0.068490
0.027545 0.068490
0.030523 0.068490
0.034990 0.068490
0.037967 0.068490
0.140703 0.068490
0.143681 0.068490
0.146659 0.068490
0.149636 0.068490
0.152614 0.068490
0.179415 0.068490
0.182393 0.068490
0.283639 0.068490
-0.350641 0.067001
-0.347663 0.067001
-0.337240 0.067001
-0.291084 0.067001
-0.288106 0.067001
-0.182393 0.067001
-0.179415 0.067001
-0.176437 0.067001
-0.173459 0.067001
-0.167503 0.067001
-0.069235 0.067001
-0.066257 0.067001
0.005211 0.067001
0.017123 0.067001
0.020100 0.067001
0.023078 0.067001
0.032012 0.067001
0.037967 0.067001
0.137725 0.067001
0.140703 0.067001
0.143681 0.067001
0.146659 0.067001
0.149636 0.067001
0.152614 0.067001
0.179415 0.067001
0.182393 0.067001
0.282150 0.067001
0.285128 0.067001
-0.349152 0.065512
-0.343196 0.065512
-0.292573 0.065512
-0.289595 0.065512
-0.183882 0.065512
-0.180904 0.065512
-0.177926 0.065512
-0.174948 0.065512
-0.171970 0.065512
-0.167503 0.065512
-0.067746 0.065512
-0.037967 0.065512
0.012656 0.065512
0.015634 0.065512
0.036479 0.065512
0.039456 0.065512
0.139214 0.065512
0.142192 0.065512
0.145170 0.065512
0.148148 0.065512
0.151125 0.065512
0.180904 0.065512
0.280661 0.065512
0.283639 0.065512
-0.347663 0.064024
-0.343196 0.064024
-0.292573 0.064024
-0.289595 0.064024
-0.183882 0.064024
-0.180904 0.064024
-0.177926 0.064024
-0.174948 0.064024
-0.171970 0.064024
-0.168992 0.064024
-0.087102 0.064024
-0.067746 0.064024
-0.037967 0.064024
0.009678 0.064024
0.033501 0.064024
0.037967 0.064024
0.137725 0.064024
0.140703 0.064024
0.143681 0.064024
0.146659 0.064024
0.149636 0.064024
0.179415 0.064024
0.182393 0.064024
0.282150 0.064024
-0.349152 0.062535
-0.346174 0.062535
-0.341707 0.062535
-0.291084 0.062535
-0.185370 0.062535
-0.182393 0.062535
-0.179415 0.062535
-0.176437 0.062535
-0.173459 0.062535
-0.170481 0.062535
-0.167503 0.062535
-0.085613 0.062535
-0.067746 0.062535
-0.037967 0.062535
0.033501 0.062535
0.039456 0.062535
0.066257 0.062535
0.137725 0.062535
0.140703 0.062535
0.145170 0.062535
0.149636 0.062535
0.180904 0.062535
0.183882 0.062535
0.279172 0.062535
0.282150 0.062535
-0.347663 0.061046
-0.344685 0.061046
-0.292573 0.061046
-0.289595 0.061046
-0.185370 0.061046
-0.182393 0.061046
-0.179415 0.061046
-0.176437 0.061046
-0.173459 0.061046
-0.170481 0.061046
-0.167503 0.061046
-0.084124 0.061046
-0.067746 0.061046
-0.037967 0.061046
0.037967 0.061046
0.040945 0.061046
0.136236 0.061046
0.139214 0.061046
0.145170 0.061046
0.148148 0.061046
0.179415 0.061046
0.182393 0.061046
0.279172 0.061046
0.282150 0.061046
-0.346174 0.059557
-0.343196 0.059557
-0.292573 0.059557
-0.186859 0.059557
-0.183882 0.059557
-0.180904 0.059557
-0.177926 0.059557
-0.174948 0.059557
-0.171970 0.059557
-0.164526 0.059557
-0.069235 0.059557
-0.066257 0.059557
-0.036479 0.059557
0.037967 0.059557
0.040945 0.059557
0.066257 0.059557
0.136236 0.059557
0.139214 0.059557
0.143681 0.059557
0.146659 0.059557
0.151125 0.059557
0.180904 0.059557
0.279172 0.059557
0.282150 0.059557
-0.346174 0.058068
-0.343196 0.058068
-0.292573 0.058068
-0.186859 0.058068
-0.183882 0.058068
-0.180904 0.058068
-0.177926 0.058068
-0.174948 0.058068
-0.171970 0.058068
-0.069235 0.058068
-0.066257 0.058068
-0.036479 0.058068
0.039456 0.058068
0.042434 0.058068
0.136236 0.058068
0.142192 0.058068
0.145170 0.058068
0.148148 0.058068
0.179415 0.058068
0.182393 0.058068
0.277684 0.058068
0.280661 0.058068
-0.346174 0.056579
-0.343196 0.056579
-0.292573 0.056579
-0.188348 0.056579
-0.185370 0.056579
-0.182393 0.056579
-0.179415 0.056579
-0.176437 0.056579
-0.173459 0.056579
-0.170481 0.056579
-0.067746 0.056579
-0.037967 0.056579
0.036479 0.056579
0.040945 0.056579
0.133258 0.056579
0.136236 0.056579
0.140703 0.056579
0.145170 0.056579
0.149636 0.056579
0.180904 0.056579
0.277684 0.056579
0.280661 0.056579
-0.344685 0.055090
-0.294062 0.055090
-0.291084 0.055090
-0.186859 0.055090
-0.183882 0.055090
-0.180904 0.055090
-0.177926 0.055090
-0.171970 0.055090
-0.168992 0.055090
-0.069235 0.055090
-0.066257 0.055090
-0.036479 0.055090
0.037967 0.055090
0.040945 0.055090
0.043923 0.055090
0.134747 0.055090
0.140703 0.055090
0.145170 0.055090
0.179415 0.055090
0.182393 0.055090
0.276195 0.055090
0.279172 0.055090
-0.344685 0.053601
-0.341707 0.053601
-0.294062 0.053601
-0.189837 0.053601
-0.186859 0.053601
-0.183882 0.053601
-0.180904 0.053601
-0.177926 0.053601
-0.168992 0.053601
-0.166015 0.053601
-0.067746 0.053601
-0.037967 0.053601
0.037967 0.053601
0.040945 0.053601
0.043923 0.053601
0.133258 0.053601
0.136236 0.053601
0.140703 0.053601
0.145170 0.053601
0.180904 0.053601
0.247905 0.053601
0.271728 0.053601
0.274706 0.053601
0.277684 0.053601
-0.344685 0.052112
-0.341707 0.052112
-0.294062 0.052112
-0.189837 0.052112
-0.186859 0.052112
-0.183882 0.052112
-0.180904 0.052112
-0.177926 0.052112
-0.170481 0.052112
-0.166015 0.052112
-0.160059 0.052112
-0.067746 0.052112
-0.049879 0.052112
-0.036479 0.052112
0.037967 0.052112
0.040945 0.052112
0.043923 0.052112
0.131769 0.052112
0.134747 0.052112
0.140703 0.052112
0.180904 0.052112
0.271728 0.052112
0.274706 0.052112
0.277684 0.052112
-0.343196 0.050623
-0.295551 0.050623
-0.292573 0.050623
-0.189837 0.050623
-0.186859 0.050623
-0.183882 0.050623
-0.180904 0.050623
-0.176437 0.050623
-0.164526 0.050623
-0.161548 0.050623
-0.067746 0.050623
0.034990 0.050623
0.040945 0.050623
0.043923 0.050623
0.131769 0.050623
0.134747 0.050623
0.139214 0.050623
0.145170 0.050623
0.182393 0.050623
0.252372 0.050623
0.271728 0.050623
0.274706 0.050623
0.277684 0.050623
-0.343196 0.049134
-0.295551 0.049134
-0.292573 0.049134
-0.191326 0.049134
-0.188348 0.049134
-0.185370 0.049134
-0.182393 0.049134
-0.177926 0.049134
-0.161548 0.049134
-0.067746 0.049134
0.034990 0.049134
0.037967 0.049134
0.040945 0.049134
0.043923 0.049134
0.130280 0.049134
0.133258 0.049134
0.139214 0.049134
0.182393 0.049134
0.270239 0.049134
0.273217 0.049134
0.276195 0.049134
0.279172 0.049134
-0.343196 0.047645
-0.340218 0.047645
-0.294062 0.047645
-0.192815 0.047645
-0.189837 0.047645
-0.186859 0.047645
-0.183882 0.047645
-0.180904 0.047645
-0.177926 0.047645
-0.067746 0.047645
0.032012 0.047645
0.034990 0.047645
0.037967 0.047645
0.040945 0.047645
0.043923 0.047645
0.046901 0.047645
0.131769 0.047645
0.137725 0.047645
0.142192 0.047645
0.182393 0.047645
0.270239 0.047645
0.274706 0.047645
0.277684 0.047645
-0.343196 0.046157
-0.340218 0.046157
-0.294062 0.046157
-0.194304 0.046157
-0.191326 0.046157
-0.188348 0.046157
-0.185370 0.046157
-0.182393 0.046157
-0.179415 0.046157
-0.067746 0.046157
-0.036479 0.046157
0.039456 0.046157
0.042434 0.046157
0.045412 0.046157
0.130280 0.046157
0.133258 0.046157
0.142192 0.046157
0.182393 0.046157
0.247905 0.046157
0.268750 0.046157
0.271728 0.046157
0.274706 0.046157
0.277684 0.046157
-0.343196 0.044668
-0.340218 0.044668
-0.294062 0.044668
-0.194304 0.044668
-0.191326 0.044668
-0.188348 0.044668
-0.185370 0.044668
-0.182393 0.044668
-0.179415 0.044668
-0.067746 0.044668
-0.036479 0.044668
0.040945 0.044668
0.043923 0.044668
0.046901 0.044668
0.130280 0.044668
0.136236 0.044668
0.182393 0.044668
0.265772 0.044668
0.268750 0.044668
0.271728 0.044668
0.274706 0.044668
0.277684 0.044668
-0.340218 0.043179
-0.297039 0.043179
-0.294062 0.043179
-0.194304 0.043179
-0.191326 0.043179
-0.188348 0.043179
-0.185370 0.043179
-0.182393 0.043179
-0.069235 0.043179
-0.066257 0.043179
0.042434 0.043179
0.045412 0.043179
0.048390 0.043179
0.131769 0.043179
0.140703 0.043179
0.180904 0.043179
0.186859 0.043179
0.267261 0.043179
0.270239 0.043179
0.273217 0.043179
0.276195 0.043179
-0.341707 0.041690
-0.338729 0.041690
-0.295551 0.041690
-0.195793 0.041690
-0.192815 0.041690
-0.189837 0.041690
-0.186859 0.041690
-0.183882 0.041690
-0.180904 0.041690
-0.067746 0.041690
-0.036479 0.041690
0.040945 0.041690
0.043923 0.041690
0.048390 0.041690
0.130280 0.041690
0.134747 0.041690
0.179415 0.041690
0.182393 0.041690
0.185370 0.041690
0.265772 0.041690
0.268750 0.041690
0.271728 0.041690
0.274706 0.041690
0.277684 0.041690
-0.340218 0.040201
-0.297039 0.040201
-0.294062 0.040201
-0.197282 0.040201
-0.194304 0.040201
-0.191326 0.040201
-0.188348 0.040201
-0.185370 0.040201
-0.182393 0.040201
-0.067746 0.040201
-0.037967 0.040201
0.036479 0.040201
0.039456 0.040201
0.043923 0.040201
0.048390 0.040201
0.122836 0.040201
0.131769 0.040201
0.136236 0.040201
0.179415 0.040201
0.182393 0.040201
0.185370 0.040201
0.262794 0.040201
0.265772 0.040201
0.268750 0.040201
0.271728 0.040201
0.274706 0.040201
-0.340218 0.038712
-0.337240 0.038712
-0.295551 0.038712
-0.207704 0.038712
-0.197282 0.038712
-0.194304 0.038712
-0.191326 0.038712
-0.188348 0.038712
-0.185370 0.038712
-0.182393 0.038712
-0.067746 0.038712
-0.036479 0.038712
0.048390 0.038712
0.051368 0.038712
0.122836 0.038712
0.130280 0.038712
0.134747 0.038712
0.180904 0.038712
0.183882 0.038712
0.186859 0.038712
0.261305 0.038712
0.265772 0.038712
0.268750 0.038712
0.271728 0.038712
0.274706 0.038712
-0.340218 0.037223
-0.337240 0.037223
-0.297039 0.037223
-0.294062 0.037223
-0.198771 0.037223
-0.195793 0.037223
-0.192815 0.037223
-0.189837 0.037223
-0.186859 0.037223
-0.183882 0.037223
-0.069235 0.037223
-0.066257 0.037223
0.048390 0.037223
0.051368 0.037223
0.128792 0.037223
0.131769 0.037223
0.139214 0.037223
0.180904 0.037223
0.183882 0.037223
0.186859 0.037223
0.258328 0.037223
0.261305 0.037223
0.265772 0.037223
0.268750 0.037223
0.271728 0.037223
0.274706 0.037223
-0.338729 0.035734
-0.335751 0.035734
-0.298528 0.035734
-0.295551 0.035734
-0.292573 0.035734
-0.201749 0.035734
-0.197282 0.035734
-0.194304 0.035734
-0.191326 0.035734
-0.188348 0.035734
-0.185370 0.035734
-0.069235 0.035734
-0.066257 0.035734
-0.036479 0.035734
0.051368 0.035734
0.121347 0.035734
0.130280 0.035734
0.133258 0.035734
0.139214 0.035734
0.180904 0.035734
0.183882 0.035734
0.186859 0.035734
0.189837 0.035734
0.258328 0.035734
0.261305 0.035734
0.264283 0.035734
0.267261 0.035734
0.270239 0.035734
0.273217 0.035734
-0.337240 0.034245
-0.301506 0.034245
-0.298528 0.034245
-0.295551 0.034245
-0.292573 0.034245
-0.203238 0.034245
-0.198771 0.034245
-0.195793 0.034245
-0.192815 0.034245
-0.189837 0.034245
-0.186859 0.034245
-0.069235 0.034245
-0.066257 0.034245
-0.036479 0.034245
0.049879 0.034245
0.052857 0.034245
0.121347 0.034245
0.131769 0.034245
0.179415 0.034245
0.182393 0.034245
0.186859 0.034245
0.189837 0.034245
0.192815 0.034245
0.259816 0.034245
0.262794 0.034245
0.265772 0.034245
0.268750 0.034245
0.271728 0.034245
-0.337240 0.032756
-0.302995 0.032756
-0.300017 0.032756
-0.297039 0.032756
-0.294062 0.032756
-0.215149 0.032756
-0.198771 0.032756
-0.195793 0.032756
-0.192815 0.032756
-0.189837 0.032756
-0.185370 0.032756
-0.067746 0.032756
-0.037967 0.032756
0.046901 0.032756
0.052857 0.032756
0.119858 0.032756
0.179415 0.032756
0.186859 0.032756
0.189837 0.032756
0.192815 0.032756
0.259816 0.032756
0.262794 0.032756
0.265772 0.032756
0.268750 0.032756
0.271728 0.032756
-0.335751 0.031267
-0.302995 0.031267
-0.300017 0.031267
-0.295551 0.031267
-0.292573 0.031267
-0.204726 0.031267
-0.200260 0.031267
-0.197282 0.031267
-0.194304 0.031267
-0.191326 0.031267
-0.186859 0.031267
-0.067746 0.031267
-0.037967 0.031267
0.051368 0.031267
0.054346 0.031267
0.128792 0.031267
0.179415 0.031267
0.189837 0.031267
0.192815 0.031267
0.195793 0.031267
0.261305 0.031267
0.264283 0.031267
0.267261 0.031267
0.270239 0.031267
-0.337240 0.029778
-0.334262 0.029778
-0.302995 0.029778
-0.300017 0.029778
-0.294062 0.029778
-0.216638 0.029778
-0.200260 0.029778
-0.197282 0.029778
-0.194304 0.029778
-0.191326 0.029778
-0.186859 0.029778
-0.067746 0.029778
-0.037967 0.029778
0.048390 0.029778
0.054346 0.029778
0.119858 0.029778
0.177926 0.029778
0.180904 0.029778
0.194304 0.029778
0.197282 0.029778
0.259816 0.029778
0.262794 0.029778
0.265772 0.029778
0.268750 0.029778
0.271728 0.029778
-0.335751 0.028289
-0.305973 0.028289
-0.302995 0.028289
-0.300017 0.028289
-0.292573 0.028289
-0.210682 0.028289
-0.203238 0.028289
-0.200260 0.028289
-0.197282 0.028289
-0.194304 0.028289
-0.189837 0.028289
-0.069235 0.028289
-0.066257 0.028289
-0.036479 0.028289
0.054346 0.028289
0.119858 0.028289
0.179415 0.028289
0.194304 0.028289
0.197282 0.028289
0.258328 0.028289
0.261305 0.028289
0.264283 0.028289
0.267261 0.028289
0.270239 0.028289
-0.334262 0.026801
-0.307462 0.026801
-0.304484 0.026801
-0.301506 0.026801
-0.292573 0.026801
-0.207704 0.026801
-0.201749 0.026801
-0.198771 0.026801
-0.195793 0.026801
-0.192815 0.026801
-0.189837 0.026801
-0.067746 0.026801
-0.037967 0.026801
0.054346 0.026801
0.057323 0.026801
0.133258 0.026801
0.179415 0.026801
0.197282 0.026801
0.200260 0.026801
0.256839 0.026801
0.259816 0.026801
0.262794 0.026801
0.265772 0.026801
0.268750 0.026801
-0.335751 0.025312
-0.332774 0.025312
-0.305973 0.025312
-0.302995 0.025312
-0.292573 0.025312
-0.204726 0.025312
-0.201749 0.025312
-0.198771 0.025312
-0.195793 0.025312
-0.192815 0.025312
-0.069235 0.025312
-0.066257 0.025312
-0.036479 0.025312
0.055834 0.025312
0.118369 0.025312
0.179415 0.025312
0.198771 0.025312
0.201749 0.025312
0.255350 0.025312
0.258328 0.025312
0.261305 0.025312
0.264283 0.025312
0.267261 0.025312
-0.334262 0.023823
-0.331285 0.023823
-0.307462 0.023823
-0.304484 0.023823
-0.292573 0.023823
-0.216638 0.023823
-0.206215 0.023823
-0.203238 0.023823
-0.200260 0.023823
-0.197282 0.023823
-0.194304 0.023823
-0.191326 0.023823
-0.067746 0.023823
-0.037967 0.023823
0.055834 0.023823
0.058812 0.023823
0.118369 0.023823
0.177926 0.023823
0.198771 0.023823
0.201749 0.023823
0.204726 0.023823
0.253861 0.023823
0.256839 0.023823
0.259816 0.023823
0.262794 0.023823
0.265772 0.023823
0.268750 0.023823
-0.332774 0.022334
-0.308951 0.022334
-0.305973 0.022334
-0.292573 0.022334
-0.218127 0.022334
-0.206215 0.022334
-0.203238 0.022334
-0.200260 0.022334
-0.197282 0.022334
-0.194304 0.022334
-0.069235 0.022334
-0.066257 0.022334
-0.036479 0.022334
0.057323 0.022334
0.060301 0.022334
0.176437 0.022334
0.179415 0.022334
0.201749 0.022334
0.204726 0.022334
0.253861 0.022334
0.256839 0.022334
0.259816 0.022334
0.262794 0.022334
0.265772 0.022334
-0.334262 0.020845
-0.331285 0.020845
-0.308951 0.020845
-0.305973 0.020845
-0.291084 0.020845
-0.262794 0.020845
-0.207704 0.020845
-0.204726 0.020845
-0.201749 0.020845
-0.198771 0.020845
-0.195793 0.020845
-0.192815 0.020845
-0.067746 0.020845
-0.037967 0.020845
0.057323 0.020845
0.060301 0.020845
0.176437 0.020845
0.179415 0.020845
0.203238 0.020845
0.206215 0.020845
0.252372 0.020845
0.255350 0.020845
0.258328 0.020845
0.261305 0.020845
0.264283 0.020845
-0.332774 0.019356
-0.329796 0.019356
-0.310440 0.019356
-0.307462 0.019356
-0.292573 0.019356
-0.289595 0.019356
-0.256839 0.019356
-0.207704 0.019356
-0.204726 0.019356
-0.201749 0.019356
-0.198771 0.019356
-0.195793 0.019356
-0.069235 0.019356
-0.066257 0.019356
-0.036479 0.019356
0.060301 0.019356
0.176437 0.019356
0.179415 0.019356
0.182393 0.019356
0.206215 0.019356
0.209193 0.019356
0.253861 0.019356
0.256839 0.019356
0.259816 0.019356
0.262794 0.019356
-0.332774 0.017867
-0.329796 0.017867
-0.310440 0.017867
-0.307462 0.017867
-0.291084 0.017867
-0.209193 0.017867
-0.206215 0.017867
-0.203238 0.017867
-0.200260 0.017867
-0.197282 0.017867
-0.194304 0.017867
-0.067746 0.017867
-0.037967 0.017867
0.055834 0.017867
0.060301 0.017867
0.174948 0.017867
0.177926 0.017867
0.180904 0.017867
0.183882 0.017867
0.207704 0.017867
0.210682 0.017867
0.253861 0.017867
0.256839 0.017867
0.261305 0.017867
-0.332774 0.016378
-0.329796 0.016378
-0.310440 0.016378
-0.291084 0.016378
-0.213660 0.016378
-0.207704 0.016378
-0.204726 0.016378
-0.201749 0.016378
-0.198771 0.016378
-0.195793 0.016378
-0.067746 0.016378
-0.037967 0.016378
0.055834 0.016378
0.061790 0.016378
0.121347 0.016378
0.174948 0.016378
0.177926 0.016378
0.180904 0.016378
0.183882 0.016378
0.207704 0.016378
0.210682 0.016378
0.250883 0.016378
0.253861 0.016378
0.256839 0.016378
0.261305 0.016378
-0.331285 0.014889
-0.328307 0.014889
-0.311929 0.014889
-0.308951 0.014889
-0.289595 0.014889
-0.228549 0.014889
-0.210682 0.014889
-0.207704 0.014889
-0.204726 0.014889
-0.201749 0.014889
-0.198771 0.014889
-0.069235 0.014889
-0.066257 0.014889
-0.036479 0.014889
0.060301 0.014889
0.063279 0.014889
0.174948 0.014889
0.177926 0.014889
0.180904 0.014889
0.183882 0.014889
0.186859 0.014889
0.210682 0.014889
0.213660 0.014889
0.252372 0.014889
0.255350 0.014889
0.258328 0.014889
0.261305 0.014889
-0.331285 0.013400
-0.328307 0.013400
-0.311929 0.013400
-0.292573 0.013400
-0.289595 0.013400
-0.231527 0.013400
-0.212171 0.013400
-0.209193 0.013400
-0.206215 0.013400
-0.203238 0.013400
-0.200260 0.013400
-0.069235 0.013400
-0.066257 0.013400
-0.036479 0.013400
0.061790 0.013400
0.064768 0.013400
0.174948 0.013400
0.177926 0.013400
0.180904 0.013400
0.183882 0.013400
0.186859 0.013400
0.189837 0.013400
0.210682 0.013400
0.213660 0.013400
0.250883 0.013400
0.253861 0.013400
0.256839 0.013400
0.259816 0.013400
0.262794 0.013400
-0.329796 0.011911
-0.314907 0.011911
-0.311929 0.011911
-0.294062 0.011911
-0.291084 0.011911
-0.288106 0.011911
-0.231527 0.011911
-0.212171 0.011911
-0.209193 0.011911
-0.206215 0.011911
-0.203238 0.011911
-0.200260 0.011911
-0.186859 0.011911
-0.067746 0.011911
-0.037967 0.011911
-0.034990 0.011911
0.061790 0.011911
0.064768 0.011911
0.173459 0.011911
0.176437 0.011911
0.180904 0.011911
0.183882 0.011911
0.186859 0.011911
0.189837 0.011911
0.210682 0.011911
0.213660 0.011911
0.216638 0.011911
0.250883 0.011911
0.253861 0.011911
0.256839 0.011911
0.259816 0.011911
-0.329796 0.010422
-0.326818 0.010422
-0.313418 0.010422
-0.295551 0.010422
-0.292573 0.010422
-0.289595 0.010422
-0.218127 0.010422
-0.212171 0.010422
-0.209193 0.010422
-0.206215 0.010422
-0.203238 0.010422
-0.200260 0.010422
-0.067746 0.010422
-0.037967 0.010422
-0.034990 0.010422
0.064768 0.010422
0.173459 0.010422
0.176437 0.010422
0.179415 0.010422
0.183882 0.010422
0.186859 0.010422
0.189837 0.010422
0.192815 0.010422
0.213660 0.010422
0.216638 0.010422
0.250883 0.010422
0.253861 0.010422
0.256839 0.010422
0.259816 0.010422
-0.329796 0.008934
-0.326818 0.008934
-0.313418 0.008934
-0.310440 0.008934
-0.294062 0.008934
-0.291084 0.008934
-0.288106 0.008934
-0.215149 0.008934
-0.212171 0.008934
-0.209193 0.008934
-0.206215 0.008934
-0.203238 0.008934
-0.200260 0.008934
-0.067746 0.008934
-0.036479 0.008934
0.063279 0.008934
0.066257 0.008934
0.171970 0.008934
0.174948 0.008934
0.177926 0.008934
0.182393 0.008934
0.185370 0.008934
0.188348 0.008934
0.191326 0.008934
0.194304 0.008934
0.216638 0.008934
0.249394 0.008934
0.252372 0.008934
0.255350 0.008934
0.258328 0.008934
-0.328307 0.007445
-0.325329 0.007445
-0.314907 0.007445
-0.311929 0.007445
-0.295551 0.007445
-0.292573 0.007445
-0.289595 0.007445
-0.286617 0.007445
-0.215149 0.007445
-0.212171 0.007445
-0.209193 0.007445
-0.206215 0.007445
-0.203238 0.007445
-0.189837 0.007445
-0.067746 0.007445
-0.036479 0.007445
0.064768 0.007445
0.067746 0.007445
0.171970 0.007445
0.174948 0.007445
0.177926 0.007445
0.183882 0.007445
0.186859 0.007445
0.189837 0.007445
0.192815 0.007445
0.195793 0.007445
0.216638 0.007445
0.219616 0.007445
0.250883 0.007445
0.253861 0.007445
0.256839 0.007445
0.259816 0.007445
-0.326818 0.005956
-0.316395 0.005956
-0.313418 0.005956
-0.298528 0.005956
-0.295551 0.005956
-0.292573 0.005956
-0.289595 0.005956
-0.286617 0.005956
-0.216638 0.005956
-0.213660 0.005956
-0.210682 0.005956
-0.207704 0.005956
-0.204726 0.005956
-0.069235 0.005956
-0.066257 0.005956
-0.034990 0.005956
0.066257 0.005956
0.069235 0.005956
0.173459 0.005956
0.176437 0.005956
0.179415 0.005956
0.186859 0.005956
0.189837 0.005956
0.192815 0.005956
0.195793 0.005956
0.216638 0.005956
0.219616 0.005956
0.249394 0.005956
0.252372 0.005956
0.255350 0.005956
0.258328 0.005956
-0.326818 0.004467
-0.317884 0.004467
-0.314907 0.004467
-0.311929 0.004467
-0.297039 0.004467
-0.294062 0.004467
-0.291084 0.004467
-0.288106 0.004467
-0.285128 0.004467
-0.218127 0.004467
-0.215149 0.004467
-0.212171 0.004467
-0.209193 0.004467
-0.204726 0.004467
-0.069235 0.004467
-0.066257 0.004467
-0.034990 0.004467
0.067746 0.004467
0.070724 0.004467
0.171970 0.004467
0.174948 0.004467
0.177926 0.004467
0.185370 0.004467
0.188348 0.004467
0.191326 0.004467
0.194304 0.004467
0.197282 0.004467
0.218127 0.004467
0.221105 0.004467
0.250883 0.004467
0.253861 0.004467
-0.326818 0.002978
-0.317884 0.002978
-0.314907 0.002978
-0.311929 0.002978
-0.298528 0.002978
-0.295551 0.002978
-0.292573 0.002978
-0.289595 0.002978
-0.286617 0.002978
-0.222593 0.002978
-0.218127 0.002978
-0.215149 0.002978
-0.212171 0.002978
-0.209193 0.002978
-0.204726 0.002978
-0.066257 0.002978
-0.034990 0.002978
0.069235 0.002978
0.072213 0.002978
0.171970 0.002978
0.174948 0.002978
0.177926 0.002978
0.188348 0.002978
0.191326 0.002978
0.194304 0.002978
0.197282 0.002978
0.200260 0.002978
0.221105 0.002978
0.252372 0.002978
0.255350 0.002978
-0.325329 0.001489
-0.317884 0.001489
-0.314907 0.001489
-0.311929 0.001489
-0.298528 0.001489
-0.295551 0.001489
-0.292573 0.001489
-0.289595 0.001489
-0.286617 0.001489
-0.283639 0.001489
-0.218127 0.001489
-0.215149 0.001489
-0.212171 0.001489
-0.209193 0.001489
-0.206215 0.001489
-0.067746 0.001489
-0.036479 0.001489
0.069235 0.001489
0.072213 0.001489
0.171970 0.001489
0.174948 0.001489
0.177926 0.001489
0.186859 0.001489
0.189837 0.001489
0.194304 0.001489
0.197282 0.001489
0.200260 0.001489
0.219616 0.001489
0.222593 0.001489
0.252372 0.001489
0.255350 0.001489
-0.325329 0.000000
-0.317884 0.000000
-0.314907 0.000000
-0.311929 0.000000
-0.300017 0.000000
-0.297039 0.000000
-0.294062 0.000000
-0.291084 0.000000
-0.288106 0.000000
-0.285128 0.000000
-0.221105 0.000000
-0.218127 0.000000
-0.215149 0.000000
-0.212171 0.000000
-0.207704 0.000000
-0.067746 0.000000
-0.036479 0.000000
0.070724 0.000000
0.073702 0.000000
0.170481 0.000000
0.173459 0.000000
0.177926 0.000000
0.188348 0.000000
0.191326 0.000000
0.195793 0.000000
0.198771 0.000000
0.201749 0.000000
0.221105 0.000000
0.224082 0.000000
0.250883 0.000000
0.253861 0.000000
-0.323840 -0.001489
-0.316395 -0.001489
-0.313418 -0.001489
-0.301506 -0.001489
-0.298528 -0.001489
-0.295551 -0.001489
-0.292573 -0.001489
-0.288106 -0.001489
-0.285128 -0.001489
-0.282150 -0.001489
-0.221105 -0.001489
-0.218127 -0.001489
-0.215149 -0.001489
-0.212171 -0.001489
-0.207704 -0.001489
-0.066257 -0.001489
0.070724 -0.001489
0.073702 -0.001489
0.168992 -0.001489
0.171970 -0.001489
0.174948 -0.001489
0.179415 -0.001489
0.189837 -0.001489
0.194304 -0.001489
0.197282 -0.001489
0.200260 -0.001489
0.203238 -0.001489
0.222593 -0.001489
0.225571 -0.001489
0.250883 -0.001489
0.253861 -0.001489
-0.323840 -0.002978
-0.317884 -0.002978
-0.314907 -0.002978
-0.311929 -0.002978
-0.301506 -0.002978
-0.298528 -0.002978
-0.295551 -0.002978
-0.292573 -0.002978
-0.288106 -0.002978
-0.285128 -0.002978
-0.282150 -0.002978
-0.221105 -0.002978
-0.218127 -0.002978
-0.215149 -0.002978
-0.210682 -0.002978
-0.207704 -0.002978
-0.067746 -0.002978
0.058812 -0.002978
0.072213 -0.002978
0.075190 -0.002978
0.167503 -0.002978
0.170481 -0.002978
0.173459 -0.002978
0.179415 -0.002978
0.189837 -0.002978
0.192815 -0.002978
0.197282 -0.002978
0.200260 -0.002978
0.203238 -0.002978
0.222593 -0.002978
0.225571 -0.002978
0.228549 -0.002978
0.252372 -0.002978
-0.322351 -0.004467
-0.316395 -0.004467
-0.313418 -0.004467
-0.302995 -0.004467
-0.300017 -0.004467
-0.297039 -0.004467
-0.294062 -0.004467
-0.289595 -0.004467
-0.286617 -0.004467
-0.282150 -0.004467
-0.224082 -0.004467
-0.221105 -0.004467
-0.218127 -0.004467
-0.215149 -0.004467
-0.209193 -0.004467
-0.066257 -0.004467
-0.034990 -0.004467
0.060301 -0.004467
0.073702 -0.004467
0.076679 -0.004467
0.168992 -0.004467
0.171970 -0.004467
0.174948 -0.004467
0.189837 -0.004467
0.192815 -0.004467
0.198771 -0.004467
0.201749 -0.004467
0.204726 -0.004467
0.222593 -0.004467
0.225571 -0.004467
0.228549 -0.004467
0.249394 -0.004467
0.252372 -0.004467
-0.322351 -0.005956
-0.317884 -0.005956
-0.314907 -0.005956
-0.311929 -0.005956
-0.302995 -0.005956
-0.300017 -0.005956
-0.297039 -0.005956
-0.294062 -0.005956
-0.289595 -0.005956
-0.286617 -0.005956
-0.282150 -0.005956
-0.225571 -0.005956
-0.222593 -0.005956
-0.219616 -0.005956
-0.216638 -0.005956
-0.213660 -0.005956
-0.210682 -0.005956
-0.204726 -0.005956
-0.066257 -0.005956
-0.034990 -0.005956
0.070724 -0.005956
0.075190 -0.005956
0.078168 -0.005956
0.167503 -0.005956
0.170481 -0.005956
0.173459 -0.005956
0.180904 -0.005956
0.191326 -0.005956
0.197282 -0.005956
0.200260 -0.005956
0.203238 -0.005956
0.206215 -0.005956
0.222593 -0.005956
0.225571 -0.005956
0.228549 -0.005956
0.249394 -0.005956
0.252372 -0.005956
-0.322351 -0.007445
-0.319373 -0.007445
-0.316395 -0.007445
-0.313418 -0.007445
-0.310440 -0.007445
-0.302995 -0.007445
-0.300017 -0.007445
-0.297039 -0.007445
-0.294062 -0.007445
-0.289595 -0.007445
-0.286617 -0.007445
-0.280661 -0.007445
-0.225571 -0.007445
-0.222593 -0.007445
-0.219616 -0.007445
-0.216638 -0.007445
-0.212171 -0.007445
-0.207704 -0.007445
-0.067746 -0.007445
-0.034990 -0.007445
0.075190 -0.007445
0.078168 -0.007445
0.166015 -0.007445
0.168992 -0.007445
0.171970 -0.007445
0.174948 -0.007445
0.191326 -0.007445
0.194304 -0.007445
0.200260 -0.007445
0.203238 -0.007445
0.206215 -0.007445
0.209193 -0.007445
0.227060 -0.007445
0.230038 -0.007445
0.250883 -0.007445
-0.320862 -0.008934
-0.317884 -0.008934
-0.314907 -0.008934
-0.311929 -0.008934
-0.308951 -0.008934
-0.302995 -0.008934
-0.300017 -0.008934
-0.297039 -0.008934
-0.294062 -0.008934
-0.289595 -0.008934
-0.282150 -0.008934
-0.279172 -0.008934
-0.225571 -0.008934
-0.222593 -0.008934
-0.219616 -0.008934
-0.215149 -0.008934
-0.212171 -0.008934
-0.209193 -0.008934
-0.145170 -0.008934
-0.066257 -0.008934
0.073702 -0.008934
0.078168 -0.008934
0.081146 -0.008934
0.167503 -0.008934
0.170481 -0.008934
0.173459 -0.008934
0.194304 -0.008934
0.203238 -0.008934
0.206215 -0.008934
0.209193 -0.008934
0.227060 -0.008934
0.230038 -0.008934
0.247905 -0.008934
0.250883 -0.008934
-0.320862 -0.010422
-0.317884 -0.010422
-0.314907 -0.010422
-0.311929 -0.010422
-0.308951 -0.010422
-0.302995 -0.010422
-0.300017 -0.010422
-0.297039 -0.010422
-0.294062 -0.010422
-0.288106 -0.010422
-0.280661 -0.010422
-0.230038 -0.010422
-0.227060 -0.010422
-0.224082 -0.010422
-0.221105 -0.010422
-0.218127 -0.010422
-0.213660 -0.010422
-0.210682 -0.010422
-0.066257 -0.010422
0.078168 -0.010422
0.081146 -0.010422
0.164526 -0.010422
0.167503 -0.010422
0.173459 -0.010422
0.192815 -0.010422
0.195793 -0.010422
0.204726 -0.010422
0.207704 -0.010422
0.210682 -0.010422
0.225571 -0.010422
0.228549 -0.010422
0.231527 -0.010422
0.247905 -0.010422
0.250883 -0.010422
-0.320862 -0.011911
-0.317884 -0.011911
-0.314907 -0.011911
-0.311929 -0.011911
-0.308951 -0.011911
-0.304484 -0.011911
-0.301506 -0.011911
-0.298528 -0.011911
-0.295551 -0.011911
-0.289595 -0.011911
-0.280661 -0.011911
-0.277684 -0.011911
-0.228549 -0.011911
-0.225571 -0.011911
-0.222593 -0.011911
-0.219616 -0.011911
-0.215149 -0.011911
-0.212171 -0.011911
-0.066257 -0.011911
0.075190 -0.011911
0.079657 -0.011911
0.082635 -0.011911
0.164526 -0.011911
0.167503 -0.011911
0.173459 -0.011911
0.185370 -0.011911
0.194304 -0.011911
0.203238 -0.011911
0.206215 -0.011911
0.209193 -0.011911
0.212171 -0.011911
0.225571 -0.011911
0.228549 -0.011911
0.231527 -0.011911
0.234505 -0.011911
0.247905 -0.011911
-0.320862 -0.013400
-0.317884 -0.013400
-0.314907 -0.013400
-0.311929 -0.013400
-0.308951 -0.013400
-0.304484 -0.013400
-0.301506 -0.013400
-0.298528 -0.013400
-0.295551 -0.013400
-0.289595 -0.013400
-0.283639 -0.013400
-0.279172 -0.013400
-0.231527 -0.013400
-0.228549 -0.013400
-0.225571 -0.013400
-0.222593 -0.013400
-0.218127 -0.013400
-0.215149 -0.013400
-0.067746 -0.013400
-0.034990 -0.013400
0.079657 -0.013400
0.082635 -0.013400
0.085613 -0.013400
0.164526 -0.013400
0.167503 -0.013400
0.174948 -0.013400
0.194304 -0.013400
0.197282 -0.013400
0.206215 -0.013400
0.209193 -0.013400
0.212171 -0.013400
0.224082 -0.013400
0.227060 -0.013400
0.230038 -0.013400
0.233016 -0.013400
0.246416 -0.013400
0.249394 -0.013400
-0.319373 -0.014889
-0.316395 -0.014889
-0.313418 -0.014889
-0.310440 -0.014889
-0.307462 -0.014889
-0.301506 -0.014889
-0.298528 -0.014889
-0.295551 -0.014889
-0.292573 -0.014889
-0.288106 -0.014889
-0.279172 -0.014889
-0.276195 -0.014889
-0.230038 -0.014889
-0.227060 -0.014889
-0.224082 -0.014889
-0.219616 -0.014889
-0.216638 -0.014889
-0.067746 -0.014889
-0.034990 -0.014889
0.082635 -0.014889
0.085613 -0.014889
0.163037 -0.014889
0.166015 -0.014889
0.168992 -0.014889
0.176437 -0.014889
0.194304 -0.014889
0.197282 -0.014889
0.206215 -0.014889
0.209193 -0.014889
0.212171 -0.014889
0.222593 -0.014889
0.225571 -0.014889
0.228549 -0.014889
0.231527 -0.014889
0.234505 -0.014889
0.246416 -0.014889
-0.320862 -0.016378
-0.317884 -0.016378
-0.314907 -0.016378
-0.311929 -0.016378
-0.308951 -0.016378
-0.305973 -0.016378
-0.301506 -0.016378
-0.297039 -0.016378
-0.294062 -0.016378
-0.289595 -0.016378
-0.283639 -0.016378
-0.277684 -0.016378
-0.233016 -0.016378
-0.230038 -0.016378
-0.227060 -0.016378
-0.224082 -0.016378
-0.221105 -0.016378
-0.218127 -0.016378
-0.110925 -0.016378
-0.067746 -0.016378
-0.064768 -0.016378
-0.033501 -0.016378
0.084124 -0.016378
0.087102 -0.016378
0.161548 -0.016378
0.164526 -0.016378
0.176437 -0.016378
0.188348 -0.016378
0.197282 -0.016378
0.209193 -0.016378
0.212171 -0.016378
0.221105 -0.016378
0.224082 -0.016378
0.227060 -0.016378
0.230038 -0.016378
0.233016 -0.016378
0.235994 -0.016378
0.246416 -0.016378
-0.319373 -0.017867
-0.316395 -0.017867
-0.313418 -0.017867
-0.310440 -0.017867
-0.307462 -0.017867
-0.304484 -0.017867
-0.301506 -0.017867
-0.295551 -0.017867
-0.292573 -0.017867
-0.289595 -0.017867
-0.286617 -0.017867
-0.279172 -0.017867
-0.276195 -0.017867
-0.234505 -0.017867
-0.231527 -0.017867
-0.228549 -0.017867
-0.225571 -0.017867
-0.222593 -0.017867
-0.219616 -0.017867
-0.109436 -0.017867
-0.067746 -0.017867
-0.064768 -0.017867
-0.033501 -0.017867
0.085613 -0.017867
0.088591 -0.017867
0.161548 -0.017867
0.164526 -0.017867
0.167503 -0.017867
0.179415 -0.017867
0.197282 -0.017867
0.207704 -0.017867
0.210682 -0.017867
0.213660 -0.017867
0.219616 -0.017867
0.222593 -0.017867
0.225571 -0.017867
0.228549 -0.017867
0.231527 -0.017867
0.234505 -0.017867
0.237483 -0.017867
0.246416 -0.017867
-0.317884 -0.019356
-0.314907 -0.019356
-0.311929 -0.019356
-0.308951 -0.019356
-0.305973 -0.019356
-0.302995 -0.019356
-0.292573 -0.019356
-0.289595 -0.019356
-0.286617 -0.019356
-0.280661 -0.019356
-0.276195 -0.019356
-0.273217 -0.019356
-0.234505 -0.019356
-0.231527 -0.019356
-0.228549 -0.019356
-0.225571 -0.019356
-0.222593 -0.019356
-0.219616 -0.019356
-0.067746 -0.019356
-0.064768 -0.019356
-0.033501 -0.019356
0.082635 -0.019356
0.087102 -0.019356
0.090080 -0.019356
0.160059 -0.019356
0.163037 -0.019356
0.167503 -0.019356
0.180904 -0.019356
0.195793 -0.019356
0.198771 -0.019356
0.209193 -0.019356
0.212171 -0.019356
0.215149 -0.019356
0.221105 -0.019356
0.224082 -0.019356
0.227060 -0.019356
0.230038 -0.019356
0.233016 -0.019356
0.235994 -0.019356
0.243438 -0.019356
0.246416 -0.019356
-0.316395 -0.020845
-0.313418 -0.020845
-0.310440 -0.020845
-0.307462 -0.020845
-0.304484 -0.020845
-0.301506 -0.020845
-0.292573 -0.020845
-0.289595 -0.020845
-0.286617 -0.020845
-0.282150 -0.020845
-0.276195 -0.020845
-0.273217 -0.020845
-0.235994 -0.020845
-0.233016 -0.020845
-0.230038 -0.020845
-0.227060 -0.020845
-0.224082 -0.020845
-0.221105 -0.020845
-0.130280 -0.020845
-0.067746 -0.020845
-0.064768 -0.020845
-0.033501 -0.020845
0.087102 -0.020845
0.090080 -0.020845
0.160059 -0.020845
0.163037 -0.020845
0.166015 -0.020845
0.180904 -0.020845
0.191326 -0.020845
0.198771 -0.020845
0.209193 -0.020845
0.212171 -0.020845
0.215149 -0.020845
0.219616 -0.020845
0.222593 -0.020845
0.225571 -0.020845
0.228549 -0.020845
0.231527 -0.020845
0.234505 -0.020845
0.237483 -0.020845
0.243438 -0.020845
0.246416 -0.020845
-0.316395 -0.022334
-0.313418 -0.022334
-0.310440 -0.022334
-0.307462 -0.022334
-0.304484 -0.022334
-0.301506 -0.022334
-0.298528 -0.022334
-0.291084 -0.022334
-0.288106 -0.022334
-0.283639 -0.022334
-0.280661 -0.022334
-0.273217 -0.022334
-0.238972 -0.022334
-0.235994 -0.022334
-0.233016 -0.022334
-0.230038 -0.022334
-0.227060 -0.022334
-0.224082 -0.022334
-0.066257 -0.022334
-0.034990 -0.022334
0.088591 -0.022334
0.091569 -0.022334
0.158570 -0.022334
0.161548 -0.022334
0.166015 -0.022334
0.182393 -0.022334
0.192815 -0.022334
0.198771 -0.022334
0.209193 -0.022334
0.212171 -0.022334
0.216638 -0.022334
0.219616 -0.022334
0.222593 -0.022334
0.225571 -0.022334
0.228549 -0.022334
0.231527 -0.022334
0.234505 -0.022334
0.237483 -0.022334
0.243438 -0.022334
-0.316395 -0.023823
-0.313418 -0.023823
-0.310440 -0.023823
-0.307462 -0.023823
-0.304484 -0.023823
-0.301506 -0.023823
-0.298528 -0.023823
-0.295551 -0.023823
-0.291084 -0.023823
-0.288106 -0.023823
-0.283639 -0.023823
-0.280661 -0.023823
-0.273217 -0.023823
-0.240461 -0.023823
-0.237483 -0.023823
-0.234505 -0.023823
-0.231527 -0.023823
-0.228549 -0.023823
-0.225571 -0.023823
-0.066257 -0.023823
-0.034990 -0.023823
0.081146 -0.023823
0.091569 -0.023823
0.094546 -0.023823
0.158570 -0.023823
0.161548 -0.023823
0.167503 -0.023823
0.185370 -0.023823
0.197282 -0.023823
0.200260 -0.023823
0.212171 -0.023823
0.215149 -0.023823
0.218127 -0.023823
0.221105 -0.023823
0.224082 -0.023823
0.227060 -0.023823
0.230038 -0.023823
0.233016 -0.023823
0.235994 -0.023823
0.238972 -0.023823
0.243438 -0.023823
-0.314907 -0.025312
-0.311929 -0.025312
-0.308951 -0.025312
-0.305973 -0.025312
-0.302995 -0.025312
-0.300017 -0.025312
-0.297039 -0.025312
-0.294062 -0.025312
-0.291084 -0.025312
-0.288106 -0.025312
-0.283639 -0.025312
-0.280661 -0.025312
-0.271728 -0.025312
-0.241949 -0.025312
-0.238972 -0.025312
-0.235994 -0.025312
-0.233016 -0.025312
-0.230038 -0.025312
-0.227060 -0.025312
-0.219616 -0.025312
-0.064768 -0.025312
-0.033501 -0.025312
0.084124 -0.025312
0.093057 -0.025312
0.096035 -0.025312
0.151125 -0.025312
0.158570 -0.025312
0.185370 -0.025312
0.192815 -0.025312
0.200260 -0.025312
0.212171 -0.025312
0.215149 -0.025312
0.218127 -0.025312
0.221105 -0.025312
0.224082 -0.025312
0.227060 -0.025312
0.230038 -0.025312
0.233016 -0.025312
0.235994 -0.025312
0.238972 -0.025312
0.241949 -0.025312
0.244927 -0.025312
-0.313418 -0.026801
-0.310440 -0.026801
-0.307462 -0.026801
-0.304484 -0.026801
-0.301506 -0.026801
-0.298528 -0.026801
-0.295551 -0.026801
-0.292573 -0.026801
-0.289595 -0.026801
-0.286617 -0.026801
-0.283639 -0.026801
-0.280661 -0.026801
-0.273217 -0.026801
-0.270239 -0.026801
-0.241949 -0.026801
-0.238972 -0.026801
-0.235994 -0.026801
-0.233016 -0.026801
-0.230038 -0.026801
-0.227060 -0.026801
-0.127303 -0.026801
-0.064768 -0.026801
-0.033501 -0.026801
0.088591 -0.026801
0.091569 -0.026801
0.094546 -0.026801
0.097524 -0.026801
0.151125 -0.026801
0.158570 -0.026801
0.186859 -0.026801
0.198771 -0.026801
0.209193 -0.026801
0.212171 -0.026801
0.215149 -0.026801
0.218127 -0.026801
0.221105 -0.026801
0.224082 -0.026801
0.227060 -0.026801
0.230038 -0.026801
0.233016 -0.026801
0.235994 -0.026801
0.238972 -0.026801
0.241949 -0.026801
-0.313418 -0.028289
-0.310440 -0.028289
-0.307462 -0.028289
-0.304484 -0.028289
-0.301506 -0.028289
-0.298528 -0.028289
-0.295551 -0.028289
-0.292573 -0.028289
-0.289595 -0.028289
-0.286617 -0.028289
-0.283639 -0.028289
-0.280661 -0.028289
-0.271728 -0.028289
-0.268750 -0.028289
-0.241949 -0.028289
-0.238972 -0.028289
-0.235994 -0.028289
-0.233016 -0.028289
-0.230038 -0.028289
-0.227060 -0.028289
-0.066257 -0.028289
-0.034990 -0.028289
0.090080 -0.028289
0.093057 -0.028289
0.096035 -0.028289
0.099013 -0.028289
0.155592 -0.028289
0.158570 -0.028289
0.194304 -0.028289
0.200260 -0.028289
0.209193 -0.028289
0.212171 -0.028289
0.215149 -0.028289
0.218127 -0.028289
0.221105 -0.028289
0.224082 -0.028289
0.227060 -0.028289
0.230038 -0.028289
0.233016 -0.028289
0.237483 -0.028289
0.240461 -0.028289
0.243438 -0.028289
-0.310440 -0.029778
-0.307462 -0.029778
-0.304484 -0.029778
-0.295551 -0.029778
-0.292573 -0.029778
-0.289595 -0.029778
-0.286617 -0.029778
-0.283639 -0.029778
-0.280661 -0.029778
-0.270239 -0.029778
-0.267261 -0.029778
-0.243438 -0.029778
-0.240461 -0.029778
-0.237483 -0.029778
-0.234505 -0.029778
-0.230038 -0.029778
-0.116880 -0.029778
-0.066257 -0.029778
-0.063279 -0.029778
-0.033501 -0.029778
0.097524 -0.029778
0.100502 -0.029778
0.155592 -0.029778
0.158570 -0.029778
0.194304 -0.029778
0.198771 -0.029778
0.201749 -0.029778
0.210682 -0.029778
0.213660 -0.029778
0.216638 -0.029778
0.219616 -0.029778
0.222593 -0.029778
0.225571 -0.029778
0.228549 -0.029778
0.231527 -0.029778
0.238972 -0.029778
0.241949 -0.029778
-0.305973 -0.031267
-0.286617 -0.031267
-0.283639 -0.031267
-0.280661 -0.031267
-0.274706 -0.031267
-0.268750 -0.031267
-0.247905 -0.031267
-0.244927 -0.031267
-0.241949 -0.031267
-0.238972 -0.031267
-0.235994 -0.031267
-0.231527 -0.031267
-0.115391 -0.031267
-0.112413 -0.031267
-0.064768 -0.031267
-0.034990 -0.031267
0.087102 -0.031267
0.099013 -0.031267
0.101991 -0.031267
0.104969 -0.031267
0.155592 -0.031267
0.189837 -0.031267
0.195793 -0.031267
0.201749 -0.031267
0.210682 -0.031267
0.213660 -0.031267
0.237483 -0.031267
0.240461 -0.031267
-0.286617 -0.032756
-0.283639 -0.032756
-0.280661 -0.032756
-0.274706 -0.032756
-0.267261 -0.032756
-0.249394 -0.032756
-0.246416 -0.032756
-0.243438 -0.032756
-0.240461 -0.032756
-0.237483 -0.032756
-0.233016 -0.032756
-0.110925 -0.032756
-0.064768 -0.032756
-0.034990 -0.032756
0.045412 -0.032756
0.090080 -0.032756
0.100502 -0.032756
0.103480 -0.032756
0.106458 -0.032756
0.155592 -0.032756
0.183882 -0.032756
0.191326 -0.032756
0.195793 -0.032756
0.201749 -0.032756
0.209193 -0.032756
0.212171 -0.032756
-0.286617 -0.034245
-0.283639 -0.034245
-0.280661 -0.034245
-0.274706 -0.034245
-0.265772 -0.034245
-0.250883 -0.034245
-0.247905 -0.034245
-0.244927 -0.034245
-0.241949 -0.034245
-0.238972 -0.034245
-0.234505 -0.034245
-0.066257 -0.034245
-0.063279 -0.034245
0.039456 -0.034245
0.042434 -0.034245
0.091569 -0.034245
0.094546 -0.034245
0.103480 -0.034245
0.106458 -0.034245
0.109436 -0.034245
0.154103 -0.034245
0.191326 -0.034245
0.195793 -0.034245
0.200260 -0.034245
0.203238 -0.034245
0.209193 -0.034245
0.212171 -0.034245
-0.286617 -0.035734
-0.283639 -0.035734
-0.280661 -0.035734
-0.274706 -0.035734
-0.265772 -0.035734
-0.262794 -0.035734
-0.250883 -0.035734
-0.247905 -0.035734
-0.244927 -0.035734
-0.241949 -0.035734
-0.238972 -0.035734
-0.235994 -0.035734
-0.066257 -0.035734
-0.063279 -0.035734
0.032012 -0.035734
0.034990 -0.035734
0.037967 -0.035734
0.057323 -0.035734
0.060301 -0.035734
0.096035 -0.035734
0.099013 -0.035734
0.104969 -0.035734
0.107947 -0.035734
0.110925 -0.035734
0.152614 -0.035734
0.155592 -0.035734
0.195793 -0.035734
0.200260 -0.035734
0.203238 -0.035734
0.209193 -0.035734
0.212171 -0.035734
-0.285128 -0.037223
-0.282150 -0.037223
-0.279172 -0.037223
-0.274706 -0.037223
-0.264283 -0.037223
-0.261305 -0.037223
-0.252372 -0.037223
-0.249394 -0.037223
-0.246416 -0.037223
-0.243438 -0.037223
-0.240461 -0.037223
-0.235994 -0.037223
-0.064768 -0.037223
0.097524 -0.037223
0.100502 -0.037223
0.103480 -0.037223
0.106458 -0.037223
0.109436 -0.037223
0.112413 -0.037223
0.151125 -0.037223
0.154103 -0.037223
0.194304 -0.037223
0.197282 -0.037223
0.203238 -0.037223
0.207704 -0.037223
0.210682 -0.037223
0.213660 -0.037223
-0.283639 -0.038712
-0.280661 -0.038712
-0.276195 -0.038712
-0.262794 -0.038712
-0.259816 -0.038712
-0.256839 -0.038712
-0.253861 -0.038712
-0.250883 -0.038712
-0.246416 -0.038712
-0.243438 -0.038712
-0.240461 -0.038712
-0.237483 -0.038712
-0.085613 -0.038712
-0.082635 -0.038712
-0.063279 -0.038712
0.097524 -0.038712
0.106458 -0.038712
0.109436 -0.038712
0.112413 -0.038712
0.115391 -0.038712
0.151125 -0.038712
0.189837 -0.038712
0.197282 -0.038712
0.203238 -0.038712
0.207704 -0.038712
0.210682 -0.038712
0.213660 -0.038712
-0.282150 -0.040201
-0.279172 -0.040201
-0.262794 -0.040201
-0.259816 -0.040201
-0.256839 -0.040201
-0.253861 -0.040201
-0.246416 -0.040201
-0.243438 -0.040201
-0.240461 -0.040201
-0.237483 -0.040201
-0.176437 -0.040201
-0.168992 -0.040201
-0.063279 -0.040201
-0.048390 -0.040201
-0.033501 -0.040201
0.099013 -0.040201
0.110925 -0.040201
0.113902 -0.040201
0.116880 -0.040201
0.119858 -0.040201
0.149636 -0.040201
0.152614 -0.040201
0.191326 -0.040201
0.197282 -0.040201
0.201749 -0.040201
0.204726 -0.040201
0.207704 -0.040201
0.210682 -0.040201
0.213660 -0.040201
-0.282150 -0.041690
-0.279172 -0.041690
-0.274706 -0.041690
-0.258328 -0.041690
-0.255350 -0.041690
-0.243438 -0.041690
-0.240461 -0.041690
-0.176437 -0.041690
-0.168992 -0.041690
-0.166015 -0.041690
-0.064768 -0.041690
-0.061790 -0.041690
-0.034990 -0.041690
0.042434 -0.041690
0.100502 -0.041690
0.103480 -0.041690
0.107947 -0.041690
0.113902 -0.041690
0.116880 -0.041690
0.119858 -0.041690
0.146659 -0.041690
0.149636 -0.041690
0.189837 -0.041690
0.197282 -0.041690
0.201749 -0.041690
0.204726 -0.041690
0.207704 -0.041690
0.210682 -0.041690
0.213660 -0.041690
-0.280661 -0.043179
-0.276195 -0.043179
-0.241949 -0.043179
-0.235994 -0.043179
-0.163037 -0.043179
-0.160059 -0.043179
-0.063279 -0.043179
-0.048390 -0.043179
0.060301 -0.043179
0.101991 -0.043179
0.104969 -0.043179
0.112413 -0.043179
0.116880 -0.043179
0.119858 -0.043179
0.122836 -0.043179
0.125814 -0.043179
0.146659 -0.043179
0.149636 -0.043179
0.192815 -0.043179
0.198771 -0.043179
0.203238 -0.043179
0.206215 -0.043179
0.209193 -0.043179
-0.282150 -0.044668
-0.279172 -0.044668
-0.276195 -0.044668
-0.240461 -0.044668
-0.152614 -0.044668
-0.149636 -0.044668
-0.061790 -0.044668
0.113902 -0.044668
0.119858 -0.044668
0.122836 -0.044668
0.125814 -0.044668
0.128792 -0.044668
0.131769 -0.044668
0.143681 -0.044668
0.146659 -0.044668
0.179415 -0.044668
0.182393 -0.044668
0.197282 -0.044668
0.201749 -0.044668
0.204726 -0.044668
0.207704 -0.044668
-0.282150 -0.046157
-0.279172 -0.046157
-0.276195 -0.046157
-0.238972 -0.046157
-0.145170 -0.046157
-0.142192 -0.046157
-0.061790 -0.046157
-0.034990 -0.046157
0.026056 -0.046157
0.029034 -0.046157
0.118369 -0.046157
0.125814 -0.046157
0.128792 -0.046157
0.131769 -0.046157
0.134747 -0.046157
0.137725 -0.046157
0.140703 -0.046157
0.143681 -0.046157
0.146659 -0.046157
0.185370 -0.046157
0.198771 -0.046157
0.201749 -0.046157
0.204726 -0.046157
0.207704 -0.046157
-0.280661 -0.047645
-0.277684 -0.047645
-0.241949 -0.047645
-0.238972 -0.047645
-0.157081 -0.047645
-0.142192 -0.047645
-0.061790 -0.047645
-0.036479 -0.047645
0.020100 -0.047645
0.023078 -0.047645
0.026056 -0.047645
0.029034 -0.047645
0.118369 -0.047645
0.127303 -0.047645
0.130280 -0.047645
0.133258 -0.047645
0.136236 -0.047645
0.139214 -0.047645
0.142192 -0.047645
0.198771 -0.047645
0.201749 -0.047645
0.204726 -0.047645
0.207704 -0.047645
-0.279172 -0.049134
-0.276195 -0.049134
-0.241949 -0.049134
-0.061790 -0.049134
-0.037967 -0.049134
0.020100 -0.049134
0.119858 -0.049134
0.122836 -0.049134
0.130280 -0.049134
0.133258 -0.049134
0.136236 -0.049134
0.139214 -0.049134
0.191326 -0.049134
0.203238 -0.049134
0.206215 -0.049134
0.209193 -0.049134
-0.277684 -0.050623
-0.274706 -0.050623
-0.161548 -0.050623
-0.142192 -0.050623
-0.060301 -0.050623
-0.039456 -0.050623
-0.014145 -0.050623
0.118369 -0.050623
0.127303 -0.050623
0.130280 -0.050623
0.133258 -0.050623
0.136236 -0.050623
0.195793 -0.050623
0.198771 -0.050623
0.203238 -0.050623
0.206215 -0.050623
0.209193 -0.050623
-0.277684 -0.052112
-0.274706 -0.052112
-0.143681 -0.052112
-0.140703 -0.052112
-0.061790 -0.052112
-0.058812 -0.052112
-0.039456 -0.052112
-0.014145 -0.052112
0.124325 -0.052112
0.127303 -0.052112
0.131769 -0.052112
0.194304 -0.052112
0.197282 -0.052112
0.200260 -0.052112
0.203238 -0.052112
0.206215 -0.052112
0.209193 -0.052112
-0.276195 -0.053601
-0.273217 -0.053601
-0.139214 -0.053601
-0.136236 -0.053601
-0.061790 -0.053601
-0.058812 -0.053601
-0.042434 -0.053601
-0.009678 -0.053601
0.121347 -0.053601
0.124325 -0.053601
0.127303 -0.053601
0.130280 -0.053601
0.183882 -0.053601
0.186859 -0.053601
0.189837 -0.053601
0.192815 -0.053601
0.195793 -0.053601
0.198771 -0.053601
0.203238 -0.053601
0.206215 -0.053601
0.209193 -0.053601
-0.276195 -0.055090
-0.273217 -0.055090
-0.240461 -0.055090
-0.145170 -0.055090
-0.134747 -0.055090
-0.131769 -0.055090
-0.119858 -0.055090
-0.116880 -0.055090
-0.106458 -0.055090
-0.058812 -0.055090
-0.046901 -0.055090
-0.043923 -0.055090
-0.012656 -0.055090
0.119858 -0.055090
0.122836 -0.055090
0.128792 -0.055090
0.192815 -0.055090
0.203238 -0.055090
0.206215 -0.055090
0.209193 -0.055090
-0.274706 -0.056579
-0.271728 -0.056579
-0.241949 -0.056579
-0.130280 -0.056579
-0.127303 -0.056579
-0.124325 -0.056579
-0.109436 -0.056579
-0.060301 -0.056579
-0.057323 -0.056579
-0.049879 -0.056579
-0.046901 -0.056579
-0.020100 -0.056579
0.125814 -0.056579
0.154103 -0.056579
0.203238 -0.056579
0.206215 -0.056579
0.209193 -0.056579
-0.274706 -0.058068
-0.271728 -0.058068
-0.127303 -0.058068
-0.124325 -0.058068
-0.121347 -0.058068
-0.118369 -0.058068
-0.109436 -0.058068
-0.058812 -0.058068
-0.055834 -0.058068
-0.052857 -0.058068
-0.049879 -0.058068
-0.023078 -0.058068
0.125814 -0.058068
0.154103 -0.058068
0.203238 -0.058068
0.206215 -0.058068
0.209193 -0.058068
-0.273217 -0.059557
-0.122836 -0.059557
-0.119858 -0.059557
-0.116880 -0.059557
-0.113902 -0.059557
-0.058812 -0.059557
-0.055834 -0.059557
0.151125 -0.059557
0.176437 -0.059557
0.183882 -0.059557
0.191326 -0.059557
0.203238 -0.059557
0.206215 -0.059557
0.209193 -0.059557
-0.273217 -0.061046
-0.270239 -0.061046
-0.115391 -0.061046
-0.112413 -0.061046
-0.109436 -0.061046
-0.076679 -0.061046
-0.073702 -0.061046
-0.057323 -0.061046
0.182393 -0.061046
0.185370 -0.061046
0.188348 -0.061046
0.191326 -0.061046
0.204726 -0.061046
0.207704 -0.061046
-0.273217 -0.062535
-0.270239 -0.062535
-0.110925 -0.062535
-0.107947 -0.062535
-0.104969 -0.062535
-0.101991 -0.062535
-0.057323 -0.062535
0.182393 -0.062535
0.185370 -0.062535
0.188348 -0.062535
0.203238 -0.062535
0.206215 -0.062535
0.209193 -0.062535
-0.271728 -0.064024
-0.268750 -0.064024
-0.104969 -0.064024
-0.101991 -0.064024
-0.099013 -0.064024
-0.096035 -0.064024
-0.057323 -0.064024
0.180904 -0.064024
0.188348 -0.064024
0.203238 -0.064024
0.206215 -0.064024
0.209193 -0.064024
-0.270239 -0.065512
-0.176437 -0.065512
-0.099013 -0.065512
-0.096035 -0.065512
-0.093057 -0.065512
-0.090080 -0.065512
-0.063279 -0.065512
-0.058812 -0.065512
-0.055834 -0.065512
0.203238 -0.065512
0.206215 -0.065512
0.209193 -0.065512
-0.270239 -0.067001
-0.267261 -0.067001
-0.093057 -0.067001
-0.090080 -0.067001
-0.087102 -0.067001
-0.084124 -0.067001
-0.081146 -0.067001
-0.064768 -0.067001
-0.060301 -0.067001
-0.055834 -0.067001
0.029034 -0.067001
0.032012 -0.067001
0.049879 -0.067001
0.052857 -0.067001
0.055834 -0.067001
0.058812 -0.067001
0.061790 -0.067001
0.064768 -0.067001
0.067746 -0.067001
0.070724 -0.067001
0.119858 -0.067001
0.130280 -0.067001
0.203238 -0.067001
0.206215 -0.067001
0.209193 -0.067001
-0.268750 -0.068490
-0.265772 -0.068490
-0.090080 -0.068490
-0.087102 -0.068490
-0.084124 -0.068490
-0.081146 -0.068490
-0.078168 -0.068490
-0.075190 -0.068490
-0.069235 -0.068490
-0.057323 -0.068490
-0.054346 -0.068490
0.052857 -0.068490
0.058812 -0.068490
0.061790 -0.068490
0.064768 -0.068490
0.067746 -0.068490
0.127303 -0.068490
0.130280 -0.068490
0.163037 -0.068490
0.203238 -0.068490
0.206215 -0.068490
-0.270239 -0.069979
-0.267261 -0.069979
-0.088591 -0.069979
-0.085613 -0.069979
-0.082635 -0.069979
-0.079657 -0.069979
-0.076679 -0.069979
-0.073702 -0.069979
-0.055834 -0.069979
-0.015634 -0.069979
-0.012656 -0.069979
-0.009678 -0.069979
0.023078 -0.069979
0.201749 -0.069979
0.204726 -0.069979
0.207704 -0.069979
-0.268750 -0.071468
-0.265772 -0.071468
-0.076679 -0.071468
-0.073702 -0.071468
-0.070724 -0.071468
-0.060301 -0.071468
-0.055834 -0.071468
-0.014145 -0.071468
-0.011167 -0.071468
-0.008189 -0.071468
0.014145 -0.071468
0.017123 -0.071468
0.020100 -0.071468
0.201749 -0.071468
0.204726 -0.071468
0.207704 -0.071468
-0.268750 -0.072957
-0.265772 -0.072957
-0.252372 -0.072957
-0.070724 -0.072957
-0.067746 -0.072957
-0.064768 -0.072957
-0.061790 -0.072957
-0.058812 -0.072957
-0.055834 -0.072957
-0.052857 -0.072957
-0.015634 -0.072957
-0.012656 -0.072957
-0.009678 -0.072957
-0.006700 -0.072957
0.203238 -0.072957
0.206215 -0.072957
-0.270239 -0.074446
-0.267261 -0.074446
-0.264283 -0.074446
-0.064768 -0.074446
-0.061790 -0.074446
-0.058812 -0.074446
-0.055834 -0.074446
-0.052857 -0.074446
0.201749 -0.074446
0.204726 -0.074446
0.207704 -0.074446
-0.268750 -0.075935
-0.265772 -0.075935
-0.262794 -0.075935
-0.052857 -0.075935
-0.048390 -0.075935
-0.045412 -0.075935
0.203238 -0.075935
0.206215 -0.075935
-0.268750 -0.077424
-0.265772 -0.077424
-0.261305 -0.077424
-0.149636 -0.077424
-0.146659 -0.077424
-0.055834 -0.077424
-0.052857 -0.077424
-0.049879 -0.077424
0.203238 -0.077424
0.206215 -0.077424
-0.268750 -0.078913
-0.265772 -0.078913
-0.261305 -0.078913
-0.176437 -0.078913
-0.158570 -0.078913
-0.155592 -0.078913
-0.152614 -0.078913
-0.149636 -0.078913
-0.143681 -0.078913
-0.137725 -0.078913
-0.134747 -0.078913
-0.131769 -0.078913
-0.128792 -0.078913
-0.125814 -0.078913
-0.119858 -0.078913
-0.110925 -0.078913
-0.099013 -0.078913
-0.096035 -0.078913
-0.093057 -0.078913
-0.058812 -0.078913
-0.055834 -0.078913
-0.052857 -0.078913
-0.049879 -0.078913
-0.046901 -0.078913
-0.034990 -0.078913
-0.032012 -0.078913
0.203238 -0.078913
0.206215 -0.078913
-0.268750 -0.080402
-0.265772 -0.080402
-0.259816 -0.080402
-0.171970 -0.080402
-0.152614 -0.080402
-0.145170 -0.080402
-0.139214 -0.080402
-0.136236 -0.080402
-0.128792 -0.080402
-0.122836 -0.080402
-0.119858 -0.080402
-0.115391 -0.080402
-0.112413 -0.080402
-0.109436 -0.080402
-0.106458 -0.080402
-0.103480 -0.080402
-0.100502 -0.080402
-0.097524 -0.080402
-0.094546 -0.080402
-0.091569 -0.080402
-0.088591 -0.080402
-0.085613 -0.080402
-0.082635 -0.080402
-0.079657 -0.080402
-0.076679 -0.080402
-0.073702 -0.080402
-0.070724 -0.080402
-0.067746 -0.080402
-0.064768 -0.080402
-0.061790 -0.080402
-0.058812 -0.080402
-0.055834 -0.080402
-0.052857 -0.080402
-0.049879 -0.080402
-0.046901 -0.080402
-0.043923 -0.080402
-0.040945 -0.080402
-0.037967 -0.080402
-0.030523 -0.080402
0.201749 -0.080402
0.204726 -0.080402
0.207704 -0.080402
-0.267261 -0.081891
-0.264283 -0.081891
-0.177926 -0.081891
-0.154103 -0.081891
-0.146659 -0.081891
-0.136236 -0.081891
-0.133258 -0.081891
-0.128792 -0.081891
-0.125814 -0.081891
-0.122836 -0.081891
-0.119858 -0.081891
-0.116880 -0.081891
-0.113902 -0.081891
-0.110925 -0.081891
-0.107947 -0.081891
-0.104969 -0.081891
-0.101991 -0.081891
-0.099013 -0.081891
-0.096035 -0.081891
-0.093057 -0.081891
-0.090080 -0.081891
-0.087102 -0.081891
-0.084124 -0.081891
-0.081146 -0.081891
-0.078168 -0.081891
-0.075190 -0.081891
-0.072213 -0.081891
-0.069235 -0.081891
-0.066257 -0.081891
-0.063279 -0.081891
-0.060301 -0.081891
-0.057323 -0.081891
-0.054346 -0.081891
-0.051368 -0.081891
-0.048390 -0.081891
-0.045412 -0.081891
-0.042434 -0.081891
-0.039456 -0.081891
-0.036479 -0.081891
-0.033501 -0.081891
-0.030523 -0.081891
-0.027545 -0.081891
0.201749 -0.081891
0.204726 -0.081891
0.207704 -0.081891
-0.265772 -0.083380
-0.177926 -0.083380
-0.155592 -0.083380
-0.146659 -0.083380
-0.142192 -0.083380
-0.139214 -0.083380
-0.136236 -0.083380
-0.133258 -0.083380
-0.130280 -0.083380
-0.127303 -0.083380
-0.124325 -0.083380
-0.121347 -0.083380
-0.118369 -0.083380
-0.115391 -0.083380
-0.112413 -0.083380
-0.109436 -0.083380
-0.106458 -0.083380
-0.103480 -0.083380
-0.100502 -0.083380
-0.097524 -0.083380
-0.094546 -0.083380
-0.091569 -0.083380
-0.088591 -0.083380
-0.085613 -0.083380
-0.082635 -0.083380
-0.079657 -0.083380
-0.076679 -0.083380
-0.073702 -0.083380
-0.070724 -0.083380
-0.067746 -0.083380
-0.064768 -0.083380
-0.061790 -0.083380
-0.058812 -0.083380
-0.055834 -0.083380
-0.052857 -0.083380
-0.049879 -0.083380
-0.046901 -0.083380
-0.043923 -0.083380
-0.040945 -0.083380
-0.037967 -0.083380
-0.034990 -0.083380
-0.032012 -0.083380
-0.029034 -0.083380
-0.026056 -0.083380
-0.023078 -0.083380
-0.020100 -0.083380
0.201749 -0.083380
0.204726 -0.083380
0.207704 -0.083380
-0.265772 -0.084868
-0.177926 -0.084868
-0.125814 -0.084868
-0.122836 -0.084868
-0.119858 -0.084868
-0.116880 -0.084868
-0.113902 -0.084868
-0.110925 -0.084868
-0.107947 -0.084868
-0.104969 -0.084868
-0.101991 -0.084868
-0.099013 -0.084868
-0.096035 -0.084868
-0.093057 -0.084868
-0.090080 -0.084868
-0.087102 -0.084868
-0.084124 -0.084868
-0.081146 -0.084868
-0.078168 -0.084868
-0.075190 -0.084868
-0.072213 -0.084868
-0.069235 -0.084868
-0.066257 -0.084868
-0.063279 -0.084868
-0.060301 -0.084868
-0.057323 -0.084868
-0.054346 -0.084868
-0.051368 -0.084868
-0.048390 -0.084868
-0.045412 -0.084868
-0.042434 -0.084868
-0.039456 -0.084868
-0.036479 -0.084868
-0.033501 -0.084868
-0.030523 -0.084868
-0.027545 -0.084868
-0.024567 -0.084868
-0.021589 -0.084868
-0.018611 -0.084868
-0.015634 -0.084868
-0.012656 -0.084868
0.109436 -0.084868
0.197282 -0.084868
0.203238 -0.084868
0.206215 -0.084868
-0.267261 -0.086357
-0.264283 -0.086357
-0.112413 -0.086357
-0.109436 -0.086357
-0.106458 -0.086357
-0.103480 -0.086357
-0.100502 -0.086357
-0.097524 -0.086357
-0.094546 -0.086357
-0.091569 -0.086357
-0.088591 -0.086357
-0.085613 -0.086357
-0.082635 -0.086357
-0.079657 -0.086357
-0.076679 -0.086357
-0.073702 -0.086357
-0.070724 -0.086357
-0.063279 -0.086357
-0.060301 -0.086357
-0.057323 -0.086357
-0.054346 -0.086357
-0.051368 -0.086357
-0.048390 -0.086357
-0.045412 -0.086357
-0.042434 -0.086357
-0.039456 -0.086357
-0.036479 -0.086357
-0.033501 -0.086357
-0.030523 -0.086357
-0.027545 -0.086357
-0.024567 -0.086357
-0.021589 -0.086357
-0.018611 -0.086357
-0.015634 -0.086357
-0.012656 -0.086357
-0.009678 -0.086357
-0.006700 -0.086357
-0.003722 -0.086357
-0.000744 -0.086357
0.002233 -0.086357
0.005211 -0.086357
0.008189 -0.086357
0.106458 -0.086357
0.201749 -0.086357
0.204726 -0.086357
-0.267261 -0.087846
-0.264283 -0.087846
-0.151125 -0.087846
-0.133258 -0.087846
-0.106458 -0.087846
-0.103480 -0.087846
-0.100502 -0.087846
-0.097524 -0.087846
-0.066257 -0.087846
-0.063279 -0.087846
-0.060301 -0.087846
-0.057323 -0.087846
-0.054346 -0.087846
-0.051368 -0.087846
-0.048390 -0.087846
-0.045412 -0.087846
-0.042434 -0.087846
-0.039456 -0.087846
-0.034990 -0.087846
-0.032012 -0.087846
-0.029034 -0.087846
-0.026056 -0.087846
-0.023078 -0.087846
-0.020100 -0.087846
-0.017123 -0.087846
-0.014145 -0.087846
-0.011167 -0.087846
-0.008189 -0.087846
-0.005211 -0.087846
-0.002233 -0.087846
0.000744 -0.087846
0.003722 -0.087846
0.006700 -0.087846
0.009678 -0.087846
0.012656 -0.087846
0.201749 -0.087846
0.204726 -0.087846
-0.265772 -0.089335
-0.262794 -0.089335
-0.131769 -0.089335
-0.128792 -0.089335
-0.066257 -0.089335
-0.058812 -0.089335
-0.055834 -0.089335
-0.052857 -0.089335
-0.049879 -0.089335
-0.046901 -0.089335
-0.043923 -0.089335
-0.040945 -0.089335
-0.037967 -0.089335
-0.034990 -0.089335
-0.032012 -0.089335
-0.024567 -0.089335
-0.021589 -0.089335
-0.018611 -0.089335
-0.015634 -0.089335
-0.012656 -0.089335
-0.009678 -0.089335
-0.006700 -0.089335
-0.003722 -0.089335
-0.000744 -0.089335
0.002233 -0.089335
0.005211 -0.089335
0.008189 -0.089335
0.011167 -0.089335
0.014145 -0.089335
0.017123 -0.089335
0.020100 -0.089335
0.023078 -0.089335
0.029034 -0.089335
0.203238 -0.089335
0.206215 -0.089335
-0.264283 -0.090824
-0.060301 -0.090824
-0.057323 -0.090824
-0.054346 -0.090824
-0.051368 -0.090824
-0.048390 -0.090824
-0.045412 -0.090824
-0.042434 -0.090824
-0.039456 -0.090824
-0.036479 -0.090824
-0.032012 -0.090824
-0.014145 -0.090824
-0.011167 -0.090824
-0.008189 -0.090824
-0.005211 -0.090824
-0.002233 -0.090824
0.000744 -0.090824
0.003722 -0.090824
0.006700 -0.090824
0.009678 -0.090824
0.012656 -0.090824
0.015634 -0.090824
0.018611 -0.090824
0.021589 -0.090824
0.024567 -0.090824
0.027545 -0.090824
0.030523 -0.090824
0.033501 -0.090824
0.201749 -0.090824
0.204726 -0.090824
-0.265772 -0.092313
-0.262794 -0.092313
-0.063279 -0.092313
-0.060301 -0.092313
-0.057323 -0.092313
-0.054346 -0.092313
-0.051368 -0.092313
-0.048390 -0.092313
-0.045412 -0.092313
-0.042434 -0.092313
-0.039456 -0.092313
-0.036479 -0.092313
-0.033501 -0.092313
-0.008189 -0.092313
-0.005211 -0.092313
-0.002233 -0.092313
0.000744 -0.092313
0.003722 -0.092313
0.006700 -0.092313
0.009678 -0.092313
0.012656 -0.092313
0.015634 -0.092313
0.018611 -0.092313
0.021589 -0.092313
0.024567 -0.092313
0.027545 -0.092313
0.030523 -0.092313
0.033501 -0.092313
0.036479 -0.092313
0.039456 -0.092313
0.093057 -0.092313
0.201749 -0.092313
0.204726 -0.092313
-0.265772 -0.093802
-0.262794 -0.093802
-0.258328 -0.093802
-0.066257 -0.093802
-0.063279 -0.093802
-0.060301 -0.093802
-0.057323 -0.093802
-0.054346 -0.093802
-0.051368 -0.093802
-0.048390 -0.093802
-0.045412 -0.093802
-0.042434 -0.093802
-0.039456 -0.093802
-0.036479 -0.093802
-0.033501 -0.093802
0.014145 -0.093802
0.017123 -0.093802
0.020100 -0.093802
0.023078 -0.093802
0.026056 -0.093802
0.029034 -0.093802
0.032012 -0.093802
0.034990 -0.093802
0.037967 -0.093802
0.040945 -0.093802
0.043923 -0.093802
0.046901 -0.093802
0.090080 -0.093802
0.093057 -0.093802
0.203238 -0.093802
0.206215 -0.093802
-0.264283 -0.095291
-0.261305 -0.095291
-0.076679 -0.095291
-0.073702 -0.095291
-0.070724 -0.095291
-0.067746 -0.095291
-0.064768 -0.095291
-0.061790 -0.095291
-0.058812 -0.095291
-0.055834 -0.095291
-0.052857 -0.095291
-0.049879 -0.095291
-0.046901 -0.095291
-0.043923 -0.095291
-0.040945 -0.095291
-0.037967 -0.095291
-0.034990 -0.095291
-0.032012 -0.095291
-0.029034 -0.095291
0.026056 -0.095291
0.029034 -0.095291
0.032012 -0.095291
0.034990 -0.095291
0.037967 -0.095291
0.040945 -0.095291
0.043923 -0.095291
0.046901 -0.095291
0.049879 -0.095291
0.057323 -0.095291
0.090080 -0.095291
0.200260 -0.095291
0.206215 -0.095291
-0.264283 -0.096780
-0.261305 -0.096780
-0.079657 -0.096780
-0.076679 -0.096780
-0.073702 -0.096780
-0.070724 -0.096780
-0.067746 -0.096780
-0.064768 -0.096780
-0.061790 -0.096780
-0.058812 -0.096780
-0.055834 -0.096780
-0.052857 -0.096780
-0.049879 -0.096780
-0.046901 -0.096780
-0.043923 -0.096780
-0.040945 -0.096780
-0.037967 -0.096780
-0.034990 -0.096780
-0.032012 -0.096780
-0.029034 -0.096780
0.034990 -0.096780
0.058812 -0.096780
0.061790 -0.096780
0.064768 -0.096780
0.200260 -0.096780
0.206215 -0.096780
-0.262794 -0.098269
-0.259816 -0.098269
-0.082635 -0.098269
-0.079657 -0.098269
-0.076679 -0.098269
-0.073702 -0.098269
-0.070724 -0.098269
-0.067746 -0.098269
-0.064768 -0.098269
-0.061790 -0.098269
-0.058812 -0.098269
-0.055834 -0.098269
-0.052857 -0.098269
-0.049879 -0.098269
-0.046901 -0.098269
-0.043923 -0.098269
-0.040945 -0.098269
-0.037967 -0.098269
-0.034990 -0.098269
-0.032012 -0.098269
-0.029034 -0.098269
-0.026056 -0.098269
0.204726 -0.098269
0.207704 -0.098269
-0.261305 -0.099758
-0.088591 -0.099758
-0.085613 -0.099758
-0.082635 -0.099758
-0.079657 -0.099758
-0.076679 -0.099758
-0.073702 -0.099758
-0.067746 -0.099758
-0.064768 -0.099758
-0.061790 -0.099758
-0.058812 -0.099758
-0.055834 -0.099758
-0.052857 -0.099758
-0.049879 -0.099758
-0.046901 -0.099758
-0.043923 -0.099758
-0.040945 -0.099758
-0.037967 -0.099758
-0.034990 -0.099758
-0.032012 -0.099758
-0.029034 -0.099758
-0.026056 -0.099758
-0.023078 -0.099758
0.206215 -0.099758
-0.262794 -0.101247
-0.259816 -0.101247
-0.097524 -0.101247
-0.094546 -0.101247
-0.091569 -0.101247
-0.088591 -0.101247
-0.085613 -0.101247
-0.072213 -0.101247
-0.069235 -0.101247
-0.066257 -0.101247
-0.063279 -0.101247
-0.058812 -0.101247
-0.055834 -0.101247
-0.052857 -0.101247
-0.049879 -0.101247
-0.046901 -0.101247
-0.043923 -0.101247
-0.040945 -0.101247
-0.037967 -0.101247
-0.034990 -0.101247
-0.032012 -0.101247
-0.029034 -0.101247
-0.026056 -0.101247
-0.023078 -0.101247
-0.020100 -0.101247
0.206215 -0.101247
-0.261305 -0.102735
-0.258328 -0.102735
-0.099013 -0.102735
-0.096035 -0.102735
-0.088591 -0.102735
-0.085613 -0.102735
-0.076679 -0.102735
-0.073702 -0.102735
-0.070724 -0.102735
-0.064768 -0.102735
-0.058812 -0.102735
-0.054346 -0.102735
-0.051368 -0.102735
-0.048390 -0.102735
-0.045412 -0.102735
-0.042434 -0.102735
-0.039456 -0.102735
-0.036479 -0.102735
-0.033501 -0.102735
-0.030523 -0.102735
-0.027545 -0.102735
-0.024567 -0.102735
-0.021589 -0.102735
-0.018611 -0.102735
0.206215 -0.102735
0.209193 -0.102735
-0.259816 -0.104224
-0.091569 -0.104224
-0.088591 -0.104224
-0.069235 -0.104224
-0.061790 -0.104224
-0.051368 -0.104224
-0.048390 -0.104224
-0.045412 -0.104224
-0.042434 -0.104224
-0.039456 -0.104224
-0.036479 -0.104224
-0.033501 -0.104224
-0.030523 -0.104224
-0.027545 -0.104224
-0.024567 -0.104224
-0.021589 -0.104224
-0.018611 -0.104224
-0.015634 -0.104224
0.206215 -0.104224
0.209193 -0.104224
-0.259816 -0.105713
-0.256839 -0.105713
-0.176437 -0.105713
-0.079657 -0.105713
-0.070724 -0.105713
-0.051368 -0.105713
-0.048390 -0.105713
-0.045412 -0.105713
-0.042434 -0.105713
-0.039456 -0.105713
-0.036479 -0.105713
-0.033501 -0.105713
-0.030523 -0.105713
-0.026056 -0.105713
-0.023078 -0.105713
-0.020100 -0.105713
-0.017123 -0.105713
-0.014145 -0.105713
0.046901 -0.105713
0.207704 -0.105713
-0.259816 -0.107202
-0.256839 -0.107202
-0.176437 -0.107202
-0.088591 -0.107202
-0.085613 -0.107202
-0.082635 -0.107202
-0.052857 -0.107202
-0.049879 -0.107202
-0.046901 -0.107202
-0.043923 -0.107202
-0.040945 -0.107202
-0.037967 -0.107202
-0.034990 -0.107202
-0.032012 -0.107202
-0.029034 -0.107202
-0.024567 -0.107202
-0.021589 -0.107202
-0.018611 -0.107202
-0.015634 -0.107202
-0.012656 -0.107202
-0.009678 -0.107202
0.206215 -0.107202
0.209193 -0.107202
-0.258328 -0.108691
-0.176437 -0.108691
-0.170481 -0.108691
-0.054346 -0.108691
-0.048390 -0.108691
-0.045412 -0.108691
-0.042434 -0.108691
-0.039456 -0.108691
-0.036479 -0.108691
-0.033501 -0.108691
-0.030523 -0.108691
-0.027545 -0.108691
-0.021589 -0.108691
-0.014145 -0.108691
-0.011167 -0.108691
-0.008189 -0.108691
0.207704 -0.108691
-0.258328 -0.110180
-0.255350 -0.110180
-0.168992 -0.110180
-0.079657 -0.110180
-0.076679 -0.110180
-0.073702 -0.110180
-0.057323 -0.110180
-0.051368 -0.110180
-0.048390 -0.110180
-0.045412 -0.110180
-0.042434 -0.110180
-0.039456 -0.110180
-0.036479 -0.110180
-0.033501 -0.110180
-0.030523 -0.110180
-0.027545 -0.110180
-0.012656 -0.110180
-0.009678 -0.110180
-0.006700 -0.110180
0.206215 -0.110180
0.209193 -0.110180
-0.256839 -0.111669
-0.238972 -0.111669
-0.174948 -0.111669
-0.161548 -0.111669
-0.075190 -0.111669
-0.060301 -0.111669
-0.052857 -0.111669
-0.049879 -0.111669
-0.046901 -0.111669
-0.043923 -0.111669
-0.040945 -0.111669
-0.037967 -0.111669
-0.034990 -0.111669
-0.032012 -0.111669
-0.029034 -0.111669
-0.026056 -0.111669
-0.011167 -0.111669
-0.008189 -0.111669
-0.005211 -0.111669
-0.002233 -0.111669
0.207704 -0.111669
-0.258328 -0.113158
-0.255350 -0.113158
-0.163037 -0.113158
-0.160059 -0.113158
-0.070724 -0.113158
-0.061790 -0.113158
-0.054346 -0.113158
-0.048390 -0.113158
-0.045412 -0.113158
-0.042434 -0.113158
-0.039456 -0.113158
-0.036479 -0.113158
-0.033501 -0.113158
-0.030523 -0.113158
-0.027545 -0.113158
-0.024567 -0.113158
-0.012656 -0.113158
-0.005211 -0.113158
-0.002233 -0.113158
0.191326 -0.113158
0.207704 -0.113158
-0.256839 -0.114647
-0.253861 -0.114647
-0.072213 -0.114647
-0.069235 -0.114647
-0.058812 -0.114647
-0.049879 -0.114647
-0.046901 -0.114647
-0.043923 -0.114647
-0.040945 -0.114647
-0.037967 -0.114647
-0.034990 -0.114647
-0.032012 -0.114647
-0.029034 -0.114647
-0.026056 -0.114647
-0.023078 -0.114647
-0.012656 -0.114647
-0.002233 -0.114647
0.000744 -0.114647
0.180904 -0.114647
0.195793 -0.114647
0.207704 -0.114647
-0.256839 -0.116136
-0.253861 -0.116136
-0.166015 -0.116136
-0.073702 -0.116136
-0.070724 -0.116136
-0.067746 -0.116136
-0.060301 -0.116136
-0.052857 -0.116136
-0.049879 -0.116136
-0.046901 -0.116136
-0.043923 -0.116136
-0.040945 -0.116136
-0.037967 -0.116136
-0.034990 -0.116136
-0.032012 -0.116136
-0.029034 -0.116136
-0.026056 -0.116136
-0.023078 -0.116136
-0.020100 -0.116136
-0.012656 -0.116136
-0.000744 -0.116136
0.002233 -0.116136
0.006700 -0.116136
0.206215 -0.116136
0.209193 -0.116136
-0.255350 -0.117625
-0.252372 -0.117625
-0.173459 -0.117625
-0.170481 -0.117625
-0.069235 -0.117625
-0.066257 -0.117625
-0.063279 -0.117625
-0.054346 -0.117625
-0.051368 -0.117625
-0.048390 -0.117625
-0.045412 -0.117625
-0.042434 -0.117625
-0.039456 -0.117625
-0.036479 -0.117625
-0.033501 -0.117625
-0.030523 -0.117625
-0.027545 -0.117625
-0.024567 -0.117625
-0.021589 -0.117625
-0.014145 -0.117625
0.002233 -0.117625
0.005211 -0.117625
0.173459 -0.117625
0.176437 -0.117625
0.207704 -0.117625
-0.256839 -0.119114
-0.253861 -0.119114
-0.176437 -0.119114
-0.170481 -0.119114
-0.067746 -0.119114
-0.064768 -0.119114
-0.055834 -0.119114
-0.049879 -0.119114
-0.045412 -0.119114
-0.042434 -0.119114
-0.039456 -0.119114
-0.036479 -0.119114
-0.033501 -0.119114
-0.030523 -0.119114
-0.027545 -0.119114
-0.024567 -0.119114
-0.021589 -0.119114
-0.018611 -0.119114
0.005211 -0.119114
0.008189 -0.119114
0.011167 -0.119114
0.171970 -0.119114
0.174948 -0.119114
0.194304 -0.119114
0.207704 -0.119114
-0.256839 -0.120602
-0.253861 -0.120602
-0.250883 -0.120602
-0.166015 -0.120602
-0.067746 -0.120602
-0.061790 -0.120602
-0.058812 -0.120602
-0.049879 -0.120602
-0.045412 -0.120602
-0.042434 -0.120602
-0.039456 -0.120602
-0.036479 -0.120602
-0.033501 -0.120602
-0.030523 -0.120602
-0.027545 -0.120602
-0.024567 -0.120602
-0.021589 -0.120602
-0.018611 -0.120602
0.005211 -0.120602
0.008189 -0.120602
0.011167 -0.120602
0.014145 -0.120602
0.167503 -0.120602
0.170481 -0.120602
0.194304 -0.120602
0.207704 -0.120602
-0.256839 -0.122091
-0.253861 -0.122091
-0.250883 -0.122091
-0.069235 -0.122091
-0.066257 -0.122091
-0.063279 -0.122091
-0.052857 -0.122091
-0.049879 -0.122091
-0.046901 -0.122091
-0.043923 -0.122091
-0.040945 -0.122091
-0.037967 -0.122091
-0.034990 -0.122091
-0.032012 -0.122091
-0.029034 -0.122091
-0.026056 -0.122091
-0.023078 -0.122091
-0.020100 -0.122091
-0.017123 -0.122091
0.008189 -0.122091
0.011167 -0.122091
0.014145 -0.122091
0.017123 -0.122091
0.163037 -0.122091
0.192815 -0.122091
0.207704 -0.122091
-0.256839 -0.123580
-0.253861 -0.123580
-0.249394 -0.123580
-0.160059 -0.123580
-0.066257 -0.123580
-0.063279 -0.123580
-0.052857 -0.123580
-0.046901 -0.123580
-0.043923 -0.123580
-0.040945 -0.123580
-0.037967 -0.123580
-0.034990 -0.123580
-0.032012 -0.123580
-0.029034 -0.123580
-0.026056 -0.123580
-0.023078 -0.123580
-0.020100 -0.123580
-0.017123 -0.123580
-0.014145 -0.123580
0.012656 -0.123580
0.015634 -0.123580
0.018611 -0.123580
0.192815 -0.123580
0.207704 -0.123580
-0.256839 -0.125069
-0.253861 -0.125069
-0.249394 -0.125069
-0.054346 -0.125069
-0.048390 -0.125069
-0.045412 -0.125069
-0.042434 -0.125069
-0.039456 -0.125069
-0.036479 -0.125069
-0.033501 -0.125069
-0.030523 -0.125069
-0.027545 -0.125069
-0.024567 -0.125069
-0.021589 -0.125069
-0.017123 -0.125069
-0.014145 -0.125069
0.012656 -0.125069
0.015634 -0.125069
0.018611 -0.125069
0.021589 -0.125069
0.192815 -0.125069
0.207704 -0.125069
-0.256839 -0.126558
-0.253861 -0.126558
-0.249394 -0.126558
-0.073702 -0.126558
-0.051368 -0.126558
-0.048390 -0.126558
-0.045412 -0.126558
-0.042434 -0.126558
-0.039456 -0.126558
-0.036479 -0.126558
-0.033501 -0.126558
-0.030523 -0.126558
-0.027545 -0.126558
-0.024567 -0.126558
-0.021589 -0.126558
-0.017123 -0.126558
-0.014145 -0.126558
0.017123 -0.126558
0.020100 -0.126558
0.023078 -0.126558
0.191326 -0.126558
0.207704 -0.126558
-0.255350 -0.128047
-0.252372 -0.128047
-0.247905 -0.128047
-0.052857 -0.128047
-0.049879 -0.128047
-0.046901 -0.128047
-0.043923 -0.128047
-0.040945 -0.128047
-0.037967 -0.128047
-0.034990 -0.128047
-0.032012 -0.128047
-0.029034 -0.128047
-0.026056 -0.128047
-0.023078 -0.128047
-0.020100 -0.128047
-0.014145 -0.128047
-0.011167 -0.128047
0.021589 -0.128047
0.024567 -0.128047
0.189837 -0.128047
0.209193 -0.128047
-0.253861 -0.129536
-0.249394 -0.129536
-0.174948 -0.129536
-0.052857 -0.129536
-0.049879 -0.129536
-0.046901 -0.129536
-0.043923 -0.129536
-0.040945 -0.129536
-0.037967 -0.129536
-0.034990 -0.129536
-0.032012 -0.129536
-0.029034 -0.129536
-0.026056 -0.129536
-0.023078 -0.129536
-0.020100 -0.129536
-0.014145 -0.129536
-0.011167 -0.129536
0.023078 -0.129536
0.026056 -0.129536
0.188348 -0.129536
0.207704 -0.129536
-0.255350 -0.131025
-0.252372 -0.131025
-0.247905 -0.131025
-0.055834 -0.131025
-0.052857 -0.131025
-0.049879 -0.131025
-0.046901 -0.131025
-0.043923 -0.131025
-0.040945 -0.131025
-0.037967 -0.131025
-0.034990 -0.131025
-0.032012 -0.131025
-0.029034 -0.131025
-0.026056 -0.131025
-0.023078 -0.131025
-0.020100 -0.131025
-0.014145 -0.131025
-0.011167 -0.131025
-0.008189 -0.131025
0.027545 -0.131025
0.030523 -0.131025
0.188348 -0.131025
0.209193 -0.131025
-0.255350 -0.132514
-0.252372 -0.132514
-0.058812 -0.132514
-0.055834 -0.132514
-0.052857 -0.132514
-0.049879 -0.132514
-0.046901 -0.132514
-0.043923 -0.132514
-0.040945 -0.132514
-0.037967 -0.132514
-0.034990 -0.132514
-0.032012 -0.132514
-0.029034 -0.132514
-0.026056 -0.132514
-0.023078 -0.132514
-0.020100 -0.132514
-0.011167 -0.132514
-0.008189 -0.132514
0.027545 -0.132514
0.030523 -0.132514
0.034990 -0.132514
0.188348 -0.132514
0.209193 -0.132514
-0.255350 -0.134003
-0.252372 -0.134003
-0.246416 -0.134003
-0.060301 -0.134003
-0.057323 -0.134003
-0.054346 -0.134003
-0.051368 -0.134003
-0.048390 -0.134003
-0.045412 -0.134003
-0.042434 -0.134003
-0.039456 -0.134003
-0.036479 -0.134003
-0.033501 -0.134003
-0.030523 -0.134003
-0.027545 -0.134003
-0.024567 -0.134003
-0.021589 -0.134003
-0.018611 -0.134003
-0.008189 -0.134003
-0.005211 -0.134003
0.037967 -0.134003
0.207704 -0.134003
0.210682 -0.134003
-0.253861 -0.135492
-0.250883 -0.135492
-0.246416 -0.135492
-0.124325 -0.135492
-0.091569 -0.135492
-0.060301 -0.135492
-0.057323 -0.135492
-0.054346 -0.135492
-0.049879 -0.135492
-0.046901 -0.135492
-0.043923 -0.135492
-0.040945 -0.135492
-0.037967 -0.135492
-0.034990 -0.135492
-0.032012 -0.135492
-0.029034 -0.135492
-0.023078 -0.135492
-0.018611 -0.135492
-0.008189 -0.135492
-0.005211 -0.135492
0.039456 -0.135492
0.125814 -0.135492
0.186859 -0.135492
0.209193 -0.135492
-0.253861 -0.136981
-0.250883 -0.136981
-0.246416 -0.136981
-0.231527 -0.136981
-0.064768 -0.136981
-0.061790 -0.136981
-0.058812 -0.136981
-0.055834 -0.136981
-0.049879 -0.136981
-0.046901 -0.136981
-0.043923 -0.136981
-0.040945 -0.136981
-0.037967 -0.136981
-0.034990 -0.136981
-0.032012 -0.136981
-0.029034 -0.136981
-0.023078 -0.136981
-0.018611 -0.136981
-0.006700 -0.136981
-0.003722 -0.136981
0.040945 -0.136981
0.183882 -0.136981
0.207704 -0.136981
0.210682 -0.136981
-0.252372 -0.138470
-0.246416 -0.138470
-0.233016 -0.138470
-0.070724 -0.138470
-0.067746 -0.138470
-0.064768 -0.138470
-0.061790 -0.138470
-0.058812 -0.138470
-0.048390 -0.138470
-0.045412 -0.138470
-0.042434 -0.138470
-0.039456 -0.138470
-0.036479 -0.138470
-0.033501 -0.138470
-0.030523 -0.138470
-0.024567 -0.138470
-0.021589 -0.138470
-0.015634 -0.138470
-0.008189 -0.138470
-0.002233 -0.138470
0.042434 -0.138470
0.151125 -0.138470
0.183882 -0.138470
0.201749 -0.138470
0.209193 -0.138470
-0.253861 -0.139958
-0.250883 -0.139958
-0.244927 -0.139958
-0.173459 -0.139958
-0.066257 -0.139958
-0.063279 -0.139958
-0.049879 -0.139958
-0.046901 -0.139958
-0.043923 -0.139958
-0.040945 -0.139958
-0.037967 -0.139958
-0.034990 -0.139958
-0.032012 -0.139958
-0.029034 -0.139958
-0.023078 -0.139958
-0.020100 -0.139958
-0.015634 -0.139958
-0.005211 -0.139958
-0.000744 -0.139958
0.182393 -0.139958
0.201749 -0.139958
0.207704 -0.139958
0.210682 -0.139958
-0.252372 -0.141447
-0.246416 -0.141447
-0.173459 -0.141447
-0.067746 -0.141447
-0.064768 -0.141447
-0.051368 -0.141447
-0.048390 -0.141447
-0.045412 -0.141447
-0.042434 -0.141447
-0.039456 -0.141447
-0.036479 -0.141447
-0.033501 -0.141447
-0.030523 -0.141447
-0.023078 -0.141447
-0.020100 -0.141447
-0.003722 -0.141447
0.000744 -0.141447
0.122836 -0.141447
0.182393 -0.141447
0.203238 -0.141447
0.209193 -0.141447
-0.252372 -0.142936
-0.249394 -0.142936
-0.244927 -0.142936
-0.072213 -0.142936
-0.069235 -0.142936
-0.066257 -0.142936
-0.052857 -0.142936
-0.049879 -0.142936
-0.046901 -0.142936
-0.043923 -0.142936
-0.040945 -0.142936
-0.037967 -0.142936
-0.034990 -0.142936
-0.032012 -0.142936
-0.029034 -0.142936
-0.021589 -0.142936
-0.015634 -0.142936
-0.002233 -0.142936
0.003722 -0.142936
0.182393 -0.142936
0.203238 -0.142936
0.209193 -0.142936
-0.252372 -0.144425
-0.249394 -0.144425
-0.243438 -0.144425
-0.073702 -0.144425
-0.070724 -0.144425
-0.067746 -0.144425
-0.051368 -0.144425
-0.048390 -0.144425
-0.045412 -0.144425
-0.042434 -0.144425
-0.039456 -0.144425
-0.036479 -0.144425
-0.033501 -0.144425
-0.030523 -0.144425
-0.023078 -0.144425
-0.020100 -0.144425
-0.015634 -0.144425
0.003722 -0.144425
0.179415 -0.144425
0.207704 -0.144425
0.210682 -0.144425
-0.250883 -0.145914
-0.244927 -0.145914
-0.075190 -0.145914
-0.072213 -0.145914
-0.057323 -0.145914
-0.051368 -0.145914
-0.048390 -0.145914
-0.045412 -0.145914
-0.042434 -0.145914
-0.039456 -0.145914
-0.036479 -0.145914
-0.033501 -0.145914
-0.030523 -0.145914
-0.023078 -0.145914
-0.020100 -0.145914
-0.015634 -0.145914
0.005211 -0.145914
0.177926 -0.145914
0.201749 -0.145914
0.209193 -0.145914
-0.252372 -0.147403
-0.249394 -0.147403
-0.241949 -0.147403
-0.075190 -0.147403
-0.058812 -0.147403
-0.052857 -0.147403
-0.049879 -0.147403
-0.046901 -0.147403
-0.043923 -0.147403
-0.040945 -0.147403
-0.037967 -0.147403
-0.034990 -0.147403
-0.032012 -0.147403
-0.029034 -0.147403
-0.020100 -0.147403
-0.015634 -0.147403
0.176437 -0.147403
0.200260 -0.147403
0.207704 -0.147403
0.210682 -0.147403
-0.249394 -0.148892
-0.244927 -0.148892
-0.240461 -0.148892
-0.054346 -0.148892
-0.049879 -0.148892
-0.046901 -0.148892
-0.043923 -0.148892
-0.040945 -0.148892
-0.037967 -0.148892
-0.034990 -0.148892
-0.032012 -0.148892
-0.029034 -0.148892
-0.020100 -0.148892
-0.017123 -0.148892
-0.014145 -0.148892
0.176437 -0.148892
0.207704 -0.148892
0.210682 -0.148892
-0.249394 -0.150381
-0.244927 -0.150381
-0.240461 -0.150381
-0.171970 -0.150381
-0.055834 -0.150381
-0.051368 -0.150381
-0.046901 -0.150381
-0.043923 -0.150381
-0.040945 -0.150381
-0.037967 -0.150381
-0.034990 -0.150381
-0.032012 -0.150381
-0.021589 -0.150381
-0.018611 -0.150381
-0.015634 -0.150381
0.008189 -0.150381
0.174948 -0.150381
0.207704 -0.150381
0.210682 -0.150381
-0.249394 -0.151870
-0.240461 -0.151870
-0.061790 -0.151870
-0.052857 -0.151870
-0.046901 -0.151870
-0.043923 -0.151870
-0.040945 -0.151870
-0.037967 -0.151870
-0.034990 -0.151870
-0.032012 -0.151870
-0.021589 -0.151870
-0.018611 -0.151870
-0.015634 -0.151870
0.009678 -0.151870
0.112413 -0.151870
0.173459 -0.151870
0.201749 -0.151870
0.209193 -0.151870
-0.250883 -0.153359
-0.247905 -0.153359
-0.171970 -0.153359
-0.057323 -0.153359
-0.054346 -0.153359
-0.048390 -0.153359
-0.045412 -0.153359
-0.040945 -0.153359
-0.037967 -0.153359
-0.034990 -0.153359
-0.032012 -0.153359
-0.021589 -0.153359
-0.018611 -0.153359
-0.015634 -0.153359
0.011167 -0.153359
0.173459 -0.153359
0.207704 -0.153359
0.210682 -0.153359
-0.247905 -0.154848
-0.238972 -0.154848
-0.058812 -0.154848
-0.055834 -0.154848
-0.049879 -0.154848
-0.046901 -0.154848
-0.042434 -0.154848
-0.039456 -0.154848
-0.036479 -0.154848
-0.033501 -0.154848
-0.030523 -0.154848
-0.018611 -0.154848
-0.015634 -0.154848
-0.012656 -0.154848
0.171970 -0.154848
0.207704 -0.154848
0.210682 -0.154848
-0.247905 -0.156337
-0.238972 -0.156337
-0.064768 -0.156337
-0.058812 -0.156337
-0.051368 -0.156337
-0.048390 -0.156337
-0.042434 -0.156337
-0.039456 -0.156337
-0.036479 -0.156337
-0.033501 -0.156337
-0.030523 -0.156337
-0.018611 -0.156337
-0.015634 -0.156337
-0.012656 -0.156337
0.201749 -0.156337
0.209193 -0.156337
-0.249394 -0.157825
-0.246416 -0.157825
-0.171970 -0.157825
-0.058812 -0.157825
-0.052857 -0.157825
-0.049879 -0.157825
-0.046901 -0.157825
-0.040945 -0.157825
-0.037967 -0.157825
-0.034990 -0.157825
-0.032012 -0.157825
-0.020100 -0.157825
-0.017123 -0.157825
-0.014145 -0.157825
-0.011167 -0.157825
0.201749 -0.157825
0.209193 -0.157825
-0.249394 -0.159314
-0.246416 -0.159314
-0.171970 -0.159314
-0.060301 -0.159314
-0.052857 -0.159314
-0.049879 -0.159314
-0.046901 -0.159314
-0.042434 -0.159314
-0.039456 -0.159314
-0.036479 -0.159314
-0.033501 -0.159314
-0.030523 -0.159314
-0.018611 -0.159314
-0.015634 -0.159314
-0.012656 -0.159314
0.163037 -0.159314
0.200260 -0.159314
0.207704 -0.159314
0.210682 -0.159314
-0.246416 -0.160803
-0.171970 -0.160803
-0.061790 -0.160803
-0.055834 -0.160803
-0.052857 -0.160803
-0.046901 -0.160803
-0.043923 -0.160803
-0.040945 -0.160803
-0.037967 -0.160803
-0.034990 -0.160803
-0.032012 -0.160803
-0.018611 -0.160803
-0.015634 -0.160803
-0.012656 -0.160803
-0.009678 -0.160803
0.207704 -0.160803
0.210682 -0.160803
-0.247905 -0.162292
-0.244927 -0.162292
-0.097524 -0.162292
-0.061790 -0.162292
-0.055834 -0.162292
-0.052857 -0.162292
-0.046901 -0.162292
-0.043923 -0.162292
-0.040945 -0.162292
-0.037967 -0.162292
-0.034990 -0.162292
-0.032012 -0.162292
-0.017123 -0.162292
-0.014145 -0.162292
-0.011167 -0.162292
-0.008189 -0.162292
0.198771 -0.162292
0.209193 -0.162292
0.212171 -0.162292
-0.246416 -0.163781
-0.100502 -0.163781
-0.063279 -0.163781
-0.057323 -0.163781
-0.054346 -0.163781
-0.048390 -0.163781
-0.045412 -0.163781
-0.042434 -0.163781
-0.039456 -0.163781
-0.036479 -0.163781
-0.033501 -0.163781
-0.018611 -0.163781
-0.015634 -0.163781
-0.012656 -0.163781
-0.009678 -0.163781
0.090080 -0.163781
0.210682 -0.163781
-0.247905 -0.165270
-0.244927 -0.165270
-0.066257 -0.165270
-0.060301 -0.165270
-0.057323 -0.165270
-0.049879 -0.165270
-0.046901 -0.165270
-0.043923 -0.165270
-0.040945 -0.165270
-0.037967 -0.165270
-0.034990 -0.165270
-0.032012 -0.165270
-0.015634 -0.165270
-0.012656 -0.165270
-0.009678 -0.165270
-0.006700 -0.165270
0.210682 -0.165270
-0.246416 -0.166759
-0.243438 -0.166759
-0.170481 -0.166759
-0.061790 -0.166759
-0.058812 -0.166759
-0.049879 -0.166759
-0.046901 -0.166759
-0.043923 -0.166759
-0.040945 -0.166759
-0.037967 -0.166759
-0.034990 -0.166759
-0.032012 -0.166759
-0.015634 -0.166759
-0.012656 -0.166759
-0.009678 -0.166759
-0.006700 -0.166759
0.195793 -0.166759
0.210682 -0.166759
-0.246416 -0.168248
-0.243438 -0.168248
-0.064768 -0.168248
-0.061790 -0.168248
-0.058812 -0.168248
-0.048390 -0.168248
-0.045412 -0.168248
-0.042434 -0.168248
-0.039456 -0.168248
-0.036479 -0.168248
-0.033501 -0.168248
-0.017123 -0.168248
-0.014145 -0.168248
-0.011167 -0.168248
-0.008189 -0.168248
-0.005211 -0.168248
0.195793 -0.168248
0.210682 -0.168248
-0.246416 -0.169737
-0.243438 -0.169737
-0.066257 -0.169737
-0.063279 -0.169737
-0.052857 -0.169737
-0.048390 -0.169737
-0.045412 -0.169737
-0.042434 -0.169737
-0.039456 -0.169737
-0.036479 -0.169737
-0.033501 -0.169737
-0.017123 -0.169737
-0.014145 -0.169737
-0.011167 -0.169737
-0.005211 -0.169737
-0.002233 -0.169737
0.209193 -0.169737
0.212171 -0.169737
-0.244927 -0.171226
-0.241949 -0.171226
-0.064768 -0.171226
-0.052857 -0.171226
-0.046901 -0.171226
-0.043923 -0.171226
-0.040945 -0.171226
-0.037967 -0.171226
-0.034990 -0.171226
-0.032012 -0.171226
-0.014145 -0.171226
-0.011167 -0.171226
-0.008189 -0.171226
-0.003722 -0.171226
0.191326 -0.171226
0.209193 -0.171226
0.212171 -0.171226
-0.243438 -0.172715
-0.170481 -0.172715
-0.054346 -0.172715
-0.048390 -0.172715
-0.045412 -0.172715
-0.042434 -0.172715
-0.039456 -0.172715
-0.036479 -0.172715
-0.033501 -0.172715
-0.014145 -0.172715
-0.009678 -0.172715
-0.003722 -0.172715
-0.000744 -0.172715
0.191326 -0.172715
0.209193 -0.172715
0.212171 -0.172715
-0.243438 -0.174204
-0.170481 -0.174204
-0.061790 -0.174204
-0.051368 -0.174204
-0.048390 -0.174204
-0.045412 -0.174204
-0.042434 -0.174204
-0.039456 -0.174204
-0.036479 -0.174204
-0.033501 -0.174204
-0.014145 -0.174204
-0.009678 -0.174204
-0.003722 -0.174204
-0.000744 -0.174204
0.002233 -0.174204
0.189837 -0.174204
0.209193 -0.174204
0.212171 -0.174204
-0.243438 -0.175693
-0.170481 -0.175693
-0.076679 -0.175693
-0.052857 -0.175693
-0.049879 -0.175693
-0.046901 -0.175693
-0.043923 -0.175693
-0.040945 -0.175693
-0.037967 -0.175693
-0.034990 -0.175693
-0.014145 -0.175693
-0.011167 -0.175693
-0.000744 -0.175693
0.002233 -0.175693
0.188348 -0.175693
0.203238 -0.175693
0.210682 -0.175693
-0.244927 -0.177181
-0.241949 -0.177181
-0.170481 -0.177181
-0.055834 -0.177181
-0.052857 -0.177181
-0.049879 -0.177181
-0.046901 -0.177181
-0.043923 -0.177181
-0.040945 -0.177181
-0.037967 -0.177181
-0.034990 -0.177181
-0.014145 -0.177181
-0.011167 -0.177181
0.000744 -0.177181
0.003722 -0.177181
0.189837 -0.177181
0.210682 -0.177181
-0.243438 -0.178670
-0.240461 -0.178670
-0.168992 -0.178670
-0.057323 -0.178670
-0.054346 -0.178670
-0.051368 -0.178670
-0.048390 -0.178670
-0.045412 -0.178670
-0.042434 -0.178670
-0.039456 -0.178670
-0.036479 -0.178670
-0.033501 -0.178670
-0.012656 -0.178670
-0.008189 -0.178670
0.002233 -0.178670
0.005211 -0.178670
0.186859 -0.178670
0.209193 -0.178670
0.212171 -0.178670
-0.241949 -0.180159
-0.168992 -0.180159
-0.058812 -0.180159
-0.055834 -0.180159
-0.052857 -0.180159
-0.048390 -0.180159
-0.043923 -0.180159
-0.040945 -0.180159
-0.037967 -0.180159
-0.034990 -0.180159
-0.014145 -0.180159
-0.011167 -0.180159
-0.006700 -0.180159
0.005211 -0.180159
0.185370 -0.180159
0.209193 -0.180159
0.212171 -0.180159
-0.241949 -0.181648
-0.238972 -0.181648
-0.058812 -0.181648
-0.055834 -0.181648
-0.049879 -0.181648
-0.045412 -0.181648
-0.042434 -0.181648
-0.039456 -0.181648
-0.036479 -0.181648
-0.033501 -0.181648
-0.011167 -0.181648
-0.006700 -0.181648
0.006700 -0.181648
0.183882 -0.181648
0.209193 -0.181648
0.212171 -0.181648
-0.240461 -0.183137
-0.168992 -0.183137
-0.058812 -0.183137
-0.055834 -0.183137
-0.049879 -0.183137
-0.045412 -0.183137
-0.042434 -0.183137
-0.039456 -0.183137
-0.036479 -0.183137
-0.033501 -0.183137
-0.011167 -0.183137
-0.006700 -0.183137
0.006700 -0.183137
0.009678 -0.183137
0.183882 -0.183137
0.209193 -0.183137
0.212171 -0.183137
-0.240461 -0.184626
-0.168992 -0.184626
-0.063279 -0.184626
-0.060301 -0.184626
-0.057323 -0.184626
-0.049879 -0.184626
-0.045412 -0.184626
-0.042434 -0.184626
-0.039456 -0.184626
-0.034990 -0.184626
-0.012656 -0.184626
-0.009678 -0.184626
-0.005211 -0.184626
0.009678 -0.184626
0.182393 -0.184626
0.203238 -0.184626
0.210682 -0.184626
-0.241949 -0.186115
-0.238972 -0.186115
-0.094546 -0.186115
-0.066257 -0.186115
-0.061790 -0.186115
-0.058812 -0.186115
-0.049879 -0.186115
-0.045412 -0.186115
-0.042434 -0.186115
-0.039456 -0.186115
-0.034990 -0.186115
-0.012656 -0.186115
-0.009678 -0.186115
-0.006700 -0.186115
0.009678 -0.186115
0.012656 -0.186115
0.182393 -0.186115
0.209193 -0.186115
0.212171 -0.186115
-0.238972 -0.187604
-0.168992 -0.187604
-0.067746 -0.187604
-0.064768 -0.187604
-0.061790 -0.187604
-0.058812 -0.187604
-0.048390 -0.187604
-0.043923 -0.187604
-0.040945 -0.187604
-0.036479 -0.187604
-0.033501 -0.187604
-0.009678 -0.187604
-0.005211 -0.187604
0.011167 -0.187604
0.014145 -0.187604
0.180904 -0.187604
0.209193 -0.187604
0.212171 -0.187604
-0.238972 -0.189093
-0.168992 -0.189093
-0.067746 -0.189093
-0.064768 -0.189093
-0.060301 -0.189093
-0.048390 -0.189093
-0.043923 -0.189093
-0.040945 -0.189093
-0.036479 -0.189093
-0.033501 -0.189093
-0.009678 -0.189093
-0.006700 -0.189093
-0.003722 -0.189093
0.014145 -0.189093
0.179415 -0.189093
0.209193 -0.189093
0.212171 -0.189093
-0.238972 -0.190582
-0.070724 -0.190582
-0.067746 -0.190582
-0.064768 -0.190582
-0.060301 -0.190582
-0.049879 -0.190582
-0.045412 -0.190582
-0.042434 -0.190582
-0.039456 -0.190582
-0.034990 -0.190582
-0.011167 -0.190582
-0.008189 -0.190582
-0.005211 -0.190582
0.014145 -0.190582
0.017123 -0.190582
0.209193 -0.190582
0.212171 -0.190582
-0.238972 -0.192071
-0.070724 -0.192071
-0.067746 -0.192071
-0.064768 -0.192071
-0.052857 -0.192071
-0.049879 -0.192071
-0.045412 -0.192071
-0.042434 -0.192071
-0.039456 -0.192071
-0.034990 -0.192071
-0.009678 -0.192071
-0.006700 -0.192071
-0.003722 -0.192071
0.017123 -0.192071
0.094546 -0.192071
0.210682 -0.192071
-0.240461 -0.193560
-0.237483 -0.193560
-0.070724 -0.193560
-0.067746 -0.193560
-0.064768 -0.193560
-0.054346 -0.193560
-0.048390 -0.193560
-0.043923 -0.193560
-0.039456 -0.193560
-0.034990 -0.193560
-0.032012 -0.193560
-0.008189 -0.193560
-0.005211 -0.193560
0.018611 -0.193560
0.021589 -0.193560
0.209193 -0.193560
0.212171 -0.193560
-0.237483 -0.195048
-0.167503 -0.195048
-0.070724 -0.195048
-0.064768 -0.195048
-0.049879 -0.195048
-0.045412 -0.195048
-0.042434 -0.195048
-0.034990 -0.195048
-0.032012 -0.195048
-0.008189 -0.195048
-0.005211 -0.195048
0.021589 -0.195048
0.209193 -0.195048
0.212171 -0.195048
-0.237483 -0.196537
-0.167503 -0.196537
-0.072213 -0.196537
-0.055834 -0.196537
-0.049879 -0.196537
-0.045412 -0.196537
-0.042434 -0.196537
-0.034990 -0.196537
-0.032012 -0.196537
-0.008189 -0.196537
-0.005211 -0.196537
-0.002233 -0.196537
0.203238 -0.196537
0.210682 -0.196537
-0.238972 -0.198026
-0.235994 -0.198026
-0.079657 -0.198026
-0.067746 -0.198026
-0.051368 -0.198026
-0.045412 -0.198026
-0.042434 -0.198026
-0.034990 -0.198026
-0.032012 -0.198026
-0.006700 -0.198026
-0.003722 -0.198026
0.024567 -0.198026
0.209193 -0.198026
0.212171 -0.198026
-0.237483 -0.199515
-0.167503 -0.199515
-0.076679 -0.199515
-0.069235 -0.199515
-0.051368 -0.199515
-0.046901 -0.199515
-0.043923 -0.199515
-0.034990 -0.199515
-0.032012 -0.199515
-0.006700 -0.199515
-0.003722 -0.199515
-0.000744 -0.199515
0.171970 -0.199515
0.210682 -0.199515
-0.238972 -0.201004
-0.235994 -0.201004
-0.076679 -0.201004
-0.054346 -0.201004
-0.051368 -0.201004
-0.048390 -0.201004
-0.045412 -0.201004
-0.039456 -0.201004
-0.033501 -0.201004
-0.006700 -0.201004
-0.003722 -0.201004
-0.000744 -0.201004
0.210682 -0.201004
-0.237483 -0.202493
-0.234505 -0.202493
-0.078168 -0.202493
-0.052857 -0.202493
-0.049879 -0.202493
-0.046901 -0.202493
-0.043923 -0.202493
-0.034990 -0.202493
-0.008189 -0.202493
-0.005211 -0.202493
-0.002233 -0.202493
0.000744 -0.202493
0.210682 -0.202493
-0.237483 -0.203982
-0.234505 -0.203982
-0.085613 -0.203982
-0.055834 -0.203982
-0.051368 -0.203982
-0.048390 -0.203982
-0.045412 -0.203982
-0.036479 -0.203982
-0.033501 -0.203982
-0.005211 -0.203982
-0.002233 -0.203982
0.000744 -0.203982
0.210682 -0.203982
-0.237483 -0.205471
-0.234505 -0.205471
-0.081146 -0.205471
-0.055834 -0.205471
-0.051368 -0.205471
-0.048390 -0.205471
-0.045412 -0.205471
-0.042434 -0.205471
-0.039456 -0.205471
-0.034990 -0.205471
-0.006700 -0.205471
-0.003722 -0.205471
-0.000744 -0.205471
0.002233 -0.205471
0.210682 -0.205471
-0.237483 -0.206960
-0.234505 -0.206960
-0.081146 -0.206960
-0.055834 -0.206960
-0.052857 -0.206960
-0.049879 -0.206960
-0.045412 -0.206960
-0.042434 -0.206960
-0.039456 -0.206960
-0.034990 -0.206960
-0.006700 -0.206960
-0.003722 -0.206960
0.000744 -0.206960
0.209193 -0.206960
0.212171 -0.206960
-0.235994 -0.208449
-0.084124 -0.208449
-0.057323 -0.208449
-0.054346 -0.208449
-0.051368 -0.208449
-0.046901 -0.208449
-0.043923 -0.208449
-0.040945 -0.208449
-0.036479 -0.208449
-0.033501 -0.208449
-0.003722 -0.208449
0.000744 -0.208449
0.003722 -0.208449
0.209193 -0.208449
0.212171 -0.208449
-0.235994 -0.209938
-0.085613 -0.209938
-0.058812 -0.209938
-0.055834 -0.209938
-0.051368 -0.209938
-0.046901 -0.209938
-0.043923 -0.209938
-0.040945 -0.209938
-0.036479 -0.209938
-0.033501 -0.209938
-0.003722 -0.209938
0.000744 -0.209938
0.003722 -0.209938
0.209193 -0.209938
0.212171 -0.209938
-0.234505 -0.211427
-0.166015 -0.211427
-0.087102 -0.211427
-0.060301 -0.211427
-0.057323 -0.211427
-0.051368 -0.211427
-0.046901 -0.211427
-0.043923 -0.211427
-0.040945 -0.211427
-0.036479 -0.211427
-0.033501 -0.211427
-0.003722 -0.211427
0.002233 -0.211427
0.005211 -0.211427
0.207704 -0.211427
0.210682 -0.211427
-0.235994 -0.212916
-0.233016 -0.212916
-0.088591 -0.212916
-0.058812 -0.212916
-0.055834 -0.212916
-0.049879 -0.212916
-0.045412 -0.212916
-0.042434 -0.212916
-0.039456 -0.212916
-0.034990 -0.212916
-0.005211 -0.212916
-0.002233 -0.212916
0.002233 -0.212916
0.005211 -0.212916
0.097524 -0.212916
0.209193 -0.212916
0.212171 -0.212916
-0.234505 -0.214404
-0.166015 -0.214404
-0.072213 -0.214404
-0.060301 -0.214404
-0.057323 -0.214404
-0.049879 -0.214404
-0.045412 -0.214404
-0.042434 -0.214404
-0.039456 -0.214404
-0.036479 -0.214404
-0.033501 -0.214404
-0.002233 -0.214404
0.002233 -0.214404
0.005211 -0.214404
0.008189 -0.214404
0.209193 -0.214404
0.212171 -0.214404
-0.234505 -0.215893
-0.166015 -0.215893
-0.060301 -0.215893
-0.051368 -0.215893
-0.048390 -0.215893
-0.045412 -0.215893
-0.042434 -0.215893
-0.039456 -0.215893
-0.036479 -0.215893
-0.033501 -0.215893
-0.002233 -0.215893
0.002233 -0.215893
0.006700 -0.215893
0.207704 -0.215893
0.210682 -0.215893
-0.233016 -0.217382
-0.097524 -0.217382
-0.061790 -0.217382
-0.052857 -0.217382
-0.049879 -0.217382
-0.046901 -0.217382
-0.043923 -0.217382
-0.040945 -0.217382
-0.036479 -0.217382
-0.003722 -0.217382
-0.000744 -0.217382
0.008189 -0.217382
0.207704 -0.217382
0.210682 -0.217382
-0.233016 -0.218871
-0.166015 -0.218871
-0.064768 -0.218871
-0.061790 -0.218871
-0.052857 -0.218871
-0.049879 -0.218871
-0.046901 -0.218871
-0.043923 -0.218871
-0.040945 -0.218871
-0.036479 -0.218871
-0.002233 -0.218871
0.000744 -0.218871
0.005211 -0.218871
0.009678 -0.218871
0.207704 -0.218871
0.210682 -0.218871
-0.233016 -0.220360
-0.166015 -0.220360
-0.066257 -0.220360
-0.063279 -0.220360
-0.052857 -0.220360
-0.049879 -0.220360
-0.046901 -0.220360
-0.043923 -0.220360
-0.040945 -0.220360
-0.037967 -0.220360
-0.034990 -0.220360
-0.000744 -0.220360
0.003722 -0.220360
0.009678 -0.220360
0.012656 -0.220360
0.207704 -0.220360
0.210682 -0.220360
-0.233016 -0.221849
-0.166015 -0.221849
-0.066257 -0.221849
-0.063279 -0.221849
-0.054346 -0.221849
-0.051368 -0.221849
-0.048390 -0.221849
-0.045412 -0.221849
-0.042434 -0.221849
-0.039456 -0.221849
-0.036479 -0.221849
-0.002233 -0.221849
0.000744 -0.221849
0.009678 -0.221849
0.012656 -0.221849
0.203238 -0.221849
0.206215 -0.221849
0.209193 -0.221849
-0.234505 -0.223338
-0.231527 -0.223338
-0.164526 -0.223338
-0.055834 -0.223338
-0.051368 -0.223338
-0.048390 -0.223338
-0.045412 -0.223338
-0.042434 -0.223338
-0.039456 -0.223338
-0.036479 -0.223338
-0.000744 -0.223338
0.005211 -0.223338
0.012656 -0.223338
0.099013 -0.223338
0.204726 -0.223338
0.209193 -0.223338
-0.234505 -0.224827
-0.231527 -0.224827
-0.164526 -0.224827
-0.054346 -0.224827
-0.051368 -0.224827
-0.048390 -0.224827
-0.045412 -0.224827
-0.042434 -0.224827
-0.039456 -0.224827
-0.036479 -0.224827
-0.000744 -0.224827
0.002233 -0.224827
0.011167 -0.224827
0.014145 -0.224827
0.099013 -0.224827
0.204726 -0.224827
0.207704 -0.224827
0.210682 -0.224827
-0.231527 -0.226316
-0.166015 -0.226316
-0.058812 -0.226316
-0.054346 -0.226316
-0.051368 -0.226316
-0.048390 -0.226316
-0.045412 -0.226316
-0.042434 -0.226316
-0.039456 -0.226316
-0.036479 -0.226316
0.000744 -0.226316
0.005211 -0.226316
0.011167 -0.226316
0.015634 -0.226316
0.099013 -0.226316
0.204726 -0.226316
0.207704 -0.226316
0.210682 -0.226316
-0.231527 -0.227805
-0.166015 -0.227805
-0.060301 -0.227805
-0.055834 -0.227805
-0.052857 -0.227805
-0.048390 -0.227805
-0.045412 -0.227805
-0.042434 -0.227805
-0.039456 -0.227805
-0.036479 -0.227805
0.000744 -0.227805
0.005211 -0.227805
0.014145 -0.227805
0.017123 -0.227805
0.100502 -0.227805
0.204726 -0.227805
0.207704 -0.227805
0.210682 -0.227805
-0.231527 -0.229294
-0.164526 -0.229294
-0.057323 -0.229294
-0.054346 -0.229294
-0.051368 -0.229294
-0.046901 -0.229294
-0.043923 -0.229294
-0.040945 -0.229294
-0.037967 -0.229294
0.000744 -0.229294
0.006700 -0.229294
0.015634 -0.229294
0.018611 -0.229294
0.203238 -0.229294
0.206215 -0.229294
0.209193 -0.229294
-0.231527 -0.230783
-0.164526 -0.230783
-0.057323 -0.230783
-0.054346 -0.230783
-0.051368 -0.230783
-0.048390 -0.230783
-0.045412 -0.230783
-0.042434 -0.230783
-0.039456 -0.230783
-0.036479 -0.230783
0.002233 -0.230783
0.006700 -0.230783
0.014145 -0.230783
0.018611 -0.230783
0.100502 -0.230783
0.204726 -0.230783
0.207704 -0.230783
-0.231527 -0.232271
-0.164526 -0.232271
-0.061790 -0.232271
-0.057323 -0.232271
-0.054346 -0.232271
-0.051368 -0.232271
-0.046901 -0.232271
-0.043923 -0.232271
-0.040945 -0.232271
-0.037967 -0.232271
0.000744 -0.232271
0.003722 -0.232271
0.008189 -0.232271
0.020100 -0.232271
0.100502 -0.232271
0.204726 -0.232271
0.207704 -0.232271
-0.231527 -0.233760
-0.228549 -0.233760
-0.084124 -0.233760
-0.063279 -0.233760
-0.058812 -0.233760
-0.055834 -0.233760
-0.052857 -0.233760
-0.046901 -0.233760
-0.043923 -0.233760
-0.040945 -0.233760
-0.037967 -0.233760
0.002233 -0.233760
0.006700 -0.233760
0.020100 -0.233760
0.100502 -0.233760
0.204726 -0.233760
0.207704 -0.233760
-0.231527 -0.235249
-0.228549 -0.235249
-0.163037 -0.235249
-0.084124 -0.235249
-0.060301 -0.235249
-0.057323 -0.235249
-0.052857 -0.235249
-0.046901 -0.235249
-0.043923 -0.235249
-0.040945 -0.235249
-0.037967 -0.235249
0.003722 -0.235249
0.008189 -0.235249
0.023078 -0.235249
0.203238 -0.235249
0.206215 -0.235249
0.209193 -0.235249
-0.230038 -0.236738
-0.164526 -0.236738
-0.066257 -0.236738
-0.061790 -0.236738
-0.058812 -0.236738
-0.052857 -0.236738
-0.046901 -0.236738
-0.043923 -0.236738
-0.040945 -0.236738
-0.037967 -0.236738
0.003722 -0.236738
0.008189 -0.236738
0.021589 -0.236738
0.024567 -0.236738
0.203238 -0.236738
0.206215 -0.236738
0.209193 -0.236738
-0.230038 -0.238227
-0.164526 -0.238227
-0.067746 -0.238227
-0.064768 -0.238227
-0.061790 -0.238227
-0.058812 -0.238227
-0.052857 -0.238227
-0.046901 -0.238227
-0.043923 -0.238227
-0.040945 -0.238227
-0.037967 -0.238227
0.003722 -0.238227
0.009678 -0.238227
0.024567 -0.238227
0.203238 -0.238227
0.206215 -0.238227
-0.230038 -0.239716
-0.164526 -0.239716
-0.069235 -0.239716
-0.066257 -0.239716
-0.063279 -0.239716
-0.060301 -0.239716
-0.052857 -0.239716
-0.045412 -0.239716
-0.042434 -0.239716
-0.039456 -0.239716
0.002233 -0.239716
0.005211 -0.239716
0.009678 -0.239716
0.026056 -0.239716
0.201749 -0.239716
0.204726 -0.239716
0.207704 -0.239716
-0.228549 -0.241205
-0.164526 -0.241205
-0.070724 -0.241205
-0.067746 -0.241205
-0.064768 -0.241205
-0.060301 -0.241205
-0.052857 -0.241205
-0.049879 -0.241205
-0.043923 -0.241205
-0.040945 -0.241205
0.003722 -0.241205
0.006700 -0.241205
0.026056 -0.241205
0.029034 -0.241205
0.201749 -0.241205
0.204726 -0.241205
0.207704 -0.241205
-0.228549 -0.242694
-0.164526 -0.242694
-0.069235 -0.242694
-0.066257 -0.242694
-0.061790 -0.242694
-0.054346 -0.242694
-0.051368 -0.242694
-0.045412 -0.242694
-0.042434 -0.242694
-0.039456 -0.242694
0.005211 -0.242694
0.009678 -0.242694
0.027545 -0.242694
0.030523 -0.242694
0.170481 -0.242694
0.203238 -0.242694
0.206215 -0.242694
-0.230038 -0.244183
-0.227060 -0.244183
-0.072213 -0.244183
-0.069235 -0.244183
-0.066257 -0.244183
-0.058812 -0.244183
-0.052857 -0.244183
-0.049879 -0.244183
-0.045412 -0.244183
-0.042434 -0.244183
-0.039456 -0.244183
0.005211 -0.244183
0.008189 -0.244183
0.027545 -0.244183
0.030523 -0.244183
0.200260 -0.244183
0.203238 -0.244183
0.206215 -0.244183
-0.228549 -0.245672
-0.164526 -0.245672
-0.070724 -0.245672
-0.067746 -0.245672
-0.064768 -0.245672
-0.054346 -0.245672
-0.051368 -0.245672
-0.048390 -0.245672
-0.043923 -0.245672
-0.040945 -0.245672
0.005211 -0.245672
0.008189 -0.245672
0.029034 -0.245672
0.032012 -0.245672
0.200260 -0.245672
0.204726 -0.245672
-0.228549 -0.247161
-0.225571 -0.247161
-0.073702 -0.247161
-0.069235 -0.247161
-0.066257 -0.247161
-0.058812 -0.247161
-0.052857 -0.247161
-0.049879 -0.247161
-0.042434 -0.247161
-0.039456 -0.247161
0.006700 -0.247161
0.011167 -0.247161
0.032012 -0.247161
0.101991 -0.247161
0.200260 -0.247161
0.204726 -0.247161
-0.228549 -0.248650
-0.225571 -0.248650
-0.075190 -0.248650
-0.072213 -0.248650
-0.069235 -0.248650
-0.063279 -0.248650
-0.060301 -0.248650
-0.052857 -0.248650
-0.049879 -0.248650
-0.043923 -0.248650
-0.040945 -0.248650
0.006700 -0.248650
0.012656 -0.248650
0.033501 -0.248650
0.101991 -0.248650
0.200260 -0.248650
0.204726 -0.248650
-0.228549 -0.250139
-0.225571 -0.250139
-0.163037 -0.250139
-0.072213 -0.250139
-0.069235 -0.250139
-0.060301 -0.250139
-0.052857 -0.250139
-0.049879 -0.250139
-0.043923 -0.250139
-0.040945 -0.250139
0.006700 -0.250139
0.009678 -0.250139
0.033501 -0.250139
0.036479 -0.250139
0.203238 -0.250139
0.206215 -0.250139
-0.227060 -0.251627
-0.163037 -0.251627
-0.072213 -0.251627
-0.069235 -0.251627
-0.060301 -0.251627
-0.052857 -0.251627
-0.049879 -0.251627
-0.043923 -0.251627
-0.040945 -0.251627
0.008189 -0.251627
0.012656 -0.251627
0.034990 -0.251627
0.037967 -0.251627
0.201749 -0.251627
0.204726 -0.251627
-0.227060 -0.253116
-0.163037 -0.253116
-0.073702 -0.253116
-0.069235 -0.253116
-0.054346 -0.253116
-0.051368 -0.253116
-0.048390 -0.253116
-0.042434 -0.253116
0.006700 -0.253116
0.009678 -0.253116
0.037967 -0.253116
0.103480 -0.253116
0.203238 -0.253116
0.206215 -0.253116
-0.225571 -0.254605
-0.163037 -0.254605
-0.075190 -0.254605
-0.072213 -0.254605
-0.054346 -0.254605
-0.051368 -0.254605
-0.048390 -0.254605
-0.042434 -0.254605
0.006700 -0.254605
0.009678 -0.254605
0.014145 -0.254605
0.039456 -0.254605
0.103480 -0.254605
0.203238 -0.254605
0.206215 -0.254605
-0.225571 -0.256094
-0.163037 -0.256094
-0.079657 -0.256094
-0.075190 -0.256094
-0.072213 -0.256094
-0.064768 -0.256094
-0.057323 -0.256094
-0.052857 -0.256094
-0.049879 -0.256094
-0.043923 -0.256094
-0.040945 -0.256094
0.008189 -0.256094
0.011167 -0.256094
0.015634 -0.256094
0.042434 -0.256094
0.200260 -0.256094
0.203238 -0.256094
0.206215 -0.256094
-0.225571 -0.257583
-0.163037 -0.257583
-0.082635 -0.257583
-0.076679 -0.257583
-0.066257 -0.257583
-0.058812 -0.257583
-0.054346 -0.257583
-0.051368 -0.257583
-0.048390 -0.257583
-0.040945 -0.257583
0.008189 -0.257583
0.011167 -0.257583
0.014145 -0.257583
0.042434 -0.257583
0.103480 -0.257583
0.201749 -0.257583
0.204726 -0.257583
-0.227060 -0.259072
-0.224082 -0.259072
-0.085613 -0.259072
-0.079657 -0.259072
-0.067746 -0.259072
-0.058812 -0.259072
-0.054346 -0.259072
-0.051368 -0.259072
-0.048390 -0.259072
-0.040945 -0.259072
0.008189 -0.259072
0.011167 -0.259072
0.014145 -0.259072
0.043923 -0.259072
0.103480 -0.259072
0.200260 -0.259072
0.203238 -0.259072
0.206215 -0.259072
-0.225571 -0.260561
-0.222593 -0.260561
-0.087102 -0.260561
-0.081146 -0.260561
-0.069235 -0.260561
-0.060301 -0.260561
-0.055834 -0.260561
-0.052857 -0.260561
-0.049879 -0.260561
-0.042434 -0.260561
-0.039456 -0.260561
0.009678 -0.260561
0.012656 -0.260561
0.015634 -0.260561
0.045412 -0.260561
0.103480 -0.260561
0.200260 -0.260561
0.203238 -0.260561
0.206215 -0.260561
-0.225571 -0.262050
-0.222593 -0.262050
-0.088591 -0.262050
-0.082635 -0.262050
-0.069235 -0.262050
-0.060301 -0.262050
-0.054346 -0.262050
-0.051368 -0.262050
-0.045412 -0.262050
-0.042434 -0.262050
-0.039456 -0.262050
0.011167 -0.262050
0.014145 -0.262050
0.017123 -0.262050
0.048390 -0.262050
0.104969 -0.262050
0.200260 -0.262050
0.203238 -0.262050
0.206215 -0.262050
-0.225571 -0.263539
-0.222593 -0.263539
-0.090080 -0.263539
-0.082635 -0.263539
-0.061790 -0.263539
-0.057323 -0.263539
-0.054346 -0.263539
-0.051368 -0.263539
-0.045412 -0.263539
-0.042434 -0.263539
-0.039456 -0.263539
0.011167 -0.263539
0.014145 -0.263539
0.017123 -0.263539
0.049879 -0.263539
0.197282 -0.263539
0.201749 -0.263539
0.206215 -0.263539
-0.225571 -0.265028
-0.222593 -0.265028
-0.091569 -0.265028
-0.084124 -0.265028
-0.070724 -0.265028
-0.061790 -0.265028
-0.055834 -0.265028
-0.052857 -0.265028
-0.045412 -0.265028
-0.042434 -0.265028
-0.039456 -0.265028
0.009678 -0.265028
0.012656 -0.265028
0.015634 -0.265028
0.018611 -0.265028
0.104969 -0.265028
0.200260 -0.265028
0.204726 -0.265028
0.207704 -0.265028
-0.222593 -0.266517
-0.163037 -0.266517
-0.085613 -0.266517
-0.072213 -0.266517
-0.058812 -0.266517
-0.052857 -0.266517
-0.046901 -0.266517
-0.043923 -0.266517
-0.039456 -0.266517
0.011167 -0.266517
0.014145 -0.266517
0.017123 -0.266517
0.051368 -0.266517
0.195793 -0.266517
0.200260 -0.266517
0.204726 -0.266517
0.207704 -0.266517
-0.222593 -0.268006
-0.163037 -0.268006
-0.064768 -0.268006
-0.058812 -0.268006
-0.052857 -0.268006
-0.046901 -0.268006
-0.043923 -0.268006
-0.039456 -0.268006
0.011167 -0.268006
0.014145 -0.268006
0.018611 -0.268006
0.052857 -0.268006
0.195793 -0.268006
0.201749 -0.268006
0.206215 -0.268006
-0.224082 -0.269494
-0.221105 -0.269494
-0.090080 -0.269494
-0.087102 -0.269494
-0.064768 -0.269494
-0.058812 -0.269494
-0.052857 -0.269494
-0.048390 -0.269494
-0.045412 -0.269494
-0.040945 -0.269494
-0.037967 -0.269494
0.012656 -0.269494
0.017123 -0.269494
0.020100 -0.269494
0.054346 -0.269494
0.104969 -0.269494
0.195793 -0.269494
0.201749 -0.269494
0.206215 -0.269494
-0.224082 -0.270983
-0.221105 -0.270983
-0.091569 -0.270983
-0.088591 -0.270983
-0.066257 -0.270983
-0.060301 -0.270983
-0.052857 -0.270983
-0.048390 -0.270983
-0.045412 -0.270983
-0.040945 -0.270983
-0.037967 -0.270983
0.012656 -0.270983
0.017123 -0.270983
0.020100 -0.270983
0.057323 -0.270983
0.194304 -0.270983
0.200260 -0.270983
0.204726 -0.270983
0.207704 -0.270983
-0.222593 -0.272472
-0.163037 -0.272472
-0.067746 -0.272472
-0.061790 -0.272472
-0.054346 -0.272472
-0.051368 -0.272472
-0.048390 -0.272472
-0.045412 -0.272472
-0.040945 -0.272472
-0.037967 -0.272472
0.014145 -0.272472
0.018611 -0.272472
0.021589 -0.272472
0.104969 -0.272472
0.194304 -0.272472
0.200260 -0.272472
0.204726 -0.272472
0.207704 -0.272472
-0.222593 -0.273961
-0.219616 -0.273961
-0.161548 -0.273961
-0.061790 -0.273961
-0.052857 -0.273961
-0.049879 -0.273961
-0.046901 -0.273961
-0.043923 -0.273961
-0.039456 -0.273961
0.012656 -0.273961
0.015634 -0.273961
0.020100 -0.273961
0.023078 -0.273961
0.104969 -0.273961
0.198771 -0.273961
0.206215 -0.273961
0.209193 -0.273961
-0.221105 -0.275450
-0.161548 -0.275450
-0.078168 -0.275450
-0.063279 -0.275450
-0.054346 -0.275450
-0.051368 -0.275450
-0.046901 -0.275450
-0.043923 -0.275450
-0.040945 -0.275450
-0.037967 -0.275450
0.014145 -0.275450
0.018611 -0.275450
0.023078 -0.275450
0.061790 -0.275450
0.106458 -0.275450
0.192815 -0.275450
0.206215 -0.275450
0.209193 -0.275450
-0.221105 -0.276939
-0.163037 -0.276939
-0.101991 -0.276939
-0.064768 -0.276939
-0.057323 -0.276939
-0.054346 -0.276939
-0.051368 -0.276939
-0.046901 -0.276939
-0.043923 -0.276939
-0.040945 -0.276939
-0.037967 -0.276939
0.014145 -0.276939
0.017123 -0.276939
0.023078 -0.276939
0.026056 -0.276939
0.191326 -0.276939
0.206215 -0.276939
0.209193 -0.276939
-0.219616 -0.278428
-0.161548 -0.278428
-0.072213 -0.278428
-0.063279 -0.278428
-0.057323 -0.278428
-0.054346 -0.278428
-0.051368 -0.278428
-0.046901 -0.278428
-0.043923 -0.278428
-0.040945 -0.278428
-0.037967 -0.278428
0.012656 -0.278428
0.015634 -0.278428
0.020100 -0.278428
0.026056 -0.278428
0.189837 -0.278428
0.206215 -0.278428
0.209193 -0.278428
-0.219616 -0.279917
-0.161548 -0.279917
-0.058812 -0.279917
-0.054346 -0.279917
-0.049879 -0.279917
-0.046901 -0.279917
-0.043923 -0.279917
-0.040945 -0.279917
-0.037967 -0.279917
0.014145 -0.279917
0.017123 -0.279917
0.021589 -0.279917
0.026056 -0.279917
0.106458 -0.279917
0.189837 -0.279917
0.206215 -0.279917
0.209193 -0.279917
-0.219616 -0.281406
-0.161548 -0.281406
-0.064768 -0.281406
-0.058812 -0.281406
-0.052857 -0.281406
-0.048390 -0.281406
-0.045412 -0.281406
-0.042434 -0.281406
-0.039456 -0.281406
-0.036479 -0.281406
0.015634 -0.281406
0.021589 -0.281406
0.027545 -0.281406
0.188348 -0.281406
0.195793 -0.281406
0.207704 -0.281406
-0.221105 -0.282895
-0.218127 -0.282895
-0.084124 -0.282895
-0.061790 -0.282895
-0.055834 -0.282895
-0.052857 -0.282895
-0.048390 -0.282895
-0.045412 -0.282895
-0.040945 -0.282895
-0.037967 -0.282895
0.014145 -0.282895
0.017123 -0.282895
0.027545 -0.282895
0.106458 -0.282895
0.188348 -0.282895
0.207704 -0.282895
-0.221105 -0.284384
-0.218127 -0.284384
-0.066257 -0.284384
-0.058812 -0.284384
-0.055834 -0.284384
-0.052857 -0.284384
-0.049879 -0.284384
-0.046901 -0.284384
-0.043923 -0.284384
-0.039456 -0.284384
-0.036479 -0.284384
0.017123 -0.284384
0.021589 -0.284384
0.029034 -0.284384
0.106458 -0.284384
0.186859 -0.284384
0.206215 -0.284384
0.209193 -0.284384
-0.218127 -0.285873
-0.161548 -0.285873
-0.063279 -0.285873
-0.058812 -0.285873
-0.052857 -0.285873
-0.049879 -0.285873
-0.046901 -0.285873
-0.043923 -0.285873
-0.039456 -0.285873
-0.036479 -0.285873
0.017123 -0.285873
0.029034 -0.285873
0.032012 -0.285873
0.143681 -0.285873
0.185370 -0.285873
0.206215 -0.285873
0.209193 -0.285873
-0.219616 -0.287361
-0.216638 -0.287361
-0.160059 -0.287361
-0.060301 -0.287361
-0.052857 -0.287361
-0.049879 -0.287361
-0.046901 -0.287361
-0.043923 -0.287361
-0.039456 -0.287361
0.015634 -0.287361
0.018611 -0.287361
0.032012 -0.287361
0.185370 -0.287361
0.206215 -0.287361
0.209193 -0.287361
-0.219616 -0.288850
-0.216638 -0.288850
-0.160059 -0.288850
-0.063279 -0.288850
-0.054346 -0.288850
-0.051368 -0.288850
-0.048390 -0.288850
-0.045412 -0.288850
-0.040945 -0.288850
-0.037967 -0.288850
0.017123 -0.288850
0.020100 -0.288850
0.030523 -0.288850
0.033501 -0.288850
0.183882 -0.288850
0.206215 -0.288850
0.209193 -0.288850
-0.219616 -0.290339
-0.216638 -0.290339
-0.160059 -0.290339
-0.067746 -0.290339
-0.063279 -0.290339
-0.054346 -0.290339
-0.049879 -0.290339
-0.046901 -0.290339
-0.043923 -0.290339
-0.039456 -0.290339
0.017123 -0.290339
0.020100 -0.290339
0.032012 -0.290339
0.183882 -0.290339
0.206215 -0.290339
0.209193 -0.290339
-0.218127 -0.291828
-0.215149 -0.291828
-0.160059 -0.291828
-0.066257 -0.291828
-0.061790 -0.291828
-0.054346 -0.291828
-0.049879 -0.291828
-0.046901 -0.291828
-0.043923 -0.291828
-0.039456 -0.291828
0.017123 -0.291828
0.020100 -0.291828
0.033501 -0.291828
0.182393 -0.291828
0.206215 -0.291828
0.209193 -0.291828
-0.218127 -0.293317
-0.215149 -0.293317
-0.160059 -0.293317
-0.064768 -0.293317
-0.061790 -0.293317
-0.058812 -0.293317
-0.052857 -0.293317
-0.046901 -0.293317
-0.043923 -0.293317
-0.040945 -0.293317
-0.037967 -0.293317
0.018611 -0.293317
0.033501 -0.293317
0.036479 -0.293317
0.183882 -0.293317
0.209193 -0.293317
-0.218127 -0.294806
-0.215149 -0.294806
-0.124325 -0.294806
-0.067746 -0.294806
-0.064768 -0.294806
-0.061790 -0.294806
-0.052857 -0.294806
-0.046901 -0.294806
-0.043923 -0.294806
-0.040945 -0.294806
-0.037967 -0.294806
0.020100 -0.294806
0.024567 -0.294806
0.036479 -0.294806
0.182393 -0.294806
0.209193 -0.294806
-0.218127 -0.296295
-0.215149 -0.296295
-0.125814 -0.296295
-0.069235 -0.296295
-0.064768 -0.296295
-0.054346 -0.296295
-0.048390 -0.296295
-0.045412 -0.296295
-0.042434 -0.296295
-0.039456 -0.296295
0.018611 -0.296295
0.021589 -0.296295
0.034990 -0.296295
0.037967 -0.296295
0.207704 -0.296295
0.210682 -0.296295
-0.215149 -0.297784
-0.161548 -0.297784
-0.072213 -0.297784
-0.067746 -0.297784
-0.064768 -0.297784
-0.054346 -0.297784
-0.048390 -0.297784
-0.045412 -0.297784
-0.042434 -0.297784
-0.039456 -0.297784
0.018611 -0.297784
0.021589 -0.297784
0.036479 -0.297784
0.039456 -0.297784
0.180904 -0.297784
0.209193 -0.297784
-0.216638 -0.299273
-0.213660 -0.299273
-0.160059 -0.299273
-0.070724 -0.299273
-0.067746 -0.299273
-0.055834 -0.299273
-0.052857 -0.299273
-0.048390 -0.299273
-0.045412 -0.299273
-0.042434 -0.299273
-0.039456 -0.299273
0.018611 -0.299273
0.021589 -0.299273
0.026056 -0.299273
0.039456 -0.299273
0.207704 -0.299273
0.210682 -0.299273
-0.215149 -0.300762
-0.161548 -0.300762
-0.072213 -0.300762
-0.069235 -0.300762
-0.061790 -0.300762
-0.055834 -0.300762
-0.052857 -0.300762
-0.048390 -0.300762
-0.045412 -0.300762
-0.042434 -0.300762
-0.039456 -0.300762
0.020100 -0.300762
0.023078 -0.300762
0.026056 -0.300762
0.039456 -0.300762
0.177926 -0.300762
0.207704 -0.300762
0.210682 -0.300762
-0.215149 -0.302251
-0.161548 -0.302251
-0.073702 -0.302251
-0.070724 -0.302251
-0.063279 -0.302251
-0.055834 -0.302251
-0.052857 -0.302251
-0.046901 -0.302251
-0.043923 -0.302251
-0.040945 -0.302251
0.020100 -0.302251
0.023078 -0.302251
0.039456 -0.302251
0.042434 -0.302251
0.207704 -0.302251
0.210682 -0.302251
-0.213660 -0.303740
-0.161548 -0.303740
-0.075190 -0.303740
-0.072213 -0.303740
-0.064768 -0.303740
-0.054346 -0.303740
-0.051368 -0.303740
-0.045412 -0.303740
-0.042434 -0.303740
-0.039456 -0.303740
0.021589 -0.303740
0.026056 -0.303740
0.040945 -0.303740
0.176437 -0.303740
0.209193 -0.303740
0.212171 -0.303740
-0.213660 -0.305229
-0.161548 -0.305229
-0.075190 -0.305229
-0.072213 -0.305229
-0.060301 -0.305229
-0.054346 -0.305229
-0.051368 -0.305229
-0.045412 -0.305229
-0.042434 -0.305229
-0.039456 -0.305229
0.021589 -0.305229
0.026056 -0.305229
0.039456 -0.305229
0.043923 -0.305229
0.183882 -0.305229
0.207704 -0.305229
0.210682 -0.305229
-0.215149 -0.306717
-0.212171 -0.306717
-0.078168 -0.306717
-0.066257 -0.306717
-0.054346 -0.306717
-0.051368 -0.306717
-0.045412 -0.306717
-0.042434 -0.306717
-0.039456 -0.306717
0.023078 -0.306717
0.027545 -0.306717
0.043923 -0.306717
0.064768 -0.306717
0.207704 -0.306717
0.210682 -0.306717
-0.215149 -0.308206
-0.212171 -0.308206
-0.079657 -0.308206
-0.061790 -0.308206
-0.052857 -0.308206
-0.046901 -0.308206
-0.043923 -0.308206
-0.040945 -0.308206
0.021589 -0.308206
0.024567 -0.308206
0.029034 -0.308206
0.045412 -0.308206
0.173459 -0.308206
0.207704 -0.308206
0.210682 -0.308206
-0.213660 -0.309695
-0.210682 -0.309695
-0.081146 -0.309695
-0.061790 -0.309695
-0.054346 -0.309695
-0.046901 -0.309695
-0.043923 -0.309695
-0.040945 -0.309695
0.021589 -0.309695
0.024567 -0.309695
0.029034 -0.309695
0.045412 -0.309695
0.171970 -0.309695
0.206215 -0.309695
0.209193 -0.309695
0.212171 -0.309695
-0.212171 -0.311184
-0.161548 -0.311184
-0.082635 -0.311184
-0.063279 -0.311184
-0.055834 -0.311184
-0.052857 -0.311184
-0.045412 -0.311184
-0.042434 -0.311184
0.021589 -0.311184
0.024567 -0.311184
0.029034 -0.311184
0.045412 -0.311184
0.170481 -0.311184
0.203238 -0.311184
0.207704 -0.311184
0.210682 -0.311184
-0.213660 -0.312673
-0.210682 -0.312673
-0.160059 -0.312673
-0.082635 -0.312673
-0.063279 -0.312673
-0.057323 -0.312673
-0.054346 -0.312673
-0.045412 -0.312673
-0.042434 -0.312673
0.023078 -0.312673
0.026056 -0.312673
0.030523 -0.312673
0.048390 -0.312673
0.171970 -0.312673
0.206215 -0.312673
0.210682 -0.312673
-0.213660 -0.314162
-0.210682 -0.314162
-0.161548 -0.314162
-0.084124 -0.314162
-0.064768 -0.314162
-0.057323 -0.314162
-0.052857 -0.314162
-0.043923 -0.314162
-0.040945 -0.314162
0.024567 -0.314162
0.029034 -0.314162
0.046901 -0.314162
0.049879 -0.314162
0.170481 -0.314162
0.204726 -0.314162
0.209193 -0.314162
0.212171 -0.314162
-0.210682 -0.315651
-0.161548 -0.315651
-0.085613 -0.315651
-0.066257 -0.315651
-0.058812 -0.315651
-0.052857 -0.315651
-0.045412 -0.315651
-0.042434 -0.315651
0.023078 -0.315651
0.026056 -0.315651
0.032012 -0.315651
0.049879 -0.315651
0.168992 -0.315651
0.203238 -0.315651
0.206215 -0.315651
0.210682 -0.315651
-0.212171 -0.317140
-0.209193 -0.317140
-0.160059 -0.317140
-0.076679 -0.317140
-0.060301 -0.317140
-0.054346 -0.317140
-0.048390 -0.317140
-0.043923 -0.317140
-0.040945 -0.317140
0.024567 -0.317140
0.030523 -0.317140
0.049879 -0.317140
0.201749 -0.317140
0.204726 -0.317140
0.209193 -0.317140
0.212171 -0.317140
-0.210682 -0.318629
-0.204726 -0.318629
-0.161548 -0.318629
-0.067746 -0.318629
-0.060301 -0.318629
-0.052857 -0.318629
-0.048390 -0.318629
-0.043923 -0.318629
-0.040945 -0.318629
0.026056 -0.318629
0.030523 -0.318629
0.033501 -0.318629
0.051368 -0.318629
0.167503 -0.318629
0.203238 -0.318629
0.207704 -0.318629
0.210682 -0.318629
-0.212171 -0.320118
-0.209193 -0.320118
-0.203238 -0.320118
-0.160059 -0.320118
-0.090080 -0.320118
-0.061790 -0.320118
-0.052857 -0.320118
-0.048390 -0.320118
-0.043923 -0.320118
-0.040945 -0.320118
0.026056 -0.320118
0.032012 -0.320118
0.051368 -0.320118
0.167503 -0.320118
0.207704 -0.320118
0.210682 -0.320118
-0.210682 -0.321607
-0.207704 -0.321607
-0.203238 -0.321607
-0.160059 -0.321607
-0.119858 -0.321607
-0.063279 -0.321607
-0.054346 -0.321607
-0.049879 -0.321607
-0.043923 -0.321607
-0.040945 -0.321607
0.026056 -0.321607
0.032012 -0.321607
0.034990 -0.321607
0.054346 -0.321607
0.203238 -0.321607
0.209193 -0.321607
0.212171 -0.321607
-0.209193 -0.323096
-0.203238 -0.323096
-0.122836 -0.323096
-0.064768 -0.323096
-0.058812 -0.323096
-0.052857 -0.323096
-0.043923 -0.323096
-0.040945 -0.323096
0.026056 -0.323096
0.032012 -0.323096
0.052857 -0.323096
0.055834 -0.323096
0.201749 -0.323096
0.207704 -0.323096
0.210682 -0.323096
-0.210682 -0.324584
-0.207704 -0.324584
-0.201749 -0.324584
-0.122836 -0.324584
-0.064768 -0.324584
-0.058812 -0.324584
-0.052857 -0.324584
-0.049879 -0.324584
-0.043923 -0.324584
-0.040945 -0.324584
0.027545 -0.324584
0.036479 -0.324584
0.055834 -0.324584
0.110925 -0.324584
0.201749 -0.324584
0.207704 -0.324584
0.210682 -0.324584
-0.209193 -0.326073
-0.206215 -0.326073
-0.201749 -0.326073
-0.158570 -0.326073
-0.066257 -0.326073
-0.054346 -0.326073
-0.051368 -0.326073
-0.045412 -0.326073
-0.042434 -0.326073
0.026056 -0.326073
0.029034 -0.326073
0.055834 -0.326073
0.110925 -0.326073
0.203238 -0.326073
0.207704 -0.326073
0.210682 -0.326073
-0.209193 -0.327562
-0.206215 -0.327562
-0.201749 -0.327562
-0.161548 -0.327562
-0.066257 -0.327562
-0.054346 -0.327562
-0.051368 -0.327562
-0.045412 -0.327562
-0.042434 -0.327562
0.026056 -0.327562
0.029034 -0.327562
0.057323 -0.327562
0.110925 -0.327562
0.203238 -0.327562
0.209193 -0.327562
0.212171 -0.327562
-0.207704 -0.329051
-0.201749 -0.329051
-0.161548 -0.329051
-0.093057 -0.329051
-0.066257 -0.329051
-0.060301 -0.329051
-0.052857 -0.329051
-0.049879 -0.329051
-0.042434 -0.329051
0.026056 -0.329051
0.029034 -0.329051
0.039456 -0.329051
0.060301 -0.329051
0.200260 -0.329051
0.203238 -0.329051
0.209193 -0.329051
0.212171 -0.329051
-0.206215 -0.330540
-0.201749 -0.330540
-0.160059 -0.330540
-0.069235 -0.330540
-0.061790 -0.330540
-0.052857 -0.330540
-0.049879 -0.330540
-0.045412 -0.330540
-0.042434 -0.330540
0.027545 -0.330540
0.030523 -0.330540
0.034990 -0.330540
0.061790 -0.330540
0.200260 -0.330540
0.203238 -0.330540
0.209193 -0.330540
-0.207704 -0.332029
-0.204726 -0.332029
-0.200260 -0.332029
-0.070724 -0.332029
-0.067746 -0.332029
-0.055834 -0.332029
-0.052857 -0.332029
-0.049879 -0.332029
-0.045412 -0.332029
-0.040945 -0.332029
0.027545 -0.332029
0.030523 -0.332029
0.061790 -0.332029
0.112413 -0.332029
0.201749 -0.332029
0.206215 -0.332029
0.209193 -0.332029
-0.207704 -0.333518
-0.204726 -0.333518
-0.201749 -0.333518
-0.096035 -0.333518
-0.069235 -0.333518
-0.054346 -0.333518
-0.051368 -0.333518
-0.045412 -0.333518
-0.040945 -0.333518
0.027545 -0.333518
0.030523 -0.333518
0.040945 -0.333518
0.061790 -0.333518
0.112413 -0.333518
0.200260 -0.333518
0.203238 -0.333518
0.207704 -0.333518
0.210682 -0.333518
-0.206215 -0.335007
-0.203238 -0.335007
-0.200260 -0.335007
-0.160059 -0.335007
-0.072213 -0.335007
-0.063279 -0.335007
-0.054346 -0.335007
-0.051368 -0.335007
-0.045412 -0.335007
-0.040945 -0.335007
0.027545 -0.335007
0.030523 -0.335007
0.034990 -0.335007
0.043923 -0.335007
0.064768 -0.335007
0.197282 -0.335007
0.201749 -0.335007
0.206215 -0.335007
0.209193 -0.335007
-0.206215 -0.336496
-0.203238 -0.336496
-0.200260 -0.336496
-0.073702 -0.336496
-0.057323 -0.336496
-0.052857 -0.336496
-0.048390 -0.336496
-0.045412 -0.336496
-0.040945 -0.336496
0.027545 -0.336496
0.030523 -0.336496
0.034990 -0.336496
0.043923 -0.336496
0.066257 -0.336496
0.197282 -0.336496
0.201749 -0.336496
0.206215 -0.336496
0.209193 -0.336496
-0.206215 -0.337985
-0.203238 -0.337985
-0.200260 -0.337985
-0.073702 -0.337985
-0.058812 -0.337985
-0.055834 -0.337985
-0.052857 -0.337985
-0.048390 -0.337985
-0.045412 -0.337985
-0.040945 -0.337985
0.029034 -0.337985
0.032012 -0.337985
0.066257 -0.337985
0.112413 -0.337985
0.197282 -0.337985
0.201749 -0.337985
0.206215 -0.337985
0.209193 -0.337985
-0.204726 -0.339474
-0.201749 -0.339474
-0.076679 -0.339474
-0.073702 -0.339474
-0.060301 -0.339474
-0.057323 -0.339474
-0.052857 -0.339474
-0.046901 -0.339474
-0.042434 -0.339474
-0.039456 -0.339474
0.030523 -0.339474
0.036479 -0.339474
0.067746 -0.339474
0.195793 -0.339474
0.201749 -0.339474
0.206215 -0.339474
0.209193 -0.339474
-0.204726 -0.340963
-0.201749 -0.340963
-0.133258 -0.340963
-0.076679 -0.340963
-0.066257 -0.340963
-0.060301 -0.340963
-0.054346 -0.340963
-0.048390 -0.340963
-0.045412 -0.340963
-0.040945 -0.340963
-0.037967 -0.340963
0.030523 -0.340963
0.036479 -0.340963
0.067746 -0.340963
0.112413 -0.340963
0.197282 -0.340963
0.203238 -0.340963
0.207704 -0.340963
0.210682 -0.340963
-0.203238 -0.342452
-0.200260 -0.342452
-0.134747 -0.342452
-0.079657 -0.342452
-0.076679 -0.342452
-0.061790 -0.342452
-0.054346 -0.342452
-0.049879 -0.342452
-0.046901 -0.342452
-0.040945 -0.342452
-0.037967 -0.342452
0.030523 -0.342452
0.033501 -0.342452
0.037967 -0.342452
0.048390 -0.342452
0.113902 -0.342452
0.195793 -0.342452
0.203238 -0.342452
0.206215 -0.342452
0.209193 -0.342452
-0.204726 -0.343940
-0.201749 -0.343940
-0.160059 -0.343940
-0.134747 -0.343940
-0.079657 -0.343940
-0.063279 -0.343940
-0.054346 -0.343940
-0.048390 -0.343940
-0.045412 -0.343940
-0.039456 -0.343940
0.030523 -0.343940
0.033501 -0.343940
0.037967 -0.343940
0.048390 -0.343940
0.113902 -0.343940
0.195793 -0.343940
0.203238 -0.343940
0.206215 -0.343940
0.209193 -0.343940
-0.203238 -0.345429
-0.200260 -0.345429
-0.160059 -0.345429
-0.136236 -0.345429
-0.081146 -0.345429
-0.067746 -0.345429
-0.063279 -0.345429
-0.055834 -0.345429
-0.049879 -0.345429
-0.046901 -0.345429
-0.043923 -0.345429
-0.039456 -0.345429
0.030523 -0.345429
0.033501 -0.345429
0.037967 -0.345429
0.113902 -0.345429
0.194304 -0.345429
0.204726 -0.345429
0.207704 -0.345429
0.210682 -0.345429
-0.201749 -0.346918
-0.198771 -0.346918
-0.137725 -0.346918
-0.104969 -0.346918
-0.082635 -0.346918
-0.069235 -0.346918
-0.064768 -0.346918
-0.055834 -0.346918
-0.049879 -0.346918
-0.046901 -0.346918
-0.043923 -0.346918
-0.039456 -0.346918
0.030523 -0.346918
0.033501 -0.346918
0.113902 -0.346918
0.194304 -0.346918
0.204726 -0.346918
0.207704 -0.346918
0.210682 -0.346918
-0.200260 -0.348407
-0.160059 -0.348407
-0.107947 -0.348407
-0.070724 -0.348407
-0.066257 -0.348407
-0.055834 -0.348407
-0.049879 -0.348407
-0.040945 -0.348407
-0.037967 -0.348407
0.032012 -0.348407
0.037967 -0.348407
0.113902 -0.348407
0.192815 -0.348407
0.204726 -0.348407
0.207704 -0.348407
0.210682 -0.348407
-0.200260 -0.349896
-0.160059 -0.349896
-0.139214 -0.349896
-0.070724 -0.349896
-0.067746 -0.349896
-0.055834 -0.349896
-0.052857 -0.349896
-0.049879 -0.349896
-0.042434 -0.349896
-0.039456 -0.349896
0.032012 -0.349896
0.034990 -0.349896
0.039456 -0.349896
0.191326 -0.349896
0.203238 -0.349896
0.206215 -0.349896
0.209193 -0.349896
-0.201749 -0.351385
-0.198771 -0.351385
-0.142192 -0.351385
-0.072213 -0.351385
-0.069235 -0.351385
-0.055834 -0.351385
-0.052857 -0.351385
-0.049879 -0.351385
-0.042434 -0.351385
-0.039456 -0.351385
0.032012 -0.351385
0.034990 -0.351385
0.039456 -0.351385
0.115391 -0.351385
0.191326 -0.351385
0.204726 -0.351385
0.207704 -0.351385
0.210682 -0.351385
-0.200260 -0.352874
-0.197282 -0.352874
-0.143681 -0.352874
-0.140703 -0.352874
-0.072213 -0.352874
-0.055834 -0.352874
-0.051368 -0.352874
-0.043923 -0.352874
-0.040945 -0.352874
-0.037967 -0.352874
0.032012 -0.352874
0.034990 -0.352874
0.039456 -0.352874
0.115391 -0.352874
0.203238 -0.352874
0.206215 -0.352874
0.209193 -0.352874
-0.200260 -0.354363
-0.197282 -0.354363
-0.158570 -0.354363
-0.142192 -0.354363
-0.073702 -0.354363
-0.055834 -0.354363
-0.049879 -0.354363
-0.042434 -0.354363
-0.039456 -0.354363
-0.036479 -0.354363
0.033501 -0.354363
0.036479 -0.354363
0.113902 -0.354363
0.188348 -0.354363
0.203238 -0.354363
0.206215 -0.354363
0.209193 -0.354363
-0.200260 -0.355852
-0.197282 -0.355852
-0.143681 -0.355852
-0.075190 -0.355852
-0.055834 -0.355852
-0.049879 -0.355852
-0.042434 -0.355852
-0.039456 -0.355852
-0.036479 -0.355852
0.034990 -0.355852
0.039456 -0.355852
0.113902 -0.355852
0.186859 -0.355852
0.203238 -0.355852
0.206215 -0.355852
0.209193 -0.355852
-0.198771 -0.357341
-0.160059 -0.357341
-0.143681 -0.357341
-0.075190 -0.357341
-0.049879 -0.357341
-0.042434 -0.357341
-0.039456 -0.357341
-0.036479 -0.357341
0.034990 -0.357341
0.039456 -0.357341
0.113902 -0.357341
0.186859 -0.357341
0.203238 -0.357341
0.206215 -0.357341
0.209193 -0.357341
-0.198771 -0.358830
-0.145170 -0.358830
-0.076679 -0.358830
-0.049879 -0.358830
-0.040945 -0.358830
-0.037967 -0.358830
0.033501 -0.358830
0.036479 -0.358830
0.040945 -0.358830
0.185370 -0.358830
0.203238 -0.358830
0.206215 -0.358830
0.209193 -0.358830
-0.198771 -0.360319
-0.079657 -0.360319
-0.054346 -0.360319
-0.045412 -0.360319
-0.039456 -0.360319
-0.036479 -0.360319
0.034990 -0.360319
0.037967 -0.360319
0.040945 -0.360319
0.185370 -0.360319
0.203238 -0.360319
0.206215 -0.360319
0.209193 -0.360319
-0.198771 -0.361807
-0.160059 -0.361807
-0.149636 -0.361807
-0.079657 -0.361807
-0.060301 -0.361807
-0.052857 -0.361807
-0.045412 -0.361807
-0.039456 -0.361807
-0.036479 -0.361807
0.036479 -0.361807
0.040945 -0.361807
0.183882 -0.361807
0.203238 -0.361807
0.206215 -0.361807
0.209193 -0.361807
-0.198771 -0.363296
-0.160059 -0.363296
-0.149636 -0.363296
-0.081146 -0.363296
-0.060301 -0.363296
-0.052857 -0.363296
-0.045412 -0.363296
-0.037967 -0.363296
0.034990 -0.363296
0.037967 -0.363296
0.042434 -0.363296
0.182393 -0.363296
0.203238 -0.363296
0.206215 -0.363296
0.209193 -0.363296
-0.198771 -0.364785
-0.154103 -0.364785
-0.151125 -0.364785
-0.145170 -0.364785
-0.081146 -0.364785
-0.054346 -0.364785
-0.049879 -0.364785
-0.039456 -0.364785
-0.036479 -0.364785
0.036479 -0.364785
0.040945 -0.364785
0.115391 -0.364785
0.183882 -0.364785
0.204726 -0.364785
0.207704 -0.364785
-0.200260 -0.366274
-0.197282 -0.366274
-0.154103 -0.366274
-0.146659 -0.366274
-0.084124 -0.366274
-0.055834 -0.366274
-0.052857 -0.366274
-0.045412 -0.366274
-0.037967 -0.366274
0.034990 -0.366274
0.037967 -0.366274
0.043923 -0.366274
0.180904 -0.366274
0.186859 -0.366274
0.204726 -0.366274
0.207704 -0.366274
-0.198771 -0.367763
-0.158570 -0.367763
-0.155592 -0.367763
-0.085613 -0.367763
-0.055834 -0.367763
-0.049879 -0.367763
-0.045412 -0.367763
-0.037967 -0.367763
0.034990 -0.367763
0.037967 -0.367763
0.042434 -0.367763
0.115391 -0.367763
0.180904 -0.367763
0.204726 -0.367763
0.207704 -0.367763
-0.197282 -0.369252
-0.158570 -0.369252
-0.155592 -0.369252
-0.064768 -0.369252
-0.054346 -0.369252
-0.039456 -0.369252
-0.036479 -0.369252
0.037967 -0.369252
0.043923 -0.369252
0.115391 -0.369252
0.179415 -0.369252
0.203238 -0.369252
0.206215 -0.369252
-0.198771 -0.370741
-0.195793 -0.370741
-0.158570 -0.370741
-0.087102 -0.370741
-0.055834 -0.370741
-0.049879 -0.370741
-0.037967 -0.370741
0.036479 -0.370741
0.039456 -0.370741
0.045412 -0.370741
0.177926 -0.370741
0.203238 -0.370741
0.206215 -0.370741
-0.198771 -0.372230
-0.195793 -0.372230
-0.158570 -0.372230
-0.088591 -0.372230
-0.060301 -0.372230
-0.052857 -0.372230
-0.049879 -0.372230
-0.037967 -0.372230
0.036479 -0.372230
0.039456 -0.372230
0.045412 -0.372230
0.177926 -0.372230
0.203238 -0.372230
0.206215 -0.372230
-0.198771 -0.373719
-0.195793 -0.373719
-0.158570 -0.373719
-0.090080 -0.373719
-0.060301 -0.373719
-0.052857 -0.373719
-0.049879 -0.373719
-0.037967 -0.373719
0.036479 -0.373719
0.039456 -0.373719
0.043923 -0.373719
0.070724 -0.373719
0.176437 -0.373719
0.203238 -0.373719
0.206215 -0.373719
-0.197282 -0.375208
-0.183882 -0.375208
-0.158570 -0.375208
-0.084124 -0.375208
-0.067746 -0.375208
-0.054346 -0.375208
-0.049879 -0.375208
-0.039456 -0.375208
-0.036479 -0.375208
0.039456 -0.375208
0.045412 -0.375208
0.174948 -0.375208
0.201749 -0.375208
0.204726 -0.375208
-0.198771 -0.376697
-0.195793 -0.376697
-0.160059 -0.376697
-0.091569 -0.376697
-0.069235 -0.376697
-0.055834 -0.376697
-0.052857 -0.376697
-0.043923 -0.376697
-0.037967 -0.376697
0.037967 -0.376697
0.040945 -0.376697
0.173459 -0.376697
0.201749 -0.376697
0.204726 -0.376697
-0.198771 -0.378186
-0.195793 -0.378186
-0.160059 -0.378186
-0.087102 -0.378186
-0.070724 -0.378186
-0.054346 -0.378186
-0.043923 -0.378186
-0.037967 -0.378186
0.037967 -0.378186
0.040945 -0.378186
0.075190 -0.378186
0.171970 -0.378186
0.201749 -0.378186
0.204726 -0.378186
-0.198771 -0.379675
-0.195793 -0.379675
-0.088591 -0.379675
-0.085613 -0.379675
-0.057323 -0.379675
-0.054346 -0.379675
-0.049879 -0.379675
-0.037967 -0.379675
0.037967 -0.379675
0.040945 -0.379675
0.046901 -0.379675
0.170481 -0.379675
0.173459 -0.379675
0.203238 -0.379675
0.206215 -0.379675
-0.195793 -0.381163
-0.160059 -0.381163
-0.134747 -0.381163
-0.087102 -0.381163
-0.072213 -0.381163
-0.057323 -0.381163
-0.054346 -0.381163
-0.049879 -0.381163
-0.037967 -0.381163
0.039456 -0.381163
0.042434 -0.381163
0.048390 -0.381163
0.116880 -0.381163
0.170481 -0.381163
0.200260 -0.381163
0.203238 -0.381163
0.206215 -0.381163
-0.195793 -0.382652
-0.160059 -0.382652
-0.090080 -0.382652
-0.073702 -0.382652
-0.058812 -0.382652
-0.054346 -0.382652
-0.049879 -0.382652
-0.037967 -0.382652
0.039456 -0.382652
0.042434 -0.382652
0.048390 -0.382652
0.170481 -0.382652
0.201749 -0.382652
0.204726 -0.382652
-0.197282 -0.384141
-0.194304 -0.384141
-0.091569 -0.384141
-0.055834 -0.384141
-0.049879 -0.384141
-0.039456 -0.384141
-0.036479 -0.384141
0.040945 -0.384141
0.048390 -0.384141
0.118369 -0.384141
0.168992 -0.384141
0.200260 -0.384141
0.203238 -0.384141
0.206215 -0.384141
-0.195793 -0.385630
-0.160059 -0.385630
-0.106458 -0.385630
-0.076679 -0.385630
-0.054346 -0.385630
-0.037967 -0.385630
0.039456 -0.385630
0.042434 -0.385630
0.049879 -0.385630
0.198771 -0.385630
0.201749 -0.385630
0.204726 -0.385630
-0.197282 -0.387119
-0.194304 -0.387119
-0.125814 -0.387119
-0.107947 -0.387119
-0.091569 -0.387119
-0.069235 -0.387119
-0.054346 -0.387119
-0.037967 -0.387119
0.040945 -0.387119
0.043923 -0.387119
0.198771 -0.387119
0.201749 -0.387119
0.204726 -0.387119
-0.197282 -0.388608
-0.194304 -0.388608
-0.125814 -0.388608
-0.094546 -0.388608
-0.085613 -0.388608
-0.069235 -0.388608
-0.054346 -0.388608
-0.039456 -0.388608
-0.036479 -0.388608
0.042434 -0.388608
0.048390 -0.388608
0.167503 -0.388608
0.200260 -0.388608
0.203238 -0.388608
0.206215 -0.388608
-0.194304 -0.390097
-0.127303 -0.390097
-0.094546 -0.390097
-0.070724 -0.390097
-0.054346 -0.390097
-0.048390 -0.390097
-0.039456 -0.390097
-0.036479 -0.390097
0.042434 -0.390097
0.048390 -0.390097
0.118369 -0.390097
0.198771 -0.390097
0.203238 -0.390097
0.206215 -0.390097
-0.195793 -0.391586
-0.160059 -0.391586
-0.096035 -0.391586
-0.081146 -0.391586
-0.055834 -0.391586
-0.049879 -0.391586
-0.039456 -0.391586
-0.036479 -0.391586
0.042434 -0.391586
0.048390 -0.391586
0.054346 -0.391586
0.166015 -0.391586
0.198771 -0.391586
0.203238 -0.391586
0.206215 -0.391586
-0.195793 -0.393075
-0.192815 -0.393075
-0.130280 -0.393075
-0.112413 -0.393075
-0.096035 -0.393075
-0.081146 -0.393075
-0.061790 -0.393075
-0.054346 -0.393075
-0.049879 -0.393075
-0.039456 -0.393075
0.042434 -0.393075
0.045412 -0.393075
0.054346 -0.393075
0.164526 -0.393075
0.197282 -0.393075
0.200260 -0.393075
0.203238 -0.393075
0.206215 -0.393075
-0.195793 -0.394564
-0.192815 -0.394564
-0.158570 -0.394564
-0.097524 -0.394564
-0.082635 -0.394564
-0.073702 -0.394564
-0.055834 -0.394564
-0.052857 -0.394564
-0.039456 -0.394564
0.042434 -0.394564
0.045412 -0.394564
0.055834 -0.394564
0.119858 -0.394564
0.197282 -0.394564
0.200260 -0.394564
0.203238 -0.394564
0.206215 -0.394564
-0.195793 -0.396053
-0.192815 -0.396053
-0.158570 -0.396053
-0.099013 -0.396053
-0.084124 -0.396053
-0.075190 -0.396053
-0.055834 -0.396053
-0.052857 -0.396053
-0.039456 -0.396053
0.042434 -0.396053
0.045412 -0.396053
0.055834 -0.396053
0.119858 -0.396053
0.197282 -0.396053
0.200260 -0.396053
0.203238 -0.396053
0.206215 -0.396053
-0.195793 -0.397542
-0.192815 -0.397542
-0.158570 -0.397542
-0.115391 -0.397542
-0.099013 -0.397542
-0.081146 -0.397542
-0.063279 -0.397542
-0.054346 -0.397542
-0.045412 -0.397542
-0.039456 -0.397542
0.043923 -0.397542
0.046901 -0.397542
0.057323 -0.397542
0.119858 -0.397542
0.197282 -0.397542
0.200260 -0.397542
0.203238 -0.397542
0.206215 -0.397542
0.209193 -0.397542
-0.194304 -0.399030
-0.160059 -0.399030
-0.100502 -0.399030
-0.094546 -0.399030
-0.082635 -0.399030
-0.076679 -0.399030
-0.063279 -0.399030
-0.054346 -0.399030
-0.045412 -0.399030
-0.040945 -0.399030
-0.037967 -0.399030
0.045412 -0.399030
0.051368 -0.399030
0.060301 -0.399030
0.195793 -0.399030
0.198771 -0.399030
0.201749 -0.399030
0.204726 -0.399030
0.207704 -0.399030
-0.195793 -0.400519
-0.192815 -0.400519
-0.158570 -0.400519
-0.101991 -0.400519
-0.096035 -0.400519
-0.084124 -0.400519
-0.058812 -0.400519
-0.052857 -0.400519
-0.043923 -0.400519
-0.040945 -0.400519
-0.037967 -0.400519
0.045412 -0.400519
0.051368 -0.400519
0.060301 -0.400519
0.195793 -0.400519
0.198771 -0.400519
0.201749 -0.400519
0.206215 -0.400519
0.209193 -0.400519
-0.192815 -0.402008
-0.160059 -0.402008
-0.119858 -0.402008
-0.101991 -0.402008
-0.085613 -0.402008
-0.060301 -0.402008
-0.048390 -0.402008
-0.045412 -0.402008
-0.040945 -0.402008
-0.037967 -0.402008
0.046901 -0.402008
0.060301 -0.402008
0.194304 -0.402008
0.198771 -0.402008
0.201749 -0.402008
0.206215 -0.402008
0.209193 -0.402008
-0.192815 -0.403497
-0.158570 -0.403497
-0.103480 -0.403497
-0.087102 -0.403497
-0.066257 -0.403497
-0.054346 -0.403497
-0.046901 -0.403497
-0.042434 -0.403497
-0.039456 -0.403497
0.045412 -0.403497
0.048390 -0.403497
0.060301 -0.403497
0.063279 -0.403497
0.197282 -0.403497
0.200260 -0.403497
0.203238 -0.403497
0.206215 -0.403497
0.209193 -0.403497
-0.192815 -0.404986
-0.158570 -0.404986
-0.119858 -0.404986
-0.103480 -0.404986
-0.087102 -0.404986
-0.061790 -0.404986
-0.054346 -0.404986
-0.048390 -0.404986
-0.045412 -0.404986
-0.040945 -0.404986
0.045412 -0.404986
0.048390 -0.404986
0.061790 -0.404986
0.192815 -0.404986
0.195793 -0.404986
0.204726 -0.404986
0.207704 -0.404986
0.210682 -0.404986
-0.192815 -0.406475
-0.158570 -0.406475
-0.121347 -0.406475
-0.106458 -0.406475
-0.088591 -0.406475
-0.066257 -0.406475
-0.061790 -0.406475
-0.054346 -0.406475
-0.048390 -0.406475
-0.045412 -0.406475
-0.040945 -0.406475
0.045412 -0.406475
0.048390 -0.406475
0.063279 -0.406475
0.121347 -0.406475
0.203238 -0.406475
0.206215 -0.406475
0.209193 -0.406475
-0.194304 -0.407964
-0.191326 -0.407964
-0.157081 -0.407964
-0.107947 -0.407964
-0.090080 -0.407964
-0.067746 -0.407964
-0.055834 -0.407964
-0.046901 -0.407964
-0.043923 -0.407964
-0.040945 -0.407964
0.046901 -0.407964
0.063279 -0.407964
0.121347 -0.407964
0.200260 -0.407964
0.204726 -0.407964
0.207704 -0.407964
0.210682 -0.407964
-0.192815 -0.409453
-0.158570 -0.409453
-0.107947 -0.409453
-0.091569 -0.409453
-0.067746 -0.409453
-0.063279 -0.409453
-0.054346 -0.409453
-0.045412 -0.409453
-0.042434 -0.409453
-0.039456 -0.409453
0.048390 -0.409453
0.064768 -0.409453
0.121347 -0.409453
0.203238 -0.409453
0.206215 -0.409453
0.209193 -0.409453
-0.192815 -0.410942
-0.157081 -0.410942
-0.107947 -0.410942
-0.104969 -0.410942
-0.069235 -0.410942
-0.066257 -0.410942
-0.060301 -0.410942
-0.054346 -0.410942
-0.045412 -0.410942
-0.042434 -0.410942
-0.039456 -0.410942
0.048390 -0.410942
0.064768 -0.410942
0.203238 -0.410942
0.206215 -0.410942
0.209193 -0.410942
-0.192815 -0.412431
-0.157081 -0.412431
-0.107947 -0.412431
-0.091569 -0.412431
-0.066257 -0.412431
-0.061790 -0.412431
-0.054346 -0.412431
-0.049879 -0.412431
-0.045412 -0.412431
-0.042434 -0.412431
-0.039456 -0.412431
0.048390 -0.412431
0.066257 -0.412431
0.203238 -0.412431
0.206215 -0.412431
0.209193 -0.412431
-0.192815 -0.413920
-0.189837 -0.413920
-0.157081 -0.413920
-0.112413 -0.413920
-0.107947 -0.413920
-0.094546 -0.413920
-0.070724 -0.413920
-0.066257 -0.413920
-0.055834 -0.413920
-0.051368 -0.413920
-0.045412 -0.413920
-0.042434 -0.413920
0.048390 -0.413920
0.051368 -0.413920
0.067746 -0.413920
0.201749 -0.413920
0.206215 -0.413920
0.209193 -0.413920
-0.192815 -0.415409
-0.189837 -0.415409
-0.157081 -0.415409
-0.110925 -0.415409
-0.096035 -0.415409
-0.070724 -0.415409
-0.067746 -0.415409
-0.054346 -0.415409
-0.049879 -0.415409
-0.043923 -0.415409
-0.040945 -0.415409
0.049879 -0.415409
0.067746 -0.415409
0.090080 -0.415409
0.204726 -0.415409
0.207704 -0.415409
0.210682 -0.415409
-0.191326 -0.416898
-0.157081 -0.416898
-0.112413 -0.416898
-0.097524 -0.416898
-0.072213 -0.416898
-0.069235 -0.416898
-0.054346 -0.416898
-0.045412 -0.416898
-0.042434 -0.416898
0.048390 -0.416898
0.051368 -0.416898
0.070724 -0.416898
0.201749 -0.416898
0.206215 -0.416898
0.209193 -0.416898
0.212171 -0.416898
-0.191326 -0.418386
-0.185370 -0.418386
-0.125814 -0.418386
-0.112413 -0.418386
-0.097524 -0.418386
-0.070724 -0.418386
-0.055834 -0.418386
-0.045412 -0.418386
-0.042434 -0.418386
0.048390 -0.418386
0.051368 -0.418386
0.069235 -0.418386
0.093057 -0.418386
0.206215 -0.418386
0.209193 -0.418386
0.212171 -0.418386
-0.189837 -0.419875
-0.128792 -0.419875
-0.113902 -0.419875
-0.100502 -0.419875
-0.073702 -0.419875
-0.070724 -0.419875
-0.060301 -0.419875
-0.054346 -0.419875
-0.043923 -0.419875
-0.040945 -0.419875
0.051368 -0.419875
0.070724 -0.419875
0.094546 -0.419875
0.206215 -0.419875
0.209193 -0.419875
0.212171 -0.419875
-0.189837 -0.421364
-0.183882 -0.421364
-0.130280 -0.421364
-0.119858 -0.421364
-0.113902 -0.421364
-0.100502 -0.421364
-0.072213 -0.421364
-0.061790 -0.421364
-0.054346 -0.421364
-0.045412 -0.421364
-0.042434 -0.421364
0.049879 -0.421364
0.052857 -0.421364
0.072213 -0.421364
0.207704 -0.421364
0.210682 -0.421364
-0.191326 -0.422853
-0.188348 -0.422853
-0.155592 -0.422853
-0.130280 -0.422853
-0.116880 -0.422853
-0.103480 -0.422853
-0.075190 -0.422853
-0.072213 -0.422853
-0.054346 -0.422853
-0.051368 -0.422853
-0.043923 -0.422853
-0.040945 -0.422853
0.051368 -0.422853
0.072213 -0.422853
0.207704 -0.422853
0.210682 -0.422853
-0.191326 -0.424342
-0.188348 -0.424342
-0.155592 -0.424342
-0.131769 -0.424342
-0.116880 -0.424342
-0.103480 -0.424342
-0.075190 -0.424342
-0.072213 -0.424342
-0.057323 -0.424342
-0.054346 -0.424342
-0.049879 -0.424342
-0.043923 -0.424342
-0.040945 -0.424342
0.052857 -0.424342
0.073702 -0.424342
0.204726 -0.424342
0.210682 -0.424342
-0.189837 -0.425831
-0.186859 -0.425831
-0.182393 -0.425831
-0.134747 -0.425831
-0.118369 -0.425831
-0.075190 -0.425831
-0.067746 -0.425831
-0.057323 -0.425831
-0.054346 -0.425831
-0.051368 -0.425831
-0.048390 -0.425831
-0.042434 -0.425831
0.051368 -0.425831
0.054346 -0.425831
0.073702 -0.425831
0.204726 -0.425831
0.210682 -0.425831
-0.189837 -0.427320
-0.186859 -0.427320
-0.182393 -0.427320
-0.134747 -0.427320
-0.119858 -0.427320
-0.076679 -0.427320
-0.069235 -0.427320
-0.060301 -0.427320
-0.055834 -0.427320
-0.052857 -0.427320
-0.049879 -0.427320
-0.043923 -0.427320
-0.040945 -0.427320
0.052857 -0.427320
0.058812 -0.427320
0.076679 -0.427320
0.212171 -0.427320
-0.189837 -0.428809
-0.186859 -0.428809
-0.155592 -0.428809
-0.121347 -0.428809
-0.076679 -0.428809
-0.069235 -0.428809
-0.057323 -0.428809
-0.054346 -0.428809
-0.051368 -0.428809
-0.043923 -0.428809
-0.040945 -0.428809
0.051368 -0.428809
0.054346 -0.428809
0.058812 -0.428809
0.076679 -0.428809
0.212171 -0.428809
-0.189837 -0.430298
-0.186859 -0.430298
-0.182393 -0.430298
-0.154103 -0.430298
-0.127303 -0.430298
-0.079657 -0.430298
-0.072213 -0.430298
-0.063279 -0.430298
-0.055834 -0.430298
-0.052857 -0.430298
-0.048390 -0.430298
-0.043923 -0.430298
-0.040945 -0.430298
0.052857 -0.430298
0.055834 -0.430298
0.076679 -0.430298
0.192815 -0.430298
0.213660 -0.430298
-0.188348 -0.431787
-0.185370 -0.431787
-0.155592 -0.431787
-0.139214 -0.431787
-0.075190 -0.431787
-0.072213 -0.431787
-0.058812 -0.431787
-0.055834 -0.431787
-0.048390 -0.431787
-0.045412 -0.431787
-0.040945 -0.431787
0.052857 -0.431787
0.055834 -0.431787
0.076679 -0.431787
0.079657 -0.431787
0.186859 -0.431787
0.207704 -0.431787
0.213660 -0.431787
0.216638 -0.431787
-0.186859 -0.433276
-0.183882 -0.433276
-0.076679 -0.433276
-0.073702 -0.433276
-0.060301 -0.433276
-0.055834 -0.433276
-0.049879 -0.433276
-0.046901 -0.433276
-0.042434 -0.433276
-0.039456 -0.433276
0.054346 -0.433276
0.060301 -0.433276
0.079657 -0.433276
0.180904 -0.433276
0.186859 -0.433276
0.213660 -0.433276
0.216638 -0.433276
-0.186859 -0.434765
-0.183882 -0.434765
-0.078168 -0.434765
-0.075190 -0.434765
-0.057323 -0.434765
-0.052857 -0.434765
-0.049879 -0.434765
-0.046901 -0.434765
-0.042434 -0.434765
-0.039456 -0.434765
0.055834 -0.434765
0.079657 -0.434765
0.082635 -0.434765
0.183882 -0.434765
0.189837 -0.434765
0.213660 -0.434765
0.216638 -0.434765
-0.186859 -0.436253
-0.183882 -0.436253
-0.131769 -0.436253
-0.079657 -0.436253
-0.076679 -0.436253
-0.067746 -0.436253
-0.058812 -0.436253
-0.055834 -0.436253
-0.051368 -0.436253
-0.048390 -0.436253
-0.045412 -0.436253
-0.039456 -0.436253
0.054346 -0.436253
0.057323 -0.436253
0.079657 -0.436253
0.082635 -0.436253
0.183882 -0.436253
0.197282 -0.436253
0.215149 -0.436253
0.218127 -0.436253
-0.185370 -0.437742
-0.154103 -0.437742
-0.133258 -0.437742
-0.082635 -0.437742
-0.079657 -0.437742
-0.070724 -0.437742
-0.064768 -0.437742
-0.058812 -0.437742
-0.055834 -0.437742
-0.051368 -0.437742
-0.048390 -0.437742
-0.045412 -0.437742
-0.039456 -0.437742
0.054346 -0.437742
0.057323 -0.437742
0.081146 -0.437742
0.084124 -0.437742
0.167503 -0.437742
0.197282 -0.437742
0.209193 -0.437742
0.216638 -0.437742
-0.186859 -0.439231
-0.183882 -0.439231
-0.154103 -0.439231
-0.085613 -0.439231
-0.082635 -0.439231
-0.072213 -0.439231
-0.066257 -0.439231
-0.058812 -0.439231
-0.055834 -0.439231
-0.051368 -0.439231
-0.048390 -0.439231
-0.045412 -0.439231
-0.040945 -0.439231
-0.037967 -0.439231
0.055834 -0.439231
0.058812 -0.439231
0.082635 -0.439231
0.085613 -0.439231
0.166015 -0.439231
0.195793 -0.439231
0.209193 -0.439231
0.218127 -0.439231
-0.186859 -0.440720
-0.183882 -0.440720
-0.154103 -0.440720
-0.134747 -0.440720
-0.087102 -0.440720
-0.084124 -0.440720
-0.072213 -0.440720
-0.063279 -0.440720
-0.057323 -0.440720
-0.054346 -0.440720
-0.051368 -0.440720
-0.048390 -0.440720
-0.045412 -0.440720
-0.040945 -0.440720
-0.037967 -0.440720
0.057323 -0.440720
0.061790 -0.440720
0.082635 -0.440720
0.085613 -0.440720
0.179415 -0.440720
0.194304 -0.440720
0.207704 -0.440720
0.210682 -0.440720
0.218127 -0.440720
-0.185370 -0.442209
-0.182393 -0.442209
-0.152614 -0.442209
-0.136236 -0.442209
-0.088591 -0.442209
-0.085613 -0.442209
-0.073702 -0.442209
-0.063279 -0.442209
-0.057323 -0.442209
-0.052857 -0.442209
-0.049879 -0.442209
-0.046901 -0.442209
-0.043923 -0.442209
-0.039456 -0.442209
0.055834 -0.442209
0.058812 -0.442209
0.063279 -0.442209
0.085613 -0.442209
0.192815 -0.442209
0.207704 -0.442209
0.210682 -0.442209
0.219616 -0.442209
-0.183882 -0.443698
-0.154103 -0.443698
-0.146659 -0.443698
-0.088591 -0.443698
-0.081146 -0.443698
-0.075190 -0.443698
-0.070724 -0.443698
-0.060301 -0.443698
-0.057323 -0.443698
-0.054346 -0.443698
-0.051368 -0.443698
-0.048390 -0.443698
-0.045412 -0.443698
-0.040945 -0.443698
-0.037967 -0.443698
0.057323 -0.443698
0.063279 -0.443698
0.087102 -0.443698
0.191326 -0.443698
0.201749 -0.443698
0.207704 -0.443698
0.218127 -0.443698
0.221105 -0.443698
-0.183882 -0.445187
-0.154103 -0.445187
-0.149636 -0.445187
-0.093057 -0.445187
-0.090080 -0.445187
-0.082635 -0.445187
-0.076679 -0.445187
-0.072213 -0.445187
-0.066257 -0.445187
-0.058812 -0.445187
-0.055834 -0.445187
-0.052857 -0.445187
-0.048390 -0.445187
-0.045412 -0.445187
-0.042434 -0.445187
-0.039456 -0.445187
-0.036479 -0.445187
0.058812 -0.445187
0.063279 -0.445187
0.085613 -0.445187
0.088591 -0.445187
0.191326 -0.445187
0.204726 -0.445187
0.207704 -0.445187
0.218127 -0.445187
0.221105 -0.445187
-0.182393 -0.446676
-0.152614 -0.446676
-0.094546 -0.446676
-0.090080 -0.446676
-0.084124 -0.446676
-0.078168 -0.446676
-0.075190 -0.446676
-0.061790 -0.446676
-0.058812 -0.446676
-0.055834 -0.446676
-0.049879 -0.446676
-0.046901 -0.446676
-0.043923 -0.446676
-0.040945 -0.446676
-0.037967 -0.446676
0.057323 -0.446676
0.060301 -0.446676
0.064768 -0.446676
0.088591 -0.446676
0.188348 -0.446676
0.200260 -0.446676
0.204726 -0.446676
0.209193 -0.446676
0.219616 -0.446676
-0.183882 -0.448165
-0.180904 -0.448165
-0.152614 -0.448165
-0.097524 -0.448165
-0.091569 -0.448165
-0.084124 -0.448165
-0.078168 -0.448165
-0.073702 -0.448165
-0.063279 -0.448165
-0.060301 -0.448165
-0.057323 -0.448165
-0.054346 -0.448165
-0.049879 -0.448165
-0.046901 -0.448165
-0.043923 -0.448165
-0.040945 -0.448165
-0.037967 -0.448165
0.057323 -0.448165
0.060301 -0.448165
0.064768 -0.448165
0.088591 -0.448165
0.127303 -0.448165
0.186859 -0.448165
0.198771 -0.448165
0.207704 -0.448165
0.215149 -0.448165
0.219616 -0.448165
0.222593 -0.448165
-0.182393 -0.449654
-0.154103 -0.449654
-0.100502 -0.449654
-0.097524 -0.449654
-0.085613 -0.449654
-0.079657 -0.449654
-0.075190 -0.449654
-0.072213 -0.449654
-0.063279 -0.449654
-0.058812 -0.449654
-0.055834 -0.449654
-0.051368 -0.449654
-0.046901 -0.449654
-0.043923 -0.449654
-0.040945 -0.449654
-0.037967 -0.449654
0.058812 -0.449654
0.061790 -0.449654
0.066257 -0.449654
0.090080 -0.449654
0.127303 -0.449654
0.185370 -0.449654
0.197282 -0.449654
0.203238 -0.449654
0.209193 -0.449654
0.218127 -0.449654
0.221105 -0.449654
-0.183882 -0.451143
-0.180904 -0.451143
-0.152614 -0.451143
-0.100502 -0.451143
-0.087102 -0.451143
-0.081146 -0.451143
-0.075190 -0.451143
-0.072213 -0.451143
-0.064768 -0.451143
-0.058812 -0.451143
-0.049879 -0.451143
-0.046901 -0.451143
-0.043923 -0.451143
-0.040945 -0.451143
-0.037967 -0.451143
0.058812 -0.451143
0.061790 -0.451143
0.066257 -0.451143
0.091569 -0.451143
0.127303 -0.451143
0.201749 -0.451143
0.207704 -0.451143
0.218127 -0.451143
0.221105 -0.451143
-0.183882 -0.452632
-0.176437 -0.452632
-0.152614 -0.452632
-0.101991 -0.452632
-0.088591 -0.452632
-0.085613 -0.452632
-0.081146 -0.452632
-0.076679 -0.452632
-0.073702 -0.452632
-0.060301 -0.452632
-0.049879 -0.452632
-0.046901 -0.452632
-0.043923 -0.452632
-0.040945 -0.452632
-0.037967 -0.452632
0.058812 -0.452632
0.061790 -0.452632
0.066257 -0.452632
0.091569 -0.452632
0.127303 -0.452632
0.195793 -0.452632
0.201749 -0.452632
0.206215 -0.452632
0.218127 -0.452632
0.221105 -0.452632
-0.183882 -0.454120
-0.177926 -0.454120
-0.154103 -0.454120
-0.104969 -0.454120
-0.101991 -0.454120
-0.087102 -0.454120
-0.081146 -0.454120
-0.076679 -0.454120
-0.067746 -0.454120
-0.058812 -0.454120
-0.048390 -0.454120
-0.045412 -0.454120
-0.042434 -0.454120
-0.039456 -0.454120
0.058812 -0.454120
0.061790 -0.454120
0.064768 -0.454120
0.067746 -0.454120
0.093057 -0.454120
0.194304 -0.454120
0.200260 -0.454120
0.207704 -0.454120
0.219616 -0.454120
0.222593 -0.454120
-0.182393 -0.455609
-0.152614 -0.455609
-0.106458 -0.455609
-0.103480 -0.455609
-0.088591 -0.455609
-0.082635 -0.455609
-0.076679 -0.455609
-0.067746 -0.455609
-0.057323 -0.455609
-0.046901 -0.455609
-0.043923 -0.455609
-0.040945 -0.455609
-0.037967 -0.455609
0.061790 -0.455609
0.066257 -0.455609
0.093057 -0.455609
0.096035 -0.455609
0.195793 -0.455609
0.207704 -0.455609
0.221105 -0.455609
-0.183882 -0.457098
-0.177926 -0.457098
-0.168992 -0.457098
-0.109436 -0.457098
-0.106458 -0.457098
-0.090080 -0.457098
-0.087102 -0.457098
-0.084124 -0.457098
-0.076679 -0.457098
-0.058812 -0.457098
-0.048390 -0.457098
-0.045412 -0.457098
-0.042434 -0.457098
-0.039456 -0.457098
0.060301 -0.457098
0.063279 -0.457098
0.067746 -0.457098
0.094546 -0.457098
0.097524 -0.457098
0.195793 -0.457098
0.207704 -0.457098
0.219616 -0.457098
0.222593 -0.457098
-0.182393 -0.458587
-0.168992 -0.458587
-0.109436 -0.458587
-0.106458 -0.458587
-0.090080 -0.458587
-0.087102 -0.458587
-0.058812 -0.458587
-0.048390 -0.458587
-0.045412 -0.458587
-0.042434 -0.458587
-0.039456 -0.458587
0.060301 -0.458587
0.063279 -0.458587
0.069235 -0.458587
0.096035 -0.458587
0.107947 -0.458587
0.110925 -0.458587
0.197282 -0.458587
0.207704 -0.458587
0.219616 -0.458587
0.222593 -0.458587
-0.182393 -0.460076
-0.176437 -0.460076
-0.167503 -0.460076
-0.112413 -0.460076
-0.109436 -0.460076
-0.093057 -0.460076
-0.090080 -0.460076
-0.087102 -0.460076
-0.058812 -0.460076
-0.046901 -0.460076
-0.043923 -0.460076
-0.040945 -0.460076
-0.037967 -0.460076
0.063279 -0.460076
0.067746 -0.460076
0.096035 -0.460076
0.099013 -0.460076
0.109436 -0.460076
0.113902 -0.460076
0.197282 -0.460076
0.203238 -0.460076
0.219616 -0.460076
0.222593 -0.460076
-0.183882 -0.461565
-0.177926 -0.461565
-0.167503 -0.461565
-0.113902 -0.461565
-0.107947 -0.461565
-0.093057 -0.461565
-0.090080 -0.461565
-0.087102 -0.461565
-0.057323 -0.461565
-0.045412 -0.461565
-0.040945 -0.461565
0.061790 -0.461565
0.064768 -0.461565
0.069235 -0.461565
0.097524 -0.461565
0.100502 -0.461565
0.115391 -0.461565
0.130280 -0.461565
0.200260 -0.461565
0.204726 -0.461565
0.219616 -0.461565
0.222593 -0.461565
-0.183882 -0.463054
-0.177926 -0.463054
-0.166015 -0.463054
-0.151125 -0.463054
-0.113902 -0.463054
-0.110925 -0.463054
-0.096035 -0.463054
-0.091569 -0.463054
-0.088591 -0.463054
-0.084124 -0.463054
-0.046901 -0.463054
-0.043923 -0.463054
-0.040945 -0.463054
0.061790 -0.463054
0.064768 -0.463054
0.069235 -0.463054
0.097524 -0.463054
0.100502 -0.463054
0.200260 -0.463054
0.203238 -0.463054
0.209193 -0.463054
0.221105 -0.463054
-0.185370 -0.464543
-0.182393 -0.464543
-0.173459 -0.464543
-0.164526 -0.464543
-0.151125 -0.464543
-0.115391 -0.464543
-0.110925 -0.464543
-0.093057 -0.464543
-0.090080 -0.464543
-0.073702 -0.464543
-0.055834 -0.464543
-0.043923 -0.464543
-0.040945 -0.464543
0.063279 -0.464543
0.066257 -0.464543
0.070724 -0.464543
0.100502 -0.464543
0.128792 -0.464543
0.201749 -0.464543
0.204726 -0.464543
0.219616 -0.464543
0.222593 -0.464543
-0.185370 -0.466032
-0.182393 -0.466032
-0.177926 -0.466032
-0.164526 -0.466032
-0.152614 -0.466032
-0.118369 -0.466032
-0.115391 -0.466032
-0.112413 -0.466032
-0.093057 -0.466032
-0.090080 -0.466032
-0.057323 -0.466032
-0.045412 -0.466032
-0.042434 -0.466032
-0.039456 -0.466032
0.064768 -0.466032
0.069235 -0.466032
0.072213 -0.466032
0.101991 -0.466032
0.128792 -0.466032
0.203238 -0.466032
0.206215 -0.466032
0.209193 -0.466032
0.221105 -0.466032
0.224082 -0.466032
-0.183882 -0.467521
-0.179415 -0.467521
-0.173459 -0.467521
-0.163037 -0.467521
-0.119858 -0.467521
-0.113902 -0.467521
-0.093057 -0.467521
-0.090080 -0.467521
-0.085613 -0.467521
-0.055834 -0.467521
-0.043923 -0.467521
-0.040945 -0.467521
0.064768 -0.467521
0.067746 -0.467521
0.070724 -0.467521
0.103480 -0.467521
0.130280 -0.467521
0.204726 -0.467521
0.207704 -0.467521
0.216638 -0.467521
0.221105 -0.467521
0.224082 -0.467521
-0.183882 -0.469010
-0.179415 -0.469010
-0.174948 -0.469010
-0.166015 -0.469010
-0.151125 -0.469010
-0.118369 -0.469010
-0.093057 -0.469010
-0.087102 -0.469010
-0.057323 -0.469010
-0.045412 -0.469010
-0.042434 -0.469010
0.064768 -0.469010
0.067746 -0.469010
0.070724 -0.469010
0.103480 -0.469010
0.130280 -0.469010
0.207704 -0.469010
0.210682 -0.469010
0.219616 -0.469010
0.222593 -0.469010
-0.185370 -0.470499
-0.182393 -0.470499
-0.176437 -0.470499
-0.171970 -0.470499
-0.161548 -0.470499
-0.149636 -0.470499
-0.094546 -0.470499
-0.091569 -0.470499
-0.057323 -0.470499
-0.045412 -0.470499
-0.042434 -0.470499
0.064768 -0.470499
0.067746 -0.470499
0.070724 -0.470499
0.103480 -0.470499
0.106458 -0.470499
0.151125 -0.470499
0.209193 -0.470499
0.212171 -0.470499
0.219616 -0.470499
0.222593 -0.470499
-0.185370 -0.471988
-0.182393 -0.471988
-0.174948 -0.471988
-0.171970 -0.471988
-0.151125 -0.471988
-0.094546 -0.471988
-0.088591 -0.471988
-0.057323 -0.471988
-0.054346 -0.471988
-0.043923 -0.471988
-0.040945 -0.471988
0.066257 -0.471988
0.069235 -0.471988
0.072213 -0.471988
0.099013 -0.471988
0.106458 -0.471988
0.131769 -0.471988
0.140703 -0.471988
0.148148 -0.471988
0.155592 -0.471988
0.161548 -0.471988
0.210682 -0.471988
0.213660 -0.471988
0.218127 -0.471988
0.221105 -0.471988
0.224082 -0.471988
-0.183882 -0.473476
-0.179415 -0.473476
-0.174948 -0.473476
-0.171970 -0.473476
-0.151125 -0.473476
-0.116880 -0.473476
-0.091569 -0.473476
-0.084124 -0.473476
-0.055834 -0.473476
-0.043923 -0.473476
-0.040945 -0.473476
0.067746 -0.473476
0.070724 -0.473476
0.073702 -0.473476
0.100502 -0.473476
0.107947 -0.473476
0.131769 -0.473476
0.139214 -0.473476
0.148148 -0.473476
0.158570 -0.473476
0.161548 -0.473476
0.164526 -0.473476
0.179415 -0.473476
0.213660 -0.473476
0.218127 -0.473476
0.221105 -0.473476
0.224082 -0.473476
-0.183882 -0.474965
-0.180904 -0.474965
-0.176437 -0.474965
-0.173459 -0.474965
-0.158570 -0.474965
-0.151125 -0.474965
-0.091569 -0.474965
-0.085613 -0.474965
-0.055834 -0.474965
-0.043923 -0.474965
-0.040945 -0.474965
0.067746 -0.474965
0.070724 -0.474965
0.073702 -0.474965
0.106458 -0.474965
0.109436 -0.474965
0.131769 -0.474965
0.143681 -0.474965
0.152614 -0.474965
0.158570 -0.474965
0.161548 -0.474965
0.164526 -0.474965
0.177926 -0.474965
0.180904 -0.474965
0.215149 -0.474965
0.219616 -0.474965
0.222593 -0.474965
-0.185370 -0.476454
-0.182393 -0.476454
-0.176437 -0.476454
-0.173459 -0.476454
-0.157081 -0.476454
-0.149636 -0.476454
-0.088591 -0.476454
-0.058812 -0.476454
-0.055834 -0.476454
-0.051368 -0.476454
-0.043923 -0.476454
-0.040945 -0.476454
0.067746 -0.476454
0.070724 -0.476454
0.073702 -0.476454
0.103480 -0.476454
0.109436 -0.476454
0.131769 -0.476454
0.143681 -0.476454
0.157081 -0.476454
0.160059 -0.476454
0.164526 -0.476454
0.167503 -0.476454
0.171970 -0.476454
0.179415 -0.476454
0.182393 -0.476454
0.216638 -0.476454
0.221105 -0.476454
0.224082 -0.476454
-0.183882 -0.477943
-0.180904 -0.477943
-0.176437 -0.477943
-0.173459 -0.477943
-0.155592 -0.477943
-0.148148 -0.477943
-0.087102 -0.477943
-0.067746 -0.477943
-0.057323 -0.477943
-0.054346 -0.477943
-0.049879 -0.477943
-0.042434 -0.477943
-0.039456 -0.477943
0.069235 -0.477943
0.072213 -0.477943
0.075190 -0.477943
0.103480 -0.477943
0.110925 -0.477943
0.131769 -0.477943
0.142192 -0.477943
0.157081 -0.477943
0.174948 -0.477943
0.182393 -0.477943
0.185370 -0.477943
0.218127 -0.477943
0.221105 -0.477943
0.224082 -0.477943
-0.183882 -0.479432
-0.180904 -0.479432
-0.177926 -0.479432
-0.149636 -0.479432
-0.069235 -0.479432
-0.057323 -0.479432
-0.054346 -0.479432
-0.051368 -0.479432
-0.042434 -0.479432
-0.039456 -0.479432
0.069235 -0.479432
0.072213 -0.479432
0.075190 -0.479432
0.103480 -0.479432
0.110925 -0.479432
0.113902 -0.479432
0.134747 -0.479432
0.161548 -0.479432
0.173459 -0.479432
0.176437 -0.479432
0.182393 -0.479432
0.185370 -0.479432
0.188348 -0.479432
0.219616 -0.479432
0.222593 -0.479432
-0.185370 -0.480921
-0.182393 -0.480921
-0.179415 -0.480921
-0.176437 -0.480921
-0.148148 -0.480921
-0.057323 -0.480921
-0.051368 -0.480921
-0.046901 -0.480921
-0.042434 -0.480921
-0.039456 -0.480921
0.069235 -0.480921
0.072213 -0.480921
0.075190 -0.480921
0.112413 -0.480921
0.115391 -0.480921
0.133258 -0.480921
0.163037 -0.480921
0.177926 -0.480921
0.180904 -0.480921
0.185370 -0.480921
0.188348 -0.480921
0.218127 -0.480921
0.222593 -0.480921
0.225571 -0.480921
-0.183882 -0.482410
-0.180904 -0.482410
-0.177926 -0.482410
-0.148148 -0.482410
-0.139214 -0.482410
-0.064768 -0.482410
-0.057323 -0.482410
-0.051368 -0.482410
-0.046901 -0.482410
-0.040945 -0.482410
-0.037967 -0.482410
0.070724 -0.482410
0.073702 -0.482410
0.104969 -0.482410
0.112413 -0.482410
0.115391 -0.482410
0.133258 -0.482410
0.174948 -0.482410
0.179415 -0.482410
0.182393 -0.482410
0.185370 -0.482410
0.188348 -0.482410
0.191326 -0.482410
0.194304 -0.482410
0.222593 -0.482410
0.225571 -0.482410
-0.183882 -0.483899
-0.180904 -0.483899
-0.149636 -0.483899
-0.146659 -0.483899
-0.067746 -0.483899
-0.057323 -0.483899
-0.052857 -0.483899
-0.049879 -0.483899
-0.046901 -0.483899
-0.040945 -0.483899
-0.037967 -0.483899
0.070724 -0.483899
0.073702 -0.483899
0.106458 -0.483899
0.115391 -0.483899
0.118369 -0.483899
0.134747 -0.483899
0.174948 -0.483899
0.177926 -0.483899
0.180904 -0.483899
0.185370 -0.483899
0.188348 -0.483899
0.191326 -0.483899
0.194304 -0.483899
0.197282 -0.483899
0.224082 -0.483899
0.227060 -0.483899
-0.183882 -0.485388
-0.180904 -0.485388
-0.148148 -0.485388
-0.067746 -0.485388
-0.055834 -0.485388
-0.052857 -0.485388
-0.048390 -0.485388
-0.043923 -0.485388
-0.039456 -0.485388
-0.036479 -0.485388
0.072213 -0.485388
0.075190 -0.485388
0.107947 -0.485388
0.118369 -0.485388
0.133258 -0.485388
0.182393 -0.485388
0.185370 -0.485388
0.188348 -0.485388
0.191326 -0.485388
0.194304 -0.485388
0.197282 -0.485388
0.224082 -0.485388
0.227060 -0.485388
-0.183882 -0.486877
-0.148148 -0.486877
-0.139214 -0.486877
-0.075190 -0.486877
-0.067746 -0.486877
-0.057323 -0.486877
-0.054346 -0.486877
-0.048390 -0.486877
-0.045412 -0.486877
-0.039456 -0.486877
-0.036479 -0.486877
0.072213 -0.486877
0.075190 -0.486877
0.107947 -0.486877
0.113902 -0.486877
0.119858 -0.486877
0.134747 -0.486877
0.186859 -0.486877
0.189837 -0.486877
0.192815 -0.486877
0.195793 -0.486877
0.198771 -0.486877
0.224082 -0.486877
0.227060 -0.486877
-0.185370 -0.488366
-0.182393 -0.488366
-0.151125 -0.488366
-0.146659 -0.488366
-0.069235 -0.488366
-0.058812 -0.488366
-0.055834 -0.488366
-0.052857 -0.488366
-0.048390 -0.488366
-0.045412 -0.488366
-0.039456 -0.488366
-0.036479 -0.488366
0.072213 -0.488366
0.075190 -0.488366
0.109436 -0.488366
0.115391 -0.488366
0.121347 -0.488366
0.124325 -0.488366
0.136236 -0.488366
0.191326 -0.488366
0.194304 -0.488366
0.197282 -0.488366
0.200260 -0.488366
0.203238 -0.488366
0.225571 -0.488366
0.228549 -0.488366
-0.183882 -0.489855
-0.154103 -0.489855
-0.145170 -0.489855
-0.142192 -0.489855
-0.070724 -0.489855
-0.067746 -0.489855
-0.057323 -0.489855
-0.048390 -0.489855
-0.045412 -0.489855
-0.040945 -0.489855
-0.037967 -0.489855
0.072213 -0.489855
0.075190 -0.489855
0.110925 -0.489855
0.116880 -0.489855
0.124325 -0.489855
0.136236 -0.489855
0.197282 -0.489855
0.200260 -0.489855
0.203238 -0.489855
0.206215 -0.489855
0.225571 -0.489855
0.228549 -0.489855
-0.185370 -0.491343
-0.182393 -0.491343
-0.155592 -0.491343
-0.145170 -0.491343
-0.142192 -0.491343
-0.139214 -0.491343
-0.136236 -0.491343
-0.069235 -0.491343
-0.066257 -0.491343
-0.058812 -0.491343
-0.049879 -0.491343
-0.046901 -0.491343
-0.040945 -0.491343
-0.037967 -0.491343
0.072213 -0.491343
0.075190 -0.491343
0.112413 -0.491343
0.116880 -0.491343
0.125814 -0.491343
0.198771 -0.491343
0.201749 -0.491343
0.204726 -0.491343
0.207704 -0.491343
0.227060 -0.491343
0.230038 -0.491343
-0.183882 -0.492832
-0.158570 -0.492832
-0.152614 -0.492832
-0.149636 -0.492832
-0.143681 -0.492832
-0.140703 -0.492832
-0.137725 -0.492832
-0.134747 -0.492832
-0.131769 -0.492832
-0.128792 -0.492832
-0.125814 -0.492832
-0.066257 -0.492832
-0.063279 -0.492832
-0.057323 -0.492832
-0.048390 -0.492832
-0.043923 -0.492832
-0.039456 -0.492832
-0.036479 -0.492832
0.073702 -0.492832
0.076679 -0.492832
0.116880 -0.492832
0.119858 -0.492832
0.127303 -0.492832
0.136236 -0.492832
0.203238 -0.492832
0.206215 -0.492832
0.209193 -0.492832
0.212171 -0.492832
0.228549 -0.492832
0.231527 -0.492832
-0.183882 -0.494321
-0.161548 -0.494321
-0.158570 -0.494321
-0.152614 -0.494321
-0.149636 -0.494321
-0.146659 -0.494321
-0.143681 -0.494321
-0.140703 -0.494321
-0.137725 -0.494321
-0.134747 -0.494321
-0.131769 -0.494321
-0.128792 -0.494321
-0.125814 -0.494321
-0.122836 -0.494321
-0.119858 -0.494321
-0.058812 -0.494321
-0.051368 -0.494321
-0.048390 -0.494321
-0.045412 -0.494321
-0.042434 -0.494321
-0.036479 -0.494321
0.073702 -0.494321
0.076679 -0.494321
0.115391 -0.494321
0.118369 -0.494321
0.127303 -0.494321
0.130280 -0.494321
0.137725 -0.494321
0.204726 -0.494321
0.207704 -0.494321
0.210682 -0.494321
0.228549 -0.494321
0.231527 -0.494321
-0.183882 -0.495810
-0.180904 -0.495810
-0.161548 -0.495810
-0.155592 -0.495810
-0.152614 -0.495810
-0.149636 -0.495810
-0.146659 -0.495810
-0.143681 -0.495810
-0.140703 -0.495810
-0.137725 -0.495810
-0.134747 -0.495810
-0.131769 -0.495810
-0.128792 -0.495810
-0.125814 -0.495810
-0.122836 -0.495810
-0.119858 -0.495810
-0.116880 -0.495810
-0.113902 -0.495810
-0.061790 -0.495810
-0.057323 -0.495810
-0.051368 -0.495810
-0.045412 -0.495810
-0.042434 -0.495810
-0.037967 -0.495810
-0.034990 -0.495810
0.075190 -0.495810
0.078168 -0.495810
0.118369 -0.495810
0.121347 -0.495810
0.131769 -0.495810
0.137725 -0.495810
0.206215 -0.495810
0.219616 -0.495810
0.230038 -0.495810
-0.183882 -0.497299
-0.180904 -0.497299
-0.161548 -0.497299
-0.157081 -0.497299
-0.154103 -0.497299
-0.151125 -0.497299
-0.145170 -0.497299
-0.142192 -0.497299
-0.139214 -0.497299
-0.136236 -0.497299
-0.133258 -0.497299
-0.130280 -0.497299
-0.127303 -0.497299
-0.124325 -0.497299
-0.121347 -0.497299
-0.118369 -0.497299
-0.115391 -0.497299
-0.112413 -0.497299
-0.109436 -0.497299
-0.057323 -0.497299
-0.051368 -0.497299
-0.045412 -0.497299
-0.036479 -0.497299
0.073702 -0.497299
0.076679 -0.497299
0.088591 -0.497299
0.119858 -0.497299
0.122836 -0.497299
0.133258 -0.497299
0.139214 -0.497299
0.230038 -0.497299
0.233016 -0.497299
-0.182393 -0.498788
-0.167503 -0.498788
-0.160059 -0.498788
-0.157081 -0.498788
-0.152614 -0.498788
-0.142192 -0.498788
-0.139214 -0.498788
-0.136236 -0.498788
-0.133258 -0.498788
-0.130280 -0.498788
-0.121347 -0.498788
-0.118369 -0.498788
-0.115391 -0.498788
-0.112413 -0.498788
-0.109436 -0.498788
-0.106458 -0.498788
-0.055834 -0.498788
-0.051368 -0.498788
-0.037967 -0.498788
-0.034990 -0.498788
0.075190 -0.498788
0.088591 -0.498788
0.122836 -0.498788
0.134747 -0.498788
0.137725 -0.498788
0.140703 -0.498788
0.230038 -0.498788
0.233016 -0.498788
-0.182393 -0.500277
-0.168992 -0.500277
-0.163037 -0.500277
-0.160059 -0.500277
-0.155592 -0.500277
-0.146659 -0.500277
-0.143681 -0.500277
-0.140703 -0.500277
-0.137725 -0.500277
-0.131769 -0.500277
-0.128792 -0.500277
-0.125814 -0.500277
-0.109436 -0.500277
-0.106458 -0.500277
-0.103480 -0.500277
-0.054346 -0.500277
-0.039456 -0.500277
-0.036479 -0.500277
0.073702 -0.500277
0.076679 -0.500277
0.090080 -0.500277
0.124325 -0.500277
0.136236 -0.500277
0.139214 -0.500277
0.142192 -0.500277
0.225571 -0.500277
0.231527 -0.500277
0.234505 -0.500277
-0.180904 -0.501766
-0.164526 -0.501766
-0.158570 -0.501766
-0.149636 -0.501766
-0.146659 -0.501766
-0.143681 -0.501766
-0.137725 -0.501766
-0.125814 -0.501766
-0.122836 -0.501766
-0.106458 -0.501766
-0.103480 -0.501766
-0.055834 -0.501766
-0.052857 -0.501766
-0.043923 -0.501766
-0.037967 -0.501766
-0.034990 -0.501766
0.075190 -0.501766
0.090080 -0.501766
0.125814 -0.501766
0.134747 -0.501766
0.139214 -0.501766
0.142192 -0.501766
0.145170 -0.501766
0.148148 -0.501766
0.233016 -0.501766
-0.182393 -0.503255
-0.179415 -0.503255
-0.166015 -0.503255
-0.152614 -0.503255
-0.149636 -0.503255
-0.146659 -0.503255
-0.139214 -0.503255
-0.121347 -0.503255
-0.118369 -0.503255
-0.115391 -0.503255
-0.112413 -0.503255
-0.109436 -0.503255
-0.106458 -0.503255
-0.103480 -0.503255
-0.100502 -0.503255
-0.087102 -0.503255
-0.052857 -0.503255
-0.043923 -0.503255
-0.039456 -0.503255
-0.036479 -0.503255
0.073702 -0.503255
0.076679 -0.503255
0.137725 -0.503255
0.140703 -0.503255
0.143681 -0.503255
0.146659 -0.503255
0.149636 -0.503255
0.152614 -0.503255
0.233016 -0.503255
-0.182393 -0.504744
-0.179415 -0.504744
-0.168992 -0.504744
-0.140703 -0.504744
-0.137725 -0.504744
-0.107947 -0.504744
-0.104969 -0.504744
-0.101991 -0.504744
-0.099013 -0.504744
-0.096035 -0.504744
-0.088591 -0.504744
-0.085613 -0.504744
-0.052857 -0.504744
-0.042434 -0.504744
-0.037967 -0.504744
-0.034990 -0.504744
0.075190 -0.504744
0.081146 -0.504744
0.143681 -0.504744
0.146659 -0.504744
0.149636 -0.504744
0.152614 -0.504744
0.155592 -0.504744
0.225571 -0.504744
0.233016 -0.504744
0.235994 -0.504744
-0.180904 -0.506233
-0.171970 -0.506233
-0.168992 -0.506233
-0.139214 -0.506233
-0.104969 -0.506233
-0.101991 -0.506233
-0.099013 -0.506233
-0.096035 -0.506233
-0.082635 -0.506233
-0.079657 -0.506233
-0.051368 -0.506233
-0.042434 -0.506233
-0.037967 -0.506233
-0.034990 -0.506233
0.075190 -0.506233
0.081146 -0.506233
0.143681 -0.506233
0.146659 -0.506233
0.151125 -0.506233
0.154103 -0.506233
0.157081 -0.506233
0.160059 -0.506233
0.225571 -0.506233
0.234505 -0.506233
-0.182393 -0.507722
-0.179415 -0.507722
-0.140703 -0.507722
-0.137725 -0.507722
-0.090080 -0.507722
-0.082635 -0.507722
-0.079657 -0.507722
-0.076679 -0.507722
-0.052857 -0.507722
-0.043923 -0.507722
-0.039456 -0.507722
-0.036479 -0.507722
0.073702 -0.507722
0.076679 -0.507722
0.131769 -0.507722
0.145170 -0.507722
0.151125 -0.507722
0.154103 -0.507722
0.157081 -0.507722
0.160059 -0.507722
0.163037 -0.507722
0.225571 -0.507722
0.230038 -0.507722
0.234505 -0.507722
-0.180904 -0.509211
-0.171970 -0.509211
-0.139214 -0.509211
-0.113902 -0.509211
-0.091569 -0.509211
-0.085613 -0.509211
-0.073702 -0.509211
-0.051368 -0.509211
-0.040945 -0.509211
-0.037967 -0.509211
0.073702 -0.509211
0.076679 -0.509211
0.134747 -0.509211
0.151125 -0.509211
0.155592 -0.509211
0.158570 -0.509211
0.161548 -0.509211
0.164526 -0.509211
0.167503 -0.509211
0.227060 -0.509211
0.230038 -0.509211
0.234505 -0.509211
-0.180904 -0.510699
-0.177926 -0.510699
-0.170481 -0.510699
-0.139214 -0.510699
-0.093057 -0.510699
-0.088591 -0.510699
-0.085613 -0.510699
-0.069235 -0.510699
-0.066257 -0.510699
-0.063279 -0.510699
-0.049879 -0.510699
-0.040945 -0.510699
-0.037967 -0.510699
0.075190 -0.510699
0.081146 -0.510699
0.161548 -0.510699
0.164526 -0.510699
0.167503 -0.510699
0.170481 -0.510699
0.173459 -0.510699
0.228549 -0.510699
0.233016 -0.510699
0.235994 -0.510699
-0.179415 -0.512188
-0.140703 -0.512188
-0.137725 -0.512188
-0.094546 -0.512188
-0.090080 -0.512188
-0.070724 -0.512188
-0.067746 -0.512188
-0.064768 -0.512188
-0.061790 -0.512188
-0.049879 -0.512188
-0.039456 -0.512188
-0.036479 -0.512188
0.076679 -0.512188
0.081146 -0.512188
0.146659 -0.512188
0.166015 -0.512188
0.168992 -0.512188
0.171970 -0.512188
0.174948 -0.512188
0.177926 -0.512188
0.228549 -0.512188
0.233016 -0.512188
0.235994 -0.512188
-0.179415 -0.513677
-0.140703 -0.513677
-0.096035 -0.513677
-0.091569 -0.513677
-0.073702 -0.513677
-0.070724 -0.513677
-0.067746 -0.513677
-0.064768 -0.513677
-0.040945 -0.513677
-0.037967 -0.513677
0.075190 -0.513677
0.078168 -0.513677
0.082635 -0.513677
0.148148 -0.513677
0.170481 -0.513677
0.173459 -0.513677
0.176437 -0.513677
0.179415 -0.513677
0.182393 -0.513677
0.221105 -0.513677
0.228549 -0.513677
0.234505 -0.513677
0.237483 -0.513677
-0.179415 -0.515166
-0.142192 -0.515166
-0.139214 -0.515166
-0.096035 -0.515166
-0.093057 -0.515166
-0.076679 -0.515166
-0.072213 -0.515166
-0.069235 -0.515166
-0.060301 -0.515166
-0.040945 -0.515166
-0.037967 -0.515166
0.075190 -0.515166
0.078168 -0.515166
0.171970 -0.515166
0.174948 -0.515166
0.177926 -0.515166
0.180904 -0.515166
0.183882 -0.515166
0.186859 -0.515166
0.227060 -0.515166
0.235994 -0.515166
-0.180904 -0.516655
-0.177926 -0.516655
-0.142192 -0.516655
-0.139214 -0.516655
-0.099013 -0.516655
-0.096035 -0.516655
-0.093057 -0.516655
-0.087102 -0.516655
-0.081146 -0.516655
-0.078168 -0.516655
-0.073702 -0.516655
-0.070724 -0.516655
-0.063279 -0.516655
-0.049879 -0.516655
-0.040945 -0.516655
-0.037967 -0.516655
0.075190 -0.516655
0.078168 -0.516655
0.148148 -0.516655
0.177926 -0.516655
0.180904 -0.516655
0.185370 -0.516655
0.188348 -0.516655
0.191326 -0.516655
0.235994 -0.516655
-0.180904 -0.518144
-0.177926 -0.518144
-0.142192 -0.518144
-0.139214 -0.518144
-0.100502 -0.518144
-0.097524 -0.518144
-0.091569 -0.518144
-0.085613 -0.518144
-0.078168 -0.518144
-0.073702 -0.518144
-0.070724 -0.518144
-0.063279 -0.518144
-0.048390 -0.518144
-0.037967 -0.518144
0.075190 -0.518144
0.078168 -0.518144
0.148148 -0.518144
0.179415 -0.518144
0.182393 -0.518144
0.191326 -0.518144
0.194304 -0.518144
0.235994 -0.518144
-0.179415 -0.519633
-0.176437 -0.519633
-0.140703 -0.519633
-0.104969 -0.519633
-0.101991 -0.519633
-0.099013 -0.519633
-0.096035 -0.519633
-0.093057 -0.519633
-0.087102 -0.519633
-0.081146 -0.519633
-0.078168 -0.519633
-0.075190 -0.519633
-0.067746 -0.519633
-0.060301 -0.519633
-0.057323 -0.519633
-0.048390 -0.519633
-0.037967 -0.519633
0.075190 -0.519633
0.078168 -0.519633
0.149636 -0.519633
0.182393 -0.519633
0.185370 -0.519633
0.194304 -0.519633
0.228549 -0.519633
0.235994 -0.519633
-0.179415 -0.521122
-0.176437 -0.521122
-0.140703 -0.521122
-0.106458 -0.521122
-0.103480 -0.521122
-0.100502 -0.521122
-0.097524 -0.521122
-0.094546 -0.521122
-0.091569 -0.521122
-0.088591 -0.521122
-0.084124 -0.521122
-0.063279 -0.521122
-0.060301 -0.521122
-0.057323 -0.521122
-0.048390 -0.521122
-0.039456 -0.521122
-0.036479 -0.521122
0.076679 -0.521122
0.079657 -0.521122
0.149636 -0.521122
0.186859 -0.521122
0.195793 -0.521122
0.198771 -0.521122
0.235994 -0.521122
-0.179415 -0.522611
-0.176437 -0.522611
-0.140703 -0.522611
-0.107947 -0.522611
-0.104969 -0.522611
-0.101991 -0.522611
-0.099013 -0.522611
-0.096035 -0.522611
-0.093057 -0.522611
-0.090080 -0.522611
-0.087102 -0.522611
-0.048390 -0.522611
-0.037967 -0.522611
-0.034990 -0.522611
0.078168 -0.522611
0.082635 -0.522611
0.188348 -0.522611
0.191326 -0.522611
0.200260 -0.522611
0.235994 -0.522611
0.238972 -0.522611
-0.177926 -0.524100
-0.174948 -0.524100
-0.140703 -0.524100
-0.110925 -0.524100
-0.107947 -0.524100
-0.104969 -0.524100
-0.101991 -0.524100
-0.099013 -0.524100
-0.096035 -0.524100
-0.093057 -0.524100
-0.043923 -0.524100
-0.037967 -0.524100
-0.034990 -0.524100
0.078168 -0.524100
0.149636 -0.524100
0.192815 -0.524100
0.235994 -0.524100
0.238972 -0.524100
-0.177926 -0.525589
-0.174948 -0.525589
-0.140703 -0.525589
-0.113902 -0.525589
-0.110925 -0.525589
-0.107947 -0.525589
-0.104969 -0.525589
-0.101991 -0.525589
-0.099013 -0.525589
-0.043923 -0.525589
-0.037967 -0.525589
-0.034990 -0.525589
0.078168 -0.525589
0.149636 -0.525589
0.194304 -0.525589
0.203238 -0.525589
0.237483 -0.525589
-0.179415 -0.527078
-0.176437 -0.527078
-0.142192 -0.527078
-0.116880 -0.527078
-0.113902 -0.527078
-0.110925 -0.527078
-0.107947 -0.527078
-0.104969 -0.527078
-0.048390 -0.527078
-0.043923 -0.527078
-0.034990 -0.527078
0.076679 -0.527078
0.079657 -0.527078
0.151125 -0.527078
0.235994 -0.527078
0.238972 -0.527078
-0.177926 -0.528566
-0.174948 -0.528566
-0.140703 -0.528566
-0.113902 -0.528566
-0.110925 -0.528566
-0.107947 -0.528566
-0.049879 -0.528566
-0.046901 -0.528566
-0.043923 -0.528566
-0.036479 -0.528566
-0.033501 -0.528566
0.079657 -0.528566
0.149636 -0.528566
0.209193 -0.528566
0.238972 -0.528566
-0.177926 -0.530055
-0.174948 -0.530055
-0.140703 -0.530055
-0.118369 -0.530055
-0.115391 -0.530055
-0.112413 -0.530055
-0.048390 -0.530055
-0.045412 -0.530055
-0.036479 -0.530055
-0.033501 -0.530055
0.079657 -0.530055
0.084124 -0.530055
0.151125 -0.530055
0.237483 -0.530055
0.240461 -0.530055
-0.177926 -0.531544
-0.174948 -0.531544
-0.140703 -0.531544
-0.119858 -0.531544
-0.115391 -0.531544
-0.048390 -0.531544
-0.039456 -0.531544
-0.034990 -0.531544
0.078168 -0.531544
0.081146 -0.531544
0.151125 -0.531544
0.238972 -0.531544
-0.179415 -0.533033
-0.176437 -0.533033
-0.142192 -0.533033
-0.119858 -0.533033
-0.116880 -0.533033
-0.048390 -0.533033
-0.039456 -0.533033
-0.036479 -0.533033
-0.033501 -0.533033
0.078168 -0.533033
0.081146 -0.533033
0.085613 -0.533033
0.206215 -0.533033
0.238972 -0.533033
-0.179415 -0.534522
-0.176437 -0.534522
-0.142192 -0.534522
-0.121347 -0.534522
-0.118369 -0.534522
-0.048390 -0.534522
-0.039456 -0.534522
-0.036479 -0.534522
-0.033501 -0.534522
0.078168 -0.534522
0.081146 -0.534522
0.085613 -0.534522
0.237483 -0.534522
0.240461 -0.534522
-0.176437 -0.536011
-0.142192 -0.536011
-0.122836 -0.536011
-0.051368 -0.536011
-0.048390 -0.536011
-0.034990 -0.536011
-0.032012 -0.536011
0.081146 -0.536011
0.085613 -0.536011
0.237483 -0.536011
0.240461 -0.536011
-0.176437 -0.537500
-0.142192 -0.537500
-0.124325 -0.537500
-0.051368 -0.537500
-0.048390 -0.537500
-0.034990 -0.537500
-0.032012 -0.537500
0.081146 -0.537500
0.085613 -0.537500
0.151125 -0.537500
0.240461 -0.537500
-0.176437 -0.538989
-0.142192 -0.538989
-0.127303 -0.538989
-0.119858 -0.538989
-0.052857 -0.538989
-0.048390 -0.538989
-0.033501 -0.538989
0.079657 -0.538989
0.082635 -0.538989
0.085613 -0.538989
0.151125 -0.538989
0.238972 -0.538989
0.241949 -0.538989
-0.176437 -0.540478
-0.142192 -0.540478
-0.127303 -0.540478
-0.121347 -0.540478
-0.052857 -0.540478
-0.034990 -0.540478
-0.032012 -0.540478
0.079657 -0.540478
0.082635 -0.540478
0.087102 -0.540478
0.238972 -0.540478
0.241949 -0.540478
-0.176437 -0.541967
-0.142192 -0.541967
-0.133258 -0.541967
-0.127303 -0.541967
-0.055834 -0.541967
-0.052857 -0.541967
-0.034990 -0.541967
-0.032012 -0.541967
0.081146 -0.541967
0.084124 -0.541967
0.238972 -0.541967
0.241949 -0.541967
-0.176437 -0.543456
-0.142192 -0.543456
-0.128792 -0.543456
-0.055834 -0.543456
-0.052857 -0.543456
-0.033501 -0.543456
-0.030523 -0.543456
0.082635 -0.543456
0.087102 -0.543456
0.238972 -0.543456
0.241949 -0.543456
-0.176437 -0.544945
-0.173459 -0.544945
-0.140703 -0.544945
-0.128792 -0.544945
-0.057323 -0.544945
-0.054346 -0.544945
-0.032012 -0.544945
0.081146 -0.544945
0.084124 -0.544945
0.088591 -0.544945
0.238972 -0.544945
0.241949 -0.544945
-0.176437 -0.546434
-0.173459 -0.546434
-0.140703 -0.546434
-0.130280 -0.546434
-0.127303 -0.546434
-0.058812 -0.546434
-0.055834 -0.546434
-0.046901 -0.546434
-0.032012 -0.546434
0.081146 -0.546434
0.084124 -0.546434
0.087102 -0.546434
0.240461 -0.546434
-0.177926 -0.547922
-0.174948 -0.547922
-0.142192 -0.547922
-0.136236 -0.547922
-0.130280 -0.547922
-0.060301 -0.547922
-0.057323 -0.547922
-0.048390 -0.547922
-0.033501 -0.547922
-0.030523 -0.547922
0.084124 -0.547922
0.088591 -0.547922
0.241949 -0.547922
-0.176437 -0.549411
-0.173459 -0.549411
-0.140703 -0.549411
-0.131769 -0.549411
-0.058812 -0.549411
-0.055834 -0.549411
-0.046901 -0.549411
-0.032012 -0.549411
0.082635 -0.549411
0.085613 -0.549411
0.090080 -0.549411
0.241949 -0.549411
-0.176437 -0.550900
-0.173459 -0.550900
-0.140703 -0.550900
-0.133258 -0.550900
-0.061790 -0.550900
-0.057323 -0.550900
-0.046901 -0.550900
-0.032012 -0.550900
-0.029034 -0.550900
0.084124 -0.550900
0.088591 -0.550900
0.240461 -0.550900
0.243438 -0.550900
-0.174948 -0.552389
-0.142192 -0.552389
-0.134747 -0.552389
-0.063279 -0.552389
-0.057323 -0.552389
-0.033501 -0.552389
-0.030523 -0.552389
0.082635 -0.552389
0.085613 -0.552389
0.088591 -0.552389
0.240461 -0.552389
0.243438 -0.552389
-0.174948 -0.553878
-0.142192 -0.553878
-0.136236 -0.553878
-0.063279 -0.553878
-0.058812 -0.553878
-0.033501 -0.553878
-0.030523 -0.553878
0.082635 -0.553878
0.085613 -0.553878
0.090080 -0.553878
0.241949 -0.553878
-0.176437 -0.555367
-0.173459 -0.555367
-0.140703 -0.555367
-0.137725 -0.555367
-0.064768 -0.555367
-0.060301 -0.555367
-0.046901 -0.555367
-0.030523 -0.555367
0.082635 -0.555367
0.085613 -0.555367
0.090080 -0.555367
0.240461 -0.555367
0.243438 -0.555367
-0.174948 -0.556856
-0.140703 -0.556856
-0.066257 -0.556856
-0.058812 -0.556856
-0.033501 -0.556856
-0.030523 -0.556856
0.084124 -0.556856
0.087102 -0.556856
0.091569 -0.556856
0.241949 -0.556856
-0.176437 -0.558345
-0.173459 -0.558345
-0.139214 -0.558345
-0.066257 -0.558345
-0.046901 -0.558345
-0.032012 -0.558345
-0.029034 -0.558345
0.085613 -0.558345
0.088591 -0.558345
0.240461 -0.558345
0.243438 -0.558345
-0.174948 -0.559834
-0.140703 -0.559834
-0.063279 -0.559834
-0.046901 -0.559834
-0.032012 -0.559834
-0.029034 -0.559834
0.085613 -0.559834
0.088591 -0.559834
0.093057 -0.559834
0.240461 -0.559834
0.243438 -0.559834
-0.176437 -0.561323
-0.173459 -0.561323
-0.067746 -0.561323
-0.063279 -0.561323
-0.033501 -0.561323
-0.030523 -0.561323
0.084124 -0.561323
0.087102 -0.561323
0.091569 -0.561323
0.154103 -0.561323
0.243438 -0.561323
-0.176437 -0.562812
-0.173459 -0.562812
-0.069235 -0.562812
-0.033501 -0.562812
-0.030523 -0.562812
0.084124 -0.562812
0.087102 -0.562812
0.091569 -0.562812
0.241949 -0.562812
0.244927 -0.562812
-0.174948 -0.564301
-0.140703 -0.564301
-0.069235 -0.564301
-0.063279 -0.564301
-0.032012 -0.564301
-0.029034 -0.564301
0.085613 -0.564301
0.091569 -0.564301
0.241949 -0.564301
0.244927 -0.564301
-0.174948 -0.565789
-0.140703 -0.565789
-0.069235 -0.565789
-0.064768 -0.565789
-0.033501 -0.565789
-0.030523 -0.565789
0.084124 -0.565789
0.087102 -0.565789
0.093057 -0.565789
0.155592 -0.565789
0.243438 -0.565789
-0.174948 -0.567278
-0.171970 -0.567278
-0.072213 -0.567278
-0.066257 -0.567278
-0.045412 -0.567278
-0.030523 -0.567278
0.084124 -0.567278
0.087102 -0.567278
0.094546 -0.567278
0.241949 -0.567278
0.244927 -0.567278
-0.173459 -0.568767
-0.140703 -0.568767
-0.070724 -0.568767
-0.066257 -0.568767
-0.043923 -0.568767
-0.030523 -0.568767
0.084124 -0.568767
0.087102 -0.568767
0.094546 -0.568767
0.241949 -0.568767
0.244927 -0.568767
-0.173459 -0.570256
-0.140703 -0.570256
-0.072213 -0.570256
-0.045412 -0.570256
-0.032012 -0.570256
-0.029034 -0.570256
0.085613 -0.570256
0.093057 -0.570256
0.155592 -0.570256
0.244927 -0.570256
-0.174948 -0.571745
-0.171970 -0.571745
-0.139214 -0.571745
-0.072213 -0.571745
-0.067746 -0.571745
-0.043923 -0.571745
-0.030523 -0.571745
0.084124 -0.571745
0.087102 -0.571745
0.155592 -0.571745
0.244927 -0.571745
-0.174948 -0.573234
-0.171970 -0.573234
-0.139214 -0.573234
-0.073702 -0.573234
-0.069235 -0.573234
-0.043923 -0.573234
-0.030523 -0.573234
0.084124 -0.573234
0.087102 -0.573234
0.157081 -0.573234
0.244927 -0.573234
-0.174948 -0.574723
-0.171970 -0.574723
-0.139214 -0.574723
-0.075190 -0.574723
-0.043923 -0.574723
-0.030523 -0.574723
0.084124 -0.574723
0.087102 -0.574723
0.096035 -0.574723
0.243438 -0.574723
0.246416 -0.574723
-0.173459 -0.576212
-0.167503 -0.576212
-0.139214 -0.576212
-0.075190 -0.576212
-0.070724 -0.576212
-0.043923 -0.576212
-0.030523 -0.576212
0.085613 -0.576212
0.096035 -0.576212
0.243438 -0.576212
0.246416 -0.576212
-0.173459 -0.577701
-0.140703 -0.577701
-0.078168 -0.577701
-0.072213 -0.577701
-0.043923 -0.577701
-0.030523 -0.577701
0.085613 -0.577701
0.088591 -0.577701
0.157081 -0.577701
0.244927 -0.577701
-0.174948 -0.579190
-0.171970 -0.579190
-0.139214 -0.579190
-0.076679 -0.579190
-0.043923 -0.579190
-0.030523 -0.579190
0.085613 -0.579190
0.088591 -0.579190
0.097524 -0.579190
0.243438 -0.579190
0.246416 -0.579190
-0.171970 -0.580679
-0.079657 -0.580679
-0.075190 -0.580679
-0.061790 -0.580679
-0.042434 -0.580679
-0.030523 -0.580679
0.085613 -0.580679
0.088591 -0.580679
0.158570 -0.580679
0.244927 -0.580679
0.247905 -0.580679
-0.171970 -0.582168
-0.079657 -0.582168
-0.043923 -0.582168
-0.033501 -0.582168
-0.030523 -0.582168
0.085613 -0.582168
0.088591 -0.582168
0.243438 -0.582168
0.246416 -0.582168
-0.173459 -0.583657
-0.170481 -0.583657
-0.081146 -0.583657
-0.064768 -0.583657
-0.043923 -0.583657
-0.033501 -0.583657
-0.030523 -0.583657
0.085613 -0.583657
0.088591 -0.583657
0.158570 -0.583657
0.246416 -0.583657
-0.173459 -0.585145
-0.170481 -0.585145
-0.082635 -0.585145
-0.072213 -0.585145
-0.064768 -0.585145
-0.033501 -0.585145
-0.030523 -0.585145
0.085613 -0.585145
0.088591 -0.585145
0.158570 -0.585145
0.246416 -0.585145
-0.173459 -0.586634
-0.170481 -0.586634
-0.082635 -0.586634
-0.073702 -0.586634
-0.042434 -0.586634
-0.032012 -0.586634
-0.029034 -0.586634
0.087102 -0.586634
0.101991 -0.586634
0.158570 -0.586634
0.246416 -0.586634
-0.173459 -0.588123
-0.170481 -0.588123
-0.084124 -0.588123
-0.067746 -0.588123
-0.033501 -0.588123
-0.030523 -0.588123
0.085613 -0.588123
0.088591 -0.588123
0.103480 -0.588123
0.160059 -0.588123
0.244927 -0.588123
0.247905 -0.588123
-0.171970 -0.589612
-0.139214 -0.589612
-0.084124 -0.589612
-0.042434 -0.589612
-0.032012 -0.589612
-0.029034 -0.589612
0.087102 -0.589612
0.103480 -0.589612
0.160059 -0.589612
0.238972 -0.589612
0.246416 -0.589612
-0.173459 -0.591101
-0.170481 -0.591101
-0.137725 -0.591101
-0.084124 -0.591101
-0.043923 -0.591101
-0.033501 -0.591101
-0.030523 -0.591101
0.085613 -0.591101
0.088591 -0.591101
0.104969 -0.591101
0.160059 -0.591101
0.238972 -0.591101
0.246416 -0.591101
-0.171970 -0.592590
-0.168992 -0.592590
-0.137725 -0.592590
-0.072213 -0.592590
-0.042434 -0.592590
-0.033501 -0.592590
-0.030523 -0.592590
0.085613 -0.592590
0.088591 -0.592590
0.104969 -0.592590
0.238972 -0.592590
0.247905 -0.592590
-0.171970 -0.594079
-0.168992 -0.594079
-0.072213 -0.594079
-0.033501 -0.594079
-0.030523 -0.594079
0.087102 -0.594079
0.104969 -0.594079
0.238972 -0.594079
0.247905 -0.594079
-0.171970 -0.595568
-0.168992 -0.595568
-0.137725 -0.595568
-0.073702 -0.595568
-0.040945 -0.595568
-0.032012 -0.595568
-0.029034 -0.595568
0.088591 -0.595568
0.099013 -0.595568
0.160059 -0.595568
0.238972 -0.595568
0.247905 -0.595568
-0.171970 -0.597057
-0.168992 -0.597057
-0.137725 -0.597057
-0.082635 -0.597057
-0.040945 -0.597057
-0.032012 -0.597057
-0.029034 -0.597057
0.087102 -0.597057
0.090080 -0.597057
0.106458 -0.597057
0.161548 -0.597057
0.246416 -0.597057
0.249394 -0.597057
-0.170481 -0.598546
-0.139214 -0.598546
-0.084124 -0.598546
-0.040945 -0.598546
-0.032012 -0.598546
-0.029034 -0.598546
0.087102 -0.598546
0.090080 -0.598546
0.107947 -0.598546
0.161548 -0.598546
0.246416 -0.598546
0.249394 -0.598546
-0.168992 -0.600035
-0.090080 -0.600035
-0.042434 -0.600035
-0.034990 -0.600035
-0.032012 -0.600035
-0.029034 -0.600035
0.087102 -0.600035
0.090080 -0.600035
0.161548 -0.600035
0.246416 -0.600035
0.249394 -0.600035
-0.168992 -0.601524
-0.137725 -0.601524
-0.042434 -0.601524
-0.034990 -0.601524
-0.030523 -0.601524
-0.027545 -0.601524
0.088591 -0.601524
0.161548 -0.601524
0.247905 -0.601524
-0.170481 -0.603012
-0.167503 -0.603012
-0.091569 -0.603012
-0.042434 -0.603012
-0.034990 -0.603012
-0.030523 -0.603012
-0.027545 -0.603012
0.088591 -0.603012
0.100502 -0.603012
0.161548 -0.603012
0.247905 -0.603012
-0.170481 -0.604501
-0.167503 -0.604501
-0.093057 -0.604501
-0.088591 -0.604501
-0.042434 -0.604501
-0.034990 -0.604501
-0.030523 -0.604501
-0.027545 -0.604501
0.088591 -0.604501
0.100502 -0.604501
0.215149 -0.604501
0.247905 -0.604501
0.250883 -0.604501
-0.167503 -0.605990
-0.093057 -0.605990
-0.090080 -0.605990
-0.040945 -0.605990
-0.033501 -0.605990
-0.029034 -0.605990
0.087102 -0.605990
0.090080 -0.605990
0.161548 -0.605990
0.215149 -0.605990
0.247905 -0.605990
0.250883 -0.605990
-0.167503 -0.607479
-0.137725 -0.607479
-0.094546 -0.607479
-0.091569 -0.607479
-0.085613 -0.607479
-0.040945 -0.607479
-0.034990 -0.607479
-0.030523 -0.607479
-0.027545 -0.607479
0.088591 -0.607479
0.100502 -0.607479
0.161548 -0.607479
0.215149 -0.607479
0.249394 -0.607479
-0.168992 -0.608968
-0.166015 -0.608968
-0.136236 -0.608968
-0.093057 -0.608968
-0.042434 -0.608968
-0.036479 -0.608968
-0.030523 -0.608968
-0.027545 -0.608968
0.087102 -0.608968
0.090080 -0.608968
0.101991 -0.608968
0.247905 -0.608968
0.250883 -0.608968
-0.167503 -0.610457
-0.136236 -0.610457
-0.094546 -0.610457
-0.042434 -0.610457
-0.036479 -0.610457
-0.027545 -0.610457
0.088591 -0.610457
0.100502 -0.610457
0.163037 -0.610457
0.249394 -0.610457
-0.167503 -0.611946
-0.164526 -0.611946
-0.096035 -0.611946
-0.042434 -0.611946
-0.036479 -0.611946
-0.027545 -0.611946
0.088591 -0.611946
0.101991 -0.611946
0.163037 -0.611946
0.250883 -0.611946
-0.166015 -0.613435
-0.136236 -0.613435
-0.096035 -0.613435
-0.040945 -0.613435
-0.027545 -0.613435
0.088591 -0.613435
0.101991 -0.613435
0.163037 -0.613435
0.250883 -0.613435
-0.166015 -0.614924
-0.136236 -0.614924
-0.097524 -0.614924
-0.087102 -0.614924
-0.042434 -0.614924
-0.029034 -0.614924
-0.026056 -0.614924
0.090080 -0.614924
0.101991 -0.614924
0.118369 -0.614924
0.164526 -0.614924
0.250883 -0.614924
-0.167503 -0.616413
-0.164526 -0.616413
-0.134747 -0.616413
-0.097524 -0.616413
-0.042434 -0.616413
-0.029034 -0.616413
-0.026056 -0.616413
0.090080 -0.616413
0.164526 -0.616413
0.249394 -0.616413
0.252372 -0.616413
-0.166015 -0.617902
-0.136236 -0.617902
-0.100502 -0.617902
-0.042434 -0.617902
-0.029034 -0.617902
-0.026056 -0.617902
0.090080 -0.617902
0.164526 -0.617902
0.249394 -0.617902
0.252372 -0.617902
-0.166015 -0.619391
-0.163037 -0.619391
-0.134747 -0.619391
-0.100502 -0.619391
-0.042434 -0.619391
-0.032012 -0.619391
-0.027545 -0.619391
0.088591 -0.619391
0.091569 -0.619391
0.241949 -0.619391
0.250883 -0.619391
-0.167503 -0.620880
-0.164526 -0.620880
-0.134747 -0.620880
-0.100502 -0.620880
-0.042434 -0.620880
-0.032012 -0.620880
-0.027545 -0.620880
0.088591 -0.620880
0.091569 -0.620880
0.241949 -0.620880
0.249394 -0.620880
0.252372 -0.620880
-0.166015 -0.622368
-0.163037 -0.622368
-0.103480 -0.622368
-0.093057 -0.622368
-0.040945 -0.622368
-0.027545 -0.622368
-0.024567 -0.622368
0.090080 -0.622368
0.164526 -0.622368
0.241949 -0.622368
0.250883 -0.622368
-0.167503 -0.623857
-0.164526 -0.623857
-0.134747 -0.623857
-0.103480 -0.623857
-0.040945 -0.623857
-0.027545 -0.623857
-0.024567 -0.623857
0.090080 -0.623857
0.164526 -0.623857
0.246416 -0.623857
0.252372 -0.623857
-0.166015 -0.625346
-0.163037 -0.625346
-0.134747 -0.625346
-0.090080 -0.625346
-0.040945 -0.625346
-0.027545 -0.625346
-0.024567 -0.625346
0.090080 -0.625346
0.107947 -0.625346
0.241949 -0.625346
0.252372 -0.625346
-0.167503 -0.626835
-0.164526 -0.626835
-0.161548 -0.626835
-0.133258 -0.626835
-0.100502 -0.626835
-0.048390 -0.626835
-0.040945 -0.626835
-0.027545 -0.626835
-0.024567 -0.626835
0.091569 -0.626835
0.107947 -0.626835
0.166015 -0.626835
0.250883 -0.626835
0.253861 -0.626835
-0.166015 -0.628324
-0.163037 -0.628324
-0.133258 -0.628324
-0.049879 -0.628324
-0.046901 -0.628324
-0.040945 -0.628324
-0.026056 -0.628324
0.090080 -0.628324
0.093057 -0.628324
0.166015 -0.628324
0.250883 -0.628324
0.253861 -0.628324
-0.166015 -0.629813
-0.163037 -0.629813
-0.160059 -0.629813
-0.107947 -0.629813
-0.049879 -0.629813
-0.046901 -0.629813
-0.040945 -0.629813
-0.026056 -0.629813
0.090080 -0.629813
0.093057 -0.629813
0.166015 -0.629813
0.243438 -0.629813
0.252372 -0.629813
-0.167503 -0.631302
-0.164526 -0.631302
-0.161548 -0.631302
-0.133258 -0.631302
-0.049879 -0.631302
-0.042434 -0.631302
-0.037967 -0.631302
-0.026056 -0.631302
0.090080 -0.631302
0.093057 -0.631302
0.166015 -0.631302
0.243438 -0.631302
0.252372 -0.631302
-0.166015 -0.632791
-0.160059 -0.632791
-0.052857 -0.632791
-0.049879 -0.632791
-0.037967 -0.632791
-0.026056 -0.632791
0.090080 -0.632791
0.093057 -0.632791
0.166015 -0.632791
0.243438 -0.632791
0.252372 -0.632791
-0.167503 -0.634280
-0.164526 -0.634280
-0.158570 -0.634280
-0.131769 -0.634280
-0.051368 -0.634280
-0.027545 -0.634280
-0.024567 -0.634280
0.091569 -0.634280
0.110925 -0.634280
0.166015 -0.634280
0.241949 -0.634280
0.250883 -0.634280
0.253861 -0.634280
-0.166015 -0.635769
-0.160059 -0.635769
-0.133258 -0.635769
-0.054346 -0.635769
-0.051368 -0.635769
-0.039456 -0.635769
-0.026056 -0.635769
0.090080 -0.635769
0.093057 -0.635769
0.128792 -0.635769
0.167503 -0.635769
0.241949 -0.635769
0.252372 -0.635769
-0.166015 -0.637258
-0.160059 -0.637258
-0.131769 -0.637258
-0.052857 -0.637258
-0.040945 -0.637258
-0.027545 -0.637258
-0.024567 -0.637258
0.091569 -0.637258
0.166015 -0.637258
0.228549 -0.637258
0.243438 -0.637258
0.253861 -0.637258
-0.166015 -0.638747
-0.160059 -0.638747
-0.131769 -0.638747
-0.054346 -0.638747
-0.042434 -0.638747
-0.039456 -0.638747
-0.026056 -0.638747
-0.023078 -0.638747
0.093057 -0.638747
0.113902 -0.638747
0.166015 -0.638747
0.227060 -0.638747
0.243438 -0.638747
0.253861 -0.638747
-0.166015 -0.640235
-0.158570 -0.640235
-0.131769 -0.640235
-0.113902 -0.640235
-0.054346 -0.640235
-0.040945 -0.640235
-0.026056 -0.640235
-0.023078 -0.640235
0.093057 -0.640235
0.115391 -0.640235
0.167503 -0.640235
0.227060 -0.640235
0.252372 -0.640235
0.255350 -0.640235
-0.164526 -0.641724
-0.131769 -0.641724
-0.115391 -0.641724
-0.057323 -0.641724
-0.054346 -0.641724
-0.042434 -0.641724
-0.027545 -0.641724
-0.024567 -0.641724
0.091569 -0.641724
0.094546 -0.641724
0.131769 -0.641724
0.225571 -0.641724
0.252372 -0.641724
0.255350 -0.641724
-0.164526 -0.643213
-0.130280 -0.643213
-0.055834 -0.643213
-0.040945 -0.643213
-0.024567 -0.643213
0.091569 -0.643213
0.094546 -0.643213
0.167503 -0.643213
0.225571 -0.643213
0.243438 -0.643213
0.253861 -0.643213
-0.166015 -0.644702
-0.131769 -0.644702
-0.057323 -0.644702
-0.045412 -0.644702
-0.026056 -0.644702
-0.023078 -0.644702
0.093057 -0.644702
0.116880 -0.644702
0.167503 -0.644702
0.224082 -0.644702
0.252372 -0.644702
0.255350 -0.644702
-0.164526 -0.646191
-0.058812 -0.646191
-0.046901 -0.646191
-0.026056 -0.646191
-0.023078 -0.646191
0.093057 -0.646191
0.134747 -0.646191
0.168992 -0.646191
0.235994 -0.646191
0.253861 -0.646191
0.256839 -0.646191
-0.164526 -0.647680
-0.058812 -0.647680
-0.046901 -0.647680
-0.040945 -0.647680
-0.026056 -0.647680
-0.023078 -0.647680
0.094546 -0.647680
0.134747 -0.647680
0.168992 -0.647680
0.234505 -0.647680
0.253861 -0.647680
0.256839 -0.647680
-0.164526 -0.649169
-0.130280 -0.649169
-0.058812 -0.649169
-0.040945 -0.649169
-0.026056 -0.649169
-0.023078 -0.649169
0.094546 -0.649169
0.168992 -0.649169
0.253861 -0.649169
0.256839 -0.649169
-0.164526 -0.650658
-0.130280 -0.650658
-0.058812 -0.650658
-0.040945 -0.650658
-0.026056 -0.650658
-0.023078 -0.650658
0.094546 -0.650658
0.136236 -0.650658
0.222593 -0.650658
0.255350 -0.650658
-0.166015 -0.652147
-0.163037 -0.652147
-0.058812 -0.652147
-0.049879 -0.652147
-0.034990 -0.652147
-0.024567 -0.652147
0.093057 -0.652147
0.096035 -0.652147
0.137725 -0.652147
0.221105 -0.652147
0.253861 -0.652147
0.256839 -0.652147
-0.164526 -0.653636
-0.061790 -0.653636
-0.049879 -0.653636
-0.026056 -0.653636
-0.023078 -0.653636
0.094546 -0.653636
0.137725 -0.653636
0.221105 -0.653636
0.225571 -0.653636
0.255350 -0.653636
-0.166015 -0.655125
-0.163037 -0.655125
-0.055834 -0.655125
-0.039456 -0.655125
-0.024567 -0.655125
0.094546 -0.655125
0.097524 -0.655125
0.168992 -0.655125
0.224082 -0.655125
0.255350 -0.655125
-0.166015 -0.656614
-0.163037 -0.656614
-0.128792 -0.656614
-0.061790 -0.656614
-0.051368 -0.656614
-0.039456 -0.656614
-0.024567 -0.656614
-0.021589 -0.656614
0.096035 -0.656614
0.139214 -0.656614
0.170481 -0.656614
0.253861 -0.656614
0.256839 -0.656614
-0.166015 -0.658102
-0.163037 -0.658102
-0.152614 -0.658102
-0.063279 -0.658102
-0.057323 -0.658102
-0.039456 -0.658102
-0.024567 -0.658102
-0.021589 -0.658102
0.096035 -0.658102
0.168992 -0.658102
0.222593 -0.658102
0.253861 -0.658102
0.256839 -0.658102
-0.166015 -0.659591
-0.163037 -0.659591
-0.152614 -0.659591
-0.063279 -0.659591
-0.057323 -0.659591
-0.040945 -0.659591
-0.026056 -0.659591
-0.023078 -0.659591
0.094546 -0.659591
0.097524 -0.659591
0.168992 -0.659591
0.222593 -0.659591
0.255350 -0.659591
0.258328 -0.659591
-0.164526 -0.661080
-0.154103 -0.661080
-0.151125 -0.661080
-0.127303 -0.661080
-0.064768 -0.661080
-0.058812 -0.661080
-0.039456 -0.661080
-0.024567 -0.661080
-0.021589 -0.661080
0.097524 -0.661080
0.168992 -0.661080
0.221105 -0.661080
0.253861 -0.661080
0.256839 -0.661080
-0.166015 -0.662569
-0.163037 -0.662569
-0.152614 -0.662569
-0.149636 -0.662569
-0.127303 -0.662569
-0.081146 -0.662569
-0.078168 -0.662569
-0.060301 -0.662569
-0.054346 -0.662569
-0.026056 -0.662569
-0.023078 -0.662569
0.096035 -0.662569
0.099013 -0.662569
0.168992 -0.662569
0.221105 -0.662569
0.225571 -0.662569
0.255350 -0.662569
0.258328 -0.662569
-0.164526 -0.664058
-0.151125 -0.664058
-0.128792 -0.664058
-0.122836 -0.664058
-0.082635 -0.664058
-0.076679 -0.664058
-0.060301 -0.664058
-0.054346 -0.664058
-0.027545 -0.664058
-0.024567 -0.664058
-0.021589 -0.664058
0.097524 -0.664058
0.170481 -0.664058
0.221105 -0.664058
0.255350 -0.664058
0.258328 -0.664058
-0.164526 -0.665547
-0.155592 -0.665547
-0.149636 -0.665547
-0.127303 -0.665547
-0.061790 -0.665547
-0.055834 -0.665547
-0.027545 -0.665547
-0.024567 -0.665547
-0.021589 -0.665547
0.097524 -0.665547
0.170481 -0.665547
0.219616 -0.665547
0.224082 -0.665547
0.256839 -0.665547
-0.166015 -0.667036
-0.163037 -0.667036
-0.151125 -0.667036
-0.148148 -0.667036
-0.127303 -0.667036
-0.085613 -0.667036
-0.061790 -0.667036
-0.043923 -0.667036
-0.026056 -0.667036
-0.023078 -0.667036
0.097524 -0.667036
0.100502 -0.667036
0.171970 -0.667036
0.218127 -0.667036
0.224082 -0.667036
0.256839 -0.667036
0.259816 -0.667036
-0.164526 -0.668525
-0.155592 -0.668525
-0.149636 -0.668525
-0.146659 -0.668525
-0.127303 -0.668525
-0.069235 -0.668525
-0.061790 -0.668525
-0.045412 -0.668525
-0.026056 -0.668525
-0.023078 -0.668525
0.097524 -0.668525
0.100502 -0.668525
0.171970 -0.668525
0.218127 -0.668525
0.255350 -0.668525
0.258328 -0.668525
-0.166015 -0.670014
-0.163037 -0.670014
-0.149636 -0.670014
-0.146659 -0.670014
-0.127303 -0.670014
-0.088591 -0.670014
-0.064768 -0.670014
-0.058812 -0.670014
-0.027545 -0.670014
-0.023078 -0.670014
0.097524 -0.670014
0.100502 -0.670014
0.170481 -0.670014
0.216638 -0.670014
0.256839 -0.670014
0.259816 -0.670014
-0.164526 -0.671503
-0.154103 -0.671503
-0.148148 -0.671503
-0.145170 -0.671503
-0.127303 -0.671503
-0.070724 -0.671503
-0.063279 -0.671503
-0.027545 -0.671503
-0.023078 -0.671503
0.097524 -0.671503
0.100502 -0.671503
0.171970 -0.671503
0.216638 -0.671503
0.255350 -0.671503
0.258328 -0.671503
-0.166015 -0.672992
-0.163037 -0.672992
-0.146659 -0.672992
-0.128792 -0.672992
-0.066257 -0.672992
-0.027545 -0.672992
-0.023078 -0.672992
0.099013 -0.672992
0.101991 -0.672992
0.171970 -0.672992
0.216638 -0.672992
0.233016 -0.672992
0.256839 -0.672992
0.259816 -0.672992
-0.164526 -0.674481
-0.146659 -0.674481
-0.128792 -0.674481
-0.072213 -0.674481
-0.048390 -0.674481
-0.027545 -0.674481
-0.023078 -0.674481
0.099013 -0.674481
0.101991 -0.674481
0.171970 -0.674481
0.215149 -0.674481
0.231527 -0.674481
0.258328 -0.674481
-0.166015 -0.675970
-0.163037 -0.675970
-0.143681 -0.675970
-0.127303 -0.675970
-0.072213 -0.675970
-0.066257 -0.675970
-0.027545 -0.675970
-0.023078 -0.675970
-0.020100 -0.675970
0.100502 -0.675970
0.171970 -0.675970
0.215149 -0.675970
0.231527 -0.675970
0.258328 -0.675970
-0.166015 -0.677458
-0.163037 -0.677458
-0.127303 -0.677458
-0.069235 -0.677458
-0.049879 -0.677458
-0.027545 -0.677458
-0.023078 -0.677458
-0.020100 -0.677458
0.100502 -0.677458
0.171970 -0.677458
0.256839 -0.677458
0.259816 -0.677458
-0.163037 -0.678947
-0.127303 -0.678947
-0.069235 -0.678947
-0.049879 -0.678947
-0.027545 -0.678947
-0.023078 -0.678947
-0.020100 -0.678947
0.101991 -0.678947
0.171970 -0.678947
0.213660 -0.678947
0.258328 -0.678947
0.261305 -0.678947
-0.163037 -0.680436
-0.128792 -0.680436
-0.125814 -0.680436
-0.070724 -0.680436
-0.051368 -0.680436
-0.027545 -0.680436
-0.023078 -0.680436
-0.020100 -0.680436
0.101991 -0.680436
0.107947 -0.680436
0.212171 -0.680436
0.256839 -0.680436
0.259816 -0.680436
-0.164526 -0.681925
-0.161548 -0.681925
-0.142192 -0.681925
-0.125814 -0.681925
-0.072213 -0.681925
-0.069235 -0.681925
-0.036479 -0.681925
-0.027545 -0.681925
-0.023078 -0.681925
-0.020100 -0.681925
0.101991 -0.681925
0.107947 -0.681925
0.210682 -0.681925
0.215149 -0.681925
0.256839 -0.681925
0.259816 -0.681925
-0.164526 -0.683414
-0.161548 -0.683414
-0.125814 -0.683414
-0.070724 -0.683414
-0.029034 -0.683414
-0.024567 -0.683414
-0.021589 -0.683414
0.101991 -0.683414
0.104969 -0.683414
0.210682 -0.683414
0.258328 -0.683414
0.261305 -0.683414
-0.163037 -0.684903
-0.127303 -0.684903
-0.073702 -0.684903
-0.049879 -0.684903
-0.034990 -0.684903
-0.027545 -0.684903
-0.023078 -0.684903
-0.020100 -0.684903
0.103480 -0.684903
0.109436 -0.684903
0.209193 -0.684903
0.227060 -0.684903
0.259816 -0.684903
-0.164526 -0.686392
-0.161548 -0.686392
-0.125814 -0.686392
-0.049879 -0.686392
-0.034990 -0.686392
-0.027545 -0.686392
-0.023078 -0.686392
-0.020100 -0.686392
0.103480 -0.686392
0.109436 -0.686392
0.209193 -0.686392
0.259816 -0.686392
-0.163037 -0.687881
-0.127303 -0.687881
-0.075190 -0.687881
-0.051368 -0.687881
-0.030523 -0.687881
-0.027545 -0.687881
-0.023078 -0.687881
0.103480 -0.687881
0.106458 -0.687881
0.207704 -0.687881
0.258328 -0.687881
0.261305 -0.687881
-0.161548 -0.689370
-0.140703 -0.689370
-0.125814 -0.689370
-0.075190 -0.689370
-0.034990 -0.689370
-0.029034 -0.689370
-0.024567 -0.689370
-0.021589 -0.689370
0.104969 -0.689370
0.173459 -0.689370
0.258328 -0.689370
0.261305 -0.689370
-0.161548 -0.690859
-0.140703 -0.690859
-0.127303 -0.690859
-0.076679 -0.690859
-0.054346 -0.690859
-0.034990 -0.690859
-0.029034 -0.690859
-0.024567 -0.690859
-0.021589 -0.690859
0.104969 -0.690859
0.110925 -0.690859
0.206215 -0.690859
0.216638 -0.690859
0.259816 -0.690859
-0.163037 -0.692348
-0.160059 -0.692348
-0.125814 -0.692348
-0.058812 -0.692348
-0.055834 -0.692348
-0.052857 -0.692348
-0.030523 -0.692348
-0.027545 -0.692348
-0.023078 -0.692348
0.103480 -0.692348
0.106458 -0.692348
0.204726 -0.692348
0.207704 -0.692348
0.259816 -0.692348
0.262794 -0.692348
-0.161548 -0.693837
-0.127303 -0.693837
-0.078168 -0.693837
-0.057323 -0.693837
-0.054346 -0.693837
-0.032012 -0.693837
-0.024567 -0.693837
-0.021589 -0.693837
0.106458 -0.693837
0.112413 -0.693837
0.204726 -0.693837
0.258328 -0.693837
0.261305 -0.693837
-0.161548 -0.695325
-0.158570 -0.695325
-0.079657 -0.695325
-0.060301 -0.695325
-0.055834 -0.695325
-0.032012 -0.695325
-0.026056 -0.695325
-0.023078 -0.695325
0.104969 -0.695325
0.107947 -0.695325
0.204726 -0.695325
0.259816 -0.695325
0.262794 -0.695325
-0.160059 -0.696814
-0.125814 -0.696814
-0.061790 -0.696814
-0.057323 -0.696814
-0.036479 -0.696814
-0.032012 -0.696814
-0.024567 -0.696814
-0.021589 -0.696814
0.107947 -0.696814
0.112413 -0.696814
0.259816 -0.696814
0.262794 -0.696814
-0.160059 -0.698303
-0.125814 -0.698303
-0.064768 -0.698303
-0.058812 -0.698303
-0.036479 -0.698303
-0.033501 -0.698303
-0.026056 -0.698303
-0.023078 -0.698303
0.106458 -0.698303
0.109436 -0.698303
0.174948 -0.698303
0.259816 -0.698303
0.262794 -0.698303
-0.158570 -0.699792
-0.125814 -0.699792
-0.066257 -0.699792
-0.060301 -0.699792
-0.054346 -0.699792
-0.034990 -0.699792
-0.032012 -0.699792
-0.026056 -0.699792
-0.023078 -0.699792
0.107947 -0.699792
0.113902 -0.699792
0.174948 -0.699792
0.259816 -0.699792
0.262794 -0.699792
-0.158570 -0.701281
-0.125814 -0.701281
-0.069235 -0.701281
-0.066257 -0.701281
-0.060301 -0.701281
-0.034990 -0.701281
-0.027545 -0.701281
-0.024567 -0.701281
0.106458 -0.701281
0.109436 -0.701281
0.201749 -0.701281
0.259816 -0.701281
0.262794 -0.701281
-0.158570 -0.702770
-0.125814 -0.702770
-0.082635 -0.702770
-0.069235 -0.702770
-0.061790 -0.702770
-0.055834 -0.702770
-0.034990 -0.702770
-0.027545 -0.702770
-0.024567 -0.702770
0.107947 -0.702770
0.110925 -0.702770
0.255350 -0.702770
0.261305 -0.702770
-0.158570 -0.704259
-0.155592 -0.704259
-0.084124 -0.704259
-0.070724 -0.704259
-0.063279 -0.704259
-0.057323 -0.704259
-0.034990 -0.704259
-0.027545 -0.704259
-0.024567 -0.704259
0.107947 -0.704259
0.110925 -0.704259
0.255350 -0.704259
0.261305 -0.704259
-0.158570 -0.705748
-0.155592 -0.705748
-0.122836 -0.705748
-0.073702 -0.705748
-0.070724 -0.705748
-0.064768 -0.705748
-0.037967 -0.705748
-0.034990 -0.705748
-0.026056 -0.705748
-0.023078 -0.705748
0.109436 -0.705748
0.174948 -0.705748
0.259816 -0.705748
0.262794 -0.705748
-0.157081 -0.707237
-0.154103 -0.707237
-0.122836 -0.707237
-0.081146 -0.707237
-0.075190 -0.707237
-0.072213 -0.707237
-0.066257 -0.707237
-0.063279 -0.707237
-0.036479 -0.707237
-0.030523 -0.707237
-0.026056 -0.707237
0.109436 -0.707237
0.112413 -0.707237
0.255350 -0.707237
0.261305 -0.707237
-0.157081 -0.708726
-0.154103 -0.708726
-0.085613 -0.708726
-0.078168 -0.708726
-0.075190 -0.708726
-0.072213 -0.708726
-0.066257 -0.708726
-0.061790 -0.708726
-0.036479 -0.708726
-0.026056 -0.708726
0.109436 -0.708726
0.112413 -0.708726
0.212171 -0.708726
0.255350 -0.708726
0.261305 -0.708726
-0.157081 -0.710215
-0.154103 -0.710215
-0.079657 -0.710215
-0.076679 -0.710215
-0.069235 -0.710215
-0.066257 -0.710215
-0.039456 -0.710215
-0.036479 -0.710215
-0.027545 -0.710215
-0.024567 -0.710215
0.110925 -0.710215
0.116880 -0.710215
0.200260 -0.710215
0.253861 -0.710215
0.259816 -0.710215
0.262794 -0.710215
-0.154103 -0.711704
-0.122836 -0.711704
-0.087102 -0.711704
-0.079657 -0.711704
-0.076679 -0.711704
-0.069235 -0.711704
-0.064768 -0.711704
-0.037967 -0.711704
-0.032012 -0.711704
-0.027545 -0.711704
-0.024567 -0.711704
0.110925 -0.711704
0.113902 -0.711704
0.176437 -0.711704
0.253861 -0.711704
0.259816 -0.711704
0.262794 -0.711704
-0.154103 -0.713193
-0.122836 -0.713193
-0.088591 -0.713193
-0.082635 -0.713193
-0.079657 -0.713193
-0.072213 -0.713193
-0.069235 -0.713193
-0.039456 -0.713193
-0.036479 -0.713193
-0.029034 -0.713193
-0.026056 -0.713193
-0.023078 -0.713193
0.112413 -0.713193
0.176437 -0.713193
0.195793 -0.713193
0.259816 -0.713193
0.262794 -0.713193
-0.154103 -0.714681
-0.151125 -0.714681
-0.121347 -0.714681
-0.088591 -0.714681
-0.082635 -0.714681
-0.079657 -0.714681
-0.073702 -0.714681
-0.067746 -0.714681
-0.037967 -0.714681
-0.032012 -0.714681
-0.027545 -0.714681
-0.024567 -0.714681
0.110925 -0.714681
0.113902 -0.714681
0.176437 -0.714681
0.253861 -0.714681
0.261305 -0.714681
-0.154103 -0.716170
-0.151125 -0.716170
-0.091569 -0.716170
-0.085613 -0.716170
-0.082635 -0.716170
-0.076679 -0.716170
-0.073702 -0.716170
-0.045412 -0.716170
-0.040945 -0.716170
-0.037967 -0.716170
-0.029034 -0.716170
-0.026056 -0.716170
-0.023078 -0.716170
0.112413 -0.716170
0.115391 -0.716170
0.253861 -0.716170
0.261305 -0.716170
-0.154103 -0.717659
-0.151125 -0.717659
-0.121347 -0.717659
-0.087102 -0.717659
-0.084124 -0.717659
-0.078168 -0.717659
-0.075190 -0.717659
-0.045412 -0.717659
-0.040945 -0.717659
-0.037967 -0.717659
-0.030523 -0.717659
-0.027545 -0.717659
-0.024567 -0.717659
-0.021589 -0.717659
0.112413 -0.717659
0.115391 -0.717659
0.253861 -0.717659
0.261305 -0.717659
-0.152614 -0.719148
-0.149636 -0.719148
-0.121347 -0.719148
-0.091569 -0.719148
-0.087102 -0.719148
-0.082635 -0.719148
-0.079657 -0.719148
-0.076679 -0.719148
-0.048390 -0.719148
-0.045412 -0.719148
-0.039456 -0.719148
-0.034990 -0.719148
-0.030523 -0.719148
-0.027545 -0.719148
-0.023078 -0.719148
-0.020100 -0.719148
0.113902 -0.719148
0.116880 -0.719148
0.259816 -0.719148
0.262794 -0.719148
-0.151125 -0.720637
-0.148148 -0.720637
-0.121347 -0.720637
-0.093057 -0.720637
-0.090080 -0.720637
-0.087102 -0.720637
-0.082635 -0.720637
-0.079657 -0.720637
-0.048390 -0.720637
-0.045412 -0.720637
-0.040945 -0.720637
-0.037967 -0.720637
-0.030523 -0.720637
-0.027545 -0.720637
-0.023078 -0.720637
-0.020100 -0.720637
0.113902 -0.720637
0.116880 -0.720637
0.252372 -0.720637
0.261305 -0.720637
-0.152614 -0.722126
-0.149636 -0.722126
-0.122836 -0.722126
-0.094546 -0.722126
-0.091569 -0.722126
-0.085613 -0.722126
-0.082635 -0.722126
-0.079657 -0.722126
-0.046901 -0.722126
-0.040945 -0.722126
-0.030523 -0.722126
-0.027545 -0.722126
-0.021589 -0.722126
-0.018611 -0.722126
0.115391 -0.722126
0.118369 -0.722126
0.177926 -0.722126
0.259816 -0.722126
0.262794 -0.722126
-0.149636 -0.723615
-0.124325 -0.723615
-0.096035 -0.723615
-0.093057 -0.723615
-0.087102 -0.723615
-0.084124 -0.723615
-0.052857 -0.723615
-0.048390 -0.723615
-0.043923 -0.723615
-0.040945 -0.723615
-0.032012 -0.723615
-0.029034 -0.723615
-0.026056 -0.723615
-0.020100 -0.723615
-0.017123 -0.723615
0.116880 -0.723615
0.177926 -0.723615
0.259816 -0.723615
0.262794 -0.723615
-0.149636 -0.725104
-0.146659 -0.725104
-0.097524 -0.725104
-0.094546 -0.725104
-0.088591 -0.725104
-0.085613 -0.725104
-0.052857 -0.725104
-0.049879 -0.725104
-0.045412 -0.725104
-0.040945 -0.725104
-0.032012 -0.725104
-0.029034 -0.725104
-0.026056 -0.725104
-0.020100 -0.725104
-0.017123 -0.725104
0.116880 -0.725104
0.177926 -0.725104
0.252372 -0.725104
0.261305 -0.725104
-0.149636 -0.726593
-0.146659 -0.726593
-0.124325 -0.726593
-0.099013 -0.726593
-0.096035 -0.726593
-0.090080 -0.726593
-0.087102 -0.726593
-0.054346 -0.726593
-0.051368 -0.726593
-0.046901 -0.726593
-0.040945 -0.726593
-0.032012 -0.726593
-0.029034 -0.726593
-0.026056 -0.726593
-0.023078 -0.726593
-0.017123 -0.726593
0.115391 -0.726593
0.118369 -0.726593
0.177926 -0.726593
0.252372 -0.726593
0.261305 -0.726593
-0.148148 -0.728082
-0.145170 -0.728082
-0.103480 -0.728082
-0.099013 -0.728082
-0.096035 -0.728082
-0.093057 -0.728082
-0.090080 -0.728082
-0.055834 -0.728082
-0.052857 -0.728082
-0.048390 -0.728082
-0.045412 -0.728082
-0.039456 -0.728082
-0.032012 -0.728082
-0.029034 -0.728082
-0.024567 -0.728082
-0.018611 -0.728082
-0.015634 -0.728082
0.118369 -0.728082
0.177926 -0.728082
0.250883 -0.728082
0.261305 -0.728082
-0.148148 -0.729571
-0.145170 -0.729571
-0.125814 -0.729571
-0.103480 -0.729571
-0.099013 -0.729571
-0.096035 -0.729571
-0.093057 -0.729571
-0.090080 -0.729571
-0.055834 -0.729571
-0.052857 -0.729571
-0.048390 -0.729571
-0.039456 -0.729571
-0.032012 -0.729571
-0.029034 -0.729571
-0.021589 -0.729571
-0.015634 -0.729571
0.116880 -0.729571
0.119858 -0.729571
0.177926 -0.729571
0.250883 -0.729571
0.259816 -0.729571
0.262794 -0.729571
-0.146659 -0.731060
-0.143681 -0.731060
-0.104969 -0.731060
-0.101991 -0.731060
-0.099013 -0.731060
-0.096035 -0.731060
-0.093057 -0.731060
-0.057323 -0.731060
-0.054346 -0.731060
-0.049879 -0.731060
-0.042434 -0.731060
-0.033501 -0.731060
-0.030523 -0.731060
-0.017123 -0.731060
-0.014145 -0.731060
0.118369 -0.731060
0.121347 -0.731060
0.177926 -0.731060
0.249394 -0.731060
0.258328 -0.731060
0.261305 -0.731060
-0.145170 -0.732548
-0.127303 -0.732548
-0.104969 -0.732548
-0.101991 -0.732548
-0.099013 -0.732548
-0.096035 -0.732548
-0.058812 -0.732548
-0.055834 -0.732548
-0.052857 -0.732548
-0.049879 -0.732548
-0.040945 -0.732548
-0.033501 -0.732548
-0.030523 -0.732548
-0.020100 -0.732548
-0.014145 -0.732548
0.118369 -0.732548
0.121347 -0.732548
0.152614 -0.732548
0.250883 -0.732548
0.259816 -0.732548
-0.146659 -0.734037
-0.143681 -0.734037
-0.128792 -0.734037
-0.107947 -0.734037
-0.104969 -0.734037
-0.101991 -0.734037
-0.099013 -0.734037
-0.096035 -0.734037
-0.058812 -0.734037
-0.055834 -0.734037
-0.051368 -0.734037
-0.042434 -0.734037
-0.033501 -0.734037
-0.030523 -0.734037
-0.020100 -0.734037
-0.014145 -0.734037
0.118369 -0.734037
0.121347 -0.734037
0.152614 -0.734037
0.247905 -0.734037
0.250883 -0.734037
0.259816 -0.734037
-0.145170 -0.735526
-0.142192 -0.735526
-0.109436 -0.735526
-0.104969 -0.735526
-0.101991 -0.735526
-0.099013 -0.735526
-0.061790 -0.735526
-0.058812 -0.735526
-0.055834 -0.735526
-0.052857 -0.735526
-0.043923 -0.735526
-0.036479 -0.735526
-0.033501 -0.735526
-0.018611 -0.735526
-0.012656 -0.735526
0.119858 -0.735526
0.122836 -0.735526
0.154103 -0.735526
0.179415 -0.735526
0.247905 -0.735526
0.250883 -0.735526
0.259816 -0.735526
-0.145170 -0.737015
-0.142192 -0.737015
-0.109436 -0.737015
-0.106458 -0.737015
-0.103480 -0.737015
-0.100502 -0.737015
-0.067746 -0.737015
-0.061790 -0.737015
-0.058812 -0.737015
-0.054346 -0.737015
-0.049879 -0.737015
-0.042434 -0.737015
-0.034990 -0.737015
-0.032012 -0.737015
-0.012656 -0.737015
0.119858 -0.737015
0.122836 -0.737015
0.155592 -0.737015
0.179415 -0.737015
0.243438 -0.737015
0.246416 -0.737015
0.249394 -0.737015
0.258328 -0.737015
0.261305 -0.737015
-0.142192 -0.738504
-0.109436 -0.738504
-0.106458 -0.738504
-0.103480 -0.738504
-0.064768 -0.738504
-0.061790 -0.738504
-0.057323 -0.738504
-0.054346 -0.738504
-0.036479 -0.738504
-0.033501 -0.738504
-0.012656 -0.738504
-0.009678 -0.738504
0.121347 -0.738504
0.124325 -0.738504
0.157081 -0.738504
0.179415 -0.738504
0.243438 -0.738504
0.246416 -0.738504
0.250883 -0.738504
0.258328 -0.738504
-0.143681 -0.739993
-0.140703 -0.739993
-0.110925 -0.739993
-0.107947 -0.739993
-0.104969 -0.739993
-0.066257 -0.739993
-0.063279 -0.739993
-0.057323 -0.739993
-0.051368 -0.739993
-0.039456 -0.739993
-0.036479 -0.739993
-0.033501 -0.739993
-0.011167 -0.739993
0.121347 -0.739993
0.124325 -0.739993
0.155592 -0.739993
0.158570 -0.739993
0.179415 -0.739993
0.240461 -0.739993
0.243438 -0.739993
0.256839 -0.739993
0.259816 -0.739993
-0.140703 -0.741482
-0.137725 -0.741482
-0.109436 -0.741482
-0.106458 -0.741482
-0.066257 -0.741482
-0.063279 -0.741482
-0.058812 -0.741482
-0.054346 -0.741482
-0.042434 -0.741482
-0.037967 -0.741482
-0.034990 -0.741482
-0.012656 -0.741482
-0.009678 -0.741482
0.122836 -0.741482
0.125814 -0.741482
0.158570 -0.741482
0.161548 -0.741482
0.238972 -0.741482
0.249394 -0.741482
0.258328 -0.741482
-0.142192 -0.742971
-0.139214 -0.742971
-0.112413 -0.742971
-0.109436 -0.742971
-0.106458 -0.742971
-0.066257 -0.742971
-0.061790 -0.742971
-0.058812 -0.742971
-0.042434 -0.742971
-0.036479 -0.742971
-0.033501 -0.742971
-0.009678 -0.742971
0.121347 -0.742971
0.124325 -0.742971
0.127303 -0.742971
0.158570 -0.742971
0.161548 -0.742971
0.164526 -0.742971
0.180904 -0.742971
0.237483 -0.742971
0.249394 -0.742971
0.256839 -0.742971
0.259816 -0.742971
-0.140703 -0.744460
-0.137725 -0.744460
-0.112413 -0.744460
-0.109436 -0.744460
-0.070724 -0.744460
-0.067746 -0.744460
-0.063279 -0.744460
-0.060301 -0.744460
-0.042434 -0.744460
-0.039456 -0.744460
-0.034990 -0.744460
-0.009678 -0.744460
0.122836 -0.744460
0.125814 -0.744460
0.128792 -0.744460
0.161548 -0.744460
0.164526 -0.744460
0.180904 -0.744460
0.237483 -0.744460
0.255350 -0.744460
0.258328 -0.744460
-0.143681 -0.745949
-0.140703 -0.745949
-0.137725 -0.745949
-0.113902 -0.745949
-0.110925 -0.745949
-0.073702 -0.745949
-0.069235 -0.745949
-0.066257 -0.745949
-0.063279 -0.745949
-0.043923 -0.745949
-0.040945 -0.745949
-0.036479 -0.745949
-0.011167 -0.745949
-0.008189 -0.745949
0.122836 -0.745949
0.125814 -0.745949
0.128792 -0.745949
0.160059 -0.745949
0.163037 -0.745949
0.166015 -0.745949
0.180904 -0.745949
0.234505 -0.745949
0.240461 -0.745949
0.249394 -0.745949
0.256839 -0.745949
-0.143681 -0.747438
-0.140703 -0.747438
-0.137725 -0.747438
-0.112413 -0.747438
-0.076679 -0.747438
-0.070724 -0.747438
-0.067746 -0.747438
-0.064768 -0.747438
-0.045412 -0.747438
-0.042434 -0.747438
-0.037967 -0.747438
-0.034990 -0.747438
-0.008189 -0.747438
0.124325 -0.747438
0.127303 -0.747438
0.130280 -0.747438
0.161548 -0.747438
0.164526 -0.747438
0.167503 -0.747438
0.180904 -0.747438
0.228549 -0.747438
0.234505 -0.747438
0.249394 -0.747438
0.255350 -0.747438
0.258328 -0.747438
-0.143681 -0.748927
-0.140703 -0.748927
-0.137725 -0.748927
-0.134747 -0.748927
-0.073702 -0.748927
-0.070724 -0.748927
-0.067746 -0.748927
-0.045412 -0.748927
-0.042434 -0.748927
-0.037967 -0.748927
-0.034990 -0.748927
-0.008189 -0.748927
0.124325 -0.748927
0.127303 -0.748927
0.130280 -0.748927
0.133258 -0.748927
0.164526 -0.748927
0.167503 -0.748927
0.170481 -0.748927
0.182393 -0.748927
0.228549 -0.748927
0.231527 -0.748927
0.237483 -0.748927
0.252372 -0.748927
0.256839 -0.748927
-0.146659 -0.750416
-0.143681 -0.750416
-0.137725 -0.750416
-0.134747 -0.750416
-0.078168 -0.750416
-0.073702 -0.750416
-0.070724 -0.750416
-0.067746 -0.750416
-0.045412 -0.750416
-0.042434 -0.750416
-0.037967 -0.750416
-0.009678 -0.750416
-0.006700 -0.750416
0.124325 -0.750416
0.127303 -0.750416
0.131769 -0.750416
0.134747 -0.750416
0.137725 -0.750416
0.167503 -0.750416
0.170481 -0.750416
0.180904 -0.750416
0.197282 -0.750416
0.227060 -0.750416
0.230038 -0.750416
0.235994 -0.750416
0.247905 -0.750416
0.252372 -0.750416
0.255350 -0.750416
0.258328 -0.750416
-0.146659 -0.751904
-0.143681 -0.751904
-0.137725 -0.751904
-0.134747 -0.751904
-0.128792 -0.751904
-0.075190 -0.751904
-0.072213 -0.751904
-0.069235 -0.751904
-0.046901 -0.751904
-0.043923 -0.751904
-0.040945 -0.751904
-0.009678 -0.751904
-0.006700 -0.751904
0.124325 -0.751904
0.127303 -0.751904
0.131769 -0.751904
0.134747 -0.751904
0.137725 -0.751904
0.168992 -0.751904
0.171970 -0.751904
0.180904 -0.751904
0.194304 -0.751904
0.224082 -0.751904
0.227060 -0.751904
0.230038 -0.751904
0.246416 -0.751904
0.250883 -0.751904
0.253861 -0.751904
0.256839 -0.751904
-0.149636 -0.753393
-0.146659 -0.753393
-0.140703 -0.753393
-0.137725 -0.753393
-0.128792 -0.753393
-0.079657 -0.753393
-0.076679 -0.753393
-0.073702 -0.753393
-0.070724 -0.753393
-0.046901 -0.753393
-0.042434 -0.753393
-0.036479 -0.753393
-0.008189 -0.753393
-0.005211 -0.753393
0.125814 -0.753393
0.128792 -0.753393
0.133258 -0.753393
0.136236 -0.753393
0.139214 -0.753393
0.170481 -0.753393
0.173459 -0.753393
0.176437 -0.753393
0.180904 -0.753393
0.189837 -0.753393
0.192815 -0.753393
0.224082 -0.753393
0.227060 -0.753393
0.233016 -0.753393
0.247905 -0.753393
0.252372 -0.753393
0.255350 -0.753393
-0.149636 -0.754882
-0.146659 -0.754882
-0.137725 -0.754882
-0.128792 -0.754882
-0.081146 -0.754882
-0.078168 -0.754882
-0.075190 -0.754882
-0.072213 -0.754882
-0.045412 -0.754882
-0.042434 -0.754882
-0.008189 -0.754882
-0.005211 -0.754882
0.125814 -0.754882
0.128792 -0.754882
0.134747 -0.754882
0.137725 -0.754882
0.140703 -0.754882
0.173459 -0.754882
0.176437 -0.754882
0.179415 -0.754882
0.182393 -0.754882
0.185370 -0.754882
0.188348 -0.754882
0.191326 -0.754882
0.222593 -0.754882
0.225571 -0.754882
0.230038 -0.754882
0.233016 -0.754882
0.252372 -0.754882
0.255350 -0.754882
-0.151125 -0.756371
-0.148148 -0.756371
-0.139214 -0.756371
-0.082635 -0.756371
-0.079657 -0.756371
-0.076679 -0.756371
-0.046901 -0.756371
-0.043923 -0.756371
-0.036479 -0.756371
-0.006700 -0.756371
0.124325 -0.756371
0.127303 -0.756371
0.130280 -0.756371
0.136236 -0.756371
0.139214 -0.756371
0.142192 -0.756371
0.174948 -0.756371
0.177926 -0.756371
0.180904 -0.756371
0.183882 -0.756371
0.186859 -0.756371
0.219616 -0.756371
0.222593 -0.756371
0.225571 -0.756371
0.231527 -0.756371
0.250883 -0.756371
0.253861 -0.756371
0.256839 -0.756371
-0.151125 -0.757860
-0.148148 -0.757860
-0.082635 -0.757860
-0.079657 -0.757860
-0.076679 -0.757860
-0.046901 -0.757860
-0.037967 -0.757860
-0.006700 -0.757860
0.124325 -0.757860
0.127303 -0.757860
0.130280 -0.757860
0.137725 -0.757860
0.140703 -0.757860
0.143681 -0.757860
0.177926 -0.757860
0.180904 -0.757860
0.219616 -0.757860
0.222593 -0.757860
0.228549 -0.757860
0.250883 -0.757860
0.253861 -0.757860
0.256839 -0.757860
-0.151125 -0.759349
-0.128792 -0.759349
-0.082635 -0.759349
-0.079657 -0.759349
-0.052857 -0.759349
-0.045412 -0.759349
-0.008189 -0.759349
-0.005211 -0.759349
0.125814 -0.759349
0.130280 -0.759349
0.136236 -0.759349
0.140703 -0.759349
0.143681 -0.759349
0.177926 -0.759349
0.218127 -0.759349
0.221105 -0.759349
0.227060 -0.759349
0.246416 -0.759349
0.252372 -0.759349
0.255350 -0.759349
-0.152614 -0.760838
-0.149636 -0.760838
-0.082635 -0.760838
-0.079657 -0.760838
-0.046901 -0.760838
-0.037967 -0.760838
-0.006700 -0.760838
0.122836 -0.760838
0.125814 -0.760838
0.130280 -0.760838
0.136236 -0.760838
0.142192 -0.760838
0.145170 -0.760838
0.177926 -0.760838
0.216638 -0.760838
0.219616 -0.760838
0.225571 -0.760838
0.246416 -0.760838
0.250883 -0.760838
0.253861 -0.760838
-0.154103 -0.762327
-0.151125 -0.762327
-0.125814 -0.762327
-0.076679 -0.762327
-0.054346 -0.762327
-0.008189 -0.762327
-0.005211 -0.762327
0.124325 -0.762327
0.127303 -0.762327
0.131769 -0.762327
0.143681 -0.762327
0.146659 -0.762327
0.177926 -0.762327
0.216638 -0.762327
0.219616 -0.762327
0.235994 -0.762327
0.249394 -0.762327
0.252372 -0.762327
0.255350 -0.762327
-0.152614 -0.763816
-0.127303 -0.763816
-0.124325 -0.763816
-0.075190 -0.763816
-0.055834 -0.763816
-0.045412 -0.763816
-0.008189 -0.763816
-0.005211 -0.763816
0.124325 -0.763816
0.130280 -0.763816
0.133258 -0.763816
0.145170 -0.763816
0.148148 -0.763816
0.215149 -0.763816
0.221105 -0.763816
0.234505 -0.763816
0.246416 -0.763816
0.250883 -0.763816
0.253861 -0.763816
-0.154103 -0.765305
-0.151125 -0.765305
-0.124325 -0.765305
-0.070724 -0.765305
-0.067746 -0.765305
-0.045412 -0.765305
-0.008189 -0.765305
-0.005211 -0.765305
0.124325 -0.765305
0.130280 -0.765305
0.133258 -0.765305
0.146659 -0.765305
0.149636 -0.765305
0.215149 -0.765305
0.244927 -0.765305
0.249394 -0.765305
0.252372 -0.765305
0.255350 -0.765305
-0.152614 -0.766794
-0.146659 -0.766794
-0.143681 -0.766794
-0.140703 -0.766794
-0.137725 -0.766794
-0.134747 -0.766794
-0.131769 -0.766794
-0.128792 -0.766794
-0.125814 -0.766794
-0.122836 -0.766794
-0.069235 -0.766794
-0.066257 -0.766794
-0.045412 -0.766794
-0.011167 -0.766794
-0.008189 -0.766794
-0.005211 -0.766794
0.124325 -0.766794
0.131769 -0.766794
0.134747 -0.766794
0.149636 -0.766794
0.212171 -0.766794
0.218127 -0.766794
0.231527 -0.766794
0.246416 -0.766794
0.249394 -0.766794
0.252372 -0.766794
-0.154103 -0.768283
-0.151125 -0.768283
-0.145170 -0.768283
-0.142192 -0.768283
-0.139214 -0.768283
-0.136236 -0.768283
-0.133258 -0.768283
-0.130280 -0.768283
-0.127303 -0.768283
-0.124325 -0.768283
-0.121347 -0.768283
-0.118369 -0.768283
-0.115391 -0.768283
-0.066257 -0.768283
-0.063279 -0.768283
-0.060301 -0.768283
-0.043923 -0.768283
-0.011167 -0.768283
-0.008189 -0.768283
-0.005211 -0.768283
0.124325 -0.768283
0.128792 -0.768283
0.134747 -0.768283
0.151125 -0.768283
0.154103 -0.768283
0.210682 -0.768283
0.216638 -0.768283
0.246416 -0.768283
0.249394 -0.768283
0.252372 -0.768283
-0.154103 -0.769771
-0.151125 -0.769771
-0.148148 -0.769771
-0.145170 -0.769771
-0.142192 -0.769771
-0.139214 -0.769771
-0.136236 -0.769771
-0.133258 -0.769771
-0.130280 -0.769771
-0.127303 -0.769771
-0.124325 -0.769771
-0.121347 -0.769771
-0.118369 -0.769771
-0.115391 -0.769771
-0.112413 -0.769771
-0.109436 -0.769771
-0.106458 -0.769771
-0.060301 -0.769771
-0.057323 -0.769771
-0.042434 -0.769771
-0.011167 -0.769771
-0.008189 -0.769771
-0.005211 -0.769771
0.122836 -0.769771
0.125814 -0.769771
0.133258 -0.769771
0.151125 -0.769771
0.154103 -0.769771
0.207704 -0.769771
0.210682 -0.769771
0.215149 -0.769771
0.246416 -0.769771
0.249394 -0.769771
0.252372 -0.769771
-0.154103 -0.771260
-0.151125 -0.771260
-0.146659 -0.771260
-0.143681 -0.771260
-0.140703 -0.771260
-0.137725 -0.771260
-0.134747 -0.771260
-0.131769 -0.771260
-0.128792 -0.771260
-0.125814 -0.771260
-0.122836 -0.771260
-0.119858 -0.771260
-0.116880 -0.771260
-0.113902 -0.771260
-0.110925 -0.771260
-0.107947 -0.771260
-0.104969 -0.771260
-0.101991 -0.771260
-0.057323 -0.771260
-0.054346 -0.771260
-0.051368 -0.771260
-0.040945 -0.771260
-0.012656 -0.771260
-0.009678 -0.771260
-0.006700 -0.771260
0.122836 -0.771260
0.134747 -0.771260
0.152614 -0.771260
0.155592 -0.771260
0.206215 -0.771260
0.212171 -0.771260
0.244927 -0.771260
0.247905 -0.771260
0.250883 -0.771260
0.253861 -0.771260
-0.151125 -0.772749
-0.146659 -0.772749
-0.143681 -0.772749
-0.140703 -0.772749
-0.137725 -0.772749
-0.134747 -0.772749
-0.131769 -0.772749
-0.128792 -0.772749
-0.125814 -0.772749
-0.122836 -0.772749
-0.119858 -0.772749
-0.116880 -0.772749
-0.113902 -0.772749
-0.110925 -0.772749
-0.107947 -0.772749
-0.104969 -0.772749
-0.101991 -0.772749
-0.099013 -0.772749
-0.096035 -0.772749
-0.093057 -0.772749
-0.051368 -0.772749
-0.048390 -0.772749
-0.045412 -0.772749
-0.042434 -0.772749
-0.039456 -0.772749
-0.014145 -0.772749
-0.011167 -0.772749
-0.008189 -0.772749
0.121347 -0.772749
0.124325 -0.772749
0.136236 -0.772749
0.155592 -0.772749
0.158570 -0.772749
0.206215 -0.772749
0.212171 -0.772749
0.246416 -0.772749
0.249394 -0.772749
0.252372 -0.772749
-0.151125 -0.774238
-0.148148 -0.774238
-0.145170 -0.774238
-0.142192 -0.774238
-0.139214 -0.774238
-0.136236 -0.774238
-0.133258 -0.774238
-0.130280 -0.774238
-0.127303 -0.774238
-0.124325 -0.774238
-0.121347 -0.774238
-0.118369 -0.774238
-0.115391 -0.774238
-0.112413 -0.774238
-0.109436 -0.774238
-0.106458 -0.774238
-0.103480 -0.774238
-0.100502 -0.774238
-0.097524 -0.774238
-0.094546 -0.774238
-0.091569 -0.774238
-0.088591 -0.774238
-0.048390 -0.774238
-0.045412 -0.774238
-0.042434 -0.774238
-0.039456 -0.774238
-0.036479 -0.774238
-0.012656 -0.774238
-0.009678 -0.774238
0.121347 -0.774238
0.124325 -0.774238
0.136236 -0.774238
0.155592 -0.774238
0.158570 -0.774238
0.161548 -0.774238
0.206215 -0.774238
0.244927 -0.774238
0.247905 -0.774238
0.250883 -0.774238
-0.151125 -0.775727
-0.148148 -0.775727
-0.145170 -0.775727
-0.142192 -0.775727
-0.139214 -0.775727
-0.136236 -0.775727
-0.133258 -0.775727
-0.130280 -0.775727
-0.127303 -0.775727
-0.124325 -0.775727
-0.121347 -0.775727
-0.116880 -0.775727
-0.113902 -0.775727
-0.110925 -0.775727
-0.107947 -0.775727
-0.104969 -0.775727
-0.101991 -0.775727
-0.099013 -0.775727
-0.096035 -0.775727
-0.093057 -0.775727
-0.090080 -0.775727
-0.087102 -0.775727
-0.084124 -0.775727
-0.081146 -0.775727
-0.034990 -0.775727
-0.012656 -0.775727
-0.009678 -0.775727
0.122836 -0.775727
0.136236 -0.775727
0.157081 -0.775727
0.160059 -0.775727
0.163037 -0.775727
0.203238 -0.775727
0.244927 -0.775727
0.247905 -0.775727
0.250883 -0.775727
-0.151125 -0.777216
-0.148148 -0.777216
-0.142192 -0.777216
-0.139214 -0.777216
-0.136236 -0.777216
-0.133258 -0.777216
-0.130280 -0.777216
-0.116880 -0.777216
-0.113902 -0.777216
-0.110925 -0.777216
-0.107947 -0.777216
-0.104969 -0.777216
-0.101991 -0.777216
-0.099013 -0.777216
-0.096035 -0.777216
-0.093057 -0.777216
-0.090080 -0.777216
-0.087102 -0.777216
-0.084124 -0.777216
-0.081146 -0.777216
-0.078168 -0.777216
-0.075190 -0.777216
-0.033501 -0.777216
-0.014145 -0.777216
-0.011167 -0.777216
0.121347 -0.777216
0.124325 -0.777216
0.137725 -0.777216
0.158570 -0.777216
0.161548 -0.777216
0.164526 -0.777216
0.203238 -0.777216
0.206215 -0.777216
0.246416 -0.777216
0.249394 -0.777216
0.252372 -0.777216
-0.148148 -0.778705
-0.145170 -0.778705
-0.134747 -0.778705
-0.131769 -0.778705
-0.128792 -0.778705
-0.125814 -0.778705
-0.113902 -0.778705
-0.110925 -0.778705
-0.107947 -0.778705
-0.104969 -0.778705
-0.101991 -0.778705
-0.099013 -0.778705
-0.096035 -0.778705
-0.093057 -0.778705
-0.090080 -0.778705
-0.087102 -0.778705
-0.084124 -0.778705
-0.081146 -0.778705
-0.078168 -0.778705
-0.075190 -0.778705
-0.072213 -0.778705
-0.069235 -0.778705
-0.015634 -0.778705
-0.012656 -0.778705
0.119858 -0.778705
0.122836 -0.778705
0.136236 -0.778705
0.139214 -0.778705
0.160059 -0.778705
0.163037 -0.778705
0.166015 -0.778705
0.244927 -0.778705
0.247905 -0.778705
0.250883 -0.778705
-0.149636 -0.780194
-0.146659 -0.780194
-0.133258 -0.780194
-0.130280 -0.780194
-0.127303 -0.780194
-0.124325 -0.780194
-0.121347 -0.780194
-0.118369 -0.780194
-0.115391 -0.780194
-0.112413 -0.780194
-0.109436 -0.780194
-0.106458 -0.780194
-0.096035 -0.780194
-0.093057 -0.780194
-0.090080 -0.780194
-0.087102 -0.780194
-0.084124 -0.780194
-0.081146 -0.780194
-0.078168 -0.780194
-0.075190 -0.780194
-0.072213 -0.780194
-0.069235 -0.780194
-0.066257 -0.780194
-0.063279 -0.780194
-0.017123 -0.780194
-0.014145 -0.780194
-0.011167 -0.780194
0.121347 -0.780194
0.134747 -0.780194
0.139214 -0.780194
0.161548 -0.780194
0.164526 -0.780194
0.167503 -0.780194
0.221105 -0.780194
0.246416 -0.780194
0.249394 -0.780194
-0.148148 -0.781683
-0.145170 -0.781683
-0.142192 -0.781683
-0.127303 -0.781683
-0.124325 -0.781683
-0.121347 -0.781683
-0.118369 -0.781683
-0.115391 -0.781683
-0.112413 -0.781683
-0.109436 -0.781683
-0.106458 -0.781683
-0.103480 -0.781683
-0.100502 -0.781683
-0.090080 -0.781683
-0.087102 -0.781683
-0.084124 -0.781683
-0.081146 -0.781683
-0.078168 -0.781683
-0.075190 -0.781683
-0.072213 -0.781683
-0.069235 -0.781683
-0.066257 -0.781683
-0.063279 -0.781683
-0.060301 -0.781683
-0.017123 -0.781683
-0.014145 -0.781683
0.119858 -0.781683
0.122836 -0.781683
0.139214 -0.781683
0.164526 -0.781683
0.167503 -0.781683
0.222593 -0.781683
0.244927 -0.781683
0.247905 -0.781683
0.250883 -0.781683
-0.145170 -0.783172
-0.142192 -0.783172
-0.122836 -0.783172
-0.119858 -0.783172
-0.116880 -0.783172
-0.110925 -0.783172
-0.104969 -0.783172
-0.101991 -0.783172
-0.099013 -0.783172
-0.096035 -0.783172
-0.081146 -0.783172
-0.078168 -0.783172
-0.073702 -0.783172
-0.070724 -0.783172
-0.067746 -0.783172
-0.064768 -0.783172
-0.061790 -0.783172
-0.058812 -0.783172
-0.055834 -0.783172
-0.052857 -0.783172
-0.020100 -0.783172
-0.017123 -0.783172
-0.014145 -0.783172
0.121347 -0.783172
0.139214 -0.783172
0.164526 -0.783172
0.167503 -0.783172
0.170481 -0.783172
0.224082 -0.783172
0.246416 -0.783172
0.249394 -0.783172
-0.145170 -0.784661
-0.142192 -0.784661
-0.139214 -0.784661
-0.131769 -0.784661
-0.100502 -0.784661
-0.097524 -0.784661
-0.094546 -0.784661
-0.091569 -0.784661
-0.079657 -0.784661
-0.076679 -0.784661
-0.066257 -0.784661
-0.063279 -0.784661
-0.060301 -0.784661
-0.057323 -0.784661
-0.054346 -0.784661
-0.051368 -0.784661
-0.020100 -0.784661
-0.017123 -0.784661
-0.014145 -0.784661
0.121347 -0.784661
0.139214 -0.784661
0.166015 -0.784661
0.168992 -0.784661
0.171970 -0.784661
0.243438 -0.784661
0.247905 -0.784661
0.250883 -0.784661
-0.142192 -0.786150
-0.139214 -0.786150
-0.136236 -0.786150
-0.133258 -0.786150
-0.130280 -0.786150
-0.112413 -0.786150
-0.096035 -0.786150
-0.093057 -0.786150
-0.090080 -0.786150
-0.076679 -0.786150
-0.073702 -0.786150
-0.061790 -0.786150
-0.058812 -0.786150
-0.055834 -0.786150
-0.052857 -0.786150
-0.049879 -0.786150
-0.046901 -0.786150
-0.030523 -0.786150
-0.018611 -0.786150
-0.015634 -0.786150
0.121347 -0.786150
0.140703 -0.786150
0.170481 -0.786150
0.225571 -0.786150
0.246416 -0.786150
0.249394 -0.786150
-0.142192 -0.787639
-0.139214 -0.787639
-0.136236 -0.787639
-0.133258 -0.787639
-0.130280 -0.787639
-0.127303 -0.787639
-0.112413 -0.787639
-0.091569 -0.787639
-0.088591 -0.787639
-0.085613 -0.787639
-0.082635 -0.787639
-0.072213 -0.787639
-0.069235 -0.787639
-0.057323 -0.787639
-0.054346 -0.787639
-0.051368 -0.787639
-0.048390 -0.787639
-0.045412 -0.787639
-0.030523 -0.787639
-0.020100 -0.787639
-0.017123 -0.787639
0.119858 -0.787639
0.140703 -0.787639
0.180904 -0.787639
0.228549 -0.787639
0.246416 -0.787639
0.249394 -0.787639
-0.140703 -0.789127
-0.137725 -0.789127
-0.134747 -0.789127
-0.131769 -0.789127
-0.128792 -0.789127
-0.113902 -0.789127
-0.085613 -0.789127
-0.082635 -0.789127
-0.079657 -0.789127
-0.055834 -0.789127
-0.052857 -0.789127
-0.049879 -0.789127
-0.046901 -0.789127
-0.043923 -0.789127
-0.040945 -0.789127
-0.021589 -0.789127
-0.018611 -0.789127
0.118369 -0.789127
0.121347 -0.789127
0.166015 -0.789127
0.180904 -0.789127
0.230038 -0.789127
0.243438 -0.789127
0.247905 -0.789127
0.250883 -0.789127
-0.140703 -0.790616
-0.137725 -0.790616
-0.134747 -0.790616
-0.131769 -0.790616
-0.128792 -0.790616
-0.081146 -0.790616
-0.078168 -0.790616
-0.075190 -0.790616
-0.072213 -0.790616
-0.052857 -0.790616
-0.049879 -0.790616
-0.046901 -0.790616
-0.043923 -0.790616
-0.040945 -0.790616
-0.030523 -0.790616
-0.024567 -0.790616
-0.021589 -0.790616
-0.018611 -0.790616
0.119858 -0.790616
0.140703 -0.790616
0.163037 -0.790616
0.231527 -0.790616
0.243438 -0.790616
0.246416 -0.790616
0.249394 -0.790616
0.252372 -0.790616
-0.139214 -0.792105
-0.136236 -0.792105
-0.133258 -0.792105
-0.130280 -0.792105
-0.113902 -0.792105
-0.073702 -0.792105
-0.070724 -0.792105
-0.067746 -0.792105
-0.064768 -0.792105
-0.042434 -0.792105
-0.039456 -0.792105
-0.029034 -0.792105
-0.024567 -0.792105
-0.021589 -0.792105
-0.018611 -0.792105
0.119858 -0.792105
0.142192 -0.792105
0.158570 -0.792105
0.180904 -0.792105
0.234505 -0.792105
0.241949 -0.792105
0.246416 -0.792105
0.249394 -0.792105
0.252372 -0.792105
-0.139214 -0.793594
-0.136236 -0.793594
-0.133258 -0.793594
-0.130280 -0.793594
-0.066257 -0.793594
-0.063279 -0.793594
-0.060301 -0.793594
-0.032012 -0.793594
-0.029034 -0.793594
-0.026056 -0.793594
-0.023078 -0.793594
-0.020100 -0.793594
-0.017123 -0.793594
0.119858 -0.793594
0.142192 -0.793594
0.155592 -0.793594
0.182393 -0.793594
0.237483 -0.793594
0.241949 -0.793594
0.246416 -0.793594
0.250883 -0.793594
0.253861 -0.793594
-0.139214 -0.795083
-0.134747 -0.795083
-0.131769 -0.795083
-0.060301 -0.795083
-0.057323 -0.795083
-0.054346 -0.795083
-0.051368 -0.795083
-0.032012 -0.795083
-0.029034 -0.795083
-0.024567 -0.795083
-0.021589 -0.795083
-0.018611 -0.795083
0.118369 -0.795083
0.149636 -0.795083
0.152614 -0.795083
0.182393 -0.795083
0.240461 -0.795083
0.243438 -0.795083
0.246416 -0.795083
0.250883 -0.795083
0.253861 -0.795083
-0.139214 -0.796572
-0.134747 -0.796572
-0.115391 -0.796572
-0.033501 -0.796572
-0.030523 -0.796572
-0.027545 -0.796572
-0.024567 -0.796572
-0.021589 -0.796572
-0.018611 -0.796572
0.116880 -0.796572
0.119858 -0.796572
0.148148 -0.796572
0.182393 -0.796572
0.243438 -0.796572
0.246416 -0.796572
0.252372 -0.796572
0.255350 -0.796572
-0.139214 -0.798061
-0.036479 -0.798061
-0.033501 -0.798061
-0.030523 -0.798061
-0.027545 -0.798061
-0.024567 -0.798061
-0.021589 -0.798061
-0.018611 -0.798061
0.116880 -0.798061
0.119858 -0.798061
0.146659 -0.798061
0.182393 -0.798061
0.243438 -0.798061
0.246416 -0.798061
0.252372 -0.798061
0.255350 -0.798061
-0.140703 -0.799550
-0.115391 -0.799550
-0.036479 -0.799550
-0.033501 -0.799550
-0.030523 -0.799550
-0.026056 -0.799550
-0.023078 -0.799550
-0.020100 -0.799550
-0.017123 -0.799550
0.118369 -0.799550
0.142192 -0.799550
0.182393 -0.799550
0.207704 -0.799550
0.247905 -0.799550
0.253861 -0.799550
0.256839 -0.799550
-0.140703 -0.801039
-0.115391 -0.801039
-0.037967 -0.801039
-0.034990 -0.801039
-0.032012 -0.801039
-0.027545 -0.801039
-0.024567 -0.801039
-0.021589 -0.801039
-0.018611 -0.801039
0.116880 -0.801039
0.119858 -0.801039
0.176437 -0.801039
0.179415 -0.801039
0.182393 -0.801039
0.185370 -0.801039
0.188348 -0.801039
0.191326 -0.801039
0.194304 -0.801039
0.197282 -0.801039
0.200260 -0.801039
0.203238 -0.801039
0.206215 -0.801039
0.209193 -0.801039
0.212171 -0.801039
0.227060 -0.801039
0.250883 -0.801039
0.255350 -0.801039
-0.142192 -0.802528
-0.139214 -0.802528
-0.042434 -0.802528
-0.039456 -0.802528
-0.036479 -0.802528
-0.033501 -0.802528
-0.029034 -0.802528
-0.026056 -0.802528
-0.021589 -0.802528
-0.018611 -0.802528
0.116880 -0.802528
0.168992 -0.802528
0.171970 -0.802528
0.174948 -0.802528
0.177926 -0.802528
0.180904 -0.802528
0.183882 -0.802528
0.186859 -0.802528
0.189837 -0.802528
0.192815 -0.802528
0.195793 -0.802528
0.198771 -0.802528
0.201749 -0.802528
0.204726 -0.802528
0.207704 -0.802528
0.210682 -0.802528
0.213660 -0.802528
0.216638 -0.802528
0.219616 -0.802528
0.222593 -0.802528
0.225571 -0.802528
0.228549 -0.802528
0.250883 -0.802528
0.253861 -0.802528
0.256839 -0.802528
-0.142192 -0.804017
-0.139214 -0.804017
-0.115391 -0.804017
-0.052857 -0.804017
-0.045412 -0.804017
-0.042434 -0.804017
-0.039456 -0.804017
-0.033501 -0.804017
-0.029034 -0.804017
-0.026056 -0.804017
-0.021589 -0.804017
-0.018611 -0.804017
0.115391 -0.804017
0.118369 -0.804017
0.157081 -0.804017
0.160059 -0.804017
0.163037 -0.804017
0.166015 -0.804017
0.168992 -0.804017
0.171970 -0.804017
0.174948 -0.804017
0.177926 -0.804017
0.180904 -0.804017
0.183882 -0.804017
0.186859 -0.804017
0.189837 -0.804017
0.192815 -0.804017
0.195793 -0.804017
0.198771 -0.804017
0.201749 -0.804017
0.204726 -0.804017
0.207704 -0.804017
0.210682 -0.804017
0.213660 -0.804017
0.216638 -0.804017
0.219616 -0.804017
0.222593 -0.804017
0.225571 -0.804017
0.228549 -0.804017
0.231527 -0.804017
0.252372 -0.804017
0.255350 -0.804017
0.258328 -0.804017
-0.140703 -0.805506
-0.116880 -0.805506
-0.055834 -0.805506
-0.052857 -0.805506
-0.049879 -0.805506
-0.046901 -0.805506
-0.043923 -0.805506
-0.040945 -0.805506
-0.037967 -0.805506
-0.034990 -0.805506
-0.030523 -0.805506
-0.027545 -0.805506
-0.024567 -0.805506
-0.020100 -0.805506
-0.017123 -0.805506
0.116880 -0.805506
0.125814 -0.805506
0.152614 -0.805506
0.155592 -0.805506
0.158570 -0.805506
0.161548 -0.805506
0.164526 -0.805506
0.167503 -0.805506
0.170481 -0.805506
0.173459 -0.805506
0.176437 -0.805506
0.179415 -0.805506
0.182393 -0.805506
0.185370 -0.805506
0.188348 -0.805506
0.191326 -0.805506
0.194304 -0.805506
0.197282 -0.805506
0.200260 -0.805506
0.203238 -0.805506
0.206215 -0.805506
0.209193 -0.805506
0.212171 -0.805506
0.215149 -0.805506
0.218127 -0.805506
0.221105 -0.805506
0.224082 -0.805506
0.227060 -0.805506
0.230038 -0.805506
0.233016 -0.805506
0.235994 -0.805506
0.255350 -0.805506
0.258328 -0.805506
-0.140703 -0.806994
-0.051368 -0.806994
-0.048390 -0.806994
-0.045412 -0.806994
-0.042434 -0.806994
-0.039456 -0.806994
-0.034990 -0.806994
-0.030523 -0.806994
-0.026056 -0.806994
-0.020100 -0.806994
-0.017123 -0.806994
0.116880 -0.806994
0.124325 -0.806994
0.149636 -0.806994
0.152614 -0.806994
0.155592 -0.806994
0.158570 -0.806994
0.161548 -0.806994
0.164526 -0.806994
0.167503 -0.806994
0.170481 -0.806994
0.173459 -0.806994
0.176437 -0.806994
0.179415 -0.806994
0.182393 -0.806994
0.186859 -0.806994
0.206215 -0.806994
0.209193 -0.806994
0.212171 -0.806994
0.218127 -0.806994
0.221105 -0.806994
0.224082 -0.806994
0.227060 -0.806994
0.230038 -0.806994
0.233016 -0.806994
0.235994 -0.806994
0.238972 -0.806994
0.256839 -0.806994
0.259816 -0.806994
-0.140703 -0.808483
-0.116880 -0.808483
-0.046901 -0.808483
-0.043923 -0.808483
-0.040945 -0.808483
-0.034990 -0.808483
-0.030523 -0.808483
-0.021589 -0.808483
-0.018611 -0.808483
0.115391 -0.808483
0.118369 -0.808483
0.145170 -0.808483
0.148148 -0.808483
0.151125 -0.808483
0.154103 -0.808483
0.157081 -0.808483
0.160059 -0.808483
0.163037 -0.808483
0.166015 -0.808483
0.168992 -0.808483
0.171970 -0.808483
0.174948 -0.808483
0.177926 -0.808483
0.180904 -0.808483
0.183882 -0.808483
0.186859 -0.808483
0.212171 -0.808483
0.215149 -0.808483
0.218127 -0.808483
0.224082 -0.808483
0.227060 -0.808483
0.230038 -0.808483
0.233016 -0.808483
0.235994 -0.808483
0.238972 -0.808483
0.256839 -0.808483
0.259816 -0.808483
-0.140703 -0.809972
-0.116880 -0.809972
-0.045412 -0.809972
-0.036479 -0.809972
-0.032012 -0.809972
-0.021589 -0.809972
-0.018611 -0.809972
0.115391 -0.809972
0.118369 -0.809972
0.122836 -0.809972
0.143681 -0.809972
0.146659 -0.809972
0.149636 -0.809972
0.152614 -0.809972
0.155592 -0.809972
0.158570 -0.809972
0.161548 -0.809972
0.164526 -0.809972
0.167503 -0.809972
0.170481 -0.809972
0.173459 -0.809972
0.176437 -0.809972
0.179415 -0.809972
0.182393 -0.809972
0.186859 -0.809972
0.218127 -0.809972
0.221105 -0.809972
0.225571 -0.809972
0.228549 -0.809972
0.231527 -0.809972
0.234505 -0.809972
0.237483 -0.809972
0.240461 -0.809972
0.256839 -0.809972
0.259816 -0.809972
-0.143681 -0.811461
-0.140703 -0.811461
-0.116880 -0.811461
-0.048390 -0.811461
-0.037967 -0.811461
-0.033501 -0.811461
-0.021589 -0.811461
-0.018611 -0.811461
0.113902 -0.811461
0.116880 -0.811461
0.139214 -0.811461
0.142192 -0.811461
0.145170 -0.811461
0.148148 -0.811461
0.151125 -0.811461
0.154103 -0.811461
0.157081 -0.811461
0.160059 -0.811461
0.163037 -0.811461
0.166015 -0.811461
0.168992 -0.811461
0.171970 -0.811461
0.174948 -0.811461
0.177926 -0.811461
0.180904 -0.811461
0.222593 -0.811461
0.225571 -0.811461
0.228549 -0.811461
0.231527 -0.811461
0.234505 -0.811461
0.237483 -0.811461
0.240461 -0.811461
0.259816 -0.811461
-0.143681 -0.812950
-0.140703 -0.812950
-0.116880 -0.812950
-0.039456 -0.812950
-0.034990 -0.812950
-0.032012 -0.812950
-0.020100 -0.812950
-0.017123 -0.812950
0.115391 -0.812950
0.118369 -0.812950
0.121347 -0.812950
0.139214 -0.812950
0.142192 -0.812950
0.145170 -0.812950
0.148148 -0.812950
0.151125 -0.812950
0.154103 -0.812950
0.157081 -0.812950
0.160059 -0.812950
0.163037 -0.812950
0.170481 -0.812950
0.177926 -0.812950
0.180904 -0.812950
0.233016 -0.812950
0.235994 -0.812950
0.240461 -0.812950
0.259816 -0.812950
-0.143681 -0.814439
-0.140703 -0.814439
-0.118369 -0.814439
-0.039456 -0.814439
-0.034990 -0.814439
-0.021589 -0.814439
-0.018611 -0.814439
0.113902 -0.814439
0.116880 -0.814439
0.119858 -0.814439
0.136236 -0.814439
0.142192 -0.814439
0.145170 -0.814439
0.148148 -0.814439
0.151125 -0.814439
0.154103 -0.814439
0.157081 -0.814439
0.167503 -0.814439
0.177926 -0.814439
0.180904 -0.814439
0.185370 -0.814439
0.234505 -0.814439
0.240461 -0.814439
0.243438 -0.814439
0.259816 -0.814439
-0.143681 -0.815928
-0.140703 -0.815928
-0.118369 -0.815928
-0.039456 -0.815928
-0.036479 -0.815928
-0.033501 -0.815928
-0.020100 -0.815928
-0.017123 -0.815928
0.115391 -0.815928
0.118369 -0.815928
0.134747 -0.815928
0.140703 -0.815928
0.143681 -0.815928
0.146659 -0.815928
0.149636 -0.815928
0.152614 -0.815928
0.155592 -0.815928
0.176437 -0.815928
0.180904 -0.815928
0.185370 -0.815928
0.225571 -0.815928
0.243438 -0.815928
0.259816 -0.815928
-0.143681 -0.817417
-0.140703 -0.817417
-0.118369 -0.817417
-0.046901 -0.817417
-0.037967 -0.817417
-0.034990 -0.817417
-0.020100 -0.817417
-0.017123 -0.817417
0.115391 -0.817417
0.118369 -0.817417
0.133258 -0.817417
0.137725 -0.817417
0.142192 -0.817417
0.145170 -0.817417
0.148148 -0.817417
0.174948 -0.817417
0.180904 -0.817417
0.186859 -0.817417
0.224082 -0.817417
0.247905 -0.817417
0.261305 -0.817417
-0.143681 -0.818906
-0.140703 -0.818906
-0.118369 -0.818906
-0.039456 -0.818906
-0.036479 -0.818906
-0.020100 -0.818906
-0.017123 -0.818906
0.115391 -0.818906
0.130280 -0.818906
0.133258 -0.818906
0.136236 -0.818906
0.142192 -0.818906
0.145170 -0.818906
0.171970 -0.818906
0.179415 -0.818906
0.182393 -0.818906
0.186859 -0.818906
0.218127 -0.818906
0.247905 -0.818906
0.261305 -0.818906
-0.143681 -0.820395
-0.140703 -0.820395
-0.040945 -0.820395
-0.037967 -0.820395
-0.021589 -0.820395
-0.018611 -0.820395
0.113902 -0.820395
0.116880 -0.820395
0.131769 -0.820395
0.139214 -0.820395
0.142192 -0.820395
0.177926 -0.820395
0.180904 -0.820395
0.186859 -0.820395
0.210682 -0.820395
0.213660 -0.820395
0.259816 -0.820395
0.262794 -0.820395
-0.142192 -0.821884
-0.121347 -0.821884
-0.057323 -0.821884
-0.040945 -0.821884
-0.037967 -0.821884
-0.020100 -0.821884
-0.017123 -0.821884
0.115391 -0.821884
0.121347 -0.821884
0.139214 -0.821884
0.174948 -0.821884
0.177926 -0.821884
0.180904 -0.821884
0.188348 -0.821884
0.191326 -0.821884
0.194304 -0.821884
0.200260 -0.821884
0.203238 -0.821884
0.206215 -0.821884
0.209193 -0.821884
0.212171 -0.821884
0.261305 -0.821884
-0.145170 -0.823373
-0.142192 -0.823373
-0.121347 -0.823373
-0.058812 -0.823373
-0.040945 -0.823373
-0.037967 -0.823373
-0.021589 -0.823373
-0.018611 -0.823373
0.113902 -0.823373
0.116880 -0.823373
0.134747 -0.823373
0.171970 -0.823373
0.174948 -0.823373
0.177926 -0.823373
0.180904 -0.823373
0.192815 -0.823373
0.195793 -0.823373
0.198771 -0.823373
0.201749 -0.823373
0.204726 -0.823373
0.207704 -0.823373
0.210682 -0.823373
0.213660 -0.823373
0.216638 -0.823373
0.219616 -0.823373
0.222593 -0.823373
0.225571 -0.823373
0.259816 -0.823373
0.262794 -0.823373
-0.143681 -0.824861
-0.140703 -0.824861
-0.119858 -0.824861
-0.043923 -0.824861
-0.040945 -0.824861
-0.037967 -0.824861
-0.030523 -0.824861
-0.020100 -0.824861
-0.017123 -0.824861
0.115391 -0.824861
0.121347 -0.824861
0.170481 -0.824861
0.173459 -0.824861
0.176437 -0.824861
0.179415 -0.824861
0.201749 -0.824861
0.204726 -0.824861
0.207704 -0.824861
0.213660 -0.824861
0.216638 -0.824861
0.259816 -0.824861
0.262794 -0.824861
-0.143681 -0.826350
-0.121347 -0.826350
-0.043923 -0.826350
-0.040945 -0.826350
-0.036479 -0.826350
-0.021589 -0.826350
-0.018611 -0.826350
0.113902 -0.826350
0.116880 -0.826350
0.164526 -0.826350
0.167503 -0.826350
0.170481 -0.826350
0.173459 -0.826350
0.176437 -0.826350
0.258328 -0.826350
0.261305 -0.826350
-0.145170 -0.827839
-0.142192 -0.827839
-0.121347 -0.827839
-0.043923 -0.827839
-0.040945 -0.827839
-0.036479 -0.827839
-0.021589 -0.827839
-0.018611 -0.827839
0.115391 -0.827839
0.118369 -0.827839
0.152614 -0.827839
0.155592 -0.827839
0.158570 -0.827839
0.161548 -0.827839
0.164526 -0.827839
0.167503 -0.827839
0.171970 -0.827839
0.250883 -0.827839
0.255350 -0.827839
0.259816 -0.827839
-0.145170 -0.829328
-0.142192 -0.829328
-0.121347 -0.829328
-0.045412 -0.829328
-0.042434 -0.829328
-0.037967 -0.829328
-0.023078 -0.829328
-0.020100 -0.829328
-0.017123 -0.829328
0.116880 -0.829328
0.149636 -0.829328
0.152614 -0.829328
0.155592 -0.829328
0.158570 -0.829328
0.161548 -0.829328
0.249394 -0.829328
0.252372 -0.829328
0.255350 -0.829328
0.259816 -0.829328
-0.145170 -0.830817
-0.142192 -0.830817
-0.052857 -0.830817
-0.043923 -0.830817
-0.040945 -0.830817
-0.037967 -0.830817
-0.026056 -0.830817
-0.020100 -0.830817
-0.017123 -0.830817
0.116880 -0.830817
0.119858 -0.830817
0.142192 -0.830817
0.151125 -0.830817
0.249394 -0.830817
0.252372 -0.830817
0.256839 -0.830817
0.259816 -0.830817
-0.145170 -0.832306
-0.142192 -0.832306
-0.054346 -0.832306
-0.045412 -0.832306
-0.042434 -0.832306
-0.039456 -0.832306
-0.029034 -0.832306
-0.026056 -0.832306
-0.021589 -0.832306
-0.018611 -0.832306
0.115391 -0.832306
0.118369 -0.832306
0.121347 -0.832306
0.246416 -0.832306
0.249394 -0.832306
0.252372 -0.832306
0.255350 -0.832306
0.258328 -0.832306
0.261305 -0.832306
-0.145170 -0.833795
-0.131769 -0.833795
-0.124325 -0.833795
-0.121347 -0.833795
-0.055834 -0.833795
-0.046901 -0.833795
-0.043923 -0.833795
-0.040945 -0.833795
-0.034990 -0.833795
-0.032012 -0.833795
-0.029034 -0.833795
-0.023078 -0.833795
-0.020100 -0.833795
0.116880 -0.833795
0.119858 -0.833795
0.185370 -0.833795
0.244927 -0.833795
0.247905 -0.833795
0.250883 -0.833795
0.253861 -0.833795
0.256839 -0.833795
0.259816 -0.833795
-0.145170 -0.835284
-0.142192 -0.835284
-0.139214 -0.835284
-0.136236 -0.835284
-0.133258 -0.835284
-0.130280 -0.835284
-0.127303 -0.835284
-0.124325 -0.835284
-0.121347 -0.835284
-0.118369 -0.835284
-0.115391 -0.835284
-0.112413 -0.835284
-0.046901 -0.835284
-0.043923 -0.835284
-0.040945 -0.835284
-0.036479 -0.835284
-0.033501 -0.835284
-0.030523 -0.835284
-0.024567 -0.835284
-0.021589 -0.835284
-0.018611 -0.835284
0.118369 -0.835284
0.121347 -0.835284
0.185370 -0.835284
0.241949 -0.835284
0.244927 -0.835284
0.247905 -0.835284
0.250883 -0.835284
0.253861 -0.835284
0.256839 -0.835284
0.259816 -0.835284
-0.145170 -0.836773
-0.142192 -0.836773
-0.139214 -0.836773
-0.136236 -0.836773
-0.133258 -0.836773
-0.130280 -0.836773
-0.127303 -0.836773
-0.124325 -0.836773
-0.121347 -0.836773
-0.118369 -0.836773
-0.115391 -0.836773
-0.112413 -0.836773
-0.109436 -0.836773
-0.106458 -0.836773
-0.060301 -0.836773
-0.046901 -0.836773
-0.043923 -0.836773
-0.040945 -0.836773
-0.037967 -0.836773
-0.034990 -0.836773
-0.029034 -0.836773
-0.026056 -0.836773
-0.023078 -0.836773
-0.020100 -0.836773
0.118369 -0.836773
0.121347 -0.836773
0.124325 -0.836773
0.185370 -0.836773
0.225571 -0.836773
0.240461 -0.836773
0.243438 -0.836773
0.246416 -0.836773
0.249394 -0.836773
0.252372 -0.836773
0.255350 -0.836773
0.258328 -0.836773
-0.146659 -0.838262
-0.143681 -0.838262
-0.140703 -0.838262
-0.137725 -0.838262
-0.134747 -0.838262
-0.131769 -0.838262
-0.128792 -0.838262
-0.125814 -0.838262
-0.122836 -0.838262
-0.119858 -0.838262
-0.116880 -0.838262
-0.113902 -0.838262
-0.110925 -0.838262
-0.107947 -0.838262
-0.104969 -0.838262
-0.101991 -0.838262
-0.099013 -0.838262
-0.057323 -0.838262
-0.046901 -0.838262
-0.043923 -0.838262
-0.040945 -0.838262
-0.032012 -0.838262
-0.029034 -0.838262
-0.026056 -0.838262
-0.023078 -0.838262
-0.020100 -0.838262
-0.017123 -0.838262
0.119858 -0.838262
0.122836 -0.838262
0.125814 -0.838262
0.221105 -0.838262
0.224082 -0.838262
0.238972 -0.838262
0.241949 -0.838262
0.244927 -0.838262
0.250883 -0.838262
0.255350 -0.838262
0.258328 -0.838262
-0.145170 -0.839751
-0.142192 -0.839751
-0.139214 -0.839751
-0.136236 -0.839751
-0.133258 -0.839751
-0.130280 -0.839751
-0.127303 -0.839751
-0.124325 -0.839751
-0.121347 -0.839751
-0.118369 -0.839751
-0.115391 -0.839751
-0.112413 -0.839751
-0.109436 -0.839751
-0.106458 -0.839751
-0.103480 -0.839751
-0.100502 -0.839751
-0.097524 -0.839751
-0.094546 -0.839751
-0.091569 -0.839751
-0.066257 -0.839751
-0.057323 -0.839751
-0.048390 -0.839751
-0.045412 -0.839751
-0.042434 -0.839751
-0.034990 -0.839751
-0.032012 -0.839751
-0.029034 -0.839751
-0.026056 -0.839751
-0.023078 -0.839751
-0.020100 -0.839751
-0.017123 -0.839751
0.121347 -0.839751
0.124325 -0.839751
0.127303 -0.839751
0.185370 -0.839751
0.221105 -0.839751
0.235994 -0.839751
0.238972 -0.839751
0.243438 -0.839751
0.249394 -0.839751
0.256839 -0.839751
-0.146659 -0.841240
-0.143681 -0.841240
-0.140703 -0.841240
-0.137725 -0.841240
-0.134747 -0.841240
-0.131769 -0.841240
-0.128792 -0.841240
-0.125814 -0.841240
-0.122836 -0.841240
-0.119858 -0.841240
-0.116880 -0.841240
-0.113902 -0.841240
-0.110925 -0.841240
-0.107947 -0.841240
-0.104969 -0.841240
-0.101991 -0.841240
-0.099013 -0.841240
-0.096035 -0.841240
-0.093057 -0.841240
-0.090080 -0.841240
-0.087102 -0.841240
-0.069235 -0.841240
-0.058812 -0.841240
-0.055834 -0.841240
-0.052857 -0.841240
-0.049879 -0.841240
-0.046901 -0.841240
-0.043923 -0.841240
-0.036479 -0.841240
-0.033501 -0.841240
-0.030523 -0.841240
-0.027545 -0.841240
-0.024567 -0.841240
-0.018611 -0.841240
0.119858 -0.841240
0.122836 -0.841240
0.125814 -0.841240
0.128792 -0.841240
0.185370 -0.841240
0.218127 -0.841240
0.221105 -0.841240
0.237483 -0.841240
0.240461 -0.841240
0.252372 -0.841240
0.255350 -0.841240
0.258328 -0.841240
-0.148148 -0.842729
-0.145170 -0.842729
-0.142192 -0.842729
-0.139214 -0.842729
-0.136236 -0.842729
-0.133258 -0.842729
-0.130280 -0.842729
-0.127303 -0.842729
-0.124325 -0.842729
-0.121347 -0.842729
-0.118369 -0.842729
-0.115391 -0.842729
-0.112413 -0.842729
-0.109436 -0.842729
-0.106458 -0.842729
-0.103480 -0.842729
-0.100502 -0.842729
-0.097524 -0.842729
-0.094546 -0.842729
-0.091569 -0.842729
-0.088591 -0.842729
-0.085613 -0.842729
-0.082635 -0.842729
-0.079657 -0.842729
-0.049879 -0.842729
-0.046901 -0.842729
-0.042434 -0.842729
-0.039456 -0.842729
-0.036479 -0.842729
-0.033501 -0.842729
-0.030523 -0.842729
-0.027545 -0.842729
-0.024567 -0.842729
-0.018611 -0.842729
0.119858 -0.842729
0.122836 -0.842729
0.125814 -0.842729
0.128792 -0.842729
0.131769 -0.842729
0.215149 -0.842729
0.218127 -0.842729
0.243438 -0.842729
0.249394 -0.842729
0.253861 -0.842729
0.256839 -0.842729
-0.149636 -0.844217
-0.146659 -0.844217
-0.143681 -0.844217
-0.140703 -0.844217
-0.137725 -0.844217
-0.134747 -0.844217
-0.131769 -0.844217
-0.128792 -0.844217
-0.125814 -0.844217
-0.122836 -0.844217
-0.119858 -0.844217
-0.113902 -0.844217
-0.110925 -0.844217
-0.107947 -0.844217
-0.104969 -0.844217
-0.101991 -0.844217
-0.099013 -0.844217
-0.094546 -0.844217
-0.091569 -0.844217
-0.088591 -0.844217
-0.085613 -0.844217
-0.082635 -0.844217
-0.079657 -0.844217
-0.076679 -0.844217
-0.073702 -0.844217
-0.070724 -0.844217
-0.049879 -0.844217
-0.046901 -0.844217
-0.043923 -0.844217
-0.040945 -0.844217
-0.037967 -0.844217
-0.034990 -0.844217
-0.032012 -0.844217
-0.029034 -0.844217
-0.026056 -0.844217
-0.023078 -0.844217
-0.018611 -0.844217
-0.015634 -0.844217
0.122836 -0.844217
0.125814 -0.844217
0.128792 -0.844217
0.131769 -0.844217
0.213660 -0.844217
0.224082 -0.844217
0.247905 -0.844217
0.253861 -0.844217
0.256839 -0.844217
-0.151125 -0.845706
-0.148148 -0.845706
-0.145170 -0.845706
-0.142192 -0.845706
-0.139214 -0.845706
-0.136236 -0.845706
-0.133258 -0.845706
-0.130280 -0.845706
-0.127303 -0.845706
-0.124325 -0.845706
-0.121347 -0.845706
-0.118369 -0.845706
-0.115391 -0.845706
-0.110925 -0.845706
-0.107947 -0.845706
-0.104969 -0.845706
-0.101991 -0.845706
-0.099013 -0.845706
-0.093057 -0.845706
-0.090080 -0.845706
-0.087102 -0.845706
-0.084124 -0.845706
-0.081146 -0.845706
-0.078168 -0.845706
-0.075190 -0.845706
-0.072213 -0.845706
-0.069235 -0.845706
-0.066257 -0.845706
-0.063279 -0.845706
-0.060301 -0.845706
-0.057323 -0.845706
-0.054346 -0.845706
-0.051368 -0.845706
-0.048390 -0.845706
-0.045412 -0.845706
-0.042434 -0.845706
-0.039456 -0.845706
-0.036479 -0.845706
-0.033501 -0.845706
-0.030523 -0.845706
-0.027545 -0.845706
-0.024567 -0.845706
-0.021589 -0.845706
-0.017123 -0.845706
0.121347 -0.845706
0.124325 -0.845706
0.127303 -0.845706
0.130280 -0.845706
0.133258 -0.845706
0.212171 -0.845706
0.215149 -0.845706
0.247905 -0.845706
0.252372 -0.845706
0.255350 -0.845706
-0.152614 -0.847195
-0.149636 -0.847195
-0.146659 -0.847195
-0.143681 -0.847195
-0.140703 -0.847195
-0.137725 -0.847195
-0.134747 -0.847195
-0.131769 -0.847195
-0.128792 -0.847195
-0.125814 -0.847195
-0.122836 -0.847195
-0.119858 -0.847195
-0.116880 -0.847195
-0.113902 -0.847195
-0.107947 -0.847195
-0.104969 -0.847195
-0.101991 -0.847195
-0.096035 -0.847195
-0.088591 -0.847195
-0.085613 -0.847195
-0.082635 -0.847195
-0.079657 -0.847195
-0.076679 -0.847195
-0.073702 -0.847195
-0.070724 -0.847195
-0.067746 -0.847195
-0.064768 -0.847195
-0.061790 -0.847195
-0.058812 -0.847195
-0.055834 -0.847195
-0.052857 -0.847195
-0.049879 -0.847195
-0.046901 -0.847195
-0.043923 -0.847195
-0.040945 -0.847195
-0.037967 -0.847195
-0.034990 -0.847195
-0.029034 -0.847195
-0.026056 -0.847195
-0.023078 -0.847195
-0.018611 -0.847195
-0.015634 -0.847195
0.124325 -0.847195
0.127303 -0.847195
0.130280 -0.847195
0.133258 -0.847195
0.137725 -0.847195
0.186859 -0.847195
0.213660 -0.847195
0.246416 -0.847195
0.252372 -0.847195
0.255350 -0.847195
-0.149636 -0.848684
-0.146659 -0.848684
-0.143681 -0.848684
-0.140703 -0.848684
-0.137725 -0.848684
-0.134747 -0.848684
-0.131769 -0.848684
-0.128792 -0.848684
-0.125814 -0.848684
-0.122836 -0.848684
-0.119858 -0.848684
-0.116880 -0.848684
-0.113902 -0.848684
-0.107947 -0.848684
-0.104969 -0.848684
-0.101991 -0.848684
-0.085613 -0.848684
-0.082635 -0.848684
-0.079657 -0.848684
-0.076679 -0.848684
-0.073702 -0.848684
-0.070724 -0.848684
-0.067746 -0.848684
-0.064768 -0.848684
-0.061790 -0.848684
-0.058812 -0.848684
-0.055834 -0.848684
-0.052857 -0.848684
-0.049879 -0.848684
-0.046901 -0.848684
-0.043923 -0.848684
-0.040945 -0.848684
-0.037967 -0.848684
-0.034990 -0.848684
-0.029034 -0.848684
-0.026056 -0.848684
-0.023078 -0.848684
-0.017123 -0.848684
0.122836 -0.848684
0.125814 -0.848684
0.130280 -0.848684
0.133258 -0.848684
0.136236 -0.848684
0.140703 -0.848684
0.246416 -0.848684
0.252372 -0.848684
0.255350 -0.848684
-0.149636 -0.850173
-0.146659 -0.850173
-0.143681 -0.850173
-0.140703 -0.850173
-0.137725 -0.850173
-0.134747 -0.850173
-0.131769 -0.850173
-0.128792 -0.850173
-0.122836 -0.850173
-0.119858 -0.850173
-0.116880 -0.850173
-0.113902 -0.850173
-0.107947 -0.850173
-0.103480 -0.850173
-0.085613 -0.850173
-0.082635 -0.850173
-0.079657 -0.850173
-0.076679 -0.850173
-0.073702 -0.850173
-0.070724 -0.850173
-0.067746 -0.850173
-0.064768 -0.850173
-0.061790 -0.850173
-0.058812 -0.850173
-0.055834 -0.850173
-0.052857 -0.850173
-0.049879 -0.850173
-0.046901 -0.850173
-0.043923 -0.850173
-0.040945 -0.850173
-0.037967 -0.850173
-0.032012 -0.850173
-0.029034 -0.850173
-0.026056 -0.850173
-0.023078 -0.850173
-0.017123 -0.850173
0.124325 -0.850173
0.127303 -0.850173
0.131769 -0.850173
0.134747 -0.850173
0.137725 -0.850173
0.140703 -0.850173
0.246416 -0.850173
0.250883 -0.850173
0.253861 -0.850173
-0.151125 -0.851662
-0.148148 -0.851662
-0.145170 -0.851662
-0.142192 -0.851662
-0.139214 -0.851662
-0.136236 -0.851662
-0.133258 -0.851662
-0.130280 -0.851662
-0.127303 -0.851662
-0.119858 -0.851662
-0.116880 -0.851662
-0.113902 -0.851662
-0.101991 -0.851662
-0.085613 -0.851662
-0.082635 -0.851662
-0.079657 -0.851662
-0.076679 -0.851662
-0.073702 -0.851662
-0.070724 -0.851662
-0.067746 -0.851662
-0.064768 -0.851662
-0.061790 -0.851662
-0.058812 -0.851662
-0.055834 -0.851662
-0.052857 -0.851662
-0.049879 -0.851662
-0.046901 -0.851662
-0.043923 -0.851662
-0.040945 -0.851662
-0.033501 -0.851662
-0.030523 -0.851662
-0.027545 -0.851662
-0.024567 -0.851662
-0.021589 -0.851662
-0.017123 -0.851662
-0.014145 -0.851662
0.125814 -0.851662
0.131769 -0.851662
0.137725 -0.851662
0.142192 -0.851662
0.250883 -0.851662
0.253861 -0.851662
-0.151125 -0.853151
-0.148148 -0.853151
-0.145170 -0.853151
-0.142192 -0.853151
-0.139214 -0.853151
-0.136236 -0.853151
-0.133258 -0.853151
-0.130280 -0.853151
-0.125814 -0.853151
-0.118369 -0.853151
-0.115391 -0.853151
-0.100502 -0.853151
-0.082635 -0.853151
-0.079657 -0.853151
-0.076679 -0.853151
-0.073702 -0.853151
-0.070724 -0.853151
-0.067746 -0.853151
-0.064768 -0.853151
-0.061790 -0.853151
-0.058812 -0.853151
-0.055834 -0.853151
-0.052857 -0.853151
-0.049879 -0.853151
-0.046901 -0.853151
-0.043923 -0.853151
-0.036479 -0.853151
-0.033501 -0.853151
-0.030523 -0.853151
-0.026056 -0.853151
-0.023078 -0.853151
-0.020100 -0.853151
-0.015634 -0.853151
0.125814 -0.853151
0.128792 -0.853151
0.133258 -0.853151
0.142192 -0.853151
0.186859 -0.853151
0.250883 -0.853151
0.253861 -0.853151
-0.152614 -0.854640
-0.149636 -0.854640
-0.146659 -0.854640
-0.143681 -0.854640
-0.140703 -0.854640
-0.137725 -0.854640
-0.134747 -0.854640
-0.131769 -0.854640
-0.128792 -0.854640
-0.101991 -0.854640
-0.087102 -0.854640
-0.084124 -0.854640
-0.081146 -0.854640
-0.078168 -0.854640
-0.075190 -0.854640
-0.072213 -0.854640
-0.069235 -0.854640
-0.066257 -0.854640
-0.063279 -0.854640
-0.060301 -0.854640
-0.057323 -0.854640
-0.054346 -0.854640
-0.051368 -0.854640
-0.048390 -0.854640
-0.039456 -0.854640
-0.034990 -0.854640
-0.032012 -0.854640
-0.026056 -0.854640
-0.023078 -0.854640
-0.020100 -0.854640
-0.014145 -0.854640
0.127303 -0.854640
0.133258 -0.854640
0.188348 -0.854640
0.246416 -0.854640
0.250883 -0.854640
-0.155592 -0.856129
-0.152614 -0.856129
-0.149636 -0.856129
-0.146659 -0.856129
-0.143681 -0.856129
-0.140703 -0.856129
-0.137725 -0.856129
-0.134747 -0.856129
-0.131769 -0.856129
-0.128792 -0.856129
-0.125814 -0.856129
-0.112413 -0.856129
-0.100502 -0.856129
-0.090080 -0.856129
-0.087102 -0.856129
-0.084124 -0.856129
-0.081146 -0.856129
-0.078168 -0.856129
-0.075190 -0.856129
-0.072213 -0.856129
-0.069235 -0.856129
-0.066257 -0.856129
-0.063279 -0.856129
-0.060301 -0.856129
-0.057323 -0.856129
-0.054346 -0.856129
-0.051368 -0.856129
-0.042434 -0.856129
-0.039456 -0.856129
-0.036479 -0.856129
-0.033501 -0.856129
-0.030523 -0.856129
-0.024567 -0.856129
-0.021589 -0.856129
-0.015634 -0.856129
0.125814 -0.856129
0.128792 -0.856129
0.188348 -0.856129
0.246416 -0.856129
0.249394 -0.856129
0.252372 -0.856129
-0.157081 -0.857618
-0.154103 -0.857618
-0.151125 -0.857618
-0.148148 -0.857618
-0.145170 -0.857618
-0.142192 -0.857618
-0.139214 -0.857618
-0.136236 -0.857618
-0.133258 -0.857618
-0.130280 -0.857618
-0.127303 -0.857618
-0.124325 -0.857618
-0.113902 -0.857618
-0.100502 -0.857618
-0.090080 -0.857618
-0.087102 -0.857618
-0.084124 -0.857618
-0.081146 -0.857618
-0.078168 -0.857618
-0.075190 -0.857618
-0.072213 -0.857618
-0.069235 -0.857618
-0.066257 -0.857618
-0.063279 -0.857618
-0.060301 -0.857618
-0.057323 -0.857618
-0.054346 -0.857618
-0.051368 -0.857618
-0.042434 -0.857618
-0.039456 -0.857618
-0.036479 -0.857618
-0.033501 -0.857618
-0.024567 -0.857618
-0.021589 -0.857618
-0.015634 -0.857618
-0.012656 -0.857618
0.128792 -0.857618
0.149636 -0.857618
0.188348 -0.857618
0.246416 -0.857618
0.249394 -0.857618
0.252372 -0.857618
-0.157081 -0.859107
-0.154103 -0.859107
-0.151125 -0.859107
-0.148148 -0.859107
-0.145170 -0.859107
-0.142192 -0.859107
-0.139214 -0.859107
-0.136236 -0.859107
-0.133258 -0.859107
-0.130280 -0.859107
-0.127303 -0.859107
-0.124325 -0.859107
-0.115391 -0.859107
-0.103480 -0.859107
-0.100502 -0.859107
-0.091569 -0.859107
-0.088591 -0.859107
-0.085613 -0.859107
-0.082635 -0.859107
-0.079657 -0.859107
-0.076679 -0.859107
-0.073702 -0.859107
-0.070724 -0.859107
-0.067746 -0.859107
-0.064768 -0.859107
-0.061790 -0.859107
-0.058812 -0.859107
-0.055834 -0.859107
-0.052857 -0.859107
-0.049879 -0.859107
-0.046901 -0.859107
-0.043923 -0.859107
-0.040945 -0.859107
-0.037967 -0.859107
-0.034990 -0.859107
-0.024567 -0.859107
-0.021589 -0.859107
-0.018611 -0.859107
-0.014145 -0.859107
0.018611 -0.859107
0.128792 -0.859107
0.134747 -0.859107
0.151125 -0.859107
0.188348 -0.859107
0.246416 -0.859107
0.249394 -0.859107
-0.195793 -0.860596
-0.158570 -0.860596
-0.155592 -0.860596
-0.152614 -0.860596
-0.149636 -0.860596
-0.146659 -0.860596
-0.143681 -0.860596
-0.140703 -0.860596
-0.137725 -0.860596
-0.134747 -0.860596
-0.131769 -0.860596
-0.128792 -0.860596
-0.125814 -0.860596
-0.122836 -0.860596
-0.115391 -0.860596
-0.099013 -0.860596
-0.093057 -0.860596
-0.090080 -0.860596
-0.087102 -0.860596
-0.084124 -0.860596
-0.081146 -0.860596
-0.078168 -0.860596
-0.075190 -0.860596
-0.072213 -0.860596
-0.069235 -0.860596
-0.066257 -0.860596
-0.063279 -0.860596
-0.060301 -0.860596
-0.057323 -0.860596
-0.054346 -0.860596
-0.051368 -0.860596
-0.048390 -0.860596
-0.045412 -0.860596
-0.042434 -0.860596
-0.039456 -0.860596
-0.036479 -0.860596
-0.033501 -0.860596
-0.020100 -0.860596
-0.015634 -0.860596
-0.012656 -0.860596
0.128792 -0.860596
0.131769 -0.860596
0.151125 -0.860596
0.154103 -0.860596
0.244927 -0.860596
0.247905 -0.860596
0.250883 -0.860596
-0.197282 -0.862084
-0.160059 -0.862084
-0.157081 -0.862084
-0.154103 -0.862084
-0.151125 -0.862084
-0.148148 -0.862084
-0.145170 -0.862084
-0.142192 -0.862084
-0.139214 -0.862084
-0.136236 -0.862084
-0.128792 -0.862084
-0.125814 -0.862084
-0.122836 -0.862084
-0.106458 -0.862084
-0.103480 -0.862084
-0.099013 -0.862084
-0.093057 -0.862084
-0.090080 -0.862084
-0.087102 -0.862084
-0.084124 -0.862084
-0.081146 -0.862084
-0.078168 -0.862084
-0.075190 -0.862084
-0.072213 -0.862084
-0.069235 -0.862084
-0.066257 -0.862084
-0.063279 -0.862084
-0.060301 -0.862084
-0.057323 -0.862084
-0.054346 -0.862084
-0.051368 -0.862084
-0.048390 -0.862084
-0.045412 -0.862084
-0.042434 -0.862084
-0.039456 -0.862084
-0.034990 -0.862084
-0.024567 -0.862084
-0.018611 -0.862084
-0.014145 -0.862084
0.017123 -0.862084
0.130280 -0.862084
0.152614 -0.862084
0.247905 -0.862084
0.250883 -0.862084
-0.253861 -0.863573
-0.207704 -0.863573
-0.161548 -0.863573
-0.158570 -0.863573
-0.155592 -0.863573
-0.152614 -0.863573
-0.149636 -0.863573
-0.146659 -0.863573
-0.143681 -0.863573
-0.140703 -0.863573
-0.137725 -0.863573
-0.128792 -0.863573
-0.125814 -0.863573
-0.122836 -0.863573
-0.107947 -0.863573
-0.101991 -0.863573
-0.099013 -0.863573
-0.091569 -0.863573
-0.088591 -0.863573
-0.085613 -0.863573
-0.082635 -0.863573
-0.079657 -0.863573
-0.076679 -0.863573
-0.073702 -0.863573
-0.070724 -0.863573
-0.067746 -0.863573
-0.064768 -0.863573
-0.061790 -0.863573
-0.058812 -0.863573
-0.055834 -0.863573
-0.052857 -0.863573
-0.049879 -0.863573
-0.042434 -0.863573
-0.039456 -0.863573
-0.036479 -0.863573
-0.024567 -0.863573
-0.018611 -0.863573
-0.012656 -0.863573
0.130280 -0.863573
0.133258 -0.863573
0.246416 -0.863573
0.249394 -0.863573
-0.262794 -0.865062
-0.225571 -0.865062
-0.222593 -0.865062
-0.207704 -0.865062
-0.163037 -0.865062
-0.160059 -0.865062
-0.157081 -0.865062
-0.154103 -0.865062
-0.151125 -0.865062
-0.148148 -0.865062
-0.145170 -0.865062
-0.142192 -0.865062
-0.139214 -0.865062
-0.127303 -0.865062
-0.124325 -0.865062
-0.109436 -0.865062
-0.100502 -0.865062
-0.091569 -0.865062
-0.088591 -0.865062
-0.085613 -0.865062
-0.082635 -0.865062
-0.079657 -0.865062
-0.076679 -0.865062
-0.073702 -0.865062
-0.070724 -0.865062
-0.067746 -0.865062
-0.064768 -0.865062
-0.061790 -0.865062
-0.058812 -0.865062
-0.055834 -0.865062
-0.052857 -0.865062
-0.045412 -0.865062
-0.042434 -0.865062
-0.037967 -0.865062
-0.020100 -0.865062
-0.014145 -0.865062
0.015634 -0.865062
0.131769 -0.865062
0.136236 -0.865062
0.243438 -0.865062
0.247905 -0.865062
0.250883 -0.865062
-0.212171 -0.866551
-0.198771 -0.866551
-0.164526 -0.866551
-0.161548 -0.866551
-0.158570 -0.866551
-0.155592 -0.866551
-0.152614 -0.866551
-0.149636 -0.866551
-0.146659 -0.866551
-0.143681 -0.866551
-0.140703 -0.866551
-0.115391 -0.866551
-0.109436 -0.866551
-0.094546 -0.866551
-0.091569 -0.866551
-0.088591 -0.866551
-0.085613 -0.866551
-0.082635 -0.866551
-0.079657 -0.866551
-0.076679 -0.866551
-0.073702 -0.866551
-0.070724 -0.866551
-0.067746 -0.866551
-0.064768 -0.866551
-0.061790 -0.866551
-0.058812 -0.866551
-0.055834 -0.866551
-0.052857 -0.866551
-0.046901 -0.866551
-0.043923 -0.866551
-0.040945 -0.866551
-0.037967 -0.866551
-0.026056 -0.866551
-0.020100 -0.866551
-0.014145 -0.866551
0.006700 -0.866551
0.131769 -0.866551
0.134747 -0.866551
0.188348 -0.866551
0.246416 -0.866551
0.249394 -0.866551
-0.234505 -0.868040
-0.231527 -0.868040
-0.212171 -0.868040
-0.200260 -0.868040
-0.186859 -0.868040
-0.164526 -0.868040
-0.161548 -0.868040
-0.158570 -0.868040
-0.155592 -0.868040
-0.152614 -0.868040
-0.149636 -0.868040
-0.146659 -0.868040
-0.143681 -0.868040
-0.140703 -0.868040
-0.137725 -0.868040
-0.116880 -0.868040
-0.110925 -0.868040
-0.096035 -0.868040
-0.093057 -0.868040
-0.090080 -0.868040
-0.087102 -0.868040
-0.084124 -0.868040
-0.081146 -0.868040
-0.078168 -0.868040
-0.075190 -0.868040
-0.072213 -0.868040
-0.069235 -0.868040
-0.066257 -0.868040
-0.063279 -0.868040
-0.060301 -0.868040
-0.057323 -0.868040
-0.054346 -0.868040
-0.051368 -0.868040
-0.048390 -0.868040
-0.045412 -0.868040
-0.042434 -0.868040
-0.039456 -0.868040
-0.030523 -0.868040
-0.027545 -0.868040
-0.023078 -0.868040
-0.020100 -0.868040
-0.014145 -0.868040
0.006700 -0.868040
0.014145 -0.868040
0.133258 -0.868040
0.189837 -0.868040
0.247905 -0.868040
-0.228549 -0.869529
-0.212171 -0.869529
-0.209193 -0.869529
-0.204726 -0.869529
-0.189837 -0.869529
-0.186859 -0.869529
-0.171970 -0.869529
-0.166015 -0.869529
-0.163037 -0.869529
-0.160059 -0.869529
-0.157081 -0.869529
-0.154103 -0.869529
-0.151125 -0.869529
-0.148148 -0.869529
-0.145170 -0.869529
-0.142192 -0.869529
-0.139214 -0.869529
-0.136236 -0.869529
-0.133258 -0.869529
-0.118369 -0.869529
-0.112413 -0.869529
-0.097524 -0.869529
-0.094546 -0.869529
-0.091569 -0.869529
-0.088591 -0.869529
-0.085613 -0.869529
-0.082635 -0.869529
-0.079657 -0.869529
-0.076679 -0.869529
-0.073702 -0.869529
-0.070724 -0.869529
-0.067746 -0.869529
-0.064768 -0.869529
-0.061790 -0.869529
-0.058812 -0.869529
-0.055834 -0.869529
-0.049879 -0.869529
-0.046901 -0.869529
-0.043923 -0.869529
-0.040945 -0.869529
-0.033501 -0.869529
-0.030523 -0.869529
-0.027545 -0.869529
-0.023078 -0.869529
-0.020100 -0.869529
-0.014145 -0.869529
0.000744 -0.869529
0.008189 -0.869529
0.014145 -0.869529
0.131769 -0.869529
0.134747 -0.869529
0.189837 -0.869529
0.246416 -0.869529
0.249394 -0.869529
-0.224082 -0.871018
-0.216638 -0.871018
-0.213660 -0.871018
-0.209193 -0.871018
-0.201749 -0.871018
-0.189837 -0.871018
-0.173459 -0.871018
-0.167503 -0.871018
-0.164526 -0.871018
-0.161548 -0.871018
-0.158570 -0.871018
-0.155592 -0.871018
-0.152614 -0.871018
-0.149636 -0.871018
-0.146659 -0.871018
-0.143681 -0.871018
-0.140703 -0.871018
-0.137725 -0.871018
-0.134747 -0.871018
-0.131769 -0.871018
-0.113902 -0.871018
-0.099013 -0.871018
-0.096035 -0.871018
-0.093057 -0.871018
-0.090080 -0.871018
-0.087102 -0.871018
-0.084124 -0.871018
-0.081146 -0.871018
-0.078168 -0.871018
-0.075190 -0.871018
-0.072213 -0.871018
-0.069235 -0.871018
-0.066257 -0.871018
-0.063279 -0.871018
-0.060301 -0.871018
-0.057323 -0.871018
-0.052857 -0.871018
-0.049879 -0.871018
-0.046901 -0.871018
-0.043923 -0.871018
-0.040945 -0.871018
-0.036479 -0.871018
-0.033501 -0.871018
-0.030523 -0.871018
-0.027545 -0.871018
-0.023078 -0.871018
-0.020100 -0.871018
-0.017123 -0.871018
-0.012656 -0.871018
0.002233 -0.871018
0.008189 -0.871018
0.018611 -0.871018
0.133258 -0.871018
0.136236 -0.871018
0.244927 -0.871018
0.247905 -0.871018
-0.233016 -0.872507
-0.230038 -0.872507
-0.224082 -0.872507
-0.221105 -0.872507
-0.213660 -0.872507
-0.203238 -0.872507
-0.168992 -0.872507
-0.166015 -0.872507
-0.163037 -0.872507
-0.158570 -0.872507
-0.155592 -0.872507
-0.152614 -0.872507
-0.149636 -0.872507
-0.146659 -0.872507
-0.143681 -0.872507
-0.140703 -0.872507
-0.137725 -0.872507
-0.134747 -0.872507
-0.131769 -0.872507
-0.128792 -0.872507
-0.119858 -0.872507
-0.113902 -0.872507
-0.100502 -0.872507
-0.096035 -0.872507
-0.093057 -0.872507
-0.090080 -0.872507
-0.087102 -0.872507
-0.084124 -0.872507
-0.081146 -0.872507
-0.078168 -0.872507
-0.075190 -0.872507
-0.072213 -0.872507
-0.069235 -0.872507
-0.066257 -0.872507
-0.063279 -0.872507
-0.060301 -0.872507
-0.057323 -0.872507
-0.054346 -0.872507
-0.051368 -0.872507
-0.048390 -0.872507
-0.045412 -0.872507
-0.042434 -0.872507
-0.039456 -0.872507
-0.036479 -0.872507
-0.033501 -0.872507
-0.030523 -0.872507
-0.027545 -0.872507
-0.024567 -0.872507
-0.021589 -0.872507
-0.018611 -0.872507
-0.014145 -0.872507
0.002233 -0.872507
0.008189 -0.872507
0.017123 -0.872507
0.133258 -0.872507
0.136236 -0.872507
0.189837 -0.872507
0.246416 -0.872507
0.249394 -0.872507
-0.241949 -0.873996
-0.238972 -0.873996
-0.231527 -0.873996
-0.228549 -0.873996
-0.222593 -0.873996
-0.203238 -0.873996
-0.170481 -0.873996
-0.167503 -0.873996
-0.164526 -0.873996
-0.161548 -0.873996
-0.158570 -0.873996
-0.155592 -0.873996
-0.152614 -0.873996
-0.149636 -0.873996
-0.146659 -0.873996
-0.143681 -0.873996
-0.137725 -0.873996
-0.134747 -0.873996
-0.131769 -0.873996
-0.128792 -0.873996
-0.115391 -0.873996
-0.100502 -0.873996
-0.097524 -0.873996
-0.094546 -0.873996
-0.091569 -0.873996
-0.088591 -0.873996
-0.085613 -0.873996
-0.082635 -0.873996
-0.079657 -0.873996
-0.076679 -0.873996
-0.073702 -0.873996
-0.070724 -0.873996
-0.067746 -0.873996
-0.064768 -0.873996
-0.061790 -0.873996
-0.058812 -0.873996
-0.055834 -0.873996
-0.052857 -0.873996
-0.049879 -0.873996
-0.046901 -0.873996
-0.043923 -0.873996
-0.040945 -0.873996
-0.037967 -0.873996
-0.034990 -0.873996
-0.032012 -0.873996
-0.029034 -0.873996
-0.026056 -0.873996
-0.023078 -0.873996
-0.020100 -0.873996
-0.017123 -0.873996
-0.012656 -0.873996
0.003722 -0.873996
0.011167 -0.873996
0.017123 -0.873996
0.134747 -0.873996
0.137725 -0.873996
0.189837 -0.873996
0.244927 -0.873996
0.247905 -0.873996
-0.280661 -0.875485
-0.277684 -0.875485
-0.274706 -0.875485
-0.271728 -0.875485
-0.237483 -0.875485
-0.170481 -0.875485
-0.167503 -0.875485
-0.164526 -0.875485
-0.161548 -0.875485
-0.158570 -0.875485
-0.155592 -0.875485
-0.152614 -0.875485
-0.149636 -0.875485
-0.146659 -0.875485
-0.143681 -0.875485
-0.134747 -0.875485
-0.131769 -0.875485
-0.125814 -0.875485
-0.115391 -0.875485
-0.101991 -0.875485
-0.099013 -0.875485
-0.096035 -0.875485
-0.093057 -0.875485
-0.090080 -0.875485
-0.087102 -0.875485
-0.084124 -0.875485
-0.081146 -0.875485
-0.078168 -0.875485
-0.075190 -0.875485
-0.072213 -0.875485
-0.069235 -0.875485
-0.066257 -0.875485
-0.063279 -0.875485
-0.060301 -0.875485
-0.057323 -0.875485
-0.054346 -0.875485
-0.051368 -0.875485
-0.048390 -0.875485
-0.045412 -0.875485
-0.042434 -0.875485
-0.039456 -0.875485
-0.036479 -0.875485
-0.033501 -0.875485
-0.030523 -0.875485
-0.027545 -0.875485
-0.024567 -0.875485
-0.021589 -0.875485
-0.018611 -0.875485
-0.015634 -0.875485
-0.012656 -0.875485
-0.000744 -0.875485
0.005211 -0.875485
0.011167 -0.875485
0.014145 -0.875485
0.027545 -0.875485
0.030523 -0.875485
0.093057 -0.875485
0.136236 -0.875485
0.140703 -0.875485
0.237483 -0.875485
0.244927 -0.875485
0.247905 -0.875485
-0.173459 -0.876974
-0.170481 -0.876974
-0.167503 -0.876974
-0.164526 -0.876974
-0.161548 -0.876974
-0.158570 -0.876974
-0.155592 -0.876974
-0.152614 -0.876974
-0.149636 -0.876974
-0.145170 -0.876974
-0.142192 -0.876974
-0.122836 -0.876974
-0.116880 -0.876974
-0.103480 -0.876974
-0.099013 -0.876974
-0.096035 -0.876974
-0.093057 -0.876974
-0.090080 -0.876974
-0.087102 -0.876974
-0.084124 -0.876974
-0.081146 -0.876974
-0.078168 -0.876974
-0.075190 -0.876974
-0.072213 -0.876974
-0.069235 -0.876974
-0.066257 -0.876974
-0.063279 -0.876974
-0.060301 -0.876974
-0.057323 -0.876974
-0.054346 -0.876974
-0.051368 -0.876974
-0.048390 -0.876974
-0.045412 -0.876974
-0.042434 -0.876974
-0.039456 -0.876974
-0.036479 -0.876974
-0.033501 -0.876974
-0.030523 -0.876974
-0.027545 -0.876974
-0.024567 -0.876974
-0.021589 -0.876974
-0.018611 -0.876974
-0.015634 -0.876974
-0.012656 -0.876974
0.005211 -0.876974
0.009678 -0.876974
0.023078 -0.876974
0.029034 -0.876974
0.057323 -0.876974
0.060301 -0.876974
0.063279 -0.876974
0.066257 -0.876974
0.069235 -0.876974
0.136236 -0.876974
0.139214 -0.876974
0.142192 -0.876974
0.241949 -0.876974
0.244927 -0.876974
0.247905 -0.876974
-0.173459 -0.878463
-0.170481 -0.878463
-0.167503 -0.878463
-0.164526 -0.878463
-0.161548 -0.878463
-0.158570 -0.878463
-0.155592 -0.878463
-0.152614 -0.878463
-0.145170 -0.878463
-0.140703 -0.878463
-0.118369 -0.878463
-0.101991 -0.878463
-0.099013 -0.878463
-0.096035 -0.878463
-0.093057 -0.878463
-0.090080 -0.878463
-0.087102 -0.878463
-0.084124 -0.878463
-0.081146 -0.878463
-0.078168 -0.878463
-0.075190 -0.878463
-0.072213 -0.878463
-0.069235 -0.878463
-0.066257 -0.878463
-0.061790 -0.878463
-0.058812 -0.878463
-0.055834 -0.878463
-0.052857 -0.878463
-0.049879 -0.878463
-0.046901 -0.878463
-0.043923 -0.878463
-0.040945 -0.878463
-0.037967 -0.878463
-0.034990 -0.878463
-0.032012 -0.878463
-0.029034 -0.878463
-0.026056 -0.878463
-0.023078 -0.878463
-0.020100 -0.878463
-0.017123 -0.878463
-0.014145 -0.878463
-0.005211 -0.878463
0.060301 -0.878463
0.136236 -0.878463
0.139214 -0.878463
0.143681 -0.878463
0.234505 -0.878463
0.237483 -0.878463
0.243438 -0.878463
0.246416 -0.878463
-0.177926 -0.879952
-0.174948 -0.879952
-0.171970 -0.879952
-0.168992 -0.879952
-0.166015 -0.879952
-0.163037 -0.879952
-0.160059 -0.879952
-0.157081 -0.879952
-0.154103 -0.879952
-0.151125 -0.879952
-0.145170 -0.879952
-0.140703 -0.879952
-0.119858 -0.879952
-0.106458 -0.879952
-0.103480 -0.879952
-0.100502 -0.879952
-0.097524 -0.879952
-0.094546 -0.879952
-0.091569 -0.879952
-0.088591 -0.879952
-0.085613 -0.879952
-0.082635 -0.879952
-0.079657 -0.879952
-0.076679 -0.879952
-0.073702 -0.879952
-0.070724 -0.879952
-0.067746 -0.879952
-0.064768 -0.879952
-0.061790 -0.879952
-0.058812 -0.879952
-0.055834 -0.879952
-0.052857 -0.879952
-0.049879 -0.879952
-0.046901 -0.879952
-0.043923 -0.879952
-0.040945 -0.879952
-0.037967 -0.879952
-0.034990 -0.879952
-0.032012 -0.879952
-0.029034 -0.879952
-0.026056 -0.879952
-0.023078 -0.879952
-0.020100 -0.879952
-0.017123 -0.879952
-0.014145 -0.879952
0.096035 -0.879952
0.099013 -0.879952
0.101991 -0.879952
0.112413 -0.879952
0.137725 -0.879952
0.140703 -0.879952
0.143681 -0.879952
0.234505 -0.879952
0.241949 -0.879952
0.244927 -0.879952
0.247905 -0.879952
-0.177926 -0.881440
-0.174948 -0.881440
-0.171970 -0.881440
-0.168992 -0.881440
-0.166015 -0.881440
-0.163037 -0.881440
-0.160059 -0.881440
-0.157081 -0.881440
-0.154103 -0.881440
-0.146659 -0.881440
-0.143681 -0.881440
-0.140703 -0.881440
-0.121347 -0.881440
-0.107947 -0.881440
-0.104969 -0.881440
-0.101991 -0.881440
-0.099013 -0.881440
-0.096035 -0.881440
-0.093057 -0.881440
-0.090080 -0.881440
-0.087102 -0.881440
-0.084124 -0.881440
-0.081146 -0.881440
-0.078168 -0.881440
-0.075190 -0.881440
-0.072213 -0.881440
-0.069235 -0.881440
-0.066257 -0.881440
-0.063279 -0.881440
-0.060301 -0.881440
-0.057323 -0.881440
-0.054346 -0.881440
-0.051368 -0.881440
-0.048390 -0.881440
-0.045412 -0.881440
-0.042434 -0.881440
-0.039456 -0.881440
-0.036479 -0.881440
-0.033501 -0.881440
-0.030523 -0.881440
-0.027545 -0.881440
-0.024567 -0.881440
-0.021589 -0.881440
-0.018611 -0.881440
-0.014145 -0.881440
0.100502 -0.881440
0.103480 -0.881440
0.137725 -0.881440
0.140703 -0.881440
0.143681 -0.881440
0.235994 -0.881440
0.241949 -0.881440
0.244927 -0.881440
-0.253861 -0.882929
-0.179415 -0.882929
-0.176437 -0.882929
-0.173459 -0.882929
-0.170481 -0.882929
-0.167503 -0.882929
-0.164526 -0.882929
-0.161548 -0.882929
-0.158570 -0.882929
-0.155592 -0.882929
-0.145170 -0.882929
-0.142192 -0.882929
-0.139214 -0.882929
-0.122836 -0.882929
-0.107947 -0.882929
-0.104969 -0.882929
-0.101991 -0.882929
-0.099013 -0.882929
-0.096035 -0.882929
-0.093057 -0.882929
-0.090080 -0.882929
-0.087102 -0.882929
-0.084124 -0.882929
-0.081146 -0.882929
-0.078168 -0.882929
-0.075190 -0.882929
-0.072213 -0.882929
-0.069235 -0.882929
-0.066257 -0.882929
-0.063279 -0.882929
-0.060301 -0.882929
-0.057323 -0.882929
-0.054346 -0.882929
-0.051368 -0.882929
-0.048390 -0.882929
-0.045412 -0.882929
-0.042434 -0.882929
-0.039456 -0.882929
-0.036479 -0.882929
-0.033501 -0.882929
-0.030523 -0.882929
-0.027545 -0.882929
-0.024567 -0.882929
-0.021589 -0.882929
-0.018611 -0.882929
-0.014145 -0.882929
0.137725 -0.882929
0.140703 -0.882929
0.143681 -0.882929
0.191326 -0.882929
0.240461 -0.882929
0.243438 -0.882929
0.246416 -0.882929
-0.179415 -0.884418
-0.176437 -0.884418
-0.173459 -0.884418
-0.170481 -0.884418
-0.167503 -0.884418
-0.164526 -0.884418
-0.161548 -0.884418
-0.158570 -0.884418
-0.145170 -0.884418
-0.142192 -0.884418
-0.139214 -0.884418
-0.136236 -0.884418
-0.121347 -0.884418
-0.109436 -0.884418
-0.106458 -0.884418
-0.103480 -0.884418
-0.100502 -0.884418
-0.097524 -0.884418
-0.094546 -0.884418
-0.091569 -0.884418
-0.088591 -0.884418
-0.085613 -0.884418
-0.082635 -0.884418
-0.079657 -0.884418
-0.076679 -0.884418
-0.073702 -0.884418
-0.070724 -0.884418
-0.067746 -0.884418
-0.064768 -0.884418
-0.061790 -0.884418
-0.058812 -0.884418
-0.055834 -0.884418
-0.052857 -0.884418
-0.049879 -0.884418
-0.046901 -0.884418
-0.043923 -0.884418
-0.040945 -0.884418
-0.037967 -0.884418
-0.034990 -0.884418
-0.032012 -0.884418
-0.029034 -0.884418
-0.026056 -0.884418
-0.023078 -0.884418
-0.020100 -0.884418
-0.015634 -0.884418
-0.012656 -0.884418
0.139214 -0.884418
0.142192 -0.884418
0.145170 -0.884418
0.192815 -0.884418
0.240461 -0.884418
0.243438 -0.884418
0.246416 -0.884418
-0.182393 -0.885907
-0.179415 -0.885907
-0.176437 -0.885907
-0.173459 -0.885907
-0.170481 -0.885907
-0.167503 -0.885907
-0.164526 -0.885907
-0.161548 -0.885907
-0.158570 -0.885907
-0.143681 -0.885907
-0.140703 -0.885907
-0.137725 -0.885907
-0.134747 -0.885907
-0.121347 -0.885907
-0.110925 -0.885907
-0.107947 -0.885907
-0.104969 -0.885907
-0.101991 -0.885907
-0.099013 -0.885907
-0.096035 -0.885907
-0.093057 -0.885907
-0.090080 -0.885907
-0.087102 -0.885907
-0.084124 -0.885907
-0.081146 -0.885907
-0.078168 -0.885907
-0.075190 -0.885907
-0.072213 -0.885907
-0.069235 -0.885907
-0.066257 -0.885907
-0.063279 -0.885907
-0.060301 -0.885907
-0.057323 -0.885907
-0.054346 -0.885907
-0.051368 -0.885907
-0.048390 -0.885907
-0.045412 -0.885907
-0.042434 -0.885907
-0.039456 -0.885907
-0.036479 -0.885907
-0.033501 -0.885907
-0.030523 -0.885907
-0.027545 -0.885907
-0.024567 -0.885907
-0.021589 -0.885907
-0.018611 -0.885907
-0.015634 -0.885907
-0.012656 -0.885907
0.139214 -0.885907
0.142192 -0.885907
0.145170 -0.885907
0.149636 -0.885907
0.240461 -0.885907
0.243438 -0.885907
0.246416 -0.885907
-0.183882 -0.887396
-0.180904 -0.887396
-0.177926 -0.887396
-0.174948 -0.887396
-0.171970 -0.887396
-0.168992 -0.887396
-0.166015 -0.887396
-0.163037 -0.887396
-0.160059 -0.887396
-0.143681 -0.887396
-0.140703 -0.887396
-0.137725 -0.887396
-0.134747 -0.887396
-0.121347 -0.887396
-0.112413 -0.887396
-0.109436 -0.887396
-0.106458 -0.887396
-0.103480 -0.887396
-0.100502 -0.887396
-0.097524 -0.887396
-0.094546 -0.887396
-0.091569 -0.887396
-0.088591 -0.887396
-0.085613 -0.887396
-0.082635 -0.887396
-0.079657 -0.887396
-0.076679 -0.887396
-0.073702 -0.887396
-0.070724 -0.887396
-0.067746 -0.887396
-0.064768 -0.887396
-0.061790 -0.887396
-0.058812 -0.887396
-0.055834 -0.887396
-0.052857 -0.887396
-0.049879 -0.887396
-0.046901 -0.887396
-0.043923 -0.887396
-0.040945 -0.887396
-0.037967 -0.887396
-0.034990 -0.887396
-0.032012 -0.887396
-0.029034 -0.887396
-0.026056 -0.887396
-0.023078 -0.887396
-0.020100 -0.887396
-0.017123 -0.887396
-0.014145 -0.887396
-0.011167 -0.887396
0.140703 -0.887396
0.143681 -0.887396
0.146659 -0.887396
0.149636 -0.887396
0.238972 -0.887396
0.241949 -0.887396
0.244927 -0.887396
-0.186859 -0.888885
-0.183882 -0.888885
-0.180904 -0.888885
-0.177926 -0.888885
-0.174948 -0.888885
-0.171970 -0.888885
-0.168992 -0.888885
-0.166015 -0.888885
-0.163037 -0.888885
-0.160059 -0.888885
-0.157081 -0.888885
-0.140703 -0.888885
-0.137725 -0.888885
-0.133258 -0.888885
-0.127303 -0.888885
-0.115391 -0.888885
-0.112413 -0.888885
-0.109436 -0.888885
-0.106458 -0.888885
-0.103480 -0.888885
-0.100502 -0.888885
-0.097524 -0.888885
-0.094546 -0.888885
-0.091569 -0.888885
-0.088591 -0.888885
-0.085613 -0.888885
-0.082635 -0.888885
-0.079657 -0.888885
-0.076679 -0.888885
-0.073702 -0.888885
-0.070724 -0.888885
-0.067746 -0.888885
-0.064768 -0.888885
-0.061790 -0.888885
-0.058812 -0.888885
-0.055834 -0.888885
-0.052857 -0.888885
-0.049879 -0.888885
-0.046901 -0.888885
-0.043923 -0.888885
-0.040945 -0.888885
-0.037967 -0.888885
-0.034990 -0.888885
-0.032012 -0.888885
-0.029034 -0.888885
-0.026056 -0.888885
-0.023078 -0.888885
-0.020100 -0.888885
-0.017123 -0.888885
-0.014145 -0.888885
-0.011167 -0.888885
0.140703 -0.888885
0.143681 -0.888885
0.146659 -0.888885
0.149636 -0.888885
0.179415 -0.888885
0.182393 -0.888885
0.185370 -0.888885
0.188348 -0.888885
0.191326 -0.888885
0.194304 -0.888885
0.197282 -0.888885
0.200260 -0.888885
0.203238 -0.888885
0.206215 -0.888885
0.209193 -0.888885
0.212171 -0.888885
0.215149 -0.888885
0.218127 -0.888885
0.240461 -0.888885
0.243438 -0.888885
0.317884 -0.888885
-0.186859 -0.890374
-0.183882 -0.890374
-0.180904 -0.890374
-0.177926 -0.890374
-0.174948 -0.890374
-0.171970 -0.890374
-0.168992 -0.890374
-0.166015 -0.890374
-0.163037 -0.890374
-0.160059 -0.890374
-0.140703 -0.890374
-0.137725 -0.890374
-0.134747 -0.890374
-0.130280 -0.890374
-0.119858 -0.890374
-0.115391 -0.890374
-0.112413 -0.890374
-0.109436 -0.890374
-0.106458 -0.890374
-0.103480 -0.890374
-0.100502 -0.890374
-0.097524 -0.890374
-0.094546 -0.890374
-0.091569 -0.890374
-0.088591 -0.890374
-0.085613 -0.890374
-0.082635 -0.890374
-0.079657 -0.890374
-0.076679 -0.890374
-0.073702 -0.890374
-0.070724 -0.890374
-0.067746 -0.890374
-0.064768 -0.890374
-0.061790 -0.890374
-0.058812 -0.890374
-0.055834 -0.890374
-0.052857 -0.890374
-0.049879 -0.890374
-0.046901 -0.890374
-0.043923 -0.890374
-0.040945 -0.890374
-0.037967 -0.890374
-0.034990 -0.890374
-0.032012 -0.890374
-0.029034 -0.890374
-0.026056 -0.890374
-0.023078 -0.890374
-0.020100 -0.890374
-0.017123 -0.890374
-0.014145 -0.890374
-0.011167 -0.890374
0.142192 -0.890374
0.146659 -0.890374
0.149636 -0.890374
0.168992 -0.890374
0.171970 -0.890374
0.174948 -0.890374
0.177926 -0.890374
0.180904 -0.890374
0.183882 -0.890374
0.186859 -0.890374
0.189837 -0.890374
0.192815 -0.890374
0.195793 -0.890374
0.198771 -0.890374
0.201749 -0.890374
0.204726 -0.890374
0.207704 -0.890374
0.210682 -0.890374
0.213660 -0.890374
0.216638 -0.890374
0.219616 -0.890374
0.222593 -0.890374
0.225571 -0.890374
0.228549 -0.890374
0.240461 -0.890374
0.243438 -0.890374
-0.188348 -0.891863
-0.185370 -0.891863
-0.182393 -0.891863
-0.179415 -0.891863
-0.176437 -0.891863
-0.173459 -0.891863
-0.170481 -0.891863
-0.167503 -0.891863
-0.164526 -0.891863
-0.142192 -0.891863
-0.139214 -0.891863
-0.136236 -0.891863
-0.133258 -0.891863
-0.128792 -0.891863
-0.118369 -0.891863
-0.115391 -0.891863
-0.112413 -0.891863
-0.109436 -0.891863
-0.106458 -0.891863
-0.103480 -0.891863
-0.100502 -0.891863
-0.097524 -0.891863
-0.094546 -0.891863
-0.091569 -0.891863
-0.079657 -0.891863
-0.076679 -0.891863
-0.073702 -0.891863
-0.070724 -0.891863
-0.067746 -0.891863
-0.064768 -0.891863
-0.061790 -0.891863
-0.058812 -0.891863
-0.055834 -0.891863
-0.052857 -0.891863
-0.049879 -0.891863
-0.046901 -0.891863
-0.043923 -0.891863
-0.040945 -0.891863
-0.037967 -0.891863
-0.034990 -0.891863
-0.032012 -0.891863
-0.029034 -0.891863
-0.026056 -0.891863
-0.023078 -0.891863
-0.020100 -0.891863
-0.017123 -0.891863
-0.014145 -0.891863
-0.011167 -0.891863
0.142192 -0.891863
0.145170 -0.891863
0.148148 -0.891863
0.160059 -0.891863
0.163037 -0.891863
0.166015 -0.891863
0.168992 -0.891863
0.171970 -0.891863
0.174948 -0.891863
0.177926 -0.891863
0.180904 -0.891863
0.183882 -0.891863
0.186859 -0.891863
0.189837 -0.891863
0.192815 -0.891863
0.195793 -0.891863
0.198771 -0.891863
0.201749 -0.891863
0.204726 -0.891863
0.207704 -0.891863
0.210682 -0.891863
0.213660 -0.891863
0.216638 -0.891863
0.219616 -0.891863
0.222593 -0.891863
0.225571 -0.891863
0.228549 -0.891863
0.231527 -0.891863
0.234505 -0.891863
0.238972 -0.891863
0.241949 -0.891863
0.244927 -0.891863
-0.189837 -0.893352
-0.186859 -0.893352
-0.183882 -0.893352
-0.180904 -0.893352
-0.177926 -0.893352
-0.174948 -0.893352
-0.171970 -0.893352
-0.168992 -0.893352
-0.166015 -0.893352
-0.140703 -0.893352
-0.137725 -0.893352
-0.134747 -0.893352
-0.131769 -0.893352
-0.127303 -0.893352
-0.118369 -0.893352
-0.115391 -0.893352
-0.112413 -0.893352
-0.109436 -0.893352
-0.106458 -0.893352
-0.103480 -0.893352
-0.100502 -0.893352
-0.097524 -0.893352
-0.093057 -0.893352
-0.090080 -0.893352
-0.087102 -0.893352
-0.084124 -0.893352
-0.081146 -0.893352
-0.078168 -0.893352
-0.075190 -0.893352
-0.072213 -0.893352
-0.069235 -0.893352
-0.066257 -0.893352
-0.063279 -0.893352
-0.060301 -0.893352
-0.057323 -0.893352
-0.054346 -0.893352
-0.051368 -0.893352
-0.048390 -0.893352
-0.045412 -0.893352
-0.042434 -0.893352
-0.039456 -0.893352
-0.036479 -0.893352
-0.033501 -0.893352
-0.030523 -0.893352
-0.027545 -0.893352
-0.024567 -0.893352
-0.021589 -0.893352
-0.018611 -0.893352
-0.015634 -0.893352
-0.012656 -0.893352
0.140703 -0.893352
0.143681 -0.893352
0.146659 -0.893352
0.149636 -0.893352
0.152614 -0.893352
0.155592 -0.893352
0.158570 -0.893352
0.161548 -0.893352
0.164526 -0.893352
0.167503 -0.893352
0.170481 -0.893352
0.173459 -0.893352
0.176437 -0.893352
0.179415 -0.893352
0.182393 -0.893352
0.185370 -0.893352
0.188348 -0.893352
0.191326 -0.893352
0.194304 -0.893352
0.197282 -0.893352
0.200260 -0.893352
0.203238 -0.893352
0.206215 -0.893352
0.209193 -0.893352
0.212171 -0.893352
0.215149 -0.893352
0.218127 -0.893352
0.221105 -0.893352
0.224082 -0.893352
0.227060 -0.893352
0.230038 -0.893352
0.233016 -0.893352
0.235994 -0.893352
0.238972 -0.893352
0.241949 -0.893352
0.244927 -0.893352
-0.189837 -0.894841
-0.186859 -0.894841
-0.183882 -0.894841
-0.180904 -0.894841
-0.177926 -0.894841
-0.174948 -0.894841
-0.171970 -0.894841
-0.168992 -0.894841
-0.140703 -0.894841
-0.137725 -0.894841
-0.134747 -0.894841
-0.131769 -0.894841
-0.128792 -0.894841
-0.119858 -0.894841
-0.116880 -0.894841
-0.113902 -0.894841
-0.110925 -0.894841
-0.107947 -0.894841
-0.104969 -0.894841
-0.101991 -0.894841
-0.099013 -0.894841
-0.096035 -0.894841
-0.093057 -0.894841
-0.090080 -0.894841
-0.087102 -0.894841
-0.084124 -0.894841
-0.081146 -0.894841
-0.078168 -0.894841
-0.075190 -0.894841
-0.072213 -0.894841
-0.069235 -0.894841
-0.066257 -0.894841
-0.063279 -0.894841
-0.060301 -0.894841
-0.057323 -0.894841
-0.054346 -0.894841
-0.051368 -0.894841
-0.048390 -0.894841
-0.045412 -0.894841
-0.042434 -0.894841
-0.039456 -0.894841
-0.036479 -0.894841
-0.033501 -0.894841
-0.030523 -0.894841
-0.027545 -0.894841
-0.024567 -0.894841
-0.021589 -0.894841
-0.018611 -0.894841
-0.015634 -0.894841
-0.012656 -0.894841
0.142192 -0.894841
0.145170 -0.894841
0.148148 -0.894841
0.151125 -0.894841
0.154103 -0.894841
0.157081 -0.894841
0.160059 -0.894841
0.163037 -0.894841
0.166015 -0.894841
0.168992 -0.894841
0.176437 -0.894841
0.179415 -0.894841
0.182393 -0.894841
0.185370 -0.894841
0.188348 -0.894841
0.191326 -0.894841
0.194304 -0.894841
0.197282 -0.894841
0.200260 -0.894841
0.203238 -0.894841
0.206215 -0.894841
0.209193 -0.894841
0.212171 -0.894841
0.215149 -0.894841
0.218127 -0.894841
0.221105 -0.894841
0.224082 -0.894841
0.227060 -0.894841
0.230038 -0.894841
0.233016 -0.894841
0.235994 -0.894841
0.238972 -0.894841
0.241949 -0.894841
0.244927 -0.894841
-0.192815 -0.896330
-0.189837 -0.896330
-0.186859 -0.896330
-0.183882 -0.896330
-0.180904 -0.896330
-0.177926 -0.896330
-0.174948 -0.896330
-0.171970 -0.896330
-0.146659 -0.896330
-0.143681 -0.896330
-0.140703 -0.896330
-0.137725 -0.896330
-0.134747 -0.896330
-0.131769 -0.896330
-0.128792 -0.896330
-0.125814 -0.896330
-0.118369 -0.896330
-0.115391 -0.896330
-0.112413 -0.896330
-0.109436 -0.896330
-0.106458 -0.896330
-0.103480 -0.896330
-0.100502 -0.896330
-0.097524 -0.896330
-0.094546 -0.896330
-0.091569 -0.896330
-0.088591 -0.896330
-0.085613 -0.896330
-0.082635 -0.896330
-0.079657 -0.896330
-0.076679 -0.896330
-0.073702 -0.896330
-0.070724 -0.896330
-0.067746 -0.896330
-0.064768 -0.896330
-0.061790 -0.896330
-0.058812 -0.896330
-0.055834 -0.896330
-0.052857 -0.896330
-0.049879 -0.896330
-0.046901 -0.896330
-0.043923 -0.896330
-0.040945 -0.896330
-0.037967 -0.896330
-0.034990 -0.896330
-0.032012 -0.896330
-0.029034 -0.896330
-0.026056 -0.896330
-0.023078 -0.896330
-0.020100 -0.896330
-0.017123 -0.896330
-0.014145 -0.896330
-0.011167 -0.896330
0.143681 -0.896330
0.146659 -0.896330
0.149636 -0.896330
0.152614 -0.896330
0.155592 -0.896330
0.158570 -0.896330
0.161548 -0.896330
0.164526 -0.896330
0.167503 -0.896330
0.173459 -0.896330
0.176437 -0.896330
0.180904 -0.896330
0.183882 -0.896330
0.186859 -0.896330
0.189837 -0.896330
0.192815 -0.896330
0.195793 -0.896330
0.198771 -0.896330
0.201749 -0.896330
0.204726 -0.896330
0.207704 -0.896330
0.210682 -0.896330
0.213660 -0.896330
0.216638 -0.896330
0.219616 -0.896330
0.222593 -0.896330
0.225571 -0.896330
0.228549 -0.896330
0.231527 -0.896330
0.234505 -0.896330
0.237483 -0.896330
0.240461 -0.896330
0.243438 -0.896330
-0.195793 -0.897819
-0.192815 -0.897819
-0.189837 -0.897819
-0.186859 -0.897819
-0.183882 -0.897819
-0.180904 -0.897819
-0.177926 -0.897819
-0.174948 -0.897819
-0.171970 -0.897819
-0.145170 -0.897819
-0.142192 -0.897819
-0.139214 -0.897819
-0.136236 -0.897819
-0.133258 -0.897819
-0.130280 -0.897819
-0.127303 -0.897819
-0.124325 -0.897819
-0.118369 -0.897819
-0.115391 -0.897819
-0.112413 -0.897819
-0.109436 -0.897819
-0.104969 -0.897819
-0.101991 -0.897819
-0.099013 -0.897819
-0.096035 -0.897819
-0.093057 -0.897819
-0.090080 -0.897819
-0.087102 -0.897819
-0.084124 -0.897819
-0.081146 -0.897819
-0.078168 -0.897819
-0.075190 -0.897819
-0.072213 -0.897819
-0.069235 -0.897819
-0.066257 -0.897819
-0.063279 -0.897819
-0.060301 -0.897819
-0.057323 -0.897819
-0.054346 -0.897819
-0.051368 -0.897819
-0.048390 -0.897819
-0.045412 -0.897819
-0.042434 -0.897819
-0.039456 -0.897819
-0.036479 -0.897819
-0.033501 -0.897819
-0.030523 -0.897819
-0.024567 -0.897819
-0.021589 -0.897819
-0.018611 -0.897819
-0.014145 -0.897819
-0.011167 -0.897819
0.143681 -0.897819
0.146659 -0.897819
0.149636 -0.897819
0.152614 -0.897819
0.155592 -0.897819
0.158570 -0.897819
0.161548 -0.897819
0.164526 -0.897819
0.167503 -0.897819
0.173459 -0.897819
0.179415 -0.897819
0.182393 -0.897819
0.185370 -0.897819
0.188348 -0.897819
0.191326 -0.897819
0.194304 -0.897819
0.197282 -0.897819
0.200260 -0.897819
0.203238 -0.897819
0.206215 -0.897819
0.209193 -0.897819
0.212171 -0.897819
0.215149 -0.897819
0.218127 -0.897819
0.221105 -0.897819
0.224082 -0.897819
0.227060 -0.897819
0.230038 -0.897819
0.233016 -0.897819
0.235994 -0.897819
0.238972 -0.897819
-0.198771 -0.899307
-0.195793 -0.899307
-0.192815 -0.899307
-0.189837 -0.899307
-0.186859 -0.899307
-0.183882 -0.899307
-0.180904 -0.899307
-0.177926 -0.899307
-0.174948 -0.899307
-0.171970 -0.899307
-0.168992 -0.899307
-0.152614 -0.899307
-0.149636 -0.899307
-0.146659 -0.899307
-0.143681 -0.899307
-0.140703 -0.899307
-0.137725 -0.899307
-0.134747 -0.899307
-0.131769 -0.899307
-0.128792 -0.899307
-0.125814 -0.899307
-0.122836 -0.899307
-0.118369 -0.899307
-0.115391 -0.899307
-0.112413 -0.899307
-0.107947 -0.899307
-0.104969 -0.899307
-0.101991 -0.899307
-0.099013 -0.899307
-0.096035 -0.899307
-0.093057 -0.899307
-0.090080 -0.899307
-0.087102 -0.899307
-0.084124 -0.899307
-0.081146 -0.899307
-0.078168 -0.899307
-0.075190 -0.899307
-0.072213 -0.899307
-0.069235 -0.899307
-0.066257 -0.899307
-0.063279 -0.899307
-0.060301 -0.899307
-0.057323 -0.899307
-0.054346 -0.899307
-0.051368 -0.899307
-0.048390 -0.899307
-0.045412 -0.899307
-0.042434 -0.899307
-0.039456 -0.899307
-0.036479 -0.899307
-0.033501 -0.899307
-0.029034 -0.899307
-0.026056 -0.899307
-0.023078 -0.899307
-0.020100 -0.899307
-0.017123 -0.899307
-0.011167 -0.899307
0.142192 -0.899307
0.145170 -0.899307
0.148148 -0.899307
0.151125 -0.899307
0.154103 -0.899307
0.157081 -0.899307
0.160059 -0.899307
0.163037 -0.899307
0.166015 -0.899307
0.168992 -0.899307
0.173459 -0.899307
0.177926 -0.899307
0.180904 -0.899307
0.183882 -0.899307
0.186859 -0.899307
0.189837 -0.899307
0.192815 -0.899307
0.195793 -0.899307
0.198771 -0.899307
0.201749 -0.899307
0.204726 -0.899307
0.207704 -0.899307
0.210682 -0.899307
0.213660 -0.899307
0.216638 -0.899307
0.219616 -0.899307
0.222593 -0.899307
0.225571 -0.899307
0.228549 -0.899307
0.231527 -0.899307
0.234505 -0.899307
0.237483 -0.899307
0.240461 -0.899307
-0.201749 -0.900796
-0.198771 -0.900796
-0.195793 -0.900796
-0.192815 -0.900796
-0.189837 -0.900796
-0.186859 -0.900796
-0.183882 -0.900796
-0.180904 -0.900796
-0.177926 -0.900796
-0.174948 -0.900796
-0.171970 -0.900796
-0.168992 -0.900796
-0.152614 -0.900796
-0.149636 -0.900796
-0.146659 -0.900796
-0.143681 -0.900796
-0.140703 -0.900796
-0.137725 -0.900796
-0.134747 -0.900796
-0.131769 -0.900796
-0.128792 -0.900796
-0.125814 -0.900796
-0.121347 -0.900796
-0.118369 -0.900796
-0.115391 -0.900796
-0.110925 -0.900796
-0.107947 -0.900796
-0.104969 -0.900796
-0.101991 -0.900796
-0.099013 -0.900796
-0.096035 -0.900796
-0.093057 -0.900796
-0.090080 -0.900796
-0.087102 -0.900796
-0.084124 -0.900796
-0.081146 -0.900796
-0.078168 -0.900796
-0.075190 -0.900796
-0.072213 -0.900796
-0.069235 -0.900796
-0.066257 -0.900796
-0.063279 -0.900796
-0.060301 -0.900796
-0.057323 -0.900796
-0.054346 -0.900796
-0.051368 -0.900796
-0.048390 -0.900796
-0.045412 -0.900796
-0.042434 -0.900796
-0.039456 -0.900796
-0.033501 -0.900796
-0.030523 -0.900796
-0.027545 -0.900796
-0.024567 -0.900796
-0.021589 -0.900796
-0.018611 -0.900796
-0.014145 -0.900796
-0.011167 -0.900796
0.140703 -0.900796
0.143681 -0.900796
0.148148 -0.900796
0.151125 -0.900796
0.154103 -0.900796
0.157081 -0.900796
0.160059 -0.900796
0.163037 -0.900796
0.166015 -0.900796
0.168992 -0.900796
0.173459 -0.900796
0.179415 -0.900796
0.182393 -0.900796
0.185370 -0.900796
0.188348 -0.900796
0.191326 -0.900796
0.194304 -0.900796
0.197282 -0.900796
0.200260 -0.900796
0.203238 -0.900796
0.206215 -0.900796
0.209193 -0.900796
0.212171 -0.900796
0.215149 -0.900796
0.218127 -0.900796
0.221105 -0.900796
0.224082 -0.900796
0.227060 -0.900796
0.230038 -0.900796
0.233016 -0.900796
0.235994 -0.900796
0.238972 -0.900796
0.241949 -0.900796
-0.201749 -0.902285
-0.198771 -0.902285
-0.195793 -0.902285
-0.192815 -0.902285
-0.189837 -0.902285
-0.163037 -0.902285
-0.160059 -0.902285
-0.151125 -0.902285
-0.148148 -0.902285
-0.145170 -0.902285
-0.142192 -0.902285
-0.139214 -0.902285
-0.136236 -0.902285
-0.133258 -0.902285
-0.130280 -0.902285
-0.127303 -0.902285
-0.124325 -0.902285
-0.119858 -0.902285
-0.113902 -0.902285
-0.110925 -0.902285
-0.107947 -0.902285
-0.104969 -0.902285
-0.101991 -0.902285
-0.099013 -0.902285
-0.096035 -0.902285
-0.093057 -0.902285
-0.090080 -0.902285
-0.087102 -0.902285
-0.084124 -0.902285
-0.081146 -0.902285
-0.078168 -0.902285
-0.075190 -0.902285
-0.072213 -0.902285
-0.069235 -0.902285
-0.066257 -0.902285
-0.063279 -0.902285
-0.060301 -0.902285
-0.057323 -0.902285
-0.054346 -0.902285
-0.051368 -0.902285
-0.048390 -0.902285
-0.045412 -0.902285
-0.042434 -0.902285
-0.036479 -0.902285
-0.033501 -0.902285
-0.030523 -0.902285
-0.027545 -0.902285
-0.024567 -0.902285
-0.021589 -0.902285
-0.018611 -0.902285
-0.014145 -0.902285
-0.011167 -0.902285
0.079657 -0.902285
0.085613 -0.902285
0.142192 -0.902285
0.146659 -0.902285
0.149636 -0.902285
0.152614 -0.902285
0.155592 -0.902285
0.158570 -0.902285
0.161548 -0.902285
0.164526 -0.902285
0.167503 -0.902285
0.170481 -0.902285
0.173459 -0.902285
0.177926 -0.902285
0.180904 -0.902285
0.183882 -0.902285
0.186859 -0.902285
0.189837 -0.902285
0.192815 -0.902285
0.195793 -0.902285
0.198771 -0.902285
0.201749 -0.902285
0.204726 -0.902285
0.207704 -0.902285
0.210682 -0.902285
0.215149 -0.902285
0.218127 -0.902285
0.221105 -0.902285
0.224082 -0.902285
0.227060 -0.902285
0.233016 -0.902285
0.235994 -0.902285
0.238972 -0.902285
0.241949 -0.902285
-0.204726 -0.903774
-0.201749 -0.903774
-0.198771 -0.903774
-0.151125 -0.903774
-0.148148 -0.903774
-0.145170 -0.903774
-0.142192 -0.903774
-0.139214 -0.903774
-0.136236 -0.903774
-0.133258 -0.903774
-0.130280 -0.903774
-0.125814 -0.903774
-0.122836 -0.903774
-0.119858 -0.903774
-0.116880 -0.903774
-0.113902 -0.903774
-0.110925 -0.903774
-0.107947 -0.903774
-0.104969 -0.903774
-0.101991 -0.903774
-0.099013 -0.903774
-0.096035 -0.903774
-0.093057 -0.903774
-0.090080 -0.903774
-0.087102 -0.903774
-0.084124 -0.903774
-0.081146 -0.903774
-0.078168 -0.903774
-0.075190 -0.903774
-0.072213 -0.903774
-0.069235 -0.903774
-0.066257 -0.903774
-0.063279 -0.903774
-0.060301 -0.903774
-0.057323 -0.903774
-0.054346 -0.903774
-0.051368 -0.903774
-0.048390 -0.903774
-0.045412 -0.903774
-0.042434 -0.903774
-0.039456 -0.903774
-0.036479 -0.903774
-0.033501 -0.903774
-0.030523 -0.903774
-0.027545 -0.903774
-0.024567 -0.903774
-0.021589 -0.903774
-0.018611 -0.903774
-0.014145 -0.903774
-0.011167 -0.903774
0.084124 -0.903774
0.142192 -0.903774
0.146659 -0.903774
0.149636 -0.903774
0.152614 -0.903774
0.155592 -0.903774
0.158570 -0.903774
0.161548 -0.903774
0.164526 -0.903774
0.167503 -0.903774
0.170481 -0.903774
0.173459 -0.903774
0.179415 -0.903774
0.182393 -0.903774
0.189837 -0.903774
0.192815 -0.903774
0.195793 -0.903774
0.198771 -0.903774
0.201749 -0.903774
0.204726 -0.903774
0.207704 -0.903774
0.210682 -0.903774
0.215149 -0.903774
0.218127 -0.903774
0.221105 -0.903774
0.224082 -0.903774
0.228549 -0.903774
0.233016 -0.903774
0.235994 -0.903774
0.238972 -0.903774
0.241949 -0.903774
-0.209193 -0.905263
-0.206215 -0.905263
-0.203238 -0.905263
-0.200260 -0.905263
-0.197282 -0.905263
-0.194304 -0.905263
-0.191326 -0.905263
-0.188348 -0.905263
-0.185370 -0.905263
-0.149636 -0.905263
-0.146659 -0.905263
-0.143681 -0.905263
-0.140703 -0.905263
-0.137725 -0.905263
-0.134747 -0.905263
-0.131769 -0.905263
-0.125814 -0.905263
-0.122836 -0.905263
-0.119858 -0.905263
-0.116880 -0.905263
-0.113902 -0.905263
-0.109436 -0.905263
-0.106458 -0.905263
-0.103480 -0.905263
-0.100502 -0.905263
-0.097524 -0.905263
-0.094546 -0.905263
-0.091569 -0.905263
-0.088591 -0.905263
-0.085613 -0.905263
-0.082635 -0.905263
-0.079657 -0.905263
-0.076679 -0.905263
-0.073702 -0.905263
-0.070724 -0.905263
-0.067746 -0.905263
-0.064768 -0.905263
-0.061790 -0.905263
-0.058812 -0.905263
-0.055834 -0.905263
-0.052857 -0.905263
-0.049879 -0.905263
-0.046901 -0.905263
-0.043923 -0.905263
-0.040945 -0.905263
-0.037967 -0.905263
-0.034990 -0.905263
-0.032012 -0.905263
-0.029034 -0.905263
-0.026056 -0.905263
-0.023078 -0.905263
-0.020100 -0.905263
-0.017123 -0.905263
-0.012656 -0.905263
0.073702 -0.905263
0.084124 -0.905263
0.142192 -0.905263
0.145170 -0.905263
0.148148 -0.905263
0.151125 -0.905263
0.154103 -0.905263
0.157081 -0.905263
0.160059 -0.905263
0.163037 -0.905263
0.166015 -0.905263
0.168992 -0.905263
0.171970 -0.905263
0.174948 -0.905263
0.180904 -0.905263
0.189837 -0.905263
0.192815 -0.905263
0.195793 -0.905263
0.198771 -0.905263
0.201749 -0.905263
0.204726 -0.905263
0.207704 -0.905263
0.210682 -0.905263
0.221105 -0.905263
0.227060 -0.905263
0.230038 -0.905263
0.233016 -0.905263
0.235994 -0.905263
0.238972 -0.905263
0.241949 -0.905263
-0.212171 -0.906752
-0.209193 -0.906752
-0.206215 -0.906752
-0.203238 -0.906752
-0.200260 -0.906752
-0.197282 -0.906752
-0.194304 -0.906752
-0.191326 -0.906752
-0.188348 -0.906752
-0.185370 -0.906752
-0.182393 -0.906752
-0.179415 -0.906752
-0.176437 -0.906752
-0.173459 -0.906752
-0.148148 -0.906752
-0.145170 -0.906752
-0.142192 -0.906752
-0.139214 -0.906752
-0.136236 -0.906752
-0.133258 -0.906752
-0.125814 -0.906752
-0.122836 -0.906752
-0.119858 -0.906752
-0.116880 -0.906752
-0.110925 -0.906752
-0.107947 -0.906752
-0.104969 -0.906752
-0.101991 -0.906752
-0.099013 -0.906752
-0.096035 -0.906752
-0.093057 -0.906752
-0.090080 -0.906752
-0.087102 -0.906752
-0.084124 -0.906752
-0.081146 -0.906752
-0.078168 -0.906752
-0.075190 -0.906752
-0.072213 -0.906752
-0.069235 -0.906752
-0.066257 -0.906752
-0.063279 -0.906752
-0.060301 -0.906752
-0.057323 -0.906752
-0.054346 -0.906752
-0.051368 -0.906752
-0.048390 -0.906752
-0.045412 -0.906752
-0.042434 -0.906752
-0.039456 -0.906752
-0.036479 -0.906752
-0.033501 -0.906752
-0.030523 -0.906752
-0.027545 -0.906752
-0.024567 -0.906752
-0.021589 -0.906752
-0.018611 -0.906752
-0.014145 -0.906752
-0.011167 -0.906752
0.075190 -0.906752
0.082635 -0.906752
0.142192 -0.906752
0.146659 -0.906752
0.149636 -0.906752
0.152614 -0.906752
0.155592 -0.906752
0.158570 -0.906752
0.161548 -0.906752
0.164526 -0.906752
0.167503 -0.906752
0.170481 -0.906752
0.173459 -0.906752
0.176437 -0.906752
0.191326 -0.906752
0.195793 -0.906752
0.198771 -0.906752
0.201749 -0.906752
0.204726 -0.906752
0.207704 -0.906752
0.210682 -0.906752
0.213660 -0.906752
0.228549 -0.906752
0.231527 -0.906752
0.234505 -0.906752
0.237483 -0.906752
0.240461 -0.906752
0.243438 -0.906752
-0.213660 -0.908241
-0.210682 -0.908241
-0.207704 -0.908241
-0.204726 -0.908241
-0.201749 -0.908241
-0.198771 -0.908241
-0.195793 -0.908241
-0.192815 -0.908241
-0.189837 -0.908241
-0.186859 -0.908241
-0.183882 -0.908241
-0.180904 -0.908241
-0.177926 -0.908241
-0.174948 -0.908241
-0.171970 -0.908241
-0.168992 -0.908241
-0.146659 -0.908241
-0.143681 -0.908241
-0.140703 -0.908241
-0.137725 -0.908241
-0.134747 -0.908241
-0.124325 -0.908241
-0.121347 -0.908241
-0.115391 -0.908241
-0.112413 -0.908241
-0.109436 -0.908241
-0.106458 -0.908241
-0.103480 -0.908241
-0.100502 -0.908241
-0.097524 -0.908241
-0.094546 -0.908241
-0.091569 -0.908241
-0.088591 -0.908241
-0.085613 -0.908241
-0.082635 -0.908241
-0.079657 -0.908241
-0.076679 -0.908241
-0.073702 -0.908241
-0.070724 -0.908241
-0.067746 -0.908241
-0.064768 -0.908241
-0.061790 -0.908241
-0.057323 -0.908241
-0.054346 -0.908241
-0.051368 -0.908241
-0.048390 -0.908241
-0.045412 -0.908241
-0.042434 -0.908241
-0.039456 -0.908241
-0.036479 -0.908241
-0.033501 -0.908241
-0.030523 -0.908241
-0.027545 -0.908241
-0.024567 -0.908241
-0.021589 -0.908241
-0.018611 -0.908241
-0.014145 -0.908241
-0.011167 -0.908241
0.064768 -0.908241
0.073702 -0.908241
0.076679 -0.908241
0.090080 -0.908241
0.097524 -0.908241
0.140703 -0.908241
0.145170 -0.908241
0.148148 -0.908241
0.151125 -0.908241
0.154103 -0.908241
0.157081 -0.908241
0.160059 -0.908241
0.163037 -0.908241
0.166015 -0.908241
0.168992 -0.908241
0.171970 -0.908241
0.174948 -0.908241
0.192815 -0.908241
0.195793 -0.908241
0.198771 -0.908241
0.201749 -0.908241
0.204726 -0.908241
0.207704 -0.908241
0.210682 -0.908241
0.213660 -0.908241
0.216638 -0.908241
0.230038 -0.908241
0.233016 -0.908241
0.235994 -0.908241
0.238972 -0.908241
0.241949 -0.908241
0.244927 -0.908241
-0.215149 -0.909730
-0.212171 -0.909730
-0.209193 -0.909730
-0.206215 -0.909730
-0.203238 -0.909730
-0.200260 -0.909730
-0.197282 -0.909730
-0.194304 -0.909730
-0.191326 -0.909730
-0.188348 -0.909730
-0.185370 -0.909730
-0.182393 -0.909730
-0.179415 -0.909730
-0.176437 -0.909730
-0.173459 -0.909730
-0.170481 -0.909730
-0.167503 -0.909730
-0.164526 -0.909730
-0.161548 -0.909730
-0.145170 -0.909730
-0.142192 -0.909730
-0.139214 -0.909730
-0.136236 -0.909730
-0.116880 -0.909730
-0.113902 -0.909730
-0.110925 -0.909730
-0.107947 -0.909730
-0.104969 -0.909730
-0.101991 -0.909730
-0.099013 -0.909730
-0.096035 -0.909730
-0.093057 -0.909730
-0.090080 -0.909730
-0.087102 -0.909730
-0.084124 -0.909730
-0.081146 -0.909730
-0.078168 -0.909730
-0.075190 -0.909730
-0.072213 -0.909730
-0.069235 -0.909730
-0.066257 -0.909730
-0.063279 -0.909730
-0.060301 -0.909730
-0.057323 -0.909730
-0.054346 -0.909730
-0.051368 -0.909730
-0.048390 -0.909730
-0.045412 -0.909730
-0.042434 -0.909730
-0.039456 -0.909730
-0.036479 -0.909730
-0.033501 -0.909730
-0.030523 -0.909730
-0.027545 -0.909730
-0.024567 -0.909730
-0.021589 -0.909730
-0.018611 -0.909730
-0.014145 -0.909730
-0.011167 -0.909730
0.067746 -0.909730
0.076679 -0.909730
0.090080 -0.909730
0.097524 -0.909730
0.139214 -0.909730
0.142192 -0.909730
0.146659 -0.909730
0.149636 -0.909730
0.152614 -0.909730
0.155592 -0.909730
0.158570 -0.909730
0.161548 -0.909730
0.164526 -0.909730
0.167503 -0.909730
0.170481 -0.909730
0.186859 -0.909730
0.189837 -0.909730
0.192815 -0.909730
0.195793 -0.909730
0.198771 -0.909730
0.201749 -0.909730
0.204726 -0.909730
0.207704 -0.909730
0.210682 -0.909730
0.213660 -0.909730
0.216638 -0.909730
0.219616 -0.909730
0.233016 -0.909730
0.235994 -0.909730
0.238972 -0.909730
0.241949 -0.909730
0.244927 -0.909730
-0.216638 -0.911219
-0.213660 -0.911219
-0.210682 -0.911219
-0.207704 -0.911219
-0.179415 -0.911219
-0.176437 -0.911219
-0.173459 -0.911219
-0.170481 -0.911219
-0.167503 -0.911219
-0.164526 -0.911219
-0.160059 -0.911219
-0.157081 -0.911219
-0.143681 -0.911219
-0.140703 -0.911219
-0.137725 -0.911219
-0.113902 -0.911219
-0.110925 -0.911219
-0.107947 -0.911219
-0.104969 -0.911219
-0.101991 -0.911219
-0.099013 -0.911219
-0.096035 -0.911219
-0.093057 -0.911219
-0.090080 -0.911219
-0.087102 -0.911219
-0.084124 -0.911219
-0.081146 -0.911219
-0.078168 -0.911219
-0.075190 -0.911219
-0.072213 -0.911219
-0.069235 -0.911219
-0.066257 -0.911219
-0.063279 -0.911219
-0.060301 -0.911219
-0.057323 -0.911219
-0.054346 -0.911219
-0.051368 -0.911219
-0.048390 -0.911219
-0.045412 -0.911219
-0.042434 -0.911219
-0.039456 -0.911219
-0.036479 -0.911219
-0.033501 -0.911219
-0.030523 -0.911219
-0.027545 -0.911219
-0.024567 -0.911219
-0.021589 -0.911219
-0.018611 -0.911219
-0.014145 -0.911219
-0.011167 -0.911219
-0.003722 -0.911219
0.046901 -0.911219
0.058812 -0.911219
0.076679 -0.911219
0.140703 -0.911219
0.143681 -0.911219
0.146659 -0.911219
0.149636 -0.911219
0.152614 -0.911219
0.155592 -0.911219
0.158570 -0.911219
0.161548 -0.911219
0.164526 -0.911219
0.167503 -0.911219
0.170481 -0.911219
0.185370 -0.911219
0.188348 -0.911219
0.191326 -0.911219
0.194304 -0.911219
0.197282 -0.911219
0.200260 -0.911219
0.203238 -0.911219
0.206215 -0.911219
0.209193 -0.911219
0.212171 -0.911219
0.215149 -0.911219
0.218127 -0.911219
0.221105 -0.911219
0.233016 -0.911219
0.235994 -0.911219
0.238972 -0.911219
0.241949 -0.911219
0.244927 -0.911219
-0.218127 -0.912708
-0.215149 -0.912708
-0.212171 -0.912708
-0.209193 -0.912708
-0.206215 -0.912708
-0.203238 -0.912708
-0.200260 -0.912708
-0.170481 -0.912708
-0.167503 -0.912708
-0.164526 -0.912708
-0.161548 -0.912708
-0.155592 -0.912708
-0.143681 -0.912708
-0.140703 -0.912708
-0.137725 -0.912708
-0.115391 -0.912708
-0.112413 -0.912708
-0.109436 -0.912708
-0.106458 -0.912708
-0.103480 -0.912708
-0.100502 -0.912708
-0.097524 -0.912708
-0.094546 -0.912708
-0.091569 -0.912708
-0.088591 -0.912708
-0.085613 -0.912708
-0.082635 -0.912708
-0.079657 -0.912708
-0.076679 -0.912708
-0.073702 -0.912708
-0.070724 -0.912708
-0.067746 -0.912708
-0.064768 -0.912708
-0.061790 -0.912708
-0.058812 -0.912708
-0.055834 -0.912708
-0.052857 -0.912708
-0.049879 -0.912708
-0.046901 -0.912708
-0.043923 -0.912708
-0.040945 -0.912708
-0.037967 -0.912708
-0.034990 -0.912708
-0.032012 -0.912708
-0.029034 -0.912708
-0.026056 -0.912708
-0.023078 -0.912708
-0.020100 -0.912708
-0.017123 -0.912708
-0.014145 -0.912708
-0.011167 -0.912708
0.052857 -0.912708
0.055834 -0.912708
0.139214 -0.912708
0.142192 -0.912708
0.145170 -0.912708
0.148148 -0.912708
0.151125 -0.912708
0.154103 -0.912708
0.157081 -0.912708
0.160059 -0.912708
0.163037 -0.912708
0.166015 -0.912708
0.168992 -0.912708
0.171970 -0.912708
0.183882 -0.912708
0.186859 -0.912708
0.189837 -0.912708
0.192815 -0.912708
0.195793 -0.912708
0.198771 -0.912708
0.201749 -0.912708
0.204726 -0.912708
0.207704 -0.912708
0.210682 -0.912708
0.213660 -0.912708
0.216638 -0.912708
0.219616 -0.912708
0.222593 -0.912708
0.233016 -0.912708
0.235994 -0.912708
0.238972 -0.912708
0.243438 -0.912708
-0.221105 -0.914197
-0.218127 -0.914197
-0.215149 -0.914197
-0.212171 -0.914197
-0.209193 -0.914197
-0.206215 -0.914197
-0.203238 -0.914197
-0.200260 -0.914197
-0.197282 -0.914197
-0.194304 -0.914197
-0.167503 -0.914197
-0.164526 -0.914197
-0.161548 -0.914197
-0.158570 -0.914197
-0.155592 -0.914197
-0.152614 -0.914197
-0.142192 -0.914197
-0.124325 -0.914197
-0.121347 -0.914197
-0.118369 -0.914197
-0.115391 -0.914197
-0.112413 -0.914197
-0.109436 -0.914197
-0.106458 -0.914197
-0.103480 -0.914197
-0.100502 -0.914197
-0.097524 -0.914197
-0.094546 -0.914197
-0.091569 -0.914197
-0.088591 -0.914197
-0.085613 -0.914197
-0.082635 -0.914197
-0.079657 -0.914197
-0.076679 -0.914197
-0.073702 -0.914197
-0.070724 -0.914197
-0.067746 -0.914197
-0.064768 -0.914197
-0.061790 -0.914197
-0.058812 -0.914197
-0.055834 -0.914197
-0.052857 -0.914197
-0.049879 -0.914197
-0.046901 -0.914197
-0.043923 -0.914197
-0.040945 -0.914197
-0.037967 -0.914197
-0.034990 -0.914197
-0.032012 -0.914197
-0.029034 -0.914197
-0.026056 -0.914197
-0.023078 -0.914197
-0.020100 -0.914197
-0.017123 -0.914197
-0.014145 -0.914197
-0.011167 -0.914197
-0.008189 -0.914197
-0.005211 -0.914197
-0.002233 -0.914197
0.000744 -0.914197
0.139214 -0.914197
0.142192 -0.914197
0.145170 -0.914197
0.148148 -0.914197
0.151125 -0.914197
0.154103 -0.914197
0.157081 -0.914197
0.160059 -0.914197
0.163037 -0.914197
0.166015 -0.914197
0.168992 -0.914197
0.171970 -0.914197
0.183882 -0.914197
0.186859 -0.914197
0.189837 -0.914197
0.192815 -0.914197
0.195793 -0.914197
0.198771 -0.914197
0.201749 -0.914197
0.204726 -0.914197
0.207704 -0.914197
0.210682 -0.914197
0.213660 -0.914197
0.216638 -0.914197
0.219616 -0.914197
0.222593 -0.914197
0.225571 -0.914197
0.235994 -0.914197
0.238972 -0.914197
0.243438 -0.914197
0.246416 -0.914197
-0.222593 -0.915686
-0.219616 -0.915686
-0.216638 -0.915686
-0.213660 -0.915686
-0.210682 -0.915686
-0.207704 -0.915686
-0.204726 -0.915686
-0.201749 -0.915686
-0.198771 -0.915686
-0.195793 -0.915686
-0.192815 -0.915686
-0.189837 -0.915686
-0.164526 -0.915686
-0.161548 -0.915686
-0.158570 -0.915686
-0.155592 -0.915686
-0.152614 -0.915686
-0.149636 -0.915686
-0.140703 -0.915686
-0.128792 -0.915686
-0.125814 -0.915686
-0.122836 -0.915686
-0.119858 -0.915686
-0.116880 -0.915686
-0.113902 -0.915686
-0.110925 -0.915686
-0.107947 -0.915686
-0.104969 -0.915686
-0.101991 -0.915686
-0.099013 -0.915686
-0.096035 -0.915686
-0.093057 -0.915686
-0.090080 -0.915686
-0.087102 -0.915686
-0.084124 -0.915686
-0.081146 -0.915686
-0.078168 -0.915686
-0.075190 -0.915686
-0.072213 -0.915686
-0.069235 -0.915686
-0.066257 -0.915686
-0.063279 -0.915686
-0.060301 -0.915686
-0.057323 -0.915686
-0.054346 -0.915686
-0.051368 -0.915686
-0.048390 -0.915686
-0.045412 -0.915686
-0.042434 -0.915686
-0.039456 -0.915686
-0.036479 -0.915686
-0.033501 -0.915686
-0.030523 -0.915686
-0.027545 -0.915686
-0.024567 -0.915686
-0.021589 -0.915686
-0.018611 -0.915686
-0.015634 -0.915686
-0.012656 -0.915686
-0.009678 -0.915686
-0.006700 -0.915686
0.139214 -0.915686
0.142192 -0.915686
0.145170 -0.915686
0.148148 -0.915686
0.152614 -0.915686
0.155592 -0.915686
0.158570 -0.915686
0.161548 -0.915686
0.164526 -0.915686
0.167503 -0.915686
0.170481 -0.915686
0.173459 -0.915686
0.185370 -0.915686
0.188348 -0.915686
0.191326 -0.915686
0.197282 -0.915686
0.200260 -0.915686
0.203238 -0.915686
0.206215 -0.915686
0.209193 -0.915686
0.212171 -0.915686
0.215149 -0.915686
0.218127 -0.915686
0.221105 -0.915686
0.224082 -0.915686
0.227060 -0.915686
0.237483 -0.915686
0.240461 -0.915686
0.243438 -0.915686
0.246416 -0.915686
-0.225571 -0.917175
-0.222593 -0.917175
-0.219616 -0.917175
-0.201749 -0.917175
-0.198771 -0.917175
-0.195793 -0.917175
-0.192815 -0.917175
-0.189837 -0.917175
-0.186859 -0.917175
-0.183882 -0.917175
-0.161548 -0.917175
-0.158570 -0.917175
-0.155592 -0.917175
-0.152614 -0.917175
-0.149636 -0.917175
-0.140703 -0.917175
-0.130280 -0.917175
-0.127303 -0.917175
-0.124325 -0.917175
-0.121347 -0.917175
-0.118369 -0.917175
-0.115391 -0.917175
-0.112413 -0.917175
-0.109436 -0.917175
-0.106458 -0.917175
-0.103480 -0.917175
-0.100502 -0.917175
-0.097524 -0.917175
-0.094546 -0.917175
-0.091569 -0.917175
-0.088591 -0.917175
-0.085613 -0.917175
-0.082635 -0.917175
-0.079657 -0.917175
-0.076679 -0.917175
-0.073702 -0.917175
-0.070724 -0.917175
-0.067746 -0.917175
-0.064768 -0.917175
-0.060301 -0.917175
-0.057323 -0.917175
-0.054346 -0.917175
-0.051368 -0.917175
-0.048390 -0.917175
-0.043923 -0.917175
-0.040945 -0.917175
-0.037967 -0.917175
-0.034990 -0.917175
-0.032012 -0.917175
-0.029034 -0.917175
-0.026056 -0.917175
-0.023078 -0.917175
-0.020100 -0.917175
-0.017123 -0.917175
-0.014145 -0.917175
-0.011167 -0.917175
0.140703 -0.917175
0.143681 -0.917175
0.146659 -0.917175
0.151125 -0.917175
0.154103 -0.917175
0.157081 -0.917175
0.160059 -0.917175
0.163037 -0.917175
0.166015 -0.917175
0.168992 -0.917175
0.171970 -0.917175
0.183882 -0.917175
0.186859 -0.917175
0.195793 -0.917175
0.198771 -0.917175
0.201749 -0.917175
0.204726 -0.917175
0.207704 -0.917175
0.210682 -0.917175
0.213660 -0.917175
0.218127 -0.917175
0.221105 -0.917175
0.224082 -0.917175
0.227060 -0.917175
0.237483 -0.917175
0.240461 -0.917175
0.244927 -0.917175
0.323840 -0.917175
-0.305973 -0.918663
-0.230038 -0.918663
-0.227060 -0.918663
-0.224082 -0.918663
-0.197282 -0.918663
-0.194304 -0.918663
-0.191326 -0.918663
-0.188348 -0.918663
-0.185370 -0.918663
-0.182393 -0.918663
-0.163037 -0.918663
-0.160059 -0.918663
-0.157081 -0.918663
-0.154103 -0.918663
-0.151125 -0.918663
-0.148148 -0.918663
-0.145170 -0.918663
-0.139214 -0.918663
-0.133258 -0.918663
-0.130280 -0.918663
-0.127303 -0.918663
-0.124325 -0.918663
-0.121347 -0.918663
-0.118369 -0.918663
-0.115391 -0.918663
-0.112413 -0.918663
-0.109436 -0.918663
-0.106458 -0.918663
-0.103480 -0.918663
-0.100502 -0.918663
-0.097524 -0.918663
-0.094546 -0.918663
-0.091569 -0.918663
-0.088591 -0.918663
-0.085613 -0.918663
-0.082635 -0.918663
-0.079657 -0.918663
-0.076679 -0.918663
-0.073702 -0.918663
-0.070724 -0.918663
-0.067746 -0.918663
-0.064768 -0.918663
-0.061790 -0.918663
-0.058812 -0.918663
-0.055834 -0.918663
-0.052857 -0.918663
-0.046901 -0.918663
-0.043923 -0.918663
-0.040945 -0.918663
-0.037967 -0.918663
-0.034990 -0.918663
-0.032012 -0.918663
-0.029034 -0.918663
-0.026056 -0.918663
-0.023078 -0.918663
-0.020100 -0.918663
-0.017123 -0.918663
-0.014145 -0.918663
-0.011167 -0.918663
0.009678 -0.918663
0.139214 -0.918663
0.142192 -0.918663
0.145170 -0.918663
0.148148 -0.918663
0.152614 -0.918663
0.155592 -0.918663
0.158570 -0.918663
0.161548 -0.918663
0.164526 -0.918663
0.167503 -0.918663
0.170481 -0.918663
0.173459 -0.918663
0.177926 -0.918663
0.197282 -0.918663
0.200260 -0.918663
0.203238 -0.918663
0.206215 -0.918663
0.209193 -0.918663
0.212171 -0.918663
0.215149 -0.918663
0.224082 -0.918663
0.235994 -0.918663
0.238972 -0.918663
0.241949 -0.918663
0.246416 -0.918663
0.295551 -0.918663
-0.233016 -0.920152
-0.230038 -0.920152
-0.227060 -0.920152
-0.213660 -0.920152
-0.191326 -0.920152
-0.188348 -0.920152
-0.185370 -0.920152
-0.182393 -0.920152
-0.179415 -0.920152
-0.164526 -0.920152
-0.161548 -0.920152
-0.158570 -0.920152
-0.155592 -0.920152
-0.152614 -0.920152
-0.149636 -0.920152
-0.146659 -0.920152
-0.143681 -0.920152
-0.137725 -0.920152
-0.131769 -0.920152
-0.128792 -0.920152
-0.125814 -0.920152
-0.122836 -0.920152
-0.119858 -0.920152
-0.116880 -0.920152
-0.113902 -0.920152
-0.110925 -0.920152
-0.107947 -0.920152
-0.104969 -0.920152
-0.101991 -0.920152
-0.099013 -0.920152
-0.096035 -0.920152
-0.093057 -0.920152
-0.090080 -0.920152
-0.087102 -0.920152
-0.084124 -0.920152
-0.081146 -0.920152
-0.078168 -0.920152
-0.075190 -0.920152
-0.072213 -0.920152
-0.069235 -0.920152
-0.066257 -0.920152
-0.063279 -0.920152
-0.060301 -0.920152
-0.057323 -0.920152
-0.054346 -0.920152
-0.051368 -0.920152
-0.048390 -0.920152
-0.045412 -0.920152
-0.042434 -0.920152
-0.039456 -0.920152
-0.036479 -0.920152
-0.033501 -0.920152
-0.030523 -0.920152
-0.027545 -0.920152
-0.024567 -0.920152
-0.021589 -0.920152
-0.018611 -0.920152
-0.015634 -0.920152
-0.012656 -0.920152
0.009678 -0.920152
0.012656 -0.920152
0.137725 -0.920152
0.140703 -0.920152
0.143681 -0.920152
0.146659 -0.920152
0.151125 -0.920152
0.154103 -0.920152
0.157081 -0.920152
0.160059 -0.920152
0.163037 -0.920152
0.166015 -0.920152
0.168992 -0.920152
0.171970 -0.920152
0.174948 -0.920152
0.195793 -0.920152
0.198771 -0.920152
0.201749 -0.920152
0.204726 -0.920152
0.207704 -0.920152
0.210682 -0.920152
0.213660 -0.920152
0.218127 -0.920152
0.237483 -0.920152
0.240461 -0.920152
0.243438 -0.920152
0.247905 -0.920152
-0.323840 -0.921641
-0.235994 -0.921641
-0.233016 -0.921641
-0.230038 -0.921641
-0.219616 -0.921641
-0.188348 -0.921641
-0.185370 -0.921641
-0.182393 -0.921641
-0.177926 -0.921641
-0.174948 -0.921641
-0.166015 -0.921641
-0.163037 -0.921641
-0.160059 -0.921641
-0.157081 -0.921641
-0.154103 -0.921641
-0.151125 -0.921641
-0.148148 -0.921641
-0.145170 -0.921641
-0.139214 -0.921641
-0.136236 -0.921641
-0.131769 -0.921641
-0.128792 -0.921641
-0.125814 -0.921641
-0.122836 -0.921641
-0.119858 -0.921641
-0.116880 -0.921641
-0.113902 -0.921641
-0.110925 -0.921641
-0.107947 -0.921641
-0.104969 -0.921641
-0.101991 -0.921641
-0.099013 -0.921641
-0.096035 -0.921641
-0.093057 -0.921641
-0.090080 -0.921641
-0.087102 -0.921641
-0.084124 -0.921641
-0.081146 -0.921641
-0.078168 -0.921641
-0.075190 -0.921641
-0.072213 -0.921641
-0.069235 -0.921641
-0.066257 -0.921641
-0.063279 -0.921641
-0.060301 -0.921641
-0.057323 -0.921641
-0.054346 -0.921641
-0.051368 -0.921641
-0.048390 -0.921641
-0.045412 -0.921641
-0.042434 -0.921641
-0.039456 -0.921641
-0.036479 -0.921641
-0.033501 -0.921641
-0.030523 -0.921641
-0.027545 -0.921641
-0.024567 -0.921641
-0.021589 -0.921641
-0.018611 -0.921641
-0.015634 -0.921641
0.009678 -0.921641
0.012656 -0.921641
0.015634 -0.921641
0.026056 -0.921641
0.139214 -0.921641
0.142192 -0.921641
0.145170 -0.921641
0.148148 -0.921641
0.152614 -0.921641
0.155592 -0.921641
0.158570 -0.921641
0.161548 -0.921641
0.164526 -0.921641
0.167503 -0.921641
0.170481 -0.921641
0.173459 -0.921641
0.176437 -0.921641
0.197282 -0.921641
0.200260 -0.921641
0.203238 -0.921641
0.206215 -0.921641
0.209193 -0.921641
0.212171 -0.921641
0.215149 -0.921641
0.218127 -0.921641
0.234505 -0.921641
0.238972 -0.921641
0.241949 -0.921641
0.246416 -0.921641
-0.238972 -0.923130
-0.235994 -0.923130
-0.233016 -0.923130
-0.227060 -0.923130
-0.224082 -0.923130
-0.221105 -0.923130
-0.191326 -0.923130
-0.188348 -0.923130
-0.185370 -0.923130
-0.182393 -0.923130
-0.177926 -0.923130
-0.174948 -0.923130
-0.168992 -0.923130
-0.166015 -0.923130
-0.163037 -0.923130
-0.160059 -0.923130
-0.157081 -0.923130
-0.154103 -0.923130
-0.151125 -0.923130
-0.148148 -0.923130
-0.145170 -0.923130
-0.137725 -0.923130
-0.133258 -0.923130
-0.130280 -0.923130
-0.127303 -0.923130
-0.124325 -0.923130
-0.121347 -0.923130
-0.118369 -0.923130
-0.115391 -0.923130
-0.112413 -0.923130
-0.109436 -0.923130
-0.106458 -0.923130
-0.103480 -0.923130
-0.100502 -0.923130
-0.097524 -0.923130
-0.094546 -0.923130
-0.091569 -0.923130
-0.088591 -0.923130
-0.085613 -0.923130
-0.082635 -0.923130
-0.079657 -0.923130
-0.076679 -0.923130
-0.073702 -0.923130
-0.070724 -0.923130
-0.067746 -0.923130
-0.064768 -0.923130
-0.060301 -0.923130
-0.057323 -0.923130
-0.054346 -0.923130
-0.051368 -0.923130
-0.048390 -0.923130
-0.045412 -0.923130
-0.042434 -0.923130
-0.039456 -0.923130
-0.036479 -0.923130
-0.033501 -0.923130
-0.030523 -0.923130
-0.027545 -0.923130
-0.024567 -0.923130
-0.021589 -0.923130
0.024567 -0.923130
0.027545 -0.923130
0.139214 -0.923130
0.142192 -0.923130
0.145170 -0.923130
0.151125 -0.923130
0.154103 -0.923130
0.157081 -0.923130
0.160059 -0.923130
0.163037 -0.923130
0.166015 -0.923130
0.168992 -0.923130
0.171970 -0.923130
0.174948 -0.923130
0.192815 -0.923130
0.195793 -0.923130
0.198771 -0.923130
0.201749 -0.923130
0.204726 -0.923130
0.207704 -0.923130
0.210682 -0.923130
0.213660 -0.923130
0.216638 -0.923130
0.219616 -0.923130
0.222593 -0.923130
0.235994 -0.923130
0.238972 -0.923130
0.241949 -0.923130
0.246416 -0.923130
0.249394 -0.923130
-0.341707 -0.924619
-0.241949 -0.924619
-0.238972 -0.924619
-0.235994 -0.924619
-0.231527 -0.924619
-0.228549 -0.924619
-0.225571 -0.924619
-0.222593 -0.924619
-0.195793 -0.924619
-0.192815 -0.924619
-0.189837 -0.924619
-0.186859 -0.924619
-0.183882 -0.924619
-0.180904 -0.924619
-0.177926 -0.924619
-0.173459 -0.924619
-0.170481 -0.924619
-0.167503 -0.924619
-0.164526 -0.924619
-0.161548 -0.924619
-0.158570 -0.924619
-0.155592 -0.924619
-0.152614 -0.924619
-0.149636 -0.924619
-0.146659 -0.924619
-0.143681 -0.924619
-0.136236 -0.924619
-0.133258 -0.924619
-0.130280 -0.924619
-0.127303 -0.924619
-0.124325 -0.924619
-0.121347 -0.924619
-0.118369 -0.924619
-0.115391 -0.924619
-0.112413 -0.924619
-0.109436 -0.924619
-0.106458 -0.924619
-0.103480 -0.924619
-0.100502 -0.924619
-0.097524 -0.924619
-0.094546 -0.924619
-0.091569 -0.924619
-0.088591 -0.924619
-0.085613 -0.924619
-0.082635 -0.924619
-0.079657 -0.924619
-0.076679 -0.924619
-0.073702 -0.924619
-0.070724 -0.924619
-0.067746 -0.924619
-0.064768 -0.924619
-0.061790 -0.924619
-0.058812 -0.924619
-0.055834 -0.924619
-0.052857 -0.924619
-0.049879 -0.924619
-0.046901 -0.924619
-0.043923 -0.924619
-0.040945 -0.924619
-0.037967 -0.924619
-0.034990 -0.924619
-0.032012 -0.924619
-0.029034 -0.924619
-0.026056 -0.924619
0.063279 -0.924619
0.140703 -0.924619
0.143681 -0.924619
0.146659 -0.924619
0.152614 -0.924619
0.155592 -0.924619
0.158570 -0.924619
0.161548 -0.924619
0.164526 -0.924619
0.167503 -0.924619
0.170481 -0.924619
0.173459 -0.924619
0.188348 -0.924619
0.191326 -0.924619
0.194304 -0.924619
0.197282 -0.924619
0.200260 -0.924619
0.203238 -0.924619
0.206215 -0.924619
0.209193 -0.924619
0.212171 -0.924619
0.215149 -0.924619
0.218127 -0.924619
0.221105 -0.924619
0.224082 -0.924619
0.235994 -0.924619
0.238972 -0.924619
0.241949 -0.924619
0.244927 -0.924619
0.249394 -0.924619
-0.347663 -0.926108
-0.344685 -0.926108
-0.241949 -0.926108
-0.238972 -0.926108
-0.235994 -0.926108
-0.233016 -0.926108
-0.230038 -0.926108
-0.227060 -0.926108
-0.224082 -0.926108
-0.221105 -0.926108
-0.218127 -0.926108
-0.210682 -0.926108
-0.200260 -0.926108
-0.197282 -0.926108
-0.194304 -0.926108
-0.191326 -0.926108
-0.188348 -0.926108
-0.185370 -0.926108
-0.182393 -0.926108
-0.179415 -0.926108
-0.176437 -0.926108
-0.171970 -0.926108
-0.168992 -0.926108
-0.166015 -0.926108
-0.163037 -0.926108
-0.160059 -0.926108
-0.157081 -0.926108
-0.154103 -0.926108
-0.151125 -0.926108
-0.137725 -0.926108
-0.134747 -0.926108
-0.131769 -0.926108
-0.128792 -0.926108
-0.125814 -0.926108
-0.122836 -0.926108
-0.119858 -0.926108
-0.116880 -0.926108
-0.113902 -0.926108
-0.110925 -0.926108
-0.107947 -0.926108
-0.104969 -0.926108
-0.101991 -0.926108
-0.099013 -0.926108
-0.096035 -0.926108
-0.093057 -0.926108
-0.090080 -0.926108
-0.087102 -0.926108
-0.084124 -0.926108
-0.081146 -0.926108
-0.078168 -0.926108
-0.075190 -0.926108
-0.072213 -0.926108
-0.069235 -0.926108
-0.066257 -0.926108
-0.063279 -0.926108
-0.060301 -0.926108
-0.057323 -0.926108
-0.054346 -0.926108
-0.051368 -0.926108
-0.048390 -0.926108
-0.045412 -0.926108
-0.042434 -0.926108
-0.039456 -0.926108
-0.036479 -0.926108
-0.033501 -0.926108
-0.030523 -0.926108
0.140703 -0.926108
0.143681 -0.926108
0.146659 -0.926108
0.152614 -0.926108
0.155592 -0.926108
0.158570 -0.926108
0.161548 -0.926108
0.164526 -0.926108
0.167503 -0.926108
0.170481 -0.926108
0.186859 -0.926108
0.189837 -0.926108
0.192815 -0.926108
0.195793 -0.926108
0.198771 -0.926108
0.201749 -0.926108
0.204726 -0.926108
0.207704 -0.926108
0.210682 -0.926108
0.213660 -0.926108
0.216638 -0.926108
0.219616 -0.926108
0.222593 -0.926108
0.225571 -0.926108
0.228549 -0.926108
0.238972 -0.926108
0.241949 -0.926108
0.244927 -0.926108
0.249394 -0.926108
-0.347663 -0.927597
-0.244927 -0.927597
-0.241949 -0.927597
-0.238972 -0.927597
-0.235994 -0.927597
-0.233016 -0.927597
-0.230038 -0.927597
-0.227060 -0.927597
-0.224082 -0.927597
-0.221105 -0.927597
-0.210682 -0.927597
-0.207704 -0.927597
-0.204726 -0.927597
-0.201749 -0.927597
-0.198771 -0.927597
-0.195793 -0.927597
-0.192815 -0.927597
-0.189837 -0.927597
-0.186859 -0.927597
-0.183882 -0.927597
-0.180904 -0.927597
-0.177926 -0.927597
-0.174948 -0.927597
-0.171970 -0.927597
-0.168992 -0.927597
-0.166015 -0.927597
-0.163037 -0.927597
-0.160059 -0.927597
-0.157081 -0.927597
-0.154103 -0.927597
-0.151125 -0.927597
-0.137725 -0.927597
-0.134747 -0.927597
-0.131769 -0.927597
-0.128792 -0.927597
-0.125814 -0.927597
-0.122836 -0.927597
-0.119858 -0.927597
-0.116880 -0.927597
-0.113902 -0.927597
-0.110925 -0.927597
-0.107947 -0.927597
-0.104969 -0.927597
-0.101991 -0.927597
-0.099013 -0.927597
-0.096035 -0.927597
-0.093057 -0.927597
-0.090080 -0.927597
-0.087102 -0.927597
-0.084124 -0.927597
-0.081146 -0.927597
-0.078168 -0.927597
-0.075190 -0.927597
-0.072213 -0.927597
-0.069235 -0.927597
-0.066257 -0.927597
-0.063279 -0.927597
-0.060301 -0.927597
-0.057323 -0.927597
-0.054346 -0.927597
-0.051368 -0.927597
-0.048390 -0.927597
-0.045412 -0.927597
-0.042434 -0.927597
-0.039456 -0.927597
-0.036479 -0.927597
0.139214 -0.927597
0.142192 -0.927597
0.145170 -0.927597
0.152614 -0.927597
0.155592 -0.927597
0.158570 -0.927597
0.161548 -0.927597
0.164526 -0.927597
0.167503 -0.927597
0.170481 -0.927597
0.186859 -0.927597
0.189837 -0.927597
0.192815 -0.927597
0.195793 -0.927597
0.198771 -0.927597
0.201749 -0.927597
0.204726 -0.927597
0.207704 -0.927597
0.210682 -0.927597
0.213660 -0.927597
0.216638 -0.927597
0.219616 -0.927597
0.222593 -0.927597
0.225571 -0.927597
0.228549 -0.927597
0.238972 -0.927597
0.241949 -0.927597
0.244927 -0.927597
0.247905 -0.927597
0.250883 -0.927597
-0.246416 -0.929086
-0.243438 -0.929086
-0.240461 -0.929086
-0.237483 -0.929086
-0.234505 -0.929086
-0.231527 -0.929086
-0.228549 -0.929086
-0.225571 -0.929086
-0.222593 -0.929086
-0.219616 -0.929086
-0.216638 -0.929086
-0.213660 -0.929086
-0.210682 -0.929086
-0.207704 -0.929086
-0.204726 -0.929086
-0.201749 -0.929086
-0.198771 -0.929086
-0.195793 -0.929086
-0.192815 -0.929086
-0.189837 -0.929086
-0.186859 -0.929086
-0.183882 -0.929086
-0.180904 -0.929086
-0.177926 -0.929086
-0.174948 -0.929086
-0.171970 -0.929086
-0.168992 -0.929086
-0.166015 -0.929086
-0.163037 -0.929086
-0.160059 -0.929086
-0.157081 -0.929086
-0.152614 -0.929086
-0.149636 -0.929086
-0.136236 -0.929086
-0.133258 -0.929086
-0.130280 -0.929086
-0.127303 -0.929086
-0.124325 -0.929086
-0.121347 -0.929086
-0.118369 -0.929086
-0.115391 -0.929086
-0.112413 -0.929086
-0.109436 -0.929086
-0.106458 -0.929086
-0.103480 -0.929086
-0.100502 -0.929086
-0.097524 -0.929086
-0.094546 -0.929086
-0.091569 -0.929086
-0.088591 -0.929086
-0.085613 -0.929086
-0.082635 -0.929086
-0.079657 -0.929086
-0.076679 -0.929086
-0.073702 -0.929086
-0.070724 -0.929086
-0.067746 -0.929086
-0.064768 -0.929086
-0.061790 -0.929086
-0.058812 -0.929086
-0.055834 -0.929086
-0.052857 -0.929086
-0.049879 -0.929086
-0.046901 -0.929086
-0.043923 -0.929086
-0.040945 -0.929086
0.030523 -0.929086
0.033501 -0.929086
0.140703 -0.929086
0.143681 -0.929086
0.146659 -0.929086
0.154103 -0.929086
0.157081 -0.929086
0.160059 -0.929086
0.163037 -0.929086
0.166015 -0.929086
0.168992 -0.929086
0.186859 -0.929086
0.189837 -0.929086
0.192815 -0.929086
0.195793 -0.929086
0.200260 -0.929086
0.203238 -0.929086
0.206215 -0.929086
0.209193 -0.929086
0.212171 -0.929086
0.215149 -0.929086
0.218127 -0.929086
0.221105 -0.929086
0.224082 -0.929086
0.227060 -0.929086
0.230038 -0.929086
0.240461 -0.929086
0.243438 -0.929086
0.246416 -0.929086
0.250883 -0.929086
-0.249394 -0.930575
-0.246416 -0.930575
-0.243438 -0.930575
-0.240461 -0.930575
-0.237483 -0.930575
-0.234505 -0.930575
-0.231527 -0.930575
-0.228549 -0.930575
-0.225571 -0.930575
-0.222593 -0.930575
-0.219616 -0.930575
-0.216638 -0.930575
-0.213660 -0.930575
-0.210682 -0.930575
-0.207704 -0.930575
-0.204726 -0.930575
-0.201749 -0.930575
-0.198771 -0.930575
-0.195793 -0.930575
-0.192815 -0.930575
-0.189837 -0.930575
-0.186859 -0.930575
-0.183882 -0.930575
-0.180904 -0.930575
-0.177926 -0.930575
-0.174948 -0.930575
-0.171970 -0.930575
-0.168992 -0.930575
-0.166015 -0.930575
-0.163037 -0.930575
-0.160059 -0.930575
-0.157081 -0.930575
-0.151125 -0.930575
-0.137725 -0.930575
-0.134747 -0.930575
-0.131769 -0.930575
-0.128792 -0.930575
-0.125814 -0.930575
-0.122836 -0.930575
-0.119858 -0.930575
-0.116880 -0.930575
-0.113902 -0.930575
-0.110925 -0.930575
-0.107947 -0.930575
-0.104969 -0.930575
-0.101991 -0.930575
-0.099013 -0.930575
-0.096035 -0.930575
-0.093057 -0.930575
-0.090080 -0.930575
-0.087102 -0.930575
-0.084124 -0.930575
-0.081146 -0.930575
-0.078168 -0.930575
-0.075190 -0.930575
-0.072213 -0.930575
-0.069235 -0.930575
-0.066257 -0.930575
-0.063279 -0.930575
-0.060301 -0.930575
-0.057323 -0.930575
-0.054346 -0.930575
-0.051368 -0.930575
-0.048390 -0.930575
-0.045412 -0.930575
0.032012 -0.930575
0.140703 -0.930575
0.143681 -0.930575
0.146659 -0.930575
0.154103 -0.930575
0.157081 -0.930575
0.160059 -0.930575
0.163037 -0.930575
0.166015 -0.930575
0.168992 -0.930575
0.186859 -0.930575
0.189837 -0.930575
0.197282 -0.930575
0.200260 -0.930575
0.203238 -0.930575
0.206215 -0.930575
0.209193 -0.930575
0.212171 -0.930575
0.215149 -0.930575
0.218127 -0.930575
0.222593 -0.930575
0.227060 -0.930575
0.230038 -0.930575
0.240461 -0.930575
0.243438 -0.930575
0.246416 -0.930575
0.250883 -0.930575
-0.298528 -0.932064
-0.249394 -0.932064
-0.246416 -0.932064
-0.243438 -0.932064
-0.240461 -0.932064
-0.237483 -0.932064
-0.234505 -0.932064
-0.231527 -0.932064
-0.228549 -0.932064
-0.225571 -0.932064
-0.222593 -0.932064
-0.219616 -0.932064
-0.216638 -0.932064
-0.213660 -0.932064
-0.210682 -0.932064
-0.207704 -0.932064
-0.204726 -0.932064
-0.201749 -0.932064
-0.198771 -0.932064
-0.195793 -0.932064
-0.192815 -0.932064
-0.189837 -0.932064
-0.186859 -0.932064
-0.183882 -0.932064
-0.180904 -0.932064
-0.177926 -0.932064
-0.174948 -0.932064
-0.171970 -0.932064
-0.168992 -0.932064
-0.166015 -0.932064
-0.163037 -0.932064
-0.160059 -0.932064
-0.149636 -0.932064
-0.140703 -0.932064
-0.137725 -0.932064
-0.134747 -0.932064
-0.131769 -0.932064
-0.128792 -0.932064
-0.125814 -0.932064
-0.122836 -0.932064
-0.119858 -0.932064
-0.116880 -0.932064
-0.113902 -0.932064
-0.110925 -0.932064
-0.107947 -0.932064
-0.104969 -0.932064
-0.101991 -0.932064
-0.099013 -0.932064
-0.096035 -0.932064
-0.093057 -0.932064
-0.090080 -0.932064
-0.087102 -0.932064
-0.084124 -0.932064
-0.081146 -0.932064
-0.078168 -0.932064
-0.075190 -0.932064
-0.072213 -0.932064
-0.069235 -0.932064
-0.066257 -0.932064
-0.063279 -0.932064
-0.060301 -0.932064
-0.057323 -0.932064
-0.054346 -0.932064
0.139214 -0.932064
0.142192 -0.932064
0.145170 -0.932064
0.148148 -0.932064
0.155592 -0.932064
0.158570 -0.932064
0.161548 -0.932064
0.164526 -0.932064
0.167503 -0.932064
0.170481 -0.932064
0.194304 -0.932064
0.197282 -0.932064
0.200260 -0.932064
0.203238 -0.932064
0.206215 -0.932064
0.209193 -0.932064
0.212171 -0.932064
0.215149 -0.932064
0.218127 -0.932064
0.221105 -0.932064
0.228549 -0.932064
0.241949 -0.932064
0.244927 -0.932064
0.247905 -0.932064
0.252372 -0.932064
-0.302995 -0.933553
-0.250883 -0.933553
-0.247905 -0.933553
-0.244927 -0.933553
-0.241949 -0.933553
-0.238972 -0.933553
-0.235994 -0.933553
-0.233016 -0.933553
-0.230038 -0.933553
-0.227060 -0.933553
-0.224082 -0.933553
-0.221105 -0.933553
-0.218127 -0.933553
-0.215149 -0.933553
-0.212171 -0.933553
-0.209193 -0.933553
-0.206215 -0.933553
-0.203238 -0.933553
-0.200260 -0.933553
-0.197282 -0.933553
-0.194304 -0.933553
-0.191326 -0.933553
-0.188348 -0.933553
-0.185370 -0.933553
-0.182393 -0.933553
-0.179415 -0.933553
-0.176437 -0.933553
-0.173459 -0.933553
-0.170481 -0.933553
-0.167503 -0.933553
-0.164526 -0.933553
-0.149636 -0.933553
-0.146659 -0.933553
-0.140703 -0.933553
-0.137725 -0.933553
-0.134747 -0.933553
-0.131769 -0.933553
-0.128792 -0.933553
-0.125814 -0.933553
-0.122836 -0.933553
-0.119858 -0.933553
-0.116880 -0.933553
-0.113902 -0.933553
-0.110925 -0.933553
-0.107947 -0.933553
-0.104969 -0.933553
-0.101991 -0.933553
-0.099013 -0.933553
-0.096035 -0.933553
-0.093057 -0.933553
-0.090080 -0.933553
-0.087102 -0.933553
-0.084124 -0.933553
-0.081146 -0.933553
-0.078168 -0.933553
-0.072213 -0.933553
-0.069235 -0.933553
-0.066257 -0.933553
-0.063279 -0.933553
-0.060301 -0.933553
0.142192 -0.933553
0.145170 -0.933553
0.148148 -0.933553
0.154103 -0.933553
0.157081 -0.933553
0.160059 -0.933553
0.163037 -0.933553
0.166015 -0.933553
0.168992 -0.933553
0.194304 -0.933553
0.198771 -0.933553
0.201749 -0.933553
0.204726 -0.933553
0.207704 -0.933553
0.210682 -0.933553
0.213660 -0.933553
0.216638 -0.933553
0.219616 -0.933553
0.222593 -0.933553
0.241949 -0.933553
0.244927 -0.933553
0.247905 -0.933553
0.252372 -0.933553
-0.253861 -0.935042
-0.250883 -0.935042
-0.247905 -0.935042
-0.244927 -0.935042
-0.241949 -0.935042
-0.228549 -0.935042
-0.225571 -0.935042
-0.222593 -0.935042
-0.219616 -0.935042
-0.216638 -0.935042
-0.213660 -0.935042
-0.210682 -0.935042
-0.207704 -0.935042
-0.204726 -0.935042
-0.201749 -0.935042
-0.198771 -0.935042
-0.195793 -0.935042
-0.192815 -0.935042
-0.189837 -0.935042
-0.186859 -0.935042
-0.183882 -0.935042
-0.180904 -0.935042
-0.177926 -0.935042
-0.174948 -0.935042
-0.171970 -0.935042
-0.168992 -0.935042
-0.166015 -0.935042
-0.163037 -0.935042
-0.149636 -0.935042
-0.146659 -0.935042
-0.143681 -0.935042
-0.140703 -0.935042
-0.137725 -0.935042
-0.134747 -0.935042
-0.131769 -0.935042
-0.128792 -0.935042
-0.125814 -0.935042
-0.122836 -0.935042
-0.119858 -0.935042
-0.116880 -0.935042
-0.113902 -0.935042
-0.110925 -0.935042
-0.107947 -0.935042
-0.104969 -0.935042
-0.101991 -0.935042
-0.099013 -0.935042
-0.096035 -0.935042
-0.093057 -0.935042
-0.090080 -0.935042
-0.087102 -0.935042
-0.084124 -0.935042
-0.081146 -0.935042
-0.073702 -0.935042
-0.070724 -0.935042
-0.049879 -0.935042
0.140703 -0.935042
0.143681 -0.935042
0.146659 -0.935042
0.149636 -0.935042
0.154103 -0.935042
0.157081 -0.935042
0.160059 -0.935042
0.163037 -0.935042
0.166015 -0.935042
0.168992 -0.935042
0.192815 -0.935042
0.195793 -0.935042
0.198771 -0.935042
0.201749 -0.935042
0.204726 -0.935042
0.207704 -0.935042
0.210682 -0.935042
0.213660 -0.935042
0.216638 -0.935042
0.219616 -0.935042
0.222593 -0.935042
0.225571 -0.935042
0.243438 -0.935042
0.246416 -0.935042
0.249394 -0.935042
0.252372 -0.935042
-0.253861 -0.936530
-0.250883 -0.936530
-0.247905 -0.936530
-0.244927 -0.936530
-0.224082 -0.936530
-0.221105 -0.936530
-0.218127 -0.936530
-0.215149 -0.936530
-0.212171 -0.936530
-0.209193 -0.936530
-0.206215 -0.936530
-0.203238 -0.936530
-0.200260 -0.936530
-0.197282 -0.936530
-0.194304 -0.936530
-0.191326 -0.936530
-0.188348 -0.936530
-0.185370 -0.936530
-0.182393 -0.936530
-0.179415 -0.936530
-0.176437 -0.936530
-0.173459 -0.936530
-0.170481 -0.936530
-0.167503 -0.936530
-0.164526 -0.936530
-0.161548 -0.936530
-0.148148 -0.936530
-0.145170 -0.936530
-0.142192 -0.936530
-0.139214 -0.936530
-0.136236 -0.936530
-0.133258 -0.936530
-0.130280 -0.936530
-0.127303 -0.936530
-0.124325 -0.936530
-0.121347 -0.936530
-0.118369 -0.936530
-0.115391 -0.936530
-0.112413 -0.936530
-0.109436 -0.936530
-0.106458 -0.936530
-0.103480 -0.936530
-0.100502 -0.936530
-0.097524 -0.936530
-0.094546 -0.936530
-0.091569 -0.936530
-0.088591 -0.936530
-0.021589 -0.936530
0.139214 -0.936530
0.142192 -0.936530
0.145170 -0.936530
0.148148 -0.936530
0.152614 -0.936530
0.155592 -0.936530
0.158570 -0.936530
0.161548 -0.936530
0.164526 -0.936530
0.167503 -0.936530
0.170481 -0.936530
0.177926 -0.936530
0.192815 -0.936530
0.197282 -0.936530
0.200260 -0.936530
0.203238 -0.936530
0.206215 -0.936530
0.209193 -0.936530
0.212171 -0.936530
0.215149 -0.936530
0.218127 -0.936530
0.221105 -0.936530
0.224082 -0.936530
0.227060 -0.936530
0.243438 -0.936530
0.246416 -0.936530
0.249394 -0.936530
0.253861 -0.936530
-0.253861 -0.938019
-0.250883 -0.938019
-0.247905 -0.938019
-0.244927 -0.938019
-0.222593 -0.938019
-0.219616 -0.938019
-0.216638 -0.938019
-0.213660 -0.938019
-0.210682 -0.938019
-0.207704 -0.938019
-0.204726 -0.938019
-0.201749 -0.938019
-0.198771 -0.938019
-0.195793 -0.938019
-0.192815 -0.938019
-0.189837 -0.938019
-0.186859 -0.938019
-0.183882 -0.938019
-0.180904 -0.938019
-0.177926 -0.938019
-0.174948 -0.938019
-0.167503 -0.938019
-0.164526 -0.938019
-0.161548 -0.938019
-0.149636 -0.938019
-0.146659 -0.938019
-0.143681 -0.938019
-0.140703 -0.938019
-0.137725 -0.938019
-0.134747 -0.938019
-0.131769 -0.938019
-0.128792 -0.938019
-0.125814 -0.938019
-0.122836 -0.938019
-0.119858 -0.938019
-0.116880 -0.938019
-0.113902 -0.938019
-0.110925 -0.938019
-0.107947 -0.938019
-0.104969 -0.938019
-0.101991 -0.938019
-0.099013 -0.938019
-0.096035 -0.938019
-0.093057 -0.938019
-0.090080 -0.938019
-0.082635 -0.938019
0.139214 -0.938019
0.142192 -0.938019
0.145170 -0.938019
0.148148 -0.938019
0.151125 -0.938019
0.154103 -0.938019
0.157081 -0.938019
0.160059 -0.938019
0.163037 -0.938019
0.166015 -0.938019
0.168992 -0.938019
0.173459 -0.938019
0.189837 -0.938019
0.192815 -0.938019
0.195793 -0.938019
0.198771 -0.938019
0.201749 -0.938019
0.204726 -0.938019
0.207704 -0.938019
0.210682 -0.938019
0.213660 -0.938019
0.216638 -0.938019
0.219616 -0.938019
0.222593 -0.938019
0.225571 -0.938019
0.228549 -0.938019
0.243438 -0.938019
0.246416 -0.938019
0.249394 -0.938019
0.252372 -0.938019
0.255350 -0.938019
-0.255350 -0.939508
-0.252372 -0.939508
-0.249394 -0.939508
-0.246416 -0.939508
-0.225571 -0.939508
-0.222593 -0.939508
-0.219616 -0.939508
-0.216638 -0.939508
-0.213660 -0.939508
-0.210682 -0.939508
-0.207704 -0.939508
-0.204726 -0.939508
-0.201749 -0.939508
-0.198771 -0.939508
-0.195793 -0.939508
-0.192815 -0.939508
-0.189837 -0.939508
-0.170481 -0.939508
-0.166015 -0.939508
-0.163037 -0.939508
-0.160059 -0.939508
-0.149636 -0.939508
-0.146659 -0.939508
-0.143681 -0.939508
-0.140703 -0.939508
-0.137725 -0.939508
-0.134747 -0.939508
-0.131769 -0.939508
-0.128792 -0.939508
-0.125814 -0.939508
-0.122836 -0.939508
-0.119858 -0.939508
-0.116880 -0.939508
-0.113902 -0.939508
-0.110925 -0.939508
-0.107947 -0.939508
-0.104969 -0.939508
-0.101991 -0.939508
-0.099013 -0.939508
-0.096035 -0.939508
-0.093057 -0.939508
0.137725 -0.939508
0.140703 -0.939508
0.143681 -0.939508
0.146659 -0.939508
0.149636 -0.939508
0.152614 -0.939508
0.155592 -0.939508
0.158570 -0.939508
0.161548 -0.939508
0.164526 -0.939508
0.167503 -0.939508
0.170481 -0.939508
0.173459 -0.939508
0.186859 -0.939508
0.191326 -0.939508
0.194304 -0.939508
0.197282 -0.939508
0.200260 -0.939508
0.203238 -0.939508
0.206215 -0.939508
0.209193 -0.939508
0.212171 -0.939508
0.216638 -0.939508
0.219616 -0.939508
0.222593 -0.939508
0.225571 -0.939508
0.228549 -0.939508
0.231527 -0.939508
0.244927 -0.939508
0.247905 -0.939508
0.250883 -0.939508
0.253861 -0.939508
0.256839 -0.939508
-0.253861 -0.940997
-0.250883 -0.940997
-0.247905 -0.940997
-0.244927 -0.940997
-0.222593 -0.940997
-0.219616 -0.940997
-0.216638 -0.940997
-0.164526 -0.940997
-0.161548 -0.940997
-0.154103 -0.940997
-0.151125 -0.940997
-0.148148 -0.940997
-0.145170 -0.940997
-0.142192 -0.940997
-0.139214 -0.940997
-0.136236 -0.940997
-0.133258 -0.940997
-0.130280 -0.940997
-0.127303 -0.940997
-0.124325 -0.940997
-0.121347 -0.940997
-0.118369 -0.940997
-0.115391 -0.940997
-0.112413 -0.940997
-0.109436 -0.940997
-0.106458 -0.940997
-0.103480 -0.940997
-0.100502 -0.940997
-0.097524 -0.940997
-0.094546 -0.940997
0.137725 -0.940997
0.140703 -0.940997
0.143681 -0.940997
0.146659 -0.940997
0.149636 -0.940997
0.152614 -0.940997
0.155592 -0.940997
0.158570 -0.940997
0.161548 -0.940997
0.164526 -0.940997
0.167503 -0.940997
0.170481 -0.940997
0.173459 -0.940997
0.186859 -0.940997
0.191326 -0.940997
0.194304 -0.940997
0.197282 -0.940997
0.200260 -0.940997
0.203238 -0.940997
0.206215 -0.940997
0.209193 -0.940997
0.212171 -0.940997
0.218127 -0.940997
0.221105 -0.940997
0.224082 -0.940997
0.227060 -0.940997
0.230038 -0.940997
0.233016 -0.940997
0.244927 -0.940997
0.247905 -0.940997
0.250883 -0.940997
0.253861 -0.940997
0.256839 -0.940997
-0.253861 -0.942486
-0.250883 -0.942486
-0.247905 -0.942486
-0.244927 -0.942486
-0.241949 -0.942486
-0.227060 -0.942486
-0.222593 -0.942486
-0.219616 -0.942486
-0.174948 -0.942486
-0.163037 -0.942486
-0.160059 -0.942486
-0.155592 -0.942486
-0.152614 -0.942486
-0.149636 -0.942486
-0.146659 -0.942486
-0.143681 -0.942486
-0.140703 -0.942486
-0.137725 -0.942486
-0.134747 -0.942486
-0.131769 -0.942486
-0.128792 -0.942486
-0.125814 -0.942486
-0.122836 -0.942486
-0.119858 -0.942486
-0.116880 -0.942486
-0.113902 -0.942486
-0.110925 -0.942486
-0.107947 -0.942486
-0.104969 -0.942486
-0.101991 -0.942486
-0.099013 -0.942486
-0.096035 -0.942486
0.094546 -0.942486
0.097524 -0.942486
0.137725 -0.942486
0.140703 -0.942486
0.143681 -0.942486
0.146659 -0.942486
0.149636 -0.942486
0.152614 -0.942486
0.155592 -0.942486
0.158570 -0.942486
0.161548 -0.942486
0.164526 -0.942486
0.167503 -0.942486
0.170481 -0.942486
0.173459 -0.942486
0.182393 -0.942486
0.185370 -0.942486
0.188348 -0.942486
0.191326 -0.942486
0.194304 -0.942486
0.197282 -0.942486
0.200260 -0.942486
0.203238 -0.942486
0.206215 -0.942486
0.209193 -0.942486
0.213660 -0.942486
0.219616 -0.942486
0.222593 -0.942486
0.225571 -0.942486
0.228549 -0.942486
0.231527 -0.942486
0.234505 -0.942486
0.237483 -0.942486
0.246416 -0.942486
0.249394 -0.942486
0.252372 -0.942486
0.255350 -0.942486
-0.255350 -0.943975
-0.252372 -0.943975
-0.249394 -0.943975
-0.246416 -0.943975
-0.243438 -0.943975
-0.240461 -0.943975
-0.227060 -0.943975
-0.224082 -0.943975
-0.179415 -0.943975
-0.176437 -0.943975
-0.164526 -0.943975
-0.161548 -0.943975
-0.158570 -0.943975
-0.155592 -0.943975
-0.152614 -0.943975
-0.149636 -0.943975
-0.146659 -0.943975
-0.143681 -0.943975
-0.140703 -0.943975
-0.137725 -0.943975
-0.134747 -0.943975
-0.131769 -0.943975
-0.128792 -0.943975
-0.125814 -0.943975
-0.122836 -0.943975
-0.119858 -0.943975
-0.116880 -0.943975
-0.112413 -0.943975
-0.109436 -0.943975
-0.106458 -0.943975
-0.103480 -0.943975
-0.100502 -0.943975
-0.097524 -0.943975
0.070724 -0.943975
0.078168 -0.943975
0.082635 -0.943975
0.085613 -0.943975
0.088591 -0.943975
0.091569 -0.943975
0.137725 -0.943975
0.140703 -0.943975
0.143681 -0.943975
0.146659 -0.943975
0.149636 -0.943975
0.152614 -0.943975
0.155592 -0.943975
0.158570 -0.943975
0.161548 -0.943975
0.164526 -0.943975
0.167503 -0.943975
0.170481 -0.943975
0.173459 -0.943975
0.182393 -0.943975
0.185370 -0.943975
0.188348 -0.943975
0.191326 -0.943975
0.194304 -0.943975
0.197282 -0.943975
0.200260 -0.943975
0.203238 -0.943975
0.206215 -0.943975
0.209193 -0.943975
0.212171 -0.943975
0.219616 -0.943975
0.222593 -0.943975
0.225571 -0.943975
0.228549 -0.943975
0.231527 -0.943975
0.234505 -0.943975
0.237483 -0.943975
0.240461 -0.943975
0.247905 -0.943975
0.252372 -0.943975
0.255350 -0.943975
0.258328 -0.943975
-0.253861 -0.945464
-0.250883 -0.945464
-0.247905 -0.945464
-0.244927 -0.945464
-0.241949 -0.945464
-0.238972 -0.945464
-0.191326 -0.945464
-0.183882 -0.945464
-0.180904 -0.945464
-0.177926 -0.945464
-0.171970 -0.945464
-0.168992 -0.945464
-0.166015 -0.945464
-0.163037 -0.945464
-0.160059 -0.945464
-0.157081 -0.945464
-0.154103 -0.945464
-0.151125 -0.945464
-0.148148 -0.945464
-0.145170 -0.945464
-0.142192 -0.945464
-0.139214 -0.945464
-0.136236 -0.945464
-0.133258 -0.945464
-0.130280 -0.945464
-0.127303 -0.945464
-0.124325 -0.945464
-0.121347 -0.945464
-0.118369 -0.945464
-0.113902 -0.945464
-0.110925 -0.945464
-0.107947 -0.945464
-0.104969 -0.945464
-0.101991 -0.945464
-0.090080 -0.945464
-0.087102 -0.945464
0.069235 -0.945464
0.072213 -0.945464
0.076679 -0.945464
0.139214 -0.945464
0.142192 -0.945464
0.145170 -0.945464
0.148148 -0.945464
0.151125 -0.945464
0.154103 -0.945464
0.157081 -0.945464
0.160059 -0.945464
0.163037 -0.945464
0.166015 -0.945464
0.168992 -0.945464
0.171970 -0.945464
0.179415 -0.945464
0.182393 -0.945464
0.185370 -0.945464
0.188348 -0.945464
0.191326 -0.945464
0.194304 -0.945464
0.197282 -0.945464
0.200260 -0.945464
0.203238 -0.945464
0.206215 -0.945464
0.209193 -0.945464
0.212171 -0.945464
0.222593 -0.945464
0.225571 -0.945464
0.228549 -0.945464
0.231527 -0.945464
0.234505 -0.945464
0.237483 -0.945464
0.240461 -0.945464
0.246416 -0.945464
0.250883 -0.945464
0.253861 -0.945464
0.256839 -0.945464
-0.258328 -0.946953
-0.255350 -0.946953
-0.252372 -0.946953
-0.249394 -0.946953
-0.246416 -0.946953
-0.243438 -0.946953
-0.240461 -0.946953
-0.237483 -0.946953
-0.234505 -0.946953
-0.227060 -0.946953
-0.209193 -0.946953
-0.206215 -0.946953
-0.203238 -0.946953
-0.200260 -0.946953
-0.197282 -0.946953
-0.194304 -0.946953
-0.191326 -0.946953
-0.188348 -0.946953
-0.185370 -0.946953
-0.182393 -0.946953
-0.179415 -0.946953
-0.176437 -0.946953
-0.173459 -0.946953
-0.170481 -0.946953
-0.167503 -0.946953
-0.164526 -0.946953
-0.161548 -0.946953
-0.158570 -0.946953
-0.155592 -0.946953
-0.152614 -0.946953
-0.149636 -0.946953
-0.146659 -0.946953
-0.143681 -0.946953
-0.140703 -0.946953
-0.137725 -0.946953
-0.134747 -0.946953
-0.131769 -0.946953
-0.128792 -0.946953
-0.125814 -0.946953
-0.122836 -0.946953
-0.119858 -0.946953
-0.115391 -0.946953
-0.112413 -0.946953
-0.109436 -0.946953
-0.106458 -0.946953
-0.103480 -0.946953
-0.094546 -0.946953
-0.088591 -0.946953
-0.063279 -0.946953
0.060301 -0.946953
0.073702 -0.946953
0.137725 -0.946953
0.140703 -0.946953
0.143681 -0.946953
0.146659 -0.946953
0.149636 -0.946953
0.152614 -0.946953
0.155592 -0.946953
0.158570 -0.946953
0.161548 -0.946953
0.164526 -0.946953
0.167503 -0.946953
0.170481 -0.946953
0.173459 -0.946953
0.179415 -0.946953
0.182393 -0.946953
0.185370 -0.946953
0.188348 -0.946953
0.191326 -0.946953
0.194304 -0.946953
0.197282 -0.946953
0.200260 -0.946953
0.203238 -0.946953
0.206215 -0.946953
0.209193 -0.946953
0.212171 -0.946953
0.215149 -0.946953
0.225571 -0.946953
0.228549 -0.946953
0.231527 -0.946953
0.234505 -0.946953
0.237483 -0.946953
0.240461 -0.946953
0.243438 -0.946953
0.246416 -0.946953
0.249394 -0.946953
0.252372 -0.946953
0.255350 -0.946953
0.258328 -0.946953
0.279172 -0.946953
-0.259816 -0.948442
-0.256839 -0.948442
-0.253861 -0.948442
-0.250883 -0.948442
-0.247905 -0.948442
-0.244927 -0.948442
-0.241949 -0.948442
-0.238972 -0.948442
-0.235994 -0.948442
-0.233016 -0.948442
-0.230038 -0.948442
-0.227060 -0.948442
-0.216638 -0.948442
-0.213660 -0.948442
-0.210682 -0.948442
-0.207704 -0.948442
-0.204726 -0.948442
-0.201749 -0.948442
-0.198771 -0.948442
-0.195793 -0.948442
-0.192815 -0.948442
-0.189837 -0.948442
-0.186859 -0.948442
-0.183882 -0.948442
-0.180904 -0.948442
-0.177926 -0.948442
-0.174948 -0.948442
-0.171970 -0.948442
-0.168992 -0.948442
-0.166015 -0.948442
-0.163037 -0.948442
-0.160059 -0.948442
-0.157081 -0.948442
-0.154103 -0.948442
-0.151125 -0.948442
-0.148148 -0.948442
-0.145170 -0.948442
-0.142192 -0.948442
-0.139214 -0.948442
-0.136236 -0.948442
-0.133258 -0.948442
-0.130280 -0.948442
-0.127303 -0.948442
-0.124325 -0.948442
-0.121347 -0.948442
-0.116880 -0.948442
-0.113902 -0.948442
-0.110925 -0.948442
-0.099013 -0.948442
-0.032012 -0.948442
0.054346 -0.948442
0.075190 -0.948442
0.139214 -0.948442
0.142192 -0.948442
0.145170 -0.948442
0.148148 -0.948442
0.151125 -0.948442
0.154103 -0.948442
0.158570 -0.948442
0.161548 -0.948442
0.164526 -0.948442
0.167503 -0.948442
0.170481 -0.948442
0.176437 -0.948442
0.179415 -0.948442
0.182393 -0.948442
0.185370 -0.948442
0.188348 -0.948442
0.191326 -0.948442
0.194304 -0.948442
0.197282 -0.948442
0.200260 -0.948442
0.203238 -0.948442
0.206215 -0.948442
0.209193 -0.948442
0.212171 -0.948442
0.225571 -0.948442
0.228549 -0.948442
0.231527 -0.948442
0.234505 -0.948442
0.237483 -0.948442
0.240461 -0.948442
0.243438 -0.948442
0.246416 -0.948442
0.249394 -0.948442
0.252372 -0.948442
0.255350 -0.948442
0.258328 -0.948442
0.277684 -0.948442
0.280661 -0.948442
-0.259816 -0.949931
-0.256839 -0.949931
-0.253861 -0.949931
-0.250883 -0.949931
-0.247905 -0.949931
-0.244927 -0.949931
-0.241949 -0.949931
-0.238972 -0.949931
-0.235994 -0.949931
-0.233016 -0.949931
-0.230038 -0.949931
-0.227060 -0.949931
-0.224082 -0.949931
-0.219616 -0.949931
-0.216638 -0.949931
-0.213660 -0.949931
-0.210682 -0.949931
-0.207704 -0.949931
-0.204726 -0.949931
-0.201749 -0.949931
-0.198771 -0.949931
-0.195793 -0.949931
-0.192815 -0.949931
-0.189837 -0.949931
-0.186859 -0.949931
-0.183882 -0.949931
-0.180904 -0.949931
-0.177926 -0.949931
-0.174948 -0.949931
-0.171970 -0.949931
-0.168992 -0.949931
-0.166015 -0.949931
-0.163037 -0.949931
-0.160059 -0.949931
-0.157081 -0.949931
-0.154103 -0.949931
-0.151125 -0.949931
-0.148148 -0.949931
-0.145170 -0.949931
-0.142192 -0.949931
-0.139214 -0.949931
-0.136236 -0.949931
-0.133258 -0.949931
-0.130280 -0.949931
-0.127303 -0.949931
-0.124325 -0.949931
-0.119858 -0.949931
-0.116880 -0.949931
-0.113902 -0.949931
-0.110925 -0.949931
-0.107947 -0.949931
-0.075190 -0.949931
-0.072213 -0.949931
0.029034 -0.949931
0.139214 -0.949931
0.142192 -0.949931
0.145170 -0.949931
0.148148 -0.949931
0.151125 -0.949931
0.154103 -0.949931
0.157081 -0.949931
0.160059 -0.949931
0.163037 -0.949931
0.166015 -0.949931
0.168992 -0.949931
0.173459 -0.949931
0.176437 -0.949931
0.179415 -0.949931
0.182393 -0.949931
0.185370 -0.949931
0.188348 -0.949931
0.191326 -0.949931
0.194304 -0.949931
0.197282 -0.949931
0.200260 -0.949931
0.203238 -0.949931
0.206215 -0.949931
0.209193 -0.949931
0.230038 -0.949931
0.233016 -0.949931
0.235994 -0.949931
0.238972 -0.949931
0.241949 -0.949931
0.244927 -0.949931
0.249394 -0.949931
0.252372 -0.949931
0.255350 -0.949931
0.258328 -0.949931
0.261305 -0.949931
-0.259816 -0.951420
-0.256839 -0.951420
-0.253861 -0.951420
-0.249394 -0.951420
-0.246416 -0.951420
-0.243438 -0.951420
-0.240461 -0.951420
-0.237483 -0.951420
-0.234505 -0.951420
-0.231527 -0.951420
-0.228549 -0.951420
-0.225571 -0.951420
-0.222593 -0.951420
-0.219616 -0.951420
-0.216638 -0.951420
-0.213660 -0.951420
-0.210682 -0.951420
-0.207704 -0.951420
-0.204726 -0.951420
-0.201749 -0.951420
-0.198771 -0.951420
-0.195793 -0.951420
-0.192815 -0.951420
-0.189837 -0.951420
-0.186859 -0.951420
-0.183882 -0.951420
-0.180904 -0.951420
-0.177926 -0.951420
-0.174948 -0.951420
-0.171970 -0.951420
-0.168992 -0.951420
-0.166015 -0.951420
-0.163037 -0.951420
-0.160059 -0.951420
-0.157081 -0.951420
-0.154103 -0.951420
-0.151125 -0.951420
-0.148148 -0.951420
-0.145170 -0.951420
-0.142192 -0.951420
-0.139214 -0.951420
-0.136236 -0.951420
-0.133258 -0.951420
-0.130280 -0.951420
-0.127303 -0.951420
-0.124325 -0.951420
-0.121347 -0.951420
-0.118369 -0.951420
-0.115391 -0.951420
-0.112413 -0.951420
0.137725 -0.951420
0.140703 -0.951420
0.143681 -0.951420
0.146659 -0.951420
0.149636 -0.951420
0.152614 -0.951420
0.155592 -0.951420
0.158570 -0.951420
0.161548 -0.951420
0.164526 -0.951420
0.167503 -0.951420
0.170481 -0.951420
0.173459 -0.951420
0.176437 -0.951420
0.179415 -0.951420
0.182393 -0.951420
0.185370 -0.951420
0.191326 -0.951420
0.194304 -0.951420
0.197282 -0.951420
0.200260 -0.951420
0.203238 -0.951420
0.206215 -0.951420
0.209193 -0.951420
0.212171 -0.951420
0.215149 -0.951420
0.234505 -0.951420
0.237483 -0.951420
0.240461 -0.951420
0.243438 -0.951420
0.246416 -0.951420
0.250883 -0.951420
0.253861 -0.951420
0.256839 -0.951420
0.259816 -0.951420
-0.261305 -0.952909
-0.258328 -0.952909
-0.255350 -0.952909
-0.252372 -0.952909
-0.249394 -0.952909
-0.246416 -0.952909
-0.243438 -0.952909
-0.240461 -0.952909
-0.237483 -0.952909
-0.234505 -0.952909
-0.231527 -0.952909
-0.228549 -0.952909
-0.225571 -0.952909
-0.222593 -0.952909
-0.219616 -0.952909
-0.216638 -0.952909
-0.213660 -0.952909
-0.210682 -0.952909
-0.207704 -0.952909
-0.204726 -0.952909
-0.201749 -0.952909
-0.198771 -0.952909
-0.195793 -0.952909
-0.192815 -0.952909
-0.189837 -0.952909
-0.186859 -0.952909
-0.183882 -0.952909
-0.180904 -0.952909
-0.177926 -0.952909
-0.174948 -0.952909
-0.171970 -0.952909
-0.168992 -0.952909
-0.166015 -0.952909
-0.163037 -0.952909
-0.160059 -0.952909
-0.157081 -0.952909
-0.154103 -0.952909
-0.151125 -0.952909
-0.148148 -0.952909
-0.145170 -0.952909
-0.142192 -0.952909
-0.139214 -0.952909
-0.136236 -0.952909
-0.133258 -0.952909
-0.130280 -0.952909
-0.124325 -0.952909
-0.121347 -0.952909
-0.118369 -0.952909
-0.115391 -0.952909
-0.112413 -0.952909
-0.090080 -0.952909
-0.087102 -0.952909
-0.048390 -0.952909
-0.045412 -0.952909
0.137725 -0.952909
0.140703 -0.952909
0.143681 -0.952909
0.146659 -0.952909
0.149636 -0.952909
0.152614 -0.952909
0.155592 -0.952909
0.158570 -0.952909
0.161548 -0.952909
0.164526 -0.952909
0.167503 -0.952909
0.170481 -0.952909
0.173459 -0.952909
0.176437 -0.952909
0.179415 -0.952909
0.182393 -0.952909
0.192815 -0.952909
0.195793 -0.952909
0.198771 -0.952909
0.201749 -0.952909
0.204726 -0.952909
0.207704 -0.952909
0.210682 -0.952909
0.213660 -0.952909
0.237483 -0.952909
0.240461 -0.952909
0.243438 -0.952909
0.246416 -0.952909
0.249394 -0.952909
0.252372 -0.952909
0.255350 -0.952909
0.258328 -0.952909
0.261305 -0.952909
-0.261305 -0.954398
-0.258328 -0.954398
-0.255350 -0.954398
-0.252372 -0.954398
-0.249394 -0.954398
-0.246416 -0.954398
-0.243438 -0.954398
-0.240461 -0.954398
-0.237483 -0.954398
-0.234505 -0.954398
-0.231527 -0.954398
-0.228549 -0.954398
-0.225571 -0.954398
-0.222593 -0.954398
-0.219616 -0.954398
-0.216638 -0.954398
-0.213660 -0.954398
-0.210682 -0.954398
-0.207704 -0.954398
-0.204726 -0.954398
-0.201749 -0.954398
-0.198771 -0.954398
-0.195793 -0.954398
-0.192815 -0.954398
-0.189837 -0.954398
-0.186859 -0.954398
-0.183882 -0.954398
-0.180904 -0.954398
-0.177926 -0.954398
-0.174948 -0.954398
-0.171970 -0.954398
-0.168992 -0.954398
-0.166015 -0.954398
-0.163037 -0.954398
-0.160059 -0.954398
-0.157081 -0.954398
-0.154103 -0.954398
-0.151125 -0.954398
-0.148148 -0.954398
-0.145170 -0.954398
-0.142192 -0.954398
-0.139214 -0.954398
-0.136236 -0.954398
-0.133258 -0.954398
-0.128792 -0.954398
-0.125814 -0.954398
-0.122836 -0.954398
-0.119858 -0.954398
-0.116880 -0.954398
-0.113902 -0.954398
-0.094546 -0.954398
-0.090080 -0.954398
-0.087102 -0.954398
-0.084124 -0.954398
0.131769 -0.954398
0.134747 -0.954398
0.139214 -0.954398
0.142192 -0.954398
0.145170 -0.954398
0.148148 -0.954398
0.151125 -0.954398
0.154103 -0.954398
0.157081 -0.954398
0.160059 -0.954398
0.163037 -0.954398
0.166015 -0.954398
0.168992 -0.954398
0.171970 -0.954398
0.174948 -0.954398
0.177926 -0.954398
0.180904 -0.954398
0.192815 -0.954398
0.195793 -0.954398
0.198771 -0.954398
0.201749 -0.954398
0.204726 -0.954398
0.207704 -0.954398
0.210682 -0.954398
0.213660 -0.954398
0.216638 -0.954398
0.219616 -0.954398
0.222593 -0.954398
0.240461 -0.954398
0.243438 -0.954398
0.246416 -0.954398
0.249394 -0.954398
0.252372 -0.954398
0.255350 -0.954398
0.258328 -0.954398
0.261305 -0.954398
-0.261305 -0.955886
-0.258328 -0.955886
-0.255350 -0.955886
-0.252372 -0.955886
-0.249394 -0.955886
-0.246416 -0.955886
-0.243438 -0.955886
-0.240461 -0.955886
-0.233016 -0.955886
-0.230038 -0.955886
-0.227060 -0.955886
-0.224082 -0.955886
-0.221105 -0.955886
-0.218127 -0.955886
-0.215149 -0.955886
-0.212171 -0.955886
-0.209193 -0.955886
-0.206215 -0.955886
-0.203238 -0.955886
-0.200260 -0.955886
-0.197282 -0.955886
-0.194304 -0.955886
-0.191326 -0.955886
-0.188348 -0.955886
-0.185370 -0.955886
-0.182393 -0.955886
-0.179415 -0.955886
-0.176437 -0.955886
-0.173459 -0.955886
-0.170481 -0.955886
-0.167503 -0.955886
-0.164526 -0.955886
-0.161548 -0.955886
-0.158570 -0.955886
-0.155592 -0.955886
-0.152614 -0.955886
-0.149636 -0.955886
-0.146659 -0.955886
-0.143681 -0.955886
-0.140703 -0.955886
-0.137725 -0.955886
-0.134747 -0.955886
-0.131769 -0.955886
-0.128792 -0.955886
-0.125814 -0.955886
-0.122836 -0.955886
-0.119858 -0.955886
-0.116880 -0.955886
-0.002233 -0.955886
0.112413 -0.955886
0.127303 -0.955886
0.130280 -0.955886
0.137725 -0.955886
0.140703 -0.955886
0.143681 -0.955886
0.146659 -0.955886
0.149636 -0.955886
0.152614 -0.955886
0.155592 -0.955886
0.158570 -0.955886
0.161548 -0.955886
0.164526 -0.955886
0.167503 -0.955886
0.170481 -0.955886
0.173459 -0.955886
0.176437 -0.955886
0.179415 -0.955886
0.191326 -0.955886
0.194304 -0.955886
0.197282 -0.955886
0.200260 -0.955886
0.203238 -0.955886
0.206215 -0.955886
0.209193 -0.955886
0.212171 -0.955886
0.215149 -0.955886
0.218127 -0.955886
0.221105 -0.955886
0.227060 -0.955886
0.230038 -0.955886
0.233016 -0.955886
0.244927 -0.955886
0.247905 -0.955886
0.250883 -0.955886
0.253861 -0.955886
0.256839 -0.955886
0.261305 -0.955886
0.264283 -0.955886
-0.261305 -0.957375
-0.258328 -0.957375
-0.255350 -0.957375
-0.252372 -0.957375
-0.249394 -0.957375
-0.246416 -0.957375
-0.243438 -0.957375
-0.240461 -0.957375
-0.237483 -0.957375
-0.234505 -0.957375
-0.228549 -0.957375
-0.225571 -0.957375
-0.222593 -0.957375
-0.219616 -0.957375
-0.216638 -0.957375
-0.213660 -0.957375
-0.210682 -0.957375
-0.207704 -0.957375
-0.204726 -0.957375
-0.201749 -0.957375
-0.198771 -0.957375
-0.195793 -0.957375
-0.192815 -0.957375
-0.189837 -0.957375
-0.186859 -0.957375
-0.183882 -0.957375
-0.180904 -0.957375
-0.177926 -0.957375
-0.174948 -0.957375
-0.171970 -0.957375
-0.168992 -0.957375
-0.166015 -0.957375
-0.163037 -0.957375
-0.160059 -0.957375
-0.157081 -0.957375
-0.154103 -0.957375
-0.151125 -0.957375
-0.148148 -0.957375
-0.145170 -0.957375
-0.137725 -0.957375
-0.134747 -0.957375
-0.131769 -0.957375
-0.128792 -0.957375
-0.125814 -0.957375
-0.122836 -0.957375
-0.119858 -0.957375
-0.116880 -0.957375
0.113902 -0.957375
0.119858 -0.957375
0.137725 -0.957375
0.140703 -0.957375
0.143681 -0.957375
0.146659 -0.957375
0.149636 -0.957375
0.152614 -0.957375
0.155592 -0.957375
0.158570 -0.957375
0.161548 -0.957375
0.164526 -0.957375
0.167503 -0.957375
0.170481 -0.957375
0.173459 -0.957375
0.176437 -0.957375
0.179415 -0.957375
0.194304 -0.957375
0.197282 -0.957375
0.200260 -0.957375
0.203238 -0.957375
0.206215 -0.957375
0.209193 -0.957375
0.212171 -0.957375
0.235994 -0.957375
0.238972 -0.957375
0.247905 -0.957375
0.250883 -0.957375
0.253861 -0.957375
0.256839 -0.957375
0.259816 -0.957375
0.264283 -0.957375
0.340218 -0.957375
-0.262794 -0.958864
-0.259816 -0.958864
-0.256839 -0.958864
-0.253861 -0.958864
-0.250883 -0.958864
-0.247905 -0.958864
-0.244927 -0.958864
-0.241949 -0.958864
-0.238972 -0.958864
-0.235994 -0.958864
-0.233016 -0.958864
-0.230038 -0.958864
-0.224082 -0.958864
-0.221105 -0.958864
-0.218127 -0.958864
-0.215149 -0.958864
-0.212171 -0.958864
-0.209193 -0.958864
-0.206215 -0.958864
-0.203238 -0.958864
-0.200260 -0.958864
-0.197282 -0.958864
-0.194304 -0.958864
-0.191326 -0.958864
-0.188348 -0.958864
-0.185370 -0.958864
-0.182393 -0.958864
-0.179415 -0.958864
-0.176437 -0.958864
-0.173459 -0.958864
-0.170481 -0.958864
-0.167503 -0.958864
-0.164526 -0.958864
-0.161548 -0.958864
-0.158570 -0.958864
-0.155592 -0.958864
-0.152614 -0.958864
-0.149636 -0.958864
-0.142192 -0.958864
-0.139214 -0.958864
-0.136236 -0.958864
-0.133258 -0.958864
-0.130280 -0.958864
-0.127303 -0.958864
-0.124325 -0.958864
-0.121347 -0.958864
0.137725 -0.958864
0.140703 -0.958864
0.145170 -0.958864
0.148148 -0.958864
0.151125 -0.958864
0.154103 -0.958864
0.157081 -0.958864
0.160059 -0.958864
0.163037 -0.958864
0.166015 -0.958864
0.170481 -0.958864
0.173459 -0.958864
0.176437 -0.958864
0.191326 -0.958864
0.194304 -0.958864
0.197282 -0.958864
0.200260 -0.958864
0.203238 -0.958864
0.206215 -0.958864
0.209193 -0.958864
0.250883 -0.958864
0.253861 -0.958864
0.256839 -0.958864
0.259816 -0.958864
0.264283 -0.958864
0.340218 -0.958864
-0.259816 -0.960353
-0.256839 -0.960353
-0.253861 -0.960353
-0.250883 -0.960353
-0.244927 -0.960353
-0.241949 -0.960353
-0.233016 -0.960353
-0.230038 -0.960353
-0.227060 -0.960353
-0.224082 -0.960353
-0.221105 -0.960353
-0.210682 -0.960353
-0.207704 -0.960353
-0.204726 -0.960353
-0.201749 -0.960353
-0.198771 -0.960353
-0.195793 -0.960353
-0.192815 -0.960353
-0.189837 -0.960353
-0.186859 -0.960353
-0.183882 -0.960353
-0.180904 -0.960353
-0.177926 -0.960353
-0.174948 -0.960353
-0.171970 -0.960353
-0.168992 -0.960353
-0.166015 -0.960353
-0.163037 -0.960353
-0.160059 -0.960353
-0.148148 -0.960353
-0.145170 -0.960353
-0.142192 -0.960353
-0.139214 -0.960353
-0.136236 -0.960353
-0.133258 -0.960353
-0.130280 -0.960353
-0.127303 -0.960353
-0.124325 -0.960353
0.137725 -0.960353
0.140703 -0.960353
0.145170 -0.960353
0.148148 -0.960353
0.151125 -0.960353
0.154103 -0.960353
0.157081 -0.960353
0.160059 -0.960353
0.163037 -0.960353
0.166015 -0.960353
0.168992 -0.960353
0.171970 -0.960353
0.174948 -0.960353
0.189837 -0.960353
0.192815 -0.960353
0.195793 -0.960353
0.198771 -0.960353
0.201749 -0.960353
0.204726 -0.960353
0.258328 -0.960353
0.262794 -0.960353
0.265772 -0.960353
-0.255350 -0.961842
-0.252372 -0.961842
-0.249394 -0.961842
-0.246416 -0.961842
-0.237483 -0.961842
-0.234505 -0.961842
-0.231527 -0.961842
-0.228549 -0.961842
-0.225571 -0.961842
-0.222593 -0.961842
-0.219616 -0.961842
-0.216638 -0.961842
-0.213660 -0.961842
-0.200260 -0.961842
-0.197282 -0.961842
-0.194304 -0.961842
-0.191326 -0.961842
-0.188348 -0.961842
-0.185370 -0.961842
-0.182393 -0.961842
-0.179415 -0.961842
-0.176437 -0.961842
-0.173459 -0.961842
-0.170481 -0.961842
-0.157081 -0.961842
-0.154103 -0.961842
-0.151125 -0.961842
-0.148148 -0.961842
-0.145170 -0.961842
-0.142192 -0.961842
-0.139214 -0.961842
-0.136236 -0.961842
-0.133258 -0.961842
-0.130280 -0.961842
-0.127303 -0.961842
-0.115391 -0.961842
0.137725 -0.961842
0.140703 -0.961842
0.145170 -0.961842
0.148148 -0.961842
0.151125 -0.961842
0.154103 -0.961842
0.157081 -0.961842
0.160059 -0.961842
0.163037 -0.961842
0.166015 -0.961842
0.168992 -0.961842
0.171970 -0.961842
0.174948 -0.961842
0.186859 -0.961842
0.189837 -0.961842
0.192815 -0.961842
0.195793 -0.961842
0.198771 -0.961842
0.201749 -0.961842
0.210682 -0.961842
0.213660 -0.961842
0.265772 -0.961842
-0.250883 -0.963331
-0.247905 -0.963331
-0.244927 -0.963331
-0.241949 -0.963331
-0.238972 -0.963331
-0.228549 -0.963331
-0.225571 -0.963331
-0.222593 -0.963331
-0.219616 -0.963331
-0.216638 -0.963331
-0.213660 -0.963331
-0.210682 -0.963331
-0.207704 -0.963331
-0.204726 -0.963331
-0.201749 -0.963331
-0.198771 -0.963331
-0.168992 -0.963331
-0.166015 -0.963331
-0.163037 -0.963331
-0.160059 -0.963331
-0.157081 -0.963331
-0.154103 -0.963331
-0.151125 -0.963331
-0.148148 -0.963331
-0.145170 -0.963331
-0.142192 -0.963331
-0.139214 -0.963331
-0.136236 -0.963331
-0.133258 -0.963331
-0.130280 -0.963331
-0.127303 -0.963331
-0.121347 -0.963331
0.137725 -0.963331
0.140703 -0.963331
0.145170 -0.963331
0.148148 -0.963331
0.151125 -0.963331
0.154103 -0.963331
0.157081 -0.963331
0.160059 -0.963331
0.163037 -0.963331
0.166015 -0.963331
0.168992 -0.963331
0.171970 -0.963331
0.174948 -0.963331
0.177926 -0.963331
0.186859 -0.963331
0.189837 -0.963331
0.192815 -0.963331
0.195793 -0.963331
0.198771 -0.963331
0.203238 -0.963331
0.206215 -0.963331
0.209193 -0.963331
0.212171 -0.963331
0.264283 -0.963331
0.267261 -0.963331
-0.247905 -0.964820
-0.244927 -0.964820
-0.241949 -0.964820
-0.238972 -0.964820
-0.235994 -0.964820
-0.233016 -0.964820
-0.225571 -0.964820
-0.222593 -0.964820
-0.219616 -0.964820
-0.216638 -0.964820
-0.213660 -0.964820
-0.210682 -0.964820
-0.207704 -0.964820
-0.204726 -0.964820
-0.201749 -0.964820
-0.198771 -0.964820
-0.195793 -0.964820
-0.192815 -0.964820
-0.189837 -0.964820
-0.186859 -0.964820
-0.183882 -0.964820
-0.180904 -0.964820
-0.177926 -0.964820
-0.174948 -0.964820
-0.171970 -0.964820
-0.168992 -0.964820
-0.166015 -0.964820
-0.163037 -0.964820
-0.160059 -0.964820
-0.157081 -0.964820
-0.154103 -0.964820
-0.151125 -0.964820
-0.148148 -0.964820
-0.145170 -0.964820
-0.142192 -0.964820
-0.139214 -0.964820
-0.136236 -0.964820
-0.133258 -0.964820
-0.130280 -0.964820
0.139214 -0.964820
0.142192 -0.964820
0.145170 -0.964820
0.148148 -0.964820
0.151125 -0.964820
0.154103 -0.964820
0.157081 -0.964820
0.160059 -0.964820
0.163037 -0.964820
0.166015 -0.964820
0.168992 -0.964820
0.171970 -0.964820
0.174948 -0.964820
0.182393 -0.964820
0.185370 -0.964820
0.191326 -0.964820
0.194304 -0.964820
0.197282 -0.964820
0.200260 -0.964820
0.203238 -0.964820
0.206215 -0.964820
0.209193 -0.964820
0.212171 -0.964820
0.215149 -0.964820
0.218127 -0.964820
0.221105 -0.964820
0.267261 -0.964820
-0.250883 -0.966309
-0.247905 -0.966309
-0.244927 -0.966309
-0.241949 -0.966309
-0.238972 -0.966309
-0.235994 -0.966309
-0.233016 -0.966309
-0.230038 -0.966309
-0.227060 -0.966309
-0.224082 -0.966309
-0.221105 -0.966309
-0.216638 -0.966309
-0.213660 -0.966309
-0.210682 -0.966309
-0.207704 -0.966309
-0.204726 -0.966309
-0.201749 -0.966309
-0.198771 -0.966309
-0.195793 -0.966309
-0.192815 -0.966309
-0.189837 -0.966309
-0.186859 -0.966309
-0.183882 -0.966309
-0.180904 -0.966309
-0.177926 -0.966309
-0.174948 -0.966309
-0.171970 -0.966309
-0.168992 -0.966309
-0.166015 -0.966309
-0.163037 -0.966309
-0.160059 -0.966309
-0.157081 -0.966309
-0.154103 -0.966309
-0.151125 -0.966309
-0.148148 -0.966309
-0.145170 -0.966309
-0.142192 -0.966309
-0.139214 -0.966309
-0.136236 -0.966309
0.139214 -0.966309
0.142192 -0.966309
0.145170 -0.966309
0.148148 -0.966309
0.151125 -0.966309
0.154103 -0.966309
0.157081 -0.966309
0.160059 -0.966309
0.163037 -0.966309
0.166015 -0.966309
0.168992 -0.966309
0.171970 -0.966309
0.174948 -0.966309
0.177926 -0.966309
0.180904 -0.966309
0.183882 -0.966309
0.191326 -0.966309
0.194304 -0.966309
0.197282 -0.966309
0.200260 -0.966309
0.203238 -0.966309
0.206215 -0.966309
0.209193 -0.966309
0.212171 -0.966309
0.215149 -0.966309
0.218127 -0.966309
0.221105 -0.966309
0.224082 -0.966309
0.227060 -0.966309
0.230038 -0.966309
0.233016 -0.966309
0.235994 -0.966309
0.267261 -0.966309
-0.305973 -0.967798
-0.253861 -0.967798
-0.250883 -0.967798
-0.247905 -0.967798
-0.244927 -0.967798
-0.241949 -0.967798
-0.238972 -0.967798
-0.235994 -0.967798
-0.233016 -0.967798
-0.230038 -0.967798
-0.227060 -0.967798
-0.224082 -0.967798
-0.221105 -0.967798
-0.218127 -0.967798
-0.213660 -0.967798
-0.210682 -0.967798
-0.207704 -0.967798
-0.204726 -0.967798
-0.201749 -0.967798
-0.198771 -0.967798
-0.195793 -0.967798
-0.192815 -0.967798
-0.189837 -0.967798
-0.186859 -0.967798
-0.183882 -0.967798
-0.180904 -0.967798
-0.177926 -0.967798
-0.174948 -0.967798
-0.171970 -0.967798
-0.168992 -0.967798
-0.166015 -0.967798
-0.163037 -0.967798
-0.160059 -0.967798
-0.157081 -0.967798
-0.154103 -0.967798
-0.151125 -0.967798
-0.148148 -0.967798
-0.145170 -0.967798
-0.142192 -0.967798
-0.085613 -0.967798
0.140703 -0.967798
0.143681 -0.967798
0.146659 -0.967798
0.149636 -0.967798
0.152614 -0.967798
0.155592 -0.967798
0.158570 -0.967798
0.161548 -0.967798
0.164526 -0.967798
0.167503 -0.967798
0.170481 -0.967798
0.173459 -0.967798
0.176437 -0.967798
0.179415 -0.967798
0.182393 -0.967798
0.188348 -0.967798
0.191326 -0.967798
0.194304 -0.967798
0.197282 -0.967798
0.200260 -0.967798
0.203238 -0.967798
0.221105 -0.967798
0.224082 -0.967798
0.234505 -0.967798
0.237483 -0.967798
0.240461 -0.967798
0.262794 -0.967798
0.268750 -0.967798
-0.256839 -0.969287
-0.253861 -0.969287
-0.250883 -0.969287
-0.247905 -0.969287
-0.244927 -0.969287
-0.241949 -0.969287
-0.238972 -0.969287
-0.235994 -0.969287
-0.233016 -0.969287
-0.230038 -0.969287
-0.227060 -0.969287
-0.224082 -0.969287
-0.221105 -0.969287
-0.218127 -0.969287
-0.215149 -0.969287
-0.212171 -0.969287
-0.209193 -0.969287
-0.206215 -0.969287
-0.194304 -0.969287
-0.189837 -0.969287
-0.186859 -0.969287
-0.183882 -0.969287
-0.180904 -0.969287
-0.177926 -0.969287
-0.174948 -0.969287
-0.171970 -0.969287
-0.168992 -0.969287
-0.166015 -0.969287
-0.163037 -0.969287
-0.160059 -0.969287
-0.157081 -0.969287
-0.154103 -0.969287
-0.151125 -0.969287
-0.148148 -0.969287
-0.145170 -0.969287
0.088591 -0.969287
0.094546 -0.969287
0.140703 -0.969287
0.143681 -0.969287
0.146659 -0.969287
0.149636 -0.969287
0.152614 -0.969287
0.155592 -0.969287
0.158570 -0.969287
0.161548 -0.969287
0.164526 -0.969287
0.167503 -0.969287
0.170481 -0.969287
0.173459 -0.969287
0.176437 -0.969287
0.179415 -0.969287
0.185370 -0.969287
0.188348 -0.969287
0.191326 -0.969287
0.194304 -0.969287
0.197282 -0.969287
0.200260 -0.969287
0.203238 -0.969287
0.206215 -0.969287
0.209193 -0.969287
0.212171 -0.969287
0.225571 -0.969287
0.238972 -0.969287
0.241949 -0.969287
0.244927 -0.969287
0.267261 -0.969287
0.270239 -0.969287
-0.255350 -0.970776
-0.252372 -0.970776
-0.249394 -0.970776
-0.246416 -0.970776
-0.243438 -0.970776
-0.240461 -0.970776
-0.237483 -0.970776
-0.234505 -0.970776
-0.231527 -0.970776
-0.228549 -0.970776
-0.225571 -0.970776
-0.222593 -0.970776
-0.219616 -0.970776
-0.216638 -0.970776
-0.213660 -0.970776
-0.210682 -0.970776
-0.207704 -0.970776
-0.204726 -0.970776
-0.201749 -0.970776
-0.198771 -0.970776
-0.195793 -0.970776
-0.192815 -0.970776
-0.189837 -0.970776
-0.186859 -0.970776
-0.183882 -0.970776
-0.180904 -0.970776
-0.177926 -0.970776
-0.174948 -0.970776
-0.171970 -0.970776
-0.168992 -0.970776
-0.166015 -0.970776
-0.163037 -0.970776
-0.160059 -0.970776
-0.157081 -0.970776
-0.154103 -0.970776
-0.151125 -0.970776
0.091569 -0.970776
0.094546 -0.970776
0.143681 -0.970776
0.146659 -0.970776
0.149636 -0.970776
0.152614 -0.970776
0.155592 -0.970776
0.158570 -0.970776
0.161548 -0.970776
0.164526 -0.970776
0.167503 -0.970776
0.170481 -0.970776
0.173459 -0.970776
0.176437 -0.970776
0.179415 -0.970776
0.185370 -0.970776
0.188348 -0.970776
0.191326 -0.970776
0.194304 -0.970776
0.198771 -0.970776
0.201749 -0.970776
0.204726 -0.970776
0.207704 -0.970776
0.210682 -0.970776
0.213660 -0.970776
0.216638 -0.970776
0.219616 -0.970776
0.222593 -0.970776
0.225571 -0.970776
0.228549 -0.970776
0.231527 -0.970776
0.234505 -0.970776
0.237483 -0.970776
0.240461 -0.970776
0.243438 -0.970776
0.246416 -0.970776
0.249394 -0.970776
0.264283 -0.970776
0.270239 -0.970776
0.349152 -0.970776
-0.256839 -0.972265
-0.252372 -0.972265
-0.249394 -0.972265
-0.246416 -0.972265
-0.243438 -0.972265
-0.240461 -0.972265
-0.237483 -0.972265
-0.234505 -0.972265
-0.231527 -0.972265
-0.228549 -0.972265
-0.225571 -0.972265
-0.222593 -0.972265
-0.219616 -0.972265
-0.216638 -0.972265
-0.213660 -0.972265
-0.210682 -0.972265
-0.207704 -0.972265
-0.204726 -0.972265
-0.201749 -0.972265
-0.198771 -0.972265
-0.195793 -0.972265
-0.192815 -0.972265
-0.189837 -0.972265
-0.186859 -0.972265
-0.183882 -0.972265
-0.180904 -0.972265
-0.177926 -0.972265
-0.174948 -0.972265
-0.171970 -0.972265
-0.168992 -0.972265
-0.166015 -0.972265
-0.163037 -0.972265
-0.160059 -0.972265
-0.157081 -0.972265
-0.055834 -0.972265
0.143681 -0.972265
0.146659 -0.972265
0.149636 -0.972265
0.152614 -0.972265
0.155592 -0.972265
0.158570 -0.972265
0.161548 -0.972265
0.164526 -0.972265
0.167503 -0.972265
0.170481 -0.972265
0.173459 -0.972265
0.176437 -0.972265
0.183882 -0.972265
0.186859 -0.972265
0.189837 -0.972265
0.192815 -0.972265
0.195793 -0.972265
0.198771 -0.972265
0.201749 -0.972265
0.204726 -0.972265
0.207704 -0.972265
0.210682 -0.972265
0.213660 -0.972265
0.216638 -0.972265
0.219616 -0.972265
0.222593 -0.972265
0.225571 -0.972265
0.228549 -0.972265
0.231527 -0.972265
0.234505 -0.972265
0.237483 -0.972265
0.240461 -0.972265
0.243438 -0.972265
0.246416 -0.972265
0.249394 -0.972265
0.252372 -0.972265
0.255350 -0.972265
0.265772 -0.972265
0.270239 -0.972265
-0.258328 -0.973753
-0.250883 -0.973753
-0.247905 -0.973753
-0.244927 -0.973753
-0.241949 -0.973753
-0.238972 -0.973753
-0.235994 -0.973753
-0.233016 -0.973753
-0.230038 -0.973753
-0.227060 -0.973753
-0.224082 -0.973753
-0.221105 -0.973753
-0.218127 -0.973753
-0.215149 -0.973753
-0.212171 -0.973753
-0.209193 -0.973753
-0.206215 -0.973753
-0.203238 -0.973753
-0.200260 -0.973753
-0.197282 -0.973753
-0.194304 -0.973753
-0.191326 -0.973753
-0.188348 -0.973753
-0.185370 -0.973753
-0.182393 -0.973753
-0.179415 -0.973753
-0.176437 -0.973753
-0.173459 -0.973753
-0.170481 -0.973753
-0.167503 -0.973753
-0.164526 -0.973753
0.146659 -0.973753
0.149636 -0.973753
0.152614 -0.973753
0.155592 -0.973753
0.158570 -0.973753
0.161548 -0.973753
0.164526 -0.973753
0.167503 -0.973753
0.170481 -0.973753
0.173459 -0.973753
0.176437 -0.973753
0.183882 -0.973753
0.186859 -0.973753
0.189837 -0.973753
0.192815 -0.973753
0.195793 -0.973753
0.198771 -0.973753
0.201749 -0.973753
0.204726 -0.973753
0.207704 -0.973753
0.210682 -0.973753
0.213660 -0.973753
0.216638 -0.973753
0.219616 -0.973753
0.222593 -0.973753
0.225571 -0.973753
0.228549 -0.973753
0.231527 -0.973753
0.234505 -0.973753
0.237483 -0.973753
0.240461 -0.973753
0.243438 -0.973753
0.246416 -0.973753
0.249394 -0.973753
0.255350 -0.973753
0.258328 -0.973753
0.265772 -0.973753
0.270239 -0.973753
0.273217 -0.973753
-0.255350 -0.975242
-0.250883 -0.975242
-0.241949 -0.975242
-0.238972 -0.975242
-0.235994 -0.975242
-0.233016 -0.975242
-0.230038 -0.975242
-0.227060 -0.975242
-0.224082 -0.975242
-0.221105 -0.975242
-0.218127 -0.975242
-0.215149 -0.975242
-0.212171 -0.975242
-0.209193 -0.975242
-0.206215 -0.975242
-0.203238 -0.975242
-0.200260 -0.975242
-0.197282 -0.975242
-0.194304 -0.975242
-0.191326 -0.975242
-0.188348 -0.975242
-0.185370 -0.975242
-0.182393 -0.975242
-0.179415 -0.975242
-0.176437 -0.975242
-0.173459 -0.975242
0.145170 -0.975242
0.148148 -0.975242
0.151125 -0.975242
0.154103 -0.975242
0.157081 -0.975242
0.160059 -0.975242
0.163037 -0.975242
0.166015 -0.975242
0.168992 -0.975242
0.171970 -0.975242
0.174948 -0.975242
0.183882 -0.975242
0.186859 -0.975242
0.189837 -0.975242
0.192815 -0.975242
0.195793 -0.975242
0.198771 -0.975242
0.201749 -0.975242
0.204726 -0.975242
0.207704 -0.975242
0.210682 -0.975242
0.213660 -0.975242
0.216638 -0.975242
0.219616 -0.975242
0.222593 -0.975242
0.225571 -0.975242
0.228549 -0.975242
0.231527 -0.975242
0.234505 -0.975242
0.237483 -0.975242
0.240461 -0.975242
0.243438 -0.975242
0.246416 -0.975242
0.249394 -0.975242
0.252372 -0.975242
0.255350 -0.975242
0.258328 -0.975242
0.261305 -0.975242
0.267261 -0.975242
0.271728 -0.975242
-0.255350 -0.976731
-0.252372 -0.976731
-0.244927 -0.976731
-0.241949 -0.976731
-0.238972 -0.976731
-0.235994 -0.976731
-0.233016 -0.976731
-0.230038 -0.976731
-0.227060 -0.976731
-0.224082 -0.976731
-0.221105 -0.976731
-0.218127 -0.976731
-0.215149 -0.976731
-0.212171 -0.976731
-0.209193 -0.976731
-0.206215 -0.976731
-0.203238 -0.976731
-0.200260 -0.976731
-0.197282 -0.976731
-0.194304 -0.976731
-0.191326 -0.976731
-0.188348 -0.976731
-0.185370 -0.976731
-0.182393 -0.976731
-0.179415 -0.976731
-0.176437 -0.976731
0.143681 -0.976731
0.146659 -0.976731
0.149636 -0.976731
0.152614 -0.976731
0.155592 -0.976731
0.158570 -0.976731
0.161548 -0.976731
0.164526 -0.976731
0.167503 -0.976731
0.170481 -0.976731
0.173459 -0.976731
0.182393 -0.976731
0.185370 -0.976731
0.188348 -0.976731
0.191326 -0.976731
0.194304 -0.976731
0.197282 -0.976731
0.200260 -0.976731
0.203238 -0.976731
0.206215 -0.976731
0.209193 -0.976731
0.212171 -0.976731
0.215149 -0.976731
0.218127 -0.976731
0.221105 -0.976731
0.224082 -0.976731
0.227060 -0.976731
0.241949 -0.976731
0.244927 -0.976731
0.247905 -0.976731
0.267261 -0.976731
0.271728 -0.976731
0.274706 -0.976731
-0.250883 -0.978220
-0.247905 -0.978220
-0.244927 -0.978220
-0.241949 -0.978220
-0.238972 -0.978220
-0.235994 -0.978220
-0.233016 -0.978220
-0.228549 -0.978220
-0.225571 -0.978220
-0.222593 -0.978220
-0.219616 -0.978220
-0.216638 -0.978220
-0.213660 -0.978220
-0.210682 -0.978220
-0.207704 -0.978220
-0.204726 -0.978220
-0.201749 -0.978220
-0.198771 -0.978220
-0.195793 -0.978220
-0.192815 -0.978220
-0.189837 -0.978220
-0.186859 -0.978220
-0.183882 -0.978220
0.096035 -0.978220
0.103480 -0.978220
0.106458 -0.978220
0.109436 -0.978220
0.149636 -0.978220
0.152614 -0.978220
0.155592 -0.978220
0.158570 -0.978220
0.161548 -0.978220
0.164526 -0.978220
0.167503 -0.978220
0.170481 -0.978220
0.173459 -0.978220
0.182393 -0.978220
0.185370 -0.978220
0.188348 -0.978220
0.191326 -0.978220
0.194304 -0.978220
0.197282 -0.978220
0.200260 -0.978220
0.203238 -0.978220
0.206215 -0.978220
0.209193 -0.978220
0.212171 -0.978220
0.270239 -0.978220
0.273217 -0.978220
-0.246416 -0.979709
-0.243438 -0.979709
-0.240461 -0.979709
-0.237483 -0.979709
-0.234505 -0.979709
-0.231527 -0.979709
-0.228549 -0.979709
-0.225571 -0.979709
-0.222593 -0.979709
-0.219616 -0.979709
-0.216638 -0.979709
-0.213660 -0.979709
-0.210682 -0.979709
-0.207704 -0.979709
-0.204726 -0.979709
-0.201749 -0.979709
-0.195793 -0.979709
-0.192815 -0.979709
-0.189837 -0.979709
0.097524 -0.979709
0.152614 -0.979709
0.155592 -0.979709
0.158570 -0.979709
0.161548 -0.979709
0.164526 -0.979709
0.167503 -0.979709
0.170481 -0.979709
0.173459 -0.979709
0.180904 -0.979709
0.183882 -0.979709
0.186859 -0.979709
0.189837 -0.979709
0.192815 -0.979709
0.195793 -0.979709
0.198771 -0.979709
0.201749 -0.979709
0.204726 -0.979709
0.207704 -0.979709
0.268750 -0.979709
0.271728 -0.979709
0.274706 -0.979709
-0.238972 -0.981198
-0.235994 -0.981198
-0.233016 -0.981198
-0.230038 -0.981198
-0.227060 -0.981198
-0.224082 -0.981198
-0.221105 -0.981198
-0.218127 -0.981198
-0.215149 -0.981198
-0.212171 -0.981198
-0.203238 -0.981198
-0.200260 -0.981198
-0.197282 -0.981198
0.152614 -0.981198
0.155592 -0.981198
0.158570 -0.981198
0.161548 -0.981198
0.164526 -0.981198
0.167503 -0.981198
0.170481 -0.981198
0.177926 -0.981198
0.180904 -0.981198
0.183882 -0.981198
0.186859 -0.981198
0.189837 -0.981198
0.192815 -0.981198
0.195793 -0.981198
0.198771 -0.981198
0.201749 -0.981198
0.204726 -0.981198
0.207704 -0.981198
0.213660 -0.981198
0.216638 -0.981198
0.219616 -0.981198
0.222593 -0.981198
0.225571 -0.981198
0.228549 -0.981198
0.271728 -0.981198
0.274706 -0.981198
-0.224082 -0.982687
-0.221105 -0.982687
-0.218127 -0.982687
-0.201749 -0.982687
0.154103 -0.982687
0.157081 -0.982687
0.160059 -0.982687
0.163037 -0.982687
0.166015 -0.982687
0.168992 -0.982687
0.171970 -0.982687
0.177926 -0.982687
0.180904 -0.982687
0.183882 -0.982687
0.192815 -0.982687
0.195793 -0.982687
0.198771 -0.982687
0.201749 -0.982687
0.204726 -0.982687
0.207704 -0.982687
0.210682 -0.982687
0.213660 -0.982687
0.216638 -0.982687
0.219616 -0.982687
0.222593 -0.982687
0.225571 -0.982687
0.228549 -0.982687
0.231527 -0.982687
0.234505 -0.982687
0.237483 -0.982687
0.240461 -0.982687
0.253861 -0.982687
0.256839 -0.982687
0.271728 -0.982687
0.274706 -0.982687
0.277684 -0.982687
0.157081 -0.984176
0.160059 -0.984176
0.163037 -0.984176
0.166015 -0.984176
0.168992 -0.984176
0.174948 -0.984176
0.177926 -0.984176
0.180904 -0.984176
0.191326 -0.984176
0.194304 -0.984176
0.197282 -0.984176
0.200260 -0.984176
0.203238 -0.984176
0.206215 -0.984176
0.209193 -0.984176
0.212171 -0.984176
0.215149 -0.984176
0.218127 -0.984176
0.221105 -0.984176
0.224082 -0.984176
0.227060 -0.984176
0.230038 -0.984176
0.233016 -0.984176
0.235994 -0.984176
0.238972 -0.984176
0.241949 -0.984176
0.244927 -0.984176
0.247905 -0.984176
0.258328 -0.984176
0.261305 -0.984176
0.271728 -0.984176
0.274706 -0.984176
0.277684 -0.984176
0.113902 -0.985665
0.151125 -0.985665
0.154103 -0.985665
0.161548 -0.985665
0.164526 -0.985665
0.167503 -0.985665
0.170481 -0.985665
0.176437 -0.985665
0.179415 -0.985665
0.194304 -0.985665
0.197282 -0.985665
0.200260 -0.985665
0.203238 -0.985665
0.206215 -0.985665
0.209193 -0.985665
0.212171 -0.985665
0.215149 -0.985665
0.218127 -0.985665
0.221105 -0.985665
0.224082 -0.985665
0.227060 -0.985665
0.230038 -0.985665
0.233016 -0.985665
0.235994 -0.985665
0.238972 -0.985665
0.241949 -0.985665
0.244927 -0.985665
0.247905 -0.985665
0.250883 -0.985665
0.253861 -0.985665
0.261305 -0.985665
0.264283 -0.985665
0.271728 -0.985665
0.274706 -0.985665
0.277684 -0.985665
0.002233 -0.987154
0.163037 -0.987154
0.166015 -0.987154
0.168992 -0.987154
0.171970 -0.987154
0.174948 -0.987154
0.177926 -0.987154
0.194304 -0.987154
0.197282 -0.987154
0.200260 -0.987154
0.203238 -0.987154
0.206215 -0.987154
0.209193 -0.987154
0.212171 -0.987154
0.215149 -0.987154
0.218127 -0.987154
0.221105 -0.987154
0.224082 -0.987154
0.227060 -0.987154
0.230038 -0.987154
0.233016 -0.987154
0.235994 -0.987154
0.238972 -0.987154
0.241949 -0.987154
0.244927 -0.987154
0.252372 -0.987154
0.255350 -0.987154
0.258328 -0.987154
0.261305 -0.987154
0.264283 -0.987154
0.267261 -0.987154
0.270239 -0.987154
0.273217 -0.987154
0.276195 -0.987154
0.279172 -0.987154
0.160059 -0.988643
0.163037 -0.988643
0.166015 -0.988643
0.168992 -0.988643
0.171970 -0.988643
0.174948 -0.988643
0.191326 -0.988643
0.194304 -0.988643
0.197282 -0.988643
0.200260 -0.988643
0.203238 -0.988643
0.206215 -0.988643
0.209193 -0.988643
0.212171 -0.988643
0.215149 -0.988643
0.218127 -0.988643
0.221105 -0.988643
0.224082 -0.988643
0.227060 -0.988643
0.230038 -0.988643
0.233016 -0.988643
0.235994 -0.988643
0.238972 -0.988643
0.241949 -0.988643
0.244927 -0.988643
0.247905 -0.988643
0.258328 -0.988643
0.261305 -0.988643
0.264283 -0.988643
0.267261 -0.988643
0.270239 -0.988643
0.273217 -0.988643
0.276195 -0.988643
0.279172 -0.988643
0.163037 -0.990132
0.166015 -0.990132
0.168992 -0.990132
0.171970 -0.990132
0.174948 -0.990132
0.189837 -0.990132
0.192815 -0.990132
0.195793 -0.990132
0.198771 -0.990132
0.201749 -0.990132
0.204726 -0.990132
0.207704 -0.990132
0.210682 -0.990132
0.213660 -0.990132
0.216638 -0.990132
0.219616 -0.990132
0.222593 -0.990132
0.225571 -0.990132
0.228549 -0.990132
0.231527 -0.990132
0.234505 -0.990132
0.237483 -0.990132
0.249394 -0.990132
0.262794 -0.990132
0.265772 -0.990132
0.268750 -0.990132
0.271728 -0.990132
0.274706 -0.990132
0.277684 -0.990132
0.161548 -0.991620
0.164526 -0.991620
0.167503 -0.991620
0.170481 -0.991620
0.173459 -0.991620
0.176437 -0.991620
0.188348 -0.991620
0.191326 -0.991620
0.194304 -0.991620
0.197282 -0.991620
0.200260 -0.991620
0.203238 -0.991620
0.206215 -0.991620
0.209193 -0.991620
0.212171 -0.991620
0.215149 -0.991620
0.218127 -0.991620
0.221105 -0.991620
0.224082 -0.991620
0.227060 -0.991620
0.230038 -0.991620
0.233016 -0.991620
0.235994 -0.991620
0.238972 -0.991620
0.241949 -0.991620
0.265772 -0.991620
0.268750 -0.991620
0.271728 -0.991620
0.274706 -0.991620
0.277684 -0.991620
0.316395 -0.991620
0.161548 -0.993109
0.164526 -0.993109
0.167503 -0.993109
0.170481 -0.993109
0.173459 -0.993109
0.176437 -0.993109
0.179415 -0.993109
0.186859 -0.993109
0.189837 -0.993109
0.192815 -0.993109
0.195793 -0.993109
0.198771 -0.993109
0.201749 -0.993109
0.204726 -0.993109
0.207704 -0.993109
0.210682 -0.993109
0.213660 -0.993109
0.216638 -0.993109
0.219616 -0.993109
0.222593 -0.993109
0.225571 -0.993109
0.228549 -0.993109
0.231527 -0.993109
0.234505 -0.993109
0.237483 -0.993109
0.240461 -0.993109
0.268750 -0.993109
0.271728 -0.993109
0.274706 -0.993109
0.277684 -0.993109
0.280661 -0.993109
0.163037 -0.994598
0.166015 -0.994598
0.168992 -0.994598
0.171970 -0.994598
0.174948 -0.994598
0.177926 -0.994598
0.183882 -0.994598
0.186859 -0.994598
0.191326 -0.994598
0.194304 -0.994598
0.197282 -0.994598
0.200260 -0.994598
0.203238 -0.994598
0.206215 -0.994598
0.209193 -0.994598
0.212171 -0.994598
0.215149 -0.994598
0.218127 -0.994598
0.221105 -0.994598
0.224082 -0.994598
0.227060 -0.994598
0.230038 -0.994598
0.233016 -0.994598
0.235994 -0.994598
0.238972 -0.994598
0.271728 -0.994598
0.274706 -0.994598
0.277684 -0.994598
0.280661 -0.994598
0.161548 -0.996087
0.164526 -0.996087
0.167503 -0.996087
0.170481 -0.996087
0.173459 -0.996087
0.176437 -0.996087
0.179415 -0.996087
0.183882 -0.996087
0.188348 -0.996087
0.191326 -0.996087
0.194304 -0.996087
0.197282 -0.996087
0.200260 -0.996087
0.203238 -0.996087
0.206215 -0.996087
0.209193 -0.996087
0.212171 -0.996087
0.215149 -0.996087
0.218127 -0.996087
0.221105 -0.996087
0.224082 -0.996087
0.227060 -0.996087
0.230038 -0.996087
0.233016 -0.996087
0.235994 -0.996087
0.238972 -0.996087
0.273217 -0.996087
0.276195 -0.996087
0.279172 -0.996087
0.161548 -0.997576
0.164526 -0.997576
0.167503 -0.997576
0.170481 -0.997576
0.173459 -0.997576
0.176437 -0.997576
0.179415 -0.997576
0.182393 -0.997576
0.185370 -0.997576
0.188348 -0.997576
0.194304 -0.997576
0.197282 -0.997576
0.200260 -0.997576
0.203238 -0.997576
0.206215 -0.997576
0.209193 -0.997576
0.212171 -0.997576
0.215149 -0.997576
0.218127 -0.997576
0.221105 -0.997576
0.224082 -0.997576
0.227060 -0.997576
0.230038 -0.997576
0.233016 -0.997576
0.235994 -0.997576
0.238972 -0.997576
0.265772 -0.997576
0.271728 -0.997576
0.274706 -0.997576
0.277684 -0.997576
0.280661 -0.997576
0.163037 -0.999065
0.166015 -0.999065
0.168992 -0.999065
0.171970 -0.999065
0.174948 -0.999065
0.177926 -0.999065
0.180904 -0.999065
0.183882 -0.999065
0.186859 -0.999065
0.195793 -0.999065
0.198771 -0.999065
0.201749 -0.999065
0.204726 -0.999065
0.207704 -0.999065
0.210682 -0.999065
0.213660 -0.999065
0.216638 -0.999065
0.219616 -0.999065
0.222593 -0.999065
0.225571 -0.999065
0.228549 -0.999065
0.231527 -0.999065
0.234505 -0.999065
0.237483 -0.999065
0.267261 -0.999065
0.273217 -0.999065
0.276195 -0.999065
0.279172 -0.999065
0.131769 -1.000554
0.164526 -1.000554
0.167503 -1.000554
0.170481 -1.000554
0.173459 -1.000554
0.176437 -1.000554
0.179415 -1.000554
0.182393 -1.000554
0.185370 -1.000554
0.195793 -1.000554
0.198771 -1.000554
0.201749 -1.000554
0.204726 -1.000554
0.207704 -1.000554
0.210682 -1.000554
0.213660 -1.000554
0.216638 -1.000554
0.219616 -1.000554
0.222593 -1.000554
0.225571 -1.000554
0.228549 -1.000554
0.231527 -1.000554
0.234505 -1.000554
0.237483 -1.000554
0.240461 -1.000554
0.265772 -1.000554
0.271728 -1.000554
0.274706 -1.000554
0.277684 -1.000554
0.280661 -1.000554
0.164526 -1.002043
0.167503 -1.002043
0.170481 -1.002043
0.173459 -1.002043
0.176437 -1.002043
0.179415 -1.002043
0.182393 -1.002043
0.185370 -1.002043
0.198771 -1.002043
0.201749 -1.002043
0.204726 -1.002043
0.207704 -1.002043
0.210682 -1.002043
0.213660 -1.002043
0.216638 -1.002043
0.219616 -1.002043
0.222593 -1.002043
0.225571 -1.002043
0.228549 -1.002043
0.231527 -1.002043
0.234505 -1.002043
0.237483 -1.002043
0.265772 -1.002043
0.268750 -1.002043
0.271728 -1.002043
0.274706 -1.002043
0.277684 -1.002043
0.280661 -1.002043
0.163037 -1.003532
0.166015 -1.003532
0.168992 -1.003532
0.171970 -1.003532
0.174948 -1.003532
0.177926 -1.003532
0.180904 -1.003532
0.183882 -1.003532
0.186859 -1.003532
0.197282 -1.003532
0.200260 -1.003532
0.203238 -1.003532
0.206215 -1.003532
0.209193 -1.003532
0.212171 -1.003532
0.215149 -1.003532
0.218127 -1.003532
0.221105 -1.003532
0.224082 -1.003532
0.227060 -1.003532
0.230038 -1.003532
0.233016 -1.003532
0.235994 -1.003532
0.238972 -1.003532
0.241949 -1.003532
0.267261 -1.003532
0.270239 -1.003532
0.273217 -1.003532
0.276195 -1.003532
0.279172 -1.003532
0.160059 -1.005021
0.163037 -1.005021
0.166015 -1.005021
0.168992 -1.005021
0.171970 -1.005021
0.174948 -1.005021
0.177926 -1.005021
0.180904 -1.005021
0.183882 -1.005021
0.186859 -1.005021
0.197282 -1.005021
0.200260 -1.005021
0.203238 -1.005021
0.206215 -1.005021
0.209193 -1.005021
0.212171 -1.005021
0.215149 -1.005021
0.218127 -1.005021
0.221105 -1.005021
0.224082 -1.005021
0.227060 -1.005021
0.230038 -1.005021
0.233016 -1.005021
0.235994 -1.005021
0.238972 -1.005021
0.241949 -1.005021
0.244927 -1.005021
0.265772 -1.005021
0.268750 -1.005021
0.271728 -1.005021
0.274706 -1.005021
0.277684 -1.005021
0.280661 -1.005021
0.161548 -1.006510
0.164526 -1.006510
0.167503 -1.006510
0.170481 -1.006510
0.173459 -1.006510
0.176437 -1.006510
0.179415 -1.006510
0.182393 -1.006510
0.185370 -1.006510
0.188348 -1.006510
0.198771 -1.006510
0.203238 -1.006510
0.206215 -1.006510
0.209193 -1.006510
0.212171 -1.006510
0.215149 -1.006510
0.218127 -1.006510
0.221105 -1.006510
0.224082 -1.006510
0.227060 -1.006510
0.230038 -1.006510
0.233016 -1.006510
0.235994 -1.006510
0.238972 -1.006510
0.241949 -1.006510
0.265772 -1.006510
0.268750 -1.006510
0.271728 -1.006510
0.274706 -1.006510
0.277684 -1.006510
0.280661 -1.006510
0.161548 -1.007999
0.164526 -1.007999
0.167503 -1.007999
0.170481 -1.007999
0.173459 -1.007999
0.176437 -1.007999
0.179415 -1.007999
0.182393 -1.007999
0.185370 -1.007999
0.188348 -1.007999
0.191326 -1.007999
0.194304 -1.007999
0.203238 -1.007999
0.206215 -1.007999
0.209193 -1.007999
0.212171 -1.007999
0.215149 -1.007999
0.218127 -1.007999
0.221105 -1.007999
0.224082 -1.007999
0.227060 -1.007999
0.230038 -1.007999
0.233016 -1.007999
0.235994 -1.007999
0.238972 -1.007999
0.241949 -1.007999
0.244927 -1.007999
0.247905 -1.007999
0.261305 -1.007999
0.267261 -1.007999
0.270239 -1.007999
0.273217 -1.007999
0.276195 -1.007999
0.279172 -1.007999
0.282150 -1.007999
0.160059 -1.009488
0.163037 -1.009488
0.166015 -1.009488
0.168992 -1.009488
0.171970 -1.009488
0.174948 -1.009488
0.177926 -1.009488
0.180904 -1.009488
0.183882 -1.009488
0.186859 -1.009488
0.189837 -1.009488
0.192815 -1.009488
0.195793 -1.009488
0.204726 -1.009488
0.207704 -1.009488
0.210682 -1.009488
0.213660 -1.009488
0.216638 -1.009488
0.219616 -1.009488
0.222593 -1.009488
0.225571 -1.009488
0.228549 -1.009488
0.231527 -1.009488
0.234505 -1.009488
0.250883 -1.009488
0.253861 -1.009488
0.262794 -1.009488
0.265772 -1.009488
0.268750 -1.009488
0.271728 -1.009488
0.274706 -1.009488
0.277684 -1.009488
0.280661 -1.009488
0.158570 -1.010976
0.161548 -1.010976
0.164526 -1.010976
0.167503 -1.010976
0.170481 -1.010976
0.173459 -1.010976
0.176437 -1.010976
0.179415 -1.010976
0.182393 -1.010976
0.185370 -1.010976
0.188348 -1.010976
0.191326 -1.010976
0.194304 -1.010976
0.204726 -1.010976
0.207704 -1.010976
0.210682 -1.010976
0.213660 -1.010976
0.216638 -1.010976
0.219616 -1.010976
0.222593 -1.010976
0.225571 -1.010976
0.228549 -1.010976
0.231527 -1.010976
0.234505 -1.010976
0.256839 -1.010976
0.262794 -1.010976
0.265772 -1.010976
0.268750 -1.010976
0.271728 -1.010976
0.274706 -1.010976
0.277684 -1.010976
0.280661 -1.010976
0.158570 -1.012465
0.161548 -1.012465
0.164526 -1.012465
0.167503 -1.012465
0.170481 -1.012465
0.173459 -1.012465
0.176437 -1.012465
0.179415 -1.012465
0.182393 -1.012465
0.185370 -1.012465
0.188348 -1.012465
0.191326 -1.012465
0.194304 -1.012465
0.197282 -1.012465
0.209193 -1.012465
0.212171 -1.012465
0.215149 -1.012465
0.218127 -1.012465
0.221105 -1.012465
0.224082 -1.012465
0.227060 -1.012465
0.230038 -1.012465
0.233016 -1.012465
0.235994 -1.012465
0.256839 -1.012465
0.261305 -1.012465
0.264283 -1.012465
0.267261 -1.012465
0.270239 -1.012465
0.273217 -1.012465
0.276195 -1.012465
0.279172 -1.012465
0.282150 -1.012465
0.158570 -1.013954
0.161548 -1.013954
0.164526 -1.013954
0.167503 -1.013954
0.170481 -1.013954
0.173459 -1.013954
0.176437 -1.013954
0.179415 -1.013954
0.182393 -1.013954
0.185370 -1.013954
0.188348 -1.013954
0.191326 -1.013954
0.194304 -1.013954
0.197282 -1.013954
0.201749 -1.013954
0.212171 -1.013954
0.215149 -1.013954
0.218127 -1.013954
0.221105 -1.013954
0.224082 -1.013954
0.227060 -1.013954
0.230038 -1.013954
0.233016 -1.013954
0.235994 -1.013954
0.238972 -1.013954
0.241949 -1.013954
0.244927 -1.013954
0.258328 -1.013954
0.261305 -1.013954
0.264283 -1.013954
0.267261 -1.013954
0.270239 -1.013954
0.273217 -1.013954
0.276195 -1.013954
0.279172 -1.013954
0.282150 -1.013954
0.130280 -1.015443
0.160059 -1.015443
0.163037 -1.015443
0.166015 -1.015443
0.168992 -1.015443
0.171970 -1.015443
0.174948 -1.015443
0.177926 -1.015443
0.180904 -1.015443
0.183882 -1.015443
0.186859 -1.015443
0.189837 -1.015443
0.192815 -1.015443
0.195793 -1.015443
0.198771 -1.015443
0.201749 -1.015443
0.212171 -1.015443
0.222593 -1.015443
0.227060 -1.015443
0.230038 -1.015443
0.233016 -1.015443
0.235994 -1.015443
0.238972 -1.015443
0.241949 -1.015443
0.244927 -1.015443
0.247905 -1.015443
0.250883 -1.015443
0.256839 -1.015443
0.259816 -1.015443
0.262794 -1.015443
0.265772 -1.015443
0.268750 -1.015443
0.271728 -1.015443
0.274706 -1.015443
0.277684 -1.015443
0.280661 -1.015443
0.283639 -1.015443
0.158570 -1.016932
0.161548 -1.016932
0.164526 -1.016932
0.167503 -1.016932
0.170481 -1.016932
0.173459 -1.016932
0.176437 -1.016932
0.179415 -1.016932
0.182393 -1.016932
0.185370 -1.016932
0.188348 -1.016932
0.191326 -1.016932
0.194304 -1.016932
0.197282 -1.016932
0.200260 -1.016932
0.203238 -1.016932
0.225571 -1.016932
0.228549 -1.016932
0.231527 -1.016932
0.234505 -1.016932
0.237483 -1.016932
0.240461 -1.016932
0.243438 -1.016932
0.246416 -1.016932
0.249394 -1.016932
0.252372 -1.016932
0.255350 -1.016932
0.258328 -1.016932
0.261305 -1.016932
0.264283 -1.016932
0.267261 -1.016932
0.270239 -1.016932
0.274706 -1.016932
0.277684 -1.016932
0.280661 -1.016932
0.283639 -1.016932
0.161548 -1.018421
0.164526 -1.018421
0.167503 -1.018421
0.170481 -1.018421
0.173459 -1.018421
0.176437 -1.018421
0.179415 -1.018421
0.182393 -1.018421
0.185370 -1.018421
0.188348 -1.018421
0.191326 -1.018421
0.194304 -1.018421
0.197282 -1.018421
0.200260 -1.018421
0.203238 -1.018421
0.206215 -1.018421
0.225571 -1.018421
0.237483 -1.018421
0.240461 -1.018421
0.243438 -1.018421
0.246416 -1.018421
0.249394 -1.018421
0.252372 -1.018421
0.255350 -1.018421
0.258328 -1.018421
0.261305 -1.018421
0.264283 -1.018421
0.267261 -1.018421
0.273217 -1.018421
0.276195 -1.018421
0.279172 -1.018421
0.282150 -1.018421
0.154103 -1.019910
0.160059 -1.019910
0.163037 -1.019910
0.166015 -1.019910
0.168992 -1.019910
0.171970 -1.019910
0.174948 -1.019910
0.177926 -1.019910
0.180904 -1.019910
0.183882 -1.019910
0.186859 -1.019910
0.189837 -1.019910
0.192815 -1.019910
0.195793 -1.019910
0.198771 -1.019910
0.201749 -1.019910
0.204726 -1.019910
0.207704 -1.019910
0.222593 -1.019910
0.246416 -1.019910
0.249394 -1.019910
0.252372 -1.019910
0.255350 -1.019910
0.258328 -1.019910
0.261305 -1.019910
0.264283 -1.019910
0.267261 -1.019910
0.271728 -1.019910
0.274706 -1.019910
0.277684 -1.019910
0.280661 -1.019910
0.283639 -1.019910
0.155592 -1.021399
0.158570 -1.021399
0.161548 -1.021399
0.164526 -1.021399
0.167503 -1.021399
0.170481 -1.021399
0.173459 -1.021399
0.176437 -1.021399
0.179415 -1.021399
0.182393 -1.021399
0.185370 -1.021399
0.188348 -1.021399
0.191326 -1.021399
0.194304 -1.021399
0.197282 -1.021399
0.200260 -1.021399
0.203238 -1.021399
0.206215 -1.021399
0.209193 -1.021399
0.253861 -1.021399
0.256839 -1.021399
0.259816 -1.021399
0.262794 -1.021399
0.265772 -1.021399
0.270239 -1.021399
0.273217 -1.021399
0.276195 -1.021399
0.279172 -1.021399
0.282150 -1.021399
0.288106 -1.021399
0.161548 -1.022888
0.164526 -1.022888
0.167503 -1.022888
0.170481 -1.022888
0.173459 -1.022888
0.176437 -1.022888
0.179415 -1.022888
0.182393 -1.022888
0.185370 -1.022888
0.188348 -1.022888
0.191326 -1.022888
0.194304 -1.022888
0.197282 -1.022888
0.200260 -1.022888
0.203238 -1.022888
0.206215 -1.022888
0.209193 -1.022888
0.212171 -1.022888
0.253861 -1.022888
0.256839 -1.022888
0.259816 -1.022888
0.262794 -1.022888
0.265772 -1.022888
0.268750 -1.022888
0.271728 -1.022888
0.274706 -1.022888
0.277684 -1.022888
0.280661 -1.022888
0.283639 -1.022888
0.161548 -1.024377
0.164526 -1.024377
0.168992 -1.024377
0.171970 -1.024377
0.174948 -1.024377
0.177926 -1.024377
0.180904 -1.024377
0.183882 -1.024377
0.186859 -1.024377
0.189837 -1.024377
0.192815 -1.024377
0.195793 -1.024377
0.198771 -1.024377
0.201749 -1.024377
0.204726 -1.024377
0.207704 -1.024377
0.210682 -1.024377
0.213660 -1.024377
0.250883 -1.024377
0.253861 -1.024377
0.256839 -1.024377
0.259816 -1.024377
0.262794 -1.024377
0.265772 -1.024377
0.268750 -1.024377
0.271728 -1.024377
0.274706 -1.024377
0.277684 -1.024377
0.280661 -1.024377
0.298528 -1.024377
0.160059 -1.025866
0.163037 -1.025866
0.166015 -1.025866
0.170481 -1.025866
0.173459 -1.025866
0.176437 -1.025866
0.179415 -1.025866
0.182393 -1.025866
0.185370 -1.025866
0.188348 -1.025866
0.191326 -1.025866
0.194304 -1.025866
0.197282 -1.025866
0.200260 -1.025866
0.203238 -1.025866
0.206215 -1.025866
0.209193 -1.025866
0.212171 -1.025866
0.215149 -1.025866
0.249394 -1.025866
0.252372 -1.025866
0.255350 -1.025866
0.258328 -1.025866
0.261305 -1.025866
0.264283 -1.025866
0.267261 -1.025866
0.270239 -1.025866
0.273217 -1.025866
0.276195 -1.025866
0.279172 -1.025866
0.282150 -1.025866
0.292573 -1.025866
0.295551 -1.025866
0.298528 -1.025866
0.163037 -1.027355
0.166015 -1.027355
0.168992 -1.027355
0.171970 -1.027355
0.174948 -1.027355
0.179415 -1.027355
0.182393 -1.027355
0.185370 -1.027355
0.188348 -1.027355
0.191326 -1.027355
0.194304 -1.027355
0.197282 -1.027355
0.200260 -1.027355
0.203238 -1.027355
0.206215 -1.027355
0.209193 -1.027355
0.212171 -1.027355
0.215149 -1.027355
0.230038 -1.027355
0.237483 -1.027355
0.247905 -1.027355
0.250883 -1.027355
0.253861 -1.027355
0.256839 -1.027355
0.259816 -1.027355
0.262794 -1.027355
0.265772 -1.027355
0.268750 -1.027355
0.271728 -1.027355
0.276195 -1.027355
0.279172 -1.027355
0.282150 -1.027355
0.286617 -1.027355
0.295551 -1.027355
0.164526 -1.028843
0.167503 -1.028843
0.171970 -1.028843
0.174948 -1.028843
0.177926 -1.028843
0.180904 -1.028843
0.183882 -1.028843
0.186859 -1.028843
0.189837 -1.028843
0.192815 -1.028843
0.195793 -1.028843
0.198771 -1.028843
0.201749 -1.028843
0.204726 -1.028843
0.207704 -1.028843
0.210682 -1.028843
0.213660 -1.028843
0.216638 -1.028843
0.219616 -1.028843
0.222593 -1.028843
0.225571 -1.028843
0.228549 -1.028843
0.231527 -1.028843
0.234505 -1.028843
0.237483 -1.028843
0.240461 -1.028843
0.243438 -1.028843
0.246416 -1.028843
0.249394 -1.028843
0.252372 -1.028843
0.255350 -1.028843
0.258328 -1.028843
0.261305 -1.028843
0.264283 -1.028843
0.267261 -1.028843
0.270239 -1.028843
0.273217 -1.028843
0.276195 -1.028843
0.279172 -1.028843
0.282150 -1.028843
0.164526 -1.030332
0.167503 -1.030332
0.170481 -1.030332
0.174948 -1.030332
0.177926 -1.030332
0.180904 -1.030332
0.183882 -1.030332
0.186859 -1.030332
0.189837 -1.030332
0.192815 -1.030332
0.195793 -1.030332
0.198771 -1.030332
0.201749 -1.030332
0.204726 -1.030332
0.207704 -1.030332
0.210682 -1.030332
0.213660 -1.030332
0.216638 -1.030332
0.219616 -1.030332
0.222593 -1.030332
0.225571 -1.030332
0.228549 -1.030332
0.231527 -1.030332
0.234505 -1.030332
0.237483 -1.030332
0.240461 -1.030332
0.243438 -1.030332
0.246416 -1.030332
0.249394 -1.030332
0.252372 -1.030332
0.255350 -1.030332
0.258328 -1.030332
0.261305 -1.030332
0.264283 -1.030332
0.267261 -1.030332
0.270239 -1.030332
0.273217 -1.030332
0.276195 -1.030332
0.279172 -1.030332
0.282150 -1.030332
0.166015 -1.031821
0.168992 -1.031821
0.171970 -1.031821
0.174948 -1.031821
0.179415 -1.031821
0.182393 -1.031821
0.188348 -1.031821
0.191326 -1.031821
0.194304 -1.031821
0.197282 -1.031821
0.200260 -1.031821
0.203238 -1.031821
0.206215 -1.031821
0.209193 -1.031821
0.212171 -1.031821
0.215149 -1.031821
0.218127 -1.031821
0.221105 -1.031821
0.224082 -1.031821
0.227060 -1.031821
0.230038 -1.031821
0.233016 -1.031821
0.235994 -1.031821
0.238972 -1.031821
0.241949 -1.031821
0.244927 -1.031821
0.247905 -1.031821
0.250883 -1.031821
0.253861 -1.031821
0.256839 -1.031821
0.259816 -1.031821
0.262794 -1.031821
0.265772 -1.031821
0.268750 -1.031821
0.271728 -1.031821
0.274706 -1.031821
0.277684 -1.031821
0.280661 -1.031821
0.167503 -1.033310
0.170481 -1.033310
0.173459 -1.033310
0.176437 -1.033310
0.180904 -1.033310
0.183882 -1.033310
0.186859 -1.033310
0.191326 -1.033310
0.194304 -1.033310
0.197282 -1.033310
0.200260 -1.033310
0.203238 -1.033310
0.206215 -1.033310
0.209193 -1.033310
0.212171 -1.033310
0.215149 -1.033310
0.218127 -1.033310
0.221105 -1.033310
0.224082 -1.033310
0.227060 -1.033310
0.230038 -1.033310
0.233016 -1.033310
0.235994 -1.033310
0.238972 -1.033310
0.241949 -1.033310
0.244927 -1.033310
0.247905 -1.033310
0.250883 -1.033310
0.253861 -1.033310
0.256839 -1.033310
0.259816 -1.033310
0.262794 -1.033310
0.268750 -1.033310
0.271728 -1.033310
0.276195 -1.033310
0.279172 -1.033310
0.168992 -1.034799
0.171970 -1.034799
0.174948 -1.034799
0.177926 -1.034799
0.180904 -1.034799
0.183882 -1.034799
0.186859 -1.034799
0.189837 -1.034799
0.192815 -1.034799
0.195793 -1.034799
0.198771 -1.034799
0.201749 -1.034799
0.204726 -1.034799
0.207704 -1.034799
0.210682 -1.034799
0.213660 -1.034799
0.216638 -1.034799
0.219616 -1.034799
0.222593 -1.034799
0.225571 -1.034799
0.228549 -1.034799
0.231527 -1.034799
0.234505 -1.034799
0.237483 -1.034799
0.240461 -1.034799
0.243438 -1.034799
0.246416 -1.034799
0.249394 -1.034799
0.252372 -1.034799
0.255350 -1.034799
0.258328 -1.034799
0.264283 -1.034799
0.267261 -1.034799
0.270239 -1.034799
0.273217 -1.034799
0.276195 -1.034799
0.279172 -1.034799
0.171970 -1.036288
0.174948 -1.036288
0.177926 -1.036288
0.180904 -1.036288
0.183882 -1.036288
0.186859 -1.036288
0.189837 -1.036288
0.192815 -1.036288
0.195793 -1.036288
0.198771 -1.036288
0.203238 -1.036288
0.206215 -1.036288
0.209193 -1.036288
0.212171 -1.036288
0.215149 -1.036288
0.218127 -1.036288
0.221105 -1.036288
0.224082 -1.036288
0.227060 -1.036288
0.230038 -1.036288
0.233016 -1.036288
0.235994 -1.036288
0.238972 -1.036288
0.241949 -1.036288
0.244927 -1.036288
0.247905 -1.036288
0.250883 -1.036288
0.259816 -1.036288
0.262794 -1.036288
0.265772 -1.036288
0.268750 -1.036288
0.271728 -1.036288
0.274706 -1.036288
0.277684 -1.036288
0.173459 -1.037777
0.176437 -1.037777
0.179415 -1.037777
0.182393 -1.037777
0.185370 -1.037777
0.188348 -1.037777
0.191326 -1.037777
0.194304 -1.037777
0.197282 -1.037777
0.200260 -1.037777
0.203238 -1.037777
0.219616 -1.037777
0.222593 -1.037777
0.225571 -1.037777
0.228549 -1.037777
0.231527 -1.037777
0.234505 -1.037777
0.249394 -1.037777
0.252372 -1.037777
0.255350 -1.037777
0.258328 -1.037777
0.261305 -1.037777
0.264283 -1.037777
0.267261 -1.037777
0.270239 -1.037777
0.273217 -1.037777
0.276195 -1.037777
0.133258 -1.039266
0.174948 -1.039266
0.177926 -1.039266
0.180904 -1.039266
0.183882 -1.039266
0.186859 -1.039266
0.189837 -1.039266
0.192815 -1.039266
0.195793 -1.039266
0.198771 -1.039266
0.201749 -1.039266
0.204726 -1.039266
0.207704 -1.039266
0.210682 -1.039266
0.213660 -1.039266
0.216638 -1.039266
0.219616 -1.039266
0.222593 -1.039266
0.225571 -1.039266
0.228549 -1.039266
0.231527 -1.039266
0.234505 -1.039266
0.237483 -1.039266
0.240461 -1.039266
0.243438 -1.039266
0.246416 -1.039266
0.249394 -1.039266
0.252372 -1.039266
0.255350 -1.039266
0.258328 -1.039266
0.261305 -1.039266
0.264283 -1.039266
0.267261 -1.039266
0.270239 -1.039266
0.273217 -1.039266
0.276195 -1.039266
0.174948 -1.040755
0.177926 -1.040755
0.180904 -1.040755
0.183882 -1.040755
0.186859 -1.040755
0.189837 -1.040755
0.192815 -1.040755
0.195793 -1.040755
0.198771 -1.040755
0.201749 -1.040755
0.204726 -1.040755
0.207704 -1.040755
0.210682 -1.040755
0.213660 -1.040755
0.216638 -1.040755
0.219616 -1.040755
0.222593 -1.040755
0.225571 -1.040755
0.228549 -1.040755
0.231527 -1.040755
0.234505 -1.040755
0.237483 -1.040755
0.240461 -1.040755
0.243438 -1.040755
0.246416 -1.040755
0.255350 -1.040755
0.258328 -1.040755
0.261305 -1.040755
0.264283 -1.040755
0.267261 -1.040755
0.270239 -1.040755
0.273217 -1.040755
0.177926 -1.042244
0.180904 -1.042244
0.183882 -1.042244
0.186859 -1.042244
0.189837 -1.042244
0.192815 -1.042244
0.195793 -1.042244
0.198771 -1.042244
0.201749 -1.042244
0.204726 -1.042244
0.207704 -1.042244
0.210682 -1.042244
0.252372 -1.042244
0.255350 -1.042244
0.258328 -1.042244
0.261305 -1.042244
0.264283 -1.042244
0.267261 -1.042244
0.270239 -1.042244
0.273217 -1.042244
0.180904 -1.043733
0.183882 -1.043733
0.186859 -1.043733
0.189837 -1.043733
0.192815 -1.043733
0.195793 -1.043733
0.198771 -1.043733
0.201749 -1.043733
0.204726 -1.043733
0.207704 -1.043733
0.210682 -1.043733
0.219616 -1.043733
0.222593 -1.043733
0.246416 -1.043733
0.249394 -1.043733
0.252372 -1.043733
0.255350 -1.043733
0.258328 -1.043733
0.261305 -1.043733
0.264283 -1.043733
0.267261 -1.043733
0.270239 -1.043733
0.273217 -1.043733
0.182393 -1.045222
0.185370 -1.045222
0.188348 -1.045222
0.191326 -1.045222
0.194304 -1.045222
0.197282 -1.045222
0.200260 -1.045222
0.203238 -1.045222
0.206215 -1.045222
0.209193 -1.045222
0.253861 -1.045222
0.256839 -1.045222
0.259816 -1.045222
0.262794 -1.045222
0.265772 -1.045222
0.268750 -1.045222
0.271728 -1.045222
0.185370 -1.046711
0.188348 -1.046711
0.191326 -1.046711
0.194304 -1.046711
0.197282 -1.046711
0.200260 -1.046711
0.203238 -1.046711
0.206215 -1.046711
0.209193 -1.046711
0.212171 -1.046711
0.215149 -1.046711
0.218127 -1.046711
0.221105 -1.046711
0.224082 -1.046711
0.227060 -1.046711
0.230038 -1.046711
0.233016 -1.046711
0.235994 -1.046711
0.238972 -1.046711
0.241949 -1.046711
0.244927 -1.046711
0.247905 -1.046711
0.250883 -1.046711
0.253861 -1.046711
0.256839 -1.046711
0.259816 -1.046711
0.262794 -1.046711
0.265772 -1.046711
0.268750 -1.046711
0.185370 -1.048199
0.188348 -1.048199
0.191326 -1.048199
0.194304 -1.048199
0.197282 -1.048199
0.200260 -1.048199
0.203238 -1.048199
0.206215 -1.048199
0.209193 -1.048199
0.212171 -1.048199
0.215149 -1.048199
0.218127 -1.048199
0.221105 -1.048199
0.224082 -1.048199
0.227060 -1.048199
0.230038 -1.048199
0.233016 -1.048199
0.235994 -1.048199
0.238972 -1.048199
0.241949 -1.048199
0.244927 -1.048199
0.247905 -1.048199
0.250883 -1.048199
0.253861 -1.048199
0.256839 -1.048199
0.259816 -1.048199
0.262794 -1.048199
0.265772 -1.048199
0.268750 -1.048199
0.188348 -1.049688
0.191326 -1.049688
0.194304 -1.049688
0.197282 -1.049688
0.200260 -1.049688
0.203238 -1.049688
0.206215 -1.049688
0.209193 -1.049688
0.212171 -1.049688
0.215149 -1.049688
0.218127 -1.049688
0.221105 -1.049688
0.224082 -1.049688
0.227060 -1.049688
0.230038 -1.049688
0.233016 -1.049688
0.235994 -1.049688
0.238972 -1.049688
0.241949 -1.049688
0.244927 -1.049688
0.247905 -1.049688
0.250883 -1.049688
0.253861 -1.049688
0.256839 -1.049688
0.259816 -1.049688
0.262794 -1.049688
0.265772 -1.049688
0.192815 -1.051177
0.195793 -1.051177
0.198771 -1.051177
0.201749 -1.051177
0.204726 -1.051177
0.207704 -1.051177
0.210682 -1.051177
0.213660 -1.051177
0.216638 -1.051177
0.219616 -1.051177
0.222593 -1.051177
0.225571 -1.051177
0.228549 -1.051177
0.231527 -1.051177
0.234505 -1.051177
0.237483 -1.051177
0.240461 -1.051177
0.243438 -1.051177
0.246416 -1.051177
0.249394 -1.051177
0.252372 -1.051177
0.255350 -1.051177
0.258328 -1.051177
0.264283 -1.051177
0.192815 -1.052666
0.195793 -1.052666
0.198771 -1.052666
0.201749 -1.052666
0.204726 -1.052666
0.207704 -1.052666
0.210682 -1.052666
0.213660 -1.052666
0.216638 -1.052666
0.219616 -1.052666
0.222593 -1.052666
0.225571 -1.052666
0.228549 -1.052666
0.231527 -1.052666
0.234505 -1.052666
0.237483 -1.052666
0.240461 -1.052666
0.243438 -1.052666
0.246416 -1.052666
0.249394 -1.052666
0.252372 -1.052666
0.255350 -1.052666
0.195793 -1.054155
0.198771 -1.054155
0.206215 -1.054155
0.209193 -1.054155
0.212171 -1.054155
0.215149 -1.054155
0.218127 -1.054155
0.221105 -1.054155
0.224082 -1.054155
0.227060 -1.054155
0.230038 -1.054155
0.233016 -1.054155
0.235994 -1.054155
0.238972 -1.054155
0.241949 -1.054155
0.244927 -1.054155
0.247905 -1.054155
0.250883 -1.054155
0.253861 -1.054155
0.259816 -1.054155
0.209193 -1.055644
0.212171 -1.055644
0.215149 -1.055644
0.218127 -1.055644
0.221105 -1.055644
0.224082 -1.055644
0.227060 -1.055644
0.230038 -1.055644
0.233016 -1.055644
0.235994 -1.055644
0.238972 -1.055644
0.241949 -1.055644
0.244927 -1.055644
0.247905 -1.055644
0.250883 -1.055644
0.210682 -1.057133
0.213660 -1.057133
0.216638 -1.057133
0.219616 -1.057133
0.222593 -1.057133
0.225571 -1.057133
0.228549 -1.057133
0.234505 -1.057133
0.237483 -1.057133
0.240461 -1.057133
0.243438 -1.057133
0.246416 -1.057133
0.221105 -1.058622
0.224082 -1.058622
0.227060 -1.058622
0.230038 -1.058622
0.233016 -1.058622
0.235994 -1.058622
0.238972 -1.058622
0.221105 -1.060111
0.224082 -1.060111
0.227060 -1.060111
0.230038 -1.060111
0.233016 -1.060111
