# Face portrait coordinates (high-resolution point cloud)
# Format: x,y,z  (z is always 0 — planar sketch)
# Total points: 22000
# Coordinate system: centered, roughly x ∈ [-1.1, 1.1], y ∈ [-1.0, 1.2]
# Sorted top → bottom (higher y first)
#
-0.00900,1.20425,0.0
0.04800,1.20130,0.0
0.00900,1.20130,0.0
0.05700,1.20130,0.0
0.00600,1.19835,0.0
0.01500,1.19835,0.0
0.03900,1.19835,0.0
0.03600,1.19835,0.0
0.05700,1.19835,0.0
-0.02100,1.19835,0.0
0.02700,1.19835,0.0
-0.02400,1.19835,0.0
0.08400,1.19835,0.0
0.05400,1.19835,0.0
0.02400,1.19540,0.0
0.08400,1.19540,0.0
-0.00600,1.19540,0.0
-0.02700,1.19540,0.0
0.01200,1.19540,0.0
0.05400,1.19540,0.0
0.04800,1.19540,0.0
0.08700,1.19540,0.0
0.04200,1.19540,0.0
0.03000,1.19540,0.0
0.10800,1.19246,0.0
-0.03900,1.19246,0.0
0.00600,1.19246,0.0
-0.05700,1.19246,0.0
0.09600,1.19246,0.0
0.01500,1.19246,0.0
-0.00300,1.19246,0.0
-0.01200,1.19246,0.0
0.06300,1.19246,0.0
0.10500,1.19246,0.0
-0.01500,1.18951,0.0
0.00600,1.18951,0.0
0.03600,1.18951,0.0
-0.06600,1.18951,0.0
0.12900,1.18951,0.0
-0.00600,1.18951,0.0
-0.05700,1.18951,0.0
0.04200,1.18951,0.0
0.10200,1.18951,0.0
0.01800,1.18656,0.0
0.02100,1.18656,0.0
0.13200,1.18656,0.0
-0.03300,1.18656,0.0
0.11400,1.18656,0.0
0.12300,1.18656,0.0
0.00000,1.18656,0.0
0.10200,1.18656,0.0
0.12600,1.18656,0.0
0.06600,1.18361,0.0
0.03600,1.18361,0.0
0.12300,1.18361,0.0
0.03300,1.18361,0.0
-0.07500,1.18361,0.0
-0.08100,1.18361,0.0
0.13800,1.18361,0.0
-0.00600,1.18361,0.0
-0.08400,1.18361,0.0
-0.05400,1.18361,0.0
0.10200,1.18361,0.0
0.08400,1.18361,0.0
0.13500,1.18066,0.0
0.06000,1.18066,0.0
0.06300,1.18066,0.0
0.04500,1.18066,0.0
0.07200,1.18066,0.0
0.14100,1.18066,0.0
0.09900,1.18066,0.0
-0.08400,1.18066,0.0
-0.03900,1.18066,0.0
0.15300,1.18066,0.0
0.14400,1.18066,0.0
-0.06000,1.18066,0.0
-0.06300,1.18066,0.0
0.02100,1.17772,0.0
-0.03900,1.17772,0.0
-0.07200,1.17772,0.0
-0.01500,1.17772,0.0
0.00600,1.17772,0.0
-0.00300,1.17772,0.0
0.15300,1.17772,0.0
0.11400,1.17772,0.0
-0.01800,1.17772,0.0
0.12900,1.17772,0.0
0.14400,1.17772,0.0
0.12000,1.17772,0.0
0.12300,1.17772,0.0
0.12600,1.17772,0.0
-0.08700,1.17477,0.0
-0.09300,1.17477,0.0
0.12300,1.17477,0.0
0.07800,1.17477,0.0
0.01500,1.17477,0.0
0.01800,1.17477,0.0
-0.01500,1.17477,0.0
0.01200,1.17477,0.0
-0.07800,1.17477,0.0
0.13200,1.17477,0.0
0.08700,1.17477,0.0
0.11700,1.17477,0.0
0.02700,1.17182,0.0
0.16500,1.17182,0.0
-0.08400,1.17182,0.0
-0.09000,1.17182,0.0
0.05400,1.17182,0.0
-0.01200,1.17182,0.0
-0.01500,1.17182,0.0
0.15300,1.17182,0.0
0.00900,1.17182,0.0
-0.05400,1.17182,0.0
0.13800,1.17182,0.0
-0.02100,1.17182,0.0
0.09600,1.17182,0.0
0.02400,1.17182,0.0
0.18300,1.17182,0.0
-0.02400,1.17182,0.0
-0.06900,1.16887,0.0
0.12600,1.16887,0.0
-0.00300,1.16887,0.0
0.16200,1.16887,0.0
-0.00900,1.16887,0.0
-0.06600,1.16887,0.0
-0.07500,1.16887,0.0
0.07200,1.16887,0.0
0.09600,1.16887,0.0
-0.01800,1.16887,0.0
0.01500,1.16887,0.0
-0.01500,1.16887,0.0
-0.02100,1.16887,0.0
0.04500,1.16887,0.0
0.00300,1.16887,0.0
-0.04800,1.16887,0.0
0.03600,1.16592,0.0
0.08700,1.16592,0.0
0.17100,1.16592,0.0
-0.08700,1.16592,0.0
0.03300,1.16592,0.0
0.03900,1.16592,0.0
0.19800,1.16592,0.0
-0.07500,1.16592,0.0
-0.04800,1.16592,0.0
0.16200,1.16592,0.0
0.02400,1.16592,0.0
0.17700,1.16592,0.0
-0.06900,1.16592,0.0
-0.07800,1.16592,0.0
0.06000,1.16592,0.0
0.10200,1.16592,0.0
-0.08100,1.16592,0.0
-0.10200,1.16592,0.0
0.11100,1.16592,0.0
-0.03600,1.16592,0.0
-0.09600,1.16592,0.0
-0.03300,1.16592,0.0
-0.09900,1.16592,0.0
0.02700,1.16592,0.0
0.14400,1.16592,0.0
0.19500,1.16298,0.0
-0.07200,1.16298,0.0
0.19200,1.16298,0.0
-0.04500,1.16298,0.0
0.04800,1.16298,0.0
0.12600,1.16298,0.0
0.18900,1.16298,0.0
0.13200,1.16298,0.0
-0.01500,1.16298,0.0
-0.03900,1.16298,0.0
0.07800,1.16298,0.0
0.06000,1.16298,0.0
0.12300,1.16298,0.0
0.07500,1.16298,0.0
0.01200,1.16298,0.0
-0.02400,1.16298,0.0
-0.10200,1.16298,0.0
0.02700,1.16298,0.0
0.07200,1.16298,0.0
-0.08400,1.16298,0.0
0.01800,1.16298,0.0
0.16800,1.16298,0.0
0.10200,1.16298,0.0
0.09900,1.16003,0.0
0.02100,1.16003,0.0
0.06600,1.16003,0.0
-0.00300,1.16003,0.0
-0.05400,1.16003,0.0
-0.03300,1.16003,0.0
0.13500,1.16003,0.0
-0.09900,1.16003,0.0
-0.14100,1.16003,0.0
-0.13200,1.16003,0.0
0.03300,1.16003,0.0
-0.14700,1.16003,0.0
0.20100,1.16003,0.0
-0.09000,1.16003,0.0
0.09600,1.16003,0.0
-0.04800,1.16003,0.0
0.08400,1.16003,0.0
0.08100,1.16003,0.0
0.17100,1.16003,0.0
-0.05100,1.16003,0.0
0.05700,1.16003,0.0
-0.08400,1.15708,0.0
0.08100,1.15708,0.0
-0.01800,1.15708,0.0
0.08400,1.15708,0.0
-0.06600,1.15708,0.0
0.04200,1.15708,0.0
-0.05400,1.15708,0.0
0.09000,1.15708,0.0
0.04800,1.15708,0.0
0.14400,1.15708,0.0
0.09900,1.15708,0.0
-0.09000,1.15708,0.0
-0.02700,1.15708,0.0
-0.14700,1.15708,0.0
-0.09600,1.15708,0.0
-0.03600,1.15708,0.0
0.03000,1.15708,0.0
0.20400,1.15413,0.0
0.09000,1.15413,0.0
0.14100,1.15413,0.0
0.07200,1.15413,0.0
0.11400,1.15413,0.0
-0.16800,1.15413,0.0
-0.01500,1.15413,0.0
0.14700,1.15413,0.0
0.23100,1.15413,0.0
0.15000,1.15413,0.0
-0.18000,1.15413,0.0
0.14400,1.15413,0.0
-0.08700,1.15413,0.0
0.20700,1.15413,0.0
0.10500,1.15413,0.0
-0.06300,1.15413,0.0
0.05100,1.15413,0.0
0.21000,1.15118,0.0
0.00900,1.15118,0.0
0.23700,1.15118,0.0
-0.09900,1.15118,0.0
-0.10800,1.15118,0.0
-0.09300,1.15118,0.0
0.11700,1.15118,0.0
0.22200,1.15118,0.0
-0.10500,1.15118,0.0
-0.02700,1.15118,0.0
-0.00600,1.15118,0.0
0.12000,1.15118,0.0
0.10200,1.15118,0.0
-0.04500,1.15118,0.0
-0.13800,1.15118,0.0
-0.07500,1.15118,0.0
-0.18900,1.15118,0.0
-0.08400,1.15118,0.0
-0.11700,1.15118,0.0
0.11400,1.15118,0.0
0.24000,1.15118,0.0
0.00300,1.15118,0.0
0.07800,1.14824,0.0
0.06900,1.14824,0.0
0.18000,1.14824,0.0
-0.03900,1.14824,0.0
0.16800,1.14824,0.0
0.00600,1.14824,0.0
0.16200,1.14824,0.0
0.18300,1.14824,0.0
0.18600,1.14824,0.0
-0.08100,1.14824,0.0
0.23100,1.14824,0.0
-0.09600,1.14824,0.0
-0.10800,1.14824,0.0
0.17400,1.14824,0.0
-0.04200,1.14824,0.0
-0.17100,1.14824,0.0
0.13200,1.14824,0.0
-0.10200,1.14824,0.0
-0.07500,1.14824,0.0
-0.03300,1.14824,0.0
-0.03000,1.14824,0.0
-0.21000,1.14824,0.0
0.18900,1.14824,0.0
-0.16200,1.14824,0.0
-0.00300,1.14529,0.0
0.19800,1.14529,0.0
-0.18300,1.14529,0.0
0.01500,1.14529,0.0
0.07200,1.14529,0.0
-0.08100,1.14529,0.0
0.01200,1.14529,0.0
-0.20700,1.14529,0.0
-0.17700,1.14529,0.0
-0.06600,1.14529,0.0
0.11400,1.14529,0.0
-0.18900,1.14529,0.0
-0.09600,1.14529,0.0
-0.01800,1.14529,0.0
-0.03600,1.14529,0.0
0.17100,1.14529,0.0
0.23400,1.14529,0.0
-0.13500,1.14529,0.0
0.24300,1.14529,0.0
0.00600,1.14529,0.0
0.09300,1.14529,0.0
-0.03300,1.14529,0.0
-0.03000,1.14529,0.0
-0.22200,1.14529,0.0
0.16200,1.14529,0.0
-0.07800,1.14529,0.0
-0.21300,1.14529,0.0
-0.09900,1.14234,0.0
0.00900,1.14234,0.0
-0.21300,1.14234,0.0
-0.22200,1.14234,0.0
0.03000,1.14234,0.0
0.13200,1.14234,0.0
0.08100,1.14234,0.0
-0.06000,1.14234,0.0
-0.11100,1.14234,0.0
0.13500,1.14234,0.0
-0.12900,1.14234,0.0
0.00600,1.14234,0.0
-0.24000,1.14234,0.0
0.17700,1.14234,0.0
0.05700,1.14234,0.0
-0.06900,1.14234,0.0
-0.00600,1.14234,0.0
0.09600,1.14234,0.0
0.04200,1.14234,0.0
-0.23100,1.14234,0.0
0.01500,1.14234,0.0
-0.03000,1.14234,0.0
0.09000,1.14234,0.0
0.20700,1.14234,0.0
0.16500,1.14234,0.0
-0.27600,1.14234,0.0
0.16200,1.14234,0.0
-0.26700,1.14234,0.0
0.03300,1.14234,0.0
-0.06600,1.14234,0.0
-0.16800,1.14234,0.0
-0.19800,1.14234,0.0
-0.27300,1.14234,0.0
0.18300,1.14234,0.0
0.26700,1.14234,0.0
0.00000,1.14234,0.0
0.23400,1.14234,0.0
-0.07500,1.14234,0.0
0.26400,1.14234,0.0
-0.25800,1.14234,0.0
0.26100,1.13939,0.0
-0.17400,1.13939,0.0
-0.25500,1.13939,0.0
-0.17700,1.13939,0.0
-0.24900,1.13939,0.0
-0.22500,1.13939,0.0
0.13800,1.13939,0.0
-0.19800,1.13939,0.0
-0.00600,1.13939,0.0
0.11700,1.13939,0.0
0.02400,1.13939,0.0
-0.11100,1.13939,0.0
-0.14400,1.13939,0.0
0.11100,1.13939,0.0
-0.11700,1.13939,0.0
0.04200,1.13939,0.0
-0.25800,1.13939,0.0
-0.06000,1.13939,0.0
0.26700,1.13939,0.0
0.22200,1.13939,0.0
0.06300,1.13939,0.0
0.17700,1.13939,0.0
0.05700,1.13939,0.0
-0.00300,1.13939,0.0
0.06600,1.13939,0.0
-0.27300,1.13939,0.0
-0.15000,1.13939,0.0
-0.10800,1.13939,0.0
-0.05100,1.13939,0.0
-0.16200,1.13939,0.0
-0.12600,1.13939,0.0
-0.23700,1.13939,0.0
0.04800,1.13939,0.0
0.22500,1.13939,0.0
-0.02700,1.13939,0.0
-0.04200,1.13939,0.0
-0.06900,1.13939,0.0
0.25500,1.13939,0.0
0.13500,1.13939,0.0
-0.17100,1.13939,0.0
0.08400,1.13939,0.0
0.14100,1.13939,0.0
-0.10200,1.13939,0.0
0.16200,1.13939,0.0
-0.23100,1.13645,0.0
-0.00600,1.13645,0.0
0.06000,1.13645,0.0
0.22800,1.13645,0.0
-0.11400,1.13645,0.0
0.03600,1.13645,0.0
0.26400,1.13645,0.0
-0.27900,1.13645,0.0
0.27600,1.13645,0.0
0.20100,1.13645,0.0
0.04500,1.13645,0.0
-0.02100,1.13645,0.0
-0.21900,1.13645,0.0
0.23700,1.13645,0.0
0.14700,1.13645,0.0
-0.22200,1.13645,0.0
0.17100,1.13645,0.0
-0.19200,1.13645,0.0
-0.15900,1.13645,0.0
0.04800,1.13645,0.0
-0.10500,1.13645,0.0
-0.00300,1.13645,0.0
-0.03000,1.13645,0.0
0.21900,1.13645,0.0
-0.06000,1.13645,0.0
-0.23400,1.13645,0.0
0.15300,1.13350,0.0
-0.00900,1.13350,0.0
0.06300,1.13350,0.0
-0.19800,1.13350,0.0
0.26100,1.13350,0.0
-0.24000,1.13350,0.0
0.18900,1.13350,0.0
-0.08700,1.13350,0.0
-0.31800,1.13350,0.0
0.17400,1.13350,0.0
-0.19500,1.13350,0.0
0.27000,1.13350,0.0
-0.15300,1.13350,0.0
-0.31500,1.13350,0.0
0.01500,1.13350,0.0
-0.15900,1.13350,0.0
-0.27600,1.13350,0.0
0.19800,1.13350,0.0
0.03900,1.13350,0.0
-0.05100,1.13350,0.0
-0.01500,1.13350,0.0
-0.12600,1.13350,0.0
-0.14400,1.13350,0.0
-0.04500,1.13350,0.0
-0.28500,1.13350,0.0
-0.17100,1.13350,0.0
-0.16200,1.13350,0.0
0.08700,1.13055,0.0
0.21900,1.13055,0.0
0.00300,1.13055,0.0
0.06300,1.13055,0.0
-0.17700,1.13055,0.0
-0.08100,1.13055,0.0
-0.24600,1.13055,0.0
0.06900,1.13055,0.0
0.11100,1.13055,0.0
0.18900,1.13055,0.0
0.11700,1.13055,0.0
0.01200,1.13055,0.0
-0.16200,1.13055,0.0
-0.23700,1.13055,0.0
0.07200,1.13055,0.0
-0.27900,1.13055,0.0
0.10200,1.13055,0.0
-0.08400,1.13055,0.0
0.05700,1.13055,0.0
-0.27600,1.13055,0.0
0.24000,1.13055,0.0
-0.09600,1.13055,0.0
0.03900,1.13055,0.0
0.10800,1.13055,0.0
-0.22500,1.13055,0.0
-0.06000,1.13055,0.0
-0.18900,1.13055,0.0
-0.09300,1.13055,0.0
0.06600,1.13055,0.0
-0.06600,1.13055,0.0
0.23400,1.13055,0.0
0.03300,1.13055,0.0
-0.20400,1.13055,0.0
-0.31500,1.13055,0.0
0.04200,1.13055,0.0
0.18300,1.12760,0.0
0.17700,1.12760,0.0
-0.06300,1.12760,0.0
-0.23400,1.12760,0.0
-0.09900,1.12760,0.0
0.04500,1.12760,0.0
-0.27300,1.12760,0.0
0.08100,1.12760,0.0
-0.26700,1.12760,0.0
0.08400,1.12760,0.0
0.09300,1.12760,0.0
0.25200,1.12760,0.0
0.13500,1.12760,0.0
0.17100,1.12760,0.0
0.23700,1.12760,0.0
0.07500,1.12760,0.0
0.11400,1.12760,0.0
-0.04800,1.12760,0.0
-0.33000,1.12760,0.0
0.24300,1.12760,0.0
-0.00300,1.12760,0.0
-0.17100,1.12760,0.0
-0.08100,1.12760,0.0
0.22200,1.12760,0.0
-0.34500,1.12760,0.0
-0.11400,1.12760,0.0
0.16500,1.12465,0.0
-0.27000,1.12465,0.0
-0.03300,1.12465,0.0
0.29400,1.12465,0.0
0.13500,1.12465,0.0
0.01200,1.12465,0.0
0.03300,1.12465,0.0
-0.31800,1.12465,0.0
-0.33300,1.12465,0.0
0.17100,1.12465,0.0
-0.30900,1.12465,0.0
-0.02400,1.12465,0.0
-0.35100,1.12465,0.0
-0.07500,1.12465,0.0
0.18300,1.12465,0.0
0.02400,1.12465,0.0
0.21300,1.12465,0.0
-0.32400,1.12465,0.0
-0.25200,1.12465,0.0
-0.17700,1.12465,0.0
-0.05100,1.12465,0.0
-0.26100,1.12465,0.0
-0.07200,1.12465,0.0
-0.06000,1.12465,0.0
0.09300,1.12465,0.0
0.27600,1.12465,0.0
0.01800,1.12465,0.0
-0.34500,1.12465,0.0
-0.23100,1.12465,0.0
-0.14400,1.12171,0.0
-0.11100,1.12171,0.0
0.06900,1.12171,0.0
0.10500,1.12171,0.0
0.29400,1.12171,0.0
-0.12300,1.12171,0.0
-0.26100,1.12171,0.0
-0.10500,1.12171,0.0
0.10200,1.12171,0.0
-0.12600,1.12171,0.0
0.03600,1.12171,0.0
-0.12900,1.12171,0.0
0.19200,1.12171,0.0
-0.25200,1.12171,0.0
0.15900,1.12171,0.0
0.13500,1.12171,0.0
0.18000,1.12171,0.0
-0.26400,1.12171,0.0
0.20100,1.12171,0.0
-0.23100,1.12171,0.0
0.21900,1.12171,0.0
-0.06600,1.12171,0.0
-0.36600,1.11876,0.0
-0.02700,1.11876,0.0
-0.09900,1.11876,0.0
-0.35700,1.11876,0.0
-0.22800,1.11876,0.0
-0.10500,1.11876,0.0
0.22500,1.11876,0.0
0.30300,1.11876,0.0
0.27900,1.11876,0.0
0.21300,1.11876,0.0
0.12900,1.11876,0.0
0.21900,1.11876,0.0
0.08100,1.11876,0.0
0.07500,1.11876,0.0
-0.36300,1.11876,0.0
0.13500,1.11876,0.0
-0.21600,1.11876,0.0
-0.33900,1.11876,0.0
0.27300,1.11876,0.0
-0.00900,1.11876,0.0
-0.25800,1.11876,0.0
0.18000,1.11876,0.0
0.28800,1.11876,0.0
-0.33600,1.11876,0.0
-0.27900,1.11876,0.0
0.08700,1.11876,0.0
0.06300,1.11876,0.0
0.17700,1.11876,0.0
-0.32100,1.11876,0.0
0.09000,1.11876,0.0
-0.15300,1.11876,0.0
0.22800,1.11876,0.0
-0.25200,1.11876,0.0
0.16800,1.11876,0.0
-0.34800,1.11876,0.0
0.23100,1.11581,0.0
-0.29100,1.11581,0.0
-0.02400,1.11581,0.0
-0.09600,1.11581,0.0
0.18300,1.11581,0.0
-0.37200,1.11581,0.0
-0.27600,1.11581,0.0
-0.30900,1.11581,0.0
-0.28800,1.11581,0.0
-0.30600,1.11581,0.0
0.10200,1.11581,0.0
0.24300,1.11581,0.0
0.30000,1.11581,0.0
0.28800,1.11581,0.0
-0.33900,1.11581,0.0
0.18900,1.11581,0.0
0.28200,1.11581,0.0
-0.21000,1.11581,0.0
0.24000,1.11581,0.0
0.25200,1.11581,0.0
-0.04200,1.11581,0.0
-0.36600,1.11581,0.0
0.00900,1.11581,0.0
0.25500,1.11581,0.0
0.19500,1.11581,0.0
0.26100,1.11581,0.0
-0.06300,1.11581,0.0
-0.19500,1.11581,0.0
0.21000,1.11581,0.0
-0.37200,1.11286,0.0
-0.26700,1.11286,0.0
-0.06300,1.11286,0.0
0.06900,1.11286,0.0
0.10200,1.11286,0.0
-0.12300,1.11286,0.0
-0.31500,1.11286,0.0
0.25500,1.11286,0.0
0.26700,1.11286,0.0
-0.13500,1.11286,0.0
-0.37500,1.11286,0.0
0.06000,1.11286,0.0
-0.34500,1.11286,0.0
-0.07500,1.11286,0.0
-0.08100,1.11286,0.0
0.27000,1.11286,0.0
-0.11700,1.11286,0.0
-0.10500,1.11286,0.0
-0.25200,1.11286,0.0
-0.25800,1.11286,0.0
-0.01800,1.11286,0.0
-0.24900,1.11286,0.0
0.24600,1.11286,0.0
-0.31200,1.11286,0.0
-0.11400,1.11286,0.0
-0.30900,1.11286,0.0
0.27900,1.11286,0.0
0.27300,1.11286,0.0
0.03600,1.11286,0.0
0.31800,1.10991,0.0
0.04500,1.10991,0.0
-0.01800,1.10991,0.0
-0.16800,1.10991,0.0
0.09000,1.10991,0.0
-0.06300,1.10991,0.0
-0.31200,1.10991,0.0
0.28800,1.10991,0.0
-0.00900,1.10991,0.0
0.08700,1.10991,0.0
0.04800,1.10991,0.0
0.25500,1.10991,0.0
-0.10800,1.10991,0.0
0.28200,1.10991,0.0
-0.29100,1.10991,0.0
-0.22800,1.10991,0.0
-0.36300,1.10991,0.0
0.33000,1.10991,0.0
-0.30300,1.10991,0.0
-0.13200,1.10991,0.0
-0.34500,1.10991,0.0
0.32700,1.10991,0.0
0.13500,1.10991,0.0
0.08700,1.10697,0.0
-0.06900,1.10697,0.0
0.28500,1.10697,0.0
0.23100,1.10697,0.0
-0.15000,1.10697,0.0
0.09300,1.10697,0.0
-0.20100,1.10697,0.0
-0.08700,1.10697,0.0
-0.19200,1.10697,0.0
-0.20400,1.10697,0.0
0.21900,1.10697,0.0
-0.09900,1.10697,0.0
-0.09000,1.10697,0.0
-0.12600,1.10697,0.0
-0.01200,1.10697,0.0
0.22200,1.10697,0.0
0.27000,1.10697,0.0
-0.33000,1.10697,0.0
-0.07200,1.10697,0.0
-0.17700,1.10697,0.0
-0.35100,1.10697,0.0
-0.32400,1.10697,0.0
-0.36600,1.10697,0.0
0.06300,1.10697,0.0
-0.31800,1.10697,0.0
0.06600,1.10697,0.0
-0.14400,1.10697,0.0
-0.23100,1.10697,0.0
-0.22800,1.10697,0.0
-0.13800,1.10697,0.0
0.06000,1.10697,0.0
0.20700,1.10697,0.0
0.20100,1.10402,0.0
0.27300,1.10402,0.0
0.28800,1.10402,0.0
0.33000,1.10402,0.0
0.17400,1.10402,0.0
0.07500,1.10402,0.0
0.16500,1.10402,0.0
-0.36000,1.10402,0.0
-0.17700,1.10402,0.0
-0.18000,1.10402,0.0
-0.37200,1.10402,0.0
-0.03000,1.10402,0.0
-0.01500,1.10402,0.0
0.28200,1.10402,0.0
0.06000,1.10402,0.0
-0.12000,1.10402,0.0
0.02400,1.10402,0.0
-0.35700,1.10402,0.0
-0.37800,1.10402,0.0
0.27000,1.10402,0.0
0.12600,1.10402,0.0
0.18000,1.10402,0.0
-0.32100,1.10402,0.0
0.17100,1.10402,0.0
-0.24000,1.10402,0.0
0.11700,1.10402,0.0
-0.14400,1.10402,0.0
-0.14100,1.10402,0.0
-0.10800,1.10402,0.0
-0.28500,1.10402,0.0
-0.22500,1.10402,0.0
-0.16800,1.10107,0.0
-0.05100,1.10107,0.0
-0.13800,1.10107,0.0
0.19800,1.10107,0.0
-0.06300,1.10107,0.0
0.18600,1.10107,0.0
-0.34800,1.10107,0.0
0.19500,1.10107,0.0
0.01500,1.10107,0.0
-0.33300,1.10107,0.0
0.19200,1.10107,0.0
0.28500,1.10107,0.0
0.31800,1.10107,0.0
0.30600,1.10107,0.0
-0.27600,1.10107,0.0
-0.33600,1.10107,0.0
0.08700,1.10107,0.0
-0.09900,1.10107,0.0
0.30000,1.10107,0.0
0.23400,1.10107,0.0
-0.22200,1.10107,0.0
-0.14400,1.10107,0.0
0.20700,1.10107,0.0
0.21900,1.10107,0.0
0.09300,1.10107,0.0
-0.17400,1.10107,0.0
0.09000,1.10107,0.0
-0.10500,1.10107,0.0
0.06900,1.10107,0.0
0.02400,1.10107,0.0
0.16500,1.10107,0.0
0.30300,1.10107,0.0
0.14100,1.10107,0.0
0.21000,1.10107,0.0
0.27600,1.10107,0.0
-0.02700,1.10107,0.0
0.05100,1.10107,0.0
-0.28800,1.10107,0.0
0.02700,1.10107,0.0
-0.14100,1.10107,0.0
-0.24000,1.10107,0.0
-0.28200,1.10107,0.0
-0.18900,1.10107,0.0
-0.06900,1.10107,0.0
-0.10800,1.10107,0.0
0.10800,1.10107,0.0
-0.36000,1.10107,0.0
-0.34200,1.10107,0.0
-0.12600,1.10107,0.0
0.16200,1.10107,0.0
0.10500,1.10107,0.0
0.00900,1.09812,0.0
0.28500,1.09812,0.0
0.32400,1.09812,0.0
0.25500,1.09812,0.0
-0.21000,1.09812,0.0
-0.17700,1.09812,0.0
0.31200,1.09812,0.0
-0.13800,1.09812,0.0
-0.26700,1.09812,0.0
-0.10800,1.09812,0.0
-0.03600,1.09812,0.0
-0.37800,1.09812,0.0
-0.08400,1.09812,0.0
0.24900,1.09812,0.0
-0.25800,1.09812,0.0
0.05700,1.09812,0.0
0.06900,1.09812,0.0
0.35400,1.09812,0.0
0.33300,1.09812,0.0
0.03900,1.09812,0.0
0.20100,1.09812,0.0
0.10200,1.09812,0.0
0.02100,1.09812,0.0
0.04200,1.09812,0.0
0.27600,1.09812,0.0
0.15000,1.09812,0.0
0.21900,1.09812,0.0
0.21600,1.09812,0.0
-0.34500,1.09517,0.0
0.11100,1.09517,0.0
-0.35100,1.09517,0.0
0.07500,1.09517,0.0
0.07800,1.09517,0.0
-0.23400,1.09517,0.0
0.29400,1.09517,0.0
-0.16500,1.09517,0.0
0.01200,1.09517,0.0
-0.23100,1.09517,0.0
-0.30900,1.09517,0.0
-0.25800,1.09517,0.0
-0.18900,1.09517,0.0
-0.31200,1.09517,0.0
-0.13800,1.09517,0.0
-0.31500,1.09517,0.0
-0.17700,1.09517,0.0
-0.35700,1.09517,0.0
0.06000,1.09517,0.0
0.34200,1.09517,0.0
-0.32100,1.09517,0.0
-0.02400,1.09517,0.0
0.18900,1.09517,0.0
0.01800,1.09517,0.0
-0.00600,1.09517,0.0
0.21900,1.09517,0.0
-0.05400,1.09517,0.0
0.18600,1.09517,0.0
0.17100,1.09517,0.0
-0.33300,1.09517,0.0
-0.27600,1.09517,0.0
0.09300,1.09517,0.0
-0.32700,1.09517,0.0
0.31800,1.09517,0.0
0.03000,1.09517,0.0
-0.33900,1.09223,0.0
0.03900,1.09223,0.0
0.11700,1.09223,0.0
-0.00300,1.09223,0.0
-0.18900,1.09223,0.0
-0.11100,1.09223,0.0
0.34500,1.09223,0.0
0.33300,1.09223,0.0
0.34200,1.09223,0.0
0.36300,1.09223,0.0
0.09000,1.09223,0.0
-0.16800,1.09223,0.0
-0.04800,1.09223,0.0
0.03000,1.09223,0.0
0.09300,1.09223,0.0
-0.08100,1.09223,0.0
-0.13200,1.09223,0.0
-0.03600,1.09223,0.0
-0.24000,1.09223,0.0
-0.32700,1.09223,0.0
-0.27000,1.09223,0.0
0.12600,1.09223,0.0
0.27000,1.09223,0.0
0.04500,1.09223,0.0
-0.22800,1.09223,0.0
-0.22200,1.09223,0.0
-0.12900,1.09223,0.0
-0.07200,1.09223,0.0
-0.11400,1.09223,0.0
0.13800,1.09223,0.0
0.12000,1.09223,0.0
0.20100,1.09223,0.0
-0.24600,1.09223,0.0
-0.03900,1.09223,0.0
0.31500,1.09223,0.0
-0.12000,1.09223,0.0
-0.14100,1.09223,0.0
0.03300,1.09223,0.0
0.02400,1.09223,0.0
0.25800,1.09223,0.0
0.08100,1.09223,0.0
-0.18300,1.09223,0.0
0.01200,1.09223,0.0
-0.23400,1.09223,0.0
-0.23100,1.08928,0.0
-0.02100,1.08928,0.0
0.04200,1.08928,0.0
0.10200,1.08928,0.0
0.32700,1.08928,0.0
0.35700,1.08928,0.0
-0.24900,1.08928,0.0
-0.24600,1.08928,0.0
0.36900,1.08928,0.0
0.37200,1.08928,0.0
-0.21900,1.08928,0.0
-0.28200,1.08928,0.0
0.05400,1.08928,0.0
-0.08100,1.08928,0.0
0.19800,1.08928,0.0
0.36000,1.08928,0.0
-0.17100,1.08928,0.0
0.27000,1.08928,0.0
0.29400,1.08928,0.0
0.36600,1.08928,0.0
-0.23400,1.08928,0.0
-0.13800,1.08928,0.0
-0.11700,1.08928,0.0
-0.22800,1.08928,0.0
-0.21000,1.08928,0.0
-0.09300,1.08928,0.0
0.06300,1.08928,0.0
-0.08400,1.08928,0.0
-0.35100,1.08928,0.0
-0.37200,1.08928,0.0
-0.33600,1.08928,0.0
0.26400,1.08928,0.0
-0.37800,1.08928,0.0
0.30300,1.08928,0.0
0.00900,1.08928,0.0
-0.09600,1.08928,0.0
0.28500,1.08928,0.0
-0.32100,1.08928,0.0
0.04800,1.08928,0.0
-0.39600,1.08928,0.0
0.15600,1.08928,0.0
-0.33000,1.08928,0.0
0.10500,1.08928,0.0
0.06900,1.08928,0.0
-0.20700,1.08928,0.0
-0.03900,1.08928,0.0
-0.39300,1.08928,0.0
0.27600,1.08928,0.0
-0.20400,1.08928,0.0
-0.39900,1.08633,0.0
-0.26100,1.08633,0.0
-0.38700,1.08633,0.0
-0.15900,1.08633,0.0
-0.33300,1.08633,0.0
-0.04200,1.08633,0.0
-0.20700,1.08633,0.0
-0.25200,1.08633,0.0
0.23700,1.08633,0.0
-0.09600,1.08633,0.0
-0.29700,1.08633,0.0
0.06900,1.08633,0.0
-0.05700,1.08633,0.0
0.24900,1.08633,0.0
-0.07200,1.08633,0.0
0.28800,1.08633,0.0
0.36000,1.08633,0.0
-0.00600,1.08633,0.0
0.02700,1.08633,0.0
-0.22800,1.08633,0.0
0.06600,1.08633,0.0
0.20400,1.08633,0.0
-0.24000,1.08633,0.0
-0.00300,1.08633,0.0
-0.32700,1.08633,0.0
0.08400,1.08633,0.0
0.03300,1.08633,0.0
-0.23400,1.08633,0.0
0.19200,1.08633,0.0
0.36300,1.08633,0.0
-0.35100,1.08633,0.0
-0.23100,1.08633,0.0
0.18900,1.08633,0.0
-0.19800,1.08633,0.0
-0.20100,1.08633,0.0
-0.02400,1.08633,0.0
-0.11700,1.08633,0.0
0.10200,1.08633,0.0
-0.19200,1.08633,0.0
0.24600,1.08633,0.0
-0.38400,1.08633,0.0
0.37200,1.08633,0.0
0.08700,1.08633,0.0
0.37800,1.08633,0.0
0.31200,1.08633,0.0
-0.10200,1.08633,0.0
-0.23700,1.08633,0.0
0.16200,1.08338,0.0
0.32700,1.08338,0.0
0.24900,1.08338,0.0
-0.10800,1.08338,0.0
-0.07800,1.08338,0.0
0.33000,1.08338,0.0
-0.01200,1.08338,0.0
0.34500,1.08338,0.0
-0.37200,1.08338,0.0
0.06900,1.08338,0.0
-0.30000,1.08338,0.0
-0.26700,1.08338,0.0
-0.04200,1.08338,0.0
-0.23400,1.08338,0.0
-0.01800,1.08338,0.0
0.02100,1.08338,0.0
-0.27000,1.08338,0.0
0.09000,1.08338,0.0
0.31200,1.08338,0.0
0.36600,1.08338,0.0
0.09300,1.08338,0.0
-0.29100,1.08338,0.0
-0.06000,1.08338,0.0
0.27300,1.08338,0.0
0.31800,1.08338,0.0
-0.19500,1.08338,0.0
-0.10500,1.08338,0.0
0.24600,1.08338,0.0
0.30900,1.08338,0.0
-0.08100,1.08338,0.0
-0.00300,1.08338,0.0
-0.15900,1.08338,0.0
-0.16200,1.08338,0.0
-0.25500,1.08338,0.0
-0.13500,1.08338,0.0
-0.23100,1.08338,0.0
-0.12000,1.08338,0.0
-0.40200,1.08043,0.0
0.33000,1.08043,0.0
-0.28800,1.08043,0.0
-0.27600,1.08043,0.0
-0.38400,1.08043,0.0
-0.10500,1.08043,0.0
-0.15600,1.08043,0.0
0.28500,1.08043,0.0
0.10800,1.08043,0.0
0.38400,1.08043,0.0
-0.39600,1.08043,0.0
0.25200,1.08043,0.0
0.08400,1.08043,0.0
0.03600,1.08043,0.0
0.05700,1.08043,0.0
0.21900,1.08043,0.0
-0.32400,1.08043,0.0
-0.39300,1.08043,0.0
0.18000,1.08043,0.0
-0.09300,1.08043,0.0
0.29700,1.08043,0.0
-0.27900,1.08043,0.0
-0.33000,1.08043,0.0
-0.26700,1.08043,0.0
-0.12600,1.08043,0.0
-0.31800,1.08043,0.0
0.05100,1.08043,0.0
0.33300,1.08043,0.0
-0.28200,1.08043,0.0
-0.05100,1.08043,0.0
-0.24000,1.08043,0.0
0.33600,1.08043,0.0
-0.09600,1.08043,0.0
0.11700,1.08043,0.0
0.35100,1.08043,0.0
0.19800,1.08043,0.0
0.27300,1.08043,0.0
-0.23400,1.08043,0.0
-0.06900,1.08043,0.0
-0.25200,1.08043,0.0
-0.24900,1.08043,0.0
-0.01500,1.07749,0.0
0.39000,1.07749,0.0
0.15300,1.07749,0.0
0.08400,1.07749,0.0
-0.23100,1.07749,0.0
-0.27600,1.07749,0.0
0.15600,1.07749,0.0
0.24900,1.07749,0.0
0.08700,1.07749,0.0
0.22500,1.07749,0.0
0.19500,1.07749,0.0
0.29400,1.07749,0.0
0.15900,1.07749,0.0
-0.05700,1.07749,0.0
0.38700,1.07749,0.0
-0.34200,1.07749,0.0
-0.27000,1.07749,0.0
0.33900,1.07749,0.0
0.13200,1.07749,0.0
0.23700,1.07749,0.0
-0.02700,1.07749,0.0
-0.06900,1.07749,0.0
0.00900,1.07749,0.0
-0.27900,1.07749,0.0
-0.24600,1.07749,0.0
0.26700,1.07749,0.0
0.36600,1.07749,0.0
-0.39900,1.07749,0.0
0.00000,1.07749,0.0
-0.01200,1.07749,0.0
-0.24900,1.07749,0.0
0.36300,1.07749,0.0
-0.15600,1.07749,0.0
0.04800,1.07749,0.0
-0.03300,1.07749,0.0
-0.13500,1.07749,0.0
0.03600,1.07749,0.0
0.03900,1.07749,0.0
0.21600,1.07749,0.0
0.12300,1.07749,0.0
-0.30000,1.07749,0.0
0.21000,1.07749,0.0
-0.21900,1.07749,0.0
-0.22500,1.07749,0.0
0.38100,1.07454,0.0
-0.36600,1.07454,0.0
-0.10800,1.07454,0.0
-0.38400,1.07454,0.0
0.00000,1.07454,0.0
-0.15300,1.07454,0.0
0.04800,1.07454,0.0
-0.23700,1.07454,0.0
0.02400,1.07454,0.0
0.37200,1.07454,0.0
0.06900,1.07454,0.0
0.34500,1.07454,0.0
0.11100,1.07454,0.0
-0.15600,1.07454,0.0
0.11400,1.07454,0.0
-0.37200,1.07454,0.0
0.16500,1.07454,0.0
-0.28500,1.07454,0.0
0.38700,1.07454,0.0
-0.39300,1.07454,0.0
0.28200,1.07454,0.0
-0.37500,1.07454,0.0
-0.00900,1.07454,0.0
-0.20400,1.07454,0.0
-0.26700,1.07454,0.0
-0.27900,1.07454,0.0
-0.06600,1.07454,0.0
0.10500,1.07454,0.0
-0.32700,1.07454,0.0
0.30600,1.07454,0.0
-0.34200,1.07454,0.0
-0.16200,1.07454,0.0
-0.01200,1.07454,0.0
0.07500,1.07454,0.0
0.08100,1.07454,0.0
0.19200,1.07454,0.0
0.01200,1.07454,0.0
0.12900,1.07454,0.0
-0.06000,1.07454,0.0
0.29400,1.07454,0.0
-0.29400,1.07454,0.0
0.20400,1.07454,0.0
-0.18000,1.07454,0.0
0.12300,1.07159,0.0
0.17400,1.07159,0.0
-0.09000,1.07159,0.0
-0.27000,1.07159,0.0
-0.07200,1.07159,0.0
0.02700,1.07159,0.0
-0.33300,1.07159,0.0
-0.30000,1.07159,0.0
-0.31200,1.07159,0.0
-0.33000,1.07159,0.0
-0.10800,1.07159,0.0
-0.14100,1.07159,0.0
-0.35700,1.07159,0.0
0.25500,1.07159,0.0
-0.24000,1.07159,0.0
0.17100,1.07159,0.0
0.34200,1.07159,0.0
-0.17100,1.07159,0.0
0.00900,1.07159,0.0
-0.00600,1.07159,0.0
0.09900,1.07159,0.0
0.17700,1.07159,0.0
0.08700,1.07159,0.0
0.30600,1.07159,0.0
0.09000,1.07159,0.0
0.38100,1.07159,0.0
0.31800,1.07159,0.0
0.22500,1.07159,0.0
0.22200,1.07159,0.0
-0.01800,1.07159,0.0
-0.23400,1.07159,0.0
0.40200,1.07159,0.0
-0.00300,1.07159,0.0
-0.18600,1.07159,0.0
-0.20700,1.07159,0.0
-0.04800,1.07159,0.0
0.35400,1.07159,0.0
-0.39900,1.07159,0.0
-0.17400,1.07159,0.0
-0.03300,1.07159,0.0
-0.12600,1.07159,0.0
-0.20100,1.07159,0.0
0.38700,1.07159,0.0
0.24600,1.07159,0.0
0.02400,1.07159,0.0
-0.33900,1.07159,0.0
-0.28800,1.07159,0.0
0.40500,1.07159,0.0
0.16800,1.07159,0.0
-0.07800,1.07159,0.0
0.00900,1.06864,0.0
0.25200,1.06864,0.0
-0.24300,1.06864,0.0
0.40500,1.06864,0.0
0.37800,1.06864,0.0
-0.08700,1.06864,0.0
0.27600,1.06864,0.0
0.09000,1.06864,0.0
-0.38700,1.06864,0.0
0.23700,1.06864,0.0
0.31500,1.06864,0.0
0.21600,1.06864,0.0
0.27300,1.06864,0.0
0.41100,1.06864,0.0
-0.09900,1.06864,0.0
-0.06300,1.06864,0.0
-0.06900,1.06864,0.0
0.24900,1.06864,0.0
0.35100,1.06864,0.0
-0.35400,1.06864,0.0
0.38100,1.06864,0.0
-0.03600,1.06864,0.0
-0.20400,1.06864,0.0
0.29400,1.06864,0.0
-0.21000,1.06864,0.0
-0.04200,1.06864,0.0
-0.34800,1.06864,0.0
-0.27000,1.06864,0.0
-0.00600,1.06864,0.0
0.25500,1.06864,0.0
0.26400,1.06864,0.0
0.05400,1.06864,0.0
-0.24900,1.06864,0.0
-0.10200,1.06864,0.0
-0.12600,1.06864,0.0
-0.23400,1.06864,0.0
0.17400,1.06864,0.0
0.32100,1.06864,0.0
-0.36300,1.06864,0.0
-0.12300,1.06864,0.0
0.02700,1.06864,0.0
-0.29700,1.06864,0.0
0.12900,1.06864,0.0
0.00000,1.06864,0.0
0.06300,1.06864,0.0
0.15000,1.06569,0.0
0.31200,1.06569,0.0
0.07200,1.06569,0.0
0.39300,1.06569,0.0
-0.02700,1.06569,0.0
-0.27900,1.06569,0.0
0.22200,1.06569,0.0
-0.09000,1.06569,0.0
0.40800,1.06569,0.0
-0.28800,1.06569,0.0
-0.18000,1.06569,0.0
0.34500,1.06569,0.0
-0.11700,1.06569,0.0
-0.30300,1.06569,0.0
0.14400,1.06569,0.0
0.10200,1.06569,0.0
0.08400,1.06569,0.0
0.20400,1.06569,0.0
-0.03300,1.06569,0.0
0.02100,1.06569,0.0
0.18600,1.06569,0.0
0.09600,1.06569,0.0
0.08700,1.06569,0.0
-0.17700,1.06569,0.0
0.09900,1.06569,0.0
-0.22500,1.06569,0.0
-0.01200,1.06569,0.0
-0.04500,1.06569,0.0
-0.18600,1.06569,0.0
-0.10200,1.06569,0.0
0.18900,1.06569,0.0
-0.31200,1.06569,0.0
0.38700,1.06569,0.0
-0.34500,1.06569,0.0
-0.03000,1.06569,0.0
0.34800,1.06569,0.0
0.00300,1.06569,0.0
-0.05700,1.06569,0.0
0.07500,1.06569,0.0
-0.34800,1.06569,0.0
0.01800,1.06569,0.0
0.06300,1.06569,0.0
-0.10800,1.06569,0.0
-0.26700,1.06569,0.0
0.15900,1.06569,0.0
0.04500,1.06569,0.0
0.29400,1.06569,0.0
0.35700,1.06569,0.0
0.21300,1.06569,0.0
-0.14100,1.06569,0.0
0.39900,1.06275,0.0
0.36000,1.06275,0.0
0.10800,1.06275,0.0
-0.23100,1.06275,0.0
-0.09900,1.06275,0.0
0.30900,1.06275,0.0
-0.25200,1.06275,0.0
0.22500,1.06275,0.0
-0.35100,1.06275,0.0
-0.29400,1.06275,0.0
-0.12000,1.06275,0.0
0.27900,1.06275,0.0
0.37500,1.06275,0.0
-0.12300,1.06275,0.0
-0.21900,1.06275,0.0
-0.29100,1.06275,0.0
0.29100,1.06275,0.0
-0.18000,1.06275,0.0
0.15600,1.06275,0.0
0.30300,1.06275,0.0
0.36600,1.06275,0.0
-0.36000,1.06275,0.0
-0.38700,1.06275,0.0
0.17400,1.06275,0.0
-0.04500,1.06275,0.0
0.21900,1.06275,0.0
0.00600,1.06275,0.0
-0.06300,1.06275,0.0
-0.32400,1.06275,0.0
0.33600,1.06275,0.0
-0.41400,1.06275,0.0
0.22200,1.06275,0.0
0.39300,1.06275,0.0
0.41700,1.06275,0.0
-0.28200,1.06275,0.0
0.34500,1.06275,0.0
0.39000,1.06275,0.0
-0.32700,1.06275,0.0
-0.28500,1.06275,0.0
-0.08100,1.06275,0.0
0.14400,1.06275,0.0
-0.42300,1.06275,0.0
0.28500,1.06275,0.0
-0.33300,1.06275,0.0
-0.14100,1.06275,0.0
0.04200,1.06275,0.0
0.16200,1.06275,0.0
-0.01200,1.06275,0.0
0.35100,1.06275,0.0
-0.15600,1.06275,0.0
-0.03900,1.06275,0.0
0.06000,1.06275,0.0
-0.01800,1.06275,0.0
-0.01200,1.05980,0.0
-0.42600,1.05980,0.0
-0.10500,1.05980,0.0
-0.29100,1.05980,0.0
-0.19200,1.05980,0.0
-0.00900,1.05980,0.0
0.30600,1.05980,0.0
0.34500,1.05980,0.0
0.39900,1.05980,0.0
-0.15000,1.05980,0.0
-0.42300,1.05980,0.0
0.24900,1.05980,0.0
-0.03000,1.05980,0.0
-0.30900,1.05980,0.0
0.01200,1.05980,0.0
0.34800,1.05980,0.0
0.15600,1.05980,0.0
-0.13200,1.05980,0.0
-0.14100,1.05980,0.0
0.42000,1.05980,0.0
-0.03600,1.05980,0.0
0.38700,1.05980,0.0
0.33600,1.05980,0.0
-0.34500,1.05980,0.0
-0.17100,1.05980,0.0
-0.10200,1.05980,0.0
-0.16800,1.05980,0.0
0.15300,1.05980,0.0
0.21600,1.05980,0.0
-0.21900,1.05980,0.0
0.26700,1.05980,0.0
-0.25200,1.05980,0.0
0.36300,1.05980,0.0
0.10500,1.05980,0.0
-0.00600,1.05980,0.0
-0.13800,1.05980,0.0
-0.04800,1.05980,0.0
-0.22200,1.05980,0.0
-0.36300,1.05980,0.0
-0.08700,1.05980,0.0
-0.20400,1.05980,0.0
0.37200,1.05980,0.0
-0.10800,1.05980,0.0
-0.17400,1.05980,0.0
-0.07500,1.05980,0.0
-0.35700,1.05980,0.0
-0.12600,1.05980,0.0
0.36600,1.05980,0.0
0.11100,1.05980,0.0
0.11700,1.05980,0.0
0.00000,1.05980,0.0
-0.25500,1.05685,0.0
0.39600,1.05685,0.0
-0.32100,1.05685,0.0
-0.43500,1.05685,0.0
-0.40200,1.05685,0.0
-0.05100,1.05685,0.0
-0.39300,1.05685,0.0
0.35100,1.05685,0.0
0.01500,1.05685,0.0
0.16200,1.05685,0.0
-0.23700,1.05685,0.0
0.28200,1.05685,0.0
-0.20100,1.05685,0.0
-0.02700,1.05685,0.0
-0.24300,1.05685,0.0
-0.10200,1.05685,0.0
-0.39900,1.05685,0.0
0.24900,1.05685,0.0
-0.08700,1.05685,0.0
0.40800,1.05685,0.0
-0.12300,1.05685,0.0
0.28500,1.05685,0.0
-0.17700,1.05685,0.0
-0.16800,1.05685,0.0
0.06900,1.05685,0.0
0.07200,1.05685,0.0
0.27000,1.05685,0.0
0.01800,1.05685,0.0
-0.21600,1.05685,0.0
-0.18900,1.05685,0.0
-0.28500,1.05685,0.0
-0.42300,1.05685,0.0
0.31500,1.05685,0.0
0.18000,1.05685,0.0
-0.30300,1.05685,0.0
-0.26400,1.05685,0.0
-0.09300,1.05685,0.0
0.14400,1.05685,0.0
-0.38400,1.05685,0.0
0.10500,1.05685,0.0
0.00000,1.05685,0.0
0.20400,1.05685,0.0
0.08100,1.05685,0.0
-0.15300,1.05685,0.0
0.24600,1.05685,0.0
-0.15000,1.05685,0.0
0.33900,1.05685,0.0
-0.04200,1.05685,0.0
0.22800,1.05685,0.0
-0.03900,1.05685,0.0
0.34800,1.05685,0.0
-0.01200,1.05685,0.0
-0.03000,1.05685,0.0
0.21000,1.05685,0.0
0.38100,1.05685,0.0
0.00600,1.05685,0.0
0.11100,1.05685,0.0
-0.28800,1.05390,0.0
-0.30000,1.05390,0.0
0.10500,1.05390,0.0
0.27600,1.05390,0.0
0.24900,1.05390,0.0
-0.03000,1.05390,0.0
-0.22800,1.05390,0.0
0.05400,1.05390,0.0
0.08700,1.05390,0.0
0.32400,1.05390,0.0
0.17400,1.05390,0.0
0.17100,1.05390,0.0
0.28800,1.05390,0.0
0.18000,1.05390,0.0
0.00900,1.05390,0.0
0.04800,1.05390,0.0
0.35100,1.05390,0.0
0.12300,1.05390,0.0
0.34200,1.05390,0.0
0.40800,1.05390,0.0
-0.32400,1.05390,0.0
-0.10800,1.05390,0.0
-0.29700,1.05390,0.0
-0.28500,1.05390,0.0
0.00000,1.05390,0.0
0.23100,1.05390,0.0
0.11400,1.05390,0.0
-0.03600,1.05390,0.0
0.22500,1.05390,0.0
0.21000,1.05390,0.0
0.19200,1.05390,0.0
-0.06600,1.05390,0.0
0.22200,1.05390,0.0
0.09600,1.05390,0.0
0.23400,1.05390,0.0
-0.03900,1.05390,0.0
0.30000,1.05390,0.0
0.16200,1.05390,0.0
0.08400,1.05390,0.0
0.02700,1.05390,0.0
0.02400,1.05390,0.0
-0.02700,1.05390,0.0
-0.11400,1.05390,0.0
0.16500,1.05390,0.0
-0.04200,1.05390,0.0
0.01800,1.05390,0.0
-0.21300,1.05390,0.0
0.18600,1.05390,0.0
0.20700,1.05095,0.0
-0.37500,1.05095,0.0
-0.00600,1.05095,0.0
-0.33600,1.05095,0.0
0.20400,1.05095,0.0
0.36900,1.05095,0.0
0.15600,1.05095,0.0
-0.23400,1.05095,0.0
0.32100,1.05095,0.0
0.16500,1.05095,0.0
0.10500,1.05095,0.0
-0.22800,1.05095,0.0
0.39000,1.05095,0.0
-0.08400,1.05095,0.0
0.24300,1.05095,0.0
0.25500,1.05095,0.0
0.05400,1.05095,0.0
-0.26700,1.05095,0.0
0.29700,1.05095,0.0
0.26100,1.05095,0.0
-0.25800,1.05095,0.0
0.41400,1.05095,0.0
-0.24900,1.05095,0.0
0.35400,1.05095,0.0
0.27300,1.05095,0.0
-0.37800,1.05095,0.0
0.27600,1.05095,0.0
-0.41700,1.05095,0.0
0.12900,1.05095,0.0
0.36300,1.05095,0.0
-0.25200,1.05095,0.0
0.18900,1.05095,0.0
0.41700,1.05095,0.0
0.18000,1.05095,0.0
-0.34200,1.05095,0.0
-0.36900,1.05095,0.0
-0.28500,1.05095,0.0
-0.15300,1.05095,0.0
0.33600,1.05095,0.0
0.00300,1.05095,0.0
-0.00900,1.05095,0.0
-0.02700,1.05095,0.0
-0.15600,1.05095,0.0
-0.34500,1.05095,0.0
-0.01200,1.05095,0.0
-0.13500,1.04801,0.0
-0.04500,1.04801,0.0
-0.28200,1.04801,0.0
0.41700,1.04801,0.0
0.35700,1.04801,0.0
-0.31200,1.04801,0.0
0.39900,1.04801,0.0
0.10800,1.04801,0.0
-0.15000,1.04801,0.0
-0.43200,1.04801,0.0
0.28500,1.04801,0.0
0.01200,1.04801,0.0
-0.44100,1.04801,0.0
-0.37500,1.04801,0.0
-0.14100,1.04801,0.0
-0.45300,1.04801,0.0
-0.23700,1.04801,0.0
-0.32100,1.04801,0.0
0.25500,1.04801,0.0
-0.28500,1.04801,0.0
0.34500,1.04801,0.0
-0.41700,1.04801,0.0
-0.40500,1.04801,0.0
0.30900,1.04801,0.0
0.37500,1.04801,0.0
0.30000,1.04801,0.0
-0.06000,1.04801,0.0
0.37800,1.04801,0.0
0.16800,1.04801,0.0
-0.39600,1.04801,0.0
0.02700,1.04801,0.0
-0.38100,1.04801,0.0
-0.13800,1.04801,0.0
0.21300,1.04801,0.0
0.18600,1.04801,0.0
-0.13200,1.04801,0.0
0.25800,1.04801,0.0
0.31200,1.04801,0.0
-0.05100,1.04801,0.0
0.07800,1.04801,0.0
0.11100,1.04801,0.0
0.32100,1.04801,0.0
-0.42000,1.04801,0.0
0.06300,1.04506,0.0
-0.26700,1.04506,0.0
-0.45300,1.04506,0.0
0.31200,1.04506,0.0
0.29400,1.04506,0.0
0.04800,1.04506,0.0
-0.37800,1.04506,0.0
-0.41700,1.04506,0.0
0.16500,1.04506,0.0
0.15600,1.04506,0.0
-0.39300,1.04506,0.0
0.35700,1.04506,0.0
0.06900,1.04506,0.0
-0.05400,1.04506,0.0
-0.01800,1.04506,0.0
0.35100,1.04506,0.0
0.02700,1.04506,0.0
0.21300,1.04506,0.0
-0.25200,1.04506,0.0
0.03300,1.04506,0.0
-0.30300,1.04506,0.0
-0.26400,1.04506,0.0
0.41400,1.04506,0.0
0.36600,1.04506,0.0
-0.43500,1.04506,0.0
-0.27300,1.04506,0.0
-0.03300,1.04506,0.0
0.02400,1.04506,0.0
0.10500,1.04506,0.0
0.37500,1.04506,0.0
0.31500,1.04506,0.0
-0.31500,1.04506,0.0
0.03000,1.04506,0.0
-0.29700,1.04506,0.0
0.34500,1.04506,0.0
-0.21300,1.04506,0.0
-0.34800,1.04506,0.0
-0.12000,1.04506,0.0
0.41700,1.04506,0.0
0.27300,1.04506,0.0
0.21600,1.04506,0.0
-0.04500,1.04506,0.0
0.19500,1.04506,0.0
0.29700,1.04211,0.0
0.28200,1.04211,0.0
-0.31200,1.04211,0.0
-0.27900,1.04211,0.0
-0.00900,1.04211,0.0
0.35700,1.04211,0.0
0.28800,1.04211,0.0
-0.44700,1.04211,0.0
-0.04200,1.04211,0.0
-0.07800,1.04211,0.0
0.02400,1.04211,0.0
-0.02700,1.04211,0.0
-0.11700,1.04211,0.0
-0.33000,1.04211,0.0
-0.40500,1.04211,0.0
-0.08700,1.04211,0.0
-0.02100,1.04211,0.0
-0.38100,1.04211,0.0
0.02100,1.04211,0.0
0.24000,1.04211,0.0
-0.34800,1.04211,0.0
-0.23100,1.04211,0.0
0.33000,1.04211,0.0
0.42300,1.04211,0.0
-0.39600,1.04211,0.0
-0.35400,1.04211,0.0
0.16800,1.04211,0.0
0.38400,1.04211,0.0
0.21900,1.04211,0.0
0.05700,1.04211,0.0
-0.41400,1.04211,0.0
0.16500,1.04211,0.0
0.20400,1.04211,0.0
-0.27000,1.04211,0.0
-0.40800,1.04211,0.0
-0.42000,1.04211,0.0
-0.11100,1.04211,0.0
-0.15000,1.04211,0.0
0.03900,1.04211,0.0
0.40500,1.04211,0.0
0.30000,1.03916,0.0
0.14400,1.03916,0.0
0.32700,1.03916,0.0
0.30600,1.03916,0.0
0.38400,1.03916,0.0
0.19500,1.03916,0.0
-0.41700,1.03916,0.0
0.40800,1.03916,0.0
-0.18900,1.03916,0.0
-0.16200,1.03916,0.0
-0.21000,1.03916,0.0
-0.11400,1.03916,0.0
0.14700,1.03916,0.0
0.04500,1.03916,0.0
0.02100,1.03916,0.0
0.08100,1.03916,0.0
-0.46200,1.03916,0.0
0.42000,1.03916,0.0
0.19800,1.03916,0.0
0.33600,1.03916,0.0
-0.24300,1.03916,0.0
-0.43800,1.03916,0.0
0.39000,1.03916,0.0
0.28200,1.03916,0.0
-0.44700,1.03916,0.0
-0.13800,1.03916,0.0
0.35700,1.03916,0.0
0.25800,1.03916,0.0
0.25500,1.03916,0.0
-0.18600,1.03916,0.0
-0.38700,1.03916,0.0
0.01200,1.03916,0.0
-0.31800,1.03916,0.0
0.33300,1.03916,0.0
-0.22500,1.03916,0.0
0.03000,1.03916,0.0
-0.34200,1.03916,0.0
0.38100,1.03916,0.0
-0.26100,1.03916,0.0
-0.47100,1.03916,0.0
0.17400,1.03916,0.0
0.21000,1.03916,0.0
-0.14100,1.03916,0.0
0.20700,1.03916,0.0
0.34800,1.03916,0.0
-0.17400,1.03916,0.0
-0.45000,1.03916,0.0
0.31800,1.03916,0.0
-0.07800,1.03916,0.0
0.35400,1.03621,0.0
-0.14400,1.03621,0.0
-0.08700,1.03621,0.0
0.00600,1.03621,0.0
0.26400,1.03621,0.0
-0.24000,1.03621,0.0
0.03300,1.03621,0.0
0.18000,1.03621,0.0
0.01200,1.03621,0.0
-0.38700,1.03621,0.0
0.26100,1.03621,0.0
-0.14700,1.03621,0.0
-0.35700,1.03621,0.0
0.08100,1.03621,0.0
-0.41100,1.03621,0.0
0.37500,1.03621,0.0
0.41700,1.03621,0.0
0.28500,1.03621,0.0
-0.13500,1.03621,0.0
0.33600,1.03621,0.0
0.29400,1.03621,0.0
0.15900,1.03621,0.0
0.30900,1.03621,0.0
-0.24900,1.03621,0.0
-0.43800,1.03621,0.0
0.39300,1.03621,0.0
0.15000,1.03621,0.0
0.27900,1.03621,0.0
-0.46800,1.03621,0.0
-0.46200,1.03621,0.0
-0.22800,1.03621,0.0
-0.09900,1.03621,0.0
-0.35400,1.03621,0.0
0.25200,1.03621,0.0
0.31500,1.03621,0.0
-0.32100,1.03621,0.0
-0.31800,1.03621,0.0
0.09300,1.03621,0.0
-0.16200,1.03621,0.0
-0.45000,1.03621,0.0
0.00900,1.03621,0.0
-0.38100,1.03621,0.0
-0.44400,1.03621,0.0
-0.29100,1.03621,0.0
0.25800,1.03621,0.0
0.25500,1.03621,0.0
0.05100,1.03621,0.0
0.19500,1.03621,0.0
0.41100,1.03621,0.0
0.42600,1.03621,0.0
0.32100,1.03621,0.0
0.40200,1.03327,0.0
-0.43500,1.03327,0.0
0.32700,1.03327,0.0
-0.02400,1.03327,0.0
-0.07800,1.03327,0.0
0.14100,1.03327,0.0
-0.32700,1.03327,0.0
0.18300,1.03327,0.0
0.26700,1.03327,0.0
-0.39300,1.03327,0.0
-0.09300,1.03327,0.0
0.09000,1.03327,0.0
-0.15300,1.03327,0.0
0.42900,1.03327,0.0
0.20100,1.03327,0.0
-0.37800,1.03327,0.0
-0.24300,1.03327,0.0
0.29400,1.03327,0.0
-0.16800,1.03327,0.0
-0.31200,1.03327,0.0
0.27900,1.03327,0.0
-0.07500,1.03327,0.0
-0.00600,1.03327,0.0
-0.17700,1.03327,0.0
-0.24000,1.03327,0.0
-0.35400,1.03327,0.0
0.17100,1.03327,0.0
0.04200,1.03327,0.0
0.31500,1.03327,0.0
-0.00900,1.03327,0.0
0.06300,1.03327,0.0
0.08700,1.03327,0.0
0.44100,1.03327,0.0
-0.08100,1.03327,0.0
-0.01800,1.03327,0.0
0.08400,1.03327,0.0
-0.41100,1.03327,0.0
-0.40500,1.03327,0.0
-0.15600,1.03327,0.0
-0.17400,1.03327,0.0
0.30600,1.03327,0.0
0.42300,1.03327,0.0
-0.45600,1.03327,0.0
-0.31800,1.03327,0.0
0.35100,1.03327,0.0
-0.39000,1.03327,0.0
0.01800,1.03327,0.0
-0.25200,1.03327,0.0
-0.40800,1.03327,0.0
0.30900,1.03327,0.0
-0.18600,1.03327,0.0
-0.01500,1.03327,0.0
-0.17100,1.03032,0.0
-0.00900,1.03032,0.0
-0.26700,1.03032,0.0
-0.11400,1.03032,0.0
-0.18000,1.03032,0.0
0.29100,1.03032,0.0
-0.33300,1.03032,0.0
0.17400,1.03032,0.0
0.20400,1.03032,0.0
0.30900,1.03032,0.0
-0.26100,1.03032,0.0
-0.47100,1.03032,0.0
0.02100,1.03032,0.0
-0.06300,1.03032,0.0
0.17700,1.03032,0.0
0.23100,1.03032,0.0
0.20100,1.03032,0.0
-0.07200,1.03032,0.0
-0.05400,1.03032,0.0
0.05400,1.03032,0.0
-0.19200,1.03032,0.0
-0.25800,1.03032,0.0
-0.41400,1.03032,0.0
0.28800,1.03032,0.0
-0.43500,1.03032,0.0
0.07800,1.03032,0.0
0.36300,1.03032,0.0
-0.17700,1.03032,0.0
-0.21300,1.03032,0.0
-0.15900,1.03032,0.0
0.30300,1.03032,0.0
-0.18600,1.03032,0.0
0.08100,1.03032,0.0
-0.16500,1.03032,0.0
0.10800,1.03032,0.0
0.38700,1.03032,0.0
0.36900,1.03032,0.0
-0.42000,1.03032,0.0
-0.43200,1.03032,0.0
0.40200,1.03032,0.0
0.21000,1.03032,0.0
-0.03900,1.03032,0.0
-0.45300,1.03032,0.0
0.01800,1.03032,0.0
-0.34500,1.03032,0.0
0.35700,1.03032,0.0
0.27600,1.02737,0.0
0.06000,1.02737,0.0
-0.39600,1.02737,0.0
0.38100,1.02737,0.0
0.03300,1.02737,0.0
-0.17400,1.02737,0.0
-0.08100,1.02737,0.0
-0.27000,1.02737,0.0
0.06600,1.02737,0.0
0.13500,1.02737,0.0
-0.32400,1.02737,0.0
0.14700,1.02737,0.0
0.03000,1.02737,0.0
0.28500,1.02737,0.0
0.33300,1.02737,0.0
-0.35400,1.02737,0.0
0.12600,1.02737,0.0
-0.35100,1.02737,0.0
0.20700,1.02737,0.0
-0.18900,1.02737,0.0
0.35100,1.02737,0.0
-0.12900,1.02737,0.0
-0.09300,1.02737,0.0
0.30600,1.02737,0.0
0.24300,1.02737,0.0
-0.23400,1.02737,0.0
-0.45600,1.02737,0.0
0.32700,1.02737,0.0
-0.15300,1.02737,0.0
-0.13200,1.02737,0.0
-0.26400,1.02737,0.0
-0.28800,1.02737,0.0
-0.33000,1.02737,0.0
-0.45000,1.02737,0.0
-0.20100,1.02737,0.0
0.37800,1.02737,0.0
-0.11400,1.02737,0.0
-0.21300,1.02737,0.0
0.21900,1.02737,0.0
0.30900,1.02737,0.0
-0.34200,1.02737,0.0
-0.08400,1.02737,0.0
-0.38100,1.02737,0.0
0.06300,1.02737,0.0
-0.03600,1.02737,0.0
0.34800,1.02737,0.0
-0.07800,1.02737,0.0
0.14100,1.02737,0.0
-0.32700,1.02737,0.0
-0.47400,1.02737,0.0
0.36000,1.02737,0.0
-0.41700,1.02737,0.0
-0.30900,1.02737,0.0
0.19800,1.02737,0.0
-0.28500,1.02737,0.0
0.18000,1.02442,0.0
0.28200,1.02442,0.0
0.13800,1.02442,0.0
0.39600,1.02442,0.0
0.24900,1.02442,0.0
0.32700,1.02442,0.0
-0.42900,1.02442,0.0
-0.30900,1.02442,0.0
-0.27000,1.02442,0.0
-0.44100,1.02442,0.0
0.34200,1.02442,0.0
0.12600,1.02442,0.0
-0.29100,1.02442,0.0
-0.19200,1.02442,0.0
-0.39300,1.02442,0.0
-0.02100,1.02442,0.0
-0.47400,1.02442,0.0
-0.47700,1.02442,0.0
-0.37500,1.02442,0.0
-0.42600,1.02442,0.0
-0.07500,1.02442,0.0
0.11700,1.02442,0.0
0.35700,1.02442,0.0
-0.13200,1.02442,0.0
-0.24600,1.02442,0.0
0.42900,1.02442,0.0
0.33600,1.02442,0.0
-0.34800,1.02442,0.0
0.24600,1.02442,0.0
-0.18300,1.02442,0.0
-0.17100,1.02442,0.0
-0.18600,1.02442,0.0
0.09600,1.02442,0.0
-0.13500,1.02442,0.0
0.32100,1.02442,0.0
0.15000,1.02442,0.0
0.18600,1.02442,0.0
0.08700,1.02442,0.0
-0.21900,1.02442,0.0
0.39900,1.02442,0.0
-0.31500,1.02442,0.0
0.11100,1.02442,0.0
-0.27600,1.02442,0.0
0.33300,1.02442,0.0
0.06600,1.02147,0.0
-0.09300,1.02147,0.0
0.38400,1.02147,0.0
-0.30900,1.02147,0.0
-0.48600,1.02147,0.0
0.07800,1.02147,0.0
0.15600,1.02147,0.0
-0.29100,1.02147,0.0
-0.46200,1.02147,0.0
0.25200,1.02147,0.0
-0.16800,1.02147,0.0
-0.47700,1.02147,0.0
0.08400,1.02147,0.0
-0.19200,1.02147,0.0
0.11700,1.02147,0.0
-0.24300,1.02147,0.0
-0.13500,1.02147,0.0
0.14100,1.02147,0.0
0.18600,1.02147,0.0
-0.01500,1.02147,0.0
-0.10200,1.02147,0.0
0.22200,1.02147,0.0
-0.19500,1.02147,0.0
-0.41400,1.02147,0.0
-0.43500,1.02147,0.0
-0.32700,1.02147,0.0
-0.35100,1.02147,0.0
0.24600,1.02147,0.0
0.41700,1.02147,0.0
0.35700,1.02147,0.0
-0.11700,1.02147,0.0
-0.06900,1.02147,0.0
-0.20700,1.02147,0.0
-0.29700,1.02147,0.0
0.18000,1.02147,0.0
-0.14700,1.02147,0.0
0.36000,1.02147,0.0
-0.26400,1.02147,0.0
0.07500,1.02147,0.0
0.35400,1.02147,0.0
-0.00900,1.02147,0.0
0.12300,1.02147,0.0
0.30000,1.01853,0.0
-0.11100,1.01853,0.0
-0.29700,1.01853,0.0
0.33000,1.01853,0.0
-0.04800,1.01853,0.0
-0.08100,1.01853,0.0
0.15300,1.01853,0.0
0.10500,1.01853,0.0
-0.40500,1.01853,0.0
0.26400,1.01853,0.0
0.45300,1.01853,0.0
-0.33900,1.01853,0.0
0.21300,1.01853,0.0
0.41700,1.01853,0.0
0.35700,1.01853,0.0
0.42000,1.01853,0.0
0.05700,1.01853,0.0
-0.49200,1.01853,0.0
-0.38100,1.01853,0.0
-0.21600,1.01853,0.0
-0.06900,1.01853,0.0
0.10200,1.01853,0.0
-0.30600,1.01853,0.0
0.31500,1.01853,0.0
0.38100,1.01853,0.0
0.15900,1.01853,0.0
-0.05100,1.01853,0.0
-0.08400,1.01853,0.0
0.44400,1.01853,0.0
-0.01500,1.01853,0.0
-0.04500,1.01853,0.0
0.21900,1.01853,0.0
0.25500,1.01853,0.0
0.14700,1.01853,0.0
0.18900,1.01853,0.0
-0.30900,1.01853,0.0
-0.28200,1.01853,0.0
-0.06600,1.01853,0.0
-0.47100,1.01853,0.0
-0.35100,1.01853,0.0
0.37200,1.01853,0.0
0.07200,1.01853,0.0
-0.33000,1.01853,0.0
0.39300,1.01853,0.0
-0.45900,1.01853,0.0
0.34200,1.01853,0.0
-0.21300,1.01853,0.0
-0.42000,1.01853,0.0
-0.14100,1.01853,0.0
-0.09600,1.01853,0.0
-0.42300,1.01853,0.0
-0.13200,1.01853,0.0
-0.23700,1.01853,0.0
0.33300,1.01853,0.0
-0.36000,1.01853,0.0
-0.26100,1.01853,0.0
-0.47400,1.01853,0.0
-0.16500,1.01853,0.0
0.24000,1.01558,0.0
0.27300,1.01558,0.0
-0.27000,1.01558,0.0
-0.48300,1.01558,0.0
0.18600,1.01558,0.0
0.43800,1.01558,0.0
-0.49800,1.01558,0.0
0.20100,1.01558,0.0
-0.05700,1.01558,0.0
-0.34200,1.01558,0.0
0.30600,1.01558,0.0
0.00000,1.01558,0.0
-0.00300,1.01558,0.0
0.06300,1.01558,0.0
0.25200,1.01558,0.0
-0.26100,1.01558,0.0
-0.47100,1.01558,0.0
-0.28200,1.01558,0.0
0.10200,1.01558,0.0
0.03600,1.01558,0.0
0.17400,1.01558,0.0
0.17100,1.01558,0.0
-0.10200,1.01558,0.0
-0.45000,1.01558,0.0
-0.39300,1.01558,0.0
-0.47700,1.01558,0.0
0.10500,1.01558,0.0
0.01200,1.01558,0.0
-0.30000,1.01558,0.0
-0.26700,1.01558,0.0
0.34500,1.01558,0.0
0.07800,1.01558,0.0
-0.37800,1.01558,0.0
-0.06300,1.01558,0.0
-0.24000,1.01558,0.0
-0.33600,1.01558,0.0
0.38700,1.01558,0.0
-0.43800,1.01558,0.0
0.14400,1.01558,0.0
-0.03000,1.01558,0.0
0.39900,1.01558,0.0
-0.08700,1.01558,0.0
0.44100,1.01558,0.0
-0.03900,1.01558,0.0
-0.25800,1.01558,0.0
0.22200,1.01558,0.0
-0.27300,1.01558,0.0
-0.30300,1.01558,0.0
-0.05100,1.01263,0.0
-0.34200,1.01263,0.0
-0.37800,1.01263,0.0
-0.23400,1.01263,0.0
0.27900,1.01263,0.0
0.36600,1.01263,0.0
-0.03300,1.01263,0.0
-0.39000,1.01263,0.0
-0.41700,1.01263,0.0
0.10800,1.01263,0.0
0.12300,1.01263,0.0
0.18000,1.01263,0.0
-0.47400,1.01263,0.0
-0.45300,1.01263,0.0
-0.29400,1.01263,0.0
0.12600,1.01263,0.0
-0.09600,1.01263,0.0
-0.30300,1.01263,0.0
0.41400,1.01263,0.0
-0.08700,1.01263,0.0
0.27300,1.01263,0.0
-0.20400,1.01263,0.0
0.43800,1.01263,0.0
0.11700,1.01263,0.0
0.45000,1.01263,0.0
-0.38100,1.01263,0.0
-0.48600,1.01263,0.0
-0.43200,1.01263,0.0
0.12000,1.01263,0.0
-0.20700,1.01263,0.0
-0.22200,1.01263,0.0
0.08700,1.01263,0.0
-0.47700,1.01263,0.0
-0.18600,1.01263,0.0
-0.29700,1.01263,0.0
0.04200,1.01263,0.0
0.09600,1.01263,0.0
-0.05700,1.01263,0.0
0.34500,1.01263,0.0
-0.06600,1.01263,0.0
-0.44400,1.01263,0.0
0.26100,1.01263,0.0
0.33900,1.01263,0.0
0.09300,1.01263,0.0
-0.05400,1.01263,0.0
-0.43500,1.01263,0.0
-0.01200,1.01263,0.0
0.19200,1.01263,0.0
0.17100,1.01263,0.0
-0.19800,1.01263,0.0
-0.11400,1.01263,0.0
-0.31800,1.01263,0.0
0.38400,1.00968,0.0
0.13500,1.00968,0.0
-0.32400,1.00968,0.0
-0.08400,1.00968,0.0
-0.36300,1.00968,0.0
0.09600,1.00968,0.0
0.16200,1.00968,0.0
0.18600,1.00968,0.0
-0.15300,1.00968,0.0
-0.43500,1.00968,0.0
-0.06900,1.00968,0.0
-0.29400,1.00968,0.0
-0.41400,1.00968,0.0
-0.03000,1.00968,0.0
0.13800,1.00968,0.0
-0.36600,1.00968,0.0
-0.46500,1.00968,0.0
-0.17400,1.00968,0.0
-0.49500,1.00968,0.0
0.14400,1.00968,0.0
-0.48600,1.00968,0.0
0.05400,1.00968,0.0
0.12600,1.00968,0.0
-0.50700,1.00968,0.0
0.10800,1.00968,0.0
0.44700,1.00968,0.0
-0.46200,1.00968,0.0
-0.04800,1.00968,0.0
0.37800,1.00968,0.0
0.17400,1.00968,0.0
-0.22800,1.00968,0.0
0.30000,1.00968,0.0
0.33000,1.00968,0.0
0.43800,1.00968,0.0
-0.34500,1.00673,0.0
0.18900,1.00673,0.0
0.45300,1.00673,0.0
0.18600,1.00673,0.0
0.15000,1.00673,0.0
-0.10200,1.00673,0.0
-0.22200,1.00673,0.0
-0.08100,1.00673,0.0
0.18000,1.00673,0.0
-0.09300,1.00673,0.0
-0.45300,1.00673,0.0
-0.48900,1.00673,0.0
-0.18600,1.00673,0.0
0.36900,1.00673,0.0
0.42300,1.00673,0.0
0.16800,1.00673,0.0
-0.36000,1.00673,0.0
-0.51000,1.00673,0.0
-0.29400,1.00673,0.0
-0.48300,1.00673,0.0
0.42600,1.00673,0.0
0.19800,1.00673,0.0
0.05700,1.00673,0.0
-0.32400,1.00673,0.0
-0.37200,1.00673,0.0
0.00600,1.00673,0.0
-0.09600,1.00673,0.0
-0.39600,1.00673,0.0
0.38400,1.00673,0.0
0.40200,1.00673,0.0
-0.35700,1.00673,0.0
0.42000,1.00673,0.0
-0.07800,1.00673,0.0
-0.30000,1.00673,0.0
-0.35100,1.00673,0.0
-0.19800,1.00673,0.0
0.33300,1.00673,0.0
-0.17700,1.00673,0.0
-0.42000,1.00673,0.0
0.44700,1.00673,0.0
0.21900,1.00379,0.0
0.37500,1.00379,0.0
0.27900,1.00379,0.0
0.08100,1.00379,0.0
0.03300,1.00379,0.0
-0.01800,1.00379,0.0
0.11100,1.00379,0.0
-0.15900,1.00379,0.0
0.12600,1.00379,0.0
0.01200,1.00379,0.0
-0.33300,1.00379,0.0
0.21600,1.00379,0.0
-0.22800,1.00379,0.0
-0.32700,1.00379,0.0
0.25800,1.00379,0.0
-0.34500,1.00379,0.0
0.29100,1.00379,0.0
-0.03600,1.00379,0.0
0.19800,1.00379,0.0
0.11700,1.00379,0.0
0.02100,1.00379,0.0
0.40200,1.00379,0.0
-0.48300,1.00379,0.0
0.06900,1.00379,0.0
-0.11400,1.00379,0.0
0.00300,1.00379,0.0
-0.30300,1.00379,0.0
0.33600,1.00379,0.0
0.03900,1.00379,0.0
-0.42000,1.00379,0.0
0.35400,1.00379,0.0
0.45000,1.00379,0.0
0.29400,1.00379,0.0
-0.06000,1.00379,0.0
0.00900,1.00379,0.0
0.39600,1.00379,0.0
-0.39300,1.00379,0.0
0.11400,1.00379,0.0
-0.34800,1.00379,0.0
0.13200,1.00379,0.0
-0.25200,1.00379,0.0
-0.28800,1.00379,0.0
0.30900,1.00379,0.0
-0.28800,1.00084,0.0
0.07200,1.00084,0.0
0.12000,1.00084,0.0
-0.25200,1.00084,0.0
0.11700,1.00084,0.0
0.40500,1.00084,0.0
-0.44700,1.00084,0.0
0.21600,1.00084,0.0
0.31500,1.00084,0.0
0.05100,1.00084,0.0
0.47400,1.00084,0.0
-0.13500,1.00084,0.0
0.07800,1.00084,0.0
0.41700,1.00084,0.0
-0.17700,1.00084,0.0
-0.23700,1.00084,0.0
-0.22800,1.00084,0.0
-0.11700,1.00084,0.0
0.38100,1.00084,0.0
-0.10800,1.00084,0.0
0.36000,1.00084,0.0
-0.13800,1.00084,0.0
-0.50400,1.00084,0.0
0.04500,1.00084,0.0
-0.44400,1.00084,0.0
-0.36900,1.00084,0.0
0.15300,1.00084,0.0
-0.30000,1.00084,0.0
0.03900,1.00084,0.0
-0.03000,1.00084,0.0
-0.17400,1.00084,0.0
-0.34800,1.00084,0.0
0.41100,1.00084,0.0
0.43200,1.00084,0.0
-0.39900,1.00084,0.0
-0.47700,1.00084,0.0
-0.01200,1.00084,0.0
0.18000,1.00084,0.0
0.01800,1.00084,0.0
0.45900,1.00084,0.0
-0.18600,1.00084,0.0
-0.46500,1.00084,0.0
0.47100,1.00084,0.0
-0.21600,1.00084,0.0
0.26100,1.00084,0.0
0.34200,1.00084,0.0
0.04200,1.00084,0.0
0.22800,1.00084,0.0
0.12600,1.00084,0.0
-0.26700,1.00084,0.0
0.13500,1.00084,0.0
0.45300,1.00084,0.0
-0.04500,1.00084,0.0
0.41100,0.99789,0.0
-0.01500,0.99789,0.0
0.14400,0.99789,0.0
0.09600,0.99789,0.0
-0.11700,0.99789,0.0
-0.36600,0.99789,0.0
-0.27000,0.99789,0.0
-0.46800,0.99789,0.0
-0.44700,0.99789,0.0
0.22800,0.99789,0.0
-0.36300,0.99789,0.0
-0.41100,0.99789,0.0
0.20700,0.99789,0.0
0.23100,0.99789,0.0
-0.09900,0.99789,0.0
-0.17400,0.99789,0.0
0.18300,0.99789,0.0
0.25200,0.99789,0.0
0.37500,0.99789,0.0
-0.03300,0.99789,0.0
-0.48600,0.99789,0.0
0.31800,0.99789,0.0
-0.45300,0.99789,0.0
-0.35100,0.99789,0.0
-0.43800,0.99789,0.0
-0.33300,0.99789,0.0
0.47100,0.99789,0.0
-0.01800,0.99789,0.0
0.15000,0.99789,0.0
0.10800,0.99789,0.0
0.11700,0.99789,0.0
0.36600,0.99789,0.0
-0.15600,0.99789,0.0
0.30600,0.99789,0.0
0.11100,0.99789,0.0
0.24600,0.99789,0.0
0.04200,0.99789,0.0
-0.48900,0.99789,0.0
-0.22500,0.99789,0.0
0.02100,0.99789,0.0
0.16500,0.99789,0.0
-0.40200,0.99789,0.0
0.39900,0.99789,0.0
0.13800,0.99789,0.0
0.11400,0.99789,0.0
0.02400,0.99789,0.0
-0.29400,0.99789,0.0
0.05700,0.99789,0.0
0.00900,0.99789,0.0
-0.10800,0.99789,0.0
-0.00900,0.99789,0.0
-0.25200,0.99789,0.0
-0.47100,0.99789,0.0
0.00600,0.99494,0.0
-0.33000,0.99494,0.0
0.42900,0.99494,0.0
-0.40200,0.99494,0.0
-0.39900,0.99494,0.0
-0.25500,0.99494,0.0
-0.31500,0.99494,0.0
-0.37800,0.99494,0.0
-0.41100,0.99494,0.0
0.42000,0.99494,0.0
-0.46200,0.99494,0.0
0.40200,0.99494,0.0
-0.23100,0.99494,0.0
-0.08700,0.99494,0.0
-0.29400,0.99494,0.0
0.37500,0.99494,0.0
0.08700,0.99494,0.0
0.05700,0.99494,0.0
0.22500,0.99494,0.0
-0.50700,0.99494,0.0
0.06600,0.99494,0.0
-0.06300,0.99494,0.0
-0.24900,0.99494,0.0
-0.30900,0.99494,0.0
0.06300,0.99494,0.0
-0.29700,0.99494,0.0
0.12300,0.99494,0.0
-0.21600,0.99494,0.0
0.09600,0.99494,0.0
0.39600,0.99494,0.0
-0.27600,0.99494,0.0
0.05400,0.99494,0.0
-0.43200,0.99494,0.0
0.40500,0.99494,0.0
-0.20400,0.99494,0.0
-0.50100,0.99494,0.0
0.08100,0.99494,0.0
0.15900,0.99494,0.0
-0.27300,0.99494,0.0
-0.09300,0.99494,0.0
0.00900,0.99494,0.0
0.26100,0.99199,0.0
-0.12600,0.99199,0.0
-0.08700,0.99199,0.0
-0.14100,0.99199,0.0
0.16800,0.99199,0.0
-0.33300,0.99199,0.0
-0.26100,0.99199,0.0
-0.41100,0.99199,0.0
-0.40800,0.99199,0.0
-0.03300,0.99199,0.0
0.01500,0.99199,0.0
-0.45600,0.99199,0.0
0.25200,0.99199,0.0
-0.35700,0.99199,0.0
-0.34800,0.99199,0.0
-0.13500,0.99199,0.0
-0.47100,0.99199,0.0
-0.42900,0.99199,0.0
-0.38100,0.99199,0.0
0.46200,0.99199,0.0
-0.11400,0.99199,0.0
0.38100,0.99199,0.0
0.29400,0.99199,0.0
0.11100,0.99199,0.0
-0.07500,0.99199,0.0
0.37200,0.99199,0.0
0.44700,0.99199,0.0
-0.42300,0.99199,0.0
0.15300,0.99199,0.0
-0.02400,0.99199,0.0
0.10200,0.99199,0.0
-0.43800,0.99199,0.0
-0.42600,0.99199,0.0
0.02700,0.99199,0.0
0.03600,0.99199,0.0
-0.29700,0.99199,0.0
-0.41700,0.98905,0.0
0.02400,0.98905,0.0
-0.12000,0.98905,0.0
-0.49800,0.98905,0.0
-0.32400,0.98905,0.0
-0.08100,0.98905,0.0
0.39900,0.98905,0.0
0.21600,0.98905,0.0
0.06900,0.98905,0.0
0.07500,0.98905,0.0
0.07200,0.98905,0.0
-0.42300,0.98905,0.0
-0.09600,0.98905,0.0
0.05700,0.98905,0.0
0.14700,0.98905,0.0
-0.39600,0.98905,0.0
-0.34200,0.98905,0.0
0.18300,0.98905,0.0
0.19800,0.98905,0.0
-0.51000,0.98905,0.0
0.35700,0.98905,0.0
-0.37200,0.98905,0.0
0.23400,0.98905,0.0
0.33600,0.98905,0.0
0.39300,0.98905,0.0
-0.40800,0.98905,0.0
0.12600,0.98905,0.0
0.42300,0.98905,0.0
-0.35700,0.98905,0.0
-0.41100,0.98905,0.0
-0.36000,0.98905,0.0
0.15300,0.98905,0.0
-0.23100,0.98905,0.0
0.46500,0.98905,0.0
0.19500,0.98905,0.0
-0.27900,0.98905,0.0
-0.34500,0.98905,0.0
0.12300,0.98905,0.0
-0.21900,0.98905,0.0
-0.43800,0.98905,0.0
-0.09000,0.98905,0.0
0.16800,0.98905,0.0
-0.33300,0.98905,0.0
-0.07200,0.98905,0.0
-0.46200,0.98905,0.0
-0.00300,0.98905,0.0
0.35400,0.98905,0.0
-0.23400,0.98905,0.0
0.02700,0.98905,0.0
-0.39300,0.98905,0.0
0.30300,0.98905,0.0
0.07800,0.98905,0.0
-0.36300,0.98905,0.0
0.03600,0.98905,0.0
0.43500,0.98905,0.0
-0.45900,0.98905,0.0
-0.31500,0.98610,0.0
0.08100,0.98610,0.0
0.07200,0.98610,0.0
0.22500,0.98610,0.0
-0.43800,0.98610,0.0
0.35400,0.98610,0.0
0.06000,0.98610,0.0
-0.18600,0.98610,0.0
-0.23100,0.98610,0.0
0.05700,0.98610,0.0
-0.32100,0.98610,0.0
-0.11700,0.98610,0.0
-0.11400,0.98610,0.0
0.04800,0.98610,0.0
-0.18300,0.98610,0.0
0.33900,0.98610,0.0
-0.51000,0.98610,0.0
0.30600,0.98610,0.0
0.18000,0.98610,0.0
-0.37200,0.98610,0.0
-0.51600,0.98610,0.0
0.00000,0.98610,0.0
-0.12000,0.98610,0.0
0.36600,0.98610,0.0
0.13800,0.98610,0.0
0.10800,0.98610,0.0
-0.49200,0.98610,0.0
0.02700,0.98610,0.0
0.07500,0.98610,0.0
0.07800,0.98610,0.0
-0.42600,0.98610,0.0
0.47400,0.98610,0.0
-0.36300,0.98610,0.0
0.17700,0.98610,0.0
-0.14100,0.98610,0.0
-0.00900,0.98610,0.0
-0.07800,0.98610,0.0
0.03000,0.98610,0.0
0.10200,0.98610,0.0
0.09900,0.98610,0.0
-0.33600,0.98610,0.0
-0.03900,0.98610,0.0
0.06600,0.98610,0.0
-0.18000,0.98610,0.0
-0.05400,0.98610,0.0
-0.50100,0.98610,0.0
-0.05700,0.98610,0.0
0.38700,0.98610,0.0
0.21300,0.98610,0.0
0.47700,0.98610,0.0
-0.37500,0.98610,0.0
0.36000,0.98610,0.0
-0.49800,0.98610,0.0
0.27000,0.98315,0.0
-0.45600,0.98315,0.0
-0.46500,0.98315,0.0
0.28800,0.98315,0.0
-0.31800,0.98315,0.0
-0.30000,0.98315,0.0
0.36900,0.98315,0.0
0.29400,0.98315,0.0
0.02100,0.98315,0.0
0.09300,0.98315,0.0
-0.38100,0.98315,0.0
-0.48000,0.98315,0.0
0.04200,0.98315,0.0
-0.25800,0.98315,0.0
0.18600,0.98315,0.0
-0.12300,0.98315,0.0
0.35100,0.98315,0.0
0.00900,0.98315,0.0
-0.32400,0.98315,0.0
-0.25200,0.98315,0.0
-0.42600,0.98315,0.0
-0.35400,0.98315,0.0
-0.03600,0.98315,0.0
-0.47100,0.98315,0.0
-0.24000,0.98315,0.0
-0.33300,0.98315,0.0
-0.12900,0.98315,0.0
0.06000,0.98315,0.0
0.34200,0.98315,0.0
-0.04200,0.98315,0.0
-0.44400,0.98315,0.0
-0.36300,0.98315,0.0
-0.10500,0.98315,0.0
0.14100,0.98315,0.0
0.26700,0.98315,0.0
0.00600,0.98315,0.0
-0.44100,0.98315,0.0
0.35700,0.98315,0.0
-0.18000,0.98315,0.0
-0.24900,0.98315,0.0
0.07500,0.98315,0.0
-0.37800,0.98020,0.0
0.36300,0.98020,0.0
0.22500,0.98020,0.0
-0.38100,0.98020,0.0
-0.18300,0.98020,0.0
0.03900,0.98020,0.0
-0.27300,0.98020,0.0
0.08100,0.98020,0.0
-0.40800,0.98020,0.0
-0.35100,0.98020,0.0
0.18600,0.98020,0.0
-0.19200,0.98020,0.0
-0.09600,0.98020,0.0
0.39300,0.98020,0.0
0.16500,0.98020,0.0
-0.16200,0.98020,0.0
-0.18600,0.98020,0.0
-0.08100,0.98020,0.0
0.00300,0.98020,0.0
-0.31800,0.98020,0.0
-0.23400,0.98020,0.0
-0.10200,0.98020,0.0
0.23100,0.98020,0.0
-0.53400,0.98020,0.0
-0.33300,0.98020,0.0
0.46200,0.98020,0.0
0.02100,0.98020,0.0
-0.50400,0.98020,0.0
-0.49200,0.98020,0.0
-0.16500,0.98020,0.0
-0.49500,0.98020,0.0
0.37200,0.98020,0.0
0.02700,0.98020,0.0
-0.00600,0.98020,0.0
-0.26400,0.98020,0.0
0.35100,0.98020,0.0
-0.18900,0.98020,0.0
-0.37500,0.98020,0.0
-0.16800,0.98020,0.0
-0.30900,0.98020,0.0
-0.27000,0.98020,0.0
0.32100,0.98020,0.0
-0.10500,0.98020,0.0
-0.51300,0.98020,0.0
0.45900,0.97725,0.0
0.26400,0.97725,0.0
-0.41700,0.97725,0.0
0.17700,0.97725,0.0
0.12900,0.97725,0.0
-0.29100,0.97725,0.0
0.12600,0.97725,0.0
-0.35700,0.97725,0.0
-0.53700,0.97725,0.0
0.09600,0.97725,0.0
-0.34200,0.97725,0.0
-0.36000,0.97725,0.0
0.25200,0.97725,0.0
0.36900,0.97725,0.0
-0.19500,0.97725,0.0
-0.41100,0.97725,0.0
0.44400,0.97725,0.0
0.41100,0.97725,0.0
-0.52800,0.97725,0.0
0.04200,0.97725,0.0
0.47100,0.97725,0.0
-0.35400,0.97725,0.0
-0.18600,0.97725,0.0
-0.10200,0.97725,0.0
0.34800,0.97725,0.0
-0.31800,0.97725,0.0
0.42900,0.97725,0.0
0.45000,0.97725,0.0
-0.33000,0.97725,0.0
-0.47700,0.97725,0.0
-0.34500,0.97725,0.0
-0.44100,0.97725,0.0
0.16800,0.97725,0.0
0.35100,0.97725,0.0
-0.09000,0.97725,0.0
0.46800,0.97725,0.0
-0.21300,0.97725,0.0
0.28500,0.97725,0.0
0.43500,0.97725,0.0
-0.37200,0.97725,0.0
0.36600,0.97725,0.0
-0.36900,0.97725,0.0
0.13200,0.97725,0.0
-0.40200,0.97431,0.0
-0.09300,0.97431,0.0
0.36300,0.97431,0.0
-0.05100,0.97431,0.0
0.18300,0.97431,0.0
-0.06900,0.97431,0.0
0.29400,0.97431,0.0
-0.08700,0.97431,0.0
-0.16200,0.97431,0.0
-0.05700,0.97431,0.0
-0.37500,0.97431,0.0
0.05100,0.97431,0.0
0.11100,0.97431,0.0
0.38100,0.97431,0.0
-0.45000,0.97431,0.0
-0.13800,0.97431,0.0
-0.31200,0.97431,0.0
-0.33900,0.97431,0.0
-0.12300,0.97431,0.0
-0.26700,0.97431,0.0
-0.25200,0.97431,0.0
-0.36900,0.97431,0.0
-0.10200,0.97431,0.0
0.27900,0.97431,0.0
-0.21600,0.97431,0.0
-0.39300,0.97431,0.0
0.45000,0.97431,0.0
0.04800,0.97431,0.0
0.41400,0.97431,0.0
0.15600,0.97431,0.0
0.42600,0.97431,0.0
-0.51900,0.97431,0.0
-0.14700,0.97431,0.0
-0.04200,0.97431,0.0
0.21600,0.97431,0.0
-0.43200,0.97431,0.0
-0.27300,0.97431,0.0
-0.24900,0.97431,0.0
-0.36600,0.97431,0.0
0.44400,0.97431,0.0
0.09900,0.97431,0.0
0.33600,0.97431,0.0
-0.27900,0.97431,0.0
0.26100,0.97431,0.0
0.33900,0.97431,0.0
-0.36300,0.97431,0.0
-0.11700,0.97431,0.0
0.15000,0.97431,0.0
-0.51300,0.97431,0.0
0.31200,0.97431,0.0
-0.24300,0.97431,0.0
0.18600,0.97431,0.0
0.43800,0.97431,0.0
0.06000,0.97431,0.0
-0.33300,0.97431,0.0
0.02400,0.97431,0.0
0.11700,0.97431,0.0
0.48000,0.97431,0.0
0.41700,0.97136,0.0
0.03300,0.97136,0.0
0.30600,0.97136,0.0
0.01500,0.97136,0.0
-0.37500,0.97136,0.0
-0.39600,0.97136,0.0
0.38400,0.97136,0.0
0.14700,0.97136,0.0
-0.03600,0.97136,0.0
-0.49800,0.97136,0.0
0.06600,0.97136,0.0
0.45900,0.97136,0.0
-0.16500,0.97136,0.0
0.40800,0.97136,0.0
-0.27000,0.97136,0.0
-0.18300,0.97136,0.0
-0.35100,0.97136,0.0
0.43500,0.97136,0.0
-0.08700,0.97136,0.0
0.27000,0.97136,0.0
0.34500,0.97136,0.0
-0.53700,0.97136,0.0
-0.40500,0.97136,0.0
-0.06300,0.97136,0.0
-0.30300,0.97136,0.0
0.01200,0.97136,0.0
-0.43200,0.97136,0.0
-0.53400,0.97136,0.0
-0.06000,0.97136,0.0
0.20100,0.97136,0.0
0.16800,0.97136,0.0
-0.25800,0.97136,0.0
-0.42900,0.97136,0.0
-0.18900,0.97136,0.0
-0.27600,0.97136,0.0
0.15000,0.97136,0.0
-0.05100,0.97136,0.0
0.06900,0.97136,0.0
0.24600,0.97136,0.0
-0.46200,0.97136,0.0
-0.31500,0.97136,0.0
0.02100,0.97136,0.0
0.03000,0.97136,0.0
0.42000,0.97136,0.0
-0.45300,0.97136,0.0
-0.03300,0.97136,0.0
-0.52500,0.97136,0.0
0.42900,0.96841,0.0
-0.51300,0.96841,0.0
0.30000,0.96841,0.0
-0.23700,0.96841,0.0
0.06000,0.96841,0.0
0.09900,0.96841,0.0
0.34500,0.96841,0.0
0.19500,0.96841,0.0
0.27300,0.96841,0.0
0.10800,0.96841,0.0
0.15900,0.96841,0.0
-0.21000,0.96841,0.0
0.12300,0.96841,0.0
-0.11100,0.96841,0.0
-0.43800,0.96841,0.0
-0.32100,0.96841,0.0
-0.52500,0.96841,0.0
-0.01200,0.96841,0.0
-0.27600,0.96841,0.0
0.24900,0.96841,0.0
0.34800,0.96841,0.0
-0.19800,0.96841,0.0
-0.18000,0.96841,0.0
0.34200,0.96841,0.0
-0.20400,0.96841,0.0
0.43200,0.96841,0.0
0.11400,0.96841,0.0
-0.27300,0.96841,0.0
-0.34800,0.96841,0.0
0.12600,0.96841,0.0
0.44100,0.96841,0.0
0.17100,0.96841,0.0
-0.50100,0.96841,0.0
0.23400,0.96841,0.0
-0.36900,0.96841,0.0
-0.33000,0.96841,0.0
-0.07200,0.96841,0.0
-0.26700,0.96841,0.0
0.37500,0.96841,0.0
-0.03300,0.96841,0.0
0.04200,0.96841,0.0
-0.19200,0.96841,0.0
0.36300,0.96841,0.0
-0.40200,0.96841,0.0
0.44400,0.96546,0.0
0.10500,0.96546,0.0
-0.28500,0.96546,0.0
0.27600,0.96546,0.0
0.27900,0.96546,0.0
-0.40800,0.96546,0.0
-0.46200,0.96546,0.0
0.43800,0.96546,0.0
0.38700,0.96546,0.0
-0.32400,0.96546,0.0
-0.09000,0.96546,0.0
-0.26700,0.96546,0.0
0.49200,0.96546,0.0
-0.31200,0.96546,0.0
-0.00600,0.96546,0.0
0.45300,0.96546,0.0
0.25500,0.96546,0.0
0.16500,0.96546,0.0
-0.35100,0.96546,0.0
-0.34500,0.96546,0.0
-0.39600,0.96546,0.0
-0.35700,0.96546,0.0
0.47700,0.96546,0.0
-0.05400,0.96546,0.0
-0.27600,0.96546,0.0
0.27000,0.96546,0.0
-0.30300,0.96546,0.0
0.42600,0.96546,0.0
0.34500,0.96546,0.0
0.23400,0.96546,0.0
-0.42900,0.96546,0.0
-0.01800,0.96546,0.0
-0.53400,0.96546,0.0
-0.43200,0.96546,0.0
0.06000,0.96546,0.0
-0.06900,0.96546,0.0
0.14400,0.96546,0.0
-0.20100,0.96546,0.0
-0.27900,0.96546,0.0
-0.24600,0.96546,0.0
-0.38700,0.96546,0.0
0.44700,0.96546,0.0
-0.11700,0.96546,0.0
-0.45300,0.96546,0.0
-0.42000,0.96546,0.0
-0.18300,0.96546,0.0
0.22800,0.96546,0.0
0.14700,0.96546,0.0
0.12900,0.96546,0.0
0.45900,0.96546,0.0
0.09300,0.96546,0.0
0.10800,0.96546,0.0
-0.52800,0.96546,0.0
-0.01500,0.96546,0.0
0.39300,0.96546,0.0
-0.41400,0.96546,0.0
0.37200,0.96546,0.0
0.18900,0.96546,0.0
0.23400,0.96251,0.0
0.10800,0.96251,0.0
0.30900,0.96251,0.0
0.12600,0.96251,0.0
-0.36600,0.96251,0.0
0.39600,0.96251,0.0
0.17700,0.96251,0.0
0.44700,0.96251,0.0
-0.45900,0.96251,0.0
-0.08100,0.96251,0.0
-0.36300,0.96251,0.0
0.42900,0.96251,0.0
-0.31800,0.96251,0.0
0.37800,0.96251,0.0
0.45000,0.96251,0.0
-0.46200,0.96251,0.0
-0.44100,0.96251,0.0
0.27300,0.96251,0.0
-0.51000,0.96251,0.0
-0.04800,0.96251,0.0
0.30600,0.96251,0.0
-0.13800,0.96251,0.0
-0.00900,0.96251,0.0
-0.44400,0.96251,0.0
-0.33300,0.96251,0.0
-0.09900,0.96251,0.0
0.18900,0.96251,0.0
-0.03900,0.96251,0.0
-0.43500,0.96251,0.0
0.08100,0.96251,0.0
0.38700,0.96251,0.0
0.11700,0.96251,0.0
-0.05400,0.96251,0.0
0.50100,0.96251,0.0
0.24000,0.96251,0.0
-0.01200,0.96251,0.0
-0.26700,0.96251,0.0
0.19800,0.96251,0.0
-0.22800,0.96251,0.0
-0.37800,0.96251,0.0
-0.54000,0.96251,0.0
0.06600,0.96251,0.0
0.06000,0.96251,0.0
0.50400,0.96251,0.0
-0.31200,0.96251,0.0
-0.48600,0.96251,0.0
-0.40500,0.96251,0.0
0.05700,0.96251,0.0
-0.38400,0.96251,0.0
0.00300,0.96251,0.0
-0.20400,0.96251,0.0
-0.54300,0.96251,0.0
0.33000,0.96251,0.0
0.31200,0.96251,0.0
0.02100,0.95957,0.0
0.49200,0.95957,0.0
-0.22200,0.95957,0.0
-0.51000,0.95957,0.0
-0.48600,0.95957,0.0
-0.35700,0.95957,0.0
0.33300,0.95957,0.0
-0.07200,0.95957,0.0
0.37800,0.95957,0.0
-0.22800,0.95957,0.0
0.14700,0.95957,0.0
0.43200,0.95957,0.0
0.12000,0.95957,0.0
-0.54600,0.95957,0.0
-0.00600,0.95957,0.0
-0.54900,0.95957,0.0
-0.39900,0.95957,0.0
0.26400,0.95957,0.0
0.08100,0.95957,0.0
0.15000,0.95957,0.0
-0.53700,0.95957,0.0
-0.50700,0.95957,0.0
-0.35100,0.95957,0.0
0.15300,0.95957,0.0
-0.01200,0.95957,0.0
0.16500,0.95957,0.0
-0.31800,0.95957,0.0
0.38100,0.95957,0.0
-0.03900,0.95957,0.0
0.09600,0.95957,0.0
0.48600,0.95957,0.0
-0.51900,0.95957,0.0
-0.25800,0.95957,0.0
0.43500,0.95957,0.0
0.18900,0.95957,0.0
-0.13500,0.95957,0.0
0.12900,0.95957,0.0
-0.40200,0.95957,0.0
-0.37800,0.95957,0.0
0.09900,0.95957,0.0
0.07200,0.95957,0.0
0.27000,0.95957,0.0
0.45300,0.95957,0.0
-0.06600,0.95957,0.0
0.45600,0.95957,0.0
0.04200,0.95662,0.0
0.36300,0.95662,0.0
-0.25500,0.95662,0.0
-0.49200,0.95662,0.0
-0.33600,0.95662,0.0
0.01200,0.95662,0.0
0.47100,0.95662,0.0
0.06300,0.95662,0.0
-0.31200,0.95662,0.0
-0.12600,0.95662,0.0
-0.23700,0.95662,0.0
-0.24000,0.95662,0.0
-0.42000,0.95662,0.0
0.40200,0.95662,0.0
-0.06900,0.95662,0.0
-0.32700,0.95662,0.0
0.25800,0.95662,0.0
0.17700,0.95662,0.0
0.46200,0.95662,0.0
0.45000,0.95662,0.0
0.31800,0.95662,0.0
-0.37800,0.95662,0.0
0.07500,0.95662,0.0
-0.09900,0.95662,0.0
-0.14400,0.95662,0.0
-0.35100,0.95662,0.0
-0.54000,0.95662,0.0
0.13500,0.95662,0.0
0.24600,0.95662,0.0
-0.44700,0.95662,0.0
0.14100,0.95662,0.0
0.13200,0.95662,0.0
0.06900,0.95662,0.0
0.45600,0.95662,0.0
-0.08400,0.95662,0.0
-0.24900,0.95662,0.0
0.11100,0.95662,0.0
0.38700,0.95662,0.0
0.01500,0.95662,0.0
0.25200,0.95662,0.0
0.27000,0.95662,0.0
0.03900,0.95662,0.0
-0.29400,0.95662,0.0
-0.32100,0.95662,0.0
-0.53700,0.95662,0.0
0.36900,0.95662,0.0
-0.26100,0.95662,0.0
-0.10200,0.95662,0.0
-0.54600,0.95662,0.0
0.43800,0.95662,0.0
-0.11700,0.95662,0.0
-0.22500,0.95662,0.0
-0.46500,0.95662,0.0
-0.52500,0.95662,0.0
-0.09900,0.95367,0.0
-0.36900,0.95367,0.0
0.22500,0.95367,0.0
0.17400,0.95367,0.0
-0.20100,0.95367,0.0
0.37800,0.95367,0.0
0.45900,0.95367,0.0
0.40200,0.95367,0.0
0.19200,0.95367,0.0
-0.41100,0.95367,0.0
-0.40500,0.95367,0.0
-0.51000,0.95367,0.0
0.01800,0.95367,0.0
-0.23700,0.95367,0.0
0.37200,0.95367,0.0
0.00300,0.95367,0.0
-0.02400,0.95367,0.0
-0.26100,0.95367,0.0
-0.40200,0.95367,0.0
0.33900,0.95367,0.0
0.03300,0.95367,0.0
-0.09600,0.95367,0.0
-0.14700,0.95367,0.0
-0.52800,0.95367,0.0
0.22800,0.95367,0.0
-0.37800,0.95367,0.0
-0.54000,0.95367,0.0
0.21000,0.95367,0.0
-0.33900,0.95367,0.0
-0.54900,0.95367,0.0
0.49800,0.95367,0.0
0.39600,0.95367,0.0
-0.31500,0.95367,0.0
-0.46800,0.95367,0.0
0.41400,0.95367,0.0
0.50700,0.95367,0.0
0.37500,0.95367,0.0
-0.30900,0.95367,0.0
-0.14100,0.95367,0.0
0.36300,0.95367,0.0
-0.42900,0.95367,0.0
-0.45900,0.95367,0.0
0.16800,0.95367,0.0
-0.32100,0.95367,0.0
0.03000,0.95367,0.0
-0.20400,0.95367,0.0
-0.34500,0.95367,0.0
0.48900,0.95367,0.0
0.04200,0.95367,0.0
-0.17100,0.95367,0.0
-0.06000,0.95367,0.0
0.47100,0.95367,0.0
0.19800,0.95367,0.0
-0.43500,0.95367,0.0
-0.01200,0.95367,0.0
-0.31800,0.95367,0.0
-0.41100,0.95072,0.0
0.10500,0.95072,0.0
0.08400,0.95072,0.0
-0.43500,0.95072,0.0
-0.38400,0.95072,0.0
-0.50400,0.95072,0.0
0.09300,0.95072,0.0
-0.19500,0.95072,0.0
-0.48000,0.95072,0.0
0.38700,0.95072,0.0
-0.26400,0.95072,0.0
0.38400,0.95072,0.0
0.39300,0.95072,0.0
0.00600,0.95072,0.0
0.18000,0.95072,0.0
-0.16500,0.95072,0.0
-0.01800,0.95072,0.0
0.12000,0.95072,0.0
-0.34500,0.95072,0.0
-0.02100,0.95072,0.0
-0.42900,0.95072,0.0
-0.29700,0.95072,0.0
0.51000,0.95072,0.0
-0.21600,0.95072,0.0
-0.51300,0.95072,0.0
0.11700,0.95072,0.0
0.19200,0.95072,0.0
-0.34200,0.95072,0.0
0.48300,0.95072,0.0
0.50400,0.95072,0.0
0.02400,0.95072,0.0
-0.28500,0.95072,0.0
0.21300,0.95072,0.0
-0.15300,0.95072,0.0
0.03600,0.95072,0.0
-0.46800,0.95072,0.0
-0.29100,0.95072,0.0
-0.52200,0.95072,0.0
0.18600,0.95072,0.0
0.47400,0.95072,0.0
-0.38700,0.95072,0.0
0.18900,0.95072,0.0
-0.30300,0.95072,0.0
-0.51600,0.95072,0.0
-0.09600,0.95072,0.0
-0.40800,0.95072,0.0
0.00300,0.95072,0.0
0.04800,0.95072,0.0
0.29100,0.95072,0.0
-0.33000,0.95072,0.0
-0.35400,0.95072,0.0
-0.17400,0.95072,0.0
0.36300,0.95072,0.0
-0.21300,0.95072,0.0
-0.22800,0.94777,0.0
-0.30900,0.94777,0.0
-0.27900,0.94777,0.0
-0.16500,0.94777,0.0
0.08700,0.94777,0.0
-0.24300,0.94777,0.0
-0.49800,0.94777,0.0
-0.27300,0.94777,0.0
0.03000,0.94777,0.0
-0.12600,0.94777,0.0
0.21900,0.94777,0.0
-0.34200,0.94777,0.0
0.48600,0.94777,0.0
0.43200,0.94777,0.0
-0.48000,0.94777,0.0
-0.42600,0.94777,0.0
-0.53100,0.94777,0.0
0.47700,0.94777,0.0
0.16200,0.94777,0.0
-0.02700,0.94777,0.0
-0.45300,0.94777,0.0
0.47100,0.94777,0.0
0.48300,0.94777,0.0
0.27300,0.94777,0.0
-0.15600,0.94777,0.0
0.51000,0.94777,0.0
-0.29700,0.94777,0.0
0.31500,0.94777,0.0
0.12600,0.94777,0.0
0.30900,0.94777,0.0
-0.00600,0.94777,0.0
0.41400,0.94777,0.0
0.37500,0.94777,0.0
-0.39300,0.94777,0.0
0.03300,0.94777,0.0
-0.23400,0.94777,0.0
-0.43500,0.94777,0.0
-0.18000,0.94777,0.0
0.07500,0.94777,0.0
0.32100,0.94777,0.0
-0.12900,0.94777,0.0
-0.29400,0.94777,0.0
0.10800,0.94777,0.0
0.42600,0.94777,0.0
0.42000,0.94777,0.0
-0.22200,0.94777,0.0
-0.08400,0.94777,0.0
0.40500,0.94777,0.0
0.09600,0.94777,0.0
0.19500,0.94777,0.0
0.38400,0.94777,0.0
-0.21300,0.94777,0.0
0.48900,0.94777,0.0
0.10200,0.94777,0.0
0.42600,0.94483,0.0
-0.17700,0.94483,0.0
-0.28500,0.94483,0.0
-0.53100,0.94483,0.0
0.13500,0.94483,0.0
-0.21000,0.94483,0.0
0.19800,0.94483,0.0
0.29400,0.94483,0.0
0.46200,0.94483,0.0
0.32400,0.94483,0.0
-0.47700,0.94483,0.0
-0.16200,0.94483,0.0
0.41100,0.94483,0.0
-0.10200,0.94483,0.0
0.42900,0.94483,0.0
-0.10800,0.94483,0.0
0.48900,0.94483,0.0
0.00900,0.94483,0.0
0.00300,0.94483,0.0
-0.09000,0.94483,0.0
0.24600,0.94483,0.0
0.24900,0.94483,0.0
0.36900,0.94483,0.0
-0.01800,0.94483,0.0
0.35400,0.94483,0.0
-0.48600,0.94483,0.0
0.37800,0.94483,0.0
0.50100,0.94483,0.0
-0.31200,0.94483,0.0
-0.05100,0.94483,0.0
-0.20400,0.94483,0.0
-0.38100,0.94483,0.0
0.34800,0.94483,0.0
-0.37200,0.94483,0.0
0.07500,0.94483,0.0
-0.44400,0.94483,0.0
-0.34500,0.94483,0.0
-0.11700,0.94483,0.0
0.18600,0.94483,0.0
0.43800,0.94483,0.0
-0.33600,0.94483,0.0
-0.39600,0.94483,0.0
0.02400,0.94483,0.0
0.06000,0.94483,0.0
-0.51900,0.94483,0.0
0.33600,0.94483,0.0
0.17400,0.94483,0.0
0.30300,0.94483,0.0
0.09900,0.94483,0.0
0.42000,0.94483,0.0
-0.34200,0.94483,0.0
-0.19500,0.94483,0.0
0.39000,0.94483,0.0
0.04800,0.94483,0.0
0.15000,0.94483,0.0
-0.49200,0.94483,0.0
0.48000,0.94483,0.0
0.31800,0.94483,0.0
0.27900,0.94483,0.0
0.01800,0.94483,0.0
-0.15000,0.94483,0.0
-0.51300,0.94483,0.0
-0.15600,0.94188,0.0
0.17100,0.94188,0.0
0.22800,0.94188,0.0
0.34200,0.94188,0.0
-0.13800,0.94188,0.0
0.40800,0.94188,0.0
0.13200,0.94188,0.0
-0.13500,0.94188,0.0
-0.01500,0.94188,0.0
-0.17700,0.94188,0.0
-0.36000,0.94188,0.0
-0.29400,0.94188,0.0
-0.09300,0.94188,0.0
0.00300,0.94188,0.0
-0.44700,0.94188,0.0
-0.48900,0.94188,0.0
-0.45000,0.94188,0.0
0.08700,0.94188,0.0
-0.17100,0.94188,0.0
-0.56700,0.94188,0.0
-0.32400,0.94188,0.0
-0.44100,0.94188,0.0
-0.40500,0.94188,0.0
-0.46500,0.94188,0.0
-0.22500,0.94188,0.0
0.39300,0.94188,0.0
0.35400,0.94188,0.0
-0.33300,0.94188,0.0
0.09300,0.94188,0.0
0.50100,0.94188,0.0
-0.02700,0.94188,0.0
-0.18900,0.94188,0.0
0.50700,0.94188,0.0
0.35700,0.94188,0.0
-0.24000,0.94188,0.0
-0.23700,0.94188,0.0
-0.28800,0.94188,0.0
-0.21900,0.94188,0.0
0.46500,0.94188,0.0
-0.53100,0.94188,0.0
-0.34800,0.94188,0.0
-0.41400,0.94188,0.0
-0.54900,0.94188,0.0
0.03600,0.94188,0.0
-0.16200,0.94188,0.0
-0.37800,0.94188,0.0
0.48300,0.94188,0.0
0.02700,0.94188,0.0
-0.44400,0.94188,0.0
-0.25800,0.94188,0.0
-0.36300,0.94188,0.0
0.00000,0.94188,0.0
0.48900,0.94188,0.0
-0.24600,0.94188,0.0
-0.09600,0.94188,0.0
-0.35400,0.94188,0.0
-0.30600,0.93893,0.0
0.13500,0.93893,0.0
0.09000,0.93893,0.0
-0.51300,0.93893,0.0
0.37200,0.93893,0.0
-0.33300,0.93893,0.0
-0.22200,0.93893,0.0
-0.40500,0.93893,0.0
0.20700,0.93893,0.0
0.11700,0.93893,0.0
0.34500,0.93893,0.0
0.13800,0.93893,0.0
-0.32400,0.93893,0.0
0.39900,0.93893,0.0
0.44700,0.93893,0.0
-0.37800,0.93893,0.0
0.45000,0.93893,0.0
-0.44700,0.93893,0.0
-0.23700,0.93893,0.0
0.52500,0.93893,0.0
0.46500,0.93893,0.0
-0.12000,0.93893,0.0
0.32400,0.93893,0.0
-0.11100,0.93893,0.0
0.32700,0.93893,0.0
-0.07500,0.93893,0.0
-0.31800,0.93893,0.0
0.24600,0.93893,0.0
-0.26700,0.93893,0.0
0.44100,0.93893,0.0
0.30000,0.93893,0.0
0.38100,0.93893,0.0
0.10200,0.93893,0.0
-0.35700,0.93893,0.0
-0.52200,0.93893,0.0
0.09600,0.93893,0.0
0.42000,0.93893,0.0
-0.52500,0.93893,0.0
-0.24300,0.93893,0.0
-0.48900,0.93893,0.0
0.44400,0.93893,0.0
-0.05400,0.93893,0.0
-0.39300,0.93893,0.0
0.36300,0.93893,0.0
-0.18000,0.93893,0.0
-0.37200,0.93893,0.0
-0.09900,0.93893,0.0
-0.42300,0.93598,0.0
0.47700,0.93598,0.0
0.35700,0.93598,0.0
-0.47400,0.93598,0.0
-0.08400,0.93598,0.0
-0.55500,0.93598,0.0
0.21600,0.93598,0.0
0.13200,0.93598,0.0
-0.14700,0.93598,0.0
-0.30000,0.93598,0.0
-0.56400,0.93598,0.0
-0.50400,0.93598,0.0
-0.33300,0.93598,0.0
-0.09600,0.93598,0.0
0.45000,0.93598,0.0
-0.36000,0.93598,0.0
0.12300,0.93598,0.0
0.19200,0.93598,0.0
0.23400,0.93598,0.0
0.18300,0.93598,0.0
-0.05100,0.93598,0.0
-0.22800,0.93598,0.0
0.46500,0.93598,0.0
0.49200,0.93598,0.0
-0.10500,0.93598,0.0
-0.47700,0.93598,0.0
0.40800,0.93598,0.0
-0.00600,0.93598,0.0
-0.52800,0.93598,0.0
-0.11100,0.93598,0.0
-0.00300,0.93598,0.0
-0.13500,0.93598,0.0
0.29100,0.93598,0.0
-0.13800,0.93598,0.0
-0.18600,0.93598,0.0
-0.27600,0.93598,0.0
-0.08700,0.93598,0.0
-0.00900,0.93598,0.0
-0.55800,0.93598,0.0
-0.18300,0.93598,0.0
-0.44700,0.93598,0.0
0.43800,0.93598,0.0
0.08400,0.93598,0.0
-0.24300,0.93598,0.0
-0.12900,0.93598,0.0
-0.25800,0.93598,0.0
-0.56700,0.93598,0.0
0.30900,0.93598,0.0
-0.37500,0.93598,0.0
-0.33000,0.93598,0.0
0.14700,0.93598,0.0
0.04500,0.93598,0.0
-0.44400,0.93598,0.0
-0.56100,0.93303,0.0
-0.20700,0.93303,0.0
-0.30000,0.93303,0.0
0.13500,0.93303,0.0
0.31800,0.93303,0.0
0.30000,0.93303,0.0
0.40500,0.93303,0.0
-0.30900,0.93303,0.0
-0.12600,0.93303,0.0
-0.16500,0.93303,0.0
0.07500,0.93303,0.0
0.17400,0.93303,0.0
-0.32400,0.93303,0.0
0.14100,0.93303,0.0
-0.33300,0.93303,0.0
0.45900,0.93303,0.0
0.39000,0.93303,0.0
0.03900,0.93303,0.0
-0.38400,0.93303,0.0
0.09900,0.93303,0.0
-0.51900,0.93303,0.0
-0.56400,0.93303,0.0
-0.12300,0.93303,0.0
-0.45300,0.93303,0.0
0.36900,0.93303,0.0
-0.39600,0.93303,0.0
-0.16200,0.93303,0.0
-0.49800,0.93303,0.0
-0.17700,0.93303,0.0
0.26100,0.93303,0.0
-0.13800,0.93303,0.0
-0.19800,0.93303,0.0
0.33600,0.93303,0.0
-0.30600,0.93303,0.0
-0.31500,0.93303,0.0
0.47400,0.93303,0.0
-0.46500,0.93303,0.0
-0.53700,0.93303,0.0
0.48000,0.93303,0.0
-0.19200,0.93303,0.0
-0.20100,0.93303,0.0
0.31200,0.93303,0.0
0.25800,0.93303,0.0
-0.40200,0.93303,0.0
0.52200,0.93303,0.0
-0.50100,0.93303,0.0
-0.32700,0.93303,0.0
-0.34800,0.93303,0.0
-0.08700,0.93303,0.0
-0.54600,0.93303,0.0
-0.39000,0.93303,0.0
0.19200,0.93303,0.0
0.43200,0.93303,0.0
-0.28500,0.93303,0.0
0.09300,0.93303,0.0
-0.23400,0.93303,0.0
0.43500,0.93009,0.0
0.48600,0.93009,0.0
-0.18600,0.93009,0.0
-0.13200,0.93009,0.0
0.45000,0.93009,0.0
0.50700,0.93009,0.0
-0.54000,0.93009,0.0
-0.44100,0.93009,0.0
-0.42000,0.93009,0.0
0.32100,0.93009,0.0
0.20700,0.93009,0.0
0.15300,0.93009,0.0
-0.16800,0.93009,0.0
-0.55500,0.93009,0.0
0.24600,0.93009,0.0
-0.34500,0.93009,0.0
0.09000,0.93009,0.0
-0.18300,0.93009,0.0
0.02400,0.93009,0.0
-0.18000,0.93009,0.0
-0.52500,0.93009,0.0
0.46200,0.93009,0.0
0.21300,0.93009,0.0
-0.53400,0.93009,0.0
0.49800,0.93009,0.0
-0.15000,0.93009,0.0
-0.50100,0.93009,0.0
-0.12600,0.93009,0.0
0.36000,0.93009,0.0
-0.22200,0.93009,0.0
0.30300,0.93009,0.0
-0.41400,0.93009,0.0
-0.48900,0.93009,0.0
-0.31500,0.93009,0.0
-0.23100,0.93009,0.0
-0.54300,0.93009,0.0
-0.07200,0.93009,0.0
0.20400,0.93009,0.0
0.31800,0.93009,0.0
0.37800,0.93009,0.0
0.08100,0.93009,0.0
-0.19800,0.93009,0.0
0.50400,0.93009,0.0
0.13200,0.93009,0.0
-0.51900,0.93009,0.0
0.23400,0.93009,0.0
-0.34200,0.93009,0.0
0.51000,0.93009,0.0
0.36300,0.93009,0.0
-0.06900,0.93009,0.0
-0.15300,0.93009,0.0
-0.33000,0.93009,0.0
-0.50400,0.93009,0.0
-0.43200,0.93009,0.0
-0.37500,0.93009,0.0
0.32700,0.92714,0.0
0.05100,0.92714,0.0
-0.54300,0.92714,0.0
-0.42600,0.92714,0.0
0.36000,0.92714,0.0
-0.22500,0.92714,0.0
0.48300,0.92714,0.0
0.42900,0.92714,0.0
-0.17700,0.92714,0.0
-0.24000,0.92714,0.0
0.03600,0.92714,0.0
-0.27600,0.92714,0.0
0.46200,0.92714,0.0
0.40500,0.92714,0.0
0.18000,0.92714,0.0
0.12900,0.92714,0.0
-0.45900,0.92714,0.0
0.39600,0.92714,0.0
0.45000,0.92714,0.0
0.43200,0.92714,0.0
0.35100,0.92714,0.0
0.34800,0.92714,0.0
0.02100,0.92714,0.0
0.08700,0.92714,0.0
0.24600,0.92714,0.0
-0.57600,0.92714,0.0
0.45300,0.92714,0.0
-0.28800,0.92714,0.0
-0.55800,0.92714,0.0
0.05400,0.92714,0.0
-0.56100,0.92714,0.0
-0.47700,0.92714,0.0
-0.08700,0.92714,0.0
0.15600,0.92714,0.0
-0.51600,0.92714,0.0
-0.26700,0.92714,0.0
0.26700,0.92714,0.0
0.15300,0.92714,0.0
0.12000,0.92714,0.0
-0.25500,0.92714,0.0
0.31200,0.92714,0.0
-0.19500,0.92714,0.0
-0.32100,0.92714,0.0
0.37500,0.92714,0.0
0.11700,0.92714,0.0
-0.14700,0.92714,0.0
-0.07500,0.92714,0.0
0.29400,0.92714,0.0
-0.04200,0.92714,0.0
0.20100,0.92714,0.0
0.45900,0.92714,0.0
0.51300,0.92714,0.0
-0.46800,0.92714,0.0
-0.57000,0.92714,0.0
-0.53400,0.92714,0.0
0.23700,0.92714,0.0
0.03900,0.92714,0.0
0.54000,0.92714,0.0
0.29700,0.92714,0.0
0.47100,0.92714,0.0
0.16500,0.92714,0.0
-0.27000,0.92419,0.0
-0.00900,0.92419,0.0
0.03600,0.92419,0.0
0.38700,0.92419,0.0
-0.43200,0.92419,0.0
0.04200,0.92419,0.0
0.47400,0.92419,0.0
0.44400,0.92419,0.0
0.13800,0.92419,0.0
-0.30000,0.92419,0.0
-0.11400,0.92419,0.0
-0.09000,0.92419,0.0
-0.40800,0.92419,0.0
0.30300,0.92419,0.0
-0.18000,0.92419,0.0
0.54000,0.92419,0.0
0.26400,0.92419,0.0
-0.06300,0.92419,0.0
-0.06900,0.92419,0.0
-0.25500,0.92419,0.0
-0.11700,0.92419,0.0
0.22500,0.92419,0.0
0.31200,0.92419,0.0
-0.13500,0.92419,0.0
0.47100,0.92419,0.0
-0.11100,0.92419,0.0
-0.27600,0.92419,0.0
0.46800,0.92419,0.0
0.49800,0.92419,0.0
0.24900,0.92419,0.0
-0.48300,0.92419,0.0
-0.03900,0.92419,0.0
0.33600,0.92419,0.0
-0.15300,0.92419,0.0
-0.36600,0.92419,0.0
0.13500,0.92419,0.0
0.34200,0.92419,0.0
-0.55800,0.92419,0.0
-0.40200,0.92419,0.0
-0.20100,0.92419,0.0
-0.31800,0.92419,0.0
-0.32400,0.92419,0.0
-0.55200,0.92419,0.0
-0.23700,0.92419,0.0
0.45000,0.92419,0.0
-0.44400,0.92419,0.0
-0.15000,0.92419,0.0
0.19500,0.92419,0.0
0.15600,0.92419,0.0
0.37800,0.92419,0.0
-0.29400,0.92419,0.0
0.23700,0.92419,0.0
-0.40500,0.92419,0.0
-0.03300,0.92419,0.0
0.26100,0.92419,0.0
0.42300,0.92419,0.0
-0.34200,0.92419,0.0
0.23100,0.92419,0.0
0.08400,0.92419,0.0
-0.03600,0.92124,0.0
0.07200,0.92124,0.0
0.39000,0.92124,0.0
-0.26100,0.92124,0.0
-0.35400,0.92124,0.0
0.40200,0.92124,0.0
0.09900,0.92124,0.0
-0.10500,0.92124,0.0
-0.56700,0.92124,0.0
-0.57300,0.92124,0.0
-0.42000,0.92124,0.0
0.24300,0.92124,0.0
-0.14400,0.92124,0.0
-0.32100,0.92124,0.0
0.39300,0.92124,0.0
-0.53400,0.92124,0.0
0.46500,0.92124,0.0
-0.41700,0.92124,0.0
-0.30600,0.92124,0.0
-0.07200,0.92124,0.0
0.42000,0.92124,0.0
-0.14700,0.92124,0.0
0.13500,0.92124,0.0
0.19800,0.92124,0.0
0.15900,0.92124,0.0
0.51900,0.92124,0.0
0.12000,0.92124,0.0
-0.49800,0.92124,0.0
-0.57900,0.92124,0.0
-0.00900,0.92124,0.0
0.17400,0.92124,0.0
0.10200,0.92124,0.0
-0.02100,0.92124,0.0
-0.27300,0.92124,0.0
-0.45600,0.92124,0.0
0.04200,0.92124,0.0
-0.52500,0.92124,0.0
-0.27000,0.92124,0.0
-0.03900,0.92124,0.0
0.44400,0.92124,0.0
0.41400,0.92124,0.0
0.14100,0.92124,0.0
-0.50400,0.92124,0.0
-0.08100,0.92124,0.0
-0.12000,0.92124,0.0
0.28800,0.92124,0.0
0.10800,0.92124,0.0
0.00900,0.92124,0.0
-0.13500,0.92124,0.0
-0.19500,0.92124,0.0
-0.04500,0.92124,0.0
-0.39900,0.92124,0.0
0.06900,0.92124,0.0
0.45300,0.92124,0.0
-0.49500,0.92124,0.0
0.47100,0.92124,0.0
0.27900,0.92124,0.0
0.05700,0.92124,0.0
-0.33600,0.92124,0.0
0.33600,0.91829,0.0
-0.16200,0.91829,0.0
0.21600,0.91829,0.0
0.53400,0.91829,0.0
-0.11400,0.91829,0.0
-0.25200,0.91829,0.0
0.15300,0.91829,0.0
0.12300,0.91829,0.0
-0.14400,0.91829,0.0
0.00900,0.91829,0.0
-0.15300,0.91829,0.0
0.29400,0.91829,0.0
0.19200,0.91829,0.0
0.06900,0.91829,0.0
0.04800,0.91829,0.0
-0.05700,0.91829,0.0
0.02400,0.91829,0.0
0.27300,0.91829,0.0
0.00600,0.91829,0.0
-0.12600,0.91829,0.0
-0.06900,0.91829,0.0
-0.51000,0.91829,0.0
0.24600,0.91829,0.0
-0.09600,0.91829,0.0
-0.08100,0.91829,0.0
-0.43200,0.91829,0.0
0.16800,0.91829,0.0
0.51900,0.91829,0.0
-0.45900,0.91829,0.0
-0.56400,0.91829,0.0
0.52500,0.91829,0.0
-0.13500,0.91829,0.0
0.19500,0.91829,0.0
-0.08400,0.91829,0.0
0.52200,0.91829,0.0
0.44700,0.91829,0.0
-0.57600,0.91829,0.0
0.02100,0.91829,0.0
-0.33600,0.91829,0.0
-0.58200,0.91829,0.0
0.38700,0.91829,0.0
0.06000,0.91829,0.0
-0.03000,0.91829,0.0
-0.21900,0.91829,0.0
-0.25500,0.91829,0.0
-0.18600,0.91829,0.0
-0.38400,0.91829,0.0
-0.05100,0.91829,0.0
0.36000,0.91829,0.0
-0.52800,0.91829,0.0
0.11100,0.91829,0.0
-0.54900,0.91829,0.0
-0.00600,0.91829,0.0
0.34500,0.91829,0.0
0.42300,0.91829,0.0
-0.23700,0.91829,0.0
-0.27600,0.91829,0.0
-0.14100,0.91829,0.0
-0.20400,0.91829,0.0
0.01800,0.91829,0.0
0.49200,0.91829,0.0
0.10800,0.91829,0.0
0.36600,0.91829,0.0
-0.54300,0.91535,0.0
0.45000,0.91535,0.0
0.42600,0.91535,0.0
0.00600,0.91535,0.0
-0.34200,0.91535,0.0
-0.54000,0.91535,0.0
0.52500,0.91535,0.0
0.13200,0.91535,0.0
0.45300,0.91535,0.0
0.48300,0.91535,0.0
-0.16800,0.91535,0.0
-0.44700,0.91535,0.0
-0.31500,0.91535,0.0
-0.07800,0.91535,0.0
0.25500,0.91535,0.0
-0.25500,0.91535,0.0
-0.06000,0.91535,0.0
0.27300,0.91535,0.0
0.15300,0.91535,0.0
-0.20100,0.91535,0.0
-0.35700,0.91535,0.0
0.28500,0.91535,0.0
0.08400,0.91535,0.0
-0.23400,0.91535,0.0
-0.19800,0.91535,0.0
-0.44100,0.91535,0.0
-0.17400,0.91535,0.0
-0.31200,0.91535,0.0
-0.06300,0.91535,0.0
0.37500,0.91535,0.0
0.47700,0.91535,0.0
-0.08700,0.91535,0.0
-0.14100,0.91535,0.0
-0.31800,0.91535,0.0
-0.58500,0.91535,0.0
0.53100,0.91535,0.0
0.36600,0.91535,0.0
-0.04500,0.91535,0.0
-0.42000,0.91535,0.0
0.20100,0.91535,0.0
-0.26100,0.91535,0.0
0.26400,0.91535,0.0
0.35100,0.91535,0.0
0.29700,0.91535,0.0
0.19500,0.91535,0.0
0.49800,0.91535,0.0
-0.05700,0.91535,0.0
0.03300,0.91535,0.0
0.31800,0.91535,0.0
-0.45300,0.91535,0.0
-0.57000,0.91535,0.0
-0.22200,0.91535,0.0
-0.45000,0.91535,0.0
0.02100,0.91535,0.0
-0.38400,0.91535,0.0
-0.45900,0.91535,0.0
-0.47100,0.91535,0.0
0.02400,0.91535,0.0
-0.26400,0.91535,0.0
-0.53700,0.91535,0.0
0.40500,0.91535,0.0
0.32100,0.91535,0.0
0.14700,0.91535,0.0
-0.08100,0.91240,0.0
-0.55500,0.91240,0.0
-0.12000,0.91240,0.0
0.19800,0.91240,0.0
-0.27900,0.91240,0.0
0.16500,0.91240,0.0
-0.36300,0.91240,0.0
-0.46200,0.91240,0.0
-0.42600,0.91240,0.0
-0.13500,0.91240,0.0
0.16200,0.91240,0.0
-0.44400,0.91240,0.0
-0.58200,0.91240,0.0
0.49500,0.91240,0.0
-0.58500,0.91240,0.0
0.38100,0.91240,0.0
-0.50100,0.91240,0.0
0.33000,0.91240,0.0
-0.29100,0.91240,0.0
-0.30600,0.91240,0.0
0.47700,0.91240,0.0
0.28200,0.91240,0.0
0.20700,0.91240,0.0
0.46800,0.91240,0.0
0.27000,0.91240,0.0
0.44100,0.91240,0.0
0.03600,0.91240,0.0
0.01500,0.91240,0.0
-0.37500,0.91240,0.0
-0.06300,0.91240,0.0
0.37800,0.91240,0.0
-0.48900,0.91240,0.0
0.27900,0.91240,0.0
-0.17400,0.91240,0.0
-0.16800,0.91240,0.0
0.41700,0.91240,0.0
0.38700,0.91240,0.0
-0.57000,0.91240,0.0
0.51900,0.91240,0.0
0.02700,0.91240,0.0
0.07500,0.91240,0.0
0.33900,0.91240,0.0
0.45900,0.91240,0.0
0.50700,0.91240,0.0
0.15900,0.91240,0.0
-0.33000,0.91240,0.0
-0.47700,0.91240,0.0
-0.10200,0.91240,0.0
0.11100,0.91240,0.0
-0.42000,0.91240,0.0
-0.09000,0.91240,0.0
-0.23400,0.91240,0.0
0.47100,0.91240,0.0
-0.45900,0.90945,0.0
-0.49200,0.90945,0.0
0.14100,0.90945,0.0
-0.51300,0.90945,0.0
-0.34200,0.90945,0.0
-0.53400,0.90945,0.0
-0.50700,0.90945,0.0
-0.30300,0.90945,0.0
-0.54300,0.90945,0.0
0.42600,0.90945,0.0
0.29100,0.90945,0.0
-0.47700,0.90945,0.0
0.35400,0.90945,0.0
0.46200,0.90945,0.0
-0.03000,0.90945,0.0
0.29700,0.90945,0.0
-0.37200,0.90945,0.0
-0.18600,0.90945,0.0
-0.06600,0.90945,0.0
-0.26700,0.90945,0.0
0.20100,0.90945,0.0
-0.59100,0.90945,0.0
-0.21900,0.90945,0.0
0.05400,0.90945,0.0
-0.57000,0.90945,0.0
-0.36300,0.90945,0.0
0.24300,0.90945,0.0
0.10800,0.90945,0.0
-0.53700,0.90945,0.0
-0.36900,0.90945,0.0
-0.19500,0.90945,0.0
0.35100,0.90945,0.0
-0.47400,0.90945,0.0
-0.35400,0.90945,0.0
-0.31500,0.90945,0.0
-0.33600,0.90945,0.0
-0.02100,0.90945,0.0
-0.20700,0.90945,0.0
-0.54000,0.90945,0.0
0.15900,0.90945,0.0
-0.03900,0.90945,0.0
0.17400,0.90945,0.0
0.30600,0.90945,0.0
0.33300,0.90945,0.0
0.07500,0.90945,0.0
-0.21300,0.90945,0.0
-0.48000,0.90945,0.0
0.50700,0.90945,0.0
0.00000,0.90650,0.0
-0.35700,0.90650,0.0
-0.05700,0.90650,0.0
0.43500,0.90650,0.0
-0.55500,0.90650,0.0
0.33300,0.90650,0.0
-0.55200,0.90650,0.0
0.09600,0.90650,0.0
-0.12600,0.90650,0.0
-0.37800,0.90650,0.0
-0.30600,0.90650,0.0
0.42000,0.90650,0.0
0.42600,0.90650,0.0
0.03600,0.90650,0.0
-0.43800,0.90650,0.0
-0.44400,0.90650,0.0
0.31800,0.90650,0.0
0.39000,0.90650,0.0
-0.15300,0.90650,0.0
0.09000,0.90650,0.0
0.32700,0.90650,0.0
0.31500,0.90650,0.0
0.34800,0.90650,0.0
0.45900,0.90650,0.0
0.06900,0.90650,0.0
-0.57000,0.90650,0.0
-0.02400,0.90650,0.0
0.35100,0.90650,0.0
-0.51900,0.90650,0.0
-0.34200,0.90650,0.0
-0.26100,0.90650,0.0
-0.48000,0.90650,0.0
0.22800,0.90650,0.0
-0.13800,0.90650,0.0
-0.56700,0.90650,0.0
0.14100,0.90650,0.0
0.36600,0.90650,0.0
-0.56100,0.90650,0.0
0.04800,0.90650,0.0
-0.08100,0.90650,0.0
-0.13500,0.90650,0.0
-0.12900,0.90650,0.0
0.40800,0.90650,0.0
0.16500,0.90650,0.0
-0.26400,0.90650,0.0
0.32400,0.90650,0.0
0.15000,0.90650,0.0
0.52800,0.90650,0.0
0.36000,0.90650,0.0
0.33000,0.90650,0.0
-0.50400,0.90650,0.0
0.21900,0.90650,0.0
-0.35100,0.90650,0.0
-0.35400,0.90650,0.0
0.02700,0.90650,0.0
0.30900,0.90650,0.0
0.50400,0.90650,0.0
-0.28500,0.90650,0.0
-0.04500,0.90650,0.0
-0.23100,0.90650,0.0
-0.00900,0.90650,0.0
-0.00300,0.90650,0.0
0.51000,0.90650,0.0
0.29100,0.90650,0.0
-0.04800,0.90650,0.0
0.43200,0.90650,0.0
-0.58200,0.90650,0.0
-0.37500,0.90650,0.0
-0.58800,0.90650,0.0
-0.29100,0.90650,0.0
-0.27900,0.90650,0.0
-0.03000,0.90650,0.0
-0.51300,0.90650,0.0
0.46200,0.90650,0.0
0.06300,0.90355,0.0
-0.32700,0.90355,0.0
-0.39000,0.90355,0.0
0.36000,0.90355,0.0
0.46800,0.90355,0.0
0.11700,0.90355,0.0
-0.48600,0.90355,0.0
0.47700,0.90355,0.0
-0.16200,0.90355,0.0
0.51000,0.90355,0.0
0.28500,0.90355,0.0
0.14400,0.90355,0.0
0.38400,0.90355,0.0
0.12300,0.90355,0.0
-0.11700,0.90355,0.0
0.51600,0.90355,0.0
-0.39600,0.90355,0.0
-0.51900,0.90355,0.0
0.31200,0.90355,0.0
0.42900,0.90355,0.0
-0.43500,0.90355,0.0
0.49500,0.90355,0.0
-0.48900,0.90355,0.0
-0.55800,0.90355,0.0
-0.46500,0.90355,0.0
-0.54000,0.90355,0.0
0.34800,0.90355,0.0
0.07800,0.90355,0.0
-0.13200,0.90355,0.0
0.24300,0.90355,0.0
0.16800,0.90355,0.0
-0.29100,0.90355,0.0
0.03900,0.90355,0.0
0.34200,0.90355,0.0
0.26700,0.90355,0.0
-0.41700,0.90355,0.0
-0.35400,0.90355,0.0
-0.22800,0.90355,0.0
-0.45300,0.90355,0.0
-0.46200,0.90355,0.0
-0.47700,0.90355,0.0
0.09900,0.90355,0.0
-0.13800,0.90355,0.0
0.21600,0.90355,0.0
0.17400,0.90355,0.0
0.03600,0.90355,0.0
0.41100,0.90355,0.0
0.32400,0.90355,0.0
0.18000,0.90355,0.0
0.39900,0.90355,0.0
0.30900,0.90355,0.0
0.20100,0.90355,0.0
0.10500,0.90355,0.0
-0.35700,0.90355,0.0
0.29400,0.90355,0.0
0.02700,0.90355,0.0
0.36900,0.90355,0.0
0.03300,0.90355,0.0
0.50100,0.90355,0.0
-0.32400,0.90355,0.0
-0.54600,0.90355,0.0
0.05100,0.90061,0.0
0.48300,0.90061,0.0
0.43500,0.90061,0.0
-0.26100,0.90061,0.0
-0.55200,0.90061,0.0
0.17400,0.90061,0.0
-0.17100,0.90061,0.0
0.30900,0.90061,0.0
-0.16200,0.90061,0.0
-0.13800,0.90061,0.0
0.45900,0.90061,0.0
-0.45000,0.90061,0.0
0.33600,0.90061,0.0
0.33900,0.90061,0.0
-0.01500,0.90061,0.0
0.43200,0.90061,0.0
-0.52200,0.90061,0.0
-0.24600,0.90061,0.0
-0.57000,0.90061,0.0
-0.31500,0.90061,0.0
0.42600,0.90061,0.0
-0.11100,0.90061,0.0
-0.16800,0.90061,0.0
-0.41700,0.90061,0.0
0.39300,0.90061,0.0
-0.02700,0.90061,0.0
0.27000,0.90061,0.0
0.45300,0.90061,0.0
0.37800,0.90061,0.0
0.34200,0.90061,0.0
-0.51900,0.90061,0.0
0.51600,0.90061,0.0
0.05400,0.90061,0.0
0.42000,0.90061,0.0
0.53700,0.90061,0.0
-0.24300,0.90061,0.0
-0.36600,0.90061,0.0
-0.27600,0.90061,0.0
-0.53100,0.90061,0.0
0.31200,0.90061,0.0
-0.30000,0.90061,0.0
0.32400,0.90061,0.0
-0.42000,0.90061,0.0
0.05700,0.90061,0.0
-0.39000,0.90061,0.0
0.45600,0.90061,0.0
0.29100,0.90061,0.0
-0.54600,0.90061,0.0
0.40500,0.90061,0.0
0.14100,0.89766,0.0
-0.57300,0.89766,0.0
0.10500,0.89766,0.0
-0.08700,0.89766,0.0
0.43500,0.89766,0.0
-0.09600,0.89766,0.0
0.45000,0.89766,0.0
-0.16800,0.89766,0.0
-0.30900,0.89766,0.0
-0.05400,0.89766,0.0
0.47400,0.89766,0.0
0.02700,0.89766,0.0
0.17700,0.89766,0.0
0.00900,0.89766,0.0
-0.38400,0.89766,0.0
-0.32100,0.89766,0.0
-0.33300,0.89766,0.0
-0.34200,0.89766,0.0
-0.26700,0.89766,0.0
-0.32400,0.89766,0.0
0.09300,0.89766,0.0
-0.23700,0.89766,0.0
-0.08400,0.89766,0.0
0.39600,0.89766,0.0
-0.45600,0.89766,0.0
0.49500,0.89766,0.0
0.48000,0.89766,0.0
-0.04200,0.89766,0.0
0.08100,0.89766,0.0
-0.24000,0.89766,0.0
-0.59700,0.89766,0.0
0.16500,0.89766,0.0
-0.18600,0.89766,0.0
0.21300,0.89766,0.0
-0.53400,0.89766,0.0
-0.56700,0.89766,0.0
-0.28800,0.89766,0.0
0.22200,0.89766,0.0
-0.31200,0.89766,0.0
0.21900,0.89766,0.0
0.33600,0.89766,0.0
0.40500,0.89766,0.0
0.52800,0.89766,0.0
0.53100,0.89766,0.0
-0.07800,0.89766,0.0
0.35400,0.89766,0.0
-0.18300,0.89766,0.0
0.33900,0.89766,0.0
0.46500,0.89766,0.0
0.28800,0.89766,0.0
0.30600,0.89766,0.0
-0.09300,0.89766,0.0
0.10200,0.89766,0.0
-0.13200,0.89766,0.0
0.39300,0.89766,0.0
0.18600,0.89766,0.0
0.22800,0.89471,0.0
-0.21300,0.89471,0.0
0.27300,0.89471,0.0
0.32700,0.89471,0.0
0.11700,0.89471,0.0
0.19800,0.89471,0.0
-0.20100,0.89471,0.0
-0.14100,0.89471,0.0
-0.09600,0.89471,0.0
-0.24300,0.89471,0.0
-0.54900,0.89471,0.0
0.17400,0.89471,0.0
0.00300,0.89471,0.0
-0.52500,0.89471,0.0
0.30600,0.89471,0.0
-0.51300,0.89471,0.0
-0.29700,0.89471,0.0
-0.08100,0.89471,0.0
-0.16800,0.89471,0.0
-0.21900,0.89471,0.0
-0.16500,0.89471,0.0
0.44700,0.89471,0.0
-0.12300,0.89471,0.0
0.10800,0.89471,0.0
-0.16200,0.89471,0.0
-0.56400,0.89471,0.0
0.32400,0.89471,0.0
-0.51000,0.89471,0.0
-0.34200,0.89471,0.0
-0.30300,0.89471,0.0
0.02100,0.89471,0.0
0.53400,0.89471,0.0
0.06600,0.89471,0.0
-0.28500,0.89471,0.0
0.08700,0.89471,0.0
0.11400,0.89471,0.0
0.13800,0.89471,0.0
-0.09000,0.89471,0.0
0.40800,0.89471,0.0
0.17100,0.89471,0.0
-0.02400,0.89471,0.0
-0.32100,0.89471,0.0
-0.21600,0.89471,0.0
-0.42900,0.89471,0.0
0.22200,0.89471,0.0
-0.57900,0.89471,0.0
-0.04500,0.89471,0.0
-0.42300,0.89471,0.0
0.34200,0.89471,0.0
0.16800,0.89471,0.0
-0.00900,0.89471,0.0
-0.31500,0.89471,0.0
-0.23700,0.89471,0.0
-0.03900,0.89471,0.0
0.27900,0.89471,0.0
0.11100,0.89471,0.0
-0.39600,0.89471,0.0
0.49800,0.89471,0.0
-0.59400,0.89471,0.0
-0.05100,0.89471,0.0
-0.28800,0.89176,0.0
0.03000,0.89176,0.0
0.09000,0.89176,0.0
0.14400,0.89176,0.0
-0.50100,0.89176,0.0
-0.51600,0.89176,0.0
-0.38700,0.89176,0.0
-0.25500,0.89176,0.0
-0.46800,0.89176,0.0
-0.27300,0.89176,0.0
-0.11100,0.89176,0.0
-0.04500,0.89176,0.0
-0.49200,0.89176,0.0
0.14100,0.89176,0.0
0.54600,0.89176,0.0
0.35100,0.89176,0.0
-0.22200,0.89176,0.0
0.03300,0.89176,0.0
0.33900,0.89176,0.0
-0.23100,0.89176,0.0
0.15300,0.89176,0.0
0.01800,0.89176,0.0
-0.31200,0.89176,0.0
0.38400,0.89176,0.0
0.09300,0.89176,0.0
0.06600,0.89176,0.0
0.32100,0.89176,0.0
-0.19500,0.89176,0.0
-0.53700,0.89176,0.0
-0.26700,0.89176,0.0
-0.26400,0.89176,0.0
-0.56100,0.89176,0.0
-0.56400,0.89176,0.0
-0.59700,0.89176,0.0
0.39600,0.89176,0.0
0.41100,0.89176,0.0
0.11400,0.89176,0.0
0.08400,0.89176,0.0
0.03600,0.89176,0.0
-0.55800,0.89176,0.0
-0.58500,0.89176,0.0
-0.06900,0.89176,0.0
-0.01800,0.89176,0.0
-0.24000,0.89176,0.0
0.01500,0.89176,0.0
-0.26100,0.89176,0.0
-0.29700,0.89176,0.0
0.37800,0.89176,0.0
-0.40800,0.89176,0.0
-0.15900,0.89176,0.0
-0.09300,0.89176,0.0
0.52200,0.89176,0.0
0.55200,0.89176,0.0
-0.30000,0.88882,0.0
-0.49200,0.88882,0.0
0.09900,0.88882,0.0
-0.25800,0.88882,0.0
0.34800,0.88882,0.0
0.08400,0.88882,0.0
-0.39900,0.88882,0.0
0.50100,0.88882,0.0
-0.27900,0.88882,0.0
0.51000,0.88882,0.0
0.11700,0.88882,0.0
0.36000,0.88882,0.0
-0.55200,0.88882,0.0
-0.24600,0.88882,0.0
0.51300,0.88882,0.0
-0.57300,0.88882,0.0
0.55200,0.88882,0.0
0.04200,0.88882,0.0
-0.33900,0.88882,0.0
-0.47700,0.88882,0.0
0.40500,0.88882,0.0
-0.50400,0.88882,0.0
-0.30300,0.88882,0.0
0.31200,0.88882,0.0
0.50700,0.88882,0.0
0.42600,0.88882,0.0
0.35700,0.88882,0.0
-0.04800,0.88882,0.0
0.21000,0.88882,0.0
0.51600,0.88882,0.0
0.17400,0.88882,0.0
-0.12300,0.88882,0.0
0.05100,0.88882,0.0
-0.52800,0.88882,0.0
0.21300,0.88882,0.0
-0.49800,0.88882,0.0
0.20400,0.88882,0.0
0.49500,0.88882,0.0
-0.18600,0.88882,0.0
-0.31800,0.88882,0.0
-0.56100,0.88882,0.0
0.36900,0.88882,0.0
-0.38100,0.88882,0.0
-0.06300,0.88882,0.0
0.30600,0.88882,0.0
0.02100,0.88882,0.0
0.02700,0.88882,0.0
-0.33000,0.88882,0.0
0.53400,0.88882,0.0
-0.28500,0.88882,0.0
0.15600,0.88882,0.0
0.48900,0.88882,0.0
-0.03600,0.88882,0.0
-0.46500,0.88882,0.0
-0.31500,0.88882,0.0
0.14400,0.88882,0.0
0.08700,0.88882,0.0
-0.59100,0.88882,0.0
0.12000,0.88882,0.0
0.40200,0.88882,0.0
0.03900,0.88882,0.0
-0.07800,0.88882,0.0
0.48600,0.88882,0.0
0.34200,0.88882,0.0
-0.46200,0.88882,0.0
-0.51600,0.88882,0.0
0.39300,0.88882,0.0
0.12600,0.88882,0.0
0.52800,0.88882,0.0
-0.00600,0.88882,0.0
0.09300,0.88882,0.0
0.54900,0.88882,0.0
-0.00300,0.88882,0.0
0.11100,0.88882,0.0
0.15300,0.88587,0.0
-0.55800,0.88587,0.0
0.03300,0.88587,0.0
0.21000,0.88587,0.0
0.41700,0.88587,0.0
0.37200,0.88587,0.0
0.06300,0.88587,0.0
-0.27000,0.88587,0.0
0.48000,0.88587,0.0
-0.35700,0.88587,0.0
-0.01200,0.88587,0.0
0.10800,0.88587,0.0
-0.56400,0.88587,0.0
-0.32100,0.88587,0.0
0.19200,0.88587,0.0
0.53700,0.88587,0.0
0.09900,0.88587,0.0
0.49200,0.88587,0.0
-0.50700,0.88587,0.0
0.30600,0.88587,0.0
0.05400,0.88587,0.0
0.02400,0.88587,0.0
0.46500,0.88587,0.0
-0.49500,0.88587,0.0
0.32400,0.88587,0.0
0.31800,0.88587,0.0
0.15600,0.88587,0.0
-0.51900,0.88587,0.0
-0.55200,0.88587,0.0
-0.53100,0.88587,0.0
0.00000,0.88587,0.0
-0.00900,0.88587,0.0
0.30900,0.88587,0.0
-0.45000,0.88587,0.0
0.47700,0.88587,0.0
-0.35100,0.88587,0.0
0.10500,0.88587,0.0
-0.51300,0.88587,0.0
0.33900,0.88587,0.0
0.18000,0.88587,0.0
0.05100,0.88587,0.0
0.04200,0.88587,0.0
-0.21000,0.88587,0.0
0.02700,0.88587,0.0
-0.18600,0.88587,0.0
0.33600,0.88587,0.0
0.22200,0.88587,0.0
-0.52500,0.88587,0.0
0.53400,0.88587,0.0
-0.22800,0.88587,0.0
-0.00300,0.88587,0.0
0.05700,0.88587,0.0
0.13200,0.88587,0.0
0.38700,0.88587,0.0
-0.30300,0.88587,0.0
0.03600,0.88587,0.0
-0.41400,0.88587,0.0
0.23400,0.88587,0.0
0.31500,0.88587,0.0
0.08700,0.88587,0.0
0.32400,0.88292,0.0
-0.59700,0.88292,0.0
-0.29100,0.88292,0.0
0.33900,0.88292,0.0
-0.06900,0.88292,0.0
0.03900,0.88292,0.0
-0.27000,0.88292,0.0
0.17700,0.88292,0.0
-0.52500,0.88292,0.0
-0.29400,0.88292,0.0
0.19500,0.88292,0.0
0.47100,0.88292,0.0
0.15900,0.88292,0.0
-0.36900,0.88292,0.0
0.37200,0.88292,0.0
-0.32400,0.88292,0.0
-0.55500,0.88292,0.0
0.54600,0.88292,0.0
0.13800,0.88292,0.0
-0.32700,0.88292,0.0
-0.50100,0.88292,0.0
-0.19800,0.88292,0.0
-0.09300,0.88292,0.0
-0.27300,0.88292,0.0
0.55200,0.88292,0.0
-0.15000,0.88292,0.0
0.51600,0.88292,0.0
-0.37500,0.88292,0.0
-0.12000,0.88292,0.0
0.35400,0.88292,0.0
-0.47700,0.88292,0.0
0.47400,0.88292,0.0
-0.56400,0.88292,0.0
-0.23700,0.88292,0.0
0.02700,0.88292,0.0
0.31200,0.88292,0.0
-0.26700,0.88292,0.0
-0.01800,0.88292,0.0
-0.12300,0.88292,0.0
-0.59400,0.88292,0.0
0.16800,0.88292,0.0
0.42000,0.88292,0.0
-0.60300,0.88292,0.0
0.54900,0.88292,0.0
-0.46800,0.88292,0.0
0.39300,0.88292,0.0
0.52200,0.88292,0.0
0.40800,0.88292,0.0
-0.39900,0.88292,0.0
0.10800,0.88292,0.0
0.18300,0.88292,0.0
-0.28200,0.88292,0.0
-0.26400,0.88292,0.0
0.26700,0.88292,0.0
-0.30000,0.87997,0.0
-0.32700,0.87997,0.0
0.33900,0.87997,0.0
0.14400,0.87997,0.0
0.49800,0.87997,0.0
0.42900,0.87997,0.0
-0.51000,0.87997,0.0
-0.44100,0.87997,0.0
-0.22500,0.87997,0.0
-0.43800,0.87997,0.0
-0.13800,0.87997,0.0
-0.49800,0.87997,0.0
-0.12300,0.87997,0.0
-0.36300,0.87997,0.0
0.24600,0.87997,0.0
-0.15300,0.87997,0.0
0.36600,0.87997,0.0
0.06000,0.87997,0.0
0.15900,0.87997,0.0
0.44400,0.87997,0.0
-0.15600,0.87997,0.0
-0.34800,0.87997,0.0
0.52200,0.87997,0.0
-0.09300,0.87997,0.0
-0.17400,0.87997,0.0
0.12900,0.87997,0.0
-0.39600,0.87997,0.0
0.08400,0.87997,0.0
-0.09600,0.87997,0.0
0.35400,0.87997,0.0
0.11400,0.87997,0.0
0.24300,0.87997,0.0
0.09300,0.87997,0.0
0.18600,0.87997,0.0
-0.52200,0.87997,0.0
-0.16800,0.87997,0.0
-0.14100,0.87997,0.0
0.39600,0.87997,0.0
0.14100,0.87997,0.0
-0.22200,0.87997,0.0
-0.27300,0.87997,0.0
0.54900,0.87997,0.0
0.48300,0.87997,0.0
0.44100,0.87997,0.0
0.49200,0.87997,0.0
0.04200,0.87997,0.0
-0.09900,0.87997,0.0
0.40200,0.87997,0.0
0.19200,0.87997,0.0
0.54300,0.87997,0.0
0.48300,0.87702,0.0
-0.41700,0.87702,0.0
-0.03600,0.87702,0.0
-0.27900,0.87702,0.0
-0.57600,0.87702,0.0
-0.06300,0.87702,0.0
0.43500,0.87702,0.0
0.09000,0.87702,0.0
0.54600,0.87702,0.0
0.52200,0.87702,0.0
-0.25200,0.87702,0.0
-0.13500,0.87702,0.0
0.47700,0.87702,0.0
-0.26100,0.87702,0.0
0.39900,0.87702,0.0
0.32100,0.87702,0.0
0.45300,0.87702,0.0
-0.50400,0.87702,0.0
-0.29400,0.87702,0.0
-0.20700,0.87702,0.0
-0.18300,0.87702,0.0
0.12900,0.87702,0.0
0.43800,0.87702,0.0
-0.57300,0.87702,0.0
-0.54600,0.87702,0.0
-0.59700,0.87702,0.0
0.52800,0.87702,0.0
0.43200,0.87702,0.0
0.34800,0.87702,0.0
-0.52200,0.87702,0.0
0.27300,0.87702,0.0
0.42300,0.87702,0.0
-0.17700,0.87702,0.0
0.54000,0.87702,0.0
-0.19500,0.87702,0.0
-0.15300,0.87702,0.0
0.19200,0.87702,0.0
0.06000,0.87702,0.0
0.12600,0.87702,0.0
-0.32700,0.87702,0.0
-0.28200,0.87702,0.0
0.00300,0.87702,0.0
0.54300,0.87702,0.0
-0.19200,0.87702,0.0
-0.57900,0.87702,0.0
-0.36900,0.87702,0.0
-0.30300,0.87702,0.0
-0.60000,0.87702,0.0
-0.11100,0.87702,0.0
-0.41100,0.87702,0.0
0.10200,0.87702,0.0
-0.59100,0.87702,0.0
0.50100,0.87702,0.0
0.09900,0.87702,0.0
0.37200,0.87702,0.0
0.08400,0.87702,0.0
-0.12300,0.87702,0.0
-0.05400,0.87702,0.0
0.20100,0.87702,0.0
0.56400,0.87702,0.0
-0.56400,0.87408,0.0
-0.26700,0.87408,0.0
0.53400,0.87408,0.0
0.24900,0.87408,0.0
-0.58800,0.87408,0.0
-0.06900,0.87408,0.0
-0.58500,0.87408,0.0
-0.33000,0.87408,0.0
0.21300,0.87408,0.0
-0.22200,0.87408,0.0
0.01500,0.87408,0.0
-0.06600,0.87408,0.0
-0.60300,0.87408,0.0
-0.48000,0.87408,0.0
-0.25200,0.87408,0.0
0.42000,0.87408,0.0
-0.21300,0.87408,0.0
0.31500,0.87408,0.0
0.11400,0.87408,0.0
-0.03000,0.87408,0.0
-0.11100,0.87408,0.0
0.00300,0.87408,0.0
-0.12000,0.87408,0.0
0.17100,0.87408,0.0
-0.53400,0.87408,0.0
0.53700,0.87408,0.0
0.47700,0.87408,0.0
-0.29400,0.87408,0.0
-0.20100,0.87408,0.0
0.51000,0.87408,0.0
0.43800,0.87408,0.0
0.20100,0.87408,0.0
0.56400,0.87408,0.0
0.38100,0.87408,0.0
-0.08700,0.87408,0.0
0.08700,0.87408,0.0
0.15300,0.87408,0.0
-0.27600,0.87408,0.0
0.03300,0.87408,0.0
-0.01800,0.87408,0.0
0.39300,0.87408,0.0
-0.28500,0.87408,0.0
0.41700,0.87408,0.0
-0.57300,0.87408,0.0
0.23100,0.87408,0.0
-0.56100,0.87408,0.0
0.11100,0.87408,0.0
-0.00900,0.87408,0.0
0.44700,0.87408,0.0
-0.49800,0.87408,0.0
-0.51000,0.87408,0.0
-0.33900,0.87408,0.0
-0.35700,0.87408,0.0
-0.55200,0.87408,0.0
-0.42000,0.87408,0.0
0.44400,0.87408,0.0
0.43500,0.87408,0.0
0.12900,0.87408,0.0
-0.33600,0.87408,0.0
0.37800,0.87408,0.0
-0.24600,0.87408,0.0
-0.20400,0.87408,0.0
0.03900,0.87113,0.0
0.53100,0.87113,0.0
-0.60000,0.87113,0.0
0.29700,0.87113,0.0
-0.09300,0.87113,0.0
0.15000,0.87113,0.0
0.27900,0.87113,0.0
-0.35700,0.87113,0.0
0.10500,0.87113,0.0
-0.43200,0.87113,0.0
0.44100,0.87113,0.0
0.56100,0.87113,0.0
-0.11700,0.87113,0.0
-0.10500,0.87113,0.0
0.01500,0.87113,0.0
-0.33600,0.87113,0.0
-0.37800,0.87113,0.0
0.06000,0.87113,0.0
0.45000,0.87113,0.0
-0.51000,0.87113,0.0
-0.38100,0.87113,0.0
0.39000,0.87113,0.0
0.25500,0.87113,0.0
0.13800,0.87113,0.0
0.18300,0.87113,0.0
-0.18300,0.87113,0.0
-0.41700,0.87113,0.0
0.35700,0.87113,0.0
0.14400,0.87113,0.0
-0.07500,0.87113,0.0
-0.22500,0.87113,0.0
0.47700,0.87113,0.0
0.40800,0.87113,0.0
0.04800,0.87113,0.0
-0.47100,0.87113,0.0
-0.47400,0.87113,0.0
-0.13800,0.87113,0.0
0.35100,0.87113,0.0
0.43500,0.87113,0.0
0.15300,0.87113,0.0
-0.09000,0.87113,0.0
-0.02100,0.87113,0.0
-0.56400,0.87113,0.0
-0.37500,0.87113,0.0
-0.31200,0.87113,0.0
-0.52500,0.87113,0.0
-0.54600,0.87113,0.0
0.37200,0.87113,0.0
-0.25500,0.87113,0.0
-0.58800,0.87113,0.0
-0.61500,0.87113,0.0
-0.31500,0.87113,0.0
-0.43500,0.87113,0.0
-0.58500,0.87113,0.0
-0.27300,0.87113,0.0
-0.18000,0.87113,0.0
0.39600,0.87113,0.0
0.00000,0.87113,0.0
0.47100,0.87113,0.0
-0.06000,0.87113,0.0
0.09000,0.87113,0.0
-0.41100,0.87113,0.0
-0.36900,0.87113,0.0
0.31800,0.87113,0.0
0.03600,0.87113,0.0
0.42000,0.87113,0.0
0.04500,0.87113,0.0
0.12600,0.87113,0.0
0.23100,0.87113,0.0
-0.42300,0.87113,0.0
-0.34500,0.87113,0.0
0.55500,0.87113,0.0
-0.27900,0.87113,0.0
0.00000,0.86818,0.0
0.54900,0.86818,0.0
-0.28200,0.86818,0.0
0.56400,0.86818,0.0
-0.17100,0.86818,0.0
0.10500,0.86818,0.0
0.52500,0.86818,0.0
-0.37800,0.86818,0.0
-0.54600,0.86818,0.0
-0.16800,0.86818,0.0
0.18000,0.86818,0.0
-0.48300,0.86818,0.0
-0.26400,0.86818,0.0
0.06900,0.86818,0.0
-0.37500,0.86818,0.0
0.48000,0.86818,0.0
0.38100,0.86818,0.0
0.40800,0.86818,0.0
0.41700,0.86818,0.0
-0.48900,0.86818,0.0
0.46500,0.86818,0.0
-0.57600,0.86818,0.0
0.39600,0.86818,0.0
-0.05100,0.86818,0.0
-0.44400,0.86818,0.0
-0.35100,0.86818,0.0
0.38700,0.86818,0.0
-0.23100,0.86818,0.0
0.18600,0.86818,0.0
0.43500,0.86818,0.0
-0.08100,0.86818,0.0
0.03000,0.86818,0.0
0.44700,0.86818,0.0
-0.43500,0.86818,0.0
-0.60000,0.86818,0.0
-0.27900,0.86818,0.0
-0.11700,0.86818,0.0
0.21000,0.86818,0.0
-0.43200,0.86818,0.0
0.11400,0.86818,0.0
-0.10200,0.86818,0.0
-0.30900,0.86818,0.0
-0.13500,0.86818,0.0
0.51300,0.86818,0.0
0.03900,0.86818,0.0
-0.04800,0.86818,0.0
-0.45000,0.86818,0.0
-0.22200,0.86818,0.0
0.06600,0.86818,0.0
-0.15300,0.86818,0.0
-0.52200,0.86818,0.0
-0.58200,0.86818,0.0
0.00300,0.86818,0.0
-0.09600,0.86818,0.0
-0.32100,0.86818,0.0
-0.03900,0.86818,0.0
-0.25500,0.86818,0.0
-0.13200,0.86818,0.0
0.30300,0.86818,0.0
-0.29400,0.86818,0.0
0.21300,0.86523,0.0
-0.04800,0.86523,0.0
0.02700,0.86523,0.0
-0.13500,0.86523,0.0
-0.42900,0.86523,0.0
0.26400,0.86523,0.0
-0.05400,0.86523,0.0
0.39300,0.86523,0.0
-0.22800,0.86523,0.0
-0.17400,0.86523,0.0
0.06300,0.86523,0.0
-0.25200,0.86523,0.0
0.41700,0.86523,0.0
0.07200,0.86523,0.0
0.50400,0.86523,0.0
0.17400,0.86523,0.0
-0.35700,0.86523,0.0
-0.38100,0.86523,0.0
0.09900,0.86523,0.0
-0.30000,0.86523,0.0
-0.39300,0.86523,0.0
0.42600,0.86523,0.0
0.07500,0.86523,0.0
0.06900,0.86523,0.0
0.40200,0.86523,0.0
0.49200,0.86523,0.0
-0.03300,0.86523,0.0
-0.28800,0.86523,0.0
0.53700,0.86523,0.0
0.46800,0.86523,0.0
-0.46500,0.86523,0.0
0.22800,0.86523,0.0
0.42900,0.86523,0.0
0.37200,0.86523,0.0
0.11400,0.86523,0.0
0.04500,0.86523,0.0
0.42000,0.86523,0.0
0.43800,0.86523,0.0
0.17700,0.86523,0.0
-0.61500,0.86523,0.0
0.12000,0.86523,0.0
-0.57600,0.86523,0.0
-0.14100,0.86523,0.0
-0.24600,0.86523,0.0
0.12900,0.86523,0.0
-0.41400,0.86523,0.0
0.24600,0.86523,0.0
-0.33300,0.86523,0.0
0.47400,0.86523,0.0
-0.31200,0.86523,0.0
0.27000,0.86523,0.0
-0.54900,0.86523,0.0
-0.25500,0.86523,0.0
0.56100,0.86523,0.0
-0.17100,0.86523,0.0
0.34200,0.86523,0.0
0.27900,0.86523,0.0
0.39900,0.86523,0.0
0.36600,0.86523,0.0
-0.32700,0.86228,0.0
0.48600,0.86228,0.0
-0.24900,0.86228,0.0
0.49800,0.86228,0.0
0.02400,0.86228,0.0
-0.55200,0.86228,0.0
0.45300,0.86228,0.0
-0.53700,0.86228,0.0
0.07200,0.86228,0.0
-0.09600,0.86228,0.0
-0.58200,0.86228,0.0
-0.24600,0.86228,0.0
-0.09900,0.86228,0.0
0.53100,0.86228,0.0
0.57600,0.86228,0.0
0.45900,0.86228,0.0
-0.42900,0.86228,0.0
0.16800,0.86228,0.0
0.09300,0.86228,0.0
-0.58800,0.86228,0.0
0.35400,0.86228,0.0
-0.55800,0.86228,0.0
-0.27000,0.86228,0.0
0.05100,0.86228,0.0
0.23100,0.86228,0.0
-0.03900,0.86228,0.0
0.17700,0.86228,0.0
-0.19200,0.86228,0.0
0.02700,0.86228,0.0
-0.38700,0.86228,0.0
0.14100,0.86228,0.0
0.54300,0.86228,0.0
-0.27600,0.86228,0.0
0.52800,0.86228,0.0
-0.04200,0.86228,0.0
0.52200,0.86228,0.0
0.51000,0.86228,0.0
0.27900,0.86228,0.0
-0.52800,0.86228,0.0
-0.54900,0.86228,0.0
-0.48900,0.86228,0.0
0.41700,0.86228,0.0
-0.39000,0.86228,0.0
0.56400,0.86228,0.0
0.04800,0.86228,0.0
0.36000,0.86228,0.0
-0.36600,0.86228,0.0
0.31800,0.86228,0.0
0.43500,0.86228,0.0
0.06900,0.86228,0.0
0.20700,0.86228,0.0
0.28200,0.86228,0.0
0.27600,0.86228,0.0
-0.00900,0.86228,0.0
-0.02400,0.86228,0.0
-0.43500,0.86228,0.0
-0.28200,0.86228,0.0
-0.26400,0.86228,0.0
0.01500,0.86228,0.0
-0.08400,0.86228,0.0
-0.26100,0.86228,0.0
-0.29100,0.86228,0.0
-0.55500,0.86228,0.0
0.53100,0.85934,0.0
0.00600,0.85934,0.0
-0.39900,0.85934,0.0
-0.44100,0.85934,0.0
-0.36000,0.85934,0.0
0.21600,0.85934,0.0
0.02700,0.85934,0.0
-0.45300,0.85934,0.0
0.41700,0.85934,0.0
0.16800,0.85934,0.0
-0.46500,0.85934,0.0
-0.58200,0.85934,0.0
-0.02100,0.85934,0.0
0.28200,0.85934,0.0
-0.37200,0.85934,0.0
0.31800,0.85934,0.0
-0.52200,0.85934,0.0
-0.03300,0.85934,0.0
0.10200,0.85934,0.0
-0.30300,0.85934,0.0
-0.60900,0.85934,0.0
0.27300,0.85934,0.0
-0.24600,0.85934,0.0
0.46500,0.85934,0.0
-0.43800,0.85934,0.0
0.20700,0.85934,0.0
0.50100,0.85934,0.0
0.17100,0.85934,0.0
-0.11400,0.85934,0.0
-0.12900,0.85934,0.0
-0.25500,0.85934,0.0
-0.34800,0.85934,0.0
0.34500,0.85934,0.0
-0.59400,0.85934,0.0
-0.49200,0.85934,0.0
-0.06300,0.85934,0.0
-0.26100,0.85934,0.0
0.09600,0.85934,0.0
0.48000,0.85934,0.0
-0.04800,0.85934,0.0
0.23400,0.85934,0.0
0.27600,0.85934,0.0
-0.29400,0.85934,0.0
-0.05100,0.85934,0.0
-0.58500,0.85934,0.0
0.40500,0.85934,0.0
-0.30900,0.85934,0.0
-0.09900,0.85934,0.0
0.36900,0.85934,0.0
0.42300,0.85934,0.0
-0.47400,0.85934,0.0
-0.62700,0.85934,0.0
0.37500,0.85934,0.0
0.30900,0.85934,0.0
0.23700,0.85934,0.0
-0.43500,0.85934,0.0
0.25800,0.85934,0.0
0.51600,0.85934,0.0
-0.36600,0.85934,0.0
0.49200,0.85934,0.0
-0.11400,0.85639,0.0
0.25500,0.85639,0.0
0.11100,0.85639,0.0
-0.47100,0.85639,0.0
-0.13800,0.85639,0.0
0.48900,0.85639,0.0
-0.15000,0.85639,0.0
-0.20400,0.85639,0.0
-0.25800,0.85639,0.0
0.15900,0.85639,0.0
0.49800,0.85639,0.0
-0.57000,0.85639,0.0
0.07200,0.85639,0.0
-0.09300,0.85639,0.0
-0.39000,0.85639,0.0
0.56100,0.85639,0.0
0.39900,0.85639,0.0
-0.36600,0.85639,0.0
0.54300,0.85639,0.0
0.02100,0.85639,0.0
-0.33600,0.85639,0.0
0.31500,0.85639,0.0
-0.24600,0.85639,0.0
0.05400,0.85639,0.0
0.05700,0.85639,0.0
-0.61800,0.85639,0.0
0.36900,0.85639,0.0
0.07500,0.85639,0.0
0.02400,0.85639,0.0
-0.42000,0.85639,0.0
0.00900,0.85639,0.0
-0.43200,0.85639,0.0
-0.17100,0.85639,0.0
-0.33900,0.85639,0.0
0.29700,0.85639,0.0
0.12000,0.85639,0.0
-0.56400,0.85639,0.0
-0.46200,0.85639,0.0
-0.38400,0.85639,0.0
0.41400,0.85639,0.0
-0.05700,0.85639,0.0
0.41100,0.85639,0.0
-0.44400,0.85639,0.0
0.20100,0.85639,0.0
-0.43800,0.85639,0.0
0.53400,0.85639,0.0
0.09000,0.85639,0.0
-0.62100,0.85639,0.0
0.38100,0.85639,0.0
-0.17400,0.85639,0.0
-0.08100,0.85639,0.0
-0.28200,0.85639,0.0
0.48300,0.85639,0.0
-0.58500,0.85639,0.0
0.36600,0.85639,0.0
-0.15900,0.85639,0.0
-0.29400,0.85639,0.0
0.27600,0.85639,0.0
-0.62700,0.85639,0.0
0.21300,0.85639,0.0
-0.40800,0.85639,0.0
0.55200,0.85639,0.0
-0.39300,0.85639,0.0
0.53100,0.85639,0.0
0.35100,0.85639,0.0
-0.06900,0.85639,0.0
0.10500,0.85639,0.0
-0.12600,0.85639,0.0
0.01500,0.85639,0.0
0.15300,0.85639,0.0
0.27900,0.85639,0.0
-0.27900,0.85344,0.0
-0.54900,0.85344,0.0
-0.21300,0.85344,0.0
-0.37500,0.85344,0.0
0.08700,0.85344,0.0
-0.15300,0.85344,0.0
0.03900,0.85344,0.0
0.55500,0.85344,0.0
0.57900,0.85344,0.0
0.52500,0.85344,0.0
-0.46800,0.85344,0.0
0.47400,0.85344,0.0
0.11700,0.85344,0.0
0.46800,0.85344,0.0
0.26700,0.85344,0.0
-0.40800,0.85344,0.0
0.42000,0.85344,0.0
0.59100,0.85344,0.0
0.31500,0.85344,0.0
0.49200,0.85344,0.0
-0.07800,0.85344,0.0
-0.60900,0.85344,0.0
0.08400,0.85344,0.0
-0.46200,0.85344,0.0
-0.13200,0.85344,0.0
-0.59700,0.85344,0.0
-0.44400,0.85344,0.0
-0.33600,0.85344,0.0
-0.35100,0.85344,0.0
-0.43500,0.85344,0.0
0.51000,0.85344,0.0
-0.25500,0.85344,0.0
0.06600,0.85344,0.0
0.12300,0.85344,0.0
-0.06000,0.85344,0.0
-0.00900,0.85344,0.0
0.09300,0.85344,0.0
0.36000,0.85344,0.0
-0.11100,0.85344,0.0
0.51600,0.85344,0.0
-0.14700,0.85344,0.0
0.24000,0.85344,0.0
-0.28200,0.85344,0.0
-0.50400,0.85344,0.0
0.12900,0.85344,0.0
0.28800,0.85344,0.0
0.26100,0.85344,0.0
-0.03900,0.85344,0.0
0.27300,0.85344,0.0
0.48900,0.85344,0.0
-0.19500,0.85344,0.0
-0.33300,0.85344,0.0
-0.25200,0.85344,0.0
0.02100,0.85344,0.0
-0.32100,0.85344,0.0
-0.27000,0.85344,0.0
-0.06300,0.85344,0.0
0.18000,0.85344,0.0
-0.02700,0.85344,0.0
0.21600,0.85344,0.0
0.23700,0.85344,0.0
-0.52800,0.85344,0.0
0.34200,0.85344,0.0
-0.24600,0.85344,0.0
-0.45000,0.85344,0.0
-0.17700,0.85344,0.0
0.57600,0.85344,0.0
0.21900,0.85344,0.0
-0.49800,0.85344,0.0
-0.53700,0.85344,0.0
0.55500,0.85049,0.0
0.47400,0.85049,0.0
0.41700,0.85049,0.0
0.24600,0.85049,0.0
-0.51000,0.85049,0.0
-0.60000,0.85049,0.0
0.22800,0.85049,0.0
0.55200,0.85049,0.0
-0.38100,0.85049,0.0
0.24300,0.85049,0.0
-0.17100,0.85049,0.0
-0.61500,0.85049,0.0
-0.38400,0.85049,0.0
-0.33000,0.85049,0.0
-0.50400,0.85049,0.0
0.10200,0.85049,0.0
0.00600,0.85049,0.0
-0.59100,0.85049,0.0
-0.30600,0.85049,0.0
-0.01200,0.85049,0.0
-0.10200,0.85049,0.0
-0.08400,0.85049,0.0
-0.46800,0.85049,0.0
-0.54900,0.85049,0.0
0.20100,0.85049,0.0
-0.49200,0.85049,0.0
-0.43200,0.85049,0.0
-0.00600,0.85049,0.0
0.16800,0.85049,0.0
0.15300,0.85049,0.0
-0.39000,0.85049,0.0
-0.61200,0.85049,0.0
0.03300,0.85049,0.0
0.04800,0.85049,0.0
0.52200,0.85049,0.0
-0.54000,0.85049,0.0
0.57900,0.85049,0.0
0.39000,0.85049,0.0
-0.20400,0.85049,0.0
0.49800,0.85049,0.0
-0.45000,0.85049,0.0
0.54300,0.85049,0.0
0.21300,0.85049,0.0
0.47100,0.85049,0.0
-0.01800,0.85049,0.0
0.18600,0.85049,0.0
0.03000,0.85049,0.0
0.50700,0.85049,0.0
-0.58200,0.85049,0.0
-0.43500,0.85049,0.0
0.23400,0.85049,0.0
0.28800,0.85049,0.0
0.13500,0.85049,0.0
-0.35100,0.85049,0.0
0.27300,0.85049,0.0
0.48900,0.85049,0.0
-0.57600,0.85049,0.0
-0.60300,0.85049,0.0
0.23100,0.85049,0.0
0.50400,0.85049,0.0
-0.42300,0.85049,0.0
-0.52800,0.85049,0.0
0.35700,0.85049,0.0
-0.61800,0.85049,0.0
-0.32700,0.85049,0.0
-0.18600,0.85049,0.0
0.29400,0.85049,0.0
0.39300,0.85049,0.0
-0.52500,0.85049,0.0
-0.50700,0.85049,0.0
0.12600,0.85049,0.0
-0.44400,0.85049,0.0
-0.15000,0.85049,0.0
0.00900,0.85049,0.0
0.55800,0.85049,0.0
0.36300,0.85049,0.0
-0.57300,0.85049,0.0
0.06600,0.85049,0.0
0.21900,0.85049,0.0
-0.16800,0.85049,0.0
0.04500,0.85049,0.0
0.14400,0.85049,0.0
0.30300,0.85049,0.0
0.01800,0.85049,0.0
-0.40500,0.85049,0.0
-0.20100,0.84754,0.0
0.24900,0.84754,0.0
-0.51300,0.84754,0.0
0.31500,0.84754,0.0
-0.22200,0.84754,0.0
0.34200,0.84754,0.0
0.33300,0.84754,0.0
0.20400,0.84754,0.0
0.07800,0.84754,0.0
0.42000,0.84754,0.0
-0.29700,0.84754,0.0
-0.27900,0.84754,0.0
-0.40800,0.84754,0.0
0.41100,0.84754,0.0
-0.60300,0.84754,0.0
-0.31800,0.84754,0.0
0.46200,0.84754,0.0
-0.14400,0.84754,0.0
0.37200,0.84754,0.0
-0.36000,0.84754,0.0
0.57000,0.84754,0.0
0.50100,0.84754,0.0
-0.59700,0.84754,0.0
0.24600,0.84754,0.0
0.23400,0.84754,0.0
-0.61800,0.84754,0.0
-0.49800,0.84754,0.0
0.01500,0.84754,0.0
0.16200,0.84754,0.0
0.17400,0.84754,0.0
0.03900,0.84754,0.0
-0.63000,0.84754,0.0
0.55500,0.84754,0.0
0.57900,0.84754,0.0
-0.01800,0.84754,0.0
0.19800,0.84754,0.0
0.04500,0.84754,0.0
-0.20400,0.84754,0.0
-0.47100,0.84754,0.0
-0.39600,0.84754,0.0
-0.33300,0.84754,0.0
-0.58500,0.84754,0.0
0.39600,0.84754,0.0
-0.03300,0.84754,0.0
-0.53700,0.84754,0.0
0.08100,0.84754,0.0
-0.59100,0.84754,0.0
0.19500,0.84754,0.0
-0.33000,0.84754,0.0
-0.41700,0.84754,0.0
-0.50700,0.84754,0.0
0.29400,0.84754,0.0
-0.57000,0.84754,0.0
0.57600,0.84460,0.0
0.43200,0.84460,0.0
-0.35700,0.84460,0.0
0.20700,0.84460,0.0
-0.05400,0.84460,0.0
0.12900,0.84460,0.0
-0.34200,0.84460,0.0
-0.06000,0.84460,0.0
-0.21600,0.84460,0.0
0.53100,0.84460,0.0
-0.01500,0.84460,0.0
-0.07200,0.84460,0.0
-0.24900,0.84460,0.0
-0.29700,0.84460,0.0
0.21300,0.84460,0.0
-0.54300,0.84460,0.0
-0.58800,0.84460,0.0
0.49200,0.84460,0.0
-0.12900,0.84460,0.0
0.27900,0.84460,0.0
0.14700,0.84460,0.0
-0.55500,0.84460,0.0
-0.29400,0.84460,0.0
0.46500,0.84460,0.0
0.28800,0.84460,0.0
0.36600,0.84460,0.0
-0.52500,0.84460,0.0
-0.57600,0.84460,0.0
0.35700,0.84460,0.0
-0.39000,0.84460,0.0
0.30900,0.84460,0.0
-0.06900,0.84460,0.0
-0.58500,0.84460,0.0
-0.13500,0.84460,0.0
-0.50700,0.84460,0.0
0.25500,0.84460,0.0
0.55800,0.84460,0.0
-0.25800,0.84460,0.0
-0.44700,0.84460,0.0
-0.04800,0.84460,0.0
-0.02400,0.84460,0.0
0.18000,0.84460,0.0
-0.51600,0.84460,0.0
0.38100,0.84460,0.0
0.52500,0.84460,0.0
-0.23700,0.84460,0.0
-0.52800,0.84460,0.0
-0.16800,0.84460,0.0
0.54600,0.84460,0.0
-0.50100,0.84460,0.0
-0.34500,0.84460,0.0
-0.62100,0.84460,0.0
0.57000,0.84460,0.0
0.27600,0.84460,0.0
0.37800,0.84460,0.0
0.54300,0.84460,0.0
0.28500,0.84165,0.0
-0.22800,0.84165,0.0
0.02100,0.84165,0.0
0.14700,0.84165,0.0
0.11700,0.84165,0.0
-0.25500,0.84165,0.0
0.56400,0.84165,0.0
0.53400,0.84165,0.0
0.47400,0.84165,0.0
0.25800,0.84165,0.0
-0.19800,0.84165,0.0
-0.29100,0.84165,0.0
-0.35100,0.84165,0.0
0.00300,0.84165,0.0
-0.27600,0.84165,0.0
-0.43500,0.84165,0.0
-0.26100,0.84165,0.0
-0.23700,0.84165,0.0
0.09000,0.84165,0.0
-0.02700,0.84165,0.0
0.21000,0.84165,0.0
-0.59100,0.84165,0.0
-0.36300,0.84165,0.0
0.37500,0.84165,0.0
-0.57000,0.84165,0.0
-0.46800,0.84165,0.0
-0.51300,0.84165,0.0
-0.51900,0.84165,0.0
0.55200,0.84165,0.0
-0.06300,0.84165,0.0
0.40500,0.84165,0.0
-0.61800,0.84165,0.0
0.25500,0.84165,0.0
-0.17700,0.84165,0.0
0.32700,0.84165,0.0
-0.27300,0.84165,0.0
-0.21600,0.84165,0.0
-0.03300,0.84165,0.0
0.42900,0.84165,0.0
0.58500,0.84165,0.0
-0.50700,0.84165,0.0
-0.63000,0.84165,0.0
-0.34500,0.84165,0.0
-0.52500,0.84165,0.0
-0.47700,0.84165,0.0
-0.18300,0.84165,0.0
0.13200,0.84165,0.0
-0.28200,0.84165,0.0
-0.58500,0.84165,0.0
0.23400,0.84165,0.0
-0.36000,0.84165,0.0
-0.47400,0.84165,0.0
0.34800,0.84165,0.0
-0.39900,0.84165,0.0
0.54900,0.84165,0.0
-0.60900,0.84165,0.0
0.59700,0.84165,0.0
-0.20400,0.84165,0.0
-0.49800,0.84165,0.0
0.24000,0.84165,0.0
-0.61200,0.84165,0.0
0.18300,0.84165,0.0
0.21900,0.84165,0.0
0.08700,0.84165,0.0
-0.21300,0.84165,0.0
-0.08100,0.84165,0.0
-0.08700,0.84165,0.0
0.13500,0.84165,0.0
0.33900,0.84165,0.0
0.48000,0.83870,0.0
-0.03900,0.83870,0.0
-0.23400,0.83870,0.0
0.00300,0.83870,0.0
-0.09300,0.83870,0.0
0.07500,0.83870,0.0
0.53400,0.83870,0.0
-0.44700,0.83870,0.0
0.54900,0.83870,0.0
0.37500,0.83870,0.0
0.30300,0.83870,0.0
-0.12000,0.83870,0.0
-0.52200,0.83870,0.0
-0.00600,0.83870,0.0
-0.25200,0.83870,0.0
-0.36300,0.83870,0.0
0.07800,0.83870,0.0
-0.38400,0.83870,0.0
0.17400,0.83870,0.0
0.49500,0.83870,0.0
0.25200,0.83870,0.0
-0.14100,0.83870,0.0
0.20100,0.83870,0.0
0.29700,0.83870,0.0
0.32700,0.83870,0.0
-0.05100,0.83870,0.0
0.24000,0.83870,0.0
-0.24600,0.83870,0.0
0.21600,0.83870,0.0
-0.42600,0.83870,0.0
0.33000,0.83870,0.0
-0.39300,0.83870,0.0
0.03900,0.83870,0.0
-0.24300,0.83870,0.0
-0.13200,0.83870,0.0
0.27900,0.83870,0.0
0.06000,0.83870,0.0
-0.63600,0.83870,0.0
-0.51300,0.83870,0.0
-0.60300,0.83870,0.0
-0.21600,0.83870,0.0
-0.39600,0.83870,0.0
-0.15300,0.83870,0.0
-0.40200,0.83870,0.0
-0.34800,0.83870,0.0
-0.55800,0.83870,0.0
-0.63300,0.83870,0.0
-0.02700,0.83870,0.0
0.35400,0.83870,0.0
-0.50700,0.83870,0.0
-0.07500,0.83870,0.0
-0.13500,0.83870,0.0
-0.09600,0.83870,0.0
0.02700,0.83870,0.0
0.38100,0.83870,0.0
0.04800,0.83870,0.0
0.46200,0.83870,0.0
-0.60600,0.83870,0.0
-0.18300,0.83870,0.0
-0.37800,0.83870,0.0
0.34200,0.83870,0.0
0.21000,0.83870,0.0
-0.11400,0.83870,0.0
-0.20700,0.83575,0.0
-0.60900,0.83575,0.0
0.13200,0.83575,0.0
-0.48600,0.83575,0.0
-0.34800,0.83575,0.0
0.34500,0.83575,0.0
-0.07500,0.83575,0.0
0.16500,0.83575,0.0
0.34200,0.83575,0.0
-0.03900,0.83575,0.0
0.32100,0.83575,0.0
-0.42600,0.83575,0.0
0.01200,0.83575,0.0
0.19200,0.83575,0.0
0.57600,0.83575,0.0
-0.13500,0.83575,0.0
-0.19200,0.83575,0.0
-0.44100,0.83575,0.0
0.45900,0.83575,0.0
-0.12900,0.83575,0.0
-0.05100,0.83575,0.0
0.09300,0.83575,0.0
-0.28800,0.83575,0.0
-0.46500,0.83575,0.0
0.33000,0.83575,0.0
-0.53400,0.83575,0.0
-0.02700,0.83575,0.0
-0.24600,0.83575,0.0
0.43800,0.83575,0.0
-0.57300,0.83575,0.0
0.36900,0.83575,0.0
-0.03600,0.83575,0.0
-0.04500,0.83575,0.0
0.34800,0.83575,0.0
-0.45000,0.83575,0.0
-0.60600,0.83575,0.0
0.11400,0.83575,0.0
-0.36000,0.83575,0.0
-0.56400,0.83575,0.0
0.01800,0.83575,0.0
-0.07800,0.83575,0.0
0.39900,0.83575,0.0
-0.11700,0.83575,0.0
0.21900,0.83575,0.0
-0.45600,0.83575,0.0
-0.15300,0.83575,0.0
-0.57000,0.83575,0.0
0.35400,0.83575,0.0
-0.40500,0.83575,0.0
-0.24300,0.83575,0.0
0.12300,0.83575,0.0
0.19500,0.83575,0.0
-0.00300,0.83575,0.0
0.49200,0.83575,0.0
0.39000,0.83575,0.0
-0.48000,0.83575,0.0
-0.31500,0.83575,0.0
-0.36900,0.83575,0.0
-0.19800,0.83575,0.0
0.02400,0.83575,0.0
0.31500,0.83575,0.0
0.05400,0.83575,0.0
-0.08400,0.83575,0.0
-0.63600,0.83575,0.0
-0.36300,0.83575,0.0
-0.59700,0.83575,0.0
-0.50100,0.83575,0.0
-0.28200,0.83575,0.0
0.48300,0.83575,0.0
-0.57600,0.83575,0.0
-0.48600,0.83280,0.0
-0.52800,0.83280,0.0
0.10500,0.83280,0.0
-0.50100,0.83280,0.0
-0.60300,0.83280,0.0
-0.41100,0.83280,0.0
0.48600,0.83280,0.0
0.46800,0.83280,0.0
0.43500,0.83280,0.0
-0.05700,0.83280,0.0
0.38100,0.83280,0.0
0.46200,0.83280,0.0
0.42600,0.83280,0.0
0.48300,0.83280,0.0
-0.24900,0.83280,0.0
-0.15900,0.83280,0.0
-0.12000,0.83280,0.0
0.26100,0.83280,0.0
0.13500,0.83280,0.0
0.31200,0.83280,0.0
0.22200,0.83280,0.0
0.24900,0.83280,0.0
-0.63900,0.83280,0.0
0.58800,0.83280,0.0
-0.20400,0.83280,0.0
0.09600,0.83280,0.0
0.31800,0.83280,0.0
0.56400,0.83280,0.0
-0.15300,0.83280,0.0
-0.09000,0.83280,0.0
0.17100,0.83280,0.0
0.04500,0.83280,0.0
-0.39900,0.83280,0.0
0.60000,0.83280,0.0
-0.23400,0.83280,0.0
-0.21000,0.83280,0.0
0.04200,0.83280,0.0
0.57300,0.83280,0.0
0.03000,0.83280,0.0
-0.18000,0.83280,0.0
-0.11400,0.83280,0.0
0.13800,0.83280,0.0
0.35700,0.83280,0.0
-0.15000,0.83280,0.0
0.08100,0.83280,0.0
0.53400,0.83280,0.0
0.30900,0.83280,0.0
-0.43800,0.83280,0.0
0.45600,0.83280,0.0
-0.52200,0.83280,0.0
-0.07500,0.83280,0.0
0.12600,0.83280,0.0
0.23400,0.83280,0.0
-0.50400,0.83280,0.0
-0.03900,0.83280,0.0
0.28500,0.83280,0.0
0.21000,0.83280,0.0
-0.55800,0.83280,0.0
-0.00900,0.83280,0.0
-0.54000,0.83280,0.0
0.34800,0.83280,0.0
-0.47400,0.83280,0.0
0.26400,0.83280,0.0
-0.48900,0.82986,0.0
0.54600,0.82986,0.0
-0.28200,0.82986,0.0
-0.46800,0.82986,0.0
-0.53400,0.82986,0.0
-0.40200,0.82986,0.0
0.35100,0.82986,0.0
0.54300,0.82986,0.0
-0.05400,0.82986,0.0
-0.02400,0.82986,0.0
-0.46200,0.82986,0.0
-0.03600,0.82986,0.0
0.15900,0.82986,0.0
-0.64200,0.82986,0.0
-0.17100,0.82986,0.0
0.41700,0.82986,0.0
0.26400,0.82986,0.0
-0.39300,0.82986,0.0
-0.57300,0.82986,0.0
0.44700,0.82986,0.0
0.17100,0.82986,0.0
-0.22500,0.82986,0.0
-0.07500,0.82986,0.0
0.01200,0.82986,0.0
-0.20700,0.82986,0.0
0.29400,0.82986,0.0
0.25800,0.82986,0.0
0.06900,0.82986,0.0
0.30900,0.82986,0.0
0.09300,0.82986,0.0
-0.03300,0.82986,0.0
0.27900,0.82986,0.0
-0.13200,0.82986,0.0
-0.53700,0.82986,0.0
0.40500,0.82986,0.0
-0.60300,0.82986,0.0
0.21900,0.82986,0.0
0.06300,0.82986,0.0
0.53100,0.82986,0.0
-0.18900,0.82986,0.0
-0.31500,0.82986,0.0
-0.61800,0.82986,0.0
0.51300,0.82986,0.0
-0.17400,0.82986,0.0
0.31800,0.82986,0.0
-0.09600,0.82986,0.0
-0.09900,0.82986,0.0
0.38700,0.82986,0.0
0.26100,0.82986,0.0
-0.15300,0.82986,0.0
0.51600,0.82986,0.0
-0.03000,0.82986,0.0
-0.32400,0.82986,0.0
-0.23400,0.82986,0.0
0.12600,0.82986,0.0
0.48000,0.82986,0.0
0.37500,0.82986,0.0
-0.28800,0.82986,0.0
-0.62400,0.82986,0.0
-0.05100,0.82986,0.0
-0.39600,0.82986,0.0
0.29700,0.82986,0.0
-0.19200,0.82691,0.0
0.48900,0.82691,0.0
0.55800,0.82691,0.0
-0.16800,0.82691,0.0
-0.18000,0.82691,0.0
0.01800,0.82691,0.0
0.27900,0.82691,0.0
-0.34500,0.82691,0.0
0.36900,0.82691,0.0
-0.47100,0.82691,0.0
0.46500,0.82691,0.0
-0.02700,0.82691,0.0
-0.01200,0.82691,0.0
0.57600,0.82691,0.0
0.39000,0.82691,0.0
-0.14400,0.82691,0.0
-0.60300,0.82691,0.0
0.20100,0.82691,0.0
-0.61200,0.82691,0.0
-0.30900,0.82691,0.0
0.11400,0.82691,0.0
0.26700,0.82691,0.0
-0.21300,0.82691,0.0
0.02400,0.82691,0.0
0.34800,0.82691,0.0
-0.57300,0.82691,0.0
0.16800,0.82691,0.0
0.30000,0.82691,0.0
-0.26400,0.82691,0.0
0.37500,0.82691,0.0
0.14700,0.82691,0.0
-0.31500,0.82691,0.0
-0.56100,0.82691,0.0
0.36600,0.82691,0.0
0.29400,0.82691,0.0
0.31200,0.82691,0.0
-0.32100,0.82691,0.0
-0.39300,0.82691,0.0
-0.42300,0.82691,0.0
0.03000,0.82691,0.0
-0.57600,0.82691,0.0
0.21300,0.82691,0.0
0.08700,0.82691,0.0
-0.28800,0.82691,0.0
-0.21000,0.82691,0.0
0.11100,0.82691,0.0
0.29700,0.82691,0.0
-0.09300,0.82691,0.0
0.44400,0.82691,0.0
-0.16200,0.82691,0.0
0.48300,0.82691,0.0
-0.41700,0.82691,0.0
0.19500,0.82691,0.0
0.23700,0.82691,0.0
0.09300,0.82691,0.0
0.21000,0.82691,0.0
-0.63000,0.82691,0.0
0.22200,0.82691,0.0
0.00900,0.82691,0.0
0.25500,0.82691,0.0
0.47100,0.82691,0.0
-0.35100,0.82691,0.0
-0.20100,0.82691,0.0
-0.11700,0.82691,0.0
-0.22200,0.82691,0.0
-0.63900,0.82691,0.0
-0.64500,0.82691,0.0
0.15900,0.82691,0.0
-0.24900,0.82691,0.0
-0.32400,0.82691,0.0
-0.00600,0.82691,0.0
0.35700,0.82691,0.0
0.30300,0.82691,0.0
-0.27900,0.82691,0.0
0.07800,0.82691,0.0
0.37200,0.82691,0.0
-0.31200,0.82691,0.0
0.10200,0.82396,0.0
-0.44400,0.82396,0.0
0.25200,0.82396,0.0
0.07200,0.82396,0.0
-0.52200,0.82396,0.0
-0.06900,0.82396,0.0
-0.46800,0.82396,0.0
0.39600,0.82396,0.0
0.48900,0.82396,0.0
0.55800,0.82396,0.0
-0.30000,0.82396,0.0
-0.47400,0.82396,0.0
-0.63300,0.82396,0.0
0.17400,0.82396,0.0
0.51900,0.82396,0.0
0.37200,0.82396,0.0
-0.07200,0.82396,0.0
0.50700,0.82396,0.0
0.31800,0.82396,0.0
-0.50700,0.82396,0.0
-0.15300,0.82396,0.0
-0.19200,0.82396,0.0
0.56400,0.82396,0.0
0.34200,0.82396,0.0
0.42600,0.82396,0.0
-0.28800,0.82396,0.0
0.16200,0.82396,0.0
-0.23700,0.82396,0.0
0.13800,0.82396,0.0
-0.64500,0.82396,0.0
-0.42000,0.82396,0.0
0.60000,0.82396,0.0
-0.36000,0.82396,0.0
0.32400,0.82396,0.0
-0.55200,0.82396,0.0
-0.09600,0.82396,0.0
0.28500,0.82396,0.0
-0.62100,0.82396,0.0
-0.02100,0.82396,0.0
0.23100,0.82396,0.0
0.12000,0.82396,0.0
0.41700,0.82396,0.0
0.00600,0.82396,0.0
-0.49200,0.82396,0.0
-0.48300,0.82396,0.0
-0.63000,0.82396,0.0
0.35700,0.82396,0.0
0.15300,0.82396,0.0
0.04800,0.82396,0.0
0.36600,0.82396,0.0
-0.05400,0.82396,0.0
0.42300,0.82396,0.0
0.47100,0.82396,0.0
0.03300,0.82396,0.0
-0.15000,0.82396,0.0
0.42900,0.82396,0.0
-0.36300,0.82396,0.0
0.40500,0.82396,0.0
-0.46200,0.82396,0.0
0.41100,0.82396,0.0
0.15600,0.82396,0.0
-0.14100,0.82396,0.0
-0.09300,0.82396,0.0
-0.61200,0.82396,0.0
-0.04500,0.82396,0.0
-0.16800,0.82396,0.0
0.33300,0.82396,0.0
0.17100,0.82396,0.0
-0.61800,0.82101,0.0
-0.03000,0.82101,0.0
0.15600,0.82101,0.0
-0.50700,0.82101,0.0
0.24000,0.82101,0.0
0.06000,0.82101,0.0
0.15000,0.82101,0.0
-0.09600,0.82101,0.0
0.17700,0.82101,0.0
0.34200,0.82101,0.0
0.02400,0.82101,0.0
-0.02100,0.82101,0.0
-0.13200,0.82101,0.0
0.31800,0.82101,0.0
-0.27000,0.82101,0.0
-0.53700,0.82101,0.0
-0.38100,0.82101,0.0
0.16500,0.82101,0.0
-0.38700,0.82101,0.0
0.46500,0.82101,0.0
-0.42900,0.82101,0.0
-0.49800,0.82101,0.0
0.59400,0.82101,0.0
0.57000,0.82101,0.0
0.47400,0.82101,0.0
0.05100,0.82101,0.0
0.06900,0.82101,0.0
0.39900,0.82101,0.0
-0.35700,0.82101,0.0
0.24600,0.82101,0.0
0.19200,0.82101,0.0
-0.30000,0.82101,0.0
-0.39300,0.82101,0.0
0.35100,0.82101,0.0
0.13200,0.82101,0.0
-0.44700,0.82101,0.0
-0.23400,0.82101,0.0
0.36600,0.82101,0.0
0.57300,0.82101,0.0
0.50700,0.82101,0.0
-0.50400,0.82101,0.0
0.50400,0.82101,0.0
0.29700,0.82101,0.0
0.01200,0.82101,0.0
0.26100,0.82101,0.0
-0.63300,0.82101,0.0
-0.19800,0.82101,0.0
0.17400,0.82101,0.0
-0.60300,0.82101,0.0
0.33600,0.82101,0.0
-0.57600,0.82101,0.0
0.13500,0.82101,0.0
-0.63900,0.82101,0.0
0.37500,0.82101,0.0
0.36900,0.82101,0.0
0.25800,0.82101,0.0
-0.35400,0.82101,0.0
0.47700,0.82101,0.0
-0.47400,0.82101,0.0
-0.22500,0.82101,0.0
-0.54900,0.82101,0.0
-0.63600,0.82101,0.0
0.09900,0.82101,0.0
0.28200,0.82101,0.0
-0.12000,0.82101,0.0
0.38700,0.82101,0.0
-0.61500,0.82101,0.0
0.55500,0.82101,0.0
-0.06600,0.82101,0.0
0.12300,0.82101,0.0
0.60300,0.82101,0.0
0.56700,0.82101,0.0
0.56100,0.82101,0.0
-0.05700,0.82101,0.0
0.43800,0.82101,0.0
0.03000,0.82101,0.0
0.12000,0.82101,0.0
-0.24900,0.82101,0.0
0.19800,0.82101,0.0
0.42000,0.82101,0.0
-0.01500,0.82101,0.0
0.45300,0.81806,0.0
-0.30000,0.81806,0.0
0.15000,0.81806,0.0
0.40800,0.81806,0.0
-0.01200,0.81806,0.0
-0.55800,0.81806,0.0
0.56100,0.81806,0.0
0.47100,0.81806,0.0
-0.64200,0.81806,0.0
0.57600,0.81806,0.0
-0.21300,0.81806,0.0
0.24600,0.81806,0.0
-0.09300,0.81806,0.0
-0.50700,0.81806,0.0
0.36900,0.81806,0.0
0.08100,0.81806,0.0
0.12000,0.81806,0.0
0.44400,0.81806,0.0
-0.09900,0.81806,0.0
-0.04800,0.81806,0.0
-0.08400,0.81806,0.0
-0.31800,0.81806,0.0
0.49200,0.81806,0.0
-0.05700,0.81806,0.0
-0.26400,0.81806,0.0
0.03000,0.81806,0.0
0.09600,0.81806,0.0
-0.13200,0.81806,0.0
0.05700,0.81806,0.0
-0.09000,0.81806,0.0
0.32700,0.81806,0.0
0.20100,0.81806,0.0
0.05400,0.81806,0.0
0.42900,0.81806,0.0
-0.00600,0.81806,0.0
0.05100,0.81806,0.0
-0.21900,0.81806,0.0
0.21600,0.81806,0.0
-0.44700,0.81806,0.0
0.46500,0.81806,0.0
0.04200,0.81806,0.0
0.06300,0.81806,0.0
-0.57900,0.81806,0.0
0.07200,0.81806,0.0
0.00000,0.81806,0.0
0.03300,0.81806,0.0
-0.14100,0.81806,0.0
-0.33300,0.81806,0.0
0.26700,0.81806,0.0
-0.57300,0.81806,0.0
-0.44400,0.81806,0.0
-0.47400,0.81806,0.0
0.44100,0.81806,0.0
-0.54900,0.81806,0.0
0.14100,0.81806,0.0
0.39600,0.81806,0.0
-0.06000,0.81806,0.0
-0.41700,0.81806,0.0
0.11400,0.81806,0.0
-0.50100,0.81806,0.0
-0.16500,0.81512,0.0
0.42600,0.81512,0.0
-0.26700,0.81512,0.0
-0.35100,0.81512,0.0
0.35700,0.81512,0.0
-0.38700,0.81512,0.0
-0.20100,0.81512,0.0
0.35400,0.81512,0.0
-0.04200,0.81512,0.0
0.15600,0.81512,0.0
-0.36600,0.81512,0.0
0.28200,0.81512,0.0
-0.44100,0.81512,0.0
0.52500,0.81512,0.0
-0.30600,0.81512,0.0
-0.02100,0.81512,0.0
0.36300,0.81512,0.0
-0.17100,0.81512,0.0
-0.51000,0.81512,0.0
0.11100,0.81512,0.0
0.04200,0.81512,0.0
0.08400,0.81512,0.0
-0.33600,0.81512,0.0
0.09600,0.81512,0.0
0.26700,0.81512,0.0
0.19200,0.81512,0.0
-0.29700,0.81512,0.0
0.18300,0.81512,0.0
0.06900,0.81512,0.0
-0.27600,0.81512,0.0
0.58800,0.81512,0.0
0.06600,0.81512,0.0
-0.40500,0.81512,0.0
0.34200,0.81512,0.0
-0.55800,0.81512,0.0
-0.37200,0.81512,0.0
0.43500,0.81512,0.0
0.17400,0.81512,0.0
-0.51300,0.81512,0.0
-0.15300,0.81512,0.0
-0.19500,0.81512,0.0
-0.16200,0.81512,0.0
-0.02700,0.81512,0.0
-0.48900,0.81512,0.0
-0.55200,0.81512,0.0
0.21900,0.81512,0.0
-0.42000,0.81512,0.0
0.01200,0.81512,0.0
-0.49500,0.81512,0.0
-0.51900,0.81512,0.0
0.21600,0.81512,0.0
-0.35400,0.81512,0.0
0.60300,0.81512,0.0
0.30600,0.81512,0.0
-0.57900,0.81512,0.0
-0.18600,0.81512,0.0
0.11400,0.81512,0.0
-0.41700,0.81512,0.0
-0.39000,0.81512,0.0
0.06300,0.81512,0.0
0.29400,0.81512,0.0
-0.03900,0.81512,0.0
-0.08400,0.81512,0.0
-0.47400,0.81512,0.0
-0.08700,0.81512,0.0
0.43800,0.81512,0.0
0.09000,0.81512,0.0
-0.10800,0.81512,0.0
-0.36300,0.81512,0.0
0.32700,0.81512,0.0
-0.56700,0.81512,0.0
-0.24600,0.81217,0.0
-0.02700,0.81217,0.0
-0.43500,0.81217,0.0
0.09000,0.81217,0.0
0.50400,0.81217,0.0
-0.35400,0.81217,0.0
0.60000,0.81217,0.0
0.59100,0.81217,0.0
-0.32400,0.81217,0.0
-0.24900,0.81217,0.0
-0.56100,0.81217,0.0
0.33900,0.81217,0.0
-0.15600,0.81217,0.0
0.28500,0.81217,0.0
-0.57000,0.81217,0.0
-0.20100,0.81217,0.0
0.17400,0.81217,0.0
0.54900,0.81217,0.0
-0.59100,0.81217,0.0
0.08700,0.81217,0.0
0.24900,0.81217,0.0
0.15600,0.81217,0.0
-0.29400,0.81217,0.0
0.05400,0.81217,0.0
0.50100,0.81217,0.0
-0.63300,0.81217,0.0
-0.47100,0.81217,0.0
0.00000,0.81217,0.0
0.37200,0.81217,0.0
-0.60600,0.81217,0.0
0.10200,0.81217,0.0
0.50700,0.81217,0.0
0.08400,0.81217,0.0
0.34200,0.81217,0.0
0.07500,0.81217,0.0
-0.45900,0.81217,0.0
0.15300,0.81217,0.0
-0.15900,0.81217,0.0
-0.25200,0.81217,0.0
-0.38400,0.81217,0.0
-0.17100,0.81217,0.0
-0.64500,0.81217,0.0
0.22200,0.81217,0.0
0.36300,0.81217,0.0
0.29100,0.81217,0.0
-0.24300,0.81217,0.0
0.55500,0.81217,0.0
-0.39600,0.81217,0.0
0.46800,0.81217,0.0
-0.54300,0.81217,0.0
0.55800,0.81217,0.0
-0.37200,0.81217,0.0
0.35400,0.81217,0.0
0.03300,0.81217,0.0
0.47700,0.81217,0.0
0.03000,0.81217,0.0
-0.27600,0.81217,0.0
0.16500,0.81217,0.0
-0.63000,0.81217,0.0
0.30600,0.81217,0.0
0.48000,0.81217,0.0
0.45600,0.81217,0.0
0.07800,0.81217,0.0
-0.54000,0.81217,0.0
-0.27300,0.81217,0.0
0.40200,0.81217,0.0
0.56100,0.81217,0.0
0.43500,0.80922,0.0
0.59100,0.80922,0.0
0.46800,0.80922,0.0
-0.62100,0.80922,0.0
0.30000,0.80922,0.0
0.01500,0.80922,0.0
-0.59400,0.80922,0.0
-0.64200,0.80922,0.0
0.58200,0.80922,0.0
-0.58500,0.80922,0.0
-0.17700,0.80922,0.0
0.09900,0.80922,0.0
-0.20400,0.80922,0.0
-0.28500,0.80922,0.0
-0.08400,0.80922,0.0
-0.53700,0.80922,0.0
0.36600,0.80922,0.0
-0.07200,0.80922,0.0
-0.35700,0.80922,0.0
0.54600,0.80922,0.0
-0.43200,0.80922,0.0
-0.36900,0.80922,0.0
-0.56100,0.80922,0.0
0.35700,0.80922,0.0
0.13500,0.80922,0.0
0.53700,0.80922,0.0
0.19500,0.80922,0.0
0.34800,0.80922,0.0
-0.46800,0.80922,0.0
-0.00900,0.80922,0.0
0.28500,0.80922,0.0
0.29400,0.80922,0.0
0.48600,0.80922,0.0
0.33300,0.80922,0.0
0.26700,0.80922,0.0
0.03900,0.80922,0.0
0.42300,0.80922,0.0
-0.17400,0.80922,0.0
0.11700,0.80922,0.0
-0.44100,0.80922,0.0
-0.15300,0.80922,0.0
0.42600,0.80922,0.0
0.23700,0.80922,0.0
0.25200,0.80922,0.0
0.44400,0.80922,0.0
-0.53100,0.80922,0.0
0.13800,0.80922,0.0
0.45900,0.80922,0.0
-0.12600,0.80922,0.0
0.32400,0.80922,0.0
0.33900,0.80922,0.0
-0.16200,0.80922,0.0
-0.30900,0.80922,0.0
-0.18600,0.80922,0.0
0.25800,0.80922,0.0
-0.57600,0.80922,0.0
0.40800,0.80922,0.0
-0.63900,0.80922,0.0
-0.11100,0.80922,0.0
-0.57900,0.80922,0.0
0.21300,0.80922,0.0
-0.52500,0.80922,0.0
-0.04200,0.80922,0.0
0.32700,0.80922,0.0
-0.62100,0.80627,0.0
0.15900,0.80627,0.0
0.04500,0.80627,0.0
0.38100,0.80627,0.0
-0.00600,0.80627,0.0
0.31800,0.80627,0.0
0.51600,0.80627,0.0
-0.30300,0.80627,0.0
-0.03000,0.80627,0.0
0.45900,0.80627,0.0
-0.31500,0.80627,0.0
0.51300,0.80627,0.0
-0.63000,0.80627,0.0
-0.22500,0.80627,0.0
-0.36600,0.80627,0.0
-0.49800,0.80627,0.0
-0.06000,0.80627,0.0
-0.41100,0.80627,0.0
0.45300,0.80627,0.0
-0.33900,0.80627,0.0
0.03000,0.80627,0.0
0.10200,0.80627,0.0
0.60300,0.80627,0.0
0.33900,0.80627,0.0
-0.62400,0.80627,0.0
-0.44700,0.80627,0.0
-0.22800,0.80627,0.0
0.42600,0.80627,0.0
-0.29100,0.80627,0.0
0.30600,0.80627,0.0
0.32700,0.80627,0.0
-0.63600,0.80627,0.0
0.19200,0.80627,0.0
-0.35100,0.80627,0.0
-0.64200,0.80627,0.0
0.00300,0.80627,0.0
-0.38100,0.80627,0.0
-0.49500,0.80627,0.0
-0.08400,0.80627,0.0
0.55500,0.80627,0.0
-0.62700,0.80627,0.0
-0.39900,0.80627,0.0
0.03900,0.80627,0.0
-0.49200,0.80627,0.0
-0.25500,0.80627,0.0
-0.60300,0.80627,0.0
0.11100,0.80627,0.0
0.05400,0.80627,0.0
-0.32100,0.80627,0.0
-0.30600,0.80627,0.0
-0.32400,0.80627,0.0
0.16800,0.80627,0.0
0.00000,0.80627,0.0
-0.29700,0.80627,0.0
0.20700,0.80627,0.0
-0.43800,0.80627,0.0
-0.23400,0.80627,0.0
0.57600,0.80627,0.0
0.26100,0.80627,0.0
-0.37800,0.80627,0.0
0.19500,0.80627,0.0
-0.10800,0.80627,0.0
-0.24000,0.80627,0.0
0.56700,0.80627,0.0
-0.02700,0.80332,0.0
0.02400,0.80332,0.0
-0.45300,0.80332,0.0
-0.59700,0.80332,0.0
-0.04200,0.80332,0.0
-0.18000,0.80332,0.0
-0.02400,0.80332,0.0
0.21900,0.80332,0.0
0.55500,0.80332,0.0
0.30000,0.80332,0.0
-0.06900,0.80332,0.0
0.45600,0.80332,0.0
-0.21000,0.80332,0.0
-0.55500,0.80332,0.0
-0.21900,0.80332,0.0
0.05400,0.80332,0.0
-0.25200,0.80332,0.0
-0.20400,0.80332,0.0
0.60000,0.80332,0.0
0.40800,0.80332,0.0
-0.59400,0.80332,0.0
0.37500,0.80332,0.0
0.41100,0.80332,0.0
-0.53100,0.80332,0.0
0.56100,0.80332,0.0
0.32700,0.80332,0.0
0.03300,0.80332,0.0
-0.34200,0.80332,0.0
0.51900,0.80332,0.0
-0.52200,0.80332,0.0
-0.00600,0.80332,0.0
0.29100,0.80332,0.0
-0.33000,0.80332,0.0
-0.60300,0.80332,0.0
-0.46800,0.80332,0.0
-0.65100,0.80332,0.0
0.03900,0.80332,0.0
-0.40500,0.80332,0.0
-0.43800,0.80332,0.0
-0.35400,0.80332,0.0
0.12000,0.80332,0.0
-0.07800,0.80332,0.0
-0.26700,0.80332,0.0
0.51600,0.80332,0.0
-0.41100,0.80332,0.0
0.07800,0.80332,0.0
0.52500,0.80332,0.0
-0.23100,0.80332,0.0
-0.20700,0.80332,0.0
0.41400,0.80332,0.0
-0.27300,0.80332,0.0
0.21600,0.80332,0.0
0.06300,0.80332,0.0
-0.57300,0.80332,0.0
-0.30600,0.80332,0.0
-0.38700,0.80332,0.0
-0.09600,0.80332,0.0
-0.44100,0.80332,0.0
-0.42900,0.80332,0.0
0.20100,0.80332,0.0
0.26400,0.80332,0.0
0.34800,0.80332,0.0
0.37200,0.80332,0.0
0.04800,0.80038,0.0
-0.36000,0.80038,0.0
0.36900,0.80038,0.0
0.08400,0.80038,0.0
0.32700,0.80038,0.0
-0.57600,0.80038,0.0
-0.17700,0.80038,0.0
0.52200,0.80038,0.0
-0.38700,0.80038,0.0
-0.12300,0.80038,0.0
-0.35700,0.80038,0.0
-0.48900,0.80038,0.0
0.52800,0.80038,0.0
-0.05400,0.80038,0.0
-0.16200,0.80038,0.0
-0.18600,0.80038,0.0
0.48000,0.80038,0.0
0.00000,0.80038,0.0
-0.33000,0.80038,0.0
-0.21300,0.80038,0.0
0.06000,0.80038,0.0
0.01500,0.80038,0.0
0.47100,0.80038,0.0
-0.60000,0.80038,0.0
0.55800,0.80038,0.0
-0.43200,0.80038,0.0
0.14400,0.80038,0.0
-0.04800,0.80038,0.0
-0.23700,0.80038,0.0
-0.59700,0.80038,0.0
0.32100,0.80038,0.0
0.35700,0.80038,0.0
-0.40800,0.80038,0.0
0.30900,0.80038,0.0
-0.50400,0.80038,0.0
0.49500,0.80038,0.0
-0.39000,0.80038,0.0
0.36000,0.80038,0.0
0.30600,0.80038,0.0
-0.54900,0.80038,0.0
-0.27300,0.80038,0.0
0.16500,0.80038,0.0
-0.63000,0.80038,0.0
0.60300,0.80038,0.0
-0.29400,0.80038,0.0
-0.29100,0.80038,0.0
0.35100,0.80038,0.0
0.38700,0.80038,0.0
-0.19200,0.80038,0.0
0.51600,0.80038,0.0
-0.25800,0.80038,0.0
0.20100,0.80038,0.0
-0.32700,0.80038,0.0
-0.60600,0.80038,0.0
-0.40200,0.80038,0.0
-0.39600,0.80038,0.0
-0.50100,0.80038,0.0
-0.41700,0.80038,0.0
0.24300,0.80038,0.0
-0.11700,0.80038,0.0
0.29100,0.80038,0.0
0.12000,0.80038,0.0
-0.59100,0.80038,0.0
-0.21900,0.80038,0.0
0.54000,0.80038,0.0
-0.34800,0.80038,0.0
0.46800,0.80038,0.0
0.46500,0.80038,0.0
-0.58500,0.80038,0.0
-0.00900,0.79743,0.0
0.15600,0.79743,0.0
0.02700,0.79743,0.0
0.06000,0.79743,0.0
0.41700,0.79743,0.0
0.46800,0.79743,0.0
0.60600,0.79743,0.0
0.12900,0.79743,0.0
-0.34200,0.79743,0.0
-0.04200,0.79743,0.0
-0.48300,0.79743,0.0
0.52500,0.79743,0.0
0.26100,0.79743,0.0
0.01800,0.79743,0.0
0.31500,0.79743,0.0
-0.33300,0.79743,0.0
0.54600,0.79743,0.0
0.53700,0.79743,0.0
-0.43500,0.79743,0.0
0.43800,0.79743,0.0
-0.13200,0.79743,0.0
0.14400,0.79743,0.0
-0.10800,0.79743,0.0
-0.64800,0.79743,0.0
0.39300,0.79743,0.0
-0.35700,0.79743,0.0
-0.01500,0.79743,0.0
0.05700,0.79743,0.0
-0.23100,0.79743,0.0
0.40200,0.79743,0.0
-0.57900,0.79743,0.0
0.00600,0.79743,0.0
0.02100,0.79743,0.0
-0.12000,0.79743,0.0
0.58500,0.79743,0.0
-0.42900,0.79743,0.0
-0.15300,0.79743,0.0
-0.00300,0.79743,0.0
-0.25200,0.79743,0.0
0.41100,0.79743,0.0
0.05400,0.79743,0.0
0.25800,0.79743,0.0
-0.09600,0.79743,0.0
-0.20100,0.79743,0.0
-0.15600,0.79743,0.0
-0.56100,0.79743,0.0
0.12300,0.79743,0.0
-0.63600,0.79743,0.0
-0.53100,0.79743,0.0
0.23700,0.79743,0.0
0.45000,0.79743,0.0
-0.58800,0.79743,0.0
0.16500,0.79743,0.0
-0.36600,0.79743,0.0
-0.20700,0.79743,0.0
-0.39900,0.79743,0.0
-0.51900,0.79743,0.0
-0.63900,0.79743,0.0
0.04800,0.79448,0.0
0.05700,0.79448,0.0
0.57000,0.79448,0.0
-0.40200,0.79448,0.0
0.01500,0.79448,0.0
0.38700,0.79448,0.0
-0.44400,0.79448,0.0
0.14400,0.79448,0.0
0.00000,0.79448,0.0
-0.47100,0.79448,0.0
0.03600,0.79448,0.0
-0.27300,0.79448,0.0
-0.56700,0.79448,0.0
0.33900,0.79448,0.0
0.49200,0.79448,0.0
0.15000,0.79448,0.0
-0.40500,0.79448,0.0
-0.39600,0.79448,0.0
0.44400,0.79448,0.0
-0.45900,0.79448,0.0
-0.36600,0.79448,0.0
0.00300,0.79448,0.0
0.41700,0.79448,0.0
0.60900,0.79448,0.0
0.30600,0.79448,0.0
-0.60900,0.79448,0.0
0.04200,0.79448,0.0
-0.45000,0.79448,0.0
-0.17700,0.79448,0.0
-0.47400,0.79448,0.0
-0.16800,0.79448,0.0
-0.10800,0.79448,0.0
-0.30000,0.79448,0.0
0.24300,0.79448,0.0
-0.43800,0.79448,0.0
-0.11700,0.79448,0.0
-0.02700,0.79448,0.0
-0.48000,0.79448,0.0
0.18300,0.79448,0.0
0.18900,0.79448,0.0
0.02700,0.79448,0.0
-0.25800,0.79448,0.0
-0.01800,0.79448,0.0
-0.42000,0.79448,0.0
0.47400,0.79448,0.0
-0.27900,0.79448,0.0
0.27900,0.79448,0.0
0.36900,0.79448,0.0
0.38100,0.79448,0.0
0.49500,0.79448,0.0
0.26100,0.79448,0.0
0.33000,0.79448,0.0
-0.13200,0.79448,0.0
0.56100,0.79448,0.0
0.33300,0.79448,0.0
0.45600,0.79448,0.0
0.57900,0.79448,0.0
0.11400,0.79153,0.0
-0.60300,0.79153,0.0
-0.38100,0.79153,0.0
0.56700,0.79153,0.0
-0.12000,0.79153,0.0
-0.49200,0.79153,0.0
0.61500,0.79153,0.0
0.40200,0.79153,0.0
0.08400,0.79153,0.0
-0.24000,0.79153,0.0
0.39000,0.79153,0.0
-0.47700,0.79153,0.0
-0.18600,0.79153,0.0
-0.38700,0.79153,0.0
-0.19800,0.79153,0.0
0.28800,0.79153,0.0
-0.30600,0.79153,0.0
-0.34200,0.79153,0.0
-0.19500,0.79153,0.0
-0.30900,0.79153,0.0
-0.27600,0.79153,0.0
-0.12300,0.79153,0.0
-0.52500,0.79153,0.0
-0.59700,0.79153,0.0
-0.36300,0.79153,0.0
0.42300,0.79153,0.0
0.30600,0.79153,0.0
-0.10500,0.79153,0.0
-0.48000,0.79153,0.0
0.62100,0.79153,0.0
0.07800,0.79153,0.0
0.06000,0.79153,0.0
0.00300,0.79153,0.0
-0.18300,0.79153,0.0
-0.17400,0.79153,0.0
-0.44700,0.79153,0.0
-0.42900,0.79153,0.0
0.12000,0.79153,0.0
-0.59100,0.79153,0.0
0.49200,0.79153,0.0
-0.19200,0.79153,0.0
0.26700,0.79153,0.0
-0.14100,0.79153,0.0
-0.53400,0.79153,0.0
0.27300,0.79153,0.0
-0.11400,0.79153,0.0
0.20400,0.79153,0.0
-0.09600,0.79153,0.0
-0.27900,0.79153,0.0
-0.58800,0.79153,0.0
0.46200,0.79153,0.0
0.54900,0.79153,0.0
-0.39000,0.79153,0.0
0.23100,0.79153,0.0
0.16500,0.79153,0.0
0.06900,0.79153,0.0
-0.11100,0.79153,0.0
-0.14400,0.79153,0.0
-0.20100,0.79153,0.0
-0.01800,0.79153,0.0
0.57000,0.79153,0.0
0.58500,0.79153,0.0
0.60600,0.79153,0.0
-0.59400,0.78858,0.0
0.34500,0.78858,0.0
0.36300,0.78858,0.0
-0.65100,0.78858,0.0
0.39900,0.78858,0.0
-0.59700,0.78858,0.0
-0.54300,0.78858,0.0
-0.58500,0.78858,0.0
0.19800,0.78858,0.0
-0.30900,0.78858,0.0
0.01500,0.78858,0.0
0.43500,0.78858,0.0
0.36000,0.78858,0.0
-0.49200,0.78858,0.0
-0.64200,0.78858,0.0
-0.40800,0.78858,0.0
0.36900,0.78858,0.0
-0.25800,0.78858,0.0
-0.38100,0.78858,0.0
-0.38700,0.78858,0.0
0.02700,0.78858,0.0
-0.57000,0.78858,0.0
-0.21000,0.78858,0.0
0.17100,0.78858,0.0
0.56700,0.78858,0.0
0.58200,0.78858,0.0
0.57300,0.78858,0.0
-0.33300,0.78858,0.0
0.10200,0.78858,0.0
0.08700,0.78858,0.0
0.49200,0.78858,0.0
-0.01500,0.78858,0.0
0.09300,0.78858,0.0
0.60900,0.78858,0.0
0.27300,0.78858,0.0
-0.25500,0.78858,0.0
0.24300,0.78858,0.0
0.21000,0.78858,0.0
0.53700,0.78858,0.0
0.34200,0.78858,0.0
-0.33000,0.78858,0.0
-0.18900,0.78858,0.0
-0.27300,0.78858,0.0
0.12900,0.78858,0.0
0.00600,0.78858,0.0
0.16800,0.78858,0.0
-0.48000,0.78858,0.0
-0.42300,0.78858,0.0
-0.12300,0.78858,0.0
0.54300,0.78858,0.0
0.06600,0.78858,0.0
0.03900,0.78858,0.0
0.01200,0.78858,0.0
-0.14700,0.78858,0.0
0.54000,0.78858,0.0
-0.51600,0.78858,0.0
0.48600,0.78858,0.0
0.08100,0.78858,0.0
0.16200,0.78858,0.0
0.55800,0.78858,0.0
-0.62400,0.78858,0.0
0.42600,0.78858,0.0
-0.44400,0.78858,0.0
-0.62100,0.78858,0.0
0.29400,0.78858,0.0
0.58500,0.78858,0.0
0.48900,0.78858,0.0
-0.36300,0.78858,0.0
0.05700,0.78858,0.0
-0.33900,0.78858,0.0
0.21300,0.78858,0.0
-0.40200,0.78858,0.0
0.09000,0.78858,0.0
-0.55500,0.78858,0.0
-0.42600,0.78564,0.0
-0.12000,0.78564,0.0
-0.24900,0.78564,0.0
0.39600,0.78564,0.0
0.22800,0.78564,0.0
0.61500,0.78564,0.0
-0.19200,0.78564,0.0
-0.00900,0.78564,0.0
0.43200,0.78564,0.0
0.51000,0.78564,0.0
-0.43500,0.78564,0.0
-0.34500,0.78564,0.0
0.41100,0.78564,0.0
-0.37500,0.78564,0.0
0.06600,0.78564,0.0
0.37800,0.78564,0.0
-0.14100,0.78564,0.0
0.62100,0.78564,0.0
-0.61800,0.78564,0.0
0.39000,0.78564,0.0
-0.10200,0.78564,0.0
0.63300,0.78564,0.0
-0.25200,0.78564,0.0
0.47400,0.78564,0.0
-0.08400,0.78564,0.0
0.25500,0.78564,0.0
0.26100,0.78564,0.0
0.20700,0.78564,0.0
0.55500,0.78564,0.0
-0.52500,0.78564,0.0
-0.05700,0.78564,0.0
-0.62400,0.78564,0.0
0.48300,0.78564,0.0
0.06000,0.78564,0.0
-0.22800,0.78564,0.0
0.00900,0.78564,0.0
-0.48900,0.78564,0.0
0.31800,0.78564,0.0
0.03600,0.78564,0.0
0.08700,0.78564,0.0
-0.57300,0.78564,0.0
-0.39000,0.78564,0.0
0.00300,0.78564,0.0
-0.27900,0.78564,0.0
0.45000,0.78564,0.0
0.31500,0.78564,0.0
0.25800,0.78564,0.0
-0.01200,0.78564,0.0
0.19500,0.78564,0.0
-0.57000,0.78564,0.0
0.52800,0.78564,0.0
0.42900,0.78564,0.0
0.27600,0.78564,0.0
0.22200,0.78564,0.0
0.57600,0.78564,0.0
-0.16200,0.78564,0.0
-0.01500,0.78564,0.0
-0.53100,0.78564,0.0
0.38100,0.78564,0.0
-0.14400,0.78564,0.0
0.09000,0.78564,0.0
-0.23400,0.78564,0.0
0.40200,0.78564,0.0
0.09900,0.78564,0.0
-0.39300,0.78564,0.0
0.42000,0.78564,0.0
-0.16500,0.78564,0.0
-0.45600,0.78564,0.0
0.36000,0.78564,0.0
-0.45300,0.78564,0.0
-0.05400,0.78564,0.0
-0.08700,0.78564,0.0
-0.61500,0.78564,0.0
0.11700,0.78564,0.0
-0.60000,0.78564,0.0
-0.36900,0.78564,0.0
-0.02400,0.78564,0.0
-0.60900,0.78564,0.0
0.56700,0.78564,0.0
-0.45900,0.78564,0.0
-0.11400,0.78564,0.0
0.05700,0.78564,0.0
0.43500,0.78564,0.0
-0.29700,0.78564,0.0
-0.41400,0.78564,0.0
-0.64500,0.78564,0.0
0.12000,0.78564,0.0
-0.11700,0.78564,0.0
-0.20700,0.78564,0.0
0.03900,0.78564,0.0
-0.12000,0.78269,0.0
0.05400,0.78269,0.0
0.37500,0.78269,0.0
-0.34200,0.78269,0.0
-0.42600,0.78269,0.0
0.37200,0.78269,0.0
-0.05100,0.78269,0.0
0.12900,0.78269,0.0
-0.17700,0.78269,0.0
-0.54000,0.78269,0.0
0.32700,0.78269,0.0
0.42600,0.78269,0.0
-0.47700,0.78269,0.0
0.19200,0.78269,0.0
0.33000,0.78269,0.0
0.50700,0.78269,0.0
-0.18900,0.78269,0.0
0.33600,0.78269,0.0
0.25800,0.78269,0.0
0.46800,0.78269,0.0
0.10200,0.78269,0.0
-0.38700,0.78269,0.0
-0.49800,0.78269,0.0
-0.29400,0.78269,0.0
-0.45900,0.78269,0.0
-0.19500,0.78269,0.0
0.38400,0.78269,0.0
-0.63600,0.78269,0.0
0.01500,0.78269,0.0
-0.22800,0.78269,0.0
-0.14700,0.78269,0.0
-0.28200,0.78269,0.0
0.10800,0.78269,0.0
0.43500,0.78269,0.0
-0.58500,0.78269,0.0
0.03000,0.78269,0.0
0.40200,0.78269,0.0
0.60900,0.78269,0.0
-0.53100,0.78269,0.0
-0.09600,0.78269,0.0
-0.14100,0.78269,0.0
0.59100,0.78269,0.0
0.28800,0.78269,0.0
0.33900,0.78269,0.0
0.06600,0.78269,0.0
0.24300,0.78269,0.0
0.01200,0.78269,0.0
0.23100,0.78269,0.0
-0.21600,0.78269,0.0
0.20700,0.78269,0.0
-0.09000,0.78269,0.0
0.16800,0.78269,0.0
0.09900,0.78269,0.0
0.30300,0.78269,0.0
0.52500,0.78269,0.0
-0.43500,0.78269,0.0
-0.63000,0.78269,0.0
0.04800,0.78269,0.0
0.43800,0.77974,0.0
-0.17100,0.77974,0.0
-0.61800,0.77974,0.0
-0.26100,0.77974,0.0
0.36600,0.77974,0.0
-0.27300,0.77974,0.0
0.55500,0.77974,0.0
-0.52200,0.77974,0.0
-0.25800,0.77974,0.0
-0.53400,0.77974,0.0
-0.27600,0.77974,0.0
-0.64800,0.77974,0.0
0.45900,0.77974,0.0
-0.40800,0.77974,0.0
0.42300,0.77974,0.0
0.24000,0.77974,0.0
0.08400,0.77974,0.0
0.24900,0.77974,0.0
0.17700,0.77974,0.0
0.57000,0.77974,0.0
-0.59100,0.77974,0.0
-0.57900,0.77974,0.0
-0.65100,0.77974,0.0
0.04800,0.77974,0.0
0.48000,0.77974,0.0
-0.01200,0.77974,0.0
0.38100,0.77974,0.0
0.51600,0.77974,0.0
0.06300,0.77974,0.0
0.40800,0.77974,0.0
-0.40500,0.77974,0.0
0.39600,0.77974,0.0
-0.03300,0.77974,0.0
0.60600,0.77974,0.0
-0.42300,0.77974,0.0
0.25800,0.77974,0.0
0.24300,0.77974,0.0
-0.59700,0.77974,0.0
0.19200,0.77974,0.0
-0.01800,0.77974,0.0
0.61500,0.77974,0.0
0.18000,0.77974,0.0
-0.43500,0.77974,0.0
0.57900,0.77974,0.0
-0.34200,0.77974,0.0
0.28500,0.77974,0.0
0.58200,0.77974,0.0
0.16200,0.77974,0.0
-0.29400,0.77974,0.0
0.03000,0.77974,0.0
-0.41100,0.77974,0.0
-0.59400,0.77974,0.0
0.57600,0.77974,0.0
0.28200,0.77974,0.0
-0.41700,0.77974,0.0
0.52800,0.77974,0.0
-0.33300,0.77974,0.0
0.28800,0.77974,0.0
0.04200,0.77974,0.0
0.61800,0.77974,0.0
0.21000,0.77974,0.0
0.03600,0.77974,0.0
-0.28200,0.77974,0.0
-0.52500,0.77974,0.0
-0.17400,0.77974,0.0
-0.42900,0.77974,0.0
0.49500,0.77974,0.0
-0.45300,0.77974,0.0
0.34200,0.77974,0.0
0.20700,0.77974,0.0
-0.60600,0.77974,0.0
-0.06600,0.77974,0.0
-0.37200,0.77679,0.0
0.38100,0.77679,0.0
-0.57300,0.77679,0.0
-0.44100,0.77679,0.0
0.44100,0.77679,0.0
0.62100,0.77679,0.0
-0.63300,0.77679,0.0
0.45900,0.77679,0.0
0.39900,0.77679,0.0
0.31800,0.77679,0.0
-0.09300,0.77679,0.0
0.23100,0.77679,0.0
0.30600,0.77679,0.0
0.09900,0.77679,0.0
0.01800,0.77679,0.0
0.46500,0.77679,0.0
0.06600,0.77679,0.0
-0.41400,0.77679,0.0
-0.59400,0.77679,0.0
-0.56100,0.77679,0.0
-0.31500,0.77679,0.0
0.31200,0.77679,0.0
0.33000,0.77679,0.0
0.45600,0.77679,0.0
-0.50100,0.77679,0.0
-0.06900,0.77679,0.0
-0.56700,0.77679,0.0
-0.51600,0.77679,0.0
0.13500,0.77679,0.0
-0.23100,0.77679,0.0
-0.42300,0.77679,0.0
0.60000,0.77679,0.0
0.07500,0.77679,0.0
-0.20400,0.77679,0.0
-0.36300,0.77679,0.0
0.10500,0.77679,0.0
0.31500,0.77679,0.0
0.58500,0.77679,0.0
-0.52200,0.77679,0.0
-0.20700,0.77679,0.0
0.55500,0.77679,0.0
-0.35700,0.77679,0.0
0.26700,0.77679,0.0
0.40200,0.77679,0.0
0.12600,0.77679,0.0
-0.26400,0.77679,0.0
-0.07500,0.77679,0.0
-0.45000,0.77679,0.0
0.27900,0.77679,0.0
-0.39300,0.77679,0.0
0.11100,0.77679,0.0
-0.49800,0.77679,0.0
-0.36900,0.77679,0.0
-0.12000,0.77679,0.0
-0.21300,0.77679,0.0
-0.42600,0.77679,0.0
0.35700,0.77679,0.0
-0.63000,0.77679,0.0
-0.03000,0.77679,0.0
-0.48600,0.77679,0.0
-0.34800,0.77679,0.0
-0.34500,0.77679,0.0
0.59400,0.77679,0.0
0.43200,0.77679,0.0
0.13200,0.77679,0.0
-0.33900,0.77679,0.0
-0.64800,0.77679,0.0
0.05100,0.77679,0.0
-0.39900,0.77679,0.0
-0.28500,0.77679,0.0
0.09300,0.77679,0.0
0.41700,0.77679,0.0
0.21300,0.77679,0.0
-0.52800,0.77679,0.0
0.48300,0.77384,0.0
-0.44700,0.77384,0.0
-0.10500,0.77384,0.0
0.37200,0.77384,0.0
0.28800,0.77384,0.0
0.42300,0.77384,0.0
0.12300,0.77384,0.0
-0.10200,0.77384,0.0
0.39600,0.77384,0.0
0.05700,0.77384,0.0
-0.41100,0.77384,0.0
-0.01500,0.77384,0.0
-0.18900,0.77384,0.0
-0.35100,0.77384,0.0
0.55800,0.77384,0.0
-0.65700,0.77384,0.0
0.11400,0.77384,0.0
-0.41700,0.77384,0.0
0.51000,0.77384,0.0
0.60300,0.77384,0.0
-0.65400,0.77384,0.0
-0.46200,0.77384,0.0
0.61500,0.77384,0.0
-0.54600,0.77384,0.0
-0.30600,0.77384,0.0
-0.00300,0.77384,0.0
-0.11100,0.77384,0.0
0.36000,0.77384,0.0
-0.33900,0.77384,0.0
-0.32100,0.77384,0.0
-0.63600,0.77384,0.0
-0.52500,0.77384,0.0
0.33300,0.77384,0.0
0.40200,0.77384,0.0
0.58500,0.77384,0.0
-0.25800,0.77384,0.0
-0.56100,0.77384,0.0
-0.46500,0.77384,0.0
0.23400,0.77384,0.0
0.27000,0.77384,0.0
0.60900,0.77384,0.0
0.24000,0.77384,0.0
0.26100,0.77384,0.0
0.57600,0.77384,0.0
-0.20400,0.77384,0.0
0.06000,0.77384,0.0
-0.19800,0.77384,0.0
0.26700,0.77384,0.0
-0.07800,0.77384,0.0
-0.23700,0.77384,0.0
-0.14700,0.77384,0.0
0.17400,0.77384,0.0
0.39300,0.77384,0.0
-0.06600,0.77384,0.0
-0.50700,0.77384,0.0
0.44100,0.77384,0.0
0.05400,0.77384,0.0
-0.41400,0.77384,0.0
0.30900,0.77384,0.0
-0.23400,0.77384,0.0
-0.06000,0.77384,0.0
0.16200,0.77384,0.0
-0.47100,0.77384,0.0
0.20400,0.77384,0.0
0.46800,0.77384,0.0
-0.64500,0.77384,0.0
-0.51900,0.77384,0.0
0.31800,0.77384,0.0
0.23700,0.77384,0.0
0.57900,0.77384,0.0
0.23100,0.77384,0.0
-0.29400,0.77384,0.0
-0.40200,0.77384,0.0
-0.22200,0.77384,0.0
0.09600,0.77384,0.0
0.36600,0.77384,0.0
-0.45300,0.77384,0.0
-0.00600,0.77384,0.0
-0.43800,0.77384,0.0
0.52500,0.77090,0.0
-0.56400,0.77090,0.0
0.32400,0.77090,0.0
-0.26100,0.77090,0.0
0.23700,0.77090,0.0
0.33000,0.77090,0.0
-0.60000,0.77090,0.0
-0.24900,0.77090,0.0
-0.46800,0.77090,0.0
-0.32700,0.77090,0.0
-0.03600,0.77090,0.0
0.55500,0.77090,0.0
-0.66000,0.77090,0.0
-0.09900,0.77090,0.0
0.55200,0.77090,0.0
0.12600,0.77090,0.0
-0.48000,0.77090,0.0
0.58800,0.77090,0.0
0.22500,0.77090,0.0
0.09600,0.77090,0.0
-0.60600,0.77090,0.0
0.49200,0.77090,0.0
-0.38400,0.77090,0.0
-0.30300,0.77090,0.0
0.27900,0.77090,0.0
-0.07800,0.77090,0.0
0.33300,0.77090,0.0
-0.32100,0.77090,0.0
-0.17700,0.77090,0.0
-0.24300,0.77090,0.0
-0.36300,0.77090,0.0
0.00600,0.77090,0.0
0.00900,0.77090,0.0
-0.32400,0.77090,0.0
-0.56100,0.77090,0.0
-0.06900,0.77090,0.0
-0.23400,0.77090,0.0
-0.55200,0.77090,0.0
-0.46500,0.77090,0.0
0.32100,0.77090,0.0
-0.60900,0.77090,0.0
-0.52800,0.77090,0.0
0.10800,0.77090,0.0
0.21000,0.77090,0.0
-0.43500,0.77090,0.0
0.42300,0.77090,0.0
0.31800,0.77090,0.0
0.36900,0.77090,0.0
0.08700,0.77090,0.0
-0.19500,0.77090,0.0
0.16200,0.77090,0.0
0.45000,0.77090,0.0
-0.43800,0.77090,0.0
0.21300,0.77090,0.0
-0.10200,0.77090,0.0
-0.65100,0.77090,0.0
-0.54600,0.77090,0.0
-0.05100,0.77090,0.0
0.39300,0.77090,0.0
0.38700,0.77090,0.0
-0.43200,0.77090,0.0
-0.29700,0.77090,0.0
-0.41700,0.77090,0.0
0.43500,0.77090,0.0
-0.62700,0.77090,0.0
-0.13200,0.77090,0.0
0.38100,0.77090,0.0
0.52800,0.77090,0.0
-0.37500,0.77090,0.0
0.59700,0.77090,0.0
0.25500,0.77090,0.0
0.48000,0.77090,0.0
0.28800,0.77090,0.0
-0.24600,0.77090,0.0
-0.36000,0.77090,0.0
-0.29100,0.77090,0.0
-0.57600,0.77090,0.0
-0.49500,0.77090,0.0
-0.12300,0.77090,0.0
-0.58800,0.76795,0.0
0.53400,0.76795,0.0
-0.30600,0.76795,0.0
-0.51000,0.76795,0.0
-0.38400,0.76795,0.0
-0.31200,0.76795,0.0
-0.20100,0.76795,0.0
0.12300,0.76795,0.0
-0.38700,0.76795,0.0
0.27600,0.76795,0.0
0.47700,0.76795,0.0
0.33600,0.76795,0.0
-0.50700,0.76795,0.0
-0.49800,0.76795,0.0
0.19500,0.76795,0.0
0.46800,0.76795,0.0
0.53100,0.76795,0.0
0.45600,0.76795,0.0
-0.54600,0.76795,0.0
0.25200,0.76795,0.0
0.12000,0.76795,0.0
0.33900,0.76795,0.0
-0.15300,0.76795,0.0
-0.43800,0.76795,0.0
0.19200,0.76795,0.0
0.27300,0.76795,0.0
0.44700,0.76795,0.0
0.10500,0.76795,0.0
-0.54300,0.76795,0.0
-0.65700,0.76795,0.0
0.08400,0.76795,0.0
-0.49500,0.76795,0.0
-0.41400,0.76795,0.0
0.58200,0.76795,0.0
-0.10200,0.76795,0.0
0.56700,0.76795,0.0
0.21000,0.76795,0.0
-0.36000,0.76795,0.0
-0.45300,0.76795,0.0
0.17700,0.76795,0.0
0.36600,0.76795,0.0
0.29700,0.76795,0.0
-0.35700,0.76795,0.0
0.28200,0.76795,0.0
0.13200,0.76795,0.0
0.37200,0.76795,0.0
0.09600,0.76795,0.0
0.57600,0.76795,0.0
-0.12000,0.76795,0.0
-0.33900,0.76795,0.0
-0.12600,0.76795,0.0
0.41100,0.76795,0.0
-0.56100,0.76795,0.0
-0.43500,0.76795,0.0
-0.16200,0.76795,0.0
-0.60000,0.76795,0.0
-0.48900,0.76795,0.0
-0.33600,0.76795,0.0
0.50700,0.76795,0.0
0.04500,0.76795,0.0
0.48600,0.76795,0.0
0.36300,0.76795,0.0
-0.12300,0.76795,0.0
0.25500,0.76795,0.0
0.15600,0.76795,0.0
0.34500,0.76795,0.0
-0.56700,0.76795,0.0
-0.62700,0.76795,0.0
0.13800,0.76795,0.0
-0.66300,0.76795,0.0
-0.64200,0.76795,0.0
0.15000,0.76795,0.0
-0.01800,0.76795,0.0
0.02100,0.76795,0.0
0.15300,0.76795,0.0
-0.36900,0.76795,0.0
0.24300,0.76795,0.0
-0.47400,0.76795,0.0
-0.56400,0.76795,0.0
-0.54900,0.76795,0.0
0.52500,0.76500,0.0
-0.62100,0.76500,0.0
-0.07500,0.76500,0.0
0.03600,0.76500,0.0
0.10200,0.76500,0.0
-0.08700,0.76500,0.0
-0.46200,0.76500,0.0
-0.53100,0.76500,0.0
0.36300,0.76500,0.0
0.56100,0.76500,0.0
0.33000,0.76500,0.0
0.56400,0.76500,0.0
0.48300,0.76500,0.0
-0.53700,0.76500,0.0
-0.24000,0.76500,0.0
0.38100,0.76500,0.0
-0.58200,0.76500,0.0
-0.39000,0.76500,0.0
0.06900,0.76500,0.0
0.57600,0.76500,0.0
0.44700,0.76500,0.0
0.40200,0.76500,0.0
0.40500,0.76500,0.0
0.53400,0.76500,0.0
0.03300,0.76500,0.0
-0.06300,0.76500,0.0
0.14100,0.76500,0.0
0.14700,0.76500,0.0
-0.30600,0.76500,0.0
-0.28500,0.76500,0.0
0.12600,0.76500,0.0
-0.61200,0.76500,0.0
-0.42300,0.76500,0.0
-0.56100,0.76500,0.0
-0.52200,0.76500,0.0
-0.65700,0.76500,0.0
-0.24300,0.76500,0.0
-0.11400,0.76500,0.0
0.00000,0.76500,0.0
0.23400,0.76500,0.0
0.03900,0.76500,0.0
-0.32400,0.76500,0.0
-0.35700,0.76500,0.0
0.00300,0.76500,0.0
-0.31800,0.76500,0.0
-0.54600,0.76500,0.0
-0.11700,0.76500,0.0
0.42900,0.76500,0.0
-0.15000,0.76500,0.0
-0.25200,0.76500,0.0
-0.30900,0.76500,0.0
-0.05700,0.76500,0.0
-0.42600,0.76500,0.0
0.11400,0.76500,0.0
0.28200,0.76500,0.0
0.29700,0.76500,0.0
-0.35100,0.76500,0.0
-0.15900,0.76500,0.0
-0.17100,0.76500,0.0
-0.23400,0.76500,0.0
-0.27900,0.76500,0.0
-0.18900,0.76500,0.0
0.46500,0.76500,0.0
0.41700,0.76500,0.0
0.30300,0.76205,0.0
-0.01200,0.76205,0.0
-0.59100,0.76205,0.0
-0.51300,0.76205,0.0
0.06000,0.76205,0.0
-0.41700,0.76205,0.0
0.33000,0.76205,0.0
0.29100,0.76205,0.0
-0.36900,0.76205,0.0
-0.12300,0.76205,0.0
0.50400,0.76205,0.0
0.51600,0.76205,0.0
0.08400,0.76205,0.0
-0.54000,0.76205,0.0
0.07500,0.76205,0.0
0.29700,0.76205,0.0
0.24300,0.76205,0.0
-0.61500,0.76205,0.0
0.50100,0.76205,0.0
0.25200,0.76205,0.0
-0.23100,0.76205,0.0
0.42900,0.76205,0.0
-0.07200,0.76205,0.0
-0.50100,0.76205,0.0
0.50700,0.76205,0.0
0.31500,0.76205,0.0
0.27000,0.76205,0.0
-0.40500,0.76205,0.0
-0.27600,0.76205,0.0
0.09900,0.76205,0.0
-0.31800,0.76205,0.0
0.04800,0.76205,0.0
-0.38400,0.76205,0.0
-0.41400,0.76205,0.0
-0.24600,0.76205,0.0
0.36300,0.76205,0.0
0.31800,0.76205,0.0
-0.09900,0.76205,0.0
-0.39600,0.76205,0.0
0.17100,0.76205,0.0
0.59700,0.76205,0.0
-0.48300,0.76205,0.0
-0.54600,0.76205,0.0
0.44100,0.76205,0.0
0.58500,0.76205,0.0
0.56700,0.76205,0.0
0.23700,0.76205,0.0
0.38400,0.76205,0.0
-0.36600,0.76205,0.0
0.21300,0.76205,0.0
0.61500,0.76205,0.0
0.40200,0.76205,0.0
0.29400,0.76205,0.0
0.13500,0.76205,0.0
0.12900,0.76205,0.0
0.05100,0.76205,0.0
-0.48900,0.76205,0.0
0.32100,0.76205,0.0
0.57000,0.76205,0.0
0.61200,0.76205,0.0
-0.26100,0.76205,0.0
0.19500,0.76205,0.0
0.38100,0.76205,0.0
-0.28800,0.76205,0.0
0.14400,0.76205,0.0
-0.05700,0.76205,0.0
-0.30600,0.76205,0.0
-0.51600,0.75910,0.0
-0.06600,0.75910,0.0
-0.42300,0.75910,0.0
0.04800,0.75910,0.0
-0.49800,0.75910,0.0
0.17700,0.75910,0.0
-0.06900,0.75910,0.0
-0.46800,0.75910,0.0
0.37500,0.75910,0.0
-0.56700,0.75910,0.0
0.05700,0.75910,0.0
-0.28500,0.75910,0.0
-0.10500,0.75910,0.0
-0.14400,0.75910,0.0
-0.12000,0.75910,0.0
-0.65700,0.75910,0.0
0.30900,0.75910,0.0
0.10800,0.75910,0.0
-0.50400,0.75910,0.0
0.38100,0.75910,0.0
0.03900,0.75910,0.0
0.60600,0.75910,0.0
-0.02100,0.75910,0.0
-0.11700,0.75910,0.0
-0.57900,0.75910,0.0
-0.30000,0.75910,0.0
-0.51900,0.75910,0.0
-0.27300,0.75910,0.0
-0.32700,0.75910,0.0
-0.54000,0.75910,0.0
0.07500,0.75910,0.0
0.53700,0.75910,0.0
-0.48900,0.75910,0.0
-0.42600,0.75910,0.0
0.14700,0.75910,0.0
0.34200,0.75910,0.0
0.58500,0.75910,0.0
0.56100,0.75910,0.0
0.22500,0.75910,0.0
0.42900,0.75910,0.0
0.15300,0.75910,0.0
0.45300,0.75910,0.0
-0.31800,0.75910,0.0
0.42300,0.75910,0.0
-0.41700,0.75910,0.0
0.61200,0.75910,0.0
0.18300,0.75910,0.0
-0.23400,0.75910,0.0
-0.34200,0.75910,0.0
-0.05400,0.75910,0.0
-0.09900,0.75910,0.0
-0.11400,0.75910,0.0
-0.42000,0.75910,0.0
0.08100,0.75910,0.0
-0.14700,0.75910,0.0
0.00000,0.75910,0.0
-0.26400,0.75910,0.0
-0.03900,0.75910,0.0
-0.39600,0.75910,0.0
0.31800,0.75910,0.0
-0.04500,0.75910,0.0
-0.45300,0.75910,0.0
0.29700,0.75910,0.0
-0.59700,0.75910,0.0
-0.24300,0.75910,0.0
0.22200,0.75910,0.0
-0.04800,0.75910,0.0
-0.54600,0.75616,0.0
0.27000,0.75616,0.0
-0.30000,0.75616,0.0
0.42000,0.75616,0.0
-0.46800,0.75616,0.0
-0.54300,0.75616,0.0
0.08700,0.75616,0.0
-0.42000,0.75616,0.0
-0.46500,0.75616,0.0
-0.33300,0.75616,0.0
-0.52800,0.75616,0.0
-0.24600,0.75616,0.0
-0.50700,0.75616,0.0
-0.21900,0.75616,0.0
-0.48000,0.75616,0.0
-0.15600,0.75616,0.0
0.37200,0.75616,0.0
0.05100,0.75616,0.0
-0.31500,0.75616,0.0
0.63900,0.75616,0.0
-0.48600,0.75616,0.0
-0.37500,0.75616,0.0
0.09300,0.75616,0.0
-0.56100,0.75616,0.0
0.40200,0.75616,0.0
0.15000,0.75616,0.0
-0.48900,0.75616,0.0
-0.34500,0.75616,0.0
-0.37200,0.75616,0.0
-0.27900,0.75616,0.0
0.06900,0.75616,0.0
0.45000,0.75616,0.0
0.54600,0.75616,0.0
0.30900,0.75616,0.0
0.16500,0.75616,0.0
0.36900,0.75616,0.0
0.27300,0.75616,0.0
-0.19800,0.75616,0.0
0.52800,0.75616,0.0
0.47100,0.75616,0.0
-0.05700,0.75616,0.0
0.23700,0.75616,0.0
0.50400,0.75616,0.0
-0.34200,0.75616,0.0
0.19800,0.75616,0.0
-0.64800,0.75616,0.0
-0.06300,0.75616,0.0
-0.51300,0.75616,0.0
-0.33900,0.75616,0.0
0.12000,0.75616,0.0
0.08100,0.75616,0.0
-0.09300,0.75616,0.0
-0.25200,0.75616,0.0
-0.43500,0.75616,0.0
-0.36000,0.75616,0.0
0.36300,0.75616,0.0
0.40500,0.75616,0.0
0.08400,0.75616,0.0
0.41700,0.75616,0.0
-0.06600,0.75616,0.0
-0.44400,0.75616,0.0
0.28200,0.75616,0.0
-0.02100,0.75616,0.0
-0.01800,0.75616,0.0
-0.47400,0.75616,0.0
0.58200,0.75616,0.0
0.62400,0.75616,0.0
-0.04800,0.75321,0.0
0.33000,0.75321,0.0
0.48900,0.75321,0.0
0.27300,0.75321,0.0
0.47400,0.75321,0.0
-0.59100,0.75321,0.0
-0.36000,0.75321,0.0
0.05400,0.75321,0.0
0.44100,0.75321,0.0
0.15300,0.75321,0.0
-0.45300,0.75321,0.0
0.08400,0.75321,0.0
-0.25500,0.75321,0.0
0.09600,0.75321,0.0
-0.42000,0.75321,0.0
0.24300,0.75321,0.0
0.25800,0.75321,0.0
0.46800,0.75321,0.0
0.53400,0.75321,0.0
-0.66000,0.75321,0.0
0.31200,0.75321,0.0
-0.44400,0.75321,0.0
0.11100,0.75321,0.0
-0.61800,0.75321,0.0
0.05700,0.75321,0.0
0.20400,0.75321,0.0
-0.47400,0.75321,0.0
-0.17100,0.75321,0.0
-0.56400,0.75321,0.0
-0.66300,0.75321,0.0
-0.42900,0.75321,0.0
0.49800,0.75321,0.0
-0.37200,0.75321,0.0
-0.18900,0.75321,0.0
0.54600,0.75321,0.0
-0.16800,0.75321,0.0
0.10200,0.75321,0.0
0.40800,0.75321,0.0
-0.28200,0.75321,0.0
0.58800,0.75321,0.0
0.40200,0.75321,0.0
-0.44100,0.75321,0.0
-0.55200,0.75321,0.0
-0.35100,0.75321,0.0
-0.15600,0.75321,0.0
-0.29700,0.75321,0.0
0.24000,0.75321,0.0
0.51300,0.75321,0.0
-0.31500,0.75321,0.0
-0.04200,0.75321,0.0
0.36900,0.75321,0.0
-0.60000,0.75321,0.0
-0.45900,0.75321,0.0
0.42600,0.75321,0.0
-0.50100,0.75321,0.0
-0.52500,0.75321,0.0
-0.28500,0.75321,0.0
0.08700,0.75321,0.0
-0.27900,0.75321,0.0
-0.25200,0.75321,0.0
-0.15000,0.75321,0.0
-0.17400,0.75321,0.0
0.09900,0.75321,0.0
0.07500,0.75321,0.0
-0.53100,0.75321,0.0
0.12900,0.75321,0.0
0.48000,0.75321,0.0
0.41100,0.75321,0.0
0.45300,0.75321,0.0
-0.21600,0.75321,0.0
-0.35700,0.75321,0.0
0.30000,0.75321,0.0
-0.58500,0.75321,0.0
0.63300,0.75321,0.0
-0.26100,0.75321,0.0
-0.65100,0.75321,0.0
0.32700,0.75321,0.0
0.34800,0.75321,0.0
-0.31800,0.75321,0.0
-0.62400,0.75321,0.0
0.62100,0.75321,0.0
0.60600,0.75321,0.0
-0.39300,0.75026,0.0
-0.50400,0.75026,0.0
0.05400,0.75026,0.0
0.40800,0.75026,0.0
-0.27600,0.75026,0.0
-0.25200,0.75026,0.0
0.62700,0.75026,0.0
0.25500,0.75026,0.0
-0.19800,0.75026,0.0
-0.40500,0.75026,0.0
-0.15000,0.75026,0.0
0.39900,0.75026,0.0
-0.00600,0.75026,0.0
-0.04800,0.75026,0.0
0.03900,0.75026,0.0
-0.20100,0.75026,0.0
-0.50700,0.75026,0.0
0.23400,0.75026,0.0
-0.54000,0.75026,0.0
-0.19200,0.75026,0.0
0.23700,0.75026,0.0
0.10800,0.75026,0.0
-0.57000,0.75026,0.0
-0.52500,0.75026,0.0
-0.03300,0.75026,0.0
-0.01200,0.75026,0.0
-0.60300,0.75026,0.0
-0.03900,0.75026,0.0
0.03300,0.75026,0.0
-0.53700,0.75026,0.0
0.07800,0.75026,0.0
-0.42000,0.75026,0.0
-0.48300,0.75026,0.0
0.48600,0.75026,0.0
0.55500,0.75026,0.0
0.11400,0.75026,0.0
0.04200,0.75026,0.0
0.35700,0.75026,0.0
0.24300,0.75026,0.0
-0.45000,0.75026,0.0
-0.18000,0.75026,0.0
-0.30600,0.75026,0.0
0.15300,0.75026,0.0
0.05100,0.75026,0.0
-0.08400,0.75026,0.0
-0.48000,0.75026,0.0
-0.15300,0.75026,0.0
-0.62100,0.75026,0.0
0.61500,0.75026,0.0
0.38700,0.75026,0.0
0.30300,0.75026,0.0
0.58500,0.75026,0.0
-0.66000,0.75026,0.0
-0.01800,0.75026,0.0
-0.22200,0.75026,0.0
-0.51900,0.75026,0.0
0.33300,0.75026,0.0
-0.03000,0.75026,0.0
0.09000,0.75026,0.0
0.36300,0.75026,0.0
-0.42300,0.75026,0.0
-0.09300,0.75026,0.0
-0.11700,0.75026,0.0
-0.47400,0.75026,0.0
0.43800,0.75026,0.0
0.36000,0.75026,0.0
-0.36900,0.75026,0.0
-0.57900,0.75026,0.0
0.63000,0.75026,0.0
0.44400,0.75026,0.0
-0.24300,0.75026,0.0
0.58200,0.75026,0.0
0.63300,0.75026,0.0
0.19200,0.75026,0.0
-0.20400,0.74731,0.0
-0.40200,0.74731,0.0
0.10200,0.74731,0.0
0.33300,0.74731,0.0
0.01800,0.74731,0.0
-0.57300,0.74731,0.0
-0.32400,0.74731,0.0
-0.28200,0.74731,0.0
-0.09600,0.74731,0.0
0.16500,0.74731,0.0
0.39600,0.74731,0.0
-0.64200,0.74731,0.0
0.39000,0.74731,0.0
-0.05100,0.74731,0.0
-0.16200,0.74731,0.0
0.34200,0.74731,0.0
-0.33900,0.74731,0.0
-0.34500,0.74731,0.0
-0.45000,0.74731,0.0
0.11700,0.74731,0.0
-0.21000,0.74731,0.0
0.07200,0.74731,0.0
0.41700,0.74731,0.0
0.15900,0.74731,0.0
0.03600,0.74731,0.0
-0.08400,0.74731,0.0
0.37200,0.74731,0.0
-0.47400,0.74731,0.0
-0.07200,0.74731,0.0
-0.04800,0.74731,0.0
0.22500,0.74731,0.0
-0.61500,0.74731,0.0
0.04200,0.74731,0.0
-0.22500,0.74731,0.0
0.55500,0.74731,0.0
-0.00300,0.74731,0.0
0.45900,0.74731,0.0
-0.02100,0.74731,0.0
-0.36000,0.74731,0.0
0.07800,0.74731,0.0
0.57000,0.74731,0.0
-0.60900,0.74731,0.0
-0.27000,0.74731,0.0
0.09000,0.74731,0.0
0.43500,0.74731,0.0
-0.13200,0.74731,0.0
-0.51300,0.74731,0.0
0.33900,0.74731,0.0
0.07500,0.74731,0.0
-0.63300,0.74731,0.0
0.58200,0.74731,0.0
0.43800,0.74731,0.0
-0.42900,0.74731,0.0
0.24600,0.74731,0.0
0.55200,0.74731,0.0
0.55800,0.74731,0.0
-0.44100,0.74731,0.0
-0.31200,0.74731,0.0
0.48600,0.74731,0.0
-0.23700,0.74731,0.0
0.24000,0.74731,0.0
-0.12300,0.74731,0.0
0.21900,0.74731,0.0
0.61500,0.74436,0.0
-0.06300,0.74436,0.0
0.49800,0.74436,0.0
-0.23700,0.74436,0.0
-0.32100,0.74436,0.0
-0.23100,0.74436,0.0
0.56100,0.74436,0.0
-0.05700,0.74436,0.0
-0.49500,0.74436,0.0
-0.45000,0.74436,0.0
0.50700,0.74436,0.0
0.13500,0.74436,0.0
0.45900,0.74436,0.0
0.35100,0.74436,0.0
-0.31800,0.74436,0.0
0.42900,0.74436,0.0
0.18000,0.74436,0.0
0.55500,0.74436,0.0
0.36900,0.74436,0.0
-0.25800,0.74436,0.0
-0.33300,0.74436,0.0
0.17400,0.74436,0.0
0.12300,0.74436,0.0
0.37800,0.74436,0.0
0.31200,0.74436,0.0
0.23400,0.74436,0.0
-0.52200,0.74436,0.0
-0.40500,0.74436,0.0
0.05700,0.74436,0.0
0.44100,0.74436,0.0
0.43500,0.74436,0.0
-0.28500,0.74436,0.0
-0.40200,0.74436,0.0
-0.30600,0.74436,0.0
0.38400,0.74436,0.0
0.53400,0.74436,0.0
0.16500,0.74436,0.0
-0.24600,0.74436,0.0
0.05400,0.74436,0.0
-0.38100,0.74436,0.0
-0.44100,0.74436,0.0
-0.05100,0.74436,0.0
0.03900,0.74436,0.0
0.59400,0.74436,0.0
0.57600,0.74436,0.0
0.01500,0.74436,0.0
0.21000,0.74436,0.0
-0.01200,0.74436,0.0
-0.06600,0.74436,0.0
0.48600,0.74436,0.0
0.63600,0.74436,0.0
-0.04500,0.74436,0.0
0.51600,0.74436,0.0
-0.60000,0.74436,0.0
-0.18900,0.74436,0.0
0.61800,0.74436,0.0
-0.19500,0.74436,0.0
0.52200,0.74436,0.0
-0.31200,0.74436,0.0
-0.00600,0.74436,0.0
0.62100,0.74436,0.0
0.22500,0.74436,0.0
-0.30900,0.74436,0.0
0.12900,0.74436,0.0
0.56400,0.74436,0.0
0.02100,0.74436,0.0
-0.09900,0.74142,0.0
-0.21000,0.74142,0.0
-0.50100,0.74142,0.0
-0.02100,0.74142,0.0
0.32700,0.74142,0.0
0.42600,0.74142,0.0
-0.00900,0.74142,0.0
-0.45900,0.74142,0.0
-0.22800,0.74142,0.0
0.42000,0.74142,0.0
0.57000,0.74142,0.0
0.37200,0.74142,0.0
-0.04800,0.74142,0.0
0.02100,0.74142,0.0
-0.56100,0.74142,0.0
-0.37800,0.74142,0.0
0.27000,0.74142,0.0
0.48300,0.74142,0.0
0.53700,0.74142,0.0
-0.62100,0.74142,0.0
0.39000,0.74142,0.0
-0.47700,0.74142,0.0
-0.25200,0.74142,0.0
-0.43200,0.74142,0.0
0.44700,0.74142,0.0
0.18000,0.74142,0.0
-0.21600,0.74142,0.0
-0.34800,0.74142,0.0
0.36600,0.74142,0.0
0.03300,0.74142,0.0
0.18900,0.74142,0.0
0.60600,0.74142,0.0
-0.66900,0.74142,0.0
0.57300,0.74142,0.0
-0.51300,0.74142,0.0
0.29700,0.74142,0.0
0.33000,0.74142,0.0
-0.48000,0.74142,0.0
0.43800,0.74142,0.0
0.34200,0.74142,0.0
0.62700,0.74142,0.0
-0.32700,0.74142,0.0
-0.36900,0.74142,0.0
0.01800,0.74142,0.0
-0.34200,0.74142,0.0
-0.53700,0.74142,0.0
0.09900,0.74142,0.0
-0.40200,0.74142,0.0
0.32100,0.74142,0.0
0.02400,0.74142,0.0
-0.53100,0.74142,0.0
0.00600,0.74142,0.0
-0.41700,0.74142,0.0
-0.19500,0.74142,0.0
-0.62700,0.74142,0.0
-0.49800,0.74142,0.0
-0.30600,0.74142,0.0
-0.46800,0.74142,0.0
-0.04200,0.74142,0.0
-0.27900,0.74142,0.0
-0.03000,0.74142,0.0
-0.38100,0.74142,0.0
0.50100,0.74142,0.0
-0.16200,0.74142,0.0
0.58800,0.74142,0.0
0.06300,0.74142,0.0
-0.64800,0.74142,0.0
-0.23400,0.74142,0.0
-0.30000,0.73847,0.0
0.20400,0.73847,0.0
-0.06300,0.73847,0.0
-0.54300,0.73847,0.0
0.43200,0.73847,0.0
0.36000,0.73847,0.0
-0.27900,0.73847,0.0
-0.61200,0.73847,0.0
0.38700,0.73847,0.0
0.65100,0.73847,0.0
0.54600,0.73847,0.0
0.33300,0.73847,0.0
0.02400,0.73847,0.0
0.63600,0.73847,0.0
0.17100,0.73847,0.0
-0.12600,0.73847,0.0
0.30300,0.73847,0.0
-0.37200,0.73847,0.0
-0.12000,0.73847,0.0
0.57900,0.73847,0.0
0.44700,0.73847,0.0
-0.51300,0.73847,0.0
0.22200,0.73847,0.0
0.49800,0.73847,0.0
-0.27300,0.73847,0.0
-0.65400,0.73847,0.0
-0.07500,0.73847,0.0
0.52200,0.73847,0.0
-0.05700,0.73847,0.0
0.12600,0.73847,0.0
0.38100,0.73847,0.0
-0.42000,0.73847,0.0
0.18600,0.73847,0.0
0.12900,0.73847,0.0
-0.52200,0.73847,0.0
-0.64500,0.73847,0.0
-0.28200,0.73847,0.0
0.06900,0.73847,0.0
0.53700,0.73847,0.0
0.45000,0.73847,0.0
0.27000,0.73847,0.0
0.34500,0.73847,0.0
-0.63900,0.73847,0.0
-0.41400,0.73847,0.0
-0.32700,0.73847,0.0
0.53400,0.73847,0.0
-0.24300,0.73847,0.0
-0.62400,0.73847,0.0
-0.07800,0.73847,0.0
-0.61500,0.73847,0.0
0.55200,0.73847,0.0
-0.35100,0.73847,0.0
-0.16800,0.73847,0.0
-0.52500,0.73847,0.0
0.11100,0.73847,0.0
0.51600,0.73847,0.0
0.17700,0.73847,0.0
-0.31800,0.73847,0.0
-0.33600,0.73847,0.0
-0.17400,0.73847,0.0
0.51900,0.73847,0.0
-0.27600,0.73847,0.0
-0.48300,0.73847,0.0
-0.14700,0.73847,0.0
0.16800,0.73847,0.0
0.63000,0.73847,0.0
-0.30600,0.73847,0.0
0.11700,0.73847,0.0
-0.42300,0.73847,0.0
-0.40200,0.73847,0.0
-0.39300,0.73847,0.0
0.59700,0.73847,0.0
0.62100,0.73847,0.0
0.32700,0.73847,0.0
0.25200,0.73552,0.0
-0.26400,0.73552,0.0
0.12000,0.73552,0.0
-0.09900,0.73552,0.0
-0.04200,0.73552,0.0
0.50100,0.73552,0.0
-0.15000,0.73552,0.0
0.46200,0.73552,0.0
0.10500,0.73552,0.0
0.16800,0.73552,0.0
0.33300,0.73552,0.0
0.48000,0.73552,0.0
-0.53100,0.73552,0.0
0.45000,0.73552,0.0
-0.51000,0.73552,0.0
-0.60300,0.73552,0.0
-0.45600,0.73552,0.0
0.27000,0.73552,0.0
0.55800,0.73552,0.0
0.26100,0.73552,0.0
-0.22500,0.73552,0.0
0.64500,0.73552,0.0
0.18000,0.73552,0.0
-0.18900,0.73552,0.0
-0.48900,0.73552,0.0
0.35400,0.73552,0.0
0.47100,0.73552,0.0
-0.53400,0.73552,0.0
0.01800,0.73552,0.0
0.20100,0.73552,0.0
-0.28200,0.73552,0.0
-0.63000,0.73552,0.0
0.22800,0.73552,0.0
0.30300,0.73552,0.0
-0.52200,0.73552,0.0
-0.42900,0.73552,0.0
-0.25800,0.73552,0.0
-0.18000,0.73552,0.0
0.03000,0.73552,0.0
-0.09300,0.73552,0.0
0.04500,0.73552,0.0
-0.45000,0.73552,0.0
0.60900,0.73552,0.0
-0.39300,0.73552,0.0
0.03900,0.73552,0.0
-0.23700,0.73552,0.0
0.02700,0.73552,0.0
0.07200,0.73552,0.0
0.55500,0.73552,0.0
-0.40200,0.73552,0.0
-0.48000,0.73552,0.0
-0.23100,0.73552,0.0
0.56100,0.73552,0.0
0.37800,0.73552,0.0
-0.66900,0.73552,0.0
-0.15600,0.73552,0.0
-0.21900,0.73552,0.0
-0.17400,0.73552,0.0
0.65400,0.73552,0.0
-0.60900,0.73552,0.0
0.10800,0.73552,0.0
0.57000,0.73552,0.0
0.30000,0.73552,0.0
-0.51300,0.73552,0.0
-0.01800,0.73552,0.0
-0.34500,0.73552,0.0
-0.30300,0.73552,0.0
-0.52800,0.73552,0.0
0.34800,0.73552,0.0
0.36600,0.73552,0.0
-0.27900,0.73552,0.0
-0.00600,0.73552,0.0
-0.35700,0.73552,0.0
0.24600,0.73552,0.0
-0.65700,0.73552,0.0
-0.41100,0.73552,0.0
0.51600,0.73552,0.0
0.60600,0.73552,0.0
0.22200,0.73552,0.0
-0.05700,0.73552,0.0
-0.04500,0.73552,0.0
0.34200,0.73552,0.0
0.56400,0.73552,0.0
-0.38100,0.73257,0.0
-0.21300,0.73257,0.0
-0.04200,0.73257,0.0
0.59100,0.73257,0.0
-0.65700,0.73257,0.0
-0.68100,0.73257,0.0
0.25200,0.73257,0.0
-0.49800,0.73257,0.0
-0.63600,0.73257,0.0
-0.47700,0.73257,0.0
-0.37500,0.73257,0.0
-0.33000,0.73257,0.0
-0.18300,0.73257,0.0
0.48000,0.73257,0.0
0.24900,0.73257,0.0
-0.09600,0.73257,0.0
0.12600,0.73257,0.0
0.37800,0.73257,0.0
0.36900,0.73257,0.0
0.20100,0.73257,0.0
0.54900,0.73257,0.0
0.04800,0.73257,0.0
0.09000,0.73257,0.0
0.51900,0.73257,0.0
-0.19500,0.73257,0.0
0.54600,0.73257,0.0
0.13800,0.73257,0.0
0.42600,0.73257,0.0
0.27300,0.73257,0.0
0.55500,0.73257,0.0
-0.09900,0.73257,0.0
-0.32400,0.73257,0.0
0.54300,0.73257,0.0
0.34200,0.73257,0.0
0.06000,0.73257,0.0
0.15900,0.73257,0.0
-0.47100,0.73257,0.0
-0.34800,0.73257,0.0
-0.36000,0.73257,0.0
0.34800,0.73257,0.0
0.63900,0.73257,0.0
0.40800,0.73257,0.0
-0.62700,0.73257,0.0
-0.30900,0.73257,0.0
-0.49200,0.73257,0.0
0.12300,0.73257,0.0
-0.24000,0.73257,0.0
-0.08700,0.73257,0.0
0.35400,0.73257,0.0
0.00600,0.73257,0.0
-0.05700,0.73257,0.0
0.27000,0.73257,0.0
0.61500,0.73257,0.0
0.29400,0.73257,0.0
0.57600,0.73257,0.0
-0.59100,0.73257,0.0
0.05100,0.73257,0.0
-0.46500,0.73257,0.0
0.46800,0.73257,0.0
0.27600,0.73257,0.0
0.13500,0.72962,0.0
0.07200,0.72962,0.0
0.09600,0.72962,0.0
-0.46800,0.72962,0.0
0.21000,0.72962,0.0
-0.61200,0.72962,0.0
-0.42300,0.72962,0.0
-0.62100,0.72962,0.0
-0.14100,0.72962,0.0
0.20400,0.72962,0.0
0.15600,0.72962,0.0
0.28200,0.72962,0.0
0.33600,0.72962,0.0
-0.50100,0.72962,0.0
0.11400,0.72962,0.0
-0.47100,0.72962,0.0
-0.38100,0.72962,0.0
0.43500,0.72962,0.0
-0.66600,0.72962,0.0
0.21300,0.72962,0.0
0.03300,0.72962,0.0
0.33300,0.72962,0.0
-0.28200,0.72962,0.0
-0.00900,0.72962,0.0
-0.15600,0.72962,0.0
0.05700,0.72962,0.0
-0.41700,0.72962,0.0
-0.17700,0.72962,0.0
0.47700,0.72962,0.0
0.65700,0.72962,0.0
-0.37200,0.72962,0.0
-0.50700,0.72962,0.0
-0.03000,0.72962,0.0
0.36900,0.72962,0.0
-0.32700,0.72962,0.0
-0.67800,0.72962,0.0
-0.37500,0.72962,0.0
-0.16200,0.72962,0.0
0.48600,0.72962,0.0
-0.18900,0.72962,0.0
-0.54900,0.72962,0.0
0.29700,0.72962,0.0
-0.68100,0.72962,0.0
0.17700,0.72962,0.0
0.42900,0.72962,0.0
-0.06600,0.72962,0.0
0.14700,0.72962,0.0
-0.09600,0.72962,0.0
0.47400,0.72962,0.0
-0.66000,0.72962,0.0
0.10800,0.72962,0.0
0.02700,0.72962,0.0
-0.18600,0.72962,0.0
0.56700,0.72962,0.0
-0.65700,0.72962,0.0
0.53100,0.72962,0.0
-0.48900,0.72962,0.0
-0.64200,0.72962,0.0
-0.35700,0.72962,0.0
0.63000,0.72962,0.0
0.12300,0.72962,0.0
-0.47400,0.72962,0.0
0.53700,0.72962,0.0
0.34200,0.72962,0.0
0.44100,0.72962,0.0
0.61500,0.72962,0.0
0.45600,0.72962,0.0
0.10500,0.72962,0.0
0.30600,0.72962,0.0
-0.20100,0.72962,0.0
-0.12000,0.72962,0.0
-0.23400,0.72962,0.0
0.39000,0.72962,0.0
-0.20400,0.72962,0.0
0.13200,0.72962,0.0
0.61200,0.72962,0.0
-0.66300,0.72962,0.0
-0.01800,0.72962,0.0
-0.01500,0.72962,0.0
0.04500,0.72962,0.0
0.29100,0.72962,0.0
0.21600,0.72668,0.0
0.44400,0.72668,0.0
0.11100,0.72668,0.0
0.38400,0.72668,0.0
0.43500,0.72668,0.0
0.43200,0.72668,0.0
-0.35100,0.72668,0.0
0.39000,0.72668,0.0
-0.50400,0.72668,0.0
-0.30600,0.72668,0.0
0.59400,0.72668,0.0
0.35700,0.72668,0.0
-0.30900,0.72668,0.0
-0.12900,0.72668,0.0
-0.46200,0.72668,0.0
0.36900,0.72668,0.0
0.36300,0.72668,0.0
0.60300,0.72668,0.0
-0.14700,0.72668,0.0
-0.50100,0.72668,0.0
-0.53700,0.72668,0.0
0.29700,0.72668,0.0
0.54600,0.72668,0.0
-0.18000,0.72668,0.0
-0.66300,0.72668,0.0
0.22800,0.72668,0.0
-0.33600,0.72668,0.0
0.15000,0.72668,0.0
-0.00900,0.72668,0.0
-0.27300,0.72668,0.0
-0.23400,0.72668,0.0
0.06000,0.72668,0.0
-0.45300,0.72668,0.0
0.01800,0.72668,0.0
-0.02400,0.72668,0.0
0.25800,0.72668,0.0
-0.37800,0.72668,0.0
0.66000,0.72668,0.0
-0.38400,0.72668,0.0
-0.47700,0.72668,0.0
-0.52200,0.72668,0.0
-0.19500,0.72668,0.0
-0.09000,0.72668,0.0
-0.14100,0.72668,0.0
-0.27600,0.72668,0.0
-0.49500,0.72668,0.0
0.56100,0.72668,0.0
-0.08700,0.72668,0.0
-0.45900,0.72668,0.0
0.59100,0.72668,0.0
-0.68100,0.72668,0.0
-0.40800,0.72668,0.0
-0.13500,0.72668,0.0
-0.46500,0.72668,0.0
0.57900,0.72668,0.0
0.62100,0.72668,0.0
-0.57000,0.72668,0.0
0.42600,0.72668,0.0
-0.42000,0.72668,0.0
-0.18900,0.72668,0.0
-0.37200,0.72668,0.0
0.33600,0.72668,0.0
0.39600,0.72668,0.0
-0.54000,0.72668,0.0
-0.10800,0.72668,0.0
-0.00600,0.72668,0.0
-0.42600,0.72668,0.0
0.16200,0.72668,0.0
0.41100,0.72668,0.0
0.37200,0.72668,0.0
0.11400,0.72668,0.0
-0.19800,0.72668,0.0
0.15300,0.72668,0.0
0.05400,0.72668,0.0
-0.53400,0.72668,0.0
0.04200,0.72668,0.0
0.28800,0.72668,0.0
0.33000,0.72668,0.0
0.24600,0.72668,0.0
0.05100,0.72668,0.0
0.41400,0.72668,0.0
-0.46800,0.72373,0.0
-0.01200,0.72373,0.0
-0.30000,0.72373,0.0
-0.34200,0.72373,0.0
0.15300,0.72373,0.0
0.26700,0.72373,0.0
-0.59700,0.72373,0.0
-0.31200,0.72373,0.0
0.56400,0.72373,0.0
-0.67800,0.72373,0.0
0.48900,0.72373,0.0
-0.12000,0.72373,0.0
0.11100,0.72373,0.0
-0.29700,0.72373,0.0
0.40800,0.72373,0.0
0.31500,0.72373,0.0
0.33600,0.72373,0.0
0.42000,0.72373,0.0
0.13800,0.72373,0.0
0.00000,0.72373,0.0
0.54300,0.72373,0.0
0.07500,0.72373,0.0
-0.58200,0.72373,0.0
-0.42900,0.72373,0.0
-0.61800,0.72373,0.0
-0.42300,0.72373,0.0
0.57000,0.72373,0.0
0.06600,0.72373,0.0
-0.62400,0.72373,0.0
-0.63600,0.72373,0.0
0.07800,0.72373,0.0
0.62700,0.72373,0.0
-0.51000,0.72373,0.0
0.62100,0.72373,0.0
0.13200,0.72373,0.0
-0.13500,0.72373,0.0
0.03300,0.72373,0.0
0.14700,0.72373,0.0
0.63900,0.72373,0.0
-0.62100,0.72373,0.0
-0.15900,0.72373,0.0
0.52500,0.72373,0.0
0.17400,0.72373,0.0
0.32400,0.72373,0.0
0.20100,0.72373,0.0
0.26100,0.72373,0.0
-0.54300,0.72373,0.0
-0.14100,0.72373,0.0
-0.06600,0.72373,0.0
-0.63000,0.72373,0.0
0.28500,0.72373,0.0
-0.52500,0.72373,0.0
0.63300,0.72373,0.0
0.22800,0.72373,0.0
-0.45300,0.72373,0.0
0.60600,0.72373,0.0
-0.12600,0.72373,0.0
-0.36900,0.72373,0.0
-0.05700,0.72373,0.0
0.02400,0.72373,0.0
0.09900,0.72373,0.0
0.38400,0.72373,0.0
0.03900,0.72373,0.0
-0.62700,0.72373,0.0
-0.41400,0.72373,0.0
0.09900,0.72078,0.0
0.33600,0.72078,0.0
0.00600,0.72078,0.0
-0.63600,0.72078,0.0
0.39000,0.72078,0.0
-0.57000,0.72078,0.0
0.11400,0.72078,0.0
0.56400,0.72078,0.0
-0.53400,0.72078,0.0
0.46200,0.72078,0.0
-0.06600,0.72078,0.0
-0.01800,0.72078,0.0
0.42600,0.72078,0.0
0.30900,0.72078,0.0
-0.30600,0.72078,0.0
0.43500,0.72078,0.0
0.33300,0.72078,0.0
-0.39000,0.72078,0.0
0.30000,0.72078,0.0
0.05100,0.72078,0.0
0.07500,0.72078,0.0
0.66300,0.72078,0.0
0.43800,0.72078,0.0
0.66000,0.72078,0.0
0.31200,0.72078,0.0
0.09000,0.72078,0.0
0.12000,0.72078,0.0
-0.57600,0.72078,0.0
0.27600,0.72078,0.0
-0.39300,0.72078,0.0
-0.63300,0.72078,0.0
-0.23100,0.72078,0.0
-0.51600,0.72078,0.0
0.50100,0.72078,0.0
0.66600,0.72078,0.0
-0.05700,0.72078,0.0
-0.66000,0.72078,0.0
-0.47100,0.72078,0.0
0.04200,0.72078,0.0
-0.27600,0.72078,0.0
-0.41700,0.72078,0.0
0.47100,0.72078,0.0
-0.44400,0.72078,0.0
0.60000,0.72078,0.0
-0.32100,0.72078,0.0
-0.26100,0.72078,0.0
-0.02700,0.72078,0.0
-0.02100,0.72078,0.0
-0.30900,0.72078,0.0
-0.49200,0.72078,0.0
0.00000,0.71783,0.0
0.33600,0.71783,0.0
0.53400,0.71783,0.0
-0.58800,0.71783,0.0
0.39000,0.71783,0.0
-0.29700,0.71783,0.0
-0.54900,0.71783,0.0
-0.12300,0.71783,0.0
0.47400,0.71783,0.0
0.21900,0.71783,0.0
-0.49500,0.71783,0.0
0.51300,0.71783,0.0
-0.21000,0.71783,0.0
0.30300,0.71783,0.0
0.51000,0.71783,0.0
0.45300,0.71783,0.0
-0.19500,0.71783,0.0
0.38400,0.71783,0.0
0.12300,0.71783,0.0
0.61200,0.71783,0.0
-0.13200,0.71783,0.0
-0.24300,0.71783,0.0
0.46800,0.71783,0.0
0.23100,0.71783,0.0
0.30000,0.71783,0.0
-0.46500,0.71783,0.0
0.49200,0.71783,0.0
0.23700,0.71783,0.0
-0.13500,0.71783,0.0
0.54000,0.71783,0.0
-0.09900,0.71783,0.0
-0.03300,0.71783,0.0
-0.19200,0.71783,0.0
-0.37200,0.71783,0.0
0.61800,0.71783,0.0
0.06900,0.71783,0.0
-0.34200,0.71783,0.0
-0.43500,0.71783,0.0
0.63300,0.71783,0.0
0.48600,0.71783,0.0
-0.26400,0.71783,0.0
0.36000,0.71783,0.0
-0.16500,0.71783,0.0
-0.31500,0.71783,0.0
0.45600,0.71783,0.0
0.00900,0.71783,0.0
-0.12600,0.71783,0.0
-0.62700,0.71783,0.0
-0.01500,0.71783,0.0
-0.00900,0.71783,0.0
-0.09300,0.71783,0.0
0.36900,0.71783,0.0
0.37800,0.71783,0.0
0.28200,0.71783,0.0
0.50100,0.71783,0.0
0.43200,0.71783,0.0
0.46200,0.71783,0.0
0.32700,0.71783,0.0
-0.45000,0.71783,0.0
0.43800,0.71783,0.0
-0.54300,0.71783,0.0
0.36300,0.71783,0.0
-0.62100,0.71783,0.0
0.58500,0.71783,0.0
0.38100,0.71783,0.0
-0.66600,0.71783,0.0
0.01800,0.71783,0.0
0.41400,0.71783,0.0
-0.42900,0.71783,0.0
-0.27900,0.71783,0.0
0.49200,0.71488,0.0
-0.57900,0.71488,0.0
0.17100,0.71488,0.0
0.34800,0.71488,0.0
0.44400,0.71488,0.0
-0.42900,0.71488,0.0
-0.12000,0.71488,0.0
-0.34500,0.71488,0.0
-0.41700,0.71488,0.0
-0.14400,0.71488,0.0
-0.42600,0.71488,0.0
-0.08100,0.71488,0.0
-0.69000,0.71488,0.0
0.28200,0.71488,0.0
-0.25200,0.71488,0.0
0.22500,0.71488,0.0
-0.03300,0.71488,0.0
-0.11400,0.71488,0.0
-0.05400,0.71488,0.0
0.10800,0.71488,0.0
-0.60600,0.71488,0.0
-0.04200,0.71488,0.0
0.29700,0.71488,0.0
0.41700,0.71488,0.0
-0.18900,0.71488,0.0
0.36300,0.71488,0.0
0.12900,0.71488,0.0
0.03900,0.71488,0.0
0.10200,0.71488,0.0
0.50400,0.71488,0.0
0.24300,0.71488,0.0
-0.15600,0.71488,0.0
-0.22200,0.71488,0.0
-0.13500,0.71488,0.0
-0.05100,0.71488,0.0
0.39900,0.71488,0.0
-0.33900,0.71488,0.0
0.30000,0.71488,0.0
-0.40800,0.71488,0.0
0.11400,0.71488,0.0
-0.63600,0.71488,0.0
0.07500,0.71488,0.0
-0.47400,0.71488,0.0
-0.49500,0.71488,0.0
-0.15300,0.71488,0.0
0.02700,0.71488,0.0
0.46200,0.71488,0.0
0.37200,0.71488,0.0
0.40500,0.71488,0.0
0.32100,0.71488,0.0
-0.26100,0.71488,0.0
-0.41400,0.71488,0.0
-0.21900,0.71488,0.0
0.29400,0.71488,0.0
-0.34800,0.71488,0.0
0.52200,0.71488,0.0
-0.26400,0.71488,0.0
-0.11100,0.71488,0.0
0.27600,0.71488,0.0
-0.66300,0.71488,0.0
-0.60900,0.71488,0.0
0.10500,0.71488,0.0
0.52500,0.71488,0.0
-0.47700,0.71488,0.0
-0.19500,0.71488,0.0
0.42300,0.71488,0.0
-0.45000,0.71488,0.0
-0.01500,0.71488,0.0
0.61800,0.71488,0.0
-0.62100,0.71488,0.0
-0.00600,0.71488,0.0
0.57000,0.71488,0.0
0.65700,0.71488,0.0
0.38100,0.71488,0.0
0.17700,0.71488,0.0
0.06900,0.71488,0.0
-0.02400,0.71488,0.0
-0.07500,0.71488,0.0
0.42600,0.71488,0.0
0.35100,0.71488,0.0
-0.00300,0.71488,0.0
0.51900,0.71488,0.0
-0.32100,0.71488,0.0
-0.54000,0.71488,0.0
-0.23100,0.71488,0.0
0.63900,0.71194,0.0
0.35400,0.71194,0.0
-0.33600,0.71194,0.0
-0.65100,0.71194,0.0
0.41400,0.71194,0.0
0.41700,0.71194,0.0
-0.06000,0.71194,0.0
0.37500,0.71194,0.0
0.23400,0.71194,0.0
0.26700,0.71194,0.0
-0.14400,0.71194,0.0
-0.24300,0.71194,0.0
0.50100,0.71194,0.0
0.47100,0.71194,0.0
-0.67500,0.71194,0.0
-0.48600,0.71194,0.0
0.36000,0.71194,0.0
-0.21900,0.71194,0.0
0.08400,0.71194,0.0
0.15900,0.71194,0.0
-0.02100,0.71194,0.0
0.49200,0.71194,0.0
-0.05700,0.71194,0.0
0.52800,0.71194,0.0
0.54900,0.71194,0.0
0.31500,0.71194,0.0
0.47400,0.71194,0.0
0.63000,0.71194,0.0
0.26100,0.71194,0.0
0.55200,0.71194,0.0
0.36300,0.71194,0.0
-0.24600,0.71194,0.0
0.07500,0.71194,0.0
0.16800,0.71194,0.0
0.32400,0.71194,0.0
0.48000,0.71194,0.0
0.55500,0.71194,0.0
0.59400,0.71194,0.0
-0.50400,0.71194,0.0
-0.49500,0.71194,0.0
-0.18300,0.71194,0.0
-0.29700,0.71194,0.0
-0.05400,0.71194,0.0
-0.68100,0.71194,0.0
0.43800,0.71194,0.0
-0.21600,0.71194,0.0
-0.27300,0.71194,0.0
0.57600,0.71194,0.0
-0.44100,0.71194,0.0
-0.09600,0.71194,0.0
-0.37200,0.71194,0.0
-0.25800,0.71194,0.0
0.19800,0.71194,0.0
0.38700,0.71194,0.0
-0.57900,0.71194,0.0
0.58800,0.71194,0.0
0.19500,0.71194,0.0
0.37800,0.71194,0.0
0.04800,0.71194,0.0
-0.19500,0.71194,0.0
-0.34200,0.71194,0.0
0.44400,0.71194,0.0
-0.12600,0.71194,0.0
-0.45900,0.71194,0.0
-0.61500,0.71194,0.0
-0.21000,0.71194,0.0
-0.22200,0.71194,0.0
0.56100,0.71194,0.0
0.42900,0.71194,0.0
0.65700,0.71194,0.0
-0.00300,0.71194,0.0
-0.51000,0.71194,0.0
0.66900,0.71194,0.0
-0.28500,0.71194,0.0
0.63300,0.71194,0.0
-0.27600,0.71194,0.0
0.00300,0.71194,0.0
0.12900,0.71194,0.0
-0.13800,0.71194,0.0
-0.46200,0.71194,0.0
-0.47700,0.71194,0.0
0.47700,0.71194,0.0
0.30900,0.71194,0.0
0.35700,0.70899,0.0
0.41100,0.70899,0.0
-0.19800,0.70899,0.0
0.60900,0.70899,0.0
-0.24300,0.70899,0.0
-0.16500,0.70899,0.0
-0.33000,0.70899,0.0
0.30000,0.70899,0.0
0.32400,0.70899,0.0
0.47400,0.70899,0.0
0.09600,0.70899,0.0
-0.12600,0.70899,0.0
0.50100,0.70899,0.0
-0.08700,0.70899,0.0
0.25200,0.70899,0.0
0.22200,0.70899,0.0
0.48600,0.70899,0.0
-0.34800,0.70899,0.0
-0.33300,0.70899,0.0
0.49200,0.70899,0.0
-0.42600,0.70899,0.0
-0.12300,0.70899,0.0
-0.43800,0.70899,0.0
-0.62700,0.70899,0.0
0.56100,0.70899,0.0
0.02100,0.70899,0.0
-0.31200,0.70899,0.0
0.57900,0.70899,0.0
0.40800,0.70899,0.0
-0.56100,0.70899,0.0
-0.43200,0.70899,0.0
-0.64500,0.70899,0.0
-0.07200,0.70899,0.0
-0.19200,0.70899,0.0
0.20100,0.70899,0.0
0.31800,0.70899,0.0
0.33900,0.70899,0.0
-0.24000,0.70899,0.0
-0.13500,0.70899,0.0
0.32700,0.70899,0.0
-0.19500,0.70899,0.0
0.29700,0.70899,0.0
0.30600,0.70899,0.0
-0.10800,0.70899,0.0
-0.34200,0.70899,0.0
-0.59400,0.70899,0.0
0.25500,0.70899,0.0
-0.31500,0.70899,0.0
0.13200,0.70899,0.0
0.66000,0.70899,0.0
0.02700,0.70899,0.0
0.37200,0.70899,0.0
-0.01800,0.70899,0.0
0.03600,0.70899,0.0
0.46500,0.70899,0.0
0.31200,0.70899,0.0
-0.06000,0.70899,0.0
-0.49200,0.70899,0.0
-0.27600,0.70899,0.0
0.60600,0.70899,0.0
-0.54300,0.70899,0.0
0.60300,0.70899,0.0
-0.36000,0.70899,0.0
-0.59100,0.70899,0.0
-0.43500,0.70899,0.0
-0.36900,0.70899,0.0
-0.42900,0.70899,0.0
-0.21300,0.70899,0.0
0.01500,0.70899,0.0
-0.13800,0.70899,0.0
0.37800,0.70899,0.0
-0.20700,0.70899,0.0
-0.45900,0.70899,0.0
-0.07800,0.70899,0.0
0.63900,0.70899,0.0
0.07200,0.70899,0.0
-0.45000,0.70899,0.0
0.62100,0.70899,0.0
-0.40500,0.70899,0.0
0.26400,0.70899,0.0
-0.36600,0.70899,0.0
-0.01500,0.70899,0.0
-0.18900,0.70899,0.0
0.14100,0.70899,0.0
0.50700,0.70899,0.0
-0.01200,0.70604,0.0
-0.21300,0.70604,0.0
-0.40500,0.70604,0.0
0.60300,0.70604,0.0
-0.08400,0.70604,0.0
-0.07200,0.70604,0.0
-0.64800,0.70604,0.0
0.48900,0.70604,0.0
-0.64200,0.70604,0.0
0.30900,0.70604,0.0
-0.01500,0.70604,0.0
-0.36300,0.70604,0.0
0.56100,0.70604,0.0
-0.23700,0.70604,0.0
-0.59100,0.70604,0.0
0.48000,0.70604,0.0
0.33900,0.70604,0.0
-0.46500,0.70604,0.0
-0.53700,0.70604,0.0
0.15000,0.70604,0.0
0.64200,0.70604,0.0
-0.03000,0.70604,0.0
0.05700,0.70604,0.0
0.39900,0.70604,0.0
-0.04800,0.70604,0.0
-0.15600,0.70604,0.0
0.02400,0.70604,0.0
-0.23100,0.70604,0.0
-0.33300,0.70604,0.0
0.37200,0.70604,0.0
-0.07500,0.70604,0.0
-0.24300,0.70604,0.0
0.49200,0.70604,0.0
0.04500,0.70604,0.0
-0.66900,0.70604,0.0
-0.57000,0.70604,0.0
-0.38400,0.70604,0.0
-0.39600,0.70604,0.0
0.41100,0.70604,0.0
0.58500,0.70604,0.0
0.27600,0.70604,0.0
0.65100,0.70604,0.0
-0.48900,0.70604,0.0
0.52800,0.70604,0.0
0.37800,0.70604,0.0
0.46500,0.70604,0.0
-0.37500,0.70604,0.0
0.45300,0.70604,0.0
0.14400,0.70604,0.0
-0.52800,0.70604,0.0
-0.69300,0.70604,0.0
-0.63900,0.70604,0.0
0.16500,0.70604,0.0
0.10800,0.70604,0.0
0.35700,0.70604,0.0
-0.10200,0.70604,0.0
0.19800,0.70604,0.0
0.19500,0.70604,0.0
-0.35700,0.70604,0.0
-0.45000,0.70604,0.0
0.49500,0.70604,0.0
-0.37800,0.70604,0.0
-0.54900,0.70604,0.0
0.20100,0.70604,0.0
0.67200,0.70604,0.0
-0.42000,0.70604,0.0
0.01800,0.70604,0.0
0.25500,0.70604,0.0
-0.48600,0.70604,0.0
0.56700,0.70604,0.0
0.43200,0.70604,0.0
0.66300,0.70604,0.0
-0.27900,0.70604,0.0
-0.40800,0.70604,0.0
-0.49200,0.70604,0.0
-0.02400,0.70604,0.0
-0.47700,0.70604,0.0
-0.02700,0.70309,0.0
-0.54900,0.70309,0.0
0.22800,0.70309,0.0
-0.23400,0.70309,0.0
0.22200,0.70309,0.0
0.48600,0.70309,0.0
-0.30900,0.70309,0.0
-0.49200,0.70309,0.0
0.05400,0.70309,0.0
-0.32700,0.70309,0.0
0.13500,0.70309,0.0
-0.24300,0.70309,0.0
-0.51600,0.70309,0.0
-0.63600,0.70309,0.0
0.61500,0.70309,0.0
-0.38100,0.70309,0.0
0.22500,0.70309,0.0
-0.24000,0.70309,0.0
0.10800,0.70309,0.0
-0.03000,0.70309,0.0
-0.06000,0.70309,0.0
0.31800,0.70309,0.0
-0.51300,0.70309,0.0
0.50400,0.70309,0.0
0.46200,0.70309,0.0
0.32400,0.70309,0.0
-0.05100,0.70309,0.0
-0.55200,0.70309,0.0
-0.63300,0.70309,0.0
0.48900,0.70309,0.0
-0.33600,0.70309,0.0
-0.38700,0.70309,0.0
0.27600,0.70309,0.0
0.19500,0.70309,0.0
-0.34800,0.70309,0.0
-0.59400,0.70309,0.0
-0.67800,0.70309,0.0
0.15900,0.70309,0.0
-0.01500,0.70309,0.0
0.26400,0.70309,0.0
0.59400,0.70309,0.0
-0.07200,0.70309,0.0
0.08100,0.70309,0.0
-0.39300,0.70309,0.0
0.00600,0.70309,0.0
0.36900,0.70309,0.0
0.00300,0.70309,0.0
-0.22200,0.70309,0.0
-0.27600,0.70309,0.0
-0.37800,0.70309,0.0
0.45600,0.70309,0.0
-0.46800,0.70014,0.0
0.54600,0.70014,0.0
0.28500,0.70014,0.0
-0.16800,0.70014,0.0
0.10500,0.70014,0.0
-0.26400,0.70014,0.0
-0.10500,0.70014,0.0
0.29400,0.70014,0.0
-0.33000,0.70014,0.0
-0.16500,0.70014,0.0
-0.67800,0.70014,0.0
-0.12900,0.70014,0.0
0.56400,0.70014,0.0
-0.18000,0.70014,0.0
0.56700,0.70014,0.0
0.31500,0.70014,0.0
0.00300,0.70014,0.0
-0.51600,0.70014,0.0
0.01200,0.70014,0.0
-0.50700,0.70014,0.0
-0.18600,0.70014,0.0
0.65400,0.70014,0.0
0.38100,0.70014,0.0
0.27000,0.70014,0.0
-0.04200,0.70014,0.0
-0.27300,0.70014,0.0
-0.66300,0.70014,0.0
-0.24300,0.70014,0.0
-0.12300,0.70014,0.0
0.50100,0.70014,0.0
-0.39000,0.70014,0.0
0.16200,0.70014,0.0
-0.03300,0.70014,0.0
-0.65100,0.70014,0.0
0.30900,0.70014,0.0
0.44700,0.70014,0.0
-0.28200,0.70014,0.0
0.11100,0.70014,0.0
-0.05700,0.70014,0.0
-0.28500,0.70014,0.0
-0.17100,0.70014,0.0
0.18600,0.70014,0.0
-0.09600,0.70014,0.0
-0.18900,0.70014,0.0
-0.43500,0.70014,0.0
0.07200,0.70014,0.0
-0.49500,0.70014,0.0
0.45000,0.70014,0.0
0.52200,0.70014,0.0
-0.21600,0.70014,0.0
-0.66900,0.70014,0.0
-0.54600,0.70014,0.0
-0.02100,0.70014,0.0
0.56100,0.70014,0.0
0.32100,0.70014,0.0
0.11700,0.70014,0.0
-0.01200,0.70014,0.0
-0.42300,0.70014,0.0
-0.25200,0.70014,0.0
-0.15900,0.70014,0.0
-0.57600,0.70014,0.0
0.45900,0.70014,0.0
-0.38400,0.70014,0.0
0.15300,0.70014,0.0
0.25200,0.70014,0.0
0.38400,0.70014,0.0
0.42000,0.70014,0.0
-0.36900,0.70014,0.0
-0.02400,0.70014,0.0
-0.53100,0.70014,0.0
-0.16200,0.70014,0.0
0.31800,0.70014,0.0
0.45300,0.70014,0.0
-0.47100,0.70014,0.0
-0.33600,0.70014,0.0
0.49200,0.70014,0.0
-0.38100,0.70014,0.0
-0.49800,0.70014,0.0
-0.46500,0.70014,0.0
0.47100,0.70014,0.0
0.43200,0.70014,0.0
-0.17400,0.70014,0.0
-0.18300,0.70014,0.0
0.27300,0.69720,0.0
-0.18900,0.69720,0.0
-0.05400,0.69720,0.0
-0.64800,0.69720,0.0
0.45300,0.69720,0.0
0.12000,0.69720,0.0
-0.36000,0.69720,0.0
0.37200,0.69720,0.0
-0.61800,0.69720,0.0
0.31800,0.69720,0.0
-0.54300,0.69720,0.0
-0.48300,0.69720,0.0
0.17700,0.69720,0.0
0.61200,0.69720,0.0
0.39900,0.69720,0.0
0.37500,0.69720,0.0
0.03300,0.69720,0.0
-0.08700,0.69720,0.0
-0.38400,0.69720,0.0
0.04800,0.69720,0.0
-0.25200,0.69720,0.0
-0.27900,0.69720,0.0
0.21300,0.69720,0.0
0.00600,0.69720,0.0
0.39300,0.69720,0.0
-0.23400,0.69720,0.0
-0.26700,0.69720,0.0
-0.26100,0.69720,0.0
-0.08400,0.69720,0.0
0.13500,0.69720,0.0
-0.28500,0.69720,0.0
0.38100,0.69720,0.0
0.45600,0.69720,0.0
-0.31800,0.69720,0.0
0.31200,0.69720,0.0
-0.57600,0.69720,0.0
0.47100,0.69720,0.0
-0.35400,0.69720,0.0
0.23100,0.69720,0.0
-0.30300,0.69720,0.0
-0.04500,0.69720,0.0
0.49500,0.69720,0.0
0.08100,0.69720,0.0
0.35700,0.69720,0.0
-0.24900,0.69720,0.0
0.55200,0.69720,0.0
0.04200,0.69720,0.0
-0.17700,0.69720,0.0
0.39600,0.69720,0.0
0.34500,0.69720,0.0
-0.69600,0.69720,0.0
-0.31200,0.69720,0.0
0.11700,0.69720,0.0
-0.43200,0.69720,0.0
0.05700,0.69720,0.0
0.28500,0.69720,0.0
0.09300,0.69720,0.0
-0.39300,0.69720,0.0
-0.41700,0.69720,0.0
0.36300,0.69720,0.0
-0.10200,0.69720,0.0
-0.25500,0.69720,0.0
-0.54600,0.69720,0.0
-0.48600,0.69720,0.0
0.57000,0.69720,0.0
0.63300,0.69720,0.0
0.21600,0.69720,0.0
-0.05100,0.69425,0.0
0.41100,0.69425,0.0
-0.50100,0.69425,0.0
-0.39600,0.69425,0.0
-0.57900,0.69425,0.0
-0.19200,0.69425,0.0
-0.18900,0.69425,0.0
0.48300,0.69425,0.0
-0.28800,0.69425,0.0
0.20100,0.69425,0.0
0.65400,0.69425,0.0
0.15600,0.69425,0.0
-0.18300,0.69425,0.0
-0.32100,0.69425,0.0
-0.47100,0.69425,0.0
0.16500,0.69425,0.0
0.04500,0.69425,0.0
0.40500,0.69425,0.0
0.06900,0.69425,0.0
-0.27900,0.69425,0.0
-0.62100,0.69425,0.0
-0.17100,0.69425,0.0
0.18600,0.69425,0.0
0.49200,0.69425,0.0
-0.10200,0.69425,0.0
0.17100,0.69425,0.0
-0.41700,0.69425,0.0
-0.55800,0.69425,0.0
-0.07800,0.69425,0.0
-0.28200,0.69425,0.0
0.57600,0.69425,0.0
-0.21300,0.69425,0.0
0.50700,0.69425,0.0
0.23700,0.69425,0.0
0.58500,0.69425,0.0
-0.19500,0.69425,0.0
0.49800,0.69425,0.0
0.56700,0.69425,0.0
-0.40500,0.69425,0.0
-0.60300,0.69425,0.0
0.54900,0.69425,0.0
-0.00600,0.69425,0.0
0.66600,0.69425,0.0
-0.23700,0.69425,0.0
-0.12900,0.69425,0.0
-0.37500,0.69425,0.0
0.33000,0.69425,0.0
0.16200,0.69425,0.0
0.09300,0.69425,0.0
0.24000,0.69425,0.0
0.09600,0.69425,0.0
-0.45000,0.69425,0.0
0.05400,0.69425,0.0
-0.61500,0.69425,0.0
-0.24600,0.69425,0.0
-0.57000,0.69425,0.0
0.34200,0.69425,0.0
-0.48600,0.69425,0.0
0.19200,0.69425,0.0
0.05100,0.69425,0.0
0.17700,0.69425,0.0
0.03300,0.69425,0.0
0.00600,0.69425,0.0
0.25800,0.69425,0.0
-0.66000,0.69425,0.0
-0.69300,0.69425,0.0
-0.15300,0.69425,0.0
0.06000,0.69425,0.0
-0.54600,0.69425,0.0
-0.48300,0.69425,0.0
0.64800,0.69425,0.0
0.11100,0.69130,0.0
-0.15600,0.69130,0.0
0.56400,0.69130,0.0
0.49200,0.69130,0.0
-0.58800,0.69130,0.0
0.59100,0.69130,0.0
-0.42900,0.69130,0.0
-0.67500,0.69130,0.0
-0.07500,0.69130,0.0
-0.30600,0.69130,0.0
0.32100,0.69130,0.0
-0.61200,0.69130,0.0
-0.69300,0.69130,0.0
0.02700,0.69130,0.0
-0.58500,0.69130,0.0
0.14400,0.69130,0.0
0.51600,0.69130,0.0
0.26700,0.69130,0.0
0.07800,0.69130,0.0
0.04500,0.69130,0.0
0.11400,0.69130,0.0
0.62100,0.69130,0.0
0.27000,0.69130,0.0
0.44100,0.69130,0.0
0.39900,0.69130,0.0
-0.46200,0.69130,0.0
0.48600,0.69130,0.0
-0.32400,0.69130,0.0
-0.69000,0.69130,0.0
0.12000,0.69130,0.0
-0.64500,0.69130,0.0
0.48000,0.69130,0.0
-0.33600,0.69130,0.0
0.21000,0.69130,0.0
0.02100,0.69130,0.0
-0.23100,0.69130,0.0
0.39300,0.69130,0.0
-0.43200,0.69130,0.0
-0.09600,0.69130,0.0
-0.64200,0.69130,0.0
-0.39300,0.69130,0.0
-0.11400,0.69130,0.0
-0.31200,0.69130,0.0
0.33900,0.69130,0.0
-0.69600,0.69130,0.0
-0.66000,0.69130,0.0
0.64800,0.69130,0.0
-0.12000,0.69130,0.0
0.08400,0.69130,0.0
0.46500,0.69130,0.0
0.51000,0.69130,0.0
0.01200,0.69130,0.0
0.32400,0.69130,0.0
-0.37500,0.69130,0.0
0.37800,0.69130,0.0
-0.16800,0.69130,0.0
-0.49200,0.69130,0.0
-0.35100,0.69130,0.0
0.07200,0.69130,0.0
-0.68700,0.69130,0.0
0.58800,0.69130,0.0
-0.57000,0.69130,0.0
0.03600,0.69130,0.0
0.02400,0.69130,0.0
0.35100,0.69130,0.0
0.42900,0.69130,0.0
0.54300,0.69130,0.0
0.50100,0.69130,0.0
0.49500,0.69130,0.0
-0.63900,0.69130,0.0
-0.63000,0.69130,0.0
-0.68400,0.69130,0.0
-0.51300,0.69130,0.0
0.30900,0.69130,0.0
0.34800,0.69130,0.0
0.48900,0.69130,0.0
0.24900,0.69130,0.0
0.12000,0.68835,0.0
-0.36300,0.68835,0.0
-0.25500,0.68835,0.0
-0.65100,0.68835,0.0
0.11700,0.68835,0.0
0.11400,0.68835,0.0
0.67500,0.68835,0.0
0.48000,0.68835,0.0
-0.03300,0.68835,0.0
-0.66600,0.68835,0.0
0.58500,0.68835,0.0
0.19200,0.68835,0.0
-0.01500,0.68835,0.0
0.57300,0.68835,0.0
-0.49200,0.68835,0.0
0.38400,0.68835,0.0
-0.68400,0.68835,0.0
0.52500,0.68835,0.0
0.57600,0.68835,0.0
0.56100,0.68835,0.0
-0.61500,0.68835,0.0
-0.05400,0.68835,0.0
0.13500,0.68835,0.0
0.15600,0.68835,0.0
0.65700,0.68835,0.0
0.29700,0.68835,0.0
0.35100,0.68835,0.0
0.22200,0.68835,0.0
0.08400,0.68835,0.0
0.21900,0.68835,0.0
-0.26700,0.68835,0.0
0.35700,0.68835,0.0
0.23100,0.68835,0.0
0.40200,0.68835,0.0
0.27300,0.68835,0.0
0.21600,0.68835,0.0
0.11100,0.68835,0.0
-0.39900,0.68835,0.0
0.22800,0.68835,0.0
-0.37800,0.68835,0.0
0.07200,0.68835,0.0
0.00600,0.68835,0.0
-0.48300,0.68835,0.0
-0.42300,0.68835,0.0
0.27900,0.68835,0.0
0.14700,0.68835,0.0
-0.48600,0.68835,0.0
-0.63600,0.68835,0.0
0.21300,0.68835,0.0
0.29100,0.68835,0.0
-0.11100,0.68835,0.0
0.64500,0.68835,0.0
0.45300,0.68835,0.0
0.16500,0.68835,0.0
0.48600,0.68835,0.0
0.46800,0.68835,0.0
0.59100,0.68835,0.0
-0.55200,0.68835,0.0
0.54300,0.68835,0.0
-0.21300,0.68835,0.0
-0.23700,0.68835,0.0
-0.27600,0.68835,0.0
0.51600,0.68835,0.0
-0.15000,0.68835,0.0
0.03900,0.68835,0.0
-0.43200,0.68835,0.0
0.44400,0.68835,0.0
0.15300,0.68835,0.0
0.43800,0.68835,0.0
-0.24000,0.68835,0.0
0.51300,0.68835,0.0
-0.00300,0.68835,0.0
-0.08700,0.68835,0.0
-0.57600,0.68835,0.0
0.55500,0.68835,0.0
-0.08400,0.68540,0.0
0.01500,0.68540,0.0
0.27000,0.68540,0.0
0.06900,0.68540,0.0
-0.03300,0.68540,0.0
0.59400,0.68540,0.0
0.21300,0.68540,0.0
0.21000,0.68540,0.0
0.43500,0.68540,0.0
0.41700,0.68540,0.0
-0.61200,0.68540,0.0
-0.41400,0.68540,0.0
0.34800,0.68540,0.0
-0.32100,0.68540,0.0
-0.19500,0.68540,0.0
-0.45600,0.68540,0.0
-0.13500,0.68540,0.0
0.49800,0.68540,0.0
0.25200,0.68540,0.0
0.04500,0.68540,0.0
-0.62400,0.68540,0.0
0.41100,0.68540,0.0
0.08400,0.68540,0.0
-0.45900,0.68540,0.0
0.06300,0.68540,0.0
0.50100,0.68540,0.0
0.29100,0.68540,0.0
-0.63000,0.68540,0.0
0.04800,0.68540,0.0
0.26100,0.68540,0.0
0.62100,0.68540,0.0
0.41400,0.68540,0.0
0.42900,0.68540,0.0
-0.02700,0.68540,0.0
0.07500,0.68540,0.0
0.23700,0.68540,0.0
0.35400,0.68540,0.0
-0.40200,0.68540,0.0
-0.34500,0.68540,0.0
-0.24900,0.68540,0.0
0.54600,0.68540,0.0
0.00300,0.68540,0.0
-0.61800,0.68540,0.0
-0.09000,0.68540,0.0
0.39600,0.68540,0.0
0.42300,0.68540,0.0
0.40200,0.68540,0.0
-0.34800,0.68540,0.0
0.10200,0.68540,0.0
-0.48600,0.68540,0.0
0.05100,0.68540,0.0
0.62400,0.68540,0.0
-0.27300,0.68540,0.0
0.30600,0.68540,0.0
-0.64500,0.68540,0.0
0.21900,0.68540,0.0
-0.52800,0.68540,0.0
-0.66300,0.68540,0.0
-0.03900,0.68540,0.0
0.46800,0.68540,0.0
0.14700,0.68540,0.0
-0.67500,0.68540,0.0
0.63600,0.68540,0.0
-0.69300,0.68540,0.0
0.42000,0.68540,0.0
-0.37500,0.68540,0.0
-0.50100,0.68540,0.0
-0.38700,0.68540,0.0
0.49500,0.68540,0.0
0.04200,0.68540,0.0
0.07800,0.68540,0.0
0.12900,0.68540,0.0
-0.21300,0.68540,0.0
0.18600,0.68540,0.0
-0.41100,0.68540,0.0
0.26700,0.68540,0.0
-0.39900,0.68540,0.0
0.03600,0.68540,0.0
-0.52200,0.68540,0.0
-0.36900,0.68246,0.0
0.64200,0.68246,0.0
0.00300,0.68246,0.0
-0.09000,0.68246,0.0
-0.59400,0.68246,0.0
-0.34500,0.68246,0.0
0.38400,0.68246,0.0
0.45000,0.68246,0.0
0.39300,0.68246,0.0
0.50400,0.68246,0.0
0.56700,0.68246,0.0
0.05400,0.68246,0.0
0.61800,0.68246,0.0
0.23100,0.68246,0.0
-0.47700,0.68246,0.0
0.15600,0.68246,0.0
-0.16800,0.68246,0.0
-0.06900,0.68246,0.0
0.17400,0.68246,0.0
0.60000,0.68246,0.0
-0.38100,0.68246,0.0
0.18300,0.68246,0.0
-0.45000,0.68246,0.0
0.46200,0.68246,0.0
-0.19800,0.68246,0.0
0.66300,0.68246,0.0
-0.48000,0.68246,0.0
0.48600,0.68246,0.0
0.43200,0.68246,0.0
-0.01200,0.68246,0.0
-0.22200,0.68246,0.0
0.33000,0.68246,0.0
0.40800,0.68246,0.0
0.58200,0.68246,0.0
0.02100,0.68246,0.0
0.29400,0.68246,0.0
0.07500,0.68246,0.0
-0.58800,0.68246,0.0
0.62400,0.68246,0.0
-0.46800,0.68246,0.0
0.34800,0.68246,0.0
0.05100,0.68246,0.0
-0.46500,0.68246,0.0
0.24900,0.68246,0.0
0.51600,0.68246,0.0
-0.69000,0.68246,0.0
0.18600,0.68246,0.0
0.01800,0.68246,0.0
-0.36300,0.68246,0.0
-0.25200,0.68246,0.0
0.49500,0.68246,0.0
0.17100,0.68246,0.0
0.00000,0.68246,0.0
-0.05400,0.68246,0.0
-0.10200,0.68246,0.0
0.30600,0.68246,0.0
-0.15300,0.68246,0.0
0.39900,0.68246,0.0
0.15000,0.68246,0.0
0.29700,0.68246,0.0
-0.55500,0.68246,0.0
-0.04200,0.68246,0.0
-0.33600,0.68246,0.0
-0.40500,0.68246,0.0
-0.03300,0.68246,0.0
0.49500,0.67951,0.0
0.52500,0.67951,0.0
-0.28800,0.67951,0.0
0.65100,0.67951,0.0
0.04200,0.67951,0.0
0.55800,0.67951,0.0
0.45000,0.67951,0.0
-0.15000,0.67951,0.0
0.05700,0.67951,0.0
-0.60900,0.67951,0.0
0.48900,0.67951,0.0
0.06300,0.67951,0.0
0.36900,0.67951,0.0
0.48600,0.67951,0.0
0.59400,0.67951,0.0
-0.03600,0.67951,0.0
-0.25200,0.67951,0.0
-0.42000,0.67951,0.0
-0.53700,0.67951,0.0
-0.02100,0.67951,0.0
0.02100,0.67951,0.0
0.61800,0.67951,0.0
-0.27900,0.67951,0.0
-0.56700,0.67951,0.0
-0.31800,0.67951,0.0
-0.30000,0.67951,0.0
-0.41400,0.67951,0.0
0.27600,0.67951,0.0
0.64200,0.67951,0.0
0.42000,0.67951,0.0
0.47100,0.67951,0.0
-0.67500,0.67951,0.0
-0.64800,0.67951,0.0
0.37500,0.67951,0.0
0.25200,0.67951,0.0
0.31800,0.67951,0.0
-0.55500,0.67951,0.0
-0.14400,0.67951,0.0
-0.50400,0.67951,0.0
-0.06000,0.67951,0.0
0.59700,0.67951,0.0
-0.57300,0.67951,0.0
-0.01200,0.67951,0.0
-0.32400,0.67951,0.0
-0.02700,0.67951,0.0
-0.04200,0.67951,0.0
0.39600,0.67951,0.0
-0.60600,0.67951,0.0
0.00000,0.67951,0.0
0.43500,0.67951,0.0
-0.44400,0.67951,0.0
-0.03000,0.67951,0.0
-0.18900,0.67951,0.0
0.26400,0.67951,0.0
0.02400,0.67951,0.0
0.00300,0.67951,0.0
0.58200,0.67951,0.0
-0.41700,0.67951,0.0
-0.19500,0.67951,0.0
-0.38100,0.67951,0.0
0.08400,0.67951,0.0
0.26100,0.67951,0.0
-0.44700,0.67951,0.0
-0.68100,0.67951,0.0
0.52800,0.67951,0.0
0.08100,0.67951,0.0
-0.12000,0.67951,0.0
0.46500,0.67951,0.0
-0.31200,0.67951,0.0
0.32100,0.67951,0.0
-0.39600,0.67951,0.0
0.07800,0.67951,0.0
-0.05700,0.67951,0.0
0.55500,0.67951,0.0
0.16500,0.67951,0.0
-0.19200,0.67951,0.0
0.32700,0.67656,0.0
-0.55200,0.67656,0.0
0.15000,0.67656,0.0
-0.18300,0.67656,0.0
-0.04800,0.67656,0.0
-0.28500,0.67656,0.0
0.38700,0.67656,0.0
-0.45000,0.67656,0.0
-0.05400,0.67656,0.0
-0.27600,0.67656,0.0
0.17700,0.67656,0.0
-0.48900,0.67656,0.0
-0.27000,0.67656,0.0
-0.24600,0.67656,0.0
0.07200,0.67656,0.0
-0.53100,0.67656,0.0
0.43800,0.67656,0.0
-0.11700,0.67656,0.0
-0.42000,0.67656,0.0
0.19500,0.67656,0.0
-0.23400,0.67656,0.0
-0.61500,0.67656,0.0
-0.30000,0.67656,0.0
-0.05100,0.67656,0.0
-0.27300,0.67656,0.0
-0.51300,0.67656,0.0
-0.33000,0.67656,0.0
-0.39600,0.67656,0.0
0.57600,0.67656,0.0
0.20400,0.67656,0.0
-0.27900,0.67656,0.0
-0.31800,0.67656,0.0
-0.17700,0.67656,0.0
-0.65100,0.67656,0.0
0.27300,0.67656,0.0
-0.42900,0.67656,0.0
-0.61800,0.67656,0.0
0.48900,0.67656,0.0
-0.04500,0.67656,0.0
-0.37200,0.67656,0.0
-0.05700,0.67656,0.0
0.39600,0.67656,0.0
-0.19800,0.67656,0.0
0.24300,0.67656,0.0
0.45000,0.67656,0.0
-0.50400,0.67656,0.0
-0.42300,0.67656,0.0
0.30900,0.67656,0.0
0.25800,0.67656,0.0
-0.55800,0.67656,0.0
0.66300,0.67656,0.0
-0.45600,0.67656,0.0
-0.03600,0.67656,0.0
0.05700,0.67656,0.0
0.42000,0.67656,0.0
0.57900,0.67656,0.0
-0.00300,0.67656,0.0
-0.56700,0.67656,0.0
0.26400,0.67656,0.0
-0.18600,0.67656,0.0
-0.63300,0.67656,0.0
0.43200,0.67656,0.0
0.16800,0.67656,0.0
0.12300,0.67656,0.0
0.34800,0.67656,0.0
-0.17100,0.67656,0.0
-0.52500,0.67656,0.0
0.24600,0.67656,0.0
0.14100,0.67656,0.0
0.35400,0.67656,0.0
-0.15600,0.67656,0.0
0.63900,0.67656,0.0
-0.00600,0.67656,0.0
0.41400,0.67656,0.0
-0.44100,0.67656,0.0
0.37500,0.67656,0.0
-0.69000,0.67656,0.0
0.27900,0.67656,0.0
-0.33300,0.67656,0.0
-0.13800,0.67656,0.0
0.50700,0.67656,0.0
0.56100,0.67656,0.0
0.37200,0.67656,0.0
0.15600,0.67656,0.0
0.05100,0.67656,0.0
-0.21900,0.67656,0.0
0.20100,0.67361,0.0
-0.34200,0.67361,0.0
-0.04200,0.67361,0.0
0.60600,0.67361,0.0
-0.57300,0.67361,0.0
0.65400,0.67361,0.0
-0.62400,0.67361,0.0
0.05100,0.67361,0.0
-0.43200,0.67361,0.0
0.59100,0.67361,0.0
-0.14400,0.67361,0.0
0.61500,0.67361,0.0
0.41700,0.67361,0.0
0.39900,0.67361,0.0
-0.54900,0.67361,0.0
0.27300,0.67361,0.0
0.00300,0.67361,0.0
-0.31800,0.67361,0.0
-0.06900,0.67361,0.0
0.39600,0.67361,0.0
-0.41100,0.67361,0.0
0.22800,0.67361,0.0
0.06000,0.67361,0.0
-0.53400,0.67361,0.0
0.12300,0.67361,0.0
-0.20700,0.67361,0.0
-0.48900,0.67361,0.0
0.06900,0.67361,0.0
0.38700,0.67361,0.0
0.55200,0.67361,0.0
0.56100,0.67361,0.0
0.49200,0.67361,0.0
-0.16500,0.67361,0.0
0.00600,0.67361,0.0
-0.07500,0.67361,0.0
-0.23400,0.67361,0.0
0.44700,0.67361,0.0
0.40200,0.67361,0.0
-0.18300,0.67361,0.0
0.63300,0.67361,0.0
0.39300,0.67361,0.0
-0.15600,0.67361,0.0
0.23700,0.67361,0.0
-0.65100,0.67361,0.0
-0.45900,0.67361,0.0
0.34500,0.67361,0.0
0.36000,0.67361,0.0
-0.38100,0.67361,0.0
-0.68400,0.67361,0.0
0.60300,0.67361,0.0
0.15000,0.67361,0.0
-0.01500,0.67361,0.0
-0.61200,0.67361,0.0
0.37800,0.67361,0.0
-0.18000,0.67361,0.0
-0.17400,0.67361,0.0
0.49500,0.67361,0.0
-0.02700,0.67361,0.0
0.53400,0.67361,0.0
0.36600,0.67361,0.0
0.52500,0.67361,0.0
0.24000,0.67361,0.0
-0.30600,0.67361,0.0
-0.26400,0.67361,0.0
-0.27000,0.67361,0.0
-0.60000,0.67361,0.0
0.59700,0.67361,0.0
-0.42300,0.67361,0.0
-0.06600,0.67361,0.0
-0.67200,0.67361,0.0
-0.68100,0.67361,0.0
-0.51900,0.67361,0.0
-0.32100,0.67361,0.0
0.40500,0.67066,0.0
-0.43800,0.67066,0.0
0.36000,0.67066,0.0
-0.40200,0.67066,0.0
-0.07200,0.67066,0.0
-0.41100,0.67066,0.0
0.64800,0.67066,0.0
-0.21900,0.67066,0.0
0.42900,0.67066,0.0
-0.35400,0.67066,0.0
0.30900,0.67066,0.0
-0.38700,0.67066,0.0
0.02700,0.67066,0.0
0.46800,0.67066,0.0
-0.02100,0.67066,0.0
0.65400,0.67066,0.0
0.00900,0.67066,0.0
0.60300,0.67066,0.0
-0.08400,0.67066,0.0
0.56400,0.67066,0.0
0.50100,0.67066,0.0
0.63300,0.67066,0.0
-0.36600,0.67066,0.0
-0.26100,0.67066,0.0
0.05400,0.67066,0.0
-0.27600,0.67066,0.0
0.29100,0.67066,0.0
-0.00600,0.67066,0.0
-0.15300,0.67066,0.0
0.32100,0.67066,0.0
-0.34200,0.67066,0.0
0.05700,0.67066,0.0
-0.41400,0.67066,0.0
0.53700,0.67066,0.0
0.12300,0.67066,0.0
-0.44100,0.67066,0.0
-0.56400,0.67066,0.0
-0.26400,0.67066,0.0
0.14700,0.67066,0.0
0.47700,0.67066,0.0
-0.63300,0.67066,0.0
-0.03300,0.67066,0.0
0.30000,0.67066,0.0
-0.49800,0.67066,0.0
0.51000,0.67066,0.0
-0.12900,0.67066,0.0
0.23400,0.67066,0.0
0.49800,0.67066,0.0
0.11100,0.67066,0.0
0.46500,0.67066,0.0
0.10200,0.67066,0.0
0.38400,0.67066,0.0
0.28500,0.67066,0.0
-0.64800,0.67066,0.0
0.59700,0.67066,0.0
0.55200,0.67066,0.0
-0.33600,0.67066,0.0
0.39300,0.67066,0.0
-0.04500,0.67066,0.0
-0.20700,0.67066,0.0
-0.54900,0.67066,0.0
0.60600,0.67066,0.0
0.23700,0.67066,0.0
-0.20400,0.67066,0.0
-0.38100,0.67066,0.0
0.04800,0.67066,0.0
0.24000,0.67066,0.0
-0.68700,0.67066,0.0
0.06600,0.67066,0.0
-0.63000,0.67066,0.0
-0.58200,0.67066,0.0
0.25200,0.67066,0.0
-0.60600,0.67066,0.0
-0.13200,0.67066,0.0
-0.47400,0.67066,0.0
-0.30900,0.67066,0.0
0.58200,0.67066,0.0
-0.03000,0.67066,0.0
0.39600,0.66772,0.0
0.30000,0.66772,0.0
-0.26100,0.66772,0.0
0.02700,0.66772,0.0
-0.15300,0.66772,0.0
0.38400,0.66772,0.0
0.37200,0.66772,0.0
0.06000,0.66772,0.0
-0.63600,0.66772,0.0
0.19200,0.66772,0.0
0.61800,0.66772,0.0
0.33600,0.66772,0.0
-0.37200,0.66772,0.0
-0.63300,0.66772,0.0
0.36900,0.66772,0.0
0.64500,0.66772,0.0
0.10200,0.66772,0.0
-0.60300,0.66772,0.0
-0.47400,0.66772,0.0
0.50100,0.66772,0.0
0.29700,0.66772,0.0
-0.60000,0.66772,0.0
0.11700,0.66772,0.0
-0.42600,0.66772,0.0
-0.37500,0.66772,0.0
0.02100,0.66772,0.0
-0.45300,0.66772,0.0
0.56400,0.66772,0.0
0.28200,0.66772,0.0
0.46500,0.66772,0.0
0.26400,0.66772,0.0
-0.59100,0.66772,0.0
0.62100,0.66772,0.0
-0.49500,0.66772,0.0
0.08400,0.66772,0.0
0.42900,0.66772,0.0
-0.16200,0.66772,0.0
0.31500,0.66772,0.0
-0.33000,0.66772,0.0
0.66600,0.66772,0.0
0.63600,0.66772,0.0
0.31800,0.66772,0.0
-0.27000,0.66772,0.0
-0.08400,0.66772,0.0
-0.15600,0.66772,0.0
0.48600,0.66772,0.0
0.07200,0.66772,0.0
0.67200,0.66772,0.0
0.48900,0.66772,0.0
0.66000,0.66772,0.0
-0.49200,0.66772,0.0
0.13800,0.66772,0.0
-0.07200,0.66772,0.0
0.00000,0.66772,0.0
0.24600,0.66772,0.0
-0.36000,0.66772,0.0
0.01200,0.66772,0.0
0.56100,0.66772,0.0
-0.55800,0.66772,0.0
-0.44100,0.66772,0.0
0.04500,0.66772,0.0
-0.30000,0.66772,0.0
0.54300,0.66772,0.0
0.06900,0.66772,0.0
0.64800,0.66772,0.0
-0.41400,0.66772,0.0
-0.34800,0.66772,0.0
0.15300,0.66772,0.0
-0.27300,0.66772,0.0
0.52800,0.66772,0.0
0.17400,0.66772,0.0
0.12900,0.66772,0.0
0.13200,0.66772,0.0
0.49500,0.66772,0.0
0.22500,0.66772,0.0
-0.05700,0.66772,0.0
-0.40500,0.66772,0.0
0.51000,0.66772,0.0
-0.29700,0.66477,0.0
0.58200,0.66477,0.0
0.44700,0.66477,0.0
-0.56700,0.66477,0.0
0.00900,0.66477,0.0
0.35700,0.66477,0.0
0.19200,0.66477,0.0
0.36000,0.66477,0.0
0.46800,0.66477,0.0
-0.47100,0.66477,0.0
-0.00300,0.66477,0.0
0.05100,0.66477,0.0
0.06300,0.66477,0.0
0.31200,0.66477,0.0
-0.47400,0.66477,0.0
-0.09300,0.66477,0.0
0.18000,0.66477,0.0
-0.08100,0.66477,0.0
0.20100,0.66477,0.0
0.19800,0.66477,0.0
0.58800,0.66477,0.0
0.43500,0.66477,0.0
-0.21000,0.66477,0.0
0.02100,0.66477,0.0
-0.00600,0.66477,0.0
0.49500,0.66477,0.0
-0.66000,0.66477,0.0
-0.65700,0.66477,0.0
0.60600,0.66477,0.0
-0.33600,0.66477,0.0
-0.01200,0.66477,0.0
-0.33900,0.66477,0.0
-0.53700,0.66477,0.0
-0.50700,0.66477,0.0
0.53700,0.66477,0.0
0.20400,0.66477,0.0
-0.56100,0.66477,0.0
0.61200,0.66477,0.0
-0.66900,0.66477,0.0
0.29100,0.66477,0.0
0.57900,0.66477,0.0
-0.10500,0.66477,0.0
-0.38700,0.66477,0.0
0.38400,0.66477,0.0
0.46500,0.66477,0.0
-0.09900,0.66477,0.0
0.46200,0.66477,0.0
0.34800,0.66477,0.0
0.06600,0.66477,0.0
0.65100,0.66477,0.0
0.67200,0.66477,0.0
-0.31800,0.66477,0.0
-0.05400,0.66477,0.0
0.51900,0.66477,0.0
0.16800,0.66477,0.0
-0.52500,0.66477,0.0
-0.03000,0.66477,0.0
-0.13200,0.66477,0.0
-0.31200,0.66477,0.0
-0.47700,0.66477,0.0
0.39000,0.66477,0.0
0.38700,0.66477,0.0
-0.67800,0.66477,0.0
-0.54900,0.66477,0.0
0.36300,0.66477,0.0
0.15000,0.66477,0.0
-0.43800,0.66477,0.0
0.22500,0.66477,0.0
0.40200,0.66477,0.0
-0.54600,0.66477,0.0
0.08400,0.66477,0.0
0.17700,0.66477,0.0
0.09600,0.66477,0.0
-0.38100,0.66477,0.0
0.63300,0.66182,0.0
-0.44400,0.66182,0.0
0.12900,0.66182,0.0
-0.08400,0.66182,0.0
-0.54600,0.66182,0.0
-0.66600,0.66182,0.0
-0.30600,0.66182,0.0
-0.20700,0.66182,0.0
-0.41700,0.66182,0.0
-0.62700,0.66182,0.0
-0.40800,0.66182,0.0
0.42000,0.66182,0.0
0.36600,0.66182,0.0
-0.22800,0.66182,0.0
-0.34800,0.66182,0.0
-0.57600,0.66182,0.0
0.28500,0.66182,0.0
0.57600,0.66182,0.0
-0.63000,0.66182,0.0
-0.45000,0.66182,0.0
-0.65100,0.66182,0.0
-0.50400,0.66182,0.0
0.04500,0.66182,0.0
-0.58200,0.66182,0.0
-0.20100,0.66182,0.0
0.38700,0.66182,0.0
-0.42900,0.66182,0.0
-0.34200,0.66182,0.0
0.26400,0.66182,0.0
-0.50100,0.66182,0.0
-0.36000,0.66182,0.0
0.41100,0.66182,0.0
-0.00900,0.66182,0.0
0.18900,0.66182,0.0
0.35100,0.66182,0.0
-0.02700,0.66182,0.0
0.30900,0.66182,0.0
-0.34500,0.66182,0.0
-0.51900,0.66182,0.0
-0.21000,0.66182,0.0
-0.38700,0.66182,0.0
0.46200,0.66182,0.0
0.62100,0.66182,0.0
0.17700,0.66182,0.0
-0.60600,0.66182,0.0
0.51600,0.66182,0.0
0.13500,0.66182,0.0
-0.49800,0.66182,0.0
-0.63300,0.66182,0.0
0.05100,0.66182,0.0
-0.67800,0.66182,0.0
0.21300,0.66182,0.0
0.59400,0.66182,0.0
-0.12900,0.66182,0.0
0.15600,0.66182,0.0
0.64800,0.66182,0.0
0.33300,0.66182,0.0
0.39300,0.66182,0.0
-0.46200,0.66182,0.0
0.11100,0.66182,0.0
0.51900,0.66182,0.0
-0.48300,0.66182,0.0
0.43500,0.66182,0.0
0.18300,0.66182,0.0
-0.69000,0.66182,0.0
0.38400,0.66182,0.0
-0.30000,0.66182,0.0
0.07500,0.66182,0.0
0.22800,0.66182,0.0
-0.14100,0.66182,0.0
0.12600,0.66182,0.0
0.21900,0.66182,0.0
0.37500,0.66182,0.0
0.56400,0.66182,0.0
0.01500,0.66182,0.0
0.27000,0.66182,0.0
0.03900,0.66182,0.0
-0.01800,0.66182,0.0
-0.14700,0.66182,0.0
-0.62400,0.66182,0.0
0.39000,0.65887,0.0
-0.20700,0.65887,0.0
-0.03900,0.65887,0.0
-0.48600,0.65887,0.0
0.58800,0.65887,0.0
0.42300,0.65887,0.0
0.65400,0.65887,0.0
0.45600,0.65887,0.0
-0.38400,0.65887,0.0
0.10200,0.65887,0.0
0.41700,0.65887,0.0
0.43200,0.65887,0.0
-0.67200,0.65887,0.0
-0.57000,0.65887,0.0
-0.19800,0.65887,0.0
-0.45300,0.65887,0.0
0.50100,0.65887,0.0
0.41100,0.65887,0.0
0.64800,0.65887,0.0
0.35400,0.65887,0.0
0.16200,0.65887,0.0
-0.52200,0.65887,0.0
0.61200,0.65887,0.0
-0.40500,0.65887,0.0
-0.46800,0.65887,0.0
0.66900,0.65887,0.0
-0.10500,0.65887,0.0
0.43800,0.65887,0.0
-0.42600,0.65887,0.0
0.42000,0.65887,0.0
-0.52500,0.65887,0.0
0.38400,0.65887,0.0
-0.00300,0.65887,0.0
-0.05100,0.65887,0.0
0.48000,0.65887,0.0
0.01500,0.65887,0.0
-0.06000,0.65887,0.0
0.17700,0.65887,0.0
0.31500,0.65887,0.0
-0.34500,0.65887,0.0
0.00600,0.65887,0.0
-0.26400,0.65887,0.0
0.20700,0.65887,0.0
-0.30900,0.65887,0.0
-0.15900,0.65887,0.0
0.00900,0.65887,0.0
0.28800,0.65887,0.0
-0.68700,0.65887,0.0
-0.42000,0.65887,0.0
0.63300,0.65887,0.0
0.17100,0.65887,0.0
-0.28800,0.65887,0.0
-0.11400,0.65887,0.0
0.11100,0.65887,0.0
0.32700,0.65887,0.0
0.36900,0.65887,0.0
-0.39300,0.65887,0.0
-0.12000,0.65887,0.0
0.48900,0.65887,0.0
-0.28500,0.65887,0.0
0.12900,0.65887,0.0
0.19500,0.65887,0.0
0.65100,0.65887,0.0
-0.34800,0.65887,0.0
-0.01200,0.65887,0.0
0.51300,0.65887,0.0
-0.62700,0.65887,0.0
-0.10800,0.65887,0.0
-0.19500,0.65887,0.0
0.31800,0.65887,0.0
0.34200,0.65887,0.0
0.59400,0.65887,0.0
0.08700,0.65887,0.0
-0.53700,0.65887,0.0
-0.42300,0.65887,0.0
-0.54900,0.65887,0.0
0.60000,0.65887,0.0
0.27300,0.65887,0.0
-0.21600,0.65887,0.0
0.21000,0.65592,0.0
-0.14700,0.65592,0.0
0.40800,0.65592,0.0
-0.69000,0.65592,0.0
0.35700,0.65592,0.0
-0.22200,0.65592,0.0
-0.47400,0.65592,0.0
-0.66300,0.65592,0.0
0.19200,0.65592,0.0
-0.15900,0.65592,0.0
0.65100,0.65592,0.0
0.16200,0.65592,0.0
0.09600,0.65592,0.0
0.32400,0.65592,0.0
-0.18600,0.65592,0.0
-0.25800,0.65592,0.0
-0.65400,0.65592,0.0
0.01200,0.65592,0.0
-0.53100,0.65592,0.0
0.43800,0.65592,0.0
-0.49500,0.65592,0.0
-0.02400,0.65592,0.0
-0.51300,0.65592,0.0
0.59700,0.65592,0.0
-0.22800,0.65592,0.0
-0.62700,0.65592,0.0
0.18900,0.65592,0.0
-0.49200,0.65592,0.0
-0.17100,0.65592,0.0
0.54000,0.65592,0.0
-0.05700,0.65592,0.0
-0.08100,0.65592,0.0
0.35100,0.65592,0.0
0.66300,0.65592,0.0
-0.12000,0.65592,0.0
-0.39600,0.65592,0.0
0.29700,0.65592,0.0
0.21900,0.65592,0.0
-0.64200,0.65592,0.0
-0.13800,0.65592,0.0
0.49200,0.65592,0.0
0.46200,0.65592,0.0
0.04200,0.65592,0.0
-0.40500,0.65592,0.0
-0.16200,0.65592,0.0
0.45600,0.65592,0.0
0.22800,0.65592,0.0
0.23700,0.65592,0.0
-0.68400,0.65592,0.0
0.25800,0.65592,0.0
-0.42600,0.65592,0.0
0.26700,0.65592,0.0
0.24000,0.65592,0.0
-0.30300,0.65592,0.0
-0.58800,0.65592,0.0
0.37200,0.65592,0.0
-0.02100,0.65592,0.0
0.38400,0.65592,0.0
0.44700,0.65592,0.0
-0.31200,0.65592,0.0
-0.30000,0.65592,0.0
0.48900,0.65592,0.0
0.45000,0.65592,0.0
-0.42000,0.65592,0.0
0.03600,0.65592,0.0
-0.54600,0.65592,0.0
-0.58500,0.65592,0.0
-0.37800,0.65592,0.0
0.04800,0.65592,0.0
-0.59100,0.65592,0.0
-0.59700,0.65592,0.0
0.60600,0.65592,0.0
0.43200,0.65592,0.0
-0.45000,0.65592,0.0
0.03300,0.65592,0.0
-0.43800,0.65592,0.0
0.48300,0.65592,0.0
0.55800,0.65592,0.0
0.09000,0.65592,0.0
0.22500,0.65592,0.0
0.38700,0.65592,0.0
0.49800,0.65592,0.0
0.63900,0.65592,0.0
-0.34200,0.65298,0.0
0.15000,0.65298,0.0
-0.03000,0.65298,0.0
-0.45000,0.65298,0.0
-0.24600,0.65298,0.0
0.03000,0.65298,0.0
0.09900,0.65298,0.0
0.48300,0.65298,0.0
-0.20400,0.65298,0.0
-0.13500,0.65298,0.0
-0.60600,0.65298,0.0
-0.63300,0.65298,0.0
0.66600,0.65298,0.0
0.02700,0.65298,0.0
0.33300,0.65298,0.0
-0.42300,0.65298,0.0
-0.54300,0.65298,0.0
0.40200,0.65298,0.0
-0.34500,0.65298,0.0
-0.33600,0.65298,0.0
-0.46800,0.65298,0.0
0.33900,0.65298,0.0
0.66000,0.65298,0.0
-0.36000,0.65298,0.0
-0.35700,0.65298,0.0
-0.23400,0.65298,0.0
0.40800,0.65298,0.0
0.32700,0.65298,0.0
-0.08400,0.65298,0.0
0.06600,0.65298,0.0
0.51900,0.65298,0.0
0.35100,0.65298,0.0
0.51300,0.65298,0.0
0.53400,0.65298,0.0
-0.36300,0.65298,0.0
-0.50100,0.65298,0.0
-0.22500,0.65298,0.0
0.05400,0.65298,0.0
0.36900,0.65298,0.0
0.28500,0.65298,0.0
-0.36900,0.65298,0.0
0.46500,0.65298,0.0
-0.06900,0.65298,0.0
-0.31200,0.65298,0.0
-0.57900,0.65298,0.0
0.00300,0.65298,0.0
-0.44700,0.65298,0.0
0.42000,0.65298,0.0
0.39900,0.65298,0.0
0.64500,0.65298,0.0
-0.40800,0.65298,0.0
-0.14400,0.65298,0.0
0.45600,0.65298,0.0
-0.45900,0.65298,0.0
-0.35400,0.65298,0.0
0.58500,0.65298,0.0
-0.42000,0.65298,0.0
-0.30900,0.65298,0.0
0.57000,0.65298,0.0
0.13500,0.65298,0.0
0.43500,0.65298,0.0
0.23100,0.65298,0.0
0.34800,0.65298,0.0
-0.69300,0.65298,0.0
0.22800,0.65298,0.0
0.01500,0.65298,0.0
-0.13200,0.65298,0.0
0.03600,0.65298,0.0
0.60600,0.65298,0.0
0.48900,0.65298,0.0
0.33000,0.65298,0.0
-0.24000,0.65298,0.0
-0.43800,0.65298,0.0
0.56400,0.65298,0.0
0.17700,0.65298,0.0
-0.66300,0.65298,0.0
0.41700,0.65298,0.0
0.06000,0.65298,0.0
0.07800,0.65298,0.0
-0.25800,0.65003,0.0
-0.22800,0.65003,0.0
0.14700,0.65003,0.0
0.46200,0.65003,0.0
0.28200,0.65003,0.0
-0.44100,0.65003,0.0
0.47400,0.65003,0.0
0.21900,0.65003,0.0
0.04800,0.65003,0.0
-0.10500,0.65003,0.0
0.55200,0.65003,0.0
-0.55500,0.65003,0.0
0.43500,0.65003,0.0
-0.54000,0.65003,0.0
-0.16500,0.65003,0.0
-0.58500,0.65003,0.0
-0.24900,0.65003,0.0
0.23700,0.65003,0.0
-0.60300,0.65003,0.0
0.63600,0.65003,0.0
-0.65700,0.65003,0.0
0.48300,0.65003,0.0
0.42000,0.65003,0.0
-0.17400,0.65003,0.0
0.52200,0.65003,0.0
0.32400,0.65003,0.0
-0.04500,0.65003,0.0
0.02100,0.65003,0.0
0.61500,0.65003,0.0
0.31200,0.65003,0.0
-0.37200,0.65003,0.0
-0.43200,0.65003,0.0
0.42300,0.65003,0.0
-0.19800,0.65003,0.0
-0.18300,0.65003,0.0
-0.55800,0.65003,0.0
0.39300,0.65003,0.0
-0.37800,0.65003,0.0
0.45300,0.65003,0.0
-0.10200,0.65003,0.0
-0.39900,0.65003,0.0
-0.03600,0.65003,0.0
0.09000,0.65003,0.0
-0.09300,0.65003,0.0
0.26400,0.65003,0.0
-0.52200,0.65003,0.0
0.62400,0.65003,0.0
0.39900,0.65003,0.0
-0.26100,0.65003,0.0
0.12300,0.65003,0.0
-0.07500,0.65003,0.0
0.12000,0.65003,0.0
0.41100,0.65003,0.0
0.35700,0.65003,0.0
-0.15000,0.65003,0.0
-0.23100,0.65003,0.0
-0.46800,0.65003,0.0
-0.40500,0.65003,0.0
-0.69300,0.65003,0.0
0.54900,0.65003,0.0
0.14100,0.65003,0.0
-0.14400,0.65003,0.0
-0.42300,0.65003,0.0
-0.64200,0.65003,0.0
0.36000,0.65003,0.0
0.49200,0.65003,0.0
-0.57600,0.65003,0.0
0.10800,0.65003,0.0
-0.20400,0.65003,0.0
0.45000,0.65003,0.0
0.40200,0.65003,0.0
-0.65400,0.65003,0.0
0.00000,0.65003,0.0
-0.20700,0.64708,0.0
-0.42900,0.64708,0.0
0.32700,0.64708,0.0
-0.51000,0.64708,0.0
-0.70200,0.64708,0.0
-0.26400,0.64708,0.0
-0.32400,0.64708,0.0
-0.06600,0.64708,0.0
-0.29100,0.64708,0.0
-0.04200,0.64708,0.0
0.09900,0.64708,0.0
0.15000,0.64708,0.0
-0.52200,0.64708,0.0
-0.21000,0.64708,0.0
0.01500,0.64708,0.0
-0.69900,0.64708,0.0
-0.21300,0.64708,0.0
0.47100,0.64708,0.0
0.13200,0.64708,0.0
-0.06000,0.64708,0.0
0.37800,0.64708,0.0
-0.23700,0.64708,0.0
-0.15900,0.64708,0.0
0.51300,0.64708,0.0
0.18900,0.64708,0.0
0.49500,0.64708,0.0
-0.56700,0.64708,0.0
-0.55200,0.64708,0.0
0.18000,0.64708,0.0
-0.53700,0.64708,0.0
0.24900,0.64708,0.0
-0.41100,0.64708,0.0
-0.24900,0.64708,0.0
-0.10500,0.64708,0.0
-0.63900,0.64708,0.0
-0.60600,0.64708,0.0
0.27900,0.64708,0.0
-0.17100,0.64708,0.0
-0.06300,0.64708,0.0
0.39000,0.64708,0.0
0.60000,0.64708,0.0
-0.18600,0.64708,0.0
0.25200,0.64708,0.0
-0.66600,0.64708,0.0
0.60300,0.64708,0.0
0.48000,0.64708,0.0
-0.69600,0.64708,0.0
0.33900,0.64708,0.0
0.45300,0.64708,0.0
0.20400,0.64708,0.0
0.29700,0.64708,0.0
-0.46500,0.64708,0.0
-0.68400,0.64708,0.0
0.64500,0.64708,0.0
0.14100,0.64708,0.0
0.19200,0.64708,0.0
0.66900,0.64708,0.0
-0.55500,0.64708,0.0
-0.51300,0.64708,0.0
-0.40500,0.64708,0.0
0.42300,0.64708,0.0
-0.53100,0.64708,0.0
0.27300,0.64708,0.0
0.57600,0.64708,0.0
0.22500,0.64708,0.0
0.35400,0.64708,0.0
-0.46500,0.64413,0.0
-0.60900,0.64413,0.0
0.31800,0.64413,0.0
-0.42900,0.64413,0.0
-0.33600,0.64413,0.0
-0.63600,0.64413,0.0
-0.70500,0.64413,0.0
-0.65700,0.64413,0.0
0.38700,0.64413,0.0
0.28200,0.64413,0.0
0.64500,0.64413,0.0
0.04800,0.64413,0.0
-0.51300,0.64413,0.0
-0.27300,0.64413,0.0
-0.63000,0.64413,0.0
-0.43500,0.64413,0.0
-0.47700,0.64413,0.0
0.45300,0.64413,0.0
0.06600,0.64413,0.0
0.44400,0.64413,0.0
-0.60300,0.64413,0.0
-0.33000,0.64413,0.0
-0.49500,0.64413,0.0
0.43800,0.64413,0.0
0.37200,0.64413,0.0
-0.56100,0.64413,0.0
-0.13800,0.64413,0.0
0.33600,0.64413,0.0
-0.03900,0.64413,0.0
-0.26700,0.64413,0.0
-0.15600,0.64413,0.0
0.27600,0.64413,0.0
-0.42600,0.64413,0.0
-0.23400,0.64413,0.0
0.51600,0.64413,0.0
-0.11100,0.64413,0.0
-0.31800,0.64413,0.0
0.19200,0.64413,0.0
-0.53700,0.64413,0.0
-0.67200,0.64413,0.0
0.01800,0.64413,0.0
-0.68700,0.64413,0.0
0.00900,0.64413,0.0
0.62700,0.64413,0.0
-0.14400,0.64413,0.0
0.63000,0.64413,0.0
0.62100,0.64413,0.0
0.06900,0.64413,0.0
-0.29100,0.64413,0.0
0.39600,0.64413,0.0
0.66300,0.64413,0.0
0.13500,0.64413,0.0
-0.01500,0.64413,0.0
0.62400,0.64413,0.0
-0.21900,0.64413,0.0
0.15900,0.64413,0.0
-0.53100,0.64413,0.0
0.58200,0.64413,0.0
-0.54900,0.64413,0.0
-0.03000,0.64413,0.0
-0.52500,0.64413,0.0
-0.13200,0.64413,0.0
-0.05400,0.64413,0.0
-0.40200,0.64413,0.0
0.67800,0.64413,0.0
0.45900,0.64413,0.0
0.06300,0.64413,0.0
-0.37800,0.64413,0.0
-0.41700,0.64413,0.0
-0.45600,0.64413,0.0
0.54300,0.64413,0.0
0.67800,0.64118,0.0
-0.16200,0.64118,0.0
0.50700,0.64118,0.0
-0.68700,0.64118,0.0
0.36900,0.64118,0.0
0.66600,0.64118,0.0
-0.53700,0.64118,0.0
0.57600,0.64118,0.0
0.51600,0.64118,0.0
0.39300,0.64118,0.0
-0.20400,0.64118,0.0
-0.52800,0.64118,0.0
0.48000,0.64118,0.0
0.04500,0.64118,0.0
-0.36600,0.64118,0.0
-0.31500,0.64118,0.0
0.36600,0.64118,0.0
-0.32400,0.64118,0.0
-0.07200,0.64118,0.0
-0.57600,0.64118,0.0
0.08700,0.64118,0.0
-0.00600,0.64118,0.0
0.17100,0.64118,0.0
-0.59400,0.64118,0.0
-0.16800,0.64118,0.0
-0.49500,0.64118,0.0
-0.63900,0.64118,0.0
0.21600,0.64118,0.0
-0.47400,0.64118,0.0
0.45600,0.64118,0.0
0.15000,0.64118,0.0
-0.13200,0.64118,0.0
-0.09600,0.64118,0.0
0.31800,0.64118,0.0
-0.12300,0.64118,0.0
0.29700,0.64118,0.0
0.40800,0.64118,0.0
-0.06600,0.64118,0.0
-0.66000,0.64118,0.0
-0.25200,0.64118,0.0
-0.48900,0.64118,0.0
-0.45900,0.64118,0.0
-0.31200,0.64118,0.0
0.49800,0.64118,0.0
0.07200,0.64118,0.0
-0.21900,0.64118,0.0
0.42900,0.64118,0.0
-0.38400,0.64118,0.0
-0.60900,0.64118,0.0
0.30000,0.64118,0.0
0.45000,0.64118,0.0
0.12600,0.64118,0.0
-0.46200,0.64118,0.0
-0.08100,0.64118,0.0
-0.09000,0.64118,0.0
-0.27900,0.64118,0.0
-0.03300,0.64118,0.0
-0.26100,0.64118,0.0
-0.58500,0.64118,0.0
0.27600,0.64118,0.0
0.58500,0.64118,0.0
-0.42000,0.64118,0.0
0.20100,0.64118,0.0
-0.59100,0.64118,0.0
0.31200,0.64118,0.0
0.32700,0.64118,0.0
-0.67800,0.64118,0.0
-0.54300,0.64118,0.0
0.35100,0.64118,0.0
-0.30600,0.64118,0.0
0.20700,0.64118,0.0
-0.21900,0.63824,0.0
-0.33300,0.63824,0.0
-0.69600,0.63824,0.0
-0.56700,0.63824,0.0
0.52200,0.63824,0.0
-0.43200,0.63824,0.0
-0.09600,0.63824,0.0
0.56400,0.63824,0.0
-0.09000,0.63824,0.0
-0.00600,0.63824,0.0
0.49200,0.63824,0.0
0.57600,0.63824,0.0
-0.05100,0.63824,0.0
-0.30000,0.63824,0.0
0.00000,0.63824,0.0
-0.12300,0.63824,0.0
0.27600,0.63824,0.0
0.46500,0.63824,0.0
-0.50700,0.63824,0.0
0.50700,0.63824,0.0
-0.21600,0.63824,0.0
0.48600,0.63824,0.0
0.42600,0.63824,0.0
0.19200,0.63824,0.0
0.32100,0.63824,0.0
-0.67800,0.63824,0.0
0.53100,0.63824,0.0
-0.35400,0.63824,0.0
0.21000,0.63824,0.0
-0.05700,0.63824,0.0
0.02100,0.63824,0.0
-0.07200,0.63824,0.0
0.44400,0.63824,0.0
-0.39000,0.63824,0.0
0.24600,0.63824,0.0
0.15300,0.63824,0.0
-0.52200,0.63824,0.0
-0.66600,0.63824,0.0
0.30000,0.63824,0.0
0.44700,0.63824,0.0
-0.59700,0.63824,0.0
-0.22500,0.63824,0.0
-0.33000,0.63824,0.0
-0.28500,0.63824,0.0
-0.45000,0.63824,0.0
0.66600,0.63824,0.0
0.29700,0.63824,0.0
-0.54000,0.63824,0.0
-0.08700,0.63824,0.0
0.37200,0.63824,0.0
0.60600,0.63824,0.0
-0.33900,0.63824,0.0
0.52800,0.63824,0.0
-0.58800,0.63824,0.0
0.25500,0.63824,0.0
-0.13500,0.63824,0.0
0.34200,0.63824,0.0
-0.42900,0.63824,0.0
0.46800,0.63824,0.0
-0.53100,0.63824,0.0
-0.51000,0.63824,0.0
-0.11100,0.63824,0.0
-0.35100,0.63824,0.0
0.50400,0.63824,0.0
-0.53700,0.63824,0.0
0.07800,0.63824,0.0
-0.19800,0.63824,0.0
0.45900,0.63824,0.0
-0.48900,0.63824,0.0
0.04200,0.63824,0.0
0.36300,0.63824,0.0
0.22500,0.63824,0.0
0.20700,0.63824,0.0
-0.45600,0.63824,0.0
0.67200,0.63824,0.0
0.02100,0.63529,0.0
-0.40200,0.63529,0.0
-0.36600,0.63529,0.0
-0.11400,0.63529,0.0
-0.70800,0.63529,0.0
-0.20100,0.63529,0.0
0.22500,0.63529,0.0
-0.69000,0.63529,0.0
-0.52200,0.63529,0.0
0.58200,0.63529,0.0
-0.31500,0.63529,0.0
-0.41400,0.63529,0.0
-0.21900,0.63529,0.0
-0.05100,0.63529,0.0
-0.26100,0.63529,0.0
0.47400,0.63529,0.0
0.31500,0.63529,0.0
0.54000,0.63529,0.0
0.38700,0.63529,0.0
0.54900,0.63529,0.0
-0.62400,0.63529,0.0
-0.02700,0.63529,0.0
0.56700,0.63529,0.0
0.01800,0.63529,0.0
-0.26700,0.63529,0.0
0.42300,0.63529,0.0
0.52800,0.63529,0.0
-0.13200,0.63529,0.0
0.38400,0.63529,0.0
0.45000,0.63529,0.0
-0.58800,0.63529,0.0
-0.15000,0.63529,0.0
-0.13800,0.63529,0.0
0.09000,0.63529,0.0
-0.65700,0.63529,0.0
-0.14400,0.63529,0.0
-0.60600,0.63529,0.0
0.32400,0.63529,0.0
0.33000,0.63529,0.0
0.00000,0.63529,0.0
0.48000,0.63529,0.0
-0.57900,0.63529,0.0
-0.37200,0.63529,0.0
-0.33600,0.63529,0.0
-0.09000,0.63529,0.0
0.24900,0.63529,0.0
-0.04500,0.63529,0.0
-0.43200,0.63529,0.0
0.63000,0.63529,0.0
0.62700,0.63529,0.0
-0.35700,0.63529,0.0
0.20100,0.63529,0.0
-0.33900,0.63529,0.0
-0.01500,0.63529,0.0
-0.12000,0.63529,0.0
-0.67800,0.63529,0.0
0.20700,0.63529,0.0
-0.25800,0.63529,0.0
-0.36000,0.63529,0.0
-0.57600,0.63529,0.0
-0.68700,0.63529,0.0
-0.21300,0.63529,0.0
0.30600,0.63529,0.0
0.06600,0.63529,0.0
-0.13500,0.63529,0.0
-0.27000,0.63529,0.0
0.40200,0.63529,0.0
0.62400,0.63529,0.0
0.09900,0.63529,0.0
0.21300,0.63529,0.0
-0.05400,0.63529,0.0
0.26700,0.63529,0.0
-0.67500,0.63529,0.0
-0.41100,0.63529,0.0
0.58500,0.63234,0.0
-0.44400,0.63234,0.0
-0.25500,0.63234,0.0
0.37500,0.63234,0.0
-0.41100,0.63234,0.0
-0.54900,0.63234,0.0
0.51900,0.63234,0.0
-0.24000,0.63234,0.0
0.54300,0.63234,0.0
0.07200,0.63234,0.0
-0.49500,0.63234,0.0
-0.62400,0.63234,0.0
-0.49800,0.63234,0.0
0.58200,0.63234,0.0
-0.14100,0.63234,0.0
-0.03900,0.63234,0.0
0.10800,0.63234,0.0
0.32700,0.63234,0.0
0.59700,0.63234,0.0
0.39300,0.63234,0.0
-0.49200,0.63234,0.0
0.12000,0.63234,0.0
-0.13800,0.63234,0.0
0.26100,0.63234,0.0
0.29100,0.63234,0.0
-0.40800,0.63234,0.0
-0.40200,0.63234,0.0
0.65100,0.63234,0.0
0.04200,0.63234,0.0
0.47400,0.63234,0.0
-0.34500,0.63234,0.0
0.21300,0.63234,0.0
-0.61200,0.63234,0.0
-0.45300,0.63234,0.0
-0.51000,0.63234,0.0
0.30300,0.63234,0.0
0.57000,0.63234,0.0
-0.29100,0.63234,0.0
-0.08700,0.63234,0.0
0.06900,0.63234,0.0
0.25200,0.63234,0.0
-0.09300,0.63234,0.0
-0.66900,0.63234,0.0
-0.69900,0.63234,0.0
0.64200,0.63234,0.0
-0.00300,0.63234,0.0
-0.48900,0.63234,0.0
-0.15000,0.63234,0.0
0.60300,0.63234,0.0
-0.30900,0.63234,0.0
-0.39600,0.63234,0.0
-0.25800,0.63234,0.0
-0.56400,0.63234,0.0
-0.42900,0.63234,0.0
0.08400,0.63234,0.0
0.51300,0.63234,0.0
-0.47100,0.63234,0.0
0.44400,0.63234,0.0
0.48300,0.63234,0.0
-0.59400,0.63234,0.0
0.13800,0.63234,0.0
0.21600,0.63234,0.0
-0.09000,0.63234,0.0
-0.69000,0.63234,0.0
-0.37800,0.63234,0.0
0.65400,0.63234,0.0
-0.15300,0.63234,0.0
0.45900,0.63234,0.0
0.64500,0.63234,0.0
-0.50700,0.63234,0.0
0.57900,0.63234,0.0
-0.48300,0.63234,0.0
-0.23400,0.63234,0.0
-0.55500,0.63234,0.0
0.56700,0.63234,0.0
0.05100,0.63234,0.0
0.47700,0.63234,0.0
0.28500,0.63234,0.0
0.25500,0.63234,0.0
-0.13500,0.63234,0.0
0.06300,0.63234,0.0
-0.01500,0.63234,0.0
-0.25200,0.63234,0.0
0.63300,0.63234,0.0
0.09300,0.62939,0.0
-0.59700,0.62939,0.0
-0.08100,0.62939,0.0
-0.41100,0.62939,0.0
0.24600,0.62939,0.0
-0.14400,0.62939,0.0
0.26100,0.62939,0.0
0.31800,0.62939,0.0
0.11100,0.62939,0.0
-0.02400,0.62939,0.0
-0.50400,0.62939,0.0
-0.24600,0.62939,0.0
-0.05100,0.62939,0.0
0.07500,0.62939,0.0
-0.21300,0.62939,0.0
0.40800,0.62939,0.0
-0.53700,0.62939,0.0
0.12000,0.62939,0.0
0.30000,0.62939,0.0
0.24300,0.62939,0.0
0.36300,0.62939,0.0
-0.52200,0.62939,0.0
0.43200,0.62939,0.0
-0.27900,0.62939,0.0
-0.34800,0.62939,0.0
-0.43200,0.62939,0.0
0.67200,0.62939,0.0
0.39600,0.62939,0.0
0.47700,0.62939,0.0
-0.42000,0.62939,0.0
0.63600,0.62939,0.0
-0.05400,0.62939,0.0
-0.36300,0.62939,0.0
-0.45900,0.62939,0.0
-0.68100,0.62939,0.0
0.66900,0.62939,0.0
0.22500,0.62939,0.0
-0.18000,0.62939,0.0
-0.50700,0.62939,0.0
-0.69000,0.62939,0.0
0.06900,0.62939,0.0
-0.45600,0.62939,0.0
0.22800,0.62939,0.0
0.52800,0.62939,0.0
-0.05700,0.62939,0.0
-0.39300,0.62939,0.0
-0.32100,0.62939,0.0
0.27600,0.62939,0.0
0.11400,0.62939,0.0
0.65400,0.62939,0.0
0.20100,0.62939,0.0
-0.48900,0.62939,0.0
0.54600,0.62939,0.0
0.02700,0.62939,0.0
0.28500,0.62939,0.0
0.00000,0.62939,0.0
-0.44400,0.62939,0.0
0.01500,0.62939,0.0
-0.63900,0.62939,0.0
-0.57300,0.62939,0.0
0.32100,0.62939,0.0
0.34200,0.62939,0.0
-0.69300,0.62939,0.0
-0.14100,0.62939,0.0
0.25200,0.62939,0.0
-0.47400,0.62939,0.0
-0.65100,0.62939,0.0
-0.08700,0.62939,0.0
0.16500,0.62939,0.0
-0.56700,0.62939,0.0
-0.34500,0.62939,0.0
0.18600,0.62939,0.0
-0.51000,0.62939,0.0
-0.16800,0.62939,0.0
0.03900,0.62939,0.0
-0.65400,0.62939,0.0
-0.64800,0.62939,0.0
0.05400,0.62939,0.0
0.32700,0.62939,0.0
0.27000,0.62939,0.0
-0.03000,0.62645,0.0
0.11400,0.62645,0.0
0.53400,0.62645,0.0
0.33600,0.62645,0.0
0.57900,0.62645,0.0
0.21300,0.62645,0.0
0.64200,0.62645,0.0
0.36300,0.62645,0.0
0.39900,0.62645,0.0
0.06300,0.62645,0.0
0.57300,0.62645,0.0
-0.24900,0.62645,0.0
-0.42000,0.62645,0.0
-0.64200,0.62645,0.0
-0.45000,0.62645,0.0
-0.11700,0.62645,0.0
0.06600,0.62645,0.0
-0.48900,0.62645,0.0
0.47400,0.62645,0.0
-0.67500,0.62645,0.0
-0.52500,0.62645,0.0
0.62700,0.62645,0.0
0.34500,0.62645,0.0
-0.18000,0.62645,0.0
-0.12000,0.62645,0.0
-0.13200,0.62645,0.0
-0.68400,0.62645,0.0
-0.67800,0.62645,0.0
0.55500,0.62645,0.0
0.07200,0.62645,0.0
-0.58500,0.62645,0.0
-0.59400,0.62645,0.0
-0.63000,0.62645,0.0
0.50400,0.62645,0.0
-0.19200,0.62645,0.0
-0.55500,0.62645,0.0
-0.13500,0.62645,0.0
-0.09900,0.62645,0.0
0.42300,0.62645,0.0
0.20100,0.62645,0.0
-0.41700,0.62645,0.0
0.13800,0.62645,0.0
0.53100,0.62645,0.0
0.00300,0.62645,0.0
0.65100,0.62645,0.0
0.26400,0.62645,0.0
-0.60600,0.62645,0.0
0.56400,0.62645,0.0
-0.21000,0.62645,0.0
-0.02700,0.62645,0.0
0.48600,0.62645,0.0
-0.47400,0.62645,0.0
-0.00900,0.62645,0.0
-0.28800,0.62645,0.0
-0.25200,0.62645,0.0
0.34800,0.62645,0.0
-0.46200,0.62645,0.0
0.40500,0.62645,0.0
-0.26400,0.62645,0.0
-0.37200,0.62645,0.0
-0.31800,0.62645,0.0
-0.57300,0.62645,0.0
-0.03900,0.62645,0.0
-0.60900,0.62645,0.0
0.09000,0.62645,0.0
-0.18600,0.62645,0.0
0.19200,0.62645,0.0
0.24600,0.62645,0.0
-0.39300,0.62645,0.0
0.46500,0.62645,0.0
0.09300,0.62645,0.0
0.05400,0.62645,0.0
0.41400,0.62645,0.0
0.52500,0.62645,0.0
0.39600,0.62645,0.0
0.44100,0.62645,0.0
0.29100,0.62645,0.0
-0.15900,0.62645,0.0
0.11700,0.62645,0.0
0.43500,0.62645,0.0
-0.04800,0.62645,0.0
0.17100,0.62645,0.0
0.45300,0.62645,0.0
-0.32700,0.62645,0.0
0.04800,0.62645,0.0
-0.52800,0.62645,0.0
-0.32400,0.62645,0.0
0.26100,0.62645,0.0
-0.20700,0.62645,0.0
0.41700,0.62645,0.0
-0.05700,0.62645,0.0
-0.14400,0.62645,0.0
0.59100,0.62645,0.0
0.51000,0.62350,0.0
0.21300,0.62350,0.0
0.52800,0.62350,0.0
0.55500,0.62350,0.0
-0.70500,0.62350,0.0
-0.34200,0.62350,0.0
-0.25200,0.62350,0.0
-0.41700,0.62350,0.0
-0.50100,0.62350,0.0
-0.66900,0.62350,0.0
-0.63600,0.62350,0.0
0.34200,0.62350,0.0
-0.26100,0.62350,0.0
0.24000,0.62350,0.0
0.09300,0.62350,0.0
-0.25800,0.62350,0.0
-0.21600,0.62350,0.0
-0.10500,0.62350,0.0
0.66900,0.62350,0.0
0.31200,0.62350,0.0
-0.12000,0.62350,0.0
-0.46200,0.62350,0.0
0.56400,0.62350,0.0
-0.54300,0.62350,0.0
-0.06900,0.62350,0.0
0.13500,0.62350,0.0
-0.34500,0.62350,0.0
0.03900,0.62350,0.0
0.10200,0.62350,0.0
-0.39900,0.62350,0.0
0.11100,0.62350,0.0
0.48000,0.62350,0.0
-0.35700,0.62350,0.0
0.09900,0.62350,0.0
0.01200,0.62350,0.0
-0.61800,0.62350,0.0
0.39000,0.62350,0.0
0.65400,0.62350,0.0
0.07200,0.62350,0.0
-0.60000,0.62350,0.0
-0.06600,0.62350,0.0
0.56700,0.62350,0.0
0.17400,0.62350,0.0
-0.00300,0.62350,0.0
0.27000,0.62350,0.0
-0.47400,0.62350,0.0
-0.31500,0.62350,0.0
-0.64200,0.62350,0.0
0.45600,0.62350,0.0
0.12600,0.62350,0.0
-0.12300,0.62350,0.0
-0.51300,0.62350,0.0
0.51900,0.62350,0.0
0.28800,0.62350,0.0
0.00600,0.62350,0.0
0.23400,0.62350,0.0
-0.24600,0.62350,0.0
0.34800,0.62350,0.0
0.29100,0.62350,0.0
-0.09300,0.62350,0.0
0.66300,0.62350,0.0
0.65700,0.62350,0.0
0.32100,0.62350,0.0
0.44100,0.62350,0.0
0.60900,0.62350,0.0
0.64200,0.62350,0.0
-0.21300,0.62350,0.0
-0.50400,0.62350,0.0
-0.06300,0.62350,0.0
-0.69300,0.62350,0.0
0.06000,0.62350,0.0
0.49500,0.62350,0.0
0.16800,0.62350,0.0
0.18900,0.62350,0.0
-0.13200,0.62350,0.0
-0.07200,0.62350,0.0
-0.32100,0.62350,0.0
0.29400,0.62055,0.0
-0.22200,0.62055,0.0
-0.32400,0.62055,0.0
0.09300,0.62055,0.0
-0.29700,0.62055,0.0
0.42900,0.62055,0.0
0.54600,0.62055,0.0
0.03000,0.62055,0.0
0.57300,0.62055,0.0
0.05400,0.62055,0.0
-0.21300,0.62055,0.0
0.56400,0.62055,0.0
0.24600,0.62055,0.0
-0.23100,0.62055,0.0
-0.46500,0.62055,0.0
-0.51600,0.62055,0.0
-0.35100,0.62055,0.0
0.33900,0.62055,0.0
-0.56700,0.62055,0.0
0.14100,0.62055,0.0
-0.21600,0.62055,0.0
-0.68700,0.62055,0.0
-0.21000,0.62055,0.0
-0.00300,0.62055,0.0
0.06600,0.62055,0.0
-0.63300,0.62055,0.0
0.09900,0.62055,0.0
-0.23700,0.62055,0.0
0.25500,0.62055,0.0
0.47700,0.62055,0.0
0.49500,0.62055,0.0
-0.22800,0.62055,0.0
0.13500,0.62055,0.0
0.51300,0.62055,0.0
0.33000,0.62055,0.0
0.32400,0.62055,0.0
-0.42300,0.62055,0.0
0.01500,0.62055,0.0
-0.60600,0.62055,0.0
0.60900,0.62055,0.0
0.51600,0.62055,0.0
0.38400,0.62055,0.0
-0.62400,0.62055,0.0
-0.55500,0.62055,0.0
0.66300,0.62055,0.0
0.43200,0.62055,0.0
-0.26700,0.62055,0.0
0.62700,0.62055,0.0
0.43500,0.62055,0.0
-0.45900,0.62055,0.0
0.17400,0.62055,0.0
-0.64500,0.62055,0.0
0.13800,0.62055,0.0
-0.40200,0.62055,0.0
-0.20400,0.62055,0.0
-0.54600,0.62055,0.0
0.23400,0.62055,0.0
-0.39900,0.62055,0.0
0.27600,0.62055,0.0
-0.34200,0.62055,0.0
0.20100,0.62055,0.0
-0.39000,0.62055,0.0
-0.09600,0.62055,0.0
-0.15900,0.62055,0.0
0.16200,0.62055,0.0
0.41100,0.62055,0.0
-0.25500,0.62055,0.0
-0.14400,0.62055,0.0
-0.36000,0.62055,0.0
0.41700,0.62055,0.0
0.10500,0.62055,0.0
-0.07800,0.62055,0.0
-0.05100,0.62055,0.0
-0.51900,0.62055,0.0
0.21600,0.62055,0.0
0.35100,0.62055,0.0
-0.30000,0.62055,0.0
0.26400,0.62055,0.0
-0.18300,0.62055,0.0
-0.43200,0.62055,0.0
-0.02100,0.62055,0.0
0.08700,0.62055,0.0
0.48000,0.62055,0.0
0.00300,0.62055,0.0
-0.34800,0.62055,0.0
-0.27000,0.61760,0.0
-0.15600,0.61760,0.0
0.62700,0.61760,0.0
0.66600,0.61760,0.0
0.07800,0.61760,0.0
-0.07800,0.61760,0.0
0.13500,0.61760,0.0
-0.47400,0.61760,0.0
0.04200,0.61760,0.0
-0.03300,0.61760,0.0
0.11400,0.61760,0.0
-0.24000,0.61760,0.0
-0.11400,0.61760,0.0
0.50400,0.61760,0.0
0.00900,0.61760,0.0
-0.10800,0.61760,0.0
0.41700,0.61760,0.0
0.23700,0.61760,0.0
0.04500,0.61760,0.0
0.52500,0.61760,0.0
-0.09900,0.61760,0.0
-0.69900,0.61760,0.0
-0.03000,0.61760,0.0
0.49500,0.61760,0.0
0.33900,0.61760,0.0
0.14700,0.61760,0.0
-0.41700,0.61760,0.0
0.54600,0.61760,0.0
-0.30000,0.61760,0.0
0.61200,0.61760,0.0
0.17700,0.61760,0.0
0.41400,0.61760,0.0
0.28200,0.61760,0.0
0.18300,0.61760,0.0
0.22200,0.61760,0.0
-0.56400,0.61760,0.0
0.02700,0.61760,0.0
0.13800,0.61760,0.0
0.58800,0.61760,0.0
0.63600,0.61760,0.0
0.57900,0.61760,0.0
-0.53700,0.61760,0.0
-0.22500,0.61760,0.0
0.61800,0.61760,0.0
0.06000,0.61760,0.0
0.38700,0.61760,0.0
0.25800,0.61760,0.0
-0.57000,0.61760,0.0
0.52800,0.61760,0.0
0.51000,0.61760,0.0
0.48300,0.61760,0.0
-0.12900,0.61760,0.0
-0.07200,0.61760,0.0
-0.20400,0.61760,0.0
0.67500,0.61760,0.0
-0.23100,0.61760,0.0
-0.13800,0.61760,0.0
-0.62100,0.61760,0.0
0.13200,0.61760,0.0
-0.43200,0.61760,0.0
-0.04500,0.61760,0.0
-0.10200,0.61760,0.0
-0.11100,0.61760,0.0
0.04800,0.61760,0.0
0.39300,0.61760,0.0
-0.62400,0.61760,0.0
-0.22800,0.61760,0.0
0.45600,0.61760,0.0
0.53100,0.61760,0.0
-0.38400,0.61760,0.0
0.18600,0.61760,0.0
0.50700,0.61760,0.0
-0.66300,0.61760,0.0
-0.21900,0.61760,0.0
0.34500,0.61465,0.0
-0.24900,0.61465,0.0
-0.56700,0.61465,0.0
0.15600,0.61465,0.0
-0.20100,0.61465,0.0
0.04800,0.61465,0.0
0.04500,0.61465,0.0
0.00300,0.61465,0.0
-0.37200,0.61465,0.0
-0.51000,0.61465,0.0
0.08400,0.61465,0.0
0.34800,0.61465,0.0
-0.44400,0.61465,0.0
0.28200,0.61465,0.0
0.07800,0.61465,0.0
-0.00900,0.61465,0.0
-0.64500,0.61465,0.0
0.21000,0.61465,0.0
0.45000,0.61465,0.0
0.53400,0.61465,0.0
0.19800,0.61465,0.0
-0.27600,0.61465,0.0
0.55200,0.61465,0.0
0.27000,0.61465,0.0
-0.27000,0.61465,0.0
0.07200,0.61465,0.0
0.54900,0.61465,0.0
-0.38400,0.61465,0.0
-0.52500,0.61465,0.0
-0.60900,0.61465,0.0
-0.45900,0.61465,0.0
0.49800,0.61465,0.0
0.32400,0.61465,0.0
0.04200,0.61465,0.0
-0.16200,0.61465,0.0
0.55800,0.61465,0.0
-0.41700,0.61465,0.0
-0.12000,0.61465,0.0
0.58800,0.61465,0.0
0.60300,0.61465,0.0
0.24600,0.61465,0.0
0.60600,0.61465,0.0
-0.39300,0.61465,0.0
0.67800,0.61465,0.0
-0.58500,0.61465,0.0
-0.41100,0.61465,0.0
0.42600,0.61465,0.0
-0.07800,0.61465,0.0
-0.11700,0.61465,0.0
-0.33900,0.61465,0.0
0.01200,0.61465,0.0
-0.70200,0.61465,0.0
0.65400,0.61465,0.0
-0.69000,0.61465,0.0
0.47100,0.61465,0.0
0.40800,0.61465,0.0
0.37500,0.61465,0.0
-0.61500,0.61465,0.0
0.06600,0.61465,0.0
0.24000,0.61465,0.0
0.47400,0.61465,0.0
-0.63000,0.61465,0.0
0.12600,0.61465,0.0
-0.06300,0.61465,0.0
0.62700,0.61465,0.0
0.27900,0.61465,0.0
-0.21300,0.61465,0.0
-0.08700,0.61465,0.0
0.44400,0.61465,0.0
0.01800,0.61465,0.0
-0.59400,0.61465,0.0
-0.59400,0.61171,0.0
-0.51600,0.61171,0.0
-0.63300,0.61171,0.0
0.22200,0.61171,0.0
0.16200,0.61171,0.0
-0.62700,0.61171,0.0
0.55800,0.61171,0.0
-0.05400,0.61171,0.0
0.08100,0.61171,0.0
-0.26100,0.61171,0.0
-0.35400,0.61171,0.0
0.26700,0.61171,0.0
-0.47100,0.61171,0.0
0.33600,0.61171,0.0
0.26400,0.61171,0.0
0.49800,0.61171,0.0
-0.16500,0.61171,0.0
0.46800,0.61171,0.0
0.63900,0.61171,0.0
-0.46500,0.61171,0.0
0.13800,0.61171,0.0
-0.22500,0.61171,0.0
-0.50700,0.61171,0.0
0.65700,0.61171,0.0
-0.15300,0.61171,0.0
-0.16800,0.61171,0.0
0.57900,0.61171,0.0
-0.06900,0.61171,0.0
-0.36300,0.61171,0.0
-0.47700,0.61171,0.0
-0.40800,0.61171,0.0
0.17100,0.61171,0.0
0.22800,0.61171,0.0
0.03300,0.61171,0.0
0.20100,0.61171,0.0
0.47400,0.61171,0.0
-0.39600,0.61171,0.0
-0.30600,0.61171,0.0
0.13200,0.61171,0.0
-0.39000,0.61171,0.0
0.54300,0.61171,0.0
-0.47400,0.61171,0.0
0.36000,0.61171,0.0
-0.50100,0.61171,0.0
0.00600,0.61171,0.0
-0.24300,0.61171,0.0
-0.24900,0.61171,0.0
-0.26400,0.61171,0.0
-0.56100,0.61171,0.0
-0.53700,0.61171,0.0
-0.41700,0.61171,0.0
0.06600,0.61171,0.0
0.24300,0.61171,0.0
0.01800,0.61171,0.0
0.38700,0.61171,0.0
-0.03600,0.61171,0.0
0.63000,0.61171,0.0
-0.27000,0.61171,0.0
-0.17100,0.61171,0.0
0.15900,0.61171,0.0
0.18300,0.61171,0.0
0.62700,0.61171,0.0
-0.55500,0.61171,0.0
0.21900,0.61171,0.0
0.48000,0.61171,0.0
-0.34200,0.61171,0.0
0.52200,0.61171,0.0
0.11400,0.61171,0.0
-0.39900,0.61171,0.0
-0.18000,0.61171,0.0
0.21300,0.61171,0.0
0.02100,0.61171,0.0
-0.04200,0.61171,0.0
-0.09900,0.61171,0.0
-0.64200,0.61171,0.0
-0.27300,0.61171,0.0
-0.28200,0.61171,0.0
-0.46200,0.61171,0.0
-0.33900,0.61171,0.0
-0.06900,0.60876,0.0
0.62400,0.60876,0.0
0.61200,0.60876,0.0
-0.62100,0.60876,0.0
0.12300,0.60876,0.0
-0.65100,0.60876,0.0
-0.68400,0.60876,0.0
0.62700,0.60876,0.0
-0.36900,0.60876,0.0
0.01800,0.60876,0.0
0.16800,0.60876,0.0
-0.60000,0.60876,0.0
-0.14100,0.60876,0.0
0.67800,0.60876,0.0
0.51000,0.60876,0.0
-0.46200,0.60876,0.0
-0.27900,0.60876,0.0
-0.18300,0.60876,0.0
0.15900,0.60876,0.0
-0.66900,0.60876,0.0
-0.54000,0.60876,0.0
-0.42000,0.60876,0.0
0.21300,0.60876,0.0
0.57600,0.60876,0.0
-0.31200,0.60876,0.0
0.55800,0.60876,0.0
0.59400,0.60876,0.0
0.35400,0.60876,0.0
0.02400,0.60876,0.0
-0.36000,0.60876,0.0
0.02100,0.60876,0.0
0.20400,0.60876,0.0
0.15300,0.60876,0.0
-0.63000,0.60876,0.0
-0.23400,0.60876,0.0
-0.70200,0.60876,0.0
0.22800,0.60876,0.0
-0.04200,0.60876,0.0
0.11400,0.60876,0.0
-0.54600,0.60876,0.0
-0.28200,0.60876,0.0
0.27300,0.60876,0.0
0.26400,0.60876,0.0
-0.69600,0.60876,0.0
0.54300,0.60876,0.0
-0.61800,0.60876,0.0
0.36600,0.60876,0.0
-0.67200,0.60876,0.0
-0.02700,0.60876,0.0
-0.30600,0.60876,0.0
0.67200,0.60876,0.0
0.58200,0.60876,0.0
-0.51300,0.60876,0.0
0.35100,0.60876,0.0
-0.43500,0.60876,0.0
-0.50700,0.60876,0.0
-0.48600,0.60876,0.0
-0.38400,0.60876,0.0
-0.23100,0.60876,0.0
0.46200,0.60876,0.0
-0.51900,0.60876,0.0
0.09300,0.60876,0.0
0.56700,0.60876,0.0
0.50100,0.60876,0.0
0.45000,0.60876,0.0
0.18600,0.60876,0.0
0.36300,0.60876,0.0
0.51300,0.60876,0.0
0.40800,0.60876,0.0
-0.25500,0.60876,0.0
-0.46500,0.60876,0.0
-0.05400,0.60876,0.0
-0.16800,0.60876,0.0
-0.39900,0.60876,0.0
-0.31800,0.60876,0.0
0.14700,0.60876,0.0
0.34800,0.60876,0.0
-0.20400,0.60876,0.0
0.23700,0.60876,0.0
0.44400,0.60876,0.0
0.65700,0.60876,0.0
0.45300,0.60876,0.0
0.29100,0.60876,0.0
-0.06000,0.60876,0.0
-0.34500,0.60581,0.0
0.56400,0.60581,0.0
-0.13800,0.60581,0.0
-0.16200,0.60581,0.0
0.63900,0.60581,0.0
-0.01200,0.60581,0.0
0.24900,0.60581,0.0
0.55200,0.60581,0.0
0.57900,0.60581,0.0
0.55500,0.60581,0.0
0.53700,0.60581,0.0
0.16200,0.60581,0.0
0.60300,0.60581,0.0
-0.63600,0.60581,0.0
-0.64500,0.60581,0.0
-0.70500,0.60581,0.0
-0.55500,0.60581,0.0
0.08700,0.60581,0.0
-0.44400,0.60581,0.0
-0.17100,0.60581,0.0
-0.29400,0.60581,0.0
0.48600,0.60581,0.0
-0.17700,0.60581,0.0
0.40800,0.60581,0.0
0.62700,0.60581,0.0
0.04500,0.60581,0.0
0.24300,0.60581,0.0
-0.67800,0.60581,0.0
0.22800,0.60581,0.0
0.49200,0.60581,0.0
-0.69900,0.60581,0.0
0.57000,0.60581,0.0
-0.51000,0.60581,0.0
-0.10200,0.60581,0.0
0.25500,0.60581,0.0
-0.16800,0.60581,0.0
0.07800,0.60581,0.0
-0.42900,0.60581,0.0
-0.49500,0.60581,0.0
-0.22500,0.60581,0.0
-0.11700,0.60581,0.0
0.34500,0.60581,0.0
-0.25500,0.60581,0.0
0.20400,0.60581,0.0
-0.67500,0.60581,0.0
0.36600,0.60581,0.0
0.00300,0.60581,0.0
0.59100,0.60581,0.0
0.30600,0.60581,0.0
-0.48600,0.60581,0.0
0.34200,0.60581,0.0
0.03600,0.60581,0.0
-0.55200,0.60581,0.0
0.62400,0.60581,0.0
0.23100,0.60581,0.0
-0.65700,0.60581,0.0
0.47100,0.60581,0.0
-0.12900,0.60581,0.0
-0.54900,0.60581,0.0
0.28200,0.60581,0.0
-0.00600,0.60581,0.0
-0.40500,0.60581,0.0
0.15000,0.60581,0.0
-0.27300,0.60581,0.0
0.51300,0.60581,0.0
0.60000,0.60581,0.0
0.18900,0.60581,0.0
0.27000,0.60581,0.0
-0.54600,0.60286,0.0
0.16800,0.60286,0.0
-0.22500,0.60286,0.0
0.20700,0.60286,0.0
-0.40800,0.60286,0.0
-0.56100,0.60286,0.0
0.50700,0.60286,0.0
-0.47100,0.60286,0.0
0.14100,0.60286,0.0
-0.66900,0.60286,0.0
-0.12600,0.60286,0.0
-0.58500,0.60286,0.0
-0.69600,0.60286,0.0
-0.46200,0.60286,0.0
0.53100,0.60286,0.0
-0.17100,0.60286,0.0
0.22200,0.60286,0.0
-0.69000,0.60286,0.0
-0.11700,0.60286,0.0
0.07500,0.60286,0.0
0.26100,0.60286,0.0
0.18600,0.60286,0.0
0.64800,0.60286,0.0
-0.08400,0.60286,0.0
0.61200,0.60286,0.0
0.09600,0.60286,0.0
-0.12300,0.60286,0.0
-0.53100,0.60286,0.0
-0.21900,0.60286,0.0
0.12900,0.60286,0.0
0.65700,0.60286,0.0
0.30000,0.60286,0.0
-0.50400,0.60286,0.0
-0.41400,0.60286,0.0
-0.48900,0.60286,0.0
-0.60300,0.60286,0.0
-0.30600,0.60286,0.0
-0.46800,0.60286,0.0
-0.20700,0.60286,0.0
0.30600,0.60286,0.0
0.16200,0.60286,0.0
0.60300,0.60286,0.0
0.51600,0.60286,0.0
0.55200,0.60286,0.0
0.46200,0.60286,0.0
-0.24600,0.60286,0.0
0.35100,0.60286,0.0
0.00900,0.60286,0.0
0.15600,0.60286,0.0
0.17100,0.60286,0.0
-0.24300,0.60286,0.0
-0.64800,0.60286,0.0
0.42300,0.60286,0.0
-0.17400,0.60286,0.0
-0.57900,0.60286,0.0
-0.41700,0.60286,0.0
-0.08700,0.60286,0.0
0.15000,0.60286,0.0
0.46800,0.60286,0.0
0.27600,0.60286,0.0
-0.33000,0.60286,0.0
0.60600,0.60286,0.0
-0.14400,0.60286,0.0
0.11700,0.60286,0.0
-0.24900,0.60286,0.0
0.62700,0.60286,0.0
-0.65400,0.60286,0.0
-0.48600,0.60286,0.0
0.32400,0.60286,0.0
-0.06000,0.59991,0.0
0.09600,0.59991,0.0
0.22500,0.59991,0.0
0.55200,0.59991,0.0
0.27000,0.59991,0.0
-0.03000,0.59991,0.0
-0.40800,0.59991,0.0
-0.28800,0.59991,0.0
-0.44700,0.59991,0.0
0.23700,0.59991,0.0
-0.17700,0.59991,0.0
-0.25200,0.59991,0.0
0.66300,0.59991,0.0
0.52500,0.59991,0.0
0.21300,0.59991,0.0
0.44400,0.59991,0.0
-0.55800,0.59991,0.0
0.17700,0.59991,0.0
-0.01200,0.59991,0.0
0.52800,0.59991,0.0
-0.63000,0.59991,0.0
0.33300,0.59991,0.0
-0.00600,0.59991,0.0
-0.19800,0.59991,0.0
0.03600,0.59991,0.0
-0.58500,0.59991,0.0
0.56400,0.59991,0.0
0.10200,0.59991,0.0
0.28200,0.59991,0.0
-0.61800,0.59991,0.0
0.34500,0.59991,0.0
-0.35400,0.59991,0.0
-0.05400,0.59991,0.0
-0.61500,0.59991,0.0
-0.33300,0.59991,0.0
-0.67200,0.59991,0.0
0.11700,0.59991,0.0
0.00300,0.59991,0.0
0.25800,0.59991,0.0
-0.59100,0.59991,0.0
-0.11100,0.59991,0.0
0.33900,0.59991,0.0
-0.68700,0.59991,0.0
0.47700,0.59991,0.0
-0.47400,0.59991,0.0
-0.37500,0.59991,0.0
-0.56400,0.59991,0.0
-0.27000,0.59991,0.0
-0.45300,0.59991,0.0
0.42000,0.59991,0.0
0.03000,0.59991,0.0
0.35100,0.59991,0.0
-0.35100,0.59991,0.0
0.02700,0.59991,0.0
-0.38100,0.59991,0.0
-0.39600,0.59991,0.0
0.61500,0.59991,0.0
0.09900,0.59991,0.0
0.42900,0.59991,0.0
-0.34500,0.59991,0.0
0.59700,0.59991,0.0
-0.20400,0.59991,0.0
-0.70800,0.59991,0.0
-0.12000,0.59991,0.0
-0.45900,0.59991,0.0
-0.19800,0.59697,0.0
0.06300,0.59697,0.0
0.27600,0.59697,0.0
-0.43200,0.59697,0.0
-0.28200,0.59697,0.0
0.29700,0.59697,0.0
0.16200,0.59697,0.0
-0.22800,0.59697,0.0
-0.41400,0.59697,0.0
0.56100,0.59697,0.0
-0.67500,0.59697,0.0
-0.23700,0.59697,0.0
0.23100,0.59697,0.0
-0.67200,0.59697,0.0
0.65100,0.59697,0.0
0.03000,0.59697,0.0
0.06900,0.59697,0.0
0.46200,0.59697,0.0
0.05400,0.59697,0.0
0.57900,0.59697,0.0
-0.42300,0.59697,0.0
0.07500,0.59697,0.0
-0.00900,0.59697,0.0
-0.63300,0.59697,0.0
0.63600,0.59697,0.0
0.62100,0.59697,0.0
-0.47400,0.59697,0.0
-0.24000,0.59697,0.0
-0.20100,0.59697,0.0
0.49800,0.59697,0.0
0.14700,0.59697,0.0
0.54600,0.59697,0.0
-0.60300,0.59697,0.0
0.35700,0.59697,0.0
0.52500,0.59697,0.0
-0.45000,0.59697,0.0
0.15600,0.59697,0.0
-0.70200,0.59697,0.0
-0.24600,0.59697,0.0
-0.51900,0.59697,0.0
0.10200,0.59697,0.0
0.53400,0.59697,0.0
0.60600,0.59697,0.0
0.40500,0.59697,0.0
-0.55200,0.59697,0.0
0.34200,0.59697,0.0
-0.38400,0.59697,0.0
-0.45900,0.59697,0.0
0.19200,0.59697,0.0
0.54300,0.59697,0.0
-0.56700,0.59697,0.0
0.52800,0.59697,0.0
0.61800,0.59697,0.0
-0.40500,0.59697,0.0
0.48000,0.59697,0.0
0.17700,0.59697,0.0
0.56700,0.59697,0.0
0.02100,0.59697,0.0
-0.14700,0.59697,0.0
0.08700,0.59697,0.0
-0.04200,0.59697,0.0
-0.46200,0.59697,0.0
0.04800,0.59697,0.0
0.47400,0.59697,0.0
0.12300,0.59697,0.0
0.10500,0.59697,0.0
-0.01800,0.59697,0.0
-0.33900,0.59697,0.0
0.39600,0.59697,0.0
0.65100,0.59402,0.0
0.27000,0.59402,0.0
0.44700,0.59402,0.0
0.59100,0.59402,0.0
-0.11400,0.59402,0.0
0.48900,0.59402,0.0
-0.44400,0.59402,0.0
-0.45000,0.59402,0.0
-0.23100,0.59402,0.0
-0.62700,0.59402,0.0
0.21900,0.59402,0.0
-0.01800,0.59402,0.0
-0.63900,0.59402,0.0
-0.21600,0.59402,0.0
0.25500,0.59402,0.0
-0.54900,0.59402,0.0
-0.55200,0.59402,0.0
0.00600,0.59402,0.0
0.56100,0.59402,0.0
-0.11700,0.59402,0.0
0.42000,0.59402,0.0
-0.68700,0.59402,0.0
0.41700,0.59402,0.0
0.13800,0.59402,0.0
-0.08100,0.59402,0.0
0.08400,0.59402,0.0
-0.68400,0.59402,0.0
-0.60600,0.59402,0.0
-0.62100,0.59402,0.0
0.31200,0.59402,0.0
-0.18000,0.59402,0.0
0.60900,0.59402,0.0
0.04200,0.59402,0.0
0.47400,0.59402,0.0
0.47100,0.59402,0.0
-0.19200,0.59402,0.0
-0.19500,0.59402,0.0
0.03300,0.59402,0.0
-0.17400,0.59402,0.0
-0.64500,0.59402,0.0
-0.39600,0.59402,0.0
-0.55500,0.59402,0.0
-0.42000,0.59402,0.0
-0.49800,0.59402,0.0
-0.53700,0.59402,0.0
-0.05400,0.59402,0.0
0.14400,0.59402,0.0
-0.50400,0.59402,0.0
0.49800,0.59402,0.0
0.11400,0.59402,0.0
-0.22200,0.59402,0.0
-0.46800,0.59402,0.0
-0.50100,0.59402,0.0
-0.67200,0.59402,0.0
-0.63600,0.59402,0.0
-0.66000,0.59402,0.0
0.15900,0.59402,0.0
-0.06000,0.59402,0.0
-0.29100,0.59402,0.0
-0.54600,0.59402,0.0
0.64500,0.59402,0.0
0.17100,0.59402,0.0
0.20700,0.59402,0.0
-0.59700,0.59402,0.0
0.51300,0.59402,0.0
-0.26400,0.59402,0.0
-0.08700,0.59402,0.0
0.65700,0.59402,0.0
-0.69600,0.59402,0.0
-0.21300,0.59402,0.0
0.43800,0.59402,0.0
-0.61500,0.59107,0.0
-0.09900,0.59107,0.0
0.02700,0.59107,0.0
0.62100,0.59107,0.0
-0.48300,0.59107,0.0
-0.48900,0.59107,0.0
0.02400,0.59107,0.0
-0.30300,0.59107,0.0
-0.14100,0.59107,0.0
-0.23700,0.59107,0.0
0.10800,0.59107,0.0
-0.65700,0.59107,0.0
-0.62400,0.59107,0.0
0.61800,0.59107,0.0
-0.44400,0.59107,0.0
0.20400,0.59107,0.0
-0.11700,0.59107,0.0
-0.43200,0.59107,0.0
-0.23400,0.59107,0.0
-0.39900,0.59107,0.0
-0.13500,0.59107,0.0
0.52200,0.59107,0.0
0.58800,0.59107,0.0
-0.63300,0.59107,0.0
0.59400,0.59107,0.0
0.16800,0.59107,0.0
-0.11100,0.59107,0.0
0.30600,0.59107,0.0
0.21000,0.59107,0.0
0.51000,0.59107,0.0
0.67500,0.59107,0.0
0.59700,0.59107,0.0
0.03300,0.59107,0.0
0.24600,0.59107,0.0
0.19800,0.59107,0.0
0.60000,0.59107,0.0
0.18300,0.59107,0.0
-0.37800,0.59107,0.0
-0.00900,0.59107,0.0
-0.06000,0.59107,0.0
-0.68700,0.59107,0.0
-0.41100,0.59107,0.0
-0.69300,0.59107,0.0
-0.37200,0.59107,0.0
-0.38400,0.59107,0.0
-0.29400,0.59107,0.0
0.06300,0.59107,0.0
0.51600,0.59107,0.0
-0.06300,0.59107,0.0
-0.21300,0.59107,0.0
-0.20700,0.59107,0.0
-0.28500,0.59107,0.0
-0.69000,0.59107,0.0
0.54300,0.59107,0.0
0.53400,0.59107,0.0
0.28800,0.59107,0.0
-0.22500,0.59107,0.0
0.30900,0.59107,0.0
0.15300,0.59107,0.0
-0.62700,0.59107,0.0
0.57000,0.59107,0.0
-0.51600,0.59107,0.0
-0.60900,0.59107,0.0
-0.32400,0.59107,0.0
0.48600,0.59107,0.0
0.29100,0.59107,0.0
-0.10500,0.59107,0.0
-0.18000,0.59107,0.0
-0.00600,0.59107,0.0
-0.15300,0.59107,0.0
0.26400,0.59107,0.0
-0.31800,0.59107,0.0
0.50700,0.59107,0.0
0.56700,0.59107,0.0
-0.32700,0.59107,0.0
0.01500,0.59107,0.0
-0.34800,0.59107,0.0
-0.46200,0.59107,0.0
0.48300,0.59107,0.0
0.48000,0.59107,0.0
0.00000,0.59107,0.0
-0.03000,0.59107,0.0
-0.05100,0.59107,0.0
-0.50400,0.59107,0.0
-0.25800,0.59107,0.0
-0.53100,0.59107,0.0
-0.00600,0.58812,0.0
-0.13800,0.58812,0.0
-0.32400,0.58812,0.0
0.49500,0.58812,0.0
-0.42000,0.58812,0.0
-0.36900,0.58812,0.0
0.13500,0.58812,0.0
-0.10800,0.58812,0.0
-0.36300,0.58812,0.0
0.54900,0.58812,0.0
-0.28800,0.58812,0.0
-0.20400,0.58812,0.0
-0.62400,0.58812,0.0
0.27300,0.58812,0.0
0.55500,0.58812,0.0
-0.08400,0.58812,0.0
0.06300,0.58812,0.0
0.25500,0.58812,0.0
-0.11100,0.58812,0.0
-0.27300,0.58812,0.0
-0.43500,0.58812,0.0
-0.39600,0.58812,0.0
0.67800,0.58812,0.0
-0.44700,0.58812,0.0
-0.63300,0.58812,0.0
-0.21900,0.58812,0.0
0.18000,0.58812,0.0
-0.55500,0.58812,0.0
-0.21300,0.58812,0.0
0.16500,0.58812,0.0
0.31200,0.58812,0.0
-0.30300,0.58812,0.0
-0.48900,0.58812,0.0
0.58800,0.58812,0.0
-0.66300,0.58812,0.0
-0.69900,0.58812,0.0
-0.42300,0.58812,0.0
0.60300,0.58812,0.0
-0.15900,0.58812,0.0
-0.13200,0.58812,0.0
-0.53100,0.58812,0.0
0.23400,0.58812,0.0
0.62700,0.58812,0.0
-0.31200,0.58812,0.0
0.51900,0.58812,0.0
-0.09600,0.58812,0.0
-0.61200,0.58812,0.0
0.06000,0.58812,0.0
0.11400,0.58812,0.0
-0.18300,0.58812,0.0
0.64800,0.58812,0.0
0.21300,0.58812,0.0
0.15600,0.58812,0.0
0.21900,0.58812,0.0
-0.34200,0.58812,0.0
-0.33900,0.58812,0.0
-0.01200,0.58812,0.0
0.51300,0.58812,0.0
0.14100,0.58812,0.0
-0.49200,0.58812,0.0
-0.03300,0.58812,0.0
-0.64200,0.58812,0.0
-0.66000,0.58812,0.0
-0.57600,0.58812,0.0
-0.14400,0.58812,0.0
0.00600,0.58812,0.0
-0.60000,0.58812,0.0
0.01200,0.58812,0.0
-0.03000,0.58812,0.0
-0.66900,0.58812,0.0
-0.14700,0.58812,0.0
0.53700,0.58812,0.0
-0.26100,0.58812,0.0
0.52200,0.58517,0.0
0.08100,0.58517,0.0
-0.45900,0.58517,0.0
-0.39600,0.58517,0.0
0.51000,0.58517,0.0
0.68100,0.58517,0.0
0.09300,0.58517,0.0
-0.10200,0.58517,0.0
-0.03300,0.58517,0.0
-0.63000,0.58517,0.0
0.57900,0.58517,0.0
0.17700,0.58517,0.0
-0.12900,0.58517,0.0
0.56100,0.58517,0.0
-0.24000,0.58517,0.0
-0.07200,0.58517,0.0
-0.12300,0.58517,0.0
-0.44400,0.58517,0.0
0.22200,0.58517,0.0
-0.12000,0.58517,0.0
0.31200,0.58517,0.0
-0.66000,0.58517,0.0
-0.33300,0.58517,0.0
-0.15000,0.58517,0.0
-0.00900,0.58517,0.0
-0.28500,0.58517,0.0
0.05400,0.58517,0.0
-0.26100,0.58517,0.0
0.28200,0.58517,0.0
-0.21600,0.58517,0.0
0.06000,0.58517,0.0
-0.49800,0.58517,0.0
-0.59400,0.58517,0.0
0.52500,0.58517,0.0
-0.11400,0.58517,0.0
0.09000,0.58517,0.0
-0.33900,0.58517,0.0
0.19800,0.58517,0.0
-0.57900,0.58517,0.0
0.57000,0.58517,0.0
-0.09600,0.58517,0.0
-0.22500,0.58517,0.0
0.57600,0.58517,0.0
-0.19200,0.58517,0.0
-0.65100,0.58517,0.0
-0.37500,0.58517,0.0
0.21600,0.58517,0.0
-0.42300,0.58517,0.0
-0.43500,0.58517,0.0
-0.65400,0.58517,0.0
0.30900,0.58517,0.0
-0.36600,0.58517,0.0
0.60300,0.58517,0.0
-0.04200,0.58517,0.0
-0.27900,0.58517,0.0
-0.62400,0.58517,0.0
-0.54000,0.58517,0.0
-0.13500,0.58517,0.0
-0.46500,0.58517,0.0
-0.31800,0.58517,0.0
0.56400,0.58517,0.0
0.59100,0.58517,0.0
-0.31500,0.58517,0.0
-0.02400,0.58517,0.0
0.13800,0.58517,0.0
-0.36300,0.58517,0.0
-0.14700,0.58517,0.0
0.61500,0.58517,0.0
0.53100,0.58517,0.0
-0.68400,0.58223,0.0
-0.42900,0.58223,0.0
0.09900,0.58223,0.0
-0.33900,0.58223,0.0
0.12000,0.58223,0.0
-0.39600,0.58223,0.0
0.11400,0.58223,0.0
-0.43800,0.58223,0.0
-0.25800,0.58223,0.0
0.10200,0.58223,0.0
-0.38700,0.58223,0.0
-0.48300,0.58223,0.0
0.02100,0.58223,0.0
-0.11100,0.58223,0.0
0.02700,0.58223,0.0
0.59700,0.58223,0.0
-0.60900,0.58223,0.0
0.19200,0.58223,0.0
-0.18000,0.58223,0.0
-0.18300,0.58223,0.0
-0.64500,0.58223,0.0
-0.51000,0.58223,0.0
0.04500,0.58223,0.0
-0.09300,0.58223,0.0
0.61200,0.58223,0.0
0.09600,0.58223,0.0
-0.05100,0.58223,0.0
0.17100,0.58223,0.0
-0.62100,0.58223,0.0
0.24600,0.58223,0.0
0.65700,0.58223,0.0
0.68400,0.58223,0.0
-0.15300,0.58223,0.0
-0.26100,0.58223,0.0
-0.20400,0.58223,0.0
0.65100,0.58223,0.0
-0.06000,0.58223,0.0
-0.05400,0.58223,0.0
-0.49200,0.58223,0.0
-0.50100,0.58223,0.0
-0.26700,0.58223,0.0
-0.51900,0.58223,0.0
0.54300,0.58223,0.0
0.12300,0.58223,0.0
0.64200,0.58223,0.0
-0.33000,0.58223,0.0
-0.01500,0.58223,0.0
-0.57000,0.58223,0.0
-0.30000,0.58223,0.0
0.53400,0.58223,0.0
0.03300,0.58223,0.0
0.56400,0.58223,0.0
0.11700,0.58223,0.0
-0.18600,0.58223,0.0
0.63600,0.58223,0.0
0.64800,0.58223,0.0
-0.06600,0.58223,0.0
0.60300,0.58223,0.0
0.61500,0.58223,0.0
-0.57600,0.58223,0.0
-0.61500,0.58223,0.0
-0.39300,0.58223,0.0
-0.58800,0.58223,0.0
0.24000,0.58223,0.0
-0.19800,0.58223,0.0
0.13800,0.58223,0.0
-0.14700,0.58223,0.0
-0.35400,0.58223,0.0
0.05400,0.58223,0.0
-0.54300,0.58223,0.0
0.51900,0.58223,0.0
-0.24900,0.58223,0.0
-0.22200,0.58223,0.0
-0.32100,0.58223,0.0
0.65400,0.57928,0.0
-0.23400,0.57928,0.0
-0.53100,0.57928,0.0
-0.46500,0.57928,0.0
0.53400,0.57928,0.0
0.01800,0.57928,0.0
-0.57600,0.57928,0.0
-0.34200,0.57928,0.0
-0.41100,0.57928,0.0
-0.02100,0.57928,0.0
0.07500,0.57928,0.0
0.64500,0.57928,0.0
0.10500,0.57928,0.0
0.51300,0.57928,0.0
-0.54900,0.57928,0.0
0.27300,0.57928,0.0
-0.12900,0.57928,0.0
-0.36000,0.57928,0.0
-0.56700,0.57928,0.0
0.21600,0.57928,0.0
-0.06000,0.57928,0.0
0.61200,0.57928,0.0
0.06300,0.57928,0.0
0.64200,0.57928,0.0
-0.63900,0.57928,0.0
0.09000,0.57928,0.0
0.27600,0.57928,0.0
0.63000,0.57928,0.0
-0.29700,0.57928,0.0
0.12000,0.57928,0.0
0.65700,0.57928,0.0
-0.52500,0.57928,0.0
-0.43800,0.57928,0.0
-0.38400,0.57928,0.0
0.17100,0.57928,0.0
-0.52800,0.57928,0.0
0.09600,0.57928,0.0
-0.51900,0.57928,0.0
-0.17100,0.57928,0.0
-0.21000,0.57928,0.0
-0.32700,0.57928,0.0
-0.40200,0.57928,0.0
-0.50700,0.57928,0.0
-0.26100,0.57928,0.0
-0.48900,0.57928,0.0
0.63900,0.57928,0.0
-0.30600,0.57928,0.0
0.21300,0.57928,0.0
0.00600,0.57928,0.0
-0.50400,0.57928,0.0
0.08400,0.57928,0.0
0.28500,0.57928,0.0
-0.33300,0.57928,0.0
0.02100,0.57928,0.0
-0.67500,0.57928,0.0
-0.65100,0.57928,0.0
0.03900,0.57928,0.0
0.15600,0.57928,0.0
-0.22800,0.57928,0.0
-0.51000,0.57928,0.0
0.30600,0.57928,0.0
-0.45600,0.57928,0.0
0.50700,0.57928,0.0
0.11400,0.57928,0.0
0.61800,0.57928,0.0
0.27300,0.57633,0.0
-0.42600,0.57633,0.0
0.12900,0.57633,0.0
0.52200,0.57633,0.0
-0.16200,0.57633,0.0
-0.15600,0.57633,0.0
-0.53700,0.57633,0.0
-0.07500,0.57633,0.0
0.11400,0.57633,0.0
-0.27900,0.57633,0.0
-0.57000,0.57633,0.0
-0.22800,0.57633,0.0
-0.70800,0.57633,0.0
0.66000,0.57633,0.0
0.16800,0.57633,0.0
-0.60600,0.57633,0.0
-0.35700,0.57633,0.0
0.59400,0.57633,0.0
-0.39600,0.57633,0.0
-0.25200,0.57633,0.0
-0.40800,0.57633,0.0
0.14400,0.57633,0.0
-0.27000,0.57633,0.0
-0.20700,0.57633,0.0
-0.58500,0.57633,0.0
-0.39300,0.57633,0.0
-0.36300,0.57633,0.0
0.59700,0.57633,0.0
-0.21000,0.57633,0.0
0.51000,0.57633,0.0
-0.50700,0.57633,0.0
0.56100,0.57633,0.0
-0.09000,0.57633,0.0
-0.49500,0.57633,0.0
-0.69000,0.57633,0.0
0.24600,0.57633,0.0
-0.13500,0.57633,0.0
0.31800,0.57633,0.0
-0.37200,0.57633,0.0
-0.62700,0.57633,0.0
-0.18600,0.57633,0.0
0.51900,0.57633,0.0
-0.63600,0.57633,0.0
-0.47700,0.57633,0.0
-0.62400,0.57633,0.0
0.52500,0.57633,0.0
0.23400,0.57633,0.0
-0.56400,0.57633,0.0
-0.47400,0.57633,0.0
-0.65400,0.57633,0.0
0.62400,0.57633,0.0
-0.16800,0.57633,0.0
0.13500,0.57633,0.0
0.61800,0.57633,0.0
0.56700,0.57633,0.0
0.13800,0.57633,0.0
-0.17700,0.57633,0.0
0.05100,0.57633,0.0
-0.41400,0.57633,0.0
-0.23100,0.57633,0.0
0.65100,0.57633,0.0
-0.28500,0.57633,0.0
0.05400,0.57633,0.0
-0.71100,0.57633,0.0
-0.07200,0.57633,0.0
0.65700,0.57633,0.0
-0.33000,0.57338,0.0
0.60600,0.57338,0.0
0.61200,0.57338,0.0
0.05700,0.57338,0.0
-0.58200,0.57338,0.0
0.27900,0.57338,0.0
0.16500,0.57338,0.0
-0.26100,0.57338,0.0
-0.42900,0.57338,0.0
-0.43500,0.57338,0.0
0.23700,0.57338,0.0
-0.27300,0.57338,0.0
-0.59400,0.57338,0.0
0.62400,0.57338,0.0
-0.37800,0.57338,0.0
-0.03300,0.57338,0.0
-0.24900,0.57338,0.0
-0.70200,0.57338,0.0
-0.37500,0.57338,0.0
-0.71100,0.57338,0.0
0.58800,0.57338,0.0
-0.50700,0.57338,0.0
-0.28200,0.57338,0.0
-0.05700,0.57338,0.0
-0.69000,0.57338,0.0
-0.31500,0.57338,0.0
-0.60600,0.57338,0.0
-0.48900,0.57338,0.0
0.57600,0.57338,0.0
-0.09900,0.57338,0.0
0.06000,0.57338,0.0
-0.67200,0.57338,0.0
-0.63600,0.57338,0.0
-0.66000,0.57338,0.0
0.30300,0.57338,0.0
0.25500,0.57338,0.0
-0.42600,0.57338,0.0
0.67800,0.57338,0.0
-0.09300,0.57338,0.0
0.59100,0.57338,0.0
-0.50100,0.57338,0.0
-0.49200,0.57338,0.0
-0.55500,0.57338,0.0
-0.59700,0.57338,0.0
-0.48000,0.57338,0.0
-0.51000,0.57338,0.0
0.05400,0.57338,0.0
-0.41400,0.57338,0.0
0.25200,0.57338,0.0
0.54000,0.57338,0.0
0.49200,0.57338,0.0
-0.39900,0.57338,0.0
0.56700,0.57338,0.0
0.60000,0.57338,0.0
0.47400,0.57338,0.0
0.09900,0.57338,0.0
0.57900,0.57338,0.0
-0.21600,0.57338,0.0
-0.05100,0.57338,0.0
0.15300,0.57338,0.0
0.55800,0.57338,0.0
-0.70800,0.57338,0.0
0.58800,0.57043,0.0
0.04500,0.57043,0.0
0.66000,0.57043,0.0
-0.58800,0.57043,0.0
-0.08700,0.57043,0.0
0.65400,0.57043,0.0
-0.18600,0.57043,0.0
-0.46200,0.57043,0.0
-0.52200,0.57043,0.0
-0.14400,0.57043,0.0
-0.22200,0.57043,0.0
-0.16500,0.57043,0.0
-0.53400,0.57043,0.0
-0.41400,0.57043,0.0
-0.52800,0.57043,0.0
0.49200,0.57043,0.0
-0.01500,0.57043,0.0
-0.09900,0.57043,0.0
-0.14100,0.57043,0.0
-0.13200,0.57043,0.0
-0.06000,0.57043,0.0
-0.70200,0.57043,0.0
-0.09300,0.57043,0.0
0.05100,0.57043,0.0
-0.19800,0.57043,0.0
0.59400,0.57043,0.0
-0.65100,0.57043,0.0
-0.45600,0.57043,0.0
0.60600,0.57043,0.0
-0.06300,0.57043,0.0
0.04200,0.57043,0.0
-0.24000,0.57043,0.0
-0.47400,0.57043,0.0
-0.64200,0.57043,0.0
-0.39300,0.57043,0.0
-0.64500,0.57043,0.0
-0.12000,0.57043,0.0
-0.42000,0.57043,0.0
0.23100,0.57043,0.0
0.54000,0.57043,0.0
0.22500,0.57043,0.0
-0.40800,0.57043,0.0
-0.12300,0.57043,0.0
-0.35400,0.57043,0.0
-0.44100,0.57043,0.0
0.22200,0.57043,0.0
-0.60900,0.57043,0.0
-0.64800,0.57043,0.0
-0.43800,0.57043,0.0
-0.43500,0.57043,0.0
-0.05700,0.57043,0.0
0.02100,0.57043,0.0
-0.37800,0.57043,0.0
-0.27900,0.57043,0.0
-0.12600,0.57043,0.0
0.68700,0.57043,0.0
0.56700,0.57043,0.0
-0.66600,0.57043,0.0
-0.51900,0.57043,0.0
0.08400,0.57043,0.0
0.21300,0.57043,0.0
0.15300,0.57043,0.0
-0.32400,0.57043,0.0
-0.33000,0.57043,0.0
-0.14700,0.57043,0.0
-0.29100,0.57043,0.0
0.65100,0.57043,0.0
-0.27600,0.57043,0.0
0.21000,0.57043,0.0
0.56700,0.56749,0.0
-0.11400,0.56749,0.0
-0.60000,0.56749,0.0
0.21300,0.56749,0.0
-0.26700,0.56749,0.0
-0.51900,0.56749,0.0
0.58500,0.56749,0.0
-0.13200,0.56749,0.0
0.12900,0.56749,0.0
0.52200,0.56749,0.0
-0.48600,0.56749,0.0
0.61200,0.56749,0.0
-0.27600,0.56749,0.0
-0.53100,0.56749,0.0
-0.61500,0.56749,0.0
0.20100,0.56749,0.0
0.15000,0.56749,0.0
0.50700,0.56749,0.0
-0.57000,0.56749,0.0
0.17100,0.56749,0.0
-0.30900,0.56749,0.0
-0.09300,0.56749,0.0
0.22200,0.56749,0.0
0.53700,0.56749,0.0
-0.50400,0.56749,0.0
-0.23100,0.56749,0.0
-0.25800,0.56749,0.0
0.59100,0.56749,0.0
0.22500,0.56749,0.0
0.52800,0.56749,0.0
-0.34800,0.56749,0.0
-0.53400,0.56749,0.0
-0.70800,0.56749,0.0
-0.01800,0.56749,0.0
-0.41400,0.56749,0.0
0.64200,0.56749,0.0
0.63600,0.56749,0.0
0.65700,0.56749,0.0
0.54600,0.56749,0.0
-0.22500,0.56749,0.0
-0.17100,0.56749,0.0
0.03000,0.56749,0.0
-0.69000,0.56749,0.0
0.60600,0.56749,0.0
0.04200,0.56749,0.0
-0.30000,0.56749,0.0
-0.57600,0.56749,0.0
0.62400,0.56749,0.0
-0.16200,0.56749,0.0
0.09000,0.56749,0.0
-0.46800,0.56749,0.0
-0.20700,0.56749,0.0
0.01500,0.56749,0.0
-0.47700,0.56749,0.0
-0.40800,0.56749,0.0
-0.10500,0.56749,0.0
-0.22200,0.56749,0.0
0.64500,0.56749,0.0
0.05700,0.56749,0.0
-0.08700,0.56749,0.0
0.03300,0.56749,0.0
-0.01200,0.56749,0.0
-0.02700,0.56749,0.0
0.48600,0.56749,0.0
-0.19500,0.56749,0.0
-0.65700,0.56749,0.0
-0.06300,0.56749,0.0
-0.36300,0.56749,0.0
-0.00900,0.56749,0.0
0.64800,0.56749,0.0
0.66900,0.56749,0.0
-0.03600,0.56749,0.0
0.26100,0.56749,0.0
-0.33600,0.56749,0.0
-0.19800,0.56454,0.0
-0.66300,0.56454,0.0
0.51000,0.56454,0.0
-0.62400,0.56454,0.0
-0.18600,0.56454,0.0
0.08700,0.56454,0.0
0.20400,0.56454,0.0
-0.33300,0.56454,0.0
-0.42300,0.56454,0.0
-0.23400,0.56454,0.0
0.51300,0.56454,0.0
-0.56700,0.56454,0.0
-0.20100,0.56454,0.0
-0.03600,0.56454,0.0
-0.06900,0.56454,0.0
0.48300,0.56454,0.0
0.19500,0.56454,0.0
0.07800,0.56454,0.0
-0.65100,0.56454,0.0
0.63600,0.56454,0.0
-0.17700,0.56454,0.0
-0.11700,0.56454,0.0
-0.63600,0.56454,0.0
0.54000,0.56454,0.0
-0.66900,0.56454,0.0
-0.11100,0.56454,0.0
-0.14400,0.56454,0.0
-0.29700,0.56454,0.0
0.13200,0.56454,0.0
-0.51000,0.56454,0.0
0.49200,0.56454,0.0
-0.49800,0.56454,0.0
-0.61500,0.56454,0.0
-0.18900,0.56454,0.0
-0.21900,0.56454,0.0
0.60000,0.56454,0.0
-0.08700,0.56454,0.0
-0.43500,0.56454,0.0
-0.13500,0.56454,0.0
-0.36000,0.56454,0.0
-0.59400,0.56454,0.0
-0.03900,0.56454,0.0
0.17700,0.56454,0.0
-0.25500,0.56454,0.0
0.56400,0.56454,0.0
0.65400,0.56454,0.0
-0.46800,0.56454,0.0
-0.44400,0.56454,0.0
0.49500,0.56454,0.0
-0.48300,0.56454,0.0
0.66900,0.56454,0.0
-0.27600,0.56454,0.0
0.51900,0.56454,0.0
-0.23100,0.56454,0.0
-0.24900,0.56454,0.0
-0.41700,0.56454,0.0
-0.44700,0.56454,0.0
-0.17400,0.56454,0.0
0.00300,0.56454,0.0
0.03900,0.56454,0.0
0.00000,0.56454,0.0
0.51600,0.56454,0.0
-0.32100,0.56454,0.0
0.01500,0.56454,0.0
-0.31500,0.56454,0.0
0.56100,0.56454,0.0
0.12600,0.56454,0.0
-0.16800,0.56454,0.0
-0.33600,0.56454,0.0
0.55500,0.56159,0.0
-0.39000,0.56159,0.0
0.66000,0.56159,0.0
-0.12300,0.56159,0.0
0.19500,0.56159,0.0
0.62700,0.56159,0.0
-0.41100,0.56159,0.0
-0.58500,0.56159,0.0
0.60300,0.56159,0.0
0.17400,0.56159,0.0
-0.03000,0.56159,0.0
-0.07800,0.56159,0.0
-0.61800,0.56159,0.0
-0.03600,0.56159,0.0
-0.48000,0.56159,0.0
-0.68700,0.56159,0.0
0.51600,0.56159,0.0
-0.59700,0.56159,0.0
0.63900,0.56159,0.0
0.52500,0.56159,0.0
0.12600,0.56159,0.0
-0.22500,0.56159,0.0
-0.04800,0.56159,0.0
-0.32700,0.56159,0.0
0.50100,0.56159,0.0
-0.38100,0.56159,0.0
0.58500,0.56159,0.0
0.02100,0.56159,0.0
-0.36900,0.56159,0.0
-0.50100,0.56159,0.0
-0.50700,0.56159,0.0
0.49800,0.56159,0.0
-0.67200,0.56159,0.0
0.51900,0.56159,0.0
-0.16200,0.56159,0.0
-0.17100,0.56159,0.0
-0.00300,0.56159,0.0
-0.15000,0.56159,0.0
0.17700,0.56159,0.0
0.05100,0.56159,0.0
-0.40200,0.56159,0.0
0.60600,0.56159,0.0
-0.49500,0.56159,0.0
-0.62100,0.56159,0.0
-0.04500,0.56159,0.0
-0.23700,0.56159,0.0
-0.56400,0.56159,0.0
-0.19500,0.56159,0.0
0.13800,0.56159,0.0
-0.25800,0.56159,0.0
-0.63300,0.56159,0.0
0.66900,0.56159,0.0
-0.51600,0.56159,0.0
-0.01500,0.56159,0.0
-0.53400,0.56159,0.0
0.63600,0.56159,0.0
-0.51300,0.56159,0.0
-0.08400,0.56159,0.0
-0.57900,0.56159,0.0
0.00000,0.56159,0.0
-0.10500,0.56159,0.0
-0.01800,0.56159,0.0
-0.16500,0.56159,0.0
-0.02400,0.56159,0.0
0.11700,0.56159,0.0
0.07200,0.56159,0.0
-0.14400,0.55864,0.0
-0.24000,0.55864,0.0
-0.64800,0.55864,0.0
-0.28800,0.55864,0.0
-0.70800,0.55864,0.0
-0.66900,0.55864,0.0
-0.67200,0.55864,0.0
-0.64500,0.55864,0.0
0.14400,0.55864,0.0
0.00000,0.55864,0.0
-0.40800,0.55864,0.0
0.60000,0.55864,0.0
-0.49200,0.55864,0.0
0.51300,0.55864,0.0
0.65100,0.55864,0.0
0.03300,0.55864,0.0
0.60900,0.55864,0.0
-0.31800,0.55864,0.0
-0.11400,0.55864,0.0
-0.39600,0.55864,0.0
0.65400,0.55864,0.0
-0.65100,0.55864,0.0
0.24000,0.55864,0.0
0.07200,0.55864,0.0
-0.68700,0.55864,0.0
-0.27600,0.55864,0.0
0.57000,0.55864,0.0
-0.56700,0.55864,0.0
-0.55500,0.55864,0.0
-0.60600,0.55864,0.0
0.11400,0.55864,0.0
-0.37500,0.55864,0.0
0.09900,0.55864,0.0
0.07800,0.55864,0.0
0.06000,0.55864,0.0
-0.14700,0.55864,0.0
0.24900,0.55864,0.0
-0.46500,0.55864,0.0
-0.67500,0.55864,0.0
-0.03300,0.55864,0.0
0.14100,0.55864,0.0
-0.10200,0.55864,0.0
0.66000,0.55864,0.0
0.59700,0.55864,0.0
0.66300,0.55864,0.0
0.20400,0.55864,0.0
-0.21000,0.55864,0.0
0.51000,0.55864,0.0
-0.52800,0.55864,0.0
-0.56400,0.55864,0.0
-0.30300,0.55864,0.0
-0.09600,0.55864,0.0
-0.10800,0.55864,0.0
0.08400,0.55864,0.0
-0.31500,0.55864,0.0
0.68100,0.55864,0.0
-0.43800,0.55864,0.0
0.53100,0.55864,0.0
-0.41400,0.55864,0.0
-0.34500,0.55864,0.0
0.53400,0.55864,0.0
-0.16800,0.55864,0.0
-0.23400,0.55864,0.0
-0.63300,0.55864,0.0
0.56100,0.55864,0.0
-0.13200,0.55864,0.0
-0.47100,0.55864,0.0
-0.09900,0.55864,0.0
-0.17100,0.55864,0.0
-0.09000,0.55864,0.0
-0.16200,0.55864,0.0
0.11700,0.55864,0.0
-0.42300,0.55864,0.0
-0.06600,0.55864,0.0
-0.65400,0.55864,0.0
-0.03600,0.55569,0.0
-0.07800,0.55569,0.0
0.67200,0.55569,0.0
0.11100,0.55569,0.0
-0.17400,0.55569,0.0
0.05100,0.55569,0.0
-0.17100,0.55569,0.0
0.15600,0.55569,0.0
-0.28800,0.55569,0.0
0.03900,0.55569,0.0
-0.24900,0.55569,0.0
0.12600,0.55569,0.0
0.00900,0.55569,0.0
-0.09000,0.55569,0.0
0.63300,0.55569,0.0
-0.58800,0.55569,0.0
-0.52200,0.55569,0.0
0.09300,0.55569,0.0
0.55800,0.55569,0.0
-0.24300,0.55569,0.0
-0.30300,0.55569,0.0
-0.36600,0.55569,0.0
0.18600,0.55569,0.0
0.59700,0.55569,0.0
-0.07200,0.55569,0.0
-0.54300,0.55569,0.0
0.11400,0.55569,0.0
-0.26700,0.55569,0.0
-0.26400,0.55569,0.0
0.56700,0.55569,0.0
0.54900,0.55569,0.0
0.23400,0.55569,0.0
0.64800,0.55569,0.0
0.57600,0.55569,0.0
-0.23400,0.55569,0.0
0.68400,0.55569,0.0
-0.70500,0.55569,0.0
0.19200,0.55569,0.0
-0.43200,0.55569,0.0
-0.35400,0.55569,0.0
0.58800,0.55569,0.0
0.50400,0.55569,0.0
-0.06600,0.55569,0.0
0.07800,0.55569,0.0
-0.65700,0.55569,0.0
-0.62100,0.55569,0.0
-0.13200,0.55569,0.0
0.55200,0.55569,0.0
0.16500,0.55569,0.0
-0.60300,0.55569,0.0
0.07500,0.55569,0.0
0.54000,0.55569,0.0
0.65400,0.55569,0.0
-0.57600,0.55569,0.0
0.06000,0.55569,0.0
-0.01500,0.55569,0.0
-0.28200,0.55569,0.0
-0.57300,0.55569,0.0
-0.47700,0.55569,0.0
0.59100,0.55569,0.0
-0.49500,0.55569,0.0
-0.61200,0.55569,0.0
-0.70200,0.55569,0.0
-0.27600,0.55569,0.0
-0.12600,0.55569,0.0
-0.64800,0.55275,0.0
-0.11700,0.55275,0.0
-0.39000,0.55275,0.0
-0.17100,0.55275,0.0
0.12000,0.55275,0.0
-0.18600,0.55275,0.0
-0.15600,0.55275,0.0
-0.03300,0.55275,0.0
0.60900,0.55275,0.0
0.08400,0.55275,0.0
0.06600,0.55275,0.0
0.23400,0.55275,0.0
0.65700,0.55275,0.0
-0.13800,0.55275,0.0
0.63600,0.55275,0.0
0.13800,0.55275,0.0
-0.61800,0.55275,0.0
-0.28200,0.55275,0.0
0.63900,0.55275,0.0
0.54000,0.55275,0.0
-0.11100,0.55275,0.0
-0.05700,0.55275,0.0
-0.37500,0.55275,0.0
0.01500,0.55275,0.0
0.15000,0.55275,0.0
0.50700,0.55275,0.0
0.63300,0.55275,0.0
-0.67800,0.55275,0.0
0.53100,0.55275,0.0
-0.12600,0.55275,0.0
-0.65700,0.55275,0.0
-0.43500,0.55275,0.0
-0.66000,0.55275,0.0
-0.26100,0.55275,0.0
0.64800,0.55275,0.0
0.58800,0.55275,0.0
-0.00600,0.55275,0.0
-0.14100,0.55275,0.0
-0.56100,0.55275,0.0
-0.15000,0.55275,0.0
0.22500,0.55275,0.0
0.59100,0.55275,0.0
0.61800,0.55275,0.0
-0.52800,0.55275,0.0
0.56700,0.55275,0.0
-0.46800,0.55275,0.0
-0.69000,0.55275,0.0
0.67200,0.55275,0.0
0.24000,0.55275,0.0
0.13500,0.55275,0.0
-0.37800,0.55275,0.0
0.10200,0.55275,0.0
-0.62700,0.55275,0.0
0.53700,0.55275,0.0
0.57600,0.55275,0.0
0.29400,0.55275,0.0
-0.46200,0.55275,0.0
0.17400,0.55275,0.0
0.64500,0.55275,0.0
-0.58200,0.55275,0.0
0.62700,0.55275,0.0
0.02100,0.55275,0.0
-0.42300,0.55275,0.0
-0.06600,0.54980,0.0
0.63000,0.54980,0.0
0.68400,0.54980,0.0
-0.19200,0.54980,0.0
-0.54600,0.54980,0.0
0.62100,0.54980,0.0
0.09600,0.54980,0.0
-0.11100,0.54980,0.0
-0.32400,0.54980,0.0
0.01500,0.54980,0.0
-0.66900,0.54980,0.0
-0.13500,0.54980,0.0
0.66900,0.54980,0.0
-0.66600,0.54980,0.0
0.03600,0.54980,0.0
-0.15900,0.54980,0.0
-0.04500,0.54980,0.0
-0.24600,0.54980,0.0
-0.08400,0.54980,0.0
-0.65100,0.54980,0.0
0.56400,0.54980,0.0
-0.14700,0.54980,0.0
0.54600,0.54980,0.0
-0.14400,0.54980,0.0
0.10500,0.54980,0.0
-0.69300,0.54980,0.0
-0.01800,0.54980,0.0
0.12000,0.54980,0.0
-0.36000,0.54980,0.0
-0.68700,0.54980,0.0
-0.44400,0.54980,0.0
-0.20700,0.54980,0.0
-0.40800,0.54980,0.0
-0.25500,0.54980,0.0
0.20400,0.54980,0.0
0.06600,0.54980,0.0
0.17100,0.54980,0.0
0.65100,0.54980,0.0
0.60600,0.54980,0.0
-0.37200,0.54980,0.0
0.64200,0.54980,0.0
-0.56100,0.54980,0.0
-0.24000,0.54980,0.0
-0.29400,0.54980,0.0
-0.16500,0.54980,0.0
-0.42600,0.54980,0.0
-0.41100,0.54980,0.0
-0.01200,0.54980,0.0
-0.27000,0.54980,0.0
0.22200,0.54980,0.0
-0.23700,0.54980,0.0
-0.17100,0.54980,0.0
0.05700,0.54980,0.0
-0.52800,0.54980,0.0
-0.00900,0.54980,0.0
-0.36600,0.54980,0.0
-0.54000,0.54980,0.0
-0.38400,0.54980,0.0
0.60000,0.54980,0.0
-0.48000,0.54980,0.0
-0.51000,0.54980,0.0
0.08400,0.54980,0.0
-0.31500,0.54980,0.0
-0.39000,0.54980,0.0
-0.07500,0.54980,0.0
0.59400,0.54980,0.0
-0.67800,0.54980,0.0
-0.63600,0.54980,0.0
0.64800,0.54980,0.0
-0.39600,0.54980,0.0
0.52800,0.54980,0.0
-0.18900,0.54980,0.0
-0.47100,0.54980,0.0
-0.61200,0.54980,0.0
-0.68400,0.54980,0.0
-0.65400,0.54685,0.0
-0.69900,0.54685,0.0
-0.66000,0.54685,0.0
-0.59700,0.54685,0.0
0.62400,0.54685,0.0
-0.64200,0.54685,0.0
-0.52800,0.54685,0.0
0.59400,0.54685,0.0
-0.18600,0.54685,0.0
-0.39900,0.54685,0.0
-0.45300,0.54685,0.0
-0.46200,0.54685,0.0
-0.66300,0.54685,0.0
-0.49200,0.54685,0.0
-0.09600,0.54685,0.0
0.66600,0.54685,0.0
-0.39000,0.54685,0.0
-0.51000,0.54685,0.0
0.00000,0.54685,0.0
-0.38100,0.54685,0.0
-0.43800,0.54685,0.0
0.61800,0.54685,0.0
-0.42600,0.54685,0.0
0.00600,0.54685,0.0
0.61200,0.54685,0.0
-0.40200,0.54685,0.0
0.03000,0.54685,0.0
0.58800,0.54685,0.0
-0.14400,0.54685,0.0
0.56400,0.54685,0.0
-0.11700,0.54685,0.0
-0.48900,0.54685,0.0
0.54000,0.54685,0.0
0.57000,0.54685,0.0
-0.54300,0.54685,0.0
-0.01800,0.54685,0.0
0.58500,0.54685,0.0
-0.40800,0.54685,0.0
-0.30000,0.54685,0.0
-0.60000,0.54685,0.0
-0.68400,0.54685,0.0
-0.52500,0.54685,0.0
0.10800,0.54685,0.0
-0.53400,0.54685,0.0
0.09900,0.54685,0.0
0.66900,0.54685,0.0
-0.45000,0.54685,0.0
-0.30300,0.54685,0.0
-0.27600,0.54685,0.0
-0.71100,0.54685,0.0
-0.53700,0.54685,0.0
-0.07800,0.54685,0.0
-0.42900,0.54685,0.0
0.65400,0.54685,0.0
-0.13500,0.54685,0.0
-0.63600,0.54685,0.0
0.09900,0.54390,0.0
0.01800,0.54390,0.0
-0.06600,0.54390,0.0
-0.31800,0.54390,0.0
-0.16500,0.54390,0.0
-0.65400,0.54390,0.0
-0.48900,0.54390,0.0
-0.48000,0.54390,0.0
-0.45300,0.54390,0.0
-0.03900,0.54390,0.0
0.01500,0.54390,0.0
0.51300,0.54390,0.0
0.50400,0.54390,0.0
-0.21300,0.54390,0.0
-0.08400,0.54390,0.0
-0.67500,0.54390,0.0
0.57900,0.54390,0.0
0.53100,0.54390,0.0
-0.27300,0.54390,0.0
-0.42300,0.54390,0.0
-0.33900,0.54390,0.0
-0.29400,0.54390,0.0
-0.26100,0.54390,0.0
-0.64500,0.54390,0.0
-0.60600,0.54390,0.0
-0.10800,0.54390,0.0
0.51900,0.54390,0.0
-0.54900,0.54390,0.0
-0.31200,0.54390,0.0
-0.46200,0.54390,0.0
-0.00900,0.54390,0.0
-0.23100,0.54390,0.0
-0.39000,0.54390,0.0
-0.56700,0.54390,0.0
-0.16800,0.54390,0.0
-0.40500,0.54390,0.0
0.56700,0.54390,0.0
-0.60300,0.54390,0.0
-0.42000,0.54390,0.0
0.10800,0.54390,0.0
-0.05400,0.54390,0.0
-0.17100,0.54390,0.0
-0.14700,0.54390,0.0
-0.38100,0.54390,0.0
-0.34800,0.54390,0.0
-0.37200,0.54390,0.0
-0.63000,0.54390,0.0
-0.24900,0.54390,0.0
-0.11700,0.54390,0.0
-0.60000,0.54390,0.0
-0.55200,0.54390,0.0
-0.27900,0.54390,0.0
-0.48300,0.54390,0.0
-0.06300,0.54390,0.0
-0.47400,0.54390,0.0
0.04500,0.54390,0.0
-0.51300,0.54390,0.0
-0.66600,0.54390,0.0
-0.39600,0.54390,0.0
0.64800,0.54390,0.0
0.58500,0.54390,0.0
0.62100,0.54390,0.0
-0.03000,0.54390,0.0
0.52200,0.54390,0.0
-0.23400,0.54390,0.0
-0.70500,0.54390,0.0
-0.42600,0.54095,0.0
-0.05700,0.54095,0.0
-0.61500,0.54095,0.0
-0.44100,0.54095,0.0
-0.65100,0.54095,0.0
-0.49800,0.54095,0.0
-0.68400,0.54095,0.0
-0.25200,0.54095,0.0
-0.60000,0.54095,0.0
-0.66300,0.54095,0.0
-0.52200,0.54095,0.0
-0.66600,0.54095,0.0
0.05400,0.54095,0.0
-0.08400,0.54095,0.0
-0.65400,0.54095,0.0
-0.61800,0.54095,0.0
-0.04500,0.54095,0.0
0.60000,0.54095,0.0
0.61500,0.54095,0.0
-0.04800,0.54095,0.0
-0.36900,0.54095,0.0
0.60600,0.54095,0.0
0.11700,0.54095,0.0
-0.01500,0.54095,0.0
-0.25800,0.54095,0.0
-0.70800,0.54095,0.0
0.05700,0.54095,0.0
-0.22200,0.54095,0.0
-0.36000,0.54095,0.0
-0.47100,0.54095,0.0
-0.54600,0.54095,0.0
-0.27600,0.54095,0.0
0.63900,0.54095,0.0
-0.17100,0.54095,0.0
-0.33900,0.54095,0.0
-0.68100,0.54095,0.0
0.57900,0.54095,0.0
-0.26100,0.54095,0.0
-0.66000,0.54095,0.0
-0.64800,0.54095,0.0
-0.63600,0.54095,0.0
-0.48300,0.54095,0.0
-0.18900,0.54095,0.0
0.64500,0.54095,0.0
-0.19800,0.54095,0.0
-0.56100,0.53801,0.0
0.52800,0.53801,0.0
-0.52500,0.53801,0.0
0.05700,0.53801,0.0
-0.60900,0.53801,0.0
0.64200,0.53801,0.0
-0.29700,0.53801,0.0
0.55500,0.53801,0.0
-0.44400,0.53801,0.0
-0.12900,0.53801,0.0
-0.53400,0.53801,0.0
0.56100,0.53801,0.0
0.67200,0.53801,0.0
-0.18300,0.53801,0.0
-0.66600,0.53801,0.0
-0.65700,0.53801,0.0
-0.60000,0.53801,0.0
-0.70500,0.53801,0.0
-0.61500,0.53801,0.0
-0.45000,0.53801,0.0
-0.02400,0.53801,0.0
-0.00900,0.53801,0.0
-0.51900,0.53801,0.0
0.12300,0.53801,0.0
-0.50400,0.53801,0.0
0.50100,0.53801,0.0
-0.47100,0.53801,0.0
-0.39000,0.53801,0.0
-0.16800,0.53801,0.0
0.49800,0.53801,0.0
0.07800,0.53801,0.0
-0.42900,0.53801,0.0
-0.65100,0.53801,0.0
-0.21300,0.53801,0.0
-0.39600,0.53801,0.0
-0.11700,0.53801,0.0
0.56700,0.53801,0.0
0.54300,0.53801,0.0
-0.10500,0.53801,0.0
-0.58500,0.53801,0.0
-0.66300,0.53801,0.0
-0.30600,0.53801,0.0
-0.03300,0.53801,0.0
-0.10800,0.53801,0.0
-0.27900,0.53801,0.0
0.56400,0.53801,0.0
-0.67500,0.53801,0.0
-0.52200,0.53801,0.0
0.65700,0.53801,0.0
-0.21600,0.53801,0.0
0.12600,0.53801,0.0
-0.18600,0.53801,0.0
-0.11100,0.53801,0.0
-0.22800,0.53506,0.0
0.65700,0.53506,0.0
-0.20700,0.53506,0.0
-0.53400,0.53506,0.0
-0.19800,0.53506,0.0
-0.50700,0.53506,0.0
0.03600,0.53506,0.0
-0.55800,0.53506,0.0
-0.24900,0.53506,0.0
-0.41700,0.53506,0.0
0.09000,0.53506,0.0
0.64800,0.53506,0.0
-0.19200,0.53506,0.0
-0.39600,0.53506,0.0
-0.08100,0.53506,0.0
0.13200,0.53506,0.0
-0.37800,0.53506,0.0
0.67500,0.53506,0.0
-0.36300,0.53506,0.0
-0.63600,0.53506,0.0
0.08400,0.53506,0.0
-0.14400,0.53506,0.0
-0.48900,0.53506,0.0
-0.33600,0.53506,0.0
-0.29700,0.53506,0.0
-0.21600,0.53506,0.0
-0.62100,0.53506,0.0
-0.06600,0.53506,0.0
-0.46500,0.53506,0.0
-0.65100,0.53506,0.0
-0.37500,0.53506,0.0
-0.05400,0.53506,0.0
0.60300,0.53506,0.0
-0.37200,0.53506,0.0
-0.12900,0.53506,0.0
-0.01800,0.53506,0.0
-0.04500,0.53506,0.0
-0.26100,0.53506,0.0
-0.26700,0.53506,0.0
-0.68700,0.53506,0.0
0.66000,0.53506,0.0
-0.56400,0.53506,0.0
0.60900,0.53506,0.0
0.58500,0.53506,0.0
-0.47400,0.53506,0.0
0.67800,0.53506,0.0
0.52200,0.53506,0.0
0.50400,0.53506,0.0
-0.34200,0.53506,0.0
-0.54600,0.53506,0.0
-0.29100,0.53506,0.0
-0.55500,0.53506,0.0
-0.11400,0.53506,0.0
-0.68100,0.53211,0.0
-0.18600,0.53211,0.0
0.05400,0.53211,0.0
0.07500,0.53211,0.0
-0.58200,0.53211,0.0
0.64800,0.53211,0.0
-0.44700,0.53211,0.0
0.50400,0.53211,0.0
-0.08100,0.53211,0.0
0.51000,0.53211,0.0
-0.61200,0.53211,0.0
0.59100,0.53211,0.0
-0.22800,0.53211,0.0
0.05700,0.53211,0.0
-0.13500,0.53211,0.0
-0.10500,0.53211,0.0
-0.11700,0.53211,0.0
-0.51900,0.53211,0.0
-0.36000,0.53211,0.0
0.57900,0.53211,0.0
-0.63900,0.53211,0.0
-0.00900,0.53211,0.0
-0.56100,0.53211,0.0
-0.38100,0.53211,0.0
-0.14700,0.53211,0.0
-0.52500,0.53211,0.0
0.62400,0.53211,0.0
0.66600,0.53211,0.0
-0.20400,0.53211,0.0
-0.12300,0.53211,0.0
0.06900,0.53211,0.0
0.54900,0.53211,0.0
0.59400,0.53211,0.0
0.62700,0.53211,0.0
-0.60000,0.53211,0.0
-0.29400,0.53211,0.0
-0.61500,0.53211,0.0
-0.11400,0.53211,0.0
-0.30300,0.53211,0.0
0.63600,0.53211,0.0
-0.38400,0.53211,0.0
-0.35700,0.53211,0.0
-0.08700,0.53211,0.0
0.55800,0.53211,0.0
-0.15900,0.53211,0.0
0.59700,0.53211,0.0
0.61500,0.53211,0.0
-0.00600,0.53211,0.0
0.03300,0.53211,0.0
-0.39000,0.53211,0.0
-0.37800,0.53211,0.0
-0.13200,0.53211,0.0
0.63900,0.53211,0.0
0.06300,0.53211,0.0
-0.66900,0.53211,0.0
-0.53100,0.53211,0.0
-0.63300,0.53211,0.0
-0.69300,0.53211,0.0
-0.65400,0.53211,0.0
-0.54900,0.53211,0.0
-0.57900,0.53211,0.0
0.52800,0.53211,0.0
-0.50400,0.53211,0.0
-0.41700,0.53211,0.0
-0.62400,0.52916,0.0
0.58800,0.52916,0.0
-0.09900,0.52916,0.0
0.65400,0.52916,0.0
-0.71100,0.52916,0.0
0.01500,0.52916,0.0
-0.57300,0.52916,0.0
-0.14400,0.52916,0.0
-0.26700,0.52916,0.0
-0.42600,0.52916,0.0
-0.24900,0.52916,0.0
0.00600,0.52916,0.0
-0.48900,0.52916,0.0
-0.14100,0.52916,0.0
-0.67800,0.52916,0.0
0.60300,0.52916,0.0
-0.71400,0.52916,0.0
-0.25200,0.52916,0.0
-0.60900,0.52916,0.0
-0.02700,0.52916,0.0
-0.59400,0.52916,0.0
0.63600,0.52916,0.0
-0.09000,0.52916,0.0
-0.08400,0.52916,0.0
-0.35100,0.52916,0.0
-0.56400,0.52916,0.0
0.67800,0.52916,0.0
0.65100,0.52916,0.0
-0.01800,0.52916,0.0
-0.06600,0.52916,0.0
-0.33900,0.52916,0.0
-0.53400,0.52916,0.0
-0.48600,0.52916,0.0
-0.10500,0.52916,0.0
-0.40800,0.52916,0.0
-0.50700,0.52916,0.0
-0.46500,0.52916,0.0
-0.06900,0.52916,0.0
-0.21600,0.52916,0.0
-0.21900,0.52916,0.0
0.58500,0.52916,0.0
-0.16800,0.52916,0.0
-0.61200,0.52916,0.0
0.07200,0.52916,0.0
0.59100,0.52916,0.0
0.00900,0.52916,0.0
-0.02400,0.52916,0.0
-0.32400,0.52916,0.0
-0.09600,0.52621,0.0
0.55500,0.52621,0.0
-0.01800,0.52621,0.0
0.00000,0.52621,0.0
-0.46500,0.52621,0.0
-0.55800,0.52621,0.0
-0.58800,0.52621,0.0
-0.06000,0.52621,0.0
-0.43500,0.52621,0.0
-0.12900,0.52621,0.0
-0.39900,0.52621,0.0
0.63600,0.52621,0.0
0.62100,0.52621,0.0
-0.42900,0.52621,0.0
0.66300,0.52621,0.0
-0.00300,0.52621,0.0
-0.15600,0.52621,0.0
-0.12000,0.52621,0.0
-0.19500,0.52621,0.0
-0.22800,0.52621,0.0
-0.41700,0.52621,0.0
-0.45000,0.52621,0.0
-0.42600,0.52621,0.0
0.03600,0.52621,0.0
-0.11100,0.52621,0.0
0.06300,0.52621,0.0
-0.50400,0.52621,0.0
0.60600,0.52621,0.0
-0.14100,0.52621,0.0
-0.14400,0.52621,0.0
-0.15900,0.52621,0.0
-0.49800,0.52621,0.0
-0.71100,0.52621,0.0
0.61200,0.52621,0.0
0.60000,0.52621,0.0
-0.17700,0.52621,0.0
-0.09000,0.52621,0.0
-0.51600,0.52621,0.0
0.67200,0.52621,0.0
-0.35100,0.52621,0.0
-0.45600,0.52621,0.0
0.00300,0.52621,0.0
0.57000,0.52621,0.0
-0.64800,0.52621,0.0
-0.68100,0.52621,0.0
-0.19200,0.52621,0.0
0.56100,0.52327,0.0
-0.08100,0.52327,0.0
-0.41700,0.52327,0.0
-0.08400,0.52327,0.0
-0.13500,0.52327,0.0
-0.67200,0.52327,0.0
-0.63600,0.52327,0.0
-0.70500,0.52327,0.0
-0.27600,0.52327,0.0
0.62700,0.52327,0.0
0.60600,0.52327,0.0
-0.16800,0.52327,0.0
-0.68700,0.52327,0.0
-0.54300,0.52327,0.0
-0.62400,0.52327,0.0
-0.30600,0.52327,0.0
-0.53100,0.52327,0.0
-0.24600,0.52327,0.0
-0.12600,0.52327,0.0
-0.13800,0.52327,0.0
0.57900,0.52327,0.0
-0.62100,0.52327,0.0
-0.57600,0.52327,0.0
-0.32100,0.52327,0.0
-0.03900,0.52327,0.0
0.59400,0.52327,0.0
-0.20700,0.52327,0.0
0.58800,0.52327,0.0
-0.24300,0.52327,0.0
-0.61200,0.52327,0.0
-0.46500,0.52327,0.0
-0.03300,0.52327,0.0
-0.33600,0.52327,0.0
-0.01800,0.52327,0.0
-0.28800,0.52327,0.0
-0.29700,0.52327,0.0
-0.35100,0.52327,0.0
-0.63300,0.52327,0.0
-0.40500,0.52327,0.0
-0.47700,0.52327,0.0
-0.39300,0.52327,0.0
-0.67500,0.52327,0.0
-0.36000,0.52327,0.0
-0.33000,0.52327,0.0
-0.14700,0.52327,0.0
-0.53400,0.52327,0.0
-0.02700,0.52327,0.0
-0.04200,0.52327,0.0
-0.20400,0.52327,0.0
-0.17400,0.52032,0.0
0.00600,0.52032,0.0
-0.42000,0.52032,0.0
-0.10500,0.52032,0.0
-0.08100,0.52032,0.0
-0.11700,0.52032,0.0
0.67200,0.52032,0.0
-0.18600,0.52032,0.0
-0.17100,0.52032,0.0
-0.33600,0.52032,0.0
-0.54300,0.52032,0.0
-0.45600,0.52032,0.0
-0.27300,0.52032,0.0
0.02700,0.52032,0.0
0.64800,0.52032,0.0
-0.09300,0.52032,0.0
-0.30300,0.52032,0.0
-0.48600,0.52032,0.0
0.03900,0.52032,0.0
-0.52200,0.52032,0.0
0.50400,0.52032,0.0
0.60900,0.52032,0.0
-0.58500,0.52032,0.0
-0.22500,0.52032,0.0
-0.42900,0.52032,0.0
0.00000,0.52032,0.0
-0.23100,0.52032,0.0
0.61500,0.52032,0.0
-0.63900,0.52032,0.0
-0.04800,0.52032,0.0
-0.16800,0.52032,0.0
-0.32700,0.52032,0.0
-0.54000,0.52032,0.0
-0.02400,0.52032,0.0
-0.55500,0.52032,0.0
0.63900,0.52032,0.0
-0.41100,0.52032,0.0
-0.03600,0.52032,0.0
-0.18300,0.52032,0.0
-0.29100,0.52032,0.0
-0.36000,0.52032,0.0
-0.28800,0.52032,0.0
-0.09600,0.52032,0.0
-0.58200,0.52032,0.0
-0.71400,0.52032,0.0
0.00300,0.52032,0.0
0.58500,0.52032,0.0
-0.68100,0.52032,0.0
0.63300,0.52032,0.0
-0.45000,0.52032,0.0
-0.34500,0.52032,0.0
-0.26100,0.52032,0.0
0.56400,0.52032,0.0
-0.12300,0.52032,0.0
-0.14700,0.52032,0.0
-0.18000,0.52032,0.0
-0.22200,0.52032,0.0
-0.19200,0.52032,0.0
-0.21000,0.52032,0.0
-0.70500,0.52032,0.0
-0.52500,0.52032,0.0
-0.55800,0.52032,0.0
-0.36900,0.52032,0.0
-0.56700,0.51737,0.0
-0.68100,0.51737,0.0
0.55500,0.51737,0.0
-0.61200,0.51737,0.0
-0.46500,0.51737,0.0
-0.41700,0.51737,0.0
-0.39000,0.51737,0.0
0.03900,0.51737,0.0
-0.47400,0.51737,0.0
-0.59700,0.51737,0.0
-0.08100,0.51737,0.0
-0.50400,0.51737,0.0
-0.41100,0.51737,0.0
-0.54000,0.51737,0.0
-0.60900,0.51737,0.0
-0.21000,0.51737,0.0
-0.50100,0.51737,0.0
-0.49800,0.51737,0.0
-0.36000,0.51737,0.0
-0.28800,0.51737,0.0
-0.11700,0.51737,0.0
-0.53700,0.51737,0.0
0.61800,0.51737,0.0
-0.22200,0.51737,0.0
-0.65700,0.51737,0.0
-0.58500,0.51737,0.0
-0.04200,0.51737,0.0
-0.51600,0.51737,0.0
-0.60300,0.51737,0.0
-0.14100,0.51737,0.0
-0.54300,0.51737,0.0
0.66600,0.51737,0.0
-0.42900,0.51737,0.0
0.63600,0.51737,0.0
-0.42300,0.51737,0.0
0.01500,0.51737,0.0
-0.20100,0.51737,0.0
0.51600,0.51737,0.0
-0.54900,0.51737,0.0
-0.51900,0.51737,0.0
-0.38100,0.51737,0.0
-0.39900,0.51737,0.0
-0.27000,0.51737,0.0
-0.70500,0.51737,0.0
-0.42000,0.51737,0.0
-0.61500,0.51737,0.0
-0.45000,0.51737,0.0
-0.03000,0.51737,0.0
-0.22500,0.51737,0.0
-0.13500,0.51737,0.0
-0.48600,0.51737,0.0
-0.05100,0.51737,0.0
0.58500,0.51737,0.0
-0.21600,0.51737,0.0
-0.12600,0.51737,0.0
-0.46200,0.51442,0.0
-0.54900,0.51442,0.0
-0.04500,0.51442,0.0
-0.34500,0.51442,0.0
-0.54000,0.51442,0.0
0.00900,0.51442,0.0
-0.10500,0.51442,0.0
-0.03900,0.51442,0.0
0.63300,0.51442,0.0
0.58800,0.51442,0.0
-0.04200,0.51442,0.0
-0.50100,0.51442,0.0
-0.64800,0.51442,0.0
-0.08100,0.51442,0.0
-0.57000,0.51442,0.0
-0.15600,0.51442,0.0
-0.06900,0.51442,0.0
-0.43800,0.51442,0.0
-0.40500,0.51442,0.0
-0.20700,0.51442,0.0
-0.64500,0.51442,0.0
-0.28200,0.51442,0.0
-0.40800,0.51442,0.0
-0.09300,0.51442,0.0
-0.41700,0.51442,0.0
-0.50700,0.51442,0.0
0.65700,0.51442,0.0
-0.11100,0.51442,0.0
-0.43500,0.51442,0.0
-0.15900,0.51442,0.0
0.66900,0.51442,0.0
0.02400,0.51442,0.0
-0.32100,0.51442,0.0
0.64200,0.51442,0.0
0.64800,0.51442,0.0
-0.36900,0.51442,0.0
-0.18900,0.51442,0.0
-0.49500,0.51442,0.0
0.60000,0.51442,0.0
0.54000,0.51442,0.0
-0.29100,0.51442,0.0
0.59400,0.51442,0.0
-0.56700,0.51442,0.0
-0.30600,0.51442,0.0
-0.17100,0.51442,0.0
0.01200,0.51442,0.0
-0.63000,0.51442,0.0
-0.39300,0.51442,0.0
-0.69000,0.51442,0.0
-0.10200,0.51442,0.0
0.60900,0.51442,0.0
0.01800,0.51442,0.0
-0.13500,0.51442,0.0
-0.11700,0.51442,0.0
-0.58500,0.51442,0.0
-0.22500,0.51442,0.0
-0.69900,0.51442,0.0
-0.18600,0.51442,0.0
-0.00900,0.51442,0.0
-0.31800,0.51147,0.0
-0.27600,0.51147,0.0
-0.37500,0.51147,0.0
0.61500,0.51147,0.0
-0.23700,0.51147,0.0
0.67500,0.51147,0.0
-0.69300,0.51147,0.0
-0.33900,0.51147,0.0
-0.17700,0.51147,0.0
0.64200,0.51147,0.0
-0.24900,0.51147,0.0
-0.41700,0.51147,0.0
-0.21600,0.51147,0.0
0.55200,0.51147,0.0
-0.31500,0.51147,0.0
-0.09600,0.51147,0.0
-0.13500,0.51147,0.0
0.00000,0.51147,0.0
-0.20700,0.51147,0.0
-0.69000,0.51147,0.0
0.58800,0.51147,0.0
-0.10800,0.51147,0.0
-0.11100,0.51147,0.0
-0.57000,0.51147,0.0
-0.55800,0.51147,0.0
-0.05100,0.51147,0.0
-0.35100,0.51147,0.0
-0.15000,0.51147,0.0
-0.07200,0.51147,0.0
-0.06900,0.51147,0.0
0.63900,0.51147,0.0
-0.03900,0.51147,0.0
-0.25500,0.51147,0.0
0.59700,0.51147,0.0
-0.70800,0.51147,0.0
-0.30300,0.51147,0.0
-0.42900,0.51147,0.0
-0.59100,0.51147,0.0
-0.07800,0.51147,0.0
-0.61800,0.51147,0.0
-0.60600,0.51147,0.0
-0.32400,0.51147,0.0
-0.49800,0.51147,0.0
-0.57600,0.51147,0.0
0.56400,0.51147,0.0
-0.21900,0.51147,0.0
-0.43800,0.51147,0.0
-0.45000,0.51147,0.0
-0.42000,0.51147,0.0
-0.30000,0.51147,0.0
-0.28200,0.51147,0.0
-0.57300,0.51147,0.0
-0.13200,0.51147,0.0
-0.16200,0.51147,0.0
-0.54900,0.51147,0.0
0.52200,0.51147,0.0
0.66600,0.51147,0.0
-0.44400,0.51147,0.0
0.53400,0.50853,0.0
-0.55500,0.50853,0.0
-0.59100,0.50853,0.0
0.63300,0.50853,0.0
-0.50700,0.50853,0.0
-0.45300,0.50853,0.0
-0.15600,0.50853,0.0
0.58500,0.50853,0.0
-0.29400,0.50853,0.0
-0.31500,0.50853,0.0
-0.11700,0.50853,0.0
-0.33900,0.50853,0.0
-0.38100,0.50853,0.0
-0.49200,0.50853,0.0
-0.55200,0.50853,0.0
-0.12300,0.50853,0.0
0.64800,0.50853,0.0
-0.14100,0.50853,0.0
-0.01800,0.50853,0.0
0.49500,0.50853,0.0
-0.35700,0.50853,0.0
-0.23700,0.50853,0.0
-0.28200,0.50853,0.0
-0.60600,0.50853,0.0
0.51000,0.50853,0.0
-0.57600,0.50853,0.0
-0.30900,0.50853,0.0
0.64200,0.50853,0.0
-0.10200,0.50853,0.0
-0.19500,0.50853,0.0
0.66000,0.50853,0.0
-0.11100,0.50853,0.0
-0.63300,0.50853,0.0
0.54000,0.50853,0.0
-0.29700,0.50853,0.0
-0.70200,0.50853,0.0
-0.06300,0.50853,0.0
-0.51900,0.50853,0.0
-0.65100,0.50853,0.0
-0.09600,0.50853,0.0
-0.62100,0.50853,0.0
0.56400,0.50853,0.0
-0.68400,0.50853,0.0
-0.69900,0.50853,0.0
0.61800,0.50853,0.0
-0.00300,0.50853,0.0
0.01800,0.50853,0.0
0.66300,0.50853,0.0
-0.49800,0.50853,0.0
0.57600,0.50558,0.0
0.56400,0.50558,0.0
0.54600,0.50558,0.0
-0.63600,0.50558,0.0
-0.47400,0.50558,0.0
-0.00600,0.50558,0.0
-0.41400,0.50558,0.0
-0.25200,0.50558,0.0
0.63900,0.50558,0.0
-0.42300,0.50558,0.0
0.57900,0.50558,0.0
-0.25500,0.50558,0.0
-0.40800,0.50558,0.0
0.59400,0.50558,0.0
-0.61800,0.50558,0.0
-0.56400,0.50558,0.0
-0.53400,0.50558,0.0
-0.02100,0.50558,0.0
-0.33900,0.50558,0.0
-0.12000,0.50558,0.0
-0.28800,0.50558,0.0
-0.07500,0.50558,0.0
0.56700,0.50558,0.0
0.62400,0.50558,0.0
-0.07800,0.50558,0.0
0.68100,0.50558,0.0
0.65100,0.50558,0.0
-0.35700,0.50558,0.0
0.66600,0.50558,0.0
-0.63900,0.50558,0.0
0.60000,0.50558,0.0
-0.05700,0.50558,0.0
-0.51300,0.50558,0.0
-0.58200,0.50558,0.0
-0.68700,0.50558,0.0
-0.55200,0.50558,0.0
-0.27300,0.50558,0.0
-0.45900,0.50558,0.0
0.51300,0.50558,0.0
-0.44100,0.50558,0.0
0.61500,0.50558,0.0
0.61800,0.50558,0.0
-0.28200,0.50558,0.0
-0.11700,0.50558,0.0
-0.15600,0.50558,0.0
-0.18300,0.50558,0.0
-0.65100,0.50558,0.0
-0.44400,0.50558,0.0
-0.45600,0.50558,0.0
-0.37500,0.50558,0.0
0.67500,0.50558,0.0
-0.32100,0.50558,0.0
-0.29700,0.50558,0.0
-0.41100,0.50558,0.0
-0.52800,0.50558,0.0
-0.48600,0.50558,0.0
-0.59700,0.50263,0.0
-0.57900,0.50263,0.0
-0.45000,0.50263,0.0
-0.10500,0.50263,0.0
-0.52200,0.50263,0.0
-0.59100,0.50263,0.0
-0.46200,0.50263,0.0
-0.58500,0.50263,0.0
0.00300,0.50263,0.0
0.67500,0.50263,0.0
0.55500,0.50263,0.0
0.54900,0.50263,0.0
-0.56100,0.50263,0.0
-0.66600,0.50263,0.0
-0.15000,0.50263,0.0
-0.30900,0.50263,0.0
-0.31500,0.50263,0.0
-0.47400,0.50263,0.0
0.63900,0.50263,0.0
-0.39900,0.50263,0.0
-0.18600,0.50263,0.0
-0.36900,0.50263,0.0
-0.15600,0.50263,0.0
-0.15900,0.50263,0.0
-0.10200,0.50263,0.0
-0.32100,0.50263,0.0
-0.34800,0.50263,0.0
-0.65400,0.50263,0.0
-0.41400,0.50263,0.0
-0.45300,0.50263,0.0
-0.28800,0.50263,0.0
-0.02400,0.50263,0.0
-0.67800,0.50263,0.0
-0.43800,0.50263,0.0
-0.24600,0.50263,0.0
-0.30300,0.50263,0.0
-0.57300,0.50263,0.0
-0.59400,0.50263,0.0
0.57300,0.50263,0.0
0.53400,0.50263,0.0
0.60300,0.50263,0.0
0.58800,0.50263,0.0
-0.11100,0.50263,0.0
0.60000,0.50263,0.0
0.62700,0.50263,0.0
-0.66000,0.50263,0.0
-0.25500,0.50263,0.0
0.68100,0.50263,0.0
-0.44400,0.50263,0.0
-0.07200,0.50263,0.0
-0.69600,0.50263,0.0
-0.68700,0.50263,0.0
-0.63300,0.50263,0.0
-0.01500,0.50263,0.0
-0.60600,0.50263,0.0
-0.56700,0.50263,0.0
-0.33600,0.50263,0.0
-0.05700,0.50263,0.0
-0.63000,0.50263,0.0
-0.14700,0.50263,0.0
-0.65700,0.50263,0.0
-0.33900,0.50263,0.0
-0.42300,0.50263,0.0
-0.32700,0.50263,0.0
0.52200,0.50263,0.0
-0.21000,0.50263,0.0
-0.25800,0.50263,0.0
-0.54600,0.50263,0.0
0.51300,0.50263,0.0
-0.09900,0.50263,0.0
-0.47700,0.49968,0.0
0.55800,0.49968,0.0
-0.58500,0.49968,0.0
0.66000,0.49968,0.0
-0.67200,0.49968,0.0
0.63600,0.49968,0.0
-0.33000,0.49968,0.0
-0.63600,0.49968,0.0
-0.29400,0.49968,0.0
-0.07800,0.49968,0.0
0.56100,0.49968,0.0
-0.57600,0.49968,0.0
-0.51300,0.49968,0.0
-0.10200,0.49968,0.0
-0.28800,0.49968,0.0
-0.61500,0.49968,0.0
-0.13500,0.49968,0.0
0.51300,0.49968,0.0
-0.59100,0.49968,0.0
-0.36300,0.49968,0.0
-0.15300,0.49968,0.0
-0.03000,0.49968,0.0
-0.30000,0.49968,0.0
0.67500,0.49968,0.0
-0.63300,0.49968,0.0
-0.06300,0.49968,0.0
-0.19800,0.49968,0.0
0.53100,0.49968,0.0
-0.69900,0.49968,0.0
-0.71400,0.49968,0.0
-0.66000,0.49968,0.0
-0.38100,0.49968,0.0
-0.50700,0.49968,0.0
-0.61200,0.49968,0.0
-0.42300,0.49968,0.0
-0.65400,0.49968,0.0
-0.44100,0.49968,0.0
-0.09300,0.49968,0.0
-0.54000,0.49968,0.0
0.59100,0.49968,0.0
-0.21300,0.49968,0.0
-0.51900,0.49968,0.0
0.57000,0.49968,0.0
-0.48600,0.49968,0.0
-0.36600,0.49968,0.0
-0.35100,0.49968,0.0
-0.42000,0.49968,0.0
-0.40200,0.49968,0.0
-0.69600,0.49968,0.0
-0.43200,0.49968,0.0
-0.10800,0.49968,0.0
0.56700,0.49673,0.0
-0.03900,0.49673,0.0
-0.06300,0.49673,0.0
-0.07800,0.49673,0.0
-0.24300,0.49673,0.0
-0.18300,0.49673,0.0
0.66000,0.49673,0.0
-0.21000,0.49673,0.0
-0.42600,0.49673,0.0
-0.25800,0.49673,0.0
-0.64800,0.49673,0.0
-0.12000,0.49673,0.0
-0.27900,0.49673,0.0
-0.08400,0.49673,0.0
-0.63900,0.49673,0.0
-0.51000,0.49673,0.0
-0.68100,0.49673,0.0
-0.44400,0.49673,0.0
-0.69600,0.49673,0.0
-0.10500,0.49673,0.0
-0.55500,0.49673,0.0
-0.25500,0.49673,0.0
0.61200,0.49673,0.0
-0.15000,0.49673,0.0
0.58200,0.49673,0.0
-0.07200,0.49673,0.0
-0.45600,0.49673,0.0
0.55500,0.49673,0.0
-0.58800,0.49673,0.0
-0.22500,0.49673,0.0
-0.65700,0.49673,0.0
0.60600,0.49673,0.0
-0.59400,0.49673,0.0
-0.34200,0.49673,0.0
-0.37200,0.49673,0.0
-0.39900,0.49673,0.0
0.58500,0.49673,0.0
-0.53700,0.49673,0.0
-0.43200,0.49673,0.0
-0.25200,0.49673,0.0
-0.06000,0.49673,0.0
-0.32700,0.49673,0.0
-0.45000,0.49673,0.0
-0.46500,0.49673,0.0
-0.30000,0.49673,0.0
-0.13500,0.49673,0.0
-0.52200,0.49673,0.0
-0.64500,0.49673,0.0
0.66300,0.49673,0.0
-0.29700,0.49673,0.0
0.65400,0.49673,0.0
-0.12900,0.49379,0.0
-0.32100,0.49379,0.0
-0.48300,0.49379,0.0
0.50400,0.49379,0.0
-0.40500,0.49379,0.0
-0.34800,0.49379,0.0
0.53700,0.49379,0.0
-0.63600,0.49379,0.0
-0.03300,0.49379,0.0
-0.35700,0.49379,0.0
-0.51600,0.49379,0.0
-0.01200,0.49379,0.0
-0.10500,0.49379,0.0
-0.16800,0.49379,0.0
-0.15900,0.49379,0.0
-0.06000,0.49379,0.0
-0.48600,0.49379,0.0
-0.12000,0.49379,0.0
-0.14700,0.49379,0.0
-0.28800,0.49379,0.0
-0.68700,0.49379,0.0
-0.49800,0.49379,0.0
-0.71100,0.49379,0.0
0.66900,0.49379,0.0
-0.45000,0.49379,0.0
-0.23400,0.49379,0.0
-0.20400,0.49379,0.0
-0.07500,0.49379,0.0
-0.32400,0.49379,0.0
-0.39600,0.49379,0.0
-0.15300,0.49379,0.0
-0.53700,0.49379,0.0
-0.67200,0.49379,0.0
-0.51900,0.49379,0.0
-0.18300,0.49379,0.0
-0.56100,0.49379,0.0
-0.07800,0.49379,0.0
-0.05100,0.49379,0.0
-0.66900,0.49379,0.0
-0.31500,0.49379,0.0
-0.35100,0.49379,0.0
-0.70800,0.49379,0.0
-0.59700,0.49379,0.0
-0.22500,0.49379,0.0
-0.50100,0.49379,0.0
-0.08400,0.49379,0.0
0.63300,0.49379,0.0
-0.27300,0.49379,0.0
-0.27900,0.49379,0.0
-0.52200,0.49379,0.0
-0.65400,0.49379,0.0
-0.40800,0.49379,0.0
-0.33900,0.49379,0.0
-0.54000,0.49379,0.0
-0.68100,0.49379,0.0
-0.71700,0.49379,0.0
0.67500,0.49379,0.0
-0.28200,0.49379,0.0
-0.09300,0.49379,0.0
-0.38100,0.49379,0.0
-0.61800,0.49379,0.0
-0.24000,0.49379,0.0
0.54000,0.49084,0.0
0.62100,0.49084,0.0
-0.70200,0.49084,0.0
-0.15900,0.49084,0.0
-0.13500,0.49084,0.0
-0.71700,0.49084,0.0
-0.30300,0.49084,0.0
-0.09600,0.49084,0.0
0.67500,0.49084,0.0
-0.33300,0.49084,0.0
0.58200,0.49084,0.0
-0.47700,0.49084,0.0
-0.38100,0.49084,0.0
-0.54600,0.49084,0.0
0.61200,0.49084,0.0
-0.36300,0.49084,0.0
-0.31200,0.49084,0.0
-0.29700,0.49084,0.0
-0.65100,0.49084,0.0
-0.58800,0.49084,0.0
-0.56700,0.49084,0.0
-0.22800,0.49084,0.0
-0.37500,0.49084,0.0
-0.44700,0.49084,0.0
-0.24900,0.49084,0.0
-0.57900,0.49084,0.0
-0.40200,0.49084,0.0
-0.64800,0.49084,0.0
-0.44400,0.49084,0.0
-0.48300,0.49084,0.0
-0.69600,0.49084,0.0
-0.56400,0.49084,0.0
0.59400,0.49084,0.0
-0.30900,0.49084,0.0
-0.08400,0.49084,0.0
-0.51900,0.49084,0.0
0.66300,0.49084,0.0
-0.28200,0.49084,0.0
-0.11100,0.49084,0.0
0.50100,0.49084,0.0
0.53100,0.49084,0.0
-0.31500,0.49084,0.0
-0.57600,0.49084,0.0
-0.04800,0.49084,0.0
-0.41700,0.49084,0.0
-0.58200,0.49084,0.0
-0.42300,0.49084,0.0
-0.22200,0.49084,0.0
-0.48900,0.49084,0.0
-0.63000,0.49084,0.0
-0.26100,0.49084,0.0
0.58500,0.49084,0.0
-0.07800,0.49084,0.0
-0.22500,0.49084,0.0
0.63900,0.49084,0.0
-0.61500,0.48789,0.0
-0.19200,0.48789,0.0
-0.14400,0.48789,0.0
-0.07800,0.48789,0.0
-0.16200,0.48789,0.0
0.50700,0.48789,0.0
-0.09900,0.48789,0.0
-0.42600,0.48789,0.0
-0.15000,0.48789,0.0
-0.11700,0.48789,0.0
-0.55800,0.48789,0.0
-0.39600,0.48789,0.0
-0.45000,0.48789,0.0
-0.43800,0.48789,0.0
-0.15600,0.48789,0.0
-0.71700,0.48789,0.0
-0.49200,0.48789,0.0
-0.05700,0.48789,0.0
-0.52800,0.48789,0.0
-0.69900,0.48789,0.0
-0.26100,0.48789,0.0
0.51300,0.48789,0.0
-0.63600,0.48789,0.0
0.53100,0.48789,0.0
0.57600,0.48789,0.0
-0.66600,0.48789,0.0
-0.71400,0.48789,0.0
-0.17700,0.48789,0.0
-0.60300,0.48789,0.0
-0.33300,0.48789,0.0
0.54600,0.48789,0.0
-0.17400,0.48789,0.0
-0.45900,0.48789,0.0
0.54900,0.48789,0.0
0.53700,0.48789,0.0
-0.15300,0.48789,0.0
0.63300,0.48789,0.0
-0.16500,0.48789,0.0
-0.48900,0.48789,0.0
-0.06600,0.48789,0.0
-0.43200,0.48789,0.0
-0.39900,0.48789,0.0
-0.66000,0.48789,0.0
-0.09300,0.48789,0.0
-0.51000,0.48494,0.0
-0.28200,0.48494,0.0
-0.58500,0.48494,0.0
-0.41700,0.48494,0.0
0.66900,0.48494,0.0
0.54900,0.48494,0.0
0.51300,0.48494,0.0
-0.06600,0.48494,0.0
-0.55500,0.48494,0.0
0.56100,0.48494,0.0
-0.61800,0.48494,0.0
-0.54600,0.48494,0.0
-0.62100,0.48494,0.0
-0.17100,0.48494,0.0
0.60900,0.48494,0.0
-0.35400,0.48494,0.0
-0.58200,0.48494,0.0
-0.14400,0.48494,0.0
-0.60000,0.48494,0.0
-0.64500,0.48494,0.0
-0.28800,0.48494,0.0
-0.41400,0.48494,0.0
-0.57900,0.48494,0.0
-0.24600,0.48494,0.0
-0.34800,0.48494,0.0
-0.21600,0.48494,0.0
-0.58800,0.48494,0.0
-0.18000,0.48494,0.0
-0.32400,0.48494,0.0
0.66300,0.48494,0.0
-0.14700,0.48494,0.0
0.55500,0.48494,0.0
-0.10200,0.48494,0.0
-0.27000,0.48494,0.0
0.60600,0.48494,0.0
-0.38400,0.48494,0.0
-0.52800,0.48494,0.0
-0.45000,0.48494,0.0
-0.34500,0.48494,0.0
0.60300,0.48494,0.0
-0.24000,0.48494,0.0
0.58200,0.48494,0.0
-0.39000,0.48494,0.0
-0.68100,0.48494,0.0
0.62400,0.48199,0.0
-0.43200,0.48199,0.0
-0.15000,0.48199,0.0
-0.23400,0.48199,0.0
-0.36900,0.48199,0.0
-0.41400,0.48199,0.0
-0.59400,0.48199,0.0
-0.67800,0.48199,0.0
-0.51300,0.48199,0.0
-0.65400,0.48199,0.0
0.54000,0.48199,0.0
-0.58500,0.48199,0.0
-0.43500,0.48199,0.0
-0.25800,0.48199,0.0
-0.65100,0.48199,0.0
0.54600,0.48199,0.0
-0.59700,0.48199,0.0
-0.29700,0.48199,0.0
-0.34200,0.48199,0.0
-0.68700,0.48199,0.0
0.64500,0.48199,0.0
0.67800,0.48199,0.0
-0.42000,0.48199,0.0
-0.50100,0.48199,0.0
-0.05400,0.48199,0.0
-0.33600,0.48199,0.0
0.59400,0.48199,0.0
0.51600,0.48199,0.0
-0.13200,0.48199,0.0
-0.10200,0.48199,0.0
-0.10800,0.48199,0.0
-0.24900,0.48199,0.0
-0.59100,0.48199,0.0
0.63300,0.48199,0.0
-0.27600,0.48199,0.0
-0.70500,0.48199,0.0
-0.65700,0.48199,0.0
-0.62100,0.48199,0.0
0.61500,0.48199,0.0
0.54300,0.48199,0.0
-0.60300,0.48199,0.0
-0.47700,0.48199,0.0
-0.16200,0.48199,0.0
-0.08700,0.48199,0.0
-0.07200,0.47905,0.0
0.59400,0.47905,0.0
-0.50100,0.47905,0.0
-0.47100,0.47905,0.0
-0.65700,0.47905,0.0
0.66600,0.47905,0.0
-0.24000,0.47905,0.0
-0.41100,0.47905,0.0
-0.64200,0.47905,0.0
0.51600,0.47905,0.0
0.54900,0.47905,0.0
-0.22800,0.47905,0.0
0.66300,0.47905,0.0
-0.46200,0.47905,0.0
-0.51900,0.47905,0.0
0.61500,0.47905,0.0
-0.12300,0.47905,0.0
-0.16800,0.47905,0.0
-0.68100,0.47905,0.0
-0.63300,0.47905,0.0
-0.18600,0.47905,0.0
0.57000,0.47905,0.0
-0.27000,0.47905,0.0
-0.44400,0.47905,0.0
-0.42300,0.47905,0.0
-0.11700,0.47905,0.0
-0.56100,0.47905,0.0
-0.33300,0.47905,0.0
-0.50400,0.47905,0.0
-0.40500,0.47905,0.0
-0.51000,0.47905,0.0
-0.60000,0.47905,0.0
-0.69600,0.47905,0.0
0.60300,0.47905,0.0
-0.48600,0.47905,0.0
-0.19500,0.47905,0.0
0.66900,0.47905,0.0
0.63600,0.47905,0.0
-0.62400,0.47905,0.0
-0.60300,0.47905,0.0
-0.44700,0.47905,0.0
0.62100,0.47905,0.0
-0.51600,0.47905,0.0
-0.30600,0.47905,0.0
-0.48000,0.47905,0.0
0.54300,0.47905,0.0
-0.26100,0.47905,0.0
-0.36300,0.47905,0.0
-0.71400,0.47905,0.0
-0.70200,0.47905,0.0
-0.39600,0.47905,0.0
-0.29100,0.47905,0.0
-0.06600,0.47905,0.0
0.61200,0.47905,0.0
-0.20400,0.47905,0.0
-0.28200,0.47905,0.0
-0.72000,0.47905,0.0
-0.16200,0.47905,0.0
-0.48900,0.47905,0.0
-0.47400,0.47905,0.0
-0.30000,0.47905,0.0
-0.69000,0.47905,0.0
-0.39000,0.47905,0.0
-0.29700,0.47905,0.0
-0.15000,0.47905,0.0
-0.18000,0.47905,0.0
-0.59700,0.47610,0.0
-0.33900,0.47610,0.0
-0.62100,0.47610,0.0
0.64800,0.47610,0.0
-0.60000,0.47610,0.0
0.59700,0.47610,0.0
-0.61500,0.47610,0.0
-0.14700,0.47610,0.0
0.52200,0.47610,0.0
-0.54300,0.47610,0.0
-0.20100,0.47610,0.0
0.57000,0.47610,0.0
-0.52500,0.47610,0.0
0.63300,0.47610,0.0
-0.65400,0.47610,0.0
-0.12600,0.47610,0.0
-0.55800,0.47610,0.0
-0.46200,0.47610,0.0
-0.27600,0.47610,0.0
-0.50400,0.47610,0.0
-0.60600,0.47610,0.0
0.62100,0.47610,0.0
-0.18900,0.47610,0.0
-0.67200,0.47610,0.0
-0.36000,0.47610,0.0
-0.41100,0.47610,0.0
-0.57600,0.47610,0.0
-0.26700,0.47610,0.0
-0.13800,0.47610,0.0
0.51600,0.47610,0.0
0.58500,0.47610,0.0
0.54000,0.47610,0.0
-0.54000,0.47610,0.0
-0.43800,0.47610,0.0
-0.57300,0.47315,0.0
-0.48600,0.47315,0.0
-0.64200,0.47315,0.0
-0.36600,0.47315,0.0
-0.13200,0.47315,0.0
-0.24000,0.47315,0.0
-0.38700,0.47315,0.0
-0.69300,0.47315,0.0
-0.16800,0.47315,0.0
-0.67200,0.47315,0.0
0.58800,0.47315,0.0
-0.71100,0.47315,0.0
-0.44100,0.47315,0.0
-0.54900,0.47315,0.0
-0.50700,0.47315,0.0
-0.51300,0.47315,0.0
-0.69000,0.47315,0.0
-0.35100,0.47315,0.0
-0.56700,0.47315,0.0
-0.57000,0.47315,0.0
-0.50400,0.47315,0.0
0.63900,0.47315,0.0
-0.34500,0.47315,0.0
-0.25500,0.47315,0.0
-0.49800,0.47315,0.0
0.59100,0.47315,0.0
-0.61200,0.47315,0.0
-0.69900,0.47315,0.0
-0.33600,0.47315,0.0
0.52500,0.47315,0.0
-0.24600,0.47315,0.0
-0.22800,0.47315,0.0
-0.33900,0.47315,0.0
-0.15300,0.47315,0.0
-0.32100,0.47315,0.0
-0.65700,0.47315,0.0
0.54600,0.47315,0.0
-0.14100,0.47315,0.0
-0.47400,0.47315,0.0
-0.44700,0.47315,0.0
0.63600,0.47020,0.0
-0.57900,0.47020,0.0
-0.44100,0.47020,0.0
0.65100,0.47020,0.0
-0.44700,0.47020,0.0
0.67200,0.47020,0.0
-0.21900,0.47020,0.0
-0.64200,0.47020,0.0
-0.50100,0.47020,0.0
-0.35700,0.47020,0.0
-0.19800,0.47020,0.0
-0.46200,0.47020,0.0
-0.34800,0.47020,0.0
-0.55200,0.47020,0.0
-0.56100,0.47020,0.0
-0.48600,0.47020,0.0
-0.21000,0.47020,0.0
-0.49200,0.47020,0.0
-0.18600,0.47020,0.0
-0.51900,0.47020,0.0
-0.42300,0.47020,0.0
0.61500,0.47020,0.0
-0.69300,0.47020,0.0
-0.44400,0.47020,0.0
-0.60300,0.47020,0.0
0.56700,0.47020,0.0
-0.45300,0.47020,0.0
-0.23400,0.47020,0.0
-0.67500,0.47020,0.0
-0.47100,0.46725,0.0
-0.44100,0.46725,0.0
-0.42300,0.46725,0.0
-0.68700,0.46725,0.0
-0.37200,0.46725,0.0
0.63600,0.46725,0.0
0.61500,0.46725,0.0
-0.39300,0.46725,0.0
-0.67200,0.46725,0.0
-0.58500,0.46725,0.0
-0.51000,0.46725,0.0
0.65100,0.46725,0.0
-0.53400,0.46725,0.0
-0.58800,0.46725,0.0
-0.53100,0.46725,0.0
-0.38700,0.46725,0.0
0.67800,0.46725,0.0
-0.65100,0.46725,0.0
-0.69900,0.46725,0.0
0.59400,0.46725,0.0
0.67500,0.46725,0.0
-0.55800,0.46725,0.0
-0.49200,0.46725,0.0
-0.50400,0.46725,0.0
-0.45000,0.46725,0.0
-0.62700,0.46431,0.0
-0.50700,0.46431,0.0
-0.61500,0.46431,0.0
0.57900,0.46431,0.0
-0.52500,0.46431,0.0
-0.43800,0.46431,0.0
-0.61800,0.46431,0.0
-0.66900,0.46431,0.0
-0.44400,0.46431,0.0
0.68100,0.46431,0.0
-0.67500,0.46431,0.0
0.54000,0.46431,0.0
0.51900,0.46431,0.0
-0.70200,0.46431,0.0
-0.54000,0.46431,0.0
-0.56700,0.46431,0.0
0.52200,0.46431,0.0
0.59100,0.46431,0.0
-0.61200,0.46431,0.0
-0.53400,0.46431,0.0
-0.60300,0.46431,0.0
0.63900,0.46431,0.0
-0.59700,0.46431,0.0
0.66600,0.46431,0.0
0.64800,0.46136,0.0
-0.65400,0.46136,0.0
0.67200,0.46136,0.0
0.62400,0.46136,0.0
-0.60300,0.46136,0.0
-0.46200,0.46136,0.0
-0.57600,0.46136,0.0
0.65700,0.46136,0.0
-0.59100,0.46136,0.0
-0.68400,0.46136,0.0
0.66300,0.46136,0.0
0.59100,0.46136,0.0
0.60600,0.46136,0.0
0.59700,0.46136,0.0
-0.62100,0.46136,0.0
-0.71700,0.46136,0.0
0.64200,0.46136,0.0
0.61500,0.46136,0.0
0.68100,0.46136,0.0
-0.61500,0.46136,0.0
-0.59400,0.45841,0.0
0.57600,0.45841,0.0
0.63300,0.45841,0.0
-0.69600,0.45841,0.0
-0.65700,0.45841,0.0
0.61800,0.45841,0.0
-0.58200,0.45841,0.0
-0.62100,0.45841,0.0
0.67500,0.45841,0.0
-0.62700,0.45841,0.0
0.67200,0.45841,0.0
-0.54900,0.45841,0.0
-0.62400,0.45841,0.0
-0.51000,0.45841,0.0
-0.51900,0.45841,0.0
0.62400,0.45841,0.0
0.64800,0.45841,0.0
0.66300,0.45841,0.0
-0.47400,0.45841,0.0
0.63300,0.45546,0.0
0.63900,0.45546,0.0
0.52800,0.45546,0.0
-0.52200,0.45546,0.0
0.64800,0.45546,0.0
-0.58200,0.45546,0.0
0.55500,0.45546,0.0
0.63000,0.45546,0.0
-0.66300,0.45546,0.0
0.66000,0.45546,0.0
0.58500,0.45546,0.0
-0.66900,0.45546,0.0
0.62400,0.45546,0.0
0.57000,0.45546,0.0
-0.60000,0.45546,0.0
0.65100,0.45546,0.0
-0.65400,0.45546,0.0
0.56100,0.45546,0.0
0.68100,0.45546,0.0
0.62100,0.45546,0.0
-0.51600,0.45546,0.0
-0.53700,0.45546,0.0
0.53100,0.45546,0.0
0.54900,0.45546,0.0
-0.60600,0.45251,0.0
0.55200,0.45251,0.0
0.65700,0.45251,0.0
-0.63900,0.45251,0.0
-0.57300,0.45251,0.0
0.65400,0.45251,0.0
0.59700,0.45251,0.0
0.56700,0.45251,0.0
0.52500,0.45251,0.0
0.67500,0.45251,0.0
0.57600,0.45251,0.0
0.63300,0.45251,0.0
-0.71400,0.45251,0.0
-0.60900,0.45251,0.0
-0.58800,0.45251,0.0
0.54000,0.45251,0.0
-0.61800,0.45251,0.0
-0.55500,0.44957,0.0
-0.65700,0.44957,0.0
0.53400,0.44957,0.0
-0.67500,0.44957,0.0
0.55800,0.44957,0.0
-0.66000,0.44957,0.0
-0.57600,0.44957,0.0
-0.59100,0.44957,0.0
-0.62700,0.44957,0.0
-0.68100,0.44957,0.0
-0.62400,0.44957,0.0
-0.57900,0.44957,0.0
0.66900,0.44957,0.0
-0.66300,0.44957,0.0
0.52800,0.44957,0.0
-0.55200,0.44957,0.0
-0.61200,0.44957,0.0
-0.65100,0.44957,0.0
-0.61500,0.44957,0.0
-0.54600,0.44957,0.0
-0.64800,0.44957,0.0
0.66600,0.44957,0.0
-0.66900,0.44957,0.0
-0.62100,0.44957,0.0
-0.52200,0.44957,0.0
-0.55200,0.44662,0.0
-0.55500,0.44662,0.0
-0.54300,0.44662,0.0
0.56400,0.44662,0.0
0.67800,0.44662,0.0
-0.60000,0.44662,0.0
-0.66900,0.44662,0.0
-0.59100,0.44662,0.0
0.55800,0.44662,0.0
0.67500,0.44662,0.0
-0.54900,0.44662,0.0
0.63600,0.44662,0.0
-0.57900,0.44662,0.0
0.62400,0.44662,0.0
0.55200,0.44662,0.0
0.63000,0.44662,0.0
0.52200,0.44662,0.0
-0.54600,0.44662,0.0
-0.59700,0.44662,0.0
-0.69300,0.44662,0.0
-0.70200,0.44662,0.0
0.60000,0.44662,0.0
0.53100,0.44367,0.0
0.57600,0.44367,0.0
0.60600,0.44367,0.0
-0.65400,0.44367,0.0
-0.62700,0.44367,0.0
-0.62400,0.44367,0.0
-0.57000,0.44367,0.0
0.63300,0.44367,0.0
-0.60300,0.44367,0.0
0.52200,0.44367,0.0
0.64200,0.44367,0.0
-0.62100,0.44367,0.0
-0.71400,0.44367,0.0
-0.68100,0.44367,0.0
0.63000,0.44367,0.0
-0.58800,0.44367,0.0
0.54600,0.44367,0.0
0.55200,0.44367,0.0
-0.53400,0.44367,0.0
0.65700,0.44367,0.0
-0.56100,0.44072,0.0
0.66000,0.44072,0.0
-0.70200,0.44072,0.0
-0.58800,0.44072,0.0
-0.64200,0.44072,0.0
0.61500,0.44072,0.0
0.67200,0.44072,0.0
-0.51900,0.44072,0.0
0.55500,0.44072,0.0
0.60600,0.44072,0.0
0.56400,0.44072,0.0
-0.60000,0.44072,0.0
-0.54300,0.44072,0.0
0.60000,0.44072,0.0
-0.59700,0.44072,0.0
-0.65100,0.44072,0.0
-0.57600,0.44072,0.0
0.54000,0.43777,0.0
-0.70800,0.43777,0.0
-0.65100,0.43777,0.0
0.56700,0.43777,0.0
-0.57600,0.43777,0.0
-0.60300,0.43777,0.0
-0.53700,0.43777,0.0
-0.59700,0.43777,0.0
-0.56700,0.43777,0.0
0.65100,0.43777,0.0
0.66300,0.43777,0.0
0.67200,0.43777,0.0
-0.65400,0.43777,0.0
0.60000,0.43777,0.0
-0.58800,0.43777,0.0
-0.68100,0.43777,0.0
-0.58500,0.43777,0.0
-0.62400,0.43777,0.0
0.61200,0.43777,0.0
0.57000,0.43777,0.0
-0.55200,0.43777,0.0
-0.63600,0.43777,0.0
-0.64800,0.43777,0.0
0.54300,0.43777,0.0
-0.63000,0.43777,0.0
-0.64500,0.43777,0.0
0.66000,0.43483,0.0
-0.55800,0.43483,0.0
0.54600,0.43483,0.0
-0.54000,0.43483,0.0
0.54000,0.43483,0.0
0.54900,0.43483,0.0
-0.67200,0.43483,0.0
0.65100,0.43483,0.0
0.64500,0.43483,0.0
-0.59700,0.43483,0.0
0.53400,0.43483,0.0
0.67800,0.43483,0.0
-0.72000,0.43483,0.0
0.52500,0.43483,0.0
-0.51900,0.43483,0.0
-0.71100,0.43483,0.0
-0.51000,0.43483,0.0
-0.53700,0.43483,0.0
-0.57600,0.43188,0.0
0.50400,0.43188,0.0
-0.66900,0.43188,0.0
-0.54300,0.43188,0.0
-0.52200,0.43188,0.0
-0.63000,0.43188,0.0
-0.65700,0.43188,0.0
-0.59700,0.43188,0.0
-0.51300,0.43188,0.0
-0.60000,0.43188,0.0
-0.66000,0.43188,0.0
0.67800,0.43188,0.0
0.58500,0.43188,0.0
0.66900,0.43188,0.0
0.57900,0.43188,0.0
-0.61200,0.43188,0.0
0.63900,0.43188,0.0
0.56400,0.43188,0.0
0.57300,0.43188,0.0
-0.67200,0.43188,0.0
0.63300,0.43188,0.0
0.52800,0.43188,0.0
-0.49200,0.43188,0.0
-0.58200,0.43188,0.0
-0.64500,0.42893,0.0
-0.60900,0.42893,0.0
0.53700,0.42893,0.0
0.59100,0.42893,0.0
-0.65100,0.42893,0.0
0.66900,0.42893,0.0
0.56700,0.42893,0.0
-0.58800,0.42893,0.0
-0.63000,0.42893,0.0
-0.67500,0.42893,0.0
-0.51900,0.42893,0.0
0.65100,0.42893,0.0
-0.59100,0.42893,0.0
-0.49200,0.42893,0.0
-0.54300,0.42893,0.0
-0.54900,0.42893,0.0
-0.61500,0.42893,0.0
0.53100,0.42893,0.0
-0.59700,0.42893,0.0
-0.67200,0.42893,0.0
0.67800,0.42893,0.0
0.61500,0.42893,0.0
0.63900,0.42893,0.0
-0.57300,0.42893,0.0
0.57300,0.42598,0.0
0.62400,0.42598,0.0
0.68100,0.42598,0.0
-0.54900,0.42598,0.0
-0.60000,0.42598,0.0
0.64800,0.42598,0.0
-0.57300,0.42598,0.0
0.53400,0.42598,0.0
-0.61800,0.42598,0.0
-0.58500,0.42598,0.0
-0.68700,0.42598,0.0
0.62700,0.42598,0.0
-0.66000,0.42598,0.0
0.59400,0.42598,0.0
-0.55800,0.42303,0.0
0.60000,0.42303,0.0
-0.67500,0.42303,0.0
0.59100,0.42303,0.0
-0.58800,0.42303,0.0
0.53400,0.42303,0.0
-0.61200,0.42303,0.0
-0.49800,0.42303,0.0
0.55200,0.42303,0.0
0.58800,0.42303,0.0
0.67800,0.42303,0.0
0.60600,0.42303,0.0
-0.68100,0.42303,0.0
-0.62700,0.42303,0.0
-0.62400,0.42303,0.0
-0.57300,0.42303,0.0
-0.59400,0.42303,0.0
-0.63000,0.42303,0.0
-0.54900,0.42303,0.0
0.66300,0.42303,0.0
-0.60000,0.42303,0.0
0.66600,0.42303,0.0
-0.59100,0.42009,0.0
0.68400,0.42009,0.0
0.53400,0.42009,0.0
0.61500,0.42009,0.0
0.56400,0.42009,0.0
-0.62100,0.42009,0.0
0.53100,0.42009,0.0
-0.52500,0.42009,0.0
0.63300,0.42009,0.0
0.66900,0.42009,0.0
0.55800,0.42009,0.0
-0.56100,0.42009,0.0
0.54900,0.42009,0.0
-0.57000,0.42009,0.0
-0.69900,0.42009,0.0
-0.50400,0.42009,0.0
0.67800,0.42009,0.0
0.60000,0.42009,0.0
0.66000,0.42009,0.0
-0.60300,0.41714,0.0
-0.69000,0.41714,0.0
-0.51000,0.41714,0.0
-0.58200,0.41714,0.0
0.65400,0.41714,0.0
0.65100,0.41714,0.0
-0.54900,0.41714,0.0
0.58200,0.41714,0.0
-0.67200,0.41714,0.0
0.65700,0.41714,0.0
0.66300,0.41714,0.0
-0.71400,0.41714,0.0
0.66600,0.41714,0.0
0.60900,0.41714,0.0
-0.57900,0.41714,0.0
0.67500,0.41714,0.0
-0.58500,0.41714,0.0
0.57900,0.41714,0.0
0.59100,0.41714,0.0
-0.68100,0.41714,0.0
-0.59100,0.41419,0.0
-0.62400,0.41419,0.0
-0.48900,0.41419,0.0
-0.54600,0.41419,0.0
0.54600,0.41419,0.0
0.57000,0.41419,0.0
-0.60900,0.41419,0.0
0.61500,0.41419,0.0
0.61200,0.41419,0.0
-0.67200,0.41419,0.0
0.64800,0.41419,0.0
0.60000,0.41419,0.0
0.60300,0.41419,0.0
-0.55200,0.41419,0.0
-0.63300,0.41419,0.0
-0.69600,0.41419,0.0
0.56700,0.41419,0.0
-0.50700,0.41419,0.0
0.54000,0.41419,0.0
-0.69900,0.41419,0.0
-0.64800,0.41419,0.0
-0.60300,0.41124,0.0
-0.54000,0.41124,0.0
0.66600,0.41124,0.0
-0.65700,0.41124,0.0
-0.54600,0.41124,0.0
0.54000,0.41124,0.0
0.55800,0.41124,0.0
0.67500,0.41124,0.0
-0.59100,0.41124,0.0
0.57300,0.41124,0.0
-0.63900,0.41124,0.0
-0.53700,0.41124,0.0
0.62100,0.41124,0.0
0.58500,0.41124,0.0
-0.56400,0.41124,0.0
-0.58800,0.41124,0.0
0.53700,0.41124,0.0
-0.59400,0.41124,0.0
0.63600,0.41124,0.0
0.57600,0.41124,0.0
-0.57900,0.41124,0.0
0.62400,0.40829,0.0
-0.62100,0.40829,0.0
0.59400,0.40829,0.0
-0.63900,0.40829,0.0
-0.51900,0.40829,0.0
-0.63300,0.40829,0.0
0.64200,0.40829,0.0
-0.60900,0.40829,0.0
-0.55500,0.40829,0.0
-0.53400,0.40829,0.0
-0.66300,0.40829,0.0
0.53700,0.40829,0.0
0.68100,0.40829,0.0
-0.69900,0.40829,0.0
-0.70800,0.40829,0.0
-0.49800,0.40829,0.0
-0.59700,0.40829,0.0
0.54900,0.40829,0.0
-0.64200,0.40829,0.0
0.56700,0.40829,0.0
0.57000,0.40829,0.0
0.61200,0.40829,0.0
-0.70200,0.40829,0.0
-0.68100,0.40829,0.0
0.61800,0.40829,0.0
-0.56700,0.40829,0.0
-0.55800,0.40829,0.0
-0.63600,0.40829,0.0
-0.69600,0.40535,0.0
-0.53400,0.40535,0.0
-0.70500,0.40535,0.0
-0.67800,0.40535,0.0
-0.63900,0.40535,0.0
0.55800,0.40535,0.0
-0.58500,0.40535,0.0
0.62400,0.40535,0.0
0.66600,0.40535,0.0
-0.60900,0.40535,0.0
0.60600,0.40535,0.0
-0.49800,0.40535,0.0
0.65400,0.40535,0.0
-0.59100,0.40535,0.0
0.65700,0.40535,0.0
0.55200,0.40535,0.0
-0.59700,0.40535,0.0
0.54300,0.40240,0.0
-0.59400,0.40240,0.0
0.67200,0.40240,0.0
0.57000,0.40240,0.0
0.53400,0.40240,0.0
-0.69600,0.40240,0.0
0.54600,0.40240,0.0
-0.68400,0.40240,0.0
0.59400,0.40240,0.0
-0.65700,0.40240,0.0
-0.70500,0.40240,0.0
-0.69900,0.40240,0.0
-0.63600,0.40240,0.0
0.53100,0.40240,0.0
0.55500,0.40240,0.0
-0.60000,0.40240,0.0
-0.57600,0.40240,0.0
0.56100,0.40240,0.0
0.62700,0.40240,0.0
-0.66000,0.40240,0.0
-0.60300,0.39945,0.0
-0.69000,0.39945,0.0
-0.52500,0.39945,0.0
0.54900,0.39945,0.0
0.53400,0.39945,0.0
-0.53700,0.39945,0.0
-0.68400,0.39945,0.0
-0.60600,0.39945,0.0
0.54000,0.39945,0.0
0.56100,0.39945,0.0
0.66900,0.39945,0.0
0.58800,0.39945,0.0
0.60600,0.39945,0.0
-0.64200,0.39945,0.0
0.68100,0.39945,0.0
-0.57000,0.39945,0.0
0.58500,0.39945,0.0
0.64500,0.39945,0.0
-0.51300,0.39945,0.0
0.57300,0.39945,0.0
0.52500,0.39945,0.0
0.65100,0.39650,0.0
0.67500,0.39650,0.0
0.66300,0.39650,0.0
-0.63300,0.39650,0.0
-0.55500,0.39650,0.0
-0.51900,0.39650,0.0
-0.57600,0.39650,0.0
0.54000,0.39650,0.0
0.58800,0.39650,0.0
-0.63000,0.39650,0.0
-0.60600,0.39650,0.0
-0.58200,0.39650,0.0
0.61500,0.39650,0.0
-0.54000,0.39650,0.0
-0.61500,0.39650,0.0
0.61800,0.39355,0.0
-0.69300,0.39355,0.0
-0.53700,0.39355,0.0
-0.52200,0.39355,0.0
0.62100,0.39355,0.0
-0.62400,0.39355,0.0
-0.69900,0.39355,0.0
-0.52500,0.39355,0.0
0.55800,0.39355,0.0
-0.68700,0.39355,0.0
-0.62700,0.39355,0.0
-0.65100,0.39355,0.0
0.68100,0.39355,0.0
-0.53400,0.39355,0.0
-0.56700,0.39355,0.0
-0.64800,0.39355,0.0
-0.57900,0.39355,0.0
0.57600,0.39355,0.0
-0.54600,0.39355,0.0
-0.53100,0.39355,0.0
-0.52800,0.39061,0.0
0.66600,0.39061,0.0
0.65100,0.39061,0.0
-0.68400,0.39061,0.0
-0.55200,0.39061,0.0
-0.67500,0.39061,0.0
0.55200,0.39061,0.0
0.65700,0.39061,0.0
-0.70200,0.39061,0.0
0.57600,0.39061,0.0
0.54000,0.39061,0.0
0.63000,0.39061,0.0
-0.66300,0.39061,0.0
0.60900,0.39061,0.0
0.60000,0.39061,0.0
-0.68100,0.39061,0.0
-0.61800,0.39061,0.0
0.59400,0.39061,0.0
-0.53100,0.38766,0.0
-0.52200,0.38766,0.0
-0.52800,0.38766,0.0
0.56700,0.38766,0.0
0.60300,0.38766,0.0
0.65700,0.38766,0.0
0.59400,0.38766,0.0
0.62700,0.38766,0.0
-0.61500,0.38766,0.0
-0.56100,0.38766,0.0
0.58800,0.38766,0.0
-0.54000,0.38766,0.0
0.53400,0.38766,0.0
-0.62400,0.38766,0.0
-0.58200,0.38766,0.0
-0.65700,0.38766,0.0
0.60600,0.38766,0.0
0.62100,0.38766,0.0
-0.69600,0.38766,0.0
-0.57000,0.38766,0.0
-0.69300,0.38766,0.0
0.57900,0.38766,0.0
0.57300,0.38766,0.0
-0.53400,0.38471,0.0
-0.68100,0.38471,0.0
0.60600,0.38471,0.0
0.57000,0.38471,0.0
-0.57000,0.38471,0.0
-0.58800,0.38471,0.0
-0.67500,0.38471,0.0
0.55500,0.38471,0.0
-0.58200,0.38471,0.0
-0.68700,0.38471,0.0
-0.50700,0.38471,0.0
0.59700,0.38471,0.0
0.60000,0.38471,0.0
-0.68400,0.38471,0.0
-0.54300,0.38471,0.0
-0.54900,0.38471,0.0
-0.57600,0.38471,0.0
0.56700,0.38471,0.0
-0.62400,0.38471,0.0
-0.66300,0.38471,0.0
0.63900,0.38471,0.0
0.60600,0.38176,0.0
-0.64800,0.38176,0.0
0.64800,0.38176,0.0
-0.56400,0.38176,0.0
0.61200,0.38176,0.0
-0.55200,0.38176,0.0
0.65100,0.38176,0.0
0.59400,0.38176,0.0
0.61500,0.38176,0.0
-0.63300,0.38176,0.0
0.59100,0.38176,0.0
-0.55800,0.38176,0.0
0.66600,0.38176,0.0
-0.53700,0.37882,0.0
-0.62400,0.37882,0.0
-0.68100,0.37882,0.0
0.57000,0.37882,0.0
0.65400,0.37882,0.0
-0.53100,0.37882,0.0
-0.50700,0.37882,0.0
-0.64200,0.37882,0.0
-0.56700,0.37882,0.0
-0.65700,0.37882,0.0
-0.64500,0.37882,0.0
-0.66300,0.37882,0.0
0.55800,0.37882,0.0
0.58800,0.37882,0.0
0.63900,0.37882,0.0
-0.55200,0.37882,0.0
-0.64800,0.37587,0.0
-0.54000,0.37587,0.0
-0.63300,0.37587,0.0
0.59400,0.37587,0.0
0.67200,0.37587,0.0
-0.60300,0.37587,0.0
0.66900,0.37587,0.0
0.54300,0.37587,0.0
-0.66900,0.37587,0.0
0.56400,0.37587,0.0
0.65700,0.37587,0.0
-0.62700,0.37587,0.0
-0.51300,0.37587,0.0
-0.69300,0.37587,0.0
-0.59100,0.37587,0.0
-0.70200,0.37587,0.0
-0.64200,0.37587,0.0
-0.57900,0.37587,0.0
0.63900,0.37587,0.0
-0.69900,0.37587,0.0
0.65400,0.37587,0.0
-0.67800,0.37587,0.0
-0.65400,0.37587,0.0
-0.59700,0.37292,0.0
0.60300,0.37292,0.0
0.62400,0.37292,0.0
0.54900,0.37292,0.0
-0.66600,0.37292,0.0
-0.69300,0.37292,0.0
0.63300,0.37292,0.0
-0.63600,0.37292,0.0
-0.51300,0.37292,0.0
-0.66900,0.37292,0.0
-0.63900,0.37292,0.0
-0.56400,0.37292,0.0
0.56400,0.37292,0.0
0.53700,0.37292,0.0
-0.53100,0.37292,0.0
-0.61200,0.37292,0.0
-0.56700,0.37292,0.0
-0.68700,0.37292,0.0
0.61200,0.36997,0.0
0.59700,0.36997,0.0
-0.67800,0.36997,0.0
0.64200,0.36997,0.0
0.64800,0.36997,0.0
0.54900,0.36997,0.0
0.55500,0.36997,0.0
0.55800,0.36997,0.0
-0.69900,0.36997,0.0
0.56400,0.36997,0.0
-0.51900,0.36997,0.0
-0.68700,0.36997,0.0
-0.54900,0.36997,0.0
0.54000,0.36997,0.0
-0.69300,0.36997,0.0
0.56100,0.36997,0.0
-0.62100,0.36997,0.0
-0.63900,0.36997,0.0
0.64500,0.36997,0.0
0.59100,0.36997,0.0
0.56700,0.36997,0.0
-0.61200,0.36997,0.0
0.65100,0.36997,0.0
-0.56100,0.36702,0.0
-0.54900,0.36702,0.0
-0.62700,0.36702,0.0
-0.52500,0.36702,0.0
-0.64800,0.36702,0.0
-0.57600,0.36702,0.0
-0.60900,0.36702,0.0
0.63600,0.36702,0.0
0.55500,0.36702,0.0
-0.51000,0.36702,0.0
-0.54600,0.36702,0.0
0.55200,0.36702,0.0
-0.60000,0.36702,0.0
-0.62400,0.36702,0.0
0.54300,0.36702,0.0
-0.69000,0.36408,0.0
-0.57900,0.36408,0.0
-0.52500,0.36408,0.0
0.57600,0.36408,0.0
-0.50400,0.36408,0.0
-0.63300,0.36408,0.0
0.55200,0.36408,0.0
0.67200,0.36408,0.0
0.66000,0.36408,0.0
-0.59400,0.36408,0.0
-0.63000,0.36408,0.0
-0.60600,0.36408,0.0
-0.56700,0.36408,0.0
-0.55800,0.36408,0.0
0.64200,0.36408,0.0
-0.53400,0.36113,0.0
0.55800,0.36113,0.0
-0.69000,0.36113,0.0
0.60900,0.36113,0.0
-0.54900,0.36113,0.0
-0.63300,0.36113,0.0
-0.52800,0.36113,0.0
-0.59400,0.36113,0.0
-0.60000,0.36113,0.0
-0.57600,0.36113,0.0
0.66600,0.36113,0.0
-0.58500,0.36113,0.0
-0.64500,0.36113,0.0
-0.62400,0.36113,0.0
-0.69900,0.36113,0.0
-0.51900,0.36113,0.0
-0.57900,0.36113,0.0
-0.64800,0.35818,0.0
-0.69300,0.35818,0.0
0.58800,0.35818,0.0
-0.67800,0.35818,0.0
0.62700,0.35818,0.0
-0.60000,0.35818,0.0
0.54600,0.35818,0.0
-0.70200,0.35818,0.0
0.59100,0.35818,0.0
0.64500,0.35818,0.0
-0.68400,0.35818,0.0
-0.69900,0.35818,0.0
-0.57300,0.35818,0.0
0.57000,0.35818,0.0
-0.54300,0.35818,0.0
-0.58800,0.35818,0.0
0.54900,0.35818,0.0
-0.56700,0.35818,0.0
0.60900,0.35818,0.0
0.65400,0.35818,0.0
-0.56400,0.35818,0.0
-0.65400,0.35523,0.0
0.55200,0.35523,0.0
0.63000,0.35523,0.0
-0.69600,0.35523,0.0
-0.64800,0.35523,0.0
-0.68700,0.35523,0.0
-0.52200,0.35523,0.0
-0.60900,0.35523,0.0
-0.56400,0.35523,0.0
-0.62100,0.35523,0.0
-0.51600,0.35523,0.0
0.57000,0.35523,0.0
0.57900,0.35523,0.0
-0.68100,0.35523,0.0
0.58200,0.35523,0.0
-0.62700,0.35523,0.0
0.61800,0.35523,0.0
-0.53700,0.35228,0.0
-0.55800,0.35228,0.0
-0.63900,0.35228,0.0
-0.65100,0.35228,0.0
0.62400,0.35228,0.0
0.63900,0.35228,0.0
-0.59400,0.35228,0.0
0.57000,0.35228,0.0
0.64500,0.35228,0.0
-0.60900,0.35228,0.0
-0.64200,0.35228,0.0
-0.54600,0.35228,0.0
-0.64800,0.35228,0.0
0.61200,0.35228,0.0
-0.52800,0.35228,0.0
-0.62700,0.35228,0.0
-0.54300,0.35228,0.0
0.55800,0.35228,0.0
-0.66900,0.35228,0.0
-0.63000,0.35228,0.0
0.55200,0.35228,0.0
-0.56700,0.35228,0.0
0.60900,0.35228,0.0
-0.66600,0.35228,0.0
0.62700,0.34934,0.0
0.60900,0.34934,0.0
0.65100,0.34934,0.0
0.55200,0.34934,0.0
-0.64500,0.34934,0.0
0.58200,0.34934,0.0
0.63600,0.34934,0.0
-0.52500,0.34934,0.0
0.56100,0.34934,0.0
-0.63900,0.34934,0.0
0.57000,0.34934,0.0
0.61800,0.34934,0.0
0.64200,0.34934,0.0
-0.58500,0.34934,0.0
-0.53700,0.34934,0.0
0.63300,0.34934,0.0
0.56400,0.34934,0.0
-0.52800,0.34934,0.0
-0.69300,0.34934,0.0
-0.58800,0.34934,0.0
-0.59700,0.34934,0.0
0.61200,0.34639,0.0
0.57300,0.34639,0.0
-0.58500,0.34639,0.0
-0.59400,0.34639,0.0
0.56100,0.34639,0.0
0.65700,0.34639,0.0
-0.59100,0.34639,0.0
-0.63900,0.34639,0.0
-0.62400,0.34639,0.0
-0.69300,0.34639,0.0
0.66000,0.34639,0.0
-0.69600,0.34639,0.0
0.60000,0.34639,0.0
-0.66600,0.34639,0.0
-0.60600,0.34639,0.0
0.60300,0.34639,0.0
0.63300,0.34344,0.0
-0.63900,0.34344,0.0
-0.68100,0.34344,0.0
0.63600,0.34344,0.0
0.60000,0.34344,0.0
0.62100,0.34344,0.0
-0.60900,0.34344,0.0
-0.54300,0.34344,0.0
0.57600,0.34344,0.0
-0.56700,0.34344,0.0
0.38100,0.34344,0.0
0.39600,0.34344,0.0
-0.63600,0.34344,0.0
0.39000,0.34344,0.0
-0.69300,0.34344,0.0
0.66000,0.34344,0.0
-0.66600,0.34344,0.0
0.62700,0.34344,0.0
0.55800,0.34344,0.0
0.54900,0.34344,0.0
0.62400,0.34344,0.0
0.57000,0.34049,0.0
-0.54000,0.34049,0.0
0.59700,0.34049,0.0
-0.53700,0.34049,0.0
-0.64500,0.34049,0.0
0.40200,0.34049,0.0
-0.58500,0.34049,0.0
0.58500,0.34049,0.0
-0.69000,0.34049,0.0
0.55500,0.34049,0.0
0.56100,0.34049,0.0
-0.66900,0.34049,0.0
-0.66600,0.34049,0.0
-0.61500,0.34049,0.0
0.66000,0.34049,0.0
-0.61800,0.33754,0.0
0.38700,0.33754,0.0
0.65100,0.33754,0.0
-0.58500,0.33754,0.0
-0.56100,0.33754,0.0
0.60000,0.33754,0.0
-0.62700,0.33754,0.0
-0.59100,0.33754,0.0
-0.57600,0.33754,0.0
0.42300,0.33754,0.0
-0.58200,0.33754,0.0
-0.64200,0.33754,0.0
0.39600,0.33754,0.0
-0.63300,0.33754,0.0
0.56100,0.33754,0.0
-0.58800,0.33754,0.0
0.42000,0.33754,0.0
0.40800,0.33754,0.0
0.59100,0.33754,0.0
-0.64500,0.33754,0.0
0.39900,0.33754,0.0
0.66600,0.33754,0.0
-0.53700,0.33460,0.0
-0.54000,0.33460,0.0
0.36600,0.33460,0.0
0.65700,0.33460,0.0
-0.60900,0.33460,0.0
-0.57300,0.33460,0.0
0.39000,0.33460,0.0
0.57600,0.33460,0.0
0.59100,0.33460,0.0
0.59700,0.33460,0.0
0.64500,0.33460,0.0
0.58200,0.33460,0.0
0.41700,0.33460,0.0
0.35100,0.33460,0.0
0.42000,0.33165,0.0
-0.57600,0.33165,0.0
0.58200,0.33165,0.0
-0.60300,0.33165,0.0
-0.61800,0.33165,0.0
0.32100,0.33165,0.0
-0.66900,0.33165,0.0
0.34500,0.33165,0.0
-0.55800,0.33165,0.0
-0.54300,0.33165,0.0
-0.58200,0.33165,0.0
-0.56700,0.33165,0.0
-0.59700,0.33165,0.0
-0.64500,0.33165,0.0
-0.53100,0.33165,0.0
-0.62100,0.33165,0.0
-0.62400,0.33165,0.0
-0.55200,0.32870,0.0
-0.56100,0.32870,0.0
0.60300,0.32870,0.0
-0.65100,0.32870,0.0
-0.64200,0.32870,0.0
0.36300,0.32870,0.0
-0.59100,0.32870,0.0
0.42900,0.32870,0.0
0.56100,0.32870,0.0
0.55800,0.32870,0.0
0.39000,0.32870,0.0
0.63000,0.32870,0.0
0.63900,0.32870,0.0
-0.57300,0.32870,0.0
-0.59400,0.32870,0.0
0.56700,0.32870,0.0
-0.55800,0.32870,0.0
0.35400,0.32870,0.0
0.39300,0.32870,0.0
0.60600,0.32870,0.0
-0.60000,0.32870,0.0
-0.66600,0.32575,0.0
0.60000,0.32575,0.0
-0.61500,0.32575,0.0
-0.67500,0.32575,0.0
0.65700,0.32575,0.0
0.57900,0.32575,0.0
-0.67200,0.32575,0.0
0.62100,0.32575,0.0
-0.56400,0.32575,0.0
-0.52800,0.32575,0.0
-0.65100,0.32575,0.0
0.32100,0.32575,0.0
-0.57600,0.32575,0.0
0.43800,0.32575,0.0
0.62400,0.32575,0.0
0.60300,0.32575,0.0
0.33900,0.32575,0.0
0.65400,0.32575,0.0
0.35100,0.32575,0.0
-0.68100,0.32575,0.0
0.34500,0.32280,0.0
0.63600,0.32280,0.0
-0.68400,0.32280,0.0
0.62100,0.32280,0.0
-0.69300,0.32280,0.0
0.43500,0.32280,0.0
0.59400,0.32280,0.0
0.60600,0.32280,0.0
0.42300,0.32280,0.0
-0.64800,0.32280,0.0
0.64200,0.32280,0.0
0.63300,0.32280,0.0
0.36300,0.32280,0.0
-0.59100,0.31986,0.0
0.39000,0.31986,0.0
-0.61500,0.31986,0.0
0.33300,0.31986,0.0
0.56400,0.31986,0.0
0.39300,0.31986,0.0
0.61800,0.31986,0.0
0.63900,0.31986,0.0
-0.61200,0.31986,0.0
0.58200,0.31986,0.0
0.44700,0.31986,0.0
-0.66900,0.31986,0.0
0.28800,0.31986,0.0
0.38700,0.31986,0.0
0.38100,0.31986,0.0
0.57600,0.31986,0.0
-0.68700,0.31986,0.0
-0.33600,0.31986,0.0
0.30600,0.31986,0.0
-0.62700,0.31986,0.0
-0.66600,0.31986,0.0
0.41100,0.31986,0.0
0.65100,0.31986,0.0
0.61500,0.31986,0.0
-0.62100,0.31986,0.0
0.61200,0.31986,0.0
0.27900,0.31986,0.0
0.39600,0.31986,0.0
-0.69000,0.31986,0.0
-0.53700,0.31986,0.0
-0.61800,0.31691,0.0
0.57300,0.31691,0.0
0.64800,0.31691,0.0
0.30600,0.31691,0.0
-0.62100,0.31691,0.0
-0.61200,0.31691,0.0
-0.57900,0.31691,0.0
-0.67200,0.31691,0.0
0.35400,0.31691,0.0
0.30300,0.31691,0.0
0.65700,0.31691,0.0
0.39900,0.31691,0.0
0.28500,0.31691,0.0
-0.58500,0.31691,0.0
-0.67800,0.31691,0.0
-0.65700,0.31691,0.0
0.29400,0.31691,0.0
0.59400,0.31691,0.0
0.57000,0.31691,0.0
0.40200,0.31691,0.0
-0.69300,0.31691,0.0
0.39600,0.31691,0.0
-0.60900,0.31691,0.0
0.29700,0.31691,0.0
-0.63900,0.31691,0.0
0.38400,0.31691,0.0
0.42900,0.31691,0.0
0.41700,0.31396,0.0
-0.38100,0.31396,0.0
-0.68100,0.31396,0.0
-0.61500,0.31396,0.0
-0.58200,0.31396,0.0
-0.66900,0.31396,0.0
0.33900,0.31396,0.0
0.27300,0.31396,0.0
0.39900,0.31396,0.0
0.59100,0.31396,0.0
-0.59700,0.31396,0.0
0.61500,0.31396,0.0
0.66000,0.31396,0.0
0.29700,0.31396,0.0
-0.57600,0.31396,0.0
-0.37800,0.31396,0.0
0.35700,0.31396,0.0
0.31200,0.31396,0.0
0.30300,0.31396,0.0
-0.64500,0.31396,0.0
0.57300,0.31396,0.0
0.36300,0.31396,0.0
0.62400,0.31396,0.0
0.40800,0.31396,0.0
-0.66000,0.31396,0.0
0.32700,0.31396,0.0
0.56700,0.31396,0.0
-0.61800,0.31396,0.0
-0.55500,0.31396,0.0
-0.30600,0.31396,0.0
-0.61200,0.31396,0.0
-0.57900,0.31396,0.0
-0.56400,0.31101,0.0
-0.64800,0.31101,0.0
0.60600,0.31101,0.0
0.32400,0.31101,0.0
0.65400,0.31101,0.0
0.42900,0.31101,0.0
0.33600,0.31101,0.0
-0.36600,0.31101,0.0
0.30300,0.31101,0.0
0.32100,0.31101,0.0
0.37800,0.31101,0.0
0.60000,0.31101,0.0
0.36300,0.31101,0.0
-0.31200,0.31101,0.0
0.61500,0.31101,0.0
0.31200,0.31101,0.0
0.35100,0.31101,0.0
-0.55500,0.31101,0.0
-0.57300,0.31101,0.0
-0.65100,0.31101,0.0
-0.68400,0.31101,0.0
0.46500,0.31101,0.0
-0.63900,0.31101,0.0
0.24600,0.31101,0.0
0.36000,0.31101,0.0
0.64500,0.31101,0.0
-0.54900,0.31101,0.0
0.57000,0.31101,0.0
0.27900,0.31101,0.0
0.64800,0.31101,0.0
0.41700,0.31101,0.0
-0.35700,0.31101,0.0
0.28500,0.31101,0.0
0.29400,0.31101,0.0
-0.68100,0.31101,0.0
0.62700,0.31101,0.0
0.57600,0.30806,0.0
-0.61200,0.30806,0.0
-0.33600,0.30806,0.0
0.59400,0.30806,0.0
0.34200,0.30806,0.0
0.40200,0.30806,0.0
0.56700,0.30806,0.0
0.45600,0.30806,0.0
0.44700,0.30806,0.0
0.33300,0.30806,0.0
-0.54900,0.30806,0.0
0.61500,0.30806,0.0
0.32700,0.30806,0.0
0.42900,0.30806,0.0
-0.67200,0.30806,0.0
-0.36600,0.30806,0.0
0.26700,0.30806,0.0
0.37200,0.30806,0.0
0.60300,0.30806,0.0
-0.33900,0.30806,0.0
-0.58200,0.30806,0.0
-0.55500,0.30806,0.0
0.30900,0.30806,0.0
0.37500,0.30806,0.0
-0.61800,0.30806,0.0
0.60600,0.30806,0.0
0.29400,0.30806,0.0
0.65400,0.30806,0.0
0.58800,0.30806,0.0
0.31200,0.30806,0.0
-0.35100,0.30806,0.0
-0.56100,0.30806,0.0
-0.62700,0.30806,0.0
0.47100,0.30512,0.0
0.61500,0.30512,0.0
-0.36600,0.30512,0.0
-0.32400,0.30512,0.0
0.36600,0.30512,0.0
0.57300,0.30512,0.0
-0.33900,0.30512,0.0
0.43200,0.30512,0.0
-0.68100,0.30512,0.0
0.56400,0.30512,0.0
0.34200,0.30512,0.0
-0.33000,0.30512,0.0
0.33600,0.30512,0.0
-0.35700,0.30512,0.0
0.44700,0.30512,0.0
-0.62400,0.30512,0.0
0.61200,0.30512,0.0
-0.54600,0.30512,0.0
0.57900,0.30512,0.0
-0.65400,0.30512,0.0
0.27900,0.30512,0.0
0.39600,0.30512,0.0
0.63900,0.30512,0.0
0.30300,0.30512,0.0
0.33300,0.30512,0.0
0.35100,0.30512,0.0
-0.68700,0.30512,0.0
0.24600,0.30512,0.0
-0.63300,0.30512,0.0
0.36900,0.30512,0.0
-0.63000,0.30512,0.0
0.66300,0.30512,0.0
0.45000,0.30512,0.0
0.42900,0.30512,0.0
0.25800,0.30217,0.0
-0.36900,0.30217,0.0
-0.31500,0.30217,0.0
-0.34500,0.30217,0.0
0.46200,0.30217,0.0
-0.68400,0.30217,0.0
0.41700,0.30217,0.0
0.62700,0.30217,0.0
0.29400,0.30217,0.0
-0.63300,0.30217,0.0
-0.58500,0.30217,0.0
0.42300,0.30217,0.0
0.33300,0.30217,0.0
0.27000,0.30217,0.0
0.56400,0.30217,0.0
-0.26100,0.30217,0.0
-0.30300,0.30217,0.0
-0.33600,0.30217,0.0
-0.62400,0.30217,0.0
-0.63600,0.30217,0.0
-0.25500,0.30217,0.0
0.35700,0.30217,0.0
-0.67800,0.30217,0.0
0.39600,0.30217,0.0
-0.35700,0.30217,0.0
0.57900,0.30217,0.0
-0.60000,0.30217,0.0
0.39000,0.29922,0.0
-0.36300,0.29922,0.0
0.44700,0.29922,0.0
0.25500,0.29922,0.0
0.47400,0.29922,0.0
0.58200,0.29922,0.0
0.43200,0.29922,0.0
0.63600,0.29922,0.0
0.28800,0.29922,0.0
-0.66600,0.29922,0.0
0.61500,0.29922,0.0
0.42300,0.29922,0.0
-0.58200,0.29922,0.0
0.38700,0.29922,0.0
0.60900,0.29922,0.0
-0.33300,0.29922,0.0
0.37500,0.29922,0.0
0.33900,0.29922,0.0
0.43800,0.29922,0.0
-0.61800,0.29922,0.0
0.41700,0.29922,0.0
0.33000,0.29922,0.0
-0.64200,0.29922,0.0
0.60600,0.29922,0.0
-0.34500,0.29922,0.0
-0.39000,0.29922,0.0
0.37500,0.29627,0.0
-0.63900,0.29627,0.0
0.33900,0.29627,0.0
-0.37200,0.29627,0.0
-0.36000,0.29627,0.0
0.28500,0.29627,0.0
0.45900,0.29627,0.0
-0.68400,0.29627,0.0
0.34500,0.29627,0.0
-0.36900,0.29627,0.0
-0.57600,0.29627,0.0
0.32400,0.29627,0.0
-0.56400,0.29627,0.0
-0.64800,0.29627,0.0
0.24900,0.29627,0.0
0.59100,0.29627,0.0
0.23400,0.29627,0.0
0.58200,0.29627,0.0
0.22500,0.29627,0.0
0.28800,0.29627,0.0
-0.54600,0.29627,0.0
-0.58800,0.29627,0.0
-0.27900,0.29627,0.0
-0.55500,0.29627,0.0
-0.38400,0.29627,0.0
-0.66300,0.29627,0.0
-0.59400,0.29627,0.0
-0.66000,0.29627,0.0
0.58800,0.29627,0.0
0.27600,0.29627,0.0
0.47400,0.29627,0.0
-0.22500,0.29627,0.0
0.44100,0.29627,0.0
-0.38100,0.29627,0.0
-0.63300,0.29627,0.0
-0.59100,0.29627,0.0
-0.60600,0.29627,0.0
0.61200,0.29627,0.0
0.58500,0.29627,0.0
-0.33900,0.29627,0.0
0.48900,0.29627,0.0
0.38700,0.29627,0.0
-0.65700,0.29627,0.0
0.26400,0.29627,0.0
0.40800,0.29627,0.0
0.45300,0.29627,0.0
-0.62700,0.29627,0.0
0.46500,0.29627,0.0
-0.68100,0.29332,0.0
0.48300,0.29332,0.0
-0.63900,0.29332,0.0
0.30000,0.29332,0.0
0.47700,0.29332,0.0
0.33300,0.29332,0.0
-0.59700,0.29332,0.0
-0.66600,0.29332,0.0
0.58500,0.29332,0.0
-0.28800,0.29332,0.0
0.39600,0.29332,0.0
0.43800,0.29332,0.0
0.58800,0.29332,0.0
0.64800,0.29332,0.0
-0.60900,0.29332,0.0
0.32700,0.29332,0.0
0.27600,0.29332,0.0
-0.34200,0.29332,0.0
0.33900,0.29332,0.0
-0.67500,0.29332,0.0
0.45600,0.29332,0.0
0.42600,0.29332,0.0
-0.59400,0.29332,0.0
0.44100,0.29332,0.0
-0.64800,0.29332,0.0
0.40500,0.29332,0.0
0.48000,0.29332,0.0
0.25800,0.29332,0.0
0.61200,0.29332,0.0
0.48600,0.29332,0.0
0.64200,0.29332,0.0
0.25500,0.29332,0.0
-0.57300,0.29332,0.0
0.35700,0.29332,0.0
-0.68400,0.29332,0.0
0.62700,0.29332,0.0
0.36600,0.29332,0.0
0.29400,0.29332,0.0
0.64500,0.29332,0.0
-0.39600,0.29332,0.0
-0.23700,0.29332,0.0
0.31800,0.29332,0.0
-0.34500,0.29332,0.0
0.37200,0.29332,0.0
-0.67800,0.29332,0.0
0.38400,0.29332,0.0
-0.66300,0.29332,0.0
0.25200,0.29332,0.0
-0.66000,0.29332,0.0
0.21300,0.29038,0.0
0.34500,0.29038,0.0
-0.60900,0.29038,0.0
-0.35400,0.29038,0.0
-0.63600,0.29038,0.0
-0.30000,0.29038,0.0
-0.62700,0.29038,0.0
-0.32400,0.29038,0.0
-0.61800,0.29038,0.0
0.64800,0.29038,0.0
0.41700,0.29038,0.0
-0.24600,0.29038,0.0
0.35100,0.29038,0.0
0.43800,0.29038,0.0
0.30000,0.29038,0.0
0.32400,0.29038,0.0
0.41100,0.29038,0.0
0.19800,0.29038,0.0
0.26400,0.29038,0.0
-0.36000,0.29038,0.0
-0.60300,0.29038,0.0
0.63600,0.29038,0.0
0.63900,0.29038,0.0
0.62700,0.29038,0.0
-0.67500,0.29038,0.0
0.25500,0.29038,0.0
0.65100,0.29038,0.0
-0.60600,0.29038,0.0
0.27900,0.29038,0.0
0.39000,0.29038,0.0
-0.66300,0.29038,0.0
0.35400,0.29038,0.0
-0.20100,0.29038,0.0
0.64200,0.29038,0.0
0.58800,0.29038,0.0
0.24900,0.29038,0.0
-0.55200,0.29038,0.0
0.45000,0.29038,0.0
0.48300,0.29038,0.0
-0.36300,0.29038,0.0
-0.24600,0.28743,0.0
0.34200,0.28743,0.0
-0.55200,0.28743,0.0
-0.29400,0.28743,0.0
0.39300,0.28743,0.0
-0.26700,0.28743,0.0
-0.60300,0.28743,0.0
0.24900,0.28743,0.0
-0.30600,0.28743,0.0
0.42300,0.28743,0.0
-0.64500,0.28743,0.0
0.27600,0.28743,0.0
0.23100,0.28743,0.0
-0.37200,0.28743,0.0
0.37500,0.28743,0.0
-0.29100,0.28743,0.0
0.58200,0.28743,0.0
0.59100,0.28743,0.0
-0.40200,0.28743,0.0
-0.64200,0.28743,0.0
-0.26400,0.28743,0.0
0.25500,0.28743,0.0
-0.37500,0.28743,0.0
-0.56100,0.28743,0.0
0.33300,0.28743,0.0
-0.28500,0.28743,0.0
0.26400,0.28743,0.0
0.48600,0.28743,0.0
-0.30000,0.28743,0.0
-0.57300,0.28743,0.0
-0.68400,0.28743,0.0
0.57300,0.28743,0.0
-0.26100,0.28743,0.0
0.39600,0.28743,0.0
0.59700,0.28743,0.0
-0.20400,0.28743,0.0
-0.59700,0.28743,0.0
-0.67200,0.28743,0.0
0.21600,0.28743,0.0
0.27300,0.28743,0.0
0.25800,0.28743,0.0
0.64800,0.28743,0.0
0.24600,0.28743,0.0
0.63900,0.28743,0.0
0.44400,0.28743,0.0
0.32400,0.28743,0.0
-0.60000,0.28743,0.0
0.40800,0.28743,0.0
0.24300,0.28743,0.0
-0.35100,0.28743,0.0
0.39000,0.28743,0.0
0.62400,0.28743,0.0
-0.58800,0.28448,0.0
-0.31800,0.28448,0.0
0.26100,0.28448,0.0
0.26400,0.28448,0.0
0.25500,0.28448,0.0
0.45600,0.28448,0.0
0.35700,0.28448,0.0
0.33300,0.28448,0.0
0.20400,0.28448,0.0
-0.21000,0.28448,0.0
-0.28500,0.28448,0.0
0.42000,0.28448,0.0
-0.33000,0.28448,0.0
-0.34200,0.28448,0.0
0.40500,0.28448,0.0
-0.66600,0.28448,0.0
-0.67200,0.28448,0.0
-0.40500,0.28448,0.0
-0.60300,0.28448,0.0
-0.68400,0.28448,0.0
-0.20700,0.28448,0.0
-0.62700,0.28448,0.0
0.20100,0.28448,0.0
0.37500,0.28448,0.0
-0.63900,0.28448,0.0
0.40800,0.28448,0.0
0.31200,0.28448,0.0
0.35400,0.28448,0.0
0.29700,0.28448,0.0
0.19500,0.28448,0.0
-0.39300,0.28448,0.0
-0.40800,0.28448,0.0
-0.35100,0.28448,0.0
0.59400,0.28448,0.0
-0.64800,0.28448,0.0
0.44400,0.28448,0.0
-0.65100,0.28448,0.0
-0.40200,0.28448,0.0
-0.59700,0.28448,0.0
0.38100,0.28448,0.0
-0.32400,0.28448,0.0
0.33900,0.28448,0.0
-0.30300,0.28448,0.0
0.45900,0.28448,0.0
-0.22200,0.28448,0.0
-0.64500,0.28448,0.0
0.60300,0.28153,0.0
-0.27900,0.28153,0.0
0.65400,0.28153,0.0
0.60000,0.28153,0.0
-0.21600,0.28153,0.0
-0.30900,0.28153,0.0
0.36300,0.28153,0.0
0.57300,0.28153,0.0
-0.25500,0.28153,0.0
0.60600,0.28153,0.0
0.59700,0.28153,0.0
-0.57600,0.28153,0.0
-0.29700,0.28153,0.0
0.24300,0.28153,0.0
0.28500,0.28153,0.0
0.14400,0.28153,0.0
0.17700,0.28153,0.0
0.41400,0.28153,0.0
0.27300,0.28153,0.0
0.34800,0.28153,0.0
-0.65400,0.28153,0.0
0.59400,0.28153,0.0
-0.66000,0.28153,0.0
0.31800,0.28153,0.0
0.33300,0.28153,0.0
-0.36000,0.28153,0.0
0.39600,0.28153,0.0
-0.67500,0.28153,0.0
0.36600,0.28153,0.0
0.62100,0.28153,0.0
-0.31200,0.28153,0.0
-0.55800,0.28153,0.0
-0.33900,0.28153,0.0
0.18300,0.28153,0.0
0.30600,0.28153,0.0
0.31500,0.28153,0.0
-0.32400,0.28153,0.0
-0.67200,0.28153,0.0
-0.23400,0.28153,0.0
0.17100,0.28153,0.0
0.62400,0.28153,0.0
0.45300,0.28153,0.0
-0.57300,0.28153,0.0
-0.61200,0.28153,0.0
-0.38400,0.28153,0.0
-0.40800,0.28153,0.0
-0.20100,0.27858,0.0
0.27000,0.27858,0.0
-0.19800,0.27858,0.0
0.58800,0.27858,0.0
0.38700,0.27858,0.0
-0.61200,0.27858,0.0
-0.27000,0.27858,0.0
0.28500,0.27858,0.0
-0.64500,0.27858,0.0
-0.62700,0.27858,0.0
0.27600,0.27858,0.0
0.27900,0.27858,0.0
0.21900,0.27858,0.0
-0.21600,0.27858,0.0
-0.58500,0.27858,0.0
0.36900,0.27858,0.0
-0.27900,0.27858,0.0
0.49200,0.27858,0.0
0.42600,0.27858,0.0
0.62700,0.27858,0.0
-0.29100,0.27858,0.0
0.46800,0.27858,0.0
-0.57900,0.27858,0.0
-0.34800,0.27858,0.0
0.45900,0.27858,0.0
0.40800,0.27858,0.0
-0.68100,0.27858,0.0
0.57900,0.27858,0.0
0.31200,0.27858,0.0
-0.29400,0.27858,0.0
0.33300,0.27858,0.0
-0.30000,0.27858,0.0
0.41700,0.27858,0.0
-0.66900,0.27858,0.0
0.44100,0.27858,0.0
0.62400,0.27858,0.0
0.59400,0.27858,0.0
-0.22200,0.27858,0.0
-0.58800,0.27858,0.0
0.39300,0.27858,0.0
0.31500,0.27858,0.0
0.40500,0.27858,0.0
-0.25200,0.27858,0.0
0.29400,0.27858,0.0
-0.30900,0.27858,0.0
0.34800,0.27858,0.0
0.39900,0.27858,0.0
-0.37200,0.27564,0.0
0.17400,0.27564,0.0
0.16800,0.27564,0.0
0.30900,0.27564,0.0
-0.66000,0.27564,0.0
-0.36600,0.27564,0.0
0.27600,0.27564,0.0
-0.35400,0.27564,0.0
0.62700,0.27564,0.0
0.13800,0.27564,0.0
0.45900,0.27564,0.0
-0.59100,0.27564,0.0
-0.39000,0.27564,0.0
0.16200,0.27564,0.0
0.31200,0.27564,0.0
0.42600,0.27564,0.0
-0.22200,0.27564,0.0
0.26400,0.27564,0.0
-0.56100,0.27564,0.0
0.30600,0.27564,0.0
0.33300,0.27564,0.0
0.21300,0.27564,0.0
0.19500,0.27564,0.0
-0.34500,0.27564,0.0
0.30000,0.27564,0.0
-0.28500,0.27564,0.0
-0.24000,0.27564,0.0
-0.57600,0.27564,0.0
-0.26700,0.27564,0.0
0.25200,0.27564,0.0
0.33900,0.27564,0.0
-0.21300,0.27564,0.0
0.15000,0.27564,0.0
0.28500,0.27564,0.0
-0.55500,0.27564,0.0
-0.67200,0.27564,0.0
-0.40500,0.27564,0.0
-0.28200,0.27564,0.0
0.28200,0.27564,0.0
-0.27000,0.27564,0.0
0.24600,0.27564,0.0
-0.60300,0.27564,0.0
-0.59400,0.27564,0.0
-0.20400,0.27564,0.0
-0.26100,0.27564,0.0
0.19800,0.27564,0.0
-0.38700,0.27269,0.0
0.58800,0.27269,0.0
-0.28500,0.27269,0.0
0.57300,0.27269,0.0
0.30600,0.27269,0.0
-0.33300,0.27269,0.0
-0.14100,0.27269,0.0
-0.24300,0.27269,0.0
0.37200,0.27269,0.0
-0.37500,0.27269,0.0
0.39300,0.27269,0.0
0.27900,0.27269,0.0
0.64500,0.27269,0.0
-0.21900,0.27269,0.0
-0.35100,0.27269,0.0
0.30900,0.27269,0.0
0.18600,0.27269,0.0
-0.59700,0.27269,0.0
-0.67200,0.27269,0.0
0.64800,0.27269,0.0
0.62700,0.27269,0.0
0.28800,0.27269,0.0
-0.21600,0.27269,0.0
0.14400,0.27269,0.0
0.15600,0.27269,0.0
0.58500,0.27269,0.0
0.39600,0.27269,0.0
-0.60600,0.27269,0.0
0.42000,0.27269,0.0
-0.39600,0.27269,0.0
0.32700,0.27269,0.0
0.21000,0.27269,0.0
0.44400,0.27269,0.0
-0.35700,0.27269,0.0
0.26700,0.27269,0.0
0.48000,0.27269,0.0
-0.42000,0.27269,0.0
-0.58200,0.27269,0.0
0.19200,0.27269,0.0
-0.65400,0.27269,0.0
-0.40200,0.27269,0.0
-0.36600,0.27269,0.0
0.47100,0.27269,0.0
-0.18900,0.27269,0.0
0.60900,0.27269,0.0
0.24600,0.27269,0.0
-0.18900,0.26974,0.0
-0.40500,0.26974,0.0
0.22800,0.26974,0.0
0.16200,0.26974,0.0
0.47700,0.26974,0.0
0.45300,0.26974,0.0
-0.22500,0.26974,0.0
0.19500,0.26974,0.0
-0.66300,0.26974,0.0
0.61200,0.26974,0.0
0.39600,0.26974,0.0
-0.23100,0.26974,0.0
-0.26700,0.26974,0.0
0.44700,0.26974,0.0
-0.66900,0.26974,0.0
-0.28500,0.26974,0.0
0.33600,0.26974,0.0
-0.42600,0.26974,0.0
0.14400,0.26974,0.0
0.23400,0.26974,0.0
0.21600,0.26974,0.0
0.48300,0.26974,0.0
0.42900,0.26974,0.0
0.44100,0.26974,0.0
0.64200,0.26974,0.0
-0.27900,0.26974,0.0
0.37800,0.26974,0.0
-0.20100,0.26974,0.0
0.17100,0.26974,0.0
0.41100,0.26974,0.0
0.21300,0.26974,0.0
-0.39000,0.26974,0.0
-0.21900,0.26974,0.0
0.15900,0.26974,0.0
-0.39600,0.26974,0.0
0.21900,0.26974,0.0
-0.21300,0.26974,0.0
-0.39900,0.26974,0.0
-0.38400,0.26974,0.0
-0.58200,0.26974,0.0
0.38700,0.26974,0.0
0.24000,0.26974,0.0
0.16500,0.26974,0.0
0.60300,0.26974,0.0
0.37200,0.26974,0.0
-0.60300,0.26974,0.0
-0.31500,0.26974,0.0
-0.21600,0.26974,0.0
-0.67500,0.26974,0.0
0.28500,0.26974,0.0
0.26700,0.26974,0.0
0.12900,0.26974,0.0
-0.57600,0.26974,0.0
0.23100,0.26974,0.0
-0.34200,0.26974,0.0
-0.20700,0.26974,0.0
-0.24300,0.26679,0.0
-0.21000,0.26679,0.0
-0.43500,0.26679,0.0
0.13800,0.26679,0.0
0.25200,0.26679,0.0
0.15600,0.26679,0.0
0.36900,0.26679,0.0
0.63000,0.26679,0.0
-0.40800,0.26679,0.0
-0.67500,0.26679,0.0
0.13500,0.26679,0.0
0.18900,0.26679,0.0
-0.40200,0.26679,0.0
0.47700,0.26679,0.0
-0.55800,0.26679,0.0
0.18600,0.26679,0.0
-0.24900,0.26679,0.0
0.29700,0.26679,0.0
-0.22500,0.26679,0.0
0.25500,0.26679,0.0
0.32100,0.26679,0.0
0.25800,0.26679,0.0
-0.23700,0.26679,0.0
0.47100,0.26679,0.0
-0.21600,0.26679,0.0
-0.65100,0.26679,0.0
-0.36900,0.26679,0.0
0.39900,0.26679,0.0
0.28500,0.26679,0.0
0.21000,0.26679,0.0
0.60600,0.26679,0.0
-0.41400,0.26679,0.0
0.31800,0.26679,0.0
0.42300,0.26679,0.0
-0.41700,0.26679,0.0
-0.29700,0.26679,0.0
0.62400,0.26679,0.0
0.48600,0.26679,0.0
0.33900,0.26679,0.0
0.24000,0.26679,0.0
0.57900,0.26679,0.0
-0.64800,0.26679,0.0
0.26100,0.26384,0.0
-0.60300,0.26384,0.0
0.48300,0.26384,0.0
0.13500,0.26384,0.0
-0.31800,0.26384,0.0
-0.42600,0.26384,0.0
-0.17400,0.26384,0.0
-0.21000,0.26384,0.0
0.14700,0.26384,0.0
-0.42900,0.26384,0.0
0.19500,0.26384,0.0
-0.57600,0.26384,0.0
-0.41100,0.26384,0.0
0.28200,0.26384,0.0
0.59400,0.26384,0.0
-0.63600,0.26384,0.0
-0.38700,0.26384,0.0
-0.63900,0.26384,0.0
0.12900,0.26384,0.0
0.41700,0.26384,0.0
-0.32100,0.26384,0.0
0.41400,0.26384,0.0
0.32700,0.26384,0.0
0.21900,0.26384,0.0
0.19800,0.26384,0.0
-0.56700,0.26384,0.0
-0.58200,0.26384,0.0
-0.31500,0.26384,0.0
0.45300,0.26384,0.0
0.21300,0.26384,0.0
0.24300,0.26384,0.0
-0.31200,0.26384,0.0
-0.18000,0.26384,0.0
-0.18900,0.26384,0.0
0.25200,0.26384,0.0
-0.59700,0.26384,0.0
-0.65100,0.26384,0.0
0.23100,0.26384,0.0
0.16800,0.26384,0.0
-0.26400,0.26384,0.0
0.14400,0.26090,0.0
-0.35400,0.26090,0.0
-0.66300,0.26090,0.0
0.30300,0.26090,0.0
0.48900,0.26090,0.0
0.14700,0.26090,0.0
0.49500,0.26090,0.0
-0.18900,0.26090,0.0
0.25500,0.26090,0.0
0.32700,0.26090,0.0
-0.42600,0.26090,0.0
-0.67800,0.26090,0.0
0.39000,0.26090,0.0
-0.31500,0.26090,0.0
0.62400,0.26090,0.0
0.12900,0.26090,0.0
-0.14100,0.26090,0.0
-0.42900,0.26090,0.0
-0.63600,0.26090,0.0
-0.41400,0.26090,0.0
0.21300,0.26090,0.0
-0.36300,0.26090,0.0
-0.29100,0.26090,0.0
0.60300,0.26090,0.0
-0.24000,0.26090,0.0
0.43500,0.26090,0.0
-0.40200,0.26090,0.0
0.17100,0.26090,0.0
-0.23100,0.26090,0.0
0.19200,0.26090,0.0
-0.64500,0.26090,0.0
0.45600,0.26090,0.0
0.15000,0.26090,0.0
-0.18300,0.26090,0.0
-0.35100,0.26090,0.0
-0.68100,0.26090,0.0
-0.15600,0.26090,0.0
0.24000,0.26090,0.0
0.45900,0.26090,0.0
-0.57600,0.26090,0.0
0.32100,0.26090,0.0
0.35400,0.26090,0.0
0.47700,0.26090,0.0
0.42000,0.26090,0.0
-0.60900,0.26090,0.0
-0.55800,0.26090,0.0
-0.58200,0.26090,0.0
-0.24300,0.26090,0.0
-0.18000,0.26090,0.0
-0.56100,0.26090,0.0
0.44400,0.25795,0.0
-0.16200,0.25795,0.0
-0.36600,0.25795,0.0
-0.27300,0.25795,0.0
-0.38700,0.25795,0.0
0.61200,0.25795,0.0
0.34800,0.25795,0.0
0.43500,0.25795,0.0
-0.17400,0.25795,0.0
0.64800,0.25795,0.0
0.24600,0.25795,0.0
0.32400,0.25795,0.0
0.61500,0.25795,0.0
0.19200,0.25795,0.0
0.47100,0.25795,0.0
0.30300,0.25795,0.0
0.41400,0.25795,0.0
0.39900,0.25795,0.0
0.27300,0.25795,0.0
0.21000,0.25795,0.0
-0.57600,0.25795,0.0
0.44100,0.25795,0.0
0.38700,0.25795,0.0
0.63300,0.25795,0.0
0.57900,0.25795,0.0
0.32700,0.25795,0.0
0.48900,0.25795,0.0
-0.67500,0.25795,0.0
0.30600,0.25795,0.0
-0.59100,0.25795,0.0
0.27900,0.25795,0.0
-0.22200,0.25795,0.0
-0.65100,0.25795,0.0
0.21600,0.25795,0.0
-0.32400,0.25795,0.0
0.45600,0.25795,0.0
-0.25800,0.25795,0.0
0.62100,0.25795,0.0
-0.30300,0.25795,0.0
-0.18600,0.25795,0.0
0.18000,0.25795,0.0
-0.43200,0.25795,0.0
-0.59400,0.25795,0.0
-0.13200,0.25795,0.0
0.41100,0.25795,0.0
-0.67800,0.25795,0.0
-0.28800,0.25795,0.0
0.32700,0.25500,0.0
-0.58800,0.25500,0.0
0.31500,0.25500,0.0
-0.15600,0.25500,0.0
0.60600,0.25500,0.0
0.40800,0.25500,0.0
-0.21300,0.25500,0.0
0.46200,0.25500,0.0
0.19500,0.25500,0.0
0.26700,0.25500,0.0
-0.12600,0.25500,0.0
-0.22800,0.25500,0.0
-0.20100,0.25500,0.0
-0.16800,0.25500,0.0
0.49500,0.25500,0.0
-0.63300,0.25500,0.0
-0.31800,0.25500,0.0
-0.19200,0.25500,0.0
-0.43500,0.25500,0.0
-0.24000,0.25500,0.0
0.25500,0.25500,0.0
0.47700,0.25500,0.0
-0.38100,0.25500,0.0
0.38700,0.25500,0.0
0.29400,0.25500,0.0
-0.15300,0.25500,0.0
-0.62100,0.25500,0.0
0.63300,0.25500,0.0
-0.44700,0.25500,0.0
-0.41100,0.25500,0.0
0.45600,0.25500,0.0
0.14400,0.25500,0.0
0.19800,0.25500,0.0
-0.31500,0.25500,0.0
0.15300,0.25500,0.0
0.64500,0.25500,0.0
-0.35400,0.25500,0.0
0.16200,0.25500,0.0
0.32100,0.25500,0.0
-0.61500,0.25500,0.0
-0.15000,0.25500,0.0
-0.21900,0.25500,0.0
-0.36900,0.25500,0.0
0.45300,0.25500,0.0
0.13500,0.25500,0.0
0.30600,0.25500,0.0
0.30000,0.25500,0.0
0.44400,0.25500,0.0
-0.14700,0.25500,0.0
-0.56400,0.25500,0.0
0.42900,0.25500,0.0
0.24600,0.25500,0.0
-0.30900,0.25205,0.0
0.24900,0.25205,0.0
-0.25200,0.25205,0.0
0.60900,0.25205,0.0
-0.36600,0.25205,0.0
-0.57900,0.25205,0.0
-0.31200,0.25205,0.0
0.64500,0.25205,0.0
-0.34500,0.25205,0.0
-0.67200,0.25205,0.0
0.19500,0.25205,0.0
-0.63300,0.25205,0.0
0.63900,0.25205,0.0
-0.33300,0.25205,0.0
-0.24300,0.25205,0.0
0.28500,0.25205,0.0
-0.61800,0.25205,0.0
-0.21900,0.25205,0.0
0.46200,0.25205,0.0
0.18900,0.25205,0.0
0.45600,0.25205,0.0
-0.26400,0.25205,0.0
0.06900,0.25205,0.0
0.16200,0.25205,0.0
0.47100,0.25205,0.0
0.29100,0.25205,0.0
0.47700,0.25205,0.0
0.45000,0.25205,0.0
0.65100,0.25205,0.0
-0.25500,0.25205,0.0
-0.34800,0.25205,0.0
0.19200,0.25205,0.0
-0.36300,0.25205,0.0
-0.21300,0.25205,0.0
0.26100,0.25205,0.0
-0.32700,0.25205,0.0
-0.37500,0.25205,0.0
-0.44700,0.25205,0.0
0.46500,0.25205,0.0
0.20100,0.25205,0.0
-0.27300,0.25205,0.0
0.27600,0.25205,0.0
0.13800,0.25205,0.0
-0.24000,0.24910,0.0
-0.17700,0.24910,0.0
-0.61200,0.24910,0.0
0.10500,0.24910,0.0
-0.20100,0.24910,0.0
0.25500,0.24910,0.0
-0.27300,0.24910,0.0
-0.59100,0.24910,0.0
-0.25200,0.24910,0.0
-0.29700,0.24910,0.0
0.07500,0.24910,0.0
0.27900,0.24910,0.0
-0.39000,0.24910,0.0
0.61200,0.24910,0.0
0.15900,0.24910,0.0
0.22500,0.24910,0.0
0.46500,0.24910,0.0
0.17700,0.24910,0.0
-0.66600,0.24910,0.0
-0.17100,0.24910,0.0
0.49200,0.24910,0.0
-0.18900,0.24910,0.0
-0.63600,0.24910,0.0
-0.59700,0.24910,0.0
-0.10200,0.24910,0.0
-0.13200,0.24910,0.0
-0.33900,0.24910,0.0
-0.15300,0.24910,0.0
0.24300,0.24910,0.0
0.20100,0.24910,0.0
-0.28500,0.24910,0.0
-0.24600,0.24910,0.0
0.15300,0.24910,0.0
-0.65400,0.24910,0.0
0.14100,0.24910,0.0
0.49500,0.24910,0.0
0.12000,0.24910,0.0
-0.67800,0.24910,0.0
0.27600,0.24910,0.0
-0.18600,0.24910,0.0
-0.32400,0.24910,0.0
-0.16200,0.24910,0.0
0.22200,0.24910,0.0
0.64800,0.24910,0.0
-0.30900,0.24910,0.0
0.24600,0.24910,0.0
-0.36900,0.24910,0.0
0.28500,0.24910,0.0
0.21600,0.24910,0.0
0.10800,0.24910,0.0
-0.57900,0.24910,0.0
-0.43500,0.24910,0.0
0.57600,0.24910,0.0
-0.62100,0.24910,0.0
0.64200,0.24616,0.0
0.13500,0.24616,0.0
-0.28200,0.24616,0.0
-0.31500,0.24616,0.0
0.27600,0.24616,0.0
-0.38400,0.24616,0.0
-0.33900,0.24616,0.0
0.12300,0.24616,0.0
-0.56700,0.24616,0.0
-0.15600,0.24616,0.0
-0.38100,0.24616,0.0
0.63300,0.24616,0.0
-0.67500,0.24616,0.0
-0.22800,0.24616,0.0
-0.13800,0.24616,0.0
-0.15000,0.24616,0.0
-0.43200,0.24616,0.0
-0.40200,0.24616,0.0
-0.45600,0.24616,0.0
-0.21000,0.24616,0.0
-0.25500,0.24616,0.0
-0.30300,0.24616,0.0
-0.63600,0.24616,0.0
0.13200,0.24616,0.0
-0.46200,0.24616,0.0
0.58200,0.24616,0.0
-0.56400,0.24616,0.0
-0.07500,0.24616,0.0
-0.32100,0.24616,0.0
-0.30600,0.24616,0.0
0.45600,0.24616,0.0
-0.29100,0.24616,0.0
-0.60900,0.24616,0.0
-0.30000,0.24616,0.0
0.22500,0.24616,0.0
0.26700,0.24616,0.0
0.09600,0.24616,0.0
-0.09000,0.24616,0.0
0.49500,0.24616,0.0
0.62700,0.24616,0.0
-0.10200,0.24616,0.0
0.18900,0.24616,0.0
-0.59400,0.24616,0.0
-0.34800,0.24616,0.0
-0.27000,0.24616,0.0
-0.43500,0.24616,0.0
-0.39000,0.24616,0.0
-0.22200,0.24616,0.0
0.48600,0.24616,0.0
-0.60000,0.24616,0.0
-0.59100,0.24616,0.0
-0.45000,0.24616,0.0
-0.29400,0.24616,0.0
-0.18300,0.24616,0.0
-0.57900,0.24616,0.0
0.61200,0.24616,0.0
-0.59700,0.24616,0.0
0.11700,0.24616,0.0
0.28200,0.24616,0.0
0.23700,0.24616,0.0
0.48900,0.24616,0.0
0.23400,0.24321,0.0
-0.22500,0.24321,0.0
0.21300,0.24321,0.0
-0.21300,0.24321,0.0
-0.34200,0.24321,0.0
-0.11700,0.24321,0.0
-0.20100,0.24321,0.0
-0.38100,0.24321,0.0
0.03000,0.24321,0.0
-0.44400,0.24321,0.0
-0.40800,0.24321,0.0
-0.65400,0.24321,0.0
0.60600,0.24321,0.0
-0.18300,0.24321,0.0
0.07200,0.24321,0.0
-0.32700,0.24321,0.0
0.44100,0.24321,0.0
0.24000,0.24321,0.0
-0.29700,0.24321,0.0
-0.63300,0.24321,0.0
-0.28500,0.24321,0.0
-0.34500,0.24321,0.0
0.58200,0.24321,0.0
0.17400,0.24321,0.0
-0.13800,0.24321,0.0
-0.67500,0.24321,0.0
-0.12900,0.24321,0.0
0.63000,0.24321,0.0
-0.34800,0.24321,0.0
-0.28200,0.24321,0.0
0.62400,0.24321,0.0
-0.19500,0.24321,0.0
-0.14100,0.24321,0.0
-0.18600,0.24321,0.0
0.64500,0.24321,0.0
-0.31200,0.24321,0.0
-0.18000,0.24321,0.0
-0.28800,0.24321,0.0
-0.66300,0.24321,0.0
0.63600,0.24321,0.0
-0.13200,0.24321,0.0
-0.27300,0.24321,0.0
0.49500,0.24321,0.0
-0.26400,0.24321,0.0
-0.11100,0.24321,0.0
0.59700,0.24321,0.0
0.45600,0.24321,0.0
-0.37800,0.24321,0.0
-0.12600,0.24321,0.0
-0.39900,0.24026,0.0
-0.35100,0.24026,0.0
0.44100,0.24026,0.0
-0.32400,0.24026,0.0
-0.67800,0.24026,0.0
0.48300,0.24026,0.0
-0.62400,0.24026,0.0
-0.45300,0.24026,0.0
-0.42900,0.24026,0.0
0.49500,0.24026,0.0
0.57600,0.24026,0.0
-0.25200,0.24026,0.0
0.63600,0.24026,0.0
-0.37800,0.24026,0.0
-0.65700,0.24026,0.0
-0.10500,0.24026,0.0
-0.43200,0.24026,0.0
-0.34800,0.24026,0.0
-0.34200,0.24026,0.0
-0.63000,0.24026,0.0
-0.44100,0.24026,0.0
0.12900,0.24026,0.0
-0.14100,0.24026,0.0
-0.15300,0.24026,0.0
-0.20700,0.24026,0.0
-0.36300,0.24026,0.0
0.13800,0.24026,0.0
0.44400,0.24026,0.0
-0.25500,0.24026,0.0
0.10800,0.24026,0.0
-0.29400,0.24026,0.0
-0.22500,0.24026,0.0
-0.27900,0.24026,0.0
0.60600,0.24026,0.0
-0.36000,0.24026,0.0
-0.26700,0.24026,0.0
-0.37200,0.24026,0.0
0.27000,0.24026,0.0
0.14700,0.24026,0.0
-0.57600,0.24026,0.0
-0.14700,0.24026,0.0
-0.38700,0.24026,0.0
-0.23100,0.24026,0.0
-0.44400,0.24026,0.0
0.60900,0.24026,0.0
0.20400,0.23731,0.0
-0.45300,0.23731,0.0
0.13200,0.23731,0.0
-0.58200,0.23731,0.0
0.12900,0.23731,0.0
-0.67200,0.23731,0.0
-0.27900,0.23731,0.0
-0.39600,0.23731,0.0
0.23100,0.23731,0.0
-0.21600,0.23731,0.0
-0.19800,0.23731,0.0
-0.29100,0.23731,0.0
0.61200,0.23731,0.0
0.63000,0.23731,0.0
0.63300,0.23731,0.0
0.14700,0.23731,0.0
-0.39300,0.23731,0.0
-0.56700,0.23731,0.0
-0.19500,0.23731,0.0
0.22500,0.23731,0.0
0.22200,0.23731,0.0
0.49800,0.23731,0.0
0.20100,0.23731,0.0
-0.64500,0.23731,0.0
-0.23100,0.23731,0.0
-0.39900,0.23731,0.0
0.50700,0.23731,0.0
-0.60900,0.23731,0.0
-0.11700,0.23731,0.0
-0.16200,0.23731,0.0
-0.11100,0.23731,0.0
0.65400,0.23731,0.0
-0.15600,0.23731,0.0
-0.26400,0.23731,0.0
-0.43200,0.23731,0.0
0.07200,0.23731,0.0
-0.65100,0.23731,0.0
-0.08700,0.23731,0.0
0.03000,0.23731,0.0
-0.21000,0.23731,0.0
-0.27300,0.23731,0.0
0.16200,0.23731,0.0
0.18300,0.23731,0.0
-0.42600,0.23731,0.0
-0.33600,0.23731,0.0
-0.34800,0.23731,0.0
-0.35400,0.23731,0.0
0.62700,0.23731,0.0
0.21900,0.23731,0.0
-0.13200,0.23436,0.0
-0.33600,0.23436,0.0
-0.33000,0.23436,0.0
-0.18600,0.23436,0.0
0.60900,0.23436,0.0
-0.22500,0.23436,0.0
-0.26400,0.23436,0.0
-0.45000,0.23436,0.0
-0.41700,0.23436,0.0
0.24000,0.23436,0.0
-0.12000,0.23436,0.0
-0.19500,0.23436,0.0
0.16200,0.23436,0.0
0.24600,0.23436,0.0
-0.57300,0.23436,0.0
-0.21600,0.23436,0.0
-0.22800,0.23436,0.0
-0.35400,0.23436,0.0
-0.59400,0.23436,0.0
-0.36300,0.23436,0.0
-0.32400,0.23436,0.0
-0.18300,0.23436,0.0
0.22800,0.23436,0.0
-0.29400,0.23436,0.0
0.16800,0.23436,0.0
-0.61800,0.23436,0.0
0.14700,0.23436,0.0
-0.13500,0.23436,0.0
0.19500,0.23436,0.0
0.23400,0.23436,0.0
-0.27300,0.23436,0.0
-0.10500,0.23436,0.0
-0.08100,0.23436,0.0
0.65100,0.23436,0.0
0.13800,0.23436,0.0
-0.21000,0.23436,0.0
-0.11700,0.23436,0.0
0.18600,0.23436,0.0
0.57900,0.23436,0.0
-0.20400,0.23436,0.0
-0.36900,0.23436,0.0
0.58800,0.23436,0.0
-0.66900,0.23436,0.0
0.47400,0.23436,0.0
-0.20100,0.23436,0.0
-0.45900,0.23436,0.0
0.12300,0.23436,0.0
-0.10500,0.23142,0.0
-0.11700,0.23142,0.0
-0.28500,0.23142,0.0
-0.10800,0.23142,0.0
0.58800,0.23142,0.0
0.59700,0.23142,0.0
0.60900,0.23142,0.0
-0.65100,0.23142,0.0
-0.07200,0.23142,0.0
-0.27600,0.23142,0.0
-0.21600,0.23142,0.0
0.62400,0.23142,0.0
-0.23100,0.23142,0.0
-0.16800,0.23142,0.0
-0.33300,0.23142,0.0
0.14100,0.23142,0.0
-0.01800,0.23142,0.0
-0.67200,0.23142,0.0
-0.59700,0.23142,0.0
-0.42600,0.23142,0.0
-0.20100,0.23142,0.0
0.09600,0.23142,0.0
0.10200,0.23142,0.0
0.12600,0.23142,0.0
-0.04200,0.23142,0.0
-0.18900,0.23142,0.0
-0.46500,0.23142,0.0
-0.41400,0.23142,0.0
-0.12300,0.23142,0.0
-0.56400,0.23142,0.0
0.63300,0.23142,0.0
0.58200,0.23142,0.0
0.18000,0.23142,0.0
-0.22500,0.23142,0.0
0.24900,0.23142,0.0
-0.20700,0.23142,0.0
-0.35100,0.23142,0.0
-0.23700,0.23142,0.0
-0.17700,0.23142,0.0
-0.66600,0.23142,0.0
-0.63900,0.23142,0.0
-0.59100,0.23142,0.0
-0.19800,0.23142,0.0
0.24000,0.23142,0.0
0.07800,0.23142,0.0
0.17400,0.23142,0.0
0.58500,0.23142,0.0
-0.11100,0.22847,0.0
-0.66600,0.22847,0.0
-0.05100,0.22847,0.0
-0.07200,0.22847,0.0
0.19500,0.22847,0.0
-0.57600,0.22847,0.0
0.18000,0.22847,0.0
-0.26700,0.22847,0.0
-0.35100,0.22847,0.0
-0.61800,0.22847,0.0
-0.09300,0.22847,0.0
0.21300,0.22847,0.0
-0.12000,0.22847,0.0
-0.62100,0.22847,0.0
-0.59700,0.22847,0.0
-0.26100,0.22847,0.0
-0.13200,0.22847,0.0
-0.38100,0.22847,0.0
-0.15900,0.22847,0.0
-0.59100,0.22847,0.0
-0.57000,0.22847,0.0
-0.64800,0.22847,0.0
-0.16500,0.22847,0.0
0.60900,0.22847,0.0
-0.36300,0.22847,0.0
0.24000,0.22847,0.0
-0.23400,0.22847,0.0
-0.16200,0.22847,0.0
-0.57300,0.22847,0.0
-0.39300,0.22847,0.0
0.07800,0.22847,0.0
-0.33900,0.22847,0.0
-0.27300,0.22552,0.0
0.12300,0.22552,0.0
-0.41100,0.22552,0.0
-0.10200,0.22552,0.0
-0.43800,0.22552,0.0
-0.39000,0.22552,0.0
-0.33900,0.22552,0.0
0.12900,0.22552,0.0
-0.65100,0.22552,0.0
-0.17700,0.22552,0.0
-0.34200,0.22552,0.0
0.15000,0.22552,0.0
-0.60000,0.22552,0.0
-0.29100,0.22552,0.0
-0.13200,0.22552,0.0
-0.56700,0.22552,0.0
0.03900,0.22552,0.0
-0.19500,0.22552,0.0
-0.45300,0.22552,0.0
-0.29700,0.22552,0.0
-0.14100,0.22552,0.0
-0.12900,0.22552,0.0
-0.21000,0.22552,0.0
-0.17400,0.22552,0.0
-0.25800,0.22552,0.0
-0.20700,0.22552,0.0
0.15600,0.22552,0.0
-0.10800,0.22552,0.0
-0.46500,0.22552,0.0
-0.07500,0.22552,0.0
0.13200,0.22552,0.0
-0.39900,0.22552,0.0
0.13800,0.22552,0.0
-0.36000,0.22552,0.0
-0.62100,0.22552,0.0
-0.11400,0.22552,0.0
-0.58200,0.22552,0.0
-0.05100,0.22552,0.0
-0.21900,0.22552,0.0
-0.30900,0.22552,0.0
-0.63600,0.22552,0.0
-0.14700,0.22552,0.0
-0.15600,0.22552,0.0
-0.13500,0.22552,0.0
-0.45900,0.22552,0.0
0.19500,0.22552,0.0
-0.39300,0.22257,0.0
0.50700,0.22257,0.0
0.21300,0.22257,0.0
-0.04800,0.22257,0.0
0.62100,0.22257,0.0
-0.14100,0.22257,0.0
0.13800,0.22257,0.0
0.00000,0.22257,0.0
0.11100,0.22257,0.0
0.17100,0.22257,0.0
-0.20700,0.22257,0.0
-0.60000,0.22257,0.0
-0.09600,0.22257,0.0
-0.35100,0.22257,0.0
-0.40200,0.22257,0.0
-0.23100,0.22257,0.0
-0.57300,0.22257,0.0
0.14700,0.22257,0.0
0.15000,0.22257,0.0
0.04200,0.22257,0.0
-0.59100,0.22257,0.0
0.12900,0.22257,0.0
0.13200,0.22257,0.0
0.66300,0.22257,0.0
-0.23400,0.22257,0.0
-0.39600,0.22257,0.0
0.21900,0.22257,0.0
-0.63300,0.22257,0.0
-0.21300,0.22257,0.0
-0.07500,0.22257,0.0
-0.34200,0.22257,0.0
0.50400,0.22257,0.0
-0.43500,0.22257,0.0
-0.15600,0.22257,0.0
-0.32700,0.22257,0.0
0.58800,0.22257,0.0
0.00300,0.22257,0.0
-0.11700,0.22257,0.0
0.60000,0.22257,0.0
-0.34800,0.22257,0.0
0.62700,0.22257,0.0
0.23100,0.22257,0.0
-0.66300,0.22257,0.0
-0.67200,0.22257,0.0
-0.21900,0.21962,0.0
-0.41100,0.21962,0.0
0.66300,0.21962,0.0
-0.65100,0.21962,0.0
0.61800,0.21962,0.0
0.63300,0.21962,0.0
-0.17400,0.21962,0.0
-0.24000,0.21962,0.0
-0.42000,0.21962,0.0
-0.12300,0.21962,0.0
-0.46800,0.21962,0.0
-0.59700,0.21962,0.0
0.61500,0.21962,0.0
-0.56700,0.21962,0.0
-0.66300,0.21962,0.0
0.19200,0.21962,0.0
0.15300,0.21962,0.0
-0.67200,0.21962,0.0
0.12600,0.21962,0.0
-0.43200,0.21962,0.0
0.11100,0.21962,0.0
-0.38700,0.21962,0.0
-0.03600,0.21962,0.0
-0.43500,0.21962,0.0
-0.61800,0.21962,0.0
-0.57900,0.21962,0.0
-0.40800,0.21962,0.0
-0.61200,0.21962,0.0
0.08400,0.21962,0.0
-0.35700,0.21962,0.0
0.59100,0.21962,0.0
-0.40500,0.21962,0.0
0.10500,0.21962,0.0
-0.61500,0.21962,0.0
-0.33300,0.21962,0.0
-0.16500,0.21962,0.0
-0.37200,0.21962,0.0
-0.64500,0.21962,0.0
0.63000,0.21962,0.0
0.00000,0.21962,0.0
0.60000,0.21962,0.0
-0.64200,0.21962,0.0
-0.40500,0.21668,0.0
-0.42600,0.21668,0.0
-0.61200,0.21668,0.0
0.15300,0.21668,0.0
-0.14700,0.21668,0.0
0.60600,0.21668,0.0
0.19500,0.21668,0.0
0.02400,0.21668,0.0
-0.63900,0.21668,0.0
-0.39900,0.21668,0.0
0.60300,0.21668,0.0
-0.62400,0.21668,0.0
-0.10500,0.21668,0.0
-0.24000,0.21668,0.0
0.16800,0.21668,0.0
0.49500,0.21668,0.0
0.20400,0.21668,0.0
-0.57600,0.21668,0.0
-0.10800,0.21668,0.0
-0.57900,0.21668,0.0
0.10500,0.21668,0.0
-0.21900,0.21668,0.0
-0.64800,0.21668,0.0
0.57900,0.21668,0.0
-0.38400,0.21668,0.0
-0.03600,0.21668,0.0
-0.16200,0.21668,0.0
-0.60900,0.21668,0.0
-0.17400,0.21668,0.0
-0.06000,0.21668,0.0
-0.22800,0.21668,0.0
-0.21900,0.21373,0.0
-0.46200,0.21373,0.0
-0.57000,0.21373,0.0
-0.13200,0.21373,0.0
-0.41400,0.21373,0.0
-0.22500,0.21373,0.0
0.11400,0.21373,0.0
-0.06000,0.21373,0.0
-0.19800,0.21373,0.0
0.02700,0.21373,0.0
-0.45000,0.21373,0.0
0.63300,0.21373,0.0
-0.58500,0.21373,0.0
0.00600,0.21373,0.0
-0.18600,0.21373,0.0
0.10500,0.21373,0.0
-0.42000,0.21373,0.0
-0.45300,0.21373,0.0
-0.57300,0.21373,0.0
0.59400,0.21373,0.0
-0.44100,0.21373,0.0
-0.62400,0.21373,0.0
-0.14100,0.21373,0.0
-0.12000,0.21373,0.0
0.14700,0.21373,0.0
-0.19200,0.21373,0.0
0.15000,0.21373,0.0
-0.60600,0.21373,0.0
-0.67500,0.21373,0.0
0.49200,0.21373,0.0
0.59100,0.21373,0.0
-0.65700,0.21373,0.0
-0.38700,0.21373,0.0
0.66900,0.21373,0.0
-0.45600,0.21078,0.0
-0.41400,0.21078,0.0
0.58200,0.21078,0.0
-0.60900,0.21078,0.0
-0.40800,0.21078,0.0
-0.20100,0.21078,0.0
-0.65700,0.21078,0.0
-0.45300,0.21078,0.0
0.15300,0.21078,0.0
0.16500,0.21078,0.0
-0.62700,0.21078,0.0
-0.19800,0.21078,0.0
-0.42000,0.21078,0.0
0.58500,0.21078,0.0
-0.09000,0.21078,0.0
-0.43800,0.21078,0.0
0.60600,0.21078,0.0
-0.21000,0.21078,0.0
-0.15600,0.21078,0.0
-0.11100,0.21078,0.0
0.60300,0.21078,0.0
0.13200,0.21078,0.0
0.66900,0.21078,0.0
-0.12900,0.21078,0.0
0.05100,0.21078,0.0
-0.56700,0.21078,0.0
-0.57000,0.21078,0.0
-0.13500,0.21078,0.0
0.58800,0.21078,0.0
-0.15900,0.21078,0.0
0.02400,0.20783,0.0
-0.13500,0.20783,0.0
-0.66300,0.20783,0.0
-0.62700,0.20783,0.0
-0.61200,0.20783,0.0
0.66900,0.20783,0.0
-0.20100,0.20783,0.0
0.09900,0.20783,0.0
-0.19500,0.20783,0.0
-0.10500,0.20783,0.0
-0.19200,0.20783,0.0
-0.59700,0.20783,0.0
-0.07500,0.20783,0.0
0.63000,0.20783,0.0
-0.16800,0.20783,0.0
-0.12600,0.20783,0.0
-0.18300,0.20783,0.0
-0.15300,0.20783,0.0
-0.68100,0.20783,0.0
0.30900,0.20783,0.0
-0.17100,0.20783,0.0
-0.44700,0.20783,0.0
-0.11700,0.20783,0.0
0.61500,0.20783,0.0
-0.14700,0.20783,0.0
-0.57300,0.20783,0.0
0.61800,0.20783,0.0
0.58500,0.20488,0.0
-0.10800,0.20488,0.0
-0.42900,0.20488,0.0
0.10200,0.20488,0.0
-0.57300,0.20488,0.0
-0.12000,0.20488,0.0
-0.60600,0.20488,0.0
-0.64200,0.20488,0.0
0.60900,0.20488,0.0
0.01800,0.20488,0.0
-0.16200,0.20488,0.0
0.28800,0.20488,0.0
0.59700,0.20488,0.0
0.67200,0.20488,0.0
0.67500,0.20488,0.0
-0.63600,0.20488,0.0
-0.59400,0.20488,0.0
-0.45600,0.20488,0.0
-0.44400,0.20488,0.0
0.59400,0.20488,0.0
-0.47400,0.20488,0.0
0.60000,0.20488,0.0
-0.40500,0.20488,0.0
0.29400,0.20488,0.0
-0.41700,0.20488,0.0
0.27600,0.20194,0.0
0.60300,0.20194,0.0
0.13500,0.20194,0.0
0.31800,0.20194,0.0
-0.11700,0.20194,0.0
0.58200,0.20194,0.0
-0.62700,0.20194,0.0
0.33600,0.20194,0.0
0.11100,0.20194,0.0
-0.60300,0.20194,0.0
-0.09900,0.20194,0.0
0.31500,0.20194,0.0
0.33300,0.20194,0.0
0.27000,0.20194,0.0
-0.60600,0.20194,0.0
0.32700,0.20194,0.0
-0.10800,0.20194,0.0
0.67200,0.20194,0.0
-0.08700,0.20194,0.0
0.60900,0.20194,0.0
0.31200,0.20194,0.0
-0.14100,0.20194,0.0
-0.45000,0.20194,0.0
-0.46800,0.20194,0.0
0.34200,0.19899,0.0
-0.57600,0.19899,0.0
0.33900,0.19899,0.0
-0.64500,0.19899,0.0
-0.61200,0.19899,0.0
-0.13500,0.19899,0.0
-0.45900,0.19899,0.0
0.26400,0.19899,0.0
-0.12900,0.19899,0.0
0.57900,0.19899,0.0
-0.10800,0.19899,0.0
-0.58200,0.19899,0.0
-0.43200,0.19899,0.0
0.28500,0.19899,0.0
0.09900,0.19899,0.0
-0.42900,0.19899,0.0
-0.12000,0.19899,0.0
-0.61500,0.19899,0.0
-0.46800,0.19899,0.0
-0.44100,0.19899,0.0
-0.64800,0.19899,0.0
-0.68700,0.19899,0.0
0.67800,0.19899,0.0
0.22500,0.19604,0.0
-0.63000,0.19604,0.0
0.23100,0.19604,0.0
-0.47100,0.19604,0.0
0.36300,0.19604,0.0
-0.42900,0.19604,0.0
-0.60300,0.19604,0.0
-0.12300,0.19604,0.0
0.59700,0.19604,0.0
0.66000,0.19604,0.0
0.24000,0.19604,0.0
-0.44100,0.19604,0.0
-0.62700,0.19604,0.0
-0.11400,0.19604,0.0
-0.09300,0.19604,0.0
-0.64800,0.19604,0.0
-0.63600,0.19309,0.0
0.23100,0.19309,0.0
0.58200,0.19309,0.0
0.37200,0.19309,0.0
-0.08400,0.19309,0.0
0.65100,0.19309,0.0
-0.59100,0.19309,0.0
-0.62100,0.19309,0.0
-0.10200,0.19309,0.0
0.65700,0.19309,0.0
-0.46500,0.19309,0.0
-0.13500,0.19309,0.0
-0.43500,0.19309,0.0
-0.41700,0.19309,0.0
0.23700,0.19309,0.0
-0.61800,0.19309,0.0
0.29400,0.19309,0.0
-0.07200,0.19309,0.0
-0.64800,0.19309,0.0
-0.60300,0.19014,0.0
0.65700,0.19014,0.0
-0.63600,0.19014,0.0
-0.42000,0.19014,0.0
0.67500,0.19014,0.0
0.21900,0.19014,0.0
-0.45600,0.19014,0.0
-0.62100,0.19014,0.0
-0.07800,0.19014,0.0
0.29400,0.19014,0.0
0.36000,0.19014,0.0
0.59400,0.19014,0.0
-0.08100,0.19014,0.0
0.29700,0.19014,0.0
0.27900,0.19014,0.0
0.64800,0.19014,0.0
0.38400,0.19014,0.0
-0.41700,0.19014,0.0
-0.57000,0.19014,0.0
-0.63300,0.18720,0.0
0.31500,0.18720,0.0
-0.60000,0.18720,0.0
-0.57900,0.18720,0.0
0.26100,0.18720,0.0
0.61800,0.18720,0.0
0.33000,0.18720,0.0
0.27300,0.18720,0.0
-0.62100,0.18720,0.0
0.61500,0.18720,0.0
0.37500,0.18720,0.0
0.28200,0.18720,0.0
0.29400,0.18720,0.0
-0.59700,0.18720,0.0
-0.59100,0.18720,0.0
-0.60300,0.18720,0.0
-0.06600,0.18720,0.0
0.25200,0.18720,0.0
-0.42300,0.18720,0.0
0.67800,0.18720,0.0
0.27000,0.18720,0.0
0.66000,0.18425,0.0
0.58200,0.18425,0.0
0.66300,0.18425,0.0
0.64800,0.18425,0.0
-0.59100,0.18425,0.0
0.19800,0.18425,0.0
0.34500,0.18425,0.0
-0.05100,0.18425,0.0
0.21000,0.18425,0.0
0.63000,0.18425,0.0
0.24600,0.18425,0.0
-0.58500,0.18425,0.0
0.12300,0.18425,0.0
0.32100,0.18425,0.0
0.33000,0.18425,0.0
0.63900,0.18425,0.0
0.59100,0.18425,0.0
0.65700,0.18425,0.0
-0.40800,0.18425,0.0
0.10200,0.18425,0.0
0.68100,0.18425,0.0
-0.40500,0.18425,0.0
0.11100,0.18425,0.0
-0.61800,0.18425,0.0
-0.63900,0.18425,0.0
0.27900,0.18425,0.0
-0.47700,0.18425,0.0
-0.44400,0.18425,0.0
0.61500,0.18130,0.0
-0.43200,0.18130,0.0
0.67500,0.18130,0.0
0.30900,0.18130,0.0
-0.59100,0.18130,0.0
0.28800,0.18130,0.0
-0.44700,0.18130,0.0
-0.61800,0.18130,0.0
0.34200,0.18130,0.0
0.34500,0.18130,0.0
0.60300,0.18130,0.0
0.64800,0.18130,0.0
-0.62100,0.18130,0.0
0.32700,0.18130,0.0
0.38400,0.18130,0.0
-0.58200,0.18130,0.0
0.31500,0.18130,0.0
0.60000,0.18130,0.0
0.27000,0.18130,0.0
0.33600,0.18130,0.0
0.38700,0.18130,0.0
0.23400,0.18130,0.0
-0.57900,0.18130,0.0
0.39600,0.18130,0.0
-0.45000,0.18130,0.0
0.40200,0.18130,0.0
0.22500,0.17835,0.0
0.58800,0.17835,0.0
0.63600,0.17835,0.0
0.68100,0.17835,0.0
0.62400,0.17835,0.0
-0.57600,0.17835,0.0
0.29100,0.17835,0.0
0.24900,0.17835,0.0
0.33300,0.17835,0.0
-0.61500,0.17835,0.0
0.39900,0.17835,0.0
-0.61800,0.17835,0.0
0.63900,0.17835,0.0
0.25800,0.17835,0.0
-0.69600,0.17835,0.0
0.31500,0.17835,0.0
0.22200,0.17835,0.0
-0.46500,0.17540,0.0
0.68100,0.17540,0.0
-0.20100,0.17540,0.0
-0.20700,0.17540,0.0
-0.45900,0.17540,0.0
0.25200,0.17540,0.0
0.60000,0.17540,0.0
0.19800,0.17540,0.0
-0.63900,0.17540,0.0
0.35700,0.17540,0.0
0.28500,0.17540,0.0
-0.57600,0.17540,0.0
-0.58800,0.17540,0.0
0.40200,0.17540,0.0
0.34200,0.17540,0.0
0.41100,0.17540,0.0
0.35400,0.17540,0.0
-0.60900,0.17540,0.0
-0.07500,0.17540,0.0
0.23700,0.17540,0.0
-0.69600,0.17540,0.0
0.64200,0.17246,0.0
-0.18900,0.17246,0.0
0.65400,0.17246,0.0
-0.59100,0.17246,0.0
0.40800,0.17246,0.0
-0.69600,0.17246,0.0
-0.67500,0.17246,0.0
-0.69900,0.17246,0.0
0.41700,0.17246,0.0
-0.24900,0.17246,0.0
0.40200,0.17246,0.0
0.24600,0.17246,0.0
0.59700,0.17246,0.0
0.61200,0.17246,0.0
0.61800,0.17246,0.0
-0.22800,0.17246,0.0
-0.19800,0.17246,0.0
-0.65700,0.17246,0.0
-0.58800,0.17246,0.0
0.33900,0.17246,0.0
-0.19200,0.17246,0.0
0.60900,0.17246,0.0
-0.70200,0.17246,0.0
-0.59400,0.17246,0.0
-0.58500,0.17246,0.0
0.21900,0.17246,0.0
0.30900,0.17246,0.0
0.27300,0.17246,0.0
-0.66300,0.17246,0.0
-0.65100,0.17246,0.0
-0.08100,0.17246,0.0
-0.22200,0.17246,0.0
0.23400,0.17246,0.0
0.30900,0.16951,0.0
-0.26100,0.16951,0.0
0.41700,0.16951,0.0
-0.58500,0.16951,0.0
0.25200,0.16951,0.0
0.31800,0.16951,0.0
0.24600,0.16951,0.0
-0.20100,0.16951,0.0
-0.18000,0.16951,0.0
-0.25500,0.16951,0.0
-0.68100,0.16951,0.0
-0.66900,0.16951,0.0
0.24900,0.16951,0.0
0.26100,0.16951,0.0
0.64800,0.16951,0.0
0.18000,0.16951,0.0
-0.27600,0.16951,0.0
0.68100,0.16951,0.0
0.40200,0.16951,0.0
-0.24600,0.16951,0.0
0.21900,0.16951,0.0
0.21300,0.16951,0.0
-0.21600,0.16951,0.0
-0.59100,0.16951,0.0
-0.25500,0.16656,0.0
-0.27600,0.16656,0.0
0.30900,0.16656,0.0
0.41100,0.16656,0.0
-0.28800,0.16656,0.0
-0.67500,0.16656,0.0
-0.25800,0.16656,0.0
-0.16800,0.16656,0.0
-0.18300,0.16656,0.0
-0.60000,0.16656,0.0
0.65100,0.16656,0.0
0.59700,0.16656,0.0
0.65700,0.16656,0.0
0.24300,0.16656,0.0
-0.61800,0.16656,0.0
-0.24000,0.16656,0.0
0.36300,0.16656,0.0
-0.17700,0.16656,0.0
0.25800,0.16656,0.0
0.38400,0.16656,0.0
-0.25200,0.16656,0.0
-0.58200,0.16656,0.0
-0.67800,0.16656,0.0
-0.68400,0.16656,0.0
0.61500,0.16656,0.0
-0.28500,0.16656,0.0
0.18600,0.16656,0.0
-0.09600,0.16656,0.0
-0.21000,0.16656,0.0
-0.69900,0.16656,0.0
0.40200,0.16656,0.0
0.23100,0.16656,0.0
0.37200,0.16656,0.0
0.58800,0.16656,0.0
0.35100,0.16656,0.0
0.36900,0.16656,0.0
-0.23400,0.16656,0.0
0.34800,0.16656,0.0
-0.27300,0.16656,0.0
0.20400,0.16361,0.0
-0.26400,0.16361,0.0
0.42300,0.16361,0.0
-0.66000,0.16361,0.0
0.20100,0.16361,0.0
0.27900,0.16361,0.0
-0.29100,0.16361,0.0
0.25800,0.16361,0.0
0.38400,0.16361,0.0
-0.09300,0.16361,0.0
-0.21900,0.16361,0.0
0.58500,0.16361,0.0
0.62100,0.16361,0.0
-0.19800,0.16361,0.0
-0.67200,0.16361,0.0
0.27600,0.16361,0.0
0.38100,0.16361,0.0
0.61800,0.16361,0.0
-0.66300,0.16361,0.0
0.32100,0.16361,0.0
0.21900,0.16361,0.0
-0.61500,0.16361,0.0
0.31200,0.16361,0.0
-0.31500,0.16361,0.0
-0.61800,0.16361,0.0
0.60900,0.16361,0.0
0.36900,0.16361,0.0
-0.25200,0.16361,0.0
-0.66600,0.16361,0.0
0.19500,0.16361,0.0
0.21600,0.16361,0.0
0.19200,0.16361,0.0
-0.17100,0.16361,0.0
0.68700,0.16066,0.0
-0.65100,0.16066,0.0
-0.58500,0.16066,0.0
-0.19500,0.16066,0.0
-0.15900,0.16066,0.0
-0.67200,0.16066,0.0
-0.60600,0.16066,0.0
0.39600,0.16066,0.0
0.19500,0.16066,0.0
-0.65700,0.16066,0.0
-0.25200,0.16066,0.0
-0.61500,0.16066,0.0
-0.68700,0.16066,0.0
-0.32700,0.16066,0.0
0.26100,0.16066,0.0
-0.62100,0.16066,0.0
0.27900,0.16066,0.0
-0.25500,0.16066,0.0
0.37200,0.16066,0.0
-0.27000,0.16066,0.0
0.61800,0.16066,0.0
-0.60000,0.16066,0.0
-0.28800,0.16066,0.0
0.30300,0.16066,0.0
0.60900,0.16066,0.0
-0.29700,0.16066,0.0
0.30000,0.16066,0.0
0.19200,0.16066,0.0
-0.18900,0.16066,0.0
0.38700,0.16066,0.0
0.39300,0.16066,0.0
0.29100,0.15772,0.0
0.20700,0.15772,0.0
0.58800,0.15772,0.0
-0.64800,0.15772,0.0
-0.15000,0.15772,0.0
0.29400,0.15772,0.0
-0.23400,0.15772,0.0
0.61200,0.15772,0.0
0.20400,0.15772,0.0
0.24600,0.15772,0.0
-0.18600,0.15772,0.0
0.24900,0.15772,0.0
-0.58800,0.15772,0.0
-0.70200,0.15772,0.0
-0.60000,0.15772,0.0
0.39300,0.15772,0.0
-0.66900,0.15772,0.0
-0.64500,0.15772,0.0
0.27000,0.15772,0.0
-0.32400,0.15772,0.0
0.39600,0.15772,0.0
0.31800,0.15772,0.0
-0.15900,0.15772,0.0
-0.28200,0.15772,0.0
0.42600,0.15772,0.0
-0.57600,0.15772,0.0
-0.14700,0.15772,0.0
-0.22800,0.15772,0.0
-0.58500,0.15772,0.0
-0.24900,0.15772,0.0
-0.24000,0.15772,0.0
0.18600,0.15772,0.0
-0.59100,0.15772,0.0
-0.30300,0.15477,0.0
-0.62400,0.15477,0.0
-0.26400,0.15477,0.0
0.25500,0.15477,0.0
-0.21900,0.15477,0.0
0.59700,0.15477,0.0
-0.61500,0.15477,0.0
0.39300,0.15477,0.0
-0.31800,0.15477,0.0
-0.30600,0.15477,0.0
0.27600,0.15477,0.0
0.32400,0.15477,0.0
-0.65700,0.15477,0.0
-0.23400,0.15477,0.0
0.18600,0.15477,0.0
0.30000,0.15477,0.0
0.29100,0.15477,0.0
0.19500,0.15477,0.0
0.40500,0.15477,0.0
-0.31500,0.15477,0.0
0.60900,0.15477,0.0
-0.68700,0.15477,0.0
0.60300,0.15477,0.0
-0.27600,0.15477,0.0
-0.60600,0.15477,0.0
-0.64800,0.15477,0.0
0.18900,0.15182,0.0
-0.27900,0.15182,0.0
0.42000,0.15182,0.0
0.25800,0.15182,0.0
0.28500,0.15182,0.0
-0.14400,0.15182,0.0
-0.70500,0.15182,0.0
0.44100,0.15182,0.0
0.39000,0.15182,0.0
0.30600,0.15182,0.0
-0.28200,0.15182,0.0
0.43200,0.15182,0.0
0.27000,0.15182,0.0
-0.36000,0.15182,0.0
0.37200,0.15182,0.0
-0.21900,0.15182,0.0
0.27900,0.15182,0.0
-0.33300,0.15182,0.0
-0.30600,0.15182,0.0
0.32700,0.15182,0.0
0.41400,0.15182,0.0
0.68700,0.15182,0.0
0.39600,0.15182,0.0
-0.14700,0.15182,0.0
-0.29100,0.15182,0.0
-0.31800,0.15182,0.0
-0.22200,0.15182,0.0
0.38700,0.15182,0.0
-0.18300,0.15182,0.0
0.37500,0.15182,0.0
-0.14100,0.15182,0.0
-0.67800,0.15182,0.0
0.66300,0.15182,0.0
0.30900,0.15182,0.0
0.60900,0.14887,0.0
0.30000,0.14887,0.0
-0.68400,0.14887,0.0
0.29100,0.14887,0.0
0.40500,0.14887,0.0
0.43200,0.14887,0.0
-0.33300,0.14887,0.0
-0.25500,0.14887,0.0
0.26400,0.14887,0.0
0.31800,0.14887,0.0
0.30900,0.14887,0.0
-0.23100,0.14887,0.0
-0.62400,0.14887,0.0
-0.20400,0.14887,0.0
0.42300,0.14887,0.0
-0.31800,0.14887,0.0
-0.36900,0.14887,0.0
0.68400,0.14887,0.0
0.59700,0.14887,0.0
0.60300,0.14887,0.0
-0.20100,0.14887,0.0
0.25200,0.14887,0.0
-0.27900,0.14887,0.0
-0.60600,0.14887,0.0
-0.21600,0.14887,0.0
0.32100,0.14887,0.0
-0.24600,0.14887,0.0
-0.30900,0.14887,0.0
-0.24000,0.14887,0.0
0.24300,0.14887,0.0
-0.16200,0.14887,0.0
-0.24900,0.14887,0.0
0.27300,0.14887,0.0
-0.60900,0.14887,0.0
0.40800,0.14887,0.0
0.39000,0.14887,0.0
0.29400,0.14887,0.0
-0.36600,0.14887,0.0
0.65700,0.14887,0.0
-0.35100,0.14887,0.0
-0.34200,0.14887,0.0
0.61800,0.14592,0.0
-0.30600,0.14592,0.0
0.59400,0.14592,0.0
0.24900,0.14592,0.0
-0.57600,0.14592,0.0
-0.27000,0.14592,0.0
-0.31500,0.14592,0.0
-0.30900,0.14592,0.0
-0.70800,0.14592,0.0
0.61500,0.14592,0.0
-0.34800,0.14592,0.0
-0.58200,0.14592,0.0
0.39900,0.14592,0.0
0.16500,0.14592,0.0
-0.61800,0.14592,0.0
0.60900,0.14592,0.0
-0.34500,0.14592,0.0
0.40800,0.14592,0.0
-0.16500,0.14592,0.0
0.61200,0.14592,0.0
0.24000,0.14592,0.0
-0.21300,0.14592,0.0
-0.59700,0.14592,0.0
-0.21900,0.14592,0.0
-0.70500,0.14592,0.0
0.17700,0.14592,0.0
-0.22200,0.14592,0.0
0.39000,0.14592,0.0
-0.17400,0.14592,0.0
-0.22800,0.14298,0.0
0.43200,0.14298,0.0
-0.36900,0.14298,0.0
-0.37800,0.14298,0.0
0.37500,0.14298,0.0
0.42900,0.14298,0.0
-0.27900,0.14298,0.0
-0.26400,0.14298,0.0
-0.58200,0.14298,0.0
0.41400,0.14298,0.0
-0.32700,0.14298,0.0
-0.24900,0.14298,0.0
-0.21000,0.14298,0.0
0.69000,0.14298,0.0
-0.14400,0.14298,0.0
0.27600,0.14298,0.0
-0.31200,0.14298,0.0
-0.21900,0.14298,0.0
0.32100,0.14298,0.0
0.42000,0.14298,0.0
0.25500,0.14298,0.0
0.61200,0.14298,0.0
-0.36600,0.14298,0.0
0.44700,0.14298,0.0
0.28200,0.14298,0.0
0.29700,0.14298,0.0
0.18000,0.14298,0.0
-0.15600,0.14298,0.0
-0.34200,0.14298,0.0
-0.61500,0.14298,0.0
0.65700,0.14298,0.0
0.16500,0.14298,0.0
0.40500,0.14298,0.0
0.60300,0.14298,0.0
-0.16200,0.14298,0.0
-0.60600,0.14298,0.0
-0.22200,0.14298,0.0
0.32400,0.14298,0.0
-0.17400,0.14298,0.0
0.17100,0.14298,0.0
0.59400,0.14298,0.0
-0.36300,0.14003,0.0
-0.22800,0.14003,0.0
0.30600,0.14003,0.0
-0.58200,0.14003,0.0
-0.33600,0.14003,0.0
0.17100,0.14003,0.0
-0.32400,0.14003,0.0
0.69000,0.14003,0.0
0.31500,0.14003,0.0
-0.35700,0.14003,0.0
-0.26700,0.14003,0.0
0.17700,0.14003,0.0
0.26400,0.14003,0.0
-0.38400,0.14003,0.0
-0.15000,0.14003,0.0
0.28800,0.14003,0.0
-0.32700,0.14003,0.0
-0.59700,0.14003,0.0
0.60900,0.14003,0.0
0.28500,0.14003,0.0
-0.15900,0.14003,0.0
-0.35100,0.14003,0.0
-0.23700,0.14003,0.0
-0.20700,0.14003,0.0
-0.59100,0.14003,0.0
-0.14100,0.14003,0.0
-0.25800,0.14003,0.0
-0.60300,0.13708,0.0
0.61800,0.13708,0.0
0.40800,0.13708,0.0
0.29400,0.13708,0.0
-0.23400,0.13708,0.0
-0.25200,0.13708,0.0
-0.39000,0.13708,0.0
0.37800,0.13708,0.0
0.59100,0.13708,0.0
-0.34800,0.13708,0.0
-0.14400,0.13708,0.0
0.29700,0.13708,0.0
0.25500,0.13708,0.0
-0.21300,0.13708,0.0
-0.14700,0.13708,0.0
0.31800,0.13708,0.0
-0.25500,0.13708,0.0
-0.37200,0.13708,0.0
-0.21900,0.13708,0.0
-0.20400,0.13708,0.0
-0.21000,0.13708,0.0
-0.13500,0.13708,0.0
-0.57600,0.13708,0.0
-0.37800,0.13708,0.0
-0.34500,0.13708,0.0
-0.35100,0.13708,0.0
-0.27600,0.13413,0.0
0.61200,0.13413,0.0
-0.60000,0.13413,0.0
0.30300,0.13413,0.0
-0.59700,0.13413,0.0
0.29100,0.13413,0.0
-0.34200,0.13413,0.0
0.17700,0.13413,0.0
-0.62700,0.13413,0.0
-0.15000,0.13413,0.0
-0.70800,0.13413,0.0
-0.24600,0.13413,0.0
0.41700,0.13413,0.0
-0.21300,0.13413,0.0
0.17100,0.13413,0.0
0.31500,0.13413,0.0
-0.61500,0.13413,0.0
0.27300,0.13413,0.0
0.60300,0.13413,0.0
-0.14100,0.13413,0.0
0.41400,0.13413,0.0
-0.60300,0.13413,0.0
-0.36000,0.13413,0.0
-0.39300,0.13413,0.0
-0.33600,0.13413,0.0
-0.22200,0.13413,0.0
-0.35400,0.13118,0.0
0.69000,0.13118,0.0
-0.37200,0.13118,0.0
-0.36300,0.13118,0.0
-0.39600,0.13118,0.0
-0.23700,0.13118,0.0
-0.24000,0.13118,0.0
-0.39300,0.13118,0.0
-0.58800,0.13118,0.0
0.16800,0.13118,0.0
-0.38700,0.13118,0.0
0.24900,0.13118,0.0
0.66300,0.13118,0.0
0.38100,0.13118,0.0
0.27900,0.13118,0.0
-0.69000,0.13118,0.0
0.17700,0.13118,0.0
0.15900,0.13118,0.0
0.29100,0.13118,0.0
0.15600,0.13118,0.0
-0.35700,0.13118,0.0
0.68700,0.13118,0.0
0.27300,0.13118,0.0
-0.34500,0.13118,0.0
0.26700,0.12824,0.0
0.27300,0.12824,0.0
0.28800,0.12824,0.0
0.38700,0.12824,0.0
0.25800,0.12824,0.0
-0.21900,0.12824,0.0
-0.27900,0.12824,0.0
0.37800,0.12824,0.0
-0.33300,0.12824,0.0
-0.20700,0.12824,0.0
-0.12600,0.12824,0.0
0.60000,0.12824,0.0
0.15600,0.12824,0.0
-0.61200,0.12824,0.0
-0.36900,0.12824,0.0
-0.22500,0.12824,0.0
-0.39600,0.12824,0.0
-0.34800,0.12824,0.0
-0.27600,0.12824,0.0
-0.28200,0.12824,0.0
0.25200,0.12824,0.0
0.59100,0.12824,0.0
-0.23700,0.12824,0.0
0.29700,0.12824,0.0
0.29700,0.12529,0.0
0.15600,0.12529,0.0
0.26100,0.12529,0.0
-0.35400,0.12529,0.0
-0.23700,0.12529,0.0
0.58800,0.12529,0.0
-0.13800,0.12529,0.0
0.59700,0.12529,0.0
-0.26400,0.12529,0.0
0.38400,0.12529,0.0
0.59100,0.12529,0.0
0.68700,0.12529,0.0
-0.57900,0.12529,0.0
-0.39600,0.12529,0.0
0.30300,0.12529,0.0
0.39300,0.12529,0.0
-0.25800,0.12529,0.0
0.37500,0.12529,0.0
-0.12300,0.12234,0.0
-0.36300,0.12234,0.0
0.60600,0.12234,0.0
-0.34200,0.12234,0.0
0.61800,0.12234,0.0
0.69000,0.12234,0.0
-0.35400,0.12234,0.0
-0.39000,0.12234,0.0
-0.59100,0.12234,0.0
0.25800,0.12234,0.0
-0.60300,0.12234,0.0
-0.35700,0.12234,0.0
0.15300,0.12234,0.0
-0.38700,0.12234,0.0
0.62100,0.12234,0.0
0.38400,0.12234,0.0
-0.34800,0.12234,0.0
-0.28200,0.12234,0.0
-0.71100,0.12234,0.0
0.66000,0.12234,0.0
-0.68400,0.12234,0.0
-0.25500,0.12234,0.0
-0.23100,0.12234,0.0
0.35700,0.11939,0.0
-0.23400,0.11939,0.0
0.34500,0.11939,0.0
-0.22500,0.11939,0.0
0.22200,0.11939,0.0
-0.68700,0.11939,0.0
-0.27000,0.11939,0.0
-0.59700,0.11939,0.0
0.38700,0.11939,0.0
-0.58500,0.11939,0.0
0.17700,0.11939,0.0
0.36900,0.11939,0.0
-0.22200,0.11939,0.0
-0.36000,0.11939,0.0
0.36600,0.11939,0.0
-0.58800,0.11939,0.0
0.27600,0.11939,0.0
-0.39000,0.11939,0.0
0.28200,0.11939,0.0
0.66000,0.11939,0.0
0.28800,0.11939,0.0
-0.12900,0.11939,0.0
-0.33600,0.11939,0.0
0.69000,0.11939,0.0
0.19200,0.11939,0.0
0.60000,0.11939,0.0
0.34800,0.11645,0.0
-0.69000,0.11645,0.0
0.59400,0.11645,0.0
-0.57600,0.11645,0.0
0.60600,0.11645,0.0
-0.35400,0.11645,0.0
0.60300,0.11645,0.0
0.17700,0.11645,0.0
-0.36600,0.11645,0.0
-0.21900,0.11645,0.0
0.33300,0.11645,0.0
-0.12900,0.11645,0.0
0.59700,0.11645,0.0
-0.22800,0.11645,0.0
-0.61800,0.11645,0.0
0.68700,0.11645,0.0
0.16500,0.11645,0.0
-0.59700,0.11645,0.0
0.62400,0.11645,0.0
0.31800,0.11350,0.0
-0.25800,0.11350,0.0
0.62400,0.11350,0.0
0.23100,0.11350,0.0
0.34800,0.11350,0.0
-0.60000,0.11350,0.0
0.18300,0.11350,0.0
0.26100,0.11350,0.0
-0.33000,0.11350,0.0
-0.58500,0.11350,0.0
0.19200,0.11350,0.0
0.23700,0.11350,0.0
-0.27000,0.11350,0.0
-0.23700,0.11350,0.0
-0.13200,0.11350,0.0
0.27000,0.11350,0.0
0.18900,0.11350,0.0
-0.60600,0.11350,0.0
0.66300,0.11350,0.0
0.27900,0.11350,0.0
-0.22800,0.11350,0.0
0.32100,0.11350,0.0
0.32400,0.11350,0.0
0.60900,0.11350,0.0
-0.25500,0.11350,0.0
-0.26100,0.11055,0.0
-0.57600,0.11055,0.0
0.31200,0.11055,0.0
-0.26700,0.11055,0.0
-0.16200,0.11055,0.0
0.24000,0.11055,0.0
0.24300,0.11055,0.0
-0.33300,0.11055,0.0
-0.14400,0.11055,0.0
-0.14700,0.11055,0.0
-0.11400,0.11055,0.0
-0.57900,0.11055,0.0
0.68700,0.11055,0.0
-0.71700,0.11055,0.0
-0.22200,0.11055,0.0
0.33900,0.11055,0.0
0.35100,0.11055,0.0
-0.33600,0.11055,0.0
-0.58500,0.11055,0.0
0.60300,0.11055,0.0
-0.12600,0.11055,0.0
0.68700,0.10760,0.0
0.61200,0.10760,0.0
0.69000,0.10760,0.0
0.60900,0.10760,0.0
-0.12000,0.10760,0.0
-0.12900,0.10760,0.0
-0.15300,0.10760,0.0
-0.11700,0.10760,0.0
-0.12300,0.10760,0.0
-0.25500,0.10760,0.0
-0.18300,0.10760,0.0
0.34200,0.10760,0.0
-0.14400,0.10760,0.0
-0.59700,0.10760,0.0
-0.61500,0.10760,0.0
0.61500,0.10760,0.0
0.65700,0.10465,0.0
-0.13200,0.10465,0.0
0.63000,0.10465,0.0
-0.13500,0.10465,0.0
-0.59700,0.10465,0.0
0.59100,0.10465,0.0
-0.32400,0.10465,0.0
0.15300,0.10465,0.0
-0.24300,0.10465,0.0
-0.31800,0.10465,0.0
-0.20400,0.10465,0.0
-0.17400,0.10465,0.0
0.68700,0.10465,0.0
-0.68400,0.10171,0.0
0.60900,0.10171,0.0
-0.11100,0.10171,0.0
-0.20400,0.10171,0.0
0.62100,0.10171,0.0
-0.59100,0.10171,0.0
-0.60600,0.10171,0.0
-0.22200,0.10171,0.0
0.27000,0.10171,0.0
-0.32400,0.10171,0.0
-0.30000,0.10171,0.0
-0.29400,0.10171,0.0
-0.32700,0.10171,0.0
0.59400,0.10171,0.0
-0.21000,0.10171,0.0
-0.19200,0.10171,0.0
0.69000,0.10171,0.0
0.66300,0.10171,0.0
-0.58500,0.10171,0.0
-0.58200,0.10171,0.0
0.25800,0.10171,0.0
-0.68700,0.09876,0.0
-0.71400,0.09876,0.0
-0.60300,0.09876,0.0
-0.21900,0.09876,0.0
-0.59100,0.09876,0.0
0.28800,0.09876,0.0
-0.68400,0.09876,0.0
-0.28200,0.09876,0.0
-0.28800,0.09876,0.0
0.62100,0.09876,0.0
0.66300,0.09876,0.0
-0.22800,0.09876,0.0
-0.60600,0.09876,0.0
0.26700,0.09581,0.0
0.22200,0.09581,0.0
0.60000,0.09581,0.0
0.28500,0.09581,0.0
-0.71700,0.09581,0.0
-0.59700,0.09581,0.0
0.68700,0.09581,0.0
0.59100,0.09581,0.0
0.61200,0.09581,0.0
-0.69000,0.09286,0.0
0.60600,0.09286,0.0
0.65700,0.09286,0.0
-0.30000,0.09286,0.0
0.21600,0.09286,0.0
-0.71400,0.09286,0.0
0.59700,0.09286,0.0
-0.59700,0.09286,0.0
-0.72000,0.09286,0.0
-0.58800,0.09286,0.0
-0.71700,0.09286,0.0
-0.60000,0.09286,0.0
-0.60000,0.08991,0.0
-0.17400,0.08991,0.0
0.59100,0.08991,0.0
-0.25800,0.08991,0.0
-0.59700,0.08991,0.0
0.59700,0.08991,0.0
0.66000,0.08991,0.0
-0.69000,0.08991,0.0
0.23700,0.08991,0.0
-0.28500,0.08991,0.0
-0.68400,0.08991,0.0
-0.16800,0.08991,0.0
-0.57900,0.08991,0.0
-0.17100,0.08991,0.0
0.60300,0.08991,0.0
0.22800,0.08991,0.0
-0.61200,0.08991,0.0
-0.61500,0.08697,0.0
0.59700,0.08697,0.0
-0.61200,0.08697,0.0
0.60300,0.08697,0.0
0.61200,0.08697,0.0
0.24000,0.08697,0.0
-0.59400,0.08697,0.0
0.24300,0.08697,0.0
0.23700,0.08697,0.0
-0.59700,0.08697,0.0
-0.68400,0.08402,0.0
-0.69000,0.08402,0.0
0.25800,0.08402,0.0
0.65700,0.08402,0.0
-0.61200,0.08402,0.0
-0.58200,0.08402,0.0
-0.58800,0.08402,0.0
0.26700,0.08402,0.0
-0.59400,0.08402,0.0
0.35400,0.08107,0.0
-0.60600,0.08107,0.0
0.25500,0.08107,0.0
-0.59400,0.08107,0.0
0.28200,0.08107,0.0
-0.19800,0.08107,0.0
0.26400,0.08107,0.0
0.62100,0.08107,0.0
0.34500,0.08107,0.0
-0.60000,0.08107,0.0
-0.71700,0.08107,0.0
-0.69000,0.07812,0.0
0.28500,0.07812,0.0
-0.58200,0.07812,0.0
0.65700,0.07812,0.0
0.34500,0.07812,0.0
-0.20100,0.07812,0.0
0.26700,0.07812,0.0
0.62100,0.07812,0.0
-0.58800,0.07812,0.0
0.27900,0.07812,0.0
0.33600,0.07812,0.0
0.34200,0.07812,0.0
0.33900,0.07812,0.0
0.27000,0.07812,0.0
0.60000,0.07812,0.0
0.28800,0.07517,0.0
0.27900,0.07517,0.0
0.68400,0.07517,0.0
0.59400,0.07517,0.0
0.31800,0.07517,0.0
-0.21300,0.07517,0.0
0.31500,0.07223,0.0
0.60000,0.07223,0.0
0.60600,0.07223,0.0
-0.71400,0.07223,0.0
0.66000,0.07223,0.0
-0.21900,0.07223,0.0
-0.72000,0.07223,0.0
0.65700,0.07223,0.0
-0.68400,0.07223,0.0
0.12900,0.07223,0.0
-0.69000,0.07223,0.0
-0.61500,0.06928,0.0
0.60000,0.06928,0.0
0.66000,0.06928,0.0
-0.60300,0.06928,0.0
-0.71700,0.06928,0.0
0.65700,0.06928,0.0
-0.68400,0.06928,0.0
0.60900,0.06928,0.0
0.68400,0.06928,0.0
0.60600,0.06633,0.0
0.61800,0.06633,0.0
-0.23700,0.06633,0.0
-0.58800,0.06633,0.0
-0.58200,0.06633,0.0
-0.25500,0.06633,0.0
-0.59400,0.06633,0.0
-0.60000,0.06633,0.0
-0.24900,0.06338,0.0
-0.59700,0.06338,0.0
-0.71400,0.06338,0.0
0.68400,0.06338,0.0
-0.28200,0.06338,0.0
-0.28200,0.06043,0.0
0.65700,0.06043,0.0
-0.27600,0.06043,0.0
-0.30000,0.06043,0.0
-0.29700,0.06043,0.0
-0.60900,0.05749,0.0
0.16200,0.05749,0.0
-0.61200,0.05749,0.0
-0.60000,0.05749,0.0
0.68100,0.05749,0.0
-0.68700,0.05749,0.0
-0.58200,0.05749,0.0
-0.71700,0.05749,0.0
-0.59100,0.05749,0.0
-0.71400,0.05749,0.0
-0.60000,0.05454,0.0
-0.58500,0.05454,0.0
0.68100,0.05454,0.0
0.66000,0.05454,0.0
0.16200,0.05454,0.0
-0.60300,0.05454,0.0
-0.60600,0.05454,0.0
0.61800,0.05454,0.0
0.61500,0.05159,0.0
0.60900,0.05159,0.0
-0.68100,0.04864,0.0
-0.71100,0.04569,0.0
-0.58500,0.04569,0.0
0.62100,0.04569,0.0
-0.58200,0.04569,0.0
0.62100,0.04275,0.0
0.60000,0.04275,0.0
-0.61500,0.04275,0.0
0.68400,0.04275,0.0
-0.60900,0.04275,0.0
0.61800,0.04275,0.0
-0.58800,0.04275,0.0
-0.68400,0.03980,0.0
-0.60000,0.03980,0.0
-0.59700,0.03980,0.0
-0.59100,0.03980,0.0
0.61800,0.03980,0.0
-0.61500,0.03980,0.0
-0.58800,0.03685,0.0
0.67800,0.03685,0.0
-0.68100,0.03685,0.0
0.66000,0.03685,0.0
0.61800,0.03390,0.0
0.61200,0.03390,0.0
0.67800,0.03390,0.0
-0.68400,0.03390,0.0
0.60300,0.03390,0.0
0.60000,0.03390,0.0
-0.70800,0.03390,0.0
0.62100,0.03390,0.0
-0.60000,0.03095,0.0
0.67800,0.03095,0.0
-0.71100,0.03095,0.0
-0.58800,0.03095,0.0
-0.60900,0.03095,0.0
0.66000,0.02801,0.0
-0.70800,0.02801,0.0
0.62100,0.02801,0.0
0.68100,0.02801,0.0
0.59700,0.02801,0.0
-0.70800,0.02506,0.0
0.66000,0.02506,0.0
0.67800,0.02506,0.0
-0.60600,0.02506,0.0
-0.60300,0.02506,0.0
-0.71100,0.02506,0.0
-0.68400,0.02506,0.0
-0.68100,0.02506,0.0
0.60600,0.02506,0.0
0.62100,0.02211,0.0
0.68100,0.02211,0.0
-0.60000,0.02211,0.0
0.67800,0.02211,0.0
0.60000,0.02211,0.0
0.61500,0.02211,0.0
-0.58500,0.02211,0.0
0.62400,0.02211,0.0
0.60300,0.01916,0.0
-0.71100,0.01916,0.0
0.60900,0.01916,0.0
0.60600,0.01916,0.0
-0.58800,0.01916,0.0
0.67800,0.01916,0.0
0.62400,0.01916,0.0
0.68400,0.01916,0.0
-0.59400,0.01916,0.0
-0.59100,0.01916,0.0
0.67800,0.01621,0.0
0.61500,0.01621,0.0
0.61800,0.01621,0.0
0.60600,0.01621,0.0
0.60600,0.01327,0.0
0.61800,0.01327,0.0
-0.58500,0.01327,0.0
0.60000,0.01327,0.0
0.67800,0.01327,0.0
0.66000,0.01327,0.0
-0.11100,0.01327,0.0
0.61800,0.01032,0.0
-0.60600,0.01032,0.0
-0.60300,0.01032,0.0
0.68100,0.01032,0.0
-0.58800,0.01032,0.0
0.60900,0.01032,0.0
0.60000,0.00737,0.0
-0.60900,0.00737,0.0
0.61500,0.00737,0.0
-0.60000,0.00737,0.0
-0.59700,0.00737,0.0
0.68100,0.00737,0.0
0.61800,0.00737,0.0
0.62100,0.00737,0.0
0.60300,0.00442,0.0
-0.60300,0.00442,0.0
0.67800,0.00442,0.0
-0.59100,0.00147,0.0
0.60900,0.00147,0.0
-0.67800,0.00147,0.0
-0.60300,0.00147,0.0
0.60600,0.00147,0.0
0.68100,0.00147,0.0
-0.60300,-0.00147,0.0
-0.60600,-0.00147,0.0
-0.59100,-0.00147,0.0
0.68400,-0.00147,0.0
-0.58200,-0.00147,0.0
0.60600,-0.00147,0.0
-0.60000,-0.00442,0.0
0.68100,-0.00442,0.0
0.66000,-0.00442,0.0
0.68100,-0.00737,0.0
-0.60900,-0.00737,0.0
0.61500,-0.00737,0.0
-0.60000,-0.00737,0.0
-0.60000,-0.01032,0.0
-0.60900,-0.01032,0.0
0.62400,-0.01327,0.0
-0.60000,-0.01327,0.0
0.60900,-0.01327,0.0
0.68100,-0.01327,0.0
-0.70200,-0.01327,0.0
0.65700,-0.01327,0.0
-0.67800,-0.01327,0.0
0.62700,-0.01327,0.0
-0.70800,-0.01327,0.0
0.61800,-0.01327,0.0
0.61800,-0.01621,0.0
-0.59700,-0.01621,0.0
-0.60000,-0.01621,0.0
-0.70500,-0.01621,0.0
0.60600,-0.01621,0.0
0.65700,-0.01621,0.0
-0.60900,-0.01621,0.0
-0.59100,-0.01621,0.0
-0.59700,-0.01916,0.0
-0.60600,-0.01916,0.0
0.60000,-0.01916,0.0
0.65400,-0.01916,0.0
0.60600,-0.01916,0.0
0.60900,-0.01916,0.0
0.60300,-0.01916,0.0
-0.60900,-0.01916,0.0
-0.70500,-0.01916,0.0
0.60900,-0.02211,0.0
0.61500,-0.02211,0.0
0.68100,-0.02211,0.0
0.60600,-0.02211,0.0
0.62100,-0.02506,0.0
-0.58500,-0.02506,0.0
-0.59700,-0.02506,0.0
-0.58200,-0.02506,0.0
0.65400,-0.02506,0.0
-0.70500,-0.02801,0.0
-0.70200,-0.02801,0.0
-0.59400,-0.02801,0.0
0.61800,-0.02801,0.0
0.60300,-0.02801,0.0
-0.59100,-0.02801,0.0
-0.60900,-0.02801,0.0
0.60900,-0.02801,0.0
-0.70200,-0.03095,0.0
0.64800,-0.03095,0.0
0.61500,-0.03095,0.0
0.61200,-0.03095,0.0
-0.70500,-0.03095,0.0
-0.58500,-0.03390,0.0
0.64800,-0.03390,0.0
-0.58200,-0.03390,0.0
-0.59700,-0.03390,0.0
0.61500,-0.03390,0.0
0.62400,-0.03390,0.0
0.60300,-0.03390,0.0
0.62700,-0.03685,0.0
0.64800,-0.03685,0.0
0.68100,-0.03685,0.0
0.68100,-0.03980,0.0
-0.59400,-0.03980,0.0
0.60900,-0.03980,0.0
-0.70500,-0.04275,0.0
-0.58500,-0.04275,0.0
-0.58800,-0.04275,0.0
0.61500,-0.04275,0.0
-0.59100,-0.04275,0.0
-0.60000,-0.04275,0.0
-0.70500,-0.04569,0.0
-0.60600,-0.04569,0.0
-0.60300,-0.04569,0.0
0.61800,-0.04569,0.0
-0.67200,-0.04864,0.0
-0.59400,-0.04864,0.0
-0.61800,-0.04864,0.0
0.62100,-0.04864,0.0
-0.61500,-0.05159,0.0
0.60600,-0.05159,0.0
-0.60900,-0.05159,0.0
-0.60300,-0.05454,0.0
-0.60000,-0.05454,0.0
0.60300,-0.05454,0.0
-0.58200,-0.05454,0.0
-0.61800,-0.05454,0.0
-0.58500,-0.05454,0.0
-0.59700,-0.05454,0.0
-0.60600,-0.05454,0.0
0.68700,-0.05454,0.0
-0.58800,-0.05454,0.0
-0.69900,-0.05749,0.0
-0.58500,-0.06043,0.0
-0.61800,-0.06043,0.0
-0.62100,-0.06043,0.0
0.61200,-0.06043,0.0
0.62100,-0.06043,0.0
0.61800,-0.06043,0.0
-0.61200,-0.06043,0.0
-0.60900,-0.06043,0.0
-0.66900,-0.06338,0.0
-0.59100,-0.06338,0.0
-0.58800,-0.06338,0.0
-0.59700,-0.06338,0.0
-0.61500,-0.06633,0.0
0.60900,-0.06633,0.0
0.61800,-0.06633,0.0
0.62400,-0.06633,0.0
0.60600,-0.06633,0.0
0.68100,-0.06633,0.0
-0.61200,-0.06633,0.0
0.61200,-0.06928,0.0
-0.58500,-0.06928,0.0
-0.57900,-0.06928,0.0
0.59400,-0.06928,0.0
0.62700,-0.06928,0.0
0.61800,-0.06928,0.0
-0.58800,-0.06928,0.0
0.68400,-0.07223,0.0
0.61200,-0.07223,0.0
-0.66900,-0.07223,0.0
0.59700,-0.07223,0.0
0.60600,-0.07223,0.0
-0.57900,-0.07223,0.0
-0.69900,-0.07223,0.0
0.63000,-0.07223,0.0
0.62700,-0.07223,0.0
-0.58500,-0.07517,0.0
-0.66600,-0.07517,0.0
0.61800,-0.07517,0.0
0.62400,-0.07517,0.0
-0.59700,-0.07517,0.0
-0.66300,-0.07517,0.0
0.63300,-0.07517,0.0
0.63000,-0.07812,0.0
-0.60300,-0.07812,0.0
0.68100,-0.07812,0.0
0.17700,-0.07812,0.0
-0.59400,-0.07812,0.0
-0.66300,-0.07812,0.0
-0.66300,-0.08107,0.0
-0.62400,-0.08107,0.0
-0.60300,-0.08107,0.0
0.67800,-0.08402,0.0
0.60000,-0.08402,0.0
-0.66300,-0.08402,0.0
0.63900,-0.08402,0.0
-0.59400,-0.08697,0.0
-0.58200,-0.08697,0.0
-0.69900,-0.08697,0.0
-0.59100,-0.08697,0.0
0.63000,-0.08697,0.0
0.60000,-0.08697,0.0
0.60300,-0.08697,0.0
0.61200,-0.08697,0.0
-0.69600,-0.08697,0.0
0.59700,-0.08697,0.0
0.68400,-0.08991,0.0
0.59100,-0.08991,0.0
-0.62700,-0.08991,0.0
0.68100,-0.08991,0.0
-0.70200,-0.08991,0.0
0.67800,-0.09286,0.0
-0.65400,-0.09286,0.0
-0.59400,-0.09286,0.0
-0.57300,-0.09581,0.0
-0.58500,-0.09581,0.0
0.61200,-0.09581,0.0
0.62700,-0.09581,0.0
0.63300,-0.09581,0.0
-0.58500,-0.09876,0.0
0.67800,-0.09876,0.0
0.68100,-0.09876,0.0
-0.69900,-0.09876,0.0
-0.58500,-0.10171,0.0
-0.60300,-0.10171,0.0
-0.69300,-0.10465,0.0
-0.57900,-0.10465,0.0
0.60000,-0.10465,0.0
0.59400,-0.10465,0.0
0.59700,-0.10465,0.0
0.62100,-0.10760,0.0
-0.69600,-0.10760,0.0
0.61500,-0.10760,0.0
-0.58800,-0.10760,0.0
0.67800,-0.10760,0.0
0.10500,-0.10760,0.0
0.61800,-0.11055,0.0
0.11100,-0.11055,0.0
-0.07200,-0.11055,0.0
0.59400,-0.11055,0.0
-0.57600,-0.11055,0.0
0.08700,-0.11055,0.0
0.60300,-0.11055,0.0
-0.07500,-0.11055,0.0
0.10800,-0.11055,0.0
-0.57000,-0.11055,0.0
0.60000,-0.11055,0.0
-0.57900,-0.11055,0.0
0.59700,-0.11350,0.0
0.08100,-0.11350,0.0
0.59400,-0.11350,0.0
-0.60000,-0.11350,0.0
-0.06300,-0.11350,0.0
0.09900,-0.11350,0.0
-0.07800,-0.11350,0.0
0.09300,-0.11350,0.0
-0.08100,-0.11350,0.0
0.11400,-0.11350,0.0
-0.57000,-0.11645,0.0
0.08100,-0.11645,0.0
0.58200,-0.11645,0.0
-0.07500,-0.11645,0.0
0.07800,-0.11645,0.0
-0.59100,-0.11645,0.0
-0.06900,-0.11645,0.0
-0.60300,-0.11645,0.0
0.61800,-0.11939,0.0
-0.05400,-0.11939,0.0
-0.06900,-0.11939,0.0
0.07500,-0.11939,0.0
0.67500,-0.11939,0.0
-0.05100,-0.11939,0.0
0.59700,-0.11939,0.0
-0.60300,-0.11939,0.0
-0.56100,-0.11939,0.0
0.63000,-0.11939,0.0
-0.14700,-0.11939,0.0
0.07800,-0.11939,0.0
-0.59100,-0.12234,0.0
-0.04200,-0.12234,0.0
0.08400,-0.12234,0.0
0.67500,-0.12234,0.0
-0.69600,-0.12234,0.0
-0.57600,-0.12234,0.0
0.63000,-0.12234,0.0
-0.06300,-0.12234,0.0
0.07800,-0.12234,0.0
-0.58500,-0.12234,0.0
-0.69000,-0.12234,0.0
0.60600,-0.12234,0.0
-0.08400,-0.12234,0.0
0.11400,-0.12234,0.0
-0.07500,-0.12234,0.0
0.61500,-0.12234,0.0
-0.58500,-0.12529,0.0
0.08100,-0.12529,0.0
-0.59400,-0.12529,0.0
0.63000,-0.12529,0.0
-0.59700,-0.12529,0.0
0.12300,-0.12529,0.0
-0.60300,-0.12529,0.0
0.63600,-0.12529,0.0
0.67800,-0.12529,0.0
0.07200,-0.12529,0.0
-0.56400,-0.12529,0.0
0.62400,-0.12529,0.0
0.11100,-0.12529,0.0
-0.03900,-0.12529,0.0
-0.04200,-0.12529,0.0
-0.09000,-0.12529,0.0
0.11400,-0.12529,0.0
-0.57600,-0.12824,0.0
-0.58500,-0.12824,0.0
0.06300,-0.12824,0.0
0.10200,-0.12824,0.0
0.62100,-0.12824,0.0
0.10800,-0.12824,0.0
-0.60300,-0.12824,0.0
-0.09300,-0.12824,0.0
-0.07200,-0.12824,0.0
-0.68700,-0.12824,0.0
0.58200,-0.12824,0.0
-0.58200,-0.12824,0.0
-0.03600,-0.12824,0.0
-0.07500,-0.12824,0.0
-0.69300,-0.12824,0.0
-0.03300,-0.12824,0.0
0.60600,-0.12824,0.0
-0.56100,-0.12824,0.0
0.61200,-0.12824,0.0
-0.08100,-0.13118,0.0
-0.05700,-0.13118,0.0
-0.06000,-0.13118,0.0
0.62100,-0.13118,0.0
0.07200,-0.13118,0.0
-0.56100,-0.13118,0.0
0.11400,-0.13118,0.0
-0.03600,-0.13118,0.0
0.09300,-0.13118,0.0
0.06900,-0.13118,0.0
-0.58500,-0.13118,0.0
0.11100,-0.13118,0.0
0.67200,-0.13118,0.0
0.10500,-0.13118,0.0
-0.03900,-0.13413,0.0
-0.06300,-0.13413,0.0
0.09300,-0.13413,0.0
-0.05400,-0.13413,0.0
0.59700,-0.13413,0.0
0.06600,-0.13413,0.0
0.60000,-0.13413,0.0
0.60300,-0.13413,0.0
-0.07200,-0.13413,0.0
0.62100,-0.13413,0.0
-0.59400,-0.13413,0.0
0.06000,-0.13413,0.0
0.06000,-0.13708,0.0
0.07500,-0.13708,0.0
0.62400,-0.13708,0.0
0.08700,-0.13708,0.0
0.63600,-0.13708,0.0
0.61200,-0.13708,0.0
-0.56700,-0.13708,0.0
-0.57900,-0.13708,0.0
0.67200,-0.13708,0.0
-0.04800,-0.13708,0.0
0.61500,-0.13708,0.0
0.61800,-0.13708,0.0
-0.08700,-0.13708,0.0
-0.68700,-0.13708,0.0
-0.14100,-0.13708,0.0
-0.58500,-0.13708,0.0
0.60900,-0.13708,0.0
0.11400,-0.13708,0.0
-0.57600,-0.14003,0.0
0.06000,-0.14003,0.0
-0.56700,-0.14003,0.0
-0.09300,-0.14003,0.0
0.67200,-0.14003,0.0
-0.09900,-0.14003,0.0
0.17700,-0.14003,0.0
-0.02100,-0.14298,0.0
-0.56100,-0.14298,0.0
0.05400,-0.14298,0.0
0.61800,-0.14298,0.0
-0.13500,-0.14298,0.0
-0.57000,-0.14298,0.0
-0.08400,-0.14298,0.0
-0.57900,-0.14298,0.0
-0.57900,-0.14592,0.0
0.61200,-0.14592,0.0
-0.58500,-0.14592,0.0
0.04800,-0.14592,0.0
-0.58200,-0.14592,0.0
-0.59700,-0.14592,0.0
0.59400,-0.14592,0.0
-0.01800,-0.14592,0.0
-0.68100,-0.14592,0.0
0.62700,-0.14592,0.0
0.62100,-0.14592,0.0
0.17100,-0.14887,0.0
-0.56100,-0.14887,0.0
-0.58500,-0.14887,0.0
0.66300,-0.14887,0.0
-0.57000,-0.14887,0.0
-0.54900,-0.14887,0.0
0.62700,-0.14887,0.0
0.60000,-0.14887,0.0
0.03600,-0.15182,0.0
0.57900,-0.15182,0.0
0.04800,-0.15182,0.0
-0.68100,-0.15182,0.0
-0.57300,-0.15182,0.0
0.60900,-0.15182,0.0
0.60000,-0.15182,0.0
-0.01800,-0.15182,0.0
0.03300,-0.15182,0.0
0.60300,-0.15477,0.0
0.03900,-0.15477,0.0
0.60600,-0.15477,0.0
0.59400,-0.15477,0.0
-0.68100,-0.15477,0.0
0.00000,-0.15477,0.0
0.60900,-0.15477,0.0
-0.60000,-0.15477,0.0
0.16800,-0.15477,0.0
0.02400,-0.15477,0.0
0.63000,-0.15477,0.0
-0.55500,-0.15477,0.0
0.01500,-0.15477,0.0
-0.57300,-0.15477,0.0
0.00900,-0.15477,0.0
0.61800,-0.15477,0.0
-0.01500,-0.15477,0.0
0.03600,-0.15477,0.0
0.01200,-0.15477,0.0
0.16200,-0.15772,0.0
0.58800,-0.15772,0.0
-0.59100,-0.15772,0.0
-0.56400,-0.15772,0.0
-0.07200,-0.15772,0.0
-0.67800,-0.15772,0.0
0.01200,-0.15772,0.0
0.60300,-0.15772,0.0
0.59700,-0.15772,0.0
0.02700,-0.15772,0.0
0.16500,-0.15772,0.0
-0.12900,-0.15772,0.0
-0.55800,-0.15772,0.0
0.11700,-0.15772,0.0
0.59100,-0.16066,0.0
0.02700,-0.16066,0.0
0.01500,-0.16066,0.0
0.02100,-0.16066,0.0
0.11100,-0.16066,0.0
0.60600,-0.16066,0.0
0.13800,-0.16066,0.0
0.12300,-0.16066,0.0
0.59700,-0.16066,0.0
0.58800,-0.16066,0.0
-0.67800,-0.16066,0.0
0.03300,-0.16066,0.0
0.12000,-0.16066,0.0
-0.08400,-0.16066,0.0
0.11700,-0.16066,0.0
-0.59100,-0.16066,0.0
0.63000,-0.16066,0.0
-0.60600,-0.16066,0.0
0.04500,-0.16066,0.0
0.11700,-0.16361,0.0
-0.11700,-0.16361,0.0
0.11100,-0.16361,0.0
-0.06600,-0.16361,0.0
-0.56100,-0.16361,0.0
0.13500,-0.16361,0.0
-0.58200,-0.16361,0.0
0.60900,-0.16361,0.0
-0.58500,-0.16361,0.0
-0.67500,-0.16656,0.0
0.60000,-0.16656,0.0
-0.60000,-0.16656,0.0
-0.68100,-0.16656,0.0
0.12000,-0.16656,0.0
-0.60600,-0.16656,0.0
0.63300,-0.16656,0.0
0.61800,-0.16656,0.0
0.13200,-0.16656,0.0
0.62400,-0.16656,0.0
-0.11100,-0.16656,0.0
0.65700,-0.16656,0.0
0.60900,-0.16656,0.0
-0.67800,-0.16656,0.0
-0.08100,-0.16656,0.0
-0.09300,-0.16656,0.0
-0.57000,-0.16656,0.0
-0.07800,-0.16656,0.0
0.59100,-0.16951,0.0
-0.08700,-0.16951,0.0
0.60000,-0.16951,0.0
0.60300,-0.16951,0.0
-0.07800,-0.16951,0.0
0.12900,-0.16951,0.0
-0.09600,-0.16951,0.0
0.13500,-0.16951,0.0
-0.58500,-0.16951,0.0
0.12300,-0.16951,0.0
0.62100,-0.17246,0.0
-0.67500,-0.17246,0.0
0.64500,-0.17246,0.0
0.61800,-0.17246,0.0
-0.59400,-0.17246,0.0
-0.59100,-0.17246,0.0
0.62400,-0.17540,0.0
0.60900,-0.17540,0.0
-0.67800,-0.17540,0.0
-0.67500,-0.17540,0.0
-0.56700,-0.17540,0.0
0.60300,-0.17540,0.0
-0.55800,-0.17540,0.0
-0.60000,-0.17540,0.0
0.60000,-0.17835,0.0
0.64200,-0.17835,0.0
0.58800,-0.17835,0.0
-0.56700,-0.17835,0.0
-0.57300,-0.17835,0.0
-0.57600,-0.17835,0.0
0.59700,-0.17835,0.0
-0.60600,-0.17835,0.0
-0.58500,-0.17835,0.0
0.62400,-0.18130,0.0
-0.60300,-0.18130,0.0
0.63600,-0.18130,0.0
0.60600,-0.18130,0.0
0.58800,-0.18130,0.0
-0.56400,-0.18130,0.0
-0.60900,-0.18130,0.0
0.59100,-0.18130,0.0
0.62700,-0.18130,0.0
-0.04800,-0.18425,0.0
0.57300,-0.18425,0.0
-0.58200,-0.18425,0.0
0.60000,-0.18425,0.0
-0.60300,-0.18425,0.0
0.59700,-0.18425,0.0
-0.56400,-0.18425,0.0
-0.57000,-0.18425,0.0
-0.59400,-0.18425,0.0
-0.66600,-0.18425,0.0
-0.58800,-0.18425,0.0
0.61800,-0.18720,0.0
0.63300,-0.18720,0.0
-0.61200,-0.18720,0.0
-0.60900,-0.18720,0.0
0.59100,-0.19014,0.0
-0.66600,-0.19014,0.0
0.57600,-0.19309,0.0
-0.56400,-0.19309,0.0
-0.58500,-0.19309,0.0
-0.58200,-0.19309,0.0
-0.53400,-0.19309,0.0
0.60300,-0.19309,0.0
0.60000,-0.19309,0.0
-0.54600,-0.19309,0.0
-0.05400,-0.19309,0.0
0.58800,-0.19309,0.0
-0.56700,-0.19309,0.0
-0.05700,-0.19309,0.0
-0.04200,-0.19309,0.0
0.09600,-0.19309,0.0
0.59700,-0.19309,0.0
-0.66300,-0.19309,0.0
-0.55200,-0.19309,0.0
0.57300,-0.19604,0.0
-0.04500,-0.19604,0.0
-0.02700,-0.19604,0.0
0.62400,-0.19604,0.0
-0.60000,-0.19604,0.0
-0.57900,-0.19604,0.0
0.06900,-0.19899,0.0
-0.53100,-0.19899,0.0
0.08400,-0.19899,0.0
0.59700,-0.19899,0.0
-0.57000,-0.19899,0.0
-0.54900,-0.19899,0.0
-0.55500,-0.19899,0.0
-0.04500,-0.19899,0.0
-0.58200,-0.19899,0.0
0.57300,-0.19899,0.0
-0.54900,-0.20194,0.0
-0.56700,-0.20194,0.0
-0.57600,-0.20194,0.0
0.57600,-0.20194,0.0
-0.58200,-0.20194,0.0
0.09300,-0.20194,0.0
-0.06000,-0.20194,0.0
0.62400,-0.20194,0.0
0.61500,-0.20488,0.0
-0.64800,-0.20488,0.0
0.08700,-0.20488,0.0
-0.53400,-0.20488,0.0
0.06900,-0.20488,0.0
-0.60000,-0.20488,0.0
-0.57000,-0.20488,0.0
0.08400,-0.20488,0.0
-0.06900,-0.20488,0.0
0.57000,-0.20488,0.0
0.62400,-0.20488,0.0
0.12600,-0.20488,0.0
-0.55800,-0.20488,0.0
-0.59400,-0.20488,0.0
-0.06300,-0.20488,0.0
0.60900,-0.20488,0.0
-0.55500,-0.20488,0.0
0.59100,-0.20488,0.0
0.07500,-0.20783,0.0
0.57600,-0.20783,0.0
-0.57900,-0.20783,0.0
-0.64800,-0.20783,0.0
-0.61200,-0.20783,0.0
-0.57000,-0.20783,0.0
-0.54300,-0.20783,0.0
-0.64200,-0.21078,0.0
0.08700,-0.21078,0.0
-0.57300,-0.21078,0.0
0.07800,-0.21078,0.0
0.58200,-0.21078,0.0
0.62700,-0.21078,0.0
0.60900,-0.21078,0.0
-0.63600,-0.21078,0.0
-0.05700,-0.21078,0.0
0.09300,-0.21078,0.0
0.08400,-0.21078,0.0
0.60000,-0.21078,0.0
-0.58800,-0.21078,0.0
0.09900,-0.21373,0.0
-0.54600,-0.21373,0.0
0.06000,-0.21373,0.0
-0.54300,-0.21373,0.0
-0.56400,-0.21373,0.0
0.62400,-0.21373,0.0
0.13800,-0.21373,0.0
-0.07500,-0.21373,0.0
0.60300,-0.21373,0.0
-0.57600,-0.21668,0.0
0.07800,-0.21668,0.0
0.61800,-0.21668,0.0
-0.56400,-0.21668,0.0
-0.60300,-0.21668,0.0
-0.63000,-0.21668,0.0
-0.06600,-0.21668,0.0
0.11400,-0.21668,0.0
0.57600,-0.21668,0.0
-0.55200,-0.21668,0.0
-0.63300,-0.21668,0.0
0.59400,-0.21668,0.0
0.09300,-0.21668,0.0
0.60000,-0.21668,0.0
-0.56700,-0.21668,0.0
-0.60000,-0.21668,0.0
0.59700,-0.21668,0.0
0.10200,-0.21668,0.0
0.59400,-0.21962,0.0
-0.57000,-0.21962,0.0
-0.04800,-0.21962,0.0
-0.07800,-0.21962,0.0
-0.62400,-0.21962,0.0
-0.05700,-0.21962,0.0
-0.58200,-0.21962,0.0
-0.51000,-0.21962,0.0
0.09600,-0.21962,0.0
0.60300,-0.21962,0.0
0.59100,-0.21962,0.0
0.58800,-0.21962,0.0
0.08400,-0.21962,0.0
0.10800,-0.21962,0.0
-0.03900,-0.22257,0.0
0.58500,-0.22257,0.0
-0.05100,-0.22257,0.0
-0.57600,-0.22257,0.0
-0.58800,-0.22257,0.0
-0.54600,-0.22257,0.0
-0.62400,-0.22257,0.0
0.12600,-0.22257,0.0
-0.57300,-0.22257,0.0
-0.05700,-0.22257,0.0
0.59400,-0.22257,0.0
-0.62100,-0.22257,0.0
-0.54000,-0.22257,0.0
-0.06900,-0.22552,0.0
-0.60300,-0.22552,0.0
-0.54000,-0.22552,0.0
-0.55800,-0.22552,0.0
-0.57600,-0.22552,0.0
0.58500,-0.22552,0.0
-0.54300,-0.22552,0.0
-0.01800,-0.22552,0.0
0.59700,-0.22552,0.0
-0.56100,-0.22552,0.0
-0.53700,-0.22552,0.0
0.11400,-0.22552,0.0
-0.62400,-0.22552,0.0
0.60600,-0.22552,0.0
-0.60900,-0.22552,0.0
-0.59400,-0.22552,0.0
0.58200,-0.22552,0.0
-0.06300,-0.22552,0.0
-0.58200,-0.22552,0.0
-0.58500,-0.22552,0.0
-0.58200,-0.22847,0.0
-0.60300,-0.22847,0.0
0.06900,-0.22847,0.0
-0.07500,-0.22847,0.0
0.61800,-0.22847,0.0
-0.60600,-0.22847,0.0
-0.59100,-0.22847,0.0
0.09600,-0.22847,0.0
-0.56700,-0.22847,0.0
0.59700,-0.22847,0.0
0.60900,-0.22847,0.0
0.57300,-0.22847,0.0
-0.56400,-0.22847,0.0
-0.57900,-0.22847,0.0
0.10200,-0.22847,0.0
0.61500,-0.22847,0.0
0.61200,-0.22847,0.0
-0.07800,-0.22847,0.0
0.59100,-0.22847,0.0
-0.03000,-0.23142,0.0
0.62100,-0.23142,0.0
-0.06600,-0.23142,0.0
-0.59400,-0.23142,0.0
0.03600,-0.23142,0.0
-0.53700,-0.23142,0.0
0.12000,-0.23142,0.0
-0.56400,-0.23142,0.0
0.58500,-0.23142,0.0
-0.56700,-0.23142,0.0
-0.54900,-0.23142,0.0
-0.59100,-0.23142,0.0
0.57300,-0.23142,0.0
0.14100,-0.23436,0.0
0.58800,-0.23436,0.0
-0.06000,-0.23436,0.0
-0.04800,-0.23436,0.0
0.06300,-0.23436,0.0
0.57000,-0.23436,0.0
-0.59700,-0.23436,0.0
0.09300,-0.23436,0.0
0.13200,-0.23436,0.0
-0.53700,-0.23436,0.0
0.09600,-0.23436,0.0
0.61500,-0.23436,0.0
-0.09300,-0.23436,0.0
-0.07800,-0.23436,0.0
0.13200,-0.23731,0.0
-0.56100,-0.23731,0.0
-0.52500,-0.23731,0.0
0.61800,-0.23731,0.0
-0.54000,-0.23731,0.0
-0.57600,-0.23731,0.0
-0.59100,-0.23731,0.0
0.09600,-0.23731,0.0
0.14400,-0.23731,0.0
-0.58200,-0.23731,0.0
0.14100,-0.23731,0.0
-0.55200,-0.23731,0.0
-0.57000,-0.23731,0.0
0.61500,-0.23731,0.0
0.58500,-0.23731,0.0
0.12600,-0.23731,0.0
0.57000,-0.23731,0.0
-0.06000,-0.23731,0.0
0.11400,-0.24026,0.0
-0.59700,-0.24026,0.0
0.05100,-0.24026,0.0
0.10500,-0.24026,0.0
-0.60000,-0.24026,0.0
0.10800,-0.24026,0.0
0.57000,-0.24026,0.0
0.60900,-0.24026,0.0
0.08400,-0.24026,0.0
0.51600,-0.24026,0.0
0.58500,-0.24026,0.0
0.12900,-0.24026,0.0
0.62400,-0.24026,0.0
0.61200,-0.24026,0.0
-0.59100,-0.24026,0.0
0.55800,-0.24026,0.0
0.12000,-0.24026,0.0
0.62100,-0.24026,0.0
0.04200,-0.24026,0.0
-0.52800,-0.24026,0.0
-0.56400,-0.24321,0.0
0.59100,-0.24321,0.0
-0.06600,-0.24321,0.0
0.13200,-0.24321,0.0
0.10500,-0.24321,0.0
0.50100,-0.24321,0.0
0.14700,-0.24321,0.0
-0.52800,-0.24321,0.0
0.51600,-0.24321,0.0
-0.03300,-0.24321,0.0
-0.09000,-0.24321,0.0
-0.07800,-0.24321,0.0
0.04800,-0.24321,0.0
-0.08400,-0.24321,0.0
0.04500,-0.24321,0.0
-0.57300,-0.24321,0.0
-0.59400,-0.24321,0.0
0.60000,-0.24321,0.0
0.13500,-0.24321,0.0
0.11400,-0.24321,0.0
-0.04200,-0.24321,0.0
-0.06900,-0.24321,0.0
0.56100,-0.24321,0.0
-0.08100,-0.24321,0.0
0.57000,-0.24321,0.0
0.14100,-0.24321,0.0
0.05400,-0.24321,0.0
0.60600,-0.24321,0.0
-0.07200,-0.24616,0.0
0.61800,-0.24616,0.0
-0.58800,-0.24616,0.0
-0.06000,-0.24616,0.0
0.10500,-0.24616,0.0
0.60900,-0.24616,0.0
0.60300,-0.24616,0.0
0.12300,-0.24616,0.0
0.11700,-0.24616,0.0
0.56400,-0.24616,0.0
0.12900,-0.24616,0.0
0.15000,-0.24616,0.0
0.04500,-0.24616,0.0
0.59100,-0.24616,0.0
0.59400,-0.24616,0.0
-0.03900,-0.24616,0.0
0.57000,-0.24616,0.0
-0.07500,-0.24616,0.0
-0.55500,-0.24616,0.0
-0.05100,-0.24616,0.0
0.15000,-0.24910,0.0
0.57900,-0.24910,0.0
-0.07800,-0.24910,0.0
0.60300,-0.24910,0.0
0.10500,-0.24910,0.0
0.61800,-0.24910,0.0
-0.06900,-0.24910,0.0
0.13500,-0.24910,0.0
0.12900,-0.24910,0.0
-0.08400,-0.24910,0.0
0.11400,-0.24910,0.0
-0.56100,-0.24910,0.0
-0.03600,-0.24910,0.0
0.56700,-0.24910,0.0
-0.58200,-0.24910,0.0
0.57000,-0.24910,0.0
-0.05400,-0.24910,0.0
-0.10500,-0.24910,0.0
-0.03300,-0.24910,0.0
-0.01500,-0.25205,0.0
-0.58500,-0.25205,0.0
-0.55500,-0.25205,0.0
-0.10800,-0.25205,0.0
0.15300,-0.25205,0.0
-0.11400,-0.25205,0.0
0.04200,-0.25205,0.0
-0.58800,-0.25205,0.0
0.11700,-0.25205,0.0
0.06900,-0.25205,0.0
0.57300,-0.25205,0.0
-0.06000,-0.25205,0.0
-0.59700,-0.25205,0.0
0.13500,-0.25205,0.0
0.08700,-0.25205,0.0
0.59100,-0.25205,0.0
-0.57300,-0.25205,0.0
0.06300,-0.25205,0.0
0.58500,-0.25205,0.0
0.58200,-0.25205,0.0
0.56100,-0.25205,0.0
-0.03300,-0.25205,0.0
0.08400,-0.25205,0.0
0.09600,-0.25205,0.0
0.07800,-0.25205,0.0
0.08700,-0.25500,0.0
0.09000,-0.25500,0.0
-0.12900,-0.25500,0.0
0.56400,-0.25500,0.0
0.16200,-0.25500,0.0
0.11100,-0.25500,0.0
-0.11400,-0.25500,0.0
-0.10500,-0.25500,0.0
-0.58800,-0.25500,0.0
0.59100,-0.25500,0.0
-0.08700,-0.25500,0.0
0.18600,-0.25500,0.0
-0.03600,-0.25500,0.0
0.13200,-0.25500,0.0
0.58800,-0.25500,0.0
0.07200,-0.25500,0.0
0.10500,-0.25795,0.0
-0.55800,-0.25795,0.0
-0.09000,-0.25795,0.0
-0.57000,-0.25795,0.0
-0.10800,-0.25795,0.0
-0.12600,-0.25795,0.0
0.61500,-0.25795,0.0
0.15900,-0.25795,0.0
0.05100,-0.25795,0.0
-0.06900,-0.25795,0.0
-0.02100,-0.25795,0.0
-0.05700,-0.25795,0.0
0.09900,-0.25795,0.0
-0.07800,-0.25795,0.0
0.12900,-0.25795,0.0
0.59100,-0.25795,0.0
0.57600,-0.25795,0.0
0.06600,-0.25795,0.0
0.60300,-0.25795,0.0
0.11700,-0.26090,0.0
-0.55500,-0.26090,0.0
0.00300,-0.26090,0.0
0.51300,-0.26090,0.0
-0.55200,-0.26090,0.0
-0.10500,-0.26090,0.0
0.16200,-0.26090,0.0
0.10800,-0.26090,0.0
-0.07500,-0.26090,0.0
-0.06600,-0.26090,0.0
0.60900,-0.26090,0.0
0.06000,-0.26090,0.0
0.09600,-0.26090,0.0
-0.02100,-0.26090,0.0
0.03300,-0.26090,0.0
-0.54000,-0.26090,0.0
0.60600,-0.26090,0.0
-0.08100,-0.26090,0.0
0.10500,-0.26384,0.0
-0.05400,-0.26384,0.0
0.03600,-0.26384,0.0
0.11700,-0.26384,0.0
0.61200,-0.26384,0.0
0.58200,-0.26384,0.0
-0.13500,-0.26384,0.0
-0.08400,-0.26384,0.0
-0.07800,-0.26384,0.0
0.59100,-0.26384,0.0
-0.58800,-0.26384,0.0
0.19200,-0.26384,0.0
-0.54300,-0.26384,0.0
-0.09000,-0.26384,0.0
0.14100,-0.26384,0.0
0.60900,-0.26384,0.0
0.58800,-0.26384,0.0
-0.09600,-0.26384,0.0
0.00300,-0.26384,0.0
0.57600,-0.26384,0.0
-0.56100,-0.26384,0.0
-0.06300,-0.26384,0.0
-0.10500,-0.26384,0.0
-0.08100,-0.26384,0.0
0.02700,-0.26384,0.0
0.19500,-0.26679,0.0
0.57900,-0.26679,0.0
0.11100,-0.26679,0.0
0.00000,-0.26679,0.0
-0.59400,-0.26679,0.0
-0.55200,-0.26679,0.0
0.13800,-0.26679,0.0
-0.09600,-0.26679,0.0
-0.54900,-0.26679,0.0
0.17700,-0.26679,0.0
0.15600,-0.26679,0.0
-0.58200,-0.26679,0.0
-0.07800,-0.26679,0.0
0.13500,-0.26679,0.0
0.01500,-0.26679,0.0
0.12900,-0.26679,0.0
-0.55500,-0.26679,0.0
0.16200,-0.26679,0.0
-0.54000,-0.26679,0.0
0.60300,-0.26679,0.0
-0.56700,-0.26679,0.0
-0.07500,-0.26974,0.0
0.60000,-0.26974,0.0
-0.07200,-0.26974,0.0
0.59400,-0.26974,0.0
-0.09000,-0.26974,0.0
0.10800,-0.26974,0.0
0.13200,-0.26974,0.0
0.01500,-0.26974,0.0
0.57600,-0.26974,0.0
0.61200,-0.26974,0.0
0.00600,-0.26974,0.0
0.16500,-0.26974,0.0
0.15600,-0.26974,0.0
-0.58500,-0.26974,0.0
0.12000,-0.26974,0.0
-0.15300,-0.26974,0.0
-0.54300,-0.26974,0.0
-0.52800,-0.26974,0.0
0.15000,-0.26974,0.0
0.11700,-0.26974,0.0
0.17700,-0.27269,0.0
-0.57900,-0.27269,0.0
0.57900,-0.27269,0.0
0.12300,-0.27269,0.0
-0.59700,-0.27269,0.0
-0.06600,-0.27269,0.0
-0.58500,-0.27269,0.0
-0.57600,-0.27269,0.0
0.55500,-0.27269,0.0
0.18600,-0.27269,0.0
-0.56100,-0.27269,0.0
-0.10200,-0.27269,0.0
0.59400,-0.27269,0.0
0.16500,-0.27269,0.0
-0.09000,-0.27269,0.0
-0.55500,-0.27269,0.0
0.14700,-0.27269,0.0
-0.09900,-0.27269,0.0
-0.51000,-0.27269,0.0
0.57300,-0.27269,0.0
0.10500,-0.27269,0.0
0.17400,-0.27269,0.0
0.15600,-0.27269,0.0
0.11400,-0.27564,0.0
-0.08100,-0.27564,0.0
-0.57300,-0.27564,0.0
0.17700,-0.27564,0.0
-0.06900,-0.27564,0.0
-0.13800,-0.27564,0.0
0.11700,-0.27564,0.0
0.16200,-0.27564,0.0
0.52200,-0.27564,0.0
-0.54300,-0.27564,0.0
0.59400,-0.27564,0.0
-0.06000,-0.27564,0.0
-0.08400,-0.27564,0.0
0.54000,-0.27564,0.0
-0.58500,-0.27564,0.0
0.15000,-0.27564,0.0
0.13800,-0.27564,0.0
0.58800,-0.27564,0.0
0.16500,-0.27564,0.0
0.18000,-0.27564,0.0
-0.08700,-0.27564,0.0
0.14100,-0.27564,0.0
-0.12900,-0.27564,0.0
-0.53400,-0.27564,0.0
-0.14100,-0.27564,0.0
-0.11400,-0.27858,0.0
0.14700,-0.27858,0.0
-0.14100,-0.27858,0.0
-0.10500,-0.27858,0.0
0.52500,-0.27858,0.0
-0.08100,-0.27858,0.0
0.20400,-0.27858,0.0
0.21000,-0.27858,0.0
-0.56400,-0.27858,0.0
-0.06600,-0.27858,0.0
0.58800,-0.27858,0.0
-0.08400,-0.27858,0.0
-0.55200,-0.27858,0.0
0.13800,-0.27858,0.0
-0.15300,-0.27858,0.0
0.56100,-0.27858,0.0
0.15300,-0.27858,0.0
0.58500,-0.27858,0.0
0.45600,-0.27858,0.0
0.60000,-0.27858,0.0
-0.11700,-0.27858,0.0
0.18900,-0.27858,0.0
0.18600,-0.27858,0.0
0.20700,-0.28153,0.0
-0.54900,-0.28153,0.0
0.16200,-0.28153,0.0
-0.57600,-0.28153,0.0
0.15600,-0.28153,0.0
-0.56400,-0.28153,0.0
-0.59100,-0.28153,0.0
0.14100,-0.28153,0.0
-0.06300,-0.28153,0.0
0.59700,-0.28153,0.0
-0.59400,-0.28153,0.0
0.15900,-0.28153,0.0
0.57900,-0.28153,0.0
-0.55500,-0.28153,0.0
0.12000,-0.28153,0.0
0.19500,-0.28448,0.0
0.60300,-0.28448,0.0
0.13500,-0.28448,0.0
0.52800,-0.28448,0.0
-0.11700,-0.28448,0.0
0.55200,-0.28448,0.0
0.58800,-0.28448,0.0
-0.54000,-0.28448,0.0
-0.08700,-0.28448,0.0
-0.57600,-0.28448,0.0
0.15300,-0.28448,0.0
0.57900,-0.28448,0.0
-0.58800,-0.28448,0.0
0.18300,-0.28448,0.0
0.56400,-0.28448,0.0
-0.57300,-0.28448,0.0
-0.55200,-0.28743,0.0
-0.10500,-0.28743,0.0
-0.54900,-0.28743,0.0
0.18600,-0.28743,0.0
0.58800,-0.28743,0.0
0.23400,-0.28743,0.0
0.57600,-0.28743,0.0
-0.11400,-0.28743,0.0
0.15000,-0.28743,0.0
-0.50100,-0.28743,0.0
0.57900,-0.28743,0.0
-0.14700,-0.28743,0.0
-0.50400,-0.28743,0.0
0.61200,-0.28743,0.0
-0.09900,-0.28743,0.0
0.56700,-0.28743,0.0
0.59100,-0.28743,0.0
0.13200,-0.28743,0.0
0.59400,-0.28743,0.0
0.61500,-0.28743,0.0
0.57000,-0.28743,0.0
0.21600,-0.29038,0.0
0.14400,-0.29038,0.0
-0.15900,-0.29038,0.0
-0.09900,-0.29038,0.0
0.18600,-0.29038,0.0
0.20100,-0.29038,0.0
0.57900,-0.29038,0.0
0.23100,-0.29038,0.0
0.60900,-0.29038,0.0
-0.13200,-0.29038,0.0
0.18900,-0.29038,0.0
-0.57900,-0.29038,0.0
0.55200,-0.29038,0.0
0.23400,-0.29332,0.0
0.57600,-0.29332,0.0
-0.17100,-0.29332,0.0
0.58800,-0.29332,0.0
-0.52800,-0.29332,0.0
0.59700,-0.29332,0.0
-0.55800,-0.29332,0.0
-0.08400,-0.29332,0.0
-0.18300,-0.29332,0.0
-0.08700,-0.29332,0.0
-0.58800,-0.29332,0.0
-0.58200,-0.29332,0.0
0.49200,-0.29332,0.0
-0.57000,-0.29332,0.0
-0.14100,-0.29332,0.0
-0.58500,-0.29332,0.0
-0.15600,-0.29332,0.0
0.60000,-0.29627,0.0
-0.14700,-0.29627,0.0
0.18000,-0.29627,0.0
-0.11100,-0.29627,0.0
-0.09000,-0.29627,0.0
0.57000,-0.29627,0.0
-0.54900,-0.29627,0.0
-0.12900,-0.29627,0.0
-0.54000,-0.29627,0.0
0.22200,-0.29627,0.0
0.59100,-0.29627,0.0
-0.12300,-0.29627,0.0
0.61200,-0.29627,0.0
-0.16500,-0.29627,0.0
-0.59100,-0.29922,0.0
0.22500,-0.29922,0.0
0.21000,-0.29922,0.0
0.59100,-0.29922,0.0
-0.53400,-0.29922,0.0
0.21600,-0.29922,0.0
0.14700,-0.29922,0.0
-0.58800,-0.29922,0.0
0.57600,-0.29922,0.0
0.55500,-0.29922,0.0
0.47700,-0.29922,0.0
-0.54000,-0.29922,0.0
-0.56100,-0.29922,0.0
-0.54600,-0.29922,0.0
-0.12300,-0.29922,0.0
0.55200,-0.29922,0.0
-0.15000,-0.29922,0.0
0.57000,-0.29922,0.0
0.60600,-0.29922,0.0
0.19200,-0.29922,0.0
-0.10800,-0.29922,0.0
-0.58200,-0.29922,0.0
0.22800,-0.30217,0.0
-0.12600,-0.30217,0.0
0.21000,-0.30217,0.0
-0.51300,-0.30217,0.0
0.60300,-0.30217,0.0
0.50700,-0.30217,0.0
-0.10800,-0.30217,0.0
0.58200,-0.30217,0.0
-0.09600,-0.30217,0.0
0.55200,-0.30217,0.0
0.52500,-0.30217,0.0
-0.54900,-0.30217,0.0
-0.19200,-0.30217,0.0
-0.55500,-0.30217,0.0
0.17700,-0.30217,0.0
0.60600,-0.30217,0.0
-0.15000,-0.30217,0.0
-0.12000,-0.30217,0.0
-0.13200,-0.30217,0.0
-0.14700,-0.30217,0.0
0.59700,-0.30217,0.0
-0.18000,-0.30512,0.0
0.57900,-0.30512,0.0
-0.47400,-0.30512,0.0
-0.53100,-0.30512,0.0
-0.12000,-0.30512,0.0
0.14700,-0.30512,0.0
-0.49200,-0.30512,0.0
0.24000,-0.30512,0.0
-0.15000,-0.30512,0.0
-0.18900,-0.30512,0.0
0.55500,-0.30512,0.0
-0.13800,-0.30512,0.0
0.59700,-0.30512,0.0
-0.15900,-0.30512,0.0
0.24900,-0.30512,0.0
-0.14100,-0.30512,0.0
-0.51600,-0.30512,0.0
-0.14400,-0.30806,0.0
0.55500,-0.30806,0.0
0.59400,-0.30806,0.0
-0.57300,-0.30806,0.0
-0.51600,-0.30806,0.0
0.26400,-0.30806,0.0
-0.18900,-0.30806,0.0
-0.45900,-0.30806,0.0
0.14700,-0.30806,0.0
0.57300,-0.30806,0.0
0.57000,-0.30806,0.0
0.58500,-0.30806,0.0
0.54900,-0.30806,0.0
-0.12300,-0.30806,0.0
0.17700,-0.30806,0.0
0.54600,-0.30806,0.0
-0.09300,-0.30806,0.0
-0.17100,-0.30806,0.0
-0.21000,-0.30806,0.0
-0.56100,-0.30806,0.0
-0.15300,-0.31101,0.0
0.60000,-0.31101,0.0
0.25200,-0.31101,0.0
-0.18300,-0.31101,0.0
-0.54000,-0.31101,0.0
0.14700,-0.31101,0.0
0.21600,-0.31101,0.0
0.20400,-0.31101,0.0
0.24600,-0.31101,0.0
0.25500,-0.31101,0.0
0.57300,-0.31101,0.0
0.22500,-0.31101,0.0
0.57900,-0.31101,0.0
0.59100,-0.31101,0.0
-0.14400,-0.31101,0.0
0.54600,-0.31101,0.0
0.26400,-0.31101,0.0
-0.51900,-0.31101,0.0
0.23100,-0.31101,0.0
0.24900,-0.31101,0.0
0.21900,-0.31101,0.0
0.49800,-0.31101,0.0
-0.55800,-0.31101,0.0
0.58200,-0.31396,0.0
-0.44100,-0.31396,0.0
0.24600,-0.31396,0.0
-0.44400,-0.31396,0.0
0.20100,-0.31396,0.0
0.26700,-0.31396,0.0
0.20700,-0.31396,0.0
-0.18300,-0.31396,0.0
-0.21300,-0.31396,0.0
-0.54000,-0.31396,0.0
0.59700,-0.31396,0.0
-0.19500,-0.31396,0.0
-0.16200,-0.31396,0.0
0.18600,-0.31396,0.0
0.18000,-0.31396,0.0
0.18300,-0.31396,0.0
0.25500,-0.31396,0.0
-0.16500,-0.31396,0.0
0.21900,-0.31396,0.0
0.22200,-0.31396,0.0
0.22500,-0.31396,0.0
0.14400,-0.31396,0.0
0.25500,-0.31691,0.0
-0.16200,-0.31691,0.0
-0.51600,-0.31691,0.0
-0.18600,-0.31691,0.0
0.21000,-0.31691,0.0
0.56700,-0.31691,0.0
0.24000,-0.31691,0.0
0.54900,-0.31691,0.0
-0.50400,-0.31691,0.0
0.53400,-0.31691,0.0
0.51900,-0.31691,0.0
0.27300,-0.31691,0.0
-0.15900,-0.31691,0.0
0.28200,-0.31691,0.0
-0.15600,-0.31691,0.0
-0.57600,-0.31691,0.0
0.59100,-0.31691,0.0
0.51300,-0.31691,0.0
0.23700,-0.31691,0.0
0.26100,-0.31691,0.0
-0.57000,-0.31691,0.0
0.57600,-0.31691,0.0
0.20400,-0.31691,0.0
0.51300,-0.31986,0.0
-0.13800,-0.31986,0.0
-0.53100,-0.31986,0.0
-0.57600,-0.31986,0.0
0.57000,-0.31986,0.0
-0.09000,-0.31986,0.0
-0.55200,-0.31986,0.0
0.23100,-0.31986,0.0
-0.15300,-0.31986,0.0
-0.53400,-0.31986,0.0
0.20400,-0.31986,0.0
0.54600,-0.31986,0.0
-0.15900,-0.31986,0.0
0.27300,-0.31986,0.0
0.51600,-0.31986,0.0
-0.52800,-0.31986,0.0
0.18600,-0.31986,0.0
-0.19200,-0.31986,0.0
-0.12600,-0.32280,0.0
0.22800,-0.32280,0.0
-0.22200,-0.32280,0.0
0.18900,-0.32280,0.0
0.25200,-0.32280,0.0
0.50400,-0.32280,0.0
0.27900,-0.32280,0.0
-0.53700,-0.32280,0.0
0.20700,-0.32280,0.0
-0.19200,-0.32280,0.0
-0.44700,-0.32280,0.0
-0.21300,-0.32280,0.0
0.52200,-0.32280,0.0
0.21300,-0.32280,0.0
-0.54600,-0.32280,0.0
-0.15000,-0.32280,0.0
0.57000,-0.32280,0.0
-0.53400,-0.32280,0.0
0.56700,-0.32575,0.0
-0.51600,-0.32575,0.0
-0.16200,-0.32575,0.0
-0.15000,-0.32575,0.0
-0.13500,-0.32575,0.0
-0.22200,-0.32575,0.0
-0.22800,-0.32575,0.0
0.59700,-0.32575,0.0
0.54600,-0.32575,0.0
0.27600,-0.32575,0.0
0.46800,-0.32575,0.0
-0.13800,-0.32575,0.0
-0.14700,-0.32575,0.0
-0.21600,-0.32575,0.0
-0.47700,-0.32575,0.0
0.25200,-0.32575,0.0
-0.17100,-0.32575,0.0
-0.44700,-0.32575,0.0
0.24000,-0.32575,0.0
0.50400,-0.32575,0.0
-0.56100,-0.32575,0.0
-0.20400,-0.32575,0.0
-0.57300,-0.32575,0.0
-0.46500,-0.32870,0.0
-0.12300,-0.32870,0.0
-0.16200,-0.32870,0.0
-0.54000,-0.32870,0.0
-0.55200,-0.32870,0.0
-0.21900,-0.32870,0.0
-0.47700,-0.32870,0.0
-0.23400,-0.32870,0.0
-0.02700,-0.32870,0.0
0.52200,-0.32870,0.0
-0.54600,-0.32870,0.0
0.56100,-0.32870,0.0
0.19200,-0.32870,0.0
-0.51300,-0.32870,0.0
-0.51900,-0.32870,0.0
0.53400,-0.32870,0.0
-0.20100,-0.32870,0.0
0.47100,-0.32870,0.0
0.55500,-0.32870,0.0
-0.52200,-0.32870,0.0
0.12300,-0.32870,0.0
0.57900,-0.32870,0.0
0.25800,-0.33165,0.0
0.50700,-0.33165,0.0
-0.09000,-0.33165,0.0
-0.46500,-0.33165,0.0
-0.15300,-0.33165,0.0
-0.16800,-0.33165,0.0
0.56400,-0.33165,0.0
-0.21600,-0.33165,0.0
-0.14700,-0.33165,0.0
0.24900,-0.33165,0.0
-0.53700,-0.33165,0.0
0.51600,-0.33165,0.0
0.28500,-0.33165,0.0
-0.20400,-0.33165,0.0
-0.54600,-0.33165,0.0
-0.45000,-0.33165,0.0
-0.17100,-0.33165,0.0
0.24600,-0.33165,0.0
-0.18300,-0.33165,0.0
-0.20700,-0.33165,0.0
-0.52500,-0.33165,0.0
0.54000,-0.33460,0.0
-0.15600,-0.33460,0.0
0.57900,-0.33460,0.0
0.56100,-0.33460,0.0
0.50700,-0.33460,0.0
0.27000,-0.33460,0.0
0.26400,-0.33460,0.0
-0.46500,-0.33460,0.0
0.51600,-0.33460,0.0
0.22200,-0.33460,0.0
0.11700,-0.33460,0.0
0.23700,-0.33460,0.0
-0.46800,-0.33460,0.0
-0.16500,-0.33460,0.0
0.59100,-0.33460,0.0
0.28200,-0.33460,0.0
-0.08400,-0.33460,0.0
-0.50700,-0.33460,0.0
-0.53700,-0.33754,0.0
-0.56400,-0.33754,0.0
-0.05700,-0.33754,0.0
0.25500,-0.33754,0.0
0.58800,-0.33754,0.0
0.02400,-0.33754,0.0
-0.55500,-0.33754,0.0
0.08400,-0.33754,0.0
-0.08700,-0.33754,0.0
-0.45300,-0.33754,0.0
0.22200,-0.33754,0.0
-0.17700,-0.33754,0.0
0.55800,-0.33754,0.0
-0.13800,-0.33754,0.0
0.59400,-0.33754,0.0
-0.20100,-0.33754,0.0
0.22500,-0.33754,0.0
0.26100,-0.33754,0.0
-0.08100,-0.33754,0.0
-0.16800,-0.33754,0.0
0.27600,-0.33754,0.0
0.28800,-0.33754,0.0
-0.54000,-0.34049,0.0
-0.52200,-0.34049,0.0
-0.01200,-0.34049,0.0
-0.09300,-0.34049,0.0
0.56700,-0.34049,0.0
-0.22800,-0.34049,0.0
0.13500,-0.34049,0.0
0.27600,-0.34049,0.0
-0.05400,-0.34049,0.0
-0.19200,-0.34049,0.0
0.25800,-0.34049,0.0
-0.54300,-0.34049,0.0
0.28500,-0.34049,0.0
-0.50700,-0.34049,0.0
-0.17700,-0.34049,0.0
-0.16800,-0.34049,0.0
-0.03900,-0.34049,0.0
-0.42000,-0.34344,0.0
-0.45300,-0.34344,0.0
-0.51300,-0.34344,0.0
0.08400,-0.34344,0.0
0.28500,-0.34344,0.0
-0.05400,-0.34344,0.0
-0.07800,-0.34344,0.0
-0.19200,-0.34344,0.0
-0.52200,-0.34344,0.0
-0.57600,-0.34344,0.0
-0.16800,-0.34344,0.0
0.24600,-0.34344,0.0
-0.04500,-0.34344,0.0
0.56400,-0.34344,0.0
0.57600,-0.34344,0.0
0.13200,-0.34344,0.0
-0.54600,-0.34344,0.0
0.51300,-0.34344,0.0
0.54900,-0.34344,0.0
-0.55800,-0.34344,0.0
-0.55500,-0.34344,0.0
-0.51000,-0.34344,0.0
0.20400,-0.34344,0.0
-0.15600,-0.34344,0.0
0.25500,-0.34344,0.0
-0.20700,-0.34344,0.0
0.24300,-0.34344,0.0
-0.03300,-0.34344,0.0
0.10800,-0.34344,0.0
0.52800,-0.34344,0.0
-0.23100,-0.34344,0.0
-0.03600,-0.34344,0.0
-0.15300,-0.34344,0.0
-0.53700,-0.34639,0.0
-0.44700,-0.34639,0.0
0.12600,-0.34639,0.0
0.12300,-0.34639,0.0
-0.16800,-0.34639,0.0
0.06900,-0.34639,0.0
-0.23400,-0.34639,0.0
0.10500,-0.34639,0.0
-0.23700,-0.34639,0.0
-0.04800,-0.34639,0.0
0.11100,-0.34639,0.0
0.09600,-0.34639,0.0
0.08100,-0.34639,0.0
0.16800,-0.34639,0.0
0.59100,-0.34639,0.0
-0.18900,-0.34639,0.0
-0.01500,-0.34639,0.0
0.12000,-0.34639,0.0
0.10800,-0.34639,0.0
0.28200,-0.34639,0.0
0.50700,-0.34639,0.0
0.52800,-0.34639,0.0
-0.25200,-0.34639,0.0
0.27600,-0.34639,0.0
0.28500,-0.34639,0.0
-0.02100,-0.34639,0.0
0.14100,-0.34639,0.0
0.02100,-0.34639,0.0
-0.09300,-0.34639,0.0
-0.22500,-0.34639,0.0
-0.17100,-0.34639,0.0
-0.10800,-0.34639,0.0
-0.48600,-0.34934,0.0
-0.11100,-0.34934,0.0
0.11400,-0.34934,0.0
0.09300,-0.34934,0.0
0.51900,-0.34934,0.0
0.16200,-0.34934,0.0
-0.17100,-0.34934,0.0
-0.53700,-0.34934,0.0
-0.07500,-0.34934,0.0
0.24600,-0.34934,0.0
-0.24300,-0.34934,0.0
0.57000,-0.34934,0.0
0.51300,-0.34934,0.0
0.54900,-0.34934,0.0
-0.14700,-0.34934,0.0
-0.01500,-0.34934,0.0
0.27000,-0.34934,0.0
0.06000,-0.34934,0.0
-0.06000,-0.34934,0.0
0.26100,-0.34934,0.0
-0.54600,-0.34934,0.0
0.12600,-0.34934,0.0
0.53100,-0.34934,0.0
0.12300,-0.34934,0.0
-0.10500,-0.34934,0.0
-0.46800,-0.34934,0.0
-0.07200,-0.34934,0.0
-0.10800,-0.34934,0.0
0.27900,-0.34934,0.0
-0.15900,-0.35228,0.0
-0.17100,-0.35228,0.0
-0.23100,-0.35228,0.0
-0.04500,-0.35228,0.0
0.27900,-0.35228,0.0
-0.53700,-0.35228,0.0
-0.43200,-0.35228,0.0
0.05100,-0.35228,0.0
-0.23700,-0.35228,0.0
-0.02400,-0.35228,0.0
0.05700,-0.35228,0.0
-0.23400,-0.35228,0.0
0.56100,-0.35228,0.0
0.17100,-0.35228,0.0
0.54000,-0.35228,0.0
0.16200,-0.35228,0.0
-0.03900,-0.35228,0.0
-0.54900,-0.35228,0.0
0.07500,-0.35228,0.0
0.13800,-0.35228,0.0
0.52500,-0.35228,0.0
0.03600,-0.35523,0.0
-0.57300,-0.35523,0.0
-0.51900,-0.35523,0.0
-0.00600,-0.35523,0.0
0.12600,-0.35523,0.0
0.10200,-0.35523,0.0
-0.52500,-0.35523,0.0
0.13200,-0.35523,0.0
-0.06300,-0.35523,0.0
-0.46200,-0.35523,0.0
-0.55500,-0.35523,0.0
0.28200,-0.35523,0.0
-0.20700,-0.35523,0.0
-0.06900,-0.35523,0.0
-0.49200,-0.35523,0.0
-0.09600,-0.35523,0.0
-0.24900,-0.35523,0.0
-0.12300,-0.35523,0.0
-0.19200,-0.35523,0.0
0.01200,-0.35523,0.0
0.06300,-0.35523,0.0
-0.04500,-0.35523,0.0
0.05100,-0.35523,0.0
0.29700,-0.35523,0.0
0.00300,-0.35523,0.0
0.09000,-0.35523,0.0
0.05400,-0.35523,0.0
-0.43200,-0.35523,0.0
-0.22800,-0.35523,0.0
-0.49500,-0.35523,0.0
0.54300,-0.35523,0.0
-0.06000,-0.35523,0.0
0.00000,-0.35523,0.0
-0.19500,-0.35523,0.0
-0.11400,-0.35523,0.0
0.56100,-0.35523,0.0
-0.56100,-0.35818,0.0
0.54900,-0.35818,0.0
-0.48600,-0.35818,0.0
-0.43500,-0.35818,0.0
0.13800,-0.35818,0.0
0.06900,-0.35818,0.0
-0.23400,-0.35818,0.0
0.13200,-0.35818,0.0
0.03000,-0.35818,0.0
0.29700,-0.35818,0.0
-0.45300,-0.35818,0.0
-0.01200,-0.35818,0.0
-0.26100,-0.35818,0.0
0.27900,-0.35818,0.0
-0.12300,-0.35818,0.0
0.07200,-0.35818,0.0
-0.21900,-0.35818,0.0
-0.52800,-0.35818,0.0
-0.19200,-0.35818,0.0
0.51600,-0.35818,0.0
-0.48000,-0.35818,0.0
0.01800,-0.35818,0.0
-0.52500,-0.35818,0.0
0.19200,-0.35818,0.0
-0.22800,-0.35818,0.0
0.53400,-0.35818,0.0
-0.53700,-0.35818,0.0
-0.08700,-0.35818,0.0
0.17100,-0.35818,0.0
0.00000,-0.35818,0.0
0.08100,-0.35818,0.0
-0.21600,-0.35818,0.0
-0.43200,-0.35818,0.0
-0.09600,-0.35818,0.0
-0.09300,-0.35818,0.0
-0.06600,-0.35818,0.0
-0.22500,-0.36113,0.0
0.14100,-0.36113,0.0
-0.26700,-0.36113,0.0
0.14400,-0.36113,0.0
0.57600,-0.36113,0.0
0.15300,-0.36113,0.0
-0.09300,-0.36113,0.0
0.54300,-0.36113,0.0
0.30000,-0.36113,0.0
0.18300,-0.36113,0.0
-0.11400,-0.36113,0.0
-0.45300,-0.36113,0.0
-0.23400,-0.36113,0.0
-0.54600,-0.36113,0.0
0.56700,-0.36113,0.0
-0.25500,-0.36113,0.0
-0.09900,-0.36113,0.0
-0.49200,-0.36113,0.0
-0.02700,-0.36113,0.0
0.13200,-0.36113,0.0
0.18900,-0.36113,0.0
-0.54300,-0.36113,0.0
-0.12900,-0.36113,0.0
-0.12000,-0.36113,0.0
0.05400,-0.36113,0.0
-0.49500,-0.36113,0.0
0.06000,-0.36113,0.0
0.56100,-0.36408,0.0
0.18900,-0.36408,0.0
-0.56700,-0.36408,0.0
0.54900,-0.36408,0.0
0.48000,-0.36408,0.0
0.16500,-0.36408,0.0
0.27900,-0.36408,0.0
0.51600,-0.36408,0.0
0.56700,-0.36408,0.0
0.15000,-0.36408,0.0
-0.54300,-0.36408,0.0
0.29400,-0.36408,0.0
0.52200,-0.36408,0.0
0.50700,-0.36408,0.0
-0.48600,-0.36408,0.0
-0.52500,-0.36408,0.0
-0.21600,-0.36408,0.0
0.15900,-0.36408,0.0
0.14400,-0.36408,0.0
0.57300,-0.36408,0.0
-0.44700,-0.36408,0.0
0.28200,-0.36408,0.0
0.18000,-0.36408,0.0
-0.25500,-0.36408,0.0
-0.56100,-0.36408,0.0
0.18300,-0.36408,0.0
-0.10200,-0.36408,0.0
-0.47700,-0.36408,0.0
0.54000,-0.36408,0.0
-0.48000,-0.36408,0.0
-0.07800,-0.36408,0.0
-0.48300,-0.36408,0.0
0.46500,-0.36408,0.0
-0.22200,-0.36702,0.0
0.45000,-0.36702,0.0
0.48000,-0.36702,0.0
0.15300,-0.36702,0.0
0.17400,-0.36702,0.0
-0.21600,-0.36702,0.0
-0.13200,-0.36702,0.0
-0.11100,-0.36702,0.0
-0.25200,-0.36702,0.0
-0.11700,-0.36702,0.0
0.51300,-0.36702,0.0
-0.51900,-0.36702,0.0
-0.45900,-0.36702,0.0
0.21000,-0.36702,0.0
0.51600,-0.36702,0.0
0.55800,-0.36702,0.0
-0.53100,-0.36702,0.0
-0.21000,-0.36702,0.0
-0.12600,-0.36702,0.0
0.21300,-0.36702,0.0
-0.44100,-0.36702,0.0
-0.26400,-0.36702,0.0
-0.24600,-0.36702,0.0
0.16500,-0.36702,0.0
0.27600,-0.36702,0.0
-0.51600,-0.36702,0.0
0.48000,-0.36997,0.0
-0.52800,-0.36997,0.0
0.27900,-0.36997,0.0
-0.51300,-0.36997,0.0
-0.51600,-0.36997,0.0
-0.13500,-0.36997,0.0
-0.21900,-0.36997,0.0
0.19200,-0.36997,0.0
-0.52200,-0.36997,0.0
-0.39000,-0.36997,0.0
-0.08400,-0.36997,0.0
-0.45900,-0.36997,0.0
-0.12600,-0.36997,0.0
-0.22800,-0.36997,0.0
0.53400,-0.36997,0.0
0.16500,-0.36997,0.0
0.21600,-0.36997,0.0
-0.52800,-0.37292,0.0
-0.51600,-0.37292,0.0
0.20700,-0.37292,0.0
-0.53400,-0.37292,0.0
0.55500,-0.37292,0.0
0.30000,-0.37292,0.0
0.28200,-0.37292,0.0
0.20400,-0.37292,0.0
-0.49200,-0.37292,0.0
-0.26100,-0.37292,0.0
-0.52500,-0.37292,0.0
0.20100,-0.37292,0.0
0.54300,-0.37292,0.0
-0.54000,-0.37292,0.0
0.49500,-0.37292,0.0
-0.54600,-0.37292,0.0
0.17400,-0.37292,0.0
-0.12000,-0.37292,0.0
-0.08400,-0.37292,0.0
0.18300,-0.37292,0.0
0.19200,-0.37292,0.0
-0.15900,-0.37587,0.0
0.53400,-0.37587,0.0
-0.45000,-0.37587,0.0
-0.49800,-0.37587,0.0
0.29700,-0.37587,0.0
0.19500,-0.37587,0.0
-0.14400,-0.37587,0.0
0.17100,-0.37587,0.0
0.20100,-0.37587,0.0
0.30000,-0.37587,0.0
0.52200,-0.37587,0.0
0.18000,-0.37587,0.0
0.28200,-0.37587,0.0
-0.52200,-0.37587,0.0
0.51000,-0.37587,0.0
0.18600,-0.37587,0.0
-0.46800,-0.37587,0.0
-0.55500,-0.37587,0.0
-0.47400,-0.37587,0.0
-0.15300,-0.37587,0.0
0.21000,-0.37587,0.0
-0.24000,-0.37587,0.0
0.18000,-0.37882,0.0
0.18300,-0.37882,0.0
-0.14100,-0.37882,0.0
-0.55200,-0.37882,0.0
0.18900,-0.37882,0.0
-0.12300,-0.37882,0.0
0.55500,-0.37882,0.0
0.22200,-0.37882,0.0
0.46500,-0.37882,0.0
0.20100,-0.37882,0.0
0.53100,-0.37882,0.0
-0.51900,-0.37882,0.0
-0.43800,-0.37882,0.0
0.27600,-0.37882,0.0
-0.46800,-0.37882,0.0
-0.12600,-0.37882,0.0
-0.14400,-0.37882,0.0
0.30000,-0.37882,0.0
0.52200,-0.37882,0.0
0.21300,-0.37882,0.0
-0.54000,-0.37882,0.0
-0.48900,-0.37882,0.0
-0.24000,-0.37882,0.0
0.18600,-0.37882,0.0
-0.47700,-0.37882,0.0
-0.52500,-0.37882,0.0
-0.49800,-0.37882,0.0
-0.23400,-0.37882,0.0
-0.24300,-0.37882,0.0
-0.25200,-0.37882,0.0
0.22500,-0.37882,0.0
-0.50700,-0.38176,0.0
-0.25200,-0.38176,0.0
-0.14700,-0.38176,0.0
-0.51600,-0.38176,0.0
-0.47700,-0.38176,0.0
-0.15000,-0.38176,0.0
0.27900,-0.38176,0.0
0.48600,-0.38176,0.0
-0.15300,-0.38176,0.0
-0.12900,-0.38176,0.0
-0.12600,-0.38176,0.0
-0.44700,-0.38176,0.0
0.56100,-0.38176,0.0
0.51600,-0.38176,0.0
0.54000,-0.38176,0.0
-0.13800,-0.38176,0.0
-0.12000,-0.38176,0.0
-0.49800,-0.38471,0.0
-0.13800,-0.38471,0.0
0.53400,-0.38471,0.0
0.17700,-0.38471,0.0
0.48300,-0.38471,0.0
-0.53400,-0.38471,0.0
0.55800,-0.38471,0.0
-0.25200,-0.38471,0.0
0.50700,-0.38471,0.0
0.21600,-0.38471,0.0
-0.49200,-0.38471,0.0
-0.26100,-0.38471,0.0
-0.52200,-0.38471,0.0
0.27600,-0.38471,0.0
-0.23100,-0.38766,0.0
-0.47100,-0.38766,0.0
0.52800,-0.38766,0.0
-0.21600,-0.38766,0.0
0.18000,-0.38766,0.0
-0.12300,-0.38766,0.0
-0.17100,-0.38766,0.0
-0.52500,-0.38766,0.0
-0.52200,-0.38766,0.0
-0.27900,-0.38766,0.0
0.23400,-0.38766,0.0
-0.56100,-0.38766,0.0
-0.54000,-0.38766,0.0
-0.53400,-0.38766,0.0
0.18900,-0.38766,0.0
-0.23400,-0.39061,0.0
0.18300,-0.39061,0.0
-0.49200,-0.39061,0.0
-0.50100,-0.39061,0.0
-0.46800,-0.39061,0.0
0.45300,-0.39061,0.0
-0.48000,-0.39061,0.0
0.56100,-0.39061,0.0
0.49800,-0.39061,0.0
0.52800,-0.39061,0.0
0.23700,-0.39355,0.0
0.52500,-0.39355,0.0
0.55200,-0.39355,0.0
-0.24600,-0.39355,0.0
-0.17400,-0.39355,0.0
0.53100,-0.39355,0.0
-0.53100,-0.39355,0.0
0.48000,-0.39355,0.0
-0.55200,-0.39355,0.0
-0.54000,-0.39355,0.0
-0.12900,-0.39355,0.0
-0.17100,-0.39355,0.0
-0.52200,-0.39355,0.0
0.48900,-0.39355,0.0
0.29700,-0.39355,0.0
-0.47400,-0.39650,0.0
-0.52200,-0.39650,0.0
0.55800,-0.39650,0.0
-0.48900,-0.39650,0.0
0.56100,-0.39650,0.0
-0.54000,-0.39650,0.0
-0.52800,-0.39650,0.0
-0.53100,-0.39650,0.0
-0.50100,-0.39650,0.0
0.51900,-0.39650,0.0
0.55200,-0.39650,0.0
-0.24300,-0.39650,0.0
-0.55200,-0.39650,0.0
-0.50700,-0.39945,0.0
-0.53400,-0.39945,0.0
-0.54000,-0.39945,0.0
-0.50100,-0.39945,0.0
-0.23400,-0.39945,0.0
-0.49200,-0.39945,0.0
-0.48900,-0.39945,0.0
0.53400,-0.39945,0.0
0.52200,-0.39945,0.0
0.49500,-0.40240,0.0
-0.54000,-0.40240,0.0
0.30300,-0.40240,0.0
0.47400,-0.40240,0.0
0.55200,-0.40240,0.0
-0.48600,-0.40240,0.0
0.53700,-0.40240,0.0
-0.43200,-0.40240,0.0
0.54600,-0.40240,0.0
0.51900,-0.40240,0.0
0.52200,-0.40240,0.0
-0.25500,-0.40240,0.0
0.29700,-0.40240,0.0
-0.24600,-0.40240,0.0
-0.52800,-0.40240,0.0
0.47700,-0.40535,0.0
0.48300,-0.40535,0.0
0.53100,-0.40535,0.0
0.28200,-0.40535,0.0
0.54000,-0.40535,0.0
-0.50100,-0.40535,0.0
-0.47400,-0.40535,0.0
0.51300,-0.40535,0.0
0.28500,-0.40535,0.0
0.47100,-0.40535,0.0
-0.24300,-0.40829,0.0
-0.49200,-0.40829,0.0
0.51600,-0.40829,0.0
-0.50700,-0.40829,0.0
0.49800,-0.40829,0.0
-0.51000,-0.40829,0.0
-0.30000,-0.40829,0.0
-0.47100,-0.40829,0.0
-0.51900,-0.40829,0.0
-0.47400,-0.40829,0.0
0.50100,-0.40829,0.0
0.49500,-0.40829,0.0
-0.52500,-0.40829,0.0
0.51000,-0.40829,0.0
0.54300,-0.40829,0.0
0.51900,-0.40829,0.0
0.50700,-0.41124,0.0
0.50100,-0.41124,0.0
0.45300,-0.41124,0.0
-0.49500,-0.41124,0.0
-0.51900,-0.41124,0.0
-0.46200,-0.41124,0.0
0.49200,-0.41124,0.0
0.51900,-0.41124,0.0
-0.43200,-0.41124,0.0
-0.44100,-0.41124,0.0
-0.43500,-0.41124,0.0
0.51600,-0.41124,0.0
-0.43800,-0.41124,0.0
0.24300,-0.41419,0.0
0.51300,-0.41419,0.0
0.49800,-0.41419,0.0
0.54600,-0.41419,0.0
-0.51600,-0.41419,0.0
0.50100,-0.41419,0.0
-0.49800,-0.41419,0.0
0.54900,-0.41419,0.0
-0.49500,-0.41419,0.0
0.48600,-0.41419,0.0
-0.47100,-0.41419,0.0
-0.45300,-0.41714,0.0
0.53100,-0.41714,0.0
-0.50700,-0.41714,0.0
0.55500,-0.41714,0.0
-0.42600,-0.41714,0.0
0.45000,-0.41714,0.0
-0.33900,-0.41714,0.0
-0.49500,-0.41714,0.0
0.49200,-0.41714,0.0
-0.24900,-0.41714,0.0
0.53400,-0.41714,0.0
0.44400,-0.41714,0.0
-0.49200,-0.42009,0.0
-0.48600,-0.42009,0.0
-0.44400,-0.42009,0.0
0.55800,-0.42009,0.0
0.54600,-0.42009,0.0
-0.53400,-0.42009,0.0
0.49200,-0.42009,0.0
0.44400,-0.42303,0.0
-0.48600,-0.42303,0.0
0.54900,-0.42303,0.0
0.51300,-0.42303,0.0
0.44100,-0.42303,0.0
0.51900,-0.42303,0.0
-0.46200,-0.42303,0.0
0.50100,-0.42303,0.0
-0.45300,-0.42303,0.0
-0.45600,-0.42303,0.0
0.50400,-0.42598,0.0
-0.44100,-0.42598,0.0
-0.41400,-0.42598,0.0
0.48900,-0.42598,0.0
0.53100,-0.42598,0.0
-0.26100,-0.42598,0.0
0.48000,-0.42598,0.0
0.49800,-0.42598,0.0
0.53400,-0.42598,0.0
-0.45300,-0.42598,0.0
-0.51000,-0.42598,0.0
-0.45300,-0.42893,0.0
-0.30900,-0.42893,0.0
-0.49500,-0.42893,0.0
0.44100,-0.42893,0.0
0.53700,-0.42893,0.0
0.49500,-0.42893,0.0
0.43500,-0.42893,0.0
-0.51000,-0.42893,0.0
0.51600,-0.42893,0.0
0.44400,-0.42893,0.0
-0.51900,-0.42893,0.0
0.51300,-0.42893,0.0
0.51000,-0.43188,0.0
-0.45300,-0.43188,0.0
-0.49200,-0.43188,0.0
-0.48000,-0.43188,0.0
0.50100,-0.43188,0.0
0.46200,-0.43188,0.0
0.36000,-0.43188,0.0
-0.48900,-0.43188,0.0
0.47400,-0.43188,0.0
0.50400,-0.43188,0.0
0.52800,-0.43188,0.0
0.52200,-0.43188,0.0
-0.52500,-0.43188,0.0
-0.51300,-0.43188,0.0
-0.45900,-0.43188,0.0
-0.31500,-0.43483,0.0
-0.46500,-0.43483,0.0
0.42300,-0.43483,0.0
0.47400,-0.43483,0.0
0.48000,-0.43483,0.0
0.45600,-0.43483,0.0
-0.49800,-0.43483,0.0
0.51300,-0.43483,0.0
0.52800,-0.43483,0.0
-0.51300,-0.43483,0.0
-0.52200,-0.43483,0.0
0.48300,-0.43483,0.0
0.44700,-0.43483,0.0
-0.52500,-0.43483,0.0
-0.39300,-0.43483,0.0
-0.50700,-0.43483,0.0
-0.48900,-0.43777,0.0
-0.50400,-0.43777,0.0
-0.47100,-0.43777,0.0
0.52800,-0.43777,0.0
-0.46500,-0.43777,0.0
-0.49800,-0.43777,0.0
-0.47700,-0.43777,0.0
-0.40500,-0.43777,0.0
0.45900,-0.43777,0.0
0.47700,-0.43777,0.0
0.45600,-0.43777,0.0
0.48600,-0.43777,0.0
-0.44700,-0.44072,0.0
0.45900,-0.44072,0.0
0.49800,-0.44072,0.0
-0.50100,-0.44072,0.0
0.47400,-0.44072,0.0
0.50700,-0.44072,0.0
0.47100,-0.44072,0.0
-0.45600,-0.44072,0.0
-0.49800,-0.44072,0.0
-0.45900,-0.44072,0.0
-0.45300,-0.44072,0.0
-0.48600,-0.44072,0.0
-0.48900,-0.44072,0.0
-0.45000,-0.44072,0.0
0.40800,-0.44072,0.0
0.51600,-0.44072,0.0
-0.39600,-0.44072,0.0
-0.45300,-0.44367,0.0
-0.46500,-0.44367,0.0
-0.51900,-0.44367,0.0
-0.39600,-0.44367,0.0
0.51900,-0.44367,0.0
0.44700,-0.44367,0.0
-0.51000,-0.44367,0.0
0.52800,-0.44367,0.0
-0.45600,-0.44367,0.0
-0.42300,-0.44367,0.0
0.46200,-0.44367,0.0
0.53700,-0.44367,0.0
-0.39900,-0.44367,0.0
0.49200,-0.44367,0.0
-0.49500,-0.44367,0.0
0.46500,-0.44367,0.0
-0.35400,-0.44367,0.0
0.47400,-0.44367,0.0
0.47100,-0.44662,0.0
0.51000,-0.44662,0.0
0.54000,-0.44662,0.0
0.50400,-0.44662,0.0
0.48300,-0.44662,0.0
0.46800,-0.44662,0.0
-0.46800,-0.44662,0.0
0.47400,-0.44662,0.0
0.50100,-0.44662,0.0
-0.49800,-0.44662,0.0
0.49800,-0.44662,0.0
-0.48600,-0.44957,0.0
-0.50400,-0.44957,0.0
0.51900,-0.44957,0.0
-0.46800,-0.44957,0.0
0.51000,-0.44957,0.0
0.51600,-0.44957,0.0
-0.47700,-0.44957,0.0
-0.39600,-0.44957,0.0
-0.47100,-0.44957,0.0
-0.46500,-0.44957,0.0
-0.50700,-0.44957,0.0
0.52200,-0.44957,0.0
-0.35700,-0.44957,0.0
0.52800,-0.44957,0.0
-0.39900,-0.44957,0.0
0.50100,-0.45251,0.0
0.52800,-0.45251,0.0
-0.49800,-0.45251,0.0
0.54000,-0.45251,0.0
0.53100,-0.45251,0.0
-0.52200,-0.45251,0.0
0.46800,-0.45251,0.0
-0.40500,-0.45251,0.0
-0.44700,-0.45251,0.0
-0.46200,-0.45546,0.0
-0.45000,-0.45546,0.0
-0.44700,-0.45546,0.0
0.50700,-0.45546,0.0
-0.50700,-0.45546,0.0
0.47700,-0.45546,0.0
0.51900,-0.45546,0.0
0.47400,-0.45841,0.0
0.44400,-0.45841,0.0
0.47100,-0.45841,0.0
0.46200,-0.45841,0.0
0.51000,-0.45841,0.0
0.46500,-0.45841,0.0
-0.44400,-0.45841,0.0
-0.46800,-0.45841,0.0
-0.49200,-0.45841,0.0
0.47700,-0.45841,0.0
-0.48600,-0.46136,0.0
0.46200,-0.46136,0.0
-0.46200,-0.46136,0.0
-0.48900,-0.46136,0.0
-0.47400,-0.46136,0.0
-0.50100,-0.46136,0.0
0.43200,-0.46136,0.0
0.50400,-0.46136,0.0
0.51300,-0.46136,0.0
-0.48600,-0.46431,0.0
0.45600,-0.46431,0.0
0.48600,-0.46431,0.0
0.03600,-0.46431,0.0
0.03000,-0.46431,0.0
0.42300,-0.46431,0.0
-0.39300,-0.46431,0.0
-0.36600,-0.46431,0.0
0.43800,-0.46431,0.0
0.04200,-0.46431,0.0
0.44400,-0.46431,0.0
0.49800,-0.46431,0.0
0.42900,-0.46431,0.0
-0.46500,-0.46431,0.0
-0.48300,-0.46431,0.0
-0.50100,-0.46431,0.0
-0.48900,-0.46431,0.0
0.46200,-0.46431,0.0
-0.43800,-0.46431,0.0
-0.46200,-0.46431,0.0
0.02100,-0.46431,0.0
0.00000,-0.46725,0.0
0.06300,-0.46725,0.0
-0.48000,-0.46725,0.0
-0.03000,-0.46725,0.0
-0.49200,-0.46725,0.0
-0.49800,-0.46725,0.0
0.43800,-0.46725,0.0
-0.47400,-0.46725,0.0
0.49200,-0.46725,0.0
0.45600,-0.46725,0.0
0.43500,-0.46725,0.0
0.48000,-0.46725,0.0
-0.39000,-0.46725,0.0
0.02400,-0.46725,0.0
-0.35100,-0.46725,0.0
-0.03900,-0.46725,0.0
-0.00300,-0.46725,0.0
0.50100,-0.46725,0.0
0.46200,-0.46725,0.0
0.08100,-0.46725,0.0
0.45600,-0.47020,0.0
0.01200,-0.47020,0.0
0.42900,-0.47020,0.0
-0.46200,-0.47020,0.0
0.40800,-0.47020,0.0
0.52800,-0.47020,0.0
0.49200,-0.47020,0.0
-0.02100,-0.47020,0.0
0.50700,-0.47020,0.0
-0.03000,-0.47020,0.0
0.08400,-0.47020,0.0
-0.42300,-0.47020,0.0
-0.47100,-0.47020,0.0
-0.48900,-0.47020,0.0
-0.50400,-0.47020,0.0
-0.47700,-0.47020,0.0
0.06600,-0.47020,0.0
-0.37500,-0.47020,0.0
0.02100,-0.47020,0.0
-0.46500,-0.47020,0.0
-0.45600,-0.47020,0.0
-0.49200,-0.47020,0.0
-0.30600,-0.47020,0.0
-0.37800,-0.47020,0.0
0.01800,-0.47020,0.0
0.07200,-0.47315,0.0
-0.50100,-0.47315,0.0
-0.40500,-0.47315,0.0
0.46200,-0.47315,0.0
0.08700,-0.47315,0.0
0.47400,-0.47315,0.0
-0.46800,-0.47315,0.0
0.43800,-0.47315,0.0
0.51600,-0.47315,0.0
-0.03600,-0.47315,0.0
0.52200,-0.47315,0.0
0.02400,-0.47315,0.0
0.46800,-0.47315,0.0
0.51000,-0.47315,0.0
0.45000,-0.47315,0.0
0.00300,-0.47315,0.0
0.49800,-0.47315,0.0
0.05400,-0.47610,0.0
0.50400,-0.47610,0.0
-0.00300,-0.47610,0.0
-0.39600,-0.47610,0.0
-0.47400,-0.47610,0.0
-0.03000,-0.47610,0.0
0.46200,-0.47610,0.0
-0.00600,-0.47610,0.0
0.49800,-0.47610,0.0
-0.38700,-0.47610,0.0
-0.05100,-0.47610,0.0
-0.03900,-0.47610,0.0
0.48900,-0.47610,0.0
0.46500,-0.47610,0.0
0.45000,-0.47610,0.0
0.51600,-0.47610,0.0
0.12600,-0.47905,0.0
-0.05100,-0.47905,0.0
-0.49200,-0.47905,0.0
0.50100,-0.47905,0.0
0.07800,-0.47905,0.0
-0.00600,-0.47905,0.0
0.05700,-0.47905,0.0
-0.45900,-0.47905,0.0
0.50400,-0.47905,0.0
0.04500,-0.47905,0.0
0.12900,-0.47905,0.0
0.50700,-0.47905,0.0
-0.43200,-0.47905,0.0
0.03900,-0.47905,0.0
-0.00900,-0.47905,0.0
0.46500,-0.47905,0.0
0.52200,-0.47905,0.0
0.06600,-0.47905,0.0
0.07200,-0.47905,0.0
0.09000,-0.47905,0.0
-0.06000,-0.47905,0.0
0.03000,-0.48199,0.0
-0.46500,-0.48199,0.0
-0.05400,-0.48199,0.0
-0.46800,-0.48199,0.0
0.38100,-0.48199,0.0
0.45300,-0.48199,0.0
0.44400,-0.48199,0.0
-0.44100,-0.48199,0.0
-0.43800,-0.48199,0.0
0.08100,-0.48199,0.0
0.13200,-0.48199,0.0
0.47400,-0.48199,0.0
-0.03000,-0.48199,0.0
0.00300,-0.48199,0.0
-0.45300,-0.48199,0.0
0.02700,-0.48199,0.0
0.04200,-0.48199,0.0
0.10800,-0.48199,0.0
0.04500,-0.48199,0.0
0.40200,-0.48199,0.0
0.02100,-0.48494,0.0
0.37800,-0.48494,0.0
0.47400,-0.48494,0.0
0.50100,-0.48494,0.0
-0.03900,-0.48494,0.0
0.51600,-0.48494,0.0
0.40800,-0.48494,0.0
-0.01200,-0.48494,0.0
-0.47100,-0.48494,0.0
-0.45300,-0.48494,0.0
0.00300,-0.48494,0.0
-0.04500,-0.48494,0.0
-0.33900,-0.48494,0.0
0.46500,-0.48494,0.0
0.44700,-0.48494,0.0
0.03600,-0.48494,0.0
0.06000,-0.48494,0.0
-0.01800,-0.48494,0.0
0.04200,-0.48494,0.0
0.49200,-0.48494,0.0
0.07500,-0.48494,0.0
-0.03000,-0.48494,0.0
0.45900,-0.48494,0.0
0.08400,-0.48494,0.0
0.00900,-0.48494,0.0
-0.43800,-0.48494,0.0
-0.47700,-0.48494,0.0
0.11700,-0.48494,0.0
0.10800,-0.48494,0.0
0.08400,-0.48789,0.0
0.00300,-0.48789,0.0
-0.41100,-0.48789,0.0
-0.05400,-0.48789,0.0
0.03300,-0.48789,0.0
-0.02400,-0.48789,0.0
0.13500,-0.48789,0.0
0.04800,-0.48789,0.0
0.00900,-0.48789,0.0
0.10800,-0.48789,0.0
0.45000,-0.48789,0.0
-0.46500,-0.48789,0.0
-0.33900,-0.48789,0.0
-0.44700,-0.49084,0.0
-0.41100,-0.49084,0.0
-0.45000,-0.49084,0.0
0.05100,-0.49084,0.0
-0.45600,-0.49084,0.0
-0.47100,-0.49084,0.0
0.04500,-0.49084,0.0
0.00000,-0.49084,0.0
-0.06000,-0.49084,0.0
0.13500,-0.49084,0.0
0.48000,-0.49084,0.0
-0.05100,-0.49084,0.0
0.00600,-0.49084,0.0
-0.02400,-0.49084,0.0
0.40800,-0.49084,0.0
0.02100,-0.49084,0.0
0.04800,-0.49084,0.0
0.44400,-0.49084,0.0
0.45000,-0.49084,0.0
-0.06600,-0.49084,0.0
0.01800,-0.49084,0.0
0.05400,-0.49084,0.0
-0.40800,-0.49084,0.0
0.47400,-0.49084,0.0
-0.42900,-0.49084,0.0
-0.42000,-0.49379,0.0
0.45900,-0.49379,0.0
-0.41100,-0.49379,0.0
-0.45300,-0.49379,0.0
0.49200,-0.49379,0.0
-0.02400,-0.49379,0.0
0.03000,-0.49379,0.0
-0.04500,-0.49379,0.0
0.49500,-0.49379,0.0
0.46800,-0.49379,0.0
-0.48300,-0.49379,0.0
0.03300,-0.49379,0.0
-0.45600,-0.49379,0.0
0.00000,-0.49379,0.0
-0.48000,-0.49379,0.0
-0.46800,-0.49379,0.0
-0.36300,-0.49379,0.0
0.43200,-0.49379,0.0
-0.01500,-0.49379,0.0
-0.02700,-0.49673,0.0
0.47400,-0.49673,0.0
0.45000,-0.49673,0.0
-0.00300,-0.49673,0.0
0.45600,-0.49673,0.0
0.02400,-0.49673,0.0
-0.47700,-0.49673,0.0
-0.44400,-0.49673,0.0
0.37800,-0.49673,0.0
-0.36300,-0.49673,0.0
0.42300,-0.49673,0.0
0.06300,-0.49673,0.0
0.46500,-0.49673,0.0
-0.39600,-0.49673,0.0
-0.04200,-0.49673,0.0
0.04500,-0.49673,0.0
-0.47400,-0.49673,0.0
-0.06900,-0.49673,0.0
-0.42900,-0.49673,0.0
-0.45900,-0.49968,0.0
0.02700,-0.49968,0.0
0.03000,-0.49968,0.0
-0.45300,-0.49968,0.0
0.00300,-0.49968,0.0
0.48000,-0.49968,0.0
0.41400,-0.49968,0.0
-0.02100,-0.49968,0.0
-0.45600,-0.49968,0.0
0.03900,-0.49968,0.0
0.46200,-0.49968,0.0
0.42000,-0.49968,0.0
-0.41100,-0.49968,0.0
0.47400,-0.49968,0.0
-0.46800,-0.49968,0.0
0.37800,-0.49968,0.0
0.47700,-0.49968,0.0
-0.43200,-0.49968,0.0
0.41700,-0.49968,0.0
-0.34500,-0.49968,0.0
0.01500,-0.49968,0.0
0.00600,-0.50263,0.0
0.47400,-0.50263,0.0
0.01200,-0.50263,0.0
0.10500,-0.50263,0.0
-0.44100,-0.50263,0.0
0.02400,-0.50263,0.0
-0.01500,-0.50263,0.0
0.48000,-0.50263,0.0
-0.34500,-0.50263,0.0
-0.00300,-0.50263,0.0
0.36600,-0.50263,0.0
0.43800,-0.50263,0.0
-0.36900,-0.50263,0.0
0.50100,-0.50558,0.0
-0.45000,-0.50558,0.0
0.01800,-0.50558,0.0
0.37800,-0.50558,0.0
0.39600,-0.50558,0.0
0.03600,-0.50558,0.0
0.02400,-0.50558,0.0
0.00300,-0.50558,0.0
0.46200,-0.50558,0.0
0.47400,-0.50558,0.0
0.37200,-0.50558,0.0
-0.06600,-0.50558,0.0
0.45300,-0.50558,0.0
-0.02100,-0.50853,0.0
-0.46800,-0.50853,0.0
0.00300,-0.50853,0.0
-0.35400,-0.50853,0.0
-0.42900,-0.50853,0.0
-0.39600,-0.50853,0.0
0.03300,-0.50853,0.0
-0.43800,-0.50853,0.0
0.46500,-0.50853,0.0
0.47400,-0.50853,0.0
-0.08100,-0.50853,0.0
0.02400,-0.50853,0.0
-0.00900,-0.50853,0.0
0.39000,-0.51147,0.0
-0.45000,-0.51147,0.0
-0.47700,-0.51147,0.0
0.03300,-0.51147,0.0
0.01200,-0.51147,0.0
0.00300,-0.51147,0.0
0.47700,-0.51442,0.0
0.00300,-0.51442,0.0
-0.45600,-0.51442,0.0
0.11700,-0.51442,0.0
0.00600,-0.51442,0.0
0.43200,-0.51442,0.0
0.41700,-0.51442,0.0
-0.46500,-0.51442,0.0
-0.45900,-0.51442,0.0
0.11400,-0.51442,0.0
-0.42300,-0.51442,0.0
-0.37500,-0.51442,0.0
0.03000,-0.51442,0.0
-0.43500,-0.51442,0.0
-0.45000,-0.51442,0.0
-0.39300,-0.51442,0.0
-0.36300,-0.51442,0.0
0.42300,-0.51442,0.0
0.08400,-0.51737,0.0
0.41700,-0.51737,0.0
-0.47100,-0.51737,0.0
-0.43200,-0.51737,0.0
-0.46800,-0.51737,0.0
0.02400,-0.51737,0.0
-0.45600,-0.51737,0.0
0.46800,-0.51737,0.0
0.00600,-0.51737,0.0
0.01200,-0.52032,0.0
-0.47100,-0.52032,0.0
0.44700,-0.52032,0.0
-0.44100,-0.52032,0.0
0.40200,-0.52032,0.0
-0.40200,-0.52032,0.0
-0.44700,-0.52032,0.0
0.45300,-0.52032,0.0
-0.36600,-0.52032,0.0
-0.42900,-0.52032,0.0
0.47400,-0.52032,0.0
0.46200,-0.52032,0.0
-0.40800,-0.52032,0.0
0.42300,-0.52032,0.0
0.00000,-0.52327,0.0
0.01200,-0.52327,0.0
-0.46500,-0.52327,0.0
0.46800,-0.52327,0.0
0.03300,-0.52327,0.0
-0.36000,-0.52327,0.0
-0.39600,-0.52327,0.0
0.45300,-0.52327,0.0
0.45000,-0.52327,0.0
-0.46200,-0.52327,0.0
0.47700,-0.52327,0.0
-0.35700,-0.52327,0.0
0.44700,-0.52327,0.0
-0.46200,-0.52621,0.0
-0.42600,-0.52621,0.0
-0.36300,-0.52621,0.0
-0.46800,-0.52621,0.0
-0.40500,-0.52621,0.0
0.42000,-0.52621,0.0
0.47700,-0.52621,0.0
0.46800,-0.52621,0.0
-0.45900,-0.52621,0.0
0.47100,-0.52916,0.0
-0.42000,-0.52916,0.0
-0.45600,-0.52916,0.0
-0.40800,-0.52916,0.0
-0.40500,-0.52916,0.0
0.46200,-0.52916,0.0
0.43500,-0.52916,0.0
0.39600,-0.53211,0.0
-0.40800,-0.53211,0.0
-0.43200,-0.53211,0.0
-0.42900,-0.53211,0.0
-0.44400,-0.53211,0.0
-0.45000,-0.53506,0.0
0.42600,-0.53506,0.0
-0.44100,-0.53506,0.0
-0.36000,-0.53506,0.0
-0.43800,-0.53506,0.0
0.01500,-0.53506,0.0
-0.46500,-0.53506,0.0
0.46500,-0.53506,0.0
-0.44700,-0.53506,0.0
0.42000,-0.53506,0.0
-0.39600,-0.53506,0.0
-0.39900,-0.53506,0.0
-0.46800,-0.53506,0.0
0.00900,-0.53506,0.0
-0.44100,-0.53801,0.0
-0.40500,-0.53801,0.0
0.39900,-0.53801,0.0
-0.43500,-0.53801,0.0
-0.44400,-0.53801,0.0
-0.43800,-0.53801,0.0
0.45300,-0.53801,0.0
0.46500,-0.53801,0.0
0.39000,-0.53801,0.0
0.44400,-0.54095,0.0
-0.38100,-0.54095,0.0
0.42600,-0.54095,0.0
-0.36300,-0.54095,0.0
0.46200,-0.54095,0.0
-0.40200,-0.54095,0.0
-0.44700,-0.54390,0.0
0.00900,-0.54390,0.0
-0.45300,-0.54390,0.0
0.45900,-0.54390,0.0
0.42000,-0.54390,0.0
0.44700,-0.54390,0.0
-0.46200,-0.54390,0.0
-0.45600,-0.54390,0.0
0.44100,-0.54390,0.0
-0.42000,-0.54390,0.0
0.00600,-0.54390,0.0
0.43800,-0.54685,0.0
0.44400,-0.54685,0.0
-0.42600,-0.54685,0.0
-0.38400,-0.54685,0.0
0.39000,-0.54685,0.0
0.39300,-0.54685,0.0
-0.40200,-0.54685,0.0
0.45600,-0.54685,0.0
-0.46200,-0.54685,0.0
0.44100,-0.54685,0.0
0.45300,-0.54685,0.0
0.41700,-0.54980,0.0
0.42900,-0.54980,0.0
0.40500,-0.54980,0.0
-0.42300,-0.54980,0.0
-0.37500,-0.54980,0.0
-0.39900,-0.54980,0.0
-0.41700,-0.54980,0.0
0.39000,-0.54980,0.0
0.38700,-0.54980,0.0
-0.42600,-0.54980,0.0
0.39900,-0.54980,0.0
-0.37200,-0.54980,0.0
0.45300,-0.54980,0.0
0.39600,-0.55275,0.0
0.35700,-0.55275,0.0
-0.41400,-0.55275,0.0
0.44100,-0.55275,0.0
-0.39300,-0.55275,0.0
0.41100,-0.55275,0.0
-0.43800,-0.55275,0.0
0.41400,-0.55275,0.0
-0.40800,-0.55569,0.0
-0.40500,-0.55569,0.0
0.44700,-0.55569,0.0
0.41400,-0.55569,0.0
-0.38400,-0.55569,0.0
-0.43500,-0.55569,0.0
-0.39900,-0.55864,0.0
-0.39600,-0.55864,0.0
0.41400,-0.55864,0.0
0.36600,-0.55864,0.0
0.38100,-0.55864,0.0
-0.43200,-0.56159,0.0
0.42300,-0.56159,0.0
0.44400,-0.56159,0.0
-0.43500,-0.56159,0.0
0.41400,-0.56159,0.0
-0.38700,-0.56159,0.0
0.36000,-0.56159,0.0
0.36600,-0.56159,0.0
-0.40800,-0.56159,0.0
-0.41700,-0.56159,0.0
-0.41700,-0.56454,0.0
0.39300,-0.56454,0.0
0.42300,-0.56454,0.0
0.38700,-0.56454,0.0
-0.43200,-0.56454,0.0
0.41100,-0.56454,0.0
0.37800,-0.56454,0.0
-0.42300,-0.56454,0.0
-0.46500,-0.56454,0.0
0.44700,-0.56454,0.0
0.45000,-0.56454,0.0
-0.39900,-0.56749,0.0
0.43800,-0.56749,0.0
0.37200,-0.56749,0.0
0.36000,-0.56749,0.0
-0.33900,-0.56749,0.0
0.42900,-0.56749,0.0
0.47400,-0.56749,0.0
-0.36900,-0.56749,0.0
0.42900,-0.57043,0.0
0.44100,-0.57043,0.0
0.42000,-0.57043,0.0
-0.36000,-0.57043,0.0
0.34800,-0.57043,0.0
0.44400,-0.57043,0.0
0.41700,-0.57043,0.0
0.39000,-0.57338,0.0
0.40800,-0.57338,0.0
0.34800,-0.57338,0.0
-0.34800,-0.57338,0.0
-0.38100,-0.57338,0.0
-0.37800,-0.57338,0.0
0.47100,-0.57338,0.0
0.37800,-0.57338,0.0
0.36900,-0.57338,0.0
-0.37500,-0.57338,0.0
0.39900,-0.57633,0.0
-0.46200,-0.57633,0.0
-0.38100,-0.57633,0.0
0.34800,-0.57633,0.0
0.40800,-0.57633,0.0
-0.37200,-0.57633,0.0
-0.37500,-0.57633,0.0
-0.41700,-0.57633,0.0
0.42900,-0.57633,0.0
-0.40200,-0.57633,0.0
0.41100,-0.57633,0.0
0.41700,-0.57633,0.0
-0.46200,-0.57928,0.0
-0.37200,-0.57928,0.0
-0.42300,-0.57928,0.0
-0.40200,-0.57928,0.0
-0.41100,-0.57928,0.0
-0.41700,-0.57928,0.0
-0.45900,-0.57928,0.0
0.35400,-0.57928,0.0
-0.45600,-0.57928,0.0
0.47400,-0.58223,0.0
0.33600,-0.58223,0.0
0.35100,-0.58223,0.0
-0.31800,-0.58223,0.0
-0.45900,-0.58223,0.0
-0.37200,-0.58223,0.0
0.41400,-0.58517,0.0
-0.38100,-0.58517,0.0
0.42600,-0.58517,0.0
-0.32400,-0.58517,0.0
-0.39300,-0.58517,0.0
-0.35400,-0.58517,0.0
0.40800,-0.58517,0.0
0.46800,-0.58517,0.0
-0.37200,-0.58517,0.0
-0.40200,-0.58517,0.0
0.38700,-0.58517,0.0
0.38700,-0.58812,0.0
-0.39900,-0.58812,0.0
0.40200,-0.58812,0.0
-0.36900,-0.58812,0.0
-0.32400,-0.58812,0.0
0.41400,-0.58812,0.0
0.35700,-0.58812,0.0
-0.37200,-0.58812,0.0
0.37800,-0.58812,0.0
-0.39600,-0.58812,0.0
0.36600,-0.58812,0.0
0.40500,-0.59107,0.0
-0.39000,-0.59107,0.0
0.34500,-0.59107,0.0
0.41400,-0.59107,0.0
-0.37800,-0.59107,0.0
0.46800,-0.59107,0.0
0.36900,-0.59107,0.0
0.47100,-0.59107,0.0
-0.40500,-0.59107,0.0
-0.27300,-0.59107,0.0
0.36600,-0.59107,0.0
0.41700,-0.59402,0.0
0.47100,-0.59402,0.0
-0.39000,-0.59402,0.0
0.42300,-0.59402,0.0
-0.39300,-0.59402,0.0
-0.45600,-0.59402,0.0
-0.37800,-0.59402,0.0
0.37800,-0.59402,0.0
0.34800,-0.59402,0.0
0.46800,-0.59697,0.0
0.38700,-0.59697,0.0
0.33600,-0.59697,0.0
0.36900,-0.59697,0.0
0.37800,-0.59697,0.0
-0.37500,-0.59697,0.0
0.39000,-0.59697,0.0
-0.41100,-0.59697,0.0
-0.27600,-0.59697,0.0
-0.40200,-0.59697,0.0
0.39900,-0.59697,0.0
-0.35100,-0.59697,0.0
-0.36600,-0.59991,0.0
-0.39000,-0.59991,0.0
-0.30600,-0.59991,0.0
0.40500,-0.59991,0.0
0.40200,-0.59991,0.0
0.46800,-0.59991,0.0
-0.39300,-0.59991,0.0
0.38700,-0.59991,0.0
-0.38700,-0.59991,0.0
0.39300,-0.59991,0.0
0.36900,-0.60286,0.0
-0.36600,-0.60286,0.0
0.42900,-0.60286,0.0
-0.39300,-0.60286,0.0
-0.35700,-0.60286,0.0
-0.39900,-0.60286,0.0
0.39900,-0.60286,0.0
0.33900,-0.60286,0.0
0.35100,-0.60286,0.0
-0.35700,-0.60581,0.0
0.38400,-0.60581,0.0
0.40200,-0.60581,0.0
-0.36900,-0.60581,0.0
0.39300,-0.60581,0.0
0.39000,-0.60581,0.0
-0.37800,-0.60581,0.0
0.46800,-0.60581,0.0
-0.31800,-0.60581,0.0
0.31200,-0.60876,0.0
-0.31500,-0.60876,0.0
0.39300,-0.60876,0.0
0.39000,-0.60876,0.0
-0.40800,-0.60876,0.0
-0.39600,-0.60876,0.0
-0.33600,-0.60876,0.0
-0.38700,-0.60876,0.0
-0.35700,-0.60876,0.0
-0.26100,-0.60876,0.0
0.37200,-0.60876,0.0
-0.31200,-0.60876,0.0
-0.30900,-0.60876,0.0
0.35400,-0.60876,0.0
-0.45600,-0.60876,0.0
-0.34800,-0.60876,0.0
0.36900,-0.60876,0.0
0.38400,-0.60876,0.0
0.36000,-0.60876,0.0
0.32400,-0.61171,0.0
0.35700,-0.61171,0.0
0.38400,-0.61171,0.0
-0.31500,-0.61171,0.0
0.36600,-0.61171,0.0
-0.37200,-0.61171,0.0
-0.40800,-0.61171,0.0
0.35400,-0.61171,0.0
-0.35400,-0.61171,0.0
-0.37500,-0.61465,0.0
0.33300,-0.61465,0.0
-0.32400,-0.61465,0.0
0.33000,-0.61465,0.0
-0.33600,-0.61465,0.0
-0.40500,-0.61465,0.0
0.36300,-0.61465,0.0
-0.35100,-0.61465,0.0
-0.33900,-0.61760,0.0
-0.26100,-0.61760,0.0
-0.36300,-0.61760,0.0
0.36300,-0.61760,0.0
-0.45900,-0.61760,0.0
0.38400,-0.61760,0.0
0.36900,-0.61760,0.0
0.40800,-0.61760,0.0
-0.33000,-0.61760,0.0
0.37800,-0.61760,0.0
0.36600,-0.61760,0.0
0.33000,-0.61760,0.0
-0.27900,-0.61760,0.0
-0.32100,-0.61760,0.0
-0.37500,-0.61760,0.0
-0.34800,-0.61760,0.0
0.46800,-0.61760,0.0
-0.30000,-0.61760,0.0
0.40200,-0.61760,0.0
0.38700,-0.62055,0.0
-0.35100,-0.62055,0.0
-0.31500,-0.62055,0.0
0.37500,-0.62055,0.0
-0.40200,-0.62055,0.0
-0.45600,-0.62055,0.0
0.34200,-0.62055,0.0
-0.36000,-0.62055,0.0
-0.35700,-0.62055,0.0
-0.28200,-0.62055,0.0
0.33300,-0.62055,0.0
0.32100,-0.62350,0.0
0.30900,-0.62350,0.0
0.31500,-0.62350,0.0
-0.45600,-0.62350,0.0
-0.33600,-0.62350,0.0
0.35100,-0.62350,0.0
-0.33000,-0.62350,0.0
-0.27300,-0.62350,0.0
-0.27600,-0.62350,0.0
-0.20700,-0.62350,0.0
-0.21300,-0.62645,0.0
0.36300,-0.62645,0.0
-0.29700,-0.62645,0.0
-0.36000,-0.62645,0.0
-0.33900,-0.62645,0.0
-0.28500,-0.62645,0.0
-0.29400,-0.62645,0.0
-0.35700,-0.62645,0.0
-0.33600,-0.62645,0.0
-0.33000,-0.62645,0.0
0.27300,-0.62939,0.0
0.29700,-0.62939,0.0
0.32100,-0.62939,0.0
0.34800,-0.62939,0.0
0.38700,-0.62939,0.0
0.32700,-0.62939,0.0
0.36300,-0.62939,0.0
-0.24300,-0.62939,0.0
-0.45300,-0.62939,0.0
-0.34800,-0.62939,0.0
-0.34500,-0.63234,0.0
-0.26400,-0.63234,0.0
-0.35400,-0.63234,0.0
0.34500,-0.63234,0.0
-0.33300,-0.63234,0.0
0.34800,-0.63234,0.0
0.35100,-0.63234,0.0
-0.45300,-0.63234,0.0
-0.33000,-0.63234,0.0
-0.24600,-0.63234,0.0
0.36300,-0.63234,0.0
-0.31500,-0.63234,0.0
0.36900,-0.63234,0.0
-0.30300,-0.63234,0.0
0.30000,-0.63234,0.0
-0.28200,-0.63234,0.0
0.35400,-0.63234,0.0
0.34200,-0.63234,0.0
0.33600,-0.63234,0.0
-0.28800,-0.63529,0.0
0.30900,-0.63529,0.0
-0.30600,-0.63529,0.0
-0.37800,-0.63529,0.0
-0.31200,-0.63529,0.0
-0.30300,-0.63529,0.0
0.37200,-0.63529,0.0
-0.34200,-0.63529,0.0
-0.28500,-0.63529,0.0
-0.35100,-0.63529,0.0
0.39000,-0.63529,0.0
0.33000,-0.63529,0.0
0.36600,-0.63529,0.0
-0.24900,-0.63529,0.0
-0.33600,-0.63529,0.0
0.33900,-0.63529,0.0
0.36600,-0.63824,0.0
-0.22800,-0.63824,0.0
-0.24000,-0.63824,0.0
-0.25800,-0.63824,0.0
0.36300,-0.63824,0.0
-0.21900,-0.63824,0.0
0.33600,-0.63824,0.0
-0.28200,-0.63824,0.0
0.32100,-0.63824,0.0
-0.33000,-0.63824,0.0
0.30900,-0.63824,0.0
-0.23400,-0.63824,0.0
-0.45900,-0.63824,0.0
-0.28800,-0.63824,0.0
-0.36600,-0.63824,0.0
-0.27900,-0.63824,0.0
0.31200,-0.63824,0.0
-0.33600,-0.63824,0.0
0.25200,-0.63824,0.0
-0.34200,-0.63824,0.0
-0.23400,-0.64118,0.0
0.28200,-0.64118,0.0
-0.36600,-0.64118,0.0
0.31800,-0.64118,0.0
-0.37800,-0.64118,0.0
-0.28800,-0.64118,0.0
0.36000,-0.64118,0.0
0.33900,-0.64118,0.0
-0.32700,-0.64118,0.0
-0.21900,-0.64118,0.0
-0.26100,-0.64118,0.0
-0.24600,-0.64118,0.0
-0.22500,-0.64118,0.0
-0.28200,-0.64118,0.0
-0.27600,-0.64118,0.0
-0.34200,-0.64118,0.0
-0.32400,-0.64118,0.0
0.33000,-0.64118,0.0
0.31500,-0.64118,0.0
0.25800,-0.64118,0.0
-0.35700,-0.64413,0.0
0.37200,-0.64413,0.0
-0.28200,-0.64413,0.0
-0.22200,-0.64413,0.0
-0.21000,-0.64413,0.0
0.33300,-0.64413,0.0
-0.22800,-0.64413,0.0
-0.31500,-0.64413,0.0
0.24000,-0.64413,0.0
-0.34200,-0.64413,0.0
0.31500,-0.64413,0.0
0.36900,-0.64413,0.0
0.24600,-0.64413,0.0
-0.32100,-0.64413,0.0
-0.26400,-0.64708,0.0
0.31200,-0.64708,0.0
0.34200,-0.64708,0.0
-0.30600,-0.64708,0.0
0.28800,-0.64708,0.0
-0.45600,-0.64708,0.0
-0.24900,-0.64708,0.0
-0.24600,-0.64708,0.0
0.33000,-0.64708,0.0
0.47100,-0.64708,0.0
-0.32400,-0.64708,0.0
0.34500,-0.64708,0.0
-0.29700,-0.64708,0.0
0.35400,-0.65003,0.0
-0.26700,-0.65003,0.0
0.35100,-0.65003,0.0
0.32400,-0.65003,0.0
0.34800,-0.65003,0.0
-0.28800,-0.65003,0.0
0.30600,-0.65003,0.0
-0.24300,-0.65003,0.0
-0.25200,-0.65003,0.0
0.31200,-0.65003,0.0
-0.36600,-0.65003,0.0
-0.29100,-0.65003,0.0
-0.22800,-0.65003,0.0
0.28200,-0.65298,0.0
-0.25200,-0.65298,0.0
-0.33600,-0.65298,0.0
0.29400,-0.65298,0.0
-0.36000,-0.65298,0.0
-0.25800,-0.65298,0.0
-0.24300,-0.65298,0.0
0.46800,-0.65298,0.0
0.26400,-0.65298,0.0
-0.21000,-0.65298,0.0
-0.31800,-0.65298,0.0
-0.31500,-0.65298,0.0
0.46500,-0.65298,0.0
0.33000,-0.65298,0.0
0.30900,-0.65298,0.0
0.27000,-0.65592,0.0
0.31200,-0.65592,0.0
0.28500,-0.65592,0.0
0.22500,-0.65592,0.0
-0.30600,-0.65592,0.0
-0.21000,-0.65592,0.0
-0.35400,-0.65592,0.0
-0.30000,-0.65592,0.0
-0.33900,-0.65592,0.0
0.25500,-0.65592,0.0
-0.23100,-0.65592,0.0
-0.25200,-0.65592,0.0
-0.27600,-0.65592,0.0
-0.29400,-0.65592,0.0
-0.22500,-0.65592,0.0
-0.28800,-0.65887,0.0
0.31500,-0.65887,0.0
0.31200,-0.65887,0.0
-0.25800,-0.65887,0.0
-0.29400,-0.65887,0.0
-0.31500,-0.65887,0.0
-0.22200,-0.65887,0.0
-0.24600,-0.65887,0.0
0.33300,-0.65887,0.0
-0.31200,-0.65887,0.0
-0.33000,-0.65887,0.0
0.32700,-0.65887,0.0
0.27000,-0.65887,0.0
0.26700,-0.65887,0.0
-0.27300,-0.65887,0.0
0.47100,-0.65887,0.0
-0.31800,-0.65887,0.0
-0.33900,-0.65887,0.0
-0.34200,-0.66182,0.0
-0.26100,-0.66182,0.0
-0.21000,-0.66182,0.0
0.28200,-0.66182,0.0
0.30300,-0.66182,0.0
-0.24000,-0.66182,0.0
-0.22500,-0.66182,0.0
0.27600,-0.66182,0.0
-0.27900,-0.66477,0.0
0.28200,-0.66477,0.0
0.21600,-0.66477,0.0
0.35100,-0.66477,0.0
0.33300,-0.66477,0.0
-0.27600,-0.66477,0.0
0.30600,-0.66477,0.0
0.26700,-0.66477,0.0
0.30300,-0.66477,0.0
-0.25500,-0.66477,0.0
-0.45000,-0.66477,0.0
-0.33000,-0.66477,0.0
0.34500,-0.66477,0.0
-0.28800,-0.66477,0.0
-0.30000,-0.66477,0.0
0.21000,-0.66477,0.0
0.33000,-0.66477,0.0
-0.45600,-0.66477,0.0
0.23100,-0.66477,0.0
-0.32700,-0.66477,0.0
-0.28800,-0.66772,0.0
-0.29100,-0.66772,0.0
-0.24900,-0.66772,0.0
-0.17700,-0.66772,0.0
0.26700,-0.66772,0.0
-0.21000,-0.66772,0.0
0.27900,-0.66772,0.0
0.24900,-0.66772,0.0
-0.24300,-0.66772,0.0
0.29400,-0.66772,0.0
0.19800,-0.66772,0.0
-0.27600,-0.66772,0.0
0.33000,-0.66772,0.0
0.23700,-0.66772,0.0
-0.18600,-0.66772,0.0
0.32700,-0.66772,0.0
0.25800,-0.66772,0.0
-0.20400,-0.66772,0.0
0.47100,-0.66772,0.0
0.33300,-0.67066,0.0
-0.32400,-0.67066,0.0
-0.28500,-0.67066,0.0
0.31500,-0.67066,0.0
0.25500,-0.67066,0.0
-0.27300,-0.67066,0.0
-0.21900,-0.67066,0.0
-0.18900,-0.67066,0.0
0.30900,-0.67066,0.0
-0.24900,-0.67066,0.0
-0.27900,-0.67066,0.0
0.24900,-0.67066,0.0
-0.19800,-0.67066,0.0
0.24300,-0.67066,0.0
-0.24000,-0.67066,0.0
-0.17100,-0.67066,0.0
0.30000,-0.67066,0.0
-0.18600,-0.67066,0.0
-0.27000,-0.67066,0.0
-0.20400,-0.67066,0.0
-0.24300,-0.67066,0.0
0.27000,-0.67066,0.0
-0.33600,-0.67066,0.0
0.22500,-0.67066,0.0
-0.33000,-0.67066,0.0
-0.20100,-0.67361,0.0
0.22500,-0.67361,0.0
0.29100,-0.67361,0.0
-0.18000,-0.67361,0.0
0.28500,-0.67361,0.0
0.27300,-0.67361,0.0
0.23400,-0.67361,0.0
-0.18300,-0.67361,0.0
-0.32100,-0.67361,0.0
0.21300,-0.67361,0.0
-0.17100,-0.67361,0.0
-0.33900,-0.67361,0.0
-0.28200,-0.67361,0.0
-0.26700,-0.67361,0.0
0.30300,-0.67361,0.0
-0.18600,-0.67361,0.0
0.22200,-0.67361,0.0
0.21000,-0.67361,0.0
0.28800,-0.67361,0.0
-0.21900,-0.67361,0.0
0.27900,-0.67361,0.0
-0.25200,-0.67361,0.0
0.30000,-0.67656,0.0
-0.23400,-0.67656,0.0
-0.45000,-0.67656,0.0
0.47100,-0.67656,0.0
-0.18600,-0.67656,0.0
0.19800,-0.67656,0.0
-0.28200,-0.67656,0.0
0.29700,-0.67656,0.0
-0.18900,-0.67656,0.0
-0.31200,-0.67656,0.0
-0.21300,-0.67656,0.0
0.23700,-0.67656,0.0
0.36000,-0.67656,0.0
-0.27300,-0.67656,0.0
0.32400,-0.67656,0.0
-0.34500,-0.67656,0.0
-0.30900,-0.67951,0.0
0.22500,-0.67951,0.0
0.18000,-0.67951,0.0
0.46800,-0.67951,0.0
0.30300,-0.67951,0.0
-0.28800,-0.67951,0.0
-0.18600,-0.67951,0.0
-0.23700,-0.67951,0.0
-0.20400,-0.67951,0.0
-0.21300,-0.67951,0.0
0.31500,-0.67951,0.0
0.19800,-0.67951,0.0
-0.21000,-0.67951,0.0
0.26700,-0.67951,0.0
-0.17700,-0.67951,0.0
-0.22200,-0.67951,0.0
-0.24000,-0.67951,0.0
-0.25500,-0.67951,0.0
0.29100,-0.67951,0.0
-0.17700,-0.68246,0.0
0.18600,-0.68246,0.0
-0.24600,-0.68246,0.0
-0.24300,-0.68246,0.0
0.29100,-0.68246,0.0
-0.26100,-0.68246,0.0
0.27000,-0.68246,0.0
0.32100,-0.68246,0.0
0.24300,-0.68246,0.0
0.30300,-0.68246,0.0
0.47100,-0.68246,0.0
-0.25500,-0.68246,0.0
-0.33600,-0.68246,0.0
-0.18300,-0.68246,0.0
0.29700,-0.68246,0.0
0.31500,-0.68246,0.0
-0.16500,-0.68246,0.0
0.19200,-0.68540,0.0
-0.22500,-0.68540,0.0
-0.14700,-0.68540,0.0
-0.15900,-0.68540,0.0
0.23100,-0.68540,0.0
0.21300,-0.68540,0.0
-0.18600,-0.68540,0.0
0.46500,-0.68540,0.0
-0.33000,-0.68540,0.0
0.12600,-0.68540,0.0
-0.17100,-0.68540,0.0
0.28800,-0.68540,0.0
0.22500,-0.68540,0.0
0.29700,-0.68540,0.0
0.47100,-0.68540,0.0
-0.24000,-0.68540,0.0
0.30000,-0.68540,0.0
0.31200,-0.68540,0.0
0.20700,-0.68540,0.0
0.18900,-0.68540,0.0
-0.15300,-0.68540,0.0
-0.27300,-0.68835,0.0
-0.15000,-0.68835,0.0
-0.29400,-0.68835,0.0
-0.26700,-0.68835,0.0
-0.15600,-0.68835,0.0
-0.20400,-0.68835,0.0
0.21900,-0.68835,0.0
0.19800,-0.68835,0.0
-0.30000,-0.68835,0.0
-0.21300,-0.68835,0.0
-0.16200,-0.68835,0.0
-0.13500,-0.68835,0.0
-0.22800,-0.68835,0.0
-0.17400,-0.68835,0.0
0.20700,-0.68835,0.0
-0.24600,-0.68835,0.0
-0.28800,-0.68835,0.0
-0.18300,-0.68835,0.0
-0.21900,-0.68835,0.0
-0.33900,-0.68835,0.0
-0.19800,-0.68835,0.0
0.27000,-0.68835,0.0
0.25500,-0.68835,0.0
0.29400,-0.69130,0.0
0.31200,-0.69130,0.0
-0.17100,-0.69130,0.0
-0.28800,-0.69130,0.0
0.17400,-0.69130,0.0
0.30000,-0.69130,0.0
0.12600,-0.69130,0.0
-0.17400,-0.69130,0.0
-0.13200,-0.69130,0.0
-0.27600,-0.69130,0.0
0.18900,-0.69130,0.0
0.27000,-0.69130,0.0
-0.15300,-0.69130,0.0
-0.26100,-0.69130,0.0
0.21600,-0.69130,0.0
-0.20400,-0.69130,0.0
-0.21000,-0.69130,0.0
-0.16200,-0.69130,0.0
0.21900,-0.69130,0.0
0.19800,-0.69130,0.0
0.22200,-0.69130,0.0
0.24000,-0.69130,0.0
0.27600,-0.69130,0.0
-0.18000,-0.69130,0.0
-0.24300,-0.69130,0.0
0.13800,-0.69425,0.0
0.28200,-0.69425,0.0
0.20700,-0.69425,0.0
-0.23700,-0.69425,0.0
-0.23100,-0.69425,0.0
-0.22800,-0.69425,0.0
0.46800,-0.69425,0.0
0.22800,-0.69425,0.0
0.27300,-0.69425,0.0
-0.16200,-0.69425,0.0
-0.15900,-0.69425,0.0
0.29700,-0.69425,0.0
0.24000,-0.69425,0.0
0.47100,-0.69425,0.0
0.15900,-0.69425,0.0
0.14100,-0.69425,0.0
-0.28800,-0.69425,0.0
-0.20100,-0.69425,0.0
-0.27000,-0.69425,0.0
0.20400,-0.69425,0.0
-0.25200,-0.69425,0.0
-0.26700,-0.69425,0.0
-0.29100,-0.69425,0.0
-0.29400,-0.69425,0.0
-0.27000,-0.69720,0.0
0.19800,-0.69720,0.0
0.22200,-0.69720,0.0
-0.24900,-0.69720,0.0
0.30600,-0.69720,0.0
0.27600,-0.69720,0.0
-0.17400,-0.69720,0.0
0.12600,-0.69720,0.0
0.29400,-0.69720,0.0
0.25800,-0.69720,0.0
0.15900,-0.69720,0.0
0.28800,-0.69720,0.0
-0.19500,-0.69720,0.0
-0.15900,-0.69720,0.0
-0.12600,-0.69720,0.0
0.18900,-0.69720,0.0
-0.24300,-0.69720,0.0
-0.22800,-0.69720,0.0
-0.16800,-0.69720,0.0
0.17700,-0.69720,0.0
0.08400,-0.69720,0.0
0.20700,-0.70014,0.0
-0.18000,-0.70014,0.0
0.22500,-0.70014,0.0
0.20100,-0.70014,0.0
0.21000,-0.70014,0.0
0.27600,-0.70014,0.0
0.12600,-0.70014,0.0
-0.27300,-0.70014,0.0
0.09300,-0.70014,0.0
0.23400,-0.70014,0.0
-0.24600,-0.70014,0.0
-0.19800,-0.70014,0.0
0.08400,-0.70014,0.0
-0.15900,-0.70014,0.0
-0.18600,-0.70014,0.0
-0.13200,-0.70014,0.0
-0.20100,-0.70014,0.0
-0.19200,-0.70309,0.0
-0.17100,-0.70309,0.0
-0.30000,-0.70309,0.0
-0.18300,-0.70309,0.0
0.12300,-0.70309,0.0
0.26700,-0.70309,0.0
0.13500,-0.70309,0.0
0.27000,-0.70309,0.0
-0.12000,-0.70309,0.0
-0.24300,-0.70309,0.0
0.17100,-0.70309,0.0
0.29400,-0.70309,0.0
-0.15300,-0.70309,0.0
-0.13500,-0.70309,0.0
0.26100,-0.70309,0.0
0.21600,-0.70309,0.0
0.31500,-0.70309,0.0
-0.27000,-0.70309,0.0
-0.45600,-0.70309,0.0
-0.14100,-0.70309,0.0
0.29100,-0.70309,0.0
-0.06600,-0.70604,0.0
0.28200,-0.70604,0.0
0.26700,-0.70604,0.0
-0.13800,-0.70604,0.0
0.15000,-0.70604,0.0
0.24900,-0.70604,0.0
0.27300,-0.70604,0.0
0.17100,-0.70604,0.0
0.47100,-0.70604,0.0
0.22200,-0.70604,0.0
0.24600,-0.70604,0.0
-0.19800,-0.70604,0.0
-0.17400,-0.70604,0.0
-0.18600,-0.70604,0.0
0.12000,-0.70604,0.0
0.18000,-0.70604,0.0
-0.19500,-0.70604,0.0
0.21000,-0.70604,0.0
0.14100,-0.70604,0.0
-0.09000,-0.70604,0.0
0.14400,-0.70604,0.0
0.25800,-0.70604,0.0
0.19500,-0.70604,0.0
0.46500,-0.70604,0.0
0.24000,-0.70899,0.0
0.24900,-0.70899,0.0
0.13500,-0.70899,0.0
-0.14400,-0.70899,0.0
0.46500,-0.70899,0.0
0.14700,-0.70899,0.0
0.21900,-0.70899,0.0
0.04500,-0.70899,0.0
-0.11700,-0.70899,0.0
-0.02400,-0.70899,0.0
0.24600,-0.70899,0.0
-0.22800,-0.70899,0.0
-0.18000,-0.70899,0.0
0.17400,-0.70899,0.0
0.19200,-0.70899,0.0
0.28500,-0.70899,0.0
0.24300,-0.70899,0.0
-0.24900,-0.70899,0.0
-0.22500,-0.70899,0.0
0.47100,-0.70899,0.0
-0.05100,-0.70899,0.0
0.16800,-0.70899,0.0
0.09900,-0.70899,0.0
0.20400,-0.70899,0.0
-0.19800,-0.70899,0.0
-0.23700,-0.70899,0.0
0.13200,-0.70899,0.0
-0.01200,-0.70899,0.0
0.26100,-0.70899,0.0
0.25800,-0.71194,0.0
0.16800,-0.71194,0.0
0.11700,-0.71194,0.0
0.17100,-0.71194,0.0
0.46500,-0.71194,0.0
0.24900,-0.71194,0.0
0.13200,-0.71194,0.0
-0.30300,-0.71194,0.0
-0.20100,-0.71194,0.0
0.13800,-0.71194,0.0
0.16200,-0.71194,0.0
-0.13800,-0.71194,0.0
0.06900,-0.71194,0.0
-0.26400,-0.71194,0.0
-0.18300,-0.71194,0.0
-0.24900,-0.71194,0.0
0.16500,-0.71194,0.0
0.02400,-0.71194,0.0
0.11400,-0.71194,0.0
-0.17400,-0.71194,0.0
0.18300,-0.71194,0.0
0.15000,-0.71194,0.0
0.29400,-0.71194,0.0
0.27000,-0.71194,0.0
-0.20400,-0.71194,0.0
0.22200,-0.71194,0.0
-0.08400,-0.71194,0.0
-0.11100,-0.71194,0.0
-0.26100,-0.71194,0.0
-0.09300,-0.71488,0.0
-0.05100,-0.71488,0.0
0.18000,-0.71488,0.0
0.16500,-0.71488,0.0
0.13200,-0.71488,0.0
0.11100,-0.71488,0.0
0.26700,-0.71488,0.0
0.08400,-0.71488,0.0
0.13800,-0.71488,0.0
0.20100,-0.71488,0.0
0.24600,-0.71488,0.0
0.21600,-0.71488,0.0
0.13500,-0.71488,0.0
0.19200,-0.71488,0.0
-0.06600,-0.71488,0.0
-0.26400,-0.71488,0.0
-0.21900,-0.71488,0.0
-0.22500,-0.71488,0.0
0.46800,-0.71488,0.0
-0.21600,-0.71488,0.0
0.27000,-0.71488,0.0
0.25500,-0.71488,0.0
-0.26100,-0.71488,0.0
0.19800,-0.71488,0.0
-0.01200,-0.71488,0.0
-0.45300,-0.71488,0.0
-0.00900,-0.71488,0.0
0.07500,-0.71488,0.0
0.18600,-0.71488,0.0
0.28200,-0.71488,0.0
0.06600,-0.71488,0.0
0.20400,-0.71783,0.0
0.27000,-0.71783,0.0
-0.09000,-0.71783,0.0
-0.06000,-0.71783,0.0
-0.07800,-0.71783,0.0
0.02400,-0.71783,0.0
-0.09300,-0.71783,0.0
-0.15600,-0.71783,0.0
0.06900,-0.71783,0.0
0.07800,-0.71783,0.0
0.13800,-0.71783,0.0
0.24300,-0.71783,0.0
0.18000,-0.71783,0.0
0.27300,-0.71783,0.0
0.26400,-0.71783,0.0
0.24900,-0.71783,0.0
-0.15000,-0.71783,0.0
0.11400,-0.71783,0.0
-0.17700,-0.71783,0.0
0.46200,-0.71783,0.0
0.21600,-0.71783,0.0
0.09900,-0.71783,0.0
0.21000,-0.71783,0.0
-0.23400,-0.71783,0.0
0.29100,-0.72078,0.0
0.24300,-0.72078,0.0
-0.00300,-0.72078,0.0
-0.15300,-0.72078,0.0
0.03900,-0.72078,0.0
-0.17700,-0.72078,0.0
-0.17400,-0.72078,0.0
0.01200,-0.72078,0.0
0.22200,-0.72078,0.0
0.27000,-0.72078,0.0
-0.30300,-0.72078,0.0
0.07500,-0.72078,0.0
-0.04800,-0.72078,0.0
-0.05100,-0.72078,0.0
-0.21600,-0.72078,0.0
0.16500,-0.72078,0.0
-0.10200,-0.72078,0.0
-0.45300,-0.72078,0.0
0.06000,-0.72078,0.0
0.00000,-0.72078,0.0
0.16800,-0.72078,0.0
0.17700,-0.72078,0.0
0.06300,-0.72078,0.0
-0.09600,-0.72078,0.0
0.46500,-0.72078,0.0
0.07200,-0.72078,0.0
-0.11400,-0.72078,0.0
-0.21900,-0.72078,0.0
-0.05400,-0.72078,0.0
-0.15900,-0.72078,0.0
-0.23400,-0.72078,0.0
0.08700,-0.72078,0.0
-0.09000,-0.72078,0.0
0.02100,-0.72078,0.0
0.13200,-0.72078,0.0
-0.01200,-0.72078,0.0
0.21900,-0.72078,0.0
-0.21000,-0.72078,0.0
0.25200,-0.72078,0.0
0.23400,-0.72078,0.0
-0.21300,-0.72373,0.0
-0.25200,-0.72373,0.0
-0.03600,-0.72373,0.0
0.21300,-0.72373,0.0
-0.24600,-0.72373,0.0
-0.03900,-0.72373,0.0
-0.00300,-0.72373,0.0
0.24000,-0.72373,0.0
0.09300,-0.72373,0.0
0.14100,-0.72373,0.0
0.07200,-0.72373,0.0
-0.11700,-0.72373,0.0
0.19800,-0.72373,0.0
-0.05700,-0.72373,0.0
0.00000,-0.72373,0.0
-0.18300,-0.72373,0.0
-0.08400,-0.72373,0.0
-0.10200,-0.72373,0.0
-0.00900,-0.72373,0.0
-0.02400,-0.72373,0.0
-0.21900,-0.72373,0.0
-0.17700,-0.72373,0.0
0.12600,-0.72373,0.0
0.05700,-0.72373,0.0
0.23400,-0.72373,0.0
0.21900,-0.72373,0.0
0.02100,-0.72373,0.0
-0.09000,-0.72373,0.0
-0.16500,-0.72373,0.0
-0.30300,-0.72373,0.0
-0.25500,-0.72373,0.0
-0.06900,-0.72373,0.0
0.26400,-0.72373,0.0
-0.14100,-0.72373,0.0
0.00900,-0.72373,0.0
0.06000,-0.72373,0.0
0.46800,-0.72373,0.0
-0.44700,-0.72373,0.0
-0.11100,-0.72373,0.0
-0.13800,-0.72668,0.0
0.27900,-0.72668,0.0
0.26100,-0.72668,0.0
0.09000,-0.72668,0.0
-0.20400,-0.72668,0.0
0.13500,-0.72668,0.0
-0.05400,-0.72668,0.0
0.21300,-0.72668,0.0
0.13200,-0.72668,0.0
-0.17400,-0.72668,0.0
0.17400,-0.72668,0.0
0.25800,-0.72668,0.0
-0.23100,-0.72668,0.0
-0.12300,-0.72668,0.0
0.18900,-0.72668,0.0
-0.09300,-0.72668,0.0
-0.08100,-0.72668,0.0
0.06600,-0.72668,0.0
-0.04200,-0.72668,0.0
0.07800,-0.72668,0.0
0.11400,-0.72668,0.0
0.04800,-0.72668,0.0
0.21000,-0.72668,0.0
-0.10500,-0.72668,0.0
0.09600,-0.72668,0.0
-0.01800,-0.72668,0.0
-0.16200,-0.72668,0.0
0.06000,-0.72668,0.0
0.26700,-0.72668,0.0
-0.07200,-0.72668,0.0
-0.00300,-0.72668,0.0
0.02100,-0.72668,0.0
0.15000,-0.72668,0.0
0.24000,-0.72668,0.0
-0.18900,-0.72962,0.0
0.24900,-0.72962,0.0
-0.07800,-0.72962,0.0
0.14100,-0.72962,0.0
0.01500,-0.72962,0.0
-0.45000,-0.72962,0.0
-0.15900,-0.72962,0.0
0.00300,-0.72962,0.0
-0.24900,-0.72962,0.0
0.11100,-0.72962,0.0
-0.14400,-0.72962,0.0
0.06300,-0.72962,0.0
-0.12900,-0.72962,0.0
-0.03900,-0.72962,0.0
-0.06000,-0.72962,0.0
-0.00300,-0.72962,0.0
0.09300,-0.72962,0.0
0.24600,-0.72962,0.0
0.25200,-0.72962,0.0
-0.18600,-0.72962,0.0
0.00000,-0.72962,0.0
-0.18300,-0.72962,0.0
0.16200,-0.72962,0.0
0.18600,-0.72962,0.0
0.00600,-0.72962,0.0
0.27300,-0.72962,0.0
-0.08100,-0.72962,0.0
0.11400,-0.72962,0.0
0.20100,-0.72962,0.0
-0.23400,-0.72962,0.0
0.07200,-0.73257,0.0
0.22500,-0.73257,0.0
0.20700,-0.73257,0.0
0.23700,-0.73257,0.0
0.24600,-0.73257,0.0
-0.19500,-0.73257,0.0
0.46200,-0.73257,0.0
-0.11400,-0.73257,0.0
-0.00900,-0.73257,0.0
-0.05400,-0.73257,0.0
0.10500,-0.73257,0.0
-0.10200,-0.73257,0.0
-0.21900,-0.73257,0.0
-0.05700,-0.73257,0.0
-0.15000,-0.73257,0.0
0.15900,-0.73257,0.0
0.17400,-0.73257,0.0
0.24300,-0.73257,0.0
-0.17700,-0.73257,0.0
-0.19800,-0.73257,0.0
0.18600,-0.73257,0.0
0.00000,-0.73257,0.0
-0.14100,-0.73257,0.0
-0.12900,-0.73257,0.0
0.16200,-0.73257,0.0
0.24900,-0.73257,0.0
0.09900,-0.73257,0.0
-0.00300,-0.73257,0.0
-0.04500,-0.73257,0.0
0.15600,-0.73552,0.0
0.03900,-0.73552,0.0
-0.44700,-0.73552,0.0
0.21600,-0.73552,0.0
0.19800,-0.73552,0.0
0.17100,-0.73552,0.0
-0.18900,-0.73552,0.0
0.00600,-0.73552,0.0
0.23100,-0.73552,0.0
-0.02700,-0.73552,0.0
0.14700,-0.73552,0.0
0.45900,-0.73552,0.0
-0.10800,-0.73552,0.0
-0.06900,-0.73552,0.0
0.06900,-0.73552,0.0
-0.19500,-0.73552,0.0
-0.03600,-0.73552,0.0
0.04500,-0.73552,0.0
0.23700,-0.73552,0.0
0.24300,-0.73552,0.0
0.25200,-0.73552,0.0
0.04200,-0.73552,0.0
-0.09600,-0.73552,0.0
-0.14700,-0.73552,0.0
0.14400,-0.73552,0.0
0.06000,-0.73552,0.0
-0.01800,-0.73552,0.0
-0.03000,-0.73552,0.0
-0.17700,-0.73847,0.0
0.15600,-0.73847,0.0
0.21900,-0.73847,0.0
-0.08400,-0.73847,0.0
-0.09900,-0.73847,0.0
-0.14100,-0.73847,0.0
0.12900,-0.73847,0.0
-0.03900,-0.73847,0.0
0.03300,-0.73847,0.0
-0.18900,-0.73847,0.0
-0.00900,-0.73847,0.0
0.04800,-0.73847,0.0
0.09300,-0.73847,0.0
0.09000,-0.73847,0.0
0.07200,-0.73847,0.0
0.24300,-0.73847,0.0
-0.19500,-0.73847,0.0
0.04200,-0.73847,0.0
-0.24000,-0.73847,0.0
0.09000,-0.74142,0.0
-0.18300,-0.74142,0.0
-0.15900,-0.74142,0.0
-0.04800,-0.74142,0.0
-0.44100,-0.74142,0.0
-0.21300,-0.74142,0.0
0.03600,-0.74142,0.0
-0.44700,-0.74142,0.0
0.45600,-0.74142,0.0
0.23400,-0.74142,0.0
0.22500,-0.74142,0.0
0.08700,-0.74142,0.0
-0.44400,-0.74142,0.0
0.21600,-0.74142,0.0
-0.01200,-0.74142,0.0
-0.10500,-0.74142,0.0
0.04200,-0.74142,0.0
-0.16800,-0.74142,0.0
0.10800,-0.74142,0.0
-0.03600,-0.74142,0.0
0.11700,-0.74142,0.0
-0.18600,-0.74436,0.0
0.25800,-0.74436,0.0
0.04800,-0.74436,0.0
-0.06900,-0.74436,0.0
0.16800,-0.74436,0.0
0.03000,-0.74436,0.0
-0.10200,-0.74436,0.0
0.15900,-0.74436,0.0
-0.05700,-0.74436,0.0
0.06300,-0.74436,0.0
-0.14100,-0.74436,0.0
0.15300,-0.74436,0.0
-0.07500,-0.74436,0.0
-0.22800,-0.74436,0.0
0.22500,-0.74436,0.0
0.24000,-0.74436,0.0
-0.44100,-0.74436,0.0
-0.14700,-0.74436,0.0
0.07800,-0.74436,0.0
0.07500,-0.74436,0.0
-0.14400,-0.74436,0.0
0.12600,-0.74436,0.0
-0.00300,-0.74436,0.0
-0.19800,-0.74436,0.0
0.18600,-0.74436,0.0
0.09900,-0.74436,0.0
0.06600,-0.74436,0.0
-0.20400,-0.74731,0.0
0.09600,-0.74731,0.0
0.14700,-0.74731,0.0
-0.20700,-0.74731,0.0
-0.16200,-0.74731,0.0
0.06300,-0.74731,0.0
0.04200,-0.74731,0.0
-0.44400,-0.74731,0.0
-0.06900,-0.74731,0.0
-0.10500,-0.74731,0.0
0.21000,-0.74731,0.0
-0.14700,-0.74731,0.0
-0.19800,-0.74731,0.0
-0.00300,-0.74731,0.0
-0.17100,-0.74731,0.0
0.20400,-0.74731,0.0
0.12600,-0.74731,0.0
-0.11700,-0.74731,0.0
-0.44100,-0.74731,0.0
-0.12600,-0.74731,0.0
0.15300,-0.74731,0.0
0.13500,-0.74731,0.0
-0.09300,-0.74731,0.0
-0.21300,-0.74731,0.0
0.14100,-0.74731,0.0
-0.19200,-0.74731,0.0
-0.16800,-0.74731,0.0
0.17100,-0.74731,0.0
-0.05100,-0.74731,0.0
0.45600,-0.74731,0.0
0.22500,-0.74731,0.0
0.21900,-0.74731,0.0
-0.02400,-0.74731,0.0
-0.01500,-0.74731,0.0
-0.09000,-0.74731,0.0
-0.18000,-0.74731,0.0
0.07800,-0.75026,0.0
0.09000,-0.75026,0.0
0.07500,-0.75026,0.0
-0.11700,-0.75026,0.0
0.14700,-0.75026,0.0
0.16800,-0.75026,0.0
0.00300,-0.75026,0.0
-0.23100,-0.75026,0.0
0.07200,-0.75026,0.0
0.19800,-0.75026,0.0
-0.13200,-0.75026,0.0
0.04800,-0.75026,0.0
0.45300,-0.75026,0.0
-0.16500,-0.75026,0.0
-0.06600,-0.75026,0.0
0.01800,-0.75026,0.0
0.01500,-0.75026,0.0
-0.17400,-0.75026,0.0
0.20100,-0.75026,0.0
0.11400,-0.75026,0.0
-0.10800,-0.75026,0.0
-0.10500,-0.75026,0.0
0.08700,-0.75026,0.0
-0.43800,-0.75026,0.0
-0.18000,-0.75026,0.0
0.14100,-0.75026,0.0
-0.09000,-0.75026,0.0
0.25800,-0.75026,0.0
-0.18300,-0.75026,0.0
-0.01800,-0.75026,0.0
-0.43800,-0.75321,0.0
0.14100,-0.75321,0.0
-0.09900,-0.75321,0.0
0.14400,-0.75321,0.0
0.07200,-0.75321,0.0
-0.06900,-0.75321,0.0
0.12600,-0.75321,0.0
0.09900,-0.75321,0.0
0.09000,-0.75321,0.0
-0.10800,-0.75321,0.0
-0.20400,-0.75321,0.0
-0.04500,-0.75321,0.0
0.03900,-0.75321,0.0
0.08400,-0.75321,0.0
0.04500,-0.75321,0.0
0.03000,-0.75321,0.0
0.02100,-0.75321,0.0
0.08100,-0.75321,0.0
-0.16800,-0.75321,0.0
-0.12000,-0.75321,0.0
0.18300,-0.75321,0.0
0.45900,-0.75321,0.0
-0.17700,-0.75321,0.0
0.11100,-0.75321,0.0
0.23100,-0.75321,0.0
-0.05700,-0.75321,0.0
-0.10200,-0.75321,0.0
0.11400,-0.75616,0.0
0.12600,-0.75616,0.0
-0.01800,-0.75616,0.0
0.22800,-0.75616,0.0
-0.20100,-0.75616,0.0
-0.03900,-0.75616,0.0
0.15900,-0.75616,0.0
-0.10500,-0.75616,0.0
-0.16200,-0.75616,0.0
-0.17400,-0.75616,0.0
0.02400,-0.75616,0.0
0.00600,-0.75616,0.0
0.01200,-0.75616,0.0
0.45600,-0.75616,0.0
0.18900,-0.75616,0.0
-0.17100,-0.75616,0.0
-0.15300,-0.75616,0.0
-0.13800,-0.75616,0.0
0.12900,-0.75616,0.0
0.17700,-0.75616,0.0
-0.12000,-0.75616,0.0
0.00000,-0.75616,0.0
-0.22800,-0.75616,0.0
0.07500,-0.75616,0.0
0.17400,-0.75910,0.0
-0.04800,-0.75910,0.0
0.00000,-0.75910,0.0
-0.16500,-0.75910,0.0
-0.16200,-0.75910,0.0
-0.02100,-0.75910,0.0
-0.15000,-0.75910,0.0
0.16800,-0.75910,0.0
-0.06300,-0.75910,0.0
-0.00300,-0.75910,0.0
0.12600,-0.75910,0.0
-0.22800,-0.75910,0.0
-0.07200,-0.75910,0.0
-0.12000,-0.75910,0.0
-0.14100,-0.75910,0.0
-0.17100,-0.75910,0.0
0.18600,-0.75910,0.0
0.11700,-0.75910,0.0
0.12900,-0.75910,0.0
-0.04500,-0.75910,0.0
-0.14700,-0.75910,0.0
0.09300,-0.75910,0.0
-0.03000,-0.75910,0.0
0.07800,-0.75910,0.0
0.09600,-0.75910,0.0
-0.17400,-0.75910,0.0
-0.04500,-0.76205,0.0
-0.19200,-0.76205,0.0
-0.17100,-0.76205,0.0
0.21300,-0.76205,0.0
0.04200,-0.76205,0.0
-0.11100,-0.76205,0.0
-0.06900,-0.76205,0.0
-0.21300,-0.76205,0.0
0.04500,-0.76205,0.0
0.09300,-0.76205,0.0
0.20400,-0.76205,0.0
0.02400,-0.76205,0.0
-0.08400,-0.76205,0.0
0.05100,-0.76205,0.0
-0.09300,-0.76205,0.0
0.17400,-0.76205,0.0
-0.12300,-0.76205,0.0
0.01500,-0.76205,0.0
0.11700,-0.76205,0.0
0.15900,-0.76205,0.0
-0.14700,-0.76205,0.0
0.22800,-0.76205,0.0
0.03900,-0.76205,0.0
-0.17700,-0.76205,0.0
0.02700,-0.76205,0.0
-0.18600,-0.76205,0.0
0.10500,-0.76205,0.0
0.15000,-0.76500,0.0
-0.01200,-0.76500,0.0
-0.06000,-0.76500,0.0
0.12300,-0.76500,0.0
0.22800,-0.76500,0.0
-0.05100,-0.76500,0.0
0.04500,-0.76500,0.0
-0.15000,-0.76500,0.0
0.00000,-0.76500,0.0
-0.15300,-0.76500,0.0
0.02100,-0.76500,0.0
-0.12900,-0.76500,0.0
0.06300,-0.76500,0.0
0.20100,-0.76500,0.0
-0.13200,-0.76500,0.0
0.09300,-0.76500,0.0
0.04800,-0.76500,0.0
-0.14700,-0.76500,0.0
0.12000,-0.76500,0.0
-0.02400,-0.76500,0.0
0.11100,-0.76795,0.0
-0.18600,-0.76795,0.0
-0.03300,-0.76795,0.0
0.07200,-0.76795,0.0
-0.01200,-0.76795,0.0
-0.16200,-0.76795,0.0
0.02400,-0.76795,0.0
0.05100,-0.76795,0.0
-0.18900,-0.76795,0.0
-0.18300,-0.76795,0.0
-0.14400,-0.76795,0.0
-0.05400,-0.76795,0.0
-0.02400,-0.76795,0.0
0.15900,-0.76795,0.0
0.09000,-0.76795,0.0
-0.17700,-0.76795,0.0
-0.06300,-0.76795,0.0
-0.15300,-0.76795,0.0
0.12900,-0.76795,0.0
0.13200,-0.76795,0.0
0.04200,-0.77090,0.0
-0.02400,-0.77090,0.0
-0.02700,-0.77090,0.0
-0.00600,-0.77090,0.0
-0.01500,-0.77090,0.0
0.06300,-0.77090,0.0
-0.11400,-0.77090,0.0
-0.05700,-0.77090,0.0
0.04800,-0.77090,0.0
0.09600,-0.77090,0.0
-0.17100,-0.77090,0.0
0.03300,-0.77090,0.0
-0.15000,-0.77090,0.0
0.14700,-0.77090,0.0
-0.43200,-0.77090,0.0
-0.14700,-0.77090,0.0
-0.12600,-0.77090,0.0
-0.13200,-0.77384,0.0
0.15000,-0.77384,0.0
-0.03300,-0.77384,0.0
0.04200,-0.77384,0.0
-0.13500,-0.77384,0.0
0.02700,-0.77384,0.0
0.06300,-0.77384,0.0
0.13200,-0.77384,0.0
-0.06000,-0.77384,0.0
-0.01500,-0.77384,0.0
0.00300,-0.77384,0.0
0.44400,-0.77384,0.0
0.17100,-0.77384,0.0
-0.04500,-0.77384,0.0
0.05400,-0.77384,0.0
0.10200,-0.77384,0.0
-0.03600,-0.77384,0.0
0.13500,-0.77384,0.0
0.16200,-0.77384,0.0
-0.08100,-0.77384,0.0
0.14400,-0.77384,0.0
0.44700,-0.77384,0.0
-0.05400,-0.77384,0.0
-0.08400,-0.77384,0.0
-0.12000,-0.77384,0.0
-0.20700,-0.77384,0.0
0.01500,-0.77679,0.0
0.10800,-0.77679,0.0
0.08700,-0.77679,0.0
0.07500,-0.77679,0.0
-0.08700,-0.77679,0.0
-0.03900,-0.77679,0.0
0.18600,-0.77679,0.0
-0.10200,-0.77679,0.0
0.03600,-0.77679,0.0
0.05100,-0.77679,0.0
-0.04500,-0.77679,0.0
0.00600,-0.77679,0.0
0.03000,-0.77679,0.0
-0.02100,-0.77679,0.0
-0.02400,-0.77679,0.0
0.14100,-0.77679,0.0
0.13500,-0.77679,0.0
-0.08100,-0.77679,0.0
0.00000,-0.77679,0.0
-0.02700,-0.77679,0.0
0.18000,-0.77679,0.0
-0.02400,-0.77974,0.0
0.01800,-0.77974,0.0
0.16800,-0.77974,0.0
-0.01200,-0.77974,0.0
0.06300,-0.77974,0.0
-0.07200,-0.77974,0.0
-0.15600,-0.77974,0.0
0.05700,-0.77974,0.0
-0.03900,-0.77974,0.0
-0.04200,-0.77974,0.0
0.06900,-0.77974,0.0
0.18000,-0.77974,0.0
-0.12900,-0.77974,0.0
0.12300,-0.77974,0.0
0.14100,-0.77974,0.0
0.15300,-0.77974,0.0
0.17400,-0.77974,0.0
0.18900,-0.77974,0.0
0.11700,-0.77974,0.0
0.08400,-0.77974,0.0
-0.05100,-0.77974,0.0
0.13200,-0.78269,0.0
0.03300,-0.78269,0.0
0.12600,-0.78269,0.0
-0.42600,-0.78269,0.0
0.44700,-0.78269,0.0
-0.09000,-0.78269,0.0
0.01200,-0.78269,0.0
-0.06300,-0.78269,0.0
0.01500,-0.78269,0.0
0.09000,-0.78269,0.0
0.00600,-0.78269,0.0
0.08700,-0.78269,0.0
0.44100,-0.78269,0.0
-0.09300,-0.78269,0.0
0.44400,-0.78269,0.0
0.04200,-0.78269,0.0
0.07200,-0.78269,0.0
0.06300,-0.78269,0.0
0.05100,-0.78269,0.0
0.12300,-0.78269,0.0
0.15000,-0.78269,0.0
-0.08400,-0.78269,0.0
0.10800,-0.78269,0.0
0.01800,-0.78564,0.0
0.23100,-0.78564,0.0
-0.07500,-0.78564,0.0
0.09000,-0.78564,0.0
-0.42000,-0.78564,0.0
0.05400,-0.78564,0.0
0.10200,-0.78564,0.0
0.44100,-0.78564,0.0
0.12000,-0.78564,0.0
-0.04800,-0.78564,0.0
0.07200,-0.78564,0.0
0.13500,-0.78564,0.0
-0.09900,-0.78564,0.0
-0.09300,-0.78564,0.0
0.04500,-0.78564,0.0
0.00300,-0.78564,0.0
-0.03300,-0.78564,0.0
-0.00900,-0.78564,0.0
-0.16500,-0.78564,0.0
0.16200,-0.78564,0.0
-0.07800,-0.78564,0.0
0.09600,-0.78564,0.0
0.00600,-0.78564,0.0
-0.05100,-0.78858,0.0
-0.02700,-0.78858,0.0
0.06900,-0.78858,0.0
-0.09000,-0.78858,0.0
0.03300,-0.78858,0.0
0.12900,-0.78858,0.0
0.07800,-0.78858,0.0
0.09600,-0.78858,0.0
-0.17100,-0.78858,0.0
0.17700,-0.78858,0.0
-0.03300,-0.78858,0.0
-0.03900,-0.78858,0.0
-0.02400,-0.78858,0.0
0.11400,-0.79153,0.0
0.05700,-0.79153,0.0
0.11700,-0.79153,0.0
-0.02400,-0.79153,0.0
0.06900,-0.79153,0.0
-0.10200,-0.79153,0.0
0.44100,-0.79153,0.0
-0.06900,-0.79153,0.0
0.04500,-0.79153,0.0
-0.00600,-0.79153,0.0
-0.09000,-0.79153,0.0
0.13200,-0.79153,0.0
-0.11700,-0.79448,0.0
0.16500,-0.79448,0.0
-0.07200,-0.79448,0.0
-0.06300,-0.79448,0.0
0.09900,-0.79448,0.0
-0.41700,-0.79448,0.0
-0.15900,-0.79448,0.0
0.03900,-0.79448,0.0
-0.06000,-0.79448,0.0
-0.02100,-0.79448,0.0
0.12600,-0.79448,0.0
-0.10800,-0.79448,0.0
0.11400,-0.79448,0.0
0.19500,-0.79448,0.0
-0.15300,-0.79448,0.0
-0.02100,-0.79743,0.0
-0.07500,-0.79743,0.0
0.06600,-0.79743,0.0
-0.02700,-0.79743,0.0
-0.05400,-0.79743,0.0
-0.11400,-0.79743,0.0
0.16800,-0.79743,0.0
0.15900,-0.79743,0.0
-0.06000,-0.79743,0.0
0.43800,-0.79743,0.0
-0.07800,-0.79743,0.0
0.00900,-0.79743,0.0
0.06900,-0.79743,0.0
0.43500,-0.79743,0.0
0.03900,-0.80038,0.0
-0.41100,-0.80038,0.0
0.03000,-0.80038,0.0
-0.04500,-0.80038,0.0
0.07800,-0.80038,0.0
-0.03600,-0.80038,0.0
0.12000,-0.80038,0.0
-0.11400,-0.80038,0.0
0.01500,-0.80038,0.0
-0.09600,-0.80038,0.0
0.01200,-0.80038,0.0
-0.03000,-0.80038,0.0
0.17700,-0.80038,0.0
-0.06900,-0.80038,0.0
-0.04500,-0.80332,0.0
0.11100,-0.80332,0.0
-0.07200,-0.80332,0.0
0.00600,-0.80332,0.0
-0.09900,-0.80332,0.0
-0.41400,-0.80332,0.0
0.42900,-0.80332,0.0
0.18600,-0.80332,0.0
-0.04800,-0.80332,0.0
-0.06900,-0.80332,0.0
0.10500,-0.80332,0.0
-0.07800,-0.80332,0.0
0.05400,-0.80332,0.0
0.04800,-0.80627,0.0
0.06000,-0.80627,0.0
-0.02400,-0.80627,0.0
0.05700,-0.80627,0.0
0.03300,-0.80627,0.0
-0.03300,-0.80627,0.0
-0.15000,-0.80627,0.0
-0.02100,-0.80627,0.0
-0.06000,-0.80922,0.0
0.07800,-0.80922,0.0
0.06600,-0.80922,0.0
-0.06300,-0.80922,0.0
-0.00300,-0.80922,0.0
-0.14700,-0.80922,0.0
0.02400,-0.80922,0.0
-0.05100,-0.80922,0.0
-0.05700,-0.80922,0.0
0.06900,-0.81217,0.0
0.10500,-0.81217,0.0
0.01200,-0.81217,0.0
0.07200,-0.81217,0.0
0.02400,-0.81217,0.0
0.09900,-0.81512,0.0
0.42300,-0.81512,0.0
0.06600,-0.81806,0.0
0.04800,-0.82101,0.0
0.03000,-0.82101,0.0
0.11100,-0.82101,0.0
0.03600,-0.82101,0.0
0.41700,-0.82101,0.0
0.06300,-0.82101,0.0
-0.01200,-0.82101,0.0
-0.01500,-0.82101,0.0
0.01500,-0.82396,0.0
-0.39600,-0.82396,0.0
0.42300,-0.82396,0.0
0.41700,-0.82396,0.0
-0.02100,-0.82691,0.0
-0.39900,-0.82691,0.0
-0.39300,-0.82986,0.0
0.41100,-0.83280,0.0
0.01800,-0.83575,0.0
0.01500,-0.83575,0.0
0.40800,-0.84165,0.0
0.41100,-0.84165,0.0
-0.38400,-0.84165,0.0
0.40500,-0.84165,0.0
-0.37800,-0.84754,0.0
-0.38100,-0.84754,0.0
0.39900,-0.85344,0.0
-0.37800,-0.85344,0.0
0.39600,-0.85344,0.0
0.39900,-0.85639,0.0
0.39000,-0.86228,0.0
0.39300,-0.86228,0.0
-0.36000,-0.87408,0.0
0.38100,-0.87408,0.0
0.37500,-0.87997,0.0
-0.35400,-0.87997,0.0
0.37800,-0.88292,0.0
0.37200,-0.88587,0.0
-0.34500,-0.89176,0.0
0.36900,-0.89176,0.0
0.36300,-0.89471,0.0
0.06900,-0.89471,0.0
0.08400,-0.89471,0.0
0.06300,-0.89766,0.0
0.06000,-0.89766,0.0
-0.04500,-0.89766,0.0
-0.02100,-0.90355,0.0
0.04500,-0.90355,0.0
0.35700,-0.90355,0.0
0.05100,-0.90355,0.0
0.35400,-0.90355,0.0
0.05700,-0.90355,0.0
0.03000,-0.90650,0.0
0.35400,-0.90650,0.0
0.35100,-0.90945,0.0
0.34200,-0.91535,0.0
0.33900,-0.91829,0.0
0.34200,-0.91829,0.0
0.33300,-0.92419,0.0
0.32700,-0.93009,0.0
0.32400,-0.93303,0.0
0.32100,-0.93598,0.0
0.31500,-0.94483,0.0
