# Face coordinates extracted from image (high-detail version)
# Format: x y  (normalized, origin at image center, Y positive upward)
# Total points: 31185
# Sorted top-to-bottom for sequential assembly
#
-0.330135 0.840746
-0.160586 0.840746
-0.258403 0.840746
0.324109 0.840746
0.478484 0.840746
0.081560 0.840746
-0.312802 0.840746
0.230681 0.840746
-0.134501 0.840746
0.002442 0.840746
-0.538811 0.840746
0.194182 0.840746
-0.421431 0.840746
-0.506206 0.840746
-0.036685 0.840746
-0.088854 0.840746
-0.062769 0.840746
0.165470 0.840746
0.212247 0.840746
0.187976 0.840746
0.406752 0.840746
0.360516 0.840746
0.374146 0.840746
0.315456 0.840746
-0.139946 0.840746
-0.362741 0.840746
0.064254 0.840746
-0.384414 0.840746
0.400231 0.840746
0.380667 0.840746
-0.414910 0.840746
-0.152673 0.840746
0.465442 0.840746
0.087217 0.840746
0.093738 0.840746
-0.159194 0.840746
0.204597 0.840746
-0.171920 0.840746
-0.356220 0.840746
-0.194592 0.840746
0.152428 0.840746
0.106780 0.840746
0.504569 0.840746
-0.386525 0.840746
0.041569 0.840746
0.550216 0.840746
-0.297872 0.840746
0.269808 0.840746
0.158949 0.840746
-0.175171 0.840746
0.282850 0.840746
0.276329 0.840746
0.419794 0.840746
-0.023642 0.840746
0.084388 0.840746
-0.121459 0.840746
-0.176714 0.840746
-0.401868 0.840746
-0.043206 0.840746
-0.512727 0.840746
0.413273 0.840746
-0.440994 0.840746
-0.157801 0.840746
0.242429 0.840746
0.048090 0.840746
0.335019 0.840746
0.243724 0.840746
-0.075811 0.840746
-0.173628 0.840746
-0.101896 0.840746
-0.460558 0.840746
0.250245 0.840746
-0.114938 0.840746
0.241135 0.840746
-0.147544 0.840746
0.452400 0.840746
0.022005 0.840746
0.432836 0.840746
0.224160 0.840746
-0.185534 0.840746
0.445878 0.840746
-0.004079 0.840746
0.326241 0.840746
0.458921 0.840746
0.015484 0.840746
-0.052947 0.840746
-0.082332 0.840746
0.074174 0.840746
0.367625 0.840746
0.070775 0.840746
-0.238839 0.840746
-0.069290 0.840746
0.196809 0.840746
0.126343 0.840746
0.426315 0.840746
0.035048 0.840746
-0.467079 0.840746
0.439357 0.840746
0.256766 0.840746
-0.300962 0.840746
0.471963 0.840746
0.077867 0.840746
0.029344 0.840507
0.065012 0.840507
-0.087561 0.840507
-0.000266 0.840387
0.086162 0.840387
0.263741 0.840387
0.215203 0.840387
0.006255 0.840387
0.023641 0.840268
0.114066 0.840268
0.034279 0.840268
-0.135513 0.840029
0.174067 0.840029
-0.085936 0.840029
-0.207441 0.840029
-0.140957 0.840029
0.137955 0.840029
0.092367 0.840029
-0.331734 0.840029
-0.288678 0.840029
0.342027 0.840029
0.284156 0.840029
-0.091164 0.839790
-0.355858 0.839670
0.321450 0.839670
-0.020972 0.839670
0.162522 0.839670
-0.349337 0.839670
0.088821 0.839670
-0.325972 0.839670
0.314928 0.839670
0.373243 0.839670
-0.003369 0.839670
0.270542 0.839550
0.237589 0.839311
-0.333333 0.839311
0.185284 0.839311
0.046651 0.839311
-0.377660 0.839311
-0.089539 0.839311
-0.070922 0.839311
0.306950 0.839311
-0.372340 0.839311
0.335993 0.839311
-0.228147 0.839311
0.059397 0.839311
0.169622 0.839311
0.175532 0.839311
-0.202128 0.839311
0.285461 0.839311
-0.382198 0.839311
-0.384309 0.839311
0.000443 0.839311
0.300429 0.839311
0.269060 0.839192
-0.237771 0.838953
-0.049202 0.838953
-0.041550 0.838953
-0.304508 0.838953
-0.301418 0.838953
-0.045982 0.838953
-0.392709 0.838953
-0.035029 0.838953
-0.388298 0.838953
-0.556069 0.838880
-0.210692 0.838833
0.245975 0.838833
-0.249168 0.838594
-0.359847 0.838594
0.102837 0.838594
-0.321809 0.838594
-0.214534 0.838594
0.207151 0.838594
-0.221055 0.838594
-0.016539 0.838594
0.390403 0.838594
-0.084606 0.838594
0.193262 0.838594
0.396924 0.838594
0.110285 0.838594
-0.018617 0.838594
0.190635 0.838594
-0.195035 0.838594
0.272606 0.838474
-0.255595 0.838415
-0.262116 0.838415
-0.252936 0.838415
0.119090 0.838355
-0.239987 0.838235
0.294666 0.838235
0.268174 0.838116
0.363176 0.838056
0.332890 0.837877
-0.149422 0.837877
-0.316939 0.837877
-0.031630 0.837877
0.383311 0.837877
-0.013880 0.837877
0.101064 0.837877
-0.200355 0.837877
-0.371454 0.837877
-0.173759 0.837877
-0.267214 0.837877
-0.007359 0.837877
0.045213 0.837877
0.215646 0.837877
-0.273735 0.837877
0.140910 0.837637
-0.091460 0.837518
0.284131 0.837518
0.082004 0.837518
-0.359486 0.837518
0.213209 0.837518
0.321809 0.837518
-0.225931 0.837518
0.134752 0.837518
0.182624 0.837518
-0.233599 0.837518
0.204787 0.837518
-0.182329 0.837159
0.187943 0.837159
0.097518 0.837159
-0.390071 0.837159
-0.030153 0.837159
0.104167 0.837159
-0.187307 0.837159
0.083777 0.837159
-0.048759 0.837159
-0.192967 0.837159
-0.039894 0.837159
-0.285461 0.837159
0.278369 0.837159
-0.236702 0.837159
-0.376330 0.837159
0.259367 0.837159
-0.143617 0.837159
-0.186170 0.837159
-0.308954 0.837159
-0.103632 0.836980
0.369976 0.836920
0.248227 0.836920
0.178191 0.836801
0.155142 0.836801
0.164894 0.836801
-0.319297 0.836801
-0.212470 0.836681
0.198286 0.836681
0.027778 0.836561
0.033097 0.836561
-0.086879 0.836442
-0.406322 0.836442
0.329787 0.836442
-0.015957 0.836442
0.011574 0.836442
-0.363475 0.836442
0.037914 0.836442
0.099291 0.836442
-0.384309 0.836442
-0.160080 0.836442
0.223404 0.836442
0.037530 0.836203
0.092199 0.836083
0.347790 0.836083
-0.253989 0.836083
-0.256649 0.836083
-0.243794 0.836083
0.183511 0.836083
0.286348 0.836083
-0.328484 0.835964
-0.202423 0.835964
-0.180851 0.835725
-0.123673 0.835725
0.053300 0.835725
-0.380762 0.835725
-0.013298 0.835725
0.045656 0.835725
0.121454 0.835725
0.307979 0.835725
-0.275951 0.835725
0.174645 0.835725
0.293440 0.835725
0.132979 0.835725
-0.399823 0.835725
-0.375443 0.835725
0.282801 0.835725
-0.289229 0.835725
0.200946 0.835605
-0.088505 0.835605
-0.068924 0.835485
0.060579 0.835485
0.550216 0.835469
0.255599 0.835366
0.185284 0.835366
-0.330083 0.835246
-0.208924 0.835246
-0.018322 0.835246
-0.277990 0.835151
-0.040928 0.835127
-0.116581 0.835007
0.242021 0.835007
0.243316 0.835007
0.320035 0.835007
-0.163626 0.835007
0.170213 0.835007
-0.284574 0.835007
0.224291 0.835007
0.177748 0.835007
-0.368794 0.835007
-0.269504 0.835007
-0.156028 0.835007
0.218972 0.835007
0.101064 0.835007
-0.196513 0.835007
0.379433 0.835007
0.369829 0.834888
-0.407504 0.834768
-0.066856 0.834768
-0.085993 0.834768
-0.052748 0.834648
0.373227 0.834648
-0.418458 0.834529
-0.411937 0.834529
-0.323877 0.834529
-0.132263 0.834529
0.075208 0.834290
0.235022 0.834290
0.021641 0.834290
0.072105 0.834290
0.064716 0.834290
-0.259309 0.834290
-0.226064 0.834290
-0.313091 0.834290
0.180851 0.834290
-0.237589 0.834290
-0.172577 0.834290
0.139184 0.834290
-0.031619 0.834290
0.345745 0.834290
0.127660 0.834290
0.240248 0.834290
-0.382979 0.834290
0.095745 0.834290
0.367465 0.834110
-0.229832 0.834110
0.022459 0.834051
0.062352 0.834051
-0.020686 0.834051
-0.266844 0.834051
0.191489 0.834051
-0.087618 0.833931
-0.073138 0.833931
-0.233599 0.833931
0.271720 0.833931
0.085106 0.833931
-0.391844 0.833931
-0.025414 0.833812
-0.133274 0.833812
-0.215721 0.833812
-0.091608 0.833812
0.270390 0.833812
0.372045 0.833812
-0.191194 0.833572
-0.379433 0.833572
0.402243 0.833572
0.093972 0.833572
0.310993 0.833572
0.339539 0.833572
0.261968 0.833572
0.046099 0.833572
-0.194444 0.833572
-0.079787 0.833572
0.336436 0.833572
-0.141844 0.833572
0.395390 0.833572
-0.247340 0.833572
0.267287 0.833572
-0.239805 0.833572
-0.151891 0.833572
-0.288342 0.833572
0.248227 0.833453
-0.301418 0.833453
-0.048980 0.833393
0.145095 0.833333
0.164894 0.833214
-0.354167 0.833214
-0.244681 0.833214
0.322252 0.833214
-0.035609 0.833214
0.135195 0.833214
-0.085106 0.833094
-0.198582 0.833094
-0.264184 0.833094
-0.136229 0.833094
-0.325355 0.832855
-0.319563 0.832855
0.155142 0.832855
0.369681 0.832855
-0.149601 0.832855
0.379433 0.832855
-0.390071 0.832855
-0.271720 0.832855
0.376773 0.832855
0.346631 0.832855
-0.249113 0.832855
-0.100842 0.832676
-0.202719 0.832616
0.091755 0.832496
-0.285018 0.832496
-0.259309 0.832496
0.088652 0.832496
-0.212175 0.832377
-0.153664 0.832377
-0.157210 0.832377
-0.281294 0.832281
-0.331560 0.832138
0.312411 0.832138
-0.102837 0.832138
0.014184 0.832138
-0.292110 0.832138
-0.152482 0.832138
-0.422595 0.832138
0.147754 0.832138
-0.253103 0.832138
-0.373227 0.832138
0.095745 0.832138
0.410316 0.831958
0.359043 0.831839
0.371897 0.831779
0.172429 0.831779
0.261746 0.831779
0.142287 0.831779
-0.368794 0.831779
-0.560284 0.831737
-0.384456 0.831659
-0.038121 0.831420
0.319149 0.831420
0.089539 0.831420
0.224291 0.831420
0.347518 0.831420
-0.317080 0.831420
0.104167 0.831420
0.331560 0.831420
0.265736 0.831420
-0.378546 0.831420
-0.045582 0.831361
0.278960 0.831181
-0.326832 0.831181
-0.215130 0.831181
0.150709 0.831062
-0.221188 0.831062
0.311525 0.831062
0.316489 0.831062
0.117908 0.831062
-0.034279 0.831062
-0.324586 0.830942
-0.294991 0.830942
-0.202202 0.830942
-0.257757 0.830882
-0.083777 0.830823
-0.085993 0.830703
0.411424 0.830703
-0.322340 0.830703
-0.431480 0.830703
-0.147828 0.830703
-0.011525 0.830703
0.082447 0.830703
-0.273936 0.830703
0.313830 0.830703
-0.171395 0.830703
0.122340 0.830703
0.146572 0.830703
0.058511 0.830703
0.397163 0.830703
0.376773 0.830703
-0.098183 0.830524
0.256206 0.830344
0.177305 0.830344
0.085106 0.830344
0.091755 0.830344
-0.138889 0.830225
-0.016548 0.830225
-0.024527 0.830225
0.203605 0.830225
-0.005910 0.830225
0.543695 0.830193
0.556738 0.830193
-0.275975 0.830129
-0.339687 0.830105
0.032801 0.830105
-0.403369 0.829986
-0.029255 0.829986
-0.190160 0.829986
-0.157210 0.829986
-0.100177 0.829986
-0.262116 0.829986
-0.193410 0.829986
-0.360372 0.829986
0.251330 0.829986
-0.252216 0.829986
0.248227 0.829986
-0.169031 0.829986
0.261525 0.829986
-0.285461 0.829986
0.321809 0.829986
-0.281738 0.829770
-0.297872 0.829747
-0.156028 0.829747
-0.259678 0.829687
0.312943 0.829627
0.231826 0.829627
0.245567 0.829627
-0.237145 0.829627
0.325798 0.829627
-0.278014 0.829555
-0.127955 0.829507
-0.066489 0.829507
0.060284 0.829268
0.398050 0.829268
-0.111702 0.829268
-0.398050 0.829268
-0.196809 0.829268
-0.182624 0.829268
-0.211436 0.829268
-0.256206 0.829268
-0.201684 0.829268
0.093972 0.829268
0.242908 0.829268
0.269504 0.829268
0.179521 0.829268
0.145390 0.829268
0.277335 0.829149
-0.271720 0.829029
-0.307624 0.828910
0.045656 0.828910
0.393617 0.828910
0.088209 0.828910
0.318262 0.828910
0.292110 0.828910
-0.265957 0.828790
-0.406619 0.828790
-0.300532 0.828790
0.315603 0.828551
-0.368794 0.828551
-0.082447 0.828551
0.312057 0.828551
0.385195 0.828551
-0.105940 0.828551
-0.411052 0.828551
0.324468 0.828551
-0.209220 0.828551
0.364362 0.828491
-0.051640 0.828372
0.012633 0.828372
-0.130024 0.828312
-0.043144 0.828312
0.352837 0.828312
-0.294622 0.828312
0.268026 0.828312
0.196217 0.828312
-0.404551 0.828312
-0.073138 0.828192
0.328457 0.828192
0.272606 0.828192
0.148050 0.828192
0.138741 0.828192
0.131649 0.828192
0.319592 0.828192
0.295878 0.828192
-0.258126 0.828073
-0.326980 0.828073
-0.317376 0.827834
0.076241 0.827834
0.062057 0.827834
0.239362 0.827834
0.381871 0.827834
-0.070922 0.827834
0.073138 0.827834
0.398936 0.827834
0.247784 0.827834
-0.018913 0.827834
0.343085 0.827834
0.207447 0.827834
-0.174350 0.827834
-0.303191 0.827834
0.256649 0.827834
-0.402482 0.827834
-0.235816 0.827834
-0.132979 0.827594
-0.062796 0.827594
-0.067080 0.827594
-0.154255 0.827594
0.268913 0.827594
-0.347961 0.827475
0.115248 0.827475
0.394504 0.827475
0.219119 0.827475
0.245124 0.827475
0.258422 0.827475
0.181738 0.827475
-0.436504 0.827355
-0.159574 0.827355
0.056738 0.827355
0.266548 0.827355
0.280881 0.827355
-0.409279 0.827355
0.023936 0.827296
-0.048537 0.827296
-0.406767 0.827236
-0.054078 0.827116
-0.413712 0.827116
-0.035461 0.827116
0.390071 0.827116
-0.100177 0.827116
0.327128 0.827116
0.030142 0.827056
-0.120567 0.826877
-0.135934 0.826877
0.018913 0.826877
-0.291371 0.826877
0.243351 0.826758
0.348995 0.826758
0.267435 0.826638
0.272015 0.826518
0.382757 0.826399
-0.028369 0.826399
0.317376 0.826399
-0.285018 0.826399
0.086879 0.826399
-0.214982 0.826399
-0.102837 0.826399
0.099734 0.826399
-0.205452 0.826399
-0.281294 0.826184
-0.188830 0.826040
0.118794 0.826040
0.307624 0.826040
0.385860 0.826040
0.222961 0.826040
0.370124 0.826040
-0.099586 0.825921
-0.411939 0.825921
0.016548 0.825921
-0.087766 0.825921
-0.195774 0.825681
0.050532 0.825681
-0.263889 0.825681
-0.448935 0.825681
-0.373227 0.825681
-0.355053 0.825681
0.141844 0.825681
-0.461977 0.825681
0.102837 0.825681
-0.093085 0.825681
-0.001182 0.825442
0.279255 0.825323
0.175975 0.825323
-0.241283 0.825323
-0.082447 0.825323
0.085993 0.825323
0.251330 0.825323
-0.037234 0.825323
-0.368794 0.825323
0.013815 0.825263
-0.140662 0.825203
-0.102246 0.825203
0.109190 0.825203
-0.298316 0.825203
0.025709 0.825143
-0.226950 0.824964
-0.213652 0.824964
0.372340 0.824964
0.093972 0.824964
-0.177305 0.824964
0.072695 0.824964
-0.351950 0.824964
-0.047872 0.824964
-0.199173 0.824964
0.120567 0.824964
0.164450 0.824964
-0.379876 0.824964
0.190898 0.824964
0.354610 0.824964
-0.327128 0.824964
0.423264 0.824964
-0.303856 0.824785
0.405807 0.824785
0.008200 0.824785
-0.273050 0.824725
0.035461 0.824725
0.020686 0.824725
-0.290189 0.824665
-0.364657 0.824605
-0.073138 0.824605
-0.077128 0.824605
0.276152 0.824605
-0.347074 0.824605
0.212470 0.824605
-0.033688 0.824605
0.324173 0.824486
-0.002364 0.824486
0.061613 0.824247
-0.204196 0.824247
-0.251773 0.824247
0.178191 0.824247
-0.046099 0.824247
0.380319 0.824247
0.338652 0.824247
-0.070922 0.824247
0.077128 0.824247
0.398936 0.824247
-0.101655 0.824008
0.054965 0.824008
-0.022754 0.824008
-0.014775 0.824008
0.169326 0.824008
-0.339096 0.823888
-0.057181 0.823888
0.087766 0.823888
0.043883 0.823888
-0.410018 0.823888
0.112293 0.823769
-0.130615 0.823769
-0.123670 0.823769
-0.135343 0.823769
-0.118794 0.823589
-0.239953 0.823529
-0.088652 0.823529
-0.357270 0.823529
0.090426 0.823529
0.386525 0.823529
-0.235816 0.823529
-0.003546 0.823529
0.213948 0.823529
-0.041667 0.823529
0.052748 0.823410
0.425924 0.823290
0.438966 0.823290
0.268913 0.823290
0.262707 0.823290
0.310875 0.823171
-0.224291 0.823171
0.377216 0.823171
0.082004 0.823171
-0.375443 0.823171
0.341312 0.823171
-0.291962 0.823051
-0.000591 0.823051
-0.543026 0.823050
-0.113475 0.822991
0.027039 0.822991
0.264923 0.822932
0.388298 0.822812
-0.354167 0.822812
-0.400709 0.822812
0.286791 0.822812
-0.284574 0.822812
0.002660 0.822812
-0.389184 0.822812
-0.085550 0.822812
-0.286791 0.822633
-0.318558 0.822573
-0.264628 0.822573
0.250443 0.822453
0.180408 0.822453
-0.289007 0.822453
0.058067 0.822334
-0.257683 0.822334
-0.420804 0.822334
-0.395390 0.822334
-0.111259 0.822274
0.013963 0.822274
0.153073 0.822214
0.173316 0.822214
0.390071 0.822095
-0.276596 0.822095
0.300754 0.822095
0.158688 0.822095
-0.031915 0.822095
0.350473 0.822095
0.313534 0.822095
0.069149 0.822095
0.138298 0.822095
-0.008865 0.822095
0.347222 0.822095
0.276596 0.822095
0.379876 0.822095
-0.082447 0.822095
-0.368794 0.822095
-0.065603 0.822095
-0.351064 0.822095
0.254433 0.822095
0.145981 0.821975
-0.340204 0.821915
-0.013002 0.821856
0.128103 0.821736
0.020833 0.821736
-0.169326 0.821736
0.378103 0.821736
0.083333 0.821736
-0.306516 0.821437
-0.229610 0.821377
-0.080674 0.821377
0.065160 0.821377
0.294548 0.821377
0.394504 0.821377
-0.181147 0.821377
-0.214096 0.821377
0.073582 0.821377
0.026152 0.821377
-0.364657 0.821377
0.208481 0.821198
-0.560284 0.821184
-0.395390 0.821138
-0.308511 0.821138
0.342199 0.821138
0.382535 0.821019
0.284131 0.821019
0.303369 0.820947
-0.101359 0.820899
0.090130 0.820899
-0.165780 0.820780
-0.096631 0.820660
-0.360520 0.820660
-0.335106 0.820660
0.182624 0.820660
-0.060284 0.820660
0.398936 0.820660
0.061170 0.820660
0.404255 0.820660
-0.261525 0.820660
-0.134752 0.820660
-0.029255 0.820660
-0.211879 0.820660
0.306442 0.820660
0.385638 0.820660
-0.279255 0.820660
-0.006206 0.820660
0.355201 0.820660
-0.121897 0.820481
0.012633 0.820481
0.068041 0.820481
-0.191637 0.820421
-0.153369 0.820421
-0.056738 0.820421
-0.342642 0.820301
0.132535 0.820301
0.216460 0.820301
-0.405585 0.820301
-0.117021 0.820301
0.114953 0.820182
0.168440 0.820182
0.121454 0.819943
0.016844 0.819943
-0.426123 0.819943
-0.132979 0.819943
-0.046099 0.819943
-0.062943 0.819943
-0.295656 0.819943
0.395981 0.819943
-0.008865 0.819943
-0.353723 0.819943
0.387411 0.819943
0.037234 0.819943
0.064051 0.819763
0.111111 0.819703
-0.013002 0.819703
-0.195035 0.819703
0.537174 0.819639
0.530653 0.819639
0.556738 0.819639
-0.226950 0.819584
-0.114805 0.819584
-0.362441 0.819584
0.377660 0.819584
-0.174645 0.819584
0.022163 0.819584
-0.218085 0.819584
0.349882 0.819512
0.005910 0.819464
0.253546 0.819225
0.370567 0.819225
-0.178191 0.819225
0.076241 0.819225
0.373227 0.819225
-0.035461 0.819225
0.293440 0.819225
-0.244090 0.819225
-0.082890 0.819225
0.359929 0.819225
0.375887 0.819225
0.027482 0.819225
-0.131206 0.819225
0.058511 0.819225
0.062722 0.819046
0.274823 0.819046
-0.390691 0.819010
-0.020095 0.818986
0.268174 0.818867
-0.112589 0.818867
0.261082 0.818867
0.047429 0.818867
0.203014 0.818867
0.066933 0.818867
0.411791 0.818867
0.175975 0.818867
-0.308954 0.818747
-0.336215 0.818687
-0.419031 0.818508
0.396720 0.818508
-0.081117 0.818508
0.297207 0.818508
0.442512 0.818508
-0.364362 0.818508
-0.369681 0.818508
0.285461 0.818508
-0.284574 0.818508
0.388889 0.818508
0.040780 0.818508
-0.234043 0.818508
-0.146277 0.818508
-0.408688 0.818508
0.078014 0.818508
0.083333 0.818508
-0.289894 0.818508
0.190455 0.818388
0.070700 0.818329
0.271277 0.818329
-0.361111 0.818269
0.089835 0.818269
-0.050532 0.818269
-0.001773 0.818149
0.052305 0.818149
0.306619 0.818077
0.110963 0.818030
-0.379580 0.817791
0.393765 0.817791
0.074468 0.817791
-0.246454 0.817791
0.333333 0.817791
0.384752 0.817791
-0.101064 0.817791
-0.008865 0.817791
-0.287234 0.817791
-0.269504 0.817791
-0.398936 0.817791
-0.232270 0.817791
-0.311613 0.817671
-0.096336 0.817551
-0.262411 0.817432
-0.413712 0.817312
0.003251 0.817312
0.155437 0.817312
-0.300754 0.817253
0.200355 0.817253
0.117465 0.817253
0.169326 0.817193
-0.363032 0.817193
-0.104610 0.817073
0.218972 0.817073
-0.324025 0.817073
-0.075355 0.817073
-0.373227 0.817073
-0.364805 0.817073
-0.031028 0.817073
-0.141253 0.816954
-0.120567 0.816894
-0.117908 0.816894
-0.253251 0.816834
0.171099 0.816834
0.223995 0.816834
-0.248818 0.816834
0.141253 0.816834
-0.243203 0.816834
0.113623 0.816774
-0.027039 0.816714
0.286939 0.816714
-0.382979 0.816714
-0.330674 0.816714
-0.183363 0.816714
-0.138298 0.816714
0.190160 0.816714
-0.367465 0.816714
0.188239 0.816595
0.311170 0.816595
-0.395567 0.816499
0.229019 0.816416
-0.043440 0.816356
0.158688 0.816356
-0.131206 0.816356
-0.401596 0.816356
0.214539 0.816356
0.373227 0.816356
0.124113 0.816356
-0.135638 0.816356
-0.309397 0.816356
-0.023050 0.816356
0.014184 0.816356
0.022311 0.816356
0.029699 0.816356
-0.083333 0.816356
-0.334220 0.816356
0.056294 0.816356
0.338652 0.816356
-0.257092 0.816356
0.364362 0.816117
-0.266401 0.815997
-0.294770 0.815997
0.346631 0.815925
0.301374 0.815925
0.142435 0.815878
-0.420213 0.815878
0.277261 0.815818
-0.317228 0.815758
0.034574 0.815638
0.405142 0.815638
0.250887 0.815638
-0.012411 0.815638
0.413564 0.815638
0.292258 0.815638
0.380319 0.815638
-0.220745 0.815638
0.197695 0.815638
-0.365248 0.815638
-0.349291 0.815638
-0.085771 0.815459
0.390366 0.815399
0.215869 0.815280
0.284944 0.815280
-0.367908 0.815280
-0.392199 0.815208
0.113475 0.815100
-0.339761 0.815100
-0.186318 0.815041
-0.209220 0.814921
-0.377069 0.814921
-0.404255 0.814921
0.044326 0.814921
0.101507 0.814921
0.187943 0.814921
-0.258865 0.814921
0.297651 0.814921
0.160018 0.814921
0.128546 0.814921
0.143617 0.814921
0.179078 0.814921
0.015662 0.814921
0.146277 0.814921
-0.113918 0.814742
0.013002 0.814682
-0.414894 0.814682
0.140514 0.814562
-0.088209 0.814562
-0.060284 0.814443
0.058215 0.814443
-0.190898 0.814443
0.530653 0.814362
-0.006738 0.814347
-0.422872 0.814323
0.137411 0.814204
-0.406915 0.814204
0.369681 0.814204
-0.234043 0.814204
0.085993 0.814204
0.307329 0.814204
0.192819 0.814204
0.413121 0.814204
0.454057 0.814204
-0.203753 0.814204
-0.199911 0.814204
-0.206856 0.814204
0.256206 0.814204
0.397163 0.814204
-0.263298 0.814204
0.253546 0.814204
0.239362 0.814204
-0.314716 0.814204
-0.001596 0.814132
0.234043 0.814024
-0.090204 0.814024
0.067154 0.814024
-0.388032 0.813989
-0.438534 0.813965
-0.193853 0.813965
0.391105 0.813965
-0.011348 0.813917
0.116135 0.813845
-0.373670 0.813845
0.221631 0.813845
0.080674 0.813845
-0.175532 0.813845
0.350177 0.813773
0.224143 0.813725
-0.094415 0.813666
-0.337101 0.813666
0.153960 0.813606
-0.318558 0.813606
-0.092199 0.813486
-0.127660 0.813486
0.291371 0.813486
-0.015957 0.813486
-0.204492 0.813486
0.173759 0.813486
0.158688 0.813486
-0.079787 0.813486
0.164007 0.813486
-0.266844 0.813486
-0.147163 0.813486
0.034574 0.813486
0.037234 0.813486
-0.131206 0.813486
-0.226950 0.813486
0.075059 0.813486
0.017139 0.813486
0.124113 0.813486
0.243794 0.813128
0.077128 0.813128
-0.433806 0.813008
-0.441785 0.813008
0.308806 0.813008
-0.395567 0.812912
-0.326241 0.812769
0.041667 0.812769
-0.401596 0.812769
0.347518 0.812769
0.183067 0.812769
-0.375591 0.812769
0.330674 0.812769
-0.260417 0.812769
-0.370567 0.812769
0.205674 0.812769
-0.383865 0.812769
0.107713 0.812769
0.262411 0.812769
0.381797 0.812530
-0.366135 0.812410
-0.005319 0.812410
0.284353 0.812410
0.406915 0.812410
-0.329787 0.812410
-0.427305 0.812410
-0.392021 0.812195
0.311687 0.812111
-0.076241 0.812052
-0.429078 0.812052
-0.313830 0.812052
-0.202423 0.812052
-0.136525 0.812052
0.302083 0.812052
-0.339539 0.812052
-0.198582 0.812052
0.198582 0.812052
-0.368794 0.812052
-0.316046 0.812052
-0.308954 0.812052
0.362589 0.812052
0.264184 0.812052
-0.404255 0.812052
0.047429 0.812052
-0.350473 0.811813
0.279477 0.811693
0.360816 0.811693
0.035461 0.811693
0.179078 0.811693
0.387707 0.811573
0.123375 0.811573
0.267287 0.811514
-0.321809 0.811334
0.297872 0.811334
-0.335106 0.811334
0.229167 0.811334
0.052305 0.811334
-0.447695 0.811334
-0.166223 0.811155
0.127069 0.811095
-0.252364 0.811095
0.195922 0.810976
-0.269060 0.810976
0.282580 0.810976
-0.420213 0.810976
0.411348 0.810976
0.176418 0.810976
0.206117 0.810976
-0.384309 0.810976
-0.003369 0.810904
0.112145 0.810796
-0.560284 0.810630
-0.036348 0.810617
-0.046986 0.810617
-0.225177 0.810617
-0.388298 0.810617
0.086879 0.810617
-0.222074 0.810617
0.397163 0.810617
-0.374113 0.810617
0.304965 0.810617
0.224291 0.810617
0.250887 0.810617
0.187057 0.810617
0.217642 0.810617
-0.341017 0.810617
-0.072695 0.810617
-0.328901 0.810617
0.365248 0.810617
0.303191 0.810617
-0.336879 0.810617
-0.014628 0.810617
-0.288564 0.810617
-0.147163 0.810617
-0.228723 0.810617
-0.398936 0.810617
0.030585 0.810617
-0.246749 0.810378
0.381797 0.810378
-0.241135 0.810378
0.016548 0.810378
-0.188534 0.810378
0.236702 0.810258
0.190160 0.810258
-0.332447 0.810258
0.155585 0.810258
0.199025 0.810258
0.314569 0.810139
-0.250591 0.810019
-0.055851 0.810019
0.361702 0.809900
-0.315160 0.809900
0.143174 0.809900
-0.290780 0.809900
0.033688 0.809900
0.345745 0.809900
-0.317376 0.809900
0.193262 0.809900
0.152482 0.809900
-0.109043 0.809900
0.342199 0.809900
0.355053 0.809900
-0.368794 0.809900
-0.442819 0.809900
-0.379433 0.809900
0.164450 0.809900
0.069592 0.809900
0.367021 0.809900
-0.390071 0.809900
-0.087544 0.809720
0.307846 0.809720
0.057920 0.809660
-0.070035 0.809660
0.230674 0.809613
0.083333 0.809541
0.360372 0.809541
0.183067 0.809541
-0.334220 0.809541
0.042996 0.809541
0.036348 0.809541
0.056265 0.809421
0.207890 0.809362
-0.154255 0.809182
-0.414894 0.809182
0.196365 0.809182
0.101507 0.809182
0.375887 0.809182
0.067376 0.809182
0.253546 0.809182
0.368794 0.809182
0.052571 0.809182
0.098404 0.809182
0.054610 0.809182
-0.391844 0.809182
-0.025709 0.809182
0.136968 0.809182
0.372340 0.809182
0.359043 0.809182
0.420213 0.809182
0.351950 0.809182
0.223404 0.809182
0.189273 0.809182
0.272163 0.809003
-0.179669 0.808943
0.388889 0.808943
0.310727 0.808824
0.175975 0.808824
-0.255541 0.808824
0.085106 0.808824
-0.067376 0.808704
-0.010195 0.808465
0.462331 0.808465
0.106383 0.808465
0.199468 0.808465
-0.446809 0.808465
0.331560 0.808465
-0.150709 0.808465
-0.130319 0.808465
0.468852 0.808465
0.355940 0.808465
-0.023493 0.808465
0.160461 0.808465
0.298316 0.808465
0.187204 0.808226
0.367021 0.808226
-0.317376 0.808106
-0.398493 0.808106
0.029994 0.808106
0.238032 0.808106
-0.053191 0.808106
0.069592 0.808106
-0.160461 0.808106
0.057329 0.807987
-0.493637 0.807747
-0.132979 0.807747
0.116578 0.807747
-0.327571 0.807747
0.081560 0.807747
-0.230496 0.807747
-0.449468 0.807747
-0.200355 0.807747
-0.223404 0.807747
-0.370567 0.807747
-0.217199 0.807747
-0.339835 0.807747
0.055674 0.807747
0.041667 0.807747
0.291223 0.807747
0.349291 0.807747
0.222518 0.807747
0.169326 0.807747
-0.147163 0.807747
0.363254 0.807747
0.409574 0.807747
0.372340 0.807508
0.224911 0.807461
0.304521 0.807389
0.179965 0.807389
0.239362 0.807389
-0.115839 0.807030
-0.080083 0.807030
-0.112589 0.807030
-0.118499 0.807030
0.261525 0.807030
0.201241 0.806851
0.034870 0.806791
0.381501 0.806791
-0.309397 0.806791
0.230674 0.806743
-0.320479 0.806671
-0.423759 0.806671
0.393617 0.806671
0.053457 0.806671
-0.366578 0.806671
0.086879 0.806671
-0.427305 0.806671
-0.351803 0.806432
0.357048 0.806313
-0.444592 0.806313
0.322252 0.806313
0.350177 0.806313
-0.414894 0.806313
0.390071 0.806313
0.283688 0.806313
-0.429078 0.806313
0.090426 0.806313
0.295213 0.806313
-0.186170 0.806313
-0.317376 0.806313
-0.234043 0.806313
0.162234 0.806313
-0.332890 0.805954
-0.328901 0.805954
0.328457 0.805954
-0.260195 0.805954
0.257535 0.805954
0.005910 0.805835
-0.310284 0.805835
-0.166667 0.805835
0.033688 0.805835
-0.160904 0.805775
0.077837 0.805667
-0.157181 0.805631
0.061613 0.805595
0.421099 0.805595
-0.413121 0.805595
0.299645 0.805595
0.064495 0.805595
-0.190603 0.805595
0.067376 0.805595
-0.337027 0.805595
-0.236480 0.805595
-0.451241 0.805595
-0.144208 0.805356
0.098552 0.805356
-0.511702 0.805356
0.008570 0.805356
-0.183215 0.805356
0.276448 0.805356
0.084220 0.805237
0.054521 0.805237
-0.324911 0.805237
-0.370124 0.805237
0.131797 0.805237
-0.262855 0.805237
0.002837 0.805165
-0.173463 0.805117
0.036939 0.805117
0.332742 0.805117
-0.231383 0.804878
0.292110 0.804878
0.286348 0.804878
0.336436 0.804878
-0.113475 0.804878
0.340426 0.804878
0.253546 0.804878
-0.033688 0.804878
0.361259 0.804878
0.032506 0.804878
-0.316489 0.804878
-0.046099 0.804878
-0.200355 0.804878
-0.265071 0.804878
0.142730 0.804878
0.343972 0.804878
0.316489 0.804878
0.045656 0.804878
-0.277482 0.804878
-0.330895 0.804699
-0.164007 0.804639
0.103428 0.804639
0.374409 0.804639
-0.090647 0.804519
0.139628 0.804519
-0.353723 0.804519
-0.357713 0.804519
-0.216312 0.804519
-0.180260 0.804400
-0.339243 0.804400
0.366135 0.804280
0.071631 0.804232
-0.094415 0.804161
-0.250000 0.804161
0.293883 0.804161
-0.018617 0.804161
0.052305 0.804161
0.235372 0.804161
0.218528 0.804161
-0.255319 0.804161
-0.273050 0.804161
-0.387411 0.804161
-0.390957 0.804161
-0.111702 0.804161
0.320479 0.804161
0.298537 0.803981
0.179374 0.803922
-0.065603 0.803922
0.049645 0.803802
0.326684 0.803802
0.313387 0.803802
-0.378546 0.803802
-0.360372 0.803802
-0.322252 0.803563
-0.411939 0.803563
0.283688 0.803443
0.039007 0.803443
0.348404 0.803443
-0.129433 0.803443
-0.109929 0.803443
-0.371454 0.803443
-0.116430 0.803443
-0.334220 0.803443
0.355275 0.803443
-0.315603 0.803443
-0.317376 0.803443
0.307181 0.803443
0.171986 0.803443
-0.304743 0.803443
-0.011968 0.803443
-0.132447 0.803300
-0.157624 0.803300
0.055556 0.803204
0.144947 0.803204
-0.319149 0.803204
0.389480 0.803204
-0.153901 0.803156
-0.249113 0.803085
-0.253546 0.803085
-0.100399 0.803085
0.378546 0.803085
0.181294 0.803085
-0.173995 0.803061
0.234190 0.802965
0.275414 0.802965
-0.141253 0.802965
0.130910 0.802965
0.075887 0.802869
-0.180556 0.802846
-0.344710 0.802846
0.410018 0.802726
-0.015514 0.802726
0.142730 0.802726
0.310284 0.802726
0.290780 0.802726
0.088652 0.802726
-0.005762 0.802726
-0.070035 0.802726
-0.147163 0.802726
0.427305 0.802487
0.273345 0.802487
-0.216755 0.802367
-0.052305 0.802367
-0.367465 0.802367
-0.363918 0.802367
0.314716 0.802367
0.063165 0.802367
0.316933 0.802248
0.294991 0.802188
-0.328236 0.802188
0.053339 0.802128
-0.356383 0.802009
-0.248227 0.802009
0.173759 0.802009
-0.293883 0.802009
-0.039894 0.802009
-0.348404 0.802009
-0.028369 0.802009
0.271277 0.802009
0.236702 0.802009
0.292553 0.802009
0.135638 0.801889
0.175827 0.801769
0.385638 0.801769
-0.197695 0.801769
0.050680 0.801769
0.268026 0.801769
-0.308511 0.801769
-0.126330 0.801650
-0.119829 0.801650
0.375739 0.801590
0.122045 0.801530
0.177896 0.801530
-0.410757 0.801530
-0.154965 0.801506
0.368203 0.801411
0.160018 0.801291
0.311613 0.801291
-0.089539 0.801291
-0.095523 0.801291
-0.043440 0.801291
-0.215426 0.801291
0.190603 0.801291
-0.414894 0.801291
-0.180851 0.801291
-0.284131 0.801291
0.138741 0.801172
-0.136879 0.801148
-0.202349 0.801112
-0.139775 0.801052
0.228014 0.801004
0.022163 0.800933
0.399823 0.800933
-0.066933 0.800933
-0.378989 0.800933
0.124261 0.800933
0.111407 0.800813
0.179817 0.800693
-0.133924 0.800670
0.425532 0.800574
-0.395390 0.800574
-0.193262 0.800574
-0.080378 0.800574
0.059397 0.800574
-0.368794 0.800574
0.388002 0.800574
0.214539 0.800574
-0.365248 0.800574
-0.421986 0.800574
-0.317376 0.800574
-0.361702 0.800574
-0.341755 0.800454
-0.327793 0.800395
-0.412825 0.800335
-0.319149 0.800335
0.071631 0.800287
-0.113623 0.800215
0.363771 0.800215
0.054374 0.800096
-0.336879 0.800096
-0.560284 0.800077
0.196365 0.800036
0.342642 0.800036
-0.323138 0.799976
-0.383865 0.799976
-0.456117 0.799857
-0.208333 0.799857
-0.344858 0.799857
-0.215869 0.799857
0.242908 0.799857
0.285904 0.799857
-0.418440 0.799857
0.423316 0.799857
-0.445035 0.799857
0.250887 0.799857
0.416223 0.799857
-0.313830 0.799857
-0.104610 0.799857
-0.034870 0.799857
0.181738 0.799857
0.315160 0.799737
0.378989 0.799677
-0.046690 0.799617
0.148936 0.799617
0.079610 0.799570
-0.377216 0.799498
0.087766 0.799498
-0.257092 0.799498
-0.057181 0.799498
-0.061170 0.799498
0.099439 0.799259
0.171099 0.799139
0.167110 0.799139
0.305851 0.799139
0.384161 0.799139
-0.055851 0.799139
-0.425532 0.799139
-0.063830 0.799139
0.390071 0.799139
-0.138298 0.799139
-0.219858 0.799139
-0.436170 0.799139
-0.125887 0.799139
-0.335106 0.799139
0.064716 0.799139
-0.086288 0.799139
0.294991 0.799139
0.429078 0.799139
-0.154255 0.799139
-0.071365 0.799139
-0.229610 0.799139
-0.250591 0.799139
-0.278369 0.799139
-0.010638 0.799139
-0.339982 0.799020
0.368499 0.798900
0.140514 0.798780
-0.028369 0.798780
0.091312 0.798780
0.131206 0.798661
0.347074 0.798601
-0.214243 0.798541
-0.382092 0.798541
0.359397 0.798494
-0.096631 0.798422
-0.128546 0.798422
0.322695 0.798422
0.406915 0.798422
-0.152482 0.798422
0.042996 0.798422
0.039007 0.798422
0.327128 0.798422
-0.216312 0.798422
-0.371897 0.798422
-0.303856 0.798422
-0.343085 0.798422
-0.239495 0.798422
0.420213 0.798422
-0.066489 0.798422
-0.368794 0.798422
-0.142730 0.798422
-0.014184 0.798422
-0.130467 0.798302
0.133422 0.798302
0.109338 0.798183
-0.132388 0.798183
0.289450 0.798183
0.352305 0.798135
-0.358156 0.798063
-0.149823 0.798063
-0.099734 0.798063
-0.249704 0.798063
-0.094415 0.798063
-0.202349 0.798003
-0.246676 0.797884
0.371602 0.797704
0.150709 0.797704
0.424645 0.797704
-0.092199 0.797704
0.281915 0.797704
0.172872 0.797704
0.005319 0.797704
0.127660 0.797704
-0.040780 0.797704
-0.434988 0.797704
-0.317376 0.797704
-0.223404 0.797704
-0.296099 0.797704
0.104758 0.797585
-0.163121 0.797525
0.201684 0.797525
-0.273715 0.797525
0.174941 0.797465
-0.106826 0.797346
-0.391401 0.797346
0.245567 0.797346
-0.062943 0.797346
0.071217 0.797226
0.384161 0.797226
0.136525 0.797226
0.392730 0.797226
-0.206339 0.797166
-0.385638 0.797107
-0.427748 0.796987
0.148050 0.796987
0.310284 0.796987
0.062500 0.796987
0.100177 0.796987
-0.309397 0.796987
-0.074025 0.796987
-0.056294 0.796987
0.288121 0.796987
0.176714 0.796748
0.274232 0.796748
-0.406915 0.796748
0.404699 0.796628
0.124557 0.796628
0.313387 0.796628
-0.373227 0.796628
0.319149 0.796509
-0.172872 0.796449
0.373522 0.796389
-0.260047 0.796389
0.494306 0.796270
-0.312057 0.796270
-0.425975 0.796270
0.297429 0.796270
-0.190160 0.796270
0.285018 0.796270
-0.433806 0.796270
0.379433 0.796270
0.421543 0.796270
0.145390 0.796270
-0.461436 0.796270
0.253546 0.796270
0.388298 0.796270
-0.468085 0.796270
0.119238 0.796150
-0.327349 0.796090
-0.244371 0.796090
0.047872 0.796090
0.289450 0.796031
-0.436170 0.796031
0.359693 0.795983
0.347665 0.795971
0.101803 0.795911
0.183954 0.795911
-0.246897 0.795911
0.240248 0.795911
0.178635 0.795911
0.386229 0.795791
-0.263002 0.795791
-0.197400 0.795552
0.068262 0.795552
-0.375443 0.795552
0.121454 0.795552
-0.449468 0.795552
-0.084515 0.795552
-0.354610 0.795552
0.250887 0.795552
-0.408983 0.795552
-0.314716 0.795552
0.005024 0.795552
-0.389628 0.795552
-0.062057 0.795552
0.093972 0.795552
0.384161 0.795313
-0.287825 0.795313
0.370272 0.795313
-0.212470 0.795313
0.344858 0.795194
-0.059397 0.795194
0.058954 0.795194
-0.251478 0.795194
-0.423316 0.795194
-0.214539 0.795194
0.128989 0.795194
-0.231826 0.795194
0.072104 0.795074
-0.158688 0.795014
-0.093307 0.795014
-0.206560 0.794835
-0.039450 0.794835
-0.042553 0.794835
-0.099291 0.794835
0.334220 0.794835
0.160904 0.794835
0.253989 0.794835
-0.030585 0.794835
-0.312943 0.794835
-0.430112 0.794835
0.096188 0.794835
-0.081856 0.794835
0.189716 0.794835
-0.317376 0.794835
-0.344858 0.794835
-0.220745 0.794835
0.418440 0.794835
0.402482 0.794835
-0.441489 0.794835
0.288121 0.794835
0.103428 0.794835
0.138298 0.794835
0.076980 0.794715
-0.022340 0.794692
-0.434988 0.794596
-0.034427 0.794476
0.081117 0.794476
0.296321 0.794476
0.376773 0.794476
-0.210550 0.794476
-0.047281 0.794357
0.108304 0.794357
0.012116 0.794357
0.355319 0.794261
0.277482 0.794118
0.432624 0.794118
0.220745 0.794118
-0.236702 0.794118
0.226064 0.794118
-0.090426 0.794118
-0.315603 0.794118
0.364657 0.794118
-0.106383 0.794118
-0.351507 0.794118
0.088209 0.794118
0.118351 0.794118
0.098404 0.794118
0.407358 0.794118
-0.421543 0.794118
0.372193 0.793998
-0.284870 0.793998
0.351655 0.793998
0.019504 0.793998
-0.390071 0.793998
-0.393174 0.793998
-0.438830 0.793879
0.360520 0.793879
0.310727 0.793759
-0.055408 0.793759
-0.335550 0.793759
0.300310 0.793759
-0.064716 0.793759
0.230496 0.793759
0.291667 0.793759
-0.057624 0.793759
0.203679 0.793759
0.378546 0.793400
0.317376 0.793400
-0.313830 0.793400
-0.230940 0.793400
0.207225 0.793400
-0.426418 0.793400
0.164007 0.793400
-0.291667 0.793400
0.329787 0.793400
-0.119238 0.793400
-0.074468 0.793400
0.381206 0.793400
0.148345 0.793400
0.039007 0.793400
0.223404 0.793400
0.254433 0.793400
0.171986 0.793400
-0.013298 0.793400
0.556738 0.793255
-0.269282 0.793221
0.348848 0.793221
0.026817 0.793221
-0.045804 0.793161
0.434397 0.793042
0.205452 0.793042
0.089835 0.793042
0.072991 0.792922
0.383570 0.792922
0.340869 0.792862
0.121011 0.792862
0.354078 0.792755
0.173759 0.792683
-0.070922 0.792683
0.374113 0.792683
0.279255 0.792683
-0.217199 0.792683
0.103428 0.792683
0.003546 0.792683
0.115248 0.792683
-0.226950 0.792683
0.232270 0.792683
-0.281915 0.792683
0.305408 0.792683
0.078901 0.792683
-0.348404 0.792683
-0.369681 0.792683
-0.444149 0.792683
0.000443 0.792683
-0.204787 0.792683
-0.016844 0.792683
-0.194444 0.792444
-0.393617 0.792444
0.261968 0.792324
-0.424645 0.792324
0.234929 0.792324
-0.094415 0.792324
-0.353723 0.792324
0.190160 0.792324
-0.382092 0.792324
-0.416667 0.792324
-0.109486 0.792324
0.195035 0.792324
0.362884 0.792205
-0.197400 0.792205
0.355851 0.792037
0.209220 0.791966
0.315160 0.791966
-0.113032 0.791966
-0.260284 0.791966
0.096188 0.791966
-0.200355 0.791966
0.432624 0.791966
-0.223848 0.791966
-0.038121 0.791966
-0.284574 0.791966
-0.286791 0.791966
0.186170 0.791966
0.256649 0.791966
0.386229 0.791966
-0.403073 0.791966
0.229314 0.791846
-0.019947 0.791786
-0.247858 0.791786
0.123227 0.791786
-0.048463 0.791726
-0.262707 0.791726
-0.364657 0.791726
-0.026950 0.791679
0.111259 0.791607
0.259752 0.791607
0.165780 0.791607
-0.372784 0.791607
0.169770 0.791607
0.062057 0.791607
0.087618 0.791607
0.307181 0.791607
-0.340426 0.791607
0.158688 0.791487
-0.075650 0.791487
-0.091534 0.791428
0.117908 0.791428
-0.439716 0.791368
-0.357565 0.791368
-0.078901 0.791248
-0.213209 0.791248
0.282358 0.791248
0.352837 0.791248
-0.324468 0.791248
0.037234 0.791248
0.261082 0.791248
-0.422872 0.791248
0.411791 0.791248
-0.205674 0.791248
-0.395833 0.791129
-0.425089 0.791129
-0.244016 0.791069
-0.427305 0.791009
0.226359 0.791009
-0.142435 0.791009
0.135343 0.791009
-0.400561 0.790890
0.321365 0.790890
-0.039894 0.790890
-0.249409 0.790890
0.294770 0.790890
0.114805 0.790890
0.233156 0.790890
-0.008422 0.790890
-0.209663 0.790890
0.126773 0.790890
-0.031472 0.790890
0.022606 0.790890
0.370420 0.790770
0.066489 0.790710
-0.252660 0.790710
0.068262 0.790710
-0.328310 0.790650
0.365248 0.790531
-0.283245 0.790531
-0.234929 0.790531
-0.374113 0.790531
0.089243 0.790531
0.258865 0.790531
0.316489 0.790531
-0.315603 0.790531
0.235816 0.790531
-0.213652 0.790531
-0.259574 0.790531
0.336879 0.790531
0.354610 0.790531
0.273050 0.790531
-0.046986 0.790531
-0.150118 0.790531
-0.192967 0.790411
-0.292775 0.790352
-0.238918 0.790172
-0.070479 0.790172
0.212323 0.790172
-0.189273 0.790172
0.304965 0.790172
0.240248 0.790053
-0.196070 0.790053
0.200355 0.789813
0.110816 0.789813
-0.206560 0.789813
0.190603 0.789813
-0.384309 0.789813
-0.199025 0.789813
0.078457 0.789813
0.058511 0.789813
-0.066489 0.789813
-0.085993 0.789813
-0.041667 0.789813
0.436170 0.789813
-0.223404 0.789813
0.136968 0.789813
0.093972 0.789813
-0.148050 0.789813
-0.436466 0.789813
-0.429965 0.789694
-0.028546 0.789670
-0.076832 0.789574
0.290337 0.789574
0.385638 0.789574
-0.202571 0.789455
-0.402778 0.789455
0.319149 0.789455
0.395390 0.789335
-0.080083 0.789335
-0.406619 0.789335
0.053635 0.789275
-0.083333 0.789096
-0.258865 0.789096
-0.049645 0.789096
0.207447 0.789096
0.328014 0.789096
-0.234043 0.789096
0.114362 0.789096
0.340130 0.789096
0.294326 0.789096
-0.352837 0.789096
-0.377660 0.789096
-0.226950 0.789096
0.332151 0.789096
-0.459663 0.788737
0.398271 0.788737
0.300532 0.788737
0.353723 0.788737
-0.101507 0.788737
0.048759 0.788737
0.439421 0.788737
0.197695 0.788737
-0.296543 0.788737
0.388298 0.788618
0.227541 0.788618
0.069149 0.788558
-0.092863 0.788558
-0.303856 0.788558
0.264450 0.788522
-0.260638 0.788379
-0.230053 0.788379
-0.335993 0.788379
-0.213209 0.788379
0.374113 0.788379
-0.216312 0.788379
-0.035904 0.788379
0.185284 0.788379
-0.054965 0.788379
0.203901 0.788379
-0.400266 0.788379
0.367908 0.788379
0.261968 0.788379
0.429965 0.788379
0.012411 0.788379
-0.432624 0.788379
0.273050 0.788379
-0.057181 0.788379
0.336879 0.788379
-0.311170 0.788379
0.041667 0.788379
0.237367 0.788199
-0.257092 0.788199
-0.163121 0.788199
-0.390957 0.788140
-0.356678 0.788140
-0.277482 0.788140
-0.103280 0.788020
0.221188 0.788020
0.074468 0.788020
-0.321809 0.788020
-0.209663 0.788020
0.355496 0.788020
-0.420213 0.788020
0.017287 0.788020
0.556738 0.787978
0.117021 0.787960
0.086288 0.787901
0.027704 0.787841
0.437943 0.787781
0.302305 0.787661
-0.347518 0.787661
0.385047 0.787661
-0.089982 0.787661
0.361702 0.787661
0.142730 0.787661
-0.248818 0.787661
-0.374113 0.787661
0.296099 0.787661
-0.447695 0.787661
0.343381 0.787661
-0.470745 0.787661
0.376773 0.787661
0.152335 0.787661
-0.030142 0.787661
-0.413121 0.787661
0.334515 0.787661
0.442671 0.787661
-0.262411 0.787661
0.122340 0.787482
-0.258865 0.787482
-0.252069 0.787482
0.113918 0.787422
-0.273493 0.787422
0.392730 0.787422
0.035638 0.787374
0.210550 0.787303
-0.078901 0.787303
-0.339096 0.787303
-0.255319 0.787303
-0.072695 0.787303
-0.451684 0.787303
0.433067 0.787303
-0.049202 0.787303
-0.360520 0.787183
0.132388 0.787183
0.144060 0.787183
0.078014 0.786944
-0.444149 0.786944
-0.269947 0.786944
-0.353723 0.786944
-0.195922 0.786944
0.108599 0.786944
-0.244976 0.786944
-0.351064 0.786944
0.089391 0.786944
-0.068706 0.786944
-0.125000 0.786944
0.316489 0.786944
-0.375887 0.786944
0.340130 0.786944
0.106678 0.786944
0.421099 0.786944
0.403369 0.786944
-0.406324 0.786824
0.222665 0.786824
-0.019060 0.786765
-0.026152 0.786765
0.145390 0.786705
-0.436761 0.786705
-0.410165 0.786705
0.387707 0.786705
0.293440 0.786705
-0.379876 0.786585
0.199468 0.786585
0.169770 0.786585
-0.426418 0.786466
-0.041223 0.786406
0.354610 0.786227
-0.194149 0.786227
-0.088652 0.786227
0.336879 0.786227
-0.182181 0.786227
-0.241135 0.786227
-0.328310 0.786227
-0.342199 0.786227
-0.101064 0.786227
-0.468085 0.786227
0.370567 0.786227
-0.348404 0.786227
-0.285757 0.786227
0.444740 0.786227
-0.110816 0.786227
-0.031915 0.786227
0.073286 0.786227
0.016844 0.786227
-0.293070 0.786047
0.134013 0.785988
0.284574 0.785988
-0.229078 0.785940
-0.073138 0.785868
-0.123227 0.785868
-0.430851 0.785868
0.021720 0.785868
0.189273 0.785868
-0.060727 0.785868
-0.022163 0.785868
0.006206 0.785868
-0.114362 0.785868
-0.330674 0.785748
0.149379 0.785748
-0.184840 0.785748
0.113475 0.785748
0.207004 0.785689
0.302305 0.785509
0.392139 0.785509
0.213652 0.785509
-0.012411 0.785509
-0.074468 0.785509
0.373227 0.785509
-0.251182 0.785509
-0.029255 0.785509
0.143617 0.785509
-0.266401 0.785509
0.052748 0.785330
-0.254433 0.785330
-0.298094 0.785330
-0.136525 0.785270
-0.133865 0.785270
-0.360225 0.785270
-0.232181 0.785222
-0.016401 0.785151
0.182624 0.785151
-0.245420 0.785151
0.265603 0.785079
0.144947 0.785031
-0.332595 0.784912
-0.052305 0.784792
-0.033688 0.784792
0.135638 0.784792
-0.349291 0.784792
0.427305 0.784792
-0.448582 0.784792
0.260638 0.784792
0.326241 0.784792
0.358156 0.784792
0.124113 0.784792
-0.278369 0.784792
0.061613 0.784792
-0.066489 0.784792
-0.412234 0.784792
-0.091312 0.784792
0.381501 0.784792
-0.025266 0.784613
0.340647 0.784613
-0.236170 0.784505
-0.452571 0.784433
-0.189716 0.784433
0.007979 0.784433
-0.378103 0.784433
0.237145 0.784433
-0.241578 0.784433
0.223848 0.784433
0.147163 0.784314
-0.410757 0.784314
-0.135047 0.784314
-0.019504 0.784254
0.440603 0.784194
0.175975 0.784075
-0.014628 0.784075
0.216312 0.784075
0.324468 0.784075
0.297872 0.784075
0.334663 0.784075
-0.382092 0.784075
-0.157210 0.784075
-0.124113 0.784075
0.414894 0.784075
0.407801 0.784075
-0.055851 0.784075
-0.274379 0.784075
0.021277 0.784075
0.070035 0.784075
-0.385195 0.783955
-0.262411 0.783716
0.444149 0.783716
0.023050 0.783716
-0.159131 0.783716
0.093085 0.783716
-0.009752 0.783716
-0.164894 0.783716
-0.258865 0.783537
0.068262 0.783537
-0.047651 0.783537
0.033865 0.783501
-0.012116 0.783477
-0.414450 0.783357
0.327128 0.783357
0.372340 0.783357
0.363475 0.783357
-0.119238 0.783357
0.329344 0.783357
0.353723 0.783357
-0.351064 0.783357
-0.421543 0.783357
0.186170 0.783357
-0.353723 0.783357
0.307624 0.783357
0.024823 0.783357
0.416667 0.783357
-0.289598 0.783357
0.101359 0.783357
-0.028369 0.783357
-0.253546 0.783357
0.109929 0.783357
-0.270390 0.783357
0.075650 0.783357
-0.153073 0.783357
0.295213 0.783118
0.438830 0.783118
-0.418351 0.783070
0.156915 0.783058
-0.154994 0.782999
0.210106 0.782999
-0.086436 0.782999
-0.224512 0.782999
0.556738 0.782702
-0.242021 0.782640
-0.356383 0.782640
-0.036348 0.782640
-0.286643 0.782640
0.193262 0.782640
0.218972 0.782640
-0.095301 0.782640
0.146720 0.782640
0.355496 0.782640
-0.151005 0.782640
0.375000 0.782640
0.007092 0.782640
0.310284 0.782640
0.346853 0.782461
0.449025 0.782461
0.138741 0.782401
-0.362293 0.782401
0.431294 0.782281
-0.373670 0.782281
-0.395833 0.782281
0.182033 0.782162
0.153812 0.782102
-0.007092 0.781923
0.314716 0.781923
0.332447 0.781923
-0.162234 0.781923
-0.283688 0.781923
0.368794 0.781923
-0.071809 0.781923
0.391253 0.781923
-0.376330 0.781923
0.330230 0.781923
-0.299645 0.781923
0.259973 0.781923
0.187943 0.781923
0.028369 0.781923
0.047872 0.781923
-0.441489 0.781923
0.212323 0.781743
-0.279551 0.781683
-0.009456 0.781683
0.143174 0.781683
-0.422340 0.781636
0.439716 0.781564
-0.211436 0.781564
-0.089096 0.781564
-0.380319 0.781564
0.443706 0.781564
0.226950 0.781564
-0.051862 0.781564
0.404699 0.781564
-0.329196 0.781444
-0.064864 0.781444
0.207004 0.781385
-0.229300 0.781277
0.371454 0.781205
0.004876 0.781205
-0.251478 0.781205
-0.059545 0.781086
0.007388 0.781086
-0.168218 0.781026
-0.042775 0.781026
0.265337 0.780990
-0.141548 0.780966
-0.130024 0.780966
0.412589 0.780918
-0.165780 0.780846
-0.160018 0.780846
0.011525 0.780846
0.433954 0.780846
0.060727 0.780846
-0.151596 0.780846
-0.081560 0.780846
0.229167 0.780846
-0.034131 0.780846
-0.125887 0.780846
-0.055408 0.780846
-0.090426 0.780846
-0.123227 0.780846
0.074616 0.780846
0.183806 0.780727
-0.287825 0.780727
-0.272754 0.780727
0.151596 0.780667
-0.023936 0.780667
-0.177305 0.780488
-0.317376 0.780488
0.051418 0.780488
-0.459220 0.780488
0.148050 0.780488
0.199025 0.780488
-0.099291 0.780488
0.374113 0.780488
0.396277 0.780488
0.214539 0.780488
0.113475 0.780249
-0.134456 0.780249
0.414362 0.780201
-0.370567 0.780129
0.219858 0.780129
0.451241 0.780129
-0.402482 0.780129
-0.428723 0.780057
-0.304374 0.780010
0.141844 0.780010
0.276596 0.780010
-0.179965 0.780010
0.233378 0.779950
0.273493 0.779890
-0.266253 0.779890
-0.138889 0.779890
0.064716 0.779770
0.343085 0.779770
0.002660 0.779770
-0.147163 0.779770
-0.154255 0.779770
-0.105940 0.779770
0.121454 0.779770
0.403369 0.779770
-0.262411 0.779770
-0.320035 0.779770
0.222074 0.779770
0.104610 0.779770
0.005171 0.779651
-0.050754 0.779591
0.207890 0.779591
0.048537 0.779591
0.289894 0.779531
0.144504 0.779531
0.179669 0.779531
-0.182624 0.779531
-0.448138 0.779412
0.398050 0.779412
0.439273 0.779412
-0.116578 0.779412
0.154255 0.779412
-0.167996 0.779412
0.025266 0.779412
-0.375887 0.779412
0.420213 0.779412
0.299054 0.779292
-0.390957 0.779292
0.041445 0.779232
0.015957 0.779053
-0.446365 0.779053
-0.113918 0.779053
0.434397 0.779053
-0.249409 0.779053
-0.452128 0.779053
0.349734 0.779053
0.217642 0.779053
0.111702 0.779053
0.186613 0.779053
-0.002660 0.779053
-0.021277 0.779053
0.069149 0.779053
-0.280142 0.779053
-0.432624 0.779053
-0.560284 0.778970
0.211436 0.778874
0.280142 0.778814
-0.416135 0.778766
0.031028 0.778766
0.175975 0.778694
-0.110816 0.778694
0.426418 0.778694
0.055851 0.778694
0.384604 0.778694
-0.149823 0.778694
0.437500 0.778694
-0.094415 0.778694
-0.261525 0.778694
-0.264184 0.778694
-0.322695 0.778575
-0.184397 0.778575
-0.170878 0.778515
0.409486 0.778407
-0.383865 0.778336
0.351507 0.778336
-0.437943 0.778336
-0.302305 0.778336
-0.282801 0.778336
0.267730 0.778336
-0.337766 0.778336
0.455230 0.778156
-0.286052 0.778097
-0.325059 0.778097
0.002216 0.777977
0.397163 0.777977
-0.222739 0.777977
0.078457 0.777977
0.204787 0.777977
0.405585 0.777977
-0.059102 0.777857
0.273493 0.777738
0.092199 0.777618
0.283688 0.777618
0.059397 0.777618
0.217642 0.777618
0.214539 0.777618
-0.004433 0.777618
-0.265957 0.777618
-0.054965 0.777618
-0.176418 0.777618
-0.179078 0.777618
-0.260638 0.777618
0.556738 0.777425
-0.011673 0.777379
-0.332151 0.777379
-0.453457 0.777260
-0.019504 0.777260
-0.263002 0.777260
-0.359190 0.777200
-0.246868 0.777188
0.304374 0.777140
-0.312352 0.777140
0.412057 0.777044
-0.089539 0.776901
-0.210106 0.776901
0.022163 0.776901
-0.374778 0.776901
-0.052305 0.776901
0.015514 0.776901
-0.034574 0.776901
0.051123 0.776901
-0.433511 0.776901
-0.120567 0.776901
0.328457 0.776901
0.006944 0.776781
-0.288121 0.776662
-0.028960 0.776662
0.300236 0.776662
0.140071 0.776662
-0.380319 0.776542
0.018617 0.776542
0.437943 0.776542
-0.388741 0.776542
0.026152 0.776542
-0.142730 0.776542
0.401596 0.776542
-0.426064 0.776471
0.185284 0.776184
0.459220 0.776184
0.035461 0.776184
-0.264775 0.776184
0.350177 0.776184
0.213652 0.776184
0.001773 0.776184
-0.413121 0.776184
0.168440 0.776184
-0.382979 0.776184
0.227394 0.776184
-0.338209 0.776184
0.032801 0.776184
0.099291 0.776184
-0.131206 0.776184
-0.276596 0.776184
-0.305703 0.776064
-0.458555 0.775825
-0.156915 0.775825
-0.135638 0.775825
-0.116135 0.775825
-0.431383 0.775753
0.010638 0.775705
0.070035 0.775705
-0.067080 0.775705
-0.455674 0.775466
-0.182624 0.775466
0.054965 0.775466
-0.438830 0.775466
0.090426 0.775466
0.437500 0.775466
0.380319 0.775466
0.423759 0.775466
-0.161348 0.775466
-0.420213 0.775466
0.270390 0.775466
0.021720 0.775466
-0.113475 0.775466
0.172429 0.775466
-0.279255 0.775466
-0.244326 0.775323
-0.290189 0.775227
0.400709 0.775108
0.308067 0.775108
0.003989 0.775108
-0.445479 0.775108
-0.465647 0.775108
0.039007 0.775108
0.080674 0.775108
-0.427837 0.775036
-0.248050 0.775036
-0.267199 0.775036
-0.057624 0.774988
-0.107270 0.774749
-0.393617 0.774749
-0.190603 0.774749
0.433954 0.774749
0.116135 0.774749
-0.310284 0.774749
0.118794 0.774749
0.015071 0.774749
-0.263593 0.774749
0.287234 0.774749
0.085106 0.774749
-0.373227 0.774749
-0.416667 0.774749
0.354610 0.774749
0.403369 0.774749
-0.125443 0.774749
-0.084663 0.774749
-0.425532 0.774749
0.102394 0.774749
0.000000 0.774749
-0.314273 0.774749
0.187500 0.774749
-0.122784 0.774749
0.214539 0.774749
-0.258865 0.774749
0.151596 0.774689
0.303930 0.774629
-0.048980 0.774570
-0.184397 0.774510
-0.178191 0.774510
-0.046099 0.774510
0.018174 0.774390
-0.387855 0.774390
-0.306294 0.774390
-0.374778 0.774390
-0.272518 0.774319
0.098109 0.774271
-0.065603 0.774271
0.181516 0.774211
0.199468 0.774032
-0.187057 0.774032
-0.382092 0.774032
-0.302305 0.774032
0.427305 0.774032
0.021277 0.774032
-0.054078 0.774032
0.111702 0.774032
-0.430851 0.774032
0.086879 0.774032
0.226507 0.774032
0.221631 0.774032
-0.421543 0.774032
-0.317376 0.774032
0.170213 0.774032
-0.121011 0.774032
0.415027 0.773924
-0.058511 0.773912
-0.114953 0.773912
0.009752 0.773792
-0.027926 0.773673
-0.055851 0.773673
-0.369238 0.773673
-0.110225 0.773673
0.023936 0.773673
0.002216 0.773673
-0.224956 0.773673
0.194592 0.773673
-0.266017 0.773601
0.283688 0.773553
0.093972 0.773314
0.038121 0.773314
-0.107122 0.773314
0.453014 0.773314
-0.415780 0.773314
0.062057 0.773314
0.402482 0.773314
-0.053191 0.773314
0.105496 0.773314
0.213652 0.773314
-0.341977 0.773314
0.281472 0.773314
-0.276300 0.773314
-0.232270 0.773314
0.125887 0.773314
0.107713 0.773314
-0.312943 0.773314
-0.402482 0.773314
0.312057 0.773314
0.189716 0.773314
-0.070922 0.773314
-0.437943 0.773314
-0.417996 0.773314
-0.427305 0.773314
-0.189716 0.773314
0.228723 0.773314
0.298168 0.773195
-0.050754 0.773135
-0.394799 0.773075
-0.145390 0.773075
-0.140071 0.772956
0.441046 0.772956
-0.444592 0.772956
-0.048316 0.772956
-0.054965 0.772956
-0.353723 0.772956
-0.035904 0.772956
0.423316 0.772956
-0.045434 0.772896
-0.242730 0.772884
0.116135 0.772836
0.066489 0.772836
-0.042553 0.772836
-0.169991 0.772776
0.156619 0.772776
-0.349512 0.772776
0.230644 0.772716
0.084220 0.772597
-0.392730 0.772597
-0.432624 0.772597
0.289007 0.772597
-0.079787 0.772597
-0.016844 0.772597
0.135638 0.772597
0.140957 0.772597
-0.345301 0.772597
-0.492021 0.772597
0.167849 0.772597
0.203103 0.772525
-0.116430 0.772358
0.103280 0.772238
0.086436 0.772238
-0.092642 0.772238
0.444149 0.772238
0.430408 0.772238
0.274823 0.772238
0.246011 0.772238
0.556738 0.772148
0.111702 0.772119
-0.111702 0.772119
-0.119829 0.772119
0.285461 0.772119
-0.339539 0.772059
0.174867 0.772059
-0.142730 0.771999
0.120272 0.771879
0.105053 0.771879
-0.371011 0.771879
0.428635 0.771879
-0.297872 0.771879
0.324468 0.771879
-0.106974 0.771879
0.214539 0.771879
-0.257092 0.771879
-0.419326 0.771879
0.143617 0.771879
0.248227 0.771879
0.008865 0.771879
-0.022163 0.771879
-0.337766 0.771700
0.216312 0.771521
0.090869 0.771521
-0.244504 0.771449
-0.395981 0.771401
0.049645 0.771401
-0.329492 0.771401
-0.182624 0.771401
0.356974 0.771401
0.035461 0.771401
-0.342863 0.771341
0.140957 0.771162
0.135638 0.771162
-0.426418 0.771162
-0.401374 0.771162
0.218085 0.771162
0.101064 0.771162
0.206738 0.771019
0.179300 0.770983
-0.039894 0.770923
-0.185284 0.770923
0.038121 0.770923
0.146277 0.770923
0.113475 0.770923
-0.393913 0.770923
0.372931 0.770923
0.102837 0.770803
0.076241 0.770803
0.378989 0.770803
-0.089096 0.770803
0.311318 0.770803
-0.124557 0.770684
0.285461 0.770684
0.361850 0.770684
0.420434 0.770624
-0.033688 0.770445
-0.230496 0.770445
0.422872 0.770445
0.083333 0.770445
0.104610 0.770445
0.290780 0.770445
-0.187943 0.770445
0.433511 0.770445
0.364657 0.770445
0.163416 0.770445
-0.452128 0.770445
-0.391844 0.770445
-0.300532 0.770445
0.064716 0.770445
0.386525 0.770445
0.398936 0.770445
0.343528 0.770445
0.426418 0.770086
0.431738 0.770086
0.184397 0.770086
0.085550 0.770086
-0.340426 0.770086
-0.210550 0.770086
0.287234 0.769967
-0.497636 0.769967
-0.020242 0.769967
0.044622 0.769967
0.148936 0.769967
0.117612 0.769967
0.520390 0.769886
0.214096 0.769727
0.306738 0.769727
0.441933 0.769727
0.180851 0.769727
0.201241 0.769727
0.078901 0.769727
0.062057 0.769727
0.419696 0.769668
-0.268972 0.769656
0.283688 0.769488
-0.125887 0.769488
0.422134 0.769488
-0.142730 0.769488
0.015514 0.769369
-0.346853 0.769369
0.379876 0.769369
-0.384309 0.769369
-0.008422 0.769369
0.210195 0.769297
0.388593 0.769249
0.410239 0.769189
0.235963 0.769130
0.074468 0.769010
-0.235372 0.769010
-0.099291 0.769010
-0.158245 0.769010
-0.240691 0.769010
-0.400266 0.769010
0.279255 0.769010
0.355496 0.769010
-0.419326 0.769010
-0.193262 0.769010
-0.303191 0.769010
-0.422429 0.769010
-0.316489 0.769010
0.375887 0.769010
-0.165780 0.769010
0.445035 0.769010
0.018617 0.769010
-0.368794 0.769010
-0.242908 0.769010
-0.011082 0.769010
0.004285 0.768890
-0.069149 0.768867
-0.156028 0.768771
0.095745 0.768771
-0.185284 0.768771
-0.299645 0.768771
-0.537234 0.768737
0.142287 0.768651
-0.272754 0.768651
-0.376108 0.768651
-0.439716 0.768651
-0.282801 0.768651
-0.077571 0.768651
-0.332890 0.768651
0.261082 0.768651
0.421395 0.768532
0.000296 0.768532
-0.118499 0.768532
-0.560284 0.768416
0.218381 0.768412
0.430999 0.768293
-0.483156 0.768293
0.135343 0.768293
-0.364953 0.768293
0.240248 0.768293
-0.187943 0.768293
0.070922 0.768293
0.350621 0.768293
0.330674 0.768293
0.222518 0.768293
-0.121897 0.768293
0.193262 0.768293
0.097222 0.768293
-0.446070 0.768173
-0.054300 0.768113
0.226285 0.768113
-0.325946 0.768101
0.117021 0.768054
-0.259161 0.768054
-0.182033 0.768054
0.359338 0.768054
-0.051862 0.767934
-0.292110 0.767934
-0.434397 0.767934
0.131206 0.767934
0.393026 0.767814
-0.318853 0.767814
0.419105 0.767755
0.099291 0.767695
-0.132683 0.767635
0.023050 0.767575
-0.203901 0.767575
0.007388 0.767575
-0.140366 0.767575
-0.389184 0.767575
0.213652 0.767575
-0.161348 0.767575
-0.256649 0.767575
-0.240248 0.767575
0.299202 0.767575
-0.398715 0.767575
-0.244681 0.767575
0.291667 0.767575
0.352837 0.767575
0.027482 0.767575
0.402482 0.767575
0.102837 0.767575
0.398936 0.767575
0.443262 0.767575
-0.295213 0.767575
-0.431738 0.767575
-0.113180 0.767456
-0.302305 0.767336
-0.043440 0.767336
-0.497931 0.767336
-0.421838 0.767336
0.229167 0.767217
-0.224956 0.767217
0.294326 0.767217
0.104610 0.767217
0.121158 0.767097
-0.148936 0.767097
-0.123227 0.767097
0.092642 0.766978
0.220597 0.766978
0.556738 0.766871
-0.227394 0.766858
-0.269504 0.766858
0.173759 0.766858
-0.430851 0.766858
-0.393617 0.766858
-0.390957 0.766858
-0.194444 0.766858
0.192376 0.766858
-0.284574 0.766858
-0.048980 0.766679
0.388298 0.766619
-0.499704 0.766619
-0.298316 0.766619
0.420804 0.766619
0.216164 0.766619
0.106678 0.766619
0.031915 0.766619
0.088209 0.766499
0.281915 0.766499
0.207979 0.766428
0.053487 0.766380
-0.448286 0.766380
-0.014480 0.766380
0.382979 0.766380
0.417332 0.766320
0.187057 0.766141
-0.372340 0.766141
-0.187943 0.766141
-0.199764 0.766141
0.428487 0.766141
0.433067 0.766141
0.441046 0.766141
-0.348404 0.766141
-0.274823 0.766141
-0.312057 0.766141
0.304078 0.766141
-0.397163 0.766141
0.169326 0.766141
-0.156915 0.766141
0.188830 0.766141
-0.220301 0.766141
-0.310284 0.766141
0.393913 0.766021
0.422577 0.765901
-0.104167 0.765782
0.141992 0.765782
0.399823 0.765782
0.248670 0.765782
-0.457668 0.765782
0.156619 0.765782
0.319444 0.765662
-0.424350 0.765662
-0.152482 0.765662
0.115248 0.765662
0.218676 0.765662
-0.343972 0.765662
-0.301418 0.765662
-0.404920 0.765603
-0.081915 0.765567
-0.285165 0.765543
0.149084 0.765543
-0.265366 0.765543
-0.368794 0.765423
-0.454787 0.765423
0.445922 0.765423
-0.308067 0.765423
-0.207447 0.765423
-0.205230 0.765423
0.161791 0.765423
0.154255 0.765423
0.203014 0.765423
-0.280142 0.765423
-0.040780 0.765423
-0.005319 0.765423
-0.023493 0.765423
-0.476950 0.765423
-0.102837 0.765423
-0.250443 0.765423
-0.242908 0.765423
-0.322621 0.765304
-0.303635 0.765184
-0.085284 0.765136
-0.234264 0.765065
-0.132979 0.765065
0.297429 0.765065
-0.007979 0.765065
-0.136820 0.764885
0.039894 0.764706
0.409574 0.764706
-0.195626 0.764706
-0.177305 0.764706
0.312648 0.764706
-0.202128 0.764706
-0.386525 0.764706
-0.167553 0.764706
0.060284 0.764706
-0.218085 0.764706
-0.396277 0.764706
-0.432624 0.764706
-0.198877 0.764706
0.426123 0.764706
0.182181 0.764706
-0.010638 0.764706
-0.001478 0.764586
-0.071365 0.764562
-0.427600 0.764467
-0.420508 0.764467
-0.398050 0.764467
-0.153369 0.764467
0.199911 0.764347
0.304521 0.764347
0.239362 0.764347
0.151891 0.764228
0.043735 0.764228
-0.188534 0.764228
-0.131206 0.764168
0.227615 0.764168
-0.345301 0.764108
-0.097222 0.763989
-0.450355 0.763989
0.062943 0.763989
-0.330674 0.763989
0.397163 0.763989
-0.197104 0.763989
-0.148050 0.763989
0.015957 0.763989
0.284574 0.763989
-0.388298 0.763989
0.158836 0.763989
0.450355 0.763989
0.430556 0.763989
-0.204344 0.763989
0.123670 0.763869
-0.258717 0.763749
0.002364 0.763749
0.121454 0.763749
0.093085 0.763749
-0.263593 0.763749
0.213948 0.763749
0.290337 0.763630
0.206117 0.763630
0.010934 0.763630
-0.295656 0.763630
-0.317598 0.763630
0.147606 0.763630
-0.021572 0.763510
-0.192376 0.763510
0.106678 0.763391
-0.083511 0.763343
-0.256206 0.763271
0.356383 0.763271
-0.127216 0.763271
-0.154255 0.763271
-0.375887 0.763271
-0.485816 0.763271
-0.129433 0.763271
0.196809 0.763271
0.230496 0.763271
-0.158688 0.763271
-0.095449 0.763271
-0.265957 0.763271
0.160461 0.763271
-0.430851 0.763271
-0.125000 0.763271
0.088652 0.763271
-0.416667 0.763271
0.469858 0.763271
-0.395390 0.763271
0.233156 0.763271
-0.198582 0.763271
0.306738 0.763271
-0.221631 0.763271
0.423759 0.763271
-0.390071 0.763271
0.242465 0.763271
-0.494681 0.763271
0.332742 0.763271
0.435727 0.763271
-0.171986 0.763271
0.286348 0.763271
-0.169326 0.763271
0.168883 0.763271
0.441933 0.763271
-0.349734 0.763271
0.201389 0.763152
0.050384 0.763152
-0.064495 0.763128
-0.397163 0.763032
0.155290 0.763032
0.221927 0.763032
-0.081294 0.762984
0.425532 0.762912
-0.351507 0.762912
-0.361850 0.762912
-0.398936 0.762793
-0.281324 0.762793
-0.018913 0.762793
0.108747 0.762793
0.175798 0.762697
0.427305 0.762554
-0.346631 0.762554
0.061170 0.762554
-0.488475 0.762554
-0.109929 0.762554
-0.384752 0.762554
0.420213 0.762554
-0.116726 0.762554
0.131206 0.762554
-0.404255 0.762494
-0.058511 0.762374
0.150414 0.762315
0.122340 0.762315
0.098848 0.762315
-0.121897 0.762195
0.429965 0.762195
0.293883 0.762195
-0.322917 0.762195
-0.272163 0.762195
0.304521 0.762195
0.102394 0.762195
0.198286 0.762076
0.326241 0.762076
-0.301418 0.761956
0.237145 0.761836
0.227837 0.761836
0.421986 0.761836
0.019504 0.761836
0.328605 0.761836
-0.335106 0.761836
0.186170 0.761836
-0.388298 0.761836
0.436613 0.761836
0.189716 0.761836
-0.091903 0.761836
0.187943 0.761836
-0.491135 0.761836
-0.365691 0.761836
-0.379433 0.761836
0.275266 0.761836
0.402039 0.761836
-0.424054 0.761741
-0.052527 0.761657
0.112884 0.761597
-0.179669 0.761597
0.104462 0.761597
-0.040780 0.761597
0.556738 0.761594
0.015957 0.761478
-0.263298 0.761478
0.135786 0.761478
-0.367908 0.761478
-0.315603 0.761478
0.204492 0.761358
0.083038 0.761358
-0.035018 0.761239
-0.283836 0.761239
-0.215869 0.761119
0.306738 0.761119
-0.503546 0.761119
-0.306294 0.761119
-0.291667 0.761119
-0.032801 0.761119
0.132979 0.761119
-0.118794 0.761119
-0.247340 0.761119
-0.015071 0.761119
-0.386525 0.761119
-0.046986 0.761119
-0.085106 0.761119
0.191489 0.761119
0.154403 0.760880
-0.012234 0.760832
0.250000 0.760760
0.321513 0.760641
-0.427305 0.760545
0.218824 0.760521
0.163859 0.760402
0.017730 0.760402
0.415780 0.760402
-0.488475 0.760402
0.433511 0.760402
-0.371454 0.760402
-0.100768 0.760402
0.117021 0.760402
-0.351064 0.760402
-0.457447 0.760402
-0.071365 0.760402
0.225177 0.760402
0.100177 0.760402
0.193262 0.760402
-0.178191 0.760402
-0.293883 0.760402
-0.080674 0.760402
-0.188091 0.760282
-0.411791 0.760222
-0.039007 0.760163
-0.278073 0.760163
0.109929 0.760163
-0.193262 0.760163
0.159131 0.760043
-0.324690 0.760043
-0.090130 0.760043
-0.028812 0.760043
0.136673 0.760043
-0.342346 0.760043
0.120567 0.759923
-0.446513 0.759923
0.325059 0.759923
0.179787 0.759828
0.308511 0.759684
0.133422 0.759684
-0.491135 0.759684
-0.336584 0.759684
-0.072252 0.759684
0.012855 0.759684
-0.240248 0.759684
0.425532 0.759684
-0.238032 0.759684
0.417553 0.759684
0.204787 0.759684
0.247340 0.759684
-0.286348 0.759684
0.283688 0.759684
-0.260638 0.759684
0.295213 0.759684
-0.194740 0.759445
0.378546 0.759445
0.520390 0.759332
0.453014 0.759326
-0.284131 0.759326
0.334220 0.759326
-0.059176 0.759326
-0.291223 0.759326
-0.110372 0.759326
0.020390 0.759326
0.024823 0.759326
0.427305 0.759326
0.259752 0.759206
0.075059 0.759206
0.105644 0.758967
0.414894 0.758967
0.039007 0.758967
0.434397 0.758967
-0.245567 0.758967
0.359929 0.758967
0.114066 0.758967
0.253989 0.758967
-0.308511 0.758967
0.117908 0.758967
-0.505319 0.758967
-0.358599 0.758967
0.031915 0.758967
-0.281915 0.758967
-0.190012 0.758967
-0.108599 0.758967
0.015957 0.758967
-0.298759 0.758967
-0.328014 0.758967
0.196809 0.758967
-0.390071 0.758967
0.152926 0.758967
-0.040780 0.758967
-0.136820 0.758967
-0.006206 0.758847
0.211584 0.758728
-0.331117 0.758608
-0.373227 0.758608
-0.288564 0.758608
0.028369 0.758608
0.441046 0.758608
0.451241 0.758608
-0.199911 0.758608
-0.203901 0.758608
-0.322917 0.758608
-0.243203 0.758489
-0.262633 0.758429
-0.433511 0.758250
0.159574 0.758250
-0.111850 0.758250
-0.507979 0.758250
-0.414007 0.758250
-0.301418 0.758250
-0.278369 0.758250
0.256206 0.758250
0.084220 0.758250
-0.187057 0.758250
-0.022163 0.758250
0.297429 0.758250
0.129876 0.758250
0.262411 0.758011
0.158245 0.757891
0.018617 0.757891
0.330083 0.757891
0.222074 0.757891
-0.397606 0.757891
-0.259309 0.757891
0.184840 0.757891
0.142287 0.757891
0.127660 0.757891
-0.560284 0.757863
0.173404 0.757819
0.170331 0.757676
-0.374113 0.757532
-0.473404 0.757532
0.037234 0.757532
0.476950 0.757532
-0.087766 0.757532
-0.274823 0.757532
-0.306738 0.757532
-0.226064 0.757532
0.286348 0.757532
0.231383 0.757532
0.047872 0.757532
-0.338061 0.757532
0.200355 0.757532
-0.491135 0.757532
-0.074025 0.757532
-0.269725 0.757353
-0.180556 0.757293
0.187943 0.757293
-0.016667 0.757245
-0.210106 0.757174
-0.227837 0.757174
0.070479 0.757174
0.161348 0.757174
-0.183067 0.757174
-0.264628 0.757174
0.050089 0.757174
-0.122340 0.757174
0.390957 0.757174
0.246011 0.757174
0.005319 0.757174
0.349882 0.757054
0.124113 0.757054
-0.188978 0.756934
-0.139480 0.756815
0.131649 0.756815
-0.505319 0.756815
0.088652 0.756815
-0.328901 0.756815
-0.317376 0.756815
0.134752 0.756815
0.160018 0.756815
0.463652 0.756815
-0.493794 0.756815
-0.229610 0.756815
0.021277 0.756815
0.052305 0.756815
-0.056738 0.756815
-0.261303 0.756636
0.410461 0.756576
0.191489 0.756576
-0.035018 0.756456
-0.152039 0.756456
-0.086879 0.756456
0.066933 0.756456
0.038564 0.756456
-0.019504 0.756456
0.412234 0.756456
0.224734 0.756456
-0.286348 0.756456
-0.143174 0.756456
-0.295213 0.756456
0.078605 0.756337
0.346779 0.756337
-0.462766 0.756098
-0.458333 0.756098
-0.237145 0.756098
0.289894 0.756098
-0.284131 0.756098
-0.366578 0.756098
0.414894 0.756098
0.427305 0.756098
-0.377660 0.756098
0.035461 0.756098
-0.416667 0.756098
0.062057 0.756098
-0.312057 0.756098
-0.081560 0.756098
-0.048759 0.756098
-0.113180 0.756098
-0.067376 0.756098
-0.179078 0.756098
0.241135 0.756098
0.391844 0.756098
0.178457 0.755882
0.418617 0.755811
0.424823 0.755811
0.042996 0.755739
0.193706 0.755739
-0.296099 0.755739
-0.394947 0.755739
0.031915 0.755739
-0.401152 0.755739
-0.190898 0.755619
-0.220597 0.755619
0.213948 0.755619
0.422340 0.755524
0.174025 0.755524
0.216460 0.755500
-0.230940 0.755380
-0.064716 0.755380
-0.288564 0.755380
-0.429965 0.755380
-0.253989 0.755380
0.073582 0.755380
-0.351950 0.755380
0.249557 0.755380
0.094415 0.755380
0.028369 0.755380
0.317376 0.755380
-0.019504 0.755380
0.398936 0.755380
-0.327128 0.755380
-0.343972 0.755380
-0.104167 0.755380
0.015957 0.755380
0.135638 0.755380
0.167405 0.755201
-0.425089 0.755165
0.326537 0.755141
-0.298759 0.755022
-0.155585 0.755022
-0.214982 0.755022
-0.031028 0.755022
0.036791 0.755022
0.412234 0.755022
-0.384309 0.755022
0.429669 0.754902
-0.223257 0.754902
0.175355 0.754806
-0.250000 0.754663
-0.329787 0.754663
-0.046099 0.754663
0.445479 0.754663
-0.097518 0.754663
-0.272754 0.754663
-0.062057 0.754663
-0.505319 0.754663
0.160904 0.754663
0.271277 0.754663
-0.310284 0.754663
-0.366135 0.754663
0.096188 0.754663
0.122340 0.754663
0.342199 0.754663
0.234929 0.754663
-0.415337 0.754663
-0.393322 0.754663
-0.267657 0.754484
0.165337 0.754484
-0.026596 0.754424
0.050532 0.754424
-0.192967 0.754424
-0.387855 0.754304
-0.052305 0.754304
0.197252 0.754304
-0.346188 0.754304
-0.315603 0.754304
-0.059397 0.754304
-0.402039 0.754304
-0.368351 0.754304
0.426714 0.754185
-0.420213 0.754089
-0.437057 0.753945
-0.290780 0.753945
-0.445922 0.753945
0.268617 0.753945
0.221631 0.753945
-0.406028 0.753945
-0.489362 0.753945
0.339539 0.753945
-0.480496 0.753945
-0.232270 0.753945
-0.370567 0.753945
-0.112145 0.753945
0.152482 0.753945
0.331560 0.753945
0.183511 0.753945
0.038121 0.753945
-0.201241 0.753945
0.242021 0.753945
0.424232 0.753898
0.348700 0.753706
0.062057 0.753706
0.213357 0.753706
-0.229167 0.753587
-0.167110 0.753587
-0.308067 0.753587
0.071365 0.753587
0.215869 0.753587
0.257979 0.753467
0.139805 0.753443
-0.286348 0.753228
-0.195035 0.753228
-0.046986 0.753228
-0.041223 0.753228
-0.258422 0.753228
-0.078901 0.753228
-0.369238 0.753228
0.266844 0.753228
0.366135 0.753228
-0.414007 0.753228
-0.261082 0.753228
-0.062057 0.753228
0.296986 0.753109
-0.183067 0.752869
0.035461 0.752869
0.416223 0.752869
-0.023936 0.752630
0.419947 0.752582
-0.448582 0.752511
0.270390 0.752511
0.175975 0.752511
-0.426418 0.752511
0.309397 0.752511
0.284574 0.752511
-0.010638 0.752511
-0.406915 0.752511
0.077128 0.752511
-0.304669 0.752511
-0.461436 0.752511
-0.080674 0.752511
-0.074911 0.752511
0.224291 0.752511
0.166223 0.752331
0.426123 0.752272
0.376773 0.752272
0.455674 0.752152
0.343528 0.752152
-0.098848 0.752152
-0.429078 0.752152
0.312500 0.752152
0.218528 0.752152
-0.402039 0.752152
-0.306885 0.752152
0.228280 0.752152
0.062057 0.752033
0.328310 0.751913
-0.070922 0.751793
-0.037825 0.751793
0.402039 0.751793
-0.437943 0.751793
-0.066489 0.751793
0.374113 0.751793
0.212766 0.751793
-0.034870 0.751793
0.371454 0.751793
-0.313830 0.751793
-0.062057 0.751793
-0.459220 0.751793
-0.113475 0.751793
0.484043 0.751793
0.112293 0.751793
0.368794 0.751793
-0.117243 0.751793
0.164894 0.751793
-0.121011 0.751793
-0.040189 0.751793
0.232270 0.751793
-0.270686 0.751793
-0.045213 0.751793
0.080969 0.751793
-0.357270 0.751793
0.156472 0.751554
-0.327128 0.751554
0.066933 0.751435
-0.398197 0.751435
-0.056738 0.751435
0.025709 0.751435
0.136673 0.751435
0.070479 0.751435
-0.421543 0.751435
-0.005319 0.751315
0.432329 0.751315
0.053191 0.751315
-0.246749 0.751315
0.244681 0.751315
0.257683 0.751076
0.329787 0.751076
-0.293440 0.751076
0.134752 0.751076
-0.267435 0.751076
0.229167 0.751076
0.078310 0.751076
-0.440603 0.751076
-0.473404 0.751076
0.186170 0.751076
0.194149 0.751076
-0.410018 0.751076
0.556738 0.751041
0.146011 0.750933
0.260638 0.750837
-0.238475 0.750837
-0.321809 0.750837
-0.429965 0.750717
-0.077275 0.750598
0.242021 0.750598
0.189273 0.750478
0.231383 0.750359
0.371011 0.750359
0.082151 0.750359
-0.258865 0.750359
0.269504 0.750359
-0.264184 0.750359
-0.272754 0.750359
-0.261525 0.750359
-0.297872 0.750359
-0.133865 0.750359
0.088652 0.750359
-0.304965 0.750359
0.226064 0.750359
-0.268765 0.750359
0.457447 0.750359
0.175975 0.750359
-0.459663 0.750359
0.085402 0.750359
0.338652 0.750359
-0.352837 0.750359
-0.228723 0.750359
-0.118129 0.750359
-0.443262 0.750359
0.001995 0.750179
0.255910 0.750120
-0.307181 0.750000
-0.213652 0.750000
-0.399379 0.750000
-0.391105 0.750000
-0.201684 0.750000
0.286200 0.750000
0.334515 0.749880
0.263298 0.749880
0.258865 0.749880
-0.131206 0.749785
-0.186761 0.749761
0.527482 0.749648
0.177305 0.749641
-0.296099 0.749641
-0.120789 0.749641
-0.453901 0.749641
0.207447 0.749641
0.019504 0.749641
-0.428191 0.749641
-0.359043 0.749641
-0.265514 0.749641
0.035461 0.749641
0.267730 0.749641
0.459220 0.749641
0.349734 0.749641
-0.302305 0.749641
-0.309397 0.749641
-0.198582 0.749641
-0.385638 0.749641
-0.508422 0.749641
-0.438830 0.749641
0.344858 0.749641
0.228280 0.749641
0.248227 0.749522
-0.287234 0.749402
0.239953 0.749402
-0.188534 0.749402
-0.127660 0.749354
-0.347074 0.749283
-0.233156 0.749283
-0.431294 0.749283
0.183954 0.749283
-0.144060 0.749283
0.129876 0.749283
0.016844 0.749283
0.304078 0.749283
0.198138 0.749283
0.011746 0.749223
-0.397754 0.748924
-0.059397 0.748924
-0.445922 0.748924
-0.052305 0.748924
-0.375887 0.748924
-0.035461 0.748924
0.318706 0.748924
-0.038416 0.748924
-0.434397 0.748924
0.257092 0.748924
-0.406028 0.748924
0.432624 0.748924
-0.115248 0.748924
0.230496 0.748924
-0.299645 0.748924
0.373227 0.748924
0.042553 0.748924
-0.274823 0.748924
0.398936 0.748924
0.408688 0.748924
-0.012411 0.748804
-0.335328 0.748745
-0.026596 0.748685
0.050532 0.748685
-0.279255 0.748685
0.380615 0.748685
-0.132979 0.748637
-0.205674 0.748565
0.077571 0.748565
0.209929 0.748494
0.015957 0.748446
-0.283688 0.748446
-0.045656 0.748207
-0.495124 0.748207
-0.297872 0.748207
-0.092199 0.748207
0.368794 0.748207
-0.023050 0.748207
-0.153369 0.748207
-0.136525 0.748207
-0.042996 0.748207
0.456560 0.748207
0.272163 0.748207
0.097518 0.748207
-0.402482 0.748207
0.054078 0.747967
-0.262411 0.747967
0.244681 0.747967
-0.075650 0.747967
0.374852 0.747967
-0.331560 0.747848
0.093085 0.747848
0.035461 0.747848
0.211879 0.747848
0.410461 0.747848
0.355940 0.747848
-0.255024 0.747728
0.435875 0.747728
-0.365839 0.747728
0.016844 0.747609
-0.386082 0.747609
0.069149 0.747489
-0.214539 0.747489
0.402482 0.747489
0.137707 0.747489
-0.134752 0.747489
-0.228723 0.747489
0.045213 0.747489
-0.349291 0.747489
0.065603 0.747489
-0.120567 0.747489
0.326241 0.747489
0.177305 0.747489
0.023050 0.747489
-0.024823 0.747489
-0.448582 0.747489
0.164007 0.747489
0.058511 0.747489
0.292996 0.747370
-0.151448 0.747370
0.008200 0.747310
-0.282358 0.747250
0.235520 0.747250
-0.032506 0.747250
-0.266401 0.747250
-0.105496 0.747131
-0.170656 0.747131
0.098404 0.747131
-0.310727 0.747131
0.308954 0.747131
-0.059840 0.747131
-0.318706 0.747131
-0.371158 0.747011
-0.249704 0.747011
-0.305851 0.747011
0.341608 0.747011
0.376478 0.747011
0.339687 0.746891
-0.483156 0.746772
0.133865 0.746772
-0.413121 0.746772
-0.159574 0.746772
0.228280 0.746772
-0.162234 0.746772
-0.524823 0.746772
-0.341312 0.746772
0.330674 0.746772
0.371011 0.746772
0.033245 0.746772
-0.457004 0.746772
0.355201 0.746652
0.141135 0.746628
0.334811 0.746533
-0.343528 0.746413
0.060727 0.746413
0.088652 0.746413
-0.272606 0.746413
0.204610 0.746341
-0.002955 0.746294
-0.333555 0.746234
-0.339317 0.746234
0.333038 0.746174
0.002586 0.746114
-0.179078 0.746055
-0.048759 0.746055
-0.281028 0.746055
-0.407801 0.746055
0.180851 0.746055
0.113475 0.746055
-0.212323 0.746055
-0.451241 0.746055
-0.025709 0.746055
0.143174 0.746055
-0.039007 0.746055
0.363475 0.746055
0.360372 0.746055
-0.147163 0.746055
0.230496 0.746055
-0.193262 0.746055
0.035461 0.746055
0.321809 0.746055
-0.065455 0.745935
-0.154994 0.745935
0.248670 0.745935
-0.006206 0.745875
-0.351064 0.745875
-0.283688 0.745815
-0.382979 0.745815
-0.494238 0.745768
0.556738 0.745764
0.096631 0.745696
0.405142 0.745696
0.295213 0.745696
-0.093085 0.745696
0.013298 0.745696
0.090426 0.745696
-0.247340 0.745696
-0.084811 0.745576
-0.265957 0.745576
0.240544 0.745576
-0.386525 0.745576
-0.485816 0.745481
0.340278 0.745457
0.377955 0.745457
0.391401 0.745337
-0.293440 0.745337
-0.341312 0.745337
0.259752 0.745337
0.215426 0.745337
0.366135 0.745337
-0.041223 0.745337
0.200355 0.745337
-0.304078 0.745337
-0.329787 0.745337
0.417258 0.745218
0.207092 0.745194
-0.014184 0.745098
-0.251182 0.745098
-0.275709 0.744978
0.033245 0.744978
-0.259752 0.744978
0.328901 0.744978
0.042110 0.744978
0.347961 0.744978
0.114953 0.744859
-0.268174 0.744739
-0.321365 0.744739
0.054965 0.744620
-0.191489 0.744620
0.278369 0.744620
-0.453901 0.744620
0.222074 0.744620
-0.189716 0.744620
-0.295213 0.744620
-0.043440 0.744620
-0.231383 0.744620
0.184397 0.744620
0.193262 0.744620
-0.282358 0.744620
-0.234043 0.744620
-0.437500 0.744620
-0.195922 0.744620
0.450355 0.744620
-0.345745 0.744620
-0.200355 0.744620
-0.389849 0.744560
-0.036052 0.744381
-0.204196 0.744381
0.262411 0.744381
0.159574 0.744381
0.257979 0.744381
0.527482 0.744371
-0.403546 0.744333
0.082004 0.744261
0.136082 0.744261
-0.180851 0.744261
0.319149 0.744261
-0.212766 0.744261
-0.057181 0.744261
-0.363180 0.744142
0.026596 0.744142
0.028812 0.744022
-0.242021 0.744022
-0.414450 0.743902
-0.296986 0.743902
-0.465869 0.743902
0.407801 0.743902
0.224291 0.743902
-0.444592 0.743902
0.275709 0.743902
0.295656 0.743902
0.191489 0.743902
0.068853 0.743902
0.252660 0.743902
-0.182624 0.743902
0.326241 0.743902
-0.248818 0.743783
-0.306738 0.743663
-0.029846 0.743663
-0.265071 0.743663
0.338948 0.743663
0.355792 0.743663
-0.398936 0.743544
0.092790 0.743544
0.014184 0.743544
0.292110 0.743544
-0.334515 0.743544
0.038564 0.743544
0.207270 0.743472
0.003251 0.743424
-0.151891 0.743424
0.205142 0.743329
0.335106 0.743185
0.163121 0.743185
-0.526152 0.743185
0.065603 0.743185
0.464539 0.743185
0.067376 0.743185
-0.287234 0.743185
0.457447 0.743185
-0.342494 0.743185
0.398493 0.743185
-0.198582 0.743185
-0.186170 0.743185
-0.232270 0.743185
0.050975 0.743185
-0.478723 0.743185
-0.187943 0.743185
-0.290780 0.743185
0.287530 0.743185
0.109043 0.743185
0.404255 0.743185
-0.229610 0.743185
-0.520390 0.743185
0.198582 0.743185
-0.093972 0.743185
-0.283688 0.743185
0.388372 0.743066
0.428783 0.742946
-0.235372 0.742946
-0.313534 0.742946
0.243573 0.742886
-0.416223 0.742826
0.333333 0.742826
-0.315160 0.742826
0.076389 0.742826
0.209220 0.742826
-0.210550 0.742826
0.114066 0.742707
0.183511 0.742707
-0.253251 0.742707
0.422577 0.742587
0.331560 0.742468
-0.057624 0.742468
0.054521 0.742468
-0.421986 0.742468
-0.119681 0.742468
0.046986 0.742468
0.274232 0.742468
-0.292553 0.742468
-0.233599 0.742468
-0.326241 0.742348
0.117612 0.742348
0.200887 0.742324
-0.404787 0.742324
0.019725 0.742288
0.301197 0.742288
-0.238475 0.742229
0.414303 0.742229
0.098404 0.742229
0.344710 0.742229
-0.023345 0.742229
-0.019799 0.742229
-0.346188 0.742109
0.392952 0.742109
0.080230 0.742109
0.491135 0.742109
0.289450 0.742109
-0.038564 0.742109
0.312500 0.742109
-0.560284 0.742032
0.353428 0.741989
0.186170 0.741989
0.255762 0.741870
0.456560 0.741750
-0.251773 0.741750
0.138298 0.741750
0.381206 0.741750
-0.339243 0.741750
-0.150709 0.741750
-0.472518 0.741750
-0.294326 0.741750
-0.407801 0.741750
0.111702 0.741750
0.475177 0.741750
0.292553 0.741750
0.207447 0.741750
-0.480940 0.741750
-0.178191 0.741750
-0.462766 0.741750
0.466312 0.741750
-0.160904 0.741631
-0.158245 0.741631
0.355792 0.741511
-0.227837 0.741392
-0.349291 0.741392
-0.179965 0.741392
-0.193706 0.741392
0.430851 0.741392
0.083777 0.741392
-0.523936 0.741392
-0.008865 0.741392
-0.529699 0.741392
0.214539 0.741392
-0.053635 0.741392
0.319592 0.741392
0.416371 0.741272
0.341608 0.741272
0.270021 0.741212
-0.316637 0.741153
-0.276596 0.741033
0.362293 0.741033
-0.430851 0.741033
0.126773 0.741033
-0.231826 0.741033
0.463652 0.741033
0.118794 0.741033
-0.253546 0.741033
0.195035 0.741033
-0.028014 0.741033
-0.296099 0.741033
0.041667 0.741033
0.234043 0.741033
0.024158 0.740973
0.124557 0.740961
-0.363918 0.740913
-0.351950 0.740854
0.247562 0.740854
-0.073877 0.740794
-0.156324 0.740794
0.337766 0.740794
-0.106235 0.740794
-0.307181 0.740734
0.189273 0.740674
-0.173759 0.740674
0.062500 0.740674
0.161791 0.740674
-0.342937 0.740674
-0.132092 0.740674
0.114953 0.740555
-0.347961 0.740495
-0.035609 0.740435
0.364953 0.740316
-0.049645 0.740316
-0.223404 0.740316
0.346631 0.740316
0.476064 0.740316
0.239362 0.740316
-0.503546 0.740316
-0.187943 0.740316
0.010638 0.740316
-0.255319 0.740316
-0.300532 0.740316
0.468085 0.740316
-0.354610 0.740316
0.272902 0.740316
-0.297872 0.740316
0.322695 0.740316
-0.189716 0.740316
-0.216312 0.740316
0.312057 0.740316
-0.483156 0.740316
-0.320479 0.740196
0.168440 0.740077
-0.075059 0.740077
0.094563 0.740077
-0.031265 0.740077
0.409574 0.739957
-0.191933 0.739957
-0.042110 0.739957
-0.271277 0.739957
0.035018 0.739957
-0.228723 0.739957
-0.370272 0.739837
0.258865 0.739837
-0.020095 0.739837
0.180556 0.739837
-0.033097 0.739837
0.353428 0.739837
0.211879 0.739598
-0.515514 0.739598
0.164007 0.739598
0.084220 0.739598
0.370124 0.739598
0.465426 0.739598
-0.477394 0.739598
0.275266 0.739598
0.320922 0.739598
0.309397 0.739598
-0.083038 0.739479
-0.002364 0.739359
-0.322695 0.739359
-0.462766 0.739240
0.375443 0.739240
0.412825 0.739120
0.181738 0.739120
0.527482 0.739094
0.378251 0.739000
-0.375887 0.738881
0.441489 0.738881
-0.177305 0.738881
0.218085 0.738881
0.281915 0.738881
0.028369 0.738881
-0.451241 0.738881
-0.540780 0.738881
0.400266 0.738881
-0.373227 0.738881
-0.012411 0.738881
0.106383 0.738881
0.065603 0.738881
0.468972 0.738881
-0.076832 0.738761
-0.316194 0.738642
-0.024764 0.738642
0.421690 0.738642
-0.364214 0.738522
0.011968 0.738522
-0.401596 0.738522
-0.338948 0.738522
0.448138 0.738522
0.352837 0.738522
-0.317819 0.738522
-0.230053 0.738522
-0.440455 0.738403
0.240027 0.738343
0.271055 0.738343
-0.262411 0.738283
-0.185727 0.738283
0.120863 0.738283
0.124852 0.738283
0.348404 0.738164
-0.298759 0.738164
-0.257092 0.738164
0.179078 0.738164
-0.371897 0.738164
0.414894 0.738164
-0.038121 0.738164
-0.301418 0.738164
0.466312 0.738164
-0.265957 0.738164
0.073064 0.738164
0.188830 0.738164
0.229610 0.738164
-0.287234 0.738164
0.291667 0.738164
0.355201 0.738044
0.175532 0.737924
0.379137 0.737924
-0.259752 0.737805
0.205674 0.737805
-0.231383 0.737805
-0.172872 0.737805
0.192819 0.737805
0.490248 0.737805
0.021720 0.737805
0.217199 0.737805
0.325502 0.737805
-0.242465 0.737805
0.242465 0.737805
-0.137116 0.737685
0.071587 0.737446
-0.342642 0.737446
0.408688 0.737446
0.310284 0.737446
-0.291667 0.737446
0.009752 0.737446
0.054521 0.737446
0.196809 0.737446
-0.370567 0.737446
0.180851 0.737446
0.113475 0.737446
-0.412234 0.737446
-0.189716 0.737446
-0.140071 0.737446
-0.408245 0.737446
0.088357 0.737446
-0.524823 0.737446
0.222518 0.737446
0.477837 0.737446
0.313387 0.737446
0.418440 0.737446
-0.147163 0.737446
0.273936 0.737446
-0.484486 0.737446
-0.118794 0.737446
-0.442080 0.737446
-0.066046 0.737327
0.127069 0.737207
0.262411 0.737207
-0.057181 0.737088
0.084663 0.737088
-0.208333 0.737088
-0.092199 0.737088
-0.477394 0.737088
-0.191933 0.737088
-0.033097 0.736968
0.267066 0.736908
-0.005762 0.736789
-0.560284 0.736755
0.289007 0.736729
-0.245567 0.736729
0.316933 0.736729
0.013298 0.736729
0.082447 0.736729
-0.168440 0.736729
-0.228280 0.736729
0.060284 0.736729
0.296099 0.736729
-0.220745 0.736729
-0.437057 0.736729
0.320922 0.736729
-0.247193 0.736609
0.169326 0.736490
-0.248818 0.736490
0.097518 0.736490
-0.440307 0.736490
0.341312 0.736490
0.435284 0.736370
0.406472 0.736370
-0.149379 0.736370
0.222518 0.736011
0.074025 0.736011
0.452128 0.736011
-0.121454 0.736011
0.333038 0.736011
0.397606 0.736011
0.319149 0.736011
0.049645 0.736011
-0.510638 0.736011
-0.095745 0.736011
-0.317376 0.736011
0.164894 0.736011
0.278369 0.736011
0.411348 0.736011
-0.299645 0.736011
-0.155142 0.736011
-0.145390 0.736011
0.312500 0.736011
-0.051418 0.736011
0.306073 0.735832
0.127955 0.735772
-0.100473 0.735772
-0.389184 0.735772
-0.265957 0.735772
-0.153369 0.735653
0.219415 0.735653
0.339982 0.735653
-0.376330 0.735653
-0.211879 0.735653
0.281472 0.735653
0.200355 0.735653
-0.375000 0.735653
-0.530585 0.735653
-0.007535 0.735533
-0.349586 0.735533
-0.378842 0.735533
-0.322695 0.735533
0.122931 0.735533
0.427009 0.735414
-0.507092 0.735294
0.343972 0.735294
-0.039894 0.735294
0.052305 0.735294
0.136525 0.735294
-0.151596 0.735294
0.414894 0.735294
0.274379 0.735294
-0.519504 0.735294
0.283688 0.735294
-0.269947 0.735294
0.286348 0.735294
0.197695 0.735294
-0.338652 0.735294
-0.170213 0.735294
-0.415780 0.735294
0.328310 0.735294
0.556738 0.735211
-0.550532 0.735180
0.301640 0.735115
0.107270 0.735055
-0.116504 0.735055
-0.049645 0.735055
-0.099291 0.734935
0.409131 0.734935
-0.199911 0.734935
0.348848 0.734935
0.038121 0.734935
-0.356235 0.734935
-0.037234 0.734935
-0.373670 0.734935
0.105053 0.734935
0.192376 0.734935
0.092790 0.734816
-0.327128 0.734816
0.246823 0.734756
0.025044 0.734756
-0.104019 0.734696
-0.060136 0.734696
-0.277926 0.734577
-0.539894 0.734577
0.418440 0.734577
0.371454 0.734577
-0.529255 0.734577
0.011082 0.734577
0.054965 0.734577
0.140071 0.734577
0.265957 0.734577
-0.124113 0.734577
0.066933 0.734577
-0.267730 0.734577
0.471631 0.734577
0.208333 0.734577
0.385934 0.734457
-0.147754 0.734338
-0.034722 0.734338
-0.395390 0.734338
0.088357 0.734338
-0.218972 0.734338
0.434397 0.734218
0.015957 0.734218
0.012855 0.734218
-0.227394 0.734218
-0.478723 0.734218
0.323729 0.734218
-0.130762 0.734218
0.235816 0.734218
0.157358 0.734218
-0.367612 0.734099
0.394356 0.734099
0.377069 0.734099
0.042110 0.734075
-0.171986 0.733859
0.353723 0.733859
0.203901 0.733859
0.215869 0.733859
-0.252660 0.733859
-0.372340 0.733859
0.225621 0.733859
0.316933 0.733859
0.351950 0.733859
0.311613 0.733859
-0.121676 0.733859
-0.156915 0.733740
-0.304965 0.733680
-0.164007 0.733620
-0.109929 0.733620
-0.369385 0.733620
0.132683 0.733620
-0.460106 0.733501
0.046986 0.733501
0.442819 0.733501
-0.506206 0.733501
-0.417996 0.733501
0.403812 0.733501
-0.407358 0.733501
0.346040 0.733381
0.127660 0.733381
0.244459 0.733321
-0.188387 0.733262
-0.149970 0.733262
-0.514184 0.733142
0.005319 0.733142
-0.119238 0.733142
0.228723 0.733142
-0.495567 0.733142
0.463652 0.733142
-0.015957 0.733142
0.180851 0.733142
0.363180 0.733142
0.220745 0.733142
0.214096 0.733142
-0.433511 0.733142
0.400709 0.733142
0.071144 0.733142
0.319149 0.733142
-0.152926 0.733142
0.423759 0.733142
-0.225177 0.733142
-0.308658 0.733082
-0.405363 0.732963
0.115839 0.732903
0.074690 0.732783
0.277926 0.732783
-0.197547 0.732783
0.193262 0.732783
0.334663 0.732783
0.355053 0.732783
0.372193 0.732664
0.344267 0.732664
0.088948 0.732664
-0.137116 0.732664
0.377896 0.732616
0.144504 0.732604
0.003546 0.732425
0.368351 0.732425
0.092199 0.732425
-0.413121 0.732425
0.178191 0.732425
0.375000 0.732425
0.172577 0.732425
0.269504 0.732425
-0.041667 0.732425
0.445922 0.732425
0.498227 0.732425
0.467199 0.732425
0.061613 0.732425
0.486702 0.732425
0.349143 0.732305
-0.002660 0.732186
-0.435136 0.732186
-0.195479 0.732066
0.361407 0.732066
0.283245 0.732066
0.210106 0.732066
0.289450 0.732066
-0.039007 0.732066
0.329935 0.732066
-0.441785 0.731946
-0.109929 0.731946
-0.362515 0.731767
-0.270833 0.731707
-0.505319 0.731707
0.018617 0.731707
-0.533688 0.731707
0.299645 0.731707
0.028369 0.731707
-0.425532 0.731707
-0.420213 0.731707
0.007092 0.731707
-0.054965 0.731707
0.012411 0.731707
-0.415337 0.731707
-0.273493 0.731707
-0.292553 0.731707
0.285461 0.731707
-0.379433 0.731707
0.473404 0.731707
-0.053191 0.731707
-0.336879 0.731528
-0.130984 0.731528
-0.357491 0.731528
-0.167730 0.731492
-0.028605 0.731468
-0.340721 0.731349
0.406176 0.731349
-0.226729 0.731349
-0.099734 0.731349
0.350621 0.731349
-0.375443 0.731349
0.217199 0.731349
0.205674 0.731349
0.397459 0.731229
0.000443 0.731229
-0.045656 0.731110
0.105940 0.731110
-0.253398 0.731110
0.005319 0.730990
-0.090426 0.730990
0.403073 0.730990
0.421099 0.730990
-0.311170 0.730990
0.314273 0.730990
-0.536348 0.730990
-0.351064 0.730990
0.103723 0.730990
-0.203310 0.730990
-0.429078 0.730990
-0.019504 0.730990
-0.295213 0.730990
-0.154255 0.730990
-0.076241 0.730870
-0.223404 0.730751
0.372931 0.730751
-0.073582 0.730691
0.426418 0.730631
-0.244238 0.730631
-0.338652 0.730631
0.179521 0.730631
0.184397 0.730631
-0.324173 0.730512
-0.359634 0.730512
0.141548 0.730512
-0.158097 0.730392
0.292996 0.730273
0.311170 0.730273
0.423759 0.730273
0.011082 0.730273
-0.136525 0.730273
-0.194149 0.730273
-0.109929 0.730273
0.400709 0.730273
-0.354610 0.730273
0.031472 0.730273
-0.171543 0.730273
0.276596 0.730273
-0.212766 0.730273
0.248818 0.730273
0.008422 0.730273
-0.017730 0.730273
-0.279255 0.730273
-0.084220 0.730273
0.154255 0.730273
-0.320922 0.730273
0.365248 0.730273
-0.297872 0.730273
-0.316933 0.730273
0.174793 0.730153
0.109043 0.730033
-0.023641 0.730033
0.279699 0.729914
0.281915 0.729914
0.354167 0.729914
0.213209 0.729914
-0.161939 0.729794
-0.049645 0.729794
-0.393322 0.729794
0.202128 0.729794
0.026596 0.729735
0.006649 0.729555
-0.437943 0.729555
-0.179965 0.729555
0.288121 0.729555
0.406619 0.729555
-0.291667 0.729555
-0.528369 0.729555
-0.376330 0.729555
0.411348 0.729555
-0.302305 0.729555
-0.078014 0.729555
-0.133865 0.729555
0.075355 0.729555
0.234043 0.729555
-0.404772 0.729376
-0.075355 0.729376
-0.104832 0.729376
0.221040 0.729316
-0.325650 0.729316
0.204787 0.729316
-0.039450 0.729197
-0.154699 0.729197
-0.072695 0.729197
-0.247784 0.729197
0.240248 0.729197
0.531028 0.729155
-0.322400 0.729077
0.342051 0.729077
-0.408466 0.729017
-0.149084 0.728957
0.376418 0.728910
0.320331 0.728838
-0.395390 0.728838
0.444592 0.728838
0.250591 0.728838
-0.131206 0.728838
0.297429 0.728838
0.209220 0.728838
0.210993 0.728838
0.331560 0.728838
-0.412677 0.728838
0.275709 0.728838
-0.152039 0.728838
0.316489 0.728838
0.355496 0.728838
0.218085 0.728838
0.408688 0.728838
0.034574 0.728838
-0.378546 0.728838
-0.044474 0.728718
-0.162530 0.728599
0.213061 0.728599
0.156619 0.728599
-0.231605 0.728479
-0.299645 0.728479
0.369681 0.728479
0.191489 0.728479
-0.508422 0.728479
-0.406472 0.728479
-0.221631 0.728360
0.397459 0.728360
0.029699 0.728300
0.163712 0.728240
-0.095966 0.728180
-0.191489 0.728121
-0.414894 0.728121
0.047872 0.728121
0.407506 0.728121
0.304965 0.728121
-0.198877 0.728121
-0.140071 0.728121
0.112589 0.728121
0.315160 0.728121
0.412234 0.728121
-0.067671 0.728061
-0.381353 0.728001
0.038564 0.727977
0.133126 0.727881
0.089243 0.727881
0.120272 0.727881
0.116726 0.727881
-0.258274 0.727881
-0.053783 0.727881
-0.015662 0.727881
0.171395 0.727881
0.105940 0.727762
0.024823 0.727762
0.501773 0.727762
-0.335106 0.727762
-0.033688 0.727762
-0.284131 0.727762
-0.000443 0.727642
-0.441194 0.727642
0.045213 0.727618
-0.161200 0.727523
0.278369 0.727403
-0.234929 0.727403
0.280585 0.727403
0.464539 0.727403
-0.262411 0.727403
-0.330674 0.727403
-0.196809 0.727403
-0.296986 0.727403
0.337766 0.727403
-0.214539 0.727403
0.313830 0.727403
-0.274823 0.727403
-0.163121 0.727403
0.115248 0.727403
0.122340 0.727403
0.400709 0.727403
0.178191 0.727403
0.414007 0.727403
0.080526 0.727284
0.225325 0.727284
-0.069592 0.727224
-0.117021 0.727224
0.286791 0.727224
-0.405437 0.727164
-0.220301 0.727164
-0.325059 0.727164
-0.123936 0.727116
-0.232713 0.727044
-0.075798 0.727044
0.290780 0.727044
0.494681 0.727044
0.378103 0.727044
-0.211288 0.726925
-0.424350 0.726925
-0.379580 0.726925
-0.052009 0.726925
-0.062648 0.726925
0.173463 0.726925
-0.321809 0.726925
-0.073138 0.726865
-0.165071 0.726829
-0.171099 0.726686
-0.230496 0.726686
-0.200650 0.726686
-0.353132 0.726686
0.252660 0.726686
0.109043 0.726686
-0.030142 0.726686
0.364362 0.726686
-0.119311 0.726686
0.482270 0.726686
0.234043 0.726686
0.374113 0.726686
0.411348 0.726686
-0.216755 0.726686
-0.079787 0.726566
0.100030 0.726566
-0.002216 0.726566
-0.169060 0.726471
0.448582 0.726327
-0.468085 0.726327
-0.411791 0.726327
-0.517287 0.726327
0.352837 0.726327
-0.407137 0.726267
-0.205378 0.726208
-0.560284 0.726202
-0.332447 0.726148
0.029846 0.726148
-0.064569 0.726088
-0.302453 0.726088
-0.224734 0.726088
-0.264628 0.725968
-0.294326 0.725968
-0.275709 0.725968
0.338652 0.725968
-0.273050 0.725968
-0.344267 0.725968
0.128103 0.725968
-0.143617 0.725968
0.140957 0.725968
0.298463 0.725968
-0.399232 0.725968
-0.218972 0.725968
-0.084811 0.725968
-0.544326 0.725968
-0.420213 0.725968
0.250000 0.725968
0.295213 0.725968
0.414894 0.725968
0.175532 0.725968
-0.141253 0.725968
0.187500 0.725849
0.147311 0.725849
0.038712 0.725825
0.213948 0.725729
-0.373670 0.725610
-0.152926 0.725610
-0.182181 0.725610
0.050089 0.725610
-0.031915 0.725610
-0.414007 0.725610
-0.212175 0.725490
0.396129 0.725490
-0.027778 0.725490
-0.334220 0.725430
-0.370715 0.725371
-0.511525 0.725251
0.151596 0.725251
-0.035461 0.725251
0.443262 0.725251
0.229610 0.725251
0.310284 0.725251
0.419326 0.725251
0.288121 0.725251
-0.215426 0.725251
-0.229167 0.725251
-0.342199 0.725251
0.398936 0.725251
0.069888 0.725251
-0.308806 0.725251
-0.430851 0.725251
0.292110 0.725072
0.085697 0.725012
-0.380615 0.725012
-0.310431 0.725012
-0.025414 0.725012
-0.060579 0.725012
-0.180408 0.724892
-0.375887 0.724892
0.385195 0.724892
0.392287 0.724892
0.435284 0.724892
0.342937 0.724773
-0.327128 0.724773
-0.168617 0.724677
0.556738 0.724657
-0.289450 0.724534
0.294326 0.724534
-0.221188 0.724534
0.185579 0.724534
0.440603 0.724534
-0.448582 0.724534
-0.291667 0.724534
0.406915 0.724534
-0.345745 0.724534
-0.237145 0.724534
-0.416667 0.724534
-0.266844 0.724534
-0.472518 0.724534
0.339539 0.724534
-0.537234 0.724534
-0.217642 0.724534
0.382979 0.724534
-0.276596 0.724534
0.321513 0.724534
-0.335993 0.724534
0.195035 0.724534
-0.320035 0.724534
0.012411 0.724175
-0.366726 0.724055
-0.361407 0.724055
-0.255910 0.724055
-0.502660 0.723816
0.427305 0.723816
-0.338209 0.723816
-0.312500 0.723816
-0.265514 0.723816
0.135638 0.723816
-0.039007 0.723816
0.228723 0.723816
-0.107270 0.723816
0.356383 0.723816
-0.451241 0.723816
-0.331560 0.723816
-0.356383 0.723816
-0.383570 0.723697
-0.230201 0.723697
0.040780 0.723673
0.298389 0.723637
0.296764 0.723637
0.410165 0.723577
-0.410461 0.723577
-0.424941 0.723577
-0.081560 0.723577
0.197400 0.723577
-0.368499 0.723577
-0.251182 0.723577
0.333038 0.723577
-0.253842 0.723577
-0.390071 0.723458
-0.225621 0.723458
0.359929 0.723458
0.401596 0.723458
-0.030142 0.723458
0.165780 0.723458
-0.049350 0.723338
-0.084220 0.723338
-0.213061 0.723338
-0.530142 0.723099
-0.341755 0.723099
-0.058511 0.723099
-0.289894 0.723099
-0.170213 0.723099
0.379433 0.723099
0.178191 0.723099
0.414894 0.723099
0.212766 0.723099
-0.223404 0.723099
0.306738 0.723099
0.253546 0.723099
0.001773 0.723099
-0.075798 0.723099
0.052305 0.723099
0.293440 0.723099
-0.219858 0.723099
0.058067 0.723099
-0.413121 0.723099
0.142878 0.722979
0.336141 0.722860
0.411939 0.722860
0.437057 0.722740
0.049645 0.722740
0.148936 0.722740
0.141844 0.722740
-0.522163 0.722740
-0.079787 0.722621
-0.427896 0.722621
0.304374 0.722621
0.078605 0.722621
-0.098404 0.722621
-0.015366 0.722621
-0.302600 0.722621
-0.011229 0.722501
0.110816 0.722382
-0.305260 0.722382
0.133422 0.722382
-0.037234 0.722382
-0.393617 0.722382
-0.295213 0.722382
-0.335550 0.722382
0.453014 0.722382
0.381649 0.722382
0.249113 0.722382
-0.031915 0.722382
-0.272163 0.722382
0.104019 0.722382
0.183215 0.722382
-0.282063 0.722262
0.349143 0.722262
-0.418218 0.722202
-0.307920 0.722143
-0.410461 0.722143
0.360372 0.722023
0.445922 0.722023
-0.286348 0.722023
-0.226507 0.722023
-0.439421 0.721903
-0.380910 0.721903
-0.309545 0.721903
-0.423020 0.721903
0.300163 0.721724
-0.265957 0.721664
-0.313387 0.721664
-0.337766 0.721664
0.023936 0.721664
-0.078014 0.721664
-0.245567 0.721664
-0.192376 0.721664
-0.395390 0.721664
-0.546986 0.721664
-0.189716 0.721664
0.401152 0.721664
-0.288121 0.721664
-0.334220 0.721664
0.363918 0.721664
0.398050 0.721664
-0.239362 0.721664
0.354167 0.721664
0.337027 0.721425
-0.260934 0.721425
-0.407358 0.721425
0.412825 0.721425
-0.055556 0.721425
-0.114805 0.721306
-0.152039 0.721306
-0.033688 0.721306
0.042996 0.721306
-0.070479 0.721306
-0.139923 0.721306
0.273936 0.721186
-0.324025 0.721186
-0.045804 0.721186
-0.212618 0.721186
0.098109 0.721186
0.060875 0.721186
0.226212 0.721066
-0.341755 0.720947
0.107270 0.720947
-0.001773 0.720947
-0.512855 0.720947
-0.074025 0.720947
0.307624 0.720947
0.468972 0.720947
-0.373227 0.720947
-0.485816 0.720947
-0.263298 0.720947
0.155142 0.720947
-0.023936 0.720947
0.433511 0.720947
-0.394504 0.720947
-0.326684 0.720947
-0.182624 0.720947
0.342642 0.720947
-0.010638 0.720947
-0.280733 0.720827
0.201832 0.720708
0.450798 0.720588
0.150709 0.720588
-0.079344 0.720588
-0.227541 0.720469
-0.301566 0.720349
-0.335106 0.720230
0.364362 0.720230
-0.267730 0.720230
-0.200355 0.720230
-0.111702 0.720230
0.401152 0.720230
-0.119385 0.720230
0.071513 0.720230
-0.060727 0.720230
0.180851 0.720230
-0.401152 0.720230
0.312057 0.720230
-0.297872 0.720230
0.422429 0.720230
-0.039007 0.720230
-0.243794 0.720230
0.390957 0.720230
0.398050 0.720230
0.099882 0.720230
-0.187943 0.720230
0.430851 0.720230
-0.190603 0.720230
-0.276596 0.720230
-0.354905 0.720230
-0.108156 0.720230
0.191933 0.720110
0.084220 0.719990
-0.020095 0.719990
-0.121572 0.719943
-0.478723 0.719871
-0.146277 0.719871
-0.279255 0.719871
-0.236702 0.719871
0.410757 0.719751
-0.207299 0.719751
0.327128 0.719751
0.264849 0.719692
0.259530 0.719692
0.408836 0.719632
0.196956 0.719632
-0.281915 0.719512
-0.117760 0.719512
-0.431738 0.719512
-0.166667 0.719512
-0.085550 0.719512
0.310284 0.719512
0.210993 0.719512
0.351950 0.719512
0.406915 0.719512
0.174645 0.719512
-0.265071 0.719512
-0.218972 0.719512
0.015071 0.719512
-0.076241 0.719512
-0.410018 0.719512
-0.222518 0.719512
-0.231974 0.719393
0.298980 0.719333
-0.114140 0.719333
-0.260047 0.719273
-0.255615 0.719273
0.441489 0.719154
0.229167 0.719154
0.281028 0.719154
0.261968 0.719154
0.278812 0.719154
-0.051640 0.719154
-0.371011 0.719154
-0.554965 0.719143
0.060875 0.719034
0.420434 0.719034
0.357861 0.718914
-0.329787 0.718795
-0.056738 0.718795
0.308511 0.718795
-0.348700 0.718795
0.398050 0.718795
-0.037234 0.718795
-0.310431 0.718795
-0.112589 0.718795
0.321809 0.718795
0.414598 0.718795
0.248227 0.718795
-0.319149 0.718795
-0.027482 0.718795
0.103132 0.718795
-0.381206 0.718795
-0.451241 0.718795
-0.406915 0.718795
0.199837 0.718556
0.297577 0.718556
-0.087234 0.718508
0.438830 0.718436
0.046543 0.718436
0.348848 0.718436
-0.266401 0.718436
0.334515 0.718317
-0.008570 0.718197
-0.530142 0.718077
0.315603 0.718077
0.332151 0.718077
-0.300532 0.718077
0.364805 0.718077
0.257092 0.718077
-0.059840 0.718077
0.067376 0.718077
-0.114805 0.718077
-0.234043 0.718077
-0.243794 0.718077
0.312057 0.718077
0.418440 0.717838
-0.015662 0.717838
0.329787 0.717838
-0.082447 0.717719
0.146277 0.717719
-0.236702 0.717719
-0.036643 0.717719
0.058215 0.717599
-0.107270 0.717599
-0.413785 0.717539
0.051862 0.717360
-0.286791 0.717360
-0.535461 0.717360
-0.423493 0.717360
-0.323582 0.717360
-0.062943 0.717360
-0.041962 0.717360
0.148493 0.717360
0.206560 0.717360
0.106383 0.717360
0.042553 0.717360
-0.113475 0.717360
-0.368794 0.717360
-0.179965 0.717360
-0.183511 0.717360
0.345745 0.717360
0.061170 0.717360
-0.218528 0.717360
-0.345745 0.717360
-0.024823 0.717360
-0.239362 0.717360
-0.432624 0.717360
0.252660 0.717360
0.214539 0.717121
0.265662 0.717121
0.337470 0.717121
0.412382 0.717121
0.410461 0.717001
-0.305112 0.717001
-0.195922 0.717001
0.286348 0.717001
0.374557 0.717001
-0.468972 0.717001
-0.116874 0.716882
0.368794 0.716822
0.226212 0.716762
0.487589 0.716643
0.089539 0.716643
0.177305 0.716643
0.435284 0.716643
-0.291667 0.716643
-0.278369 0.716643
0.351507 0.716643
0.159840 0.716643
-0.372340 0.716643
0.194149 0.716643
-0.436170 0.716643
0.201906 0.716643
0.343085 0.716643
-0.514184 0.716643
-0.411348 0.716643
-0.493794 0.716643
-0.265071 0.716643
-0.313534 0.716643
-0.140957 0.716643
-0.421055 0.716463
-0.136525 0.716404
0.242021 0.716404
-0.004137 0.716404
-0.288121 0.716284
-0.283688 0.716284
-0.467199 0.716284
-0.389628 0.716284
-0.337766 0.716284
0.501773 0.716284
-0.078457 0.716284
-0.111702 0.716165
0.416223 0.716165
0.422429 0.716165
0.034131 0.716105
0.131649 0.716105
0.315603 0.715925
-0.500000 0.715925
-0.173759 0.715925
-0.221631 0.715925
-0.084220 0.715925
-0.309693 0.715925
0.312057 0.715925
0.340426 0.715925
-0.204787 0.715925
0.507535 0.715925
0.209220 0.715925
0.161170 0.715925
-0.429255 0.715925
-0.023050 0.715925
0.073582 0.715925
0.348404 0.715567
0.395833 0.715567
-0.406472 0.715567
0.379433 0.715567
-0.257388 0.715328
-0.031324 0.715328
0.287382 0.715328
0.386968 0.715208
0.097813 0.715208
-0.318558 0.715208
-0.176418 0.715208
-0.165780 0.715208
-0.250887 0.715208
-0.324616 0.715208
0.168440 0.715208
0.487589 0.715208
0.453901 0.715208
0.146277 0.715208
-0.321661 0.715208
-0.144947 0.715208
-0.229314 0.714969
-0.113771 0.714969
0.269504 0.714969
-0.117612 0.714969
0.417553 0.714969
0.240248 0.714969
0.260343 0.714969
-0.127482 0.714921
0.229167 0.714849
0.338209 0.714849
-0.267287 0.714849
-0.516844 0.714849
0.326906 0.714730
-0.222518 0.714670
0.136229 0.714610
0.246454 0.714491
-0.345745 0.714491
-0.507092 0.714491
0.382535 0.714491
-0.097518 0.714491
-0.063830 0.714491
0.150709 0.714491
-0.243794 0.714491
0.473404 0.714491
-0.021277 0.714491
-0.185284 0.714491
-0.168440 0.714491
0.511525 0.714491
0.266548 0.714491
0.181294 0.714311
-0.092553 0.714204
0.003103 0.714132
0.001773 0.714132
-0.513298 0.714132
-0.235816 0.714132
-0.413416 0.714132
0.195479 0.714132
-0.302157 0.714132
0.342199 0.714132
0.556738 0.714103
-0.207595 0.714012
0.359338 0.714012
0.263593 0.714012
-0.010047 0.714012
-0.087589 0.713917
-0.554965 0.713866
-0.445922 0.713773
-0.099291 0.713773
0.311170 0.713773
0.236702 0.713773
0.054965 0.713773
0.208333 0.713773
-0.148936 0.713773
-0.238475 0.713773
-0.549645 0.713773
-0.056516 0.713773
0.351064 0.713773
-0.265957 0.713773
0.026152 0.713773
0.139628 0.713773
-0.261082 0.713773
0.065603 0.713773
-0.188387 0.713594
0.404699 0.713415
-0.051640 0.713415
-0.223404 0.713415
0.015514 0.713415
0.057624 0.713415
-0.432181 0.713415
0.427748 0.713415
-0.490691 0.713415
-0.137411 0.713295
0.128103 0.713235
0.006353 0.713176
-0.285461 0.713056
-0.015957 0.713056
-0.101064 0.713056
0.478723 0.713056
0.423316 0.713056
-0.282801 0.713056
-0.269504 0.713056
-0.319740 0.713056
0.048759 0.713056
0.203679 0.713056
0.501773 0.713056
0.198360 0.713056
-0.280142 0.713056
-0.306738 0.713056
0.466312 0.713056
-0.076241 0.713056
-0.519504 0.713056
0.069149 0.713056
-0.547872 0.713056
-0.394504 0.713056
0.274379 0.712936
-0.216903 0.712817
-0.464539 0.712697
0.330009 0.712697
-0.435727 0.712697
-0.341755 0.712697
0.353723 0.712697
-0.120863 0.712578
-0.233452 0.712578
-0.346631 0.712578
-0.229019 0.712578
0.289598 0.712458
0.210106 0.712339
-0.169770 0.712339
0.429078 0.712339
-0.535461 0.712339
0.393617 0.712339
-0.406028 0.712339
0.162500 0.712339
0.343972 0.712339
-0.117760 0.712219
-0.210402 0.712099
-0.084574 0.712052
0.269504 0.712040
-0.333777 0.711980
0.130319 0.711980
0.144651 0.711741
0.356383 0.711621
0.200133 0.711621
0.492908 0.711621
-0.049202 0.711621
0.459220 0.711621
0.207447 0.711621
-0.019504 0.711621
-0.078901 0.711621
0.105496 0.711621
0.031472 0.711442
0.191489 0.711442
-0.026005 0.711382
0.146868 0.711382
-0.076241 0.711263
-0.437500 0.711263
0.085106 0.711263
-0.207595 0.711143
0.216312 0.711143
0.408245 0.710904
-0.509752 0.710904
0.246454 0.710904
-0.266844 0.710904
-0.261968 0.710904
-0.410018 0.710904
0.048759 0.710904
-0.257092 0.710904
0.279255 0.710904
-0.288121 0.710904
-0.096188 0.710904
0.039894 0.710904
-0.484929 0.710904
0.036791 0.710904
0.426418 0.710904
0.033688 0.710904
-0.098995 0.710904
-0.309988 0.710904
-0.107270 0.710784
-0.073360 0.710725
-0.028664 0.710665
-0.347518 0.710665
0.263002 0.710665
-0.091223 0.710617
-0.322104 0.710545
-0.011525 0.710545
-0.325059 0.710545
-0.327128 0.710545
0.391844 0.710545
0.414007 0.710545
-0.250296 0.710426
-0.560284 0.710372
-0.193706 0.710366
-0.089007 0.710258
-0.515957 0.710187
0.273936 0.710187
-0.331560 0.710187
0.203901 0.710187
0.088652 0.710187
-0.100768 0.710187
0.024823 0.710187
0.018617 0.710187
-0.124113 0.710187
-0.233156 0.710187
-0.455674 0.710187
0.447695 0.710187
-0.051418 0.710187
-0.204787 0.710187
-0.023050 0.710187
0.095745 0.710187
-0.254728 0.710067
-0.444444 0.709947
-0.219563 0.709947
0.427748 0.709828
-0.078901 0.709828
0.038564 0.709828
0.346631 0.709828
-0.102837 0.709828
-0.210697 0.709708
0.410609 0.709708
-0.347518 0.709708
0.028812 0.709648
-0.221631 0.709648
-0.491874 0.709589
-0.493794 0.709469
0.157181 0.709469
-0.025709 0.709469
-0.547872 0.709469
-0.117908 0.709469
-0.512411 0.709469
-0.419326 0.709469
-0.315012 0.709469
-0.497784 0.709469
0.195479 0.709469
0.001773 0.709469
0.152926 0.709469
-0.431738 0.709469
-0.212766 0.709469
0.352837 0.709469
0.415337 0.709350
0.185505 0.709290
0.051418 0.709230
-0.521720 0.709110
-0.400709 0.709110
0.269504 0.709110
0.031028 0.709110
-0.527039 0.709110
0.340426 0.709110
0.089835 0.708991
-0.301418 0.708991
-0.073360 0.708931
-0.557624 0.708844
0.556738 0.708827
-0.167110 0.708752
-0.546099 0.708752
-0.028369 0.708752
-0.138741 0.708752
-0.217199 0.708752
0.097518 0.708752
0.390071 0.708752
-0.347518 0.708752
0.210993 0.708752
0.067376 0.708752
-0.172872 0.708752
0.037234 0.708752
-0.243794 0.708752
0.163785 0.708572
0.048759 0.708513
0.378103 0.708393
-0.427453 0.708393
-0.070479 0.708393
0.277482 0.708393
-0.226950 0.708274
-0.250296 0.708274
0.265957 0.708214
-0.416519 0.708154
0.385638 0.708034
0.274823 0.708034
-0.277926 0.708034
-0.234043 0.708034
-0.340869 0.708034
-0.324468 0.708034
-0.142730 0.708034
-0.083333 0.708034
-0.046543 0.708034
0.177970 0.708034
-0.111259 0.708034
-0.299054 0.707795
-0.032210 0.707795
0.091017 0.707795
-0.490544 0.707795
-0.464539 0.707676
-0.170213 0.707676
-0.001773 0.707676
0.002216 0.707676
-0.356619 0.707365
-0.281028 0.707317
-0.283688 0.707317
0.349291 0.707317
0.513741 0.707317
0.069504 0.707317
0.015957 0.707317
-0.248227 0.707317
0.262411 0.707317
0.394504 0.707317
0.207004 0.707317
-0.097665 0.707317
-0.210993 0.707317
-0.554965 0.707317
-0.260638 0.707317
0.172872 0.707317
0.214835 0.707317
0.426418 0.707317
-0.044326 0.707317
-0.423168 0.707317
0.402482 0.707317
0.168883 0.707317
-0.402482 0.707317
-0.139184 0.707317
0.546099 0.707123
-0.359634 0.707078
0.080674 0.706958
-0.382314 0.706958
-0.404255 0.706958
-0.063387 0.706958
0.059693 0.706958
0.051418 0.706839
0.295508 0.706839
-0.419031 0.706839
-0.445626 0.706839
0.322695 0.706839
-0.559397 0.706692
-0.090426 0.706600
-0.055408 0.706600
-0.143174 0.706600
0.421543 0.706600
0.455674 0.706600
0.280142 0.706600
0.047872 0.706600
0.210550 0.706600
-0.191933 0.706420
-0.079344 0.706241
-0.256206 0.706241
0.008422 0.706241
0.043440 0.706241
0.377660 0.706241
0.352394 0.706241
-0.148936 0.706241
0.325532 0.706217
0.258570 0.706121
0.480496 0.706121
0.212175 0.706121
0.468085 0.706121
-0.179669 0.706121
-0.222518 0.706121
0.031028 0.706062
-0.268765 0.706002
-0.291223 0.706002
0.289598 0.706002
-0.449320 0.706002
0.084220 0.705882
0.094858 0.705882
0.239362 0.705882
0.046543 0.705882
-0.147163 0.705882
0.071631 0.705882
-0.181738 0.705882
0.104610 0.705882
-0.395390 0.705882
-0.239362 0.705882
-0.195035 0.705882
0.130984 0.705882
-0.430186 0.705882
-0.028960 0.705882
0.389184 0.705882
-0.074025 0.705882
0.437057 0.705882
0.281915 0.705882
0.443262 0.705882
-0.007535 0.705882
-0.219858 0.705882
0.336879 0.705882
0.332624 0.705739
0.266667 0.705739
0.074379 0.705703
-0.354846 0.705691
0.145095 0.705643
0.077128 0.705524
-0.121454 0.705524
-0.408245 0.705524
-0.537234 0.705524
-0.351655 0.705404
-0.359338 0.705404
-0.071144 0.705344
-0.384604 0.705285
0.139775 0.705285
-0.022163 0.705165
0.481826 0.705165
-0.455674 0.705165
0.202128 0.705165
0.365691 0.705165
-0.437057 0.705165
-0.523936 0.705165
-0.149823 0.705165
0.188165 0.705165
-0.343972 0.705165
0.283688 0.705165
0.415780 0.705165
0.014184 0.705165
-0.169326 0.705165
-0.556738 0.705165
-0.093085 0.705165
0.384752 0.705165
0.407210 0.704926
0.254728 0.704926
0.123227 0.704926
0.050532 0.704926
-0.386525 0.704806
-0.090869 0.704806
0.382314 0.704806
-0.126773 0.704687
-0.130319 0.704687
0.092494 0.704687
0.285165 0.704567
0.301418 0.704448
0.176418 0.704448
-0.157801 0.704448
-0.152482 0.704448
-0.133865 0.704448
0.248227 0.704448
0.494681 0.704448
-0.185727 0.704448
0.210106 0.704448
-0.015071 0.704448
-0.482270 0.704448
0.367021 0.704448
0.418883 0.704448
0.108156 0.704448
-0.088357 0.704328
0.424054 0.704328
0.298463 0.704209
-0.050827 0.704209
0.294031 0.704209
-0.449468 0.704089
-0.324468 0.704089
-0.081117 0.704089
0.276152 0.704089
0.173980 0.704089
-0.397163 0.704089
0.402039 0.704089
-0.320479 0.704089
0.163121 0.704089
0.412086 0.704089
-0.299350 0.703969
-0.109634 0.703850
0.437943 0.703730
-0.245272 0.703730
0.179300 0.703730
-0.164007 0.703730
0.143026 0.703730
0.314716 0.703730
0.023050 0.703730
0.151152 0.703730
0.378768 0.703730
0.466312 0.703611
-0.349882 0.703611
0.406176 0.703611
0.329078 0.703587
0.078457 0.703551
-0.176714 0.703491
0.213357 0.703491
-0.191711 0.703372
-0.310727 0.703372
-0.335993 0.703372
-0.098404 0.703252
-0.095597 0.703252
0.431147 0.703252
0.396868 0.703252
0.273759 0.703228
0.031028 0.703192
0.281619 0.703132
0.301418 0.703013
-0.155142 0.703013
-0.046099 0.703013
0.062648 0.703013
0.111702 0.703013
-0.198138 0.703013
-0.062500 0.703013
-0.304965 0.703013
0.012411 0.703013
0.049645 0.703013
-0.059397 0.703013
-0.065603 0.703013
-0.040780 0.703013
-0.211879 0.703013
0.388298 0.703013
-0.005762 0.702893
0.289598 0.702774
0.053191 0.702726
-0.341312 0.702654
0.175754 0.702654
-0.106383 0.702654
0.220301 0.702654
-0.103723 0.702654
0.170213 0.702654
-0.410904 0.702654
-0.259752 0.702654
0.385860 0.702654
0.166223 0.702654
-0.068706 0.702654
0.259456 0.702535
-0.088800 0.702535
-0.014450 0.702439
0.283392 0.702415
-0.264480 0.702415
-0.468972 0.702296
0.009087 0.702296
-0.018174 0.702296
-0.182624 0.702296
0.070612 0.702296
0.276596 0.702296
-0.504433 0.702296
0.383422 0.702296
0.335106 0.702296
-0.398936 0.702296
-0.077128 0.702296
-0.071809 0.702296
-0.428635 0.702296
0.351212 0.702176
0.317671 0.702176
0.267553 0.702152
-0.355792 0.702056
0.306738 0.701937
0.178635 0.701937
0.546099 0.701847
-0.176123 0.701817
0.250591 0.701817
0.391548 0.701817
-0.402482 0.701578
0.011968 0.701578
0.079787 0.701578
-0.375665 0.701578
-0.435505 0.701578
0.410165 0.701578
0.186392 0.701578
0.365248 0.701578
0.292553 0.701578
-0.090869 0.701578
-0.372340 0.701578
-0.554965 0.701578
-0.184397 0.701578
0.093972 0.701578
0.216977 0.701578
0.015071 0.701578
-0.178191 0.701578
0.203901 0.701578
-0.157801 0.701578
-0.451241 0.701578
-0.488475 0.701578
-0.144504 0.701578
0.194592 0.701578
0.399970 0.701459
-0.229167 0.701459
-0.559397 0.701415
-0.413416 0.701339
-0.004876 0.701220
-0.236259 0.701220
0.270390 0.701220
0.145095 0.701100
-0.088357 0.701100
-0.093824 0.701100
-0.170804 0.701100
-0.294326 0.701100
-0.264775 0.701100
0.072459 0.701100
0.279846 0.700980
0.059397 0.700933
-0.527039 0.700861
-0.442376 0.700861
0.435284 0.700861
-0.377438 0.700861
0.008644 0.700861
-0.374113 0.700861
0.023050 0.700861
0.066120 0.700861
-0.070479 0.700861
-0.484043 0.700861
0.289450 0.700861
-0.274379 0.700861
0.089539 0.700861
0.389184 0.700861
0.441489 0.700861
0.107270 0.700861
0.139775 0.700741
-0.167849 0.700622
0.429374 0.700622
0.230940 0.700502
-0.313830 0.700502
0.157801 0.700502
-0.305408 0.700502
0.386746 0.700502
-0.079344 0.700502
-0.072252 0.700502
-0.447695 0.700502
-0.013830 0.700430
-0.361111 0.700383
-0.358747 0.700383
0.103132 0.700383
0.506649 0.700383
0.032358 0.700323
-0.017553 0.700287
-0.175532 0.700143
-0.316489 0.700143
-0.275709 0.700143
-0.320479 0.700143
0.154255 0.700143
-0.490691 0.700143
-0.153960 0.700143
-0.429078 0.700143
-0.038121 0.700143
-0.455674 0.700143
-0.324468 0.700143
0.264184 0.700143
-0.299645 0.700143
0.017730 0.700143
0.011525 0.700143
0.338652 0.700143
-0.201241 0.700143
0.354758 0.700024
-0.350768 0.700024
-0.197917 0.699964
-0.292553 0.699904
-0.182920 0.699904
-0.033245 0.699904
-0.271868 0.699904
0.173537 0.699785
-0.203901 0.699785
-0.393174 0.699785
0.184619 0.699785
0.047872 0.699785
-0.076389 0.699785
0.416223 0.699785
-0.194592 0.699785
-0.339835 0.699665
0.392435 0.699665
0.478280 0.699665
-0.007801 0.699570
-0.119976 0.699546
-0.372340 0.699426
-0.445922 0.699426
0.241135 0.699426
0.407654 0.699426
0.044770 0.699426
0.110816 0.699426
0.027482 0.699426
-0.206560 0.699426
-0.069149 0.699426
0.095523 0.699247
0.134973 0.699247
0.116135 0.699187
-0.115839 0.699187
-0.341017 0.699187
0.346927 0.699187
-0.156915 0.699067
0.036348 0.699067
-0.529699 0.699067
0.046543 0.699067
0.228280 0.699067
-0.117908 0.699067
-0.314273 0.699067
-0.046099 0.699067
0.076537 0.698948
-0.132979 0.698948
-0.374113 0.698709
0.171986 0.698709
0.051418 0.698709
-0.081560 0.698709
-0.454787 0.698709
-0.105496 0.698709
0.246454 0.698709
0.069592 0.698709
-0.273050 0.698709
0.390071 0.698709
-0.258422 0.698709
0.233156 0.698709
0.148050 0.698709
-0.290780 0.698709
0.436170 0.698709
-0.150118 0.698709
-0.507979 0.698709
0.199468 0.698709
-0.343381 0.698589
-0.336658 0.698529
-0.329566 0.698529
-0.263150 0.698470
-0.180260 0.698470
0.447104 0.698470
0.204196 0.698470
-0.172281 0.698470
-0.266253 0.698470
0.188830 0.698350
-0.237736 0.698350
0.085993 0.698350
0.219858 0.698350
0.381427 0.698350
0.433511 0.698231
-0.320774 0.698231
-0.084811 0.698231
-0.121158 0.698231
-0.324764 0.698231
0.039450 0.698171
-0.253901 0.698135
0.167553 0.697991
-0.074173 0.697991
-0.078605 0.697991
0.368794 0.697991
0.015957 0.697991
0.192819 0.697991
-0.425532 0.697991
0.012855 0.697991
-0.274379 0.697991
-0.339539 0.697991
-0.402926 0.697991
-0.312057 0.697991
-0.139184 0.697991
-0.345745 0.697991
0.135417 0.697812
-0.532801 0.697633
-0.451684 0.697633
-0.206117 0.697633
-0.042110 0.697633
0.158688 0.697633
-0.153073 0.697633
0.126108 0.697573
-0.354314 0.697513
0.034574 0.697453
-0.247400 0.697418
-0.117021 0.697274
0.535018 0.697274
0.151596 0.697274
0.393174 0.697274
-0.270390 0.697274
0.172872 0.697274
0.138741 0.697274
0.300089 0.697274
0.328014 0.697274
0.289450 0.697274
0.216534 0.697274
0.295656 0.697274
-0.281915 0.697274
0.500000 0.697274
-0.496454 0.697274
-0.366135 0.697274
0.042553 0.697274
-0.209220 0.697274
-0.275709 0.697274
-0.387411 0.697274
0.374113 0.697274
-0.161348 0.697095
0.287825 0.697035
0.057624 0.696915
-0.397163 0.696915
0.409574 0.696796
0.145981 0.696796
0.234929 0.696796
0.114657 0.696796
0.037234 0.696736
-0.197030 0.696736
-0.061702 0.696700
-0.048168 0.696676
0.187057 0.696557
0.243794 0.696557
-0.104167 0.696557
0.304078 0.696557
0.358156 0.696557
0.029699 0.696557
-0.426862 0.696557
-0.106826 0.696557
0.001773 0.696557
0.400709 0.696557
-0.070922 0.696557
-0.135195 0.696557
0.518617 0.696557
-0.052778 0.696461
-0.065426 0.696449
0.143322 0.696437
-0.337544 0.696377
0.073286 0.696318
-0.325059 0.696318
0.450207 0.696318
-0.124409 0.696318
0.412234 0.696318
-0.143174 0.696198
0.228280 0.696198
-0.258865 0.696198
-0.283688 0.696198
-0.384752 0.696198
0.117612 0.696078
0.099365 0.695899
0.376773 0.695839
0.439716 0.695839
0.109929 0.695839
-0.264628 0.695839
-0.414894 0.695839
0.246454 0.695839
0.341608 0.695839
-0.458333 0.695839
-0.205674 0.695839
-0.173759 0.695839
-0.316933 0.695839
-0.531915 0.695839
0.396277 0.695839
-0.292553 0.695839
0.170213 0.695839
0.329787 0.695839
-0.261525 0.695839
-0.058511 0.695696
-0.254344 0.695624
0.410461 0.695600
0.199764 0.695600
0.334811 0.695600
-0.065426 0.695552
0.181738 0.695481
-0.211436 0.695481
-0.349291 0.695481
0.083555 0.695481
-0.379876 0.695481
-0.187352 0.695457
0.120567 0.695361
-0.111702 0.695361
0.076758 0.695361
-0.156915 0.695301
-0.069149 0.695301
-0.298759 0.695122
0.413121 0.695122
0.375443 0.695122
-0.285461 0.695122
0.386082 0.695122
-0.360816 0.695122
0.035461 0.695122
0.226064 0.695122
0.065824 0.694943
-0.108599 0.694883
-0.122193 0.694883
0.354019 0.694883
0.351655 0.694823
0.025266 0.694763
-0.155142 0.694763
-0.314716 0.694763
-0.147606 0.694763
0.011968 0.694763
-0.555851 0.694704
-0.055319 0.694692
0.322104 0.694644
0.130098 0.694584
-0.011348 0.694548
-0.560284 0.694541
-0.524823 0.694405
0.292553 0.694405
-0.088652 0.694405
0.005319 0.694405
0.156028 0.694405
0.411348 0.694405
-0.166667 0.694405
0.534574 0.694405
0.241135 0.694405
0.178191 0.694405
0.018617 0.694405
-0.403369 0.694405
-0.391401 0.694405
-0.083333 0.694405
-0.069149 0.694405
-0.406915 0.694405
-0.150709 0.694405
0.379433 0.694405
0.171099 0.694405
-0.313239 0.694165
0.031028 0.694046
0.163268 0.694046
0.046986 0.694046
-0.385195 0.694046
-0.289894 0.694046
-0.213209 0.694046
-0.157801 0.694046
0.399823 0.694046
0.146277 0.694046
0.355201 0.693926
0.237589 0.693926
0.447400 0.693926
-0.249468 0.693831
-0.074616 0.693687
0.483599 0.693687
-0.371454 0.693687
0.211215 0.693687
-0.199468 0.693687
-0.418735 0.693687
0.083777 0.693687
0.034131 0.693687
0.243794 0.693687
0.407801 0.693687
0.107270 0.693687
0.314716 0.693687
0.342790 0.693627
0.076980 0.693568
-0.333998 0.693508
-0.303487 0.693448
0.445331 0.693448
0.222813 0.693448
0.021277 0.693329
-0.254876 0.693329
0.154255 0.693329
0.110816 0.693329
0.426418 0.693209
0.071217 0.693209
0.100030 0.693209
-0.375591 0.693209
-0.231235 0.693089
0.556738 0.692996
-0.552305 0.692970
0.298759 0.692970
-0.246454 0.692970
-0.336879 0.692970
-0.352837 0.692970
-0.039007 0.692970
0.168440 0.692970
-0.265514 0.692970
-0.294326 0.692970
-0.367021 0.692970
0.443262 0.692970
-0.154255 0.692970
-0.015957 0.692970
0.380762 0.692970
0.036791 0.692970
-0.399379 0.692970
0.045656 0.692970
0.357565 0.692850
-0.190603 0.692826
0.213652 0.692791
0.391179 0.692791
0.119681 0.692731
-0.030142 0.692731
-0.257535 0.692611
-0.380762 0.692611
0.310727 0.692611
0.236702 0.692492
0.230940 0.692492
-0.443115 0.692372
-0.026152 0.692372
-0.276374 0.692253
0.379433 0.692253
0.138741 0.692253
0.403369 0.692253
0.242908 0.692253
0.413121 0.692253
-0.078457 0.692253
-0.486702 0.692253
-0.071365 0.692253
0.500887 0.692253
-0.391844 0.692253
-0.260195 0.692253
0.265957 0.692253
0.029255 0.692253
-0.210106 0.692253
0.023936 0.692253
-0.282210 0.692253
-0.175089 0.692073
-0.092420 0.692073
0.205969 0.692013
-0.109043 0.692013
0.503546 0.692013
-0.496011 0.691894
-0.203014 0.691894
-0.179078 0.691894
-0.237145 0.691894
0.409574 0.691894
0.300532 0.691894
-0.322991 0.691774
0.072991 0.691774
-0.296099 0.691535
-0.408688 0.691535
0.373670 0.691535
-0.511525 0.691535
0.047872 0.691535
-0.359929 0.691535
0.239362 0.691535
0.104610 0.691535
0.313608 0.691535
0.227837 0.691535
-0.105940 0.691535
-0.191489 0.691535
0.101507 0.691535
-0.100177 0.691535
-0.223404 0.691535
-0.215426 0.691535
0.306738 0.691535
0.098404 0.691535
0.052305 0.691535
-0.317376 0.691535
0.382092 0.691535
-0.460993 0.691535
-0.157801 0.691356
-0.340204 0.691356
0.277187 0.691296
0.037234 0.691176
-0.208333 0.691176
0.039894 0.691176
0.185284 0.691176
-0.144060 0.691176
0.140957 0.691176
-0.283983 0.691176
0.352541 0.691057
-0.377364 0.691057
0.177970 0.690997
0.167775 0.690997
-0.446661 0.690937
0.331708 0.690937
-0.156028 0.690818
-0.413416 0.690818
0.322695 0.690818
-0.271277 0.690818
0.080674 0.690818
0.132979 0.690818
-0.431516 0.690818
0.014184 0.690818
-0.152039 0.690818
-0.128546 0.690818
0.302305 0.690818
0.527039 0.690818
0.109634 0.690698
-0.448877 0.690579
-0.362884 0.690579
-0.437796 0.690579
0.259752 0.690510
0.315160 0.690459
0.295656 0.690459
0.115248 0.690459
0.309619 0.690459
-0.372045 0.690340
0.183215 0.690340
-0.060461 0.690244
0.201093 0.690220
0.030881 0.690220
-0.269504 0.690100
-0.333333 0.690100
0.106383 0.690100
0.411348 0.690100
0.118794 0.690100
-0.297872 0.690100
0.130762 0.690100
-0.069149 0.690100
-0.198582 0.690100
0.370567 0.690100
-0.206560 0.690100
-0.463652 0.690100
0.193706 0.690100
0.000887 0.690100
0.086436 0.690100
0.016401 0.690100
0.223552 0.689981
-0.368203 0.689861
-0.330969 0.689861
0.109929 0.689742
0.112589 0.689742
0.135638 0.689742
0.298759 0.689742
0.011968 0.689742
0.386082 0.689742
0.307181 0.689742
0.035904 0.689742
-0.313830 0.689742
-0.365839 0.689622
0.502660 0.689622
-0.229314 0.689622
-0.328605 0.689622
0.163047 0.689562
0.116135 0.689383
-0.256206 0.689383
0.187943 0.689383
0.304965 0.689383
-0.251773 0.689383
0.128546 0.689383
-0.126330 0.689383
-0.406028 0.689383
0.244681 0.689383
-0.450355 0.689383
-0.319149 0.689383
-0.275044 0.689383
0.312500 0.689383
0.018706 0.689383
-0.181294 0.689204
-0.177748 0.689204
-0.414007 0.689204
0.286643 0.689144
0.356974 0.689144
0.415780 0.689024
0.414007 0.689024
-0.296543 0.689024
0.170213 0.689024
-0.167110 0.689024
0.398050 0.689024
-0.048759 0.689024
0.081117 0.689024
0.474734 0.688905
0.219119 0.688905
-0.053369 0.688809
-0.250000 0.688666
0.310062 0.688666
0.113475 0.688666
-0.273271 0.688666
0.108156 0.688666
-0.192376 0.688666
-0.106383 0.688666
0.421986 0.688666
-0.400709 0.688666
-0.008865 0.688666
0.232270 0.688666
-0.317598 0.688666
0.110816 0.688666
-0.077571 0.688666
0.138298 0.688666
-0.357270 0.688666
0.098404 0.688666
-0.536348 0.688666
0.319149 0.688666
-0.086215 0.688486
-0.336658 0.688486
-0.375296 0.688427
0.441785 0.688427
-0.142435 0.688427
-0.097222 0.688427
0.371011 0.688307
0.314051 0.688307
-0.171543 0.688307
0.025709 0.688307
-0.416667 0.688307
0.384309 0.688307
0.032506 0.688187
0.165559 0.688128
-0.056028 0.688092
0.034427 0.688068
0.394947 0.687948
0.065603 0.687948
0.307624 0.687948
0.036348 0.687948
0.058511 0.687948
-0.217376 0.687948
-0.360816 0.687948
0.533245 0.687948
0.135638 0.687948
0.494681 0.687948
0.004433 0.687948
-0.295213 0.687948
-0.505319 0.687948
-0.380467 0.687829
0.556738 0.687720
0.445331 0.687709
-0.330674 0.687590
0.228280 0.687590
-0.288859 0.687590
0.404699 0.687590
0.023493 0.687590
-0.244681 0.687470
-0.297872 0.687410
-0.328310 0.687351
-0.320922 0.687231
-0.487589 0.687231
0.081560 0.687231
-0.303783 0.687231
-0.335106 0.687231
-0.470745 0.687231
0.315603 0.687231
-0.527482 0.687231
0.434397 0.687231
0.129876 0.687231
0.510638 0.687231
0.443262 0.687231
0.351064 0.687231
0.072695 0.687231
0.095745 0.687231
-0.214539 0.687231
0.423316 0.687231
0.519504 0.687231
-0.143617 0.687231
-0.277039 0.687231
-0.153369 0.687231
0.103280 0.687231
-0.337544 0.687052
-0.302157 0.687052
-0.314051 0.686872
0.314051 0.686872
0.152482 0.686872
0.361554 0.686753
-0.419770 0.686693
-0.383599 0.686585
-0.453901 0.686514
0.238475 0.686514
0.371454 0.686514
-0.176418 0.686514
-0.319371 0.686514
-0.183511 0.686514
-0.223404 0.686514
0.127660 0.686514
0.224291 0.686514
-0.075798 0.686514
0.291371 0.686514
0.298759 0.686514
-0.247931 0.686514
0.408688 0.686514
0.429521 0.686514
0.046986 0.686514
-0.179965 0.686514
-0.481383 0.686514
-0.117169 0.686275
0.032210 0.686275
0.029994 0.686275
0.455083 0.686275
-0.377069 0.686275
-0.324468 0.686155
0.240691 0.686155
0.347518 0.686155
-0.501330 0.686155
-0.388741 0.686155
-0.560284 0.686096
-0.095671 0.686095
0.117908 0.686035
0.175310 0.685976
-0.204521 0.685940
-0.553191 0.685796
0.424645 0.685796
-0.010638 0.685796
-0.354610 0.685796
-0.144504 0.685796
-0.406028 0.685796
-0.317819 0.685796
-0.312057 0.685796
-0.243499 0.685796
0.242908 0.685796
0.155733 0.685796
0.070035 0.685796
-0.475177 0.685796
-0.065603 0.685796
0.062057 0.685796
-0.163121 0.685796
0.315603 0.685796
0.213874 0.685617
-0.089761 0.685617
-0.103428 0.685557
0.447104 0.685557
-0.042110 0.685438
0.368794 0.685438
-0.017287 0.685438
-0.174202 0.685438
-0.308806 0.685438
0.083777 0.685438
0.229167 0.685438
0.090869 0.685438
0.115248 0.685318
0.321661 0.685318
0.056147 0.685318
-0.457742 0.685318
-0.221809 0.685079
0.138298 0.685079
-0.419326 0.685079
-0.240248 0.685079
0.064716 0.685079
-0.167553 0.685079
-0.079787 0.685079
-0.023936 0.685079
0.386525 0.685079
-0.522163 0.685079
0.197695 0.685079
0.343972 0.685079
0.170656 0.685079
-0.380201 0.685031
-0.183511 0.684900
0.208998 0.684900
-0.343085 0.684900
-0.108747 0.684840
0.199468 0.684720
-0.508422 0.684720
-0.278590 0.684720
-0.427083 0.684720
0.341312 0.684720
0.195035 0.684720
-0.315824 0.684720
0.054374 0.684601
-0.218558 0.684601
-0.366874 0.684481
0.067376 0.684362
-0.245863 0.684362
0.355792 0.684362
0.029699 0.684362
0.018794 0.684362
0.431738 0.684362
0.037234 0.684362
-0.009309 0.684362
0.027482 0.684362
-0.431294 0.684362
0.215426 0.684362
0.267730 0.684362
0.421543 0.684362
0.201241 0.684362
0.031915 0.684362
-0.556738 0.684362
-0.145390 0.684362
0.192376 0.684362
-0.350399 0.684362
-0.296543 0.684362
-0.511968 0.684362
-0.238475 0.684362
-0.162234 0.684362
-0.531028 0.684362
0.225177 0.684362
0.315603 0.684362
0.012411 0.684182
-0.268322 0.684122
-0.139628 0.684122
-0.141844 0.684122
0.158392 0.684075
-0.300827 0.684003
-0.178635 0.684003
-0.045656 0.684003
-0.015071 0.684003
-0.026152 0.684003
-0.248818 0.684003
0.478723 0.683883
0.217937 0.683883
0.440307 0.683883
-0.383333 0.683788
-0.294474 0.683764
0.329787 0.683644
-0.509752 0.683644
0.025266 0.683644
-0.251773 0.683644
0.308954 0.683644
-0.152039 0.683644
-0.333333 0.683644
0.426862 0.683644
-0.021720 0.683644
0.520390 0.683644
-0.313830 0.683644
0.203457 0.683644
-0.034574 0.683644
0.343085 0.683644
0.020922 0.683644
-0.551418 0.683644
0.126773 0.683644
-0.061170 0.683644
0.094858 0.683644
0.196956 0.683525
0.077719 0.683405
0.220449 0.683405
0.073286 0.683405
-0.227541 0.683405
-0.464539 0.683286
-0.422872 0.683286
-0.292996 0.683286
-0.186613 0.683286
-0.419326 0.683286
0.340426 0.683286
-0.253546 0.683286
0.194297 0.683166
-0.379137 0.683166
0.059693 0.683166
-0.135786 0.683046
0.231383 0.682927
-0.342420 0.682927
-0.237145 0.682927
-0.427083 0.682927
-0.482270 0.682927
-0.007979 0.682927
-0.028369 0.682927
0.302305 0.682927
0.205674 0.682927
0.406028 0.682927
-0.507092 0.682927
0.271277 0.682927
-0.161348 0.682927
-0.078014 0.682927
-0.404255 0.682927
-0.049202 0.682927
0.177305 0.682927
-0.191489 0.682927
-0.552748 0.682927
-0.000887 0.682927
0.063387 0.682927
0.096188 0.682927
-0.255319 0.682927
-0.393617 0.682927
0.223257 0.682807
-0.231974 0.682688
-0.132683 0.682688
-0.153517 0.682688
-0.086584 0.682688
0.079196 0.682688
-0.004137 0.682688
-0.234190 0.682688
0.160904 0.682640
-0.092908 0.682640
-0.329787 0.682568
0.386525 0.682568
0.436613 0.682568
-0.326241 0.682568
0.525266 0.682568
-0.517287 0.682568
0.402926 0.682568
-0.096690 0.682544
-0.375296 0.682449
-0.100473 0.682449
0.556738 0.682443
0.200355 0.682389
-0.182181 0.682389
-0.195922 0.682209
-0.067376 0.682209
-0.013298 0.682209
-0.258865 0.682209
0.226064 0.682209
-0.148050 0.682209
0.208333 0.682209
0.066046 0.682209
0.001330 0.682209
-0.280142 0.682209
0.069149 0.682209
0.374557 0.682090
-0.090780 0.682066
0.324173 0.681970
-0.103428 0.681970
0.196217 0.681970
0.030733 0.681970
0.549645 0.681967
-0.281915 0.681851
-0.059840 0.681851
0.089982 0.681851
0.022163 0.681851
-0.364805 0.681851
-0.508422 0.681851
0.234486 0.681851
-0.253546 0.681779
-0.186613 0.681671
-0.037234 0.681492
0.429078 0.681492
-0.223404 0.681492
0.537234 0.681492
0.542553 0.681492
0.202571 0.681492
-0.545213 0.681492
0.419105 0.681492
0.422651 0.681492
-0.088652 0.681492
0.048463 0.681492
0.163121 0.681492
0.210993 0.681492
-0.474291 0.681492
0.343528 0.681492
-0.357713 0.681492
-0.446809 0.681492
0.531915 0.681492
0.443262 0.681492
-0.283688 0.681492
-0.056738 0.681492
-0.238032 0.681492
-0.398050 0.681492
0.272163 0.681492
-0.335106 0.681492
-0.341755 0.681492
-0.345523 0.681492
0.026005 0.681373
-0.431368 0.681253
-0.006353 0.681253
-0.353723 0.681253
-0.384929 0.681205
0.197843 0.681193
-0.499113 0.681133
0.335550 0.681133
0.396720 0.681133
-0.048316 0.681014
-0.140071 0.681014
0.012855 0.680954
-0.206442 0.680918
-0.102098 0.680894
-0.039894 0.680775
0.513298 0.680775
-0.297872 0.680775
-0.073582 0.680775
-0.009309 0.680775
0.526596 0.680775
-0.390071 0.680775
0.046395 0.680775
0.021277 0.680775
0.037234 0.680775
-0.185284 0.680775
0.504433 0.680775
-0.061613 0.680775
-0.251773 0.680631
-0.091667 0.680631
0.194297 0.680536
0.187204 0.680536
-0.157506 0.680536
0.251773 0.680467
-0.066046 0.680416
-0.362589 0.680416
0.199468 0.680416
-0.303664 0.680344
0.061022 0.680297
-0.213652 0.680297
-0.546986 0.680057
0.151596 0.680057
0.213209 0.680057
0.207447 0.680057
-0.552305 0.680057
-0.150709 0.680057
-0.210402 0.680057
0.342642 0.680057
0.127660 0.680057
-0.507092 0.680057
-0.328014 0.680057
-0.189716 0.680057
0.489362 0.680057
0.521277 0.680057
0.386525 0.680057
-0.331560 0.680057
-0.234486 0.680057
-0.097518 0.680057
-0.509309 0.680057
0.402039 0.680057
0.070922 0.680057
0.093972 0.680057
0.328310 0.679938
0.177527 0.679878
-0.277482 0.679818
0.155142 0.679770
0.345745 0.679699
0.087323 0.679699
0.441046 0.679699
0.265071 0.679579
0.036643 0.679579
0.073877 0.679579
-0.293735 0.679579
-0.138002 0.679579
-0.114953 0.679460
0.097518 0.679340
0.281619 0.679340
0.000887 0.679340
0.129433 0.679340
-0.377364 0.679340
-0.194149 0.679340
0.445035 0.679340
0.360668 0.679340
-0.408688 0.679340
-0.510195 0.679340
0.496454 0.679340
0.169770 0.679340
-0.367908 0.679340
0.015071 0.679340
-0.103723 0.679340
0.369681 0.679340
0.255319 0.679272
-0.437352 0.679101
-0.292258 0.679101
-0.007683 0.679101
-0.241726 0.679101
-0.049645 0.679101
0.269060 0.678981
-0.224291 0.678862
0.119681 0.678862
-0.010638 0.678623
-0.446809 0.678623
-0.386525 0.678623
-0.553635 0.678623
-0.220523 0.678623
0.212766 0.678623
-0.128251 0.678623
-0.013298 0.678623
0.540780 0.678623
-0.522163 0.678623
0.064273 0.678623
-0.373522 0.678623
-0.233156 0.678623
-0.544326 0.678623
0.414894 0.678623
-0.178191 0.678623
0.219858 0.678623
0.395833 0.678623
-0.427305 0.678623
0.423759 0.678623
0.413121 0.678623
-0.069149 0.678623
-0.481383 0.678623
0.043440 0.678623
0.416667 0.678623
0.420213 0.678623
0.239362 0.678623
-0.308688 0.678551
-0.132092 0.678384
-0.003251 0.678384
0.154255 0.678336
-0.123522 0.678264
0.426862 0.678264
0.526152 0.678264
0.365248 0.678264
-0.410904 0.678264
-0.258422 0.678264
-0.296099 0.678264
-0.250443 0.678192
-0.228723 0.678144
-0.036348 0.678144
-0.217272 0.678144
0.104905 0.678144
0.076832 0.678144
-0.267139 0.678144
0.112589 0.678144
-0.153664 0.678144
-0.431442 0.678144
0.429965 0.677905
-0.324468 0.677905
-0.214022 0.677905
0.434397 0.677905
-0.381206 0.677905
0.234929 0.677905
-0.462766 0.677905
-0.282801 0.677905
-0.504876 0.677905
-0.365691 0.677905
-0.398050 0.677905
0.454787 0.677905
0.343085 0.677905
0.125000 0.677905
0.354019 0.677905
-0.262411 0.677905
-0.496011 0.677905
0.310727 0.677905
-0.079787 0.677905
0.258865 0.677837
-0.253103 0.677834
-0.270981 0.677786
0.080969 0.677666
-0.149527 0.677666
-0.159279 0.677666
-0.294031 0.677666
0.442819 0.677547
-0.468085 0.677547
0.269947 0.677547
-0.023345 0.677547
-0.039007 0.677427
0.209811 0.677427
0.468972 0.677427
-0.383865 0.677188
-0.001773 0.677188
-0.554965 0.677188
-0.329787 0.677188
0.294031 0.677188
0.465426 0.677188
-0.107861 0.677188
0.214982 0.677188
-0.085106 0.677188
-0.238475 0.677188
0.042553 0.677188
-0.326241 0.677188
0.514184 0.677188
-0.292553 0.677188
0.063830 0.677188
0.304078 0.677188
0.556738 0.677166
-0.368056 0.677068
-0.356826 0.676949
-0.194592 0.676829
0.142287 0.676829
0.132535 0.676829
0.046986 0.676829
0.057624 0.676829
0.341164 0.676829
0.277482 0.676829
0.179891 0.676769
-0.345892 0.676710
0.202719 0.676710
0.432476 0.676590
-0.123522 0.676471
0.051418 0.676471
0.408245 0.676471
0.128546 0.676471
-0.011746 0.676471
0.226950 0.676471
-0.044105 0.676471
-0.098404 0.676471
0.101950 0.676471
-0.017730 0.676471
-0.401891 0.676471
-0.422872 0.676471
-0.547872 0.676471
-0.199468 0.676471
-0.539007 0.676471
-0.170213 0.676471
-0.050827 0.676471
-0.363475 0.676471
-0.460993 0.676471
-0.508865 0.676471
0.419326 0.676471
0.078310 0.676231
-0.346927 0.676231
-0.225177 0.676231
0.075207 0.676231
-0.264775 0.676231
-0.118794 0.676112
0.286052 0.676112
0.345301 0.676112
0.234486 0.676112
-0.505762 0.676112
0.368351 0.676112
-0.106531 0.676112
-0.047651 0.675992
-0.221410 0.675992
0.342051 0.675873
-0.278369 0.675873
0.339243 0.675753
-0.509752 0.675753
-0.553191 0.675753
-0.217642 0.675753
-0.294326 0.675753
-0.324468 0.675753
0.354167 0.675753
0.068706 0.675753
-0.094858 0.675753
-0.393617 0.675753
0.451241 0.675753
0.162234 0.675753
-0.333333 0.675753
0.122340 0.675753
-0.319149 0.675753
-0.502660 0.675753
0.545213 0.675753
0.297872 0.675753
0.121011 0.675753
-0.321809 0.675753
0.119681 0.675753
0.395242 0.675753
-0.249113 0.675753
-0.231826 0.675753
-0.181738 0.675753
0.438830 0.675574
-0.246602 0.675514
0.159574 0.675466
-0.208924 0.675395
-0.244090 0.675275
0.434988 0.675275
-0.435875 0.675275
0.007535 0.675215
0.228723 0.675036
0.523050 0.675036
0.124113 0.675036
0.359486 0.675036
-0.190603 0.675036
0.238475 0.675036
-0.510638 0.675036
0.424350 0.675036
-0.326241 0.675036
0.363918 0.675036
-0.389184 0.675036
-0.349882 0.675036
0.084663 0.675036
-0.472074 0.675036
0.240470 0.674857
-0.368203 0.674797
0.189716 0.674797
-0.432920 0.674797
0.201537 0.674797
-0.035461 0.674797
-0.195479 0.674677
-0.465869 0.674677
0.211584 0.674558
-0.455969 0.674558
0.476064 0.674558
-0.371158 0.674558
0.105496 0.674319
0.335402 0.674319
-0.374113 0.674319
0.108156 0.674319
-0.419770 0.674319
0.421986 0.674319
0.347518 0.674319
-0.241578 0.674319
0.392435 0.674319
-0.360018 0.674319
0.161791 0.674319
-0.439716 0.674319
-0.281915 0.674319
0.079787 0.674319
0.086436 0.674319
0.076684 0.674319
0.073582 0.674319
0.411791 0.674319
-0.262411 0.674319
-0.094415 0.674319
-0.200355 0.674319
-0.074468 0.674319
-0.140366 0.674079
0.289598 0.674079
0.205083 0.674079
-0.054669 0.674079
-0.356028 0.674079
-0.129728 0.674079
0.255024 0.674079
-0.267435 0.674079
-0.061170 0.673960
-0.497784 0.673960
0.415780 0.673840
0.088948 0.673840
-0.125296 0.673840
0.182033 0.673840
0.245346 0.673780
-0.271277 0.673721
-0.112589 0.673601
-0.234929 0.673601
-0.392730 0.673601
-0.318262 0.673601
0.023493 0.673601
0.281915 0.673601
0.122340 0.673601
-0.069149 0.673601
0.068262 0.673601
0.082004 0.673601
-0.332447 0.673601
-0.078014 0.673601
-0.065603 0.673601
-0.303546 0.673458
-0.560284 0.673434
-0.341534 0.673422
-0.405437 0.673422
0.208629 0.673362
0.429965 0.673362
-0.244385 0.673362
-0.155142 0.673362
-0.009796 0.673314
0.438830 0.673242
-0.212544 0.673242
-0.308245 0.673171
0.218972 0.673123
0.191046 0.673123
-0.413121 0.673063
-0.092199 0.672884
0.475177 0.672884
0.084220 0.672884
-0.045656 0.672884
-0.164894 0.672884
-0.285904 0.672884
-0.000887 0.672884
-0.109338 0.672884
0.358156 0.672884
-0.160757 0.672884
0.543440 0.672884
-0.081560 0.672884
-0.016253 0.672884
0.212323 0.672884
0.347961 0.672884
-0.401300 0.672884
-0.147163 0.672884
0.161348 0.672884
-0.335993 0.672884
-0.470745 0.672884
-0.452128 0.672884
-0.086879 0.672884
-0.437057 0.672884
0.367021 0.672884
-0.027187 0.672884
0.423463 0.672884
0.020390 0.672884
0.374113 0.672884
-0.323582 0.672884
-0.320922 0.672884
-0.329787 0.672884
-0.338874 0.672704
-0.557624 0.672673
0.267287 0.672525
-0.163121 0.672525
0.143617 0.672525
0.001330 0.672525
-0.203901 0.672525
0.279255 0.672525
-0.432624 0.672525
0.396129 0.672525
0.391253 0.672453
0.265071 0.672406
0.086732 0.672406
-0.275709 0.672286
0.229610 0.672166
-0.523493 0.672166
-0.526152 0.672166
0.103428 0.672166
0.118794 0.672166
-0.265071 0.672166
0.073138 0.672166
0.353280 0.672166
-0.416667 0.672166
0.076241 0.672166
-0.382092 0.672166
0.268469 0.672047
-0.114509 0.672047
0.177970 0.671987
-0.307210 0.671975
-0.009870 0.671879
0.015514 0.671808
-0.437943 0.671808
-0.191046 0.671808
-0.120567 0.671688
0.209368 0.671688
0.200059 0.671688
0.285461 0.671569
-0.174645 0.671449
0.043440 0.671449
0.455674 0.671449
-0.431738 0.671449
0.276596 0.671449
-0.317376 0.671449
-0.391844 0.671449
0.458333 0.671449
-0.331560 0.671449
0.305851 0.671449
-0.029551 0.671449
-0.343972 0.671449
0.165780 0.671449
0.300975 0.671449
-0.195922 0.671449
0.424941 0.671449
-0.098848 0.671449
0.491135 0.671449
-0.244681 0.671449
-0.429078 0.671449
0.348404 0.671449
0.451241 0.671449
-0.289894 0.671449
-0.416371 0.671330
0.360816 0.671270
-0.102541 0.671210
0.233599 0.671090
-0.439716 0.671090
0.047872 0.671090
0.375443 0.671090
0.283983 0.671090
-0.287234 0.671090
0.202719 0.670971
-0.366726 0.670971
0.263298 0.670971
-0.135343 0.670971
-0.371749 0.670971
-0.077423 0.670971
0.245346 0.670911
-0.376330 0.670732
-0.534131 0.670732
-0.550532 0.670732
-0.279255 0.670732
-0.320035 0.670732
-0.346631 0.670732
0.302748 0.670732
-0.444149 0.670732
-0.207447 0.670732
-0.335106 0.670732
0.399823 0.670732
-0.284574 0.670732
-0.541667 0.670732
0.486702 0.670732
-0.327128 0.670732
0.394947 0.670660
0.390071 0.670588
0.254728 0.670493
-0.003369 0.670445
-0.472961 0.670373
-0.398345 0.670373
0.405142 0.670373
0.385638 0.670301
-0.300709 0.670301
0.419917 0.670253
0.371749 0.670253
-0.090426 0.670014
0.267730 0.670014
-0.235816 0.670014
0.410461 0.670014
-0.046321 0.670014
-0.322695 0.670014
0.081560 0.670014
-0.098404 0.670014
-0.039007 0.670014
-0.182624 0.670014
0.128546 0.670014
0.059397 0.670014
-0.054965 0.670014
0.077128 0.670014
0.547872 0.670014
0.351729 0.670014
-0.291667 0.670014
-0.387411 0.670014
-0.007801 0.669727
-0.393617 0.669656
0.053191 0.669656
-0.082004 0.669656
0.114805 0.669656
-0.305142 0.669584
-0.114953 0.669536
0.268913 0.669536
0.412677 0.669536
0.187943 0.669297
-0.010934 0.669297
-0.352541 0.669297
-0.436170 0.669297
-0.187057 0.669297
0.125887 0.669297
-0.058511 0.669297
0.473848 0.669297
-0.019504 0.669297
0.276152 0.669297
-0.536348 0.669297
0.376773 0.669297
0.090130 0.669297
-0.312943 0.669297
0.220745 0.669177
0.437057 0.669118
0.180112 0.669058
0.182772 0.669058
-0.122340 0.669058
0.315012 0.669058
0.270095 0.669058
0.287530 0.669058
0.257683 0.669058
0.214096 0.668938
-0.280585 0.668938
0.403812 0.668938
0.208777 0.668938
-0.482270 0.668938
0.386525 0.668867
0.255024 0.668819
0.086288 0.668819
0.226064 0.668819
0.340721 0.668819
-0.428783 0.668819
0.313534 0.668819
-0.431442 0.668819
-0.098848 0.668580
-0.233156 0.668580
-0.226950 0.668580
-0.036348 0.668580
-0.032801 0.668580
-0.272163 0.668580
-0.547872 0.668580
-0.096188 0.668580
-0.445035 0.668580
0.312057 0.668580
0.465426 0.668580
-0.062057 0.668580
0.093972 0.668580
0.455674 0.668580
-0.554965 0.668580
-0.069149 0.668580
-0.065603 0.668580
0.198582 0.668580
-0.113475 0.668580
-0.293440 0.668580
0.451241 0.668580
0.194592 0.668580
-0.359131 0.668580
-0.557624 0.668368
-0.102541 0.668341
0.291667 0.668341
-0.158983 0.668221
0.002216 0.668221
-0.515071 0.668221
-0.350473 0.668101
-0.124557 0.668101
-0.315012 0.668101
0.364657 0.667922
-0.181294 0.667862
0.073582 0.667862
0.004433 0.667862
0.437943 0.667862
-0.395390 0.667862
-0.538121 0.667862
-0.467642 0.667862
-0.402778 0.667862
0.260638 0.667623
0.344415 0.667623
-0.167110 0.667504
-0.284131 0.667504
0.545656 0.667504
0.441046 0.667504
0.504876 0.667504
-0.353723 0.667384
0.318853 0.667384
0.223404 0.667384
-0.310579 0.667384
-0.099291 0.667145
-0.096631 0.667145
-0.008865 0.667145
-0.357417 0.667145
0.228723 0.667145
0.180851 0.667145
-0.347518 0.667145
-0.276596 0.667145
-0.525709 0.667145
0.203901 0.667145
-0.376773 0.667145
-0.375000 0.667145
0.251773 0.667145
-0.557624 0.667145
0.407801 0.667145
0.284427 0.667145
-0.145390 0.667145
0.197695 0.667145
0.294326 0.667145
0.183511 0.667145
0.007092 0.667145
-0.046986 0.667145
-0.033688 0.667145
0.264184 0.667145
0.248227 0.667145
-0.297872 0.667145
-0.542553 0.667145
-0.523050 0.667145
-0.549645 0.667145
-0.286791 0.667145
0.110963 0.667025
-0.560284 0.666934
0.367612 0.666906
0.158983 0.666906
-0.074911 0.666786
-0.027556 0.666786
0.345892 0.666667
0.426123 0.666667
0.314421 0.666667
0.415780 0.666667
-0.421986 0.666667
0.556738 0.666612
-0.261525 0.666428
0.444149 0.666428
0.200355 0.666428
0.114362 0.666428
0.279255 0.666428
-0.169326 0.666428
-0.133865 0.666428
0.025709 0.666428
-0.390071 0.666428
0.009752 0.666428
-0.460993 0.666428
0.005319 0.666428
0.136525 0.666428
-0.382092 0.666428
0.375443 0.666428
-0.082447 0.666428
-0.304965 0.666428
0.510638 0.666428
-0.014480 0.666428
0.391401 0.666356
-0.395833 0.666248
0.365839 0.666188
-0.312648 0.666188
-0.428487 0.666188
0.133865 0.666069
0.035018 0.666069
-0.291223 0.666069
0.002216 0.666069
0.220745 0.666069
-0.379876 0.665710
0.078901 0.665710
-0.275709 0.665710
0.322695 0.665710
-0.537234 0.665710
0.300532 0.665710
0.226064 0.665710
-0.237589 0.665710
-0.378103 0.665710
-0.041667 0.665710
0.282801 0.665710
0.131206 0.665710
-0.066046 0.665710
-0.179965 0.665710
0.231383 0.665710
0.335106 0.665710
0.074468 0.665710
-0.267730 0.665710
0.253842 0.665710
-0.076241 0.665710
0.250296 0.665710
-0.280142 0.665710
-0.109043 0.665710
0.552305 0.665675
0.216903 0.665591
-0.502660 0.665352
-0.029920 0.665352
-0.222518 0.665352
0.308511 0.665352
-0.469858 0.665352
-0.074025 0.665352
-0.017730 0.665352
0.367317 0.665232
-0.298537 0.665172
-0.301197 0.665172
0.140957 0.665112
0.399084 0.665112
-0.524823 0.664993
-0.143617 0.664993
-0.101950 0.664993
0.449468 0.664993
0.381649 0.664993
-0.531028 0.664993
0.006206 0.664993
0.453901 0.664993
0.128546 0.664993
0.492465 0.664993
0.265071 0.664993
0.522163 0.664993
0.409574 0.664993
-0.308511 0.664993
0.296099 0.664993
-0.021277 0.664993
0.337766 0.664754
-0.185284 0.664754
0.203901 0.664634
0.547429 0.664634
-0.203901 0.664634
-0.396277 0.664634
-0.086879 0.664634
-0.080083 0.664515
-0.430556 0.664515
-0.120567 0.664515
-0.252660 0.664275
-0.521277 0.664275
-0.388298 0.664275
-0.116135 0.664275
0.189273 0.664275
0.070035 0.664275
0.049645 0.664275
-0.045656 0.664275
-0.283688 0.664275
0.171099 0.664275
-0.274823 0.664275
0.288416 0.664275
0.390071 0.664275
0.360151 0.664275
-0.539007 0.664275
0.320922 0.664275
-0.007092 0.664275
-0.482270 0.664275
0.125887 0.664275
-0.229610 0.664275
-0.267287 0.664275
-0.381206 0.664275
0.015957 0.664275
0.008865 0.664096
0.286052 0.664036
-0.030807 0.663917
0.135638 0.663917
-0.286348 0.663917
0.371454 0.663917
0.445922 0.663917
-0.493794 0.663917
0.089613 0.663857
0.340426 0.663797
0.145390 0.663797
-0.212766 0.663797
-0.313830 0.663797
0.255319 0.663558
-0.078014 0.663558
-0.350177 0.663558
0.132979 0.663558
-0.232270 0.663558
0.273936 0.663558
0.374113 0.663558
-0.195922 0.663558
0.195922 0.663558
-0.442080 0.663439
0.431294 0.663439
-0.095966 0.663379
0.085771 0.663379
-0.294105 0.663379
0.215721 0.663319
-0.419326 0.663319
0.011525 0.663199
0.031472 0.663199
0.080230 0.663199
0.028812 0.663199
-0.167110 0.663199
0.075798 0.663199
-0.158688 0.663199
-0.557624 0.663092
-0.352246 0.663080
0.259752 0.663080
-0.526596 0.662841
0.148050 0.662841
0.046099 0.662841
0.297872 0.662841
0.271720 0.662841
0.333333 0.662841
0.040780 0.662841
-0.391844 0.662841
0.380319 0.662841
-0.272606 0.662841
-0.062943 0.662841
0.248227 0.662841
-0.142139 0.662841
0.124113 0.662841
-0.165337 0.662841
-0.262411 0.662841
0.060284 0.662841
-0.246454 0.662841
-0.053191 0.662841
0.065603 0.662841
-0.376625 0.662602
-0.183954 0.662602
-0.276596 0.662602
-0.255910 0.662602
0.140071 0.662602
-0.281028 0.662602
-0.300310 0.662542
0.267730 0.662482
0.238475 0.662482
-0.308067 0.662482
0.531472 0.662482
-0.147163 0.662363
-0.434988 0.662363
-0.217199 0.662243
0.145833 0.662243
0.406028 0.662123
-0.071217 0.662123
-0.087323 0.662123
-0.396277 0.662123
-0.050975 0.662123
-0.143913 0.662123
0.183954 0.662123
-0.402482 0.662123
0.545213 0.662123
0.128546 0.662123
0.386525 0.662123
0.299645 0.662123
0.439716 0.662123
-0.060727 0.662123
-0.545213 0.662123
0.225177 0.662123
-0.123670 0.662123
0.203901 0.662123
-0.382979 0.662123
0.427305 0.661884
-0.311466 0.661884
0.283540 0.661884
-0.131649 0.661765
-0.174202 0.661765
0.004433 0.661765
-0.442080 0.661645
0.424350 0.661406
0.028517 0.661406
-0.048759 0.661406
0.329787 0.661406
0.323582 0.661406
-0.228723 0.661406
-0.180851 0.661406
0.381649 0.661406
-0.046543 0.661406
0.301418 0.661406
-0.079787 0.661406
0.492021 0.661406
-0.052748 0.661406
-0.044326 0.661406
-0.359486 0.661406
-0.381206 0.661406
-0.005319 0.661406
0.309988 0.661406
0.222518 0.661406
-0.015957 0.661406
-0.524823 0.661406
0.071809 0.661406
0.556738 0.661336
-0.303635 0.661286
0.148493 0.661286
0.391105 0.661286
-0.098626 0.661227
-0.206560 0.661167
-0.379728 0.661167
0.125887 0.661167
-0.274379 0.661167
0.346927 0.661167
0.088209 0.661047
-0.135638 0.661047
-0.260195 0.661047
0.140514 0.661047
0.218676 0.660928
0.156619 0.660928
0.085328 0.660868
0.272606 0.660808
-0.236702 0.660689
0.132979 0.660689
0.079787 0.660689
-0.027926 0.660689
-0.386525 0.660689
-0.535461 0.660689
0.278369 0.660689
0.146277 0.660689
0.502660 0.660689
-0.539894 0.660689
-0.231383 0.660689
0.119681 0.660689
0.231087 0.660689
0.082447 0.660689
-0.453014 0.660689
-0.050532 0.660689
-0.007535 0.660509
-0.083777 0.660509
0.372045 0.660450
-0.184397 0.660450
-0.264480 0.660450
0.268617 0.660450
0.105349 0.660450
-0.428635 0.660330
0.305556 0.660330
0.448582 0.660330
0.498670 0.660330
0.201241 0.660330
0.386229 0.660210
-0.282912 0.660181
-0.309249 0.660091
0.270390 0.660091
0.453014 0.659971
-0.142435 0.659971
0.031915 0.659971
-0.234043 0.659971
-0.109043 0.659971
0.326241 0.659971
0.494681 0.659971
-0.352837 0.659971
-0.226064 0.659971
0.407801 0.659971
-0.052305 0.659971
-0.529255 0.659971
0.239362 0.659971
0.262411 0.659971
0.037234 0.659971
0.460106 0.659971
-0.001330 0.659971
0.226950 0.659971
0.027630 0.659971
-0.432181 0.659971
0.113032 0.659971
0.229314 0.659971
-0.029625 0.659852
-0.268469 0.659732
0.377807 0.659732
0.288416 0.659732
-0.209515 0.659732
-0.412530 0.659732
-0.289007 0.659613
-0.017287 0.659613
0.508422 0.659613
-0.187943 0.659493
-0.152482 0.659493
0.398345 0.659493
-0.408392 0.659493
0.153369 0.659493
0.020538 0.659374
0.438534 0.659374
0.099882 0.659254
-0.257979 0.659254
0.236407 0.659254
-0.020833 0.659254
0.445035 0.659254
0.516844 0.659254
-0.354610 0.659254
0.122340 0.659254
-0.491135 0.659254
0.467642 0.659254
0.334220 0.659254
0.257092 0.659254
0.266844 0.659015
0.156324 0.659015
0.244238 0.658895
0.492465 0.658895
0.073138 0.658895
0.532358 0.658895
-0.453901 0.658895
0.318706 0.658895
0.015662 0.658776
0.212470 0.658776
0.390219 0.658776
-0.298537 0.658716
0.079935 0.658656
0.077275 0.658656
-0.244976 0.658537
0.198582 0.658537
-0.156028 0.658537
0.005762 0.658537
0.221631 0.658537
-0.196809 0.658537
0.328014 0.658537
0.228428 0.658537
-0.347222 0.658537
-0.519947 0.658537
0.119681 0.658537
0.453901 0.658537
0.113475 0.658537
-0.223404 0.658537
0.248227 0.658537
0.497784 0.658537
-0.116135 0.658537
0.008865 0.658537
0.386525 0.658537
0.514184 0.658537
0.002660 0.658537
-0.193262 0.658537
0.336879 0.658537
0.233452 0.658537
0.109486 0.658537
-0.356383 0.658537
0.379137 0.658297
0.401300 0.658297
0.280881 0.658297
-0.276596 0.658297
-0.316785 0.658297
-0.162677 0.658178
0.167110 0.658178
0.341017 0.658058
-0.299645 0.658058
0.217346 0.658058
-0.378251 0.658058
0.271277 0.658058
-0.404846 0.658058
0.241430 0.657939
0.095006 0.657819
0.023050 0.657819
-0.182181 0.657819
-0.169326 0.657819
0.290485 0.657819
-0.521720 0.657819
0.039007 0.657819
0.304965 0.657819
-0.139923 0.657819
0.231678 0.657819
0.308658 0.657819
0.044326 0.657819
0.355201 0.657700
-0.560284 0.657604
-0.441785 0.657580
0.285757 0.657580
0.124113 0.657580
0.239657 0.657580
-0.255024 0.657580
0.443262 0.657461
-0.428191 0.657461
0.036791 0.657461
0.159131 0.657461
0.362589 0.657461
0.398862 0.657401
-0.283134 0.657371
0.342790 0.657341
-0.152039 0.657341
-0.446513 0.657341
0.253842 0.657341
0.021868 0.657221
-0.171986 0.657102
-0.113475 0.657102
0.390957 0.657102
0.297872 0.657102
0.192671 0.657102
-0.075355 0.657102
0.275709 0.657102
-0.339243 0.657102
0.082447 0.657102
0.245567 0.657102
-0.120567 0.657102
-0.236259 0.657102
-0.431738 0.657102
0.122340 0.657102
-0.045213 0.657102
-0.117021 0.657102
0.109929 0.657102
0.170213 0.657102
0.003989 0.657102
0.347813 0.657102
-0.094489 0.656923
0.423907 0.656863
0.236702 0.656863
0.175532 0.656743
0.028369 0.656743
-0.145686 0.656743
-0.426862 0.656743
0.432624 0.656743
-0.421543 0.656743
0.077423 0.656624
0.437352 0.656624
0.020686 0.656624
0.375296 0.656624
0.283540 0.656504
0.307772 0.656385
-0.049202 0.656385
-0.063387 0.656385
-0.043440 0.656385
-0.218085 0.656385
-0.155585 0.656385
-0.133422 0.656385
0.257979 0.656385
0.520390 0.656385
0.133865 0.656385
-0.538121 0.656385
-0.189273 0.656325
0.395168 0.656205
-0.251921 0.656145
0.242760 0.656145
0.439421 0.656145
0.556738 0.656059
-0.078901 0.656026
-0.054078 0.656026
0.321365 0.656026
0.043440 0.656026
0.033245 0.656026
0.208777 0.656026
-0.026596 0.656026
-0.287168 0.655972
0.370567 0.655906
0.310284 0.655667
-0.345449 0.655667
-0.408097 0.655667
-0.109043 0.655667
0.226950 0.655667
-0.274823 0.655667
-0.206265 0.655667
0.040780 0.655667
-0.289007 0.655667
0.551418 0.655667
-0.061170 0.655667
-0.257092 0.655667
-0.494681 0.655667
0.287825 0.655667
-0.429078 0.655667
0.220301 0.655667
0.101064 0.655667
0.517730 0.655667
-0.517730 0.655667
0.441489 0.655667
0.487589 0.655667
-0.276817 0.655488
-0.381797 0.655428
-0.269799 0.655428
0.070922 0.655308
-0.166667 0.655308
0.236407 0.655308
-0.176862 0.655308
-0.278812 0.655308
-0.036939 0.655189
0.239953 0.655189
-0.380319 0.655189
0.362884 0.655069
-0.425680 0.655069
0.176418 0.654950
-0.130762 0.654950
-0.334220 0.654950
0.025266 0.654950
-0.326241 0.654950
0.173759 0.654950
-0.209515 0.654950
-0.110372 0.654950
-0.360816 0.654950
-0.293440 0.654950
0.359929 0.654950
0.179078 0.654950
0.224291 0.654950
0.451241 0.654950
-0.372636 0.654950
-0.139805 0.654806
-0.435136 0.654711
0.420804 0.654711
0.252364 0.654711
0.499113 0.654591
0.159131 0.654591
0.384309 0.654591
0.283245 0.654591
0.440307 0.654472
0.069740 0.654472
-0.363475 0.654472
0.010343 0.654472
0.435875 0.654472
-0.268026 0.654352
0.408245 0.654352
-0.175975 0.654352
-0.100473 0.654232
-0.089539 0.654232
-0.240987 0.654232
-0.104610 0.654232
-0.123227 0.654232
-0.092937 0.654232
-0.179078 0.654232
0.181738 0.654232
-0.243499 0.654232
-0.432181 0.654232
0.107270 0.654232
0.292258 0.654232
-0.226950 0.654232
-0.273936 0.654232
0.096188 0.654232
-0.421986 0.654232
-0.469858 0.654232
-0.134752 0.654232
-0.181294 0.654232
-0.403073 0.654232
-0.212766 0.654232
-0.127660 0.654232
0.309397 0.654232
0.260638 0.654232
-0.287943 0.654089
0.300827 0.654053
0.321513 0.653993
-0.427896 0.653993
0.375148 0.653993
-0.035461 0.653993
0.266844 0.653993
0.077719 0.653993
0.046986 0.653874
0.235520 0.653874
0.149823 0.653874
-0.260417 0.653874
-0.305408 0.653874
-0.175089 0.653874
0.133422 0.653874
0.044326 0.653874
0.345154 0.653754
0.406028 0.653754
-0.187057 0.653694
-0.192819 0.653694
-0.012264 0.653575
0.281028 0.653515
-0.245863 0.653515
-0.004433 0.653515
0.445035 0.653515
-0.110816 0.653515
0.062943 0.653515
0.168440 0.653515
-0.159574 0.653515
0.214096 0.653515
0.340426 0.653515
0.054078 0.653515
-0.088209 0.653515
-0.115248 0.653515
0.082447 0.653515
0.379433 0.653515
0.041667 0.653515
0.247636 0.653276
-0.178191 0.653276
-0.446217 0.653276
0.368203 0.653276
-0.119976 0.653276
-0.375296 0.653276
0.554078 0.653225
0.176418 0.653156
-0.195922 0.653156
0.122562 0.653156
-0.019060 0.653156
0.195035 0.653156
-0.020833 0.653156
-0.190603 0.653156
-0.155290 0.653037
0.311909 0.653037
0.036791 0.652917
0.432624 0.652917
0.347665 0.652917
0.091312 0.652798
0.478723 0.652798
-0.135195 0.652798
-0.107270 0.652798
-0.480496 0.652798
-0.518174 0.652798
0.521277 0.652798
0.084663 0.652798
0.190307 0.652798
-0.273050 0.652798
0.426418 0.652798
-0.132092 0.652798
-0.250887 0.652798
0.185284 0.652798
0.510638 0.652798
0.342199 0.652798
-0.202128 0.652798
0.436761 0.652798
-0.249557 0.652798
-0.223404 0.652798
0.106383 0.652798
-0.086879 0.652798
0.294326 0.652798
-0.142908 0.652654
-0.006649 0.652618
-0.193706 0.652618
-0.282137 0.652618
-0.386525 0.652559
0.089096 0.652439
0.050975 0.652439
-0.236702 0.652439
0.075355 0.652439
0.494238 0.652439
-0.382388 0.652319
-0.122931 0.652319
-0.426714 0.652319
0.434397 0.652319
-0.089982 0.652080
0.086879 0.652080
-0.456560 0.652080
0.491578 0.652080
0.239362 0.652080
0.512411 0.652080
0.441046 0.652080
-0.488475 0.652080
0.259752 0.652080
0.380762 0.652080
0.350177 0.652080
0.292258 0.652080
0.393174 0.652080
0.517730 0.652080
0.332447 0.652080
0.552305 0.652080
-0.171099 0.652080
-0.137589 0.651937
-0.155437 0.651841
0.210106 0.651841
0.070331 0.651841
0.083777 0.651722
0.362589 0.651722
0.056294 0.651722
0.359929 0.651722
-0.082447 0.651722
0.060727 0.651722
-0.271277 0.651722
0.357270 0.651722
0.092346 0.651602
0.269504 0.651602
-0.042553 0.651363
0.514184 0.651363
-0.088652 0.651363
0.287825 0.651363
0.063830 0.651363
-0.499113 0.651363
0.448582 0.651363
-0.163564 0.651363
0.370567 0.651363
-0.360816 0.651363
-0.125887 0.651363
0.168440 0.651363
0.316489 0.651363
-0.432624 0.651363
0.042553 0.651363
0.372784 0.651363
-0.292553 0.651363
-0.266622 0.651363
-0.289007 0.651363
0.078014 0.651363
-0.229610 0.651363
-0.218972 0.651363
-0.030142 0.651363
0.173759 0.651363
-0.322695 0.651363
0.090130 0.651243
0.397385 0.651184
0.039894 0.651124
0.436170 0.651124
0.214982 0.651124
-0.070035 0.651004
0.149823 0.651004
0.481383 0.651004
0.297872 0.651004
-0.159279 0.650885
-0.150857 0.650885
0.305112 0.650885
-0.045213 0.650885
-0.363475 0.650885
0.556738 0.650782
0.428191 0.650765
-0.078014 0.650646
-0.073360 0.650646
-0.301418 0.650646
-0.054521 0.650646
-0.335993 0.650646
-0.210106 0.650646
0.294326 0.650646
-0.241430 0.650646
0.005615 0.650646
-0.234929 0.650646
0.464539 0.650646
0.503103 0.650646
-0.238918 0.650646
-0.531028 0.650646
-0.129433 0.650646
-0.096040 0.650646
0.143617 0.650646
-0.338357 0.650646
-0.312943 0.650646
0.126108 0.650646
0.114731 0.650466
0.093381 0.650407
0.322400 0.650407
-0.377364 0.650407
-0.343676 0.650287
0.232270 0.650287
0.217420 0.650287
-0.058067 0.650287
0.352394 0.650287
0.378546 0.650287
0.100000 0.650215
-0.041076 0.650167
0.429965 0.650167
0.258865 0.650167
-0.154108 0.650048
0.055851 0.649928
-0.532801 0.649928
-0.163121 0.649928
-0.186613 0.649928
-0.515957 0.649928
0.275266 0.649928
-0.401891 0.649928
-0.026596 0.649928
-0.105940 0.649928
0.444592 0.649928
-0.132979 0.649928
0.085106 0.649928
0.182624 0.649928
0.367908 0.649928
-0.117021 0.649928
0.058511 0.649928
-0.285461 0.649928
0.437943 0.649928
-0.029699 0.649928
0.128324 0.649749
-0.126108 0.649749
0.554965 0.649638
-0.417553 0.649570
-0.408097 0.649570
0.111259 0.649570
-0.272606 0.649570
-0.123227 0.649570
0.221410 0.649570
-0.201241 0.649450
-0.436466 0.649450
0.010638 0.649450
0.130098 0.649390
-0.190160 0.649390
0.299350 0.649271
-0.206560 0.649211
-0.079787 0.649211
-0.062057 0.649211
-0.069149 0.649211
-0.100177 0.649211
0.064716 0.649211
-0.244090 0.649211
-0.393469 0.649211
0.351064 0.649211
-0.518617 0.649211
-0.328014 0.649211
0.138298 0.649211
0.338652 0.649211
0.122784 0.649211
-0.461879 0.649211
0.439273 0.649211
-0.053191 0.649211
-0.169991 0.649211
-0.555851 0.649207
-0.198582 0.649091
-0.050827 0.649091
-0.046395 0.648972
0.315307 0.648972
-0.193262 0.648852
-0.147606 0.648852
-0.072473 0.648852
-0.269504 0.648852
-0.231826 0.648852
-0.056738 0.648852
0.143617 0.648852
-0.308954 0.648852
-0.316046 0.648852
0.102660 0.648780
0.247045 0.648733
0.012116 0.648733
0.014775 0.648733
-0.450059 0.648733
-0.251330 0.648733
-0.351950 0.648494
0.365248 0.648494
0.495567 0.648494
0.372340 0.648494
-0.075798 0.648494
0.531915 0.648494
-0.275709 0.648494
0.420213 0.648494
0.553191 0.648494
-0.521277 0.648494
0.370124 0.648494
0.456560 0.648494
0.105940 0.648494
-0.029255 0.648494
0.294326 0.648494
-0.246454 0.648494
-0.093085 0.648494
0.359929 0.648494
0.354610 0.648494
0.362589 0.648494
-0.141401 0.648135
-0.110816 0.648135
0.145390 0.648135
0.027926 0.648135
0.386968 0.648135
-0.196809 0.648135
-0.115248 0.648135
-0.117465 0.648135
0.507535 0.648135
-0.102394 0.648135
-0.078679 0.648135
0.297577 0.648015
-0.017139 0.648015
-0.123449 0.647956
0.345006 0.647896
0.279699 0.647776
0.046986 0.647776
-0.120567 0.647776
0.330674 0.647776
-0.144947 0.647776
-0.314716 0.647776
0.215869 0.647776
-0.320922 0.647776
0.289894 0.647776
-0.133865 0.647776
-0.311613 0.647776
-0.177660 0.647633
0.206856 0.647537
-0.014775 0.647537
-0.175236 0.647537
-0.444149 0.647537
0.300827 0.647537
0.411495 0.647418
0.353280 0.647418
-0.136082 0.647418
-0.523493 0.647418
0.509309 0.647418
0.171543 0.647418
-0.083333 0.647418
0.090130 0.647298
0.250887 0.647298
0.164894 0.647059
0.048759 0.647059
0.347518 0.647059
0.085993 0.647059
0.143617 0.647059
-0.515957 0.647059
-0.119238 0.647059
0.258570 0.647059
0.367465 0.647059
0.182624 0.647059
-0.289007 0.647059
0.285461 0.647059
0.395390 0.647059
-0.304965 0.647059
-0.292553 0.647059
-0.208333 0.647059
-0.438239 0.647059
-0.512411 0.647059
-0.104610 0.647059
-0.560284 0.647050
0.073286 0.647011
-0.128324 0.646879
0.108378 0.646879
0.034574 0.646820
0.262116 0.646820
0.409279 0.646820
0.077128 0.646772
0.185727 0.646700
0.117169 0.646700
-0.051418 0.646700
-0.555851 0.646696
0.226655 0.646581
-0.009161 0.646581
-0.274379 0.646581
-0.046986 0.646581
0.318410 0.646461
-0.168883 0.646341
-0.385934 0.646341
-0.551418 0.646341
-0.064421 0.646341
0.475177 0.646341
0.529255 0.646341
-0.072252 0.646341
-0.164672 0.646341
-0.357270 0.646341
0.132683 0.646341
0.351950 0.646341
-0.525709 0.646341
-0.217199 0.646341
-0.471631 0.646341
0.149823 0.646341
0.380319 0.646341
0.188387 0.646341
0.373670 0.646341
-0.266844 0.646341
0.145390 0.646341
-0.312500 0.646341
0.257979 0.646341
-0.151743 0.646222
-0.441342 0.646222
-0.317228 0.646222
-0.422651 0.646162
0.061466 0.646102
-0.200355 0.646102
0.080674 0.646055
0.500000 0.645983
-0.075576 0.645983
0.322252 0.645983
-0.366135 0.645863
0.519504 0.645863
0.113697 0.645803
0.064569 0.645744
-0.437500 0.645744
-0.134752 0.645624
-0.282801 0.645624
-0.324468 0.645624
0.119459 0.645624
-0.003546 0.645624
0.387411 0.645624
-0.391253 0.645624
-0.400709 0.645624
0.453901 0.645624
-0.130319 0.645624
-0.189716 0.645624
-0.132535 0.645624
-0.235816 0.645624
0.363475 0.645624
0.179078 0.645624
0.001182 0.645624
-0.062648 0.645624
0.058511 0.645624
0.335106 0.645624
0.391844 0.645624
0.382979 0.645624
-0.042258 0.645624
-0.242021 0.645624
-0.287825 0.645624
-0.039894 0.645624
-0.514184 0.645624
0.556738 0.645505
0.256649 0.645505
-0.098848 0.645265
-0.136968 0.645265
-0.053191 0.645265
0.123892 0.645265
-0.555851 0.645265
-0.520833 0.645265
0.214317 0.645265
-0.119681 0.645265
-0.527926 0.645265
-0.203457 0.645265
-0.257979 0.645146
0.267730 0.645146
0.396277 0.645086
-0.171912 0.645026
-0.440603 0.644907
-0.483156 0.644907
-0.413121 0.644907
-0.214243 0.644907
-0.277926 0.644907
-0.206117 0.644907
0.098936 0.644763
-0.435875 0.644668
0.337470 0.644668
-0.403812 0.644548
-0.229167 0.644548
-0.081560 0.644548
0.281915 0.644548
0.315160 0.644548
0.102216 0.644476
-0.107861 0.644429
0.302453 0.644429
0.126108 0.644369
0.129802 0.644369
0.394504 0.644369
-0.410018 0.644189
0.368351 0.644189
0.207742 0.644189
-0.286643 0.644189
-0.196809 0.644189
0.046099 0.644189
-0.225177 0.644189
0.304078 0.644189
-0.049645 0.644189
0.542553 0.644189
-0.376773 0.644189
-0.177305 0.644189
0.308067 0.644189
-0.304965 0.644189
-0.515957 0.644189
0.357270 0.644189
-0.096631 0.644189
-0.244681 0.644189
-0.453901 0.644189
0.105496 0.644189
-0.148493 0.644189
0.523936 0.644189
-0.530142 0.644189
0.086879 0.644189
-0.112293 0.644070
-0.431738 0.643950
0.142287 0.643831
-0.438978 0.643831
0.371454 0.643831
0.238771 0.643831
-0.295656 0.643831
-0.340426 0.643831
-0.302600 0.643711
0.261820 0.643711
-0.200355 0.643711
-0.298168 0.643711
0.339835 0.643711
0.504433 0.643472
0.023050 0.643472
-0.129876 0.643472
-0.060284 0.643472
-0.321809 0.643472
-0.345745 0.643472
0.047872 0.643472
-0.132092 0.643472
-0.194149 0.643472
-0.406915 0.643472
-0.222518 0.643472
-0.451241 0.643472
-0.507979 0.643472
0.462766 0.643472
0.433067 0.643472
-0.477837 0.643472
-0.027482 0.643472
0.127733 0.643412
0.400266 0.643293
-0.091608 0.643233
-0.160757 0.643233
0.081560 0.643185
-0.350177 0.643113
-0.062648 0.643113
0.110816 0.643113
-0.113475 0.643113
0.330230 0.643113
0.355940 0.643113
-0.319444 0.642994
0.261229 0.642994
-0.010934 0.642994
0.342346 0.642874
0.509752 0.642755
0.212766 0.642755
0.304078 0.642755
-0.354610 0.642755
0.389184 0.642755
-0.203901 0.642755
-0.166223 0.642755
0.031915 0.642755
-0.198582 0.642755
-0.118794 0.642755
0.367021 0.642755
-0.051418 0.642755
-0.065012 0.642755
-0.269504 0.642755
0.468085 0.642755
0.441046 0.642755
0.203753 0.642575
0.263889 0.642516
0.380319 0.642516
0.421099 0.642516
0.276596 0.642396
-0.155585 0.642396
0.352394 0.642396
-0.240691 0.642396
-0.548316 0.642396
-0.136968 0.642396
0.473404 0.642396
0.184840 0.642396
-0.257092 0.642276
-0.094563 0.642276
0.150118 0.642276
0.167258 0.642276
0.423759 0.642276
-0.040189 0.642276
0.249113 0.642217
0.076241 0.642181
-0.202128 0.642037
0.278369 0.642037
-0.005319 0.642037
-0.330674 0.642037
0.539894 0.642037
-0.339539 0.642037
0.116135 0.642037
0.515071 0.642037
-0.185727 0.642037
-0.412234 0.642037
-0.394060 0.642037
-0.509752 0.642037
-0.121011 0.642037
0.318262 0.642037
0.312943 0.642037
0.445035 0.642037
-0.308215 0.641918
-0.252660 0.641918
0.336584 0.641798
0.226359 0.641798
0.200946 0.641798
-0.111111 0.641798
-0.344858 0.641679
-0.072252 0.641679
0.407949 0.641679
-0.441711 0.641679
0.186613 0.641679
0.479167 0.641679
0.476950 0.641679
-0.273345 0.641559
0.297577 0.641559
-0.418218 0.641499
0.259309 0.641440
-0.555851 0.641419
-0.088652 0.641320
0.132388 0.641320
-0.537677 0.641320
-0.359929 0.641320
-0.334220 0.641320
0.447695 0.641320
0.363475 0.641320
0.125000 0.641320
-0.097518 0.641320
0.211436 0.641320
-0.484043 0.641320
-0.398493 0.641320
-0.175532 0.641320
-0.216903 0.641320
-0.304965 0.641320
-0.126330 0.641320
-0.179521 0.641320
-0.200355 0.641320
-0.063534 0.641320
-0.123227 0.641320
-0.414894 0.641200
0.391844 0.641141
-0.174350 0.641081
-0.091903 0.641021
0.175975 0.640961
-0.058511 0.640961
0.065898 0.640961
0.107417 0.640842
-0.112293 0.640842
-0.302600 0.640842
-0.013593 0.640842
0.232270 0.640842
0.375443 0.640722
0.202866 0.640662
-0.100177 0.640603
0.257979 0.640603
-0.236702 0.640603
0.009752 0.640603
-0.065307 0.640603
-0.186613 0.640603
-0.169991 0.640603
-0.295213 0.640603
-0.166445 0.640603
0.054078 0.640603
0.012411 0.640603
-0.352837 0.640603
-0.445700 0.640603
0.162234 0.640603
0.325355 0.640603
-0.440086 0.640603
0.516401 0.640483
0.222665 0.640483
0.333555 0.640423
0.254876 0.640423
0.172281 0.640363
0.063239 0.640363
-0.043144 0.640363
-0.300236 0.640363
-0.348404 0.640244
-0.240248 0.640244
0.251773 0.640244
0.118351 0.640244
0.348848 0.640244
0.194444 0.640124
-0.098700 0.640124
-0.090426 0.640065
-0.125266 0.640029
-0.102837 0.639885
0.359929 0.639885
0.060284 0.639885
-0.212027 0.639885
0.184397 0.639885
0.099291 0.639885
-0.062057 0.639885
-0.210106 0.639885
-0.134752 0.639885
-0.343972 0.639885
-0.365248 0.639885
-0.087323 0.639885
-0.528369 0.639885
0.137855 0.639885
0.496454 0.639885
0.114805 0.639885
-0.381206 0.639885
0.412530 0.639885
-0.049645 0.639885
-0.113475 0.639885
0.544326 0.639885
-0.503546 0.639885
0.394504 0.639885
-0.004433 0.639885
-0.521277 0.639885
-0.218972 0.639885
0.047872 0.639885
-0.478723 0.639885
0.095745 0.639885
-0.315160 0.639885
0.102837 0.639885
-0.326241 0.639885
-0.235077 0.639766
-0.414450 0.639766
0.030733 0.639646
0.276005 0.639646
-0.434102 0.639646
0.382092 0.639646
0.236111 0.639646
0.076241 0.639598
-0.105496 0.639527
-0.257979 0.639527
-0.110816 0.639527
0.343528 0.639527
-0.285165 0.639527
0.204787 0.639527
-0.221631 0.639527
-0.101359 0.639407
0.128251 0.639407
-0.131028 0.639311
0.277778 0.639287
0.259752 0.639287
-0.081560 0.639168
-0.329787 0.639168
-0.063830 0.639168
-0.147606 0.639168
0.218972 0.639168
0.186170 0.639168
-0.265957 0.639168
-0.067376 0.639168
-0.145390 0.639168
0.134752 0.639168
-0.386525 0.639168
0.308954 0.639168
-0.204787 0.639168
-0.226507 0.639168
-0.253546 0.639168
0.144356 0.639048
0.224882 0.639048
0.027261 0.638989
0.246011 0.638989
-0.429965 0.638929
-0.233452 0.638929
-0.306147 0.638929
0.517730 0.638929
-0.096040 0.638869
0.286348 0.638809
-0.296543 0.638809
0.056294 0.638809
-0.375443 0.638809
0.324911 0.638809
-0.299054 0.638690
-0.089096 0.638630
-0.469858 0.638451
-0.046099 0.638451
0.239953 0.638451
-0.473404 0.638451
0.289007 0.638451
-0.466312 0.638451
0.265957 0.638451
-0.271572 0.638451
0.079787 0.638451
-0.269504 0.638451
0.047429 0.638451
0.062057 0.638451
-0.170213 0.638451
-0.166667 0.638451
0.177305 0.638451
-0.076241 0.638451
-0.216017 0.638451
0.409722 0.638451
-0.173759 0.638451
0.187943 0.638451
0.054078 0.638451
-0.085993 0.638451
0.489805 0.638451
-0.007092 0.638451
0.120567 0.638451
-0.209663 0.638451
-0.333333 0.638451
-0.273641 0.638451
0.163121 0.638451
0.399232 0.638391
0.389184 0.638271
0.358747 0.638211
-0.074911 0.638092
-0.281915 0.638092
0.318706 0.638092
-0.250000 0.638092
-0.301418 0.637972
-0.235520 0.637972
-0.279551 0.637972
0.551418 0.637905
-0.329787 0.637733
-0.389184 0.637733
0.541667 0.637733
0.531915 0.637733
0.179078 0.637733
0.211436 0.637733
-0.343528 0.637733
0.255319 0.637733
0.111407 0.637614
0.268085 0.637590
-0.210771 0.637554
0.252216 0.637554
0.208777 0.637554
-0.307920 0.637494
-0.024084 0.637494
0.039303 0.637494
0.147754 0.637494
0.097222 0.637494
0.340130 0.637494
0.355201 0.637494
-0.039450 0.637494
0.100768 0.637494
-0.416667 0.637494
-0.259752 0.637374
0.511082 0.637374
-0.414007 0.637374
0.374557 0.637374
0.058067 0.637374
-0.180851 0.637374
0.284574 0.637374
-0.176862 0.637374
-0.310431 0.637255
-0.461879 0.637255
-0.117021 0.637016
0.234043 0.637016
-0.354610 0.637016
0.248670 0.637016
-0.168440 0.637016
0.218085 0.637016
-0.375887 0.637016
-0.318262 0.637016
-0.297872 0.637016
-0.468972 0.637016
0.326241 0.637016
0.324468 0.637016
0.287234 0.637016
0.468972 0.637016
0.103723 0.637016
-0.139628 0.637016
0.480940 0.637016
0.328014 0.637016
-0.400709 0.637016
-0.242021 0.637016
0.441489 0.637016
0.013298 0.637016
0.157801 0.637016
-0.386525 0.637016
0.434840 0.637016
0.313830 0.637016
0.425089 0.636777
-0.263741 0.636657
0.391844 0.636657
-0.220745 0.636657
-0.054374 0.636538
0.357565 0.636538
-0.306442 0.636538
0.421986 0.636538
-0.022459 0.636538
0.130615 0.636538
0.029551 0.636538
-0.366135 0.636538
0.120567 0.636478
-0.544770 0.636298
0.164894 0.636298
-0.071809 0.636298
0.455674 0.636298
0.360816 0.636298
-0.006206 0.636298
0.258865 0.636298
0.019282 0.636119
-0.214761 0.636119
-0.457447 0.636059
0.281324 0.636059
-0.251773 0.635940
-0.065160 0.635940
0.237145 0.635940
0.093528 0.635940
-0.060727 0.635940
-0.267287 0.635940
-0.328901 0.635940
-0.340426 0.635940
0.026079 0.635880
0.512411 0.635820
-0.460993 0.635820
0.410904 0.635820
0.429300 0.635760
0.435949 0.635760
0.393174 0.635760
-0.026300 0.635701
-0.137411 0.635581
-0.526596 0.635581
-0.272163 0.635581
0.255762 0.635581
0.220301 0.635581
-0.394504 0.635581
-0.038121 0.635581
0.316489 0.635581
0.466312 0.635581
-0.274232 0.635581
-0.044770 0.635581
-0.067376 0.635581
0.043587 0.635581
0.265957 0.635581
-0.238918 0.635581
0.294326 0.635581
-0.333333 0.635581
-0.360372 0.635402
0.340573 0.635342
0.404108 0.635342
-0.429078 0.635342
0.034870 0.635342
0.186170 0.635222
-0.269060 0.635222
0.110816 0.635222
-0.034131 0.635222
0.290337 0.635222
-0.102394 0.635222
-0.079344 0.635222
0.273700 0.635198
-0.364805 0.635103
0.098700 0.635103
-0.416223 0.635103
0.175827 0.635103
0.556738 0.634952
-0.107270 0.634864
-0.283688 0.634864
-0.198582 0.634864
0.217199 0.634864
0.252660 0.634864
-0.324911 0.634864
0.240248 0.634864
-0.248227 0.634864
0.342642 0.634864
-0.304669 0.634864
0.325355 0.634864
-0.408245 0.634864
-0.100916 0.634744
-0.281324 0.634744
0.268085 0.634720
-0.421321 0.634684
0.414894 0.634625
0.101655 0.634625
0.007979 0.634625
-0.125414 0.634529
0.350177 0.634505
0.441046 0.634505
-0.222074 0.634505
0.227394 0.634505
0.120567 0.634505
0.296986 0.634505
-0.098257 0.634385
-0.310875 0.634385
0.278073 0.634385
-0.089982 0.634326
0.242908 0.634326
0.319149 0.634146
0.060284 0.634146
-0.550089 0.634146
0.323582 0.634146
0.517730 0.634146
0.407358 0.634146
0.471631 0.634146
-0.008865 0.634146
-0.392730 0.634146
-0.240248 0.634146
-0.370567 0.634146
0.073582 0.634146
0.166667 0.634146
0.428191 0.634146
-0.039450 0.634146
-0.511525 0.634146
0.124557 0.633967
-0.216090 0.633967
-0.234338 0.633907
-0.297281 0.633907
-0.316046 0.633788
0.259309 0.633788
-0.181294 0.633788
-0.253546 0.633788
-0.161348 0.633788
-0.313387 0.633788
0.344858 0.633788
0.235816 0.633788
0.288564 0.633788
0.292996 0.633788
-0.368794 0.633668
-0.460106 0.633668
0.401300 0.633668
0.095006 0.633549
-0.337914 0.633549
0.128546 0.633429
0.543440 0.633429
0.009456 0.633429
0.014628 0.633429
-0.172429 0.633429
0.190160 0.633429
-0.502660 0.633429
0.153369 0.633429
0.352837 0.633429
-0.382092 0.633429
0.168440 0.633429
0.512411 0.633429
-0.015071 0.633429
-0.077128 0.633429
-0.078753 0.633309
-0.080378 0.633190
-0.024527 0.633190
0.214539 0.633190
-0.299645 0.633190
-0.335697 0.633190
-0.557624 0.633169
0.056294 0.633070
0.535461 0.633070
-0.236407 0.632951
0.411348 0.632951
-0.302600 0.632951
0.429300 0.632891
0.216755 0.632831
-0.281472 0.632712
-0.142287 0.632712
-0.312057 0.632712
0.143617 0.632712
-0.071809 0.632712
-0.314716 0.632712
-0.250000 0.632712
-0.043440 0.632712
-0.274823 0.632712
-0.169326 0.632712
0.468972 0.632712
-0.069149 0.632712
0.527482 0.632712
-0.151596 0.632712
0.231383 0.632712
-0.397163 0.632712
0.285461 0.632712
-0.109929 0.632712
-0.017730 0.632712
-0.347518 0.632712
-0.515957 0.632712
-0.074468 0.632712
0.310284 0.632712
-0.279108 0.632592
-0.060136 0.632592
0.017952 0.632532
-0.020981 0.632473
0.359634 0.632473
0.175827 0.632473
0.133865 0.632473
-0.204787 0.632353
-0.287677 0.632353
-0.031915 0.632353
-0.155142 0.632353
0.131649 0.632353
0.201684 0.632353
0.208777 0.632353
-0.271720 0.632353
0.334737 0.632293
-0.304669 0.632233
0.356974 0.632233
0.420804 0.632233
0.414894 0.632233
0.362884 0.632233
0.172281 0.632233
-0.374113 0.631994
-0.112589 0.631994
0.184397 0.631994
0.146720 0.631994
0.291667 0.631994
0.328901 0.631994
0.053635 0.631994
0.519504 0.631994
0.440603 0.631994
-0.004433 0.631994
-0.268617 0.631994
-0.001773 0.631994
-0.529255 0.631994
-0.430851 0.631994
0.392287 0.631815
-0.055556 0.631755
0.174350 0.631755
-0.160904 0.631636
0.534574 0.631636
-0.063387 0.631636
0.345301 0.631636
0.241578 0.631636
0.312943 0.631636
0.367465 0.631636
-0.084072 0.631516
-0.205895 0.631456
0.106383 0.631277
0.227394 0.631277
-0.316933 0.631277
0.428191 0.631277
0.149823 0.631277
-0.395390 0.631277
0.167996 0.631277
0.099291 0.631277
-0.037234 0.631277
0.070922 0.631277
-0.314273 0.631277
-0.462766 0.631277
-0.163121 0.631277
0.259752 0.631277
0.054965 0.631277
0.540780 0.631277
-0.419326 0.631277
-0.443041 0.631277
0.263741 0.631277
0.417258 0.631277
-0.560284 0.631220
0.552305 0.631193
-0.080969 0.631157
0.244238 0.631098
0.282210 0.631038
0.030733 0.631038
0.147606 0.630918
0.441933 0.630918
0.288564 0.630918
-0.058806 0.630799
-0.364362 0.630799
-0.227985 0.630799
-0.119385 0.630799
-0.429078 0.630799
-0.296690 0.630799
0.216312 0.630799
0.123227 0.630739
-0.341460 0.630679
-0.265219 0.630679
0.354610 0.630679
-0.101950 0.630560
0.072695 0.630560
0.101950 0.630560
-0.165780 0.630560
0.436170 0.630560
-0.106383 0.630560
0.169770 0.630560
0.513298 0.630560
-0.015957 0.630560
0.064716 0.630560
-0.073582 0.630560
-0.104167 0.630560
-0.370124 0.630560
-0.076684 0.630560
-0.344858 0.630560
0.021941 0.630380
-0.251182 0.630320
0.219858 0.630320
0.334515 0.630320
0.142730 0.630201
-0.099291 0.630201
-0.285461 0.630201
0.315603 0.630201
-0.450355 0.630081
-0.266992 0.629962
0.507979 0.629842
0.013298 0.629842
-0.109929 0.629842
-0.026596 0.629842
-0.030142 0.629842
-0.320035 0.629842
-0.168440 0.629842
0.104610 0.629842
0.502660 0.629842
0.175236 0.629842
0.223404 0.629842
-0.421543 0.629842
0.036052 0.629842
-0.042553 0.629842
-0.377660 0.629842
0.462766 0.629842
0.381206 0.629842
-0.003546 0.629842
0.539894 0.629842
-0.033688 0.629842
-0.393617 0.629842
0.140071 0.629842
0.414894 0.629842
0.556738 0.629675
-0.257757 0.629663
-0.336584 0.629603
-0.298168 0.629603
0.298759 0.629484
0.231235 0.629364
0.337470 0.629364
-0.215204 0.629304
0.130319 0.629125
-0.484929 0.629125
-0.023050 0.629125
-0.007092 0.629125
-0.171099 0.629125
0.342642 0.629125
0.473404 0.629125
0.325355 0.629125
-0.469858 0.629125
-0.351950 0.629125
-0.112589 0.629125
-0.269060 0.628945
-0.348183 0.628945
0.417258 0.628886
0.281619 0.628886
0.212766 0.628886
-0.235225 0.628886
-0.340130 0.628886
0.294770 0.628766
0.252394 0.628766
0.183511 0.628766
-0.108156 0.628766
0.166667 0.628766
0.006353 0.628766
-0.312057 0.628766
0.112145 0.628766
0.378546 0.628647
0.010786 0.628587
0.169326 0.628407
-0.361702 0.628407
-0.414007 0.628407
0.106826 0.628407
0.515071 0.628407
-0.115691 0.628407
-0.373670 0.628407
-0.478723 0.628407
-0.423759 0.628407
-0.173759 0.628407
-0.084663 0.628407
-0.489362 0.628407
0.460106 0.628407
-0.299645 0.628407
-0.012411 0.628407
-0.072695 0.628407
0.160904 0.628288
-0.122045 0.628288
0.248848 0.628228
-0.396277 0.628121
0.344858 0.628049
-0.198582 0.628049
-0.145833 0.628049
-0.074468 0.628049
-0.315160 0.628049
-0.103280 0.628049
-0.105496 0.628049
0.348404 0.628049
0.227246 0.627929
-0.252364 0.627929
-0.451832 0.627929
0.368277 0.627750
-0.176418 0.627690
0.204344 0.627690
-0.029255 0.627690
-0.495567 0.627690
-0.200355 0.627690
-0.483156 0.627690
-0.378546 0.627690
-0.222961 0.627690
-0.100621 0.627690
-0.303073 0.627642
-0.307329 0.627571
-0.172577 0.627451
0.214982 0.627451
0.339835 0.627451
-0.430851 0.627451
0.401891 0.627451
0.375887 0.627451
0.319740 0.627451
-0.059988 0.627451
0.171247 0.627451
-0.296395 0.627451
0.292553 0.627331
-0.316711 0.627331
0.439716 0.627331
-0.078901 0.627331
-0.239066 0.627212
0.378546 0.627212
-0.152039 0.626973
-0.387234 0.626973
0.147163 0.626973
-0.002660 0.626973
-0.273050 0.626973
-0.182624 0.626973
0.000000 0.626973
0.381206 0.626973
0.261525 0.626973
-0.109929 0.626973
0.392730 0.626973
0.187500 0.626973
-0.081560 0.626973
-0.369681 0.626973
-0.137411 0.626973
0.359043 0.626973
0.498227 0.626973
0.125887 0.626973
-0.012411 0.626973
0.167996 0.626973
0.132092 0.626973
0.386968 0.626973
0.136082 0.626973
-0.267435 0.626913
0.276448 0.626734
-0.301596 0.626686
-0.394504 0.626686
0.429743 0.626614
0.133865 0.626614
0.144947 0.626614
0.042849 0.626495
-0.292110 0.626495
-0.129137 0.626495
-0.282063 0.626375
-0.374557 0.626255
0.312057 0.626255
-0.163342 0.626255
-0.366135 0.626255
0.007240 0.626255
-0.095301 0.626255
-0.313830 0.626255
-0.433511 0.626255
-0.297872 0.626255
0.522163 0.626255
-0.006206 0.626255
-0.021277 0.626255
-0.107270 0.626255
0.138741 0.626255
-0.113032 0.626255
0.405142 0.626255
0.441489 0.626255
-0.245567 0.626255
-0.417996 0.626255
0.375000 0.626136
0.177896 0.626016
-0.253398 0.626016
0.170065 0.626016
0.231087 0.626016
0.334072 0.626016
0.552305 0.625917
0.105496 0.625897
-0.269504 0.625897
-0.328014 0.625897
-0.277926 0.625897
-0.038121 0.625897
0.112589 0.625897
-0.230201 0.625777
0.048907 0.625777
-0.198759 0.625681
-0.454492 0.625538
-0.379433 0.625538
0.471631 0.625538
0.026596 0.625538
0.345745 0.625538
-0.312943 0.625538
0.352837 0.625538
-0.014184 0.625538
-0.067376 0.625538
-0.123227 0.625538
0.120567 0.625538
0.467199 0.625538
-0.116135 0.625538
0.342199 0.625538
0.356383 0.625538
-0.097961 0.625538
0.021277 0.625538
0.297872 0.625538
-0.356383 0.625538
-0.251330 0.625538
0.233452 0.625418
-0.352615 0.625359
-0.062648 0.625299
-0.391312 0.625251
-0.203014 0.625179
0.005319 0.625179
-0.318927 0.625179
-0.057920 0.625060
0.164007 0.625060
0.196217 0.625060
-0.436170 0.625060
-0.233747 0.625060
-0.303546 0.624964
-0.307801 0.624892
-0.554965 0.624821
0.069149 0.624821
-0.528369 0.624821
-0.316933 0.624821
-0.174645 0.624821
-0.027482 0.624821
0.473404 0.624821
-0.430260 0.624821
0.359043 0.624821
-0.018617 0.624821
0.339982 0.624821
0.127660 0.624821
0.479610 0.624821
0.379433 0.624821
-0.312057 0.624821
-0.358452 0.624701
0.312352 0.624701
0.300532 0.624641
-0.439716 0.624582
-0.405290 0.624582
0.161348 0.624582
-0.299823 0.624534
0.456560 0.624462
0.556738 0.624398
0.371602 0.624342
0.477837 0.624103
-0.332447 0.624103
0.519504 0.624103
-0.466312 0.624103
0.244681 0.624103
0.220745 0.624103
0.056738 0.624103
0.384752 0.624103
-0.368351 0.624103
-0.001773 0.624103
-0.507092 0.624103
0.343085 0.624103
-0.412234 0.624103
-0.023050 0.624103
0.436392 0.624103
-0.177305 0.624103
0.327571 0.624103
-0.498227 0.624103
0.295656 0.624103
0.397606 0.624103
0.337766 0.624103
-0.360520 0.623864
0.369090 0.623864
-0.167479 0.623864
-0.173463 0.623864
0.547872 0.623764
-0.032801 0.623745
0.410904 0.623745
0.303191 0.623745
0.207447 0.623745
0.451241 0.623745
0.375887 0.623745
-0.193706 0.623745
0.325355 0.623745
-0.401891 0.623625
-0.294326 0.623625
0.170804 0.623625
-0.395390 0.623529
-0.051566 0.623505
-0.218972 0.623386
-0.179521 0.623386
-0.183067 0.623386
-0.089539 0.623386
-0.552305 0.623386
0.017139 0.623386
0.021277 0.623386
-0.364805 0.623386
0.334220 0.623386
0.356383 0.623386
-0.292553 0.623147
-0.376182 0.623147
0.312648 0.623147
0.090869 0.623027
0.127660 0.623027
0.442376 0.623027
-0.200709 0.622956
-0.421099 0.622908
-0.014480 0.622908
-0.008422 0.622848
-0.203191 0.622812
0.202423 0.622788
-0.093972 0.622669
0.445035 0.622669
-0.271277 0.622669
0.003546 0.622669
0.293440 0.622669
-0.205674 0.622669
0.137411 0.622669
0.140957 0.622669
-0.134752 0.622669
0.343972 0.622669
0.144504 0.622669
0.000887 0.622669
-0.382979 0.622669
-0.385343 0.622669
0.530585 0.622669
0.330674 0.622669
-0.085106 0.622669
-0.288712 0.622669
0.362736 0.622549
-0.214729 0.622515
-0.350399 0.622489
-0.412323 0.622382
-0.140957 0.622310
0.131206 0.622310
-0.076537 0.622310
0.374113 0.622310
0.112145 0.622310
0.209663 0.622310
0.298759 0.622310
0.019208 0.622190
-0.240544 0.622190
-0.291667 0.622190
-0.439125 0.622190
-0.429669 0.622190
-0.284870 0.622190
-0.433067 0.622071
0.195331 0.621951
0.260195 0.621951
-0.039450 0.621951
0.353280 0.621951
0.431294 0.621951
-0.033688 0.621951
0.196809 0.621951
-0.508865 0.621951
0.455674 0.621951
0.009604 0.621951
0.035904 0.621951
-0.318041 0.621951
-0.246454 0.621951
0.535904 0.621951
0.381206 0.621951
0.183511 0.621951
-0.096631 0.621951
-0.473404 0.621951
0.460550 0.621951
0.493794 0.621951
0.192967 0.621712
-0.442671 0.621712
-0.287825 0.621712
-0.280733 0.621712
-0.307358 0.621664
0.120124 0.621593
-0.328014 0.621593
-0.314051 0.621593
0.318558 0.621473
-0.010195 0.621413
-0.203191 0.621377
-0.218824 0.621353
-0.205674 0.621234
0.249291 0.621234
-0.322695 0.621234
0.375887 0.621234
0.330230 0.621234
0.215869 0.621234
0.306738 0.621234
-0.152482 0.621234
0.402482 0.621234
0.388298 0.621234
0.484043 0.621234
-0.163564 0.621234
-0.342199 0.621234
-0.520390 0.621234
-0.072104 0.621234
0.013002 0.621234
-0.099291 0.621234
0.021277 0.621234
-0.367021 0.621234
-0.515957 0.621234
-0.297651 0.621234
-0.290780 0.621234
0.395390 0.621234
-0.406472 0.621234
0.356383 0.621234
0.273936 0.621234
0.060284 0.621234
0.302748 0.621055
-0.295434 0.621055
-0.054669 0.620995
0.197991 0.620995
0.139628 0.620995
0.143174 0.620995
-0.221927 0.620995
0.004580 0.620995
-0.433954 0.620995
0.007240 0.620995
0.325355 0.620875
-0.148050 0.620875
0.262855 0.620875
0.296543 0.620875
-0.415337 0.620756
0.241135 0.620756
-0.372931 0.620756
-0.003989 0.620696
-0.412411 0.620660
-0.429817 0.620636
-0.056442 0.620636
-0.293661 0.620576
0.482270 0.620516
0.333777 0.620516
-0.091312 0.620516
0.520390 0.620516
-0.344858 0.620516
-0.513298 0.620516
0.378546 0.620516
-0.177748 0.620516
0.350621 0.620516
0.447695 0.620516
-0.534574 0.620516
0.166667 0.620516
0.539007 0.620516
-0.113032 0.620516
0.422577 0.620277
0.010638 0.620277
-0.267139 0.620277
-0.286052 0.620277
0.154255 0.620158
0.252394 0.620158
0.019208 0.620038
-0.198316 0.619943
0.144504 0.619919
-0.179965 0.619799
-0.363475 0.619799
-0.205674 0.619799
0.443262 0.619799
-0.229610 0.619799
0.063830 0.619799
0.012707 0.619799
-0.402482 0.619799
-0.446217 0.619799
-0.349734 0.619799
0.304521 0.619799
0.031028 0.619799
-0.001773 0.619799
0.369829 0.619680
0.296188 0.619656
-0.292775 0.619620
-0.444149 0.619560
0.168735 0.619560
-0.395833 0.619440
-0.427748 0.619440
-0.324468 0.619440
-0.023050 0.619440
-0.048316 0.619440
0.212766 0.619440
0.509309 0.619440
-0.115248 0.619440
0.459663 0.619440
-0.120567 0.619440
0.398493 0.619440
-0.167479 0.619321
0.008274 0.619321
-0.442080 0.619321
-0.070700 0.619261
0.294985 0.619143
0.390957 0.619082
-0.355940 0.619082
0.034279 0.619082
0.387411 0.619082
-0.138741 0.619082
0.021868 0.619082
0.059840 0.619082
-0.000443 0.619082
0.486702 0.619082
0.527926 0.619082
0.467642 0.619082
-0.368262 0.619082
-0.242908 0.619082
0.299645 0.619082
0.333333 0.619082
0.385638 0.619082
-0.160683 0.619082
-0.252216 0.619082
-0.240544 0.618962
-0.014037 0.618962
0.045508 0.618843
-0.238180 0.618843
-0.260934 0.618843
-0.375296 0.618843
0.201241 0.618723
0.249557 0.618723
-0.399823 0.618723
0.458333 0.618723
0.452128 0.618723
-0.221188 0.618723
0.047577 0.618604
0.014775 0.618604
-0.257388 0.618604
0.192080 0.618604
0.042701 0.618604
-0.215721 0.618484
-0.311170 0.618364
-0.088652 0.618364
-0.153369 0.618364
0.039894 0.618364
-0.552305 0.618364
-0.337766 0.618364
-0.403369 0.618364
0.379433 0.618364
0.184397 0.618364
0.302305 0.618364
0.280437 0.618364
-0.178191 0.618364
0.067376 0.618364
-0.083333 0.618364
0.052305 0.618364
0.049645 0.618364
0.336879 0.618364
0.187057 0.618364
-0.287234 0.618364
-0.200798 0.618364
-0.393617 0.618364
0.110372 0.618364
-0.299202 0.618364
0.104610 0.618364
-0.296986 0.618185
0.242908 0.618125
-0.395390 0.618006
-0.243794 0.618006
0.327571 0.618006
-0.181294 0.618006
0.299291 0.617862
0.234486 0.617767
-0.206265 0.617647
-0.258865 0.617647
0.031619 0.617647
0.119681 0.617647
0.037382 0.617647
0.272606 0.617647
0.401596 0.617647
-0.331560 0.617647
-0.145833 0.617647
0.406915 0.617647
-0.289007 0.617647
0.208777 0.617647
0.445922 0.617647
-0.557624 0.617594
0.311022 0.617527
-0.292775 0.617468
0.003251 0.617408
-0.418440 0.617408
0.255762 0.617288
-0.006206 0.617288
-0.400709 0.617288
-0.503989 0.617288
0.116135 0.617288
-0.136082 0.617288
0.125222 0.617288
-0.173907 0.617169
-0.302083 0.617169
-0.148050 0.617169
0.017435 0.617169
-0.445331 0.617049
-0.408777 0.617001
0.489362 0.616930
-0.157801 0.616930
0.430851 0.616930
0.112589 0.616930
-0.373582 0.616930
-0.404255 0.616930
0.196809 0.616930
-0.469858 0.616930
-0.531028 0.616930
0.025709 0.616930
-0.176418 0.616930
0.059397 0.616930
0.463652 0.616930
0.015071 0.616930
0.101064 0.616930
0.390071 0.616930
-0.377660 0.616930
0.022459 0.616930
-0.314716 0.616930
0.188534 0.616691
-0.260934 0.616691
-0.091017 0.616691
0.298936 0.616643
0.355496 0.616571
-0.033688 0.616571
0.304078 0.616571
0.308067 0.616571
-0.190603 0.616571
0.217642 0.616571
0.253989 0.616571
0.242465 0.616511
-0.257388 0.616451
-0.269504 0.616451
0.046690 0.616451
-0.003989 0.616392
0.549645 0.616232
0.477837 0.616212
0.194149 0.616212
-0.048094 0.616212
-0.462766 0.616212
0.375887 0.616212
0.275266 0.616212
0.433954 0.616212
-0.182624 0.616212
-0.131649 0.616212
-0.079196 0.616212
0.010638 0.616212
-0.484929 0.616212
0.395390 0.616212
0.527039 0.616212
-0.159796 0.616033
-0.304965 0.615973
0.349291 0.615973
0.006797 0.615973
-0.030142 0.615854
0.012855 0.615854
-0.189716 0.615854
0.038121 0.615854
0.044474 0.615734
-0.152482 0.615734
0.390662 0.615734
-0.252955 0.615734
0.437057 0.615495
-0.175089 0.615495
0.162234 0.615495
0.260195 0.615495
0.095745 0.615495
-0.081560 0.615495
0.448582 0.615495
-0.087766 0.615495
-0.109929 0.615495
0.221631 0.615495
0.171986 0.615495
0.107270 0.615495
0.062943 0.615495
0.051418 0.615495
-0.394504 0.615495
0.191489 0.615495
-0.206856 0.615495
0.130098 0.615495
0.442819 0.615495
-0.258865 0.615495
0.177305 0.615495
0.054078 0.615495
-0.085106 0.615495
-0.560284 0.615390
-0.331560 0.615256
0.365839 0.615256
-0.239436 0.615196
0.513741 0.615136
-0.024823 0.615136
-0.320035 0.615136
0.022311 0.615136
0.035609 0.615136
-0.396277 0.615136
-0.404699 0.615136
-0.144947 0.615017
-0.168144 0.615017
-0.276005 0.615017
0.187352 0.615017
-0.075428 0.614957
-0.438682 0.614897
0.217199 0.614778
0.085993 0.614778
-0.182624 0.614778
0.469415 0.614778
-0.306738 0.614778
0.195035 0.614778
0.211879 0.614778
0.305851 0.614778
0.214539 0.614778
-0.217199 0.614778
-0.064495 0.614598
0.387707 0.614538
0.237589 0.614538
0.122119 0.614419
0.079344 0.614419
0.267730 0.614419
0.015514 0.614419
0.329344 0.614419
-0.112145 0.614419
-0.170804 0.614299
-0.017952 0.614240
-0.237367 0.614240
-0.077793 0.614240
0.343085 0.614180
-0.281915 0.614060
0.060727 0.614060
0.394504 0.614060
-0.494681 0.614060
0.271277 0.614060
-0.472518 0.614060
-0.190603 0.614060
-0.287234 0.614060
-0.173759 0.614060
0.026596 0.614060
0.069149 0.614060
-0.250000 0.614060
0.008865 0.614060
0.414894 0.614060
-0.197252 0.614060
0.047872 0.614060
-0.360816 0.614060
-0.008422 0.613881
0.244238 0.613881
0.146277 0.613702
0.034279 0.613702
0.371897 0.613702
-0.367376 0.613702
-0.140071 0.613702
0.168661 0.613702
0.402039 0.613702
-0.433511 0.613702
0.226507 0.613702
0.024379 0.613702
0.221188 0.613702
0.011082 0.613702
0.347518 0.613582
-0.263002 0.613582
0.205969 0.613582
0.454048 0.613582
-0.155733 0.613582
0.033392 0.613582
0.357861 0.613462
-0.350621 0.613343
-0.348404 0.613343
0.045656 0.613343
-0.189716 0.613343
-0.116135 0.613343
-0.114362 0.613343
-0.117908 0.613343
0.055851 0.613343
0.084811 0.613343
-0.042775 0.613343
0.007092 0.613343
0.098109 0.613343
0.502660 0.613343
0.450798 0.613343
-0.405142 0.613343
-0.373522 0.613343
0.013298 0.613343
-0.098227 0.613199
0.100399 0.613164
0.360520 0.613104
0.482861 0.613104
-0.216755 0.612984
-0.312057 0.612984
0.412234 0.612984
-0.232713 0.612984
0.057624 0.612984
-0.177305 0.612984
0.039894 0.612984
-0.559840 0.612931
-0.246454 0.612865
-0.146277 0.612865
0.297074 0.612841
0.515071 0.612626
0.523936 0.612626
0.195922 0.612626
0.475177 0.612626
0.247340 0.612626
-0.171986 0.612626
-0.537234 0.612626
0.201241 0.612626
0.053191 0.612626
0.399823 0.612626
0.198582 0.612626
0.225177 0.612626
0.268617 0.612626
-0.150414 0.612386
0.243794 0.612267
-0.292553 0.612267
-0.094326 0.612195
0.430556 0.612147
0.346336 0.612147
-0.269504 0.612147
0.029255 0.612147
0.289450 0.612028
0.349291 0.612028
0.509752 0.611908
0.516844 0.611908
-0.377660 0.611908
0.373227 0.611908
-0.424645 0.611908
0.170656 0.611908
0.177305 0.611908
-0.256206 0.611908
0.354610 0.611908
-0.001773 0.611908
0.227837 0.611908
0.035018 0.611908
-0.167553 0.611908
-0.539007 0.611908
-0.284574 0.611908
-0.192376 0.611908
0.092790 0.611908
0.333777 0.611908
-0.471631 0.611908
-0.088652 0.611908
0.068706 0.611908
0.324911 0.611908
0.209072 0.611789
0.187204 0.611669
0.380762 0.611549
0.230940 0.611549
0.282358 0.611549
-0.497784 0.611549
-0.454787 0.611549
0.357270 0.611549
0.074025 0.611549
0.424202 0.611549
0.339096 0.611549
0.080230 0.611549
-0.418440 0.611430
-0.249113 0.611430
-0.414894 0.611370
0.272163 0.611191
-0.173316 0.611191
-0.317376 0.611191
-0.104610 0.611191
-0.040780 0.611191
-0.540780 0.611191
0.321809 0.611191
-0.216312 0.611191
0.088061 0.611191
0.312943 0.611191
0.151596 0.611191
-0.319149 0.611191
-0.033688 0.611191
0.265957 0.611191
0.083038 0.611191
0.062057 0.611191
-0.078457 0.611191
-0.198582 0.611191
-0.320922 0.611191
0.487589 0.611191
-0.400266 0.611191
0.196809 0.611191
0.016401 0.611011
-0.270095 0.610952
0.475768 0.610952
-0.323138 0.610832
-0.218233 0.610832
0.406028 0.610832
0.506649 0.610832
-0.060284 0.610832
0.300089 0.610832
0.328457 0.610832
-0.030437 0.610713
0.345154 0.610713
0.201241 0.610473
-0.435284 0.610473
-0.010638 0.610473
0.383865 0.610473
-0.303635 0.610473
-0.196365 0.610473
0.120789 0.610473
0.033688 0.610473
-0.386525 0.610473
-0.466755 0.610473
0.492908 0.610473
0.422872 0.610473
0.203901 0.610473
-0.340426 0.610473
0.032801 0.610354
0.103059 0.610294
-0.013520 0.610294
-0.409574 0.610294
-0.027187 0.610234
0.031915 0.610234
-0.153664 0.610234
0.325355 0.610115
-0.363475 0.610115
-0.116135 0.610115
0.125887 0.610115
-0.307624 0.610115
0.283245 0.610115
-0.117908 0.610115
0.131871 0.610115
-0.220745 0.610115
0.547872 0.610115
0.007979 0.609995
-0.050532 0.609995
-0.025118 0.609995
0.427896 0.609995
-0.074690 0.609935
-0.019725 0.609935
0.018617 0.609935
-0.120420 0.609876
0.277482 0.609756
-0.144504 0.609756
-0.470301 0.609756
0.315603 0.609756
-0.482270 0.609756
-0.512411 0.609756
0.269504 0.609756
0.402482 0.609756
0.070922 0.609756
0.156324 0.609756
0.544770 0.609756
-0.281915 0.609756
-0.361702 0.609756
-0.164007 0.609756
0.218972 0.609756
-0.284574 0.609756
-0.549645 0.609756
-0.287234 0.609756
-0.331560 0.609756
0.503546 0.609756
0.195035 0.609756
0.141844 0.609756
0.027482 0.609756
0.010195 0.609637
0.241578 0.609577
0.342346 0.609517
0.511082 0.609397
-0.532801 0.609397
0.542996 0.609397
0.223404 0.609397
0.033688 0.609278
0.163416 0.609278
-0.205969 0.609278
0.006206 0.609278
0.476359 0.609278
-0.263002 0.609278
0.358156 0.609039
-0.353723 0.609039
-0.132240 0.609039
-0.381206 0.609039
-0.094858 0.609039
0.134752 0.609039
-0.196809 0.609039
-0.166667 0.609039
-0.231383 0.609039
0.392199 0.609039
0.417553 0.609039
-0.398936 0.609039
-0.333333 0.609039
0.289229 0.608979
0.383422 0.608919
0.287899 0.608859
-0.018395 0.608859
-0.248227 0.608800
0.323582 0.608680
-0.183511 0.608680
-0.021720 0.608680
-0.270833 0.608680
0.207004 0.608680
0.556738 0.608568
-0.150591 0.608560
-0.237367 0.608501
-0.409574 0.608501
-0.110816 0.608501
0.020833 0.608441
0.275709 0.608321
0.318262 0.608321
0.143617 0.608321
0.035461 0.608321
0.119681 0.608321
-0.373522 0.608321
0.273050 0.608321
-0.253546 0.608321
-0.194592 0.608321
0.069149 0.608321
0.307624 0.608321
0.250887 0.608321
-0.384752 0.608321
0.234043 0.608321
0.053191 0.608321
-0.542553 0.608321
0.038121 0.608321
-0.160461 0.608321
-0.001773 0.608321
0.244681 0.608321
0.187057 0.608321
0.369681 0.608321
-0.143617 0.608321
-0.172872 0.608321
0.003546 0.608321
-0.393617 0.608321
0.420213 0.608321
0.096410 0.608142
0.505024 0.608082
0.130098 0.607963
0.538564 0.607963
-0.278369 0.607963
0.309397 0.607963
-0.355053 0.607963
0.030142 0.607843
0.261303 0.607783
-0.016179 0.607783
-0.559840 0.607655
0.400709 0.607604
-0.145567 0.607604
-0.371749 0.607604
-0.492021 0.607604
0.519504 0.607604
-0.131649 0.607604
-0.294326 0.607604
0.194149 0.607604
0.236702 0.607604
-0.126773 0.607604
-0.259456 0.607604
0.414894 0.607604
0.372488 0.607484
-0.169770 0.607425
0.430260 0.607365
-0.214539 0.607365
-0.262264 0.607365
-0.414007 0.607245
-0.327571 0.607245
0.423316 0.607245
-0.429521 0.607245
0.107801 0.607174
-0.254728 0.607126
0.434102 0.607126
-0.045213 0.607126
-0.195035 0.606887
-0.219267 0.606887
-0.151596 0.606887
0.044326 0.606887
0.356383 0.606887
0.190160 0.606887
0.122340 0.606887
-0.297429 0.606887
-0.137116 0.606887
0.553191 0.606887
0.050532 0.606887
-0.135343 0.606887
-0.270390 0.606887
0.138298 0.606887
0.145390 0.606887
-0.276596 0.606887
-0.346631 0.606887
0.512411 0.606887
0.300532 0.606887
0.403369 0.606887
-0.147518 0.606887
-0.032801 0.606887
0.251773 0.606887
0.361702 0.606887
-0.129285 0.606887
-0.189273 0.606887
-0.366874 0.606887
-0.009752 0.606887
-0.343972 0.606887
-0.390071 0.606887
0.437943 0.606887
-0.117908 0.606887
-0.027069 0.606695
-0.120420 0.606648
-0.094858 0.606648
0.348109 0.606648
0.312057 0.606528
0.187943 0.606528
-0.018174 0.606528
0.015071 0.606528
0.294770 0.606528
0.351064 0.606528
-0.158245 0.606528
0.171321 0.606528
-0.029551 0.606408
-0.155733 0.606408
0.468972 0.606408
0.506501 0.606408
-0.090426 0.606408
-0.359707 0.606349
-0.414746 0.606349
-0.416223 0.606349
-0.492908 0.606169
-0.381206 0.606169
-0.300532 0.606169
-0.012855 0.606169
0.058954 0.606169
-0.375887 0.606169
-0.539894 0.606169
0.131206 0.606169
-0.277926 0.606169
-0.497340 0.606169
0.040485 0.606169
-0.072252 0.606169
-0.171099 0.605990
0.007092 0.605930
0.345449 0.605930
-0.304521 0.605811
0.287677 0.605811
0.487589 0.605811
-0.350621 0.605811
-0.289007 0.605811
-0.248227 0.605691
-0.258717 0.605691
0.072400 0.605691
-0.441933 0.605571
0.500887 0.605452
-0.416962 0.605452
-0.544326 0.605452
-0.250887 0.605452
-0.067376 0.605452
-0.065603 0.605452
0.120567 0.605452
-0.402482 0.605452
0.398936 0.605452
0.047872 0.605452
-0.069149 0.605452
0.392553 0.605452
0.529255 0.605452
0.338209 0.605452
-0.015957 0.605452
0.137411 0.605452
-0.234043 0.605452
-0.374113 0.605452
-0.491135 0.605452
-0.415485 0.605452
-0.418440 0.605452
-0.321809 0.605452
-0.384752 0.605452
-0.136525 0.605452
-0.218676 0.605452
0.485816 0.605452
0.090869 0.605452
-0.308511 0.605452
0.150118 0.605452
0.028369 0.605452
0.235816 0.605452
0.109309 0.605237
-0.209811 0.605213
-0.115396 0.605213
-0.286939 0.605213
-0.284279 0.605213
0.145981 0.605213
0.142435 0.605213
0.492908 0.605093
0.185284 0.605093
-0.324025 0.605093
0.191046 0.605093
0.180408 0.605093
-0.437500 0.605093
0.233156 0.605093
-0.179521 0.605093
0.004433 0.604974
-0.244681 0.604974
-0.200059 0.604974
-0.152630 0.604974
0.015071 0.604914
-0.560284 0.604836
-0.132388 0.604735
0.517730 0.604735
-0.421099 0.604735
0.132979 0.604735
0.542553 0.604735
0.199468 0.604735
-0.388298 0.604735
-0.306738 0.604735
0.054521 0.604735
0.548759 0.604735
0.359929 0.604735
0.174645 0.604735
-0.175089 0.604735
-0.496897 0.604735
0.044031 0.604735
-0.292553 0.604735
-0.488475 0.604735
0.008865 0.604615
0.096853 0.604555
0.218233 0.604495
-0.454787 0.604495
0.216017 0.604495
0.068558 0.604495
-0.214243 0.604495
0.204787 0.604448
0.270833 0.604376
0.078753 0.604376
-0.294326 0.604376
-0.252069 0.604256
0.431442 0.604256
-0.053635 0.604256
0.288342 0.604197
-0.413564 0.604197
-0.073582 0.604017
0.027482 0.604017
0.001773 0.604017
-0.479610 0.604017
0.451684 0.604017
0.421986 0.604017
0.118794 0.604017
0.496454 0.604017
-0.372340 0.604017
-0.499557 0.604017
0.420213 0.604017
-0.078014 0.604017
-0.226507 0.604017
0.404255 0.604017
-0.495124 0.604017
-0.005319 0.604017
0.435284 0.604017
0.040189 0.604017
0.312500 0.604017
0.423759 0.604017
-0.546986 0.604017
0.122340 0.604017
-0.354832 0.603838
0.286126 0.603838
0.477541 0.603778
0.141548 0.603778
0.002955 0.603778
-0.471188 0.603659
-0.107270 0.603659
-0.531028 0.603659
-0.297429 0.603659
0.114805 0.603659
0.483156 0.603659
-0.398936 0.603659
0.488918 0.603659
-0.169326 0.603659
-0.110077 0.603599
0.157506 0.603539
0.004137 0.603539
-0.038416 0.603539
-0.278812 0.603300
0.015071 0.603300
-0.489362 0.603300
-0.367465 0.603300
0.186170 0.603300
0.513298 0.603300
0.177305 0.603300
0.395745 0.603300
-0.269504 0.603300
0.093528 0.603300
-0.009309 0.603300
-0.015957 0.603300
0.538121 0.603300
-0.070479 0.603300
0.125887 0.603300
-0.065898 0.603300
-0.156176 0.603180
-0.026950 0.603156
-0.135860 0.603121
-0.035165 0.603061
-0.153664 0.603061
-0.049645 0.603061
-0.379137 0.603061
0.371749 0.603061
0.023050 0.603061
-0.357713 0.602941
-0.524823 0.602941
0.425089 0.602941
-0.029433 0.602869
-0.023670 0.602869
-0.253842 0.602822
-0.133274 0.602822
-0.042258 0.602702
0.300975 0.602702
0.202571 0.602654
-0.103576 0.602642
0.523050 0.602582
-0.118351 0.602582
-0.421986 0.602582
-0.345301 0.602582
-0.146011 0.602582
-0.081560 0.602582
0.066489 0.602582
-0.020390 0.602582
-0.228723 0.602582
-0.308067 0.602582
-0.064125 0.602582
-0.336879 0.602582
0.527482 0.602582
-0.399823 0.602582
0.237589 0.602582
0.497340 0.602582
-0.173316 0.602403
0.250887 0.602403
-0.120863 0.602343
0.295213 0.602343
-0.377364 0.602343
-0.267139 0.602343
0.306294 0.602224
0.544770 0.602224
0.330230 0.602224
-0.466312 0.602224
-0.184397 0.602224
0.234929 0.602224
0.286791 0.602224
0.385417 0.602194
0.162973 0.602104
-0.130910 0.602104
0.069740 0.602104
0.444149 0.601865
0.480496 0.601865
0.239362 0.601865
0.071809 0.601865
0.284574 0.601865
-0.035461 0.601865
0.132979 0.601865
-0.290780 0.601865
-0.543440 0.601865
0.403369 0.601865
-0.259309 0.601865
-0.395390 0.601865
-0.078901 0.601865
-0.244681 0.601865
0.088652 0.601865
-0.301862 0.601865
0.341312 0.601865
0.195035 0.601865
-0.373227 0.601865
-0.213948 0.601626
0.292553 0.601626
-0.099882 0.601626
-0.423759 0.601626
0.200207 0.601506
0.108599 0.601506
0.198138 0.601506
-0.292553 0.601506
0.429521 0.601506
-0.042553 0.601506
0.484486 0.601506
-0.167701 0.601447
-0.027660 0.601435
-0.201832 0.601387
-0.096927 0.601387
-0.288712 0.601267
-0.089539 0.601148
-0.234043 0.601148
-0.188830 0.601148
0.228723 0.601148
-0.539007 0.601148
0.432624 0.601148
-0.177305 0.601148
-0.059840 0.601148
-0.180851 0.601148
-0.071809 0.601148
0.368203 0.601148
0.414894 0.601148
0.122340 0.601148
-0.069001 0.601148
0.055851 0.601148
-0.237589 0.601148
-0.304669 0.601148
0.171986 0.601148
0.498227 0.601148
0.418440 0.601148
0.518617 0.601148
-0.241135 0.601148
-0.533688 0.601148
-0.127512 0.601148
-0.179078 0.601148
0.345745 0.601148
-0.416667 0.601148
-0.420213 0.601148
-0.506649 0.601148
0.493794 0.601148
0.398936 0.601148
-0.030142 0.601148
0.165780 0.601148
-0.153073 0.601028
-0.169770 0.600968
0.470154 0.600909
-0.115839 0.600909
0.546543 0.600789
0.186613 0.600789
0.540337 0.600789
-0.195922 0.600789
0.324911 0.600789
-0.243351 0.600789
0.372931 0.600670
-0.053635 0.600670
0.296099 0.600670
-0.098257 0.600670
0.553635 0.600657
-0.106826 0.600610
-0.357934 0.600610
-0.109634 0.600550
0.207890 0.600502
0.319592 0.600430
-0.160018 0.600430
-0.012411 0.600430
0.210106 0.600430
-0.193706 0.600430
0.083629 0.600430
0.234043 0.600430
-0.184397 0.600430
-0.056738 0.600430
-0.289894 0.600430
-0.082447 0.600430
-0.245567 0.600430
-0.276596 0.600430
-0.341755 0.600430
0.362589 0.600430
0.455969 0.600191
0.507683 0.600191
0.067671 0.600191
0.119681 0.600191
0.180408 0.600072
-0.248670 0.600072
0.479610 0.600072
-0.291667 0.600072
0.021720 0.599833
-0.287825 0.599833
-0.274823 0.599713
-0.251773 0.599713
-0.079787 0.599713
0.514184 0.599713
-0.397163 0.599713
0.147163 0.599713
-0.332447 0.599713
-0.157801 0.599713
-0.315603 0.599713
0.189716 0.599713
-0.001773 0.599713
-0.492021 0.599713
0.091312 0.599713
0.019504 0.599713
0.129433 0.599713
-0.554078 0.599713
-0.521277 0.599713
-0.198582 0.599713
-0.096631 0.599713
0.106383 0.599713
0.150709 0.599713
-0.418440 0.599713
-0.540780 0.599713
0.494681 0.599713
-0.307772 0.599713
-0.061909 0.599713
0.364953 0.599713
-0.285165 0.599713
0.425975 0.599713
0.174645 0.599713
0.489805 0.599713
-0.069297 0.599713
0.060727 0.599713
-0.103132 0.599593
-0.136303 0.599534
0.070331 0.599474
-0.175827 0.599474
-0.364805 0.599354
-0.182181 0.599354
-0.021498 0.599354
0.429078 0.599354
0.484043 0.599354
-0.435727 0.599354
-0.043440 0.599354
-0.191489 0.599354
0.553635 0.599354
-0.196365 0.599354
0.072400 0.599235
-0.380615 0.599235
-0.423759 0.599235
0.055408 0.599235
0.217494 0.599235
0.458186 0.599115
-0.035904 0.598996
0.045213 0.598996
0.528369 0.598996
0.193262 0.598996
-0.335993 0.598996
-0.431738 0.598996
0.288121 0.598996
0.162677 0.598996
-0.039894 0.598996
-0.301566 0.598996
-0.194149 0.598996
-0.409574 0.598996
0.235816 0.598996
0.488032 0.598996
0.028369 0.598996
0.247340 0.598996
-0.183954 0.598996
-0.286348 0.598876
-0.283688 0.598757
0.463948 0.598757
-0.376478 0.598757
-0.272459 0.598757
0.304078 0.598637
0.412677 0.598637
-0.367908 0.598637
-0.019282 0.598637
0.039007 0.598637
-0.148493 0.598637
0.535018 0.598637
0.078310 0.598637
0.074173 0.598517
0.171321 0.598458
-0.316489 0.598278
0.105496 0.598278
-0.077571 0.598278
0.306294 0.598278
-0.030585 0.598278
-0.401596 0.598278
-0.320035 0.598278
0.125887 0.598278
0.542553 0.598278
-0.542553 0.598278
-0.118794 0.598278
0.110372 0.598278
-0.057624 0.598278
-0.416667 0.598278
0.225473 0.598278
-0.069740 0.598278
-0.372340 0.598278
0.032801 0.598278
-0.125000 0.598278
0.052748 0.598278
0.374113 0.598278
-0.393617 0.598278
0.436170 0.598278
-0.062204 0.598278
-0.121897 0.598278
-0.072695 0.598278
0.177305 0.598278
0.200946 0.598278
0.234043 0.598278
-0.304374 0.598278
-0.358156 0.598278
-0.339539 0.598278
-0.134309 0.598278
0.002216 0.598278
0.361702 0.598278
-0.276596 0.598278
-0.346631 0.598278
-0.100177 0.598278
0.003398 0.598039
0.119681 0.598039
-0.172281 0.598039
-0.263593 0.598039
-0.324468 0.597920
-0.437500 0.597920
0.181294 0.597920
-0.299645 0.597920
-0.025488 0.597920
-0.130615 0.597800
-0.048759 0.597800
-0.174350 0.597800
-0.270095 0.597800
-0.178930 0.597681
0.443262 0.597561
-0.433511 0.597561
0.096188 0.597561
0.483156 0.597561
0.307181 0.597561
0.519504 0.597561
0.102394 0.597561
-0.351064 0.597561
-0.313830 0.597561
-0.106383 0.597561
0.425532 0.597561
-0.389184 0.597561
0.503546 0.597561
-0.530585 0.597561
-0.044770 0.597561
-0.506649 0.597561
0.282063 0.597441
0.429965 0.597382
0.219858 0.597322
0.054965 0.597322
-0.302453 0.597202
0.047429 0.597202
0.084663 0.597202
0.432624 0.597202
-0.046986 0.597202
0.343528 0.597202
0.387855 0.597023
-0.036791 0.596844
0.031472 0.596844
-0.524379 0.596844
0.122340 0.596844
-0.308215 0.596844
-0.032801 0.596844
-0.406028 0.596844
0.184397 0.596844
0.246454 0.596844
-0.484043 0.596844
-0.348848 0.596844
-0.189716 0.596844
-0.374113 0.596844
0.104610 0.596844
0.159574 0.596844
0.271277 0.596844
-0.317376 0.596844
0.070922 0.596844
-0.293440 0.596844
-0.241135 0.596844
-0.206560 0.596844
-0.224291 0.596844
0.235520 0.596724
0.261303 0.596664
0.377216 0.596664
-0.272459 0.596604
-0.025488 0.596485
-0.248670 0.596485
0.350621 0.596485
-0.413564 0.596485
-0.148936 0.596485
-0.368794 0.596485
0.227246 0.596485
0.108156 0.596485
0.263150 0.596485
0.367169 0.596485
-0.359634 0.596365
-0.283392 0.596365
-0.208038 0.596365
-0.103428 0.596246
0.254433 0.596126
-0.144947 0.596126
-0.396277 0.596126
-0.060727 0.596126
0.045656 0.596126
-0.065307 0.596126
-0.541667 0.596126
-0.057181 0.596126
-0.435284 0.596126
-0.111702 0.596126
0.306738 0.596126
-0.300532 0.596126
0.078014 0.596126
0.101507 0.596126
0.265366 0.596126
-0.090426 0.596126
-0.229610 0.596126
-0.160018 0.596126
0.384087 0.596037
0.289894 0.595887
0.238771 0.595887
-0.451241 0.595887
-0.439569 0.595768
-0.330674 0.595768
0.027039 0.595768
0.076241 0.595768
0.406028 0.595768
-0.290780 0.595768
0.170656 0.595768
0.267287 0.595768
-0.305851 0.595648
-0.080083 0.595648
0.037677 0.595409
-0.488475 0.595409
0.092199 0.595409
-0.351064 0.595409
0.222222 0.595409
-0.005319 0.595409
0.524823 0.595409
0.127660 0.595409
0.556738 0.595409
-0.274823 0.595409
0.358156 0.595409
-0.312057 0.595409
0.062943 0.595409
0.437943 0.595409
0.331560 0.595409
-0.546690 0.595409
-0.335106 0.595409
-0.423759 0.595409
0.098404 0.595409
-0.072695 0.595409
0.074468 0.595409
0.191489 0.595409
0.314716 0.595409
-0.232270 0.595409
-0.316785 0.595170
-0.270686 0.595170
-0.042110 0.595050
-0.192376 0.595050
0.380319 0.595050
-0.415337 0.595050
0.370124 0.595050
-0.259309 0.595050
-0.195479 0.595050
0.298759 0.595050
0.214982 0.595050
0.386599 0.595020
0.275414 0.594931
-0.356087 0.594931
0.174867 0.594871
-0.265810 0.594811
0.197104 0.594692
-0.024158 0.594692
-0.365248 0.594692
-0.418883 0.594692
0.356383 0.594692
-0.456560 0.594692
0.528369 0.594692
0.373227 0.594692
0.495567 0.594692
-0.074025 0.594692
-0.221631 0.594692
0.071365 0.594692
0.168957 0.594632
-0.363180 0.594572
0.423463 0.594572
-0.361111 0.594452
-0.314125 0.594452
0.117021 0.594452
0.218676 0.594452
0.047872 0.594333
-0.407358 0.594333
0.460550 0.594333
-0.296543 0.594333
0.336436 0.594333
0.435284 0.594333
0.300532 0.594333
-0.560284 0.594282
0.054965 0.594213
0.382831 0.594034
-0.283097 0.593974
-0.063830 0.593974
-0.060284 0.593974
-0.184619 0.593974
0.399379 0.593974
0.302748 0.593974
-0.381206 0.593974
0.326241 0.593974
0.317819 0.593974
-0.038121 0.593974
-0.534131 0.593974
0.068262 0.593974
-0.145390 0.593974
0.156028 0.593974
-0.117908 0.593855
0.315751 0.593735
-0.003989 0.593615
-0.434840 0.593615
-0.153369 0.593615
0.527482 0.593615
0.077128 0.593615
-0.125887 0.593615
-0.316194 0.593496
0.167258 0.593496
0.429965 0.593436
0.046099 0.593257
0.247340 0.593257
0.537234 0.593257
0.075355 0.593257
0.058954 0.593257
-0.025709 0.593257
0.303635 0.593257
0.432624 0.593257
-0.422429 0.593257
-0.069149 0.593257
0.028369 0.593257
0.271277 0.593257
-0.429078 0.593257
-0.174350 0.593257
-0.178930 0.593137
-0.118794 0.593018
0.385343 0.593018
-0.307329 0.593018
0.206117 0.592970
0.048759 0.592898
0.044326 0.592898
0.108156 0.592898
0.243499 0.592779
0.347739 0.592719
0.424350 0.592599
-0.241135 0.592539
0.286348 0.592539
-0.047872 0.592539
0.391844 0.592539
0.491135 0.592539
-0.251773 0.592539
-0.292553 0.592539
0.507092 0.592539
0.320922 0.592539
0.186170 0.592539
-0.096631 0.592539
0.039007 0.592539
0.415780 0.592539
-0.072695 0.592539
0.097518 0.592539
-0.381206 0.592539
0.002660 0.592539
0.035461 0.592539
0.066046 0.592539
0.361702 0.592539
-0.137855 0.592539
0.200650 0.592539
0.165189 0.592300
-0.168144 0.592300
-0.039450 0.592181
0.363918 0.592181
0.000000 0.592181
-0.128103 0.592181
-0.076537 0.592061
0.168661 0.592001
-0.480496 0.591822
-0.261525 0.591822
0.489362 0.591822
0.472518 0.591822
-0.002660 0.591822
-0.170213 0.591822
0.067819 0.591822
0.004876 0.591822
0.530142 0.591822
-0.493794 0.591822
0.329787 0.591822
0.053191 0.591822
-0.289598 0.591822
-0.390957 0.591822
0.297872 0.591822
-0.414007 0.591822
0.086288 0.591583
0.084220 0.591583
-0.327128 0.591463
-0.468085 0.591463
0.369238 0.591463
0.275414 0.591344
0.386820 0.591344
0.282506 0.591344
-0.558511 0.591259
-0.486702 0.591105
-0.199468 0.591105
0.012411 0.591105
0.076241 0.591105
-0.434397 0.591105
0.059397 0.591105
-0.427748 0.591105
0.505319 0.591105
-0.504433 0.591105
-0.235816 0.591105
0.029255 0.591105
-0.381206 0.591105
0.299645 0.591105
-0.190603 0.591105
0.193262 0.591105
-0.196809 0.591105
-0.202128 0.591105
0.500000 0.591105
0.063830 0.591105
0.265957 0.591105
0.125887 0.591105
-0.396277 0.591105
-0.386525 0.591105
-0.193706 0.591105
-0.453901 0.591105
-0.532358 0.591105
-0.284279 0.591105
0.172872 0.591105
0.054965 0.591105
-0.067376 0.591105
0.475325 0.590985
-0.122784 0.590985
0.166962 0.590866
-0.106087 0.590866
-0.114362 0.590746
0.334663 0.590746
0.044326 0.590746
-0.402926 0.590746
0.257535 0.590746
-0.188165 0.590746
-0.307033 0.590626
0.278073 0.590626
0.554965 0.590387
-0.250000 0.590387
-0.299645 0.590387
0.042553 0.590387
-0.391844 0.590387
0.532801 0.590387
-0.071809 0.590387
-0.185727 0.590387
0.065603 0.590387
-0.553783 0.590387
-0.059397 0.590387
0.324468 0.590387
-0.460993 0.590387
-0.356087 0.590268
-0.310136 0.590268
0.478132 0.590148
-0.322104 0.590148
0.311761 0.590148
0.452571 0.590029
-0.545656 0.590029
0.239066 0.589909
-0.115248 0.589909
-0.560284 0.589824
0.406472 0.589670
-0.051418 0.589670
-0.397163 0.589670
0.125000 0.589670
0.117021 0.589670
0.409574 0.589670
-0.261525 0.589670
0.402039 0.589670
0.253546 0.589670
0.538121 0.589670
-0.522163 0.589670
0.296099 0.589670
0.094858 0.589670
0.388298 0.589670
-0.494681 0.589670
-0.156028 0.589670
0.412234 0.589670
0.507979 0.589431
0.531915 0.589311
0.150266 0.589311
-0.080083 0.589192
0.423463 0.589192
0.089243 0.589192
0.053191 0.588953
0.109929 0.588953
0.547872 0.588953
-0.268617 0.588953
0.344858 0.588953
0.297872 0.588953
0.196809 0.588953
0.077128 0.588953
-0.121749 0.588953
0.120567 0.588953
0.273936 0.588953
0.281028 0.588953
0.223404 0.588953
-0.181516 0.588594
0.455230 0.588594
0.261968 0.588594
0.438830 0.588594
-0.016622 0.588594
0.421690 0.588474
0.484634 0.588474
0.266844 0.588235
0.042553 0.588235
0.328014 0.588235
-0.556738 0.588235
0.065603 0.588235
-0.273050 0.588235
0.124113 0.588235
-0.462766 0.588235
0.264184 0.588235
0.306738 0.588235
-0.164007 0.588235
-0.070922 0.588235
0.276596 0.588235
0.108156 0.588235
-0.253546 0.588235
0.071809 0.588235
-0.257535 0.587877
-0.412234 0.587877
-0.372340 0.587877
0.257979 0.587518
0.213209 0.587518
0.022163 0.587518
-0.397163 0.587518
-0.147163 0.587518
-0.492021 0.587518
-0.241578 0.587518
-0.075355 0.587518
0.301418 0.587518
0.464539 0.587518
0.556738 0.587461
-0.317671 0.587279
0.314421 0.587279
-0.543883 0.587159
-0.195035 0.587159
-0.553635 0.587159
-0.387411 0.587159
0.447695 0.586801
0.224882 0.586801
0.412234 0.586801
-0.054965 0.586801
0.409574 0.586801
-0.468972 0.586801
0.092199 0.586801
-0.044326 0.586801
-0.198582 0.586801
-0.476950 0.586801
-0.140071 0.586801
-0.079787 0.586801
0.425532 0.586801
-0.328014 0.586801
0.400709 0.586801
-0.201241 0.586801
0.015957 0.586801
0.533688 0.586801
0.088652 0.586561
-0.006649 0.586442
-0.273493 0.586442
-0.392730 0.586442
-0.173759 0.586083
0.327128 0.586083
0.228723 0.586083
0.203457 0.586083
-0.081560 0.586083
0.381206 0.586083
-0.500000 0.586083
-0.020833 0.586083
0.005319 0.586083
0.127660 0.586083
-0.299645 0.586083
0.280142 0.586083
0.002660 0.585725
-0.402039 0.585725
-0.414450 0.585725
-0.339243 0.585605
-0.245124 0.585366
-0.560284 0.585366
-0.489362 0.585366
0.054965 0.585366
0.267730 0.585366
-0.075355 0.585366
0.113475 0.585366
0.265071 0.585366
0.375000 0.585366
0.450355 0.585366
0.421986 0.585366
0.067376 0.585366
0.262411 0.585366
0.187057 0.585366
-0.448582 0.585366
0.117908 0.585366
-0.417996 0.585366
-0.288121 0.585366
-0.160461 0.585366
0.496454 0.585366
-0.438830 0.585366
0.476064 0.585007
0.200355 0.585007
-0.185284 0.585007
0.507092 0.584888
0.043440 0.584648
0.226655 0.584648
0.407801 0.584648
0.410461 0.584648
-0.556738 0.584648
-0.273936 0.584648
0.305851 0.584648
0.011082 0.584648
-0.285165 0.584648
-0.560284 0.584547
-0.316046 0.584290
0.091608 0.584170
0.478871 0.584170
0.271277 0.583931
-0.088652 0.583931
0.239362 0.583931
-0.429965 0.583931
0.300532 0.583931
0.363623 0.583931
-0.359929 0.583931
-0.245567 0.583931
-0.477394 0.583931
0.099291 0.583931
-0.248227 0.583931
0.230496 0.583931
-0.070922 0.583931
0.173759 0.583931
0.326241 0.583931
-0.410461 0.583931
-0.323582 0.583931
-0.158688 0.583931
-0.553191 0.583931
-0.402039 0.583572
-0.128103 0.583572
0.033688 0.583214
-0.480496 0.583214
-0.296099 0.583214
0.049645 0.583214
-0.193262 0.583214
0.116135 0.583214
-0.474734 0.583214
0.200355 0.583214
-0.277926 0.583214
-0.408688 0.582855
0.540780 0.582855
-0.077128 0.582855
-0.493351 0.582855
-0.369681 0.582496
-0.140957 0.582496
-0.237589 0.582496
-0.486702 0.582496
-0.214539 0.582496
0.253546 0.582496
0.312057 0.582496
0.237589 0.582496
-0.166667 0.582496
0.081560 0.582496
-0.555556 0.582257
0.556738 0.582184
0.152039 0.582138
-0.078901 0.582138
-0.269504 0.582138
0.161791 0.582138
-0.550089 0.582138
-0.281915 0.581779
-0.406915 0.581779
0.093972 0.581779
0.012855 0.581779
0.025709 0.581779
0.368499 0.581779
0.329787 0.581779
-0.350621 0.581779
-0.261968 0.581779
0.308511 0.581779
-0.343676 0.581659
0.503989 0.581540
-0.127069 0.581540
0.349734 0.581420
-0.464096 0.581062
0.345745 0.581062
0.118794 0.581062
0.044326 0.581062
-0.394947 0.581062
0.064716 0.581062
-0.218085 0.581062
0.490248 0.581062
0.069149 0.581062
0.265957 0.581062
0.423759 0.580823
0.168440 0.580703
0.147606 0.580703
-0.273493 0.580703
-0.355053 0.580703
0.295656 0.580703
-0.410904 0.580703
0.399823 0.580583
-0.001330 0.580344
0.257979 0.580344
0.053191 0.580344
0.328014 0.580344
-0.324468 0.580344
-0.480940 0.580344
0.324025 0.579986
-0.192819 0.579986
-0.467642 0.579986
-0.013298 0.579986
-0.282801 0.579986
-0.506649 0.579986
0.452128 0.579627
0.333333 0.579627
0.225177 0.579627
-0.329787 0.579627
-0.265071 0.579627
-0.443262 0.579627
-0.205674 0.579627
-0.312057 0.579627
-0.280142 0.579627
0.373227 0.579627
0.326241 0.579627
-0.472518 0.579627
-0.150709 0.579627
0.131206 0.579627
0.272163 0.579627
-0.306738 0.579627
-0.553783 0.579388
-0.160018 0.579268
-0.362589 0.578910
0.376330 0.578910
-0.015957 0.578910
-0.156915 0.578910
-0.074468 0.578910
0.509752 0.578670
-0.201241 0.578670
0.442671 0.578670
0.507979 0.578670
0.285018 0.578551
-0.424645 0.578551
-0.179965 0.578551
-0.560284 0.578452
-0.333038 0.578431
0.229610 0.578192
0.021277 0.578192
0.454787 0.578192
0.214982 0.578192
-0.283688 0.578192
0.130319 0.578192
-0.457447 0.578192
0.085106 0.578192
0.047872 0.578192
-0.170213 0.578192
0.315603 0.578192
0.390071 0.578192
-0.526596 0.578192
-0.447695 0.578192
-0.452571 0.578192
0.331560 0.578192
-0.141844 0.578192
-0.135638 0.578192
-0.529551 0.577953
-0.082447 0.577834
0.300089 0.577834
0.189125 0.577714
-0.050236 0.577714
0.409574 0.577714
0.364066 0.577475
0.262411 0.577475
-0.507979 0.577475
-0.539894 0.577475
-0.343233 0.577355
-0.336288 0.577236
0.017287 0.577116
0.010195 0.577116
0.318706 0.577116
0.556738 0.576907
-0.559102 0.576879
-0.442376 0.576758
0.114362 0.576758
0.309397 0.576758
0.095745 0.576758
0.232270 0.576758
0.423759 0.576758
-0.066489 0.576758
-0.477394 0.576758
-0.303191 0.576758
-0.267730 0.576758
-0.192376 0.576758
0.303635 0.576758
0.066489 0.576758
0.062057 0.576758
0.372340 0.576758
-0.425532 0.576758
-0.160018 0.576399
-0.352394 0.576399
0.360077 0.576399
0.448286 0.576279
-0.329787 0.576040
-0.215426 0.576040
-0.444592 0.576040
0.179965 0.576040
0.140071 0.576040
0.304965 0.576040
-0.474734 0.576040
-0.170213 0.576040
0.321809 0.576040
-0.382092 0.576040
-0.206560 0.575801
0.197400 0.575801
-0.506649 0.575681
-0.471631 0.575681
-0.489805 0.575681
-0.421986 0.575681
0.444740 0.575562
0.080674 0.575562
0.554521 0.575398
0.368794 0.575323
0.131206 0.575323
0.378546 0.575323
-0.053191 0.575323
-0.130319 0.575323
0.051418 0.575323
0.253546 0.575323
-0.043144 0.575323
0.314716 0.575323
-0.459220 0.575323
0.504876 0.575323
0.342199 0.575323
-0.358156 0.575323
-0.286348 0.575323
0.219858 0.575323
-0.379433 0.575323
-0.354610 0.575323
-0.361702 0.575323
0.214539 0.575323
-0.005319 0.575084
-0.483599 0.574964
-0.457004 0.574964
-0.493351 0.574964
0.441194 0.574845
-0.363475 0.574605
-0.093972 0.574605
0.381649 0.574605
-0.210106 0.574605
-0.127660 0.574605
-0.194149 0.574605
-0.132092 0.574605
-0.138298 0.574605
-0.553783 0.574366
0.398936 0.574366
-0.462766 0.574247
0.344415 0.574247
-0.505319 0.573888
-0.422872 0.573888
0.224291 0.573888
0.273050 0.573888
0.047872 0.573888
0.354610 0.573888
0.039894 0.573888
0.552305 0.573888
-0.494681 0.573888
-0.166667 0.573888
0.338652 0.573888
0.030142 0.573888
0.057624 0.573888
0.147163 0.573888
-0.154255 0.573888
0.184397 0.573888
0.168440 0.573529
0.350621 0.573529
-0.187500 0.573529
-0.157358 0.573529
0.097961 0.573529
-0.457890 0.573529
0.298759 0.573529
-0.515514 0.573529
0.346631 0.573171
0.170213 0.573171
-0.294326 0.573171
0.052305 0.573171
0.265957 0.573171
0.380762 0.573171
0.539007 0.573171
-0.429965 0.573171
0.174645 0.572812
0.355940 0.572812
-0.070035 0.572812
-0.485372 0.572812
0.201537 0.572692
-0.334811 0.572692
-0.209220 0.572453
0.125000 0.572453
0.210106 0.572453
0.179078 0.572453
0.510638 0.572453
0.372340 0.572453
0.044326 0.572453
0.466312 0.572453
0.508865 0.572453
-0.131206 0.572453
0.257979 0.572453
0.512411 0.572453
0.550089 0.572453
-0.115248 0.572453
0.387411 0.572453
-0.476950 0.572453
-0.112589 0.572453
-0.461436 0.572453
-0.103723 0.572453
-0.057624 0.572453
0.228723 0.572453
0.501330 0.572453
0.240248 0.572453
-0.283245 0.572453
0.543440 0.572095
-0.473848 0.572095
0.199764 0.571975
0.192671 0.571975
0.006206 0.571856
-0.277926 0.571736
-0.128546 0.571736
-0.273050 0.571736
0.270390 0.571736
-0.470745 0.571736
0.375443 0.571736
0.378103 0.571736
0.303635 0.571736
0.357270 0.571736
-0.046099 0.571736
-0.142730 0.571736
0.433511 0.571736
-0.169858 0.571449
0.534574 0.571377
0.105053 0.571377
-0.179965 0.571377
0.320479 0.571377
0.445922 0.571019
0.365248 0.571019
-0.223848 0.571019
0.382979 0.571019
-0.507979 0.571019
-0.160461 0.571019
-0.487589 0.571019
-0.232270 0.571019
0.495863 0.571019
0.053191 0.571019
-0.018617 0.571019
0.474734 0.571019
-0.420213 0.571019
0.368794 0.571019
-0.173404 0.570732
0.169326 0.570660
0.171986 0.570660
-0.309693 0.570540
-0.182624 0.570301
0.131206 0.570301
0.223404 0.570301
-0.491135 0.570301
-0.221188 0.570301
0.183511 0.570301
-0.483156 0.570301
-0.382092 0.570301
0.331560 0.570301
0.310284 0.570301
0.442376 0.570301
0.545213 0.570301
0.554521 0.570121
0.387411 0.569943
-0.180851 0.569943
0.073582 0.569823
0.364362 0.569584
0.316489 0.569584
0.231383 0.569584
0.445035 0.569584
0.338652 0.569584
-0.296986 0.569584
0.139184 0.569584
0.262411 0.569584
0.380319 0.569584
0.205674 0.569584
-0.434397 0.569584
-0.115248 0.569584
-0.012411 0.569584
-0.379433 0.569584
0.196809 0.569584
0.536348 0.569584
-0.526005 0.569345
0.493056 0.569225
-0.528960 0.569106
0.000000 0.569106
0.515071 0.568867
0.461879 0.568867
0.085993 0.568867
0.479610 0.568867
0.199468 0.568867
-0.375887 0.568867
-0.476950 0.568867
0.303635 0.568867
0.203901 0.568867
-0.109043 0.568867
-0.102837 0.568867
0.552305 0.568686
0.357713 0.568508
0.381206 0.568508
-0.485372 0.568508
0.488032 0.568508
0.304965 0.568149
0.187943 0.568149
0.168440 0.568149
-0.122340 0.568149
0.368794 0.568149
-0.325355 0.568149
0.377660 0.568149
-0.157801 0.568149
0.425532 0.568149
-0.521277 0.568149
0.306738 0.568149
-0.024823 0.568149
0.020390 0.568149
-0.060284 0.568149
0.328014 0.568149
0.050532 0.568149
0.093972 0.568149
0.173759 0.568149
-0.560284 0.567899
0.355940 0.567791
-0.303487 0.567671
0.280142 0.567432
-0.100177 0.567432
0.030142 0.567432
0.252660 0.567432
0.125000 0.567432
-0.447104 0.567432
-0.077128 0.567432
-0.387411 0.567432
-0.343085 0.567432
-0.111702 0.567432
-0.515071 0.567432
0.335106 0.567432
0.523936 0.567432
-0.117021 0.567432
0.295213 0.567073
0.496011 0.567073
0.177305 0.567073
0.400709 0.566954
-0.214982 0.566714
0.546099 0.566714
0.435284 0.566714
-0.519504 0.566714
-0.058511 0.566714
-0.010638 0.566714
0.070922 0.566714
-0.487589 0.566714
0.081560 0.566714
-0.352837 0.566714
0.067376 0.566714
0.166667 0.566714
-0.445035 0.566714
-0.085106 0.566714
-0.150709 0.566714
0.234043 0.566714
-0.438830 0.566714
0.319149 0.566714
0.076241 0.566714
0.305851 0.566714
0.271277 0.566714
-0.559102 0.566581
0.007979 0.566475
0.381206 0.566356
0.098848 0.566356
0.065160 0.566356
0.556738 0.566354
0.528369 0.565997
0.298759 0.565997
-0.200355 0.565997
0.026152 0.565997
0.543440 0.565997
-0.422872 0.565997
0.377660 0.565997
-0.323138 0.565997
0.090426 0.565997
-0.320035 0.565997
0.180851 0.565997
0.230496 0.565997
-0.288564 0.565997
-0.029255 0.565997
-0.049645 0.565638
0.369238 0.565638
0.375443 0.565638
0.372784 0.565638
0.358156 0.565280
0.095745 0.565280
-0.513298 0.565280
-0.429965 0.565280
0.517730 0.565280
0.164894 0.565280
-0.484043 0.565280
-0.476950 0.565280
0.454787 0.565280
0.131206 0.565280
-0.418440 0.565280
0.226950 0.565280
-0.143617 0.565280
-0.275709 0.565280
-0.280585 0.565280
-0.444149 0.565280
0.313830 0.565280
0.361702 0.564921
-0.079344 0.564921
0.507979 0.564921
-0.313239 0.564802
0.556738 0.564741
-0.013298 0.564562
0.257092 0.564562
0.386082 0.564562
-0.211879 0.564562
0.168440 0.564562
0.228723 0.564562
0.171099 0.564562
-0.142287 0.564562
0.356383 0.564562
0.109929 0.564562
-0.086879 0.564562
-0.083333 0.564562
0.550532 0.564382
-0.164539 0.564275
-0.457004 0.564204
-0.183511 0.564204
0.542110 0.564204
0.522163 0.563845
0.308511 0.563845
-0.158688 0.563845
-0.446365 0.563845
0.377660 0.563845
-0.278369 0.563845
0.345745 0.563845
-0.525709 0.563845
-0.382979 0.563845
-0.262411 0.563845
-0.140957 0.563845
-0.386525 0.563845
-0.331560 0.563845
-0.337766 0.563845
-0.390071 0.563845
-0.327571 0.563845
0.414007 0.563845
0.354610 0.563845
0.482270 0.563845
0.176862 0.563486
-0.473404 0.563128
0.092199 0.563128
-0.483156 0.563128
-0.395390 0.563128
-0.114805 0.563128
-0.142730 0.563128
-0.347518 0.563128
-0.273493 0.563128
0.121158 0.563128
-0.317819 0.563128
0.084220 0.563128
-0.432624 0.563128
0.260638 0.563128
-0.554669 0.562889
0.493351 0.562769
0.484486 0.562769
-0.560284 0.562622
-0.242021 0.562410
-0.515957 0.562410
0.232270 0.562410
-0.141401 0.562410
-0.132979 0.562410
0.526596 0.562410
0.351950 0.562410
0.300089 0.562410
-0.074468 0.562410
-0.296099 0.562410
0.532801 0.562410
0.499113 0.562410
-0.272163 0.562410
-0.523936 0.562410
0.237589 0.562052
0.504433 0.562052
0.206117 0.562052
-0.301714 0.561932
0.021720 0.561693
-0.106826 0.561693
0.358156 0.561693
-0.011525 0.561693
0.048759 0.561693
0.304078 0.561693
0.044326 0.561693
0.435284 0.561693
0.086879 0.561693
-0.325355 0.561693
0.377660 0.561693
-0.486702 0.561693
0.331117 0.561693
-0.062057 0.561693
-0.286791 0.561693
-0.281472 0.561693
0.187057 0.561693
-0.022163 0.561693
0.367021 0.561693
-0.376330 0.561693
-0.307329 0.561454
-0.517730 0.561334
0.512411 0.561334
0.165337 0.561334
-0.041667 0.560976
0.439716 0.560976
-0.262411 0.560976
0.287234 0.560976
-0.007092 0.560976
-0.266844 0.560976
-0.150709 0.560976
-0.482270 0.560976
-0.220745 0.560976
-0.141844 0.560976
-0.292553 0.560976
0.474291 0.560976
0.092199 0.560976
0.134752 0.560976
-0.469858 0.560976
-0.154255 0.560976
-0.297872 0.560976
0.031472 0.560976
-0.057624 0.560976
-0.355940 0.560976
-0.546986 0.560976
0.542996 0.560617
-0.385638 0.560617
-0.114805 0.560617
-0.389184 0.560617
0.211436 0.560617
-0.453457 0.560258
0.232270 0.560258
0.462766 0.560258
0.222518 0.560258
0.215426 0.560258
-0.129433 0.560258
-0.090426 0.560258
0.038121 0.560258
0.477837 0.560258
-0.540780 0.560258
0.011082 0.559900
0.319592 0.559900
-0.311909 0.559780
-0.335993 0.559541
0.312057 0.559541
0.402482 0.559541
0.434397 0.559541
-0.329787 0.559541
0.129433 0.559541
-0.044326 0.559541
0.518617 0.559541
-0.496454 0.559541
0.015071 0.559541
-0.048759 0.559541
-0.381649 0.559541
0.103723 0.559541
0.027482 0.559541
-0.053191 0.559541
0.159574 0.559541
-0.416667 0.559541
0.548759 0.559541
-0.299645 0.559541
-0.293440 0.559541
-0.475177 0.559541
-0.164894 0.559541
0.377660 0.559541
-0.086879 0.559302
0.144060 0.559182
0.167110 0.559182
-0.307033 0.559063
-0.555851 0.558929
-0.187943 0.558824
0.224291 0.558824
0.269947 0.558824
0.516844 0.558824
0.541667 0.558824
0.179965 0.558824
-0.272606 0.558824
0.092199 0.558824
0.299202 0.558824
0.307624 0.558824
-0.028369 0.558824
-0.009752 0.558824
-0.410461 0.558824
-0.217642 0.558824
-0.463652 0.558824
0.234043 0.558824
0.162677 0.558465
0.017287 0.558465
0.156472 0.558465
0.363475 0.558465
-0.528369 0.558106
-0.404255 0.558106
-0.423759 0.558106
0.255319 0.558106
0.097518 0.558106
0.040780 0.558106
0.170213 0.558106
-0.251773 0.558106
0.303191 0.558106
-0.271277 0.558106
0.226064 0.558106
-0.277039 0.558106
-0.295213 0.558106
0.523050 0.558106
-0.491135 0.558106
0.045213 0.558106
0.496454 0.558106
-0.092199 0.558106
0.055260 0.558106
-0.521572 0.557987
-0.082447 0.557867
0.544770 0.557747
0.504433 0.557747
0.357270 0.557747
-0.311613 0.557389
-0.201241 0.557389
0.507092 0.557389
0.131206 0.557389
-0.050532 0.557389
0.373227 0.557389
-0.517730 0.557389
-0.046099 0.557389
0.165780 0.557389
0.000443 0.557030
-0.118351 0.557030
-0.345745 0.557030
-0.526005 0.556911
-0.457447 0.556671
-0.102837 0.556671
0.258865 0.556671
-0.065603 0.556671
0.191489 0.556671
0.109929 0.556671
-0.485816 0.556671
-0.214539 0.556671
0.437943 0.556671
-0.285461 0.556671
-0.039007 0.556671
0.123522 0.556671
0.328014 0.556671
-0.290780 0.556671
0.023050 0.556313
-0.519504 0.556313
-0.387411 0.556313
0.163121 0.556313
0.423316 0.556313
-0.085106 0.556193
-0.146277 0.555954
-0.061170 0.555954
-0.274379 0.555954
0.210106 0.555954
0.382535 0.555954
-0.403369 0.555954
-0.212766 0.555954
0.554965 0.555954
0.188830 0.555954
-0.355496 0.555954
-0.171986 0.555954
0.349291 0.555595
0.377660 0.555595
0.151152 0.555595
0.010195 0.555595
-0.139775 0.555476
-0.507979 0.555237
-0.345745 0.555237
-0.056738 0.555237
-0.186170 0.555237
-0.352394 0.555237
-0.019504 0.555237
-0.359043 0.555237
-0.450355 0.555237
0.503546 0.555237
0.186170 0.555237
-0.386525 0.555237
-0.369681 0.555237
-0.005319 0.555237
0.218085 0.555237
-0.383422 0.555237
-0.210993 0.555237
-0.380319 0.555237
-0.152482 0.555237
-0.259752 0.555237
-0.031028 0.555237
-0.488475 0.555237
-0.273050 0.555237
-0.012411 0.555237
0.180408 0.554878
0.506206 0.554878
-0.478723 0.554878
0.511525 0.554878
-0.464539 0.554878
0.324025 0.554878
-0.202423 0.554758
0.032358 0.554519
0.252660 0.554519
-0.326684 0.554519
-0.002660 0.554519
-0.244238 0.554519
0.405142 0.554519
-0.007979 0.554519
-0.531028 0.554519
0.227837 0.554519
-0.097518 0.554519
-0.445922 0.554519
-0.545213 0.554519
0.290337 0.554161
0.508865 0.554161
-0.292110 0.554161
-0.300089 0.554161
-0.131797 0.554041
-0.329787 0.553802
-0.162234 0.553802
0.039007 0.553802
0.048759 0.553802
-0.023050 0.553802
0.195035 0.553802
-0.288564 0.553802
-0.283245 0.553802
-0.555851 0.553652
0.425975 0.553443
0.204344 0.553443
0.152926 0.553443
0.006649 0.553443
0.003103 0.553443
0.090869 0.553443
-0.106826 0.553443
-0.356826 0.553443
0.373227 0.553443
0.190603 0.553085
0.086879 0.553085
0.234043 0.553085
-0.239805 0.553085
0.429078 0.553085
-0.094858 0.553085
-0.263298 0.553085
-0.019504 0.553085
0.272606 0.553085
-0.202128 0.553085
0.539894 0.553085
-0.449468 0.553085
-0.358599 0.553085
-0.183511 0.553085
0.359486 0.552726
0.096188 0.552726
0.393174 0.552726
-0.186613 0.552726
0.341755 0.552726
-0.554078 0.552367
-0.042553 0.552367
0.334663 0.552367
0.505319 0.552367
0.274823 0.552367
0.536348 0.552367
-0.396277 0.552367
0.221631 0.552367
-0.519504 0.552367
0.400709 0.552367
-0.536348 0.552367
-0.190455 0.552248
-0.091312 0.552128
-0.560284 0.552068
0.285461 0.552009
-0.485816 0.551889
0.150709 0.551650
0.163564 0.551650
-0.002660 0.551650
0.392287 0.551650
-0.007979 0.551650
0.257979 0.551650
0.169326 0.551650
0.118499 0.551650
0.377660 0.551650
-0.046099 0.551650
-0.456560 0.551650
-0.289894 0.551291
0.207890 0.551291
0.210993 0.551291
0.227837 0.550933
-0.433511 0.550933
0.544326 0.550933
-0.193262 0.550933
0.198582 0.550933
-0.180851 0.550933
0.310727 0.550933
0.007092 0.550933
-0.551418 0.550933
0.065603 0.550933
0.000000 0.550933
-0.286348 0.550933
-0.029255 0.550933
-0.349291 0.550933
-0.453014 0.550933
-0.542553 0.550933
0.109929 0.550933
-0.487589 0.550933
-0.558511 0.550783
0.413564 0.550574
-0.470745 0.550574
-0.379433 0.550574
-0.190160 0.550574
-0.466312 0.550574
-0.382535 0.550574
-0.183954 0.550574
0.507092 0.550215
-0.043440 0.550215
-0.169326 0.550215
0.270833 0.550215
-0.039007 0.550215
0.185284 0.550215
0.218972 0.550215
-0.303191 0.550215
-0.365691 0.550215
0.481383 0.550215
0.101064 0.550215
0.192671 0.549976
0.342199 0.549857
-0.526005 0.549737
-0.277482 0.549498
0.537234 0.549498
-0.493794 0.549498
0.042553 0.549498
0.464982 0.549498
0.001773 0.549498
-0.556738 0.549498
0.027926 0.549498
0.007979 0.549498
0.461879 0.549498
0.468085 0.549498
0.037234 0.549498
0.335106 0.549498
-0.323582 0.549498
0.253546 0.549498
-0.100177 0.549498
-0.310284 0.549498
-0.068262 0.549498
-0.403369 0.549498
0.107270 0.549498
0.447695 0.549498
-0.362589 0.549498
-0.486702 0.549020
-0.082447 0.548900
-0.175975 0.548780
0.202128 0.548780
0.533688 0.548780
0.460550 0.548780
-0.283245 0.548780
0.156028 0.548780
-0.326684 0.548780
-0.349291 0.548780
0.523050 0.548780
-0.473404 0.548422
0.065160 0.548422
0.549202 0.548422
-0.212766 0.548422
-0.541667 0.548063
-0.097518 0.548063
0.166667 0.548063
0.514184 0.548063
-0.537234 0.548063
-0.039894 0.548063
-0.051418 0.548063
-0.554078 0.548063
-0.460993 0.548063
-0.035461 0.548063
0.163121 0.548063
-0.011525 0.548063
-0.329787 0.548063
-0.447695 0.548063
0.133865 0.548063
0.519504 0.548063
0.344858 0.547704
0.042553 0.547704
0.037234 0.547704
-0.077128 0.547346
-0.167553 0.547346
0.293440 0.547346
-0.007092 0.547346
-0.346631 0.547346
-0.506206 0.547346
0.411348 0.547346
0.328901 0.547346
0.511525 0.547346
-0.458333 0.547346
-0.118351 0.547346
-0.265957 0.547346
-0.362145 0.547346
0.297429 0.546987
-0.294770 0.546987
-0.142435 0.546868
0.495567 0.546628
0.113475 0.546628
0.228723 0.546628
0.257092 0.546628
-0.170213 0.546628
-0.512411 0.546628
-0.291223 0.546628
-0.280142 0.546628
-0.359043 0.546628
0.086879 0.546628
0.082447 0.546628
-0.349291 0.546628
0.078014 0.546628
-0.551418 0.546628
0.211879 0.546628
0.071365 0.546270
0.278369 0.546270
-0.384309 0.546270
0.381649 0.546270
-0.187500 0.546270
0.348404 0.546270
0.487589 0.545911
0.476064 0.545911
-0.174202 0.545911
-0.156028 0.545911
-0.472518 0.545911
-0.097518 0.545911
0.215869 0.545911
-0.329787 0.545911
-0.416223 0.545911
-0.532801 0.545911
0.254433 0.545911
-0.378546 0.545911
0.064716 0.545911
0.111702 0.545911
0.554078 0.545911
0.196217 0.545672
0.555408 0.545579
-0.375443 0.545552
-0.520390 0.545194
-0.372340 0.545194
-0.057624 0.545194
-0.398936 0.545194
0.340426 0.545194
-0.178191 0.545194
0.118794 0.545194
0.090426 0.545194
0.046099 0.545194
0.148936 0.544835
-0.288564 0.544835
-0.215426 0.544835
0.099734 0.544835
0.087766 0.544476
-0.504433 0.544476
0.083333 0.544476
-0.232713 0.544476
0.013298 0.544476
-0.354610 0.544476
0.305408 0.544476
-0.500887 0.544476
0.421099 0.544476
0.256206 0.544476
0.221631 0.544476
0.402482 0.544476
-0.203014 0.544476
0.545213 0.544476
-0.078457 0.544476
0.467199 0.544118
0.464096 0.544118
0.424202 0.544118
0.398050 0.544118
-0.482270 0.543998
-0.475177 0.543759
0.177305 0.543759
0.526596 0.543759
0.427305 0.543759
-0.528369 0.543759
-0.443262 0.543759
0.161348 0.543759
0.343972 0.543759
0.107270 0.543759
0.264184 0.543759
0.164894 0.543759
0.500000 0.543759
0.093972 0.543759
-0.343972 0.543759
0.316046 0.543759
0.512411 0.543759
-0.097518 0.543759
0.406028 0.543759
0.506206 0.543759
0.120567 0.543759
-0.366135 0.543759
-0.460993 0.543759
0.076241 0.543759
0.206117 0.543400
0.040780 0.543400
0.154699 0.543400
0.297429 0.543400
0.069592 0.543400
0.462766 0.543400
-0.179965 0.543400
0.181738 0.543042
-0.260638 0.543042
-0.093085 0.543042
-0.038121 0.543042
-0.171099 0.543042
0.429965 0.543042
0.380762 0.543042
-0.451241 0.543042
0.412234 0.543042
-0.321809 0.543042
0.283688 0.543042
0.515957 0.543042
-0.411791 0.543042
-0.274823 0.543042
0.060727 0.542683
-0.218972 0.542683
-0.166667 0.542324
-0.264184 0.542324
0.371454 0.542324
0.214982 0.542324
-0.335106 0.542324
-0.342199 0.542324
-0.148050 0.542324
-0.370567 0.542324
0.519504 0.542324
0.340426 0.542324
-0.498227 0.542324
0.347518 0.542324
-0.439716 0.542324
0.140071 0.542324
-0.011525 0.542324
0.432624 0.542324
0.436170 0.542324
0.337766 0.542324
-0.313830 0.542324
-0.304965 0.542324
-0.175089 0.542324
0.039007 0.541966
0.277482 0.541966
0.025709 0.541966
0.538564 0.541607
0.218972 0.541607
-0.021277 0.541607
-0.169326 0.541607
-0.249557 0.541607
-0.214539 0.541607
-0.195922 0.541607
0.446809 0.541607
0.288564 0.541607
-0.468085 0.541607
0.507092 0.541607
-0.560284 0.541515
0.535461 0.541248
0.134752 0.541248
0.261082 0.541248
-0.489362 0.541129
-0.159870 0.541129
-0.093085 0.540890
0.110816 0.540890
-0.243351 0.540890
-0.455674 0.540890
-0.178635 0.540890
-0.046099 0.540890
-0.508865 0.540890
0.044326 0.540890
0.079787 0.540890
-0.148936 0.540890
0.453901 0.540890
0.516844 0.540890
0.343972 0.540890
0.198582 0.540531
-0.433067 0.540531
0.286348 0.540531
0.495272 0.540411
-0.458333 0.540172
0.145390 0.540172
-0.005319 0.540172
0.062057 0.540172
0.293440 0.540172
0.140071 0.540172
-0.546986 0.540172
0.320035 0.540172
0.129433 0.540172
-0.073582 0.540172
0.050532 0.540172
-0.084220 0.539813
-0.379876 0.539813
0.400709 0.539813
0.550089 0.539455
-0.043440 0.539455
-0.511525 0.539455
-0.332447 0.539455
0.117021 0.539455
-0.269504 0.539455
0.523050 0.539455
-0.010638 0.539455
0.351064 0.539455
-0.532801 0.539455
0.337766 0.539455
-0.460993 0.539455
0.335106 0.539455
0.484043 0.539455
-0.356383 0.539455
-0.434840 0.539096
0.260195 0.539096
0.142730 0.539096
-0.180408 0.539096
-0.310875 0.538977
-0.302009 0.538977
-0.125887 0.538737
0.436170 0.538737
0.375887 0.538737
0.149823 0.538737
0.093972 0.538737
0.323582 0.538737
0.519504 0.538737
0.001773 0.538737
0.313387 0.538737
0.085106 0.538737
-0.407358 0.538737
0.428191 0.538737
0.282801 0.538618
0.197695 0.538379
-0.080674 0.538379
-0.266844 0.538020
-0.175532 0.538020
-0.008865 0.538020
0.161348 0.538020
-0.257092 0.538020
-0.504433 0.538020
0.040780 0.538020
0.432624 0.538020
-0.040780 0.538020
-0.076241 0.538020
0.546099 0.538020
-0.507979 0.538020
0.420656 0.538020
-0.001773 0.538020
-0.439716 0.538020
-0.320035 0.538020
-0.350768 0.537781
0.154699 0.537661
0.090426 0.537661
0.475177 0.537661
0.209220 0.537661
0.065603 0.537303
0.363475 0.537303
0.516844 0.537303
-0.250887 0.537303
0.376773 0.537303
-0.260638 0.537303
-0.479610 0.537303
0.498227 0.537303
-0.299350 0.537183
0.490544 0.537064
-0.225621 0.536944
0.300089 0.536944
-0.215426 0.536944
0.173759 0.536585
0.549645 0.536585
-0.375000 0.536585
0.373227 0.536585
0.398936 0.536585
0.354610 0.536585
0.159574 0.536585
-0.524823 0.536585
0.404255 0.536585
-0.007092 0.536585
0.338652 0.536585
0.111702 0.536585
-0.341312 0.536585
0.041667 0.536585
-0.352837 0.536585
-0.179078 0.536585
-0.168440 0.536585
-0.474291 0.536585
-0.502660 0.536585
0.091312 0.536227
0.010638 0.535868
0.135638 0.535868
0.409574 0.535868
0.542996 0.535868
0.078014 0.535868
-0.034574 0.535868
0.451241 0.535868
0.329787 0.535868
-0.429965 0.535868
0.430851 0.535868
0.553191 0.535639
-0.307920 0.535629
-0.023050 0.535151
-0.093972 0.535151
0.519504 0.535151
-0.335106 0.535151
0.117021 0.535151
0.374113 0.535151
-0.487589 0.535151
-0.453901 0.535151
-0.490248 0.535151
0.097518 0.535151
-0.037234 0.535151
-0.476064 0.535151
-0.211879 0.535151
-0.524823 0.535151
0.466312 0.535151
-0.515071 0.535151
0.042553 0.535151
-0.068262 0.535151
0.081560 0.535151
0.292110 0.534792
0.240691 0.534792
0.022606 0.534792
0.255319 0.534792
-0.386082 0.534792
0.556738 0.534693
-0.246158 0.534672
0.312057 0.534433
-0.084220 0.534433
-0.330674 0.534433
-0.188830 0.534433
-0.039894 0.534433
0.057181 0.534433
-0.048759 0.534433
-0.003546 0.534433
-0.484043 0.534433
-0.118351 0.534075
-0.125887 0.534075
-0.124113 0.534075
-0.243351 0.534075
0.201241 0.534075
-0.422872 0.534075
0.294770 0.534075
-0.524823 0.533716
0.088652 0.533716
0.066489 0.533716
0.122340 0.533716
0.039894 0.533716
0.007092 0.533716
0.544770 0.533716
0.269947 0.533716
0.019504 0.533716
-0.480496 0.533716
0.063830 0.533716
-0.074468 0.533716
0.539894 0.533716
0.131206 0.533716
0.371454 0.533716
-0.086879 0.533716
-0.338652 0.533716
0.342199 0.533716
0.429078 0.533716
-0.439716 0.533716
-0.122340 0.533357
-0.297577 0.533238
0.489953 0.533238
0.118794 0.532999
0.314716 0.532999
0.523050 0.532999
0.407358 0.532999
0.455674 0.532999
-0.520390 0.532999
0.278369 0.532879
-0.247636 0.532759
0.353723 0.532640
-0.162677 0.532640
0.367908 0.532281
0.150266 0.532281
-0.515957 0.532281
-0.213652 0.532281
0.050089 0.532281
-0.547872 0.532281
0.198582 0.532281
-0.265957 0.532281
-0.204787 0.532281
-0.526596 0.532281
-0.015957 0.532281
0.173759 0.532281
-0.277482 0.532281
0.000000 0.532281
-0.007979 0.532281
-0.415780 0.532281
-0.374557 0.532281
0.324468 0.532281
-0.342199 0.532281
-0.042553 0.532281
-0.481383 0.532281
-0.210993 0.532281
-0.216312 0.532281
0.536791 0.531923
0.530142 0.531923
0.280142 0.531803
0.163121 0.531564
0.398050 0.531564
0.194149 0.531564
-0.173759 0.531564
0.392730 0.531564
0.156915 0.531564
0.416667 0.531564
-0.488032 0.531564
-0.538121 0.531564
-0.062057 0.531564
-0.218085 0.531564
0.379433 0.531564
0.210106 0.531564
-0.338652 0.531564
-0.476950 0.531564
-0.524823 0.531564
0.441489 0.531564
-0.242021 0.531564
-0.155881 0.531444
0.554965 0.531335
0.141401 0.531205
0.476507 0.531205
0.251330 0.531205
0.044031 0.531086
0.517730 0.530846
-0.320035 0.530846
0.107270 0.530846
-0.520390 0.530846
0.005319 0.530846
-0.044326 0.530846
-0.019504 0.530846
0.448582 0.530846
0.072695 0.530846
-0.287234 0.530846
-0.105053 0.530846
0.306738 0.530846
-0.367908 0.530846
0.126773 0.530846
0.486702 0.530846
0.122340 0.530846
-0.028369 0.530846
0.265514 0.530488
-0.179521 0.530488
0.350621 0.530488
0.276596 0.530488
-0.096631 0.530488
-0.223848 0.530488
0.078901 0.530488
0.035018 0.530488
-0.227837 0.530129
0.109929 0.530129
0.461879 0.530129
0.320922 0.530129
-0.410904 0.530129
0.492908 0.530129
-0.515071 0.530129
-0.199468 0.530129
0.001773 0.530129
-0.477837 0.530129
-0.526596 0.530129
0.533688 0.529770
-0.555851 0.529469
0.290780 0.529412
-0.023050 0.529412
-0.122340 0.529412
0.015071 0.529412
0.007092 0.529412
-0.350621 0.529412
-0.473404 0.529412
0.278369 0.529412
-0.326241 0.529412
0.024823 0.529412
0.343528 0.529412
0.370567 0.529412
0.410461 0.529412
-0.124113 0.529412
-0.460993 0.529412
-0.363032 0.529412
0.538564 0.529412
0.546543 0.529412
-0.485372 0.529412
-0.277482 0.529412
0.483156 0.529053
-0.048759 0.528694
-0.146277 0.528694
-0.498227 0.528694
-0.114805 0.528694
0.324468 0.528694
-0.519504 0.528694
0.521277 0.528694
0.352837 0.528694
0.530142 0.528694
0.074468 0.528336
0.433511 0.528336
0.042258 0.528216
0.051566 0.528216
0.276596 0.527977
0.475621 0.527977
0.514184 0.527977
0.367021 0.527977
-0.020390 0.527977
0.453014 0.527977
0.030585 0.527977
0.330674 0.527977
-0.089539 0.527977
-0.205674 0.527977
0.526152 0.527977
-0.041667 0.527977
-0.379433 0.527977
0.093972 0.527977
-0.065603 0.527977
0.135638 0.527977
0.553191 0.527977
-0.330674 0.527977
-0.058511 0.527977
0.296099 0.527977
0.301418 0.527977
-0.267730 0.527977
-0.360816 0.527738
-0.449911 0.527618
0.485816 0.527618
0.272163 0.527618
-0.302896 0.527499
0.218972 0.527499
-0.363475 0.527499
-0.126773 0.527260
-0.125000 0.527260
-0.117021 0.527260
0.535461 0.527260
0.197695 0.527260
-0.313830 0.527260
-0.045213 0.527260
0.450355 0.527260
-0.345301 0.527260
-0.440603 0.527260
0.312943 0.527260
-0.453901 0.527260
-0.500000 0.527260
-0.457447 0.527260
0.045508 0.527021
-0.430408 0.526901
-0.083777 0.526901
0.179965 0.526901
0.533688 0.526542
0.201241 0.526542
0.363475 0.526542
0.274823 0.526542
0.460993 0.526542
-0.115248 0.526542
0.193262 0.526542
-0.130319 0.526542
-0.047872 0.526542
0.081560 0.526542
-0.372784 0.526542
0.062943 0.526542
0.152482 0.526184
0.078901 0.526184
0.257092 0.526184
0.462766 0.525825
0.529699 0.525825
0.186170 0.525825
-0.201241 0.525825
0.520833 0.525825
-0.033688 0.525825
-0.529255 0.525825
-0.560284 0.525684
-0.093085 0.525466
-0.158245 0.525466
-0.097074 0.525466
-0.232713 0.525466
0.172429 0.525466
0.072400 0.525347
-0.326241 0.525108
0.525709 0.525108
0.547872 0.525108
0.262411 0.525108
0.020390 0.525108
0.385638 0.525108
-0.340426 0.525108
0.367021 0.525108
-0.492908 0.525108
-0.010638 0.525108
0.131206 0.525108
0.324468 0.525108
-0.216312 0.525108
0.296099 0.525108
-0.127660 0.525108
0.067376 0.525108
0.492908 0.525108
0.168883 0.524749
0.502216 0.524749
-0.476064 0.524390
-0.336879 0.524390
0.330674 0.524390
-0.131206 0.524390
0.454787 0.524390
0.340869 0.524390
-0.354610 0.524390
0.489362 0.524390
0.059840 0.524390
0.459220 0.524390
0.210993 0.523912
-0.255024 0.523912
0.255319 0.523673
-0.227837 0.523673
-0.202128 0.523673
0.500887 0.523673
0.537234 0.523673
0.083333 0.523673
0.379433 0.523673
-0.212766 0.523673
0.336879 0.523673
0.251330 0.523673
0.375000 0.523673
0.156028 0.523673
0.452128 0.523673
0.043440 0.523673
-0.268617 0.523673
0.468085 0.523314
0.154255 0.523314
-0.000887 0.522956
-0.027482 0.522956
0.339539 0.522956
-0.406028 0.522956
0.196809 0.522956
0.103723 0.522956
0.171099 0.522956
-0.328901 0.522956
0.422429 0.522956
-0.198582 0.522956
0.437943 0.522956
0.079787 0.522956
0.535461 0.522956
0.074173 0.522836
-0.366135 0.522716
0.144356 0.522597
0.485816 0.522597
0.046690 0.522477
0.285461 0.522238
0.455674 0.522238
0.126773 0.522238
-0.326241 0.522238
0.200355 0.522238
-0.490691 0.522238
0.262411 0.522238
0.296099 0.522238
-0.547872 0.522238
-0.221631 0.522238
-0.232713 0.522238
0.460106 0.522238
0.258865 0.522238
-0.292553 0.522238
-0.471631 0.522238
-0.147163 0.522238
-0.011525 0.522238
-0.348404 0.522238
-0.478723 0.522238
0.182624 0.521879
-0.055851 0.521521
-0.025709 0.521521
-0.289894 0.521521
0.361702 0.521521
-0.156915 0.521521
-0.062943 0.521521
-0.265071 0.521521
0.281028 0.521521
0.347518 0.521521
-0.208333 0.521521
-0.202128 0.521521
0.117021 0.521521
0.466312 0.521162
0.203457 0.521162
-0.226507 0.521162
0.039007 0.521162
0.249557 0.521162
0.166223 0.521162
0.145981 0.520803
0.023050 0.520803
0.376330 0.520803
0.371897 0.520803
-0.331560 0.520803
0.416223 0.520803
-0.401596 0.520803
-0.530142 0.520803
-0.308511 0.520803
0.015957 0.520803
-0.199468 0.520803
-0.372340 0.520803
0.335993 0.520803
-0.223404 0.520445
-0.540189 0.520325
-0.018617 0.520086
0.247340 0.520086
0.307624 0.520086
-0.129433 0.520086
-0.303191 0.520086
-0.097074 0.520086
0.383865 0.520086
0.338652 0.520086
-0.073582 0.520086
0.087766 0.520086
0.081560 0.520086
0.140071 0.520086
0.554743 0.519961
0.219858 0.519847
0.072104 0.519847
0.465426 0.519727
0.482713 0.519727
0.075059 0.519608
0.067080 0.519608
0.109929 0.519369
0.513298 0.519369
-0.415337 0.519369
-0.460993 0.519369
-0.377660 0.519369
0.489362 0.519369
0.544326 0.519369
-0.443262 0.519369
-0.356383 0.519369
-0.344858 0.519369
-0.033688 0.519369
-0.436170 0.519369
0.135638 0.519369
-0.400709 0.519369
-0.214539 0.519369
-0.394504 0.519369
0.367908 0.519369
-0.453901 0.519369
-0.208333 0.519369
-0.269504 0.519369
-0.311170 0.519369
0.090426 0.519369
-0.102394 0.519369
-0.372340 0.519010
-0.241578 0.519010
0.447252 0.519010
0.526448 0.518890
0.343528 0.518651
0.326241 0.518651
0.097518 0.518651
0.471631 0.518651
-0.225177 0.518651
-0.049645 0.518651
0.054965 0.518651
-0.320035 0.518651
-0.295213 0.518651
-0.526596 0.518651
0.213209 0.518532
-0.552305 0.518453
-0.089982 0.518293
0.203457 0.518293
0.047872 0.517934
0.342199 0.517934
-0.196809 0.517934
0.179078 0.517934
0.320922 0.517934
-0.292553 0.517934
0.377216 0.517934
-0.445035 0.517934
-0.405142 0.517934
0.008865 0.517934
-0.113475 0.517934
-0.368794 0.517934
-0.338652 0.517934
0.381206 0.517934
0.140071 0.517934
-0.093972 0.517934
-0.313830 0.517934
0.157801 0.517934
-0.032801 0.517934
-0.485816 0.517934
0.363918 0.517934
-0.382092 0.517575
-0.238918 0.517575
0.506649 0.517575
-0.066933 0.517575
0.429965 0.517575
-0.305260 0.517456
-0.148936 0.517217
0.159574 0.517217
-0.474291 0.517217
-0.359929 0.517217
0.365691 0.517217
-0.156028 0.517217
-0.118794 0.517217
0.025709 0.517217
0.414894 0.517217
0.206560 0.517217
-0.099291 0.517217
0.534574 0.517217
-0.311170 0.517217
-0.559397 0.517019
0.106974 0.516978
-0.534279 0.516978
0.368351 0.516858
0.465426 0.516858
-0.299941 0.516738
0.068853 0.516738
-0.198582 0.516499
0.388298 0.516499
0.081560 0.516499
-0.404255 0.516499
0.443262 0.516499
-0.343972 0.516499
0.486259 0.516499
-0.523050 0.516499
-0.390071 0.516499
0.546099 0.516499
0.505319 0.516499
-0.280142 0.516499
-0.308511 0.516499
0.075355 0.516499
0.258865 0.516499
-0.124113 0.516499
-0.152482 0.516499
-0.233156 0.516499
-0.218085 0.516499
0.102541 0.516260
-0.235816 0.516260
0.371011 0.516141
0.248670 0.516141
0.477394 0.516141
0.496454 0.516141
0.440603 0.516141
0.338652 0.515782
0.352394 0.515782
0.151596 0.515782
0.552748 0.515782
-0.004433 0.515782
-0.386525 0.515782
0.361702 0.515782
0.502660 0.515782
0.539894 0.515782
0.160461 0.515782
0.078014 0.515782
0.018174 0.515782
0.254433 0.515782
0.509309 0.515423
-0.221631 0.515423
-0.078457 0.515423
-0.368794 0.515423
0.488032 0.515423
0.245567 0.515423
-0.305260 0.515304
-0.560284 0.515131
-0.370567 0.515065
-0.200355 0.515065
0.376330 0.515065
0.290780 0.515065
0.331560 0.515065
-0.337766 0.515065
-0.551418 0.515065
0.297872 0.515065
0.372784 0.515065
-0.060284 0.515065
-0.212766 0.515065
-0.206560 0.515065
-0.530142 0.515065
0.089539 0.515065
-0.476064 0.515065
-0.328901 0.515065
-0.541371 0.514825
0.366135 0.514706
0.060727 0.514706
0.016401 0.514706
0.125887 0.514347
0.383865 0.514347
0.507979 0.514347
0.451241 0.514347
0.289007 0.514347
0.175532 0.514347
-0.240248 0.514347
0.368794 0.514347
-0.088652 0.514347
0.145390 0.514347
-0.294326 0.514347
-0.218085 0.514347
0.278369 0.514347
-0.326241 0.514347
-0.302009 0.514108
0.497784 0.513989
-0.183067 0.513989
-0.366135 0.513989
0.196365 0.513989
-0.223404 0.513989
0.053635 0.513989
0.437057 0.513989
-0.254433 0.513869
-0.505319 0.513630
-0.490248 0.513630
0.258865 0.513630
0.351950 0.513630
0.116135 0.513630
0.537234 0.513630
-0.320035 0.513630
-0.028369 0.513630
0.158688 0.513630
-0.407801 0.513630
0.180851 0.513630
-0.456560 0.513630
0.370567 0.513271
0.151152 0.513271
0.465426 0.513271
0.493794 0.513271
-0.538416 0.513152
-0.237145 0.513032
0.264184 0.512912
0.154255 0.512912
-0.406028 0.512912
0.344415 0.512912
0.306738 0.512912
-0.154255 0.512912
-0.402482 0.512912
-0.285461 0.512912
0.092199 0.512912
0.042553 0.512912
0.292553 0.512912
-0.196809 0.512912
0.129433 0.512912
-0.205674 0.512912
0.361702 0.512912
-0.246454 0.512673
0.226359 0.512673
-0.299054 0.512434
0.218972 0.512434
0.024379 0.512195
0.363475 0.512195
0.140957 0.512195
0.510638 0.512195
0.372340 0.512195
-0.143617 0.512195
0.003546 0.512195
-0.453014 0.512195
0.379433 0.512195
0.421986 0.512195
-0.064716 0.512195
0.120567 0.512195
-0.054965 0.512195
0.159574 0.512195
0.542553 0.512195
0.250000 0.512195
-0.336879 0.512195
-0.114362 0.512195
0.343085 0.512195
0.328014 0.512195
-0.228723 0.512195
-0.314716 0.512195
0.201241 0.512195
-0.385638 0.511836
0.369681 0.511836
0.062500 0.511836
0.447252 0.511836
-0.559397 0.511742
-0.103280 0.511478
0.459220 0.511478
0.548759 0.511478
-0.312057 0.511478
0.504433 0.511478
-0.558511 0.511478
-0.136525 0.511478
-0.110816 0.511478
-0.425975 0.511478
-0.261525 0.511478
-0.541371 0.511239
0.467199 0.511119
0.212323 0.511119
0.455230 0.511119
0.495124 0.511119
0.524232 0.511000
-0.480496 0.510760
0.032801 0.510760
-0.210993 0.510760
0.124113 0.510760
-0.155585 0.510760
-0.083333 0.510760
-0.106383 0.510760
0.010638 0.510760
-0.461879 0.510760
0.515957 0.510760
-0.523493 0.510760
0.072252 0.510760
-0.307624 0.510760
0.020390 0.510760
0.416667 0.510760
-0.129433 0.510760
0.499113 0.510760
-0.225177 0.510760
0.088652 0.510760
0.407801 0.510760
0.343972 0.510760
0.479610 0.510760
-0.388298 0.510760
0.064716 0.510760
0.501773 0.510760
0.105792 0.510282
-0.148936 0.510043
0.409574 0.510043
-0.201241 0.510043
0.487145 0.510043
-0.408688 0.510043
-0.145390 0.510043
-0.421543 0.510043
0.000887 0.510043
0.059397 0.510043
0.177305 0.510043
-0.396277 0.510043
0.096631 0.510043
-0.152039 0.510043
0.405142 0.510043
-0.560284 0.509854
0.207890 0.509684
0.013741 0.509684
0.051862 0.509684
0.357270 0.509326
-0.069149 0.509326
-0.544326 0.509326
0.044326 0.509326
0.182624 0.509326
-0.406915 0.509326
0.245567 0.509326
0.507092 0.509326
-0.558511 0.509326
0.521277 0.509326
0.494681 0.509326
-0.554078 0.509326
-0.290780 0.509326
0.370567 0.509326
-0.356383 0.509326
0.262411 0.509326
0.411348 0.509326
0.363475 0.509326
0.127660 0.509326
0.148936 0.509326
0.402482 0.509326
-0.443853 0.509326
0.320479 0.509326
-0.221631 0.509326
-0.026152 0.508967
0.343085 0.508967
-0.021720 0.508967
0.187500 0.508967
0.061613 0.508967
-0.071365 0.508967
0.395390 0.508967
-0.366430 0.508847
0.524232 0.508847
0.103428 0.508728
0.300532 0.508608
0.016844 0.508608
0.220745 0.508608
0.192376 0.508608
-0.226950 0.508608
-0.208333 0.508608
-0.087766 0.508608
0.388298 0.508608
0.170213 0.508608
-0.030142 0.508608
0.556738 0.508309
-0.019504 0.507891
0.330674 0.507891
-0.051418 0.507891
0.312500 0.507891
0.071809 0.507891
0.067819 0.507891
-0.278369 0.507891
-0.491135 0.507891
0.459220 0.507891
0.085106 0.507891
-0.150266 0.507891
0.147163 0.507891
-0.320922 0.507891
-0.301418 0.507891
0.063830 0.507891
-0.459220 0.507891
-0.232270 0.507891
0.134752 0.507891
0.191046 0.507532
0.024823 0.507532
0.345745 0.507174
0.009309 0.507174
-0.359929 0.507174
-0.478723 0.507174
-0.395390 0.507174
0.101064 0.507174
-0.543440 0.507174
0.521277 0.507174
-0.536348 0.507174
0.439716 0.507174
-0.079935 0.507054
0.110520 0.506934
0.339539 0.506815
0.197252 0.506815
0.503546 0.506456
0.177305 0.506456
-0.409574 0.506456
0.363475 0.506456
0.500887 0.506456
-0.092199 0.506456
0.512411 0.506456
-0.205674 0.506456
0.369681 0.506456
-0.097074 0.506456
-0.517730 0.506456
0.449468 0.506456
-0.297872 0.506456
0.121454 0.506456
-0.034131 0.506456
0.551418 0.506456
-0.101950 0.506456
0.309397 0.506456
0.371454 0.506456
0.005319 0.506456
-0.455674 0.506456
0.091312 0.506456
-0.426418 0.506456
0.019947 0.506098
0.380319 0.506098
0.535018 0.506098
0.099291 0.506098
0.033245 0.506098
-0.203901 0.505739
0.039007 0.505739
-0.111702 0.505739
0.359043 0.505739
0.457447 0.505739
0.152039 0.505739
-0.429965 0.505739
0.460993 0.505739
-0.105053 0.505739
-0.086288 0.505500
0.228132 0.505500
-0.093528 0.505380
-0.334220 0.505380
0.073138 0.505022
0.521277 0.505022
-0.140957 0.505022
0.273493 0.505022
-0.210993 0.505022
-0.293440 0.505022
0.181738 0.505022
-0.162677 0.505022
0.097518 0.505022
0.405142 0.505022
0.068706 0.505022
0.064716 0.505022
-0.542553 0.505022
-0.063830 0.505022
0.202128 0.505022
0.475177 0.505022
0.225177 0.505022
-0.236702 0.505022
0.532654 0.504902
0.230940 0.504663
0.190603 0.504304
0.552305 0.504304
-0.094858 0.504304
0.339096 0.504304
-0.287234 0.504304
-0.133865 0.504304
-0.216312 0.504304
-0.149379 0.504304
0.402482 0.504304
0.411348 0.504304
0.150266 0.504304
0.026152 0.503945
-0.545213 0.503587
0.462766 0.503587
-0.409574 0.503587
0.179078 0.503587
0.333333 0.503587
0.312500 0.503587
-0.399823 0.503587
-0.186170 0.503587
0.306738 0.503587
-0.520833 0.503587
0.347518 0.503587
0.473404 0.503587
-0.316489 0.503587
-0.548759 0.503587
0.504433 0.503587
-0.004433 0.503587
0.115248 0.503587
0.142730 0.503587
0.366135 0.503587
0.370567 0.503587
0.482713 0.503587
0.023050 0.503587
-0.405142 0.503587
0.508865 0.503587
0.459220 0.503587
0.480053 0.503587
-0.234929 0.503587
-0.061170 0.503587
-0.281028 0.503587
-0.434397 0.503587
-0.195626 0.503348
0.267287 0.503228
0.187943 0.502869
0.197695 0.502869
0.359043 0.502869
0.490248 0.502869
-0.208333 0.502869
-0.312057 0.502869
0.554965 0.502592
0.194592 0.502511
-0.026152 0.502511
-0.460550 0.502511
0.495567 0.502511
-0.414450 0.502511
-0.403369 0.502152
0.471631 0.502152
-0.171986 0.502152
0.074468 0.502152
-0.381206 0.502152
-0.262411 0.502152
-0.271277 0.502152
0.347074 0.502152
-0.470745 0.502152
0.415780 0.502152
-0.547872 0.502152
0.234043 0.502152
-0.241135 0.502152
0.070035 0.502152
-0.479610 0.502152
-0.019504 0.502152
-0.299645 0.502152
-0.517730 0.502152
0.324468 0.501435
0.222518 0.501435
0.081560 0.501435
0.019504 0.501435
-0.297872 0.501435
-0.428191 0.501435
0.550532 0.501435
0.219858 0.501435
0.174202 0.501435
0.429965 0.501435
-0.256206 0.501435
-0.320922 0.501435
0.555851 0.501157
-0.024379 0.501076
0.497340 0.501076
-0.362884 0.500956
0.148493 0.500717
0.126773 0.500717
-0.273050 0.500717
0.312057 0.500717
-0.475177 0.500717
0.109043 0.500717
-0.442671 0.500717
0.143617 0.500717
-0.385638 0.500717
-0.296099 0.500717
-0.409574 0.500717
0.073582 0.500717
-0.028369 0.500717
-0.489362 0.500717
-0.217199 0.500717
-0.398936 0.500717
0.351950 0.500717
0.509752 0.500717
0.477837 0.500717
0.153369 0.500717
-0.200059 0.500478
0.200798 0.500359
0.392730 0.500359
-0.289894 0.500000
0.136525 0.500000
0.206560 0.500000
0.004876 0.500000
0.215426 0.500000
0.183511 0.500000
0.313830 0.500000
0.259752 0.500000
-0.050532 0.500000
-0.192080 0.499761
-0.414450 0.499641
0.390071 0.499641
-0.373522 0.499522
-0.560284 0.499300
0.029255 0.499283
0.551418 0.499283
0.354610 0.499283
0.194149 0.499283
-0.237589 0.499283
-0.437943 0.499283
-0.407801 0.499283
-0.347074 0.499283
0.294326 0.499283
-0.542110 0.499283
-0.114362 0.499283
-0.554078 0.499283
-0.356383 0.499283
-0.141844 0.499283
-0.427305 0.499283
-0.064716 0.499283
0.554965 0.499283
-0.337766 0.499283
-0.334663 0.498924
0.076241 0.498565
-0.487589 0.498565
-0.548759 0.498565
-0.032358 0.498565
0.462766 0.498565
0.207447 0.498565
0.006206 0.498565
0.459220 0.498565
-0.524379 0.498565
-0.419326 0.498565
0.500887 0.498207
-0.411791 0.498207
0.031472 0.498207
-0.305851 0.498207
0.367465 0.497848
0.351950 0.497848
0.467199 0.497848
0.364805 0.497848
-0.296986 0.497848
0.120567 0.497848
0.552305 0.497848
0.369238 0.497848
-0.012411 0.497848
-0.314716 0.497848
-0.101507 0.497848
0.102837 0.497848
-0.022163 0.497848
-0.138298 0.497848
-0.024823 0.497848
-0.118794 0.497848
0.224291 0.497848
-0.046099 0.497848
-0.556738 0.497848
-0.062057 0.497848
0.526596 0.497848
0.556738 0.497756
0.274823 0.497489
0.382092 0.497131
-0.521277 0.497131
0.146277 0.497131
0.075355 0.497131
-0.030585 0.497131
-0.224291 0.497131
-0.416667 0.497131
0.151152 0.497131
-0.041223 0.497131
0.314716 0.497131
0.137411 0.497131
0.142730 0.497131
0.321809 0.497131
-0.057624 0.497131
-0.461879 0.497131
0.538121 0.497131
-0.097961 0.496772
0.022606 0.496772
-0.330674 0.496772
-0.302305 0.496772
0.502216 0.496772
0.343972 0.496772
-0.367317 0.496652
-0.454344 0.496413
-0.090426 0.496413
0.445922 0.496413
-0.053191 0.496413
0.054965 0.496413
0.549645 0.496413
0.036348 0.496413
0.485816 0.496413
0.483156 0.496413
-0.451241 0.496413
-0.457447 0.496413
-0.316489 0.496413
-0.325355 0.496413
-0.275709 0.496413
-0.542996 0.496413
0.318262 0.496413
-0.289007 0.496413
-0.553191 0.496413
0.491135 0.496055
0.541223 0.496055
-0.197991 0.495935
0.152039 0.495696
0.469858 0.495696
0.168883 0.495696
-0.497340 0.495696
-0.414007 0.495696
-0.065603 0.495696
-0.110372 0.495696
-0.403369 0.495696
-0.421986 0.495696
0.099734 0.495696
0.316489 0.495696
-0.429965 0.495696
0.224291 0.495696
-0.544770 0.495337
-0.329787 0.494978
-0.441489 0.494978
-0.549645 0.494978
-0.178191 0.494978
0.328014 0.494978
-0.360816 0.494978
0.510638 0.494978
0.011303 0.494978
0.015957 0.494978
0.313830 0.494978
0.166667 0.494978
-0.015957 0.494978
0.183511 0.494978
0.371454 0.494978
0.544326 0.494978
-0.105496 0.494978
0.409574 0.494978
0.523050 0.494978
-0.355201 0.494739
-0.335106 0.494620
-0.131206 0.494620
0.553191 0.494446
0.074468 0.494261
0.529255 0.494261
-0.175532 0.494261
0.497784 0.494261
-0.278369 0.494261
-0.406028 0.494261
0.100177 0.494261
-0.010638 0.494261
-0.452571 0.494261
-0.046986 0.494261
0.029255 0.494261
0.187057 0.494022
0.158245 0.493902
0.256649 0.493902
0.488032 0.493902
-0.227394 0.493902
0.171543 0.493544
-0.371454 0.493544
-0.000443 0.493544
0.145390 0.493544
0.320922 0.493544
0.141844 0.493544
0.226950 0.493544
-0.256206 0.493544
0.004433 0.493544
0.221631 0.493544
-0.541667 0.493544
-0.116135 0.493544
-0.005319 0.493544
-0.294326 0.493544
-0.491135 0.493544
0.106383 0.493544
0.096631 0.493544
-0.267730 0.493544
0.462766 0.493544
-0.189716 0.493544
-0.199173 0.493305
-0.558511 0.493297
-0.410018 0.493185
-0.308511 0.493185
-0.472518 0.493185
0.542110 0.493185
-0.211436 0.493185
-0.389480 0.493066
-0.054965 0.492826
-0.378546 0.492826
-0.329787 0.492826
-0.459220 0.492826
-0.153369 0.492826
0.169326 0.492826
0.080674 0.492826
-0.334220 0.492826
0.128546 0.492826
-0.075355 0.492826
0.522163 0.492826
-0.392435 0.492587
0.556738 0.492479
-0.511082 0.492468
-0.299645 0.492468
-0.219415 0.492468
0.005541 0.492109
0.146277 0.492109
0.545213 0.492109
0.029255 0.492109
-0.204787 0.492109
0.149823 0.492109
0.528369 0.492109
-0.403369 0.492109
0.077128 0.492109
0.427305 0.492109
-0.432624 0.492109
0.125887 0.492109
-0.524823 0.492109
-0.069592 0.491750
0.025266 0.491750
-0.514628 0.491750
0.325355 0.491392
0.060284 0.491392
0.449468 0.491392
0.394504 0.491392
0.402482 0.491392
-0.280142 0.491392
-0.449468 0.491392
-0.438830 0.491392
-0.296099 0.491392
0.209663 0.491392
0.224291 0.491392
-0.270390 0.491392
-0.545213 0.491392
-0.304965 0.491392
0.201832 0.491153
0.551418 0.490859
0.015957 0.490674
0.011303 0.490674
0.150709 0.490674
-0.365248 0.490674
0.391844 0.490674
0.176418 0.490674
0.407801 0.490674
0.180851 0.490674
-0.505319 0.490674
0.097518 0.490674
-0.334220 0.490674
-0.110816 0.490674
0.006649 0.490674
0.513298 0.490674
-0.182624 0.490674
0.161348 0.490674
0.323582 0.490674
-0.142730 0.490674
-0.538564 0.490674
-0.247340 0.490674
0.206265 0.490435
-0.359634 0.490435
-0.370567 0.490316
0.034131 0.490316
-0.301418 0.490316
0.479610 0.489957
0.500887 0.489957
0.079787 0.489957
-0.046099 0.489957
0.018617 0.489957
-0.112145 0.489957
-0.021277 0.489957
-0.060284 0.489957
-0.508865 0.489957
-0.212323 0.489957
0.122340 0.489957
0.140071 0.489957
0.184397 0.489718
-0.377660 0.489598
0.025266 0.489598
0.473848 0.489598
0.488032 0.489598
-0.014184 0.489240
-0.113475 0.489240
-0.297872 0.489240
0.021277 0.489240
0.216312 0.489240
-0.044326 0.489240
0.309397 0.489240
-0.379433 0.489240
-0.101064 0.489240
-0.155142 0.489240
-0.512411 0.489240
-0.083333 0.489240
-0.283688 0.489240
0.551418 0.489240
0.109929 0.489240
-0.325355 0.489240
0.436170 0.489240
0.368351 0.489240
0.521277 0.489240
0.482713 0.488881
-0.186613 0.488881
-0.008865 0.488522
0.242908 0.488522
0.039007 0.488522
0.343085 0.488522
0.114362 0.488522
0.042553 0.488522
0.363475 0.488522
0.527482 0.488522
-0.308511 0.488164
0.538121 0.487805
-0.327128 0.487805
0.485816 0.487805
-0.535461 0.487805
-0.320922 0.487805
0.311170 0.487805
-0.093972 0.487805
0.129433 0.487805
-0.146277 0.487805
0.020390 0.487805
-0.254433 0.487805
0.253546 0.487805
-0.391696 0.487685
0.207595 0.487566
0.268174 0.487446
0.339982 0.487446
-0.362884 0.487327
-0.549645 0.487088
-0.201241 0.487088
-0.342199 0.487088
-0.161348 0.487088
0.531915 0.487088
-0.367021 0.487088
0.545213 0.487088
-0.035461 0.487088
-0.436170 0.487088
-0.357270 0.487088
-0.252069 0.486848
-0.349882 0.486848
-0.560284 0.486841
0.028812 0.486729
-0.193706 0.486729
0.460550 0.486729
-0.537677 0.486729
0.415337 0.486729
-0.527482 0.486370
-0.339539 0.486370
0.534574 0.486370
-0.104610 0.486370
0.024823 0.486370
0.297872 0.486370
0.396720 0.486370
0.370567 0.486370
0.138298 0.486370
-0.140071 0.486370
0.065603 0.486370
-0.515957 0.486370
-0.230496 0.486370
0.019504 0.486370
0.514184 0.486370
-0.258865 0.486370
-0.351212 0.486131
-0.385195 0.486011
0.411791 0.486011
0.489805 0.486011
-0.306738 0.486011
-0.507979 0.485653
0.229167 0.485653
0.226507 0.485653
0.130319 0.485653
0.125000 0.485653
0.332004 0.485653
-0.551418 0.485653
-0.517730 0.485653
0.388298 0.485653
0.402039 0.485653
-0.220745 0.485653
0.214243 0.485414
0.115248 0.484935
-0.547872 0.484935
-0.026596 0.484935
0.221631 0.484935
-0.312057 0.484935
-0.295213 0.484935
-0.149823 0.484935
-0.137411 0.484935
0.507979 0.484935
0.023936 0.484935
0.527482 0.484935
0.037234 0.484935
0.301418 0.484935
0.161348 0.484935
-0.296986 0.484935
-0.262411 0.484935
0.059840 0.484577
-0.183067 0.484577
0.468085 0.484218
-0.272163 0.484218
-0.094858 0.484218
0.329787 0.484218
-0.452128 0.484218
0.335550 0.484218
0.487589 0.484218
0.292553 0.484218
-0.319149 0.484218
-0.360520 0.483979
0.256501 0.483979
0.349291 0.483859
-0.496011 0.483859
0.423316 0.483859
-0.202128 0.483501
-0.345745 0.483501
-0.557624 0.483501
-0.276596 0.483501
0.035461 0.483501
0.028369 0.483501
-0.159574 0.483501
0.073582 0.483501
0.304965 0.483501
-0.268617 0.483501
0.131206 0.483501
0.495567 0.483501
0.540780 0.483501
0.015071 0.483501
-0.513298 0.483501
0.555851 0.483430
-0.482934 0.483321
0.233156 0.483262
0.186170 0.483262
0.179521 0.483142
-0.538564 0.483142
-0.354462 0.483022
-0.455674 0.482783
0.363032 0.482783
0.382092 0.482783
-0.179965 0.482783
0.316489 0.482783
-0.021277 0.482783
0.054078 0.482783
0.549645 0.482783
0.506206 0.482783
0.501773 0.482783
0.195922 0.482544
0.243794 0.482544
-0.503103 0.482425
-0.515514 0.482425
-0.542110 0.482425
-0.546099 0.482066
-0.293883 0.482066
-0.065603 0.482066
-0.289450 0.482066
0.097074 0.482066
0.134752 0.482066
-0.340426 0.482066
-0.055851 0.482066
0.302305 0.482066
-0.111702 0.482066
-0.439716 0.482066
0.287234 0.482066
-0.322695 0.482066
-0.153369 0.482066
0.556738 0.481925
-0.212766 0.481707
-0.360225 0.481588
-0.062943 0.481588
0.027482 0.481349
-0.364362 0.481349
-0.273936 0.481349
0.440603 0.481349
0.039007 0.481349
0.031028 0.481349
-0.492908 0.481349
-0.320035 0.481349
-0.377660 0.481349
0.293440 0.481349
0.205378 0.481110
0.342642 0.480990
-0.370124 0.480990
0.048316 0.480990
0.160018 0.480990
-0.469858 0.480990
0.406028 0.480990
-0.059397 0.480870
0.107565 0.480631
-0.323582 0.480631
-0.354167 0.480631
-0.434397 0.480631
-0.332447 0.480631
-0.027482 0.480631
-0.537234 0.480631
-0.510638 0.480631
-0.308511 0.480631
0.010638 0.480631
-0.115248 0.480631
0.384752 0.480631
-0.015957 0.480631
-0.317376 0.480631
-0.147163 0.480631
-0.302305 0.480631
-0.420213 0.480631
-0.296099 0.480631
0.191194 0.480631
0.132535 0.480273
0.259456 0.480153
-0.156472 0.479914
-0.320922 0.479914
-0.007092 0.479914
-0.540780 0.479914
0.275709 0.479914
-0.030142 0.479914
-0.132979 0.479914
0.013298 0.479914
0.339539 0.479914
0.092199 0.479914
0.525709 0.479914
0.437943 0.479914
0.534870 0.479675
0.230053 0.479675
-0.254728 0.479675
0.058067 0.479555
0.134309 0.479555
-0.524379 0.479555
-0.380319 0.479555
-0.097961 0.479555
-0.472296 0.479376
-0.292553 0.479197
0.026596 0.479197
-0.429078 0.479197
0.042553 0.479197
0.355496 0.479197
-0.324468 0.479197
0.118351 0.479197
-0.283688 0.479197
-0.521277 0.479197
-0.359929 0.479197
-0.271277 0.479197
0.055851 0.479197
0.140071 0.479197
-0.143617 0.479197
0.287234 0.479197
-0.347074 0.479197
-0.343085 0.479197
0.537530 0.478957
0.261820 0.478957
0.208924 0.478957
-0.220745 0.478957
0.456117 0.478838
0.252364 0.478718
-0.252364 0.478718
-0.371454 0.478479
0.126330 0.478479
-0.267730 0.478479
0.310284 0.478479
0.216312 0.478479
0.530142 0.478479
0.224734 0.478479
0.507092 0.478479
-0.422872 0.478479
-0.022163 0.478479
-0.560284 0.478193
0.556294 0.478050
-0.070479 0.477762
-0.382979 0.477762
0.453901 0.477762
-0.434397 0.477762
0.553191 0.477762
0.070922 0.477762
0.264184 0.477762
0.023050 0.477762
-0.140071 0.477762
-0.264184 0.477762
-0.080674 0.477762
0.007092 0.477762
-0.234929 0.477762
-0.147163 0.477762
0.003546 0.477762
-0.218972 0.477403
0.430408 0.477403
-0.254876 0.477403
-0.533245 0.477403
-0.505762 0.477403
-0.223404 0.477164
-0.292553 0.477044
-0.236702 0.477044
0.365248 0.477044
0.066489 0.477044
-0.257979 0.477044
0.279846 0.477044
-0.390071 0.477044
0.015957 0.477044
-0.288121 0.477044
0.545508 0.476805
-0.299645 0.476805
-0.305851 0.476805
-0.229610 0.476805
-0.335993 0.476686
0.139628 0.476686
0.166223 0.476686
0.181294 0.476686
0.556738 0.476648
-0.252512 0.476447
0.335993 0.476327
0.348848 0.476327
-0.028369 0.476327
0.186613 0.476327
0.394947 0.476327
-0.425532 0.476327
-0.439716 0.476327
-0.012411 0.476327
0.062057 0.476327
0.092199 0.476327
-0.517730 0.476327
-0.397163 0.476327
0.287234 0.476327
0.203901 0.476327
0.500887 0.476327
-0.086879 0.476327
-0.001773 0.476327
-0.450355 0.476327
0.047872 0.476327
-0.214539 0.476327
-0.131206 0.476327
0.145390 0.476327
0.261820 0.476088
0.228723 0.476088
-0.218085 0.475968
0.554521 0.475968
0.052748 0.475968
0.059840 0.475968
0.537825 0.475849
-0.261525 0.475610
-0.429078 0.475610
-0.186170 0.475610
-0.442376 0.475610
0.292553 0.475610
0.017730 0.475610
-0.403369 0.475610
0.508865 0.475610
0.178191 0.475610
-0.251182 0.475371
-0.017139 0.475371
-0.273715 0.475251
-0.328014 0.475251
-0.177305 0.475251
-0.324911 0.475251
-0.557624 0.475108
-0.248079 0.475012
0.264184 0.474892
-0.358156 0.474892
0.094415 0.474892
-0.266844 0.474892
-0.520390 0.474892
-0.363475 0.474892
0.151596 0.474892
-0.512411 0.474892
0.188830 0.474892
-0.101064 0.474892
-0.409574 0.474892
-0.292553 0.474892
-0.117908 0.474892
0.078014 0.474892
-0.147163 0.474892
0.255319 0.474892
0.223404 0.474892
-0.054965 0.474892
-0.033688 0.474892
-0.234043 0.474892
-0.472296 0.474713
0.533097 0.474653
-0.142139 0.474653
0.023582 0.474605
0.131206 0.474534
-0.082890 0.474534
0.053635 0.474534
0.199173 0.474414
0.132831 0.474295
-0.235816 0.474175
0.207447 0.474175
-0.136082 0.474175
-0.113475 0.474175
0.201241 0.474175
-0.077571 0.474175
-0.149823 0.474175
0.063830 0.474175
-0.373005 0.474175
0.279846 0.474175
-0.182624 0.474175
-0.458333 0.474175
-0.434397 0.474175
-0.468085 0.474175
0.372340 0.474175
-0.288564 0.474175
-0.500887 0.474175
-0.529255 0.474175
0.555851 0.474175
0.536200 0.473936
-0.081708 0.473936
-0.297872 0.473936
-0.025266 0.473816
0.088652 0.473816
0.303635 0.473816
-0.503989 0.473816
0.412677 0.473816
-0.218972 0.473816
0.191637 0.473697
0.150709 0.473637
0.049645 0.473458
-0.523050 0.473458
0.485816 0.473458
0.357713 0.473458
-0.237589 0.473458
-0.507092 0.473458
-0.316489 0.473458
-0.067376 0.473458
0.528369 0.473458
0.342199 0.473458
0.157801 0.473458
-0.152482 0.473458
-0.028369 0.473458
0.134087 0.473458
-0.291667 0.473458
-0.351064 0.473458
-0.154699 0.473458
-0.439273 0.473458
0.142287 0.473458
-0.015366 0.473219
-0.035165 0.473219
0.312500 0.473099
0.327571 0.473099
0.035461 0.473099
-0.251330 0.473099
0.081560 0.473099
-0.303191 0.472979
0.556294 0.472773
-0.264184 0.472740
0.041223 0.472740
0.122784 0.472740
-0.287677 0.472740
0.309397 0.472740
0.163121 0.472740
0.289894 0.472740
0.093085 0.472740
-0.049645 0.472740
-0.411348 0.472740
0.190160 0.472740
-0.039007 0.472740
0.018262 0.472453
-0.176418 0.472382
-0.320922 0.472382
-0.500443 0.472382
-0.395833 0.472382
0.196513 0.472262
0.226064 0.472262
0.156915 0.472202
0.038564 0.472023
-0.209220 0.472023
0.453901 0.472023
-0.162234 0.472023
-0.429078 0.472023
0.208333 0.472023
0.065603 0.472023
-0.370567 0.472023
0.220449 0.472023
-0.426418 0.472023
-0.554965 0.472023
-0.542553 0.472023
-0.194149 0.472023
-0.503546 0.472023
-0.216312 0.472023
0.202128 0.472023
0.128546 0.472023
0.205674 0.472023
0.198582 0.472023
-0.140957 0.472023
0.126330 0.472023
-0.290780 0.472023
0.105201 0.472023
0.124113 0.472023
-0.423759 0.472023
0.182624 0.472023
-0.294917 0.472023
-0.149379 0.472023
0.076241 0.472023
-0.142583 0.471784
0.240248 0.471784
0.314716 0.471664
-0.382092 0.471664
-0.223404 0.471664
-0.167996 0.471664
-0.272828 0.471664
-0.032801 0.471664
-0.198759 0.471449
-0.243794 0.471306
0.219267 0.471306
-0.022163 0.471306
-0.179078 0.471306
0.195035 0.471306
0.117908 0.471306
-0.515071 0.471306
-0.368794 0.471306
0.283245 0.471306
-0.318706 0.471306
-0.233156 0.471306
0.498227 0.471306
-0.106383 0.471306
-0.484707 0.471126
0.267435 0.471066
-0.301862 0.471066
-0.040485 0.471066
-0.190603 0.470947
0.156028 0.470947
0.179521 0.470947
0.053191 0.470947
-0.372562 0.470947
-0.052748 0.470947
0.514184 0.470947
-0.200709 0.470875
0.224586 0.470827
0.086879 0.470708
0.133053 0.470708
-0.069149 0.470588
-0.098404 0.470588
-0.195922 0.470588
-0.218676 0.470588
-0.533688 0.470588
-0.269504 0.470588
0.063830 0.470588
-0.500000 0.470588
-0.054965 0.470588
0.508865 0.470588
0.109781 0.470588
-0.074468 0.470588
-0.156028 0.470588
-0.361702 0.470588
-0.103723 0.470588
-0.028369 0.470588
-0.294031 0.470588
0.191489 0.470588
-0.413121 0.470588
0.070035 0.470588
0.159131 0.470409
-0.000887 0.470409
-0.304965 0.470349
-0.078605 0.470349
-0.091017 0.470349
0.308954 0.470230
0.320479 0.470230
0.515957 0.470230
-0.255762 0.470230
0.136746 0.470230
-0.170213 0.470230
-0.272828 0.470230
0.270686 0.470110
-0.062057 0.470110
0.167553 0.470110
0.088652 0.470110
-0.018322 0.470110
0.020567 0.470014
-0.197872 0.470014
-0.088357 0.469990
-0.213652 0.469871
0.210550 0.469871
0.376773 0.469871
0.492908 0.469871
0.125443 0.469871
0.213652 0.469871
0.067376 0.469871
0.007092 0.469871
0.207890 0.469871
0.427305 0.469871
0.551418 0.469871
-0.509752 0.469871
-0.153812 0.469871
-0.004876 0.469871
0.186613 0.469871
-0.374557 0.469871
0.313830 0.469871
-0.189716 0.469871
0.001773 0.469692
0.091312 0.469632
0.100177 0.469512
0.010638 0.469512
0.047872 0.469512
-0.546543 0.469512
0.176862 0.469512
0.082151 0.469512
-0.143617 0.469512
-0.173316 0.469512
-0.187057 0.469512
-0.058511 0.469393
-0.145242 0.469273
-0.218085 0.469154
0.506206 0.469154
-0.292553 0.469154
0.050236 0.469154
0.263298 0.469154
-0.466312 0.469154
-0.261820 0.469154
0.528369 0.469154
-0.205674 0.469154
0.275857 0.469154
0.106678 0.469154
-0.428191 0.469154
-0.115248 0.469154
0.062057 0.469154
0.289894 0.469154
0.252660 0.469154
-0.117908 0.469154
0.292553 0.469154
0.287234 0.469154
-0.124113 0.469154
-0.122340 0.469154
-0.297281 0.469154
-0.040780 0.469154
0.340426 0.469154
0.335550 0.469154
-0.300532 0.469154
-0.151596 0.469154
-0.269504 0.469154
-0.494681 0.469154
-0.015957 0.469154
-0.195035 0.469154
-0.037825 0.468914
0.104462 0.468795
-0.047429 0.468795
0.311170 0.468795
0.254137 0.468675
0.017376 0.468508
-0.161791 0.468436
-0.226950 0.468436
-0.286791 0.468436
-0.500000 0.468436
0.510638 0.468436
0.065603 0.468436
0.479610 0.468436
-0.370567 0.468436
-0.435727 0.468436
0.118351 0.468436
0.465426 0.468436
-0.113475 0.468436
0.164007 0.468436
-0.347518 0.468436
-0.175975 0.468436
0.076832 0.468436
-0.282358 0.468436
-0.303635 0.468436
-0.025709 0.468436
0.302305 0.468436
-0.031915 0.468436
0.033688 0.468436
0.056738 0.468436
0.274970 0.468197
0.170213 0.468197
-0.013593 0.468197
0.022695 0.468149
-0.524379 0.468077
-0.148936 0.468077
-0.324025 0.468077
-0.361259 0.468077
-0.366578 0.468077
0.305408 0.468077
0.030585 0.468077
0.129950 0.468018
-0.253842 0.467958
0.248818 0.467958
-0.284722 0.467958
0.225177 0.467958
-0.087914 0.467838
0.216312 0.467719
0.027482 0.467719
0.503546 0.467719
0.007092 0.467719
-0.234929 0.467719
-0.172872 0.467719
-0.078014 0.467719
0.148050 0.467719
0.143617 0.467719
-0.306738 0.467719
-0.521277 0.467719
-0.070922 0.467719
-0.062057 0.467719
0.308511 0.467719
0.079196 0.467719
0.359929 0.467719
-0.225177 0.467719
0.152482 0.467719
-0.377881 0.467719
0.283245 0.467719
-0.368794 0.467719
-0.220449 0.467719
0.111259 0.467719
-0.158688 0.467719
0.187943 0.467719
-0.289894 0.467719
-0.044326 0.467719
-0.497340 0.467719
-0.492021 0.467719
0.287677 0.467719
0.094858 0.467719
-0.560284 0.467640
0.090426 0.467480
0.321365 0.467360
0.470301 0.467360
0.010638 0.467360
0.034574 0.467360
0.134530 0.467360
-0.167332 0.467360
-0.035461 0.467360
-0.372562 0.467360
0.019592 0.467253
-0.309693 0.467241
-0.176418 0.467241
0.131206 0.467181
0.306560 0.467145
-0.475547 0.467061
-0.401596 0.467001
0.325355 0.467001
-0.072695 0.467001
-0.076241 0.467001
-0.222518 0.467001
-0.555408 0.467001
-0.267139 0.467001
-0.164007 0.467001
-0.321809 0.467001
-0.495567 0.467001
0.139332 0.467001
-0.245124 0.466882
0.156028 0.466822
-0.312648 0.466762
0.553191 0.466676
0.196365 0.466643
-0.238032 0.466643
0.199025 0.466643
-0.052748 0.466643
0.053783 0.466643
-0.064421 0.466523
0.166667 0.466523
0.059102 0.466523
0.077497 0.466463
-0.304300 0.466463
0.257314 0.466463
0.302128 0.466428
-0.512411 0.466284
0.180851 0.466284
0.409574 0.466284
-0.506206 0.466284
-0.074468 0.466284
0.116135 0.466284
0.315603 0.466284
-0.106383 0.466284
-0.054965 0.466284
-0.209220 0.466284
0.283688 0.466284
0.500000 0.466284
-0.030142 0.466284
-0.294326 0.466284
-0.466312 0.466284
-0.500000 0.466284
-0.219858 0.466284
0.299645 0.466284
0.217199 0.466284
0.037677 0.466284
0.311170 0.466284
0.035461 0.466284
0.028812 0.466284
0.453901 0.466284
0.246454 0.466284
-0.120124 0.466284
0.159131 0.466284
-0.101359 0.466165
0.125222 0.466105
0.062648 0.466045
0.005319 0.465925
-0.047429 0.465925
-0.193262 0.465925
0.324025 0.465925
0.192819 0.465925
0.099734 0.465925
0.042996 0.465925
-0.461879 0.465925
-0.033688 0.465925
-0.317671 0.465806
0.259530 0.465746
-0.457447 0.465567
-0.448582 0.465567
-0.195922 0.465567
0.347518 0.465567
0.114805 0.465567
-0.230496 0.465567
-0.381206 0.465567
-0.366135 0.465567
-0.352837 0.465567
0.219858 0.465567
0.470745 0.465567
0.141548 0.465567
0.466755 0.465567
-0.026152 0.465567
0.507092 0.465567
-0.261820 0.465567
-0.268026 0.465567
0.178191 0.465567
-0.204787 0.465567
-0.183954 0.465567
0.182624 0.465567
-0.066785 0.465328
-0.091903 0.465328
0.170804 0.465328
0.048463 0.465208
-0.077571 0.465208
0.075798 0.465208
-0.164672 0.465208
-0.375887 0.465208
-0.368351 0.465208
0.154255 0.465208
0.292110 0.465088
-0.012116 0.465088
0.253324 0.465029
0.071809 0.464849
-0.161348 0.464849
0.242908 0.464849
0.515957 0.464849
0.318262 0.464849
0.184397 0.464849
0.250000 0.464849
0.025709 0.464849
-0.322695 0.464849
-0.037234 0.464849
-0.370567 0.464849
0.113475 0.464849
-0.015366 0.464849
0.050827 0.464849
0.313830 0.464849
-0.486702 0.464849
-0.044326 0.464849
0.175532 0.464849
-0.228723 0.464849
-0.558067 0.464810
0.068853 0.464610
0.150266 0.464491
-0.143174 0.464491
-0.088209 0.464491
-0.075798 0.464491
-0.272606 0.464491
0.018617 0.464491
0.000000 0.464491
0.053487 0.464371
-0.312352 0.464371
0.001773 0.464311
0.097074 0.464311
-0.226950 0.464132
-0.111259 0.464132
-0.051862 0.464132
-0.137411 0.464132
-0.499113 0.464132
-0.030142 0.464132
0.003546 0.464132
0.028369 0.464132
0.101064 0.463953
0.056147 0.463893
-0.114362 0.463893
0.087766 0.463893
0.489805 0.463773
-0.054078 0.463773
0.142435 0.463773
0.173463 0.463654
0.095301 0.463594
-0.026152 0.463415
0.430408 0.463415
0.022163 0.463415
0.122636 0.463415
0.177305 0.463415
-0.307624 0.463415
-0.013002 0.463415
0.181738 0.463415
-0.127660 0.463415
-0.289007 0.463415
0.026596 0.463415
0.469415 0.463415
0.465426 0.463415
0.079492 0.463056
0.286348 0.463056
-0.048759 0.463056
0.281915 0.463056
0.223848 0.463056
0.103280 0.463056
-0.277039 0.463056
-0.396720 0.463056
0.112293 0.462936
0.404699 0.462697
0.221631 0.462697
0.146720 0.462697
-0.018174 0.462697
0.186613 0.462697
0.083038 0.462697
-0.133865 0.462697
-0.032801 0.462697
-0.009309 0.462697
0.133865 0.462697
0.119533 0.462697
-0.014775 0.462697
0.107270 0.462697
-0.074468 0.462697
-0.273936 0.462697
0.156028 0.462697
-0.221631 0.462697
-0.071809 0.462697
0.014628 0.462518
0.019060 0.462518
0.130541 0.462518
-0.037234 0.462458
-0.246454 0.462458
-0.560284 0.462363
-0.400266 0.462339
0.030142 0.462339
-0.392287 0.462339
-0.259161 0.462219
-0.068853 0.462219
0.533983 0.462219
-0.305186 0.462159
-0.332004 0.462159
0.200502 0.462099
-0.140071 0.461980
-0.514184 0.461980
-0.420213 0.461980
-0.183511 0.461980
0.354610 0.461980
-0.092199 0.461980
0.273050 0.461980
-0.498227 0.461980
-0.232270 0.461980
0.036348 0.461980
0.136229 0.461980
-0.005319 0.461980
0.023050 0.461980
0.038564 0.461980
0.501773 0.461980
0.219858 0.461980
0.173759 0.461980
0.245567 0.461980
0.117465 0.461980
0.109190 0.461860
-0.210461 0.461836
-0.335550 0.461801
0.077793 0.461801
0.063534 0.461741
-0.118351 0.461741
0.150266 0.461621
-0.121454 0.461621
-0.225177 0.461621
0.028369 0.461621
0.045213 0.461621
0.068558 0.461502
0.100621 0.461442
0.017287 0.461322
-0.218972 0.461263
-0.012411 0.461263
0.433954 0.461263
0.196809 0.461263
0.343972 0.461263
-0.103723 0.461263
-0.053191 0.461263
-0.230496 0.461263
-0.182181 0.461263
0.047577 0.461263
-0.277482 0.461263
0.176418 0.461263
-0.282801 0.461263
0.089539 0.461263
-0.266253 0.461023
0.111111 0.461023
-0.476359 0.461023
-0.083777 0.460904
-0.461879 0.460904
0.546543 0.460904
-0.071365 0.460904
-0.074025 0.460904
0.156028 0.460904
0.169031 0.460784
0.295213 0.460784
0.171690 0.460784
-0.244681 0.460784
-0.528369 0.460545
-0.434397 0.460545
-0.310284 0.460545
-0.365248 0.460545
-0.546543 0.460545
-0.202571 0.460545
0.188830 0.460545
0.002660 0.460545
-0.136525 0.460545
-0.352837 0.460545
-0.014184 0.460545
-0.360816 0.460545
-0.356383 0.460545
0.154255 0.460545
0.010638 0.460545
-0.291667 0.460545
0.507092 0.460545
0.242021 0.460545
-0.113918 0.460306
0.092199 0.460187
-0.170434 0.460187
0.496897 0.460187
0.152039 0.460187
-0.167332 0.460187
0.077128 0.460187
-0.376773 0.460187
-0.453901 0.460187
0.182329 0.460067
-0.066637 0.460067
-0.173316 0.460067
-0.117021 0.460067
0.193115 0.459947
0.195774 0.459947
-0.273197 0.459947
0.262411 0.459828
0.105940 0.459828
-0.279255 0.459828
-0.487589 0.459828
0.030142 0.459828
-0.509752 0.459828
0.543440 0.459828
-0.437057 0.459828
0.178191 0.459828
0.007092 0.459828
0.412677 0.459828
-0.164007 0.459828
0.226064 0.459828
-0.413121 0.459828
0.074911 0.459828
0.284574 0.459828
0.541519 0.459708
0.163564 0.459648
0.539598 0.459589
0.071956 0.459589
-0.558067 0.459533
0.052674 0.459529
0.021277 0.459469
-0.346853 0.459469
-0.258865 0.459469
0.248227 0.459469
0.343085 0.459469
0.013298 0.459350
-0.519799 0.459350
0.187204 0.459350
0.259530 0.459290
0.211436 0.459110
0.274823 0.459110
-0.007535 0.459110
-0.141844 0.459110
-0.439716 0.459110
0.156028 0.459110
-0.274823 0.459110
-0.150709 0.459110
0.239362 0.459110
-0.227837 0.459110
-0.130319 0.459110
0.028812 0.459110
0.171986 0.459110
0.470745 0.459110
0.320035 0.459110
0.122931 0.459110
-0.132979 0.459110
-0.323138 0.459110
-0.223404 0.459110
-0.327571 0.458931
0.095301 0.458931
-0.319740 0.458871
-0.080230 0.458752
0.033688 0.458752
0.332447 0.458752
-0.240691 0.458752
0.289450 0.458752
-0.352246 0.458632
-0.035461 0.458632
-0.471336 0.458632
-0.112145 0.458393
-0.003546 0.458393
-0.139184 0.458393
-0.199911 0.458393
-0.087766 0.458393
-0.234929 0.458393
0.329787 0.458393
0.234043 0.458393
-0.238475 0.458393
-0.344415 0.458393
0.025266 0.458393
0.117021 0.458393
-0.289894 0.458393
0.066194 0.458154
-0.115248 0.458154
0.015957 0.458154
0.143322 0.458154
0.280585 0.458034
-0.259309 0.458034
0.032358 0.458034
0.058215 0.457915
-0.120863 0.457915
0.181442 0.457915
-0.281915 0.457676
-0.276596 0.457676
0.215426 0.457676
-0.191489 0.457676
-0.306738 0.457676
0.549645 0.457676
-0.147163 0.457676
-0.184840 0.457676
-0.365248 0.457676
0.063830 0.457676
-0.091312 0.457676
-0.368794 0.457676
-0.095301 0.457676
-0.176862 0.457676
-0.011968 0.457676
-0.441489 0.457676
-0.230940 0.457676
-0.226950 0.457676
-0.058511 0.457676
0.297872 0.457676
0.070035 0.457676
0.037234 0.457676
0.503546 0.457676
0.244681 0.457676
-0.294326 0.457676
-0.406028 0.457676
0.228723 0.457676
-0.253546 0.457496
0.020686 0.457437
-0.050532 0.457317
-0.182181 0.457317
-0.122193 0.457317
0.000222 0.457317
0.257092 0.457317
0.002881 0.457317
0.202940 0.457257
-0.481087 0.457198
0.556738 0.457095
0.553191 0.457095
0.226507 0.457078
0.005098 0.456958
-0.240248 0.456958
-0.135638 0.456958
-0.014184 0.456958
0.042996 0.456958
0.235816 0.456958
0.171099 0.456958
-0.105496 0.456958
-0.068706 0.456958
-0.366578 0.456958
-0.111702 0.456958
0.458333 0.456958
-0.359043 0.456958
0.242317 0.456958
0.280881 0.456839
-0.031028 0.456719
-0.520095 0.456719
-0.019947 0.456600
0.010638 0.456600
0.540189 0.456480
0.201906 0.456420
0.024675 0.456361
0.022459 0.456361
0.326241 0.456241
-0.101064 0.456241
0.342199 0.456241
-0.023050 0.456241
-0.218085 0.456241
-0.143617 0.456241
0.276596 0.456241
-0.004433 0.456241
-0.207447 0.456241
0.062057 0.456241
-0.214007 0.456098
-0.041667 0.456002
0.227837 0.456002
0.198138 0.455882
0.252216 0.455882
-0.404255 0.455882
-0.284131 0.455882
0.015071 0.455763
0.073434 0.455763
-0.338431 0.455703
-0.468085 0.455524
-0.205230 0.455524
0.092199 0.455524
-0.140957 0.455524
-0.382979 0.455524
-0.007092 0.455524
0.150709 0.455524
-0.434397 0.455524
-0.145833 0.455524
-0.257979 0.455524
0.221188 0.455524
0.309397 0.455524
0.517730 0.455524
0.109043 0.455524
0.042996 0.455524
-0.533688 0.455524
0.526596 0.455524
-0.228280 0.455524
0.520390 0.455524
0.112145 0.455524
0.253842 0.455404
-0.265662 0.455285
-0.408688 0.455165
-0.288564 0.455165
0.115248 0.455165
0.535757 0.455045
0.276891 0.455045
0.508865 0.455045
-0.005467 0.455045
-0.107713 0.454986
-0.138298 0.454806
0.172872 0.454806
-0.543440 0.454806
-0.066489 0.454806
0.143617 0.454806
-0.099734 0.454806
-0.276596 0.454806
-0.026596 0.454806
-0.372340 0.454806
-0.121158 0.454806
0.170213 0.454806
0.285018 0.454806
0.321809 0.454806
-0.083333 0.454806
-0.166667 0.454806
0.118794 0.454806
-0.112145 0.454806
0.189125 0.454567
0.194444 0.454567
0.229610 0.454567
0.097518 0.454519
-0.381206 0.454448
-0.223404 0.454448
0.154699 0.454448
0.117021 0.454448
0.185875 0.454328
-0.020095 0.454328
-0.343381 0.454328
-0.525118 0.454328
0.078605 0.454328
0.267730 0.454328
0.021868 0.454328
-0.086879 0.454089
-0.128546 0.454089
-0.233599 0.454089
-0.444149 0.454089
0.003103 0.454089
0.106383 0.454089
-0.392730 0.454089
-0.101359 0.454089
-0.131206 0.454089
-0.200798 0.454089
-0.133865 0.454089
0.500887 0.454089
0.123966 0.454089
0.272459 0.454089
0.100177 0.453945
0.090869 0.453910
0.048094 0.453910
0.071513 0.453850
-0.006501 0.453850
0.265071 0.453850
0.104610 0.453730
0.008644 0.453730
-0.225177 0.453730
0.289894 0.453730
-0.250887 0.453551
-0.431738 0.453372
0.328014 0.453372
-0.428191 0.453372
-0.098404 0.453372
0.014184 0.453372
-0.496454 0.453372
0.503546 0.453372
-0.229610 0.453372
0.041667 0.453372
-0.240248 0.453372
-0.198582 0.453372
0.262411 0.453372
0.553191 0.453372
-0.406915 0.453372
-0.090426 0.453372
-0.361702 0.453372
-0.367908 0.453372
-0.117760 0.453372
-0.491135 0.453372
0.230053 0.453372
-0.094415 0.453372
0.415780 0.453372
-0.452128 0.453372
-0.150266 0.453372
-0.501773 0.453372
-0.047872 0.453372
0.317376 0.453372
-0.364805 0.453372
0.267139 0.453372
0.084072 0.453312
-0.328014 0.453192
0.223848 0.453132
-0.261525 0.453013
-0.254876 0.453013
0.107713 0.453013
0.246676 0.453013
-0.332447 0.453013
0.044326 0.453013
-0.278812 0.453013
-0.015662 0.452893
-0.316785 0.452893
-0.172207 0.452654
0.325798 0.452654
-0.306738 0.452654
-0.175089 0.452654
0.300532 0.452654
0.296986 0.452654
-0.100030 0.452654
-0.282801 0.452654
0.046986 0.452654
0.067376 0.452654
0.303191 0.452654
-0.519356 0.452535
-0.335550 0.452475
-0.081265 0.452415
-0.072695 0.452415
-0.017139 0.452415
0.148493 0.452296
0.490691 0.452296
0.244311 0.452296
-0.208777 0.452296
-0.180408 0.452296
-0.291223 0.452296
0.089539 0.452296
-0.105496 0.452296
0.278664 0.452176
-0.210018 0.452152
-0.136525 0.451937
-0.554078 0.451937
0.231826 0.451937
0.500887 0.451937
-0.011968 0.451937
-0.230496 0.451937
-0.269947 0.451937
0.173759 0.451937
-0.021720 0.451937
-0.213357 0.451937
-0.445035 0.451937
-0.101655 0.451937
-0.242908 0.451937
0.292553 0.451937
0.217199 0.451937
-0.152482 0.451937
0.033688 0.451937
-0.114362 0.451937
0.227837 0.451937
0.054965 0.451937
-0.056738 0.451937
-0.338652 0.451937
0.220745 0.451937
-0.416667 0.451937
0.553191 0.451818
-0.560284 0.451809
0.094858 0.451758
0.269504 0.451698
-0.061466 0.451698
0.117021 0.451578
0.204344 0.451578
-0.239362 0.451578
-0.167996 0.451578
-0.351359 0.451459
-0.154846 0.451459
0.259161 0.451459
0.202793 0.451399
-0.034131 0.451339
0.097518 0.451255
-0.203753 0.451220
-0.093972 0.451220
-0.439716 0.451220
-0.323138 0.451220
-0.536791 0.451220
-0.097961 0.451220
0.214982 0.451220
-0.075946 0.451220
0.115248 0.451220
0.201241 0.451220
-0.052305 0.451040
-0.319740 0.450980
-0.194149 0.450980
-0.157210 0.450980
-0.389628 0.450861
-0.370346 0.450861
-0.330452 0.450861
-0.512855 0.450861
0.199025 0.450861
0.265366 0.450741
0.075650 0.450741
0.100177 0.450681
-0.383274 0.450622
0.531915 0.450502
0.329787 0.450502
0.195035 0.450502
0.252660 0.450502
0.186170 0.450502
0.212766 0.450502
-0.171543 0.450502
-0.174424 0.450502
-0.427305 0.450502
-0.182624 0.450502
0.507092 0.450502
0.502660 0.450502
-0.231383 0.450502
-0.009752 0.450502
-0.434397 0.450502
-0.430851 0.450502
-0.179965 0.450502
-0.378103 0.450502
0.538121 0.450502
-0.099586 0.450502
-0.201537 0.450502
0.492908 0.450502
-0.164894 0.450502
0.311170 0.450502
-0.150709 0.450502
-0.317080 0.450263
-0.005319 0.450143
-0.227394 0.450143
-0.365027 0.450143
-0.524379 0.450143
-0.211732 0.450143
-0.018765 0.450024
-0.085697 0.450024
-0.108599 0.449964
-0.559397 0.449952
0.153369 0.449785
-0.216312 0.449785
-0.476950 0.449785
0.327571 0.449785
0.420656 0.449785
-0.219858 0.449785
-0.361702 0.449785
-0.113032 0.449785
-0.012411 0.449785
-0.276596 0.449785
0.223848 0.449785
-0.358156 0.449785
0.207964 0.449605
-0.186170 0.449546
0.165485 0.449546
-0.381501 0.449546
0.024232 0.449546
-0.280585 0.449426
-0.117021 0.449426
-0.070035 0.449307
0.038564 0.449307
-0.013889 0.449307
0.093233 0.449247
-0.129433 0.449067
-0.311170 0.449067
0.125000 0.449067
0.325355 0.449067
0.271277 0.449067
0.231383 0.449067
-0.484929 0.449067
0.176418 0.449067
-0.049645 0.449067
-0.132092 0.449067
-0.283688 0.449067
-0.134752 0.449067
-0.313830 0.449067
0.000443 0.449067
0.264184 0.449067
0.267730 0.449067
-0.463652 0.449067
0.212175 0.449067
-0.141844 0.449067
-0.213771 0.449067
-0.081856 0.449067
0.554078 0.448949
-0.325576 0.448888
-0.090204 0.448888
-0.165559 0.448888
-0.394504 0.448888
0.219119 0.448828
-0.064125 0.448828
0.003989 0.448709
0.046543 0.448709
0.286348 0.448709
0.495124 0.448709
-0.341017 0.448589
-0.249704 0.448589
-0.160165 0.448589
-0.189716 0.448589
0.197252 0.448470
-0.518617 0.448350
0.528369 0.448350
-0.177305 0.448350
-0.460106 0.448350
0.539894 0.448350
-0.271720 0.448350
-0.455674 0.448350
-0.179965 0.448350
0.236702 0.448350
-0.210106 0.448350
0.248670 0.448350
0.442819 0.448350
-0.115691 0.448350
0.001773 0.448350
-0.309102 0.448111
-0.311761 0.448111
0.195035 0.448111
-0.403369 0.447991
-0.338652 0.447991
0.117021 0.447991
-0.285904 0.447991
-0.207299 0.447991
0.149823 0.447991
0.284131 0.447991
-0.215248 0.447991
0.530142 0.447633
-0.254433 0.447633
-0.185284 0.447633
-0.261082 0.447633
-0.007535 0.447633
-0.100916 0.447633
0.171986 0.447633
0.535461 0.447633
-0.284131 0.447633
-0.111702 0.447633
0.274823 0.447633
-0.376773 0.447633
-0.204492 0.447633
0.551418 0.447633
-0.441489 0.447633
0.060284 0.447633
-0.281028 0.447633
0.086879 0.447633
0.287234 0.447633
0.057624 0.447633
-0.428487 0.447394
-0.432033 0.447394
-0.230496 0.447274
0.277926 0.447274
-0.407801 0.447274
-0.240248 0.447274
0.015071 0.447274
-0.372562 0.447274
0.113475 0.447274
0.054521 0.447274
0.256501 0.447154
-0.300236 0.447154
-0.294178 0.447035
-0.126773 0.446915
-0.220301 0.446915
0.121897 0.446915
0.008422 0.446915
-0.542996 0.446915
-0.436170 0.446915
-0.223848 0.446915
0.062943 0.446915
0.091903 0.446915
-0.015514 0.446915
0.285018 0.446915
0.295213 0.446915
-0.448582 0.446915
-0.399823 0.446915
0.159722 0.446676
-0.377807 0.446676
-0.077719 0.446676
-0.188830 0.446676
0.216312 0.446676
0.183954 0.446557
0.273493 0.446557
0.243129 0.446557
0.237145 0.446557
-0.208777 0.446557
-0.315603 0.446557
-0.560284 0.446533
-0.311761 0.446318
-0.087249 0.446258
0.502660 0.446198
0.110816 0.446198
0.498227 0.446198
0.010195 0.446198
-0.152039 0.446198
-0.205969 0.446198
0.531915 0.446198
0.127216 0.446198
-0.203310 0.446198
0.171986 0.446198
-0.214184 0.446198
0.142730 0.446198
0.282801 0.446198
-0.278369 0.446198
0.515957 0.446198
-0.443262 0.446198
0.096927 0.446198
-0.281472 0.446198
0.030142 0.446198
0.512411 0.446198
-0.106383 0.446198
0.522163 0.446198
-0.349291 0.446198
-0.057624 0.446198
0.254285 0.446078
-0.330009 0.446019
-0.190603 0.445959
-0.325576 0.445780
-0.080378 0.445720
-0.346336 0.445720
-0.378842 0.445720
0.193262 0.445720
-0.251773 0.445720
-0.381206 0.445720
-0.386377 0.445600
0.124852 0.445481
0.250665 0.445481
0.285904 0.445481
-0.172872 0.445481
0.028369 0.445481
0.077128 0.445481
0.526596 0.445481
-0.210816 0.445481
-0.165780 0.445481
0.545213 0.445481
-0.024379 0.445481
-0.199468 0.445481
0.537234 0.445481
-0.241135 0.445481
-0.445035 0.445481
0.042553 0.445481
-0.417553 0.445481
-0.237589 0.445481
0.039007 0.445361
-0.145686 0.445242
-0.296395 0.445242
-0.248227 0.445242
-0.138593 0.445242
0.035461 0.445242
-0.343381 0.445242
0.086879 0.445122
0.109486 0.445122
0.279255 0.445122
-0.290337 0.445122
0.044326 0.445122
0.026596 0.444763
-0.204787 0.444763
-0.046099 0.444763
0.010638 0.444763
-0.005319 0.444763
-0.202128 0.444763
-0.124113 0.444763
-0.117021 0.444763
0.528369 0.444763
-0.491135 0.444763
-0.487589 0.444763
0.089539 0.444763
-0.194149 0.444763
-0.347518 0.444763
-0.508865 0.444763
-0.071809 0.444763
0.072695 0.444763
0.182181 0.444763
0.248449 0.444763
-0.180851 0.444763
0.490691 0.444763
-0.094858 0.444763
-0.159131 0.444763
-0.341017 0.444644
-0.299941 0.444524
0.216903 0.444524
-0.127881 0.444405
0.503989 0.444405
-0.532358 0.444405
0.270981 0.444285
-0.344563 0.444285
0.267435 0.444285
-0.429669 0.444285
-0.337101 0.444046
0.187057 0.444046
0.533688 0.444046
-0.131649 0.444046
-0.546099 0.444046
-0.226950 0.444046
-0.035904 0.444046
-0.114362 0.444046
-0.039007 0.444046
-0.122340 0.444046
0.115248 0.444046
-0.224291 0.444046
-0.335550 0.444046
0.070479 0.444046
-0.023050 0.444046
-0.178191 0.444046
-0.058954 0.444046
-0.018765 0.444046
-0.281028 0.444046
0.281472 0.444046
-0.433806 0.443807
-0.342199 0.443687
-0.030585 0.443687
0.050089 0.443687
0.254876 0.443687
-0.000887 0.443687
0.102985 0.443687
0.554078 0.443672
0.200355 0.443568
0.145390 0.443329
0.212766 0.443329
-0.331560 0.443329
0.233599 0.443329
0.160461 0.443329
-0.257979 0.443329
0.111702 0.443329
-0.345745 0.443329
-0.109486 0.443329
-0.536348 0.443329
0.129433 0.443329
0.060284 0.443329
0.031915 0.443329
0.155142 0.443329
-0.013889 0.443329
0.553191 0.443329
-0.159574 0.443329
0.138741 0.443329
0.169326 0.443329
-0.397163 0.443149
0.277926 0.442970
-0.168883 0.442970
0.492908 0.442970
-0.529255 0.442970
-0.175532 0.442850
-0.322695 0.442850
-0.560284 0.442779
-0.115603 0.442755
0.282358 0.442611
0.054078 0.442611
-0.494681 0.442611
-0.152394 0.442611
-0.045213 0.442611
0.086879 0.442611
-0.296099 0.442611
0.231383 0.442611
-0.288121 0.442611
-0.243351 0.442611
0.514628 0.442611
-0.280142 0.442611
0.526596 0.442611
-0.057181 0.442611
-0.062943 0.442611
-0.308806 0.442611
-0.091090 0.442432
0.210106 0.442372
-0.245124 0.442253
-0.358599 0.442253
0.275266 0.442253
-0.355053 0.442253
-0.514628 0.442253
0.110372 0.442253
-0.293440 0.442253
-0.041667 0.442253
0.185284 0.442253
0.050975 0.442253
-0.352394 0.442253
0.089539 0.442253
-0.048463 0.442133
-0.051123 0.442133
0.102246 0.442133
-0.112943 0.442037
-0.117376 0.442037
-0.161348 0.441894
0.171986 0.441894
-0.196809 0.441894
0.149823 0.441894
0.280142 0.441894
-0.404255 0.441894
0.498227 0.441894
-0.179078 0.441894
-0.409574 0.441894
-0.096188 0.441894
-0.349291 0.441894
-0.460993 0.441894
-0.456560 0.441894
-0.258865 0.441894
0.141844 0.441894
0.070035 0.441894
0.163564 0.441894
-0.149645 0.441894
-0.406915 0.441894
-0.060284 0.441894
-0.190160 0.441894
0.065603 0.441894
-0.054078 0.441894
-0.004433 0.441894
0.273197 0.441774
-0.392287 0.441714
-0.381797 0.441655
0.199468 0.441655
-0.384161 0.441655
-0.296986 0.441535
-0.312943 0.441535
0.003989 0.441535
0.039229 0.441236
0.259309 0.441176
-0.121454 0.441176
-0.213209 0.441176
-0.199468 0.441176
-0.040337 0.441176
0.096690 0.441176
-0.363475 0.441176
-0.294326 0.441176
0.173316 0.441176
0.523936 0.441176
-0.360816 0.441176
-0.183954 0.441176
-0.402482 0.441176
-0.315160 0.441176
-0.375443 0.441176
-0.191933 0.441176
0.160018 0.441176
0.533688 0.441176
0.033688 0.441057
0.029255 0.440818
-0.125222 0.440818
-0.221631 0.440818
0.085993 0.440818
-0.238475 0.440818
0.088652 0.440818
-0.240248 0.440818
-0.110520 0.440698
-0.108304 0.440698
0.072473 0.440638
0.099882 0.440638
-0.539450 0.440459
0.062943 0.440459
0.059397 0.440459
-0.347518 0.440459
-0.476950 0.440459
0.238032 0.440459
-0.119681 0.440459
0.076241 0.440459
0.209220 0.440459
0.148936 0.440459
0.179078 0.440459
-0.092199 0.440459
-0.025709 0.440459
-0.080674 0.440459
-0.414007 0.440459
0.166667 0.440459
0.138298 0.440459
0.091312 0.440459
-0.058511 0.440459
0.154255 0.440459
-0.441489 0.440459
-0.044326 0.440459
0.274823 0.440459
0.016755 0.440387
-0.171543 0.440340
-0.232713 0.440100
0.031915 0.440100
0.056294 0.440100
0.257092 0.440100
-0.032063 0.440100
-0.372119 0.440100
-0.300532 0.439742
-0.289450 0.439742
-0.203014 0.439742
0.067819 0.439742
-0.106826 0.439742
-0.029846 0.439742
-0.135417 0.439742
-0.205674 0.439742
0.542553 0.439742
-0.245567 0.439742
-0.443262 0.439742
0.156915 0.439742
0.108304 0.439622
-0.324025 0.439503
-0.173759 0.439503
0.191933 0.439383
-0.295213 0.439383
-0.094415 0.439383
0.050975 0.439383
-0.164450 0.439383
-0.374778 0.439383
0.112145 0.439383
-0.042996 0.439383
-0.023493 0.439264
-0.013002 0.439024
0.094326 0.439024
-0.285018 0.439024
-0.465426 0.439024
-0.463652 0.439024
-0.503546 0.439024
-0.255319 0.439024
-0.537234 0.439024
0.528369 0.439024
-0.056738 0.439024
-0.418440 0.439024
-0.281915 0.439024
0.090426 0.439024
0.087766 0.439024
-0.192376 0.439024
0.224882 0.438785
0.482713 0.438666
-0.133200 0.438666
0.505319 0.438666
0.054521 0.438666
-0.337766 0.438666
0.497340 0.438666
0.266105 0.438546
-0.177305 0.438546
0.273050 0.438546
-0.222429 0.438451
0.222665 0.438427
0.500887 0.438307
-0.355496 0.438307
-0.041667 0.438307
0.255762 0.438307
0.137057 0.438307
0.081560 0.438307
-0.082004 0.438307
-0.280585 0.438307
-0.525709 0.438307
-0.182181 0.438307
-0.376847 0.438187
0.270981 0.438068
-0.352394 0.437948
0.070479 0.437948
0.252660 0.437948
-0.054965 0.437948
-0.242465 0.437948
-0.077571 0.437948
0.111407 0.437829
-0.304669 0.437829
0.074246 0.437769
0.068041 0.437769
-0.224645 0.437733
-0.008865 0.437590
0.115248 0.437590
-0.141844 0.437590
-0.156915 0.437590
-0.118794 0.437590
-0.263298 0.437590
-0.390957 0.437590
-0.542553 0.437590
-0.387855 0.437590
-0.144504 0.437590
0.261525 0.437590
0.024527 0.437590
-0.196809 0.437590
0.539894 0.437590
-0.349291 0.437590
0.286791 0.437590
-0.150709 0.437590
-0.180851 0.437590
-0.298759 0.437590
-0.384752 0.437590
-0.154255 0.437590
0.550532 0.437590
-0.291667 0.437590
-0.187204 0.437590
0.165780 0.437590
0.516401 0.437590
0.156028 0.437590
0.525709 0.437590
-0.560284 0.437502
-0.229078 0.437374
0.127955 0.437351
-0.101507 0.437231
-0.314273 0.437231
0.250443 0.437231
-0.529699 0.437231
-0.049704 0.437111
0.269208 0.437111
-0.107861 0.437111
0.117465 0.437052
-0.316489 0.436872
-0.260638 0.436872
-0.193853 0.436872
0.214096 0.436872
0.088209 0.436872
-0.018174 0.436753
0.142376 0.436729
0.045434 0.436693
-0.254728 0.436633
0.125591 0.436633
0.105201 0.436573
0.119681 0.436514
-0.320922 0.436514
-0.011968 0.436514
0.280585 0.436514
-0.045124 0.436514
-0.533245 0.436514
-0.111407 0.436394
0.181738 0.436334
0.186170 0.436334
-0.252216 0.436334
0.245124 0.436155
0.135816 0.436155
-0.305408 0.436155
-0.041667 0.436155
-0.083333 0.436155
0.238475 0.436155
-0.347074 0.436155
-0.239362 0.436155
0.234043 0.436155
-0.510638 0.436155
-0.459220 0.436155
-0.273936 0.436155
-0.106383 0.436155
-0.462766 0.436155
0.264628 0.436155
-0.362589 0.436155
-0.000887 0.436155
-0.168735 0.436155
-0.560284 0.435979
-0.298168 0.435916
-0.312943 0.435796
-0.058511 0.435796
-0.355940 0.435796
-0.292553 0.435796
-0.281915 0.435796
0.152039 0.435796
-0.062057 0.435796
-0.050887 0.435796
-0.454787 0.435796
-0.023936 0.435677
-0.015071 0.435438
-0.232270 0.435438
-0.006206 0.435438
0.082447 0.435438
-0.404255 0.435438
-0.390514 0.435438
-0.278369 0.435438
-0.074468 0.435438
-0.483156 0.435438
0.051418 0.435438
-0.065603 0.435438
0.093883 0.435438
-0.349291 0.435438
-0.126773 0.435438
-0.213209 0.435438
-0.258865 0.435438
-0.039672 0.435438
-0.271720 0.435438
0.534574 0.435438
-0.161643 0.435198
-0.147754 0.435198
-0.100177 0.435079
-0.280585 0.435079
-0.076241 0.435079
-0.525266 0.435079
0.107861 0.434959
-0.244238 0.434900
0.115248 0.434720
-0.344858 0.434720
0.006206 0.434720
-0.444149 0.434720
-0.358156 0.434720
-0.078014 0.434720
-0.028960 0.434720
0.161348 0.434720
-0.048582 0.434720
-0.362145 0.434720
-0.399823 0.434720
-0.473404 0.434720
-0.113475 0.434720
-0.368794 0.434720
0.135284 0.434720
0.157801 0.434720
-0.381501 0.434601
0.041888 0.434541
-0.304817 0.434481
-0.096188 0.434362
-0.284131 0.434362
0.154699 0.434362
-0.393174 0.434362
0.009663 0.434290
-0.300236 0.434242
0.555851 0.434091
-0.508865 0.434003
-0.105053 0.434003
0.543440 0.434003
-0.016844 0.434003
-0.041667 0.434003
-0.529255 0.434003
0.003989 0.434003
-0.340869 0.434003
-0.384752 0.434003
0.258865 0.434003
-0.366578 0.434003
-0.251625 0.433943
0.276152 0.433883
0.070700 0.433824
0.068262 0.433644
0.027187 0.433644
-0.013741 0.433644
-0.070922 0.433644
-0.537677 0.433644
-0.317819 0.433644
-0.291667 0.433644
-0.249113 0.433644
-0.080083 0.433525
0.149025 0.433501
0.192819 0.433465
-0.108156 0.433286
0.093883 0.433286
-0.142730 0.433286
-0.326684 0.433286
-0.265957 0.433286
-0.155585 0.433286
-0.356383 0.433286
0.001773 0.433286
0.252660 0.433286
-0.364362 0.433286
-0.134752 0.433286
-0.000887 0.433286
-0.352837 0.433286
-0.026596 0.433286
0.512855 0.433286
-0.053191 0.433286
-0.349291 0.433286
0.118794 0.433286
-0.075650 0.433166
-0.258274 0.433046
-0.150857 0.433046
0.274379 0.432927
-0.279699 0.432927
-0.378842 0.432807
-0.281915 0.432568
-0.018617 0.432568
-0.060284 0.432568
-0.267730 0.432568
0.117021 0.432568
-0.314273 0.432568
-0.502216 0.432568
0.062943 0.432568
-0.236702 0.432568
-0.346631 0.432568
0.259309 0.432568
-0.340426 0.432568
0.055851 0.432568
0.546099 0.432568
0.136968 0.432568
0.049202 0.432568
-0.234929 0.432568
-0.368794 0.432568
-0.111702 0.432568
0.142819 0.432425
-0.464243 0.432329
-0.460697 0.432329
0.122636 0.432329
0.113475 0.432209
-0.063830 0.432209
0.109929 0.432209
-0.265071 0.432209
-0.138741 0.432209
0.533688 0.432209
-0.309176 0.432209
-0.233156 0.432209
0.247340 0.432209
-0.141401 0.432209
0.254876 0.432209
-0.354905 0.432090
-0.120272 0.432090
-0.351359 0.432090
-0.296838 0.431970
0.115248 0.431851
-0.221188 0.431851
0.139184 0.431851
-0.262411 0.431851
-0.507092 0.431851
-0.214982 0.431851
-0.012411 0.431851
0.079787 0.431851
-0.089539 0.431851
-0.198138 0.431851
-0.067376 0.431851
0.207447 0.431851
0.289007 0.431851
0.197695 0.431851
-0.306294 0.431851
-0.042553 0.431851
-0.366578 0.431851
-0.291223 0.431851
-0.337766 0.431851
-0.085550 0.431851
0.509309 0.431851
-0.498227 0.431851
-0.169622 0.431612
-0.519799 0.431612
-0.514480 0.431612
0.039007 0.431492
-0.288121 0.431492
-0.357861 0.431373
-0.361850 0.431373
0.126478 0.431373
0.211436 0.431133
0.224291 0.431133
-0.106826 0.431133
-0.099734 0.431133
-0.152926 0.431133
-0.276596 0.431133
-0.349882 0.431133
-0.394504 0.431133
0.195035 0.431133
-0.353428 0.430894
-0.284574 0.430775
-0.219858 0.430775
-0.278812 0.430775
0.219858 0.430775
0.246454 0.430775
-0.560284 0.430702
-0.007092 0.430655
-0.117612 0.430655
-0.523788 0.430536
-0.048670 0.430416
-0.468085 0.430416
0.250887 0.430416
0.286791 0.430416
-0.175532 0.430416
-0.109929 0.430416
0.215426 0.430416
-0.102394 0.430416
0.076241 0.430416
-0.319149 0.430416
0.117021 0.430416
-0.338652 0.430416
-0.379433 0.430416
-0.368794 0.430416
-0.083333 0.430416
0.056738 0.430416
0.022459 0.430416
-0.549645 0.430416
-0.162530 0.430177
0.043440 0.430057
-0.554521 0.430057
0.040337 0.430057
0.238032 0.430057
-0.203014 0.430057
0.085106 0.429938
-0.128251 0.429938
0.191046 0.429878
0.035018 0.429699
-0.331560 0.429699
0.070922 0.429699
0.267730 0.429699
-0.377660 0.429699
0.112589 0.429699
-0.469858 0.429699
-0.088652 0.429699
-0.390366 0.429699
-0.043440 0.429699
-0.308954 0.429699
-0.113918 0.429699
-0.022606 0.429699
-0.336879 0.429699
-0.293440 0.429699
0.017139 0.429460
-0.512707 0.429460
-0.366135 0.429460
-0.056738 0.429340
-0.018617 0.429340
0.027630 0.429340
0.249113 0.429340
-0.328901 0.429340
-0.306073 0.429340
-0.290337 0.429340
-0.452128 0.429340
0.115691 0.429340
-0.324764 0.429220
0.556738 0.429157
-0.148197 0.429101
-0.459811 0.429101
-0.015514 0.428981
-0.183954 0.428981
-0.343972 0.428981
-0.446809 0.428981
0.069149 0.428981
0.198582 0.428981
-0.492908 0.428981
-0.361407 0.428981
-0.152482 0.428981
-0.265957 0.428981
-0.275709 0.428981
-0.193853 0.428981
-0.268617 0.428981
0.050532 0.428981
0.058511 0.428981
-0.375887 0.428981
0.203901 0.428981
0.206560 0.428981
0.201241 0.428981
0.090278 0.428981
-0.335106 0.428981
-0.388298 0.428981
0.102541 0.428922
0.087175 0.428742
-0.327128 0.428623
0.539894 0.428623
-0.281915 0.428623
0.265957 0.428623
0.048316 0.428623
-0.332447 0.428623
-0.377364 0.428503
-0.462175 0.428503
-0.367612 0.428503
-0.188978 0.428264
-0.109043 0.428264
0.054078 0.428264
-0.259309 0.428264
-0.369238 0.428264
-0.478723 0.428264
-0.439716 0.428264
0.046099 0.428264
-0.337175 0.428264
0.039894 0.428264
0.247340 0.428264
0.544326 0.428264
-0.308141 0.428144
-0.046099 0.427905
-0.296543 0.427905
0.063830 0.427905
-0.375591 0.427786
-0.305260 0.427786
-0.166076 0.427786
-0.246011 0.427726
-0.372784 0.427547
-0.476064 0.427547
-0.301418 0.427547
-0.104610 0.427547
-0.230496 0.427547
0.204787 0.427547
-0.270833 0.427547
-0.161348 0.427547
0.089243 0.427547
0.542553 0.427547
-0.004433 0.427547
0.193262 0.427547
-0.234043 0.427308
-0.458333 0.427188
-0.145833 0.427188
-0.029699 0.427188
-0.535904 0.427188
-0.067967 0.427068
-0.273936 0.426829
0.199468 0.426829
-0.303191 0.426829
-0.232270 0.426829
0.006206 0.426829
-0.261082 0.426829
0.500000 0.426829
0.055851 0.426829
-0.278812 0.426829
0.107713 0.426650
0.096779 0.426590
-0.464243 0.426590
-0.171986 0.426590
-0.375296 0.426590
-0.366430 0.426590
-0.272163 0.426471
-0.155142 0.426471
0.032801 0.426471
0.027039 0.426471
0.040780 0.426471
-0.308732 0.426471
0.043883 0.426471
-0.368056 0.426351
-0.074173 0.426351
-0.134752 0.426255
-0.050975 0.426112
-0.270390 0.426112
-0.210993 0.426112
-0.018617 0.426112
-0.343972 0.426112
-0.285461 0.426112
0.073582 0.426112
0.001773 0.426112
-0.048759 0.426112
0.137855 0.426112
0.473404 0.426112
-0.108156 0.426112
-0.085550 0.426112
0.512411 0.426112
-0.429965 0.426112
-0.379433 0.425825
-0.277926 0.425753
-0.206560 0.425753
-0.200798 0.425753
-0.145390 0.425753
0.546986 0.425753
-0.305260 0.425634
-0.234043 0.425634
0.109929 0.425574
-0.091755 0.425538
0.080674 0.425395
-0.283688 0.425395
-0.088209 0.425395
0.498227 0.425395
0.006649 0.425395
-0.013889 0.425395
0.113032 0.425215
-0.056442 0.425155
-0.126478 0.425060
-0.347074 0.425036
0.545213 0.425036
0.056294 0.425036
-0.307920 0.424916
-0.007979 0.424916
-0.256206 0.424677
0.002216 0.424677
0.160461 0.424677
-0.153369 0.424677
-0.290780 0.424677
0.506206 0.424677
0.164007 0.424677
-0.281915 0.424677
-0.462766 0.424677
-0.079787 0.424677
0.027039 0.424677
-0.114362 0.424677
-0.303191 0.424677
-0.386525 0.424677
0.041667 0.424677
0.032801 0.424677
0.508865 0.424677
0.021277 0.424677
-0.081560 0.424677
-0.498227 0.424677
-0.337175 0.424677
0.540780 0.424677
-0.360077 0.424558
-0.375148 0.424558
0.146365 0.424534
-0.017878 0.424438
-0.069740 0.424438
-0.068558 0.424438
-0.059693 0.424199
-0.362145 0.424079
-0.198138 0.423960
-0.157801 0.423960
-0.099291 0.423960
-0.252216 0.423960
0.494681 0.423960
0.060284 0.423960
-0.343085 0.423960
-0.388150 0.423960
-0.350177 0.423960
-0.305851 0.423960
0.556738 0.423881
-0.326537 0.423840
-0.514480 0.423721
-0.238475 0.423721
-0.551418 0.423601
-0.131206 0.423529
-0.111702 0.423242
-0.283245 0.423242
-0.489362 0.423242
0.469858 0.423242
0.035904 0.423242
-0.218085 0.423242
0.040337 0.423242
-0.075650 0.423242
0.019504 0.423242
0.014184 0.423242
-0.296099 0.423242
-0.261082 0.423242
0.501773 0.423242
0.031915 0.422884
-0.146720 0.422884
-0.201241 0.422884
0.026152 0.422884
-0.151152 0.422884
0.525118 0.422764
0.102246 0.422764
-0.102837 0.422525
-0.472518 0.422525
0.475177 0.422525
-0.114805 0.422525
0.547872 0.422525
-0.001330 0.422525
-0.491135 0.422525
0.015957 0.422525
-0.375000 0.422525
-0.165189 0.422525
0.088061 0.422525
-0.516253 0.422286
-0.161939 0.422286
0.511525 0.422166
-0.503546 0.422047
-0.119385 0.422047
-0.377216 0.421879
-0.355496 0.421808
-0.312943 0.421808
-0.010638 0.421808
0.500000 0.421808
0.039007 0.421808
-0.069149 0.421808
-0.242908 0.421808
-0.272163 0.421808
-0.385638 0.421808
-0.484043 0.421808
-0.265957 0.421808
-0.007979 0.421808
-0.071513 0.421808
-0.342199 0.421808
0.539007 0.421808
-0.206856 0.421569
-0.062648 0.421569
0.007535 0.421569
-0.382535 0.421521
0.107270 0.421449
0.056294 0.421449
-0.298759 0.421330
-0.304965 0.421330
-0.032801 0.421090
0.031028 0.421090
0.473404 0.421090
-0.310284 0.421090
-0.191933 0.421090
-0.481383 0.421090
-0.051862 0.421090
-0.198582 0.421090
-0.016548 0.420851
-0.376330 0.420803
-0.560284 0.420747
-0.225177 0.420732
0.069149 0.420732
-0.322104 0.420612
-0.094858 0.420516
-0.437943 0.420373
-0.115248 0.420373
-0.145390 0.420373
-0.154255 0.420373
-0.200355 0.420373
-0.505319 0.420373
0.060284 0.420373
-0.183067 0.420373
-0.107270 0.420373
-0.187057 0.420373
-0.478723 0.420373
-0.507979 0.420373
-0.087323 0.420373
0.022163 0.420373
-0.072991 0.420373
-0.067376 0.420373
-0.165337 0.420313
-0.058215 0.420134
0.133865 0.420014
-0.500000 0.419895
-0.130319 0.419799
-0.314716 0.419656
-0.360816 0.419656
-0.152482 0.419656
-0.258422 0.419656
-0.148050 0.419656
0.131206 0.419656
0.514184 0.419656
-0.217642 0.419656
0.541667 0.419656
-0.171986 0.419417
-0.275857 0.419417
0.007535 0.419237
-0.158245 0.419118
-0.215647 0.419118
0.127660 0.418938
-0.539894 0.418938
-0.512411 0.418938
0.081560 0.418938
-0.116135 0.418938
-0.312057 0.418938
-0.074468 0.418938
0.492908 0.418938
-0.184840 0.418938
0.484929 0.418938
-0.018322 0.418938
-0.364583 0.418759
-0.201537 0.418699
-0.280290 0.418699
-0.389332 0.418699
0.556738 0.418604
-0.197695 0.418580
0.027039 0.418580
0.002660 0.418580
-0.288342 0.418400
-0.425532 0.418221
0.141401 0.418221
0.129876 0.418221
-0.255762 0.418221
-0.177305 0.418221
-0.429965 0.418221
-0.263298 0.418221
-0.501773 0.418221
-0.518617 0.418221
-0.238475 0.418221
-0.210550 0.418101
-0.026152 0.418101
0.550532 0.418054
-0.133865 0.418006
0.017730 0.417982
-0.368351 0.417862
-0.045213 0.417743
-0.005024 0.417743
-0.110816 0.417504
0.449025 0.417504
-0.042553 0.417504
-0.467199 0.417504
-0.338652 0.417504
-0.003546 0.417504
-0.514184 0.417504
0.544326 0.417504
-0.407801 0.417504
-0.342199 0.417504
-0.480496 0.417504
-0.332447 0.417504
-0.117021 0.417504
-0.279551 0.417025
-0.370346 0.416966
-0.320035 0.416786
-0.190603 0.416786
-0.311170 0.416786
-0.101950 0.416786
-0.072400 0.416786
0.491135 0.416786
-0.505319 0.416786
-0.219858 0.416786
-0.489362 0.416786
-0.344858 0.416786
0.519504 0.416786
-0.553191 0.416786
-0.398050 0.416786
-0.296543 0.416786
-0.179078 0.416786
0.084220 0.416786
-0.301418 0.416667
-0.378546 0.416499
-0.556738 0.416428
-0.493794 0.416428
-0.200650 0.416188
-0.042996 0.416069
-0.093528 0.416069
-0.065603 0.416069
0.146277 0.416069
0.035461 0.416069
-0.372340 0.416069
-0.175532 0.416069
0.150709 0.416069
0.000443 0.415890
-0.556738 0.415829
-0.076241 0.415710
-0.383422 0.415710
-0.215869 0.415710
-0.317671 0.415591
-0.393026 0.415591
-0.560284 0.415470
-0.147163 0.415352
-0.380319 0.415352
-0.516844 0.415352
-0.204196 0.415352
-0.172872 0.415352
-0.188387 0.415352
-0.113475 0.415112
-0.157063 0.415053
-0.361259 0.414993
-0.453457 0.414993
-0.082004 0.414993
-0.483156 0.414993
0.529551 0.414873
-0.109929 0.414873
-0.560284 0.414872
0.043661 0.414813
-0.122340 0.414634
-0.170213 0.414634
-0.043440 0.414634
-0.427305 0.414634
-0.070331 0.414634
0.163121 0.414634
-0.439716 0.414634
-0.260638 0.414634
-0.084663 0.414634
-0.501773 0.414634
-0.202128 0.414515
0.059693 0.414395
-0.111702 0.414156
-0.015071 0.414156
0.151891 0.414156
-0.358156 0.414096
-0.365027 0.414096
-0.108156 0.413917
-0.301418 0.413917
0.166667 0.413917
0.500443 0.413917
-0.179078 0.413917
-0.375000 0.413917
-0.276300 0.413857
-0.217863 0.413737
-0.241135 0.413558
-0.074173 0.413558
-0.547872 0.413558
-0.464982 0.413558
-0.003251 0.413439
0.070922 0.413199
-0.409574 0.413199
-0.116135 0.413199
-0.505319 0.413199
0.170213 0.413199
-0.109929 0.413199
-0.322695 0.413199
-0.097518 0.413199
-0.257979 0.413199
-0.311613 0.413199
-0.425532 0.413199
-0.001773 0.413199
-0.445035 0.413199
0.028369 0.413199
-0.367021 0.413199
-0.159796 0.413020
0.013520 0.412960
0.507535 0.412841
0.555851 0.412674
-0.248227 0.412482
-0.331117 0.412482
-0.337323 0.412482
-0.260638 0.412482
-0.539007 0.412482
0.486702 0.412482
-0.528369 0.412482
0.496897 0.412482
-0.078014 0.412482
-0.383865 0.412482
-0.151891 0.412243
0.068262 0.412243
-0.210771 0.412183
-0.456117 0.412123
-0.080674 0.412123
-0.303339 0.412123
-0.140071 0.412123
-0.299202 0.412123
0.038121 0.412123
-0.251773 0.412123
-0.489805 0.412123
-0.014716 0.411908
-0.071513 0.411765
0.490248 0.411765
-0.229610 0.411765
0.524823 0.411765
0.522163 0.411765
-0.255319 0.411765
-0.083333 0.411765
-0.347518 0.411765
-0.332447 0.411765
-0.494238 0.411765
-0.377660 0.411765
-0.343085 0.411765
-0.328014 0.411406
-0.094415 0.411406
0.533983 0.411286
0.536643 0.411286
-0.165041 0.411047
-0.233156 0.411047
-0.429965 0.411047
-0.236407 0.411047
0.541667 0.411047
-0.047429 0.411047
-0.022163 0.411047
-0.055851 0.411047
-0.257979 0.411047
-0.129433 0.411047
-0.539894 0.411047
-0.338209 0.411047
-0.052748 0.411047
-0.317967 0.410808
-0.198138 0.410689
-0.160683 0.410689
-0.078901 0.410689
-0.291223 0.410689
-0.113918 0.410569
-0.103428 0.410569
-0.110816 0.410569
-0.294105 0.410509
-0.191933 0.410330
-0.301862 0.410330
-0.125887 0.410330
-0.081560 0.410330
-0.483599 0.410330
-0.039894 0.410330
-0.060727 0.410330
-0.122119 0.410330
-0.361702 0.410330
-0.343972 0.410330
0.033688 0.410330
-0.070035 0.409971
-0.388446 0.409971
-0.076241 0.409971
-0.457890 0.409971
-0.201684 0.409852
0.062352 0.409852
-0.253546 0.409613
-0.195922 0.409613
-0.119016 0.409613
-0.422872 0.409613
-0.560284 0.409595
-0.286052 0.409374
0.024379 0.409254
-0.132979 0.409254
-0.359264 0.409254
-0.315603 0.409254
-0.061170 0.408895
-0.225177 0.408895
-0.411348 0.408895
-0.166076 0.408895
-0.042110 0.408895
-0.105496 0.408895
-0.379433 0.408895
-0.307772 0.408895
-0.057624 0.408895
-0.268617 0.408596
-0.376330 0.408537
-0.299645 0.408537
0.019282 0.408537
-0.207447 0.408417
-0.281767 0.408417
0.059102 0.408417
0.021543 0.408393
-0.069149 0.408178
-0.438830 0.408178
-0.095745 0.408178
-0.247340 0.408178
-0.445922 0.408178
-0.509752 0.408178
-0.077128 0.408178
-0.073582 0.408178
-0.322252 0.408178
0.035239 0.408178
-0.535461 0.408178
0.556738 0.408050
-0.220080 0.407999
-0.111702 0.407939
0.048316 0.407819
-0.140071 0.407819
-0.368351 0.407819
-0.175975 0.407819
-0.083038 0.407700
-0.005024 0.407700
-0.251773 0.407461
-0.490248 0.407461
0.523050 0.407461
0.031915 0.407461
-0.143617 0.407461
-0.189716 0.407461
-0.432624 0.407461
-0.337766 0.407461
0.024823 0.407461
-0.277482 0.407461
-0.074468 0.407461
0.000443 0.407461
-0.172872 0.407461
-0.345301 0.407461
-0.538121 0.407461
0.555851 0.407397
-0.091017 0.407341
-0.551418 0.407324
-0.224734 0.407102
-0.116800 0.406982
-0.212544 0.406923
-0.289672 0.406923
-0.217863 0.406923
-0.027039 0.406863
-0.193706 0.406743
-0.343528 0.406743
-0.387116 0.406743
-0.145390 0.406743
0.554965 0.406743
-0.177305 0.406743
-0.494238 0.406743
-0.168144 0.406743
0.034353 0.406743
-0.264184 0.406504
-0.086288 0.406504
-0.353945 0.406385
-0.228280 0.406385
-0.023271 0.406325
-0.287086 0.406265
-0.350768 0.406265
-0.072917 0.406205
0.048094 0.406205
-0.413121 0.406026
0.500887 0.406026
-0.294326 0.406026
0.052305 0.406026
-0.197695 0.406026
-0.054965 0.406026
0.036791 0.406026
0.528369 0.406026
-0.129433 0.406026
0.014628 0.406026
-0.044326 0.406026
-0.429965 0.406026
-0.049645 0.406026
-0.077837 0.405882
-0.234043 0.405787
-0.237293 0.405787
-0.487589 0.405667
-0.097813 0.405667
-0.378103 0.405667
-0.021720 0.405667
-0.336879 0.405667
-0.108156 0.405548
-0.284870 0.405548
-0.089243 0.405548
-0.073803 0.405488
-0.069371 0.405488
-0.404699 0.405488
-0.163712 0.405308
-0.184397 0.405308
-0.278812 0.405308
-0.166371 0.405308
-0.375000 0.405308
-0.201684 0.405308
-0.027926 0.405069
-0.035018 0.404950
-0.358378 0.404950
0.548759 0.404950
0.027039 0.404950
-0.173316 0.404950
-0.102541 0.404830
-0.109929 0.404830
-0.395538 0.404770
-0.017376 0.404735
-0.291223 0.404591
0.492465 0.404591
-0.277039 0.404591
-0.307624 0.404591
-0.519060 0.404591
-0.348848 0.404591
-0.149601 0.404591
-0.257535 0.404591
0.533688 0.404591
0.539007 0.404591
-0.427305 0.404591
-0.470745 0.404591
-0.346631 0.404591
-0.177748 0.404232
-0.421099 0.404232
-0.222074 0.404232
-0.270390 0.404113
-0.125074 0.404113
-0.264184 0.404113
-0.235816 0.404113
-0.319592 0.404089
-0.194149 0.403874
-0.246454 0.403874
-0.484929 0.403874
-0.199320 0.403874
-0.172429 0.403874
-0.495567 0.403874
-0.344858 0.403874
0.540780 0.403874
-0.117243 0.403874
-0.504433 0.403874
0.014406 0.403874
-0.073138 0.403515
-0.042996 0.403515
-0.190455 0.403276
-0.280142 0.403156
-0.414894 0.403156
-0.174645 0.403156
-0.143617 0.403156
-0.040780 0.403156
-0.241135 0.403156
0.554965 0.403156
-0.099882 0.403156
-0.176862 0.403156
-0.102246 0.403156
-0.104610 0.403156
-0.031028 0.403156
-0.431738 0.403156
-0.433511 0.403156
-0.203310 0.403156
-0.050532 0.403156
-0.094858 0.403156
-0.355496 0.403156
-0.250591 0.403156
0.527482 0.403156
-0.308511 0.403156
-0.182920 0.402917
-0.197547 0.402798
0.552305 0.402798
-0.423759 0.402798
0.556738 0.402774
-0.231826 0.402738
-0.259309 0.402678
0.012411 0.402439
-0.278369 0.402439
0.006649 0.402439
0.023050 0.402439
-0.512411 0.402439
-0.091312 0.402439
-0.297872 0.402439
0.039894 0.402439
-0.130024 0.402439
-0.521277 0.402439
-0.205083 0.402439
-0.319149 0.402296
-0.041223 0.402080
-0.078901 0.402080
-0.270390 0.401722
-0.001330 0.401722
-0.206856 0.401722
-0.276596 0.401722
0.002660 0.401722
-0.442376 0.401722
-0.144060 0.401722
-0.175089 0.401722
0.523050 0.401722
-0.492908 0.401722
-0.110372 0.401722
0.014184 0.401722
-0.200946 0.401722
-0.510638 0.401722
0.515957 0.401722
-0.177305 0.401722
-0.214835 0.401722
-0.112589 0.401722
-0.058954 0.401722
-0.304965 0.401722
-0.264184 0.401722
-0.093972 0.401722
0.532801 0.401722
0.535461 0.401722
0.020213 0.401578
-0.320922 0.401435
-0.227837 0.401363
-0.328014 0.401363
-0.342199 0.401363
-0.243499 0.401243
-0.025266 0.401124
0.552305 0.401004
-0.532801 0.401004
0.000000 0.401004
-0.147828 0.401004
-0.518617 0.401004
-0.202719 0.401004
-0.220154 0.401004
-0.003989 0.401004
-0.542553 0.401004
0.546099 0.401004
-0.446809 0.401004
-0.020612 0.400825
-0.081708 0.400705
-0.238475 0.400646
-0.363475 0.400646
-0.468085 0.400646
-0.043883 0.400646
0.028369 0.400646
-0.178635 0.400287
-0.002660 0.400287
-0.096631 0.400287
-0.209811 0.400287
-0.207151 0.400287
-0.386525 0.400287
-0.144504 0.400287
-0.204492 0.400287
-0.090426 0.400287
-0.425089 0.400287
0.493794 0.400287
-0.175532 0.400287
-0.224143 0.400108
-0.182476 0.400048
-0.286200 0.400048
-0.100768 0.399809
-0.087470 0.399809
-0.141696 0.399809
-0.418883 0.399570
-0.003546 0.399570
-0.288859 0.399570
-0.160904 0.399570
-0.490691 0.399570
-0.163564 0.399570
-0.410461 0.399570
0.017730 0.399570
-0.351064 0.399570
-0.123227 0.399570
-0.367021 0.399570
-0.346188 0.399570
-0.093085 0.399570
-0.134013 0.399570
-0.215130 0.399570
-0.245863 0.399330
0.480940 0.399211
-0.126921 0.399211
-0.099586 0.399091
-0.104905 0.399091
-0.196513 0.399091
-0.560284 0.399042
-0.402039 0.399032
-0.064938 0.399032
-0.009161 0.398852
-0.047872 0.398852
-0.457890 0.398852
-0.114805 0.398852
-0.045213 0.398852
0.544326 0.398852
-0.262411 0.398852
-0.453901 0.398852
-0.280585 0.398852
-0.152039 0.398852
-0.095745 0.398852
-0.304078 0.398852
-0.251921 0.398852
-0.306738 0.398852
-0.240839 0.398733
-0.186466 0.398613
-0.183806 0.398613
0.015957 0.398494
-0.462323 0.398494
0.553191 0.398175
-0.527482 0.398135
0.501330 0.398135
-0.141401 0.398135
-0.386525 0.397896
-0.232270 0.397776
-0.091755 0.397776
-0.167110 0.397776
-0.248818 0.397657
-0.046986 0.397418
-0.178191 0.397418
-0.049645 0.397418
-0.531915 0.397418
0.021277 0.397418
-0.001773 0.397418
-0.044326 0.397418
-0.553191 0.397418
0.527482 0.397418
-0.250591 0.397418
-0.257535 0.397418
-0.017730 0.397418
-0.113475 0.397418
-0.014480 0.397418
0.552305 0.397418
-0.134456 0.397418
-0.426862 0.397418
-0.221040 0.397418
-0.201891 0.397274
-0.316489 0.397059
-0.375443 0.397059
0.022606 0.397059
-0.300089 0.397059
-0.302748 0.397059
-0.284279 0.396939
0.555851 0.396740
-0.496897 0.396700
-0.483599 0.396700
-0.074246 0.396700
-0.363032 0.396700
-0.437057 0.396700
0.019504 0.396341
-0.335550 0.396341
-0.318262 0.396198
-0.478723 0.395983
-0.019504 0.395983
-0.260638 0.395983
-0.359043 0.395983
-0.256206 0.395983
-0.077128 0.395983
0.554965 0.395983
-0.117021 0.395983
-0.406028 0.395983
-0.016253 0.395983
-0.212175 0.395983
-0.221631 0.395983
-0.138298 0.395983
-0.524823 0.395983
-0.322695 0.395839
-0.282654 0.395744
-0.294178 0.395624
0.005762 0.395624
-0.366578 0.395624
-0.189125 0.395505
-0.298759 0.395265
-0.093085 0.395265
-0.097518 0.395265
0.539894 0.395265
-0.416667 0.395265
-0.302896 0.395265
-0.120567 0.395265
-0.488032 0.395265
-0.217494 0.395265
0.550532 0.395265
-0.397459 0.395026
-0.343528 0.394907
-0.311170 0.394907
-0.354610 0.394907
-0.348404 0.394907
-0.237145 0.394548
-0.174202 0.394548
-0.494681 0.394548
-0.186170 0.394548
-0.457890 0.394548
0.496897 0.394548
0.546099 0.394548
-0.020833 0.394548
-0.056738 0.394548
-0.205674 0.394548
-0.247488 0.394429
-0.202482 0.394405
-0.199291 0.394261
-0.159131 0.394189
-0.023936 0.394189
-0.245272 0.394070
-0.013593 0.393831
0.539007 0.393831
-0.334515 0.393831
0.013298 0.393831
-0.272385 0.393771
-0.560284 0.393765
-0.265071 0.393592
-0.220523 0.393472
-0.096188 0.393472
-0.130467 0.393472
-0.193262 0.393352
-0.337175 0.393352
-0.275044 0.393293
0.484486 0.393113
-0.289303 0.393113
0.545213 0.393113
-0.526596 0.393113
-0.329787 0.393113
0.517730 0.393113
-0.114362 0.393113
-0.032358 0.392755
-0.168883 0.392755
-0.190898 0.392635
-0.332447 0.392635
-0.342494 0.392396
-0.162677 0.392396
-0.113032 0.392396
-0.285018 0.392396
-0.429078 0.392396
-0.196868 0.392253
0.556738 0.392220
-0.118794 0.392037
-0.209574 0.391966
-0.206738 0.391822
-0.542553 0.391679
-0.366135 0.391679
-0.108156 0.391679
-0.396277 0.391679
-0.299054 0.391679
-0.014184 0.391679
0.485372 0.391679
-0.024379 0.391679
-0.180408 0.391679
-0.279255 0.391679
-0.340721 0.391679
0.528369 0.391679
-0.327128 0.391679
0.555851 0.391463
-0.384752 0.391440
-0.216977 0.391320
-0.127216 0.391320
-0.557624 0.391287
-0.085254 0.391200
-0.157801 0.390961
-0.202128 0.390961
-0.425089 0.390961
-0.219415 0.390961
-0.503989 0.390961
-0.051418 0.390722
-0.299941 0.390483
-0.106678 0.390483
-0.110225 0.390483
-0.194444 0.390244
-0.200355 0.390244
-0.435284 0.390244
-0.039007 0.390244
-0.026596 0.390244
-0.224291 0.390244
-0.277482 0.390244
-0.358156 0.390244
-0.186170 0.390244
-0.368351 0.390244
-0.175089 0.390244
0.531915 0.390244
-0.197400 0.390244
-0.114805 0.390244
-0.470745 0.390244
-0.308215 0.390124
-0.241578 0.389885
-0.444592 0.389885
-0.449911 0.389885
-0.355201 0.389766
-0.348995 0.389766
-0.328605 0.389766
-0.238032 0.389527
0.544326 0.389527
-0.192080 0.389527
-0.056028 0.389527
-0.479610 0.389527
-0.361259 0.389287
-0.300827 0.389287
-0.059840 0.389168
-0.246897 0.389168
-0.121897 0.389168
-0.030733 0.389048
-0.473404 0.388809
-0.244681 0.388809
-0.370567 0.388809
0.540780 0.388809
-0.179965 0.388809
-0.388652 0.388714
-0.042553 0.388570
-0.241135 0.388451
-0.111998 0.388331
-0.333333 0.388331
-0.230496 0.388092
-0.476950 0.388092
-0.028812 0.388092
-0.276152 0.388092
-0.097074 0.388092
-0.373227 0.388092
-0.130319 0.388092
-0.454787 0.388092
-0.484043 0.388092
-0.513741 0.388092
-0.339539 0.388092
-0.034870 0.387853
-0.039450 0.387733
-0.315012 0.387733
-0.546543 0.387374
-0.213652 0.387374
-0.382979 0.387374
-0.120567 0.387374
-0.115248 0.387374
-0.418440 0.387374
-0.117908 0.387374
-0.492021 0.387374
0.544326 0.387374
-0.336879 0.387374
-0.462766 0.387374
-0.402778 0.387135
-0.216090 0.387016
-0.307624 0.386896
-0.356383 0.386896
-0.069149 0.386836
0.538121 0.386657
-0.321809 0.386657
-0.080674 0.386478
-0.126773 0.386298
-0.221410 0.386298
-0.165337 0.386298
-0.557624 0.386010
0.531915 0.385940
-0.136525 0.385940
-0.277482 0.385940
-0.031028 0.385940
-0.427305 0.385940
-0.141844 0.385940
-0.324468 0.385940
-0.291667 0.385940
-0.159131 0.385940
-0.334220 0.385940
-0.074911 0.385760
-0.029255 0.385701
-0.169622 0.385701
-0.240957 0.385653
-0.436613 0.385581
-0.046543 0.385342
-0.237411 0.385294
0.509752 0.385222
-0.190751 0.385222
-0.201241 0.385222
-0.101064 0.385222
0.497340 0.385222
-0.523936 0.385222
-0.305334 0.385103
0.099734 0.385043
-0.107565 0.384888
-0.378989 0.384864
-0.382535 0.384864
-0.245567 0.384864
-0.331560 0.384505
-0.043440 0.384505
-0.288121 0.384505
-0.205674 0.384505
-0.342494 0.384505
-0.188387 0.384505
-0.226950 0.384505
-0.465426 0.384505
-0.411348 0.384505
0.517730 0.384505
0.521277 0.384505
-0.271277 0.384266
-0.174498 0.384266
-0.059131 0.384146
-0.372045 0.384027
-0.338061 0.384027
-0.394858 0.383931
-0.401596 0.383788
-0.209220 0.383788
0.109929 0.383788
-0.457447 0.383788
0.550532 0.383788
-0.316785 0.383788
-0.062943 0.383788
0.514184 0.383788
0.556738 0.383572
-0.450798 0.383429
-0.374704 0.383309
-0.186613 0.383070
-0.501773 0.383070
-0.147163 0.383070
0.083333 0.383070
0.112145 0.383070
-0.116135 0.383070
0.476950 0.383070
-0.328014 0.383070
-0.480496 0.383070
-0.085993 0.383070
-0.234752 0.382783
-0.082447 0.382712
-0.259973 0.382712
-0.335402 0.382592
-0.150414 0.382592
-0.354905 0.382592
-0.237234 0.382496
-0.058688 0.382353
-0.282358 0.382353
-0.038121 0.382353
-0.218085 0.382353
-0.084368 0.382353
-0.382092 0.382353
-0.088918 0.382353
-0.078901 0.382353
-0.386436 0.382138
-0.153664 0.382114
-0.314495 0.381994
-0.080822 0.381994
-0.076684 0.381994
-0.279699 0.381636
-0.098848 0.381636
-0.365248 0.381636
-0.074468 0.381636
0.494681 0.381636
-0.071809 0.381636
-0.455674 0.381636
-0.082742 0.381636
-0.461879 0.381636
0.547872 0.381636
-0.404255 0.381636
-0.157063 0.381516
-0.094637 0.381456
-0.208333 0.381396
0.122045 0.381396
0.496454 0.380918
-0.214539 0.380918
-0.205674 0.380918
0.524823 0.380918
-0.246454 0.380918
-0.155733 0.380799
-0.305925 0.380799
-0.302009 0.380679
-0.240957 0.380631
-0.236820 0.380631
-0.078162 0.380560
-0.341017 0.380440
-0.342790 0.380201
-0.187057 0.380201
0.556738 0.380201
-0.123449 0.380201
-0.194592 0.380201
-0.475177 0.380201
-0.062057 0.380201
-0.202128 0.380201
-0.537677 0.380201
-0.219858 0.380201
-0.290780 0.380201
-0.080083 0.380201
-0.067671 0.380201
-0.329661 0.379996
-0.136968 0.379842
-0.139628 0.379842
-0.050089 0.379842
-0.300827 0.379723
-0.169031 0.379723
-0.174498 0.379603
-0.337048 0.379518
-0.179965 0.379484
-0.157801 0.379484
-0.381206 0.379484
-0.111702 0.379484
-0.102837 0.378766
-0.216312 0.378766
-0.077423 0.378766
-0.287234 0.378766
-0.236407 0.378766
-0.414007 0.378766
-0.345154 0.378766
-0.510638 0.378766
-0.299645 0.378766
-0.117021 0.378766
-0.203901 0.378766
-0.500887 0.378766
0.531028 0.378766
0.539007 0.378766
0.068558 0.378527
-0.213652 0.378527
-0.334853 0.378356
0.556738 0.378295
-0.210993 0.378288
-0.170508 0.378240
0.532801 0.378049
-0.482270 0.378049
-0.091135 0.378049
-0.284574 0.378049
-0.088918 0.378049
-0.495567 0.378049
-0.208333 0.377810
-0.390721 0.377714
-0.382092 0.377690
-0.462323 0.377690
-0.378103 0.377690
-0.374261 0.377571
-0.388652 0.377475
-0.544770 0.377331
-0.147163 0.377331
-0.074468 0.377331
-0.277482 0.377331
-0.205674 0.377331
-0.111702 0.377331
-0.521277 0.377331
-0.354019 0.377092
-0.191933 0.376973
-0.230496 0.376973
-0.268839 0.376973
-0.316046 0.376973
-0.449468 0.376973
-0.114362 0.376973
-0.366726 0.376853
-0.100177 0.376853
-0.152187 0.376853
-0.322400 0.376853
-0.171986 0.376758
-0.392199 0.376758
-0.213652 0.376614
-0.257979 0.376614
-0.184840 0.376614
-0.499113 0.376614
-0.453901 0.376614
-0.403369 0.376614
-0.491135 0.376614
-0.398936 0.376614
-0.305703 0.376495
-0.118573 0.376435
-0.092420 0.376435
-0.210993 0.376375
-0.297281 0.376375
-0.181294 0.376255
-0.472074 0.376255
-0.183067 0.376255
-0.222961 0.376255
-0.445035 0.376255
-0.226064 0.376255
-0.286052 0.376136
-0.555851 0.375967
-0.520390 0.375897
-0.382979 0.375897
-0.489362 0.375897
-0.354610 0.375897
-0.323138 0.375897
-0.162677 0.375777
-0.252660 0.375658
-0.154255 0.375538
-0.338083 0.375333
-0.056294 0.375179
-0.271720 0.375179
-0.357270 0.375179
-0.381206 0.375179
-0.377216 0.375179
-0.287677 0.375179
-0.111702 0.375179
-0.131206 0.375179
-0.161348 0.375060
-0.097518 0.374940
-0.171986 0.374892
-0.219415 0.374821
-0.300532 0.374821
-0.232565 0.374821
-0.093972 0.374701
-0.246454 0.374701
-0.115913 0.374641
-0.500000 0.374462
-0.509752 0.374462
-0.085993 0.374462
-0.258865 0.374462
-0.210993 0.374462
-0.059397 0.374462
-0.359929 0.374462
-0.134309 0.374462
-0.216903 0.374462
-0.349291 0.374462
-0.207890 0.374462
-0.108599 0.374462
-0.334093 0.374257
-0.120124 0.374103
-0.157801 0.374103
-0.239657 0.374103
-0.281028 0.374103
-0.294917 0.373984
-0.473404 0.373745
-0.456560 0.373745
-0.063387 0.373745
-0.137411 0.373745
-0.082447 0.373745
-0.352837 0.373745
0.519504 0.373745
0.052748 0.373745
-0.168440 0.373697
-0.390662 0.373505
-0.284870 0.373505
-0.193262 0.373386
-0.109929 0.373386
-0.131206 0.373147
-0.210550 0.373027
-0.099291 0.373027
-0.177305 0.373027
-0.182624 0.373027
-0.174645 0.373027
-0.186170 0.373027
-0.560284 0.372658
-0.255319 0.372549
-0.286495 0.372549
-0.251773 0.372549
-0.341312 0.372310
-0.468972 0.372310
-0.214243 0.372310
-0.309397 0.372310
0.485816 0.372310
-0.277482 0.372310
-0.282506 0.372190
-0.184619 0.372131
-0.320331 0.372071
-0.530733 0.372071
-0.275266 0.371951
-0.168440 0.371832
-0.544326 0.371593
-0.211879 0.371593
-0.210106 0.371593
-0.452128 0.371593
-0.480496 0.371593
-0.288121 0.371593
-0.402482 0.371593
-0.440603 0.371593
-0.398050 0.371593
-0.393617 0.371593
-0.148936 0.371593
0.525709 0.371593
-0.150709 0.371593
0.494681 0.371593
-0.250000 0.371593
-0.316637 0.371473
-0.140810 0.371473
-0.364805 0.371413
-0.203546 0.371306
-0.457004 0.371234
-0.137855 0.371234
-0.337323 0.371234
-0.377216 0.371234
-0.131206 0.371114
-0.174350 0.370875
0.502660 0.370875
-0.179669 0.370875
-0.301418 0.370875
-0.280142 0.370875
-0.110816 0.370875
-0.264184 0.370756
-0.248227 0.370636
-0.164894 0.370636
-0.194149 0.370516
-0.172429 0.370516
-0.381206 0.370516
-0.460550 0.370516
-0.289894 0.370516
-0.317376 0.370516
-0.147459 0.370397
-0.125887 0.370277
-0.183067 0.370158
-0.208186 0.370158
-0.359043 0.370158
-0.537234 0.370158
-0.154255 0.370158
-0.217494 0.370158
-0.113475 0.370158
-0.285904 0.370158
-0.187278 0.369978
-0.340869 0.369799
-0.339096 0.369799
-0.117021 0.369799
-0.524232 0.369680
-0.224291 0.369440
-0.440603 0.369440
-0.360816 0.369440
-0.405142 0.369440
-0.120567 0.369440
-0.400266 0.369440
-0.395390 0.369440
-0.168883 0.369321
-0.201064 0.369297
-0.342642 0.369082
-0.141253 0.368962
-0.432624 0.368723
-0.427305 0.368723
-0.551418 0.368723
-0.457447 0.368723
-0.187943 0.368723
-0.297872 0.368723
-0.354610 0.368723
-0.329787 0.368723
-0.335106 0.368723
-0.165337 0.368604
-0.218972 0.368484
-0.239362 0.368364
-0.312500 0.368364
-0.352394 0.368364
-0.323877 0.368245
-0.528960 0.368125
-0.202423 0.368006
-0.172872 0.368006
-0.180112 0.368006
-0.226064 0.368006
-0.185727 0.368006
-0.154994 0.367886
0.026596 0.367767
-0.325059 0.367767
-0.178191 0.367647
-0.230940 0.367647
-0.374557 0.367468
-0.560284 0.367381
-0.207742 0.367288
-0.235816 0.367288
-0.183511 0.367288
-0.336879 0.367288
-0.169326 0.367288
-0.388298 0.367288
-0.191489 0.367288
-0.471631 0.367288
-0.174645 0.366930
-0.370789 0.366750
-0.379433 0.366571
-0.342199 0.366571
-0.533688 0.366571
-0.381206 0.366571
-0.203901 0.366571
-0.340426 0.366571
-0.319149 0.366571
0.514184 0.366571
-0.382979 0.366571
-0.535461 0.366212
-0.537234 0.365854
-0.328901 0.365854
-0.377438 0.365854
-0.343972 0.365854
-0.358156 0.365854
-0.334220 0.365854
-0.312057 0.365854
-0.355940 0.365495
-0.353723 0.365136
-0.491135 0.365136
-0.351803 0.365017
-0.349882 0.364897
0.554965 0.364769
-0.355792 0.364658
0.355496 0.364419
-0.496454 0.364419
0.399823 0.364419
-0.363918 0.364240
-0.534870 0.364060
-0.366135 0.364060
-0.536643 0.363702
0.478723 0.363702
-0.543883 0.363343
-0.421543 0.363343
-0.432624 0.362984
-0.511525 0.362984
-0.515957 0.362984
0.552305 0.362626
0.336436 0.361549
-0.536052 0.361549
0.551418 0.361549
0.500887 0.361549
-0.555408 0.361468
-0.527778 0.360832
0.544326 0.360832
0.537234 0.360115
0.513298 0.360115
0.554965 0.359492
0.504876 0.359039
-0.559397 0.358957
-0.515957 0.358680
0.554078 0.358416
0.542553 0.357245
-0.512411 0.357245
0.548759 0.356528
0.502660 0.356528
-0.544770 0.356169
0.510195 0.355452
0.519504 0.355452
0.556738 0.355283
0.306294 0.355093
0.544326 0.354376
0.526596 0.352941
0.523050 0.352582
-0.556738 0.352224
0.546099 0.351506
-0.468972 0.351506
-0.465426 0.351506
-0.470745 0.350789
0.515071 0.350430
0.503546 0.350072
-0.546986 0.350072
-0.523493 0.349713
0.081560 0.349354
0.088652 0.349354
0.515957 0.349354
-0.534131 0.348996
0.085106 0.348637
0.078014 0.348637
0.551418 0.348118
-0.557624 0.347920
0.516844 0.346844
0.523936 0.346485
-0.452128 0.346485
-0.529255 0.346485
0.512411 0.346485
0.508865 0.345768
-0.552305 0.345768
-0.490248 0.345768
0.556738 0.344729
0.535461 0.344333
-0.560284 0.344100
0.513298 0.343974
0.277926 0.343615
0.511525 0.343615
0.259309 0.343257
0.556738 0.342898
-0.549645 0.342898
0.552748 0.342738
0.542110 0.342539
0.528369 0.342181
0.536348 0.341822
0.552748 0.341822
-0.558511 0.341463
0.251330 0.341105
0.548759 0.340746
-0.530585 0.340387
0.521277 0.340029
-0.498227 0.340029
0.542996 0.340029
0.537234 0.339311
-0.452571 0.339311
0.515071 0.339311
0.550975 0.338953
0.480496 0.338594
-0.492908 0.338594
-0.540780 0.338594
0.518617 0.338594
0.556738 0.338537
0.526596 0.337877
0.553191 0.337159
-0.557624 0.336442
-0.558511 0.336209
-0.478723 0.335725
-0.466312 0.335725
-0.543440 0.335725
0.543587 0.333931
-0.519504 0.333572
0.212766 0.333572
0.497340 0.332855
0.545804 0.332138
-0.473404 0.332138
0.515071 0.332138
0.428191 0.332138
0.519060 0.332138
-0.483156 0.332138
-0.534574 0.331420
-0.556738 0.331420
-0.507092 0.331420
0.535165 0.331420
-0.487145 0.330344
-0.525709 0.329986
0.203901 0.329986
0.524379 0.329986
-0.474291 0.329986
-0.466755 0.328551
-0.517730 0.328551
-0.475177 0.328551
0.550532 0.328551
-0.492465 0.327475
0.538416 0.327116
-0.478723 0.327116
0.514184 0.327116
0.533688 0.327116
-0.528369 0.327116
0.552305 0.327059
-0.519504 0.325681
-0.482713 0.325323
-0.472961 0.324247
0.516844 0.324247
-0.516401 0.323888
-0.507535 0.323888
-0.453014 0.322812
-0.553191 0.322812
0.536052 0.322095
0.552305 0.321782
0.501773 0.321377
-0.497340 0.321377
-0.518174 0.321019
-0.556738 0.319943
0.547872 0.319943
0.542996 0.319943
0.540337 0.319943
-0.558511 0.319916
0.511082 0.319225
-0.546986 0.319225
0.549645 0.318508
-0.540780 0.318508
0.546099 0.318508
0.556738 0.318345
-0.491578 0.317432
0.522606 0.317073
0.536348 0.317073
0.547872 0.317073
0.539007 0.317073
-0.550532 0.316356
0.489362 0.315638
0.554078 0.315071
-0.554965 0.314921
-0.472961 0.313486
-0.532801 0.313486
0.495567 0.313486
0.533688 0.313486
0.531028 0.313486
0.503546 0.312769
-0.331560 0.312052
-0.253103 0.311932
-0.297429 0.311514
-0.548759 0.311334
-0.349734 0.311334
0.501773 0.311334
-0.496454 0.311334
-0.239214 0.310019
0.528369 0.309900
0.508865 0.309900
0.554078 0.309794
-0.556738 0.309618
-0.560284 0.309336
0.539894 0.309182
0.542553 0.309182
0.430851 0.308465
-0.496454 0.308465
-0.487589 0.308465
0.556738 0.307792
-0.530142 0.307747
-0.554078 0.307030
-0.535461 0.307030
-0.560284 0.306749
0.534574 0.305595
0.512411 0.305595
-0.467642 0.304878
-0.554965 0.304161
-0.539007 0.304161
0.496454 0.304161
0.556738 0.302515
-0.182181 0.302367
-0.547872 0.302367
-0.203901 0.302009
-0.544326 0.302009
0.548759 0.301903
-0.180408 0.301650
-0.519947 0.301650
-0.560284 0.301472
-0.505762 0.300215
-0.400709 0.299857
-0.494681 0.299857
-0.502660 0.299498
-0.527039 0.299498
-0.025709 0.299139
-0.560284 0.298783
-0.559397 0.298602
-0.476064 0.298422
0.532801 0.297704
-0.031028 0.296987
0.127364 0.296748
0.548759 0.296626
-0.060284 0.296270
0.448582 0.296270
0.506206 0.296270
0.094858 0.296126
-0.064273 0.295552
-0.546986 0.295552
-0.485816 0.295552
-0.515071 0.294835
-0.102837 0.294476
-0.511968 0.294118
0.070922 0.294118
0.524823 0.294118
-0.492908 0.294118
-0.484043 0.293400
-0.559397 0.293326
-0.514628 0.293042
-0.511525 0.292324
-0.122784 0.292145
0.556738 0.291961
-0.482270 0.291248
-0.485372 0.290531
-0.497340 0.290172
-0.505319 0.289813
-0.475177 0.289813
-0.555851 0.289021
-0.507979 0.288737
-0.560284 0.288229
0.539894 0.288020
0.479610 0.287661
-0.549645 0.286944
0.556738 0.286684
-0.491578 0.286227
-0.553191 0.286227
-0.524379 0.285868
0.453014 0.284792
-0.498227 0.284433
0.531915 0.284433
-0.509309 0.284075
-0.518617 0.284075
-0.487145 0.283357
0.034574 0.283357
0.551418 0.282996
-0.560284 0.282953
-0.545213 0.282640
-0.476950 0.282640
-0.554965 0.282640
0.528369 0.281923
0.556738 0.281408
-0.557624 0.280158
-0.490248 0.279770
-0.499557 0.279770
-0.550532 0.278336
0.381206 0.278336
-0.493794 0.278336
-0.557033 0.277857
0.551418 0.277720
-0.560284 0.277676
-0.523050 0.276901
-0.513741 0.276901
-0.489362 0.275466
-0.559693 0.275375
0.542553 0.274390
0.347518 0.274032
-0.504876 0.273314
0.535461 0.272238
-0.549645 0.271879
0.326684 0.271879
-0.530142 0.271879
-0.556147 0.271401
0.542553 0.271162
-0.501773 0.270445
-0.553191 0.269727
0.531915 0.269727
-0.505319 0.269727
0.325502 0.269727
0.338652 0.269727
-0.522163 0.269727
-0.556738 0.268425
0.393617 0.268293
0.355496 0.268293
0.297429 0.268293
0.539007 0.268293
-0.502216 0.267934
-0.532801 0.267575
-0.547872 0.267575
-0.505762 0.267217
0.551418 0.267166
-0.526596 0.266858
-0.551418 0.266141
-0.555851 0.265423
-0.415780 0.265423
-0.523936 0.264706
0.517730 0.264706
-0.540780 0.264706
0.534574 0.264706
-0.559397 0.264121
0.538121 0.263989
-0.513741 0.263630
0.328605 0.263271
-0.528369 0.262554
-0.549645 0.262554
-0.530142 0.262554
-0.560284 0.261845
0.533688 0.261836
-0.554078 0.261836
0.373227 0.261836
0.388298 0.261119
-0.558511 0.261119
0.386525 0.260402
0.556738 0.260301
-0.545656 0.260043
0.399823 0.259684
0.368351 0.259684
0.326832 0.259684
-0.331560 0.259684
0.390071 0.259684
0.469858 0.259684
-0.554965 0.259561
-0.542110 0.259326
0.323729 0.258967
-0.559397 0.258844
-0.328014 0.258728
0.326241 0.258250
-0.533688 0.258250
-0.337766 0.258250
0.281472 0.257891
-0.313313 0.257592
0.323138 0.257532
-0.541667 0.257532
0.472518 0.257532
-0.333777 0.257532
-0.330378 0.257293
-0.525266 0.257174
-0.336879 0.256815
0.363475 0.256815
0.373227 0.256815
0.368794 0.256815
-0.339982 0.256815
0.539007 0.256815
0.320035 0.256815
0.536348 0.256815
0.338652 0.256815
-0.547577 0.256576
0.273345 0.256576
-0.338209 0.256576
-0.560284 0.256569
0.276152 0.256456
-0.333186 0.256337
0.411348 0.256098
0.263298 0.256098
0.386525 0.256098
0.323582 0.256098
-0.317671 0.256098
-0.504876 0.256098
0.266844 0.255739
0.305230 0.255595
-0.537234 0.255380
-0.343824 0.255380
-0.335993 0.255380
0.320479 0.255380
0.351064 0.255380
0.411348 0.255380
-0.342199 0.255380
0.308658 0.255261
0.556738 0.255024
-0.300975 0.255022
-0.338652 0.254902
-0.319740 0.254902
0.278221 0.254782
0.542553 0.254663
0.378103 0.254663
0.316489 0.254663
0.414007 0.254663
0.318706 0.254304
-0.296986 0.254304
-0.543587 0.254065
0.366135 0.253945
-0.346040 0.253945
0.326241 0.253945
0.255319 0.253945
0.416667 0.253945
0.535461 0.253945
0.371454 0.253587
0.292110 0.253587
-0.303413 0.253587
0.258865 0.253587
-0.342420 0.253527
0.295213 0.253228
0.540780 0.253228
0.394504 0.253228
-0.301418 0.253228
-0.431738 0.253228
0.288564 0.252869
-0.349882 0.252511
-0.348035 0.252331
-0.284131 0.252331
-0.535018 0.252152
-0.309693 0.252033
-0.285904 0.251973
0.399823 0.251793
-0.529255 0.251793
-0.264628 0.251793
0.273936 0.251554
0.283245 0.251435
0.298168 0.251315
-0.326684 0.251076
-0.261525 0.251076
0.363475 0.251076
-0.351803 0.251076
-0.311761 0.250837
-0.519060 0.250717
0.368794 0.250717
0.265662 0.250478
-0.271277 0.250359
0.246454 0.250359
0.351064 0.250359
0.328457 0.250359
0.374113 0.250359
0.249113 0.250000
0.408688 0.249641
0.429078 0.249641
0.292553 0.249641
0.275709 0.249641
0.278517 0.249522
0.301271 0.249522
0.257535 0.249283
-0.266401 0.249283
-0.538121 0.248924
0.289007 0.248924
0.420213 0.248685
0.373227 0.248565
-0.273050 0.248565
0.302748 0.248207
0.270686 0.247967
0.304521 0.247848
0.268913 0.247728
0.295508 0.247728
0.339096 0.247489
0.253546 0.247489
-0.274823 0.247489
-0.271277 0.247489
-0.503546 0.247489
0.372340 0.246772
0.330674 0.246772
0.351950 0.246772
0.287234 0.246772
-0.279255 0.246772
0.539450 0.246772
-0.304521 0.246593
-0.306442 0.246533
0.327571 0.246413
0.264332 0.246174
-0.228280 0.245696
0.296395 0.245576
0.294326 0.245337
-0.523050 0.245337
0.291667 0.245337
-0.535461 0.245337
0.238475 0.244978
-0.247784 0.244978
0.285461 0.244620
-0.312943 0.244620
-0.279255 0.244620
0.259752 0.244620
0.556738 0.244470
0.192967 0.244381
0.297872 0.244261
0.437500 0.244261
0.278960 0.244142
0.552748 0.243955
-0.330674 0.243902
0.223404 0.243902
-0.352837 0.243902
-0.262855 0.243902
0.247340 0.243544
0.231383 0.243544
0.329344 0.243185
-0.536348 0.243185
0.239362 0.243185
0.098700 0.243042
0.255762 0.242826
0.192080 0.242707
-0.533688 0.242468
0.304965 0.242468
0.312943 0.242288
0.147311 0.242229
0.222518 0.242229
0.245567 0.242109
-0.287677 0.242109
0.322104 0.241989
-0.355201 0.241989
0.230496 0.241870
0.080674 0.241607
0.308511 0.241571
-0.343972 0.241033
0.333333 0.241033
0.368794 0.241033
-0.537234 0.241033
0.396277 0.241033
0.345745 0.241033
0.478723 0.241033
0.410461 0.241033
-0.359545 0.240842
0.325059 0.240794
-0.560284 0.240738
0.312057 0.240674
0.246454 0.240674
0.254433 0.240555
-0.346040 0.240555
0.230053 0.240495
-0.291667 0.240316
0.371454 0.240316
0.378546 0.240316
-0.307624 0.240316
0.508865 0.240316
0.319592 0.240316
0.288712 0.240077
-0.348109 0.240077
0.316046 0.239778
-0.312057 0.239598
0.063830 0.239598
0.374113 0.239598
-0.285018 0.239598
0.328014 0.239598
0.308806 0.239419
0.422872 0.239359
-0.362057 0.239168
0.323877 0.239120
0.311761 0.238941
0.368351 0.238881
0.428635 0.238642
-0.306147 0.238642
-0.548759 0.238247
-0.303191 0.238164
0.388298 0.238164
0.380319 0.238164
-0.351950 0.238164
0.253546 0.238164
0.548759 0.238164
0.315751 0.238044
0.085993 0.238020
0.114436 0.237984
0.329492 0.237924
0.326832 0.237924
0.220745 0.237805
0.064716 0.237733
-0.347813 0.237685
0.098848 0.237661
0.375887 0.237446
-0.277778 0.237446
0.265071 0.237446
-0.218085 0.237446
0.257092 0.237446
0.453457 0.237088
0.319592 0.237088
0.401596 0.236729
0.373227 0.236729
0.418440 0.236729
0.437057 0.236729
0.367908 0.236729
0.260638 0.236729
-0.237589 0.236729
-0.195035 0.236729
-0.244681 0.236729
0.274527 0.236490
-0.290337 0.236370
0.306147 0.236011
-0.321809 0.236011
-0.369681 0.236011
0.065603 0.235868
-0.360638 0.235868
0.156619 0.235772
0.309102 0.235533
-0.560284 0.235462
-0.286348 0.235294
0.421986 0.235294
0.393617 0.235294
0.385638 0.235294
0.174350 0.235055
0.548020 0.235055
0.427748 0.234577
-0.532801 0.234577
0.462766 0.234577
0.375000 0.234577
-0.204492 0.234577
0.132979 0.234577
-0.305334 0.234278
0.157949 0.234218
-0.357624 0.234146
-0.252955 0.234099
-0.262707 0.234099
0.238652 0.234075
0.433511 0.233859
-0.298759 0.233859
-0.309840 0.233859
0.343972 0.233859
0.265957 0.233859
0.335106 0.233859
0.406028 0.233859
0.302305 0.233859
0.464539 0.233859
0.274527 0.233620
0.291371 0.233620
0.442819 0.233501
0.128989 0.233501
0.415337 0.233501
-0.264184 0.233501
0.552748 0.233402
0.311170 0.233142
0.140514 0.233142
-0.548759 0.232971
0.130098 0.232963
0.323286 0.232903
0.203901 0.232903
0.283392 0.232903
0.325946 0.232903
0.114583 0.232604
0.160609 0.232544
-0.533688 0.232425
-0.337323 0.232425
0.131206 0.232425
-0.236702 0.232425
0.315603 0.232425
-0.294326 0.232425
0.074468 0.232425
-0.240248 0.232425
-0.354610 0.232425
0.294326 0.232425
-0.291667 0.232425
-0.301418 0.232245
0.418883 0.232066
0.316489 0.232066
0.211879 0.231946
0.547281 0.231946
-0.371158 0.231946
0.544770 0.231707
0.317376 0.231707
-0.190603 0.231707
0.138298 0.231707
0.100177 0.231707
-0.233156 0.231707
0.367760 0.231468
0.459663 0.231349
0.464096 0.231349
0.306294 0.231349
0.217051 0.231289
-0.365544 0.231229
0.220301 0.231169
0.348404 0.230990
0.447695 0.230990
-0.194149 0.230990
0.287234 0.230990
-0.262707 0.230870
-0.296986 0.230811
0.319149 0.230631
0.129433 0.230273
0.314716 0.230273
-0.287825 0.230273
0.429078 0.230273
-0.359634 0.230273
0.473404 0.230273
-0.264184 0.230273
-0.560284 0.230185
0.369976 0.230033
0.099586 0.229914
0.315603 0.229914
-0.304521 0.229914
-0.370567 0.229555
0.320922 0.229555
0.397163 0.229555
0.146277 0.229555
-0.302083 0.229555
0.136525 0.229555
-0.219105 0.229412
0.126551 0.229376
0.406472 0.229197
-0.216312 0.229125
0.330378 0.228957
-0.367612 0.228838
-0.343972 0.228838
0.286939 0.228838
0.270390 0.228838
0.294991 0.228838
0.027482 0.228838
0.273936 0.228838
0.556738 0.228640
0.309840 0.228479
-0.295656 0.228300
-0.307624 0.228121
0.127660 0.228121
-0.364657 0.228121
-0.375000 0.228121
-0.521277 0.228121
0.394504 0.228121
-0.180260 0.228121
0.439716 0.228121
-0.346040 0.228121
0.292775 0.228121
-0.286643 0.228121
0.255319 0.228121
0.057624 0.227941
0.546690 0.227881
0.332447 0.227762
0.336879 0.227762
0.420213 0.227762
-0.289155 0.227762
0.472961 0.227762
0.280142 0.227403
0.454787 0.227403
0.318262 0.227403
-0.226729 0.227403
-0.376330 0.227044
0.060284 0.226973
-0.280437 0.226686
-0.349586 0.226686
0.547872 0.226686
0.141844 0.226686
-0.367612 0.226686
0.150709 0.226686
-0.235816 0.226686
-0.228723 0.226686
0.424645 0.226686
-0.186170 0.226686
0.314716 0.226686
-0.380319 0.226686
0.378989 0.226686
-0.297872 0.226506
-0.207447 0.226447
-0.261082 0.226327
-0.241135 0.225968
0.310284 0.225968
-0.529255 0.225968
-0.283392 0.225968
-0.372340 0.225968
-0.189716 0.225968
-0.269504 0.225729
-0.273050 0.225729
-0.265957 0.225729
0.325355 0.225610
-0.285904 0.225610
0.101064 0.225610
-0.303265 0.225430
0.146720 0.225251
0.396277 0.225251
-0.379876 0.225251
0.546986 0.225251
0.320035 0.225251
0.250887 0.225251
0.288933 0.225251
0.186170 0.225251
-0.370567 0.225251
0.271277 0.225251
-0.326241 0.225251
-0.193262 0.225251
-0.235816 0.225251
0.152039 0.225132
0.405585 0.224892
0.253989 0.224713
0.216608 0.224653
-0.328457 0.224534
0.311170 0.224534
0.293440 0.224534
-0.310727 0.224534
-0.241135 0.224534
0.194149 0.224295
-0.190307 0.224295
0.224291 0.224175
-0.378103 0.224175
-0.261968 0.224055
-0.246454 0.223816
-0.288121 0.223816
-0.526596 0.223816
-0.280142 0.223816
-0.330674 0.223816
-0.296099 0.223816
0.291223 0.223816
0.241135 0.223816
0.191489 0.223816
0.148936 0.223816
-0.324173 0.223577
-0.326684 0.223458
0.556738 0.223363
0.202128 0.223338
0.068558 0.223338
0.209959 0.223219
-0.252660 0.223099
0.317376 0.223099
0.476064 0.223099
-0.363180 0.223099
0.183511 0.223099
0.141844 0.223099
0.279034 0.222920
0.284279 0.222860
-0.384752 0.222740
0.267730 0.222740
0.178635 0.222740
-0.333481 0.222621
-0.195626 0.222621
0.457447 0.222382
0.484043 0.222382
0.450355 0.222382
0.229610 0.222382
-0.358156 0.222382
-0.257979 0.222382
-0.340426 0.222382
0.150266 0.222262
0.313091 0.222262
0.099586 0.222023
-0.180999 0.222023
0.123227 0.222023
-0.204492 0.221903
-0.338357 0.221903
0.156028 0.221903
0.259309 0.221844
-0.324616 0.221784
0.206560 0.221664
0.546986 0.221664
0.452128 0.221664
-0.342494 0.221664
-0.384752 0.221664
0.308658 0.221545
-0.152630 0.221485
-0.309102 0.221425
0.272163 0.221306
0.226950 0.221306
-0.237145 0.221306
0.324468 0.221306
-0.311466 0.221186
-0.305556 0.221186
-0.250739 0.221066
0.269208 0.221066
0.073582 0.220947
-0.188830 0.220947
-0.344563 0.220947
0.441489 0.220947
-0.222296 0.220947
-0.201241 0.220947
0.476950 0.220947
-0.196217 0.220947
-0.354905 0.220947
0.230496 0.220947
0.319149 0.220947
-0.255319 0.220947
0.222518 0.220947
0.245272 0.220947
-0.313830 0.220947
-0.372784 0.220827
-0.545213 0.220775
0.279699 0.220588
0.291002 0.220230
0.298759 0.220230
-0.245567 0.220230
-0.526596 0.220230
0.158688 0.220230
0.171099 0.220230
-0.359929 0.220230
0.214096 0.220230
0.248227 0.220230
0.347518 0.220230
0.144504 0.220230
-0.224291 0.220230
0.164894 0.220230
0.200355 0.220230
0.282580 0.220050
0.220892 0.219990
0.205230 0.219871
0.227837 0.219871
-0.320035 0.219751
0.133570 0.219751
0.190603 0.219512
-0.351655 0.219512
0.547872 0.219512
0.101950 0.219512
0.387855 0.219512
0.236170 0.219512
0.274823 0.219512
0.244090 0.219512
-0.347222 0.219273
-0.204196 0.219273
-0.227394 0.219154
0.213726 0.219154
0.268913 0.219034
-0.267287 0.219034
-0.263741 0.219034
-0.197843 0.219034
0.199025 0.218795
0.418883 0.218795
0.450355 0.218795
-0.228723 0.218795
-0.375000 0.218795
0.225177 0.218795
0.247045 0.218795
0.162234 0.218795
-0.385284 0.218580
0.216312 0.218556
0.079787 0.218436
-0.356826 0.218436
-0.388889 0.218436
0.233333 0.218436
0.280511 0.218376
-0.331117 0.218317
0.452128 0.218077
0.446809 0.218077
0.288121 0.218077
0.316268 0.218077
0.227837 0.218077
0.380319 0.218077
0.250000 0.218077
0.213357 0.218077
-0.061170 0.218077
0.054965 0.218077
0.363771 0.217838
-0.079344 0.217719
0.120567 0.217719
-0.317967 0.217599
-0.105053 0.217599
0.107122 0.217599
0.146277 0.217360
0.318262 0.217360
0.230496 0.217360
-0.097518 0.217360
-0.313830 0.217360
0.285165 0.217360
0.470745 0.217360
-0.259752 0.217360
-0.329344 0.217241
-0.333924 0.217121
-0.241578 0.217001
-0.081560 0.217001
-0.202571 0.217001
0.157358 0.217001
0.247784 0.217001
-0.299941 0.217001
-0.065603 0.216643
0.184397 0.216643
-0.203901 0.216643
0.118794 0.216643
-0.253989 0.216643
0.202571 0.216643
-0.309397 0.216643
-0.342199 0.216643
0.386968 0.216643
-0.258422 0.216643
0.271868 0.216643
0.306738 0.216404
-0.301418 0.216284
0.439273 0.216284
0.281324 0.216165
-0.348404 0.216165
-0.047134 0.216165
-0.020981 0.216165
0.237470 0.216165
-0.095080 0.216105
0.037825 0.215985
0.144504 0.215925
-0.181738 0.215925
-0.063387 0.215925
0.404255 0.215925
0.287825 0.215925
0.100177 0.215925
0.245567 0.215925
-0.257092 0.215925
-0.055999 0.215925
-0.007979 0.215925
-0.053856 0.215925
0.204787 0.215925
0.377216 0.215925
-0.079122 0.215746
0.053413 0.215746
-0.315898 0.215686
0.024232 0.215686
-0.011229 0.215686
0.112293 0.215686
0.331560 0.215567
-0.385816 0.215495
-0.283688 0.215447
-0.271277 0.215447
0.135638 0.215447
0.326684 0.215208
-0.393026 0.215208
-0.191489 0.215208
0.278073 0.215208
0.201241 0.215208
0.471631 0.215208
-0.211879 0.215208
0.393617 0.215208
-0.395390 0.215208
-0.065603 0.214849
0.051640 0.214849
-0.197695 0.214849
0.424202 0.214849
-0.346927 0.214730
-0.011820 0.214730
0.117612 0.214730
-0.351212 0.214610
0.227246 0.214610
0.203457 0.214491
0.446809 0.214491
-0.248670 0.214491
0.477837 0.214491
-0.362145 0.214491
-0.355496 0.214491
-0.199025 0.214491
0.464539 0.214491
-0.064495 0.214491
-0.091090 0.214311
-0.324468 0.214252
0.114362 0.214252
-0.094858 0.214132
-0.365691 0.214012
-0.117465 0.213953
-0.390603 0.213917
0.280585 0.213893
0.229905 0.213893
-0.321809 0.213869
-0.367686 0.213833
0.546986 0.213773
-0.192819 0.213773
-0.313830 0.213773
-0.188387 0.213773
-0.007092 0.213773
0.127660 0.213773
0.313387 0.213773
-0.050827 0.213773
-0.048685 0.213773
-0.012411 0.213773
-0.148493 0.213773
-0.219858 0.213773
-0.046543 0.213773
0.205674 0.213773
-0.089539 0.213773
-0.107787 0.213654
-0.035165 0.213654
-0.316489 0.213630
-0.127216 0.213594
-0.092863 0.213594
-0.020390 0.213534
0.282358 0.213415
-0.097074 0.213415
0.142287 0.213176
-0.245863 0.213056
0.190603 0.213056
0.320922 0.213056
-0.091312 0.213056
-0.064273 0.213056
0.203014 0.213056
-0.373227 0.213056
-0.062943 0.213056
0.221188 0.213056
-0.304965 0.213056
-0.132979 0.213056
-0.297872 0.213056
0.271277 0.213056
-0.323582 0.212936
0.277335 0.212936
0.257092 0.212877
-0.095080 0.212877
0.056104 0.212851
0.148936 0.212817
0.298759 0.212817
0.116430 0.212817
-0.331560 0.212817
0.556738 0.212810
0.215278 0.212697
-0.131206 0.212697
-0.020981 0.212578
-0.320922 0.212554
0.166519 0.212458
-0.220301 0.212339
0.199025 0.212339
0.188830 0.212339
0.454787 0.212339
-0.185284 0.212339
0.200355 0.212339
-0.395390 0.212339
0.285461 0.212339
0.132979 0.212339
-0.189716 0.212339
-0.333333 0.212219
-0.033392 0.212219
0.065012 0.212219
-0.343676 0.212099
-0.088505 0.212099
0.137411 0.212099
0.437057 0.211980
-0.152926 0.211980
0.182181 0.211980
-0.183954 0.211980
0.052780 0.211954
0.141844 0.211860
0.067671 0.211860
-0.102837 0.211801
0.265219 0.211741
-0.137411 0.211621
-0.335106 0.211621
-0.182624 0.211621
-0.255762 0.211621
0.234043 0.211621
-0.073138 0.211621
-0.533688 0.211621
-0.035461 0.211621
-0.400709 0.211621
0.345745 0.211621
-0.329787 0.211502
-0.047503 0.211502
-0.049645 0.211502
-0.029551 0.211382
0.126064 0.211334
-0.231383 0.211263
-0.227394 0.211263
-0.219415 0.211263
0.099734 0.211263
-0.358599 0.211263
0.105792 0.211143
0.170213 0.211083
0.413121 0.210904
-0.406028 0.210904
0.183511 0.210904
-0.207447 0.210904
-0.239953 0.210904
0.349291 0.210904
-0.228723 0.210904
0.369681 0.210904
0.198582 0.210904
0.337766 0.210904
0.471631 0.210904
-0.031619 0.210784
0.062796 0.210784
-0.333333 0.210784
-0.350473 0.210665
0.274232 0.210665
0.294326 0.210545
-0.366578 0.210545
-0.373227 0.210545
0.053698 0.210494
-0.178635 0.210306
-0.084072 0.210306
-0.108599 0.210187
-0.199468 0.210187
-0.080674 0.210187
-0.482270 0.210187
-0.335106 0.210187
-0.033688 0.210187
-0.407801 0.210187
0.444149 0.210187
-0.313475 0.210187
-0.292553 0.210067
-0.316135 0.210043
0.379876 0.210043
-0.347222 0.209947
-0.165780 0.209828
-0.161791 0.209828
0.070035 0.209828
-0.125443 0.209648
-0.235816 0.209469
-0.141844 0.209469
0.333333 0.209469
-0.362145 0.209469
0.072695 0.209469
0.199468 0.209469
0.459220 0.209469
-0.253103 0.209469
0.276743 0.209350
-0.369902 0.209290
-0.121011 0.209290
-0.084959 0.209230
0.158983 0.209230
-0.081560 0.209110
0.251330 0.209110
-0.238771 0.209110
-0.309693 0.208991
0.306738 0.208991
0.025768 0.208991
0.069592 0.208931
0.058321 0.208906
0.124468 0.208895
0.309619 0.208871
0.223257 0.208871
0.412234 0.208752
-0.033836 0.208752
0.195035 0.208752
-0.265514 0.208752
0.462766 0.208752
0.065160 0.208752
-0.256206 0.208752
-0.129433 0.208752
0.312500 0.208752
0.318041 0.208752
-0.043735 0.208632
0.049012 0.208547
0.229905 0.208513
-0.140514 0.208393
-0.234043 0.208393
-0.127660 0.208393
0.157358 0.208393
0.209663 0.208393
0.374409 0.208274
-0.383511 0.208178
-0.240544 0.208034
-0.078014 0.208034
-0.527482 0.208034
-0.190160 0.208034
-0.338652 0.208034
-0.333333 0.208034
0.466312 0.208034
-0.361702 0.208034
-0.194592 0.208034
0.326684 0.207915
-0.365027 0.207855
0.151374 0.207855
-0.307329 0.207795
0.109929 0.207795
-0.368794 0.207676
-0.080674 0.207676
-0.335993 0.207676
-0.036495 0.207676
-0.030290 0.207676
0.556738 0.207533
-0.387943 0.207461
-0.150709 0.207317
0.522163 0.207317
-0.248522 0.207317
0.201241 0.207317
-0.142730 0.207317
-0.078901 0.207317
0.179965 0.207317
-0.014628 0.207317
-0.261082 0.207317
0.217199 0.207317
-0.011968 0.207317
-0.237589 0.207317
0.468972 0.207317
-0.099956 0.207138
0.055661 0.207112
0.137411 0.207078
0.273641 0.207078
0.195390 0.207030
-0.214982 0.206958
-0.217642 0.206958
0.078901 0.206958
-0.334220 0.206958
-0.185727 0.206958
0.306073 0.206899
0.332447 0.206839
0.068706 0.206779
0.049899 0.206753
0.308511 0.206719
0.302305 0.206719
-0.414894 0.206600
-0.339539 0.206600
0.457890 0.206600
0.311392 0.206600
-0.309043 0.206600
0.335106 0.206600
0.099291 0.206600
-0.336879 0.206600
-0.313121 0.206600
0.044326 0.206600
-0.372119 0.206420
0.226359 0.206361
0.140071 0.206361
-0.036348 0.206062
-0.030142 0.206062
0.078457 0.206062
0.065603 0.205882
-0.483599 0.205882
-0.220080 0.205882
0.441933 0.205882
0.178191 0.205882
-0.283392 0.205882
0.287234 0.205882
0.328901 0.205763
0.281767 0.205524
0.060284 0.205524
0.341312 0.205524
0.092199 0.205524
-0.105718 0.205524
-0.284574 0.205404
-0.548759 0.205200
0.438830 0.205165
-0.143617 0.205165
-0.347518 0.205165
-0.241135 0.205165
0.182624 0.205165
-0.213652 0.205165
-0.216312 0.205165
-0.167553 0.205165
-0.314805 0.205165
0.229610 0.205165
0.450798 0.205165
-0.337766 0.205165
-0.171543 0.204926
-0.274527 0.204926
-0.224217 0.204926
-0.355910 0.204878
0.184397 0.204806
-0.349291 0.204806
0.179521 0.204806
0.220301 0.204806
-0.065603 0.204806
0.406028 0.204806
0.068883 0.204699
-0.175532 0.204687
0.064450 0.204519
-0.531028 0.204448
0.176418 0.204448
-0.418440 0.204448
0.347518 0.204448
-0.343085 0.204448
0.085106 0.204448
-0.300532 0.204448
-0.082004 0.204448
-0.377216 0.204448
-0.289672 0.204328
-0.229314 0.204209
-0.136525 0.204089
-0.121454 0.204089
-0.033688 0.204089
-0.080230 0.204089
-0.329344 0.204089
-0.086584 0.203969
0.160313 0.203850
0.304004 0.203790
0.057624 0.203730
-0.281915 0.203730
0.209663 0.203730
-0.333777 0.203730
-0.316489 0.203730
-0.420213 0.203730
-0.338652 0.203730
-0.265071 0.203730
0.361702 0.203730
-0.271277 0.203730
0.547872 0.203730
0.037825 0.203730
-0.309043 0.203730
-0.091608 0.203670
-0.076684 0.203611
0.313830 0.203611
0.322695 0.203611
0.300236 0.203611
0.007092 0.203587
-0.319740 0.203431
-0.060727 0.203372
0.188239 0.203372
-0.113032 0.203372
0.165632 0.203312
-0.366667 0.203300
-0.224586 0.203252
0.306516 0.203192
-0.357801 0.203156
-0.173759 0.203132
-0.370434 0.203121
-0.394504 0.203013
-0.157801 0.203013
0.416667 0.203013
0.226064 0.203013
-0.109043 0.203013
0.128546 0.203013
-0.276300 0.202953
-0.376108 0.202834
0.070922 0.202834
-0.267435 0.202774
-0.084072 0.202774
0.302600 0.202774
-0.247488 0.202654
0.155881 0.202654
-0.190603 0.202654
0.163194 0.202594
-0.252955 0.202535
0.355201 0.202535
0.055999 0.202535
-0.317819 0.202475
-0.365691 0.202296
-0.249704 0.202296
-0.242465 0.202296
-0.076241 0.202296
0.153073 0.202296
0.223404 0.202296
0.190307 0.202296
0.413121 0.202296
-0.280585 0.202296
0.027305 0.202296
-0.283688 0.202296
-0.260638 0.202296
0.460106 0.202296
-0.296099 0.202296
0.050236 0.202176
0.305112 0.202176
0.379433 0.202009
-0.165780 0.201937
-0.337323 0.201937
-0.371380 0.201877
0.382979 0.201793
0.295804 0.201698
-0.124409 0.201698
0.101359 0.201638
-0.406915 0.201578
-0.238475 0.201578
-0.346631 0.201578
0.299202 0.201578
0.157801 0.201578
-0.421099 0.201578
-0.234929 0.201578
0.184102 0.201578
-0.292110 0.201578
-0.300532 0.201578
0.449468 0.201578
0.307624 0.201578
-0.053487 0.201459
0.554521 0.201431
0.279255 0.201339
0.273050 0.201339
-0.158392 0.201339
-0.078014 0.201339
0.054374 0.201339
0.077571 0.201220
-0.070479 0.201220
-0.043440 0.201220
0.056738 0.201220
-0.288785 0.201220
-0.373744 0.201160
-0.079787 0.201100
0.277039 0.200980
-0.111259 0.200980
-0.052305 0.200980
-0.183511 0.200861
0.197695 0.200861
-0.312500 0.200861
-0.117465 0.200861
0.397163 0.200861
-0.232270 0.200861
-0.141844 0.200861
-0.004876 0.200861
0.446365 0.200861
-0.342199 0.200861
-0.282358 0.200861
-0.285461 0.200861
0.179433 0.200861
-0.081560 0.200861
-0.102837 0.200861
-0.560284 0.200861
0.122340 0.200861
0.265071 0.200861
-0.156028 0.200861
0.138298 0.200861
0.476064 0.200861
-0.269208 0.200801
0.064894 0.200753
-0.187352 0.200741
0.301566 0.200741
-0.074468 0.200681
0.052187 0.200526
0.099291 0.200502
-0.360816 0.200502
-0.331560 0.200502
0.132092 0.200502
0.104905 0.200383
0.317376 0.200383
0.373522 0.200383
-0.021011 0.200287
-0.162382 0.200263
0.170361 0.200203
-0.370804 0.200191
-0.335993 0.200143
-0.178191 0.200143
-0.260638 0.200143
-0.211879 0.200143
-0.143174 0.200143
0.187943 0.200143
0.321513 0.200143
0.268174 0.200143
0.253546 0.200143
-0.314569 0.200143
-0.184693 0.200024
0.055112 0.200024
-0.077571 0.200024
0.348995 0.200024
-0.188534 0.199904
0.067996 0.199857
0.063830 0.199785
0.134752 0.199785
-0.104388 0.199785
-0.025177 0.199713
0.304374 0.199665
0.032683 0.199570
-0.243794 0.199426
-0.421986 0.199426
-0.390071 0.199426
0.283688 0.199426
0.421986 0.199426
0.104167 0.199426
0.234486 0.199426
-0.306738 0.199426
-0.298168 0.199426
0.026064 0.199426
-0.019504 0.199426
0.100621 0.199247
-0.040780 0.199247
-0.101950 0.199247
0.052926 0.199211
-0.369829 0.199187
-0.083629 0.199187
-0.378842 0.199187
-0.352394 0.199067
0.275266 0.199067
0.281472 0.199067
0.087175 0.199067
0.306885 0.199067
-0.398493 0.199067
-0.113475 0.198948
-0.371749 0.198948
-0.122931 0.198948
0.293735 0.198948
-0.158688 0.198948
-0.099291 0.198888
-0.315898 0.198888
0.055851 0.198709
0.393617 0.198709
-0.105940 0.198709
-0.323582 0.198709
0.105275 0.198709
-0.077128 0.198709
-0.239805 0.198709
-0.164007 0.198709
0.103059 0.198709
-0.081560 0.198709
-0.302600 0.198709
0.381206 0.198565
-0.349069 0.198529
0.329492 0.198470
-0.115691 0.198470
-0.120420 0.198470
0.079566 0.198350
0.125887 0.198350
0.384752 0.198350
0.034043 0.198278
-0.374113 0.198231
0.065160 0.198171
-0.103502 0.198171
-0.384752 0.197991
0.552305 0.197991
-0.345745 0.197991
0.250000 0.197991
0.367908 0.197991
0.106383 0.197991
0.372340 0.197991
0.259309 0.197991
0.282801 0.197991
0.140071 0.197991
-0.117908 0.197991
0.185579 0.197991
-0.288121 0.197991
-0.149379 0.197991
0.024291 0.197848
-0.026330 0.197776
-0.363032 0.197633
-0.285904 0.197633
-0.101064 0.197633
-0.297725 0.197633
0.303339 0.197633
-0.376478 0.197513
-0.085697 0.197513
-0.031560 0.197453
-0.171690 0.197394
-0.169622 0.197394
0.090426 0.197274
-0.233156 0.197274
0.263298 0.197274
-0.222518 0.197274
0.523050 0.197274
-0.328457 0.197274
-0.304374 0.197274
0.068262 0.197274
0.311761 0.197274
-0.090721 0.197214
-0.560284 0.197054
-0.270981 0.197035
-0.124409 0.197035
0.556738 0.196979
0.290337 0.196915
-0.332890 0.196915
-0.295656 0.196915
0.177482 0.196915
0.132979 0.196915
-0.095745 0.196915
-0.161791 0.196915
-0.292996 0.196915
0.356974 0.196796
0.284796 0.196736
0.062943 0.196736
-0.173463 0.196676
-0.176123 0.196676
0.292701 0.196676
-0.250591 0.196557
0.296099 0.196557
0.453901 0.196557
-0.065603 0.196557
-0.312648 0.196557
0.154551 0.196557
-0.140071 0.196557
0.137411 0.196557
-0.300236 0.196557
-0.109486 0.196557
0.066489 0.196557
0.195035 0.196557
-0.137855 0.196557
0.377660 0.196557
-0.104388 0.196437
-0.379285 0.196318
0.227394 0.196198
-0.240248 0.196198
0.058954 0.196198
-0.318262 0.196198
-0.222074 0.196198
-0.416667 0.196198
-0.247045 0.196126
0.036052 0.196078
0.103428 0.196078
-0.348700 0.196078
-0.101950 0.195899
-0.119238 0.195839
-0.099512 0.195839
-0.130762 0.195839
-0.298168 0.195839
-0.141401 0.195839
0.129433 0.195839
-0.139184 0.195839
-0.358156 0.195839
0.160239 0.195660
-0.022385 0.195660
-0.149675 0.195600
-0.236259 0.195481
0.089835 0.195481
0.070479 0.195481
-0.394060 0.195481
0.156472 0.195481
0.149823 0.195301
0.031206 0.195265
-0.067671 0.195122
0.524823 0.195122
0.273050 0.195122
-0.385195 0.195122
0.072030 0.195122
0.269504 0.195122
-0.062057 0.195122
0.183215 0.195122
-0.312796 0.195122
-0.382092 0.195122
-0.293440 0.195122
0.138741 0.195122
-0.296099 0.195122
-0.207447 0.195122
-0.142730 0.195122
0.480496 0.195122
0.142730 0.195122
-0.354905 0.195002
-0.410461 0.194943
-0.233599 0.194763
-0.343528 0.194763
-0.203014 0.194763
-0.305186 0.194763
0.456560 0.194763
-0.359634 0.194763
0.277039 0.194763
0.056738 0.194644
0.163712 0.194644
-0.348700 0.194644
0.556738 0.194616
-0.071661 0.194584
-0.012855 0.194584
-0.026743 0.194524
-0.341312 0.194405
-0.286348 0.194405
0.067376 0.194405
0.125887 0.194405
0.426418 0.194405
-0.117760 0.194405
0.131427 0.194225
0.059397 0.194165
0.032210 0.194165
-0.298759 0.194165
-0.351655 0.194165
-0.102837 0.194165
-0.100399 0.194106
-0.187943 0.194046
0.095523 0.194046
-0.301049 0.194046
0.476950 0.194046
0.104905 0.193807
-0.092199 0.193687
-0.361111 0.193687
0.062057 0.193687
-0.329787 0.193687
-0.120567 0.193687
-0.069740 0.193687
0.117021 0.193687
-0.312943 0.193687
-0.017287 0.193687
-0.437943 0.193687
-0.058511 0.193687
-0.344415 0.193687
0.549645 0.193687
-0.383865 0.193687
0.455674 0.193687
-0.052009 0.193568
-0.357270 0.193568
-0.215426 0.193448
-0.208333 0.193448
-0.022606 0.193329
-0.324025 0.193329
-0.049113 0.193329
-0.024306 0.193269
-0.248227 0.193257
-0.560284 0.193247
0.197991 0.193209
-0.440603 0.192970
0.459220 0.192970
-0.093381 0.192970
0.175532 0.192970
0.070922 0.192970
-0.202128 0.192970
-0.236702 0.192970
0.219858 0.192970
-0.231383 0.192970
0.142287 0.192970
0.138298 0.192970
0.129728 0.192850
-0.244681 0.192826
0.090721 0.192731
-0.354019 0.192731
-0.038652 0.192611
0.460993 0.192611
-0.406915 0.192611
-0.401152 0.192611
0.053635 0.192611
0.479610 0.192611
0.103428 0.192492
-0.100621 0.192492
-0.358747 0.192492
-0.098183 0.192432
-0.019459 0.192360
-0.548168 0.192272
-0.094563 0.192253
-0.119090 0.192253
-0.050355 0.192253
0.399823 0.192253
-0.531915 0.192253
0.462766 0.192253
-0.248227 0.192253
-0.072991 0.192253
-0.385638 0.192253
0.048168 0.192253
-0.253251 0.192013
-0.227541 0.192013
-0.265662 0.192013
-0.027719 0.192013
0.410461 0.191894
0.176418 0.191894
-0.240691 0.191894
-0.244681 0.191822
-0.297281 0.191774
0.092199 0.191774
-0.533983 0.191774
-0.055260 0.191774
-0.069267 0.191679
-0.299572 0.191655
0.179078 0.191535
-0.441489 0.191535
0.106383 0.191535
0.465426 0.191535
0.548759 0.191535
0.115248 0.191535
-0.085550 0.191535
-0.345301 0.191535
0.126182 0.191416
0.021277 0.191392
-0.329344 0.191356
0.145242 0.191296
-0.356383 0.191296
-0.536052 0.191296
0.131723 0.191236
-0.366283 0.191176
-0.331339 0.191176
-0.234486 0.191176
0.257535 0.190937
-0.354832 0.190878
-0.429078 0.190818
-0.251773 0.190818
-0.054374 0.190818
0.141844 0.190818
0.468085 0.190818
-0.347518 0.190818
0.177305 0.190818
-0.160461 0.190818
0.274823 0.190818
0.048685 0.190758
0.009309 0.190674
-0.350399 0.190638
-0.104433 0.190626
-0.339835 0.190579
0.265957 0.190579
-0.154846 0.190579
0.094193 0.190579
-0.178191 0.190459
0.028369 0.190459
-0.198582 0.190459
0.389184 0.190459
-0.202128 0.190459
0.123227 0.190459
0.473404 0.190459
-0.353280 0.190459
0.455230 0.190459
0.488475 0.190459
-0.106206 0.190387
-0.254728 0.190340
0.077793 0.190244
-0.212766 0.190220
-0.389628 0.190100
-0.488032 0.190100
-0.311613 0.190100
-0.443706 0.190100
0.378546 0.190100
0.075133 0.190100
0.187057 0.190100
0.453014 0.190100
-0.147902 0.190100
-0.355496 0.189981
0.030807 0.189921
-0.027128 0.189921
-0.061466 0.189861
-0.164303 0.189861
0.130024 0.189861
-0.012589 0.189849
0.259752 0.189742
0.090278 0.189742
0.154477 0.189742
0.027039 0.189742
-0.410461 0.189742
-0.068794 0.189670
-0.060284 0.189383
-0.179965 0.189383
0.070700 0.189383
-0.085771 0.189383
0.096188 0.189383
-0.232270 0.189383
0.430851 0.189383
0.113475 0.189383
-0.342199 0.189383
0.099808 0.189144
-0.126773 0.189144
-0.378103 0.189144
-0.135195 0.189144
0.246277 0.189096
-0.306073 0.189024
0.265071 0.189024
0.072252 0.189024
0.268617 0.189024
-0.113697 0.189024
-0.115987 0.189024
-0.276152 0.189024
-0.109530 0.188953
-0.102216 0.188953
0.043735 0.188905
0.127069 0.188905
-0.348183 0.188845
-0.330895 0.188845
0.263298 0.188785
-0.332890 0.188666
0.152926 0.188666
-0.371454 0.188666
-0.364953 0.188666
-0.094267 0.188666
-0.351064 0.188666
0.444592 0.188666
-0.271277 0.188666
-0.228428 0.188427
-0.059397 0.188427
0.105349 0.188427
-0.214539 0.188307
-0.083777 0.188307
0.081560 0.188235
-0.017465 0.188235
0.253546 0.188187
-0.023050 0.188128
0.150340 0.188068
-0.285609 0.188068
-0.048316 0.188068
-0.212766 0.187948
-0.393617 0.187948
0.193262 0.187948
-0.444149 0.187948
0.076241 0.187948
-0.415780 0.187948
-0.420213 0.187948
0.067376 0.187948
0.554078 0.187948
-0.096188 0.187948
0.465426 0.187948
-0.066608 0.187853
0.034353 0.187769
-0.351729 0.187769
-0.550532 0.187728
-0.379876 0.187709
-0.208333 0.187709
-0.118351 0.187590
0.457890 0.187590
0.147754 0.187470
-0.224586 0.187470
0.096557 0.187470
0.080378 0.187374
-0.068676 0.187374
-0.287382 0.187351
-0.331413 0.187291
0.025709 0.187231
-0.313830 0.187231
-0.536348 0.187231
0.436170 0.187231
0.262411 0.187231
0.195035 0.187231
0.197695 0.187231
-0.342199 0.187231
0.100177 0.187231
0.556738 0.187187
-0.110195 0.187159
0.028812 0.187111
-0.004211 0.187052
-0.079122 0.187052
0.086436 0.187016
-0.171395 0.186992
0.255762 0.186992
0.065780 0.186944
0.228059 0.186872
-0.046986 0.186872
0.068927 0.186872
0.040189 0.186753
-0.538416 0.186753
-0.216608 0.186514
0.034279 0.186514
-0.059102 0.186514
-0.437943 0.186514
-0.161348 0.186514
-0.082742 0.186514
0.184397 0.186514
0.133717 0.186394
0.061170 0.186334
0.253103 0.186275
0.036052 0.186275
-0.051566 0.186275
0.248522 0.186275
0.244060 0.186227
0.010195 0.186155
-0.089982 0.186155
-0.019947 0.186155
-0.100000 0.186083
-0.064421 0.186035
-0.292849 0.186035
0.206856 0.186035
-0.384013 0.186035
0.246572 0.185988
-0.345523 0.185976
-0.372784 0.185916
-0.195035 0.185796
-0.308511 0.185796
-0.157210 0.185796
0.091312 0.185796
0.257979 0.185796
0.056959 0.185796
-0.421986 0.185796
-0.303191 0.185796
0.406028 0.185796
0.094119 0.185677
-0.022163 0.185617
-0.125000 0.185557
0.041814 0.185557
0.029255 0.185557
0.096927 0.185557
0.131944 0.185497
-0.113254 0.185438
0.104314 0.185318
0.031176 0.185318
-0.299424 0.185258
-0.004654 0.185258
-0.256353 0.185198
-0.323582 0.185079
0.255319 0.185079
-0.068558 0.185079
-0.093972 0.185079
0.462766 0.185079
0.085106 0.184983
-0.072621 0.184900
0.097931 0.184744
-0.233599 0.184720
0.036643 0.184601
0.190603 0.184362
0.071439 0.184362
0.194592 0.184362
-0.003546 0.184362
0.201241 0.184362
-0.033629 0.184122
-0.247636 0.184122
-0.013002 0.184063
-0.254876 0.184003
-0.088209 0.184003
0.226729 0.184003
0.422872 0.184003
-0.299202 0.184003
0.098936 0.183931
0.250739 0.183764
-0.223995 0.183692
-0.105615 0.183692
-0.122340 0.183644
-0.080378 0.183644
-0.066194 0.183644
-0.150118 0.183644
0.139184 0.183644
-0.168440 0.183644
-0.201241 0.183644
0.243794 0.183644
-0.112145 0.183644
-0.368794 0.183644
-0.423759 0.183644
0.097340 0.183429
-0.227541 0.183405
0.038268 0.183405
-0.371454 0.183405
-0.400266 0.183286
-0.187057 0.183286
0.441489 0.183286
-0.243794 0.183286
-0.374113 0.183166
-0.127660 0.183166
0.077275 0.183106
0.065957 0.183070
-0.280290 0.183046
0.069178 0.182999
0.137411 0.182927
-0.000887 0.182927
0.204787 0.182927
0.216755 0.182927
0.525709 0.182927
-0.031856 0.182927
0.232934 0.182927
-0.024035 0.182827
-0.077349 0.182747
-0.072030 0.182604
0.049202 0.182568
0.218972 0.182568
0.115027 0.182568
-0.221927 0.182496
-0.550532 0.182452
-0.390957 0.182449
-0.017878 0.182449
0.074468 0.182389
-0.147163 0.182209
0.212766 0.182209
-0.436170 0.182209
0.404255 0.182209
0.239805 0.182209
-0.009678 0.182030
-0.029551 0.182030
-0.296469 0.181911
0.214982 0.181851
-0.352837 0.181851
0.120346 0.181851
0.126773 0.181851
-0.424202 0.181851
-0.284870 0.181731
0.088652 0.181731
0.193115 0.181731
0.209220 0.181492
-0.398050 0.181492
-0.406915 0.181492
0.550532 0.181492
-0.378251 0.181492
-0.336879 0.181492
-0.117243 0.181492
-0.426862 0.181492
-0.065603 0.181349
0.193853 0.181253
-0.306294 0.181133
0.207447 0.181133
-0.273493 0.181133
-0.187057 0.181133
0.063121 0.181026
-0.018322 0.181014
0.123966 0.181014
-0.349956 0.180954
-0.375443 0.180894
0.187943 0.180775
-0.084220 0.180775
0.205674 0.180775
-0.097518 0.180775
0.235816 0.180775
0.214096 0.180775
-0.056738 0.180775
-0.316489 0.180775
-0.078014 0.180775
0.496454 0.180775
-0.210106 0.180775
-0.263889 0.180775
0.221188 0.180775
-0.111924 0.180775
0.050310 0.180715
0.070183 0.180655
-0.072695 0.180631
-0.049202 0.180536
-0.047429 0.180536
0.232270 0.180536
-0.280954 0.180536
0.053856 0.180476
-0.536348 0.180416
0.222518 0.180416
-0.007092 0.180416
0.216312 0.180416
-0.003989 0.180416
-0.288416 0.180297
-0.252955 0.180297
0.228723 0.180297
0.043440 0.180297
0.102689 0.180177
-0.255467 0.180177
-0.291076 0.180057
-0.414894 0.180057
-0.371454 0.180057
-0.257979 0.180057
0.211732 0.179938
0.092937 0.179818
-0.374113 0.179818
-0.382388 0.179818
-0.331265 0.179818
0.033688 0.179818
-0.293735 0.179818
-0.017139 0.179818
0.044991 0.179758
-0.177305 0.179699
0.480496 0.179699
-0.427305 0.179699
-0.232713 0.179699
-0.226950 0.179627
0.040337 0.179579
0.029403 0.179579
0.100000 0.179484
-0.021375 0.179420
-0.413121 0.179340
-0.092199 0.179340
-0.363475 0.179340
-0.265957 0.179340
-0.046099 0.179340
-0.344858 0.179340
0.215426 0.179340
-0.230496 0.179340
-0.277039 0.179340
0.549645 0.179340
-0.122340 0.179340
-0.166814 0.179220
-0.379580 0.179220
-0.282506 0.179101
0.082953 0.179101
-0.108452 0.179101
-0.288712 0.179101
0.071661 0.179041
-0.323138 0.178981
0.098404 0.178981
0.060284 0.178981
-0.220745 0.178910
0.051418 0.178862
0.193558 0.178862
0.009161 0.178742
0.108008 0.178742
0.000887 0.178623
0.231383 0.178623
-0.274158 0.178623
-0.376773 0.178623
-0.304226 0.178503
0.213061 0.178503
0.227837 0.178384
-0.103132 0.178384
-0.041962 0.178384
-0.385343 0.178384
0.058511 0.178384
0.067967 0.178384
0.187352 0.178384
-0.020193 0.178224
-0.232447 0.178192
0.197104 0.178144
-0.208629 0.178144
-0.071365 0.178121
0.076304 0.178085
-0.226359 0.177953
-0.238918 0.177905
-0.547872 0.177905
-0.439716 0.177905
-0.119681 0.177905
-0.541667 0.177905
-0.058954 0.177905
0.136968 0.177905
-0.048537 0.177905
0.221631 0.177905
-0.271277 0.177905
-0.261820 0.177905
0.093085 0.177905
-0.212766 0.177905
0.164894 0.177905
-0.421099 0.177905
-0.229905 0.177666
0.210697 0.177666
0.553191 0.177606
-0.375443 0.177547
-0.291667 0.177547
-0.179965 0.177547
-0.037825 0.177427
0.190307 0.177427
0.072611 0.177427
-0.224586 0.177236
0.060949 0.177188
-0.320331 0.177188
0.224291 0.177188
-0.284574 0.177188
0.472518 0.177188
-0.097518 0.177188
-0.234397 0.177044
0.086879 0.176949
0.321513 0.176949
0.325355 0.176949
-0.016548 0.176889
0.057181 0.176889
-0.050532 0.176829
0.286569 0.176650
-0.023247 0.176630
-0.231856 0.176518
0.038712 0.176471
-0.374113 0.176471
0.159574 0.176471
-0.007535 0.176471
-0.004433 0.176471
0.226950 0.176471
-0.101064 0.176471
0.464539 0.176471
-0.051862 0.176471
-0.378103 0.176351
-0.341017 0.176231
-0.221927 0.176231
-0.384752 0.176231
-0.040189 0.176052
-0.236584 0.176040
-0.106383 0.175992
-0.229314 0.175992
0.066785 0.175992
0.556738 0.175872
-0.028763 0.175833
-0.021375 0.175833
-0.088948 0.175753
-0.242908 0.175753
0.129433 0.175753
-0.082742 0.175753
-0.534574 0.175753
-0.323582 0.175753
0.116578 0.175753
0.442376 0.175753
0.185284 0.175753
0.217642 0.175753
-0.013593 0.175753
-0.314125 0.175753
-0.334220 0.175753
-0.233924 0.175562
-0.540780 0.175395
0.058732 0.175395
-0.049424 0.175395
0.055851 0.175395
0.050709 0.175227
0.047651 0.175155
0.203014 0.175036
-0.402482 0.175036
0.205674 0.175036
-0.395390 0.175036
-0.012116 0.175036
-0.019504 0.175036
-0.034279 0.175036
-0.354610 0.175036
-0.231383 0.175036
0.281028 0.175036
-0.238771 0.175036
-0.342199 0.175036
0.101064 0.175036
0.156028 0.175036
0.220745 0.175036
0.089096 0.175036
-0.216755 0.175036
-0.109574 0.174940
-0.326093 0.174916
-0.009752 0.174916
-0.006649 0.174916
0.212618 0.174916
-0.219415 0.174857
-0.372340 0.174797
-0.104610 0.174797
0.033097 0.174797
-0.048537 0.174797
0.019208 0.174558
-0.225768 0.174558
-0.303191 0.174558
-0.236111 0.174558
0.341017 0.174558
-0.017730 0.174498
-0.030290 0.174438
-0.349291 0.174319
-0.186170 0.174319
0.358599 0.174319
-0.051418 0.174319
-0.344858 0.174319
-0.375443 0.174319
-0.090721 0.174319
0.496454 0.174319
0.158688 0.174319
0.551418 0.174319
-0.363652 0.174175
-0.162825 0.174079
0.024379 0.174079
-0.328605 0.174079
0.123818 0.174079
-0.425089 0.173960
0.114140 0.173960
0.116800 0.173960
-0.246897 0.173960
-0.320774 0.173960
-0.035535 0.173960
-0.046099 0.173900
0.038121 0.173840
-0.026300 0.173840
-0.390957 0.173840
-0.333186 0.173840
-0.365869 0.173816
0.169991 0.173780
0.056738 0.173780
-0.039672 0.173780
-0.068913 0.173745
-0.066844 0.173745
-0.229019 0.173601
0.019947 0.173601
-0.054078 0.173601
-0.427748 0.173601
0.106383 0.173601
-0.244829 0.173601
0.210106 0.173601
-0.258422 0.173601
-0.495567 0.173601
0.029551 0.173601
-0.542553 0.173601
0.456560 0.173601
-0.342199 0.173601
-0.032432 0.173601
-0.359929 0.173601
-0.013593 0.173601
-0.108511 0.173505
-0.011229 0.173482
0.556738 0.173302
-0.073434 0.173242
-0.081413 0.173242
-0.304817 0.173242
-0.322695 0.173242
-0.179521 0.173242
-0.370567 0.173123
-0.182624 0.173123
0.352098 0.173123
-0.378103 0.173123
0.120420 0.173123
0.005098 0.173063
-0.062116 0.173027
-0.161052 0.173003
-0.357270 0.172884
-0.144504 0.172884
0.102837 0.172884
0.099291 0.172884
-0.152482 0.172884
-0.398050 0.172884
-0.227246 0.172884
0.082151 0.172884
-0.339982 0.172884
-0.193706 0.172884
0.041977 0.172669
-0.158392 0.172645
-0.209811 0.172645
0.020686 0.172645
-0.387116 0.172645
-0.005319 0.172621
0.429078 0.172525
-0.111702 0.172453
0.079314 0.172453
-0.295508 0.172406
-0.325207 0.172406
-0.212618 0.172406
-0.106738 0.172310
-0.368351 0.172286
0.490248 0.172166
0.146720 0.172166
-0.201684 0.172166
0.114362 0.172166
0.157801 0.172166
-0.361702 0.172166
-0.418440 0.172166
-0.191489 0.172166
0.214539 0.172166
-0.250887 0.172166
0.057624 0.172166
0.085106 0.172166
-0.215426 0.172166
-0.560284 0.172140
-0.298168 0.172047
0.055186 0.171987
0.060949 0.171987
-0.218085 0.171987
0.014923 0.171927
-0.150118 0.171927
-0.315012 0.171927
-0.038194 0.171808
0.447695 0.171808
-0.035830 0.171808
0.007535 0.171808
-0.220745 0.171808
0.082270 0.171736
0.026655 0.171736
-0.312057 0.171688
-0.239805 0.171688
-0.390366 0.171688
0.041741 0.171569
0.257240 0.171569
-0.170656 0.171569
-0.366135 0.171449
-0.405142 0.171449
-0.072991 0.171449
-0.380319 0.171449
-0.359043 0.171449
-0.451684 0.171449
-0.548759 0.171449
-0.032728 0.171449
-0.211436 0.171449
-0.416667 0.171449
-0.224882 0.171449
0.030024 0.171306
0.079433 0.171306
0.022222 0.171258
-0.028073 0.171210
-0.316933 0.171210
-0.054965 0.171210
-0.228723 0.171210
-0.541667 0.171090
0.000296 0.171066
0.015662 0.170971
0.166445 0.170911
0.254580 0.170851
-0.069444 0.170732
-0.087470 0.170732
0.143617 0.170732
-0.383865 0.170732
-0.034870 0.170732
0.556738 0.170732
0.104610 0.170732
-0.356383 0.170732
0.102541 0.170732
0.097518 0.170732
-0.393617 0.170732
-0.039598 0.170732
-0.207447 0.170732
-0.321809 0.170732
-0.437057 0.170732
0.088652 0.170732
0.064716 0.170732
-0.196661 0.170493
0.035047 0.170349
0.002364 0.170253
0.252660 0.170253
-0.041076 0.170253
0.052261 0.170086
0.050709 0.170086
-0.222370 0.170074
0.094858 0.170014
-0.203457 0.170014
0.554965 0.170014
-0.189125 0.170014
-0.095745 0.170014
-0.421986 0.170014
0.068262 0.170014
-0.219710 0.169835
-0.114953 0.169775
0.157506 0.169775
-0.194444 0.169775
-0.042553 0.169775
-0.226359 0.169775
-0.032358 0.169656
0.175089 0.169656
-0.063239 0.169536
-0.307033 0.169297
-0.303783 0.169297
0.100177 0.169297
-0.051418 0.169297
0.113475 0.169297
0.103723 0.169297
-0.443262 0.169297
0.482270 0.169297
-0.391844 0.169297
0.010638 0.169297
-0.070035 0.169297
0.101655 0.169297
-0.383422 0.169297
-0.400709 0.169297
-0.079078 0.169297
0.244238 0.169297
0.085697 0.169297
-0.022606 0.169118
-0.048537 0.169118
-0.054669 0.169058
0.030496 0.169010
-0.045656 0.168938
0.090426 0.168819
-0.185579 0.168819
0.077246 0.168627
-0.439716 0.168580
0.190898 0.168580
-0.546986 0.168580
0.491135 0.168580
0.052970 0.168580
0.474291 0.168580
-0.116135 0.168580
-0.085579 0.168580
-0.189938 0.168580
-0.020833 0.168580
-0.026005 0.168520
0.166150 0.168520
-0.112825 0.168484
-0.198434 0.168341
0.088652 0.168341
0.080674 0.168221
0.062057 0.168221
-0.052896 0.168101
-0.302896 0.168101
-0.056147 0.168101
-0.049645 0.168101
-0.046764 0.167922
-0.035461 0.167862
-0.386525 0.167862
-0.382979 0.167862
-0.068558 0.167862
-0.425532 0.167862
0.188239 0.167862
-0.428191 0.167862
0.466312 0.167862
0.063830 0.167862
-0.430851 0.167862
0.102837 0.167862
0.027660 0.167719
-0.042258 0.167623
0.044622 0.167623
-0.000443 0.167539
-0.366578 0.167504
-0.077128 0.167504
-0.178191 0.167384
0.125739 0.167384
0.083481 0.167324
0.554965 0.167308
0.048168 0.167145
-0.043735 0.167145
-0.361702 0.167145
-0.446365 0.167145
-0.111761 0.167049
0.052305 0.167025
0.050532 0.167025
-0.047872 0.166906
-0.059397 0.166906
-0.054374 0.166906
-0.067080 0.166906
-0.030585 0.166786
-0.086658 0.166786
0.001625 0.166726
-0.045287 0.166726
-0.050532 0.166667
0.031501 0.166523
0.046690 0.166428
0.232270 0.166428
0.062943 0.166428
0.369238 0.166428
-0.187574 0.166428
0.042553 0.166428
-0.166667 0.166428
0.155290 0.166188
0.064421 0.166188
0.072991 0.166188
-0.546099 0.166069
0.075059 0.165949
-0.046395 0.165710
-0.169326 0.165710
0.094858 0.165710
-0.373670 0.165710
-0.433511 0.165710
-0.087323 0.165710
0.006206 0.165710
0.080230 0.165531
-0.048759 0.165471
0.053191 0.165471
-0.557624 0.165442
0.556738 0.165319
0.227246 0.165232
0.181811 0.165172
-0.085328 0.165112
0.012411 0.164993
0.153369 0.164993
-0.188387 0.164993
-0.443262 0.164993
-0.031324 0.164993
-0.171986 0.164993
0.100177 0.164993
-0.554965 0.164993
0.024823 0.164993
-0.038121 0.164754
0.048168 0.164754
0.083038 0.164634
-0.044917 0.164515
-0.083333 0.164515
0.054078 0.164515
0.003546 0.164455
0.077423 0.164395
-0.066312 0.164323
-0.439716 0.164275
-0.197695 0.164275
0.058511 0.164275
0.089421 0.164275
0.073212 0.164216
-0.183333 0.164132
-0.325133 0.164096
0.046690 0.164036
-0.049645 0.164036
-0.539007 0.163917
-0.160461 0.163917
-0.187278 0.163917
-0.092420 0.163917
-0.063830 0.163558
0.024823 0.163558
-0.551418 0.163558
-0.058511 0.163558
0.054965 0.163558
-0.157801 0.163558
0.380319 0.163558
-0.195035 0.163558
-0.436170 0.163558
0.068189 0.163498
-0.184752 0.163486
-0.166667 0.163319
-0.030068 0.163199
0.209663 0.163199
0.013963 0.163199
0.000887 0.163199
0.010047 0.163080
0.052748 0.163080
0.223700 0.163080
0.050975 0.163080
-0.090204 0.163020
0.218085 0.162841
-0.186170 0.162841
0.140514 0.162841
0.220745 0.162841
-0.144504 0.162841
0.079787 0.162841
-0.109412 0.162781
-0.067021 0.162697
0.003879 0.162661
-0.320035 0.162602
-0.046838 0.162602
-0.155437 0.162602
0.101064 0.162482
0.071365 0.162482
-0.162012 0.162303
0.059043 0.162267
0.012781 0.162243
-0.148788 0.162243
-0.342199 0.162123
-0.427305 0.162123
0.095035 0.162123
0.092553 0.162123
0.491135 0.162123
-0.075798 0.162123
0.028369 0.162123
-0.159353 0.161944
-0.064539 0.161932
0.061761 0.161884
0.076832 0.161645
-0.153073 0.161645
0.020686 0.161645
-0.560284 0.161587
0.169548 0.161585
0.018100 0.161526
-0.368794 0.161406
0.393617 0.161406
-0.028812 0.161406
0.005799 0.161346
-0.103502 0.161346
-0.095301 0.161227
-0.099291 0.161167
-0.557624 0.161138
0.204344 0.161047
0.201684 0.161047
-0.082004 0.160988
-0.147606 0.160904
0.022518 0.160832
0.386525 0.160689
-0.054521 0.160689
-0.449468 0.160689
-0.180851 0.160689
-0.178487 0.160689
-0.176123 0.160689
0.297872 0.160689
0.031915 0.160689
0.052305 0.160689
0.188534 0.160689
-0.067199 0.160617
-0.025266 0.160509
0.160609 0.160450
-0.171395 0.160450
0.026817 0.160330
-0.004876 0.160330
-0.018174 0.160330
-0.160904 0.160330
-0.151891 0.160306
-0.101064 0.160210
-0.166667 0.160210
0.042849 0.160210
-0.080230 0.160151
-0.069592 0.159971
-0.541223 0.159971
0.398936 0.159971
-0.552305 0.159971
-0.429965 0.159971
0.020449 0.159876
-0.064716 0.159852
0.017863 0.159756
0.066785 0.159732
0.007240 0.159732
0.045730 0.159672
-0.155807 0.159648
-0.023936 0.159613
-0.076241 0.159433
0.158688 0.159254
-0.413564 0.159254
-0.124113 0.159254
-0.098848 0.159254
-0.385195 0.159254
-0.442819 0.159254
0.296099 0.159254
0.058747 0.159158
-0.147828 0.159110
0.080969 0.159015
-0.556738 0.158986
0.030363 0.158895
0.061466 0.158776
-0.092199 0.158716
0.069962 0.158716
-0.112589 0.158537
0.290780 0.158537
0.282801 0.158537
-0.086879 0.158537
-0.362145 0.158537
-0.451684 0.158537
-0.549202 0.158537
-0.554078 0.158537
0.523936 0.158444
0.017494 0.158441
0.111111 0.158297
-0.128842 0.158297
0.097222 0.158297
0.072695 0.158297
-0.100621 0.158297
0.155142 0.158178
0.288564 0.158178
0.008570 0.158154
0.020213 0.158106
0.035461 0.157819
-0.089096 0.157819
-0.118794 0.157819
0.286348 0.157819
0.050310 0.157819
-0.454344 0.157819
-0.115544 0.157819
-0.085697 0.157700
0.024512 0.157604
0.080083 0.157580
-0.080674 0.157461
0.032137 0.157461
0.256501 0.157341
-0.113771 0.157341
0.059043 0.157245
0.037234 0.157102
0.176271 0.157102
0.301418 0.157102
-0.091312 0.157102
-0.445035 0.157102
-0.140957 0.157102
-0.429965 0.157102
-0.108452 0.156982
-0.023493 0.156923
0.259456 0.156863
-0.016401 0.156743
-0.126330 0.156743
0.307033 0.156624
-0.123227 0.156385
0.004433 0.156385
-0.374113 0.156385
0.237589 0.156385
-0.453901 0.156385
0.297872 0.156385
0.262411 0.156385
0.285018 0.156205
0.063534 0.156145
0.250591 0.156145
0.021631 0.155990
-0.007683 0.155906
0.313239 0.155906
0.271277 0.155846
0.277482 0.155846
-0.071809 0.155787
-0.131058 0.155787
0.293883 0.155667
-0.120567 0.155667
-0.456560 0.155667
-0.086584 0.155548
0.239140 0.155488
0.053945 0.155452
-0.105674 0.155452
0.309102 0.155428
0.291667 0.155308
0.267730 0.155308
0.044770 0.155308
0.260195 0.155308
0.280142 0.155308
-0.082595 0.155189
0.306147 0.155189
0.232565 0.155189
0.046543 0.155129
0.012264 0.155069
0.262411 0.154950
-0.367465 0.154950
0.295656 0.154950
0.084220 0.154950
0.328310 0.154950
-0.026596 0.154950
0.003103 0.154950
0.235594 0.154950
0.408688 0.154950
0.244681 0.154950
0.062057 0.154950
0.068558 0.154950
-0.115839 0.154950
0.303191 0.154950
0.005762 0.154806
-0.014184 0.154770
0.242686 0.154770
0.463652 0.154591
-0.097074 0.154591
0.319592 0.154591
0.240691 0.154591
0.265071 0.154412
0.302009 0.154232
-0.543440 0.154232
0.063830 0.154232
-0.538121 0.154232
-0.119090 0.154232
0.067080 0.154232
0.257979 0.154232
-0.088652 0.154232
-0.156028 0.154089
0.013593 0.153993
0.227541 0.153993
0.023050 0.153874
0.195774 0.153874
-0.067376 0.153874
0.260195 0.153874
0.256206 0.153874
0.237589 0.153874
-0.555408 0.153874
-0.047725 0.153754
-0.028664 0.153754
0.224586 0.153754
-0.083924 0.153754
0.001773 0.153515
0.254433 0.153515
-0.328014 0.153515
-0.122340 0.153515
0.221631 0.153515
0.331560 0.153515
-0.080674 0.153515
-0.413121 0.153515
0.293440 0.153515
0.065603 0.153515
0.297134 0.153515
-0.091312 0.153515
0.246676 0.153515
-0.380762 0.153515
0.484929 0.153515
0.047207 0.153515
-0.008422 0.153396
-0.055703 0.153396
-0.078457 0.153276
0.015366 0.153276
0.007092 0.153228
0.050089 0.153156
-0.087766 0.153156
0.193558 0.153156
-0.076241 0.153037
-0.404255 0.152798
-0.268617 0.152798
-0.093972 0.152798
-0.540780 0.152798
-0.154699 0.152654
-0.109515 0.152463
0.217642 0.152439
0.100177 0.152439
0.235594 0.152439
-0.238475 0.152319
-0.114539 0.152224
0.061525 0.152224
0.104019 0.152200
-0.372340 0.152080
-0.544326 0.152080
0.342642 0.152080
-0.553191 0.152080
0.221188 0.152080
0.084220 0.152080
0.088209 0.152080
0.190012 0.152080
-0.100355 0.151865
0.230570 0.151841
-0.020390 0.151793
-0.025709 0.151793
0.315012 0.151602
0.266844 0.151542
-0.074911 0.151483
0.079787 0.151363
0.237589 0.151363
0.156915 0.151363
-0.089539 0.151363
-0.223700 0.151363
0.132092 0.151363
-0.391401 0.151363
0.051862 0.151363
-0.085106 0.151363
0.281324 0.151303
-0.558954 0.151198
0.310875 0.151124
0.217199 0.151004
-0.106738 0.150933
0.065662 0.150909
-0.018913 0.150885
0.232565 0.150765
0.073286 0.150765
-0.011229 0.150765
-0.213061 0.150646
0.085106 0.150646
0.277482 0.150646
-0.081117 0.150646
-0.013298 0.150646
-0.078901 0.150646
-0.092199 0.150646
0.220745 0.150646
-0.387411 0.150646
-0.541667 0.150646
-0.021572 0.150598
0.022459 0.150586
0.026817 0.150526
0.007979 0.150502
0.056427 0.150430
0.224143 0.150407
-0.406028 0.150287
0.259309 0.150287
0.227541 0.150167
-0.041076 0.150167
0.269504 0.150108
0.280142 0.150108
0.257535 0.149928
-0.548759 0.149928
-0.073582 0.149928
0.086879 0.149928
-0.015957 0.149928
0.080674 0.149928
-0.018026 0.149809
0.156472 0.149809
0.290189 0.149809
0.303487 0.149689
0.245272 0.149689
-0.555408 0.149570
0.095301 0.149570
0.050532 0.149570
-0.397163 0.149570
0.243277 0.149510
-0.082624 0.149498
0.032580 0.149390
-0.203901 0.149211
-0.201241 0.149211
0.053413 0.149211
0.254285 0.149211
-0.445035 0.149211
-0.161348 0.149211
0.012411 0.149211
0.029255 0.149032
-0.060875 0.148972
0.302305 0.148972
-0.184397 0.148852
0.039007 0.148852
-0.393026 0.148733
0.034353 0.148673
-0.073848 0.148565
-0.198582 0.148494
0.249335 0.148494
-0.540780 0.148494
-0.024823 0.148494
-0.081915 0.148350
-0.013520 0.148314
0.057979 0.148278
-0.162825 0.148254
0.247267 0.148254
-0.429521 0.148135
0.238032 0.148135
0.241726 0.147896
0.212618 0.147896
0.008865 0.147776
0.265957 0.147776
-0.547872 0.147776
0.101064 0.147776
-0.078014 0.147776
-0.181738 0.147776
-0.045287 0.147657
0.293174 0.147633
0.104905 0.147537
-0.039007 0.147537
0.233008 0.147537
-0.016548 0.147418
0.282506 0.147298
0.021868 0.147298
-0.164303 0.147298
-0.560284 0.147253
0.111111 0.147178
-0.046690 0.147059
-0.042849 0.147059
0.203014 0.147059
0.054965 0.147059
-0.087766 0.147059
0.360816 0.147059
-0.369238 0.147059
-0.460106 0.147059
0.060638 0.147023
-0.094563 0.146939
-0.161495 0.146820
-0.054669 0.146700
0.428191 0.146700
0.100177 0.146700
0.042553 0.146700
-0.063682 0.146581
-0.384087 0.146521
0.309397 0.146341
-0.158688 0.146341
-0.090426 0.146341
0.268617 0.146341
0.281324 0.146102
0.232122 0.146102
0.286939 0.146102
-0.100946 0.146007
0.356826 0.145983
-0.028369 0.145983
0.104019 0.145863
0.173611 0.145863
-0.014111 0.145803
0.111776 0.145744
0.207299 0.145744
0.198582 0.145624
0.344415 0.145624
-0.045656 0.145624
0.311687 0.145325
-0.055083 0.145218
0.265071 0.145214
-0.085284 0.145194
-0.553635 0.144907
-0.542553 0.144907
-0.017139 0.144907
0.280142 0.144907
0.259161 0.144907
0.252069 0.144907
-0.021277 0.144907
0.352837 0.144907
0.250000 0.144907
0.084220 0.144907
0.242169 0.144668
-0.388593 0.144668
0.225325 0.144668
-0.013520 0.144608
0.195035 0.144548
0.211584 0.144429
0.228723 0.144429
-0.374335 0.144369
0.046986 0.144189
-0.044326 0.144189
0.085993 0.144189
0.255910 0.144189
-0.017878 0.144189
0.101285 0.144189
0.273050 0.144189
-0.500000 0.144189
0.497340 0.144189
0.307255 0.144130
0.023345 0.143950
-0.386525 0.143950
0.024823 0.143950
0.300384 0.143950
0.289923 0.143926
0.313460 0.143890
-0.021454 0.143759
-0.016548 0.143711
0.013002 0.143532
0.237589 0.143472
0.257683 0.143472
0.140957 0.143472
-0.018617 0.143472
0.191489 0.143472
0.105127 0.143352
0.250591 0.143233
-0.383644 0.143173
0.125665 0.143113
0.364805 0.143113
0.320331 0.142994
0.007683 0.142994
-0.017287 0.142994
-0.048877 0.142946
-0.344858 0.142755
-0.557181 0.142755
0.343972 0.142755
0.169770 0.142755
-0.374557 0.142755
0.103280 0.142755
-0.042996 0.142755
0.057402 0.142755
-0.021631 0.142611
0.060505 0.142575
0.011820 0.142516
-0.015957 0.142516
0.254433 0.142516
-0.072961 0.142468
0.027261 0.142456
-0.380762 0.142396
-0.024823 0.142396
-0.147606 0.142396
0.142730 0.142396
0.108156 0.142276
0.010638 0.142276
0.248818 0.142276
-0.076655 0.142229
0.196809 0.142217
0.100754 0.142109
0.302423 0.142085
0.009456 0.142037
-0.111702 0.142037
0.236702 0.142037
0.136525 0.142037
-0.548316 0.142037
-0.088652 0.142037
-0.560284 0.141976
-0.047991 0.141942
0.203901 0.141918
0.062057 0.141858
0.140514 0.141679
0.299025 0.141607
-0.091903 0.141559
-0.383865 0.141559
0.210402 0.141320
0.144504 0.141320
0.283245 0.141320
0.186170 0.141320
0.213283 0.141260
0.113254 0.140961
-0.018794 0.140890
-0.041371 0.140842
0.027261 0.140782
-0.103901 0.140746
0.096631 0.140746
0.296986 0.140746
0.351064 0.140603
0.024823 0.140603
0.060727 0.140603
0.335106 0.140603
-0.453901 0.140603
0.240248 0.140603
0.345745 0.140603
0.256058 0.140603
0.102009 0.140555
-0.011746 0.140543
0.530142 0.140510
-0.560284 0.140480
-0.169031 0.140363
0.009161 0.140363
0.307668 0.140352
-0.044548 0.140244
0.165780 0.140124
0.107565 0.140124
0.290514 0.140100
0.095035 0.140029
0.330230 0.140005
-0.028369 0.139885
0.285683 0.139885
-0.166223 0.139885
0.062278 0.139885
-0.457447 0.139885
-0.559397 0.139824
0.301064 0.139742
0.262707 0.139714
0.333333 0.139646
0.247636 0.139646
-0.024379 0.139527
-0.047518 0.139455
0.015662 0.139407
-0.395686 0.139407
0.245715 0.139407
-0.094563 0.139407
-0.020168 0.139347
0.033466 0.139347
0.026374 0.139347
0.368794 0.139168
-0.381206 0.139168
-0.558511 0.139168
0.275414 0.139168
0.063830 0.139168
0.388298 0.139168
0.319149 0.139168
0.231797 0.138929
-0.067819 0.138809
-0.095745 0.138809
0.331560 0.138690
0.229905 0.138690
-0.032506 0.138690
-0.393617 0.138690
-0.046809 0.138594
0.202128 0.138510
0.288121 0.138451
0.087175 0.138451
0.382092 0.138451
0.058843 0.138451
0.209220 0.138211
0.270686 0.138211
0.184988 0.138211
0.186761 0.138211
0.006501 0.138211
0.277187 0.138211
0.017213 0.138152
0.212101 0.138152
0.214982 0.138092
-0.037234 0.137972
0.283540 0.137853
-0.447695 0.137733
-0.128546 0.137733
0.084220 0.137733
0.111702 0.137733
0.328014 0.137733
0.375887 0.137733
-0.046099 0.137733
-0.093972 0.137733
0.254433 0.137733
-0.066637 0.137614
0.292730 0.137590
0.223995 0.137494
0.335106 0.137494
0.060505 0.137374
-0.320922 0.137374
0.268322 0.137255
-0.041962 0.137255
0.245272 0.137255
0.257831 0.137255
0.216534 0.137195
-0.077275 0.137135
-0.543440 0.137016
0.088061 0.137016
-0.549202 0.137016
0.192376 0.136836
0.261229 0.136777
-0.034870 0.136777
-0.096336 0.136657
0.296809 0.136585
0.186466 0.136538
0.265957 0.136298
0.349291 0.136298
-0.453901 0.136298
-0.325355 0.136298
0.123227 0.136298
0.085106 0.136298
-0.390957 0.136298
0.386968 0.136298
-0.097518 0.136179
-0.039598 0.136059
0.227541 0.136059
-0.080378 0.136059
0.290337 0.135940
0.247931 0.135820
0.230201 0.135701
0.380762 0.135581
0.257535 0.135581
-0.423759 0.135581
0.287677 0.135581
0.491135 0.135581
0.163564 0.135462
-0.057151 0.135246
-0.099291 0.135222
0.321365 0.135222
0.233422 0.135222
-0.560284 0.135203
0.270095 0.135103
0.283097 0.134983
0.189716 0.134864
-0.327128 0.134864
-0.085106 0.134864
-0.081560 0.134864
0.242908 0.134864
-0.182624 0.134864
0.221631 0.134864
-0.228723 0.134864
0.216312 0.134864
0.251330 0.134864
-0.076389 0.134625
0.326241 0.134505
-0.012411 0.134385
-0.444444 0.134385
-0.554078 0.134146
0.060284 0.134146
-0.218085 0.134146
-0.192376 0.134146
-0.178191 0.134146
0.267730 0.134146
-0.447400 0.133907
0.100975 0.133859
0.352837 0.133788
0.310505 0.133608
0.313165 0.133608
0.337766 0.133429
-0.207447 0.133429
-0.202128 0.133429
-0.095154 0.133429
0.245567 0.133429
0.044326 0.133429
0.182624 0.133429
0.214539 0.133429
-0.204787 0.133429
-0.010638 0.133190
0.052305 0.133070
-0.031028 0.133070
0.238032 0.133070
-0.434840 0.133070
-0.096336 0.132951
0.104758 0.132951
-0.029034 0.132891
0.349291 0.132712
0.343972 0.132712
0.221631 0.132712
0.038564 0.132712
0.328901 0.132712
0.287234 0.132712
-0.067967 0.132233
-0.040485 0.131994
-0.232270 0.131994
0.157801 0.131994
-0.190603 0.131994
-0.085993 0.131994
-0.084220 0.131994
-0.542553 0.131994
0.044326 0.131994
-0.073582 0.131994
0.248227 0.131994
0.175532 0.131994
0.332890 0.131636
0.371011 0.131636
-0.099291 0.131516
-0.070183 0.131516
0.033466 0.131456
0.225177 0.131277
0.217199 0.131277
0.255615 0.131277
0.388741 0.131277
0.342199 0.131277
-0.428191 0.131277
0.356383 0.131277
0.276005 0.131038
-0.066785 0.131038
0.374557 0.130918
0.289894 0.130918
0.227837 0.130918
-0.038121 0.130799
-0.177305 0.130560
-0.101064 0.130560
0.336879 0.130560
-0.443262 0.130560
0.249409 0.130560
-0.240248 0.130560
-0.453901 0.130560
-0.207447 0.130560
-0.250887 0.130560
-0.231383 0.130560
0.352837 0.130201
0.229167 0.130201
0.234486 0.130201
-0.094858 0.130081
-0.278369 0.129842
0.042110 0.129842
-0.205674 0.129125
-0.096631 0.129125
-0.223404 0.129125
-0.198582 0.129125
0.250591 0.129125
0.235816 0.129125
0.225177 0.129125
0.391844 0.129125
0.453901 0.129125
0.258865 0.129125
-0.021277 0.129125
0.334663 0.128766
0.015071 0.128407
0.271277 0.128407
0.247636 0.128407
0.285461 0.128049
0.182181 0.128049
-0.065307 0.127929
-0.274823 0.127690
0.338652 0.127690
0.109043 0.127690
0.244681 0.127690
-0.207447 0.127690
0.208333 0.127690
-0.154255 0.127690
-0.092199 0.127690
0.299645 0.127690
0.173316 0.127331
-0.205674 0.126973
0.394504 0.126973
-0.281915 0.126973
0.253842 0.126973
-0.543440 0.126973
-0.039007 0.126734
0.353723 0.126614
0.407358 0.126614
-0.170213 0.126614
0.362145 0.126614
0.231826 0.126614
-0.036348 0.126495
-0.061761 0.126495
-0.445035 0.126255
0.247636 0.126255
-0.437943 0.126255
-0.084220 0.126255
0.240248 0.126255
-0.285461 0.126255
0.039450 0.126255
-0.256206 0.126255
0.306738 0.126255
-0.089539 0.126255
-0.033688 0.126255
-0.234043 0.126255
0.214539 0.126255
0.309397 0.126255
0.216312 0.126255
-0.239953 0.126016
0.259752 0.125897
-0.186761 0.125777
0.244681 0.125538
-0.069592 0.125538
-0.272163 0.125538
0.233156 0.125538
-0.292553 0.125538
0.138298 0.125538
0.084663 0.125179
0.142287 0.125179
0.340426 0.124821
0.397163 0.124821
-0.258865 0.124821
0.273050 0.124821
-0.278369 0.124821
0.039007 0.124821
-0.411348 0.124821
-0.085550 0.124821
-0.560284 0.124649
-0.239066 0.124582
0.402039 0.124462
-0.423316 0.124462
0.199173 0.124342
-0.047872 0.124342
-0.554965 0.124249
0.188830 0.124103
-0.283688 0.124103
0.406915 0.124103
0.373227 0.124103
0.072252 0.124103
0.223404 0.124103
-0.192671 0.123864
-0.253989 0.123745
0.289007 0.123745
-0.425089 0.123745
-0.160461 0.123745
-0.212766 0.123386
-0.215426 0.123386
-0.304965 0.123386
0.192376 0.123386
0.104610 0.123386
-0.060284 0.123386
0.311613 0.123386
0.308954 0.123386
0.320479 0.123266
0.275118 0.123147
0.370567 0.123027
-0.091534 0.123027
0.203605 0.122908
-0.186022 0.122788
0.256649 0.122669
0.390957 0.122669
0.237589 0.122669
0.350177 0.122669
-0.302305 0.122669
-0.275709 0.122669
-0.178191 0.122669
0.373670 0.122310
-0.223848 0.122310
-0.090204 0.122310
0.347518 0.121951
-0.446809 0.121951
-0.198582 0.121951
-0.056738 0.121951
-0.299645 0.121951
-0.188239 0.121712
-0.290780 0.121593
0.277187 0.121473
0.281028 0.121234
-0.208333 0.121234
-0.112589 0.121234
-0.313830 0.121234
-0.060284 0.121234
0.284574 0.120875
0.169770 0.120875
-0.297872 0.120875
0.260638 0.120875
0.395390 0.120516
-0.173759 0.120516
-0.217199 0.120516
-0.214539 0.120516
-0.286348 0.120516
0.374113 0.120516
0.384752 0.120516
-0.063830 0.120516
-0.409574 0.120516
-0.273050 0.120516
-0.225177 0.120516
-0.059397 0.120158
-0.041667 0.120158
-0.064716 0.119799
0.265957 0.119799
-0.232270 0.119799
0.221631 0.119799
0.466312 0.119799
-0.194149 0.119799
-0.283688 0.119799
-0.545213 0.119799
-0.175089 0.119440
-0.560284 0.119373
0.326241 0.119321
0.168440 0.119082
-0.065603 0.119082
-0.209220 0.119082
-0.057772 0.119082
-0.427305 0.119082
0.368351 0.119082
-0.149823 0.119082
0.305851 0.119082
-0.167996 0.119082
-0.218972 0.119082
-0.063830 0.118723
0.281915 0.118723
0.169770 0.118723
-0.474291 0.118723
-0.187500 0.118723
-0.181294 0.118723
0.070626 0.118723
-0.554078 0.118510
0.285461 0.118364
0.348404 0.118364
-0.169326 0.118364
-0.212766 0.118364
-0.062057 0.118364
0.237589 0.118364
0.415780 0.118364
0.371454 0.118364
0.389184 0.118364
-0.273050 0.118364
-0.277482 0.118364
-0.300532 0.118364
-0.237293 0.118125
-0.082447 0.118006
0.402926 0.118006
-0.053191 0.118006
-0.079196 0.117886
0.361702 0.117647
0.165780 0.117647
-0.216312 0.117647
-0.156028 0.117647
-0.202128 0.117647
-0.287234 0.117647
-0.189716 0.117647
-0.324468 0.117647
-0.177305 0.117647
-0.472518 0.117647
0.189864 0.117527
0.096454 0.117360
-0.170656 0.117288
-0.298759 0.117288
0.387411 0.117288
0.311613 0.117169
0.384309 0.116930
-0.284574 0.116930
-0.226064 0.116930
-0.229610 0.116930
0.382092 0.116930
0.168440 0.116930
-0.192376 0.116930
-0.241726 0.116691
-0.090647 0.116571
-0.168883 0.116571
0.405585 0.116571
0.191637 0.116451
0.163121 0.116212
-0.273050 0.116212
-0.195035 0.116212
-0.281915 0.116212
0.308067 0.116212
-0.277482 0.116212
-0.157801 0.116212
-0.171986 0.116212
-0.058806 0.116212
0.368794 0.116212
0.270686 0.115973
-0.140071 0.115854
-0.087101 0.115495
0.355496 0.115495
0.185284 0.115495
0.271277 0.114778
-0.164007 0.114778
-0.432624 0.114778
0.168440 0.114778
-0.301418 0.114778
-0.319444 0.114538
-0.271277 0.114419
0.187057 0.114419
-0.560284 0.114096
0.059988 0.114060
-0.278369 0.114060
-0.191489 0.114060
-0.273936 0.114060
-0.185284 0.114060
0.396277 0.114060
0.084220 0.114060
-0.150709 0.113702
0.386968 0.113702
0.191194 0.113582
0.383865 0.113343
0.429078 0.113343
0.230496 0.113343
-0.182624 0.113343
-0.194149 0.113343
-0.063830 0.112984
0.344858 0.112626
-0.083333 0.112626
-0.269504 0.112626
-0.210106 0.112626
0.261525 0.112626
-0.300532 0.112626
0.556738 0.112551
-0.152482 0.112267
-0.251034 0.112147
-0.248818 0.112147
0.384309 0.111908
0.356383 0.111908
-0.124113 0.111908
0.398936 0.111908
-0.340426 0.111908
0.241135 0.111908
-0.420213 0.111908
-0.305408 0.111908
-0.277039 0.111549
0.422429 0.111549
0.088298 0.111334
-0.203014 0.111191
-0.117021 0.111191
0.085816 0.110904
-0.074054 0.110713
0.311170 0.110713
-0.546099 0.110473
-0.329787 0.110473
-0.239362 0.110473
0.420213 0.110473
-0.059397 0.110473
0.338652 0.110473
-0.328014 0.110473
0.401596 0.110473
-0.243794 0.110473
-0.079566 0.110473
0.083333 0.110473
0.167553 0.110473
0.264184 0.110473
-0.076315 0.110354
-0.088652 0.110115
-0.515071 0.110115
-0.226064 0.109756
-0.270833 0.109756
0.307624 0.109756
-0.145390 0.109756
-0.152482 0.109756
0.369681 0.109039
0.404255 0.109039
0.265071 0.109039
-0.101950 0.109039
-0.551418 0.109039
0.140071 0.109039
-0.560284 0.108819
0.289894 0.108680
-0.285904 0.108680
-0.125887 0.108321
-0.547872 0.108321
-0.202128 0.108321
0.248227 0.108321
0.360816 0.108321
0.186170 0.108321
-0.075798 0.108321
0.083333 0.107963
0.125887 0.107604
-0.246454 0.107604
0.399823 0.107604
-0.102837 0.107604
-0.248670 0.107604
0.153369 0.107604
0.265957 0.107604
-0.093972 0.107604
0.232270 0.107604
-0.418440 0.107604
-0.065603 0.107604
-0.087618 0.107484
-0.316785 0.107365
0.086702 0.107317
0.556738 0.107274
-0.129433 0.107245
0.197400 0.107126
0.178191 0.106887
-0.269504 0.106887
0.283688 0.106887
0.410461 0.106887
0.392730 0.106887
-0.114362 0.106887
-0.026152 0.106887
-0.240248 0.106887
-0.058067 0.106528
0.287234 0.106528
0.200946 0.106408
0.352837 0.106169
0.166667 0.106169
-0.221631 0.106169
-0.140071 0.106169
-0.343972 0.106169
0.402482 0.106169
-0.104610 0.106169
-0.357270 0.106169
-0.094858 0.106169
-0.320331 0.105930
-0.516401 0.105811
-0.261082 0.105811
0.082151 0.105631
-0.064716 0.105452
-0.070434 0.104914
-0.329787 0.104735
0.234043 0.104735
-0.244681 0.104735
-0.095745 0.104735
-0.372340 0.104735
-0.317376 0.104735
-0.331560 0.104735
0.365248 0.104735
-0.024823 0.104735
0.174645 0.104735
0.305408 0.104735
0.181738 0.104735
-0.516844 0.104376
0.176862 0.104376
-0.067598 0.104197
-0.306738 0.104017
-0.242908 0.104017
-0.038564 0.104017
-0.370567 0.104017
0.356383 0.104017
-0.313830 0.104017
-0.111702 0.104017
-0.364362 0.104017
-0.123227 0.104017
-0.131206 0.103659
-0.560284 0.103542
-0.093824 0.103539
0.080969 0.103300
-0.553191 0.103300
-0.368794 0.103300
-0.327128 0.103300
0.085106 0.103300
0.369681 0.103300
-0.097518 0.103300
0.400709 0.103300
0.261525 0.103300
-0.310284 0.103300
-0.074542 0.103180
-0.348109 0.102822
0.240248 0.102582
-0.351064 0.102582
0.264628 0.102582
-0.091903 0.102343
0.556738 0.101997
-0.328901 0.101865
0.262411 0.101865
-0.099291 0.101865
-0.451241 0.101865
-0.324468 0.101865
-0.094267 0.101387
-0.269504 0.101148
0.082151 0.101148
0.194149 0.101148
0.267730 0.101148
-0.334220 0.101148
-0.555851 0.101148
0.349291 0.100430
-0.209220 0.100430
-0.116135 0.100430
0.379433 0.100430
-0.066268 0.100251
-0.092346 0.100191
-0.082595 0.100191
-0.096040 0.099952
-0.548759 0.099713
0.271277 0.099713
0.142730 0.099713
-0.106383 0.099713
-0.155142 0.099713
-0.071439 0.099414
-0.328014 0.098996
-0.333333 0.098996
-0.380319 0.098996
0.164007 0.098996
-0.356383 0.098996
-0.558511 0.098996
0.248227 0.098996
-0.166667 0.098996
0.083333 0.098996
0.318706 0.098996
0.222518 0.098996
-0.132535 0.098637
-0.487589 0.098278
-0.550532 0.098278
-0.560284 0.098265
-0.083038 0.098039
-0.046543 0.097920
-0.338357 0.097800
-0.344563 0.097800
0.263298 0.097561
-0.113475 0.097561
-0.335106 0.097561
0.187057 0.097561
0.369681 0.097561
-0.264184 0.097202
-0.322695 0.097202
-0.364805 0.097202
-0.199173 0.097083
0.291667 0.096844
0.224734 0.096844
-0.377660 0.096844
-0.330674 0.096844
0.168440 0.096844
-0.061436 0.096772
-0.068262 0.096485
-0.286791 0.096485
-0.363032 0.096485
-0.103723 0.096485
0.231383 0.096126
-0.553191 0.096126
-0.375887 0.096126
-0.328901 0.096126
0.266401 0.096126
0.336879 0.096126
-0.484043 0.096126
0.356383 0.096126
-0.324468 0.095768
-0.517730 0.095768
-0.335697 0.095648
-0.083186 0.095648
-0.073434 0.095648
-0.124557 0.095409
-0.234929 0.095409
-0.302305 0.095409
0.313830 0.095409
-0.332447 0.095409
-0.350177 0.095409
0.269504 0.094692
0.200355 0.094692
-0.251773 0.094692
-0.207447 0.094692
-0.390071 0.094692
-0.148050 0.094692
-0.243794 0.094692
0.089539 0.094692
0.128546 0.094692
0.180851 0.094692
0.083038 0.094692
-0.100473 0.094572
-0.255319 0.093974
0.245567 0.093974
-0.239362 0.093974
-0.200650 0.093735
0.342642 0.093615
-0.057151 0.093544
-0.066755 0.093544
0.262116 0.093496
-0.142435 0.093496
-0.559397 0.093354
-0.329787 0.093257
-0.054374 0.093257
-0.388298 0.093257
-0.352837 0.093257
-0.073582 0.093257
0.282801 0.093257
0.273050 0.093257
0.114362 0.093257
0.289007 0.093257
0.295656 0.093257
0.332004 0.093257
0.530142 0.093019
-0.560284 0.092989
-0.325355 0.092898
-0.110816 0.092898
0.267435 0.092779
-0.320922 0.092539
0.084220 0.092539
-0.204787 0.092539
-0.083629 0.092420
-0.137116 0.092420
-0.356826 0.092181
-0.349734 0.092181
0.276596 0.091822
-0.122340 0.091822
0.289007 0.091822
-0.127660 0.091822
-0.117021 0.091822
0.161348 0.091822
0.282801 0.091822
-0.549645 0.091822
0.193262 0.091105
-0.385638 0.091105
0.365248 0.091105
-0.360816 0.091105
0.265366 0.090866
-0.518617 0.090567
0.166667 0.090387
0.327128 0.090387
0.237589 0.090387
0.241135 0.090387
-0.186466 0.090148
-0.352394 0.090029
-0.327128 0.089670
0.214096 0.089670
-0.274823 0.089311
-0.322695 0.089311
-0.555851 0.089050
-0.356383 0.088953
0.331560 0.088594
-0.134900 0.088474
0.165780 0.088235
0.374113 0.088235
-0.367465 0.087877
-0.061879 0.087805
0.156028 0.087518
0.186170 0.087518
-0.228723 0.087518
0.246454 0.087518
0.160461 0.087518
-0.048907 0.087518
-0.058865 0.087231
0.147606 0.087159
-0.113918 0.087159
-0.096927 0.087040
-0.056087 0.086944
-0.126773 0.086801
-0.109486 0.086801
0.234929 0.086801
-0.351950 0.086801
-0.121454 0.086801
0.250887 0.086801
-0.550532 0.086621
-0.085993 0.086083
0.195035 0.086083
0.093972 0.086083
0.089539 0.086083
-0.246454 0.086083
-0.195035 0.086083
0.374113 0.086083
0.085106 0.086083
-0.324468 0.086083
0.226064 0.086083
-0.273345 0.085605
0.232270 0.085366
-0.221631 0.085366
-0.258865 0.085366
-0.242021 0.085366
0.131206 0.085366
-0.203457 0.085366
-0.305851 0.085366
0.189716 0.085366
0.275266 0.085366
-0.320035 0.085366
0.145390 0.085007
-0.268913 0.084888
-0.226064 0.084648
0.321809 0.084648
-0.067376 0.084648
0.184397 0.084648
0.223404 0.084648
-0.230496 0.084648
-0.237589 0.084648
0.177305 0.084648
0.205969 0.084409
0.094858 0.084290
0.254137 0.084170
0.304078 0.083931
-0.197695 0.083931
0.242021 0.083931
-0.300975 0.083572
0.317376 0.083214
-0.242908 0.083214
0.159574 0.083214
-0.214539 0.083214
-0.173759 0.083214
0.226064 0.083214
0.208629 0.082975
0.377660 0.082496
-0.316489 0.082496
-0.560284 0.082435
0.209959 0.082257
-0.139480 0.082257
0.104167 0.082138
-0.136229 0.082018
-0.043440 0.081779
-0.164007 0.081779
-0.290780 0.081779
-0.129433 0.081779
-0.223404 0.081779
0.147606 0.081779
-0.187943 0.081779
0.228723 0.081779
0.163121 0.081779
-0.309397 0.081779
0.152926 0.081420
-0.060816 0.081205
-0.050621 0.081205
0.320035 0.081062
0.157801 0.081062
-0.295213 0.081062
-0.300532 0.081062
-0.306738 0.081062
0.556738 0.080890
-0.057801 0.080631
-0.067967 0.080583
-0.076832 0.080464
-0.175532 0.080344
0.239362 0.080344
0.350177 0.080344
-0.188830 0.080344
-0.154255 0.080344
0.117021 0.080344
-0.145833 0.079986
-0.304521 0.079986
-0.042110 0.079627
0.213209 0.079627
0.113918 0.079627
-0.187500 0.079627
0.192376 0.079627
-0.072104 0.079388
-0.189716 0.078910
0.273936 0.078910
-0.140219 0.078790
-0.113032 0.078551
-0.121897 0.078192
-0.188387 0.078192
-0.060505 0.078013
-0.074173 0.077953
-0.147606 0.077834
-0.300089 0.077834
-0.280142 0.077475
0.242908 0.077475
0.115248 0.077475
-0.182181 0.077475
-0.190160 0.077475
-0.040780 0.077475
-0.258865 0.077475
-0.187057 0.077475
0.217199 0.077475
-0.065603 0.077116
-0.284574 0.076758
-0.265071 0.076758
-0.552305 0.076758
-0.136082 0.076758
0.222518 0.076758
0.094858 0.076758
-0.115470 0.076578
0.106826 0.076040
-0.196809 0.076040
-0.069740 0.075921
-0.550532 0.075861
0.204492 0.075562
-0.213652 0.075323
0.235816 0.075323
0.174645 0.075323
0.181738 0.075323
-0.255319 0.075323
-0.294326 0.075323
0.257979 0.075323
-0.090130 0.075084
0.202423 0.075084
-0.260638 0.074605
0.200355 0.074605
0.088652 0.074605
-0.156472 0.074605
-0.117908 0.074605
-0.204344 0.074605
-0.071809 0.074486
-0.552748 0.074247
0.335550 0.074247
-0.079196 0.074127
0.095301 0.073888
0.364362 0.073888
0.119681 0.073888
0.133865 0.073529
-0.259752 0.073171
-0.128546 0.073171
0.273050 0.073171
0.207742 0.072932
-0.492908 0.072812
0.091755 0.072453
-0.274823 0.072453
-0.169326 0.072453
-0.101950 0.072453
-0.257092 0.072453
-0.559397 0.072295
-0.111480 0.072274
-0.072695 0.072095
0.284131 0.072095
0.147163 0.072095
-0.560284 0.071882
-0.553191 0.071736
-0.139184 0.071736
0.152482 0.071736
-0.279255 0.071736
-0.270390 0.071736
0.156028 0.071736
0.093528 0.071736
-0.065160 0.071377
-0.097518 0.071019
-0.059028 0.070839
-0.079492 0.070780
-0.103945 0.070660
0.556738 0.070337
0.111407 0.070301
-0.152482 0.070301
0.193706 0.070301
-0.050975 0.070301
-0.192376 0.070301
0.231383 0.070301
-0.265957 0.069584
0.092790 0.069584
0.308511 0.069584
0.251773 0.069584
-0.084811 0.069345
-0.115248 0.069225
-0.082151 0.068986
-0.178191 0.068867
-0.183067 0.068867
-0.551418 0.068867
-0.061909 0.068867
-0.158688 0.068867
-0.067376 0.068508
-0.072695 0.068149
0.227837 0.068149
0.194149 0.068149
-0.554965 0.068149
-0.106383 0.067432
0.095892 0.067432
0.234043 0.067432
0.266844 0.067432
-0.558511 0.067432
-0.079787 0.067432
-0.332890 0.067073
-0.559397 0.067018
0.272163 0.066714
0.196809 0.066714
-0.560284 0.066605
0.275266 0.066356
-0.202128 0.065997
0.183067 0.065997
0.187057 0.065997
-0.109929 0.065997
-0.556738 0.065997
0.135638 0.065997
0.199468 0.065997
-0.105053 0.065638
-0.557624 0.065584
0.492908 0.065456
-0.092199 0.065280
-0.120124 0.065280
0.234043 0.065280
-0.523936 0.065100
0.556738 0.065060
-0.111259 0.064921
-0.553635 0.064921
-0.090426 0.064562
0.152482 0.064562
0.156028 0.064562
0.148936 0.064562
-0.081560 0.064562
-0.108599 0.064204
-0.087766 0.064204
-0.074468 0.064084
-0.170213 0.063845
-0.085106 0.063845
0.187500 0.063845
0.102246 0.063845
0.181738 0.063845
-0.112589 0.063845
-0.159131 0.063128
0.339539 0.063128
0.349291 0.063128
-0.311170 0.063128
0.107565 0.063128
0.241135 0.063128
0.123227 0.063128
0.248227 0.063128
0.156028 0.062410
0.152482 0.062410
-0.148493 0.062410
0.116135 0.062410
0.254433 0.062410
-0.237589 0.062410
-0.160461 0.062410
-0.113327 0.062052
-0.155142 0.061693
0.136525 0.061693
-0.076950 0.061693
0.335106 0.061693
0.099291 0.061454
-0.110668 0.061334
-0.555851 0.060976
-0.188830 0.060976
0.265957 0.060976
-0.553191 0.060976
-0.086879 0.060856
-0.069149 0.060736
-0.164894 0.060617
-0.063830 0.060617
-0.297872 0.060258
-0.286348 0.060258
0.108747 0.060258
0.350177 0.060258
0.331560 0.060258
-0.091903 0.060019
0.101359 0.060019
0.274379 0.059900
0.556738 0.059783
-0.182624 0.059541
-0.250887 0.059541
-0.067819 0.059421
0.103132 0.059302
-0.070331 0.058824
-0.186170 0.058824
0.325355 0.058824
-0.259752 0.058824
0.255319 0.058824
0.328014 0.058824
0.117021 0.058106
0.105496 0.058106
-0.524823 0.058106
-0.088652 0.057867
-0.113771 0.057628
-0.159574 0.057389
0.104019 0.057150
-0.555408 0.057030
0.333333 0.056671
0.162234 0.056671
0.321809 0.056671
-0.197695 0.056671
-0.560284 0.056051
-0.089243 0.055954
-0.178191 0.055954
-0.078723 0.055954
0.106383 0.055954
-0.067819 0.055775
-0.164007 0.055595
-0.086879 0.055476
-0.117908 0.055476
-0.158688 0.055237
0.310284 0.055237
0.110816 0.055237
-0.550532 0.055237
-0.181738 0.055237
-0.113475 0.054998
-0.557624 0.054568
0.126773 0.054519
-0.075177 0.054519
-0.071395 0.054280
-0.049202 0.054161
0.183954 0.054161
-0.089835 0.054041
-0.072695 0.053802
-0.163121 0.053443
-0.069149 0.053443
0.160904 0.053443
-0.554965 0.053085
-0.076241 0.053085
-0.080674 0.053085
0.115248 0.053085
-0.157801 0.053085
-0.085106 0.053085
0.242908 0.053085
0.111702 0.053085
-0.048316 0.051650
0.261525 0.051650
0.124113 0.051650
-0.223404 0.051650
-0.102541 0.051172
-0.554965 0.050933
0.253546 0.050933
-0.072872 0.050933
0.169770 0.050574
-0.168440 0.050574
-0.189273 0.050574
-0.070035 0.050395
-0.163121 0.050215
0.212323 0.050215
0.129433 0.050215
0.174202 0.049857
0.092199 0.049498
-0.125000 0.049498
-0.144504 0.049498
-0.232270 0.049139
-0.120567 0.049020
-0.107270 0.049020
0.117021 0.048780
0.152482 0.048780
-0.047429 0.048780
0.286348 0.048780
-0.554965 0.048780
-0.090130 0.048541
-0.079433 0.048063
0.171099 0.048063
0.132979 0.048063
-0.179078 0.048063
-0.313830 0.047346
0.168440 0.047346
-0.552305 0.047346
0.144504 0.047346
0.175532 0.047346
-0.059397 0.046987
0.179965 0.046628
-0.304965 0.046628
0.165780 0.046628
-0.245567 0.046270
-0.131206 0.045911
-0.093972 0.045911
-0.171986 0.045911
-0.257092 0.045911
-0.250000 0.045911
-0.296099 0.045911
-0.081560 0.045672
-0.072340 0.045194
-0.259752 0.045194
-0.149823 0.044835
-0.523936 0.044476
-0.129433 0.044476
0.096336 0.044476
-0.557624 0.044476
-0.175532 0.044476
-0.283688 0.044476
-0.180851 0.044476
-0.262411 0.044476
-0.273050 0.044476
-0.557624 0.044270
0.556738 0.043953
0.136082 0.043759
-0.071809 0.043759
0.167110 0.043400
-0.114362 0.043042
-0.101064 0.043042
0.175089 0.042683
-0.130762 0.042683
0.164450 0.042683
-0.552305 0.042324
0.179521 0.041966
-0.221631 0.041966
0.147606 0.041607
-0.094415 0.041607
-0.549645 0.041607
-0.136525 0.041248
-0.128989 0.041248
-0.101064 0.040890
-0.159574 0.040890
-0.084220 0.040650
-0.559693 0.040205
0.131206 0.040172
-0.098404 0.040172
-0.072695 0.040172
-0.134752 0.040172
-0.130319 0.039455
-0.092199 0.039096
-0.557033 0.038977
-0.101064 0.038737
-0.097252 0.038594
-0.138298 0.038379
-0.251773 0.038379
-0.078014 0.038259
0.162234 0.037303
-0.553783 0.036824
0.164007 0.035868
-0.212766 0.035509
-0.523936 0.035151
0.108156 0.035151
-0.559693 0.034928
-0.066489 0.034433
-0.095523 0.034254
-0.168440 0.033716
-0.558511 0.033477
0.110816 0.033357
-0.138298 0.032999
0.164894 0.032999
0.188830 0.032640
-0.549645 0.032281
-0.219858 0.032281
-0.557920 0.032042
0.203014 0.031564
-0.069149 0.030846
0.454787 0.030846
-0.084663 0.030607
0.181738 0.030488
-0.071809 0.029890
-0.560284 0.029667
0.117908 0.029053
-0.092642 0.029053
-0.060284 0.028694
-0.114805 0.028336
-0.559102 0.028216
0.556738 0.028122
-0.058067 0.027260
-0.159574 0.027260
-0.153369 0.026542
-0.194149 0.026184
-0.055851 0.025825
-0.098183 0.025287
-0.060284 0.025108
-0.117465 0.025108
0.125443 0.024749
0.154255 0.024390
-0.554965 0.023673
-0.058067 0.023673
-0.054965 0.022956
0.097518 0.022956
-0.549645 0.022956
0.556738 0.022846
0.158245 0.022597
-0.121454 0.021879
-0.092642 0.021760
0.099291 0.021521
-0.062943 0.021521
-0.065603 0.021521
-0.057181 0.020803
-0.168440 0.020086
-0.054078 0.020086
0.098404 0.019847
0.101950 0.019727
-0.560284 0.019114
-0.062057 0.018651
0.097518 0.018173
0.101064 0.018054
0.104610 0.017934
0.556738 0.017569
0.099291 0.016260
-0.071809 0.015782
-0.511525 0.015065
0.101064 0.014347
-0.070035 0.014347
0.147606 0.013989
-0.101950 0.013989
-0.085993 0.013630
0.112145 0.013630
-0.087323 0.012554
0.131649 0.012554
-0.559840 0.012299
0.556738 0.012292
0.151596 0.012195
-0.101950 0.011119
-0.559397 0.010760
-0.089982 0.009684
0.119681 0.009326
-0.102837 0.008967
-0.079344 0.008967
0.555851 0.008784
0.148936 0.008608
-0.063387 0.008608
-0.067376 0.007891
0.179078 0.007532
0.139184 0.007174
0.556738 0.007015
0.127216 0.003945
0.555851 0.003508
-0.557624 0.002359
-0.085550 0.002152
-0.095745 0.001793
0.155585 -0.000359
-0.553191 -0.000717
0.134752 -0.001435
0.555851 -0.001769
-0.560284 -0.001993
0.443262 -0.002152
0.154255 -0.002152
0.188830 -0.002511
-0.551418 -0.002869
-0.557624 -0.002918
-0.081560 -0.003228
0.556738 -0.003538
0.554965 -0.003587
-0.553191 -0.005739
-0.092642 -0.005739
-0.140071 -0.006695
0.147163 -0.007174
-0.557624 -0.007939
-0.554965 -0.008608
-0.090426 -0.008608
0.556738 -0.008815
-0.075059 -0.008847
-0.094415 -0.009684
-0.092199 -0.010043
-0.558511 -0.010091
-0.555851 -0.010760
-0.095301 -0.011119
-0.083924 -0.011717
0.159574 -0.012912
-0.087386 -0.013732
0.556738 -0.014092
-0.095745 -0.014347
-0.089159 -0.015167
-0.558511 -0.015368
0.150709 -0.015782
-0.090046 -0.016602
-0.080885 -0.016841
-0.560284 -0.017824
0.141844 -0.018651
0.556738 -0.019369
0.214539 -0.019369
0.142730 -0.020086
-0.088716 -0.020189
-0.556738 -0.020390
-0.100621 -0.020445
0.138298 -0.021521
0.140957 -0.021521
-0.148936 -0.021521
-0.520390 -0.021521
-0.088051 -0.021803
-0.094710 -0.022119
-0.096336 -0.022716
0.169326 -0.022956
-0.553191 -0.022956
-0.560284 -0.023100
-0.104167 -0.023673
-0.099143 -0.023912
-0.055408 -0.024390
-0.105496 -0.024629
-0.101950 -0.025108
-0.554078 -0.025466
-0.515957 -0.025825
-0.150709 -0.026542
0.142730 -0.027260
-0.552305 -0.027260
-0.209663 -0.027260
-0.094858 -0.027977
-0.101064 -0.028336
0.150709 -0.028336
-0.560284 -0.028377
0.154255 -0.028694
-0.095892 -0.030010
-0.514184 -0.030129
-0.106235 -0.030368
0.147163 -0.030488
-0.532801 -0.030846
0.150709 -0.030846
-0.100177 -0.031564
-0.109043 -0.031564
-0.098552 -0.031803
0.153369 -0.032281
-0.110372 -0.032520
0.179078 -0.032999
0.543440 -0.032999
0.147163 -0.032999
-0.557624 -0.033454
-0.111702 -0.033477
0.149823 -0.034433
-0.109043 -0.034433
-0.502660 -0.034433
-0.555851 -0.035247
0.152482 -0.035868
0.546986 -0.036458
0.008422 -0.036585
-0.104610 -0.036585
-0.106826 -0.036944
0.158688 -0.037542
-0.112145 -0.039455
0.556738 -0.040476
-0.116430 -0.040650
0.546986 -0.041734
0.418440 -0.042324
-0.110963 -0.043161
0.175089 -0.043400
0.156028 -0.043759
-0.560284 -0.044208
-0.118203 -0.044715
-0.114953 -0.044955
-0.554078 -0.045194
-0.112884 -0.045433
0.556738 -0.045752
0.163121 -0.046389
-0.515957 -0.047346
-0.121158 -0.047824
-0.556738 -0.048063
-0.081265 -0.049020
0.122340 -0.049139
0.408688 -0.050215
-0.557624 -0.050567
-0.122193 -0.050813
-0.118942 -0.051052
-0.085106 -0.051291
0.159574 -0.051650
0.161348 -0.052367
-0.551418 -0.053085
-0.087323 -0.053443
-0.118499 -0.053563
-0.123227 -0.053802
0.162234 -0.053802
-0.547872 -0.054519
0.164007 -0.054519
-0.560284 -0.054761
0.164894 -0.055954
-0.122784 -0.056313
-0.554078 -0.057279
0.546986 -0.057565
-0.122340 -0.058824
0.537234 -0.058824
-0.532801 -0.059541
-0.090573 -0.059660
-0.560284 -0.060038
-0.548759 -0.060258
-0.356383 -0.062410
0.546986 -0.062842
-0.350177 -0.063128
-0.129433 -0.063128
-0.536348 -0.063845
-0.517730 -0.064562
-0.558954 -0.064811
0.097518 -0.065280
-0.125000 -0.065280
-0.560284 -0.065887
0.531915 -0.065997
-0.061170 -0.067432
-0.128546 -0.067432
0.096277 -0.067647
-0.553635 -0.067791
-0.548316 -0.068149
-0.517730 -0.068867
0.100473 -0.070301
-0.558477 -0.070411
-0.066489 -0.071019
-0.060106 -0.071162
-0.535904 -0.071736
-0.127660 -0.071736
-0.560284 -0.071736
-0.058067 -0.072095
-0.521277 -0.073171
-0.524823 -0.073171
-0.517730 -0.073171
-0.054965 -0.073171
-0.132979 -0.073171
-0.064273 -0.074247
-0.061436 -0.074390
-0.556469 -0.075117
0.140071 -0.075323
-0.062766 -0.075466
-0.551150 -0.075476
-0.556895 -0.075531
-0.557799 -0.076193
-0.060727 -0.076399
-0.120567 -0.076758
0.556738 -0.077413
-0.535461 -0.077475
0.543440 -0.078161
-0.130319 -0.078192
-0.088209 -0.078192
0.087411 -0.079484
-0.057181 -0.079986
0.101655 -0.080105
-0.559397 -0.080344
0.099291 -0.080464
-0.557355 -0.080497
0.084574 -0.080775
-0.550706 -0.081214
0.082979 -0.081636
-0.113475 -0.081779
-0.048759 -0.081779
-0.527482 -0.081779
0.177305 -0.081779
0.553191 -0.082107
-0.050532 -0.082496
-0.559397 -0.082496
-0.525709 -0.082496
0.556738 -0.082690
-0.490839 -0.082736
0.539894 -0.082855
-0.560284 -0.083214
-0.123227 -0.083214
0.108747 -0.083214
-0.044326 -0.083214
-0.111702 -0.083572
-0.555851 -0.084648
-0.132979 -0.084648
-0.063830 -0.084648
0.531915 -0.085366
-0.043440 -0.085366
-0.111702 -0.085725
-0.549125 -0.086334
0.095301 -0.086442
-0.065603 -0.086801
-0.059397 -0.086801
0.105792 -0.087518
-0.094193 -0.087518
-0.123227 -0.087518
-0.552228 -0.087768
0.556738 -0.087967
0.095080 -0.088056
0.087766 -0.088235
0.085106 -0.088235
0.090426 -0.088235
0.147606 -0.088594
-0.057181 -0.088594
-0.096336 -0.088833
-0.476950 -0.088953
0.097961 -0.088953
-0.064716 -0.088953
-0.132979 -0.088953
-0.067376 -0.088953
0.554078 -0.089177
0.088948 -0.089311
0.541667 -0.089311
-0.078457 -0.089670
-0.559840 -0.089670
0.091164 -0.090029
-0.058954 -0.090029
0.076950 -0.090244
-0.054965 -0.090387
0.551418 -0.090387
-0.071217 -0.090387
-0.244681 -0.090387
-0.076758 -0.090746
-0.069444 -0.090866
-0.552150 -0.090888
-0.528369 -0.091105
-0.050532 -0.091105
-0.062943 -0.091105
0.106974 -0.091105
-0.044326 -0.091105
-0.538121 -0.091105
0.542553 -0.091105
0.174202 -0.091105
0.084959 -0.091463
-0.041667 -0.091463
0.102394 -0.091463
-0.123227 -0.091822
-0.051862 -0.092181
0.090426 -0.092181
0.099291 -0.092181
-0.073286 -0.092300
0.082447 -0.092539
-0.533392 -0.092779
-0.071513 -0.092779
-0.556217 -0.092790
-0.079832 -0.092898
-0.047429 -0.092898
0.556738 -0.093243
-0.058511 -0.093257
-0.132979 -0.093257
0.084220 -0.093615
0.171838 -0.093615
-0.550011 -0.093866
-0.134309 -0.093974
-0.048759 -0.093974
-0.084220 -0.094213
-0.081974 -0.094213
-0.043883 -0.094333
-0.075650 -0.094452
0.108156 -0.094692
0.103723 -0.094692
-0.560284 -0.094692
0.077128 -0.094692
-0.537825 -0.094931
0.092642 -0.095050
0.112589 -0.095409
0.078753 -0.095648
0.523050 -0.096126
0.515071 -0.096126
0.110816 -0.096126
-0.083452 -0.096126
0.076241 -0.096485
-0.533097 -0.096604
0.080378 -0.096604
0.521277 -0.096844
0.104610 -0.096844
0.069149 -0.096844
0.067376 -0.096844
0.065603 -0.096844
0.115248 -0.096844
-0.547872 -0.096844
-0.036791 -0.097202
0.072252 -0.097561
0.113475 -0.097561
-0.524823 -0.098278
0.534574 -0.098278
0.064716 -0.098398
-0.083333 -0.098422
-0.085579 -0.098422
0.556738 -0.098520
0.101064 -0.098996
0.120567 -0.098996
-0.541667 -0.098996
-0.030142 -0.099354
-0.046543 -0.099354
0.020390 -0.099354
0.118794 -0.099713
0.083629 -0.099713
-0.028369 -0.099713
0.533688 -0.099713
-0.062500 -0.099713
0.066194 -0.099833
0.067967 -0.099833
0.117021 -0.100430
0.090426 -0.100430
-0.032801 -0.100430
0.071070 -0.100550
-0.085461 -0.100717
-0.544326 -0.100789
0.556738 -0.100910
-0.028369 -0.101148
0.119681 -0.101148
0.093528 -0.101148
-0.107048 -0.101148
-0.552862 -0.101496
-0.071365 -0.101626
0.546099 -0.101627
-0.556738 -0.101865
-0.024823 -0.101865
0.111702 -0.101865
0.060727 -0.101985
-0.560284 -0.102582
0.118794 -0.102582
-0.039894 -0.102582
0.105496 -0.102582
0.066785 -0.102822
0.074911 -0.102941
0.084220 -0.103061
0.099291 -0.103300
-0.023493 -0.103300
0.113475 -0.103300
-0.042110 -0.103659
0.523936 -0.104017
-0.133865 -0.104017
0.057624 -0.104017
0.173759 -0.104017
-0.056294 -0.104017
0.092420 -0.104017
-0.031028 -0.104256
-0.040160 -0.104663
0.084811 -0.104735
0.078457 -0.104735
-0.044326 -0.104735
0.076241 -0.104735
0.535461 -0.104735
-0.523050 -0.104735
0.095523 -0.104735
-0.025266 -0.104974
0.082151 -0.104974
-0.037057 -0.105022
-0.061392 -0.105093
-0.028369 -0.105213
0.070626 -0.105213
0.125887 -0.105452
-0.055629 -0.105811
0.088652 -0.105930
-0.066489 -0.106169
-0.079787 -0.106169
0.109929 -0.106169
0.058511 -0.106169
-0.547405 -0.106246
-0.062500 -0.106349
-0.022311 -0.106408
-0.058511 -0.106528
0.171395 -0.106528
-0.082447 -0.106600
0.082742 -0.106648
0.084811 -0.106767
0.125000 -0.106887
0.546099 -0.106904
-0.036761 -0.106934
0.080822 -0.107126
-0.077719 -0.107365
0.114362 -0.107604
0.078901 -0.107604
-0.054965 -0.107604
0.076684 -0.107604
0.074468 -0.107604
0.102837 -0.107963
0.023493 -0.107963
0.088652 -0.107963
-0.080674 -0.108034
-0.543302 -0.108050
-0.045213 -0.108321
-0.016401 -0.108321
0.092420 -0.108321
0.062500 -0.108441
0.065603 -0.108560
0.084811 -0.108740
0.080378 -0.109039
0.101285 -0.109039
0.052305 -0.109039
0.149232 -0.109039
-0.078605 -0.109230
-0.043262 -0.109326
0.078457 -0.109517
-0.037234 -0.109517
-0.073951 -0.109517
-0.091977 -0.109756
-0.050532 -0.109756
0.118794 -0.109756
-0.520390 -0.109756
-0.081560 -0.109900
-0.047207 -0.109935
0.088652 -0.109935
0.071809 -0.109995
0.055851 -0.110115
-0.020095 -0.110473
-0.134752 -0.110473
-0.076537 -0.110473
0.082447 -0.111131
-0.079492 -0.111143
-0.531915 -0.111191
0.078014 -0.111430
-0.074837 -0.111430
-0.017878 -0.111549
0.543440 -0.111549
-0.550837 -0.111637
0.041888 -0.111729
0.052305 -0.111908
-0.511525 -0.111908
-0.030733 -0.113104
-0.541720 -0.113169
0.168883 -0.113343
0.515957 -0.113343
-0.064273 -0.113343
-0.066489 -0.113343
-0.025414 -0.113582
0.514184 -0.114060
0.046986 -0.114060
-0.089539 -0.114491
0.054965 -0.114778
-0.011525 -0.114778
-0.517730 -0.114778
0.070035 -0.114897
0.097739 -0.115136
0.522163 -0.115136
0.515514 -0.115136
-0.034870 -0.115495
-0.069371 -0.115495
0.007757 -0.115674
-0.498818 -0.115734
0.513741 -0.115854
0.095745 -0.115854
-0.100621 -0.116212
-0.022015 -0.116212
-0.544242 -0.116484
0.521720 -0.116930
-0.006353 -0.116930
-0.014923 -0.116930
0.052748 -0.116930
0.048759 -0.116930
-0.114140 -0.116930
0.054965 -0.116930
0.010417 -0.117109
-0.019799 -0.117288
-0.012411 -0.117647
-0.099069 -0.117647
-0.127660 -0.117647
-0.523050 -0.117647
-0.507092 -0.117647
0.539894 -0.117647
0.049645 -0.118006
-0.051123 -0.118364
0.062057 -0.118364
0.551418 -0.118364
0.045479 -0.118436
-0.003546 -0.118544
0.092863 -0.119082
0.050532 -0.119082
0.158983 -0.119082
0.088431 -0.119381
-0.013298 -0.119440
-0.075650 -0.119560
0.048759 -0.119799
0.119681 -0.119799
-0.531915 -0.120516
-0.555408 -0.120516
-0.066489 -0.120516
-0.062057 -0.120516
-0.064273 -0.120516
0.132979 -0.120516
-0.026152 -0.120516
-0.004580 -0.120696
0.511968 -0.121234
-0.557181 -0.121234
-0.014184 -0.121234
0.024232 -0.121473
0.057920 -0.121473
-0.123670 -0.121593
-0.542661 -0.121604
0.019208 -0.121712
0.527482 -0.121951
-0.515957 -0.121951
-0.023936 -0.121951
0.006206 -0.122131
0.053487 -0.122190
0.051271 -0.122190
0.513298 -0.122310
-0.001773 -0.122310
-0.037086 -0.122310
0.027556 -0.122370
-0.541720 -0.122495
0.556294 -0.122583
0.101064 -0.122669
-0.059102 -0.122669
0.539007 -0.122669
0.043972 -0.122812
0.041312 -0.123099
-0.003546 -0.123207
0.054965 -0.123386
0.026596 -0.123386
0.038652 -0.123386
-0.014628 -0.123386
0.519060 -0.123745
-0.019504 -0.123745
-0.002364 -0.123804
-0.103723 -0.123864
0.050384 -0.123984
-0.005319 -0.124103
-0.516844 -0.124103
0.001773 -0.124283
-0.500591 -0.124342
-0.088209 -0.124462
0.024527 -0.124582
-0.531273 -0.124745
-0.010638 -0.124821
0.014184 -0.124821
0.556738 -0.124904
0.099956 -0.125000
-0.012855 -0.125179
-0.094415 -0.125179
-0.098404 -0.125179
0.023197 -0.125299
0.052009 -0.125299
0.028960 -0.125299
0.036170 -0.125538
-0.119681 -0.125538
0.001182 -0.125777
0.012411 -0.125777
0.159131 -0.125897
0.156472 -0.125897
0.005319 -0.126255
-0.508865 -0.126255
0.031324 -0.126495
0.074025 -0.126734
-0.073877 -0.126734
-0.541720 -0.127038
-0.114805 -0.127092
0.037352 -0.127212
-0.003251 -0.127212
-0.116578 -0.127331
-0.028369 -0.127331
0.029551 -0.127571
-0.540139 -0.127614
0.033688 -0.127690
0.024823 -0.127690
-0.022606 -0.127690
-0.068706 -0.128049
0.046838 -0.128109
0.506206 -0.128407
0.031915 -0.128766
-0.115691 -0.128766
-0.554965 -0.129125
0.151596 -0.129125
0.106974 -0.129125
-0.113475 -0.129125
0.064273 -0.129484
0.006206 -0.129842
0.101064 -0.130081
0.066046 -0.130201
0.105644 -0.130201
-0.110816 -0.130320
0.033097 -0.130440
-0.062057 -0.130560
-0.000887 -0.130560
0.147163 -0.130560
0.142730 -0.130560
-0.510638 -0.130560
0.109929 -0.130560
-0.112589 -0.130560
-0.085106 -0.130560
-0.107270 -0.130679
-0.547872 -0.130799
0.036052 -0.131038
-0.099291 -0.131277
-0.076241 -0.131277
0.104167 -0.131396
-0.080230 -0.131636
0.553191 -0.131805
-0.539497 -0.131842
0.031915 -0.131994
-0.507979 -0.131994
0.025414 -0.131994
-0.101950 -0.131994
0.140957 -0.131994
0.001773 -0.131994
-0.088209 -0.132066
-0.540139 -0.132157
-0.015810 -0.132353
-0.090426 -0.132712
-0.073582 -0.132712
-0.026596 -0.132712
0.004433 -0.132712
0.059249 -0.132951
-0.023936 -0.133070
-0.083333 -0.133142
-0.081560 -0.133429
0.007092 -0.133429
0.549645 -0.133429
-0.087323 -0.133501
-0.027926 -0.133788
-0.089539 -0.134146
0.033688 -0.134146
-0.010047 -0.134146
-0.508865 -0.134146
0.019651 -0.134505
-0.075798 -0.134505
-0.048463 -0.134625
0.028664 -0.134864
-0.029255 -0.134864
-0.464539 -0.134864
-0.094563 -0.135342
0.556738 -0.135458
-0.007388 -0.135581
-0.551418 -0.135581
-0.028812 -0.135940
-0.024823 -0.135940
-0.035904 -0.135940
0.057329 -0.136059
-0.032358 -0.136298
0.490248 -0.136298
-0.553191 -0.136298
-0.541667 -0.136538
0.093159 -0.136597
-0.070479 -0.136657
-0.028369 -0.137016
-0.066489 -0.137016
-0.531717 -0.137298
-0.031915 -0.137374
-0.507092 -0.137733
0.094267 -0.137972
0.534574 -0.138092
-0.025709 -0.138092
0.052157 -0.138869
-0.052009 -0.138929
-0.019799 -0.139168
-0.082890 -0.139527
-0.074468 -0.139885
0.520390 -0.139885
0.524823 -0.139885
-0.007979 -0.139885
-0.515514 -0.140244
-0.537227 -0.140266
0.066489 -0.140603
-0.545213 -0.141320
0.068262 -0.141320
-0.539444 -0.141342
-0.037234 -0.141559
-0.028369 -0.141679
-0.533245 -0.141679
-0.031915 -0.142037
0.070035 -0.142037
-0.547872 -0.142037
-0.536334 -0.142081
-0.513889 -0.142276
-0.039007 -0.142276
0.067376 -0.142396
0.100621 -0.143293
0.046099 -0.143293
-0.463652 -0.143472
-0.017139 -0.143472
-0.546099 -0.143472
-0.540330 -0.143494
0.064569 -0.143711
-0.526152 -0.143831
0.106826 -0.143831
0.114805 -0.143831
0.078753 -0.143950
-0.019504 -0.144189
-0.073582 -0.144189
0.510195 -0.144548
0.112145 -0.144548
-0.509752 -0.144907
-0.557624 -0.144907
-0.023050 -0.144907
0.040189 -0.145026
0.070479 -0.145265
-0.039007 -0.145385
-0.071809 -0.145624
-0.025709 -0.145624
-0.524527 -0.145863
-0.065160 -0.145983
-0.018617 -0.145983
-0.036348 -0.146222
0.546099 -0.146341
-0.028369 -0.146341
0.482270 -0.146341
-0.020390 -0.146341
-0.074468 -0.146341
0.008865 -0.146461
0.148936 -0.146700
-0.520686 -0.146820
0.550532 -0.147059
0.065603 -0.147059
-0.529255 -0.147059
-0.534753 -0.147200
0.554965 -0.147776
-0.017730 -0.147776
-0.066933 -0.147776
-0.069444 -0.148015
0.070479 -0.148314
0.061022 -0.148374
-0.059397 -0.148494
0.482270 -0.148494
-0.022163 -0.148494
0.136525 -0.148494
-0.528369 -0.148494
-0.538749 -0.148613
0.066933 -0.148673
-0.089982 -0.148733
-0.130319 -0.149211
0.526596 -0.149211
-0.047872 -0.149211
-0.530142 -0.149211
0.534574 -0.149211
-0.548759 -0.149211
-0.104610 -0.149211
-0.524527 -0.149450
0.062352 -0.149450
0.555851 -0.149532
-0.054521 -0.149570
0.555408 -0.149570
-0.031915 -0.149928
0.059397 -0.149928
-0.070331 -0.150167
-0.519208 -0.150167
-0.056294 -0.150287
-0.061170 -0.150287
0.076684 -0.150287
0.068262 -0.150287
-0.049645 -0.150646
0.073582 -0.150646
-0.098848 -0.150646
0.556738 -0.151288
0.556294 -0.151325
0.555851 -0.151363
-0.051418 -0.151363
0.551418 -0.151363
-0.046099 -0.151363
-0.073286 -0.151602
-0.512411 -0.152080
-0.021277 -0.152080
0.545213 -0.152080
-0.462766 -0.152080
-0.505319 -0.152080
0.062057 -0.152080
-0.053191 -0.152080
-0.065455 -0.152319
0.494238 -0.152439
0.091090 -0.152798
-0.048759 -0.152798
-0.039007 -0.152798
-0.523050 -0.152798
-0.515071 -0.152798
0.486259 -0.153156
0.551862 -0.153156
-0.059397 -0.153156
-0.045213 -0.153515
-0.050532 -0.153515
-0.529255 -0.153515
-0.553191 -0.153515
0.088874 -0.153694
0.093972 -0.153874
0.516401 -0.153874
0.531028 -0.154232
-0.039894 -0.154232
-0.055851 -0.154232
0.100177 -0.154412
-0.072104 -0.154472
-0.051862 -0.154591
0.058511 -0.154806
-0.027482 -0.154950
-0.036348 -0.154950
-0.530142 -0.154950
0.106383 -0.154950
-0.536976 -0.155069
-0.061392 -0.155129
0.038416 -0.155428
0.062352 -0.155428
0.086215 -0.155488
-0.515957 -0.155667
0.539894 -0.155667
-0.034574 -0.155667
0.089539 -0.155667
0.111702 -0.155667
0.050532 -0.155667
0.095745 -0.155846
-0.057846 -0.156205
0.555152 -0.156362
0.079344 -0.156385
0.531915 -0.156385
-0.554965 -0.156385
-0.037234 -0.156385
0.117021 -0.156385
0.554709 -0.156400
-0.035461 -0.157102
0.070922 -0.157102
-0.041371 -0.157341
0.105496 -0.157461
0.054965 -0.157532
0.097518 -0.157819
-0.540780 -0.157819
-0.068853 -0.157819
-0.019504 -0.157819
0.107565 -0.157819
0.074468 -0.157819
-0.051197 -0.157999
0.058806 -0.158154
0.528812 -0.158178
0.089096 -0.158178
0.479610 -0.158178
0.020390 -0.158178
0.091755 -0.158178
0.078014 -0.158537
0.112884 -0.158537
0.542553 -0.158537
0.031028 -0.158537
-0.530075 -0.158754
0.007092 -0.158776
-0.079639 -0.158776
0.062648 -0.158776
0.101064 -0.158895
0.065012 -0.159015
0.498227 -0.159254
-0.556738 -0.159254
-0.031028 -0.159254
0.067376 -0.159254
0.084220 -0.159254
-0.519504 -0.159254
0.119681 -0.159254
-0.512707 -0.159254
0.076241 -0.159613
0.070922 -0.159971
0.490248 -0.159971
-0.118794 -0.159971
0.129433 -0.159971
0.008865 -0.160091
-0.005319 -0.160210
0.171543 -0.160330
-0.035018 -0.160330
0.551606 -0.160345
-0.028369 -0.160689
-0.436170 -0.160689
-0.523050 -0.160689
0.093972 -0.160689
0.074468 -0.160689
0.078014 -0.161047
0.051862 -0.161047
-0.048759 -0.161047
0.003103 -0.161167
0.007092 -0.161167
0.080230 -0.161406
-0.473404 -0.161406
0.556738 -0.161727
0.083333 -0.161765
0.489805 -0.161765
0.183954 -0.161765
0.049202 -0.161765
-0.058067 -0.161765
-0.011525 -0.161884
0.047281 -0.161884
0.070331 -0.161884
-0.006206 -0.161884
0.054078 -0.161980
0.122340 -0.162123
0.097518 -0.162123
-0.085402 -0.162123
-0.067376 -0.162123
0.537234 -0.162123
0.076241 -0.162123
0.008865 -0.162482
0.492465 -0.162482
-0.530008 -0.162558
-0.040189 -0.162602
-0.036348 -0.162841
0.483599 -0.162841
0.108008 -0.163199
0.101064 -0.163199
0.553379 -0.163215
-0.062722 -0.163379
-0.546986 -0.163558
-0.003989 -0.163558
-0.007092 -0.163558
-0.012411 -0.163558
0.003103 -0.163558
0.007092 -0.163558
-0.026300 -0.163797
-0.019799 -0.163797
-0.083481 -0.163917
0.080230 -0.163917
-0.091460 -0.164275
0.035165 -0.164275
-0.063830 -0.164275
0.483156 -0.164634
-0.087470 -0.164634
0.064125 -0.164754
-0.066489 -0.164754
-0.004433 -0.164813
-0.007535 -0.164813
-0.044917 -0.164873
0.095301 -0.164993
0.136525 -0.164993
-0.070922 -0.164993
-0.039598 -0.165232
0.042996 -0.165352
0.549596 -0.165365
-0.023050 -0.165471
-0.031693 -0.165531
0.074173 -0.165710
0.096410 -0.165710
0.107270 -0.165710
0.092863 -0.165710
-0.058289 -0.165890
-0.007979 -0.166069
0.554521 -0.166069
-0.068262 -0.166188
-0.041371 -0.166308
0.528369 -0.166428
0.115248 -0.166428
0.134752 -0.166428
0.097518 -0.166428
-0.021572 -0.166667
-0.524947 -0.166742
-0.059397 -0.166786
0.075059 -0.166906
0.006797 -0.167025
0.043144 -0.167145
0.104610 -0.167145
0.555851 -0.167145
0.050532 -0.167145
-0.089539 -0.167145
-0.011525 -0.167145
0.515514 -0.167504
-0.025635 -0.167563
-0.528426 -0.167677
0.076537 -0.167743
-0.071809 -0.167862
0.089539 -0.167862
-0.033023 -0.168042
-0.022754 -0.168101
0.001034 -0.168101
-0.077128 -0.168221
0.494681 -0.168221
-0.052305 -0.168221
-0.016401 -0.168221
0.551369 -0.168235
0.534574 -0.168580
0.096410 -0.168580
-0.452128 -0.168580
0.101950 -0.168580
-0.009900 -0.168639
-0.024527 -0.168819
-0.040780 -0.168938
-0.002216 -0.168938
-0.069149 -0.169058
-0.537234 -0.169297
-0.021277 -0.169297
0.031915 -0.169297
-0.553191 -0.169297
0.093972 -0.169297
0.097518 -0.169297
0.556294 -0.169656
0.047872 -0.169775
-0.049054 -0.169895
-0.023050 -0.170014
-0.005762 -0.170194
-0.016548 -0.170253
0.497340 -0.170373
-0.416667 -0.170732
0.065603 -0.170732
-0.484043 -0.170732
-0.024823 -0.170732
0.500887 -0.170732
0.108156 -0.170732
0.077571 -0.170732
0.017435 -0.170971
-0.086288 -0.170971
-0.080969 -0.171090
-0.027113 -0.171150
-0.037530 -0.171210
-0.043440 -0.171270
-0.496454 -0.171449
0.556738 -0.172166
0.097518 -0.172166
-0.065603 -0.172166
-0.534574 -0.172166
-0.508865 -0.172166
-0.017730 -0.172166
0.125887 -0.172166
0.132092 -0.172166
0.042405 -0.172406
-0.026005 -0.172406
0.065603 -0.172406
-0.041667 -0.172525
-0.044326 -0.172525
0.002955 -0.172645
-0.007683 -0.172764
-0.547281 -0.172884
-0.067819 -0.172884
-0.013002 -0.173123
0.100399 -0.173242
-0.556738 -0.173242
0.144504 -0.173242
0.088652 -0.173362
-0.010786 -0.173482
-0.512411 -0.173601
-0.076537 -0.173601
0.068262 -0.173601
-0.484929 -0.173601
0.542553 -0.173601
-0.049276 -0.174020
0.098700 -0.174079
0.065603 -0.174079
0.079122 -0.174139
-0.031619 -0.174319
0.513298 -0.174319
-0.021277 -0.174319
0.055408 -0.174319
0.537234 -0.174319
0.498670 -0.174677
0.093085 -0.174797
-0.038416 -0.174797
-0.529255 -0.175036
-0.040780 -0.175036
-0.515957 -0.175036
0.480496 -0.175036
-0.531915 -0.175036
0.136525 -0.175036
0.068262 -0.175275
0.081117 -0.175395
0.103280 -0.175753
0.528369 -0.175753
0.094415 -0.175753
0.105718 -0.175753
-0.518617 -0.175753
-0.095745 -0.175753
0.133865 -0.175753
0.076020 -0.175933
-0.044326 -0.175933
-0.091312 -0.176112
0.043440 -0.176231
0.084885 -0.176411
-0.510638 -0.176471
0.524823 -0.176471
-0.521277 -0.176471
-0.086879 -0.176471
0.118794 -0.176471
0.070922 -0.176471
-0.083629 -0.176471
-0.485816 -0.176471
0.037973 -0.176949
-0.033392 -0.177188
-0.062057 -0.177188
-0.534574 -0.177188
0.513741 -0.177188
-0.111702 -0.177188
0.478723 -0.177188
-0.014184 -0.177188
-0.047207 -0.177367
0.088652 -0.177427
-0.011968 -0.177547
0.062648 -0.177666
0.095597 -0.177666
-0.066194 -0.177905
-0.514184 -0.177905
0.502660 -0.177905
-0.539303 -0.177905
-0.088209 -0.177905
0.113475 -0.178264
-0.051345 -0.178324
0.035313 -0.178384
-0.466312 -0.178623
-0.068410 -0.178623
0.105718 -0.178623
-0.527798 -0.179035
-0.525139 -0.179035
0.051714 -0.179101
0.125000 -0.179340
-0.507979 -0.179340
0.533688 -0.179340
0.118794 -0.179340
0.091312 -0.179340
-0.003546 -0.179340
0.054965 -0.179340
-0.089539 -0.179340
0.476950 -0.179340
-0.537234 -0.179340
-0.522479 -0.179753
-0.038416 -0.179818
-0.081856 -0.180057
-0.023936 -0.180057
0.550532 -0.180057
-0.069444 -0.180057
-0.040780 -0.180057
0.530142 -0.180057
0.108156 -0.180057
0.104241 -0.180416
-0.084663 -0.180416
-0.429965 -0.180775
-0.008422 -0.180775
0.099291 -0.180954
0.133274 -0.181014
0.001330 -0.181133
-0.530458 -0.181187
-0.052600 -0.181253
0.075355 -0.181492
-0.021572 -0.181492
-0.541667 -0.181492
-0.496454 -0.181492
0.048168 -0.181612
0.051418 -0.181851
0.018174 -0.181851
0.084220 -0.181970
-0.083998 -0.182030
-0.093528 -0.182030
0.461879 -0.182209
0.145390 -0.182209
-0.024232 -0.182209
0.000000 -0.182209
-0.513298 -0.182209
0.118794 -0.182209
-0.071809 -0.182209
-0.089096 -0.182209
0.125887 -0.182209
-0.035757 -0.182449
-0.010638 -0.182568
-0.069297 -0.182927
0.067376 -0.182927
-0.015514 -0.182927
-0.523681 -0.183034
0.069814 -0.183106
0.062648 -0.183166
-0.509752 -0.183644
0.074468 -0.183644
-0.066785 -0.183644
0.037234 -0.183644
-0.034870 -0.183644
-0.083333 -0.183644
-0.085993 -0.184362
0.041667 -0.184362
0.047872 -0.184362
-0.511525 -0.184362
-0.030659 -0.184421
0.544927 -0.184732
-0.096188 -0.184900
0.119681 -0.185079
-0.040780 -0.185079
0.516844 -0.185079
-0.055851 -0.185079
-0.088652 -0.185079
-0.019356 -0.185079
-0.558511 -0.185079
0.068041 -0.185258
-0.551418 -0.185438
0.070479 -0.185438
-0.058806 -0.185557
0.135343 -0.185557
-0.007092 -0.185796
-0.539007 -0.185796
-0.073138 -0.185796
-0.512411 -0.185796
0.536348 -0.185796
-0.067080 -0.185796
0.075133 -0.185976
-0.547577 -0.186035
0.108156 -0.186155
-0.004433 -0.186155
0.094637 -0.186334
0.064716 -0.186514
-0.016844 -0.186514
0.035461 -0.186514
-0.013741 -0.186514
-0.001773 -0.186514
-0.448582 -0.186514
0.524823 -0.186514
-0.083777 -0.186872
0.073360 -0.186932
-0.556738 -0.187231
-0.012411 -0.187231
0.086879 -0.187231
0.518617 -0.187231
0.044238 -0.187303
-0.028590 -0.187339
0.051418 -0.187351
0.078014 -0.187470
-0.086436 -0.187590
0.041667 -0.187590
-0.523365 -0.187643
0.097296 -0.187769
-0.552896 -0.187829
0.145833 -0.187948
-0.543440 -0.187948
-0.014184 -0.187948
-0.125887 -0.187948
0.503103 -0.187948
-0.510638 -0.187948
0.476064 -0.187948
-0.046099 -0.187948
0.063830 -0.187948
0.120567 -0.187948
-0.522100 -0.188154
0.076241 -0.188427
-0.039894 -0.188427
-0.007535 -0.188486
0.151152 -0.188666
0.038564 -0.188666
-0.070922 -0.188666
0.069001 -0.188666
-0.119238 -0.189024
-0.013121 -0.189096
0.096631 -0.189383
0.066489 -0.189383
-0.040780 -0.189383
-0.074468 -0.189383
0.127660 -0.189383
-0.079344 -0.189742
-0.069149 -0.189742
-0.506206 -0.190100
-0.084220 -0.190100
-0.112589 -0.190100
0.046809 -0.190244
-0.012057 -0.190244
-0.047429 -0.190280
-0.544917 -0.190340
0.054965 -0.190340
0.072547 -0.190459
-0.089096 -0.190459
-0.072695 -0.190459
0.096188 -0.190459
-0.039450 -0.190579
0.070331 -0.190579
-0.515578 -0.190611
0.077571 -0.190698
0.021277 -0.190818
0.099291 -0.190818
-0.443262 -0.190818
-0.528369 -0.190818
0.038268 -0.191057
0.061466 -0.191296
0.067819 -0.191296
0.523050 -0.191535
-0.534574 -0.191535
-0.078014 -0.191535
0.525709 -0.191535
-0.070922 -0.191535
0.054078 -0.191655
-0.110816 -0.191714
-0.082890 -0.191894
0.062796 -0.192013
-0.101507 -0.192073
0.074616 -0.192133
0.530142 -0.192253
-0.446809 -0.192253
0.482270 -0.192253
-0.523050 -0.192253
0.464539 -0.192253
0.140514 -0.192253
0.516844 -0.192253
-0.086436 -0.192611
-0.048759 -0.192611
-0.032728 -0.192791
-0.024601 -0.192791
0.078901 -0.192970
0.073582 -0.192970
0.053191 -0.192970
0.555851 -0.192970
-0.077571 -0.193329
0.101064 -0.193329
0.528812 -0.193329
-0.109043 -0.193329
0.038268 -0.193448
0.531028 -0.193687
0.146277 -0.193687
-0.489362 -0.193687
-0.081560 -0.193687
0.492908 -0.193687
-0.039894 -0.193687
0.002660 -0.193687
0.116135 -0.193687
0.125887 -0.193687
-0.017287 -0.193926
0.523493 -0.194046
0.071365 -0.194165
0.151596 -0.194405
0.478723 -0.194405
-0.085106 -0.194405
0.042110 -0.194405
0.122340 -0.194405
-0.009309 -0.194584
0.021868 -0.194644
0.059102 -0.194644
0.074734 -0.194763
0.054521 -0.194763
-0.528369 -0.194763
-0.067080 -0.194883
0.065898 -0.195122
0.101064 -0.195122
-0.007535 -0.195301
-0.004876 -0.195301
-0.525709 -0.195481
0.096927 -0.195481
0.089096 -0.195481
0.047872 -0.195600
0.057476 -0.195600
-0.044770 -0.195660
0.109929 -0.195839
0.498227 -0.195839
-0.040337 -0.196198
0.138741 -0.196198
0.167996 -0.196557
0.055851 -0.196557
0.475177 -0.196557
-0.523936 -0.196557
-0.034870 -0.196557
0.521277 -0.196557
-0.108156 -0.196557
-0.068853 -0.196676
0.045213 -0.196796
-0.551418 -0.196915
0.082004 -0.196915
0.062648 -0.197035
-0.522670 -0.197067
0.527482 -0.197274
-0.024379 -0.197274
0.512411 -0.197274
-0.032506 -0.197274
-0.446365 -0.197274
-0.014628 -0.197274
-0.103280 -0.197274
0.066489 -0.197513
-0.037825 -0.197633
-0.515578 -0.197784
-0.448138 -0.197991
-0.049645 -0.197991
0.008865 -0.197991
0.546986 -0.197991
0.179078 -0.197991
-0.010638 -0.197991
0.042553 -0.197991
-0.110668 -0.198051
0.047872 -0.198231
0.034279 -0.198470
0.070626 -0.198709
-0.008865 -0.198709
-0.528369 -0.198709
0.089835 -0.198709
0.031915 -0.198709
0.003546 -0.198709
-0.125887 -0.198709
-0.040780 -0.198709
-0.535284 -0.198924
-0.016401 -0.198948
0.050532 -0.198948
0.081856 -0.198948
-0.558511 -0.199067
-0.542199 -0.199139
-0.020095 -0.199187
0.063239 -0.199426
0.191489 -0.199426
0.045213 -0.199426
0.054521 -0.199426
0.035461 -0.199426
-0.012411 -0.199665
-0.110225 -0.199665
-0.526596 -0.199785
0.545577 -0.199795
0.078310 -0.200143
-0.037234 -0.200143
0.136968 -0.200502
0.530269 -0.200511
0.058954 -0.200861
-0.071365 -0.200861
0.203901 -0.200861
0.115248 -0.200861
0.047872 -0.200861
0.152039 -0.200861
-0.524823 -0.200861
0.148936 -0.200861
0.124113 -0.200861
0.009309 -0.201220
0.090056 -0.201220
0.145833 -0.201220
-0.033688 -0.201578
0.050532 -0.201578
0.044326 -0.201578
-0.021572 -0.201817
0.464539 -0.201937
-0.031619 -0.202056
-0.064421 -0.202056
0.081560 -0.202056
0.098257 -0.202296
0.109043 -0.202296
0.053191 -0.202296
-0.094563 -0.202296
0.040780 -0.202296
-0.015293 -0.202535
0.120124 -0.202654
-0.537234 -0.202654
0.013298 -0.202774
0.067967 -0.203013
0.047872 -0.203013
0.028812 -0.203013
-0.471631 -0.203013
-0.046099 -0.203013
0.091017 -0.203252
-0.066194 -0.203312
0.032801 -0.203372
0.062943 -0.203491
-0.517355 -0.203511
-0.063830 -0.203551
0.075059 -0.203730
0.113475 -0.203730
-0.118794 -0.203730
0.137411 -0.203730
0.050532 -0.203730
0.057624 -0.203730
0.523493 -0.203730
-0.027335 -0.203969
0.172872 -0.204089
0.072104 -0.204209
0.009752 -0.204448
0.125000 -0.204448
0.109929 -0.204448
0.055186 -0.204448
-0.442376 -0.204448
0.155585 -0.204448
-0.002955 -0.204448
-0.141844 -0.204448
0.152482 -0.204448
-0.108895 -0.204687
0.144947 -0.204806
0.078457 -0.204926
-0.015514 -0.205045
0.537234 -0.205165
0.047872 -0.205165
0.128546 -0.205165
-0.098404 -0.205165
0.489362 -0.205165
0.062057 -0.205165
-0.513298 -0.205165
0.006353 -0.205285
-0.067967 -0.205285
0.051123 -0.205404
0.137855 -0.205524
-0.050975 -0.205524
0.040337 -0.205524
-0.022754 -0.205643
-0.037234 -0.205643
0.054374 -0.205643
0.064125 -0.205643
-0.516656 -0.205773
0.031915 -0.205882
0.475177 -0.205882
0.059619 -0.205882
0.055777 -0.206121
-0.016622 -0.206241
0.005467 -0.206361
-0.105496 -0.206600
-0.122340 -0.206600
0.028812 -0.206600
-0.046099 -0.206600
0.083555 -0.206600
0.109043 -0.206600
-0.097518 -0.206600
0.060727 -0.206600
0.078901 -0.206600
0.186170 -0.206600
-0.165780 -0.206600
-0.067376 -0.206779
-0.060875 -0.206839
0.080230 -0.206958
0.043883 -0.206958
-0.525709 -0.206958
0.128989 -0.206958
-0.011170 -0.207126
0.067967 -0.207198
0.105496 -0.207317
0.183511 -0.207317
0.436170 -0.207317
0.478723 -0.207317
-0.049202 -0.207317
0.081560 -0.207317
0.025709 -0.207317
0.453901 -0.207317
0.035904 -0.207317
0.196809 -0.207317
0.021720 -0.207437
0.053783 -0.207556
0.017730 -0.207556
0.132535 -0.207676
0.002216 -0.207795
-0.000591 -0.207795
-0.512415 -0.208023
-0.032210 -0.208034
0.523936 -0.208034
0.180851 -0.208034
0.049645 -0.208034
0.055186 -0.208034
0.033688 -0.208034
0.156028 -0.208034
0.101950 -0.208034
0.536348 -0.208034
-0.451684 -0.208034
0.011259 -0.208393
0.080230 -0.208393
0.044770 -0.208393
-0.065603 -0.208513
-0.113697 -0.208572
0.084515 -0.208632
-0.067376 -0.208632
0.051418 -0.208752
-0.069149 -0.208752
0.031028 -0.208752
-0.397163 -0.208752
-0.016844 -0.208752
0.217199 -0.208752
0.056294 -0.208752
-0.553191 -0.208752
0.039894 -0.208752
0.435284 -0.209110
-0.020390 -0.209110
0.017435 -0.209230
-0.101064 -0.209469
0.420213 -0.209469
0.053191 -0.209469
-0.125887 -0.209469
-0.053191 -0.209469
0.132979 -0.209469
-0.004137 -0.209469
0.021277 -0.209589
0.083186 -0.209708
-0.027630 -0.209708
0.128989 -0.209828
0.071365 -0.209828
-0.133865 -0.209828
-0.532801 -0.209828
0.058511 -0.209828
0.528703 -0.209835
-0.031324 -0.209947
-0.062648 -0.209947
-0.107048 -0.210007
0.035461 -0.210187
0.187943 -0.210187
0.040337 -0.210545
-0.012500 -0.210832
-0.515075 -0.210892
0.552305 -0.210904
0.185284 -0.210904
0.492908 -0.210904
0.524823 -0.210904
-0.054078 -0.210904
-0.056885 -0.211143
-0.027187 -0.211143
-0.550532 -0.211143
0.464539 -0.211263
-0.136525 -0.211263
-0.519504 -0.211621
0.150709 -0.211621
-0.089096 -0.211621
0.155142 -0.211621
0.003398 -0.211621
-0.018617 -0.211621
-0.452128 -0.211621
0.204787 -0.211621
-0.101950 -0.211621
0.533470 -0.211636
0.482861 -0.211860
0.030585 -0.211980
-0.063830 -0.211980
-0.020833 -0.211980
-0.048759 -0.212099
-0.004965 -0.212267
-0.013387 -0.212267
-0.046099 -0.212339
0.132979 -0.212339
0.116135 -0.212339
0.142730 -0.212339
-0.498227 -0.212339
0.040780 -0.212339
-0.469858 -0.212339
-0.485816 -0.212339
-0.492021 -0.212339
0.012766 -0.212339
0.084663 -0.212458
0.032801 -0.212697
0.166667 -0.212697
0.121897 -0.212697
0.456560 -0.212697
0.164007 -0.212697
-0.052748 -0.212817
-0.008156 -0.212912
0.104610 -0.213056
-0.030142 -0.213056
0.003251 -0.213056
0.009043 -0.213056
-0.059545 -0.213295
-0.557624 -0.213295
-0.001773 -0.213415
0.027482 -0.213415
-0.061613 -0.213594
-0.105718 -0.213594
-0.514192 -0.213750
0.535461 -0.213773
0.021277 -0.213773
0.005319 -0.213773
-0.102837 -0.213773
0.492908 -0.213773
0.554965 -0.213773
0.546690 -0.213773
0.039894 -0.214132
0.534465 -0.214139
-0.041667 -0.214491
0.001773 -0.214491
-0.520833 -0.214491
-0.051418 -0.214730
-0.135195 -0.214849
-0.048759 -0.214969
0.166667 -0.215208
0.030142 -0.215208
-0.059397 -0.215208
0.475177 -0.215208
0.154255 -0.215208
0.161348 -0.215208
0.132979 -0.215208
-0.447695 -0.215208
0.410461 -0.215208
0.090426 -0.215447
0.034574 -0.215567
-0.149823 -0.215567
0.023050 -0.215567
-0.554965 -0.215686
0.039007 -0.215925
0.015514 -0.215925
-0.061613 -0.215925
0.547134 -0.215925
0.555408 -0.215925
0.185284 -0.215925
0.512855 -0.215925
0.027482 -0.216284
-0.097518 -0.216284
-0.063830 -0.216643
0.104610 -0.216643
0.467199 -0.216643
-0.080674 -0.216643
0.230496 -0.216643
0.531460 -0.216656
-0.055851 -0.216762
0.495567 -0.217001
0.028369 -0.217360
0.024823 -0.217360
0.068706 -0.217360
0.513298 -0.217360
0.483452 -0.217838
-0.108969 -0.217898
-0.441489 -0.218077
0.555851 -0.218077
-0.523936 -0.218077
0.125887 -0.218077
0.145390 -0.218077
0.230496 -0.218077
0.161348 -0.218077
0.164007 -0.218077
-0.464539 -0.218077
-0.516401 -0.218077
-0.454787 -0.218077
-0.480496 -0.218077
-0.130319 -0.218317
-0.546099 -0.218317
-0.052305 -0.218317
-0.098404 -0.218436
0.109929 -0.218795
-0.076093 -0.218795
0.166667 -0.218795
-0.518617 -0.218795
0.315603 -0.218795
0.093085 -0.218795
0.476950 -0.218795
-0.064716 -0.218795
0.488475 -0.218795
0.546690 -0.218795
0.103723 -0.219154
0.532456 -0.219159
0.029551 -0.219273
-0.056738 -0.219273
0.218085 -0.219512
0.469858 -0.219512
0.026596 -0.219512
0.108156 -0.219512
-0.141844 -0.219512
0.230496 -0.219512
-0.087323 -0.219871
-0.506401 -0.219957
0.082004 -0.219990
-0.441489 -0.220230
-0.501773 -0.220230
-0.061170 -0.220230
-0.101064 -0.220230
0.089539 -0.220349
0.105496 -0.220588
0.218085 -0.220947
-0.157801 -0.220947
-0.494681 -0.220947
-0.488475 -0.220947
-0.524823 -0.220947
0.118794 -0.220947
-0.068558 -0.220947
0.177305 -0.220947
0.109929 -0.220947
-0.448582 -0.220947
-0.531028 -0.220947
-0.065603 -0.220947
-0.110520 -0.220947
0.461879 -0.220947
-0.071513 -0.220947
-0.126330 -0.221545
-0.519504 -0.221664
0.129433 -0.221664
0.182624 -0.221664
0.523050 -0.221664
0.164007 -0.221664
-0.077128 -0.221664
0.526250 -0.221670
0.090869 -0.222023
0.205674 -0.222382
-0.114953 -0.222382
0.113475 -0.222382
-0.441489 -0.222382
-0.480496 -0.222382
-0.063239 -0.222621
0.512411 -0.222740
0.098109 -0.222860
0.531915 -0.223099
-0.448582 -0.223099
-0.093972 -0.223099
-0.181738 -0.223099
-0.110520 -0.223099
0.180851 -0.223099
-0.125000 -0.223099
-0.512606 -0.223185
-0.137411 -0.223816
0.006206 -0.223816
0.119681 -0.223816
0.176418 -0.223816
-0.475177 -0.223816
0.501773 -0.223816
0.163121 -0.223816
-0.152482 -0.223816
0.554965 -0.223816
-0.558511 -0.223816
-0.511028 -0.223988
-0.537234 -0.224175
-0.009752 -0.224175
-0.506401 -0.224261
-0.060875 -0.224295
0.144208 -0.224295
-0.545213 -0.224534
0.009309 -0.224534
-0.428191 -0.224534
0.002660 -0.224534
-0.501773 -0.224534
-0.104314 -0.224534
0.229610 -0.224773
-0.004521 -0.224821
0.051418 -0.224892
-0.096631 -0.224892
0.013298 -0.225251
-0.167553 -0.225251
0.158688 -0.225251
0.459220 -0.225251
-0.205674 -0.225251
-0.160461 -0.225251
-0.457447 -0.225251
-0.071661 -0.225251
-0.128989 -0.225610
0.525709 -0.225610
-0.505319 -0.225610
0.528910 -0.225615
0.504433 -0.225968
-0.001330 -0.225968
0.235816 -0.225968
-0.485816 -0.225968
0.473404 -0.225968
-0.153812 -0.225968
-0.542553 -0.226686
0.460993 -0.226686
0.099291 -0.226686
0.175532 -0.226686
-0.147163 -0.226686
0.164894 -0.226686
-0.508865 -0.226686
0.170213 -0.226686
-0.099291 -0.226686
-0.464539 -0.226686
0.067376 -0.226686
-0.066785 -0.226925
-0.031619 -0.226925
0.225621 -0.227044
0.080230 -0.227044
0.096927 -0.227284
0.073138 -0.227284
-0.537234 -0.227403
-0.472074 -0.227403
0.202128 -0.227403
0.235816 -0.227403
-0.128989 -0.227762
-0.097518 -0.227881
0.507092 -0.228121
-0.132979 -0.228121
-0.553191 -0.228121
-0.474291 -0.228121
0.089539 -0.228121
0.203901 -0.228121
0.160461 -0.228121
-0.482713 -0.228838
0.171099 -0.228838
-0.092199 -0.229316
-0.504819 -0.229380
0.137411 -0.229555
-0.080674 -0.229555
-0.491135 -0.229555
0.086879 -0.229555
-0.209220 -0.229555
-0.177305 -0.229555
0.476064 -0.229555
-0.468972 -0.229555
0.195922 -0.229555
0.067819 -0.229555
0.041076 -0.229675
0.070479 -0.229794
0.024823 -0.229794
0.089273 -0.229986
0.072695 -0.230033
0.228723 -0.230033
-0.132979 -0.230273
-0.550532 -0.230273
-0.201241 -0.230273
0.485816 -0.230273
0.526900 -0.230635
0.087943 -0.230703
-0.551418 -0.230990
-0.074468 -0.230990
-0.437943 -0.230990
-0.466312 -0.230990
0.253546 -0.230990
-0.091312 -0.230990
0.456560 -0.230990
0.185284 -0.230990
-0.118647 -0.231110
0.507092 -0.231707
0.095745 -0.231707
-0.549645 -0.231707
-0.175532 -0.231707
0.156915 -0.231707
0.504433 -0.231707
0.182624 -0.231707
0.173759 -0.231707
-0.160904 -0.231707
-0.146277 -0.231707
0.525431 -0.231716
0.092376 -0.231779
-0.534574 -0.232066
-0.098404 -0.232066
0.224734 -0.232305
-0.554965 -0.232425
0.191489 -0.232425
0.162234 -0.232425
0.068262 -0.232425
-0.547872 -0.232425
-0.132979 -0.232425
-0.517730 -0.232425
-0.076241 -0.232425
-0.081117 -0.232425
-0.468085 -0.232425
0.178191 -0.232425
0.038416 -0.232544
-0.210993 -0.232783
-0.464539 -0.232783
0.153960 -0.232903
-0.110816 -0.232903
-0.460993 -0.233142
0.554078 -0.233142
0.515071 -0.233142
0.465426 -0.233142
0.200355 -0.233142
-0.096631 -0.233262
-0.512798 -0.233326
0.157801 -0.233859
-0.541667 -0.233859
-0.082447 -0.233859
0.341312 -0.233859
0.209220 -0.233859
-0.173759 -0.233859
0.005319 -0.234218
0.529560 -0.234222
0.147754 -0.234338
-0.552305 -0.234577
-0.524823 -0.234577
0.220745 -0.234577
0.188830 -0.234577
0.003546 -0.234577
-0.424645 -0.235294
-0.047872 -0.235294
0.501773 -0.235294
0.241135 -0.235294
-0.204787 -0.235653
0.550532 -0.236011
-0.518617 -0.236011
-0.533688 -0.236011
-0.212766 -0.236011
-0.176418 -0.236011
0.460993 -0.236011
-0.167553 -0.236011
-0.510138 -0.236195
0.058954 -0.236370
0.415337 -0.236729
0.007092 -0.236729
-0.474734 -0.236729
0.382092 -0.236729
0.082447 -0.236729
-0.140071 -0.236729
0.468085 -0.236729
0.116135 -0.236729
0.145390 -0.236729
-0.187943 -0.236729
0.014184 -0.236729
0.186170 -0.236729
0.487589 -0.236729
0.523422 -0.236736
-0.091312 -0.236908
0.075355 -0.236968
-0.547281 -0.237207
-0.088652 -0.237267
0.434840 -0.237446
-0.171099 -0.237446
-0.483156 -0.237446
-0.075355 -0.237446
-0.084663 -0.237446
0.183511 -0.237446
-0.097518 -0.237446
0.176418 -0.237446
0.083511 -0.237877
0.010638 -0.238164
-0.293440 -0.238164
0.540780 -0.238164
0.385638 -0.238164
-0.491135 -0.238164
-0.525709 -0.238164
-0.095301 -0.238164
0.180851 -0.238164
-0.179078 -0.238164
-0.512411 -0.238164
-0.161348 -0.238164
0.122340 -0.238164
-0.534574 -0.238522
0.015662 -0.238642
-0.093085 -0.238881
-0.471631 -0.238881
0.455674 -0.238881
0.164894 -0.238881
-0.204787 -0.239240
-0.506284 -0.239346
-0.164894 -0.239598
0.140957 -0.239598
0.146277 -0.239598
0.012116 -0.240077
0.058067 -0.240316
0.066489 -0.240316
-0.416667 -0.240316
-0.454787 -0.240316
0.226507 -0.240316
-0.190603 -0.240316
0.017139 -0.240555
0.236702 -0.240674
0.550532 -0.241033
-0.168440 -0.241033
0.534574 -0.241033
0.190603 -0.241033
-0.011082 -0.241033
-0.508557 -0.241314
-0.219858 -0.241392
-0.003103 -0.241392
-0.040189 -0.241511
-0.533688 -0.241750
0.488475 -0.241750
0.481383 -0.241750
-0.146277 -0.241750
0.521412 -0.241756
-0.540189 -0.241870
-0.546690 -0.241989
0.072252 -0.242109
-0.089716 -0.242181
-0.092730 -0.242324
-0.196809 -0.242468
0.066489 -0.242468
0.209220 -0.242468
0.553191 -0.242468
0.141844 -0.242468
-0.095745 -0.242468
0.136525 -0.242468
0.541667 -0.242468
0.147163 -0.242468
0.185284 -0.242468
0.063091 -0.242587
-0.530142 -0.242826
0.096631 -0.242826
0.224734 -0.242826
0.517798 -0.242829
-0.099734 -0.243185
0.148936 -0.243185
0.187943 -0.243185
0.182624 -0.243185
0.451241 -0.243185
0.030733 -0.243305
-0.086879 -0.243364
-0.030733 -0.243424
-0.173759 -0.243424
-0.112884 -0.243663
0.161348 -0.243902
0.171986 -0.243902
-0.526596 -0.243902
-0.001773 -0.243902
-0.121897 -0.243902
0.054078 -0.243902
0.047872 -0.244261
-0.516401 -0.244261
-0.213061 -0.244500
-0.426418 -0.244620
0.002660 -0.244620
-0.221631 -0.244620
0.265957 -0.244620
-0.106826 -0.244620
0.066489 -0.244620
0.063091 -0.244739
-0.168440 -0.244859
-0.157801 -0.245337
0.210993 -0.245337
-0.094415 -0.245337
0.535461 -0.245337
-0.129137 -0.245576
-0.497918 -0.245619
-0.013298 -0.245696
0.523561 -0.245698
-0.125887 -0.245875
-0.036052 -0.245935
0.474291 -0.246055
0.513298 -0.246055
-0.105053 -0.246055
0.468972 -0.246055
0.279255 -0.246055
0.044326 -0.246055
0.232270 -0.246055
-0.542553 -0.246413
-0.519947 -0.246413
-0.549054 -0.246533
0.143174 -0.246772
0.137855 -0.246772
-0.196809 -0.246772
0.134161 -0.246772
-0.147163 -0.246772
0.281915 -0.246772
-0.108156 -0.246772
-0.102837 -0.246772
0.252660 -0.246772
-0.377660 -0.246772
0.489362 -0.246772
-0.491135 -0.246772
-0.001773 -0.246772
-0.176418 -0.247011
0.144947 -0.247489
0.015662 -0.247489
0.254433 -0.247489
0.179078 -0.247489
-0.104610 -0.247489
0.274823 -0.247489
-0.089539 -0.247669
0.269799 -0.247728
-0.205083 -0.247728
-0.026596 -0.247848
-0.426418 -0.247848
0.515788 -0.247849
0.062204 -0.247967
-0.521277 -0.248207
0.272163 -0.248207
-0.081206 -0.248207
0.512411 -0.248207
-0.109929 -0.248207
-0.113475 -0.248207
0.528812 -0.248207
0.212766 -0.248207
0.046099 -0.248207
0.184397 -0.248207
-0.106383 -0.248207
0.230496 -0.248565
-0.199911 -0.248565
-0.064716 -0.248565
-0.168440 -0.248685
-0.023936 -0.248924
-0.513298 -0.248924
-0.147828 -0.249103
-0.139775 -0.249163
0.176123 -0.249163
-0.183067 -0.249283
0.043440 -0.249283
-0.150709 -0.249641
0.322695 -0.249641
-0.087323 -0.249821
0.242021 -0.250000
-0.304078 -0.250000
-0.039598 -0.250120
0.060505 -0.250120
-0.035757 -0.250239
0.234043 -0.250359
-0.031915 -0.250359
0.270390 -0.250359
0.278369 -0.250359
-0.140957 -0.250359
-0.116578 -0.250359
-0.114362 -0.250359
-0.119238 -0.250359
0.251773 -0.250359
0.127955 -0.250359
0.509752 -0.250359
0.258274 -0.250598
-0.496337 -0.250738
-0.175089 -0.250956
-0.510786 -0.250956
-0.185727 -0.251076
0.064716 -0.251076
0.253546 -0.251076
0.135491 -0.251076
-0.196809 -0.251076
0.267730 -0.251076
0.228723 -0.251076
0.533688 -0.251076
0.131797 -0.251076
0.528369 -0.251076
-0.163121 -0.251076
-0.486702 -0.251076
0.184397 -0.251076
0.482270 -0.251076
-0.132388 -0.251554
0.149527 -0.251554
-0.381206 -0.251793
-0.218972 -0.251793
-0.051418 -0.251793
-0.158688 -0.251793
0.273936 -0.251793
0.110816 -0.251793
-0.411348 -0.251793
0.484043 -0.251793
-0.129137 -0.251853
0.006206 -0.252033
0.512242 -0.252153
0.226950 -0.252511
-0.115248 -0.252511
-0.154255 -0.252511
0.042553 -0.252511
-0.224734 -0.252511
0.507092 -0.252511
-0.515957 -0.252511
0.250887 -0.252511
-0.490691 -0.252511
-0.141622 -0.252690
-0.168883 -0.252750
-0.199911 -0.252869
-0.385638 -0.252869
-0.213357 -0.252989
0.326241 -0.253228
0.252660 -0.253228
0.466312 -0.253228
-0.230496 -0.253228
-0.007979 -0.253228
-0.110372 -0.253228
-0.029034 -0.253407
0.174424 -0.253407
0.028369 -0.253467
-0.537234 -0.253587
-0.188431 -0.253659
-0.193972 -0.253659
-0.208186 -0.253826
0.289007 -0.253945
-0.050754 -0.253945
0.489362 -0.253945
-0.478723 -0.253945
-0.397163 -0.253945
0.367021 -0.253945
-0.184176 -0.253945
-0.404255 -0.253945
-0.046099 -0.253945
0.191489 -0.253945
-0.421986 -0.253945
0.499113 -0.253945
0.045878 -0.254125
0.177674 -0.254185
-0.116578 -0.254304
-0.119238 -0.254304
-0.231383 -0.254304
-0.102615 -0.254304
0.003989 -0.254304
0.242465 -0.254304
-0.203014 -0.254663
0.234486 -0.254663
0.209220 -0.254663
-0.127216 -0.254842
-0.147828 -0.254842
-0.006797 -0.254902
-0.175532 -0.255022
0.231826 -0.255022
0.056738 -0.255380
0.095745 -0.255380
-0.232270 -0.255380
0.475177 -0.255380
-0.157801 -0.255380
-0.524823 -0.255380
0.183511 -0.255380
-0.114805 -0.255380
0.484043 -0.255380
-0.167110 -0.255380
-0.135638 -0.255380
-0.197074 -0.255452
0.264480 -0.255619
-0.122340 -0.255739
-0.047207 -0.255739
-0.131649 -0.255739
-0.037234 -0.255739
-0.164450 -0.255978
0.074025 -0.256098
-0.512411 -0.256098
0.244681 -0.256098
0.539303 -0.256098
-0.163121 -0.256098
-0.104610 -0.256098
-0.180408 -0.256217
-0.191135 -0.256241
-0.508570 -0.256337
-0.026152 -0.256456
0.537234 -0.256456
0.130615 -0.256456
0.222518 -0.256456
0.230053 -0.256456
0.274823 -0.256456
-0.495894 -0.256477
-0.186879 -0.256528
0.011968 -0.256695
-0.215721 -0.256815
0.093972 -0.256815
0.187057 -0.256815
0.185284 -0.256815
0.121454 -0.256815
0.176862 -0.256815
-0.204344 -0.256934
-0.151596 -0.257054
-0.081206 -0.257174
0.063387 -0.257174
-0.116135 -0.257174
-0.227837 -0.257174
-0.505202 -0.257194
0.532801 -0.257532
-0.128546 -0.257532
0.087323 -0.257532
-0.141844 -0.257532
0.167553 -0.257532
-0.083333 -0.257891
0.062278 -0.257891
0.524654 -0.257892
-0.180851 -0.258011
-0.023715 -0.258070
-0.403369 -0.258250
0.455230 -0.258250
0.085106 -0.258250
0.193262 -0.258250
-0.017730 -0.258250
-0.183511 -0.258250
0.409574 -0.258250
-0.425532 -0.258250
-0.228723 -0.258250
-0.116578 -0.258250
0.258865 -0.258250
-0.114362 -0.258250
-0.040780 -0.258250
-0.126330 -0.258250
0.091017 -0.258250
-0.216312 -0.258250
0.178856 -0.258429
-0.138741 -0.258608
-0.033688 -0.258608
0.250887 -0.258967
-0.053413 -0.258967
0.222518 -0.258967
0.108156 -0.258967
-0.211288 -0.258967
0.274823 -0.258967
0.219858 -0.258967
-0.124113 -0.258967
0.191489 -0.258967
-0.179078 -0.259206
0.148345 -0.259206
-0.182181 -0.259326
-0.144060 -0.259326
-0.014184 -0.259684
-0.519504 -0.259684
-0.375000 -0.259684
0.448582 -0.259684
-0.430851 -0.259684
0.194814 -0.259684
0.186170 -0.259684
-0.021277 -0.259684
0.501773 -0.259684
-0.119681 -0.259684
-0.450355 -0.259684
-0.508865 -0.259684
0.087766 -0.259684
-0.189096 -0.259756
-0.499957 -0.259823
0.045656 -0.260043
0.175089 -0.260043
0.270390 -0.260043
-0.193085 -0.260115
0.088726 -0.260222
-0.491578 -0.260402
-0.211879 -0.260402
0.033245 -0.260402
-0.486259 -0.260402
-0.414007 -0.260402
0.473404 -0.260402
-0.098848 -0.260402
-0.115248 -0.260402
-0.446809 -0.260402
0.138889 -0.260521
-0.051640 -0.260521
0.507092 -0.260607
-0.183067 -0.260760
-0.124113 -0.260760
-0.129876 -0.260760
-0.190426 -0.260832
-0.171986 -0.260880
0.192671 -0.260880
0.412234 -0.261119
0.475177 -0.261119
-0.466312 -0.261119
-0.228723 -0.261119
-0.017730 -0.261119
0.196365 -0.261119
0.083333 -0.261119
-0.439716 -0.261119
-0.185727 -0.261478
0.219858 -0.261478
0.362145 -0.261478
-0.119681 -0.261478
-0.146277 -0.261478
0.512411 -0.261529
-0.200355 -0.261597
-0.148936 -0.261597
0.190898 -0.261597
0.189125 -0.261597
-0.181738 -0.261836
0.096188 -0.261836
0.180260 -0.261836
-0.218676 -0.261836
0.052674 -0.262016
-0.023050 -0.262076
-0.180186 -0.262135
0.072695 -0.262195
-0.100842 -0.262195
-0.426418 -0.262195
-0.376773 -0.262195
-0.503620 -0.262313
-0.018617 -0.262315
0.194223 -0.262315
0.244681 -0.262554
0.250000 -0.262554
-0.482270 -0.262554
-0.014184 -0.262554
-0.487589 -0.262554
-0.124113 -0.262554
-0.067376 -0.262554
-0.184397 -0.262554
-0.393617 -0.262554
0.450798 -0.262554
0.215426 -0.262554
0.094710 -0.262554
0.292553 -0.262554
-0.143174 -0.262554
-0.216755 -0.262554
0.536348 -0.262912
0.124113 -0.262912
-0.442819 -0.262912
-0.439273 -0.262912
0.365691 -0.262912
-0.011229 -0.263032
-0.127660 -0.263271
-0.187057 -0.263271
-0.504433 -0.263271
0.375000 -0.263271
-0.515957 -0.263271
-0.181516 -0.263451
0.192080 -0.263510
-0.445479 -0.263630
0.235372 -0.263630
0.208333 -0.263630
-0.173094 -0.263809
0.219858 -0.263989
-0.195035 -0.263989
0.477837 -0.263989
0.059693 -0.263989
0.118794 -0.263989
-0.131206 -0.263989
-0.313830 -0.263989
-0.235816 -0.263989
-0.225177 -0.263989
0.190160 -0.263989
0.367908 -0.263989
0.034796 -0.264168
0.168218 -0.264168
0.230053 -0.264347
0.152187 -0.264467
0.092420 -0.264527
-0.153812 -0.264586
0.245567 -0.264706
-0.192376 -0.264706
0.250887 -0.264706
-0.442376 -0.264706
-0.212323 -0.264706
0.269504 -0.264706
0.261525 -0.264706
0.542849 -0.264706
0.051197 -0.264885
-0.498376 -0.264942
-0.079787 -0.265065
-0.161791 -0.265065
0.280142 -0.265065
-0.181294 -0.265065
-0.207447 -0.265423
0.253546 -0.265423
-0.189716 -0.265423
0.108599 -0.265423
-0.540780 -0.265423
0.202128 -0.265423
0.437057 -0.265423
0.193115 -0.265901
0.080142 -0.265997
-0.212323 -0.266141
0.210993 -0.266141
0.536348 -0.266141
0.550089 -0.266141
-0.219119 -0.266141
-0.427305 -0.266141
0.184249 -0.266141
-0.223109 -0.266141
-0.416667 -0.266141
0.167849 -0.266141
-0.017287 -0.266260
0.509654 -0.266311
-0.012855 -0.266499
-0.043440 -0.266499
-0.030142 -0.266499
0.213652 -0.266499
0.486702 -0.266858
0.287677 -0.266858
-0.544326 -0.266858
-0.106974 -0.266858
0.002216 -0.266858
0.410461 -0.266858
-0.187943 -0.266858
-0.217199 -0.266858
-0.403369 -0.266858
0.098404 -0.266858
0.251773 -0.266858
-0.081560 -0.266858
-0.182255 -0.266918
-0.200798 -0.267217
-0.158688 -0.267575
-0.219563 -0.267575
-0.160461 -0.267575
0.292553 -0.267575
-0.537234 -0.267575
0.048537 -0.267755
0.511525 -0.267780
-0.209811 -0.267814
-0.165485 -0.267814
0.204787 -0.267934
-0.154699 -0.267934
-0.207004 -0.267934
-0.405142 -0.268293
0.161348 -0.268293
0.273050 -0.268293
0.220745 -0.268293
-0.241135 -0.268293
-0.052305 -0.268293
-0.217642 -0.268293
-0.437943 -0.268293
-0.214687 -0.268532
0.060284 -0.268651
-0.183215 -0.268771
-0.494060 -0.268867
0.482270 -0.269010
0.521277 -0.269010
0.544326 -0.269010
-0.520390 -0.269010
0.489362 -0.269010
-0.500000 -0.269010
0.230496 -0.269010
0.097074 -0.269010
0.551862 -0.269369
0.082225 -0.269369
0.289007 -0.269369
0.294326 -0.269369
0.080142 -0.269584
0.143617 -0.269727
0.413121 -0.269727
-0.232270 -0.269727
-0.152482 -0.269727
0.156028 -0.269727
0.547872 -0.269727
-0.533688 -0.269727
0.279255 -0.269727
0.438830 -0.269727
-0.147163 -0.269727
-0.185579 -0.269967
-0.215130 -0.269967
-0.496794 -0.270061
-0.417553 -0.270086
0.215130 -0.270086
-0.441046 -0.270086
0.205674 -0.270086
0.009013 -0.270086
0.114362 -0.270206
-0.164155 -0.270325
-0.209368 -0.270325
-0.011525 -0.270445
-0.009752 -0.270445
-0.459220 -0.270445
-0.007979 -0.270445
-0.193853 -0.270564
-0.180260 -0.270684
0.100621 -0.270803
0.134161 -0.271043
-0.183215 -0.271162
0.197252 -0.271162
0.534574 -0.271162
0.025709 -0.271162
0.234043 -0.271162
0.551862 -0.271162
0.087766 -0.271162
-0.397163 -0.271162
-0.500000 -0.271162
-0.404255 -0.271162
0.296099 -0.271162
0.095745 -0.271162
-0.093085 -0.271162
0.379433 -0.271162
-0.187943 -0.271162
0.489362 -0.271162
0.285461 -0.271162
-0.218528 -0.271162
-0.215573 -0.271401
-0.049202 -0.271521
0.119238 -0.271521
0.363032 -0.271521
-0.190603 -0.271521
-0.195626 -0.271640
0.228723 -0.271879
0.057624 -0.271879
0.124113 -0.271879
0.159574 -0.271879
0.222222 -0.271879
-0.148050 -0.271879
-0.427748 -0.271879
-0.458333 -0.271879
-0.384752 -0.271879
0.372340 -0.271879
-0.421099 -0.272238
-0.150931 -0.272238
-0.540337 -0.272238
0.524823 -0.272238
-0.185579 -0.272358
0.054078 -0.272597
-0.008422 -0.272597
0.245567 -0.272597
-0.156915 -0.272597
0.093972 -0.272597
0.156915 -0.272597
0.441046 -0.272597
-0.239362 -0.272597
-0.177305 -0.272597
-0.372340 -0.272597
-0.530142 -0.272597
0.365248 -0.272597
0.024823 -0.272597
-0.542110 -0.272956
-0.122784 -0.272956
0.078236 -0.272956
-0.180260 -0.273075
0.022163 -0.273135
0.076152 -0.273171
-0.497606 -0.273171
0.237589 -0.273314
0.418440 -0.273314
-0.098404 -0.273314
-0.144504 -0.273314
-0.399823 -0.273314
0.250887 -0.273314
0.026152 -0.273314
-0.515071 -0.273314
-0.067967 -0.273553
-0.016290 -0.273583
-0.140514 -0.273673
-0.126330 -0.273673
0.174232 -0.273888
-0.196809 -0.274032
-0.076241 -0.274032
0.225768 -0.274032
0.163121 -0.274032
-0.159574 -0.274032
-0.027482 -0.274032
0.379433 -0.274032
-0.218233 -0.274032
0.291667 -0.274032
0.296986 -0.274032
0.096631 -0.274032
-0.039894 -0.274390
-0.179521 -0.274390
-0.536791 -0.274390
0.019504 -0.274390
-0.005319 -0.274749
-0.401596 -0.274749
-0.182476 -0.274868
-0.070331 -0.274868
-0.155363 -0.275108
0.259309 -0.275108
-0.517287 -0.275108
-0.495212 -0.275180
0.022606 -0.275287
-0.177128 -0.275323
-0.024269 -0.275377
-0.110816 -0.275466
0.063830 -0.275466
0.094858 -0.275466
-0.060284 -0.275466
0.051418 -0.275466
-0.145390 -0.275466
0.448138 -0.275466
0.411348 -0.275466
-0.395390 -0.275466
-0.442376 -0.275466
-0.217494 -0.275466
-0.342642 -0.275466
-0.174350 -0.275466
0.427305 -0.275466
-0.168735 -0.275705
-0.033392 -0.275705
0.503957 -0.275798
-0.141401 -0.275825
-0.005319 -0.275825
-0.535018 -0.275825
-0.487854 -0.276041
-0.498493 -0.276041
0.235816 -0.276184
0.551418 -0.276184
-0.151152 -0.276184
0.483156 -0.276184
-0.411348 -0.276184
0.264184 -0.276184
-0.036126 -0.276363
0.057624 -0.276423
-0.027335 -0.276423
0.109929 -0.276423
0.070626 -0.276423
-0.433954 -0.276542
-0.195922 -0.276542
0.162456 -0.276542
-0.116283 -0.276542
0.151152 -0.276542
-0.057846 -0.276722
-0.183806 -0.276901
0.037234 -0.276901
0.485816 -0.276901
0.226655 -0.276901
0.028369 -0.276901
-0.063830 -0.276901
0.233156 -0.276901
-0.501773 -0.276901
0.297872 -0.276901
-0.480496 -0.276901
0.367908 -0.276901
-0.524823 -0.276901
-0.244681 -0.276901
-0.163933 -0.276961
-0.045804 -0.277021
-0.047577 -0.277021
0.054078 -0.277140
-0.070035 -0.277260
0.159796 -0.277260
-0.101064 -0.277260
0.505828 -0.277268
0.094858 -0.277379
-0.493174 -0.277475
-0.509752 -0.277618
-0.060284 -0.277618
-0.076241 -0.277618
0.419326 -0.277618
0.114805 -0.277738
-0.024121 -0.277768
-0.165041 -0.277857
0.092199 -0.277857
0.101064 -0.277977
-0.192967 -0.277977
-0.421543 -0.277977
0.457447 -0.277977
-0.153590 -0.277977
0.551418 -0.277977
-0.103723 -0.277977
-0.055408 -0.277977
0.020390 -0.277977
-0.176950 -0.278049
-0.174173 -0.278192
0.286791 -0.278336
-0.222739 -0.278336
-0.171395 -0.278336
0.168440 -0.278336
-0.456560 -0.278336
-0.414894 -0.278336
-0.410461 -0.278336
0.052600 -0.278336
0.376773 -0.278336
-0.374557 -0.278336
-0.238475 -0.278336
-0.010993 -0.278551
-0.187648 -0.278575
0.070626 -0.278575
-0.052231 -0.278635
-0.001773 -0.278694
0.105496 -0.278694
0.039007 -0.278814
-0.027187 -0.278814
0.056738 -0.278814
-0.057846 -0.278874
-0.042036 -0.278993
0.025709 -0.279053
-0.195035 -0.279053
-0.197030 -0.279053
0.098404 -0.279053
0.277482 -0.279053
0.544326 -0.279053
-0.063830 -0.279053
0.017730 -0.279232
0.044326 -0.279292
-0.511968 -0.279412
0.124557 -0.279412
0.152039 -0.279412
-0.116135 -0.279412
0.506715 -0.279420
-0.017088 -0.279537
-0.009220 -0.279627
-0.031176 -0.279651
0.524527 -0.279651
-0.019393 -0.279681
-0.036052 -0.279770
0.234043 -0.279770
0.076241 -0.279770
-0.105053 -0.279770
-0.060284 -0.279770
-0.491135 -0.279770
-0.070035 -0.279770
0.250000 -0.279770
0.412234 -0.279770
-0.156028 -0.279770
0.080969 -0.280010
0.055260 -0.280010
0.155363 -0.280129
-0.025296 -0.280153
-0.175236 -0.280249
-0.202423 -0.280249
-0.158910 -0.280308
-0.053413 -0.280308
0.029965 -0.280344
0.039007 -0.280488
0.001773 -0.280488
0.113475 -0.280488
0.051714 -0.280488
-0.414007 -0.280488
0.126182 -0.280488
-0.525709 -0.280488
0.372340 -0.280488
0.501018 -0.280504
0.027778 -0.280727
-0.144725 -0.280846
-0.137855 -0.280846
0.005024 -0.280846
0.076463 -0.280846
0.494303 -0.280855
-0.066342 -0.280966
-0.050236 -0.280966
-0.218233 -0.281026
-0.197473 -0.281026
0.171277 -0.281062
-0.181738 -0.281205
-0.403369 -0.281205
-0.250000 -0.281205
-0.078901 -0.281205
-0.516844 -0.281205
0.118351 -0.281205
0.122931 -0.281205
0.487589 -0.281205
-0.081560 -0.281205
0.064716 -0.281205
0.066933 -0.281205
0.099291 -0.281205
-0.368794 -0.281205
-0.468085 -0.281205
-0.059397 -0.281205
-0.023404 -0.281492
0.126773 -0.281564
0.110816 -0.281564
0.501395 -0.281572
0.056856 -0.281636
-0.162899 -0.281743
-0.029255 -0.281923
-0.087766 -0.281923
0.076684 -0.281923
-0.074173 -0.281923
0.421099 -0.281923
0.157358 -0.281923
0.074468 -0.281923
-0.034131 -0.282042
-0.020567 -0.282066
-0.062648 -0.282162
0.029669 -0.282257
-0.193262 -0.282281
0.119976 -0.282281
0.046099 -0.282281
-0.013121 -0.282353
-0.060579 -0.282401
-0.067376 -0.282401
0.129876 -0.282461
-0.015426 -0.282496
-0.009220 -0.282496
0.205230 -0.282640
0.436170 -0.282640
-0.508865 -0.282640
-0.413121 -0.282640
-0.051418 -0.282640
-0.000443 -0.282640
0.070922 -0.282640
-0.093972 -0.282640
0.108156 -0.282640
-0.072104 -0.282640
-0.432624 -0.282640
0.501773 -0.282640
-0.017730 -0.282640
0.035284 -0.282975
-0.428635 -0.282999
-0.112145 -0.282999
0.539894 -0.282999
0.429965 -0.282999
0.002807 -0.282999
0.074690 -0.282999
0.029846 -0.283118
0.133422 -0.283178
0.536939 -0.283238
-0.126034 -0.283238
0.160387 -0.283238
0.298759 -0.283357
-0.157358 -0.283357
0.011008 -0.283357
0.027482 -0.283357
0.018395 -0.283357
-0.460106 -0.283357
-0.424645 -0.283357
0.117021 -0.283357
-0.121454 -0.283357
0.146277 -0.283357
-0.096631 -0.283357
-0.473404 -0.283357
-0.230053 -0.283357
0.120567 -0.283357
0.040780 -0.283477
-0.007890 -0.283572
0.167790 -0.283692
-0.417996 -0.283716
-0.081117 -0.283716
-0.530585 -0.283716
0.035461 -0.283835
-0.160239 -0.283895
-0.221188 -0.283895
0.184796 -0.283931
-0.518617 -0.284075
0.072695 -0.284075
-0.237589 -0.284075
0.195479 -0.284075
0.127216 -0.284254
-0.442080 -0.284314
-0.200946 -0.284314
-0.134456 -0.284314
0.139480 -0.284314
0.507979 -0.284433
-0.076389 -0.284433
-0.170656 -0.284433
-0.097222 -0.284553
-0.497798 -0.284747
0.328014 -0.284792
0.254433 -0.284792
0.042553 -0.284792
0.152926 -0.284792
-0.091090 -0.284971
-0.093972 -0.284971
-0.095154 -0.285031
-0.128251 -0.285031
0.130319 -0.285151
0.005541 -0.285151
-0.121011 -0.285151
0.031915 -0.285509
-0.200355 -0.285509
0.288121 -0.285509
-0.452128 -0.285509
-0.191489 -0.285509
-0.216090 -0.285509
0.514184 -0.285509
-0.205674 -0.285509
-0.399823 -0.285509
0.053044 -0.285509
-0.210328 -0.285689
0.090721 -0.285748
0.523641 -0.285748
0.437057 -0.285868
0.143174 -0.285868
0.056117 -0.285940
0.155954 -0.286107
-0.187057 -0.286227
0.161643 -0.286227
-0.148493 -0.286227
-0.245567 -0.286227
0.488475 -0.286227
-0.097222 -0.286346
0.062500 -0.286466
0.146277 -0.286466
-0.218972 -0.286585
-0.084441 -0.286765
0.382979 -0.286944
-0.517730 -0.286944
-0.195035 -0.286944
-0.158688 -0.286944
-0.120567 -0.286944
-0.411348 -0.286944
0.163121 -0.286944
-0.241135 -0.286944
-0.125887 -0.286944
-0.182624 -0.286944
-0.362589 -0.286944
-0.117465 -0.286944
-0.367908 -0.286944
-0.091090 -0.287303
-0.088209 -0.287303
-0.093972 -0.287303
-0.101064 -0.287303
0.158983 -0.287422
0.156324 -0.287422
-0.519504 -0.287661
-0.209220 -0.287661
0.165485 -0.287661
0.101064 -0.287661
0.179699 -0.287877
-0.200355 -0.287901
-0.416223 -0.288020
-0.066785 -0.288140
-0.429078 -0.288379
-0.521277 -0.288379
0.550532 -0.288379
-0.210993 -0.288379
0.380319 -0.288379
0.140071 -0.288379
-0.538121 -0.288379
-0.071513 -0.288379
-0.064716 -0.288379
-0.371897 -0.288379
0.149970 -0.288498
-0.197695 -0.288618
-0.203901 -0.288618
-0.129078 -0.288666
-0.117021 -0.288737
-0.425089 -0.288737
-0.095301 -0.288917
0.143174 -0.288977
-0.421099 -0.289096
-0.508865 -0.289096
0.155733 -0.289335
0.153073 -0.289335
-0.171099 -0.289455
0.195700 -0.289455
0.122340 -0.289455
0.146277 -0.289574
0.260638 -0.289813
0.443262 -0.289813
-0.078901 -0.289813
-0.434397 -0.289813
-0.253546 -0.289813
-0.161791 -0.289813
0.262411 -0.289813
0.281915 -0.289813
-0.031472 -0.290172
-0.197252 -0.290172
-0.036348 -0.290292
0.166667 -0.290292
-0.200355 -0.290292
0.125443 -0.290352
0.134309 -0.290352
0.149379 -0.290411
-0.129965 -0.290459
0.229610 -0.290531
-0.099734 -0.290531
-0.096631 -0.290531
-0.084885 -0.290710
-0.045213 -0.290890
-0.116135 -0.290890
-0.123227 -0.290890
0.169105 -0.291129
0.161052 -0.291129
0.207890 -0.291248
0.095745 -0.291248
-0.181206 -0.291248
-0.469858 -0.291248
-0.517730 -0.291248
-0.118794 -0.291248
0.400709 -0.291248
0.210106 -0.291248
0.252660 -0.291248
0.152482 -0.291248
0.205674 -0.291248
0.088061 -0.291487
-0.436761 -0.291487
0.498227 -0.291607
-0.085771 -0.291667
-0.199911 -0.291846
0.162530 -0.291846
-0.207890 -0.291966
-0.236702 -0.291966
0.424202 -0.291966
-0.500000 -0.291966
-0.112589 -0.291966
0.174645 -0.291966
0.139184 -0.291966
0.299645 -0.291966
0.173094 -0.291966
-0.103723 -0.291966
-0.091090 -0.292145
0.127660 -0.292145
0.546099 -0.292324
0.182181 -0.292324
0.176862 -0.292324
0.164894 -0.292563
-0.361702 -0.292683
0.432624 -0.292683
0.515957 -0.292683
0.393617 -0.292683
-0.515957 -0.292683
-0.485816 -0.292683
-0.416667 -0.292683
0.358156 -0.292683
-0.058215 -0.292922
0.157801 -0.293042
0.509456 -0.293161
-0.439125 -0.293161
-0.524379 -0.293400
-0.077128 -0.293400
0.437943 -0.293400
0.081560 -0.293400
-0.199468 -0.293400
0.193262 -0.293400
0.206560 -0.293400
-0.119681 -0.293400
0.096631 -0.293400
-0.130260 -0.293448
-0.127955 -0.293520
0.166962 -0.293639
-0.204344 -0.293639
-0.095301 -0.293759
0.001330 -0.293759
-0.210845 -0.293879
-0.097370 -0.293998
-0.106678 -0.293998
0.296099 -0.294118
0.039303 -0.294118
0.270390 -0.294118
0.287234 -0.294118
0.280142 -0.294118
0.009530 -0.294118
-0.257092 -0.294118
0.171764 -0.294118
-0.155053 -0.294261
0.028812 -0.294476
0.409131 -0.294476
-0.108747 -0.294596
-0.166962 -0.294596
-0.176152 -0.294835
-0.156472 -0.294835
0.390071 -0.294835
-0.000887 -0.294835
-0.252660 -0.294835
0.163121 -0.294835
0.144282 -0.294895
-0.008038 -0.295170
-0.010343 -0.295313
-0.134840 -0.295481
0.392730 -0.295552
0.490248 -0.295552
0.210993 -0.295552
0.262411 -0.295552
0.138298 -0.295552
0.450355 -0.295552
0.097518 -0.295552
-0.488741 -0.295623
-0.111554 -0.295791
0.101507 -0.295911
0.197917 -0.295911
0.181442 -0.296031
0.074468 -0.296270
-0.117465 -0.296270
0.523936 -0.296270
-0.408688 -0.296270
-0.371454 -0.296270
0.158392 -0.296389
-0.169031 -0.296509
-0.216819 -0.296577
0.409131 -0.296628
0.169622 -0.296628
-0.421543 -0.296628
0.098848 -0.296628
0.151891 -0.296748
0.199911 -0.296987
0.386525 -0.296987
-0.093972 -0.296987
-0.413121 -0.296987
0.167258 -0.296987
-0.460993 -0.296987
-0.114362 -0.296987
-0.208333 -0.296987
0.256206 -0.296987
-0.119681 -0.296987
-0.356383 -0.296987
0.106383 -0.296987
0.396277 -0.296987
-0.070035 -0.296987
0.241135 -0.296987
0.104167 -0.297166
-0.442967 -0.297226
0.053487 -0.297226
-0.077571 -0.297346
-0.345301 -0.297346
0.122784 -0.297346
0.131649 -0.297346
-0.465426 -0.297346
0.371749 -0.297465
-0.219225 -0.297499
0.100177 -0.297704
0.115248 -0.297704
-0.159574 -0.297704
-0.074468 -0.297704
0.203014 -0.297704
-0.492598 -0.297740
-0.084220 -0.297944
0.438830 -0.298063
0.190307 -0.298183
-0.123818 -0.298183
-0.213019 -0.298217
-0.143617 -0.298242
-0.354610 -0.298422
-0.208777 -0.298422
0.218085 -0.298422
-0.033688 -0.298422
-0.221631 -0.298422
0.292553 -0.298422
0.278369 -0.298422
-0.349291 -0.298422
0.449468 -0.298422
0.206117 -0.298422
0.096631 -0.298422
-0.080674 -0.298661
0.199542 -0.298661
-0.484105 -0.298721
0.444149 -0.298780
0.102837 -0.298960
0.197104 -0.299139
-0.039007 -0.299139
-0.388298 -0.299139
0.093972 -0.299139
-0.521277 -0.299139
0.194371 -0.299438
0.499113 -0.299498
-0.122931 -0.299617
-0.505319 -0.299857
0.109929 -0.299857
0.221631 -0.299857
0.272163 -0.299857
-0.085106 -0.299857
0.211879 -0.299857
0.531915 -0.299857
-0.500887 -0.299857
0.462766 -0.299857
-0.402482 -0.299857
0.518617 -0.299857
-0.488165 -0.299892
0.107713 -0.300036
0.068262 -0.300096
-0.204344 -0.300096
-0.485568 -0.300191
0.398493 -0.300215
0.117021 -0.300215
0.142287 -0.300215
0.105496 -0.300215
-0.164303 -0.300335
0.493794 -0.300574
-0.232713 -0.300574
0.206117 -0.300574
-0.182801 -0.300574
-0.227837 -0.300574
0.210550 -0.300574
0.455674 -0.300574
-0.137411 -0.300574
-0.519504 -0.300574
0.066489 -0.300813
0.548759 -0.300933
0.544326 -0.300933
0.412677 -0.300933
0.537677 -0.300933
0.193706 -0.300933
0.357122 -0.301052
-0.078014 -0.301291
0.212766 -0.301291
0.225177 -0.301291
-0.348404 -0.301291
-0.165337 -0.301291
-0.356383 -0.301291
-0.442376 -0.301291
0.230496 -0.301291
0.095745 -0.301291
0.209220 -0.301291
0.476064 -0.301291
-0.326241 -0.301291
0.265957 -0.301291
0.275709 -0.301291
0.217863 -0.301471
0.143395 -0.301471
-0.067080 -0.301530
-0.151418 -0.301578
0.200355 -0.301650
0.425975 -0.301650
0.414450 -0.301650
0.182920 -0.301889
0.198434 -0.301889
-0.474353 -0.301949
0.093085 -0.302009
-0.145390 -0.302009
0.463652 -0.302009
-0.334220 -0.302009
0.256206 -0.302009
0.111702 -0.302367
-0.082890 -0.302367
-0.092199 -0.302487
-0.212175 -0.302487
-0.221986 -0.302582
-0.110225 -0.302606
-0.409574 -0.302726
-0.438830 -0.302726
-0.382092 -0.302726
0.204344 -0.302726
-0.085106 -0.302726
0.109929 -0.302726
-0.154255 -0.302726
-0.143617 -0.302726
0.456560 -0.302726
0.281915 -0.302726
0.171099 -0.302726
0.176123 -0.302846
-0.206782 -0.302905
0.129078 -0.303013
0.406472 -0.303085
0.036200 -0.303085
-0.502216 -0.303085
-0.200355 -0.303204
0.354019 -0.303204
-0.018322 -0.303204
0.484644 -0.303229
-0.463652 -0.303443
-0.454787 -0.303443
-0.327128 -0.303443
0.095301 -0.303443
0.197695 -0.303443
0.484918 -0.303448
0.488750 -0.303662
0.491410 -0.303662
-0.053191 -0.303682
-0.331117 -0.303802
-0.221099 -0.303838
-0.215721 -0.303922
-0.104905 -0.304041
0.418440 -0.304161
-0.400709 -0.304161
-0.421986 -0.304161
-0.439716 -0.304161
-0.468085 -0.304161
-0.159574 -0.304161
-0.041371 -0.304161
0.014184 -0.304161
-0.223404 -0.304161
0.464539 -0.304161
-0.228280 -0.304161
0.209663 -0.304161
-0.170434 -0.304340
-0.067671 -0.304400
-0.484992 -0.304460
0.217642 -0.304519
-0.133422 -0.304519
0.201684 -0.304519
0.447695 -0.304519
-0.168174 -0.304591
-0.128251 -0.304639
-0.218972 -0.304699
-0.349291 -0.304878
-0.117021 -0.304878
0.541223 -0.304878
0.045508 -0.304878
0.113475 -0.304878
-0.339539 -0.304878
0.534574 -0.304878
0.123050 -0.305022
0.211658 -0.305057
0.111702 -0.305237
-0.493351 -0.305237
-0.152482 -0.305237
-0.309397 -0.305237
-0.442671 -0.305356
-0.222518 -0.305416
0.377660 -0.305595
-0.155142 -0.305595
-0.513298 -0.305595
0.450355 -0.305595
0.109929 -0.305595
-0.085106 -0.305595
0.023050 -0.305595
0.279255 -0.305595
-0.328014 -0.305595
0.411348 -0.305595
-0.332447 -0.305595
-0.204344 -0.305954
-0.247340 -0.305954
0.527926 -0.305954
-0.121158 -0.306074
0.362884 -0.306074
0.130807 -0.306277
0.462766 -0.306313
-0.403369 -0.306313
-0.436170 -0.306313
-0.311170 -0.306313
0.001773 -0.306313
-0.001034 -0.306432
-0.445626 -0.306552
-0.221631 -0.306671
0.000443 -0.306671
-0.224291 -0.306671
-0.205895 -0.306970
-0.339539 -0.307030
0.086879 -0.307030
0.455674 -0.307030
-0.269504 -0.307030
-0.352837 -0.307030
0.285461 -0.307030
-0.524823 -0.307030
-0.141844 -0.307389
-0.040189 -0.307508
0.154846 -0.307508
-0.038652 -0.307604
0.138564 -0.307604
-0.394504 -0.307747
-0.238032 -0.307747
0.114362 -0.307747
-0.428191 -0.307747
0.002660 -0.307747
-0.196809 -0.307987
-0.207447 -0.307987
0.130984 -0.308046
-0.153369 -0.308106
0.195922 -0.308106
-0.447104 -0.308226
0.124113 -0.308226
0.076241 -0.308465
-0.156028 -0.308465
0.351064 -0.308465
0.489362 -0.308465
-0.440603 -0.308465
0.089096 -0.308465
0.117908 -0.308465
0.023493 -0.308465
-0.080822 -0.308584
-0.066194 -0.308943
-0.083038 -0.308943
0.025000 -0.309039
-0.225177 -0.309182
-0.523050 -0.309182
-0.395390 -0.309182
0.185284 -0.309182
0.175236 -0.309302
-0.213061 -0.309302
-0.198803 -0.309362
-0.235151 -0.309362
-0.098700 -0.309421
-0.020981 -0.309421
0.180260 -0.309421
-0.208038 -0.309421
-0.221631 -0.309541
0.013298 -0.309541
-0.443558 -0.309660
0.035638 -0.309756
-0.161348 -0.309900
-0.457447 -0.309900
0.079787 -0.309900
0.118794 -0.309900
-0.218085 -0.309900
-0.245567 -0.309900
-0.492908 -0.309900
-0.484929 -0.309900
-0.145390 -0.309900
-0.177083 -0.310079
-0.134752 -0.310258
-0.148050 -0.310258
0.173759 -0.310258
0.526152 -0.310258
0.138741 -0.310258
-0.169770 -0.310258
0.056738 -0.310258
0.406472 -0.310258
-0.163298 -0.310330
-0.111702 -0.310617
-0.073582 -0.310617
0.099291 -0.310617
0.534722 -0.310736
-0.039007 -0.310856
-0.113475 -0.310976
-0.498670 -0.310976
0.132580 -0.311011
-0.205674 -0.311095
0.125709 -0.311191
-0.187943 -0.311334
0.382092 -0.311334
0.265957 -0.311334
0.436170 -0.311334
0.352837 -0.311334
-0.434397 -0.311334
-0.521277 -0.311334
-0.323582 -0.311334
-0.057476 -0.311573
0.070922 -0.311693
-0.315160 -0.311693
0.180556 -0.311813
0.481098 -0.311837
-0.231161 -0.311872
0.025443 -0.311908
-0.437943 -0.312052
-0.294770 -0.312052
0.409574 -0.312052
0.216090 -0.312231
-0.080969 -0.312291
0.076241 -0.312410
-0.187057 -0.312410
-0.514184 -0.312410
-0.406472 -0.312410
0.132624 -0.312482
-0.206265 -0.312530
-0.179743 -0.312590
-0.441489 -0.312769
0.210106 -0.312769
-0.389184 -0.312769
-0.188830 -0.313128
0.163121 -0.313128
0.085993 -0.313486
-0.271277 -0.313486
-0.198582 -0.313486
-0.243351 -0.313486
0.462766 -0.313486
-0.210993 -0.313486
0.069149 -0.313486
-0.475186 -0.313553
0.524379 -0.313845
-0.435727 -0.313845
-0.224291 -0.313845
-0.208333 -0.313965
-0.220745 -0.314204
0.354610 -0.314204
-0.048759 -0.314204
-0.516844 -0.314204
0.368794 -0.314204
0.180851 -0.314204
0.470785 -0.314274
-0.062352 -0.314443
-0.092790 -0.314443
0.413564 -0.314562
-0.478728 -0.314596
-0.413564 -0.314921
0.490248 -0.314921
0.487589 -0.314921
-0.189716 -0.314921
0.520390 -0.314921
-0.254433 -0.314921
-0.064569 -0.314981
-0.240470 -0.315100
0.200355 -0.315280
0.170213 -0.315280
-0.209515 -0.315280
-0.509752 -0.315280
-0.217199 -0.315638
0.220745 -0.315638
-0.490248 -0.315638
0.480496 -0.315638
0.503546 -0.315638
-0.066785 -0.315878
-0.091017 -0.315878
0.415337 -0.315997
0.420656 -0.315997
-0.336879 -0.315997
-0.105496 -0.315997
-0.467144 -0.316124
0.173759 -0.316356
0.165780 -0.316356
-0.300975 -0.316356
0.477878 -0.316426
-0.230275 -0.316535
0.229610 -0.317073
-0.319149 -0.317073
-0.208038 -0.317073
0.507979 -0.317073
0.475259 -0.317214
-0.107713 -0.317432
0.144504 -0.317432
-0.074173 -0.317551
0.026478 -0.317647
-0.230807 -0.317683
0.350177 -0.317791
0.157801 -0.317791
0.469899 -0.317861
-0.508865 -0.318149
-0.416667 -0.318149
0.281915 -0.318149
0.013520 -0.318149
-0.514184 -0.318508
0.494681 -0.318508
-0.314716 -0.318508
-0.453457 -0.318508
0.012190 -0.318508
0.464539 -0.318508
0.512411 -0.318508
0.294326 -0.318508
-0.472226 -0.318661
-0.242686 -0.318687
0.291223 -0.318867
0.167996 -0.318867
0.166223 -0.318867
-0.317376 -0.319225
-0.246011 -0.319225
0.444149 -0.319225
0.370567 -0.319225
-0.441489 -0.319225
0.480537 -0.319296
-0.232934 -0.319405
-0.344415 -0.319584
-0.223936 -0.319656
-0.409574 -0.319943
0.214539 -0.319943
-0.058511 -0.319943
-0.480496 -0.319943
0.163121 -0.319943
0.109929 -0.319943
0.125222 -0.319943
0.292553 -0.319943
-0.487589 -0.319943
0.409574 -0.319943
0.320035 -0.319943
-0.323138 -0.320301
0.527482 -0.320660
0.281472 -0.320660
-0.211288 -0.320660
-0.358599 -0.320660
0.024527 -0.320660
0.157210 -0.321138
0.453901 -0.321377
-0.520390 -0.321377
0.345745 -0.321377
-0.216312 -0.321377
0.290780 -0.321377
-0.099291 -0.321377
0.485816 -0.321377
0.168440 -0.321377
0.430851 -0.321377
-0.222518 -0.321377
0.523493 -0.321736
0.158983 -0.321856
-0.065160 -0.321915
0.114362 -0.322095
-0.304078 -0.322095
-0.194149 -0.322453
-0.223050 -0.322525
0.531619 -0.322573
-0.060431 -0.322633
0.242908 -0.322812
-0.215426 -0.322812
0.237589 -0.322812
-0.218972 -0.322812
-0.248227 -0.322812
0.519504 -0.322812
0.319149 -0.322812
-0.460106 -0.323171
-0.507092 -0.323529
0.424645 -0.323529
-0.331560 -0.323529
-0.329344 -0.323529
0.513298 -0.323529
-0.437057 -0.323529
0.023715 -0.323529
-0.203310 -0.323529
-0.469267 -0.323769
0.434397 -0.324247
-0.519504 -0.324247
-0.095745 -0.324247
-0.057920 -0.324247
-0.103723 -0.324247
0.134161 -0.324486
-0.176418 -0.324605
-0.078901 -0.324725
-0.463155 -0.324732
-0.180629 -0.324785
0.247340 -0.324964
0.237589 -0.324964
0.233156 -0.324964
0.242908 -0.324964
0.420213 -0.324964
0.430851 -0.324964
-0.439273 -0.324964
0.158392 -0.325203
-0.324025 -0.325323
-0.093085 -0.325442
-0.165780 -0.325681
0.025192 -0.325681
0.148050 -0.325681
-0.510638 -0.325681
0.273050 -0.325681
-0.409574 -0.325681
-0.412677 -0.326040
0.136525 -0.326040
0.407801 -0.326399
0.494681 -0.326399
-0.218972 -0.326399
-0.222518 -0.326399
-0.215426 -0.326399
0.371454 -0.326399
-0.249113 -0.326399
0.262411 -0.326399
-0.507092 -0.326399
-0.464372 -0.326746
-0.039007 -0.326877
-0.483156 -0.327116
-0.339096 -0.327116
0.422872 -0.327116
-0.403369 -0.327116
-0.190603 -0.327116
-0.458333 -0.327116
-0.093972 -0.327475
-0.036879 -0.327594
-0.494681 -0.328073
-0.326684 -0.328192
-0.328901 -0.328192
-0.068262 -0.328192
0.003398 -0.328312
-0.406915 -0.328551
-0.388298 -0.328551
0.004876 -0.328551
0.459220 -0.328551
-0.505762 -0.328551
-0.216312 -0.328551
-0.500887 -0.328551
-0.510638 -0.328551
0.370567 -0.328551
-0.063534 -0.328910
-0.447695 -0.328910
-0.320035 -0.328910
-0.459551 -0.329130
-0.246454 -0.329268
-0.489362 -0.329268
-0.521277 -0.329268
0.321217 -0.329507
-0.382092 -0.329627
-0.417110 -0.329627
0.149232 -0.329747
0.429078 -0.329986
-0.293440 -0.329986
0.411348 -0.329986
-0.400709 -0.329986
-0.070922 -0.329986
-0.321365 -0.329986
0.131649 -0.329986
-0.519504 -0.329986
-0.198582 -0.329986
-0.498670 -0.330225
0.058067 -0.330344
0.133496 -0.330583
0.453014 -0.330703
-0.396277 -0.330703
-0.305408 -0.330703
0.426418 -0.330703
-0.346631 -0.330703
-0.437057 -0.330703
-0.464870 -0.330923
0.420213 -0.331062
0.532801 -0.331062
-0.324911 -0.331062
0.072400 -0.331062
0.062648 -0.331062
-0.460768 -0.331143
0.135343 -0.331181
-0.411348 -0.331420
-0.407801 -0.331420
-0.404255 -0.331420
-0.292553 -0.331420
0.404255 -0.331420
-0.421986 -0.331420
-0.481383 -0.331420
0.149010 -0.331719
-0.317819 -0.331779
-0.471188 -0.331779
-0.322695 -0.331779
-0.336436 -0.331779
0.298463 -0.331899
-0.414894 -0.332138
0.343972 -0.332138
0.443262 -0.332138
-0.235816 -0.332138
0.084220 -0.332616
-0.326241 -0.332855
-0.395390 -0.332855
-0.491135 -0.333094
0.134752 -0.333214
-0.463540 -0.333434
-0.455946 -0.333527
-0.479610 -0.333572
-0.069149 -0.333572
0.377660 -0.333572
-0.270390 -0.333572
0.524823 -0.333572
-0.322252 -0.333572
-0.304965 -0.333572
-0.389184 -0.333931
0.426418 -0.333931
-0.083333 -0.333931
0.109929 -0.334290
0.430851 -0.334290
0.140071 -0.334290
-0.469858 -0.334290
0.345301 -0.334290
-0.503103 -0.334290
0.455674 -0.334290
-0.229610 -0.334290
-0.373227 -0.334290
0.321217 -0.334529
0.113180 -0.334529
-0.325798 -0.334648
-0.320922 -0.334648
0.495567 -0.334768
0.116430 -0.334768
0.137116 -0.334768
-0.304078 -0.335007
-0.382979 -0.335007
0.036495 -0.335007
0.025044 -0.335007
-0.409574 -0.335366
-0.418440 -0.335366
-0.435727 -0.335366
-0.457163 -0.335540
0.462380 -0.335569
0.467005 -0.335647
-0.244681 -0.335725
-0.466312 -0.335725
-0.353723 -0.335725
0.511968 -0.335725
-0.325355 -0.336442
0.021941 -0.336442
0.411348 -0.336442
0.136894 -0.336741
-0.385638 -0.336801
0.479610 -0.336920
-0.468085 -0.337159
-0.248227 -0.337159
0.506649 -0.337159
-0.494016 -0.337398
-0.390514 -0.337518
-0.320479 -0.337518
0.457254 -0.337799
-0.243794 -0.337877
-0.478723 -0.337877
-0.362145 -0.337877
0.136229 -0.337996
0.487589 -0.338116
0.139628 -0.338235
0.465232 -0.338516
0.459913 -0.338516
0.017066 -0.338594
-0.484929 -0.338594
-0.388298 -0.338594
-0.488697 -0.338594
0.384752 -0.338594
0.524823 -0.338594
-0.383865 -0.338953
0.498227 -0.339311
-0.191489 -0.339311
-0.055851 -0.339311
0.345301 -0.339311
0.138963 -0.339491
-0.321365 -0.339670
-0.344415 -0.340029
-0.505319 -0.340029
-0.242908 -0.340029
0.106383 -0.340029
-0.370567 -0.340029
0.113475 -0.340268
0.386525 -0.340387
0.454787 -0.340746
0.138298 -0.340746
0.515514 -0.340746
-0.194149 -0.340866
0.366578 -0.341105
-0.047429 -0.341105
-0.077128 -0.341463
0.346631 -0.341463
-0.377660 -0.341463
0.451241 -0.341463
0.406028 -0.341463
0.418440 -0.341463
0.436170 -0.341463
0.412234 -0.341463
0.457447 -0.341463
-0.117465 -0.341822
0.106826 -0.341822
-0.201684 -0.341942
-0.358156 -0.342181
0.437943 -0.342181
0.388298 -0.342181
-0.196809 -0.342420
-0.448411 -0.342853
0.108452 -0.342898
0.509752 -0.342898
-0.491578 -0.342898
0.432624 -0.342898
-0.317376 -0.342898
-0.484043 -0.342898
-0.063387 -0.343077
-0.422872 -0.343077
0.456693 -0.343105
-0.409574 -0.343257
-0.432624 -0.343436
0.107270 -0.343615
-0.036879 -0.343615
0.421986 -0.343615
0.453147 -0.343822
-0.072695 -0.344333
-0.335106 -0.344333
0.019504 -0.344333
-0.507092 -0.344333
0.429078 -0.344333
-0.366578 -0.344333
0.404255 -0.344333
0.035018 -0.344333
-0.046543 -0.344333
-0.449955 -0.344335
0.455940 -0.344746
0.093085 -0.344811
-0.331117 -0.345050
-0.076241 -0.345050
0.436170 -0.345050
0.501330 -0.345050
-0.398050 -0.345050
0.472518 -0.345050
-0.453730 -0.345722
-0.327128 -0.345768
-0.484043 -0.345768
-0.302305 -0.345768
0.108008 -0.346126
0.373670 -0.346126
-0.414894 -0.346126
-0.073138 -0.346485
-0.012500 -0.346485
0.023641 -0.346724
0.163712 -0.346724
-0.070922 -0.346844
0.044326 -0.347202
-0.334220 -0.347202
0.045656 -0.347202
0.402482 -0.347202
0.492908 -0.347202
-0.382092 -0.347202
0.454920 -0.347409
0.432624 -0.347740
-0.486702 -0.347920
0.051566 -0.347920
-0.330230 -0.347920
-0.032801 -0.347920
-0.119681 -0.348278
0.072843 -0.348278
-0.011525 -0.348278
-0.090426 -0.348278
0.449927 -0.348411
0.056147 -0.348637
-0.439716 -0.348637
-0.073582 -0.348637
0.476950 -0.348637
0.107565 -0.348637
0.463652 -0.348637
-0.484043 -0.348637
0.411348 -0.348637
0.027187 -0.348876
0.105053 -0.348996
0.077719 -0.349115
0.429078 -0.349175
0.020833 -0.349175
-0.433511 -0.349175
0.071070 -0.349235
0.511082 -0.349354
-0.401596 -0.349354
0.036348 -0.349354
0.354167 -0.349354
0.079787 -0.349593
0.015071 -0.349892
0.048316 -0.350072
0.518617 -0.350072
-0.409574 -0.350072
0.415780 -0.350072
0.453901 -0.350072
-0.333333 -0.350072
-0.450125 -0.350120
0.060431 -0.350251
0.506649 -0.350430
-0.489362 -0.350430
0.072104 -0.350550
0.092199 -0.350550
0.434397 -0.350610
-0.335993 -0.350789
-0.345745 -0.350789
0.125887 -0.350789
0.046543 -0.350789
0.413121 -0.350789
0.045213 -0.350789
0.052896 -0.350789
0.020390 -0.351148
-0.093528 -0.351148
0.386525 -0.351148
0.442835 -0.351280
0.077423 -0.351506
0.398936 -0.351506
-0.389184 -0.351506
0.478723 -0.351506
0.104610 -0.351506
-0.367465 -0.351506
-0.398936 -0.351506
-0.453901 -0.351506
0.515957 -0.351506
-0.261525 -0.351506
0.451700 -0.351998
0.054669 -0.352224
0.404255 -0.352224
-0.460106 -0.352224
0.022163 -0.352403
0.071006 -0.352463
0.432624 -0.352582
-0.057181 -0.352582
0.026152 -0.352582
0.473404 -0.352941
0.436170 -0.352941
0.414894 -0.352941
-0.375887 -0.352941
0.049645 -0.352941
-0.430851 -0.352941
-0.289007 -0.352941
0.111998 -0.353300
0.477837 -0.353659
-0.323582 -0.353659
0.483156 -0.353659
0.514184 -0.353659
0.491135 -0.353659
0.023936 -0.353659
0.047872 -0.353659
0.362589 -0.353659
0.058954 -0.353838
0.192376 -0.354017
-0.487589 -0.354376
0.423759 -0.354376
-0.406028 -0.354376
-0.418440 -0.354376
-0.426418 -0.354376
0.516844 -0.354376
-0.437656 -0.354517
0.489362 -0.354735
0.454360 -0.354867
0.429965 -0.354914
-0.333333 -0.355093
0.410461 -0.355093
0.316785 -0.355332
-0.494681 -0.355452
0.442835 -0.355584
0.482270 -0.355811
0.459220 -0.355811
0.053191 -0.355811
-0.364362 -0.355811
-0.329787 -0.355811
-0.084220 -0.355811
0.398493 -0.356169
-0.492908 -0.356169
0.085550 -0.356289
-0.064716 -0.356349
0.515071 -0.356528
-0.458333 -0.356528
-0.427305 -0.356528
0.403812 -0.356887
0.507979 -0.356887
-0.022606 -0.356887
-0.039450 -0.356887
-0.025709 -0.356887
0.373670 -0.356887
-0.031767 -0.356887
-0.356383 -0.357245
-0.346631 -0.357245
0.436170 -0.357245
-0.027482 -0.357245
0.406028 -0.357245
-0.336879 -0.357245
0.517730 -0.357245
0.469858 -0.357245
0.106087 -0.357245
-0.411348 -0.357245
0.005762 -0.357604
0.009309 -0.357604
-0.040780 -0.357604
0.001921 -0.357724
0.302305 -0.357963
0.080674 -0.358297
0.453901 -0.358680
0.464539 -0.358680
-0.365248 -0.358680
0.102394 -0.358680
0.492021 -0.358680
-0.280142 -0.358680
0.059840 -0.358859
0.435284 -0.359397
0.404255 -0.359397
-0.492908 -0.359397
-0.431392 -0.359632
0.031324 -0.359637
0.406472 -0.359756
0.022606 -0.359756
0.072991 -0.359876
-0.477837 -0.360115
-0.491135 -0.360115
-0.484486 -0.360115
0.387411 -0.360115
-0.342199 -0.360115
0.384752 -0.360115
-0.351950 -0.360115
0.445821 -0.360173
0.439615 -0.360173
0.062943 -0.360294
0.070415 -0.360354
0.409574 -0.360832
-0.470301 -0.360832
0.498227 -0.360832
-0.289007 -0.360832
-0.452128 -0.360832
-0.386525 -0.360832
0.054078 -0.360832
-0.396277 -0.360832
0.451684 -0.361549
0.065540 -0.361549
0.447252 -0.361549
0.404108 -0.361669
0.047577 -0.361789
-0.336436 -0.361908
0.110520 -0.361908
-0.435537 -0.361925
0.478280 -0.362267
0.513298 -0.362267
0.406915 -0.362267
-0.290780 -0.362267
-0.419326 -0.362267
0.506206 -0.362626
-0.489805 -0.362626
-0.347518 -0.362984
0.091312 -0.362984
-0.411348 -0.362984
0.107565 -0.362984
0.457004 -0.362984
-0.475621 -0.363343
0.363475 -0.363343
-0.334663 -0.363343
0.410018 -0.363343
0.093528 -0.363343
0.468972 -0.363702
-0.333333 -0.363702
0.451020 -0.363702
-0.468085 -0.364060
-0.478280 -0.364419
-0.329787 -0.364419
-0.427305 -0.364419
-0.271277 -0.364419
-0.414894 -0.364419
-0.267730 -0.364419
0.103871 -0.364419
0.437500 -0.364778
-0.341755 -0.364778
0.097961 -0.364778
0.093085 -0.364778
-0.402926 -0.365136
0.379433 -0.365136
-0.346631 -0.365136
-0.042996 -0.365136
-0.036200 -0.365136
-0.409574 -0.365136
-0.429619 -0.365371
0.501773 -0.365495
-0.348404 -0.365854
0.100177 -0.365854
-0.058511 -0.365854
-0.012411 -0.365854
-0.030733 -0.365854
-0.088652 -0.365854
0.054965 -0.365854
-0.018617 -0.365854
-0.020390 -0.366212
0.446708 -0.366271
-0.009161 -0.366332
-0.028664 -0.366392
0.085993 -0.366428
-0.022163 -0.366571
0.008865 -0.366571
0.388298 -0.366571
-0.032949 -0.366571
0.385638 -0.366571
-0.039746 -0.366571
0.121011 -0.366571
-0.328014 -0.366571
0.076241 -0.366667
0.406619 -0.366810
0.435509 -0.366914
-0.340869 -0.366930
-0.334663 -0.366930
-0.026596 -0.366930
-0.483599 -0.366930
-0.403812 -0.366930
-0.464835 -0.367049
-0.333333 -0.367288
-0.072695 -0.367288
0.040780 -0.367288
0.508865 -0.367288
0.023050 -0.367288
0.026152 -0.367288
-0.011525 -0.367288
0.058067 -0.367288
0.370124 -0.367288
0.054078 -0.367408
-0.019947 -0.367647
0.117021 -0.367647
0.074291 -0.367958
0.461436 -0.368006
0.107861 -0.368006
0.366578 -0.368006
0.083924 -0.368101
0.044917 -0.368245
-0.013889 -0.368245
0.079610 -0.368293
0.002660 -0.368364
-0.022902 -0.368364
-0.064273 -0.368364
0.496454 -0.368364
-0.324468 -0.368484
-0.025118 -0.368544
0.445479 -0.368723
0.479610 -0.368723
-0.334220 -0.368723
0.024823 -0.368723
-0.340426 -0.368723
-0.478723 -0.368723
-0.380319 -0.368723
0.489362 -0.368723
0.061170 -0.368723
0.014184 -0.368723
-0.091755 -0.368723
0.416667 -0.368723
0.053191 -0.368962
0.051123 -0.369082
-0.002660 -0.369082
0.065160 -0.369082
-0.069592 -0.369082
-0.073138 -0.369082
0.086288 -0.369201
0.049054 -0.369201
-0.356383 -0.369201
0.011525 -0.369201
0.081974 -0.369393
-0.395833 -0.369440
0.027482 -0.369440
0.450355 -0.369440
-0.078457 -0.369440
0.069149 -0.369440
0.016844 -0.369440
-0.386968 -0.369440
0.365248 -0.369440
-0.331560 -0.369440
-0.270390 -0.369440
0.089539 -0.369440
-0.266844 -0.369440
-0.470154 -0.369560
0.077660 -0.369584
-0.013002 -0.369680
-0.419808 -0.369768
-0.426014 -0.369768
0.094858 -0.369799
0.504433 -0.370158
-0.450355 -0.370158
-0.393617 -0.370158
0.019504 -0.370158
0.030142 -0.370158
-0.286643 -0.370158
-0.335106 -0.370158
0.026596 -0.370158
-0.008865 -0.370158
0.070035 -0.370277
0.037530 -0.370397
-0.019504 -0.370397
0.366135 -0.370516
-0.482713 -0.370516
-0.428328 -0.370720
-0.085740 -0.370773
0.370567 -0.370875
0.012855 -0.370875
0.058954 -0.370875
0.029255 -0.370875
-0.070035 -0.370875
0.025266 -0.370875
-0.090869 -0.370875
-0.032654 -0.370875
-0.440257 -0.371110
0.070922 -0.371114
0.052896 -0.371114
0.087470 -0.371114
-0.347518 -0.371234
0.083156 -0.371306
-0.458629 -0.371353
0.010195 -0.371353
-0.080674 -0.371593
0.028369 -0.371593
0.367021 -0.371593
0.022606 -0.371593
0.380319 -0.371593
0.035461 -0.371593
0.060136 -0.371593
0.492021 -0.371593
-0.284279 -0.371593
-0.351950 -0.371593
-0.365248 -0.371593
-0.034870 -0.371593
-0.355496 -0.371832
-0.013002 -0.371832
0.365248 -0.371951
0.436621 -0.372278
-0.053191 -0.372310
-0.477837 -0.372310
0.042996 -0.372310
-0.078014 -0.372310
0.490248 -0.372310
-0.028369 -0.372489
-0.466903 -0.372549
0.428417 -0.372653
0.100177 -0.372669
0.006206 -0.372788
0.108156 -0.373027
0.056738 -0.373027
-0.276891 -0.373027
0.025709 -0.373027
0.395390 -0.373027
0.420213 -0.373027
0.088652 -0.373027
-0.055851 -0.373027
0.003546 -0.373027
-0.010638 -0.373027
0.366135 -0.373027
-0.075355 -0.373027
0.011525 -0.373027
0.390957 -0.373027
-0.409574 -0.373386
0.124557 -0.373386
-0.326241 -0.373505
-0.307624 -0.373505
-0.093972 -0.373745
-0.001773 -0.373745
0.498227 -0.373745
0.057920 -0.373745
-0.434938 -0.373979
-0.015662 -0.373984
0.441933 -0.374103
-0.070479 -0.374103
-0.350177 -0.374103
-0.471927 -0.374223
0.365248 -0.374462
-0.354610 -0.374462
0.496454 -0.374462
0.485816 -0.374462
0.029551 -0.374701
-0.364362 -0.374701
0.430190 -0.374805
0.446809 -0.374821
-0.383422 -0.374821
0.077837 -0.374892
-0.424723 -0.375117
0.018617 -0.375179
-0.005319 -0.375179
0.474291 -0.375179
-0.013298 -0.375179
0.488475 -0.375179
-0.073138 -0.375179
0.493794 -0.375179
-0.063978 -0.375299
-0.322695 -0.375418
0.028221 -0.375418
0.129876 -0.375538
-0.087956 -0.375794
-0.307624 -0.375897
0.108156 -0.375897
-0.326241 -0.375897
-0.024232 -0.375897
-0.007092 -0.375897
0.503546 -0.375897
-0.454344 -0.375897
0.003546 -0.375897
0.042553 -0.375897
0.093972 -0.375897
-0.448582 -0.375897
0.123227 -0.376435
0.350177 -0.376614
0.090426 -0.376614
0.052305 -0.376853
-0.427787 -0.376942
0.369681 -0.376973
-0.032358 -0.376973
-0.335550 -0.376973
0.453014 -0.376973
-0.462618 -0.377092
0.073138 -0.377092
0.000000 -0.377331
0.005762 -0.377331
-0.395833 -0.377331
0.053487 -0.377571
0.097074 -0.377690
-0.030142 -0.378049
0.120567 -0.378049
0.391844 -0.378049
-0.360816 -0.378049
-0.097074 -0.378049
-0.009309 -0.378049
0.485816 -0.378049
0.068484 -0.378168
0.115839 -0.378288
0.045213 -0.378288
0.436396 -0.378392
-0.349291 -0.378407
0.111998 -0.378527
0.128546 -0.378587
0.382979 -0.378766
0.335106 -0.378766
-0.003546 -0.378766
-0.430851 -0.378766
0.492908 -0.378766
-0.443262 -0.378766
0.026152 -0.378766
-0.015957 -0.378766
-0.453457 -0.378766
0.036348 -0.378766
0.416667 -0.378766
0.499113 -0.378766
-0.467642 -0.378766
0.104167 -0.379125
-0.070035 -0.379125
0.064938 -0.379125
0.365248 -0.379125
-0.091090 -0.379125
-0.093528 -0.379244
0.426970 -0.379393
0.010786 -0.379484
-0.426418 -0.379484
-0.050532 -0.379484
0.100177 -0.379484
0.466312 -0.379484
0.497340 -0.379484
-0.289894 -0.379484
0.000296 -0.379723
0.006058 -0.379723
-0.057920 -0.379723
0.085106 -0.380201
-0.421986 -0.380201
0.015662 -0.380201
-0.372340 -0.380201
-0.015957 -0.380201
-0.434397 -0.380201
0.092199 -0.380201
0.480496 -0.380201
0.078014 -0.380201
0.443262 -0.380201
0.110106 -0.380344
-0.042730 -0.380344
-0.379433 -0.380560
0.004137 -0.380679
0.127660 -0.380739
-0.386525 -0.380918
0.100177 -0.380918
-0.005762 -0.380918
0.385638 -0.380918
0.418440 -0.380918
-0.278369 -0.380918
0.028664 -0.381157
0.096188 -0.381277
0.374113 -0.381277
0.153812 -0.381277
-0.045213 -0.381636
-0.011968 -0.381636
0.076684 -0.381636
0.120567 -0.381636
-0.367021 -0.381636
0.494681 -0.381636
-0.035018 -0.381636
0.107270 -0.381815
0.112057 -0.381923
-0.037589 -0.381923
-0.052748 -0.381994
0.100177 -0.382353
0.017139 -0.382353
-0.091534 -0.382473
-0.093972 -0.382592
0.078014 -0.382712
0.405142 -0.382712
-0.427729 -0.382774
-0.413544 -0.382774
0.112988 -0.382855
0.433176 -0.382980
0.345745 -0.383070
-0.097961 -0.383070
-0.372340 -0.383070
-0.361702 -0.383070
0.336879 -0.383070
0.079787 -0.383070
-0.063387 -0.383070
-0.344415 -0.383429
-0.096631 -0.383549
-0.354610 -0.383788
-0.011082 -0.383788
0.390071 -0.383788
0.010343 -0.383788
-0.401596 -0.383788
0.376330 -0.383788
-0.322104 -0.383788
-0.450355 -0.383788
-0.072030 -0.383967
0.423750 -0.383982
-0.074025 -0.384146
0.119238 -0.384146
-0.099291 -0.384505
-0.042553 -0.384505
-0.356383 -0.384505
0.093972 -0.384505
0.132979 -0.384505
0.021572 -0.384505
0.455674 -0.384505
0.039007 -0.384505
-0.039628 -0.384648
0.106383 -0.384864
-0.087101 -0.384864
-0.331117 -0.384864
-0.381206 -0.384864
-0.408392 -0.384983
0.130024 -0.385222
0.115913 -0.385222
-0.033688 -0.385222
-0.030585 -0.385222
0.360816 -0.385581
0.075133 -0.385760
-0.079566 -0.385760
0.450355 -0.385940
0.476950 -0.385940
0.016253 -0.385940
0.021277 -0.385940
0.131797 -0.385940
0.159574 -0.385940
-0.372340 -0.385940
-0.042110 -0.385940
0.115027 -0.386119
0.107934 -0.386119
-0.412362 -0.386122
-0.028812 -0.386298
-0.031915 -0.386298
0.367465 -0.386298
-0.020981 -0.386418
-0.455230 -0.386657
-0.457004 -0.386657
0.460106 -0.386657
-0.323877 -0.386657
0.117908 -0.386657
-0.027630 -0.386777
-0.034870 -0.386777
0.101064 -0.386836
-0.363475 -0.387016
0.133200 -0.387016
0.078236 -0.387195
-0.066046 -0.387374
0.338652 -0.387374
-0.276596 -0.387374
0.015957 -0.387374
0.047872 -0.387374
0.109486 -0.387374
0.011525 -0.387374
-0.089894 -0.387518
0.429956 -0.387569
0.383274 -0.387614
-0.094681 -0.387661
-0.203014 -0.387853
0.112810 -0.387912
0.494681 -0.388092
-0.324764 -0.388092
0.363032 -0.388092
0.134161 -0.388331
-0.358156 -0.388451
0.132018 -0.388451
0.335106 -0.388809
-0.349291 -0.388809
-0.031028 -0.388809
0.091312 -0.388809
-0.375887 -0.388809
0.369681 -0.388809
0.101064 -0.388989
-0.366135 -0.389168
-0.432161 -0.389230
-0.033983 -0.389287
-0.403073 -0.389287
-0.038859 -0.389287
0.146572 -0.389407
-0.068262 -0.389527
-0.011082 -0.389527
-0.356383 -0.389527
-0.391844 -0.389527
0.052305 -0.389527
-0.070257 -0.389706
-0.398936 -0.390244
-0.031915 -0.390244
0.468972 -0.390244
-0.014184 -0.390244
0.087766 -0.390244
-0.330674 -0.390244
0.026152 -0.390244
0.351064 -0.390244
-0.374113 -0.390244
-0.044770 -0.390244
-0.016844 -0.390244
0.373966 -0.390483
-0.057181 -0.390603
0.423741 -0.390633
-0.073360 -0.390782
-0.062057 -0.390961
0.465426 -0.390961
-0.382979 -0.390961
0.093972 -0.390961
0.127364 -0.390961
0.393617 -0.390961
0.050532 -0.391320
0.120124 -0.391499
0.088652 -0.391679
-0.044770 -0.391679
-0.452128 -0.391679
0.457447 -0.391679
-0.394504 -0.391679
-0.372340 -0.391679
-0.333333 -0.391679
-0.453901 -0.391679
-0.455674 -0.391679
0.473404 -0.391679
0.009752 -0.391679
0.463652 -0.391679
0.014184 -0.391679
-0.366135 -0.392037
0.128768 -0.392037
0.055408 -0.392037
0.135343 -0.392157
0.378251 -0.392157
0.415211 -0.392158
0.076167 -0.392217
0.090426 -0.392396
-0.359929 -0.392396
0.031915 -0.392396
0.052748 -0.392396
-0.025414 -0.392516
0.382388 -0.392635
0.069149 -0.392635
0.108821 -0.392755
-0.403960 -0.392874
0.015071 -0.392934
-0.339539 -0.393113
-0.064273 -0.393113
0.386525 -0.393113
0.092199 -0.393113
0.345745 -0.393113
0.074468 -0.393113
-0.449468 -0.393113
-0.326537 -0.393113
0.362589 -0.393113
0.412552 -0.393592
-0.375887 -0.393831
-0.285461 -0.393831
0.006206 -0.393831
-0.289007 -0.393831
-0.329787 -0.393831
0.355496 -0.394548
0.047429 -0.394548
0.075946 -0.394548
-0.052305 -0.394548
0.088948 -0.394548
-0.345745 -0.394548
-0.446809 -0.394548
0.124113 -0.394548
-0.030585 -0.394907
0.055851 -0.394907
-0.405507 -0.395062
-0.332447 -0.395265
0.053191 -0.395265
-0.368794 -0.395265
-0.452128 -0.395265
-0.374113 -0.395265
0.090721 -0.395265
-0.395390 -0.395265
0.383865 -0.395265
-0.298759 -0.395265
-0.389184 -0.395265
-0.036348 -0.395265
-0.453901 -0.395265
0.350621 -0.395265
0.061525 -0.395505
0.130024 -0.395505
0.012411 -0.395983
-0.019504 -0.395983
0.025709 -0.395983
0.074764 -0.395983
-0.016844 -0.395983
-0.014184 -0.395983
0.375296 -0.396222
0.098848 -0.396341
-0.069592 -0.396341
-0.430388 -0.396404
0.450355 -0.396700
0.480496 -0.396700
0.058865 -0.396700
0.083333 -0.396700
-0.360816 -0.396700
-0.449468 -0.396700
-0.063091 -0.396820
0.056206 -0.397059
-0.058215 -0.397178
0.063239 -0.397178
0.348404 -0.397418
-0.453901 -0.397418
-0.388298 -0.397418
-0.011525 -0.397418
-0.446809 -0.397418
0.355496 -0.397418
-0.400709 -0.397418
0.434397 -0.397418
0.388298 -0.397418
0.117021 -0.397418
0.473848 -0.397776
0.398050 -0.397776
0.108156 -0.398135
-0.382092 -0.398135
-0.026152 -0.398135
0.031472 -0.398135
-0.067524 -0.398254
-0.050532 -0.398374
0.050089 -0.398494
0.014184 -0.398494
0.078605 -0.398494
0.028517 -0.398852
0.025266 -0.398852
0.124704 -0.398852
0.376773 -0.398852
0.075059 -0.398852
-0.236702 -0.398852
0.363918 -0.398852
-0.008865 -0.398852
-0.331560 -0.398852
-0.375887 -0.398852
-0.365248 -0.398852
0.118794 -0.399211
-0.074468 -0.399211
0.140071 -0.399211
0.084515 -0.399211
-0.062204 -0.399330
-0.070626 -0.399330
-0.409940 -0.399366
-0.044770 -0.399450
0.380319 -0.399570
0.353280 -0.399570
-0.072473 -0.399570
0.101950 -0.399570
0.417302 -0.399810
0.077423 -0.399928
-0.015071 -0.400287
-0.010638 -0.400287
-0.017730 -0.400287
0.109929 -0.400287
0.372340 -0.400287
0.005319 -0.400287
-0.283688 -0.400287
0.060934 -0.400526
0.051418 -0.400646
-0.374113 -0.401004
-0.320922 -0.401004
-0.020390 -0.401004
-0.368794 -0.401004
-0.452128 -0.401004
-0.076241 -0.401004
0.015957 -0.401243
-0.068558 -0.401243
-0.382683 -0.401243
-0.077571 -0.401363
0.098848 -0.401363
-0.074246 -0.401363
-0.403097 -0.401502
0.014184 -0.401542
-0.024232 -0.401602
0.031324 -0.401722
-0.078901 -0.401722
-0.012411 -0.401722
0.024823 -0.401722
-0.371454 -0.401722
-0.030142 -0.401722
-0.449468 -0.401722
0.396277 -0.401722
-0.353723 -0.401722
0.085697 -0.401722
-0.300532 -0.401722
-0.058954 -0.401961
-0.034427 -0.402319
-0.388298 -0.402439
-0.284574 -0.402439
0.038121 -0.402439
0.030733 -0.402798
0.027482 -0.402798
-0.027335 -0.403037
-0.310284 -0.403156
-0.372340 -0.403156
0.019504 -0.403156
0.042996 -0.403156
0.095745 -0.403156
0.063239 -0.403396
0.401596 -0.403515
-0.053191 -0.403635
0.030142 -0.403874
0.113475 -0.403874
0.333333 -0.403874
-0.239362 -0.403874
-0.074025 -0.403874
-0.374704 -0.404113
0.110816 -0.404232
-0.345301 -0.404232
0.414082 -0.404399
0.033836 -0.404412
-0.449468 -0.404591
0.026596 -0.404591
0.442376 -0.404591
0.014184 -0.404591
0.063830 -0.404591
-0.333333 -0.404591
-0.445035 -0.404591
-0.075355 -0.404950
-0.377069 -0.405069
-0.062500 -0.405189
-0.018617 -0.405308
0.091312 -0.405308
0.410461 -0.405308
0.011525 -0.405308
-0.256649 -0.405308
0.123522 -0.405308
-0.343233 -0.405428
-0.401903 -0.405916
-0.021277 -0.406026
-0.306738 -0.406026
0.041667 -0.406026
0.082151 -0.406026
-0.014184 -0.406026
-0.409574 -0.406026
-0.023345 -0.406265
-0.063830 -0.406265
0.046986 -0.406743
0.101064 -0.406743
-0.077128 -0.406743
-0.290780 -0.406743
0.084515 -0.406743
0.036348 -0.407102
0.110372 -0.407102
0.032358 -0.407281
-0.388298 -0.407461
-0.014480 -0.407461
0.375000 -0.407461
-0.445035 -0.407461
0.399823 -0.407461
-0.426418 -0.407461
0.441489 -0.407461
0.073582 -0.407461
0.004433 -0.407461
0.047872 -0.407819
-0.313830 -0.408178
-0.405142 -0.408178
0.009161 -0.408178
0.082742 -0.408178
-0.377807 -0.408776
-0.392093 -0.408879
-0.373227 -0.408895
0.058511 -0.408895
0.383865 -0.408895
0.093972 -0.408895
0.402482 -0.408895
0.451241 -0.408895
0.085106 -0.408895
0.405142 -0.408895
0.000000 -0.408895
-0.443262 -0.408895
-0.019060 -0.408895
-0.351064 -0.408895
0.410862 -0.408988
-0.045213 -0.409134
0.103280 -0.409254
0.039894 -0.409254
0.017730 -0.409613
-0.368794 -0.409613
0.442376 -0.409613
0.088652 -0.409613
0.112589 -0.409613
0.026064 -0.409613
0.117612 -0.409852
0.049202 -0.409971
-0.000443 -0.410151
-0.395888 -0.410297
0.104610 -0.410330
0.409574 -0.410330
-0.013002 -0.410330
-0.445331 -0.410330
-0.400709 -0.410330
0.009456 -0.410330
0.113918 -0.410689
-0.341017 -0.410808
0.116430 -0.410808
0.119976 -0.410808
-0.006944 -0.410868
0.105940 -0.411047
-0.355496 -0.411047
0.030142 -0.411047
-0.291667 -0.411047
0.368351 -0.411047
-0.305851 -0.411047
-0.000887 -0.411406
0.117760 -0.411526
0.047429 -0.411765
-0.326241 -0.411765
-0.411348 -0.411765
0.411348 -0.411765
0.115248 -0.411765
0.001921 -0.412064
0.045213 -0.412123
-0.311613 -0.412123
-0.023493 -0.412482
0.441489 -0.412482
-0.408688 -0.412482
0.004728 -0.412721
0.039894 -0.412841
0.009382 -0.412841
-0.317376 -0.413199
0.053191 -0.413199
-0.338652 -0.413199
0.403452 -0.413530
0.050975 -0.413558
-0.033688 -0.413917
0.464539 -0.413917
0.007018 -0.414036
-0.305408 -0.414275
-0.374113 -0.414634
0.436170 -0.414634
0.021277 -0.414634
0.443262 -0.414634
-0.445331 -0.414993
0.022518 -0.414993
0.441489 -0.415352
-0.402039 -0.415352
-0.311170 -0.415352
-0.447695 -0.415352
-0.333333 -0.415352
-0.422429 -0.415352
0.376773 -0.415352
0.048907 -0.415710
0.066489 -0.415710
-0.382535 -0.415710
-0.005615 -0.415830
0.459220 -0.416069
-0.365248 -0.416069
0.388298 -0.416069
0.000443 -0.416368
0.021277 -0.416428
0.026596 -0.416428
0.394504 -0.416786
-0.324468 -0.416786
0.039007 -0.416786
0.003251 -0.417025
0.321809 -0.417504
0.400709 -0.417504
-0.356383 -0.417504
0.381206 -0.417504
-0.340426 -0.417504
-0.398050 -0.417504
0.335106 -0.417504
0.402566 -0.417834
-0.379876 -0.417862
-0.348995 -0.417982
0.440603 -0.418042
0.404422 -0.418165
-0.363032 -0.418221
0.379433 -0.418221
-0.416667 -0.418221
-0.393364 -0.418298
-0.318262 -0.418938
-0.338652 -0.418938
0.041667 -0.418938
-0.433511 -0.418938
0.377660 -0.418938
-0.377660 -0.418938
-0.386525 -0.418938
0.049350 -0.419297
-0.414007 -0.419656
-0.335106 -0.419656
-0.445331 -0.419656
0.384752 -0.419656
0.010860 -0.419835
0.047872 -0.419895
-0.346631 -0.420373
-0.360816 -0.420373
0.346040 -0.420373
-0.331560 -0.420373
-0.402482 -0.421090
0.036348 -0.421090
0.049645 -0.421090
0.379433 -0.421090
-0.383865 -0.421090
0.016844 -0.421270
0.001773 -0.421330
-0.359929 -0.421449
0.442376 -0.421628
0.048168 -0.421688
0.451241 -0.421808
-0.344858 -0.421808
0.026596 -0.421808
-0.371454 -0.422525
0.401596 -0.422525
0.366578 -0.422525
0.042849 -0.422764
-0.268174 -0.422884
-0.012855 -0.423003
0.048759 -0.423123
0.356974 -0.423242
-0.381206 -0.423242
-0.326241 -0.423960
-0.392034 -0.424037
-0.014628 -0.424319
0.012411 -0.424319
0.015957 -0.424498
0.446809 -0.424677
-0.351064 -0.424677
-0.339539 -0.424677
-0.385638 -0.424677
-0.366135 -0.424677
-0.457447 -0.424677
-0.487145 -0.424677
0.009161 -0.424976
-0.021277 -0.425036
0.048759 -0.425036
0.047872 -0.425155
0.424645 -0.425395
0.453014 -0.425395
0.380319 -0.425395
-0.335993 -0.425395
0.005910 -0.425634
-0.024823 -0.425753
0.334663 -0.425753
-0.352837 -0.426112
-0.320035 -0.426112
-0.435284 -0.426112
0.043440 -0.426112
0.010343 -0.426172
-0.358599 -0.426471
0.375000 -0.426829
-0.424645 -0.426829
0.354019 -0.426829
0.356678 -0.426829
-0.382979 -0.426829
0.012707 -0.426889
0.016253 -0.427068
0.047872 -0.427068
0.400232 -0.427444
-0.313830 -0.427547
-0.317376 -0.427547
-0.443262 -0.427547
0.450355 -0.427547
0.000296 -0.427547
-0.431294 -0.427547
0.379433 -0.427547
0.423611 -0.427666
0.008274 -0.428025
-0.407801 -0.428264
0.370567 -0.428264
0.358452 -0.428264
-0.379565 -0.428434
-0.351950 -0.428623
0.342199 -0.428981
-0.395390 -0.428981
0.436170 -0.428981
-0.427305 -0.428981
0.375000 -0.428981
-0.383111 -0.429151
-0.465426 -0.429340
0.425089 -0.429340
-0.395390 -0.429699
0.346631 -0.429699
0.407801 -0.429699
0.383422 -0.429699
0.016253 -0.429938
0.344858 -0.430057
-0.340426 -0.430416
0.019504 -0.430416
0.453901 -0.430416
0.356383 -0.430416
-0.388298 -0.430416
-0.358156 -0.430416
0.349291 -0.430775
0.347518 -0.431133
-0.372340 -0.431133
-0.346631 -0.431492
-0.355496 -0.431492
0.338209 -0.431492
-0.484840 -0.431564
0.424054 -0.431612
0.387411 -0.431851
-0.362589 -0.431851
0.010934 -0.432090
-0.416667 -0.432209
-0.440603 -0.432568
0.448582 -0.432568
0.014184 -0.432568
-0.375960 -0.432831
-0.341312 -0.433286
-0.367021 -0.433286
0.425532 -0.433286
0.005319 -0.433286
-0.001182 -0.433764
-0.406915 -0.434003
0.007092 -0.434003
0.334220 -0.434003
-0.008865 -0.434242
0.363475 -0.434720
0.382092 -0.434720
0.008865 -0.434720
-0.432624 -0.435438
-0.010638 -0.435557
-0.005910 -0.435677
-0.351064 -0.435796
0.002955 -0.435916
-0.342199 -0.436155
0.367021 -0.436155
0.391543 -0.436520
0.420508 -0.436633
-0.012411 -0.436872
0.408688 -0.436872
-0.416667 -0.436872
0.352837 -0.436872
-0.119681 -0.436872
0.454787 -0.436872
0.389920 -0.437055
-0.002955 -0.437111
-0.361628 -0.437250
-0.005910 -0.437351
-0.378177 -0.437494
-0.437943 -0.437590
-0.345745 -0.437590
0.400709 -0.437590
-0.415780 -0.437948
0.366135 -0.438307
-0.331560 -0.438307
-0.320035 -0.438307
0.421986 -0.438307
-0.310727 -0.438666
0.332004 -0.438666
0.347518 -0.438666
-0.366060 -0.438685
-0.414894 -0.439024
0.375887 -0.439024
0.323138 -0.439383
0.406472 -0.440100
0.413564 -0.440100
0.497340 -0.440100
0.340869 -0.440100
-0.394799 -0.440459
-0.377660 -0.440459
0.365248 -0.440459
-0.251773 -0.440459
-0.320922 -0.440459
0.402482 -0.440459
0.332890 -0.440459
-0.254876 -0.440818
0.426418 -0.440818
0.388323 -0.441108
0.407358 -0.441535
-0.438830 -0.441894
0.384752 -0.441894
0.359929 -0.441894
0.410018 -0.442253
-0.353723 -0.442611
-0.426862 -0.443329
-0.318262 -0.443329
0.329787 -0.443329
0.455674 -0.443329
-0.308954 -0.443687
0.485816 -0.444046
0.320922 -0.444046
0.438830 -0.444405
-0.331560 -0.444405
-0.275266 -0.444405
-0.412234 -0.444763
0.358156 -0.444763
0.312057 -0.444763
0.371011 -0.445481
-0.352837 -0.445481
0.414894 -0.445481
0.422872 -0.445839
-0.437500 -0.445839
0.321809 -0.446198
-0.439716 -0.446198
-0.315603 -0.446198
-0.358156 -0.446198
-0.344858 -0.446557
-0.299202 -0.446557
-0.351064 -0.446915
-0.248670 -0.446915
-0.109929 -0.446915
0.312943 -0.446915
-0.373227 -0.446915
0.331560 -0.446915
-0.311170 -0.446915
0.392020 -0.447382
-0.328014 -0.447633
0.402482 -0.447633
-0.356383 -0.447633
-0.255319 -0.447633
-0.306738 -0.447633
0.380938 -0.448100
-0.476064 -0.448350
-0.312057 -0.448350
0.449468 -0.448350
-0.348404 -0.448709
-0.366947 -0.448728
-0.354610 -0.449067
-0.307624 -0.449067
-0.213652 -0.449067
0.332447 -0.449426
0.368612 -0.449506
-0.437057 -0.449785
0.452128 -0.449785
-0.301418 -0.449785
0.325355 -0.449785
-0.357579 -0.450025
-0.354919 -0.450025
-0.403664 -0.450502
-0.230940 -0.450502
-0.409574 -0.450502
0.417553 -0.450502
-0.325355 -0.450502
0.383154 -0.450969
0.343381 -0.450980
-0.355229 -0.450983
-0.364362 -0.451220
0.354610 -0.451220
-0.438830 -0.451220
0.361702 -0.451220
0.376147 -0.451658
0.455674 -0.451937
-0.341312 -0.452296
0.314716 -0.452654
0.406028 -0.452654
-0.303191 -0.452654
0.375521 -0.452813
0.397163 -0.452893
0.395390 -0.452893
-0.437500 -0.453013
0.378989 -0.453372
0.295213 -0.453372
0.423759 -0.453372
-0.349984 -0.453474
0.336288 -0.453850
-0.236702 -0.454089
-0.436613 -0.454448
0.436170 -0.454806
-0.388593 -0.454806
0.328901 -0.454806
0.376590 -0.455245
-0.307624 -0.455524
0.346631 -0.455524
0.411348 -0.455524
-0.316046 -0.456241
0.421986 -0.456241
-0.374113 -0.456241
0.361702 -0.456241
0.370640 -0.456312
-0.391844 -0.456480
0.395390 -0.456719
-0.258865 -0.456958
0.322695 -0.456958
0.379433 -0.456958
-0.277482 -0.456958
-0.342892 -0.457061
0.476064 -0.457676
-0.299645 -0.457676
-0.253546 -0.457676
0.377660 -0.457676
0.363730 -0.458026
0.436170 -0.458034
0.306738 -0.458393
0.384752 -0.458393
0.452128 -0.458393
-0.312500 -0.458393
0.390071 -0.458632
-0.360238 -0.458633
0.333629 -0.458871
0.420213 -0.459110
0.382979 -0.459110
0.373670 -0.459110
-0.303191 -0.459110
0.359043 -0.459110
0.363475 -0.459110
-0.379433 -0.459110
0.448582 -0.459469
-0.199113 -0.459541
0.365758 -0.459811
-0.438830 -0.459828
-0.294326 -0.459828
0.398050 -0.460067
-0.091755 -0.460187
0.342494 -0.460306
-0.337956 -0.460510
-0.306738 -0.460545
0.369681 -0.460545
-0.325798 -0.460545
-0.382683 -0.460784
0.364657 -0.461023
0.414894 -0.461263
0.403369 -0.461263
-0.174645 -0.461263
0.315603 -0.461263
0.318262 -0.461263
0.365799 -0.461374
0.389628 -0.461621
0.452128 -0.461621
0.367760 -0.461741
0.410018 -0.461980
0.328014 -0.461980
0.356383 -0.461980
-0.257979 -0.461980
0.307624 -0.461980
-0.385934 -0.462458
-0.342389 -0.462662
0.448582 -0.462697
0.390957 -0.462697
0.435284 -0.462697
-0.073138 -0.463056
0.408688 -0.463415
-0.311613 -0.463415
0.400709 -0.463415
0.378103 -0.463773
0.321809 -0.464132
-0.335487 -0.464779
-0.437943 -0.464849
0.390071 -0.464849
-0.218085 -0.464849
0.360917 -0.464872
-0.388889 -0.465088
0.137116 -0.465208
0.383422 -0.465208
0.335106 -0.465567
0.413121 -0.465567
0.391401 -0.465925
0.323138 -0.466284
-0.262411 -0.466284
0.396277 -0.466284
0.416667 -0.466284
-0.365248 -0.466284
-0.437057 -0.466284
0.372193 -0.466404
-0.333081 -0.466966
0.411791 -0.467001
-0.387116 -0.467241
-0.368499 -0.467480
-0.350177 -0.467719
0.273936 -0.467719
-0.292553 -0.467719
0.400709 -0.467719
0.351313 -0.467981
0.364214 -0.468197
-0.304965 -0.468436
-0.223848 -0.468436
0.396277 -0.468436
0.409131 -0.469154
-0.254433 -0.469154
0.346631 -0.469154
-0.295213 -0.469154
0.344415 -0.469154
-0.330674 -0.469154
0.269504 -0.469154
0.418440 -0.469154
0.385195 -0.469512
0.365544 -0.469632
-0.343276 -0.469836
0.307624 -0.469871
-0.278369 -0.469871
-0.286348 -0.469871
0.416667 -0.469871
0.359292 -0.470133
-0.266401 -0.470230
-0.358156 -0.470588
-0.263298 -0.470588
0.348848 -0.470588
0.414894 -0.470588
-0.297872 -0.470588
-0.415780 -0.470588
-0.311141 -0.470641
-0.299645 -0.471306
0.269504 -0.471306
0.405142 -0.471306
-0.315130 -0.471358
0.346431 -0.471480
-0.281028 -0.471664
-0.367021 -0.472023
-0.229610 -0.472023
0.216312 -0.472023
-0.238032 -0.472023
-0.246454 -0.472023
-0.301418 -0.472023
-0.260638 -0.472023
-0.293440 -0.472023
0.390071 -0.472023
0.308954 -0.472023
0.266844 -0.472023
0.383422 -0.472382
0.412234 -0.472740
-0.393617 -0.472740
0.264184 -0.472740
-0.285904 -0.473099
0.371897 -0.473099
-0.321087 -0.473203
-0.283688 -0.473458
0.362589 -0.473458
0.269504 -0.473458
-0.437943 -0.473458
-0.242908 -0.473458
-0.234486 -0.473458
0.453014 -0.473458
-0.296099 -0.473458
0.218085 -0.473816
0.266844 -0.474175
0.237589 -0.474175
-0.398050 -0.474175
-0.307595 -0.474228
-0.435284 -0.474534
-0.391844 -0.474892
-0.360816 -0.474892
-0.388298 -0.474892
0.388298 -0.474892
-0.378546 -0.474892
-0.328770 -0.474997
-0.203546 -0.475323
-0.261525 -0.475610
-0.250887 -0.475610
0.219858 -0.475610
0.353723 -0.475610
-0.317376 -0.475610
0.450355 -0.475610
0.377216 -0.475610
-0.315574 -0.476021
0.291667 -0.476327
0.276596 -0.476327
0.365248 -0.476327
-0.313771 -0.476432
-0.266401 -0.476686
-0.241135 -0.476686
0.403369 -0.477044
-0.345745 -0.477044
-0.263298 -0.477044
-0.302081 -0.477045
0.341350 -0.477304
0.220745 -0.477403
0.308067 -0.477403
-0.395390 -0.477762
0.240248 -0.477762
-0.296099 -0.477762
0.300532 -0.478121
-0.235816 -0.478121
0.449468 -0.478479
0.434397 -0.478479
-0.242908 -0.478479
0.365248 -0.478479
0.370567 -0.478838
-0.249113 -0.478838
0.293440 -0.479197
-0.262411 -0.479197
-0.258865 -0.479197
0.356383 -0.479197
-0.360372 -0.479197
-0.255319 -0.479197
-0.297872 -0.479197
-0.336584 -0.479197
-0.332742 -0.479197
0.283688 -0.479197
-0.308258 -0.479250
-0.269060 -0.479555
-0.240248 -0.479555
-0.296099 -0.479914
-0.334368 -0.479914
-0.338209 -0.479914
0.350177 -0.479914
0.360816 -0.479914
-0.359929 -0.480631
-0.367021 -0.480631
0.385638 -0.480631
0.343972 -0.480631
-0.366135 -0.480631
-0.300308 -0.480632
0.340220 -0.480717
-0.322695 -0.480990
-0.247340 -0.480990
0.370567 -0.480990
-0.386525 -0.481349
-0.253546 -0.481349
-0.242021 -0.481349
-0.297872 -0.481349
0.375887 -0.481349
-0.430851 -0.481707
-0.288473 -0.481837
-0.215426 -0.482066
0.308954 -0.482066
-0.265071 -0.482066
0.349734 -0.482066
0.329582 -0.482152
0.319592 -0.482425
0.301418 -0.482783
-0.236702 -0.482783
0.387411 -0.482783
0.371454 -0.483142
0.316933 -0.483142
-0.297872 -0.483501
0.322695 -0.483501
-0.251773 -0.483501
0.381206 -0.483501
-0.332004 -0.483501
0.284574 -0.483501
0.431738 -0.483501
-0.257092 -0.483501
0.309397 -0.483859
0.345301 -0.483859
0.375887 -0.483859
0.341550 -0.483945
-0.347222 -0.483979
-0.388298 -0.484218
0.365248 -0.484218
-0.314687 -0.484271
0.324025 -0.484577
0.287234 -0.484935
0.382092 -0.484935
0.378546 -0.484935
0.451241 -0.484935
0.321365 -0.485294
0.325355 -0.485653
-0.251773 -0.485653
0.276596 -0.485653
0.226064 -0.485653
-0.218972 -0.485653
0.335787 -0.485739
-0.039894 -0.486011
-0.242908 -0.486011
0.322040 -0.486368
0.406028 -0.486370
-0.259752 -0.486370
0.326030 -0.486727
0.425532 -0.486729
0.277482 -0.487088
-0.291486 -0.487346
0.301418 -0.487446
-0.244681 -0.487805
-0.323582 -0.488164
0.349734 -0.488164
-0.273606 -0.488203
0.396277 -0.488522
0.364362 -0.488522
0.384752 -0.488522
0.452128 -0.488522
0.294326 -0.488522
-0.267730 -0.488522
-0.029699 -0.488881
-0.201241 -0.489240
0.352837 -0.489240
-0.250000 -0.489240
-0.140071 -0.489240
-0.191489 -0.489240
-0.326241 -0.489240
0.312500 -0.489598
-0.322695 -0.489598
0.317157 -0.489865
0.286348 -0.489957
-0.263298 -0.489957
-0.384752 -0.489957
-0.430851 -0.489957
-0.319149 -0.489957
-0.185816 -0.490387
-0.205674 -0.490674
0.357270 -0.490674
0.366135 -0.490674
0.272163 -0.490674
0.453014 -0.490674
-0.328457 -0.491033
-0.348995 -0.491153
0.382979 -0.491392
-0.203014 -0.491392
-0.197695 -0.491392
-0.158910 -0.491750
0.218972 -0.491750
0.329133 -0.492107
-0.187057 -0.492109
-0.429078 -0.492109
0.273050 -0.492109
-0.207447 -0.492109
-0.315603 -0.492109
-0.267730 -0.492109
0.341755 -0.492468
-0.275379 -0.492507
-0.145390 -0.492826
0.447695 -0.492826
-0.269504 -0.492826
-0.330674 -0.492826
0.304521 -0.493185
-0.227837 -0.493185
0.326473 -0.493541
-0.263298 -0.493544
-0.000443 -0.493544
0.375887 -0.493544
0.293440 -0.493544
-0.241135 -0.493544
-0.150709 -0.493544
-0.248227 -0.493544
-0.271277 -0.493544
0.257092 -0.493544
-0.372340 -0.493544
-0.204566 -0.493723
-0.336288 -0.493783
-0.267603 -0.493852
-0.177748 -0.494261
-0.358452 -0.494261
0.335993 -0.494261
-0.201906 -0.494440
0.312281 -0.494528
0.259309 -0.494620
-0.006353 -0.494739
-0.295566 -0.494749
0.316939 -0.494795
0.354610 -0.494978
-0.009309 -0.494978
0.285461 -0.494978
-0.182624 -0.494978
-0.375000 -0.494978
0.368794 -0.494978
-0.365544 -0.494978
0.373227 -0.494978
0.049645 -0.494978
-0.291428 -0.494988
-0.206339 -0.495158
-0.188830 -0.495337
0.385638 -0.495696
-0.341017 -0.495815
-0.190603 -0.496055
-0.318262 -0.496055
-0.434397 -0.496055
0.395390 -0.496413
0.331560 -0.496413
-0.150709 -0.496413
-0.377660 -0.496413
-0.261525 -0.496413
-0.358747 -0.496413
0.382979 -0.496413
-0.324468 -0.496413
-0.265830 -0.496721
0.417996 -0.496772
0.358599 -0.496772
-0.203457 -0.496772
0.295656 -0.496772
0.321590 -0.497039
0.453014 -0.497131
-0.206560 -0.497131
0.236702 -0.497131
-0.282914 -0.497170
-0.307329 -0.497370
-0.332742 -0.497370
-0.180186 -0.497489
0.328901 -0.497848
0.445035 -0.497848
-0.182624 -0.497848
-0.354610 -0.497848
0.250000 -0.497848
0.228723 -0.497848
-0.251849 -0.498066
0.355053 -0.498207
0.223404 -0.498207
-0.270390 -0.498207
0.251773 -0.498207
-0.326684 -0.498207
0.318044 -0.498473
-0.279255 -0.498565
0.379433 -0.498565
0.015957 -0.498565
0.264628 -0.499211
0.381206 -0.499283
-0.166667 -0.499283
0.326241 -0.499283
-0.216312 -0.499283
-0.244681 -0.499641
-0.255470 -0.499718
-0.312352 -0.499761
-0.212766 -0.500000
-0.261303 -0.500000
-0.266844 -0.500359
-0.327719 -0.500478
0.352837 -0.500478
-0.171986 -0.500717
-0.182624 -0.500717
0.367021 -0.500717
-0.256946 -0.500935
-0.435727 -0.501076
0.382092 -0.501435
0.377660 -0.501435
0.330674 -0.501435
-0.186170 -0.501435
0.257831 -0.501554
-0.249468 -0.501780
0.307170 -0.501787
0.313159 -0.501970
-0.427748 -0.502152
-0.356383 -0.502152
0.379433 -0.502152
-0.299645 -0.502152
-0.205378 -0.502152
0.228723 -0.502152
0.242908 -0.502152
0.325355 -0.502152
0.303191 -0.502152
0.299645 -0.502152
-0.276152 -0.502511
-0.263963 -0.502511
-0.167996 -0.502869
-0.282358 -0.502869
-0.241135 -0.502869
-0.433954 -0.502869
-0.430186 -0.502869
-0.286348 -0.502869
-0.353723 -0.502869
-0.200946 -0.503109
-0.357270 -0.503228
-0.127216 -0.503228
-0.235816 -0.503228
0.361259 -0.503228
-0.242300 -0.503356
-0.185284 -0.503587
0.445922 -0.503587
-0.351064 -0.503587
-0.230496 -0.503587
-0.322695 -0.503587
0.226950 -0.503587
-0.296986 -0.503587
-0.187057 -0.503945
-0.369238 -0.503945
0.221631 -0.503945
-0.313387 -0.503945
-0.354610 -0.503945
0.270981 -0.504113
0.310500 -0.504122
0.379433 -0.504304
-0.302305 -0.504304
0.450355 -0.504304
0.432624 -0.504304
-0.226950 -0.504304
-0.251849 -0.504522
-0.271277 -0.504663
0.285904 -0.504663
-0.318706 -0.504663
-0.433954 -0.504782
0.337470 -0.504782
-0.285904 -0.505022
0.377660 -0.505022
-0.315603 -0.505022
-0.223404 -0.505022
0.298463 -0.505261
0.248227 -0.505380
-0.312500 -0.505380
-0.432624 -0.505500
-0.297872 -0.505500
-0.332447 -0.505739
-0.253324 -0.505739
0.361702 -0.505739
0.308511 -0.505739
-0.209663 -0.505739
-0.230978 -0.505776
-0.368794 -0.506098
-0.317819 -0.506098
0.229167 -0.506098
-0.307181 -0.506098
0.356383 -0.506456
0.271277 -0.506456
0.313830 -0.506456
0.384752 -0.506456
-0.304965 -0.506456
-0.335106 -0.506456
-0.313830 -0.506456
-0.325355 -0.506456
0.278073 -0.506695
0.269060 -0.506743
0.439716 -0.506815
-0.291135 -0.507030
0.429965 -0.507174
-0.320035 -0.507174
-0.328901 -0.507174
-0.350177 -0.507174
0.254137 -0.507413
0.320479 -0.507532
0.292110 -0.507532
-0.308067 -0.507532
0.433511 -0.507532
-0.348404 -0.507532
-0.240839 -0.507532
0.275414 -0.507891
-0.342199 -0.507891
-0.331560 -0.507891
-0.153369 -0.507891
-0.305851 -0.507891
0.278664 -0.507891
0.312057 -0.507891
-0.269947 -0.507891
0.228723 -0.507891
-0.231460 -0.507966
-0.286702 -0.508106
-0.222222 -0.508130
-0.321661 -0.508250
0.350177 -0.508369
0.382314 -0.508429
0.297341 -0.508575
-0.309397 -0.508608
0.231383 -0.508608
-0.294770 -0.508608
0.297401 -0.508780
-0.218676 -0.508847
0.432181 -0.508967
0.234486 -0.508967
0.206560 -0.508967
-0.231865 -0.509005
-0.298316 -0.509087
-0.306738 -0.509326
0.251773 -0.509326
0.250000 -0.509326
-0.345745 -0.509326
0.356383 -0.509326
-0.200355 -0.509326
0.446809 -0.509326
0.326241 -0.509326
-0.262190 -0.509326
-0.271720 -0.509684
0.313387 -0.509684
0.316489 -0.510043
-0.232270 -0.510043
-0.334220 -0.510043
0.385195 -0.510402
0.301183 -0.510487
0.255615 -0.510521
0.280142 -0.510521
-0.226655 -0.510641
0.270390 -0.510760
0.307624 -0.510760
0.452128 -0.510760
-0.142730 -0.510760
0.250000 -0.510760
0.253546 -0.510760
0.251773 -0.510760
-0.322281 -0.510760
-0.337766 -0.510760
0.349291 -0.510760
0.434397 -0.510760
0.365248 -0.510760
-0.236407 -0.511119
0.312943 -0.511119
-0.355053 -0.511119
0.347222 -0.511239
-0.429669 -0.511239
-0.221040 -0.511239
0.310505 -0.511478
0.352837 -0.511478
-0.330674 -0.511478
-0.220247 -0.511664
0.338061 -0.511717
0.341608 -0.511717
-0.202719 -0.511717
0.284774 -0.511832
-0.402039 -0.511836
0.322252 -0.511836
0.274379 -0.511956
-0.321277 -0.512195
-0.240544 -0.512195
0.369681 -0.512195
0.263741 -0.512195
0.237884 -0.512195
0.356383 -0.512195
0.251478 -0.512434
0.253251 -0.512434
-0.326241 -0.512434
0.358452 -0.512434
-0.323877 -0.512434
-0.234043 -0.512554
-0.216997 -0.512860
-0.347518 -0.512912
-0.270390 -0.512912
0.298080 -0.512998
0.278369 -0.513152
0.406250 -0.513271
-0.309840 -0.513271
0.313165 -0.513271
-0.230792 -0.513510
-0.218770 -0.513577
-0.165337 -0.513630
0.375739 -0.513630
0.248227 -0.513630
-0.232270 -0.513630
0.294326 -0.513630
-0.252955 -0.513630
0.328014 -0.513630
-0.352246 -0.513869
-0.209811 -0.513869
-0.128546 -0.513989
-0.205083 -0.514108
0.281915 -0.514108
-0.225177 -0.514108
-0.358008 -0.514228
0.337470 -0.514347
-0.303191 -0.514347
-0.201241 -0.514347
-0.216312 -0.514347
-0.111702 -0.514347
-0.293440 -0.514347
0.306738 -0.514347
0.361998 -0.514586
-0.220449 -0.514586
-0.272606 -0.514706
0.312057 -0.514706
-0.345301 -0.514706
-0.268174 -0.514706
0.383865 -0.514885
-0.351359 -0.514945
-0.149379 -0.515065
0.453901 -0.515065
0.408466 -0.515065
0.309619 -0.515065
0.238180 -0.515065
-0.259456 -0.515065
0.285461 -0.515065
-0.218085 -0.515065
0.249704 -0.515304
0.286547 -0.515418
0.176566 -0.515423
0.272606 -0.515543
0.287633 -0.515772
-0.251478 -0.515782
-0.242612 -0.515782
0.242317 -0.515782
-0.359929 -0.515782
-0.232565 -0.516021
-0.207449 -0.516214
0.280142 -0.516260
-0.357565 -0.516380
-0.169770 -0.516499
-0.236702 -0.516499
-0.265957 -0.516499
0.246454 -0.516499
-0.343085 -0.516499
-0.272163 -0.516499
-0.267730 -0.516499
-0.203605 -0.516738
-0.296543 -0.516858
0.441933 -0.516858
0.336879 -0.516978
-0.355201 -0.516978
-0.340869 -0.517217
0.298759 -0.517217
-0.224586 -0.517456
0.342199 -0.517456
-0.214835 -0.517456
0.227246 -0.517456
-0.189921 -0.517701
-0.219858 -0.517934
-0.434397 -0.517934
0.266844 -0.517934
0.328901 -0.517934
0.305851 -0.517934
0.249113 -0.517934
-0.269504 -0.517934
-0.267730 -0.517934
-0.171986 -0.517934
0.255319 -0.517934
0.187943 -0.517934
-0.234929 -0.517934
-0.334811 -0.518173
-0.184988 -0.518173
-0.330969 -0.518412
0.334220 -0.518651
-0.307624 -0.518651
0.192376 -0.518651
-0.231678 -0.518890
0.231087 -0.518890
-0.303635 -0.519010
0.203457 -0.519130
-0.428044 -0.519249
0.382535 -0.519369
-0.235816 -0.519369
-0.252660 -0.519369
-0.294917 -0.519369
-0.202128 -0.519369
-0.430851 -0.519369
0.367908 -0.519369
-0.138741 -0.519369
0.220819 -0.519429
-0.207448 -0.519585
-0.175256 -0.519673
0.167701 -0.519727
0.297872 -0.519727
0.193706 -0.519727
-0.109486 -0.519727
-0.357270 -0.519727
-0.183918 -0.519763
0.327423 -0.519847
-0.198786 -0.519853
-0.208629 -0.519967
0.156767 -0.519967
0.317376 -0.520086
-0.348848 -0.520086
0.285365 -0.520201
-0.229019 -0.520325
-0.354905 -0.520325
-0.195444 -0.520338
0.291866 -0.520440
-0.213652 -0.520445
0.332004 -0.520445
0.341755 -0.520445
-0.318262 -0.520445
0.449911 -0.520445
0.453014 -0.520803
-0.431738 -0.520803
-0.234043 -0.520803
0.264184 -0.520803
0.246749 -0.520803
0.279890 -0.521067
0.166814 -0.521162
-0.185579 -0.521282
-0.276596 -0.521282
-0.261820 -0.521282
-0.199672 -0.521288
-0.320390 -0.521377
0.267583 -0.521521
-0.249113 -0.521521
-0.293292 -0.521879
0.282506 -0.521999
0.263298 -0.522238
0.329787 -0.522238
-0.156028 -0.522238
-0.317376 -0.522238
-0.203901 -0.522238
0.253546 -0.522238
-0.344415 -0.522238
0.301862 -0.522418
0.303783 -0.522477
-0.205674 -0.522597
-0.124557 -0.522597
-0.263593 -0.522716
-0.273936 -0.522716
0.157210 -0.522716
-0.184509 -0.522872
0.365248 -0.522956
0.266253 -0.522956
0.204344 -0.522956
-0.314716 -0.522956
0.380098 -0.522956
-0.207447 -0.522956
0.183511 -0.522956
0.136229 -0.522956
-0.256501 -0.523434
0.346040 -0.523434
-0.228723 -0.523673
-0.354610 -0.523673
-0.429078 -0.523673
-0.296986 -0.523673
0.262411 -0.523673
0.202128 -0.523673
0.178191 -0.523673
0.250296 -0.523673
0.265002 -0.523679
0.346927 -0.523912
0.334663 -0.524032
0.328310 -0.524151
-0.254433 -0.524151
-0.196126 -0.524158
0.205230 -0.524390
-0.291667 -0.524390
-0.393617 -0.524570
-0.241135 -0.524629
-0.327719 -0.524629
0.230792 -0.524629
-0.340869 -0.524749
0.189273 -0.524749
-0.183475 -0.524785
0.357048 -0.524928
-0.337027 -0.524988
-0.164894 -0.525108
0.333333 -0.525108
0.268322 -0.525108
-0.431738 -0.525108
0.362145 -0.525108
-0.183511 -0.525108
-0.317376 -0.525108
-0.285018 -0.525227
-0.427748 -0.525466
-0.202128 -0.525466
0.302453 -0.525526
0.330083 -0.525586
-0.323936 -0.525681
0.255762 -0.525825
0.179078 -0.525825
0.440603 -0.525825
-0.159574 -0.525825
0.190603 -0.525825
-0.350177 -0.525825
0.267071 -0.525831
-0.353014 -0.525968
-0.278369 -0.526064
0.326832 -0.526064
-0.307329 -0.526542
-0.434397 -0.526542
0.295656 -0.526542
-0.125887 -0.526542
0.322991 -0.526662
-0.264037 -0.526662
-0.288564 -0.526901
-0.210993 -0.526901
0.336436 -0.526901
0.449468 -0.526901
0.189495 -0.526901
0.196587 -0.526901
-0.276596 -0.527021
-0.164007 -0.527260
-0.305851 -0.527260
0.319149 -0.527260
-0.231383 -0.527260
0.221927 -0.527499
0.162825 -0.527499
-0.242908 -0.527499
0.297207 -0.527618
-0.272606 -0.527618
-0.226507 -0.527618
-0.152039 -0.527977
-0.303191 -0.527977
0.368794 -0.527977
-0.317376 -0.527977
0.271277 -0.527977
-0.294326 -0.527977
-0.221631 -0.527977
-0.134752 -0.527977
0.281028 -0.527977
-0.345745 -0.527977
0.261899 -0.527983
-0.351418 -0.528264
0.197473 -0.528336
-0.320922 -0.528336
-0.429521 -0.528336
0.291667 -0.528336
-0.234486 -0.528575
0.246395 -0.528599
0.235816 -0.528694
-0.289894 -0.528694
-0.306442 -0.528694
0.321365 -0.528694
-0.187204 -0.528694
-0.312648 -0.529053
0.179078 -0.529412
-0.432624 -0.529412
-0.163121 -0.529412
-0.304965 -0.529412
0.371454 -0.529412
0.367021 -0.529412
-0.246454 -0.529412
-0.226950 -0.529412
-0.296986 -0.529412
-0.218085 -0.529412
0.255708 -0.529639
0.267366 -0.529657
0.185062 -0.529770
0.293440 -0.529770
0.246395 -0.529794
0.272163 -0.529890
-0.347252 -0.529914
0.414672 -0.530129
-0.302305 -0.530129
0.177305 -0.530129
0.250591 -0.530129
-0.273493 -0.530129
-0.193853 -0.530129
-0.161702 -0.530273
0.121158 -0.530368
0.270095 -0.530368
-0.205674 -0.530488
0.296099 -0.530488
0.252014 -0.530595
0.346040 -0.530607
-0.249113 -0.530607
-0.282801 -0.530703
0.241626 -0.530720
0.451684 -0.530846
-0.232270 -0.530846
-0.319149 -0.530846
0.449468 -0.530846
-0.214539 -0.530846
0.175532 -0.530846
0.336879 -0.530846
0.115248 -0.530846
-0.107270 -0.530846
-0.161274 -0.531061
0.145095 -0.531086
0.319592 -0.531205
-0.322695 -0.531205
0.213209 -0.531205
0.250591 -0.531325
0.327423 -0.531325
-0.429965 -0.531385
0.363918 -0.531564
-0.166667 -0.531564
0.171986 -0.531564
-0.320922 -0.531564
0.367021 -0.531564
-0.343085 -0.531564
0.297651 -0.531564
-0.117908 -0.531564
0.117760 -0.531683
0.273050 -0.531803
-0.159856 -0.531922
-0.393026 -0.531923
0.243440 -0.531946
-0.280142 -0.531994
-0.297577 -0.532042
-0.259161 -0.532042
-0.276152 -0.532138
0.183511 -0.532281
-0.287234 -0.532281
-0.172872 -0.532281
-0.272163 -0.532281
-0.132092 -0.532640
0.189495 -0.532640
-0.159428 -0.532710
-0.299350 -0.532759
-0.257092 -0.532759
0.268913 -0.532759
0.258422 -0.532999
0.453014 -0.532999
-0.431738 -0.532999
0.296986 -0.532999
0.114362 -0.532999
0.354167 -0.532999
-0.434397 -0.532999
-0.310875 -0.532999
0.241053 -0.533176
-0.429521 -0.533178
0.256151 -0.533225
-0.295508 -0.533238
0.309693 -0.533238
-0.141844 -0.533357
0.232861 -0.533477
0.247636 -0.533477
-0.350798 -0.533501
-0.271424 -0.533716
0.367021 -0.533716
0.360816 -0.533716
-0.329787 -0.533716
-0.148050 -0.533716
0.363918 -0.533716
-0.170213 -0.533716
0.332447 -0.533716
0.254728 -0.533955
-0.315603 -0.534075
0.237991 -0.534164
-0.292258 -0.534194
0.224264 -0.534384
0.178191 -0.534433
-0.233156 -0.534433
-0.272606 -0.534433
-0.306738 -0.534433
-0.433511 -0.534433
-0.209220 -0.534433
0.347518 -0.534433
-0.085993 -0.534433
0.298316 -0.534433
-0.275266 -0.534433
0.449911 -0.534433
0.304669 -0.534553
-0.318262 -0.534613
-0.174498 -0.534672
0.271868 -0.534672
-0.141531 -0.534916
-0.351537 -0.535055
0.176418 -0.535151
0.351950 -0.535151
-0.221631 -0.535151
-0.123670 -0.535151
-0.346631 -0.535151
-0.270686 -0.535151
-0.191194 -0.535151
0.234929 -0.535151
-0.186170 -0.535151
0.249409 -0.535390
0.244681 -0.535629
-0.323877 -0.535629
0.448138 -0.535868
0.218085 -0.535868
0.172872 -0.535868
-0.242021 -0.535868
-0.156915 -0.535868
0.314716 -0.535868
-0.305851 -0.535868
0.349291 -0.535868
-0.322104 -0.535988
0.231678 -0.536107
-0.181147 -0.536107
-0.433067 -0.536227
0.201684 -0.536227
-0.169858 -0.536298
0.199468 -0.536346
0.311761 -0.536346
0.252512 -0.536466
-0.345745 -0.536585
0.159574 -0.536585
-0.275709 -0.536585
0.261968 -0.536585
0.337323 -0.536585
-0.188830 -0.536585
0.274823 -0.536585
0.451241 -0.536585
-0.278369 -0.536585
0.333333 -0.536585
-0.335106 -0.536585
0.265071 -0.536585
-0.265662 -0.536585
0.268322 -0.536824
-0.150266 -0.536944
-0.166667 -0.536944
-0.299350 -0.537064
0.229758 -0.537064
-0.427527 -0.537123
0.225593 -0.537254
-0.243794 -0.537303
0.167553 -0.537303
-0.212323 -0.537303
0.359486 -0.537482
0.362589 -0.537482
0.302305 -0.537661
0.098848 -0.537661
0.204344 -0.537661
0.121277 -0.537733
0.239321 -0.537750
-0.172813 -0.537972
0.413342 -0.538020
0.300089 -0.538020
-0.234043 -0.538020
-0.260638 -0.538020
0.349291 -0.538020
-0.191489 -0.538020
0.356383 -0.538020
0.450355 -0.538020
-0.121454 -0.538020
0.211879 -0.538020
-0.154699 -0.538020
0.211866 -0.538192
-0.253546 -0.538379
0.327423 -0.538498
-0.329196 -0.538498
-0.316489 -0.538558
0.346631 -0.538737
0.296986 -0.538737
0.329787 -0.538737
0.266401 -0.538737
0.343528 -0.538737
-0.287234 -0.538737
0.336436 -0.538737
-0.270095 -0.538737
0.219415 -0.538737
-0.433511 -0.538737
-0.350177 -0.538737
-0.246454 -0.538737
0.353723 -0.538737
-0.311170 -0.538737
0.229758 -0.538857
0.199025 -0.538857
-0.169504 -0.538881
0.196809 -0.538977
0.241135 -0.538977
-0.177600 -0.538977
-0.277482 -0.539096
0.234634 -0.539216
0.355201 -0.539216
-0.230496 -0.539455
0.448582 -0.539455
-0.281915 -0.539455
-0.200355 -0.539455
-0.189716 -0.539455
0.274527 -0.539455
-0.093085 -0.539455
-0.271277 -0.539455
0.304965 -0.539455
0.248227 -0.539455
0.216312 -0.539455
-0.166312 -0.539527
0.216299 -0.539627
-0.278369 -0.539813
-0.156472 -0.539813
0.225177 -0.539813
-0.244681 -0.539813
0.284131 -0.539813
0.302748 -0.539813
0.320331 -0.539933
-0.175384 -0.540053
0.192080 -0.540172
0.141844 -0.540172
-0.074468 -0.540172
-0.305851 -0.540172
-0.152482 -0.540172
-0.163121 -0.540172
0.300532 -0.540172
-0.350916 -0.540292
0.326832 -0.540411
0.185875 -0.540411
-0.240248 -0.540531
-0.316489 -0.540531
0.112943 -0.540746
0.331560 -0.540890
-0.046986 -0.540890
-0.179078 -0.540890
0.446809 -0.540890
-0.183511 -0.540890
0.267730 -0.540890
0.345745 -0.540890
0.297429 -0.540890
-0.118794 -0.540890
-0.207004 -0.540890
0.171986 -0.540890
0.202571 -0.540924
-0.172074 -0.540961
0.200355 -0.541043
-0.319149 -0.541069
0.263298 -0.541248
0.358156 -0.541248
-0.164007 -0.541248
0.225325 -0.541368
0.210094 -0.541454
0.256649 -0.541607
0.227837 -0.541607
-0.191046 -0.541607
0.254433 -0.541607
0.158688 -0.541607
-0.276596 -0.541607
-0.234043 -0.541607
-0.306294 -0.541607
0.410904 -0.541607
-0.350030 -0.541726
-0.321217 -0.541726
0.232713 -0.541966
-0.159574 -0.541966
0.351950 -0.542085
0.121809 -0.542181
-0.164894 -0.542324
0.237589 -0.542324
0.166667 -0.542324
-0.285461 -0.542324
0.274232 -0.542324
-0.289450 -0.542324
-0.303635 -0.542324
-0.277482 -0.542324
-0.293440 -0.542324
0.176418 -0.542324
0.182624 -0.542324
0.250000 -0.542324
0.353428 -0.542563
-0.281915 -0.542683
0.359486 -0.542683
0.304521 -0.542683
0.299202 -0.542683
-0.229167 -0.542683
-0.161348 -0.542683
0.349291 -0.542802
0.200355 -0.542802
-0.233156 -0.543042
-0.241135 -0.543042
-0.319149 -0.543042
-0.174645 -0.543042
-0.215869 -0.543042
-0.198138 -0.543042
-0.114362 -0.543042
-0.254433 -0.543042
0.227985 -0.543161
0.184102 -0.543281
0.259752 -0.543400
-0.247340 -0.543400
-0.273641 -0.543639
0.104610 -0.543759
0.271868 -0.543759
-0.187943 -0.543759
-0.156028 -0.543759
-0.206117 -0.543759
-0.125000 -0.543759
-0.429743 -0.543759
-0.162234 -0.543759
0.189435 -0.543894
-0.237589 -0.544118
0.347961 -0.544118
0.279403 -0.544118
0.128989 -0.544118
-0.274527 -0.544357
-0.121104 -0.544421
-0.154255 -0.544476
-0.157801 -0.544476
0.453014 -0.544476
0.288121 -0.544476
-0.219858 -0.544476
0.162899 -0.544656
-0.225621 -0.544835
0.203901 -0.544869
-0.127807 -0.544955
-0.388889 -0.544955
0.198582 -0.544955
-0.123413 -0.545082
-0.159574 -0.545194
-0.049645 -0.545194
0.303191 -0.545194
-0.179521 -0.545194
0.286348 -0.545194
0.147163 -0.545194
-0.214096 -0.545194
0.328901 -0.545194
0.093085 -0.545194
0.169326 -0.545194
0.113475 -0.545194
0.256206 -0.545194
0.260638 -0.545194
0.308511 -0.545194
-0.152482 -0.545194
-0.081560 -0.545194
-0.234043 -0.545194
-0.211436 -0.545194
0.175532 -0.545194
0.178191 -0.545194
0.180851 -0.545194
-0.433954 -0.545194
-0.260934 -0.545433
-0.244681 -0.545552
-0.173759 -0.545552
0.276596 -0.545672
-0.280674 -0.545696
0.185875 -0.545791
-0.146277 -0.545911
-0.257979 -0.545911
-0.121454 -0.545911
-0.114362 -0.545911
0.105201 -0.545911
0.284574 -0.545911
0.209664 -0.545945
-0.130615 -0.546150
-0.277482 -0.546270
-0.135343 -0.546389
0.355053 -0.546449
-0.115101 -0.546483
0.343085 -0.546628
-0.028369 -0.546628
-0.218085 -0.546628
-0.215426 -0.546628
-0.155142 -0.546628
-0.212766 -0.546628
-0.187943 -0.546628
0.452128 -0.546628
-0.312648 -0.546628
0.221779 -0.546748
-0.070701 -0.546778
0.295213 -0.546868
0.159131 -0.546987
-0.165780 -0.546987
0.322991 -0.547107
0.179521 -0.547166
0.235372 -0.547346
-0.156915 -0.547346
-0.147606 -0.547346
0.312057 -0.547346
0.350177 -0.547346
-0.063387 -0.547346
-0.238918 -0.547346
-0.229610 -0.547346
-0.064269 -0.547645
0.284131 -0.547704
0.123670 -0.547704
-0.297134 -0.547824
0.348138 -0.547848
-0.293883 -0.548063
0.237589 -0.548063
-0.067376 -0.548063
-0.183954 -0.548063
-0.124113 -0.548063
0.164894 -0.548063
0.352394 -0.548183
0.286348 -0.548242
0.258865 -0.548302
0.187958 -0.548318
-0.163121 -0.548422
0.292553 -0.548541
0.230644 -0.548541
-0.302453 -0.548541
-0.305703 -0.548541
0.175089 -0.548601
-0.110668 -0.548635
-0.234929 -0.548780
-0.050532 -0.548780
0.445479 -0.548780
-0.201241 -0.548780
0.306738 -0.548780
0.215426 -0.548780
-0.213209 -0.548780
-0.185284 -0.548780
-0.187500 -0.548780
-0.215869 -0.548780
-0.218750 -0.548780
0.202128 -0.548780
0.160239 -0.548960
-0.134161 -0.549020
-0.224512 -0.549139
-0.273050 -0.549139
-0.111408 -0.549207
-0.138889 -0.549259
0.080895 -0.549498
0.351064 -0.549498
-0.276596 -0.549498
0.148936 -0.549498
-0.049645 -0.549498
0.326241 -0.549498
0.163121 -0.549498
-0.104610 -0.549498
-0.142730 -0.549498
0.179134 -0.549732
0.098404 -0.549857
-0.169770 -0.549857
0.212914 -0.550096
0.169326 -0.550215
-0.175089 -0.550215
0.104314 -0.550215
0.184397 -0.550215
-0.134013 -0.550335
0.343262 -0.550359
-0.084091 -0.550450
-0.269504 -0.550574
-0.224734 -0.550574
-0.140219 -0.550693
-0.115101 -0.550787
-0.050532 -0.550933
-0.239805 -0.550933
-0.178635 -0.550933
0.082373 -0.550933
-0.273050 -0.550933
0.298759 -0.550933
-0.213652 -0.550933
-0.219415 -0.550933
-0.433511 -0.550933
-0.216534 -0.550933
0.200355 -0.550933
-0.187057 -0.550933
0.214096 -0.551291
0.218528 -0.551291
0.210402 -0.551411
-0.141696 -0.551411
0.257092 -0.551411
0.262707 -0.551411
0.252364 -0.551411
-0.191637 -0.551650
0.281472 -0.551650
-0.144060 -0.551650
0.164007 -0.551650
0.326241 -0.551650
0.450798 -0.551650
-0.149823 -0.551650
0.149823 -0.551650
-0.166667 -0.551650
0.351950 -0.551650
-0.077793 -0.551799
0.174941 -0.551889
0.317671 -0.551889
0.164049 -0.551988
-0.081560 -0.552009
0.125887 -0.552009
-0.110668 -0.552222
0.166667 -0.552367
0.304965 -0.552367
0.080230 -0.552367
-0.269504 -0.552367
-0.216755 -0.552367
0.145833 -0.552367
-0.049202 -0.552367
0.067376 -0.552367
-0.184840 -0.552367
0.148493 -0.552367
-0.107270 -0.552367
-0.182624 -0.552367
-0.139184 -0.552606
-0.265366 -0.552606
0.244976 -0.552606
0.211584 -0.552606
0.296099 -0.552606
0.173759 -0.552726
0.088357 -0.552726
-0.099163 -0.552807
-0.226950 -0.552846
-0.261229 -0.552846
0.166751 -0.553043
-0.179965 -0.553085
-0.154255 -0.553085
0.309397 -0.553085
0.142730 -0.553085
0.155641 -0.553285
-0.140662 -0.553324
-0.304078 -0.553324
-0.307329 -0.553324
-0.300827 -0.553324
0.323877 -0.553324
-0.290115 -0.553623
0.221631 -0.553802
0.446809 -0.553802
-0.008422 -0.553802
0.326241 -0.553802
-0.145390 -0.553802
-0.050089 -0.553802
-0.114362 -0.553802
0.343085 -0.553802
0.237589 -0.553802
0.212766 -0.553802
-0.200355 -0.553802
0.150709 -0.553802
-0.294326 -0.553802
-0.279699 -0.553802
-0.207890 -0.553802
0.204787 -0.553802
-0.190160 -0.553802
0.209811 -0.554041
0.086215 -0.554161
0.097518 -0.554161
-0.041223 -0.554161
-0.097749 -0.554261
-0.010491 -0.554280
0.260934 -0.554519
-0.238475 -0.554519
0.219858 -0.554519
-0.194740 -0.554519
-0.147163 -0.554519
0.340426 -0.554519
-0.137411 -0.554519
0.188387 -0.554519
-0.127216 -0.554519
0.250591 -0.554758
-0.209368 -0.554758
0.074246 -0.554878
0.111702 -0.554998
0.152538 -0.555078
0.271277 -0.555237
0.148050 -0.555237
-0.007092 -0.555237
-0.187943 -0.555237
-0.148936 -0.555237
-0.243794 -0.555237
0.126773 -0.555237
-0.175532 -0.555237
0.210993 -0.555237
0.445479 -0.555237
-0.048759 -0.555237
0.218085 -0.555237
-0.211436 -0.555237
-0.320183 -0.555356
0.121306 -0.555356
-0.021277 -0.555595
-0.177305 -0.555595
-0.086623 -0.555706
-0.091479 -0.555710
-0.009161 -0.555715
-0.096336 -0.555715
-0.284353 -0.555775
0.151208 -0.555796
-0.260491 -0.555835
-0.242465 -0.555954
0.279699 -0.555954
-0.233156 -0.555954
0.196809 -0.555954
0.449468 -0.555954
-0.144799 -0.555954
0.144947 -0.555954
-0.055408 -0.555954
-0.222074 -0.556074
-0.011229 -0.556193
-0.179965 -0.556313
-0.140810 -0.556313
-0.257535 -0.556313
0.154367 -0.556355
0.289450 -0.556492
-0.286569 -0.556492
0.176714 -0.556552
0.134752 -0.556671
-0.241135 -0.556671
-0.193262 -0.556671
0.209220 -0.556671
0.299645 -0.556671
-0.085865 -0.556906
0.272754 -0.556911
-0.252660 -0.556911
-0.040780 -0.557030
0.321513 -0.557150
-0.084091 -0.557265
-0.054078 -0.557389
-0.119681 -0.557389
0.006649 -0.557389
0.446809 -0.557389
-0.164007 -0.557389
0.213652 -0.557389
-0.425384 -0.557389
0.230792 -0.557389
0.194592 -0.557389
0.264775 -0.557628
-0.246897 -0.557628
-0.006797 -0.557628
0.168482 -0.557727
0.060727 -0.557747
0.127216 -0.557747
-0.153369 -0.557747
-0.115691 -0.557747
-0.298463 -0.557867
-0.213874 -0.557927
0.181147 -0.558106
-0.282801 -0.558106
0.401596 -0.558106
0.053191 -0.558106
0.233008 -0.558106
-0.144208 -0.558106
0.308511 -0.558106
0.104167 -0.558106
0.452128 -0.558106
0.138368 -0.558169
0.258717 -0.558226
-0.086751 -0.558341
-0.224291 -0.558345
0.318558 -0.558345
-0.083333 -0.558465
-0.048528 -0.558556
-0.205083 -0.558584
0.274232 -0.558584
0.122193 -0.558584
-0.077793 -0.558614
0.102837 -0.558824
-0.081560 -0.558824
-0.177305 -0.558824
0.312057 -0.558824
0.007979 -0.558824
-0.245567 -0.558824
-0.285018 -0.558824
0.252660 -0.558824
-0.227394 -0.558943
-0.088524 -0.559058
-0.093381 -0.559063
0.092642 -0.559182
0.346188 -0.559182
-0.238918 -0.559182
-0.254876 -0.559421
0.273641 -0.559421
-0.042095 -0.559423
-0.287234 -0.559541
0.159574 -0.559541
0.145390 -0.559541
-0.230496 -0.559541
-0.159574 -0.559541
0.125443 -0.559541
-0.085993 -0.559541
-0.301271 -0.559660
-0.070701 -0.559690
-0.084220 -0.559900
-0.202571 -0.559900
0.172872 -0.559900
0.258422 -0.559900
-0.194592 -0.559900
-0.006501 -0.560019
-0.061162 -0.560140
-0.108599 -0.560258
-0.242021 -0.560258
0.038121 -0.560258
0.250887 -0.560258
0.132979 -0.560258
0.443706 -0.560258
0.127660 -0.560258
-0.225621 -0.560378
-0.076907 -0.560408
0.184397 -0.560497
-0.233599 -0.560617
-0.000887 -0.560976
-0.130319 -0.560976
-0.095745 -0.560976
0.269504 -0.560976
-0.280142 -0.560976
-0.228723 -0.560976
-0.086879 -0.560976
0.197695 -0.561334
0.315603 -0.561334
-0.206117 -0.561334
-0.171986 -0.561334
-0.010491 -0.561454
-0.059545 -0.561454
-0.111480 -0.561514
0.128630 -0.561618
0.340426 -0.561693
0.450355 -0.561693
-0.125443 -0.561693
-0.286348 -0.561693
-0.210106 -0.561693
-0.093085 -0.561693
0.294326 -0.561693
-0.060427 -0.561753
0.136594 -0.561755
0.330674 -0.561932
-0.185579 -0.561932
0.117612 -0.561932
-0.140662 -0.561932
0.256649 -0.562052
0.163121 -0.562052
0.211879 -0.562052
0.125887 -0.562052
-0.027684 -0.562084
-0.063534 -0.562171
0.247193 -0.562291
-0.079787 -0.562410
-0.098404 -0.562410
0.023050 -0.562410
0.088209 -0.562410
0.170213 -0.562410
-0.033688 -0.562410
0.290780 -0.562410
-0.041864 -0.562742
0.064273 -0.562769
0.073434 -0.562769
-0.188091 -0.562889
0.111554 -0.562889
0.120863 -0.562889
-0.216888 -0.562948
-0.034560 -0.563010
0.447695 -0.563128
0.209220 -0.563128
-0.203014 -0.563128
-0.051187 -0.563219
-0.059693 -0.563367
-0.000591 -0.563367
-0.008126 -0.563367
-0.119090 -0.563367
0.126857 -0.563411
0.175975 -0.563486
0.276596 -0.563486
-0.042765 -0.563577
0.018617 -0.563606
-0.160461 -0.563845
0.450355 -0.563845
0.187057 -0.563845
0.025709 -0.563845
-0.242908 -0.563845
-0.127660 -0.563845
0.124113 -0.563845
-0.210993 -0.563845
-0.166667 -0.563845
-0.285461 -0.563845
0.121454 -0.563845
0.105496 -0.563845
0.443262 -0.563845
0.039894 -0.563845
-0.028128 -0.563878
0.141027 -0.563908
-0.048528 -0.563936
-0.219770 -0.563965
-0.056885 -0.563965
-0.250887 -0.564084
-0.237145 -0.564204
0.093528 -0.564323
-0.119681 -0.564323
0.181738 -0.564562
0.166667 -0.564562
0.445922 -0.564562
0.104167 -0.564562
-0.292553 -0.564562
0.036791 -0.564562
-0.281028 -0.564562
0.227689 -0.564562
0.325650 -0.564802
-0.072474 -0.564891
0.206560 -0.564921
0.272163 -0.564921
0.118005 -0.565067
-0.033673 -0.565162
0.186170 -0.565280
0.033688 -0.565280
-0.107270 -0.565280
0.028369 -0.565280
-0.051418 -0.565280
0.031028 -0.565280
0.448582 -0.565280
0.040337 -0.565280
0.267730 -0.565280
-0.102837 -0.565280
-0.227837 -0.565280
-0.240248 -0.565280
-0.042996 -0.565638
0.072252 -0.565638
-0.151596 -0.565638
0.215869 -0.565638
-0.261377 -0.565638
0.220745 -0.565638
0.098404 -0.565758
-0.186761 -0.565758
-0.428487 -0.565758
-0.034574 -0.565997
-0.105940 -0.565997
0.192376 -0.565997
-0.295213 -0.565997
-0.233378 -0.565997
-0.221099 -0.565997
-0.283688 -0.565997
-0.164007 -0.565997
0.021277 -0.565997
-0.211584 -0.565997
0.121454 -0.565997
-0.016159 -0.566030
0.154551 -0.566236
-0.130615 -0.566236
0.117216 -0.566288
-0.056472 -0.566356
-0.276596 -0.566356
0.246897 -0.566356
0.251773 -0.566356
0.264184 -0.566356
0.114459 -0.566501
0.185727 -0.566714
-0.104610 -0.566714
0.201241 -0.566714
0.198582 -0.566714
-0.289007 -0.566714
0.005319 -0.566714
0.069149 -0.566714
0.226950 -0.566714
-0.228945 -0.566714
0.236554 -0.566714
-0.189273 -0.566714
0.218528 -0.566714
-0.083777 -0.566714
0.213209 -0.566714
0.442376 -0.566714
-0.213121 -0.566714
-0.075355 -0.566894
-0.009727 -0.566897
0.088948 -0.566954
0.075798 -0.567073
-0.177896 -0.567073
-0.009702 -0.567080
0.016844 -0.567193
-0.239362 -0.567432
0.448582 -0.567432
0.115248 -0.567432
0.102837 -0.567432
-0.037234 -0.567432
-0.233156 -0.567432
-0.085550 -0.567432
0.156915 -0.567432
0.103835 -0.567440
0.083924 -0.567671
0.015106 -0.567676
0.004241 -0.567765
-0.030585 -0.567791
0.206560 -0.567791
0.098404 -0.567910
-0.039007 -0.568149
-0.156028 -0.568149
-0.228723 -0.568149
0.221631 -0.568149
-0.161348 -0.568149
-0.203901 -0.568149
0.257535 -0.568149
-0.429078 -0.568149
0.259752 -0.568149
0.060284 -0.568149
-0.058865 -0.568149
0.140071 -0.568149
-0.241135 -0.568149
0.108267 -0.568157
-0.424202 -0.568508
0.262411 -0.568508
-0.253103 -0.568508
-0.106383 -0.568508
0.141844 -0.568627
0.031290 -0.568782
0.003162 -0.568815
-0.221986 -0.568867
0.235816 -0.568867
-0.213712 -0.568867
0.043440 -0.568867
-0.031915 -0.568867
0.148345 -0.569106
-0.425680 -0.569106
0.339243 -0.569106
-0.380615 -0.569345
0.093210 -0.569573
0.203901 -0.569584
0.271277 -0.569584
0.445035 -0.569584
-0.157358 -0.569584
-0.046986 -0.569584
0.192376 -0.569584
0.102837 -0.569584
0.179817 -0.569584
0.448582 -0.569584
0.103835 -0.569592
0.104832 -0.569599
0.037722 -0.569650
-0.252955 -0.569823
-0.427896 -0.569823
-0.091017 -0.569823
-0.290337 -0.569943
0.288564 -0.569943
0.160461 -0.569943
-0.277482 -0.569943
-0.117021 -0.570062
-0.164303 -0.570062
-0.114953 -0.570062
0.082742 -0.570062
0.096188 -0.570062
0.013333 -0.570067
0.026862 -0.570230
0.299645 -0.570301
0.223404 -0.570301
-0.287234 -0.570301
-0.034574 -0.570301
-0.059870 -0.570301
0.217199 -0.570301
-0.057033 -0.570301
-0.423759 -0.570301
-0.234634 -0.570301
-0.109781 -0.570540
0.001581 -0.570634
0.024970 -0.570660
-0.211141 -0.570660
0.336584 -0.570780
-0.425236 -0.570899
0.146572 -0.571019
-0.187057 -0.571019
-0.222074 -0.571019
0.254433 -0.571019
0.021868 -0.571019
-0.283688 -0.571019
-0.031915 -0.571019
0.001773 -0.571019
0.129433 -0.571019
-0.040780 -0.571019
0.308511 -0.571377
0.261525 -0.571377
0.091017 -0.571497
0.338061 -0.571497
-0.426714 -0.571497
-0.254137 -0.571497
0.062648 -0.571736
0.100621 -0.571736
0.264184 -0.571736
-0.273050 -0.571736
-0.046543 -0.571736
-0.074025 -0.571915
-0.065898 -0.571915
0.057453 -0.571952
0.026123 -0.572023
0.283245 -0.572095
-0.290928 -0.572095
-0.268026 -0.572095
0.049202 -0.572095
0.077571 -0.572095
0.068318 -0.572102
0.168883 -0.572453
-0.055408 -0.572453
0.256206 -0.572453
0.225177 -0.572453
-0.424202 -0.572453
0.329787 -0.572453
-0.080674 -0.572453
0.274823 -0.572453
-0.035461 -0.572453
0.253989 -0.572453
0.186170 -0.572453
-0.202128 -0.572453
0.024232 -0.572453
-0.028369 -0.572453
-0.060875 -0.572453
0.081560 -0.572453
0.000000 -0.572453
0.249113 -0.572453
-0.150709 -0.572453
-0.186170 -0.572453
0.043928 -0.572519
-0.279551 -0.572692
0.088948 -0.572692
0.136968 -0.572812
-0.206117 -0.572812
-0.160239 -0.572812
0.314716 -0.572812
0.092449 -0.572911
-0.425680 -0.573051
0.075059 -0.573171
0.084220 -0.573171
-0.210106 -0.573171
0.047872 -0.573171
0.052305 -0.573171
-0.040337 -0.573171
0.138741 -0.573290
-0.164524 -0.573290
0.329255 -0.573458
-0.270390 -0.573529
0.080230 -0.573529
0.182033 -0.573529
-0.108895 -0.573769
-0.136820 -0.573769
-0.242021 -0.573888
-0.265366 -0.573888
0.253546 -0.573888
-0.215426 -0.573888
-0.182329 -0.573888
-0.080230 -0.573888
-0.231678 -0.573888
0.098404 -0.573888
-0.285461 -0.573888
-0.152482 -0.573888
0.041757 -0.574020
0.151891 -0.574127
-0.228280 -0.574247
-0.199911 -0.574247
0.111702 -0.574247
0.439716 -0.574247
-0.174793 -0.574247
0.225768 -0.574605
0.117465 -0.574605
0.204344 -0.574605
0.078901 -0.574605
-0.161791 -0.574605
0.149232 -0.574845
-0.132388 -0.574845
0.083777 -0.574964
0.258865 -0.574964
-0.063239 -0.575323
-0.015957 -0.575323
-0.129433 -0.575323
-0.193262 -0.575323
-0.178487 -0.575323
-0.033688 -0.575323
-0.083333 -0.575323
0.154255 -0.575323
-0.154255 -0.575323
0.079483 -0.575414
0.086436 -0.575681
-0.264037 -0.575681
0.054622 -0.575755
-0.112293 -0.575801
0.101950 -0.576040
-0.051418 -0.576040
0.151596 -0.576040
0.253546 -0.576040
-0.078014 -0.576040
-0.286052 -0.576040
0.064476 -0.576167
0.080065 -0.576222
-0.258274 -0.576279
-0.272459 -0.576279
-0.087470 -0.576279
-0.104167 -0.576399
0.226359 -0.576758
0.148936 -0.576758
0.204787 -0.576758
-0.072695 -0.576758
-0.201684 -0.576758
-0.231974 -0.576758
-0.237293 -0.576758
-0.187943 -0.576758
0.196809 -0.576758
0.096313 -0.576986
0.040086 -0.577063
-0.423611 -0.577116
0.444592 -0.577116
0.037279 -0.577182
-0.091608 -0.577236
-0.167405 -0.577236
-0.244681 -0.577475
-0.205674 -0.577475
0.085993 -0.577475
0.286348 -0.577475
-0.061613 -0.577475
-0.069149 -0.577475
-0.216755 -0.577475
-0.185284 -0.577475
0.099291 -0.577475
0.174498 -0.577475
0.000000 -0.577475
0.067486 -0.577490
-0.197074 -0.577690
-0.173020 -0.577834
0.162677 -0.577834
0.183806 -0.577834
0.046986 -0.577834
0.061761 -0.577953
-0.271129 -0.578073
0.127660 -0.578192
0.323286 -0.578192
-0.424557 -0.578264
-0.107565 -0.578431
0.101064 -0.578551
0.293883 -0.578551
0.221158 -0.578623
0.210372 -0.578623
-0.284870 -0.578670
-0.006501 -0.578670
-0.140071 -0.578910
0.197252 -0.578910
-0.058954 -0.578910
0.442376 -0.578910
0.437943 -0.578910
-0.265071 -0.578910
-0.176714 -0.578910
-0.181442 -0.578910
0.077940 -0.579268
0.093085 -0.579268
0.132535 -0.579268
-0.179669 -0.579268
-0.211436 -0.579268
0.155585 -0.579268
-0.036791 -0.579268
0.064772 -0.579276
0.049054 -0.579388
0.323936 -0.579484
-0.116430 -0.579627
0.083998 -0.579627
0.129433 -0.579627
-0.422577 -0.579627
0.281915 -0.579627
0.235816 -0.579627
0.148936 -0.579627
-0.237589 -0.579627
0.301418 -0.579627
-0.232270 -0.579627
-0.044770 -0.579627
-0.214096 -0.579627
-0.032801 -0.579627
-0.018913 -0.579627
-0.263741 -0.579986
-0.066046 -0.579986
-0.230053 -0.579986
-0.151152 -0.579986
0.038416 -0.580105
0.226950 -0.580105
-0.193085 -0.580201
-0.007240 -0.580225
-0.127660 -0.580344
0.441489 -0.580344
0.242908 -0.580344
0.171099 -0.580344
0.204344 -0.580344
0.032801 -0.580344
-0.053635 -0.580344
-0.081560 -0.580344
-0.003251 -0.580583
0.004433 -0.580583
0.125887 -0.580703
0.267730 -0.580703
-0.102837 -0.581062
-0.072695 -0.581062
0.273050 -0.581062
-0.189716 -0.581062
0.189716 -0.581062
-0.010047 -0.581062
-0.076241 -0.581062
0.062057 -0.581062
0.100177 -0.581062
0.199025 -0.581062
0.058511 -0.581062
0.307624 -0.581062
0.131206 -0.581062
-0.060284 -0.581062
0.146868 -0.581301
-0.056885 -0.581301
-0.109338 -0.581301
0.086436 -0.581420
-0.063387 -0.581420
0.265071 -0.581420
-0.209220 -0.581420
-0.122340 -0.581540
-0.421690 -0.581540
-0.111111 -0.581659
0.139332 -0.581659
0.040928 -0.581659
-0.004137 -0.581659
-0.160461 -0.581779
0.164007 -0.581779
0.174202 -0.581779
0.043883 -0.581779
0.111702 -0.581779
0.082004 -0.581779
0.005319 -0.582018
0.127660 -0.582138
-0.204787 -0.582138
-0.085550 -0.582138
0.306738 -0.582138
0.120124 -0.582138
-0.206560 -0.582496
0.436170 -0.582496
-0.174941 -0.582496
0.234929 -0.582496
-0.184397 -0.582496
0.289894 -0.582496
0.313830 -0.582496
-0.422636 -0.582688
0.230496 -0.582736
0.441046 -0.582855
0.060727 -0.582855
0.058954 -0.582855
0.114362 -0.582855
0.119060 -0.583070
-0.200177 -0.583070
-0.223552 -0.583094
-0.271572 -0.583094
-0.004876 -0.583214
-0.039894 -0.583214
-0.186170 -0.583214
0.043440 -0.583214
-0.215426 -0.583214
-0.194858 -0.583309
0.048463 -0.583453
-0.120567 -0.583453
0.221040 -0.583453
0.211584 -0.583453
0.316489 -0.583501
-0.276300 -0.583572
-0.069592 -0.583572
-0.010491 -0.583572
-0.000887 -0.583572
0.081191 -0.583572
0.084441 -0.583572
-0.419622 -0.583931
0.151596 -0.583931
0.099734 -0.583931
-0.049645 -0.583931
-0.134752 -0.583931
0.000887 -0.583931
0.203901 -0.583931
-0.187943 -0.583931
0.016401 -0.583931
0.064716 -0.583931
-0.042110 -0.583931
-0.274527 -0.584051
0.123050 -0.584146
0.146868 -0.584170
0.155585 -0.584290
0.440160 -0.584290
-0.046986 -0.584290
-0.119238 -0.584409
0.119504 -0.584505
-0.092346 -0.584529
0.315603 -0.584577
0.276596 -0.584648
-0.044326 -0.584648
0.437943 -0.584648
0.229610 -0.584648
0.248227 -0.584888
0.102098 -0.584888
0.121986 -0.585079
-0.255615 -0.585127
-0.176566 -0.585187
0.217051 -0.585246
0.107861 -0.585246
0.125887 -0.585366
-0.076241 -0.585366
-0.160461 -0.585366
-0.072695 -0.585366
-0.079787 -0.585366
0.234043 -0.585366
0.154255 -0.585366
-0.117908 -0.585366
0.297872 -0.585366
-0.013002 -0.585366
-0.031472 -0.585366
0.193262 -0.585366
-0.212766 -0.585366
0.080378 -0.585366
-0.157210 -0.585605
-0.216017 -0.585605
0.221188 -0.585725
-0.067228 -0.585725
0.043883 -0.585725
-0.042110 -0.585725
-0.418735 -0.585844
-0.056147 -0.585844
0.046395 -0.585844
-0.219267 -0.585844
0.181738 -0.586203
0.049054 -0.586203
-0.144651 -0.586203
0.038416 -0.586322
0.212618 -0.586322
0.141844 -0.586322
0.111702 -0.586442
-0.183511 -0.586442
0.163564 -0.586442
-0.044326 -0.586442
-0.210106 -0.586442
0.109929 -0.586442
0.246897 -0.586561
0.035165 -0.586561
0.206117 -0.586801
0.207299 -0.586801
-0.078014 -0.586801
-0.061170 -0.586801
-0.074468 -0.586801
0.056738 -0.586801
0.031915 -0.586801
0.099291 -0.586801
0.067376 -0.586801
0.442376 -0.586801
-0.031028 -0.586801
-0.161348 -0.586801
0.015957 -0.586801
0.439716 -0.586801
-0.138298 -0.586801
-0.106383 -0.586801
-0.158097 -0.587040
-0.205674 -0.587159
-0.064273 -0.587159
-0.040337 -0.587159
-0.108156 -0.587159
0.177305 -0.587159
0.041371 -0.587279
0.004728 -0.587279
-0.207447 -0.587518
0.217199 -0.587518
-0.005762 -0.587518
0.114362 -0.587518
0.088652 -0.587518
0.312057 -0.587518
-0.014480 -0.587518
0.020095 -0.587518
0.152926 -0.587518
-0.070331 -0.587518
-0.141253 -0.587757
0.148197 -0.587757
-0.011377 -0.587877
-0.178191 -0.587877
-0.173463 -0.588056
0.116844 -0.588092
-0.035461 -0.588235
0.044326 -0.588235
-0.076241 -0.588235
-0.044326 -0.588235
0.199911 -0.588235
-0.023493 -0.588235
-0.081117 -0.588235
-0.053191 -0.588235
-0.151891 -0.588474
0.212766 -0.588594
0.130910 -0.588594
-0.419326 -0.588594
-0.072252 -0.588594
0.226064 -0.588594
-0.145095 -0.588714
0.104019 -0.588714
-0.421986 -0.588953
0.049645 -0.588953
0.054078 -0.588953
-0.087766 -0.588953
0.051862 -0.588953
-0.139628 -0.588953
-0.159574 -0.588953
-0.180408 -0.589132
0.140588 -0.589132
0.186170 -0.589192
-0.135343 -0.589192
-0.248818 -0.589192
-0.056442 -0.589192
-0.128251 -0.589192
0.435284 -0.589311
-0.215426 -0.589431
0.438239 -0.589431
0.255762 -0.589670
-0.148936 -0.589670
0.271277 -0.589670
0.134161 -0.589670
-0.015957 -0.589670
0.239805 -0.589670
-0.117021 -0.589670
0.018322 -0.589670
-0.120124 -0.589670
0.117287 -0.589885
0.106087 -0.589909
0.039450 -0.590029
0.189938 -0.590148
0.173759 -0.590387
0.080674 -0.590387
-0.153369 -0.590387
-0.182624 -0.590387
-0.195035 -0.590387
-0.203901 -0.590387
-0.023493 -0.590387
0.146941 -0.590567
-0.224291 -0.590626
0.003694 -0.590626
0.282506 -0.590626
-0.069888 -0.590746
0.216755 -0.590746
-0.113032 -0.590746
-0.205674 -0.590746
-0.175089 -0.590746
-0.133865 -0.591105
-0.065012 -0.591105
0.111702 -0.591105
0.234043 -0.591105
-0.163121 -0.591105
-0.082447 -0.591105
0.014184 -0.591105
0.134456 -0.591105
-0.157801 -0.591105
0.120124 -0.591105
0.060284 -0.591105
0.031028 -0.591105
0.069149 -0.591105
0.187648 -0.591344
0.104314 -0.591344
0.005556 -0.591344
-0.087323 -0.591463
0.062500 -0.591463
0.152926 -0.591463
-0.419326 -0.591463
0.185727 -0.591583
0.002216 -0.591822
0.212323 -0.591822
-0.093085 -0.591822
-0.048759 -0.591822
-0.015957 -0.591822
0.194814 -0.591822
0.238032 -0.591822
0.059102 -0.591822
-0.071809 -0.591822
0.138520 -0.592001
-0.199468 -0.592181
0.171099 -0.592181
0.041593 -0.592241
-0.079048 -0.592300
-0.239066 -0.592300
-0.167553 -0.592360
-0.056738 -0.592539
0.089096 -0.592539
-0.148936 -0.592539
-0.413121 -0.592539
-0.059397 -0.592539
0.133570 -0.592539
-0.084663 -0.592539
0.134752 -0.592539
0.098404 -0.592539
0.438830 -0.592539
-0.073729 -0.592659
-0.108156 -0.592898
-0.132388 -0.593018
-0.129580 -0.593137
0.154255 -0.593257
-0.153369 -0.593257
0.073582 -0.593257
-0.126773 -0.593257
0.077128 -0.593257
0.157137 -0.593436
-0.218085 -0.593496
-0.067967 -0.593496
0.290485 -0.593496
0.160018 -0.593615
0.067819 -0.593615
0.221631 -0.593615
0.169770 -0.593615
-0.247340 -0.593615
-0.121454 -0.593615
-0.238771 -0.593735
0.208186 -0.593735
0.187204 -0.593735
-0.135343 -0.593855
-0.116135 -0.593974
0.167110 -0.593974
-0.007092 -0.593974
-0.145390 -0.593974
0.025414 -0.593974
0.104610 -0.593974
0.185284 -0.593974
-0.015957 -0.593974
-0.095745 -0.593974
-0.419326 -0.594333
-0.164007 -0.594333
-0.141401 -0.594333
-0.196809 -0.594333
0.228723 -0.594333
-0.179965 -0.594333
0.043735 -0.594452
0.378251 -0.594572
-0.092642 -0.594572
-0.014628 -0.594692
0.004521 -0.594692
0.168883 -0.594692
-0.158097 -0.594692
-0.138298 -0.594692
-0.010195 -0.594692
0.035683 -0.594871
-0.128428 -0.594931
0.148493 -0.595050
0.052748 -0.595050
-0.125621 -0.595050
-0.114362 -0.595050
0.437352 -0.595170
0.157137 -0.595230
0.166667 -0.595409
0.074468 -0.595409
0.230496 -0.595409
-0.413121 -0.595409
-0.168440 -0.595588
-0.093972 -0.595648
0.011968 -0.595768
-0.038121 -0.595768
0.171099 -0.595768
0.143839 -0.595947
-0.174645 -0.595947
0.297577 -0.596007
0.182181 -0.596126
-0.201241 -0.596126
-0.101064 -0.596126
0.434397 -0.596126
0.015219 -0.596485
0.175532 -0.596485
-0.145390 -0.596485
-0.035018 -0.596844
0.275709 -0.596844
0.149823 -0.596844
0.054669 -0.596844
0.092642 -0.596844
-0.224586 -0.596844
-0.409574 -0.596844
-0.074468 -0.596844
-0.122074 -0.596844
0.154255 -0.596844
0.086436 -0.596844
-0.170656 -0.597023
0.158023 -0.597023
-0.071217 -0.597083
0.109486 -0.597202
0.436170 -0.597202
-0.067967 -0.597322
0.162899 -0.597382
-0.006028 -0.597418
-0.001152 -0.597418
0.079787 -0.597561
-0.018322 -0.597561
0.031028 -0.597561
-0.115691 -0.597561
0.273936 -0.597561
0.137411 -0.597561
-0.164894 -0.597561
-0.180851 -0.597561
0.208038 -0.597800
-0.203014 -0.597920
0.008067 -0.597920
0.204196 -0.598039
0.000709 -0.598135
0.189864 -0.598219
0.271277 -0.598278
-0.228723 -0.598278
0.200355 -0.598278
-0.219858 -0.598278
0.179078 -0.598278
-0.154772 -0.598458
0.155142 -0.598637
0.432092 -0.598637
0.149823 -0.598637
0.066933 -0.598637
-0.070331 -0.598876
-0.090426 -0.598996
-0.167110 -0.598996
0.100177 -0.598996
0.077128 -0.598996
0.083333 -0.598996
0.167996 -0.598996
-0.132565 -0.599235
0.296543 -0.599354
-0.173316 -0.599354
0.177748 -0.599354
0.196809 -0.599713
0.104610 -0.599713
-0.416667 -0.599713
0.031915 -0.599713
0.015662 -0.599713
-0.011082 -0.599713
-0.095745 -0.599713
-0.160461 -0.600072
-0.210993 -0.600072
-0.200355 -0.600072
0.172429 -0.600072
0.223404 -0.600072
0.061466 -0.600191
-0.092199 -0.600430
-0.072695 -0.600430
0.109043 -0.600430
0.087766 -0.600430
-0.157210 -0.600430
0.199468 -0.600430
0.184840 -0.600610
0.160904 -0.600789
-0.004965 -0.600861
-0.087323 -0.600909
0.197695 -0.601148
-0.115248 -0.601148
0.111702 -0.601148
0.078901 -0.601148
0.051418 -0.601148
0.225177 -0.601148
0.193706 -0.601327
0.238475 -0.601506
0.142730 -0.601506
0.117465 -0.601506
0.040780 -0.601626
-0.140662 -0.601626
0.283097 -0.601626
0.374261 -0.601746
-0.202128 -0.601865
0.253103 -0.601865
-0.101064 -0.601865
0.082890 -0.601865
0.127660 -0.601865
-0.031028 -0.602224
0.159574 -0.602224
-0.006915 -0.602439
-0.171247 -0.602463
0.143617 -0.602582
0.198582 -0.602582
0.090426 -0.602582
0.094858 -0.602582
-0.014775 -0.602582
0.164450 -0.602582
-0.189716 -0.602582
0.037677 -0.602822
-0.185875 -0.602822
0.147163 -0.602941
0.251773 -0.602941
-0.122961 -0.602941
0.190603 -0.602941
0.174645 -0.603300
0.021277 -0.603300
-0.020981 -0.603300
0.179965 -0.603300
-0.092199 -0.603539
-0.182329 -0.603539
0.049645 -0.603659
0.102837 -0.603659
0.051862 -0.603659
-0.036126 -0.603838
-0.026596 -0.604017
0.072695 -0.604017
0.034574 -0.604017
0.146277 -0.604017
0.280142 -0.604017
0.085550 -0.604017
-0.008865 -0.604017
-0.107270 -0.604017
0.372045 -0.604256
0.178635 -0.604376
-0.149379 -0.604376
0.203310 -0.604495
0.058215 -0.604495
-0.173168 -0.604495
-0.102837 -0.604555
0.117021 -0.604735
0.278369 -0.604735
-0.015071 -0.604735
0.075355 -0.604735
0.096188 -0.605093
0.008422 -0.605093
0.001064 -0.605308
0.041445 -0.605332
-0.131058 -0.605332
0.190751 -0.605392
0.276596 -0.605452
0.193262 -0.605452
0.080674 -0.605452
0.069149 -0.605452
-0.032801 -0.605452
0.136525 -0.605452
-0.056147 -0.605571
0.185727 -0.605631
0.088209 -0.605811
0.280585 -0.606169
0.098404 -0.606169
0.196809 -0.606169
-0.079344 -0.606169
-0.045213 -0.606169
-0.025709 -0.606169
-0.034796 -0.606349
-0.140810 -0.606408
-0.180260 -0.606648
0.079639 -0.606648
0.067080 -0.606648
0.211288 -0.606648
0.278812 -0.606887
-0.050089 -0.606887
-0.030142 -0.606887
0.043218 -0.606887
-0.391844 -0.606887
0.427305 -0.606887
0.058658 -0.607006
-0.074468 -0.607245
-0.036791 -0.607245
0.076537 -0.607365
0.093085 -0.607604
0.132979 -0.607604
-0.094858 -0.607604
0.432624 -0.607604
0.078605 -0.607843
0.105496 -0.607963
0.185875 -0.608082
-0.097518 -0.608142
-0.173907 -0.608202
-0.152482 -0.608321
0.008865 -0.608321
-0.195035 -0.608321
0.180851 -0.608321
0.152482 -0.608321
0.219858 -0.608321
0.108156 -0.608321
-0.143469 -0.608441
0.082299 -0.608441
-0.169622 -0.608560
-0.141844 -0.608680
0.095301 -0.608680
0.100177 -0.608680
0.070331 -0.608800
-0.087323 -0.608800
0.192967 -0.608800
0.428191 -0.609039
0.163121 -0.609039
-0.121454 -0.609039
0.042110 -0.609039
0.148936 -0.609039
0.106383 -0.609039
0.120567 -0.609756
-0.410461 -0.609756
0.113475 -0.609756
-0.108156 -0.609756
0.007092 -0.609756
0.097518 -0.609756
0.219858 -0.609756
-0.195035 -0.610115
0.102837 -0.610115
-0.103723 -0.610294
-0.180999 -0.610354
-0.010638 -0.610473
0.223848 -0.610473
-0.028369 -0.610473
0.196809 -0.610473
-0.144208 -0.610713
-0.051418 -0.610832
-0.114805 -0.611191
-0.117908 -0.611191
0.158245 -0.611191
-0.111702 -0.611191
0.015957 -0.611191
-0.025709 -0.611191
0.123227 -0.611191
0.103723 -0.611191
-0.106383 -0.611191
0.089982 -0.611310
-0.038785 -0.611370
0.196365 -0.611549
0.169326 -0.611549
-0.397163 -0.611549
-0.064125 -0.611669
-0.101950 -0.611729
-0.331265 -0.611908
-0.109929 -0.611908
-0.184840 -0.611908
0.109043 -0.611908
0.223848 -0.611908
-0.088209 -0.611908
0.270833 -0.611908
0.130762 -0.611908
0.219858 -0.611908
-0.030585 -0.611908
-0.033910 -0.612088
-0.116578 -0.612267
-0.170361 -0.612267
0.049645 -0.612267
0.084663 -0.612267
0.422872 -0.612267
0.426418 -0.612386
0.092199 -0.612386
-0.106383 -0.612626
0.121454 -0.612626
0.009752 -0.612626
0.189273 -0.612745
-0.394799 -0.612865
0.104610 -0.612865
-0.111702 -0.612984
0.269504 -0.612984
-0.143026 -0.613104
0.072991 -0.613104
-0.123670 -0.613223
0.206560 -0.613343
0.126773 -0.613343
0.114362 -0.613343
0.130762 -0.613343
-0.141401 -0.613343
0.166667 -0.613343
0.184397 -0.613582
-0.172429 -0.613702
0.046764 -0.613702
-0.076241 -0.614060
0.163121 -0.614060
0.227837 -0.614060
0.219858 -0.614060
-0.082447 -0.614060
0.121897 -0.614060
-0.079344 -0.614060
-0.026596 -0.614060
0.124113 -0.614060
0.171986 -0.614060
0.040115 -0.614060
-0.095745 -0.614060
0.151005 -0.614060
-0.000000 -0.614060
0.181738 -0.614180
-0.133422 -0.614299
0.103723 -0.614299
0.062943 -0.614419
0.175532 -0.614419
0.005319 -0.614419
0.057181 -0.614419
0.042627 -0.614658
-0.145390 -0.614778
-0.159279 -0.614778
0.221631 -0.614778
0.225621 -0.614778
0.231383 -0.614778
0.118056 -0.615017
0.180851 -0.615136
0.059619 -0.615316
0.223404 -0.615495
0.260638 -0.615495
0.182624 -0.615495
0.021277 -0.615495
0.214539 -0.615495
0.079787 -0.615495
-0.028812 -0.615495
-0.040780 -0.615495
0.081560 -0.615495
0.219858 -0.615495
0.143617 -0.615495
0.107270 -0.615734
0.113180 -0.615734
0.116430 -0.615973
0.104610 -0.615973
0.244681 -0.616212
-0.167553 -0.616212
0.062057 -0.616212
0.221631 -0.616212
0.179078 -0.616571
0.144947 -0.616571
0.159574 -0.616930
-0.031028 -0.616930
0.169991 -0.616930
-0.033245 -0.616930
-0.152482 -0.616930
0.128989 -0.616930
0.015071 -0.616930
-0.073582 -0.616930
0.103723 -0.617169
0.029699 -0.617288
0.226507 -0.617288
0.066785 -0.617408
-0.400118 -0.617527
-0.326832 -0.617647
-0.390957 -0.617647
0.175532 -0.617647
0.109043 -0.617647
0.418440 -0.617647
0.130319 -0.617647
0.146277 -0.617647
0.222518 -0.617647
0.126330 -0.617647
0.257979 -0.617647
-0.086436 -0.617647
0.056073 -0.617826
0.106383 -0.617886
-0.403369 -0.618006
0.065603 -0.618364
-0.084663 -0.618364
-0.081117 -0.618364
-0.108156 -0.618364
-0.106383 -0.618364
0.154551 -0.618364
-0.020390 -0.618364
0.051418 -0.618364
-0.117465 -0.618723
0.079787 -0.618723
0.239805 -0.618723
0.142730 -0.618723
-0.397754 -0.618843
0.187943 -0.618843
0.214835 -0.618843
-0.132757 -0.618962
0.121011 -0.619082
0.174424 -0.619082
0.047281 -0.619321
-0.398936 -0.619799
0.073582 -0.619799
0.187057 -0.619799
-0.070922 -0.619799
0.108156 -0.619799
-0.093972 -0.619799
-0.018617 -0.619799
0.149527 -0.619799
-0.021277 -0.619799
0.060284 -0.619799
0.053191 -0.619799
-0.159840 -0.620014
-0.152482 -0.620158
0.423316 -0.620158
0.064716 -0.620158
0.043144 -0.620277
-0.003251 -0.620277
-0.402187 -0.620277
0.017730 -0.620516
0.424645 -0.620516
-0.139628 -0.620516
0.057624 -0.620516
-0.122784 -0.620756
-0.400118 -0.620756
-0.397902 -0.620756
0.091017 -0.620756
-0.030142 -0.620756
0.354314 -0.620803
0.420213 -0.620875
-0.143839 -0.620875
0.082447 -0.620875
0.218381 -0.620995
-0.401152 -0.621234
-0.070922 -0.621234
0.054965 -0.621234
-0.076241 -0.621234
0.205674 -0.621234
-0.148050 -0.621234
0.147163 -0.621234
-0.011525 -0.621593
0.035904 -0.621593
0.040780 -0.621712
-0.031915 -0.621712
0.210402 -0.621712
0.011525 -0.621951
-0.078014 -0.621951
-0.073582 -0.621951
0.060727 -0.621951
0.141844 -0.621951
0.215130 -0.622190
0.139184 -0.622310
-0.079787 -0.622669
-0.086879 -0.622669
-0.083333 -0.622669
-0.398050 -0.622669
0.058067 -0.622669
0.153221 -0.622669
-0.027482 -0.622669
-0.070035 -0.622669
0.083333 -0.622669
0.099882 -0.622669
0.052305 -0.622669
0.042849 -0.622908
-0.090426 -0.623386
-0.142066 -0.623386
0.078014 -0.623386
-0.023050 -0.623386
0.201241 -0.623386
-0.396055 -0.623565
0.002069 -0.623625
0.036052 -0.623625
-0.029255 -0.623625
-0.016253 -0.623625
0.080674 -0.623745
0.087766 -0.623745
0.143617 -0.623745
-0.146277 -0.623745
0.093972 -0.623864
-0.070035 -0.624103
-0.012411 -0.624103
-0.097518 -0.624103
-0.109929 -0.624103
0.122340 -0.624103
0.033688 -0.624103
-0.131206 -0.624103
-0.111702 -0.624103
0.021277 -0.624103
-0.399823 -0.624103
0.140957 -0.624103
0.108156 -0.624103
-0.033688 -0.624342
-0.007092 -0.624462
0.138298 -0.624462
-0.394060 -0.624462
-0.138963 -0.624462
0.062500 -0.624821
0.035461 -0.624821
0.419326 -0.624821
-0.001773 -0.624821
-0.093972 -0.624821
-0.385638 -0.624821
-0.017730 -0.624821
0.172946 -0.624940
0.003546 -0.625060
-0.104610 -0.625060
-0.012707 -0.625060
-0.077423 -0.625299
0.039894 -0.625538
0.153812 -0.625538
0.150709 -0.625538
0.416667 -0.625538
0.037234 -0.625538
0.121454 -0.625538
0.014184 -0.625538
0.042553 -0.625538
0.063830 -0.625538
-0.090426 -0.625538
-0.069149 -0.625538
0.156915 -0.625538
-0.075355 -0.625897
-0.013002 -0.626016
-0.107270 -0.626255
0.047872 -0.626255
0.140071 -0.626255
-0.101950 -0.626255
0.111259 -0.626255
-0.134752 -0.626255
0.075355 -0.626435
-0.392066 -0.626435
0.035461 -0.626495
0.000000 -0.626614
0.152926 -0.626614
-0.028369 -0.626614
0.156028 -0.626614
-0.061613 -0.626614
-0.095745 -0.626614
-0.105496 -0.626734
-0.159397 -0.626829
-0.011525 -0.626973
-0.082447 -0.626973
0.096927 -0.626973
0.053191 -0.626973
-0.021277 -0.626973
-0.014480 -0.627212
-0.032801 -0.627331
-0.006206 -0.627331
-0.141401 -0.627331
0.093676 -0.627331
0.164746 -0.627451
0.132683 -0.627451
0.033688 -0.627451
0.102541 -0.627690
0.090426 -0.627690
0.155142 -0.627690
-0.070035 -0.627690
-0.054078 -0.627690
0.070035 -0.627690
-0.039303 -0.627929
-0.011820 -0.627929
0.074468 -0.628049
-0.048611 -0.628288
-0.390071 -0.628407
-0.015957 -0.628407
0.108156 -0.628407
-0.395390 -0.628407
0.415780 -0.628407
-0.067376 -0.628407
0.417553 -0.628407
0.027482 -0.628407
0.150709 -0.628407
0.113032 -0.628407
0.068262 -0.628407
0.039450 -0.628766
0.061170 -0.628766
-0.038121 -0.628766
-0.100177 -0.628766
0.413564 -0.628766
-0.029255 -0.628766
0.145390 -0.628766
-0.025709 -0.629125
0.079787 -0.629125
-0.050975 -0.629125
-0.093972 -0.629125
0.099882 -0.629125
0.017730 -0.629125
0.010993 -0.629197
0.134456 -0.629244
0.007447 -0.629316
-0.059840 -0.629484
0.055851 -0.629484
0.152926 -0.629484
0.124704 -0.629603
0.073582 -0.629663
0.037677 -0.629723
0.345301 -0.629842
0.054078 -0.629842
-0.010638 -0.629842
0.116135 -0.629842
-0.389628 -0.629842
-0.132979 -0.630201
-0.150266 -0.630201
0.121011 -0.630201
-0.072695 -0.630201
-0.056294 -0.630201
0.003546 -0.630320
-0.081856 -0.630320
0.076241 -0.630380
-0.031915 -0.630560
0.109929 -0.630560
-0.391844 -0.630560
-0.074468 -0.630560
-0.020390 -0.630560
-0.394504 -0.630560
0.175384 -0.630679
-0.043735 -0.630799
-0.143174 -0.630918
0.000443 -0.630918
-0.126330 -0.631277
-0.026596 -0.631277
-0.389184 -0.631277
0.414894 -0.631277
0.416667 -0.631277
0.154255 -0.631277
0.072695 -0.631277
0.152482 -0.631277
-0.065603 -0.631277
-0.073138 -0.631636
0.064125 -0.631994
-0.028369 -0.631994
-0.062057 -0.631994
0.041667 -0.631994
0.058511 -0.631994
0.410461 -0.631994
0.178191 -0.631994
-0.391401 -0.631994
-0.074911 -0.631994
0.008865 -0.632114
-0.080230 -0.632353
0.048316 -0.632353
0.056738 -0.632353
-0.052748 -0.632712
0.098404 -0.632712
0.342863 -0.632712
0.072695 -0.632712
0.111702 -0.632712
-0.058511 -0.632712
0.019060 -0.632712
-0.044326 -0.632712
0.078014 -0.632712
0.102837 -0.633070
-0.115248 -0.633429
0.187943 -0.633429
-0.389628 -0.633429
-0.075355 -0.633429
-0.002807 -0.633549
-0.004728 -0.633668
0.107270 -0.633788
0.010638 -0.633907
0.138889 -0.634027
-0.028369 -0.634146
-0.156028 -0.634146
-0.391844 -0.634146
0.152778 -0.634146
0.023936 -0.634146
0.016401 -0.634146
0.018617 -0.634146
0.056738 -0.634146
0.048759 -0.634146
0.102837 -0.634864
0.413564 -0.634864
0.110816 -0.634864
0.415337 -0.634864
0.183954 -0.635222
-0.047872 -0.635222
-0.054965 -0.635222
-0.390071 -0.635581
0.058511 -0.635581
0.021277 -0.635581
-0.141844 -0.635581
0.149527 -0.635581
0.049645 -0.635581
0.106383 -0.635940
-0.138298 -0.635940
0.170656 -0.635940
-0.134752 -0.636298
0.096188 -0.636298
0.082151 -0.636538
0.109929 -0.637016
-0.137411 -0.637016
-0.386968 -0.637016
0.151300 -0.637016
0.061466 -0.637016
0.040337 -0.637016
-0.389628 -0.637195
0.090130 -0.637255
0.079492 -0.637255
-0.133865 -0.637374
-0.065603 -0.637374
-0.107270 -0.637733
0.409131 -0.637733
-0.062057 -0.638092
-0.074616 -0.638092
0.064421 -0.638451
0.044326 -0.638451
-0.013298 -0.638451
-0.383865 -0.638451
0.412234 -0.638451
0.407801 -0.638451
0.130024 -0.638570
0.126330 -0.639168
-0.041962 -0.639287
0.101064 -0.639347
0.093972 -0.639407
-0.097518 -0.639527
0.409574 -0.639885
0.060727 -0.639885
0.155733 -0.639885
0.119681 -0.639885
0.045213 -0.639885
0.148345 -0.639885
0.163121 -0.639885
-0.384752 -0.640065
0.105496 -0.640244
0.041667 -0.640244
0.086288 -0.640363
0.070035 -0.640603
-0.058511 -0.640603
-0.381649 -0.640603
0.406324 -0.640603
-0.007683 -0.641081
0.003546 -0.641081
0.098848 -0.641141
0.109043 -0.641320
-0.129876 -0.641320
0.063682 -0.641320
0.403073 -0.641320
0.046099 -0.641320
0.096188 -0.641559
0.113918 -0.641679
0.000443 -0.641679
-0.020390 -0.641798
-0.023050 -0.642037
0.153369 -0.642276
0.018026 -0.642516
0.090130 -0.642516
-0.384309 -0.642755
0.008865 -0.642755
0.065898 -0.642755
-0.118794 -0.642755
-0.073877 -0.642755
-0.379433 -0.642755
-0.069740 -0.643113
0.140662 -0.643233
-0.381206 -0.643293
0.134456 -0.643352
0.403132 -0.643615
0.076832 -0.643711
-0.382979 -0.643831
0.041667 -0.643831
0.152482 -0.644189
0.056294 -0.644189
-0.085106 -0.644189
0.049645 -0.644189
0.096631 -0.644249
0.406383 -0.644333
-0.031028 -0.644907
-0.113475 -0.644907
0.131206 -0.644907
0.036052 -0.645146
0.040189 -0.645385
0.108156 -0.645624
0.065160 -0.645624
0.098404 -0.645803
0.048463 -0.645863
-0.381649 -0.645947
0.127216 -0.645983
0.032654 -0.646102
0.401005 -0.646162
-0.136525 -0.646341
0.035461 -0.646341
0.117908 -0.646341
-0.378546 -0.646485
0.039598 -0.646581
0.092199 -0.646581
0.104610 -0.646820
-0.380319 -0.647023
-0.083333 -0.647059
0.029255 -0.647059
-0.108156 -0.647059
0.080378 -0.647298
-0.051418 -0.647418
0.047281 -0.647537
-0.078310 -0.647776
0.101064 -0.648015
-0.043144 -0.648015
0.401064 -0.648458
-0.104610 -0.648494
0.092199 -0.648494
0.130319 -0.648494
0.093972 -0.648494
0.141844 -0.648494
0.396277 -0.649211
-0.004433 -0.649211
0.402482 -0.649211
-0.013298 -0.649689
0.010934 -0.649689
0.001773 -0.649928
-0.083038 -0.649928
-0.377660 -0.650215
-0.058511 -0.650287
-0.151596 -0.650646
-0.018617 -0.651124
-0.103280 -0.651722
0.027926 -0.651841
0.040041 -0.651961
0.095390 -0.651985
-0.272163 -0.652080
-0.123227 -0.652080
-0.047281 -0.652559
-0.375000 -0.652582
-0.082742 -0.652798
0.023345 -0.653037
0.397163 -0.653336
0.088209 -0.653515
-0.027482 -0.653515
-0.044031 -0.653754
-0.022163 -0.654232
0.074468 -0.654232
0.017435 -0.654472
0.121011 -0.654591
-0.024379 -0.654591
0.095301 -0.654711
0.123670 -0.654950
0.002364 -0.654950
-0.021277 -0.654950
-0.372340 -0.654950
0.127216 -0.655667
0.395390 -0.655667
-0.033688 -0.655667
0.089716 -0.655954
0.119238 -0.656265
-0.035018 -0.656385
0.029699 -0.656504
-0.030585 -0.656743
0.110816 -0.657102
-0.023050 -0.657102
0.060136 -0.657102
-0.018174 -0.657281
-0.025266 -0.657461
-0.013298 -0.657461
-0.100621 -0.657461
0.027926 -0.657580
0.082004 -0.657819
0.173316 -0.658178
0.085993 -0.658537
-0.034131 -0.658537
-0.052305 -0.658537
0.011377 -0.658656
0.089628 -0.658680
0.052305 -0.658776
-0.029699 -0.658895
0.005467 -0.658895
-0.113032 -0.658895
0.160018 -0.658895
0.074911 -0.658895
0.046247 -0.659134
0.017435 -0.659254
-0.129433 -0.659254
0.014775 -0.659493
-0.044917 -0.659493
0.048641 -0.659493
-0.110372 -0.659613
0.002955 -0.659971
-0.041223 -0.659971
-0.002660 -0.659971
-0.031915 -0.659971
-0.082595 -0.660330
0.108156 -0.660450
0.005910 -0.660450
-0.363475 -0.660689
0.387116 -0.660689
-0.074173 -0.660689
0.392730 -0.660689
0.079196 -0.660928
-0.266844 -0.661047
-0.095745 -0.661406
0.089539 -0.661406
-0.049645 -0.661406
-0.039007 -0.661406
-0.366135 -0.661526
0.307181 -0.661765
0.087323 -0.661765
-0.364894 -0.661980
-0.139184 -0.662123
-0.047872 -0.662123
0.065898 -0.662123
0.124113 -0.662841
-0.124113 -0.662841
0.387116 -0.663080
-0.362411 -0.663128
0.384013 -0.663199
0.075355 -0.663558
0.172872 -0.663558
0.086879 -0.663917
0.077866 -0.664156
-0.359929 -0.664275
-0.059397 -0.664275
-0.011082 -0.664455
-0.089096 -0.664634
0.124704 -0.664993
0.387411 -0.664993
-0.117908 -0.664993
0.076241 -0.664993
0.172872 -0.664993
-0.363475 -0.665495
0.078753 -0.665591
0.035018 -0.665710
0.088652 -0.665710
-0.021720 -0.666069
0.082890 -0.666069
0.120567 -0.666188
0.000887 -0.666188
0.013593 -0.666188
-0.004728 -0.666188
-0.359929 -0.666188
0.022606 -0.666428
0.077128 -0.666428
0.075355 -0.666428
0.381649 -0.666786
-0.023936 -0.667145
0.102394 -0.667145
-0.147163 -0.667145
-0.127069 -0.667384
-0.035461 -0.667504
-0.117021 -0.667862
-0.356826 -0.667862
-0.359929 -0.668101
-0.059693 -0.668101
-0.062648 -0.668341
-0.046099 -0.668580
0.384752 -0.668580
-0.123522 -0.668819
-0.071365 -0.668938
0.378546 -0.669297
0.101950 -0.669297
0.057329 -0.670014
-0.094267 -0.670014
-0.069444 -0.670014
-0.075207 -0.670373
-0.143174 -0.670373
-0.055556 -0.670493
-0.355644 -0.670971
0.381649 -0.671090
-0.140514 -0.671090
-0.100399 -0.671270
0.050000 -0.671449
-0.122636 -0.671688
-0.005024 -0.671927
0.138002 -0.671927
0.131797 -0.671927
0.289007 -0.672166
0.384752 -0.672884
0.049645 -0.672884
-0.051418 -0.672884
0.115248 -0.672884
0.012411 -0.672884
0.007535 -0.672884
-0.112293 -0.673362
-0.126478 -0.673362
-0.085727 -0.673386
-0.130319 -0.673601
-0.006206 -0.673601
-0.048759 -0.673601
0.376921 -0.673721
0.006206 -0.673960
0.011082 -0.673960
-0.002364 -0.674079
-0.127069 -0.674199
-0.015957 -0.674319
0.012855 -0.674677
-0.042553 -0.674677
-0.127660 -0.675036
-0.349734 -0.675395
0.380024 -0.675514
0.006649 -0.675634
-0.082447 -0.675753
-0.016401 -0.675753
0.154255 -0.675753
0.044326 -0.675753
-0.011082 -0.675753
0.000000 -0.675992
-0.070774 -0.676112
-0.351507 -0.676112
0.003546 -0.676231
-0.060875 -0.676231
-0.116726 -0.676471
-0.013963 -0.676471
0.283836 -0.676829
0.372562 -0.676829
-0.347074 -0.677188
0.093972 -0.677188
-0.349291 -0.677188
-0.016844 -0.677188
-0.085727 -0.677331
0.152778 -0.677427
-0.013741 -0.677905
0.156915 -0.677905
0.090869 -0.678085
0.375296 -0.678144
-0.120567 -0.678144
-0.347518 -0.678264
0.113032 -0.678623
0.371454 -0.678623
0.087175 -0.678623
-0.090898 -0.678766
-0.089007 -0.678910
0.081413 -0.678981
0.151300 -0.679101
-0.083186 -0.679101
-0.051418 -0.679340
-0.345745 -0.679340
-0.098921 -0.679878
-0.347518 -0.680057
0.377660 -0.680057
-0.048759 -0.680057
0.140957 -0.680057
0.134752 -0.680057
0.147163 -0.680057
0.372931 -0.680177
-0.045213 -0.680416
0.371011 -0.680416
0.077571 -0.680416
-0.086466 -0.680679
-0.349291 -0.680775
-0.080969 -0.680894
-0.109338 -0.681014
-0.344858 -0.681851
-0.111998 -0.681970
-0.066933 -0.682090
0.370567 -0.682209
0.138298 -0.682209
0.367465 -0.682209
-0.083924 -0.682449
0.372931 -0.682688
-0.114657 -0.682927
-0.090721 -0.682927
0.134309 -0.683286
0.156472 -0.683286
0.115248 -0.683405
-0.065603 -0.683405
-0.042996 -0.684003
0.367021 -0.684003
-0.059840 -0.684362
-0.057624 -0.684362
0.141844 -0.684362
0.151596 -0.684362
0.129876 -0.684720
0.270833 -0.685079
-0.054521 -0.685079
0.135195 -0.685438
-0.104610 -0.685438
-0.342199 -0.685617
-0.006206 -0.685796
-0.076241 -0.685916
0.268765 -0.685916
0.367021 -0.686514
0.061466 -0.686514
-0.060727 -0.686514
0.013593 -0.686514
-0.062943 -0.686514
-0.071365 -0.686633
0.250591 -0.686992
0.370567 -0.687231
0.007388 -0.687470
-0.012855 -0.687590
0.101950 -0.687948
0.144504 -0.687948
0.247340 -0.688187
-0.068262 -0.688187
0.002660 -0.688187
0.113475 -0.688307
0.057447 -0.688666
-0.094858 -0.688666
0.138298 -0.689383
-0.049202 -0.689383
0.125000 -0.689383
0.103723 -0.689383
-0.026152 -0.689383
0.096188 -0.689562
0.112145 -0.689742
0.122193 -0.689981
-0.059397 -0.690100
0.156028 -0.690100
-0.101064 -0.690100
0.365839 -0.690100
0.151596 -0.690100
-0.335106 -0.690459
0.136968 -0.690459
0.119385 -0.690579
-0.056294 -0.690818
-0.067376 -0.690818
0.047429 -0.690818
0.089391 -0.690997
0.097961 -0.690997
0.363327 -0.691176
0.117760 -0.691416
-0.085106 -0.691535
0.024823 -0.691535
0.147163 -0.691535
0.102837 -0.691535
0.085697 -0.691535
-0.078901 -0.692253
0.360816 -0.692253
-0.062500 -0.692253
-0.066489 -0.692253
0.153812 -0.692253
-0.074468 -0.692492
0.119090 -0.692492
0.143617 -0.692970
0.151596 -0.692970
-0.046986 -0.692970
-0.091312 -0.692970
-0.334663 -0.693149
0.135860 -0.693149
0.108156 -0.693329
0.152482 -0.693687
0.148050 -0.693687
0.358747 -0.693926
-0.080230 -0.694046
0.362589 -0.694046
0.356383 -0.694165
0.150266 -0.694405
-0.054078 -0.694405
-0.070035 -0.694405
-0.328014 -0.694405
0.140071 -0.694405
0.078014 -0.694405
0.146277 -0.694405
0.131427 -0.694584
0.097665 -0.694823
-0.078457 -0.695002
-0.074246 -0.695062
-0.076241 -0.695122
0.113475 -0.695122
0.141844 -0.695481
0.109043 -0.695481
0.360225 -0.695481
-0.226064 -0.695481
-0.081560 -0.695839
-0.334220 -0.695839
-0.069149 -0.695839
-0.011968 -0.696198
-0.015071 -0.696557
-0.007092 -0.696557
0.078457 -0.696915
-0.055408 -0.697274
-0.044770 -0.697274
0.147606 -0.697274
-0.008422 -0.697274
0.087175 -0.697274
-0.011525 -0.697633
-0.074025 -0.697633
-0.078014 -0.697752
-0.006649 -0.697991
-0.065603 -0.697991
-0.061613 -0.697991
-0.069149 -0.697991
0.354019 -0.698231
-0.329787 -0.698231
0.071809 -0.698709
-0.001773 -0.698709
0.011229 -0.698709
0.138963 -0.698888
-0.073582 -0.698948
0.116578 -0.699067
0.102246 -0.699187
0.078901 -0.699426
0.006501 -0.699426
0.109486 -0.699785
-0.020833 -0.699785
-0.327571 -0.699904
-0.065603 -0.700143
-0.325355 -0.700622
-0.019356 -0.700741
0.354610 -0.700861
-0.047872 -0.700861
0.072252 -0.701220
0.132757 -0.701399
-0.035461 -0.701578
-0.039007 -0.701578
0.092199 -0.701578
-0.042553 -0.701578
0.080674 -0.701937
0.078901 -0.701937
0.353280 -0.702296
-0.049645 -0.702296
-0.323138 -0.702296
-0.031028 -0.702296
-0.044326 -0.702296
0.349291 -0.702535
-0.003103 -0.702654
-0.320922 -0.703013
-0.054965 -0.703013
0.065603 -0.703013
0.088652 -0.703013
0.127660 -0.703013
0.121011 -0.703372
-0.325355 -0.703491
0.085550 -0.703730
0.098995 -0.703969
0.060727 -0.704089
0.080674 -0.704448
-0.057624 -0.704448
0.078901 -0.704448
0.082447 -0.704448
-0.047872 -0.704448
0.005319 -0.704448
-0.043440 -0.704448
-0.318262 -0.704448
-0.031915 -0.704591
0.110372 -0.704806
-0.023641 -0.704926
-0.045213 -0.705165
-0.022015 -0.705404
-0.026005 -0.705404
0.053191 -0.705524
0.066489 -0.705524
0.003546 -0.705524
0.075798 -0.705882
0.106383 -0.705882
0.050532 -0.705882
-0.320922 -0.705882
-0.037234 -0.706169
-0.046986 -0.706600
-0.022902 -0.706839
-0.031324 -0.706982
0.106383 -0.707030
0.102837 -0.707317
-0.016401 -0.707317
0.055408 -0.707317
-0.318262 -0.707317
0.072695 -0.707317
0.109486 -0.707317
0.057624 -0.707676
0.070035 -0.707676
-0.092494 -0.707795
-0.021277 -0.708393
-0.006649 -0.708393
0.109486 -0.708465
0.112589 -0.708752
0.017139 -0.708752
-0.012411 -0.708752
-0.320922 -0.708752
-0.314273 -0.708931
0.051418 -0.709110
0.104610 -0.709182
0.002216 -0.709469
0.024823 -0.709469
0.007092 -0.709828
0.102837 -0.710187
0.023641 -0.710306
0.340869 -0.710545
-0.082742 -0.710665
0.082890 -0.710904
0.081117 -0.710904
0.048759 -0.710904
0.120567 -0.710904
0.005319 -0.710904
-0.000443 -0.711023
0.022459 -0.711143
0.091903 -0.711143
0.052305 -0.711263
-0.006206 -0.711382
0.015662 -0.711621
0.036791 -0.711621
-0.314569 -0.711801
0.018765 -0.711980
-0.312943 -0.711980
0.075355 -0.712339
0.002660 -0.712458
0.065603 -0.712697
0.049645 -0.713056
-0.071809 -0.713056
0.021424 -0.713176
0.059397 -0.713415
0.025414 -0.713534
0.088061 -0.713534
0.069740 -0.713654
0.338431 -0.713953
0.004433 -0.714252
0.134087 -0.714311
-0.057181 -0.714491
0.108156 -0.714491
0.008865 -0.714491
0.014184 -0.714491
0.039894 -0.714491
0.030733 -0.714730
-0.310284 -0.714849
0.020390 -0.715208
-0.066046 -0.715208
0.024379 -0.715567
0.107270 -0.715567
-0.008865 -0.715925
0.049645 -0.715925
0.128989 -0.715925
0.046986 -0.716284
0.042110 -0.717001
0.052305 -0.717001
-0.044917 -0.717121
0.078014 -0.717360
0.034722 -0.717599
0.033097 -0.717838
0.008865 -0.718077
0.015957 -0.718077
0.331560 -0.718436
-0.002660 -0.718556
0.049645 -0.718795
0.062943 -0.718795
0.113475 -0.718795
0.030733 -0.719034
0.059397 -0.719154
0.027482 -0.719154
0.072104 -0.719273
-0.136525 -0.719512
0.067080 -0.719751
0.052305 -0.719871
0.112589 -0.719871
0.062057 -0.720230
0.047207 -0.720588
0.040337 -0.720588
0.044548 -0.720947
0.054965 -0.720947
0.111702 -0.720947
-0.220745 -0.721664
0.008865 -0.721664
0.036348 -0.721664
0.091017 -0.721903
0.034722 -0.721903
0.054078 -0.722740
-0.022015 -0.722740
-0.005319 -0.723099
0.015071 -0.723099
0.020612 -0.723099
0.326241 -0.723099
0.025044 -0.723458
0.038121 -0.723458
0.088652 -0.723816
0.327571 -0.723816
0.121897 -0.723816
-0.304965 -0.723816
0.042332 -0.723816
0.016844 -0.724055
0.116135 -0.724534
0.005319 -0.724534
0.053191 -0.724534
0.012411 -0.724534
0.322695 -0.724534
-0.056738 -0.724534
0.023493 -0.724534
0.026817 -0.725251
0.039894 -0.725251
-0.065603 -0.725251
0.019725 -0.725490
0.014184 -0.725490
0.321365 -0.725610
0.037677 -0.725610
0.010638 -0.725968
0.035461 -0.725968
0.030142 -0.725968
-0.074468 -0.725968
-0.080526 -0.726447
0.320035 -0.726686
-0.045508 -0.726925
0.320922 -0.727403
-0.054078 -0.727403
0.099734 -0.727403
-0.072252 -0.727582
0.044548 -0.728300
0.070626 -0.728360
0.319592 -0.728479
-0.048463 -0.728599
0.130319 -0.728838
0.065603 -0.728838
-0.112589 -0.729197
-0.070035 -0.729197
-0.047134 -0.729316
0.048759 -0.729376
-0.042258 -0.729675
0.025044 -0.729914
-0.044031 -0.730033
0.106383 -0.730273
-0.051418 -0.730273
0.022385 -0.730631
0.028369 -0.730631
0.040337 -0.730631
-0.050089 -0.730990
0.090426 -0.730990
0.061170 -0.730990
0.038121 -0.730990
0.014184 -0.731229
-0.006797 -0.731229
0.104314 -0.731468
0.018617 -0.731588
0.086879 -0.731707
0.010638 -0.731707
0.005319 -0.731707
0.037234 -0.731707
0.032801 -0.731707
0.015957 -0.731946
0.050089 -0.732066
0.088357 -0.732186
-0.039007 -0.732425
0.101064 -0.732425
-0.036939 -0.732544
-0.034870 -0.732664
0.089835 -0.732664
-0.040780 -0.732783
0.085106 -0.733142
0.314421 -0.733142
-0.028369 -0.733620
-0.043292 -0.733620
0.086584 -0.733620
-0.038416 -0.733979
-0.079344 -0.734039
-0.036348 -0.734099
0.044326 -0.734218
0.083333 -0.734577
0.312352 -0.734816
0.042553 -0.735115
-0.068706 -0.735294
-0.025118 -0.735294
-0.034870 -0.735772
-0.031915 -0.736011
-0.028369 -0.736011
0.040780 -0.736011
0.028369 -0.736370
0.026005 -0.736609
-0.021572 -0.736729
0.014184 -0.736729
0.045656 -0.736908
-0.015071 -0.736968
0.011525 -0.737446
0.006206 -0.737446
0.000887 -0.737446
0.069149 -0.737446
0.039007 -0.737446
0.015957 -0.737446
-0.003251 -0.737685
0.307624 -0.737685
0.042996 -0.738522
0.019060 -0.738522
0.023788 -0.738761
-0.021277 -0.738881
0.010638 -0.738881
0.307329 -0.738881
-0.004137 -0.739120
-0.008274 -0.739359
0.305556 -0.739359
-0.013002 -0.739479
-0.017730 -0.739598
0.022163 -0.739598
-0.000443 -0.740674
0.004876 -0.740674
0.303487 -0.740913
-0.004580 -0.740913
-0.015071 -0.741392
-0.165485 -0.741631
-0.000887 -0.742468
0.016401 -0.742826
-0.012411 -0.743185
0.030585 -0.743185
0.045656 -0.743185
0.026152 -0.743185
0.023788 -0.743424
0.300532 -0.743424
0.202719 -0.744142
0.034574 -0.744261
0.297872 -0.745098
-0.037382 -0.745576
0.296690 -0.746294
-0.031915 -0.747489
0.295508 -0.747489
-0.028960 -0.747728
0.174350 -0.747728
-0.057329 -0.749163
0.292701 -0.750000
0.281619 -0.753348
-0.001921 -0.754185
0.286791 -0.754304
0.279551 -0.756098
0.283688 -0.756098
0.281619 -0.757054
0.279551 -0.758011
0.126773 -0.758728
-0.026005 -0.759445
