# Medium-density face coordinates (every 2nd point)
# Format: x y  (normalized, origin at image center, Y positive upward)
# Total points: 30892
# Sorted top-to-bottom
#
0.016966 1.014849
0.032389 1.014849
-0.003085 1.013307
0.012339 1.013307
0.027762 1.013307
0.043185 1.013307
-0.009254 1.011765
0.006169 1.011765
0.021593 1.011765
0.037016 1.011765
-0.023135 1.010222
-0.007712 1.010222
0.007712 1.010222
0.023135 1.010222
0.038558 1.010222
0.053981 1.010222
-0.024677 1.008680
-0.009254 1.008680
0.006169 1.008680
0.021593 1.008680
0.037016 1.008680
0.052439 1.008680
0.067862 1.008680
-0.033931 1.007138
-0.018508 1.007138
-0.003085 1.007138
0.012339 1.007138
0.027762 1.007138
0.043185 1.007138
0.058608 1.007138
0.074032 1.007138
-0.037016 1.005595
-0.021593 1.005595
-0.006169 1.005595
0.009254 1.005595
0.024677 1.005595
0.040100 1.005595
0.055524 1.005595
0.070947 1.005595
0.086370 1.005595
-0.052439 1.004053
-0.037016 1.004053
-0.021593 1.004053
-0.006169 1.004053
0.009254 1.004053
0.024677 1.004053
0.040100 1.004053
0.055524 1.004053
0.070947 1.004053
0.086370 1.004053
0.101793 1.004053
-0.047812 1.002511
-0.032389 1.002511
-0.016966 1.002511
-0.001542 1.002511
0.013881 1.002511
0.029304 1.002511
0.046270 1.002511
0.061693 1.002511
0.077116 1.002511
0.092539 1.002511
0.107963 1.002511
-0.049354 1.000968
-0.033931 1.000968
-0.018508 1.000968
-0.003085 1.000968
0.012339 1.000968
0.027762 1.000968
0.043185 1.000968
0.058608 1.000968
0.078659 1.000968
0.094082 1.000968
0.109505 1.000968
-0.055524 0.999426
-0.040100 0.999426
-0.024677 0.999426
-0.009254 0.999426
0.006169 0.999426
0.021593 0.999426
0.037016 0.999426
0.052439 0.999426
0.067862 0.999426
0.083286 0.999426
0.098709 0.999426
0.114132 0.999426
-0.053981 0.997884
-0.038558 0.997884
-0.023135 0.997884
-0.007712 0.997884
0.032389 0.997884
0.047812 0.997884
0.063235 0.997884
0.078659 0.997884
0.094082 0.997884
0.109505 0.997884
-0.064778 0.996341
-0.044727 0.996341
-0.029304 0.996341
-0.013881 0.996341
0.023135 0.996341
0.038558 0.996341
0.053981 0.996341
0.069405 0.996341
0.084828 0.996341
0.100251 0.996341
0.115674 0.996341
-0.064778 0.994799
-0.046270 0.994799
-0.030846 0.994799
-0.001542 0.994799
0.013881 0.994799
0.029304 0.994799
0.044727 0.994799
0.077116 0.994799
0.092539 0.994799
0.107963 0.994799
0.123386 0.994799
-0.061693 0.993257
-0.046270 0.993257
-0.030846 0.993257
0.000000 0.993257
0.015423 0.993257
0.030846 0.993257
0.095624 0.993257
0.111047 0.993257
0.126471 0.993257
-0.069405 0.991714
-0.053981 0.991714
-0.038558 0.991714
-0.007712 0.991714
0.018508 0.991714
0.092539 0.991714
0.107963 0.991714
0.123386 0.991714
0.138809 0.991714
-0.064778 0.990172
-0.049354 0.990172
-0.023135 0.990172
-0.007712 0.990172
0.018508 0.990172
0.100251 0.990172
0.115674 0.990172
0.131098 0.990172
-0.080201 0.988630
-0.064778 0.988630
-0.049354 0.988630
-0.033931 0.988630
-0.018508 0.988630
-0.001542 0.988630
0.013881 0.988630
0.029304 0.988630
0.044727 0.988630
0.066320 0.988630
0.081743 0.988630
0.121844 0.988630
0.137267 0.988630
-0.083286 0.987087
-0.067862 0.987087
-0.052439 0.987087
-0.037016 0.987087
-0.021593 0.987087
-0.006169 0.987087
0.009254 0.987087
0.029304 0.987087
0.044727 0.987087
0.060151 0.987087
0.075574 0.987087
0.090997 0.987087
0.121844 0.987087
0.137267 0.987087
0.152690 0.987087
-0.075574 0.985545
-0.060151 0.985545
-0.044727 0.985545
-0.029304 0.985545
-0.013881 0.985545
0.001542 0.985545
0.016966 0.985545
0.032389 0.985545
0.047812 0.985545
0.063235 0.985545
0.078659 0.985545
0.094082 0.985545
0.124928 0.985545
0.140352 0.985545
0.155775 0.985545
-0.083286 0.984003
-0.067862 0.984003
-0.052439 0.984003
-0.037016 0.984003
-0.021593 0.984003
-0.006169 0.984003
0.009254 0.984003
0.024677 0.984003
0.040100 0.984003
0.061693 0.984003
0.077116 0.984003
0.092539 0.984003
0.107963 0.984003
0.135725 0.984003
0.151148 0.984003
-0.094082 0.982461
-0.078659 0.982461
-0.063235 0.982461
-0.047812 0.982461
-0.032389 0.982461
-0.016966 0.982461
-0.001542 0.982461
0.013881 0.982461
0.029304 0.982461
0.044727 0.982461
0.060151 0.982461
0.080201 0.982461
0.095624 0.982461
0.111047 0.982461
0.126471 0.982461
0.141894 0.982461
0.157317 0.982461
-0.094082 0.980918
-0.078659 0.980918
-0.063235 0.980918
-0.047812 0.980918
-0.032389 0.980918
-0.016966 0.980918
-0.001542 0.980918
0.013881 0.980918
0.029304 0.980918
0.044727 0.980918
0.060151 0.980918
0.075574 0.980918
0.090997 0.980918
0.106420 0.980918
0.121844 0.980918
0.137267 0.980918
0.152690 0.980918
-0.128013 0.979376
-0.112590 0.979376
-0.097166 0.979376
-0.081743 0.979376
-0.066320 0.979376
-0.050897 0.979376
-0.035473 0.979376
-0.020050 0.979376
-0.004627 0.979376
0.010796 0.979376
0.026220 0.979376
0.041643 0.979376
0.057066 0.979376
0.072489 0.979376
0.087912 0.979376
0.104878 0.979376
0.120301 0.979376
0.146521 0.979376
0.161944 0.979376
-0.121844 0.977834
-0.106420 0.977834
-0.090997 0.977834
-0.075574 0.977834
-0.060151 0.977834
-0.044727 0.977834
-0.029304 0.977834
-0.013881 0.977834
0.001542 0.977834
0.016966 0.977834
0.032389 0.977834
0.047812 0.977834
0.063235 0.977834
0.078659 0.977834
0.106420 0.977834
0.121844 0.977834
0.151148 0.977834
0.166571 0.977834
-0.114132 0.976291
-0.098709 0.976291
-0.083286 0.976291
-0.067862 0.976291
-0.052439 0.976291
-0.037016 0.976291
-0.021593 0.976291
-0.006169 0.976291
0.009254 0.976291
0.024677 0.976291
0.040100 0.976291
0.055524 0.976291
0.070947 0.976291
0.086370 0.976291
0.128013 0.976291
0.158859 0.976291
0.174283 0.976291
0.189706 0.976291
-0.152690 0.974749
-0.114132 0.974749
-0.098709 0.974749
-0.083286 0.974749
-0.061693 0.974749
-0.046270 0.974749
-0.030846 0.974749
-0.015423 0.974749
0.000000 0.974749
0.015423 0.974749
0.030846 0.974749
0.046270 0.974749
0.061693 0.974749
0.084828 0.974749
0.124928 0.974749
0.151148 0.974749
0.166571 0.974749
0.181994 0.974749
-0.160402 0.973207
-0.144978 0.973207
-0.129555 0.973207
-0.114132 0.973207
-0.089455 0.973207
-0.074032 0.973207
-0.058608 0.973207
-0.043185 0.973207
-0.027762 0.973207
-0.012339 0.973207
0.003085 0.973207
0.018508 0.973207
0.033931 0.973207
0.049354 0.973207
0.064778 0.973207
0.080201 0.973207
0.095624 0.973207
0.111047 0.973207
0.134182 0.973207
0.158859 0.973207
0.174283 0.973207
0.189706 0.973207
-0.144978 0.971664
-0.129555 0.971664
-0.114132 0.971664
-0.089455 0.971664
-0.074032 0.971664
-0.058608 0.971664
-0.043185 0.971664
-0.027762 0.971664
-0.012339 0.971664
0.003085 0.971664
0.018508 0.971664
0.033931 0.971664
0.049354 0.971664
0.070947 0.971664
0.086370 0.971664
0.101793 0.971664
0.117217 0.971664
0.132640 0.971664
0.157317 0.971664
0.172740 0.971664
0.188164 0.971664
-0.183537 0.970122
-0.168113 0.970122
-0.152690 0.970122
-0.137267 0.970122
-0.121844 0.970122
-0.106420 0.970122
-0.089455 0.970122
-0.074032 0.970122
-0.058608 0.970122
-0.043185 0.970122
-0.027762 0.970122
-0.012339 0.970122
0.003085 0.970122
0.018508 0.970122
0.033931 0.970122
0.057066 0.970122
0.072489 0.970122
0.087912 0.970122
0.103336 0.970122
0.118759 0.970122
0.134182 0.970122
0.149605 0.970122
0.185079 0.970122
-0.191248 0.968580
-0.175825 0.968580
-0.160402 0.968580
-0.144978 0.968580
-0.129555 0.968580
-0.114132 0.968580
-0.098709 0.968580
-0.083286 0.968580
-0.067862 0.968580
-0.052439 0.968580
-0.035473 0.968580
-0.020050 0.968580
-0.004627 0.968580
0.010796 0.968580
0.026220 0.968580
0.041643 0.968580
0.063235 0.968580
0.078659 0.968580
0.094082 0.968580
0.109505 0.968580
0.124928 0.968580
0.140352 0.968580
0.177367 0.968580
0.192791 0.968580
-0.174283 0.967037
-0.158859 0.967037
-0.143436 0.967037
-0.128013 0.967037
-0.103336 0.967037
-0.087912 0.967037
-0.072489 0.967037
-0.057066 0.967037
-0.041643 0.967037
-0.026220 0.967037
-0.010796 0.967037
0.004627 0.967037
0.020050 0.967037
0.035473 0.967037
0.057066 0.967037
0.072489 0.967037
0.087912 0.967037
0.103336 0.967037
0.118759 0.967037
0.134182 0.967037
0.149605 0.967037
0.165029 0.967037
0.194333 0.967037
-0.177367 0.965495
-0.161944 0.965495
-0.146521 0.965495
-0.111047 0.965495
-0.095624 0.965495
-0.080201 0.965495
-0.064778 0.965495
-0.049354 0.965495
-0.033931 0.965495
-0.018508 0.965495
-0.003085 0.965495
0.012339 0.965495
0.027762 0.965495
0.049354 0.965495
0.064778 0.965495
0.080201 0.965495
0.095624 0.965495
0.141894 0.965495
0.157317 0.965495
0.186621 0.965495
0.202044 0.965495
-0.229806 0.963953
-0.214383 0.963953
-0.183537 0.963953
-0.168113 0.963953
-0.152690 0.963953
-0.137267 0.963953
-0.114132 0.963953
-0.098709 0.963953
-0.083286 0.963953
-0.067862 0.963953
-0.052439 0.963953
-0.037016 0.963953
-0.021593 0.963953
-0.006169 0.963953
0.009254 0.963953
0.024677 0.963953
0.046270 0.963953
0.061693 0.963953
0.077116 0.963953
0.112590 0.963953
0.141894 0.963953
0.157317 0.963953
0.172740 0.963953
0.197417 0.963953
0.215925 0.963953
-0.228264 0.962410
-0.212841 0.962410
-0.197417 0.962410
-0.181994 0.962410
-0.166571 0.962410
-0.138809 0.962410
-0.123386 0.962410
-0.107963 0.962410
-0.092539 0.962410
-0.077116 0.962410
-0.061693 0.962410
-0.046270 0.962410
-0.030846 0.962410
-0.015423 0.962410
0.000000 0.962410
0.015423 0.962410
0.032389 0.962410
0.047812 0.962410
0.063235 0.962410
0.078659 0.962410
0.107963 0.962410
0.123386 0.962410
0.138809 0.962410
0.154232 0.962410
0.169656 0.962410
0.185079 0.962410
0.205129 0.962410
0.222095 0.962410
-0.215925 0.960868
-0.200502 0.960868
-0.185079 0.960868
-0.169656 0.960868
-0.138809 0.960868
-0.123386 0.960868
-0.107963 0.960868
-0.092539 0.960868
-0.077116 0.960868
-0.060151 0.960868
-0.044727 0.960868
-0.029304 0.960868
-0.013881 0.960868
0.001542 0.960868
0.021593 0.960868
0.037016 0.960868
0.052439 0.960868
0.067862 0.960868
0.095624 0.960868
0.111047 0.960868
0.126471 0.960868
0.141894 0.960868
0.165029 0.960868
0.180452 0.960868
0.200502 0.960868
0.215925 0.960868
-0.225179 0.959326
-0.209756 0.959326
-0.194333 0.959326
-0.178910 0.959326
-0.152690 0.959326
-0.137267 0.959326
-0.121844 0.959326
-0.106420 0.959326
-0.090997 0.959326
-0.075574 0.959326
-0.060151 0.959326
-0.044727 0.959326
-0.029304 0.959326
-0.013881 0.959326
0.001542 0.959326
0.023135 0.959326
0.038558 0.959326
0.053981 0.959326
0.069405 0.959326
0.098709 0.959326
0.114132 0.959326
0.129555 0.959326
0.144978 0.959326
0.160402 0.959326
0.183537 0.959326
0.198960 0.959326
0.214383 0.959326
0.229806 0.959326
-0.222095 0.957783
-0.206671 0.957783
-0.191248 0.957783
-0.175825 0.957783
-0.146521 0.957783
-0.131098 0.957783
-0.115674 0.957783
-0.100251 0.957783
-0.084828 0.957783
-0.063235 0.957783
-0.047812 0.957783
-0.032389 0.957783
-0.016966 0.957783
-0.001542 0.957783
0.021593 0.957783
0.037016 0.957783
0.052439 0.957783
0.086370 0.957783
0.111047 0.957783
0.126471 0.957783
0.141894 0.957783
0.157317 0.957783
0.181994 0.957783
0.197417 0.957783
0.217468 0.957783
-0.262195 0.956241
-0.246772 0.956241
-0.231349 0.956241
-0.215925 0.956241
-0.200502 0.956241
-0.185079 0.956241
-0.155775 0.956241
-0.140352 0.956241
-0.124928 0.956241
-0.109505 0.956241
-0.094082 0.956241
-0.067862 0.956241
-0.052439 0.956241
-0.037016 0.956241
-0.021593 0.956241
-0.006169 0.956241
0.013881 0.956241
0.078659 0.956241
0.104878 0.956241
0.120301 0.956241
0.135725 0.956241
0.151148 0.956241
0.166571 0.956241
0.192791 0.956241
0.215925 0.956241
0.231349 0.956241
-0.259110 0.954699
-0.243687 0.954699
-0.228264 0.954699
-0.212841 0.954699
-0.197417 0.954699
-0.174283 0.954699
-0.158859 0.954699
-0.143436 0.954699
-0.128013 0.954699
-0.112590 0.954699
-0.097166 0.954699
-0.066320 0.954699
-0.050897 0.954699
-0.035473 0.954699
-0.020050 0.954699
-0.004627 0.954699
0.012339 0.954699
0.035473 0.954699
0.057066 0.954699
0.078659 0.954699
0.100251 0.954699
0.115674 0.954699
0.131098 0.954699
0.146521 0.954699
0.161944 0.954699
0.177367 0.954699
0.203587 0.954699
0.226722 0.954699
-0.271449 0.953156
-0.256026 0.953156
-0.240603 0.953156
-0.225179 0.953156
-0.209756 0.953156
-0.194333 0.953156
-0.175825 0.953156
-0.160402 0.953156
-0.144978 0.953156
-0.128013 0.953156
-0.112590 0.953156
-0.083286 0.953156
-0.067862 0.953156
-0.052439 0.953156
-0.037016 0.953156
-0.021593 0.953156
-0.006169 0.953156
0.009254 0.953156
0.030846 0.953156
0.046270 0.953156
0.061693 0.953156
0.080201 0.953156
0.100251 0.953156
0.115674 0.953156
0.131098 0.953156
0.146521 0.953156
0.161944 0.953156
0.177367 0.953156
0.200502 0.953156
0.223637 0.953156
0.239060 0.953156
-0.268364 0.951614
-0.252941 0.951614
-0.237518 0.951614
-0.222095 0.951614
-0.206671 0.951614
-0.191248 0.951614
-0.175825 0.951614
-0.160402 0.951614
-0.140352 0.951614
-0.124928 0.951614
-0.087912 0.951614
-0.072489 0.951614
-0.057066 0.951614
-0.041643 0.951614
-0.026220 0.951614
-0.010796 0.951614
0.004627 0.951614
0.030846 0.951614
0.046270 0.951614
0.067862 0.951614
0.084828 0.951614
0.100251 0.951614
0.115674 0.951614
0.131098 0.951614
0.146521 0.951614
0.161944 0.951614
0.177367 0.951614
0.197417 0.951614
0.212841 0.951614
0.235976 0.951614
-0.277618 0.950072
-0.262195 0.950072
-0.246772 0.950072
-0.226722 0.950072
-0.211298 0.950072
-0.195875 0.950072
-0.180452 0.950072
-0.165029 0.950072
-0.148063 0.950072
-0.132640 0.950072
-0.083286 0.950072
-0.067862 0.950072
-0.052439 0.950072
-0.037016 0.950072
-0.021593 0.950072
-0.006169 0.950072
0.029304 0.950072
0.044727 0.950072
0.066320 0.950072
0.087912 0.950072
0.103336 0.950072
0.118759 0.950072
0.134182 0.950072
0.149605 0.950072
0.180452 0.950072
0.197417 0.950072
0.212841 0.950072
0.234433 0.950072
-0.283788 0.948529
-0.268364 0.948529
-0.252941 0.948529
-0.225179 0.948529
-0.209756 0.948529
-0.194333 0.948529
-0.177367 0.948529
-0.161944 0.948529
-0.146521 0.948529
-0.095624 0.948529
-0.080201 0.948529
-0.064778 0.948529
-0.049354 0.948529
-0.033931 0.948529
-0.018508 0.948529
0.016966 0.948529
0.032389 0.948529
0.058608 0.948529
0.077116 0.948529
0.092539 0.948529
0.107963 0.948529
0.123386 0.948529
0.138809 0.948529
0.154232 0.948529
0.183537 0.948529
0.198960 0.948529
0.215925 0.948529
0.237518 0.948529
-0.285330 0.946987
-0.269907 0.946987
-0.254483 0.946987
-0.228264 0.946987
-0.212841 0.946987
-0.197417 0.946987
-0.181994 0.946987
-0.166571 0.946987
-0.151148 0.946987
-0.101793 0.946987
-0.086370 0.946987
-0.069405 0.946987
-0.053981 0.946987
-0.038558 0.946987
-0.023135 0.946987
0.012339 0.946987
0.027762 0.946987
0.060151 0.946987
0.075574 0.946987
0.090997 0.946987
0.106420 0.946987
0.121844 0.946987
0.137267 0.946987
0.152690 0.946987
0.178910 0.946987
0.194333 0.946987
0.212841 0.946987
0.234433 0.946987
-0.296126 0.945445
-0.280703 0.945445
-0.265280 0.945445
-0.239060 0.945445
-0.223637 0.945445
-0.208214 0.945445
-0.192791 0.945445
-0.177367 0.945445
-0.161944 0.945445
-0.118759 0.945445
-0.103336 0.945445
-0.087912 0.945445
-0.072489 0.945445
-0.003085 0.945445
0.020050 0.945445
0.035473 0.945445
0.061693 0.945445
0.077116 0.945445
0.092539 0.945445
0.107963 0.945445
0.123386 0.945445
0.138809 0.945445
0.154232 0.945445
0.169656 0.945445
0.192791 0.945445
0.217468 0.945445
0.235976 0.945445
-0.300753 0.943902
-0.285330 0.943902
-0.269907 0.943902
-0.243687 0.943902
-0.228264 0.943902
-0.212841 0.943902
-0.197417 0.943902
-0.181994 0.943902
-0.166571 0.943902
-0.151148 0.943902
-0.135725 0.943902
-0.120301 0.943902
-0.104878 0.943902
-0.089455 0.943902
-0.074032 0.943902
-0.058608 0.943902
-0.023135 0.943902
-0.007712 0.943902
0.021593 0.943902
0.046270 0.943902
0.061693 0.943902
0.078659 0.943902
0.094082 0.943902
0.109505 0.943902
0.124928 0.943902
0.140352 0.943902
0.155775 0.943902
0.171198 0.943902
0.191248 0.943902
0.212841 0.943902
0.235976 0.943902
0.251399 0.943902
-0.289957 0.942360
-0.269907 0.942360
-0.245230 0.942360
-0.229806 0.942360
-0.214383 0.942360
-0.198960 0.942360
-0.183537 0.942360
-0.168113 0.942360
-0.152690 0.942360
-0.137267 0.942360
-0.121844 0.942360
-0.106420 0.942360
-0.090997 0.942360
-0.075574 0.942360
-0.060151 0.942360
-0.044727 0.942360
-0.020050 0.942360
-0.004627 0.942360
0.023135 0.942360
0.047812 0.942360
0.063235 0.942360
0.078659 0.942360
0.094082 0.942360
0.109505 0.942360
0.124928 0.942360
0.140352 0.942360
0.155775 0.942360
0.171198 0.942360
0.189706 0.942360
0.205129 0.942360
0.231349 0.942360
0.246772 0.942360
-0.297669 0.940818
-0.271449 0.940818
-0.248314 0.940818
-0.232891 0.940818
-0.217468 0.940818
-0.202044 0.940818
-0.186621 0.940818
-0.171198 0.940818
-0.155775 0.940818
-0.140352 0.940818
-0.124928 0.940818
-0.089455 0.940818
-0.074032 0.940818
-0.058608 0.940818
-0.035473 0.940818
-0.020050 0.940818
0.009254 0.940818
0.038558 0.940818
0.053981 0.940818
0.069405 0.940818
0.084828 0.940818
0.100251 0.940818
0.115674 0.940818
0.131098 0.940818
0.146521 0.940818
0.161944 0.940818
0.177367 0.940818
0.195875 0.940818
0.211298 0.940818
0.232891 0.940818
0.251399 0.940818
-0.296126 0.939275
-0.274534 0.939275
-0.254483 0.939275
-0.239060 0.939275
-0.223637 0.939275
-0.208214 0.939275
-0.192791 0.939275
-0.165029 0.939275
-0.141894 0.939275
-0.126471 0.939275
-0.111047 0.939275
-0.075574 0.939275
-0.060151 0.939275
-0.044727 0.939275
-0.029304 0.939275
-0.006169 0.939275
0.009254 0.939275
0.037016 0.939275
0.052439 0.939275
0.067862 0.939275
0.100251 0.939275
0.165029 0.939275
0.180452 0.939275
0.200502 0.939275
0.215925 0.939275
0.232891 0.939275
0.251399 0.939275
-0.297669 0.937733
-0.274534 0.937733
-0.254483 0.937733
-0.239060 0.937733
-0.223637 0.937733
-0.208214 0.937733
-0.178910 0.937733
-0.114132 0.937733
-0.098709 0.937733
-0.083286 0.937733
-0.067862 0.937733
-0.052439 0.937733
-0.037016 0.937733
-0.021593 0.937733
-0.006169 0.937733
0.009254 0.937733
0.024677 0.937733
0.040100 0.937733
0.055524 0.937733
0.070947 0.937733
0.168113 0.937733
0.194333 0.937733
0.209756 0.937733
0.225179 0.937733
0.246772 0.937733
-0.311549 0.936191
-0.282245 0.936191
-0.260653 0.936191
-0.245230 0.936191
-0.225179 0.936191
-0.209756 0.936191
-0.175825 0.936191
-0.135725 0.936191
-0.101793 0.936191
-0.086370 0.936191
-0.070947 0.936191
-0.055524 0.936191
-0.040100 0.936191
-0.024677 0.936191
-0.009254 0.936191
0.006169 0.936191
0.021593 0.936191
0.037016 0.936191
0.052439 0.936191
0.067862 0.936191
0.083286 0.936191
0.107963 0.936191
0.123386 0.936191
0.138809 0.936191
0.197417 0.936191
0.212841 0.936191
0.228264 0.936191
0.243687 0.936191
-0.302296 0.934649
-0.277618 0.934649
-0.262195 0.934649
-0.246772 0.934649
-0.226722 0.934649
-0.192791 0.934649
-0.149605 0.934649
-0.129555 0.934649
-0.104878 0.934649
-0.089455 0.934649
-0.074032 0.934649
-0.058608 0.934649
-0.043185 0.934649
-0.027762 0.934649
-0.003085 0.934649
0.012339 0.934649
0.027762 0.934649
0.043185 0.934649
0.058608 0.934649
0.074032 0.934649
0.089455 0.934649
0.104878 0.934649
0.120301 0.934649
0.135725 0.934649
0.151148 0.934649
0.206671 0.934649
0.222095 0.934649
0.237518 0.934649
0.260653 0.934649
-0.308465 0.933106
-0.293042 0.933106
-0.277618 0.933106
-0.262195 0.933106
-0.246772 0.933106
-0.226722 0.933106
-0.198960 0.933106
-0.171198 0.933106
-0.155775 0.933106
-0.129555 0.933106
-0.114132 0.933106
-0.098709 0.933106
-0.083286 0.933106
-0.067862 0.933106
-0.013881 0.933106
0.001542 0.933106
0.016966 0.933106
0.032389 0.933106
0.047812 0.933106
0.063235 0.933106
0.078659 0.933106
0.094082 0.933106
0.109505 0.933106
0.124928 0.933106
0.140352 0.933106
0.155775 0.933106
0.171198 0.933106
0.211298 0.933106
0.226722 0.933106
0.242145 0.933106
0.259110 0.933106
0.274534 0.933106
-0.302296 0.931564
-0.286872 0.931564
-0.271449 0.931564
-0.256026 0.931564
-0.234433 0.931564
-0.217468 0.931564
-0.183537 0.931564
-0.168113 0.931564
-0.152690 0.931564
-0.131098 0.931564
-0.115674 0.931564
-0.100251 0.931564
-0.084828 0.931564
-0.069405 0.931564
-0.023135 0.931564
-0.007712 0.931564
0.007712 0.931564
0.023135 0.931564
0.038558 0.931564
0.053981 0.931564
0.069405 0.931564
0.084828 0.931564
0.100251 0.931564
0.115674 0.931564
0.131098 0.931564
0.146521 0.931564
0.161944 0.931564
0.177367 0.931564
0.192791 0.931564
0.222095 0.931564
0.237518 0.931564
0.252941 0.931564
0.268364 0.931564
-0.313092 0.930022
-0.297669 0.930022
-0.282245 0.930022
-0.266822 0.930022
-0.251399 0.930022
-0.225179 0.930022
-0.202044 0.930022
-0.186621 0.930022
-0.171198 0.930022
-0.155775 0.930022
-0.140352 0.930022
-0.124928 0.930022
-0.109505 0.930022
-0.094082 0.930022
-0.078659 0.930022
-0.041643 0.930022
-0.024677 0.930022
-0.009254 0.930022
0.009254 0.930022
0.024677 0.930022
0.040100 0.930022
0.055524 0.930022
0.070947 0.930022
0.086370 0.930022
0.101793 0.930022
0.135725 0.930022
0.151148 0.930022
0.166571 0.930022
0.181994 0.930022
0.197417 0.930022
0.225179 0.930022
0.240603 0.930022
0.256026 0.930022
0.271449 0.930022
-0.316176 0.928479
-0.300753 0.928479
-0.285330 0.928479
-0.269907 0.928479
-0.254483 0.928479
-0.223637 0.928479
-0.202044 0.928479
-0.186621 0.928479
-0.171198 0.928479
-0.155775 0.928479
-0.140352 0.928479
-0.124928 0.928479
-0.109505 0.928479
-0.094082 0.928479
-0.078659 0.928479
-0.043185 0.928479
-0.027762 0.928479
-0.012339 0.928479
0.016966 0.928479
0.032389 0.928479
0.047812 0.928479
0.063235 0.928479
0.078659 0.928479
0.094082 0.928479
0.123386 0.928479
0.138809 0.928479
0.154232 0.928479
0.169656 0.928479
0.185079 0.928479
0.200502 0.928479
0.228264 0.928479
0.246772 0.928479
0.262195 0.928479
0.277618 0.928479
-0.316176 0.926937
-0.300753 0.926937
-0.285330 0.926937
-0.269907 0.926937
-0.242145 0.926937
-0.226722 0.926937
-0.206671 0.926937
-0.191248 0.926937
-0.158859 0.926937
-0.143436 0.926937
-0.128013 0.926937
-0.112590 0.926937
-0.097166 0.926937
-0.081743 0.926937
-0.047812 0.926937
-0.024677 0.926937
0.000000 0.926937
0.015423 0.926937
0.030846 0.926937
0.046270 0.926937
0.061693 0.926937
0.084828 0.926937
0.100251 0.926937
0.115674 0.926937
0.131098 0.926937
0.146521 0.926937
0.161944 0.926937
0.177367 0.926937
0.192791 0.926937
0.208214 0.926937
0.232891 0.926937
0.254483 0.926937
0.269907 0.926937
0.285330 0.926937
-0.314634 0.925395
-0.299211 0.925395
-0.283788 0.925395
-0.268364 0.925395
-0.246772 0.925395
-0.231349 0.925395
-0.211298 0.925395
-0.183537 0.925395
-0.168113 0.925395
-0.152690 0.925395
-0.137267 0.925395
-0.121844 0.925395
-0.106420 0.925395
-0.090997 0.925395
-0.058608 0.925395
-0.032389 0.925395
-0.015423 0.925395
0.000000 0.925395
0.015423 0.925395
0.030846 0.925395
0.046270 0.925395
0.083286 0.925395
0.098709 0.925395
0.114132 0.925395
0.129555 0.925395
0.174283 0.925395
0.189706 0.925395
0.205129 0.925395
0.225179 0.925395
0.240603 0.925395
0.260653 0.925395
0.276076 0.925395
0.291499 0.925395
-0.313092 0.923852
-0.297669 0.923852
-0.282245 0.923852
-0.266822 0.923852
-0.251399 0.923852
-0.235976 0.923852
-0.215925 0.923852
-0.192791 0.923852
-0.177367 0.923852
-0.161944 0.923852
-0.146521 0.923852
-0.129555 0.923852
-0.114132 0.923852
-0.098709 0.923852
-0.074032 0.923852
-0.058608 0.923852
-0.035473 0.923852
-0.020050 0.923852
-0.004627 0.923852
0.010796 0.923852
0.026220 0.923852
0.041643 0.923852
0.083286 0.923852
0.098709 0.923852
0.114132 0.923852
0.143436 0.923852
0.158859 0.923852
0.189706 0.923852
0.205129 0.923852
0.225179 0.923852
0.240603 0.923852
0.257568 0.923852
0.272991 0.923852
0.288415 0.923852
-0.319261 0.922310
-0.303838 0.922310
-0.288415 0.922310
-0.272991 0.922310
-0.257568 0.922310
-0.240603 0.922310
-0.220552 0.922310
-0.198960 0.922310
-0.183537 0.922310
-0.168113 0.922310
-0.152690 0.922310
-0.137267 0.922310
-0.121844 0.922310
-0.106420 0.922310
-0.081743 0.922310
-0.066320 0.922310
-0.044727 0.922310
-0.029304 0.922310
-0.013881 0.922310
0.001542 0.922310
0.016966 0.922310
0.032389 0.922310
0.047812 0.922310
0.063235 0.922310
0.078659 0.922310
0.094082 0.922310
0.109505 0.922310
0.137267 0.922310
0.152690 0.922310
0.168113 0.922310
0.203587 0.922310
0.219010 0.922310
0.240603 0.922310
0.260653 0.922310
0.276076 0.922310
0.291499 0.922310
-0.320803 0.920768
-0.305380 0.920768
-0.289957 0.920768
-0.274534 0.920768
-0.259110 0.920768
-0.242145 0.920768
-0.226722 0.920768
-0.209756 0.920768
-0.194333 0.920768
-0.178910 0.920768
-0.163486 0.920768
-0.148063 0.920768
-0.132640 0.920768
-0.117217 0.920768
-0.101793 0.920768
-0.086370 0.920768
-0.070947 0.920768
-0.055524 0.920768
-0.040100 0.920768
-0.024677 0.920768
-0.009254 0.920768
0.006169 0.920768
0.021593 0.920768
0.037016 0.920768
0.052439 0.920768
0.067862 0.920768
0.083286 0.920768
0.098709 0.920768
0.114132 0.920768
0.129555 0.920768
0.144978 0.920768
0.160402 0.920768
0.185079 0.920768
0.202044 0.920768
0.222095 0.920768
0.243687 0.920768
0.265280 0.920768
0.280703 0.920768
0.296126 0.920768
-0.317719 0.919225
-0.302296 0.919225
-0.285330 0.919225
-0.269907 0.919225
-0.249857 0.919225
-0.234433 0.919225
-0.219010 0.919225
-0.203587 0.919225
-0.188164 0.919225
-0.172740 0.919225
-0.157317 0.919225
-0.141894 0.919225
-0.126471 0.919225
-0.111047 0.919225
-0.095624 0.919225
-0.080201 0.919225
-0.064778 0.919225
-0.049354 0.919225
-0.033931 0.919225
-0.018508 0.919225
-0.003085 0.919225
0.012339 0.919225
0.027762 0.919225
0.043185 0.919225
0.058608 0.919225
0.074032 0.919225
0.089455 0.919225
0.104878 0.919225
0.120301 0.919225
0.135725 0.919225
0.151148 0.919225
0.166571 0.919225
0.189706 0.919225
0.205129 0.919225
0.226722 0.919225
0.246772 0.919225
0.268364 0.919225
0.283788 0.919225
0.299211 0.919225
-0.320803 0.917683
-0.305380 0.917683
-0.286872 0.917683
-0.271449 0.917683
-0.248314 0.917683
-0.229806 0.917683
-0.214383 0.917683
-0.198960 0.917683
-0.183537 0.917683
-0.168113 0.917683
-0.152690 0.917683
-0.137267 0.917683
-0.111047 0.917683
-0.095624 0.917683
-0.080201 0.917683
-0.064778 0.917683
-0.049354 0.917683
-0.033931 0.917683
-0.018508 0.917683
-0.003085 0.917683
0.012339 0.917683
0.027762 0.917683
0.043185 0.917683
0.058608 0.917683
0.074032 0.917683
0.089455 0.917683
0.104878 0.917683
0.120301 0.917683
0.135725 0.917683
0.151148 0.917683
0.166571 0.917683
0.181994 0.917683
0.203587 0.917683
0.228264 0.917683
0.246772 0.917683
0.266822 0.917683
0.285330 0.917683
0.300753 0.917683
-0.328515 0.916141
-0.313092 0.916141
-0.294584 0.916141
-0.279161 0.916141
-0.257568 0.916141
-0.237518 0.916141
-0.222095 0.916141
-0.206671 0.916141
-0.191248 0.916141
-0.175825 0.916141
-0.160402 0.916141
-0.144978 0.916141
-0.120301 0.916141
-0.104878 0.916141
-0.089455 0.916141
-0.074032 0.916141
-0.049354 0.916141
-0.033931 0.916141
-0.018508 0.916141
-0.003085 0.916141
0.012339 0.916141
0.027762 0.916141
0.043185 0.916141
0.058608 0.916141
0.074032 0.916141
0.089455 0.916141
0.104878 0.916141
0.120301 0.916141
0.144978 0.916141
0.160402 0.916141
0.175825 0.916141
0.195875 0.916141
0.222095 0.916141
0.237518 0.916141
0.256026 0.916141
0.276076 0.916141
0.296126 0.916141
0.311549 0.916141
-0.322346 0.914598
-0.306923 0.914598
-0.291499 0.914598
-0.271449 0.914598
-0.254483 0.914598
-0.234433 0.914598
-0.219010 0.914598
-0.203587 0.914598
-0.188164 0.914598
-0.172740 0.914598
-0.157317 0.914598
-0.132640 0.914598
-0.117217 0.914598
-0.101793 0.914598
-0.086370 0.914598
-0.063235 0.914598
-0.047812 0.914598
-0.032389 0.914598
-0.016966 0.914598
-0.001542 0.914598
0.013881 0.914598
0.044727 0.914598
0.060151 0.914598
0.075574 0.914598
0.112590 0.914598
0.128013 0.914598
0.158859 0.914598
0.174283 0.914598
0.189706 0.914598
0.209756 0.914598
0.237518 0.914598
0.257568 0.914598
0.276076 0.914598
0.297669 0.914598
0.313092 0.914598
-0.325430 0.913056
-0.310007 0.913056
-0.294584 0.913056
-0.272991 0.913056
-0.257568 0.913056
-0.240603 0.913056
-0.225179 0.913056
-0.203587 0.913056
-0.188164 0.913056
-0.172740 0.913056
-0.157317 0.913056
-0.134182 0.913056
-0.118759 0.913056
-0.103336 0.913056
-0.087912 0.913056
-0.072489 0.913056
-0.057066 0.913056
-0.041643 0.913056
-0.026220 0.913056
-0.010796 0.913056
0.004627 0.913056
0.020050 0.913056
0.044727 0.913056
0.060151 0.913056
0.075574 0.913056
0.090997 0.913056
0.106420 0.913056
0.129555 0.913056
0.144978 0.913056
0.160402 0.913056
0.175825 0.913056
0.191248 0.913056
0.211298 0.913056
0.239060 0.913056
0.259110 0.913056
0.274534 0.913056
0.296126 0.913056
0.311549 0.913056
-0.330057 0.911514
-0.314634 0.911514
-0.299211 0.911514
-0.276076 0.911514
-0.260653 0.911514
-0.242145 0.911514
-0.226722 0.911514
-0.205129 0.911514
-0.189706 0.911514
-0.174283 0.911514
-0.152690 0.911514
-0.137267 0.911514
-0.121844 0.911514
-0.106420 0.911514
-0.090997 0.911514
-0.075574 0.911514
-0.060151 0.911514
-0.044727 0.911514
-0.029304 0.911514
0.013881 0.911514
0.029304 0.911514
0.044727 0.911514
0.067862 0.911514
0.083286 0.911514
0.098709 0.911514
0.114132 0.911514
0.140352 0.911514
0.155775 0.911514
0.171198 0.911514
0.186621 0.911514
0.205129 0.911514
0.220552 0.911514
0.243687 0.911514
0.266822 0.911514
0.289957 0.911514
0.305380 0.911514
0.320803 0.911514
-0.325430 0.909971
-0.310007 0.909971
-0.288415 0.909971
-0.271449 0.909971
-0.252941 0.909971
-0.237518 0.909971
-0.219010 0.909971
-0.203587 0.909971
-0.188164 0.909971
-0.172740 0.909971
-0.154232 0.909971
-0.138809 0.909971
-0.123386 0.909971
-0.107963 0.909971
-0.092539 0.909971
-0.077116 0.909971
-0.061693 0.909971
-0.046270 0.909971
0.023135 0.909971
0.038558 0.909971
0.053981 0.909971
0.084828 0.909971
0.100251 0.909971
0.115674 0.909971
0.141894 0.909971
0.157317 0.909971
0.172740 0.909971
0.188164 0.909971
0.203587 0.909971
0.223637 0.909971
0.242145 0.909971
0.265280 0.909971
0.280703 0.909971
0.302296 0.909971
0.317719 0.909971
-0.333142 0.908429
-0.317719 0.908429
-0.302296 0.908429
-0.274534 0.908429
-0.254483 0.908429
-0.239060 0.908429
-0.222095 0.908429
-0.206671 0.908429
-0.191248 0.908429
-0.175825 0.908429
-0.160402 0.908429
-0.144978 0.908429
-0.129555 0.908429
-0.114132 0.908429
-0.074032 0.908429
-0.058608 0.908429
-0.043185 0.908429
-0.027762 0.908429
-0.012339 0.908429
0.003085 0.908429
0.040100 0.908429
0.055524 0.908429
0.070947 0.908429
0.086370 0.908429
0.101793 0.908429
0.120301 0.908429
0.146521 0.908429
0.161944 0.908429
0.177367 0.908429
0.192791 0.908429
0.212841 0.908429
0.228264 0.908429
0.245230 0.908429
0.266822 0.908429
0.282245 0.908429
0.303838 0.908429
0.319261 0.908429
-0.334684 0.906887
-0.319261 0.906887
-0.303838 0.906887
-0.277618 0.906887
-0.257568 0.906887
-0.242145 0.906887
-0.226722 0.906887
-0.211298 0.906887
-0.195875 0.906887
-0.180452 0.906887
-0.165029 0.906887
-0.149605 0.906887
-0.134182 0.906887
-0.081743 0.906887
-0.041643 0.906887
-0.026220 0.906887
-0.010796 0.906887
0.004627 0.906887
0.020050 0.906887
0.035473 0.906887
0.050897 0.906887
0.066320 0.906887
0.081743 0.906887
0.097166 0.906887
0.112590 0.906887
0.135725 0.906887
0.158859 0.906887
0.191248 0.906887
0.206671 0.906887
0.225179 0.906887
0.242145 0.906887
0.257568 0.906887
0.279161 0.906887
0.299211 0.906887
0.314634 0.906887
-0.340854 0.905344
-0.325430 0.905344
-0.308465 0.905344
-0.285330 0.905344
-0.269907 0.905344
-0.251399 0.905344
-0.235976 0.905344
-0.220552 0.905344
-0.192791 0.905344
-0.177367 0.905344
-0.161944 0.905344
-0.146521 0.905344
-0.131098 0.905344
-0.115674 0.905344
-0.100251 0.905344
-0.084828 0.905344
-0.060151 0.905344
-0.044727 0.905344
-0.013881 0.905344
0.001542 0.905344
0.016966 0.905344
0.032389 0.905344
0.047812 0.905344
0.063235 0.905344
0.078659 0.905344
0.094082 0.905344
0.115674 0.905344
0.138809 0.905344
0.160402 0.905344
0.175825 0.905344
0.191248 0.905344
0.206671 0.905344
0.226722 0.905344
0.246772 0.905344
0.268364 0.905344
0.283788 0.905344
0.303838 0.905344
0.320803 0.905344
-0.336227 0.903802
-0.320803 0.903802
-0.294584 0.903802
-0.279161 0.903802
-0.259110 0.903802
-0.243687 0.903802
-0.228264 0.903802
-0.212841 0.903802
-0.197417 0.903802
-0.181994 0.903802
-0.166571 0.903802
-0.151148 0.903802
-0.135725 0.903802
-0.120301 0.903802
-0.104878 0.903802
-0.089455 0.903802
-0.074032 0.903802
-0.058608 0.903802
-0.043185 0.903802
-0.009254 0.903802
0.006169 0.903802
0.021593 0.903802
0.037016 0.903802
0.052439 0.903802
0.067862 0.903802
0.083286 0.903802
0.098709 0.903802
0.118759 0.903802
0.144978 0.903802
0.160402 0.903802
0.175825 0.903802
0.191248 0.903802
0.206671 0.903802
0.226722 0.903802
0.246772 0.903802
0.262195 0.903802
0.283788 0.903802
0.305380 0.903802
0.322346 0.903802
-0.336227 0.902260
-0.316176 0.902260
-0.294584 0.902260
-0.279161 0.902260
-0.260653 0.902260
-0.242145 0.902260
-0.226722 0.902260
-0.211298 0.902260
-0.195875 0.902260
-0.180452 0.902260
-0.165029 0.902260
-0.132640 0.902260
-0.117217 0.902260
-0.101793 0.902260
-0.086370 0.902260
-0.070947 0.902260
-0.055524 0.902260
-0.040100 0.902260
-0.024677 0.902260
-0.009254 0.902260
0.006169 0.902260
0.021593 0.902260
0.037016 0.902260
0.052439 0.902260
0.069405 0.902260
0.087912 0.902260
0.103336 0.902260
0.138809 0.902260
0.154232 0.902260
0.169656 0.902260
0.185079 0.902260
0.200502 0.902260
0.215925 0.902260
0.235976 0.902260
0.254483 0.902260
0.276076 0.902260
0.291499 0.902260
0.313092 0.902260
0.336227 0.902260
-0.334684 0.900717
-0.314634 0.900717
-0.293042 0.900717
-0.277618 0.900717
-0.257568 0.900717
-0.240603 0.900717
-0.225179 0.900717
-0.209756 0.900717
-0.194333 0.900717
-0.178910 0.900717
-0.126471 0.900717
-0.111047 0.900717
-0.095624 0.900717
-0.080201 0.900717
-0.064778 0.900717
-0.049354 0.900717
-0.033931 0.900717
-0.018508 0.900717
-0.003085 0.900717
0.012339 0.900717
0.046270 0.900717
0.061693 0.900717
0.098709 0.900717
0.114132 0.900717
0.148063 0.900717
0.163486 0.900717
0.178910 0.900717
0.194333 0.900717
0.209756 0.900717
0.225179 0.900717
0.240603 0.900717
0.256026 0.900717
0.276076 0.900717
0.293042 0.900717
0.316176 0.900717
0.339311 0.900717
-0.336227 0.899175
-0.316176 0.899175
-0.296126 0.899175
-0.280703 0.899175
-0.262195 0.899175
-0.246772 0.899175
-0.231349 0.899175
-0.215925 0.899175
-0.200502 0.899175
-0.185079 0.899175
-0.169656 0.899175
-0.154232 0.899175
-0.138809 0.899175
-0.123386 0.899175
-0.107963 0.899175
-0.092539 0.899175
-0.077116 0.899175
-0.061693 0.899175
-0.046270 0.899175
-0.030846 0.899175
-0.015423 0.899175
0.000000 0.899175
0.015423 0.899175
0.049354 0.899175
0.064778 0.899175
0.080201 0.899175
0.114132 0.899175
0.129555 0.899175
0.157317 0.899175
0.172740 0.899175
0.188164 0.899175
0.203587 0.899175
0.219010 0.899175
0.234433 0.899175
0.249857 0.899175
0.265280 0.899175
0.283788 0.899175
0.299211 0.899175
0.322346 0.899175
-0.350108 0.897633
-0.334684 0.897633
-0.314634 0.897633
-0.293042 0.897633
-0.277618 0.897633
-0.259110 0.897633
-0.243687 0.897633
-0.228264 0.897633
-0.212841 0.897633
-0.197417 0.897633
-0.181994 0.897633
-0.166571 0.897633
-0.151148 0.897633
-0.135725 0.897633
-0.120301 0.897633
-0.104878 0.897633
-0.089455 0.897633
-0.074032 0.897633
-0.058608 0.897633
-0.043185 0.897633
-0.027762 0.897633
-0.012339 0.897633
0.003085 0.897633
0.018508 0.897633
0.033931 0.897633
0.058608 0.897633
0.074032 0.897633
0.111047 0.897633
0.126471 0.897633
0.141894 0.897633
0.165029 0.897633
0.180452 0.897633
0.195875 0.897633
0.211298 0.897633
0.232891 0.897633
0.248314 0.897633
0.263737 0.897633
0.280703 0.897633
0.296126 0.897633
0.317719 0.897633
0.339311 0.897633
-0.345481 0.896090
-0.330057 0.896090
-0.308465 0.896090
-0.293042 0.896090
-0.272991 0.896090
-0.257568 0.896090
-0.242145 0.896090
-0.226722 0.896090
-0.211298 0.896090
-0.195875 0.896090
-0.180452 0.896090
-0.165029 0.896090
-0.149605 0.896090
-0.134182 0.896090
-0.118759 0.896090
-0.103336 0.896090
-0.087912 0.896090
-0.072489 0.896090
-0.057066 0.896090
-0.041643 0.896090
-0.026220 0.896090
-0.010796 0.896090
0.004627 0.896090
0.035473 0.896090
0.063235 0.896090
0.078659 0.896090
0.115674 0.896090
0.131098 0.896090
0.160402 0.896090
0.175825 0.896090
0.191248 0.896090
0.206671 0.896090
0.240603 0.896090
0.256026 0.896090
0.271449 0.896090
0.286872 0.896090
0.302296 0.896090
0.320803 0.896090
0.340854 0.896090
-0.350108 0.894548
-0.334684 0.894548
-0.319261 0.894548
-0.299211 0.894548
-0.283788 0.894548
-0.262195 0.894548
-0.246772 0.894548
-0.231349 0.894548
-0.215925 0.894548
-0.200502 0.894548
-0.185079 0.894548
-0.169656 0.894548
-0.154232 0.894548
-0.138809 0.894548
-0.123386 0.894548
-0.107963 0.894548
-0.092539 0.894548
-0.077116 0.894548
-0.061693 0.894548
-0.046270 0.894548
-0.030846 0.894548
-0.015423 0.894548
0.000000 0.894548
0.046270 0.894548
0.072489 0.894548
0.087912 0.894548
0.126471 0.894548
0.151148 0.894548
0.175825 0.894548
0.195875 0.894548
0.211298 0.894548
0.226722 0.894548
0.251399 0.894548
0.266822 0.894548
0.282245 0.894548
0.297669 0.894548
0.314634 0.894548
0.330057 0.894548
-0.362446 0.893006
-0.347023 0.893006
-0.331600 0.893006
-0.313092 0.893006
-0.297669 0.893006
-0.276076 0.893006
-0.260653 0.893006
-0.245230 0.893006
-0.229806 0.893006
-0.214383 0.893006
-0.198960 0.893006
-0.183537 0.893006
-0.168113 0.893006
-0.152690 0.893006
-0.137267 0.893006
-0.121844 0.893006
-0.106420 0.893006
-0.090997 0.893006
-0.075574 0.893006
-0.060151 0.893006
-0.044727 0.893006
-0.029304 0.893006
-0.013881 0.893006
0.001542 0.893006
0.052439 0.893006
0.075574 0.893006
0.090997 0.893006
0.129555 0.893006
0.172740 0.893006
0.188164 0.893006
0.203587 0.893006
0.219010 0.893006
0.234433 0.893006
0.256026 0.893006
0.271449 0.893006
0.286872 0.893006
0.302296 0.893006
0.319261 0.893006
0.334684 0.893006
-0.360904 0.891463
-0.345481 0.891463
-0.330057 0.891463
-0.311549 0.891463
-0.296126 0.891463
-0.274534 0.891463
-0.259110 0.891463
-0.243687 0.891463
-0.228264 0.891463
-0.212841 0.891463
-0.197417 0.891463
-0.181994 0.891463
-0.166571 0.891463
-0.151148 0.891463
-0.135725 0.891463
-0.120301 0.891463
-0.104878 0.891463
-0.089455 0.891463
-0.074032 0.891463
-0.058608 0.891463
-0.043185 0.891463
-0.027762 0.891463
-0.012339 0.891463
0.003085 0.891463
0.018508 0.891463
0.033931 0.891463
0.066320 0.891463
0.089455 0.891463
0.128013 0.891463
0.171198 0.891463
0.186621 0.891463
0.202044 0.891463
0.217468 0.891463
0.232891 0.891463
0.252941 0.891463
0.271449 0.891463
0.286872 0.891463
0.303838 0.891463
0.323888 0.891463
0.339311 0.891463
-0.357819 0.889921
-0.342396 0.889921
-0.326973 0.889921
-0.306923 0.889921
-0.291499 0.889921
-0.271449 0.889921
-0.256026 0.889921
-0.240603 0.889921
-0.225179 0.889921
-0.203587 0.889921
-0.188164 0.889921
-0.172740 0.889921
-0.157317 0.889921
-0.114132 0.889921
-0.098709 0.889921
-0.083286 0.889921
-0.067862 0.889921
-0.052439 0.889921
-0.037016 0.889921
-0.021593 0.889921
-0.006169 0.889921
0.009254 0.889921
0.024677 0.889921
0.040100 0.889921
0.072489 0.889921
0.094082 0.889921
0.114132 0.889921
0.137267 0.889921
0.154232 0.889921
0.185079 0.889921
0.200502 0.889921
0.215925 0.889921
0.231349 0.889921
0.246772 0.889921
0.269907 0.889921
0.285330 0.889921
0.302296 0.889921
0.320803 0.889921
0.336227 0.889921
-0.363989 0.888379
-0.348565 0.888379
-0.333142 0.888379
-0.311549 0.888379
-0.296126 0.888379
-0.276076 0.888379
-0.260653 0.888379
-0.245230 0.888379
-0.229806 0.888379
-0.200502 0.888379
-0.185079 0.888379
-0.169656 0.888379
-0.097166 0.888379
-0.081743 0.888379
-0.055524 0.888379
-0.040100 0.888379
-0.024677 0.888379
-0.009254 0.888379
0.006169 0.888379
0.021593 0.888379
0.037016 0.888379
0.069405 0.888379
0.089455 0.888379
0.106420 0.888379
0.123386 0.888379
0.140352 0.888379
0.155775 0.888379
0.185079 0.888379
0.200502 0.888379
0.215925 0.888379
0.231349 0.888379
0.246772 0.888379
0.266822 0.888379
0.282245 0.888379
0.299211 0.888379
0.314634 0.888379
0.330057 0.888379
0.350108 0.888379
-0.357819 0.886836
-0.342396 0.886836
-0.319261 0.886836
-0.303838 0.886836
-0.283788 0.886836
-0.268364 0.886836
-0.252941 0.886836
-0.237518 0.886836
-0.217468 0.886836
-0.202044 0.886836
-0.186621 0.886836
-0.075574 0.886836
-0.041643 0.886836
-0.026220 0.886836
-0.010796 0.886836
0.004627 0.886836
0.020050 0.886836
0.035473 0.886836
0.050897 0.886836
0.081743 0.886836
0.101793 0.886836
0.118759 0.886836
0.146521 0.886836
0.165029 0.886836
0.186621 0.886836
0.202044 0.886836
0.220552 0.886836
0.235976 0.886836
0.251399 0.886836
0.271449 0.886836
0.286872 0.886836
0.305380 0.886836
0.320803 0.886836
0.336227 0.886836
-0.371700 0.885294
-0.356277 0.885294
-0.340854 0.885294
-0.319261 0.885294
-0.303838 0.885294
-0.282245 0.885294
-0.266822 0.885294
-0.251399 0.885294
-0.235976 0.885294
-0.219010 0.885294
-0.198960 0.885294
-0.129555 0.885294
-0.114132 0.885294
-0.064778 0.885294
-0.035473 0.885294
-0.020050 0.885294
-0.004627 0.885294
0.010796 0.885294
0.029304 0.885294
0.044727 0.885294
0.060151 0.885294
0.086370 0.885294
0.103336 0.885294
0.120301 0.885294
0.149605 0.885294
0.166571 0.885294
0.188164 0.885294
0.209756 0.885294
0.225179 0.885294
0.240603 0.885294
0.256026 0.885294
0.274534 0.885294
0.289957 0.885294
0.308465 0.885294
0.325430 0.885294
0.342396 0.885294
-0.370158 0.883752
-0.354735 0.883752
-0.334684 0.883752
-0.319261 0.883752
-0.299211 0.883752
-0.279161 0.883752
-0.263737 0.883752
-0.248314 0.883752
-0.232891 0.883752
-0.209756 0.883752
-0.194333 0.883752
-0.115674 0.883752
-0.066320 0.883752
-0.050897 0.883752
-0.012339 0.883752
0.003085 0.883752
0.018508 0.883752
0.035473 0.883752
0.050897 0.883752
0.066320 0.883752
0.090997 0.883752
0.109505 0.883752
0.124928 0.883752
0.152690 0.883752
0.171198 0.883752
0.192791 0.883752
0.212841 0.883752
0.228264 0.883752
0.243687 0.883752
0.259110 0.883752
0.279161 0.883752
0.294584 0.883752
0.313092 0.883752
0.330057 0.883752
0.353192 0.883752
-0.367073 0.882209
-0.351650 0.882209
-0.334684 0.882209
-0.317719 0.882209
-0.299211 0.882209
-0.280703 0.882209
-0.265280 0.882209
-0.245230 0.882209
-0.229806 0.882209
-0.205129 0.882209
-0.180452 0.882209
-0.101793 0.882209
-0.053981 0.882209
-0.038558 0.882209
-0.023135 0.882209
0.015423 0.882209
0.030846 0.882209
0.049354 0.882209
0.064778 0.882209
0.086370 0.882209
0.107963 0.882209
0.123386 0.882209
0.138809 0.882209
0.160402 0.882209
0.185079 0.882209
0.200502 0.882209
0.219010 0.882209
0.234433 0.882209
0.249857 0.882209
0.265280 0.882209
0.282245 0.882209
0.297669 0.882209
0.314634 0.882209
0.333142 0.882209
0.354735 0.882209
-0.368616 0.880667
-0.353192 0.880667
-0.337769 0.880667
-0.320803 0.880667
-0.300753 0.880667
-0.282245 0.880667
-0.266822 0.880667
-0.245230 0.880667
-0.222095 0.880667
-0.206671 0.880667
-0.181994 0.880667
-0.095624 0.880667
-0.052439 0.880667
-0.037016 0.880667
-0.021593 0.880667
-0.006169 0.880667
0.013881 0.880667
0.029304 0.880667
0.052439 0.880667
0.067862 0.880667
0.090997 0.880667
0.114132 0.880667
0.134182 0.880667
0.152690 0.880667
0.175825 0.880667
0.198960 0.880667
0.214383 0.880667
0.229806 0.880667
0.245230 0.880667
0.260653 0.880667
0.277618 0.880667
0.293042 0.880667
0.311549 0.880667
0.330057 0.880667
0.347023 0.880667
-0.379412 0.879125
-0.362446 0.879125
-0.347023 0.879125
-0.330057 0.879125
-0.314634 0.879125
-0.293042 0.879125
-0.277618 0.879125
-0.254483 0.879125
-0.239060 0.879125
-0.214383 0.879125
-0.188164 0.879125
-0.163486 0.879125
-0.131098 0.879125
-0.095624 0.879125
-0.080201 0.879125
-0.064778 0.879125
-0.037016 0.879125
-0.021593 0.879125
-0.006169 0.879125
0.009254 0.879125
0.024677 0.879125
0.040100 0.879125
0.075574 0.879125
0.098709 0.879125
0.121844 0.879125
0.148063 0.879125
0.163486 0.879125
0.183537 0.879125
0.205129 0.879125
0.220552 0.879125
0.240603 0.879125
0.256026 0.879125
0.271449 0.879125
0.288415 0.879125
0.303838 0.879125
0.322346 0.879125
0.340854 0.879125
-0.388666 0.877582
-0.371700 0.877582
-0.356277 0.877582
-0.340854 0.877582
-0.325430 0.877582
-0.310007 0.877582
-0.289957 0.877582
-0.274534 0.877582
-0.254483 0.877582
-0.228264 0.877582
-0.212841 0.877582
-0.189706 0.877582
-0.171198 0.877582
-0.155775 0.877582
-0.140352 0.877582
-0.106420 0.877582
-0.090997 0.877582
-0.075574 0.877582
-0.060151 0.877582
-0.018508 0.877582
-0.003085 0.877582
0.012339 0.877582
0.027762 0.877582
0.043185 0.877582
0.094082 0.877582
0.117217 0.877582
0.137267 0.877582
0.158859 0.877582
0.174283 0.877582
0.202044 0.877582
0.217468 0.877582
0.242145 0.877582
0.257568 0.877582
0.272991 0.877582
0.288415 0.877582
0.303838 0.877582
0.323888 0.877582
0.342396 0.877582
0.360904 0.877582
-0.377869 0.876040
-0.362446 0.876040
-0.347023 0.876040
-0.330057 0.876040
-0.314634 0.876040
-0.293042 0.876040
-0.277618 0.876040
-0.257568 0.876040
-0.231349 0.876040
-0.212841 0.876040
-0.186621 0.876040
-0.171198 0.876040
-0.155775 0.876040
-0.140352 0.876040
-0.124928 0.876040
-0.109505 0.876040
-0.094082 0.876040
-0.078659 0.876040
-0.063235 0.876040
-0.012339 0.876040
0.003085 0.876040
0.018508 0.876040
0.033931 0.876040
0.049354 0.876040
0.070947 0.876040
0.107963 0.876040
0.131098 0.876040
0.157317 0.876040
0.172740 0.876040
0.200502 0.876040
0.215925 0.876040
0.231349 0.876040
0.251399 0.876040
0.266822 0.876040
0.282245 0.876040
0.297669 0.876040
0.313092 0.876040
0.333142 0.876040
0.348565 0.876040
-0.390208 0.874498
-0.374785 0.874498
-0.359362 0.874498
-0.340854 0.874498
-0.325430 0.874498
-0.302296 0.874498
-0.286872 0.874498
-0.266822 0.874498
-0.251399 0.874498
-0.225179 0.874498
-0.191248 0.874498
-0.175825 0.874498
-0.124928 0.874498
-0.109505 0.874498
-0.094082 0.874498
-0.078659 0.874498
-0.063235 0.874498
-0.001542 0.874498
0.013881 0.874498
0.029304 0.874498
0.044727 0.874498
0.060151 0.874498
0.075574 0.874498
0.107963 0.874498
0.131098 0.874498
0.160402 0.874498
0.175825 0.874498
0.205129 0.874498
0.222095 0.874498
0.237518 0.874498
0.252941 0.874498
0.268364 0.874498
0.285330 0.874498
0.302296 0.874498
0.317719 0.874498
0.336227 0.874498
0.351650 0.874498
-0.391750 0.872956
-0.376327 0.872956
-0.360904 0.872956
-0.340854 0.872956
-0.325430 0.872956
-0.300753 0.872956
-0.285330 0.872956
-0.266822 0.872956
-0.240603 0.872956
-0.208214 0.872956
-0.192791 0.872956
-0.177367 0.872956
-0.121844 0.872956
-0.106420 0.872956
-0.046270 0.872956
-0.026220 0.872956
0.016966 0.872956
0.032389 0.872956
0.047812 0.872956
0.063235 0.872956
0.080201 0.872956
0.111047 0.872956
0.135725 0.872956
0.161944 0.872956
0.186621 0.872956
0.212841 0.872956
0.232891 0.872956
0.248314 0.872956
0.263737 0.872956
0.280703 0.872956
0.299211 0.872956
0.314634 0.872956
0.331600 0.872956
0.350108 0.872956
-0.399462 0.871413
-0.384039 0.871413
-0.368616 0.871413
-0.353192 0.871413
-0.334684 0.871413
-0.319261 0.871413
-0.296126 0.871413
-0.277618 0.871413
-0.262195 0.871413
-0.240603 0.871413
-0.208214 0.871413
-0.192791 0.871413
-0.177367 0.871413
-0.161944 0.871413
-0.146521 0.871413
-0.131098 0.871413
-0.080201 0.871413
-0.064778 0.871413
-0.040100 0.871413
-0.015423 0.871413
0.012339 0.871413
0.027762 0.871413
0.043185 0.871413
0.058608 0.871413
0.075574 0.871413
0.098709 0.871413
0.129555 0.871413
0.151148 0.871413
0.168113 0.871413
0.194333 0.871413
0.220552 0.871413
0.239060 0.871413
0.254483 0.871413
0.269907 0.871413
0.285330 0.871413
0.303838 0.871413
0.319261 0.871413
0.339311 0.871413
0.356277 0.871413
-0.396377 0.869871
-0.380954 0.869871
-0.365531 0.869871
-0.347023 0.869871
-0.331600 0.869871
-0.311549 0.869871
-0.294584 0.869871
-0.274534 0.869871
-0.259110 0.869871
-0.237518 0.869871
-0.206671 0.869871
-0.191248 0.869871
-0.175825 0.869871
-0.160402 0.869871
-0.144978 0.869871
-0.129555 0.869871
-0.098709 0.869871
-0.083286 0.869871
-0.067862 0.869871
-0.052439 0.869871
-0.016966 0.869871
-0.001542 0.869871
0.023135 0.869871
0.038558 0.869871
0.053981 0.869871
0.069405 0.869871
0.084828 0.869871
0.104878 0.869871
0.134182 0.869871
0.155775 0.869871
0.171198 0.869871
0.195875 0.869871
0.223637 0.869871
0.239060 0.869871
0.254483 0.869871
0.269907 0.869871
0.285330 0.869871
0.300753 0.869871
0.317719 0.869871
0.333142 0.869871
0.351650 0.869871
0.367073 0.869871
-0.382496 0.868329
-0.367073 0.868329
-0.348565 0.868329
-0.333142 0.868329
-0.316176 0.868329
-0.296126 0.868329
-0.277618 0.868329
-0.262195 0.868329
-0.240603 0.868329
-0.217468 0.868329
-0.202044 0.868329
-0.171198 0.868329
-0.155775 0.868329
-0.140352 0.868329
-0.101793 0.868329
-0.086370 0.868329
-0.070947 0.868329
-0.055524 0.868329
-0.038558 0.868329
-0.004627 0.868329
0.016966 0.868329
0.032389 0.868329
0.047812 0.868329
0.063235 0.868329
0.078659 0.868329
0.094082 0.868329
0.114132 0.868329
0.144978 0.868329
0.168113 0.868329
0.191248 0.868329
0.219010 0.868329
0.237518 0.868329
0.252941 0.868329
0.268364 0.868329
0.283788 0.868329
0.299211 0.868329
0.314634 0.868329
0.330057 0.868329
0.348565 0.868329
0.363989 0.868329
-0.388666 0.866786
-0.373242 0.866786
-0.357819 0.866786
-0.340854 0.866786
-0.325430 0.866786
-0.306923 0.866786
-0.289957 0.866786
-0.274534 0.866786
-0.251399 0.866786
-0.235976 0.866786
-0.214383 0.866786
-0.186621 0.866786
-0.171198 0.866786
-0.155775 0.866786
-0.114132 0.866786
-0.098709 0.866786
-0.083286 0.866786
-0.067862 0.866786
-0.047812 0.866786
-0.032389 0.866786
0.009254 0.866786
0.024677 0.866786
0.040100 0.866786
0.055524 0.866786
0.070947 0.866786
0.086370 0.866786
0.101793 0.866786
0.118759 0.866786
0.148063 0.866786
0.171198 0.866786
0.194333 0.866786
0.225179 0.866786
0.243687 0.866786
0.259110 0.866786
0.274534 0.866786
0.289957 0.866786
0.305380 0.866786
0.320803 0.866786
0.336227 0.866786
0.354735 0.866786
-0.396377 0.865244
-0.380954 0.865244
-0.365531 0.865244
-0.347023 0.865244
-0.330057 0.865244
-0.311549 0.865244
-0.296126 0.865244
-0.280703 0.865244
-0.265280 0.865244
-0.245230 0.865244
-0.225179 0.865244
-0.209756 0.865244
-0.194333 0.865244
-0.178910 0.865244
-0.163486 0.865244
-0.148063 0.865244
-0.132640 0.865244
-0.117217 0.865244
-0.101793 0.865244
-0.086370 0.865244
-0.070947 0.865244
-0.055524 0.865244
-0.038558 0.865244
-0.023135 0.865244
0.024677 0.865244
0.040100 0.865244
0.055524 0.865244
0.070947 0.865244
0.086370 0.865244
0.101793 0.865244
0.118759 0.865244
0.146521 0.865244
0.168113 0.865244
0.183537 0.865244
0.202044 0.865244
0.232891 0.865244
0.251399 0.865244
0.266822 0.865244
0.282245 0.865244
0.297669 0.865244
0.314634 0.865244
0.330057 0.865244
0.348565 0.865244
0.365531 0.865244
-0.390208 0.863702
-0.374785 0.863702
-0.359362 0.863702
-0.339311 0.863702
-0.323888 0.863702
-0.303838 0.863702
-0.288415 0.863702
-0.272991 0.863702
-0.251399 0.863702
-0.231349 0.863702
-0.215925 0.863702
-0.200502 0.863702
-0.185079 0.863702
-0.169656 0.863702
-0.154232 0.863702
-0.138809 0.863702
-0.123386 0.863702
-0.107963 0.863702
-0.092539 0.863702
-0.077116 0.863702
-0.061693 0.863702
-0.046270 0.863702
-0.023135 0.863702
0.026220 0.863702
0.041643 0.863702
0.057066 0.863702
0.072489 0.863702
0.087912 0.863702
0.103336 0.863702
0.118759 0.863702
0.143436 0.863702
0.165029 0.863702
0.180452 0.863702
0.205129 0.863702
0.235976 0.863702
0.251399 0.863702
0.266822 0.863702
0.282245 0.863702
0.297669 0.863702
0.314634 0.863702
0.330057 0.863702
0.350108 0.863702
0.367073 0.863702
-0.394835 0.862159
-0.379412 0.862159
-0.362446 0.862159
-0.343938 0.862159
-0.328515 0.862159
-0.306923 0.862159
-0.291499 0.862159
-0.276076 0.862159
-0.257568 0.862159
-0.239060 0.862159
-0.223637 0.862159
-0.208214 0.862159
-0.192791 0.862159
-0.177367 0.862159
-0.161944 0.862159
-0.146521 0.862159
-0.131098 0.862159
-0.115674 0.862159
-0.100251 0.862159
-0.053981 0.862159
-0.021593 0.862159
0.040100 0.862159
0.055524 0.862159
0.070947 0.862159
0.086370 0.862159
0.101793 0.862159
0.121844 0.862159
0.144978 0.862159
0.168113 0.862159
0.183537 0.862159
0.209756 0.862159
0.240603 0.862159
0.256026 0.862159
0.271449 0.862159
0.286872 0.862159
0.302296 0.862159
0.317719 0.862159
0.333142 0.862159
0.353192 0.862159
0.370158 0.862159
-0.394835 0.860617
-0.379412 0.860617
-0.360904 0.860617
-0.339311 0.860617
-0.317719 0.860617
-0.302296 0.860617
-0.286872 0.860617
-0.271449 0.860617
-0.251399 0.860617
-0.235976 0.860617
-0.220552 0.860617
-0.205129 0.860617
-0.189706 0.860617
-0.174283 0.860617
-0.158859 0.860617
-0.134182 0.860617
-0.118759 0.860617
-0.103336 0.860617
-0.087912 0.860617
-0.055524 0.860617
-0.021593 0.860617
-0.006169 0.860617
0.053981 0.860617
0.069405 0.860617
0.086370 0.860617
0.104878 0.860617
0.129555 0.860617
0.149605 0.860617
0.171198 0.860617
0.186621 0.860617
0.214383 0.860617
0.246772 0.860617
0.262195 0.860617
0.277618 0.860617
0.293042 0.860617
0.308465 0.860617
0.323888 0.860617
0.342396 0.860617
0.360904 0.860617
-0.407174 0.859075
-0.391750 0.859075
-0.376327 0.859075
-0.357819 0.859075
-0.336227 0.859075
-0.313092 0.859075
-0.297669 0.859075
-0.282245 0.859075
-0.266822 0.859075
-0.245230 0.859075
-0.229806 0.859075
-0.214383 0.859075
-0.198960 0.859075
-0.183537 0.859075
-0.168113 0.859075
-0.126471 0.859075
-0.111047 0.859075
-0.095624 0.859075
-0.080201 0.859075
-0.064778 0.859075
-0.049354 0.859075
-0.033931 0.859075
-0.004627 0.859075
0.064778 0.859075
0.080201 0.859075
0.095624 0.859075
0.114132 0.859075
0.137267 0.859075
0.157317 0.859075
0.178910 0.859075
0.209756 0.859075
0.245230 0.859075
0.260653 0.859075
0.276076 0.859075
0.291499 0.859075
0.306923 0.859075
0.322346 0.859075
0.337769 0.859075
0.359362 0.859075
0.374785 0.859075
-0.397920 0.857532
-0.382496 0.857532
-0.363989 0.857532
-0.342396 0.857532
-0.319261 0.857532
-0.303838 0.857532
-0.288415 0.857532
-0.272991 0.857532
-0.249857 0.857532
-0.234433 0.857532
-0.219010 0.857532
-0.203587 0.857532
-0.188164 0.857532
-0.143436 0.857532
-0.128013 0.857532
-0.100251 0.857532
-0.084828 0.857532
-0.069405 0.857532
-0.053981 0.857532
-0.038558 0.857532
-0.010796 0.857532
0.004627 0.857532
0.047812 0.857532
0.063235 0.857532
0.078659 0.857532
0.095624 0.857532
0.114132 0.857532
0.137267 0.857532
0.157317 0.857532
0.180452 0.857532
0.195875 0.857532
0.245230 0.857532
0.260653 0.857532
0.276076 0.857532
0.291499 0.857532
0.306923 0.857532
0.322346 0.857532
0.337769 0.857532
0.359362 0.857532
0.374785 0.857532
-0.401004 0.855990
-0.385581 0.855990
-0.367073 0.855990
-0.345481 0.855990
-0.323888 0.855990
-0.308465 0.855990
-0.293042 0.855990
-0.277618 0.855990
-0.252941 0.855990
-0.237518 0.855990
-0.222095 0.855990
-0.206671 0.855990
-0.154232 0.855990
-0.138809 0.855990
-0.092539 0.855990
-0.074032 0.855990
-0.058608 0.855990
-0.043185 0.855990
-0.027762 0.855990
-0.001542 0.855990
0.013881 0.855990
0.029304 0.855990
0.061693 0.855990
0.077116 0.855990
0.092539 0.855990
0.109505 0.855990
0.137267 0.855990
0.157317 0.855990
0.185079 0.855990
0.206671 0.855990
0.225179 0.855990
0.262195 0.855990
0.277618 0.855990
0.293042 0.855990
0.308465 0.855990
0.323888 0.855990
0.339311 0.855990
0.362446 0.855990
0.377869 0.855990
-0.402547 0.854448
-0.387123 0.854448
-0.367073 0.854448
-0.347023 0.854448
-0.325430 0.854448
-0.310007 0.854448
-0.289957 0.854448
-0.274534 0.854448
-0.248314 0.854448
-0.232891 0.854448
-0.217468 0.854448
-0.175825 0.854448
-0.160402 0.854448
-0.144978 0.854448
-0.081743 0.854448
-0.066320 0.854448
-0.050897 0.854448
-0.035473 0.854448
-0.020050 0.854448
0.007712 0.854448
0.023135 0.854448
0.058608 0.854448
0.074032 0.854448
0.089455 0.854448
0.106420 0.854448
0.129555 0.854448
0.157317 0.854448
0.186621 0.854448
0.202044 0.854448
0.226722 0.854448
0.259110 0.854448
0.274534 0.854448
0.289957 0.854448
0.306923 0.854448
0.322346 0.854448
0.337769 0.854448
0.359362 0.854448
0.374785 0.854448
-0.410258 0.852905
-0.394835 0.852905
-0.374785 0.852905
-0.356277 0.852905
-0.340854 0.852905
-0.322346 0.852905
-0.306923 0.852905
-0.286872 0.852905
-0.257568 0.852905
-0.242145 0.852905
-0.226722 0.852905
-0.194333 0.852905
-0.178910 0.852905
-0.163486 0.852905
-0.148063 0.852905
-0.132640 0.852905
-0.094082 0.852905
-0.078659 0.852905
-0.063235 0.852905
-0.047812 0.852905
-0.032389 0.852905
-0.016966 0.852905
0.015423 0.852905
0.030846 0.852905
0.066320 0.852905
0.081743 0.852905
0.097166 0.852905
0.112590 0.852905
0.141894 0.852905
0.161944 0.852905
0.191248 0.852905
0.212841 0.852905
0.228264 0.852905
0.260653 0.852905
0.276076 0.852905
0.291499 0.852905
0.308465 0.852905
0.323888 0.852905
0.340854 0.852905
0.362446 0.852905
0.377869 0.852905
-0.410258 0.851363
-0.394835 0.851363
-0.374785 0.851363
-0.354735 0.851363
-0.337769 0.851363
-0.322346 0.851363
-0.306923 0.851363
-0.289957 0.851363
-0.268364 0.851363
-0.252941 0.851363
-0.237518 0.851363
-0.209756 0.851363
-0.194333 0.851363
-0.178910 0.851363
-0.163486 0.851363
-0.148063 0.851363
-0.132640 0.851363
-0.117217 0.851363
-0.101793 0.851363
-0.086370 0.851363
-0.070947 0.851363
-0.055524 0.851363
-0.040100 0.851363
-0.024677 0.851363
-0.009254 0.851363
0.021593 0.851363
0.037016 0.851363
0.052439 0.851363
0.081743 0.851363
0.097166 0.851363
0.112590 0.851363
0.135725 0.851363
0.158859 0.851363
0.189706 0.851363
0.205129 0.851363
0.226722 0.851363
0.246772 0.851363
0.276076 0.851363
0.291499 0.851363
0.306923 0.851363
0.322346 0.851363
0.337769 0.851363
0.356277 0.851363
0.373242 0.851363
-0.417970 0.849821
-0.402547 0.849821
-0.384039 0.849821
-0.362446 0.849821
-0.347023 0.849821
-0.330057 0.849821
-0.314634 0.849821
-0.299211 0.849821
-0.277618 0.849821
-0.262195 0.849821
-0.246772 0.849821
-0.225179 0.849821
-0.209756 0.849821
-0.194333 0.849821
-0.178910 0.849821
-0.163486 0.849821
-0.148063 0.849821
-0.132640 0.849821
-0.117217 0.849821
-0.101793 0.849821
-0.064778 0.849821
-0.049354 0.849821
-0.033931 0.849821
-0.018508 0.849821
-0.003085 0.849821
0.032389 0.849821
0.047812 0.849821
0.075574 0.849821
0.090997 0.849821
0.106420 0.849821
0.121844 0.849821
0.152690 0.849821
0.171198 0.849821
0.200502 0.849821
0.223637 0.849821
0.242145 0.849821
0.271449 0.849821
0.286872 0.849821
0.303838 0.849821
0.319261 0.849821
0.334684 0.849821
0.350108 0.849821
0.371700 0.849821
-0.421055 0.848278
-0.405631 0.848278
-0.390208 0.848278
-0.373242 0.848278
-0.354735 0.848278
-0.336227 0.848278
-0.320803 0.848278
-0.305380 0.848278
-0.289957 0.848278
-0.274534 0.848278
-0.259110 0.848278
-0.243687 0.848278
-0.223637 0.848278
-0.208214 0.848278
-0.192791 0.848278
-0.177367 0.848278
-0.161944 0.848278
-0.146521 0.848278
-0.131098 0.848278
-0.114132 0.848278
-0.098709 0.848278
-0.083286 0.848278
-0.067862 0.848278
-0.052439 0.848278
-0.037016 0.848278
-0.021593 0.848278
-0.006169 0.848278
0.009254 0.848278
0.040100 0.848278
0.057066 0.848278
0.083286 0.848278
0.098709 0.848278
0.114132 0.848278
0.134182 0.848278
0.158859 0.848278
0.177367 0.848278
0.206671 0.848278
0.229806 0.848278
0.251399 0.848278
0.279161 0.848278
0.294584 0.848278
0.311549 0.848278
0.326973 0.848278
0.342396 0.848278
0.357819 0.848278
0.376327 0.848278
-0.419512 0.846736
-0.402547 0.846736
-0.387123 0.846736
-0.371700 0.846736
-0.356277 0.846736
-0.336227 0.846736
-0.320803 0.846736
-0.305380 0.846736
-0.289957 0.846736
-0.274534 0.846736
-0.259110 0.846736
-0.243687 0.846736
-0.226722 0.846736
-0.211298 0.846736
-0.195875 0.846736
-0.180452 0.846736
-0.165029 0.846736
-0.149605 0.846736
-0.126471 0.846736
-0.111047 0.846736
-0.095624 0.846736
-0.080201 0.846736
-0.064778 0.846736
-0.049354 0.846736
-0.033931 0.846736
-0.018508 0.846736
-0.003085 0.846736
0.012339 0.846736
0.027762 0.846736
0.055524 0.846736
0.070947 0.846736
0.094082 0.846736
0.109505 0.846736
0.126471 0.846736
0.154232 0.846736
0.174283 0.846736
0.202044 0.846736
0.226722 0.846736
0.246772 0.846736
0.277618 0.846736
0.293042 0.846736
0.308465 0.846736
0.323888 0.846736
0.339311 0.846736
0.356277 0.846736
0.374785 0.846736
-0.416428 0.845194
-0.401004 0.845194
-0.385581 0.845194
-0.370158 0.845194
-0.354735 0.845194
-0.336227 0.845194
-0.319261 0.845194
-0.303838 0.845194
-0.288415 0.845194
-0.271449 0.845194
-0.256026 0.845194
-0.240603 0.845194
-0.225179 0.845194
-0.209756 0.845194
-0.194333 0.845194
-0.178910 0.845194
-0.163486 0.845194
-0.148063 0.845194
-0.128013 0.845194
-0.112590 0.845194
-0.097166 0.845194
-0.081743 0.845194
-0.061693 0.845194
-0.046270 0.845194
-0.030846 0.845194
-0.015423 0.845194
0.000000 0.845194
0.015423 0.845194
0.030846 0.845194
0.058608 0.845194
0.074032 0.845194
0.095624 0.845194
0.111047 0.845194
0.126471 0.845194
0.155775 0.845194
0.174283 0.845194
0.200502 0.845194
0.219010 0.845194
0.243687 0.845194
0.260653 0.845194
0.289957 0.845194
0.305380 0.845194
0.322346 0.845194
0.337769 0.845194
0.353192 0.845194
0.371700 0.845194
0.387123 0.845194
-0.407174 0.843651
-0.391750 0.843651
-0.376327 0.843651
-0.360904 0.843651
-0.339311 0.843651
-0.323888 0.843651
-0.308465 0.843651
-0.291499 0.843651
-0.272991 0.843651
-0.257568 0.843651
-0.242145 0.843651
-0.226722 0.843651
-0.211298 0.843651
-0.195875 0.843651
-0.180452 0.843651
-0.165029 0.843651
-0.149605 0.843651
-0.134182 0.843651
-0.118759 0.843651
-0.103336 0.843651
-0.060151 0.843651
-0.044727 0.843651
-0.029304 0.843651
-0.013881 0.843651
0.001542 0.843651
0.016966 0.843651
0.032389 0.843651
0.057066 0.843651
0.072489 0.843651
0.087912 0.843651
0.103336 0.843651
0.118759 0.843651
0.140352 0.843651
0.165029 0.843651
0.183537 0.843651
0.212841 0.843651
0.232891 0.843651
0.252941 0.843651
0.283788 0.843651
0.299211 0.843651
0.316176 0.843651
0.331600 0.843651
0.347023 0.843651
0.365531 0.843651
0.384039 0.843651
-0.416428 0.842109
-0.401004 0.842109
-0.385581 0.842109
-0.367073 0.842109
-0.348565 0.842109
-0.331600 0.842109
-0.316176 0.842109
-0.300753 0.842109
-0.285330 0.842109
-0.266822 0.842109
-0.251399 0.842109
-0.235976 0.842109
-0.220552 0.842109
-0.205129 0.842109
-0.189706 0.842109
-0.174283 0.842109
-0.158859 0.842109
-0.143436 0.842109
-0.128013 0.842109
-0.112590 0.842109
-0.097166 0.842109
-0.081743 0.842109
-0.041643 0.842109
-0.026220 0.842109
-0.010796 0.842109
0.004627 0.842109
0.020050 0.842109
0.035473 0.842109
0.058608 0.842109
0.074032 0.842109
0.089455 0.842109
0.104878 0.842109
0.120301 0.842109
0.135725 0.842109
0.168113 0.842109
0.188164 0.842109
0.215925 0.842109
0.237518 0.842109
0.256026 0.842109
0.291499 0.842109
0.306923 0.842109
0.323888 0.842109
0.339311 0.842109
0.354735 0.842109
0.374785 0.842109
0.390208 0.842109
-0.413343 0.840567
-0.397920 0.840567
-0.376327 0.840567
-0.357819 0.840567
-0.339311 0.840567
-0.323888 0.840567
-0.308465 0.840567
-0.289957 0.840567
-0.271449 0.840567
-0.256026 0.840567
-0.240603 0.840567
-0.225179 0.840567
-0.209756 0.840567
-0.194333 0.840567
-0.178910 0.840567
-0.163486 0.840567
-0.148063 0.840567
-0.132640 0.840567
-0.083286 0.840567
-0.044727 0.840567
-0.029304 0.840567
-0.013881 0.840567
0.001542 0.840567
0.016966 0.840567
0.032389 0.840567
0.047812 0.840567
0.063235 0.840567
0.078659 0.840567
0.094082 0.840567
0.109505 0.840567
0.124928 0.840567
0.146521 0.840567
0.169656 0.840567
0.191248 0.840567
0.211298 0.840567
0.237518 0.840567
0.257568 0.840567
0.286872 0.840567
0.308465 0.840567
0.323888 0.840567
0.339311 0.840567
0.354735 0.840567
0.376327 0.840567
0.391750 0.840567
-0.414885 0.839024
-0.399462 0.839024
-0.376327 0.839024
-0.357819 0.839024
-0.340854 0.839024
-0.325430 0.839024
-0.310007 0.839024
-0.289957 0.839024
-0.274534 0.839024
-0.259110 0.839024
-0.243687 0.839024
-0.228264 0.839024
-0.212841 0.839024
-0.197417 0.839024
-0.181994 0.839024
-0.166571 0.839024
-0.151148 0.839024
-0.077116 0.839024
-0.035473 0.839024
-0.020050 0.839024
-0.004627 0.839024
0.010796 0.839024
0.026220 0.839024
0.041643 0.839024
0.057066 0.839024
0.072489 0.839024
0.087912 0.839024
0.103336 0.839024
0.118759 0.839024
0.134182 0.839024
0.157317 0.839024
0.175825 0.839024
0.197417 0.839024
0.220552 0.839024
0.240603 0.839024
0.260653 0.839024
0.300753 0.839024
0.316176 0.839024
0.333142 0.839024
0.348565 0.839024
0.363989 0.839024
0.385581 0.839024
-0.422597 0.837482
-0.407174 0.837482
-0.384039 0.837482
-0.368616 0.837482
-0.348565 0.837482
-0.333142 0.837482
-0.317719 0.837482
-0.296126 0.837482
-0.280703 0.837482
-0.265280 0.837482
-0.249857 0.837482
-0.234433 0.837482
-0.219010 0.837482
-0.203587 0.837482
-0.188164 0.837482
-0.172740 0.837482
-0.128013 0.837482
-0.084828 0.837482
-0.069405 0.837482
-0.053981 0.837482
-0.026220 0.837482
-0.010796 0.837482
0.004627 0.837482
0.020050 0.837482
0.035473 0.837482
0.050897 0.837482
0.066320 0.837482
0.081743 0.837482
0.097166 0.837482
0.112590 0.837482
0.128013 0.837482
0.143436 0.837482
0.171198 0.837482
0.192791 0.837482
0.211298 0.837482
0.240603 0.837482
0.260653 0.837482
0.288415 0.837482
0.313092 0.837482
0.330057 0.837482
0.345481 0.837482
0.360904 0.837482
0.382496 0.837482
0.397920 0.837482
-0.413343 0.835940
-0.390208 0.835940
-0.374785 0.835940
-0.356277 0.835940
-0.339311 0.835940
-0.323888 0.835940
-0.303838 0.835940
-0.288415 0.835940
-0.272991 0.835940
-0.257568 0.835940
-0.242145 0.835940
-0.226722 0.835940
-0.211298 0.835940
-0.195875 0.835940
-0.180452 0.835940
-0.131098 0.835940
-0.115674 0.835940
-0.100251 0.835940
-0.078659 0.835940
-0.063235 0.835940
-0.047812 0.835940
-0.021593 0.835940
-0.006169 0.835940
0.009254 0.835940
0.024677 0.835940
0.040100 0.835940
0.055524 0.835940
0.070947 0.835940
0.086370 0.835940
0.101793 0.835940
0.117217 0.835940
0.132640 0.835940
0.157317 0.835940
0.177367 0.835940
0.203587 0.835940
0.228264 0.835940
0.252941 0.835940
0.268364 0.835940
0.302296 0.835940
0.317719 0.835940
0.333142 0.835940
0.348565 0.835940
0.363989 0.835940
0.385581 0.835940
-0.428766 0.834397
-0.413343 0.834397
-0.390208 0.834397
-0.374785 0.834397
-0.356277 0.834397
-0.340854 0.834397
-0.325430 0.834397
-0.303838 0.834397
-0.288415 0.834397
-0.272991 0.834397
-0.257568 0.834397
-0.242145 0.834397
-0.226722 0.834397
-0.211298 0.834397
-0.129555 0.834397
-0.114132 0.834397
-0.098709 0.834397
-0.083286 0.834397
-0.067862 0.834397
-0.052439 0.834397
-0.037016 0.834397
-0.013881 0.834397
0.001542 0.834397
0.016966 0.834397
0.032389 0.834397
0.047812 0.834397
0.063235 0.834397
0.078659 0.834397
0.094082 0.834397
0.109505 0.834397
0.124928 0.834397
0.140352 0.834397
0.161944 0.834397
0.181994 0.834397
0.209756 0.834397
0.234433 0.834397
0.257568 0.834397
0.276076 0.834397
0.297669 0.834397
0.319261 0.834397
0.334684 0.834397
0.350108 0.834397
0.365531 0.834397
0.384039 0.834397
0.399462 0.834397
-0.416428 0.832855
-0.394835 0.832855
-0.379412 0.832855
-0.360904 0.832855
-0.345481 0.832855
-0.330057 0.832855
-0.308465 0.832855
-0.293042 0.832855
-0.277618 0.832855
-0.262195 0.832855
-0.246772 0.832855
-0.231349 0.832855
-0.192791 0.832855
-0.115674 0.832855
-0.100251 0.832855
-0.084828 0.832855
-0.069405 0.832855
-0.053981 0.832855
-0.038558 0.832855
-0.021593 0.832855
-0.006169 0.832855
0.009254 0.832855
0.024677 0.832855
0.040100 0.832855
0.055524 0.832855
0.070947 0.832855
0.086370 0.832855
0.101793 0.832855
0.117217 0.832855
0.132640 0.832855
0.148063 0.832855
0.174283 0.832855
0.197417 0.832855
0.229806 0.832855
0.249857 0.832855
0.268364 0.832855
0.286872 0.832855
0.308465 0.832855
0.323888 0.832855
0.339311 0.832855
0.354735 0.832855
0.370158 0.832855
0.388666 0.832855
-0.430308 0.831313
-0.414885 0.831313
-0.394835 0.831313
-0.377869 0.831313
-0.362446 0.831313
-0.347023 0.831313
-0.331600 0.831313
-0.310007 0.831313
-0.294584 0.831313
-0.279161 0.831313
-0.263737 0.831313
-0.248314 0.831313
-0.232891 0.831313
-0.194333 0.831313
-0.165029 0.831313
-0.149605 0.831313
-0.107963 0.831313
-0.074032 0.831313
-0.058608 0.831313
-0.043185 0.831313
-0.027762 0.831313
-0.012339 0.831313
0.003085 0.831313
0.018508 0.831313
0.033931 0.831313
0.050897 0.831313
0.066320 0.831313
0.087912 0.831313
0.103336 0.831313
0.118759 0.831313
0.134182 0.831313
0.149605 0.831313
0.181994 0.831313
0.212841 0.831313
0.239060 0.831313
0.262195 0.831313
0.277618 0.831313
0.296126 0.831313
0.317719 0.831313
0.333142 0.831313
0.348565 0.831313
0.363989 0.831313
0.380954 0.831313
0.396377 0.831313
-0.427224 0.829770
-0.411801 0.829770
-0.394835 0.829770
-0.377869 0.829770
-0.362446 0.829770
-0.347023 0.829770
-0.331600 0.829770
-0.310007 0.829770
-0.294584 0.829770
-0.279161 0.829770
-0.263737 0.829770
-0.248314 0.829770
-0.211298 0.829770
-0.195875 0.829770
-0.180452 0.829770
-0.165029 0.829770
-0.149605 0.829770
-0.134182 0.829770
-0.118759 0.829770
-0.103336 0.829770
-0.087912 0.829770
-0.057066 0.829770
-0.033931 0.829770
-0.018508 0.829770
-0.003085 0.829770
0.018508 0.829770
0.033931 0.829770
0.049354 0.829770
0.067862 0.829770
0.089455 0.829770
0.104878 0.829770
0.120301 0.829770
0.135725 0.829770
0.151148 0.829770
0.181994 0.829770
0.203587 0.829770
0.235976 0.829770
0.256026 0.829770
0.272991 0.829770
0.293042 0.829770
0.317719 0.829770
0.333142 0.829770
0.348565 0.829770
0.363989 0.829770
0.382496 0.829770
0.399462 0.829770
-0.427224 0.828228
-0.411801 0.828228
-0.396377 0.828228
-0.377869 0.828228
-0.362446 0.828228
-0.347023 0.828228
-0.331600 0.828228
-0.310007 0.828228
-0.294584 0.828228
-0.279161 0.828228
-0.263737 0.828228
-0.248314 0.828228
-0.215925 0.828228
-0.200502 0.828228
-0.185079 0.828228
-0.169656 0.828228
-0.154232 0.828228
-0.138809 0.828228
-0.123386 0.828228
-0.107963 0.828228
-0.092539 0.828228
-0.077116 0.828228
-0.052439 0.828228
-0.018508 0.828228
0.003085 0.828228
0.018508 0.828228
0.033931 0.828228
0.049354 0.828228
0.066320 0.828228
0.081743 0.828228
0.103336 0.828228
0.118759 0.828228
0.134182 0.828228
0.149605 0.828228
0.180452 0.828228
0.202044 0.828228
0.225179 0.828228
0.256026 0.828228
0.271449 0.828228
0.286872 0.828228
0.308465 0.828228
0.330057 0.828228
0.345481 0.828228
0.360904 0.828228
0.376327 0.828228
0.394835 0.828228
-0.436478 0.826686
-0.421055 0.826686
-0.405631 0.826686
-0.387123 0.826686
-0.371700 0.826686
-0.354735 0.826686
-0.339311 0.826686
-0.317719 0.826686
-0.302296 0.826686
-0.286872 0.826686
-0.271449 0.826686
-0.256026 0.826686
-0.226722 0.826686
-0.211298 0.826686
-0.195875 0.826686
-0.180452 0.826686
-0.163486 0.826686
-0.148063 0.826686
-0.132640 0.826686
-0.117217 0.826686
-0.090997 0.826686
-0.075574 0.826686
-0.060151 0.826686
-0.044727 0.826686
-0.007712 0.826686
0.007712 0.826686
0.023135 0.826686
0.038558 0.826686
0.053981 0.826686
0.069405 0.826686
0.084828 0.826686
0.106420 0.826686
0.121844 0.826686
0.137267 0.826686
0.152690 0.826686
0.181994 0.826686
0.202044 0.826686
0.222095 0.826686
0.248314 0.826686
0.269907 0.826686
0.285330 0.826686
0.305380 0.826686
0.326973 0.826686
0.342396 0.826686
0.357819 0.826686
0.373242 0.826686
0.391750 0.826686
-0.441105 0.825143
-0.425682 0.825143
-0.410258 0.825143
-0.391750 0.825143
-0.373242 0.825143
-0.356277 0.825143
-0.340854 0.825143
-0.319261 0.825143
-0.300753 0.825143
-0.285330 0.825143
-0.269907 0.825143
-0.239060 0.825143
-0.223637 0.825143
-0.208214 0.825143
-0.192791 0.825143
-0.166571 0.825143
-0.151148 0.825143
-0.135725 0.825143
-0.120301 0.825143
-0.104878 0.825143
-0.081743 0.825143
-0.066320 0.825143
-0.050897 0.825143
0.000000 0.825143
0.015423 0.825143
0.030846 0.825143
0.046270 0.825143
0.061693 0.825143
0.077116 0.825143
0.098709 0.825143
0.114132 0.825143
0.129555 0.825143
0.148063 0.825143
0.163486 0.825143
0.189706 0.825143
0.209756 0.825143
0.245230 0.825143
0.266822 0.825143
0.282245 0.825143
0.302296 0.825143
0.326973 0.825143
0.342396 0.825143
0.357819 0.825143
0.373242 0.825143
0.391750 0.825143
-0.442647 0.823601
-0.427224 0.823601
-0.411801 0.823601
-0.391750 0.823601
-0.373242 0.823601
-0.354735 0.823601
-0.339311 0.823601
-0.313092 0.823601
-0.297669 0.823601
-0.282245 0.823601
-0.266822 0.823601
-0.243687 0.823601
-0.228264 0.823601
-0.212841 0.823601
-0.197417 0.823601
-0.171198 0.823601
-0.155775 0.823601
-0.140352 0.823601
-0.124928 0.823601
-0.109505 0.823601
-0.094082 0.823601
-0.077116 0.823601
-0.061693 0.823601
-0.006169 0.823601
0.009254 0.823601
0.033931 0.823601
0.049354 0.823601
0.064778 0.823601
0.080201 0.823601
0.101793 0.823601
0.117217 0.823601
0.132640 0.823601
0.152690 0.823601
0.168113 0.823601
0.195875 0.823601
0.214383 0.823601
0.246772 0.823601
0.268364 0.823601
0.283788 0.823601
0.305380 0.823601
0.330057 0.823601
0.345481 0.823601
0.360904 0.823601
0.376327 0.823601
0.393293 0.823601
-0.445732 0.822059
-0.430308 0.822059
-0.414885 0.822059
-0.391750 0.822059
-0.371700 0.822059
-0.356277 0.822059
-0.340854 0.822059
-0.313092 0.822059
-0.297669 0.822059
-0.282245 0.822059
-0.259110 0.822059
-0.243687 0.822059
-0.228264 0.822059
-0.209756 0.822059
-0.181994 0.822059
-0.166571 0.822059
-0.151148 0.822059
-0.135725 0.822059
-0.120301 0.822059
-0.104878 0.822059
-0.089455 0.822059
-0.074032 0.822059
-0.058608 0.822059
-0.043185 0.822059
0.010796 0.822059
0.035473 0.822059
0.050897 0.822059
0.072489 0.822059
0.087912 0.822059
0.109505 0.822059
0.124928 0.822059
0.140352 0.822059
0.158859 0.822059
0.174283 0.822059
0.198960 0.822059
0.219010 0.822059
0.248314 0.822059
0.268364 0.822059
0.283788 0.822059
0.306923 0.822059
0.322346 0.822059
0.348565 0.822059
0.363989 0.822059
0.379412 0.822059
0.397920 0.822059
-0.439562 0.820517
-0.424139 0.820517
-0.396377 0.820517
-0.377869 0.820517
-0.359362 0.820517
-0.343938 0.820517
-0.317719 0.820517
-0.300753 0.820517
-0.285330 0.820517
-0.263737 0.820517
-0.248314 0.820517
-0.232891 0.820517
-0.215925 0.820517
-0.186621 0.820517
-0.171198 0.820517
-0.149605 0.820517
-0.134182 0.820517
-0.118759 0.820517
-0.103336 0.820517
-0.087912 0.820517
-0.072489 0.820517
-0.057066 0.820517
-0.041643 0.820517
0.006169 0.820517
0.021593 0.820517
0.046270 0.820517
0.077116 0.820517
0.092539 0.820517
0.115674 0.820517
0.131098 0.820517
0.151148 0.820517
0.169656 0.820517
0.192791 0.820517
0.212841 0.820517
0.237518 0.820517
0.256026 0.820517
0.277618 0.820517
0.293042 0.820517
0.313092 0.820517
0.334684 0.820517
0.354735 0.820517
0.370158 0.820517
0.387123 0.820517
0.402547 0.820517
-0.434935 0.818974
-0.419512 0.818974
-0.391750 0.818974
-0.368616 0.818974
-0.353192 0.818974
-0.331600 0.818974
-0.308465 0.818974
-0.293042 0.818974
-0.271449 0.818974
-0.256026 0.818974
-0.240603 0.818974
-0.225179 0.818974
-0.208214 0.818974
-0.180452 0.818974
-0.154232 0.818974
-0.138809 0.818974
-0.123386 0.818974
-0.107963 0.818974
-0.092539 0.818974
-0.077116 0.818974
-0.061693 0.818974
-0.046270 0.818974
-0.030846 0.818974
0.013881 0.818974
0.029304 0.818974
0.053981 0.818974
0.072489 0.818974
0.094082 0.818974
0.115674 0.818974
0.131098 0.818974
0.146521 0.818974
0.169656 0.818974
0.192791 0.818974
0.211298 0.818974
0.234433 0.818974
0.257568 0.818974
0.277618 0.818974
0.293042 0.818974
0.310007 0.818974
0.325430 0.818974
0.353192 0.818974
0.368616 0.818974
0.384039 0.818974
0.401004 0.818974
-0.441105 0.817432
-0.425682 0.817432
-0.396377 0.817432
-0.374785 0.817432
-0.359362 0.817432
-0.337769 0.817432
-0.316176 0.817432
-0.300753 0.817432
-0.285330 0.817432
-0.265280 0.817432
-0.249857 0.817432
-0.234433 0.817432
-0.219010 0.817432
-0.183537 0.817432
-0.155775 0.817432
-0.097166 0.817432
-0.081743 0.817432
-0.060151 0.817432
-0.037016 0.817432
-0.021593 0.817432
0.018508 0.817432
0.033931 0.817432
0.067862 0.817432
0.086370 0.817432
0.101793 0.817432
0.123386 0.817432
0.138809 0.817432
0.158859 0.817432
0.177367 0.817432
0.203587 0.817432
0.222095 0.817432
0.248314 0.817432
0.272991 0.817432
0.288415 0.817432
0.306923 0.817432
0.325430 0.817432
0.348565 0.817432
0.363989 0.817432
0.379412 0.817432
0.396377 0.817432
0.411801 0.817432
-0.433393 0.815890
-0.402547 0.815890
-0.379412 0.815890
-0.363989 0.815890
-0.342396 0.815890
-0.319261 0.815890
-0.303838 0.815890
-0.288415 0.815890
-0.268364 0.815890
-0.252941 0.815890
-0.237518 0.815890
-0.222095 0.815890
-0.200502 0.815890
-0.174283 0.815890
-0.158859 0.815890
-0.126471 0.815890
-0.080201 0.815890
-0.052439 0.815890
-0.024677 0.815890
-0.009254 0.815890
0.024677 0.815890
0.040100 0.815890
0.064778 0.815890
0.080201 0.815890
0.098709 0.815890
0.120301 0.815890
0.135725 0.815890
0.151148 0.815890
0.175825 0.815890
0.197417 0.815890
0.217468 0.815890
0.243687 0.815890
0.263737 0.815890
0.285330 0.815890
0.300753 0.815890
0.319261 0.815890
0.345481 0.815890
0.360904 0.815890
0.376327 0.815890
0.393293 0.815890
0.408716 0.815890
-0.438020 0.814347
-0.417970 0.814347
-0.393293 0.814347
-0.368616 0.814347
-0.345481 0.814347
-0.323888 0.814347
-0.308465 0.814347
-0.293042 0.814347
-0.277618 0.814347
-0.262195 0.814347
-0.246772 0.814347
-0.231349 0.814347
-0.215925 0.814347
-0.200502 0.814347
-0.169656 0.814347
-0.154232 0.814347
-0.138809 0.814347
-0.092539 0.814347
-0.055524 0.814347
-0.023135 0.814347
-0.007712 0.814347
0.024677 0.814347
0.040100 0.814347
0.055524 0.814347
0.084828 0.814347
0.103336 0.814347
0.123386 0.814347
0.138809 0.814347
0.154232 0.814347
0.177367 0.814347
0.197417 0.814347
0.217468 0.814347
0.243687 0.814347
0.265280 0.814347
0.286872 0.814347
0.302296 0.814347
0.320803 0.814347
0.340854 0.814347
0.359362 0.814347
0.374785 0.814347
0.391750 0.814347
0.407174 0.814347
-0.444189 0.812805
-0.428766 0.812805
-0.402547 0.812805
-0.377869 0.812805
-0.362446 0.812805
-0.340854 0.812805
-0.322346 0.812805
-0.306923 0.812805
-0.291499 0.812805
-0.276076 0.812805
-0.260653 0.812805
-0.245230 0.812805
-0.229806 0.812805
-0.214383 0.812805
-0.198960 0.812805
-0.171198 0.812805
-0.155775 0.812805
-0.086370 0.812805
-0.070947 0.812805
-0.043185 0.812805
-0.012339 0.812805
0.003085 0.812805
0.038558 0.812805
0.053981 0.812805
0.087912 0.812805
0.106420 0.812805
0.128013 0.812805
0.143436 0.812805
0.158859 0.812805
0.181994 0.812805
0.203587 0.812805
0.223637 0.812805
0.251399 0.812805
0.271449 0.812805
0.291499 0.812805
0.310007 0.812805
0.325430 0.812805
0.348565 0.812805
0.367073 0.812805
0.382496 0.812805
0.401004 0.812805
0.416428 0.812805
-0.439562 0.811263
-0.422597 0.811263
-0.402547 0.811263
-0.379412 0.811263
-0.363989 0.811263
-0.340854 0.811263
-0.323888 0.811263
-0.306923 0.811263
-0.291499 0.811263
-0.276076 0.811263
-0.260653 0.811263
-0.245230 0.811263
-0.229806 0.811263
-0.214383 0.811263
-0.189706 0.811263
-0.174283 0.811263
-0.109505 0.811263
-0.077116 0.811263
-0.047812 0.811263
-0.032389 0.811263
-0.001542 0.811263
0.032389 0.811263
0.047812 0.811263
0.063235 0.811263
0.101793 0.811263
0.121844 0.811263
0.137267 0.811263
0.152690 0.811263
0.169656 0.811263
0.195875 0.811263
0.215925 0.811263
0.235976 0.811263
0.259110 0.811263
0.285330 0.811263
0.300753 0.811263
0.319261 0.811263
0.334684 0.811263
0.357819 0.811263
0.376327 0.811263
0.393293 0.811263
0.408716 0.811263
-0.450359 0.809720
-0.434935 0.809720
-0.419512 0.809720
-0.402547 0.809720
-0.379412 0.809720
-0.363989 0.809720
-0.340854 0.809720
-0.325430 0.809720
-0.308465 0.809720
-0.293042 0.809720
-0.277618 0.809720
-0.262195 0.809720
-0.245230 0.809720
-0.229806 0.809720
-0.214383 0.809720
-0.191248 0.809720
-0.141894 0.809720
-0.112590 0.809720
-0.097166 0.809720
-0.066320 0.809720
-0.043185 0.809720
-0.027762 0.809720
0.001542 0.809720
0.035473 0.809720
0.050897 0.809720
0.066320 0.809720
0.095624 0.809720
0.111047 0.809720
0.131098 0.809720
0.146521 0.809720
0.161944 0.809720
0.183537 0.809720
0.202044 0.809720
0.222095 0.809720
0.251399 0.809720
0.272991 0.809720
0.293042 0.809720
0.308465 0.809720
0.323888 0.809720
0.339311 0.809720
0.362446 0.809720
0.382496 0.809720
0.397920 0.809720
0.413343 0.809720
-0.447274 0.808178
-0.431851 0.808178
-0.416428 0.808178
-0.391750 0.808178
-0.376327 0.808178
-0.351650 0.808178
-0.336227 0.808178
-0.320803 0.808178
-0.300753 0.808178
-0.285330 0.808178
-0.269907 0.808178
-0.254483 0.808178
-0.234433 0.808178
-0.212841 0.808178
-0.192791 0.808178
-0.128013 0.808178
-0.112590 0.808178
-0.097166 0.808178
-0.070947 0.808178
-0.055524 0.808178
-0.030846 0.808178
-0.003085 0.808178
0.012339 0.808178
0.027762 0.808178
0.053981 0.808178
0.069405 0.808178
0.084828 0.808178
0.106420 0.808178
0.124928 0.808178
0.140352 0.808178
0.155775 0.808178
0.175825 0.808178
0.203587 0.808178
0.226722 0.808178
0.254483 0.808178
0.274534 0.808178
0.296126 0.808178
0.311549 0.808178
0.328515 0.808178
0.343938 0.808178
0.370158 0.808178
0.385581 0.808178
0.401004 0.808178
0.416428 0.808178
-0.447274 0.806636
-0.431851 0.806636
-0.416428 0.806636
-0.391750 0.806636
-0.376327 0.806636
-0.350108 0.806636
-0.334684 0.806636
-0.314634 0.806636
-0.299211 0.806636
-0.283788 0.806636
-0.268364 0.806636
-0.248314 0.806636
-0.232891 0.806636
-0.209756 0.806636
-0.191248 0.806636
-0.129555 0.806636
-0.114132 0.806636
-0.098709 0.806636
-0.083286 0.806636
-0.060151 0.806636
-0.032389 0.806636
0.003085 0.806636
0.018508 0.806636
0.033931 0.806636
0.058608 0.806636
0.078659 0.806636
0.094082 0.806636
0.117217 0.806636
0.132640 0.806636
0.148063 0.806636
0.163486 0.806636
0.191248 0.806636
0.212841 0.806636
0.234433 0.806636
0.259110 0.806636
0.279161 0.806636
0.299211 0.806636
0.316176 0.806636
0.331600 0.806636
0.347023 0.806636
0.376327 0.806636
0.391750 0.806636
0.407174 0.806636
-0.459613 0.805093
-0.442647 0.805093
-0.427224 0.805093
-0.410258 0.805093
-0.388666 0.805093
-0.357819 0.805093
-0.342396 0.805093
-0.326973 0.805093
-0.305380 0.805093
-0.289957 0.805093
-0.274534 0.805093
-0.259110 0.805093
-0.239060 0.805093
-0.214383 0.805093
-0.198960 0.805093
-0.183537 0.805093
-0.146521 0.805093
-0.131098 0.805093
-0.115674 0.805093
-0.097166 0.805093
-0.081743 0.805093
-0.057066 0.805093
-0.033931 0.805093
-0.018508 0.805093
0.012339 0.805093
0.029304 0.805093
0.052439 0.805093
0.074032 0.805093
0.089455 0.805093
0.111047 0.805093
0.131098 0.805093
0.146521 0.805093
0.165029 0.805093
0.194333 0.805093
0.214383 0.805093
0.237518 0.805093
0.260653 0.805093
0.282245 0.805093
0.302296 0.805093
0.319261 0.805093
0.334684 0.805093
0.350108 0.805093
0.379412 0.805093
0.394835 0.805093
0.410258 0.805093
-0.458070 0.803551
-0.442647 0.803551
-0.427224 0.803551
-0.408716 0.803551
-0.387123 0.803551
-0.359362 0.803551
-0.343938 0.803551
-0.328515 0.803551
-0.305380 0.803551
-0.289957 0.803551
-0.274534 0.803551
-0.257568 0.803551
-0.242145 0.803551
-0.219010 0.803551
-0.203587 0.803551
-0.175825 0.803551
-0.160402 0.803551
-0.144978 0.803551
-0.129555 0.803551
-0.114132 0.803551
-0.083286 0.803551
-0.057066 0.803551
-0.041643 0.803551
-0.024677 0.803551
-0.009254 0.803551
0.015423 0.803551
0.032389 0.803551
0.047812 0.803551
0.078659 0.803551
0.094082 0.803551
0.115674 0.803551
0.134182 0.803551
0.149605 0.803551
0.166571 0.803551
0.189706 0.803551
0.214383 0.803551
0.235976 0.803551
0.257568 0.803551
0.279161 0.803551
0.299211 0.803551
0.314634 0.803551
0.333142 0.803551
0.348565 0.803551
0.373242 0.803551
0.388666 0.803551
0.404089 0.803551
0.419512 0.803551
-0.451901 0.802009
-0.436478 0.802009
-0.421055 0.802009
-0.405631 0.802009
-0.385581 0.802009
-0.356277 0.802009
-0.340854 0.802009
-0.317719 0.802009
-0.302296 0.802009
-0.286872 0.802009
-0.271449 0.802009
-0.252941 0.802009
-0.237518 0.802009
-0.214383 0.802009
-0.181994 0.802009
-0.166571 0.802009
-0.151148 0.802009
-0.135725 0.802009
-0.120301 0.802009
-0.086370 0.802009
-0.066320 0.802009
-0.044727 0.802009
-0.029304 0.802009
-0.013881 0.802009
0.003085 0.802009
0.023135 0.802009
0.038558 0.802009
0.061693 0.802009
0.084828 0.802009
0.100251 0.802009
0.129555 0.802009
0.144978 0.802009
0.160402 0.802009
0.178910 0.802009
0.214383 0.802009
0.235976 0.802009
0.256026 0.802009
0.271449 0.802009
0.297669 0.802009
0.313092 0.802009
0.330057 0.802009
0.345481 0.802009
0.370158 0.802009
0.387123 0.802009
0.402547 0.802009
0.417970 0.802009
-0.453443 0.800466
-0.438020 0.800466
-0.422597 0.800466
-0.407174 0.800466
-0.384039 0.800466
-0.359362 0.800466
-0.343938 0.800466
-0.317719 0.800466
-0.302296 0.800466
-0.286872 0.800466
-0.271449 0.800466
-0.252941 0.800466
-0.237518 0.800466
-0.214383 0.800466
-0.183537 0.800466
-0.168113 0.800466
-0.152690 0.800466
-0.137267 0.800466
-0.089455 0.800466
-0.053981 0.800466
-0.038558 0.800466
-0.023135 0.800466
-0.007712 0.800466
0.010796 0.800466
0.033931 0.800466
0.049354 0.800466
0.070947 0.800466
0.092539 0.800466
0.118759 0.800466
0.140352 0.800466
0.155775 0.800466
0.174283 0.800466
0.202044 0.800466
0.235976 0.800466
0.257568 0.800466
0.274534 0.800466
0.297669 0.800466
0.313092 0.800466
0.328515 0.800466
0.343938 0.800466
0.359362 0.800466
0.391750 0.800466
0.407174 0.800466
0.422597 0.800466
-0.451901 0.798924
-0.436478 0.798924
-0.421055 0.798924
-0.401004 0.798924
-0.380954 0.798924
-0.360904 0.798924
-0.345481 0.798924
-0.319261 0.798924
-0.303838 0.798924
-0.288415 0.798924
-0.272991 0.798924
-0.252941 0.798924
-0.232891 0.798924
-0.217468 0.798924
-0.191248 0.798924
-0.175825 0.798924
-0.158859 0.798924
-0.143436 0.798924
-0.128013 0.798924
-0.112590 0.798924
-0.083286 0.798924
-0.049354 0.798924
-0.033931 0.798924
-0.018508 0.798924
-0.003085 0.798924
0.012339 0.798924
0.035473 0.798924
0.050897 0.798924
0.070947 0.798924
0.086370 0.798924
0.104878 0.798924
0.138809 0.798924
0.154232 0.798924
0.174283 0.798924
0.202044 0.798924
0.234433 0.798924
0.256026 0.798924
0.274534 0.798924
0.299211 0.798924
0.314634 0.798924
0.331600 0.798924
0.347023 0.798924
0.362446 0.798924
0.394835 0.798924
0.410258 0.798924
0.425682 0.798924
-0.451901 0.797382
-0.436478 0.797382
-0.421055 0.797382
-0.402547 0.797382
-0.382496 0.797382
-0.362446 0.797382
-0.347023 0.797382
-0.322346 0.797382
-0.306923 0.797382
-0.291499 0.797382
-0.276076 0.797382
-0.256026 0.797382
-0.235976 0.797382
-0.220552 0.797382
-0.192791 0.797382
-0.177367 0.797382
-0.158859 0.797382
-0.143436 0.797382
-0.128013 0.797382
-0.112590 0.797382
-0.097166 0.797382
-0.081743 0.797382
-0.066320 0.797382
-0.033931 0.797382
-0.018508 0.797382
-0.003085 0.797382
0.012339 0.797382
0.037016 0.797382
0.052439 0.797382
0.067862 0.797382
0.089455 0.797382
0.109505 0.797382
0.141894 0.797382
0.157317 0.797382
0.175825 0.797382
0.205129 0.797382
0.237518 0.797382
0.257568 0.797382
0.277618 0.797382
0.300753 0.797382
0.316176 0.797382
0.331600 0.797382
0.347023 0.797382
0.362446 0.797382
0.396377 0.797382
0.411801 0.797382
0.427224 0.797382
-0.453443 0.795839
-0.436478 0.795839
-0.421055 0.795839
-0.402547 0.795839
-0.384039 0.795839
-0.362446 0.795839
-0.337769 0.795839
-0.322346 0.795839
-0.306923 0.795839
-0.291499 0.795839
-0.271449 0.795839
-0.248314 0.795839
-0.232891 0.795839
-0.208214 0.795839
-0.192791 0.795839
-0.177367 0.795839
-0.157317 0.795839
-0.141894 0.795839
-0.126471 0.795839
-0.111047 0.795839
-0.095624 0.795839
-0.080201 0.795839
-0.038558 0.795839
-0.020050 0.795839
-0.004627 0.795839
0.010796 0.795839
0.035473 0.795839
0.050897 0.795839
0.066320 0.795839
0.087912 0.795839
0.106420 0.795839
0.138809 0.795839
0.154232 0.795839
0.169656 0.795839
0.189706 0.795839
0.228264 0.795839
0.249857 0.795839
0.276076 0.795839
0.294584 0.795839
0.314634 0.795839
0.330057 0.795839
0.345481 0.795839
0.360904 0.795839
0.391750 0.795839
0.407174 0.795839
0.422597 0.795839
-0.459613 0.794297
-0.439562 0.794297
-0.424139 0.794297
-0.404089 0.794297
-0.385581 0.794297
-0.365531 0.794297
-0.340854 0.794297
-0.325430 0.794297
-0.310007 0.794297
-0.294584 0.794297
-0.274534 0.794297
-0.259110 0.794297
-0.243687 0.794297
-0.228264 0.794297
-0.205129 0.794297
-0.189706 0.794297
-0.174283 0.794297
-0.154232 0.794297
-0.138809 0.794297
-0.123386 0.794297
-0.107963 0.794297
-0.092539 0.794297
-0.077116 0.794297
-0.027762 0.794297
-0.004627 0.794297
0.010796 0.794297
0.026220 0.794297
0.050897 0.794297
0.066320 0.794297
0.087912 0.794297
0.103336 0.794297
0.140352 0.794297
0.155775 0.794297
0.171198 0.794297
0.191248 0.794297
0.226722 0.794297
0.248314 0.794297
0.269907 0.794297
0.294584 0.794297
0.313092 0.794297
0.328515 0.794297
0.343938 0.794297
0.359362 0.794297
0.377869 0.794297
0.399462 0.794297
0.414885 0.794297
-0.473494 0.792755
-0.453443 0.792755
-0.434935 0.792755
-0.416428 0.792755
-0.399462 0.792755
-0.374785 0.792755
-0.359362 0.792755
-0.334684 0.792755
-0.319261 0.792755
-0.303838 0.792755
-0.288415 0.792755
-0.266822 0.792755
-0.251399 0.792755
-0.235976 0.792755
-0.212841 0.792755
-0.197417 0.792755
-0.181994 0.792755
-0.166571 0.792755
-0.151148 0.792755
-0.135725 0.792755
-0.120301 0.792755
-0.104878 0.792755
-0.089455 0.792755
-0.074032 0.792755
-0.049354 0.792755
-0.007712 0.792755
0.007712 0.792755
0.023135 0.792755
0.046270 0.792755
0.061693 0.792755
0.077116 0.792755
0.098709 0.792755
0.117217 0.792755
0.155775 0.792755
0.171198 0.792755
0.191248 0.792755
0.229806 0.792755
0.251399 0.792755
0.272991 0.792755
0.296126 0.792755
0.316176 0.792755
0.331600 0.792755
0.347023 0.792755
0.362446 0.792755
0.384039 0.792755
0.405631 0.792755
0.421055 0.792755
-0.464240 0.791212
-0.447274 0.791212
-0.431851 0.791212
-0.411801 0.791212
-0.393293 0.791212
-0.371700 0.791212
-0.347023 0.791212
-0.331600 0.791212
-0.316176 0.791212
-0.300753 0.791212
-0.277618 0.791212
-0.262195 0.791212
-0.246772 0.791212
-0.225179 0.791212
-0.209756 0.791212
-0.194333 0.791212
-0.178910 0.791212
-0.163486 0.791212
-0.148063 0.791212
-0.132640 0.791212
-0.117217 0.791212
-0.101793 0.791212
-0.086370 0.791212
-0.070947 0.791212
-0.044727 0.791212
-0.010796 0.791212
0.023135 0.791212
0.046270 0.791212
0.061693 0.791212
0.077116 0.791212
0.092539 0.791212
0.107963 0.791212
0.148063 0.791212
0.163486 0.791212
0.183537 0.791212
0.209756 0.791212
0.235976 0.791212
0.256026 0.791212
0.280703 0.791212
0.299211 0.791212
0.317719 0.791212
0.333142 0.791212
0.350108 0.791212
0.365531 0.791212
0.382496 0.791212
0.405631 0.791212
0.421055 0.791212
-0.461155 0.789670
-0.445732 0.789670
-0.430308 0.789670
-0.410258 0.789670
-0.391750 0.789670
-0.370158 0.789670
-0.345481 0.789670
-0.330057 0.789670
-0.314634 0.789670
-0.299211 0.789670
-0.274534 0.789670
-0.259110 0.789670
-0.243687 0.789670
-0.228264 0.789670
-0.212841 0.789670
-0.197417 0.789670
-0.181994 0.789670
-0.166571 0.789670
-0.151148 0.789670
-0.135725 0.789670
-0.120301 0.789670
-0.104878 0.789670
-0.089455 0.789670
-0.074032 0.789670
-0.055524 0.789670
-0.040100 0.789670
0.000000 0.789670
0.035473 0.789670
0.060151 0.789670
0.075574 0.789670
0.090997 0.789670
0.106420 0.789670
0.121844 0.789670
0.158859 0.789670
0.174283 0.789670
0.194333 0.789670
0.223637 0.789670
0.245230 0.789670
0.268364 0.789670
0.286872 0.789670
0.305380 0.789670
0.325430 0.789670
0.342396 0.789670
0.357819 0.789670
0.373242 0.789670
0.396377 0.789670
0.417970 0.789670
-0.468867 0.788128
-0.453443 0.788128
-0.438020 0.788128
-0.419512 0.788128
-0.404089 0.788128
-0.377869 0.788128
-0.353192 0.788128
-0.337769 0.788128
-0.322346 0.788128
-0.306923 0.788128
-0.280703 0.788128
-0.265280 0.788128
-0.249857 0.788128
-0.234433 0.788128
-0.219010 0.788128
-0.203587 0.788128
-0.188164 0.788128
-0.172740 0.788128
-0.157317 0.788128
-0.141894 0.788128
-0.126471 0.788128
-0.111047 0.788128
-0.095624 0.788128
-0.080201 0.788128
-0.064778 0.788128
-0.049354 0.788128
-0.033931 0.788128
0.004627 0.788128
0.038558 0.788128
0.064778 0.788128
0.080201 0.788128
0.095624 0.788128
0.111047 0.788128
0.126471 0.788128
0.163486 0.788128
0.178910 0.788128
0.197417 0.788128
0.219010 0.788128
0.243687 0.788128
0.266822 0.788128
0.285330 0.788128
0.303838 0.788128
0.322346 0.788128
0.337769 0.788128
0.356277 0.788128
0.371700 0.788128
0.388666 0.788128
0.413343 0.788128
-0.476578 0.786585
-0.458070 0.786585
-0.442647 0.786585
-0.425682 0.786585
-0.408716 0.786585
-0.384039 0.786585
-0.368616 0.786585
-0.345481 0.786585
-0.330057 0.786585
-0.314634 0.786585
-0.289957 0.786585
-0.274534 0.786585
-0.259110 0.786585
-0.243687 0.786585
-0.228264 0.786585
-0.212841 0.786585
-0.197417 0.786585
-0.181994 0.786585
-0.166571 0.786585
-0.151148 0.786585
-0.135725 0.786585
-0.120301 0.786585
-0.104878 0.786585
-0.089455 0.786585
-0.074032 0.786585
-0.058608 0.786585
-0.043185 0.786585
-0.027762 0.786585
0.010796 0.786585
0.026220 0.786585
0.066320 0.786585
0.081743 0.786585
0.097166 0.786585
0.112590 0.786585
0.129555 0.786585
0.163486 0.786585
0.180452 0.786585
0.200502 0.786585
0.228264 0.786585
0.248314 0.786585
0.271449 0.786585
0.289957 0.786585
0.308465 0.786585
0.326973 0.786585
0.342396 0.786585
0.360904 0.786585
0.376327 0.786585
0.393293 0.786585
0.413343 0.786585
0.433393 0.786585
-0.462697 0.785043
-0.447274 0.785043
-0.431851 0.785043
-0.411801 0.785043
-0.396377 0.785043
-0.373242 0.785043
-0.351650 0.785043
-0.336227 0.785043
-0.320803 0.785043
-0.297669 0.785043
-0.282245 0.785043
-0.266822 0.785043
-0.237518 0.785043
-0.222095 0.785043
-0.206671 0.785043
-0.191248 0.785043
-0.175825 0.785043
-0.160402 0.785043
-0.144978 0.785043
-0.129555 0.785043
-0.114132 0.785043
-0.098709 0.785043
-0.083286 0.785043
-0.067862 0.785043
-0.052439 0.785043
-0.037016 0.785043
0.003085 0.785043
0.018508 0.785043
0.033931 0.785043
0.072489 0.785043
0.087912 0.785043
0.103336 0.785043
0.118759 0.785043
0.141894 0.785043
0.165029 0.785043
0.183537 0.785043
0.203587 0.785043
0.231349 0.785043
0.251399 0.785043
0.274534 0.785043
0.291499 0.785043
0.306923 0.785043
0.325430 0.785043
0.340854 0.785043
0.359362 0.785043
0.374785 0.785043
0.390208 0.785043
0.405631 0.785043
0.427224 0.785043
-0.468867 0.783501
-0.453443 0.783501
-0.438020 0.783501
-0.419512 0.783501
-0.404089 0.783501
-0.384039 0.783501
-0.363989 0.783501
-0.348565 0.783501
-0.333142 0.783501
-0.317719 0.783501
-0.296126 0.783501
-0.280703 0.783501
-0.257568 0.783501
-0.231349 0.783501
-0.215925 0.783501
-0.200502 0.783501
-0.185079 0.783501
-0.169656 0.783501
-0.146521 0.783501
-0.131098 0.783501
-0.115674 0.783501
-0.100251 0.783501
-0.084828 0.783501
-0.069405 0.783501
-0.053981 0.783501
-0.038558 0.783501
-0.023135 0.783501
0.016966 0.783501
0.032389 0.783501
0.069405 0.783501
0.084828 0.783501
0.100251 0.783501
0.115674 0.783501
0.132640 0.783501
0.165029 0.783501
0.191248 0.783501
0.206671 0.783501
0.232891 0.783501
0.252941 0.783501
0.272991 0.783501
0.288415 0.783501
0.303838 0.783501
0.320803 0.783501
0.336227 0.783501
0.354735 0.783501
0.370158 0.783501
0.385581 0.783501
0.401004 0.783501
0.416428 0.783501
0.434935 0.783501
-0.464240 0.781958
-0.448816 0.781958
-0.428766 0.781958
-0.408716 0.781958
-0.388666 0.781958
-0.371700 0.781958
-0.356277 0.781958
-0.340854 0.781958
-0.325430 0.781958
-0.305380 0.781958
-0.289957 0.781958
-0.274534 0.781958
-0.252941 0.781958
-0.231349 0.781958
-0.215925 0.781958
-0.200502 0.781958
-0.185079 0.781958
-0.169656 0.781958
-0.149605 0.781958
-0.134182 0.781958
-0.118759 0.781958
-0.103336 0.781958
-0.087912 0.781958
-0.072489 0.781958
-0.057066 0.781958
-0.033931 0.781958
-0.018508 0.781958
0.021593 0.781958
0.037016 0.781958
0.070947 0.781958
0.087912 0.781958
0.103336 0.781958
0.118759 0.781958
0.137267 0.781958
0.166571 0.781958
0.188164 0.781958
0.206671 0.781958
0.225179 0.781958
0.256026 0.781958
0.277618 0.781958
0.293042 0.781958
0.308465 0.781958
0.325430 0.781958
0.343938 0.781958
0.363989 0.781958
0.379412 0.781958
0.394835 0.781958
0.410258 0.781958
0.425682 0.781958
-0.473494 0.780416
-0.458070 0.780416
-0.439562 0.780416
-0.417970 0.780416
-0.402547 0.780416
-0.380954 0.780416
-0.365531 0.780416
-0.350108 0.780416
-0.334684 0.780416
-0.319261 0.780416
-0.299211 0.780416
-0.283788 0.780416
-0.260653 0.780416
-0.245230 0.780416
-0.229806 0.780416
-0.214383 0.780416
-0.198960 0.780416
-0.183537 0.780416
-0.161944 0.780416
-0.146521 0.780416
-0.131098 0.780416
-0.115674 0.780416
-0.100251 0.780416
-0.084828 0.780416
-0.069405 0.780416
-0.053981 0.780416
-0.030846 0.780416
-0.015423 0.780416
0.021593 0.780416
0.037016 0.780416
0.063235 0.780416
0.089455 0.780416
0.104878 0.780416
0.120301 0.780416
0.138809 0.780416
0.168113 0.780416
0.197417 0.780416
0.214383 0.780416
0.246772 0.780416
0.266822 0.780416
0.283788 0.780416
0.299211 0.780416
0.314634 0.780416
0.334684 0.780416
0.350108 0.780416
0.368616 0.780416
0.384039 0.780416
0.405631 0.780416
0.421055 0.780416
0.436478 0.780416
-0.471951 0.778874
-0.456528 0.778874
-0.438020 0.778874
-0.421055 0.778874
-0.405631 0.778874
-0.384039 0.778874
-0.368616 0.778874
-0.353192 0.778874
-0.337769 0.778874
-0.314634 0.778874
-0.299211 0.778874
-0.283788 0.778874
-0.260653 0.778874
-0.245230 0.778874
-0.229806 0.778874
-0.214383 0.778874
-0.198960 0.778874
-0.183537 0.778874
-0.165029 0.778874
-0.149605 0.778874
-0.134182 0.778874
-0.118759 0.778874
-0.103336 0.778874
-0.087912 0.778874
-0.072489 0.778874
-0.057066 0.778874
-0.041643 0.778874
-0.021593 0.778874
-0.006169 0.778874
0.027762 0.778874
0.043185 0.778874
0.067862 0.778874
0.090997 0.778874
0.106420 0.778874
0.121844 0.778874
0.140352 0.778874
0.168113 0.778874
0.198960 0.778874
0.217468 0.778874
0.248314 0.778874
0.263737 0.778874
0.283788 0.778874
0.299211 0.778874
0.314634 0.778874
0.333142 0.778874
0.348565 0.778874
0.367073 0.778874
0.382496 0.778874
0.411801 0.778874
0.427224 0.778874
0.442647 0.778874
-0.471951 0.777331
-0.456528 0.777331
-0.438020 0.777331
-0.422597 0.777331
-0.407174 0.777331
-0.384039 0.777331
-0.365531 0.777331
-0.350108 0.777331
-0.331600 0.777331
-0.311549 0.777331
-0.296126 0.777331
-0.271449 0.777331
-0.256026 0.777331
-0.240603 0.777331
-0.225179 0.777331
-0.209756 0.777331
-0.194333 0.777331
-0.177367 0.777331
-0.161944 0.777331
-0.138809 0.777331
-0.123386 0.777331
-0.107963 0.777331
-0.092539 0.777331
-0.077116 0.777331
-0.061693 0.777331
-0.046270 0.777331
-0.030846 0.777331
-0.015423 0.777331
0.000000 0.777331
0.033931 0.777331
0.049354 0.777331
0.074032 0.777331
0.094082 0.777331
0.109505 0.777331
0.124928 0.777331
0.154232 0.777331
0.174283 0.777331
0.203587 0.777331
0.219010 0.777331
0.249857 0.777331
0.265280 0.777331
0.283788 0.777331
0.302296 0.777331
0.317719 0.777331
0.334684 0.777331
0.350108 0.777331
0.368616 0.777331
0.384039 0.777331
0.417970 0.777331
0.433393 0.777331
-0.479663 0.775789
-0.464240 0.775789
-0.445732 0.775789
-0.430308 0.775789
-0.413343 0.775789
-0.394835 0.775789
-0.373242 0.775789
-0.354735 0.775789
-0.333142 0.775789
-0.311549 0.775789
-0.296126 0.775789
-0.269907 0.775789
-0.254483 0.775789
-0.239060 0.775789
-0.222095 0.775789
-0.206671 0.775789
-0.191248 0.775789
-0.172740 0.775789
-0.157317 0.775789
-0.134182 0.775789
-0.118759 0.775789
-0.103336 0.775789
-0.087912 0.775789
-0.072489 0.775789
-0.057066 0.775789
-0.041643 0.775789
-0.026220 0.775789
-0.010796 0.775789
0.004627 0.775789
0.040100 0.775789
0.055524 0.775789
0.084828 0.775789
0.100251 0.775789
0.115674 0.775789
0.134182 0.775789
0.160402 0.775789
0.191248 0.775789
0.211298 0.775789
0.226722 0.775789
0.256026 0.775789
0.276076 0.775789
0.294584 0.775789
0.311549 0.775789
0.326973 0.775789
0.342396 0.775789
0.357819 0.775789
0.376327 0.775789
0.391750 0.775789
0.430308 0.775789
0.445732 0.775789
-0.468867 0.774247
-0.453443 0.774247
-0.434935 0.774247
-0.416428 0.774247
-0.399462 0.774247
-0.376327 0.774247
-0.357819 0.774247
-0.339311 0.774247
-0.316176 0.774247
-0.300753 0.774247
-0.271449 0.774247
-0.256026 0.774247
-0.240603 0.774247
-0.225179 0.774247
-0.209756 0.774247
-0.194333 0.774247
-0.178910 0.774247
-0.163486 0.774247
-0.144978 0.774247
-0.129555 0.774247
-0.114132 0.774247
-0.098709 0.774247
-0.083286 0.774247
-0.067862 0.774247
-0.052439 0.774247
-0.037016 0.774247
-0.021593 0.774247
-0.001542 0.774247
0.013881 0.774247
0.043185 0.774247
0.058608 0.774247
0.087912 0.774247
0.103336 0.774247
0.118759 0.774247
0.137267 0.774247
0.166571 0.774247
0.202044 0.774247
0.217468 0.774247
0.232891 0.774247
0.263737 0.774247
0.283788 0.774247
0.303838 0.774247
0.319261 0.774247
0.336227 0.774247
0.351650 0.774247
0.371700 0.774247
0.387123 0.774247
0.422597 0.774247
0.439562 0.774247
-0.475036 0.772704
-0.459613 0.772704
-0.441105 0.772704
-0.422597 0.772704
-0.407174 0.772704
-0.384039 0.772704
-0.365531 0.772704
-0.350108 0.772704
-0.326973 0.772704
-0.286872 0.772704
-0.271449 0.772704
-0.256026 0.772704
-0.240603 0.772704
-0.225179 0.772704
-0.209756 0.772704
-0.194333 0.772704
-0.178910 0.772704
-0.163486 0.772704
-0.141894 0.772704
-0.126471 0.772704
-0.111047 0.772704
-0.095624 0.772704
-0.080201 0.772704
-0.064778 0.772704
-0.049354 0.772704
-0.033931 0.772704
-0.018508 0.772704
0.003085 0.772704
0.018508 0.772704
0.049354 0.772704
0.064778 0.772704
0.094082 0.772704
0.109505 0.772704
0.124928 0.772704
0.149605 0.772704
0.177367 0.772704
0.208214 0.772704
0.223637 0.772704
0.245230 0.772704
0.268364 0.772704
0.286872 0.772704
0.306923 0.772704
0.322346 0.772704
0.337769 0.772704
0.356277 0.772704
0.376327 0.772704
0.393293 0.772704
0.408716 0.772704
0.430308 0.772704
0.445732 0.772704
-0.470409 0.771162
-0.451901 0.771162
-0.436478 0.771162
-0.416428 0.771162
-0.401004 0.771162
-0.376327 0.771162
-0.360904 0.771162
-0.342396 0.771162
-0.323888 0.771162
-0.288415 0.771162
-0.272991 0.771162
-0.257568 0.771162
-0.237518 0.771162
-0.222095 0.771162
-0.206671 0.771162
-0.191248 0.771162
-0.166571 0.771162
-0.143436 0.771162
-0.128013 0.771162
-0.112590 0.771162
-0.097166 0.771162
-0.081743 0.771162
-0.066320 0.771162
-0.050897 0.771162
-0.035473 0.771162
-0.020050 0.771162
0.003085 0.771162
0.018508 0.771162
0.049354 0.771162
0.064778 0.771162
0.089455 0.771162
0.107963 0.771162
0.123386 0.771162
0.143436 0.771162
0.171198 0.771162
0.208214 0.771162
0.223637 0.771162
0.240603 0.771162
0.266822 0.771162
0.283788 0.771162
0.300753 0.771162
0.317719 0.771162
0.333142 0.771162
0.348565 0.771162
0.363989 0.771162
0.379412 0.771162
0.394835 0.771162
0.410258 0.771162
0.425682 0.771162
0.441105 0.771162
-0.476578 0.769620
-0.461155 0.769620
-0.442647 0.769620
-0.421055 0.769620
-0.405631 0.769620
-0.384039 0.769620
-0.367073 0.769620
-0.343938 0.769620
-0.302296 0.769620
-0.286872 0.769620
-0.271449 0.769620
-0.245230 0.769620
-0.229806 0.769620
-0.214383 0.769620
-0.198960 0.769620
-0.175825 0.769620
-0.157317 0.769620
-0.141894 0.769620
-0.126471 0.769620
-0.111047 0.769620
-0.095624 0.769620
-0.080201 0.769620
-0.064778 0.769620
-0.049354 0.769620
-0.033931 0.769620
-0.018508 0.769620
0.007712 0.769620
0.023135 0.769620
0.052439 0.769620
0.067862 0.769620
0.092539 0.769620
0.114132 0.769620
0.129555 0.769620
0.165029 0.769620
0.183537 0.769620
0.217468 0.769620
0.232891 0.769620
0.256026 0.769620
0.274534 0.769620
0.291499 0.769620
0.308465 0.769620
0.323888 0.769620
0.339311 0.769620
0.354735 0.769620
0.370158 0.769620
0.385581 0.769620
0.401004 0.769620
0.416428 0.769620
0.431851 0.769620
-0.487374 0.768077
-0.471951 0.768077
-0.453443 0.768077
-0.431851 0.768077
-0.414885 0.768077
-0.391750 0.768077
-0.373242 0.768077
-0.348565 0.768077
-0.302296 0.768077
-0.286872 0.768077
-0.271449 0.768077
-0.245230 0.768077
-0.229806 0.768077
-0.214383 0.768077
-0.198960 0.768077
-0.177367 0.768077
-0.160402 0.768077
-0.144978 0.768077
-0.094082 0.768077
-0.078659 0.768077
-0.063235 0.768077
-0.047812 0.768077
-0.032389 0.768077
-0.016966 0.768077
0.009254 0.768077
0.024677 0.768077
0.057066 0.768077
0.074032 0.768077
0.103336 0.768077
0.121844 0.768077
0.137267 0.768077
0.169656 0.768077
0.200502 0.768077
0.225179 0.768077
0.240603 0.768077
0.262195 0.768077
0.277618 0.768077
0.293042 0.768077
0.311549 0.768077
0.326973 0.768077
0.342396 0.768077
0.357819 0.768077
0.373242 0.768077
0.390208 0.768077
0.405631 0.768077
0.421055 0.768077
0.436478 0.768077
-0.485832 0.766535
-0.470409 0.766535
-0.451901 0.766535
-0.425682 0.766535
-0.410258 0.766535
-0.388666 0.766535
-0.363989 0.766535
-0.342396 0.766535
-0.308465 0.766535
-0.293042 0.766535
-0.277618 0.766535
-0.256026 0.766535
-0.240603 0.766535
-0.225179 0.766535
-0.209756 0.766535
-0.188164 0.766535
-0.172740 0.766535
-0.157317 0.766535
-0.080201 0.766535
-0.064778 0.766535
-0.049354 0.766535
-0.033931 0.766535
-0.018508 0.766535
-0.003085 0.766535
0.023135 0.766535
0.041643 0.766535
0.069405 0.766535
0.084828 0.766535
0.115674 0.766535
0.131098 0.766535
0.151148 0.766535
0.178910 0.766535
0.215925 0.766535
0.234433 0.766535
0.249857 0.766535
0.269907 0.766535
0.285330 0.766535
0.300753 0.766535
0.319261 0.766535
0.334684 0.766535
0.350108 0.766535
0.365531 0.766535
0.380954 0.766535
0.399462 0.766535
0.414885 0.766535
0.430308 0.766535
0.445732 0.766535
-0.478121 0.764993
-0.462697 0.764993
-0.444189 0.764993
-0.417970 0.764993
-0.397920 0.764993
-0.380954 0.764993
-0.362446 0.764993
-0.333142 0.764993
-0.310007 0.764993
-0.294584 0.764993
-0.279161 0.764993
-0.257568 0.764993
-0.242145 0.764993
-0.226722 0.764993
-0.211298 0.764993
-0.191248 0.764993
-0.175825 0.764993
-0.154232 0.764993
-0.111047 0.764993
-0.072489 0.764993
-0.057066 0.764993
-0.041643 0.764993
-0.026220 0.764993
-0.010796 0.764993
0.004627 0.764993
0.029304 0.764993
0.047812 0.764993
0.078659 0.764993
0.114132 0.764993
0.129555 0.764993
0.144978 0.764993
0.174283 0.764993
0.206671 0.764993
0.229806 0.764993
0.245230 0.764993
0.265280 0.764993
0.280703 0.764993
0.296126 0.764993
0.314634 0.764993
0.330057 0.764993
0.345481 0.764993
0.360904 0.764993
0.376327 0.764993
0.396377 0.764993
0.411801 0.764993
0.427224 0.764993
0.442647 0.764993
-0.481205 0.763451
-0.465782 0.763451
-0.447274 0.763451
-0.421055 0.763451
-0.399462 0.763451
-0.380954 0.763451
-0.360904 0.763451
-0.323888 0.763451
-0.308465 0.763451
-0.293042 0.763451
-0.277618 0.763451
-0.256026 0.763451
-0.240603 0.763451
-0.225179 0.763451
-0.209756 0.763451
-0.191248 0.763451
-0.172740 0.763451
-0.131098 0.763451
-0.115674 0.763451
-0.100251 0.763451
-0.061693 0.763451
-0.046270 0.763451
-0.030846 0.763451
-0.015423 0.763451
0.000000 0.763451
0.024677 0.763451
0.040100 0.763451
0.058608 0.763451
0.092539 0.763451
0.126471 0.763451
0.144978 0.763451
0.172740 0.763451
0.198960 0.763451
0.226722 0.763451
0.242145 0.763451
0.259110 0.763451
0.274534 0.763451
0.289957 0.763451
0.305380 0.763451
0.325430 0.763451
0.340854 0.763451
0.356277 0.763451
0.371700 0.763451
0.387123 0.763451
0.407174 0.763451
0.422597 0.763451
0.438020 0.763451
-0.485832 0.761908
-0.470409 0.761908
-0.451901 0.761908
-0.430308 0.761908
-0.414885 0.761908
-0.393293 0.761908
-0.374785 0.761908
-0.359362 0.761908
-0.323888 0.761908
-0.305380 0.761908
-0.286872 0.761908
-0.265280 0.761908
-0.249857 0.761908
-0.234433 0.761908
-0.219010 0.761908
-0.200502 0.761908
-0.185079 0.761908
-0.140352 0.761908
-0.124928 0.761908
-0.109505 0.761908
-0.094082 0.761908
-0.078659 0.761908
-0.063235 0.761908
0.000000 0.761908
0.021593 0.761908
0.037016 0.761908
0.057066 0.761908
0.083286 0.761908
0.118759 0.761908
0.140352 0.761908
0.166571 0.761908
0.185079 0.761908
0.219010 0.761908
0.239060 0.761908
0.254483 0.761908
0.269907 0.761908
0.285330 0.761908
0.300753 0.761908
0.320803 0.761908
0.339311 0.761908
0.354735 0.761908
0.370158 0.761908
0.385581 0.761908
0.407174 0.761908
0.422597 0.761908
0.438020 0.761908
-0.487374 0.760366
-0.471951 0.760366
-0.453443 0.760366
-0.433393 0.760366
-0.417970 0.760366
-0.394835 0.760366
-0.376327 0.760366
-0.347023 0.760366
-0.328515 0.760366
-0.310007 0.760366
-0.294584 0.760366
-0.269907 0.760366
-0.254483 0.760366
-0.239060 0.760366
-0.223637 0.760366
-0.208214 0.760366
-0.189706 0.760366
-0.148063 0.760366
-0.132640 0.760366
-0.117217 0.760366
-0.101793 0.760366
-0.086370 0.760366
-0.001542 0.760366
0.013881 0.760366
0.032389 0.760366
0.047812 0.760366
0.063235 0.760366
0.087912 0.760366
0.123386 0.760366
0.144978 0.760366
0.171198 0.760366
0.202044 0.760366
0.232891 0.760366
0.248314 0.760366
0.263737 0.760366
0.279161 0.760366
0.294584 0.760366
0.310007 0.760366
0.330057 0.760366
0.348565 0.760366
0.363989 0.760366
0.379412 0.760366
0.394835 0.760366
0.414885 0.760366
0.430308 0.760366
0.445732 0.760366
-0.481205 0.758824
-0.464240 0.758824
-0.448816 0.758824
-0.430308 0.758824
-0.405631 0.758824
-0.387123 0.758824
-0.371700 0.758824
-0.334684 0.758824
-0.316176 0.758824
-0.300753 0.758824
-0.272991 0.758824
-0.257568 0.758824
-0.242145 0.758824
-0.226722 0.758824
-0.206671 0.758824
-0.191248 0.758824
-0.155775 0.758824
-0.140352 0.758824
-0.124928 0.758824
-0.109505 0.758824
-0.094082 0.758824
-0.053981 0.758824
-0.020050 0.758824
0.006169 0.758824
0.024677 0.758824
0.040100 0.758824
0.055524 0.758824
0.070947 0.758824
0.104878 0.758824
0.129555 0.758824
0.151148 0.758824
0.181994 0.758824
0.212841 0.758824
0.239060 0.758824
0.254483 0.758824
0.269907 0.758824
0.285330 0.758824
0.300753 0.758824
0.320803 0.758824
0.336227 0.758824
0.356277 0.758824
0.371700 0.758824
0.387123 0.758824
0.402547 0.758824
0.428766 0.758824
0.444189 0.758824
-0.484290 0.757281
-0.468867 0.757281
-0.453443 0.757281
-0.436478 0.757281
-0.419512 0.757281
-0.388666 0.757281
-0.373242 0.757281
-0.343938 0.757281
-0.320803 0.757281
-0.305380 0.757281
-0.285330 0.757281
-0.265280 0.757281
-0.249857 0.757281
-0.234433 0.757281
-0.219010 0.757281
-0.197417 0.757281
-0.166571 0.757281
-0.151148 0.757281
-0.135725 0.757281
-0.120301 0.757281
-0.104878 0.757281
-0.089455 0.757281
-0.074032 0.757281
-0.058608 0.757281
-0.043185 0.757281
-0.027762 0.757281
-0.012339 0.757281
0.003085 0.757281
0.018508 0.757281
0.040100 0.757281
0.055524 0.757281
0.070947 0.757281
0.095624 0.757281
0.131098 0.757281
0.152690 0.757281
0.181994 0.757281
0.206671 0.757281
0.242145 0.757281
0.257568 0.757281
0.272991 0.757281
0.288415 0.757281
0.303838 0.757281
0.320803 0.757281
0.336227 0.757281
0.356277 0.757281
0.371700 0.757281
0.387123 0.757281
0.402547 0.757281
0.431851 0.757281
0.447274 0.757281
-0.481205 0.755739
-0.465782 0.755739
-0.448816 0.755739
-0.433393 0.755739
-0.417970 0.755739
-0.388666 0.755739
-0.373242 0.755739
-0.345481 0.755739
-0.320803 0.755739
-0.305380 0.755739
-0.285330 0.755739
-0.266822 0.755739
-0.251399 0.755739
-0.235976 0.755739
-0.211298 0.755739
-0.192791 0.755739
-0.160402 0.755739
-0.144978 0.755739
-0.129555 0.755739
-0.114132 0.755739
-0.098709 0.755739
-0.083286 0.755739
-0.067862 0.755739
-0.052439 0.755739
-0.037016 0.755739
-0.021593 0.755739
-0.006169 0.755739
0.009254 0.755739
0.024677 0.755739
0.050897 0.755739
0.066320 0.755739
0.086370 0.755739
0.114132 0.755739
0.138809 0.755739
0.161944 0.755739
0.189706 0.755739
0.223637 0.755739
0.245230 0.755739
0.260653 0.755739
0.276076 0.755739
0.291499 0.755739
0.306923 0.755739
0.322346 0.755739
0.337769 0.755739
0.359362 0.755739
0.374785 0.755739
0.390208 0.755739
0.408716 0.755739
0.424139 0.755739
0.439562 0.755739
-0.487374 0.754197
-0.471951 0.754197
-0.456528 0.754197
-0.439562 0.754197
-0.424139 0.754197
-0.394835 0.754197
-0.377869 0.754197
-0.351650 0.754197
-0.328515 0.754197
-0.313092 0.754197
-0.288415 0.754197
-0.272991 0.754197
-0.256026 0.754197
-0.240603 0.754197
-0.215925 0.754197
-0.200502 0.754197
-0.180452 0.754197
-0.165029 0.754197
-0.149605 0.754197
-0.134182 0.754197
-0.118759 0.754197
-0.103336 0.754197
-0.087912 0.754197
-0.072489 0.754197
-0.057066 0.754197
-0.041643 0.754197
-0.026220 0.754197
-0.010796 0.754197
0.004627 0.754197
0.020050 0.754197
0.046270 0.754197
0.061693 0.754197
0.077116 0.754197
0.097166 0.754197
0.121844 0.754197
0.152690 0.754197
0.175825 0.754197
0.194333 0.754197
0.228264 0.754197
0.249857 0.754197
0.266822 0.754197
0.282245 0.754197
0.297669 0.754197
0.313092 0.754197
0.328515 0.754197
0.343938 0.754197
0.367073 0.754197
0.382496 0.754197
0.399462 0.754197
0.414885 0.754197
0.430308 0.754197
0.450359 0.754197
-0.492001 0.752654
-0.476578 0.752654
-0.461155 0.752654
-0.445732 0.752654
-0.430308 0.752654
-0.404089 0.752654
-0.388666 0.752654
-0.362446 0.752654
-0.336227 0.752654
-0.320803 0.752654
-0.297669 0.752654
-0.276076 0.752654
-0.257568 0.752654
-0.242145 0.752654
-0.217468 0.752654
-0.202044 0.752654
-0.185079 0.752654
-0.169656 0.752654
-0.154232 0.752654
-0.138809 0.752654
-0.123386 0.752654
-0.107963 0.752654
-0.092539 0.752654
-0.077116 0.752654
-0.061693 0.752654
-0.046270 0.752654
-0.030846 0.752654
-0.015423 0.752654
0.000000 0.752654
0.015423 0.752654
0.030846 0.752654
0.058608 0.752654
0.074032 0.752654
0.092539 0.752654
0.121844 0.752654
0.144978 0.752654
0.168113 0.752654
0.192791 0.752654
0.222095 0.752654
0.249857 0.752654
0.266822 0.752654
0.282245 0.752654
0.297669 0.752654
0.313092 0.752654
0.328515 0.752654
0.343938 0.752654
0.368616 0.752654
0.384039 0.752654
0.401004 0.752654
0.416428 0.752654
0.433393 0.752654
0.450359 0.752654
-0.495086 0.751112
-0.479663 0.751112
-0.464240 0.751112
-0.448816 0.751112
-0.433393 0.751112
-0.411801 0.751112
-0.394835 0.751112
-0.367073 0.751112
-0.343938 0.751112
-0.325430 0.751112
-0.302296 0.751112
-0.280703 0.751112
-0.265280 0.751112
-0.246772 0.751112
-0.223637 0.751112
-0.208214 0.751112
-0.192791 0.751112
-0.175825 0.751112
-0.160402 0.751112
-0.144978 0.751112
-0.129555 0.751112
-0.114132 0.751112
-0.098709 0.751112
-0.083286 0.751112
-0.067862 0.751112
-0.052439 0.751112
-0.037016 0.751112
-0.021593 0.751112
-0.006169 0.751112
0.009254 0.751112
0.024677 0.751112
0.053981 0.751112
0.069405 0.751112
0.084828 0.751112
0.115674 0.751112
0.140352 0.751112
0.161944 0.751112
0.186621 0.751112
0.205129 0.751112
0.243687 0.751112
0.259110 0.751112
0.276076 0.751112
0.291499 0.751112
0.306923 0.751112
0.322346 0.751112
0.337769 0.751112
0.353192 0.751112
0.376327 0.751112
0.391750 0.751112
0.408716 0.751112
0.424139 0.751112
0.441105 0.751112
0.456528 0.751112
-0.488917 0.749570
-0.473494 0.749570
-0.458070 0.749570
-0.442647 0.749570
-0.425682 0.749570
-0.404089 0.749570
-0.382496 0.749570
-0.354735 0.749570
-0.339311 0.749570
-0.314634 0.749570
-0.294584 0.749570
-0.279161 0.749570
-0.263737 0.749570
-0.245230 0.749570
-0.223637 0.749570
-0.208214 0.749570
-0.191248 0.749570
-0.175825 0.749570
-0.160402 0.749570
-0.144978 0.749570
-0.129555 0.749570
-0.114132 0.749570
-0.098709 0.749570
-0.083286 0.749570
-0.067862 0.749570
-0.052439 0.749570
-0.037016 0.749570
-0.009254 0.749570
0.006169 0.749570
0.021593 0.749570
0.037016 0.749570
0.066320 0.749570
0.081743 0.749570
0.098709 0.749570
0.126471 0.749570
0.151148 0.749570
0.175825 0.749570
0.206671 0.749570
0.248314 0.749570
0.263737 0.749570
0.282245 0.749570
0.297669 0.749570
0.313092 0.749570
0.328515 0.749570
0.343938 0.749570
0.365531 0.749570
0.387123 0.749570
0.402547 0.749570
0.417970 0.749570
0.436478 0.749570
0.459613 0.749570
-0.490459 0.748027
-0.475036 0.748027
-0.459613 0.748027
-0.444189 0.748027
-0.427224 0.748027
-0.408716 0.748027
-0.384039 0.748027
-0.356277 0.748027
-0.340854 0.748027
-0.316176 0.748027
-0.296126 0.748027
-0.280703 0.748027
-0.265280 0.748027
-0.235976 0.748027
-0.220552 0.748027
-0.205129 0.748027
-0.189706 0.748027
-0.174283 0.748027
-0.158859 0.748027
-0.143436 0.748027
-0.128013 0.748027
-0.112590 0.748027
-0.097166 0.748027
-0.081743 0.748027
-0.035473 0.748027
-0.010796 0.748027
0.004627 0.748027
0.020050 0.748027
0.035473 0.748027
0.050897 0.748027
0.077116 0.748027
0.092539 0.748027
0.107963 0.748027
0.140352 0.748027
0.165029 0.748027
0.191248 0.748027
0.215925 0.748027
0.252941 0.748027
0.271449 0.748027
0.286872 0.748027
0.302296 0.748027
0.317719 0.748027
0.333142 0.748027
0.348565 0.748027
0.379412 0.748027
0.394835 0.748027
0.410258 0.748027
0.425682 0.748027
0.442647 0.748027
0.462697 0.748027
-0.488917 0.746485
-0.471951 0.746485
-0.456528 0.746485
-0.438020 0.746485
-0.417970 0.746485
-0.402547 0.746485
-0.363989 0.746485
-0.348565 0.746485
-0.320803 0.746485
-0.302296 0.746485
-0.286872 0.746485
-0.271449 0.746485
-0.256026 0.746485
-0.234433 0.746485
-0.219010 0.746485
-0.203587 0.746485
-0.181994 0.746485
-0.166571 0.746485
-0.151148 0.746485
-0.131098 0.746485
-0.004627 0.746485
0.010796 0.746485
0.026220 0.746485
0.041643 0.746485
0.057066 0.746485
0.080201 0.746485
0.095624 0.746485
0.111047 0.746485
0.134182 0.746485
0.154232 0.746485
0.175825 0.746485
0.198960 0.746485
0.246772 0.746485
0.265280 0.746485
0.285330 0.746485
0.300753 0.746485
0.316176 0.746485
0.331600 0.746485
0.347023 0.746485
0.362446 0.746485
0.394835 0.746485
0.413343 0.746485
0.428766 0.746485
0.444189 0.746485
0.461155 0.746485
-0.490459 0.744943
-0.473494 0.744943
-0.458070 0.744943
-0.439562 0.744943
-0.421055 0.744943
-0.405631 0.744943
-0.376327 0.744943
-0.356277 0.744943
-0.340854 0.744943
-0.314634 0.744943
-0.296126 0.744943
-0.280703 0.744943
-0.265280 0.744943
-0.242145 0.744943
-0.226722 0.744943
-0.211298 0.744943
-0.186621 0.744943
-0.171198 0.744943
-0.152690 0.744943
-0.097166 0.744943
0.016966 0.744943
0.032389 0.744943
0.047812 0.744943
0.063235 0.744943
0.087912 0.744943
0.103336 0.744943
0.126471 0.744943
0.146521 0.744943
0.161944 0.744943
0.185079 0.744943
0.205129 0.744943
0.251399 0.744943
0.276076 0.744943
0.291499 0.744943
0.306923 0.744943
0.322346 0.744943
0.337769 0.744943
0.353192 0.744943
0.385581 0.744943
0.401004 0.744943
0.419512 0.744943
0.434935 0.744943
0.450359 0.744943
-0.502798 0.743400
-0.487374 0.743400
-0.470409 0.743400
-0.454986 0.743400
-0.434935 0.743400
-0.416428 0.743400
-0.396377 0.743400
-0.365531 0.743400
-0.350108 0.743400
-0.328515 0.743400
-0.313092 0.743400
-0.293042 0.743400
-0.277618 0.743400
-0.262195 0.743400
-0.237518 0.743400
-0.222095 0.743400
-0.197417 0.743400
-0.181994 0.743400
-0.128013 0.743400
-0.112590 0.743400
-0.097166 0.743400
-0.072489 0.743400
-0.057066 0.743400
-0.009254 0.743400
0.006169 0.743400
0.021593 0.743400
0.037016 0.743400
0.052439 0.743400
0.067862 0.743400
0.095624 0.743400
0.111047 0.743400
0.134182 0.743400
0.154232 0.743400
0.178910 0.743400
0.200502 0.743400
0.243687 0.743400
0.262195 0.743400
0.282245 0.743400
0.297669 0.743400
0.313092 0.743400
0.328515 0.743400
0.343938 0.743400
0.359362 0.743400
0.380954 0.743400
0.401004 0.743400
0.419512 0.743400
0.434935 0.743400
0.453443 0.743400
-0.501255 0.741858
-0.482747 0.741858
-0.467324 0.741858
-0.444189 0.741858
-0.425682 0.741858
-0.410258 0.741858
-0.384039 0.741858
-0.363989 0.741858
-0.348565 0.741858
-0.328515 0.741858
-0.306923 0.741858
-0.291499 0.741858
-0.276076 0.741858
-0.260653 0.741858
-0.240603 0.741858
-0.205129 0.741858
-0.189706 0.741858
-0.134182 0.741858
-0.118759 0.741858
-0.103336 0.741858
-0.083286 0.741858
-0.067862 0.741858
-0.052439 0.741858
-0.037016 0.741858
-0.021593 0.741858
-0.006169 0.741858
0.009254 0.741858
0.024677 0.741858
0.040100 0.741858
0.055524 0.741858
0.070947 0.741858
0.097166 0.741858
0.112590 0.741858
0.134182 0.741858
0.154232 0.741858
0.178910 0.741858
0.200502 0.741858
0.225179 0.741858
0.266822 0.741858
0.286872 0.741858
0.302296 0.741858
0.317719 0.741858
0.333142 0.741858
0.348565 0.741858
0.363989 0.741858
0.384039 0.741858
0.404089 0.741858
0.419512 0.741858
0.434935 0.741858
0.454986 0.741858
-0.502798 0.740316
-0.484290 0.740316
-0.468867 0.740316
-0.447274 0.740316
-0.428766 0.740316
-0.413343 0.740316
-0.387123 0.740316
-0.367073 0.740316
-0.351650 0.740316
-0.330057 0.740316
-0.308465 0.740316
-0.293042 0.740316
-0.277618 0.740316
-0.262195 0.740316
-0.239060 0.740316
-0.208214 0.740316
-0.192791 0.740316
-0.146521 0.740316
-0.131098 0.740316
-0.115674 0.740316
-0.100251 0.740316
-0.084828 0.740316
-0.050897 0.740316
-0.035473 0.740316
-0.016966 0.740316
0.037016 0.740316
0.052439 0.740316
0.067862 0.740316
0.083286 0.740316
0.107963 0.740316
0.123386 0.740316
0.148063 0.740316
0.168113 0.740316
0.194333 0.740316
0.212841 0.740316
0.257568 0.740316
0.277618 0.740316
0.296126 0.740316
0.311549 0.740316
0.326973 0.740316
0.342396 0.740316
0.357819 0.740316
0.373242 0.740316
0.399462 0.740316
0.414885 0.740316
0.430308 0.740316
0.450359 0.740316
0.465782 0.740316
-0.496628 0.738773
-0.478121 0.738773
-0.462697 0.738773
-0.442647 0.738773
-0.424139 0.738773
-0.408716 0.738773
-0.385581 0.738773
-0.365531 0.738773
-0.342396 0.738773
-0.326973 0.738773
-0.305380 0.738773
-0.289957 0.738773
-0.274534 0.738773
-0.249857 0.738773
-0.234433 0.738773
-0.208214 0.738773
-0.172740 0.738773
-0.157317 0.738773
-0.141894 0.738773
-0.126471 0.738773
-0.111047 0.738773
-0.094082 0.738773
-0.064778 0.738773
-0.049354 0.738773
-0.033931 0.738773
-0.018508 0.738773
-0.003085 0.738773
0.050897 0.738773
0.066320 0.738773
0.081743 0.738773
0.107963 0.738773
0.123386 0.738773
0.149605 0.738773
0.169656 0.738773
0.197417 0.738773
0.219010 0.738773
0.259110 0.738773
0.280703 0.738773
0.299211 0.738773
0.314634 0.738773
0.330057 0.738773
0.345481 0.738773
0.360904 0.738773
0.376327 0.738773
0.394835 0.738773
0.410258 0.738773
0.425682 0.738773
0.442647 0.738773
0.458070 0.738773
-0.504340 0.737231
-0.487374 0.737231
-0.471951 0.737231
-0.453443 0.737231
-0.438020 0.737231
-0.422597 0.737231
-0.407174 0.737231
-0.385581 0.737231
-0.365531 0.737231
-0.342396 0.737231
-0.326973 0.737231
-0.303838 0.737231
-0.288415 0.737231
-0.272991 0.737231
-0.248314 0.737231
-0.232891 0.737231
-0.215925 0.737231
-0.200502 0.737231
-0.171198 0.737231
-0.155775 0.737231
-0.140352 0.737231
-0.109505 0.737231
-0.094082 0.737231
-0.078659 0.737231
-0.063235 0.737231
-0.047812 0.737231
-0.032389 0.737231
-0.016966 0.737231
-0.001542 0.737231
0.013881 0.737231
0.029304 0.737231
0.067862 0.737231
0.083286 0.737231
0.109505 0.737231
0.128013 0.737231
0.154232 0.737231
0.175825 0.737231
0.206671 0.737231
0.222095 0.737231
0.259110 0.737231
0.280703 0.737231
0.296126 0.737231
0.311549 0.737231
0.326973 0.737231
0.342396 0.737231
0.357819 0.737231
0.373242 0.737231
0.390208 0.737231
0.405631 0.737231
0.421055 0.737231
0.436478 0.737231
0.456528 0.737231
-0.507425 0.735689
-0.490459 0.735689
-0.475036 0.735689
-0.456528 0.735689
-0.441105 0.735689
-0.425682 0.735689
-0.410258 0.735689
-0.388666 0.735689
-0.368616 0.735689
-0.345481 0.735689
-0.330057 0.735689
-0.308465 0.735689
-0.293042 0.735689
-0.277618 0.735689
-0.251399 0.735689
-0.235976 0.735689
-0.220552 0.735689
-0.205129 0.735689
-0.178910 0.735689
-0.163486 0.735689
-0.148063 0.735689
-0.115674 0.735689
-0.100251 0.735689
-0.084828 0.735689
-0.069405 0.735689
-0.053981 0.735689
-0.038558 0.735689
-0.023135 0.735689
-0.007712 0.735689
0.007712 0.735689
0.023135 0.735689
0.038558 0.735689
0.069405 0.735689
0.084828 0.735689
0.109505 0.735689
0.128013 0.735689
0.151148 0.735689
0.171198 0.735689
0.197417 0.735689
0.215925 0.735689
0.243687 0.735689
0.271449 0.735689
0.286872 0.735689
0.302296 0.735689
0.317719 0.735689
0.333142 0.735689
0.348565 0.735689
0.363989 0.735689
0.379412 0.735689
0.394835 0.735689
0.410258 0.735689
0.425682 0.735689
0.441105 0.735689
0.456528 0.735689
-0.508967 0.734146
-0.493544 0.734146
-0.478121 0.734146
-0.458070 0.734146
-0.442647 0.734146
-0.427224 0.734146
-0.411801 0.734146
-0.390208 0.734146
-0.370158 0.734146
-0.348565 0.734146
-0.333142 0.734146
-0.310007 0.734146
-0.294584 0.734146
-0.279161 0.734146
-0.254483 0.734146
-0.239060 0.734146
-0.223637 0.734146
-0.202044 0.734146
-0.186621 0.734146
-0.171198 0.734146
-0.155775 0.734146
-0.121844 0.734146
-0.106420 0.734146
-0.090997 0.734146
-0.075574 0.734146
-0.060151 0.734146
-0.044727 0.734146
-0.029304 0.734146
-0.013881 0.734146
0.001542 0.734146
0.016966 0.734146
0.032389 0.734146
0.047812 0.734146
0.077116 0.734146
0.092539 0.734146
0.115674 0.734146
0.134182 0.734146
0.155775 0.734146
0.174283 0.734146
0.200502 0.734146
0.219010 0.734146
0.249857 0.734146
0.277618 0.734146
0.293042 0.734146
0.308465 0.734146
0.323888 0.734146
0.339311 0.734146
0.354735 0.734146
0.370158 0.734146
0.385581 0.734146
0.401004 0.734146
0.416428 0.734146
0.431851 0.734146
0.447274 0.734146
0.462697 0.734146
-0.505882 0.732604
-0.490459 0.732604
-0.475036 0.732604
-0.451901 0.732604
-0.436478 0.732604
-0.421055 0.732604
-0.399462 0.732604
-0.379412 0.732604
-0.360904 0.732604
-0.345481 0.732604
-0.323888 0.732604
-0.308465 0.732604
-0.293042 0.732604
-0.274534 0.732604
-0.259110 0.732604
-0.243687 0.732604
-0.228264 0.732604
-0.212841 0.732604
-0.197417 0.732604
-0.181994 0.732604
-0.166571 0.732604
-0.135725 0.732604
-0.120301 0.732604
-0.104878 0.732604
-0.089455 0.732604
-0.074032 0.732604
-0.058608 0.732604
-0.043185 0.732604
-0.026220 0.732604
-0.010796 0.732604
0.004627 0.732604
0.020050 0.732604
0.035473 0.732604
0.050897 0.732604
0.066320 0.732604
0.094082 0.732604
0.115674 0.732604
0.132640 0.732604
0.152690 0.732604
0.174283 0.732604
0.197417 0.732604
0.215925 0.732604
0.235976 0.732604
0.277618 0.732604
0.293042 0.732604
0.308465 0.732604
0.323888 0.732604
0.339311 0.732604
0.354735 0.732604
0.370158 0.732604
0.385581 0.732604
0.401004 0.732604
0.416428 0.732604
0.431851 0.732604
0.450359 0.732604
0.465782 0.732604
-0.508967 0.731062
-0.493544 0.731062
-0.478121 0.731062
-0.454986 0.731062
-0.438020 0.731062
-0.422597 0.731062
-0.402547 0.731062
-0.379412 0.731062
-0.360904 0.731062
-0.345481 0.731062
-0.323888 0.731062
-0.308465 0.731062
-0.293042 0.731062
-0.276076 0.731062
-0.259110 0.731062
-0.243687 0.731062
-0.228264 0.731062
-0.212841 0.731062
-0.197417 0.731062
-0.181994 0.731062
-0.146521 0.731062
-0.131098 0.731062
-0.115674 0.731062
-0.100251 0.731062
-0.075574 0.731062
-0.060151 0.731062
-0.030846 0.731062
-0.015423 0.731062
0.000000 0.731062
0.015423 0.731062
0.030846 0.731062
0.046270 0.731062
0.061693 0.731062
0.086370 0.731062
0.101793 0.731062
0.123386 0.731062
0.138809 0.731062
0.161944 0.731062
0.181994 0.731062
0.205129 0.731062
0.225179 0.731062
0.256026 0.731062
0.286872 0.731062
0.302296 0.731062
0.317719 0.731062
0.333142 0.731062
0.350108 0.731062
0.365531 0.731062
0.380954 0.731062
0.397920 0.731062
0.413343 0.731062
0.428766 0.731062
0.444189 0.731062
0.459613 0.731062
0.476578 0.731062
-0.501255 0.729519
-0.485832 0.729519
-0.470409 0.729519
-0.447274 0.729519
-0.431851 0.729519
-0.413343 0.729519
-0.387123 0.729519
-0.368616 0.729519
-0.353192 0.729519
-0.331600 0.729519
-0.316176 0.729519
-0.296126 0.729519
-0.277618 0.729519
-0.259110 0.729519
-0.240603 0.729519
-0.225179 0.729519
-0.209756 0.729519
-0.194333 0.729519
-0.158859 0.729519
-0.143436 0.729519
-0.128013 0.729519
-0.112590 0.729519
-0.070947 0.729519
-0.038558 0.729519
-0.023135 0.729519
-0.007712 0.729519
0.007712 0.729519
0.023135 0.729519
0.038558 0.729519
0.053981 0.729519
0.069405 0.729519
0.092539 0.729519
0.107963 0.729519
0.129555 0.729519
0.144978 0.729519
0.166571 0.729519
0.186621 0.729519
0.208214 0.729519
0.228264 0.729519
0.259110 0.729519
0.291499 0.729519
0.306923 0.729519
0.322346 0.729519
0.337769 0.729519
0.354735 0.729519
0.370158 0.729519
0.388666 0.729519
0.405631 0.729519
0.421055 0.729519
0.436478 0.729519
0.451901 0.729519
0.467324 0.729519
-0.507425 0.727977
-0.492001 0.727977
-0.476578 0.727977
-0.456528 0.727977
-0.441105 0.727977
-0.422597 0.727977
-0.404089 0.727977
-0.379412 0.727977
-0.363989 0.727977
-0.348565 0.727977
-0.325430 0.727977
-0.305380 0.727977
-0.286872 0.727977
-0.271449 0.727977
-0.256026 0.727977
-0.234433 0.727977
-0.219010 0.727977
-0.203587 0.727977
-0.188164 0.727977
-0.157317 0.727977
-0.141894 0.727977
-0.126471 0.727977
-0.047812 0.727977
-0.032389 0.727977
-0.016966 0.727977
-0.001542 0.727977
0.013881 0.727977
0.029304 0.727977
0.044727 0.727977
0.060151 0.727977
0.075574 0.727977
0.098709 0.727977
0.114132 0.727977
0.137267 0.727977
0.157317 0.727977
0.178910 0.727977
0.194333 0.727977
0.219010 0.727977
0.234433 0.727977
0.277618 0.727977
0.296126 0.727977
0.311549 0.727977
0.326973 0.727977
0.342396 0.727977
0.359362 0.727977
0.377869 0.727977
0.394835 0.727977
0.410258 0.727977
0.425682 0.727977
0.441105 0.727977
0.456528 0.727977
0.476578 0.727977
-0.504340 0.726435
-0.488917 0.726435
-0.473494 0.726435
-0.451901 0.726435
-0.436478 0.726435
-0.417970 0.726435
-0.391750 0.726435
-0.373242 0.726435
-0.357819 0.726435
-0.336227 0.726435
-0.320803 0.726435
-0.296126 0.726435
-0.280703 0.726435
-0.262195 0.726435
-0.239060 0.726435
-0.223637 0.726435
-0.208214 0.726435
-0.192791 0.726435
-0.161944 0.726435
-0.101793 0.726435
-0.086370 0.726435
-0.070947 0.726435
-0.055524 0.726435
-0.040100 0.726435
-0.024677 0.726435
-0.009254 0.726435
0.006169 0.726435
0.021593 0.726435
0.037016 0.726435
0.052439 0.726435
0.067862 0.726435
0.083286 0.726435
0.107963 0.726435
0.132640 0.726435
0.148063 0.726435
0.169656 0.726435
0.189706 0.726435
0.211298 0.726435
0.231349 0.726435
0.260653 0.726435
0.294584 0.726435
0.310007 0.726435
0.325430 0.726435
0.340854 0.726435
0.359362 0.726435
0.377869 0.726435
0.397920 0.726435
0.414885 0.726435
0.430308 0.726435
0.445732 0.726435
0.461155 0.726435
-0.516679 0.724892
-0.501255 0.724892
-0.485832 0.724892
-0.467324 0.724892
-0.448816 0.724892
-0.430308 0.724892
-0.411801 0.724892
-0.385581 0.724892
-0.370158 0.724892
-0.354735 0.724892
-0.333142 0.724892
-0.308465 0.724892
-0.293042 0.724892
-0.271449 0.724892
-0.248314 0.724892
-0.232891 0.724892
-0.217468 0.724892
-0.202044 0.724892
-0.172740 0.724892
-0.115674 0.724892
-0.100251 0.724892
-0.084828 0.724892
-0.069405 0.724892
-0.053981 0.724892
-0.038558 0.724892
-0.023135 0.724892
-0.007712 0.724892
0.007712 0.724892
0.023135 0.724892
0.038558 0.724892
0.053981 0.724892
0.069405 0.724892
0.084828 0.724892
0.100251 0.724892
0.134182 0.724892
0.149605 0.724892
0.172740 0.724892
0.192791 0.724892
0.215925 0.724892
0.235976 0.724892
0.263737 0.724892
0.288415 0.724892
0.310007 0.724892
0.325430 0.724892
0.340854 0.724892
0.360904 0.724892
0.379412 0.724892
0.397920 0.724892
0.414885 0.724892
0.431851 0.724892
0.447274 0.724892
0.462697 0.724892
-0.516679 0.723350
-0.501255 0.723350
-0.484290 0.723350
-0.465782 0.723350
-0.447274 0.723350
-0.428766 0.723350
-0.410258 0.723350
-0.385581 0.723350
-0.370158 0.723350
-0.354735 0.723350
-0.333142 0.723350
-0.317719 0.723350
-0.302296 0.723350
-0.282245 0.723350
-0.259110 0.723350
-0.243687 0.723350
-0.228264 0.723350
-0.212841 0.723350
-0.197417 0.723350
-0.181994 0.723350
-0.166571 0.723350
-0.128013 0.723350
-0.112590 0.723350
-0.097166 0.723350
-0.081743 0.723350
-0.066320 0.723350
-0.050897 0.723350
-0.035473 0.723350
-0.020050 0.723350
-0.004627 0.723350
0.010796 0.723350
0.026220 0.723350
0.041643 0.723350
0.057066 0.723350
0.072489 0.723350
0.087912 0.723350
0.103336 0.723350
0.137267 0.723350
0.154232 0.723350
0.175825 0.723350
0.194333 0.723350
0.217468 0.723350
0.237518 0.723350
0.259110 0.723350
0.282245 0.723350
0.303838 0.723350
0.319261 0.723350
0.334684 0.723350
0.350108 0.723350
0.368616 0.723350
0.388666 0.723350
0.408716 0.723350
0.424139 0.723350
0.441105 0.723350
0.456528 0.723350
0.473494 0.723350
-0.507425 0.721808
-0.492001 0.721808
-0.468867 0.721808
-0.448816 0.721808
-0.433393 0.721808
-0.417970 0.721808
-0.394835 0.721808
-0.377869 0.721808
-0.362446 0.721808
-0.343938 0.721808
-0.328515 0.721808
-0.313092 0.721808
-0.297669 0.721808
-0.276076 0.721808
-0.252941 0.721808
-0.237518 0.721808
-0.222095 0.721808
-0.206671 0.721808
-0.191248 0.721808
-0.168113 0.721808
-0.140352 0.721808
-0.124928 0.721808
-0.109505 0.721808
-0.094082 0.721808
-0.078659 0.721808
-0.063235 0.721808
-0.047812 0.721808
-0.032389 0.721808
-0.016966 0.721808
0.004627 0.721808
0.020050 0.721808
0.035473 0.721808
0.050897 0.721808
0.066320 0.721808
0.081743 0.721808
0.097166 0.721808
0.124928 0.721808
0.152690 0.721808
0.172740 0.721808
0.189706 0.721808
0.211298 0.721808
0.231349 0.721808
0.246772 0.721808
0.266822 0.721808
0.289957 0.721808
0.311549 0.721808
0.326973 0.721808
0.342396 0.721808
0.357819 0.721808
0.376327 0.721808
0.399462 0.721808
0.416428 0.721808
0.434935 0.721808
0.450359 0.721808
0.465782 0.721808
-0.516679 0.720265
-0.501255 0.720265
-0.482747 0.720265
-0.465782 0.720265
-0.447274 0.720265
-0.431851 0.720265
-0.416428 0.720265
-0.391750 0.720265
-0.376327 0.720265
-0.360904 0.720265
-0.343938 0.720265
-0.328515 0.720265
-0.313092 0.720265
-0.297669 0.720265
-0.274534 0.720265
-0.251399 0.720265
-0.235976 0.720265
-0.220552 0.720265
-0.205129 0.720265
-0.171198 0.720265
-0.155775 0.720265
-0.140352 0.720265
-0.124928 0.720265
-0.109505 0.720265
-0.094082 0.720265
-0.078659 0.720265
-0.063235 0.720265
-0.047812 0.720265
-0.032389 0.720265
-0.016966 0.720265
0.004627 0.720265
0.020050 0.720265
0.035473 0.720265
0.050897 0.720265
0.066320 0.720265
0.081743 0.720265
0.097166 0.720265
0.112590 0.720265
0.152690 0.720265
0.174283 0.720265
0.191248 0.720265
0.217468 0.720265
0.235976 0.720265
0.251399 0.720265
0.274534 0.720265
0.296126 0.720265
0.316176 0.720265
0.331600 0.720265
0.347023 0.720265
0.365531 0.720265
0.385581 0.720265
0.402547 0.720265
0.419512 0.720265
0.438020 0.720265
0.453443 0.720265
0.468867 0.720265
-0.516679 0.718723
-0.501255 0.718723
-0.484290 0.718723
-0.465782 0.718723
-0.447274 0.718723
-0.431851 0.718723
-0.416428 0.718723
-0.391750 0.718723
-0.376327 0.718723
-0.360904 0.718723
-0.345481 0.718723
-0.330057 0.718723
-0.311549 0.718723
-0.286872 0.718723
-0.265280 0.718723
-0.249857 0.718723
-0.234433 0.718723
-0.219010 0.718723
-0.203587 0.718723
-0.158859 0.718723
-0.143436 0.718723
-0.128013 0.718723
-0.112590 0.718723
-0.097166 0.718723
-0.081743 0.718723
-0.066320 0.718723
-0.050897 0.718723
-0.035473 0.718723
-0.020050 0.718723
0.000000 0.718723
0.015423 0.718723
0.030846 0.718723
0.046270 0.718723
0.061693 0.718723
0.077116 0.718723
0.092539 0.718723
0.107963 0.718723
0.135725 0.718723
0.161944 0.718723
0.183537 0.718723
0.198960 0.718723
0.226722 0.718723
0.245230 0.718723
0.266822 0.718723
0.286872 0.718723
0.306923 0.718723
0.322346 0.718723
0.337769 0.718723
0.353192 0.718723
0.371700 0.718723
0.391750 0.718723
0.410258 0.718723
0.427224 0.718723
0.445732 0.718723
0.461155 0.718723
0.476578 0.718723
-0.518221 0.717181
-0.502798 0.717181
-0.484290 0.717181
-0.462697 0.717181
-0.447274 0.717181
-0.431851 0.717181
-0.416428 0.717181
-0.394835 0.717181
-0.379412 0.717181
-0.363989 0.717181
-0.348565 0.717181
-0.333142 0.717181
-0.313092 0.717181
-0.286872 0.717181
-0.265280 0.717181
-0.249857 0.717181
-0.234433 0.717181
-0.219010 0.717181
-0.186621 0.717181
-0.160402 0.717181
-0.144978 0.717181
-0.129555 0.717181
-0.086370 0.717181
-0.070947 0.717181
-0.037016 0.717181
-0.006169 0.717181
0.009254 0.717181
0.024677 0.717181
0.040100 0.717181
0.055524 0.717181
0.070947 0.717181
0.086370 0.717181
0.101793 0.717181
0.117217 0.717181
0.151148 0.717181
0.166571 0.717181
0.188164 0.717181
0.203587 0.717181
0.229806 0.717181
0.248314 0.717181
0.269907 0.717181
0.288415 0.717181
0.303838 0.717181
0.322346 0.717181
0.337769 0.717181
0.353192 0.717181
0.370158 0.717181
0.390208 0.717181
0.407174 0.717181
0.424139 0.717181
0.439562 0.717181
0.456528 0.717181
0.471951 0.717181
0.490459 0.717181
-0.513594 0.715638
-0.498171 0.715638
-0.476578 0.715638
-0.456528 0.715638
-0.441105 0.715638
-0.425682 0.715638
-0.410258 0.715638
-0.391750 0.715638
-0.376327 0.715638
-0.354735 0.715638
-0.339311 0.715638
-0.319261 0.715638
-0.293042 0.715638
-0.272991 0.715638
-0.257568 0.715638
-0.242145 0.715638
-0.226722 0.715638
-0.175825 0.715638
-0.138809 0.715638
-0.090997 0.715638
-0.075574 0.715638
0.003085 0.715638
0.018508 0.715638
0.033931 0.715638
0.049354 0.715638
0.064778 0.715638
0.080201 0.715638
0.095624 0.715638
0.111047 0.715638
0.126471 0.715638
0.161944 0.715638
0.183537 0.715638
0.198960 0.715638
0.225179 0.715638
0.240603 0.715638
0.256026 0.715638
0.276076 0.715638
0.296126 0.715638
0.311549 0.715638
0.326973 0.715638
0.342396 0.715638
0.357819 0.715638
0.374785 0.715638
0.396377 0.715638
0.411801 0.715638
0.427224 0.715638
0.442647 0.715638
0.458070 0.715638
0.473494 0.715638
0.488917 0.715638
-0.518221 0.714096
-0.502798 0.714096
-0.484290 0.714096
-0.462697 0.714096
-0.447274 0.714096
-0.431851 0.714096
-0.414885 0.714096
-0.396377 0.714096
-0.380954 0.714096
-0.359362 0.714096
-0.343938 0.714096
-0.322346 0.714096
-0.293042 0.714096
-0.274534 0.714096
-0.259110 0.714096
-0.243687 0.714096
-0.215925 0.714096
-0.192791 0.714096
-0.177367 0.714096
-0.143436 0.714096
-0.128013 0.714096
-0.112590 0.714096
-0.087912 0.714096
-0.044727 0.714096
-0.029304 0.714096
-0.013881 0.714096
0.012339 0.714096
0.027762 0.714096
0.043185 0.714096
0.058608 0.714096
0.074032 0.714096
0.089455 0.714096
0.104878 0.714096
0.120301 0.714096
0.135725 0.714096
0.169656 0.714096
0.192791 0.714096
0.208214 0.714096
0.232891 0.714096
0.248314 0.714096
0.269907 0.714096
0.285330 0.714096
0.305380 0.714096
0.323888 0.714096
0.339311 0.714096
0.354735 0.714096
0.370158 0.714096
0.388666 0.714096
0.410258 0.714096
0.427224 0.714096
0.442647 0.714096
0.458070 0.714096
0.473494 0.714096
-0.521306 0.712554
-0.505882 0.712554
-0.488917 0.712554
-0.464240 0.712554
-0.448816 0.712554
-0.433393 0.712554
-0.414885 0.712554
-0.396377 0.712554
-0.380954 0.712554
-0.360904 0.712554
-0.345481 0.712554
-0.320803 0.712554
-0.293042 0.712554
-0.276076 0.712554
-0.260653 0.712554
-0.245230 0.712554
-0.217468 0.712554
-0.202044 0.712554
-0.186621 0.712554
-0.171198 0.712554
-0.152690 0.712554
-0.134182 0.712554
-0.118759 0.712554
-0.100251 0.712554
-0.074032 0.712554
-0.058608 0.712554
-0.043185 0.712554
-0.027762 0.712554
-0.012339 0.712554
0.018508 0.712554
0.033931 0.712554
0.049354 0.712554
0.064778 0.712554
0.080201 0.712554
0.095624 0.712554
0.111047 0.712554
0.126471 0.712554
0.146521 0.712554
0.172740 0.712554
0.194333 0.712554
0.209756 0.712554
0.234433 0.712554
0.249857 0.712554
0.272991 0.712554
0.294584 0.712554
0.310007 0.712554
0.330057 0.712554
0.345481 0.712554
0.360904 0.712554
0.377869 0.712554
0.402547 0.712554
0.421055 0.712554
0.436478 0.712554
0.451901 0.712554
0.467324 0.712554
0.482747 0.712554
-0.519763 0.711011
-0.504340 0.711011
-0.487374 0.711011
-0.465782 0.711011
-0.450359 0.711011
-0.434935 0.711011
-0.416428 0.711011
-0.396377 0.711011
-0.380954 0.711011
-0.357819 0.711011
-0.326973 0.711011
-0.311549 0.711011
-0.296126 0.711011
-0.280703 0.711011
-0.265280 0.711011
-0.249857 0.711011
-0.220552 0.711011
-0.205129 0.711011
-0.189706 0.711011
-0.174283 0.711011
-0.158859 0.711011
-0.132640 0.711011
-0.107963 0.711011
-0.086370 0.711011
-0.070947 0.711011
-0.055524 0.711011
-0.040100 0.711011
-0.024677 0.711011
-0.009254 0.711011
0.006169 0.711011
0.038558 0.711011
0.053981 0.711011
0.069405 0.711011
0.084828 0.711011
0.100251 0.711011
0.115674 0.711011
0.131098 0.711011
0.146521 0.711011
0.169656 0.711011
0.191248 0.711011
0.206671 0.711011
0.229806 0.711011
0.245230 0.711011
0.263737 0.711011
0.282245 0.711011
0.300753 0.711011
0.316176 0.711011
0.339311 0.711011
0.354735 0.711011
0.370158 0.711011
0.388666 0.711011
0.416428 0.711011
0.433393 0.711011
0.448816 0.711011
0.465782 0.711011
0.481205 0.711011
-0.522848 0.709469
-0.507425 0.709469
-0.490459 0.709469
-0.468867 0.709469
-0.453443 0.709469
-0.438020 0.709469
-0.419512 0.709469
-0.402547 0.709469
-0.387123 0.709469
-0.363989 0.709469
-0.345481 0.709469
-0.320803 0.709469
-0.305380 0.709469
-0.289957 0.709469
-0.272991 0.709469
-0.257568 0.709469
-0.228264 0.709469
-0.211298 0.709469
-0.195875 0.709469
-0.180452 0.709469
-0.165029 0.709469
-0.137267 0.709469
-0.109505 0.709469
-0.094082 0.709469
-0.078659 0.709469
-0.052439 0.709469
-0.035473 0.709469
-0.020050 0.709469
-0.004627 0.709469
0.010796 0.709469
0.044727 0.709469
0.060151 0.709469
0.075574 0.709469
0.090997 0.709469
0.106420 0.709469
0.121844 0.709469
0.137267 0.709469
0.152690 0.709469
0.175825 0.709469
0.198960 0.709469
0.214383 0.709469
0.237518 0.709469
0.252941 0.709469
0.276076 0.709469
0.291499 0.709469
0.310007 0.709469
0.333142 0.709469
0.348565 0.709469
0.363989 0.709469
0.379412 0.709469
0.396377 0.709469
0.421055 0.709469
0.436478 0.709469
0.451901 0.709469
0.467324 0.709469
0.482747 0.709469
-0.524390 0.707927
-0.508967 0.707927
-0.493544 0.707927
-0.471951 0.707927
-0.456528 0.707927
-0.441105 0.707927
-0.421055 0.707927
-0.402547 0.707927
-0.379412 0.707927
-0.363989 0.707927
-0.336227 0.707927
-0.320803 0.707927
-0.305380 0.707927
-0.289957 0.707927
-0.274534 0.707927
-0.239060 0.707927
-0.223637 0.707927
-0.208214 0.707927
-0.192791 0.707927
-0.177367 0.707927
-0.151148 0.707927
-0.135725 0.707927
-0.106420 0.707927
-0.090997 0.707927
-0.075574 0.707927
-0.050897 0.707927
-0.035473 0.707927
-0.020050 0.707927
-0.004627 0.707927
0.010796 0.707927
0.026220 0.707927
0.041643 0.707927
0.057066 0.707927
0.072489 0.707927
0.087912 0.707927
0.103336 0.707927
0.118759 0.707927
0.134182 0.707927
0.149605 0.707927
0.172740 0.707927
0.197417 0.707927
0.212841 0.707927
0.232891 0.707927
0.248314 0.707927
0.266822 0.707927
0.285330 0.707927
0.305380 0.707927
0.320803 0.707927
0.342396 0.707927
0.357819 0.707927
0.373242 0.707927
0.390208 0.707927
0.405631 0.707927
0.430308 0.707927
0.445732 0.707927
0.461155 0.707927
0.476578 0.707927
0.493544 0.707927
-0.521306 0.706384
-0.505882 0.706384
-0.490459 0.706384
-0.467324 0.706384
-0.451901 0.706384
-0.431851 0.706384
-0.416428 0.706384
-0.399462 0.706384
-0.377869 0.706384
-0.362446 0.706384
-0.339311 0.706384
-0.323888 0.706384
-0.308465 0.706384
-0.293042 0.706384
-0.277618 0.706384
-0.245230 0.706384
-0.229806 0.706384
-0.211298 0.706384
-0.195875 0.706384
-0.180452 0.706384
-0.154232 0.706384
-0.134182 0.706384
-0.118759 0.706384
-0.103336 0.706384
-0.087912 0.706384
-0.072489 0.706384
-0.057066 0.706384
-0.041643 0.706384
-0.026220 0.706384
-0.010796 0.706384
0.004627 0.706384
0.020050 0.706384
0.035473 0.706384
0.050897 0.706384
0.066320 0.706384
0.081743 0.706384
0.097166 0.706384
0.112590 0.706384
0.128013 0.706384
0.143436 0.706384
0.158859 0.706384
0.183537 0.706384
0.211298 0.706384
0.229806 0.706384
0.245230 0.706384
0.263737 0.706384
0.282245 0.706384
0.297669 0.706384
0.316176 0.706384
0.339311 0.706384
0.354735 0.706384
0.370158 0.706384
0.385581 0.706384
0.401004 0.706384
0.421055 0.706384
0.436478 0.706384
0.451901 0.706384
0.467324 0.706384
0.485832 0.706384
-0.530560 0.704842
-0.515136 0.704842
-0.499713 0.704842
-0.476578 0.704842
-0.461155 0.704842
-0.445732 0.704842
-0.427224 0.704842
-0.411801 0.704842
-0.391750 0.704842
-0.376327 0.704842
-0.357819 0.704842
-0.339311 0.704842
-0.323888 0.704842
-0.308465 0.704842
-0.293042 0.704842
-0.262195 0.704842
-0.246772 0.704842
-0.231349 0.704842
-0.211298 0.704842
-0.195875 0.704842
-0.180452 0.704842
-0.163486 0.704842
-0.148063 0.704842
-0.129555 0.704842
-0.114132 0.704842
-0.098709 0.704842
-0.083286 0.704842
-0.067862 0.704842
-0.052439 0.704842
-0.037016 0.704842
-0.021593 0.704842
-0.004627 0.704842
0.010796 0.704842
0.026220 0.704842
0.041643 0.704842
0.057066 0.704842
0.072489 0.704842
0.087912 0.704842
0.103336 0.704842
0.118759 0.704842
0.134182 0.704842
0.149605 0.704842
0.168113 0.704842
0.185079 0.704842
0.209756 0.704842
0.225179 0.704842
0.242145 0.704842
0.257568 0.704842
0.276076 0.704842
0.294584 0.704842
0.310007 0.704842
0.325430 0.704842
0.351650 0.704842
0.368616 0.704842
0.384039 0.704842
0.399462 0.704842
0.414885 0.704842
0.431851 0.704842
0.456528 0.704842
0.478121 0.704842
0.493544 0.704842
-0.524390 0.703300
-0.508967 0.703300
-0.493544 0.703300
-0.470409 0.703300
-0.454986 0.703300
-0.439562 0.703300
-0.422597 0.703300
-0.407174 0.703300
-0.388666 0.703300
-0.373242 0.703300
-0.353192 0.703300
-0.334684 0.703300
-0.319261 0.703300
-0.302296 0.703300
-0.266822 0.703300
-0.251399 0.703300
-0.235976 0.703300
-0.214383 0.703300
-0.198960 0.703300
-0.183537 0.703300
-0.168113 0.703300
-0.152690 0.703300
-0.137267 0.703300
-0.121844 0.703300
-0.106420 0.703300
-0.090997 0.703300
-0.075574 0.703300
-0.060151 0.703300
-0.044727 0.703300
-0.029304 0.703300
-0.013881 0.703300
0.003085 0.703300
0.018508 0.703300
0.033931 0.703300
0.049354 0.703300
0.064778 0.703300
0.080201 0.703300
0.095624 0.703300
0.111047 0.703300
0.126471 0.703300
0.141894 0.703300
0.157317 0.703300
0.174283 0.703300
0.189706 0.703300
0.209756 0.703300
0.225179 0.703300
0.240603 0.703300
0.256026 0.703300
0.272991 0.703300
0.291499 0.703300
0.306923 0.703300
0.322346 0.703300
0.351650 0.703300
0.367073 0.703300
0.382496 0.703300
0.397920 0.703300
0.416428 0.703300
0.439562 0.703300
0.454986 0.703300
0.470409 0.703300
0.485832 0.703300
0.501255 0.703300
-0.518221 0.701758
-0.502798 0.701758
-0.479663 0.701758
-0.464240 0.701758
-0.448816 0.701758
-0.433393 0.701758
-0.417970 0.701758
-0.394835 0.701758
-0.379412 0.701758
-0.359362 0.701758
-0.342396 0.701758
-0.326973 0.701758
-0.311549 0.701758
-0.259110 0.701758
-0.243687 0.701758
-0.222095 0.701758
-0.206671 0.701758
-0.191248 0.701758
-0.175825 0.701758
-0.160402 0.701758
-0.144978 0.701758
-0.129555 0.701758
-0.114132 0.701758
-0.098709 0.701758
-0.083286 0.701758
-0.067862 0.701758
-0.052439 0.701758
-0.037016 0.701758
-0.021593 0.701758
-0.006169 0.701758
0.009254 0.701758
0.024677 0.701758
0.040100 0.701758
0.055524 0.701758
0.070947 0.701758
0.086370 0.701758
0.101793 0.701758
0.117217 0.701758
0.132640 0.701758
0.148063 0.701758
0.163486 0.701758
0.181994 0.701758
0.200502 0.701758
0.215925 0.701758
0.231349 0.701758
0.248314 0.701758
0.263737 0.701758
0.279161 0.701758
0.296126 0.701758
0.311549 0.701758
0.326973 0.701758
0.357819 0.701758
0.373242 0.701758
0.388666 0.701758
0.404089 0.701758
0.422597 0.701758
0.445732 0.701758
0.461155 0.701758
0.476578 0.701758
0.493544 0.701758
-0.527475 0.700215
-0.512052 0.700215
-0.496628 0.700215
-0.475036 0.700215
-0.459613 0.700215
-0.442647 0.700215
-0.427224 0.700215
-0.399462 0.700215
-0.384039 0.700215
-0.363989 0.700215
-0.348565 0.700215
-0.333142 0.700215
-0.317719 0.700215
-0.268364 0.700215
-0.252941 0.700215
-0.237518 0.700215
-0.217468 0.700215
-0.202044 0.700215
-0.186621 0.700215
-0.161944 0.700215
-0.146521 0.700215
-0.131098 0.700215
-0.115674 0.700215
-0.100251 0.700215
-0.084828 0.700215
-0.069405 0.700215
-0.053981 0.700215
-0.038558 0.700215
-0.023135 0.700215
-0.007712 0.700215
0.007712 0.700215
0.035473 0.700215
0.050897 0.700215
0.066320 0.700215
0.081743 0.700215
0.097166 0.700215
0.112590 0.700215
0.128013 0.700215
0.143436 0.700215
0.158859 0.700215
0.177367 0.700215
0.192791 0.700215
0.211298 0.700215
0.226722 0.700215
0.243687 0.700215
0.259110 0.700215
0.274534 0.700215
0.289957 0.700215
0.305380 0.700215
0.320803 0.700215
0.336227 0.700215
0.359362 0.700215
0.374785 0.700215
0.390208 0.700215
0.405631 0.700215
0.422597 0.700215
0.442647 0.700215
0.458070 0.700215
0.473494 0.700215
0.492001 0.700215
-0.529017 0.698673
-0.513594 0.698673
-0.498171 0.698673
-0.476578 0.698673
-0.461155 0.698673
-0.442647 0.698673
-0.419512 0.698673
-0.399462 0.698673
-0.384039 0.698673
-0.360904 0.698673
-0.345481 0.698673
-0.325430 0.698673
-0.277618 0.698673
-0.262195 0.698673
-0.246772 0.698673
-0.228264 0.698673
-0.212841 0.698673
-0.197417 0.698673
-0.172740 0.698673
-0.157317 0.698673
-0.141894 0.698673
-0.126471 0.698673
-0.111047 0.698673
-0.095624 0.698673
-0.080201 0.698673
-0.064778 0.698673
-0.049354 0.698673
-0.033931 0.698673
-0.018508 0.698673
-0.003085 0.698673
0.012339 0.698673
0.040100 0.698673
0.055524 0.698673
0.070947 0.698673
0.094082 0.698673
0.109505 0.698673
0.124928 0.698673
0.140352 0.698673
0.155775 0.698673
0.171198 0.698673
0.189706 0.698673
0.209756 0.698673
0.225179 0.698673
0.242145 0.698673
0.257568 0.698673
0.272991 0.698673
0.288415 0.698673
0.305380 0.698673
0.320803 0.698673
0.336227 0.698673
0.351650 0.698673
0.373242 0.698673
0.388666 0.698673
0.404089 0.698673
0.419512 0.698673
0.444189 0.698673
0.459613 0.698673
0.475036 0.698673
0.490459 0.698673
-0.530560 0.697131
-0.515136 0.697131
-0.499713 0.697131
-0.479663 0.697131
-0.464240 0.697131
-0.445732 0.697131
-0.422597 0.697131
-0.404089 0.697131
-0.388666 0.697131
-0.362446 0.697131
-0.347023 0.697131
-0.325430 0.697131
-0.291499 0.697131
-0.272991 0.697131
-0.257568 0.697131
-0.242145 0.697131
-0.225179 0.697131
-0.209756 0.697131
-0.186621 0.697131
-0.171198 0.697131
-0.155775 0.697131
-0.140352 0.697131
-0.124928 0.697131
-0.109505 0.697131
-0.094082 0.697131
-0.078659 0.697131
-0.032389 0.697131
-0.016966 0.697131
-0.001542 0.697131
0.013881 0.697131
0.029304 0.697131
0.049354 0.697131
0.067862 0.697131
0.083286 0.697131
0.098709 0.697131
0.114132 0.697131
0.129555 0.697131
0.144978 0.697131
0.160402 0.697131
0.175825 0.697131
0.192791 0.697131
0.214383 0.697131
0.229806 0.697131
0.245230 0.697131
0.260653 0.697131
0.276076 0.697131
0.291499 0.697131
0.306923 0.697131
0.322346 0.697131
0.337769 0.697131
0.353192 0.697131
0.371700 0.697131
0.387123 0.697131
0.402547 0.697131
0.417970 0.697131
0.433393 0.697131
0.462697 0.697131
0.478121 0.697131
0.493544 0.697131
-0.529017 0.695588
-0.513594 0.695588
-0.498171 0.695588
-0.478121 0.695588
-0.461155 0.695588
-0.442647 0.695588
-0.424139 0.695588
-0.405631 0.695588
-0.390208 0.695588
-0.362446 0.695588
-0.347023 0.695588
-0.320803 0.695588
-0.299211 0.695588
-0.282245 0.695588
-0.266822 0.695588
-0.251399 0.695588
-0.232891 0.695588
-0.217468 0.695588
-0.191248 0.695588
-0.175825 0.695588
-0.160402 0.695588
-0.144978 0.695588
-0.129555 0.695588
-0.114132 0.695588
-0.098709 0.695588
-0.021593 0.695588
-0.006169 0.695588
0.009254 0.695588
0.024677 0.695588
0.040100 0.695588
0.055524 0.695588
0.070947 0.695588
0.086370 0.695588
0.101793 0.695588
0.117217 0.695588
0.132640 0.695588
0.148063 0.695588
0.163486 0.695588
0.178910 0.695588
0.197417 0.695588
0.217468 0.695588
0.232891 0.695588
0.248314 0.695588
0.263737 0.695588
0.279161 0.695588
0.294584 0.695588
0.310007 0.695588
0.325430 0.695588
0.340854 0.695588
0.356277 0.695588
0.374785 0.695588
0.391750 0.695588
0.407174 0.695588
0.422597 0.695588
0.438020 0.695588
0.453443 0.695588
0.468867 0.695588
0.484290 0.695588
0.499713 0.695588
-0.522848 0.694046
-0.507425 0.694046
-0.488917 0.694046
-0.471951 0.694046
-0.456528 0.694046
-0.438020 0.694046
-0.422597 0.694046
-0.405631 0.694046
-0.390208 0.694046
-0.365531 0.694046
-0.350108 0.694046
-0.320803 0.694046
-0.300753 0.694046
-0.285330 0.694046
-0.269907 0.694046
-0.254483 0.694046
-0.237518 0.694046
-0.222095 0.694046
-0.191248 0.694046
-0.175825 0.694046
-0.160402 0.694046
-0.144978 0.694046
-0.129555 0.694046
-0.083286 0.694046
-0.067862 0.694046
-0.052439 0.694046
-0.037016 0.694046
-0.021593 0.694046
-0.006169 0.694046
0.009254 0.694046
0.024677 0.694046
0.040100 0.694046
0.055524 0.694046
0.070947 0.694046
0.086370 0.694046
0.101793 0.694046
0.117217 0.694046
0.132640 0.694046
0.148063 0.694046
0.163486 0.694046
0.178910 0.694046
0.198960 0.694046
0.220552 0.694046
0.235976 0.694046
0.251399 0.694046
0.266822 0.694046
0.282245 0.694046
0.297669 0.694046
0.313092 0.694046
0.328515 0.694046
0.343938 0.694046
0.359362 0.694046
0.382496 0.694046
0.397920 0.694046
0.413343 0.694046
0.428766 0.694046
0.444189 0.694046
0.459613 0.694046
0.475036 0.694046
0.490459 0.694046
-0.533644 0.692504
-0.518221 0.692504
-0.501255 0.692504
-0.482747 0.692504
-0.465782 0.692504
-0.450359 0.692504
-0.434935 0.692504
-0.419512 0.692504
-0.404089 0.692504
-0.388666 0.692504
-0.365531 0.692504
-0.330057 0.692504
-0.314634 0.692504
-0.299211 0.692504
-0.283788 0.692504
-0.268364 0.692504
-0.252941 0.692504
-0.237518 0.692504
-0.206671 0.692504
-0.191248 0.692504
-0.175825 0.692504
-0.160402 0.692504
-0.144978 0.692504
-0.101793 0.692504
-0.086370 0.692504
-0.070947 0.692504
-0.055524 0.692504
-0.040100 0.692504
-0.024677 0.692504
-0.009254 0.692504
0.006169 0.692504
0.021593 0.692504
0.037016 0.692504
0.052439 0.692504
0.067862 0.692504
0.083286 0.692504
0.098709 0.692504
0.114132 0.692504
0.129555 0.692504
0.144978 0.692504
0.160402 0.692504
0.175825 0.692504
0.195875 0.692504
0.217468 0.692504
0.232891 0.692504
0.249857 0.692504
0.265280 0.692504
0.280703 0.692504
0.296126 0.692504
0.311549 0.692504
0.326973 0.692504
0.343938 0.692504
0.359362 0.692504
0.384039 0.692504
0.399462 0.692504
0.414885 0.692504
0.430308 0.692504
0.445732 0.692504
0.461155 0.692504
0.476578 0.692504
0.492001 0.692504
-0.533644 0.690961
-0.518221 0.690961
-0.501255 0.690961
-0.481205 0.690961
-0.465782 0.690961
-0.450359 0.690961
-0.434935 0.690961
-0.419512 0.690961
-0.404089 0.690961
-0.388666 0.690961
-0.367073 0.690961
-0.337769 0.690961
-0.322346 0.690961
-0.306923 0.690961
-0.291499 0.690961
-0.276076 0.690961
-0.260653 0.690961
-0.245230 0.690961
-0.223637 0.690961
-0.206671 0.690961
-0.191248 0.690961
-0.175825 0.690961
-0.115674 0.690961
-0.100251 0.690961
-0.084828 0.690961
-0.069405 0.690961
-0.053981 0.690961
-0.038558 0.690961
-0.023135 0.690961
-0.007712 0.690961
0.023135 0.690961
0.038558 0.690961
0.053981 0.690961
0.069405 0.690961
0.084828 0.690961
0.100251 0.690961
0.115674 0.690961
0.131098 0.690961
0.146521 0.690961
0.161944 0.690961
0.177367 0.690961
0.197417 0.690961
0.219010 0.690961
0.234433 0.690961
0.249857 0.690961
0.266822 0.690961
0.282245 0.690961
0.297669 0.690961
0.313092 0.690961
0.328515 0.690961
0.348565 0.690961
0.363989 0.690961
0.387123 0.690961
0.402547 0.690961
0.417970 0.690961
0.433393 0.690961
0.448816 0.690961
0.464240 0.690961
0.479663 0.690961
0.495086 0.690961
-0.532102 0.689419
-0.516679 0.689419
-0.499713 0.689419
-0.478121 0.689419
-0.462697 0.689419
-0.447274 0.689419
-0.427224 0.689419
-0.411801 0.689419
-0.396377 0.689419
-0.376327 0.689419
-0.360904 0.689419
-0.336227 0.689419
-0.320803 0.689419
-0.305380 0.689419
-0.289957 0.689419
-0.274534 0.689419
-0.259110 0.689419
-0.237518 0.689419
-0.222095 0.689419
-0.206671 0.689419
-0.191248 0.689419
-0.175825 0.689419
-0.111047 0.689419
-0.095624 0.689419
-0.080201 0.689419
-0.064778 0.689419
-0.049354 0.689419
-0.033931 0.689419
-0.018508 0.689419
-0.003085 0.689419
0.030846 0.689419
0.046270 0.689419
0.061693 0.689419
0.077116 0.689419
0.092539 0.689419
0.107963 0.689419
0.123386 0.689419
0.138809 0.689419
0.154232 0.689419
0.169656 0.689419
0.185079 0.689419
0.205129 0.689419
0.226722 0.689419
0.242145 0.689419
0.257568 0.689419
0.276076 0.689419
0.291499 0.689419
0.306923 0.689419
0.322346 0.689419
0.337769 0.689419
0.356277 0.689419
0.371700 0.689419
0.390208 0.689419
0.405631 0.689419
0.421055 0.689419
0.436478 0.689419
0.451901 0.689419
0.470409 0.689419
0.485832 0.689419
0.502798 0.689419
-0.524390 0.687877
-0.508967 0.687877
-0.485832 0.687877
-0.468867 0.687877
-0.448816 0.687877
-0.425682 0.687877
-0.410258 0.687877
-0.394835 0.687877
-0.374785 0.687877
-0.359362 0.687877
-0.337769 0.687877
-0.322346 0.687877
-0.306923 0.687877
-0.291499 0.687877
-0.276076 0.687877
-0.260653 0.687877
-0.245230 0.687877
-0.229806 0.687877
-0.214383 0.687877
-0.158859 0.687877
-0.143436 0.687877
-0.128013 0.687877
-0.112590 0.687877
-0.097166 0.687877
-0.081743 0.687877
-0.066320 0.687877
-0.050897 0.687877
-0.035473 0.687877
-0.020050 0.687877
-0.004627 0.687877
0.010796 0.687877
0.044727 0.687877
0.063235 0.687877
0.078659 0.687877
0.094082 0.687877
0.109505 0.687877
0.124928 0.687877
0.140352 0.687877
0.155775 0.687877
0.171198 0.687877
0.186621 0.687877
0.208214 0.687877
0.229806 0.687877
0.245230 0.687877
0.260653 0.687877
0.279161 0.687877
0.294584 0.687877
0.310007 0.687877
0.325430 0.687877
0.340854 0.687877
0.360904 0.687877
0.376327 0.687877
0.393293 0.687877
0.408716 0.687877
0.424139 0.687877
0.439562 0.687877
0.454986 0.687877
0.476578 0.687877
0.492001 0.687877
-0.532102 0.686334
-0.516679 0.686334
-0.493544 0.686334
-0.475036 0.686334
-0.459613 0.686334
-0.444189 0.686334
-0.417970 0.686334
-0.402547 0.686334
-0.382496 0.686334
-0.367073 0.686334
-0.345481 0.686334
-0.330057 0.686334
-0.314634 0.686334
-0.299211 0.686334
-0.283788 0.686334
-0.268364 0.686334
-0.251399 0.686334
-0.235976 0.686334
-0.220552 0.686334
-0.205129 0.686334
-0.166571 0.686334
-0.151148 0.686334
-0.135725 0.686334
-0.120301 0.686334
-0.104878 0.686334
-0.089455 0.686334
-0.074032 0.686334
-0.037016 0.686334
-0.021593 0.686334
-0.006169 0.686334
0.009254 0.686334
0.024677 0.686334
0.046270 0.686334
0.064778 0.686334
0.080201 0.686334
0.095624 0.686334
0.111047 0.686334
0.126471 0.686334
0.143436 0.686334
0.158859 0.686334
0.174283 0.686334
0.189706 0.686334
0.209756 0.686334
0.231349 0.686334
0.246772 0.686334
0.262195 0.686334
0.279161 0.686334
0.294584 0.686334
0.310007 0.686334
0.325430 0.686334
0.340854 0.686334
0.360904 0.686334
0.376327 0.686334
0.391750 0.686334
0.407174 0.686334
0.422597 0.686334
0.438020 0.686334
0.453443 0.686334
0.470409 0.686334
0.490459 0.686334
-0.535187 0.684792
-0.519763 0.684792
-0.501255 0.684792
-0.479663 0.684792
-0.464240 0.684792
-0.448816 0.684792
-0.424139 0.684792
-0.405631 0.684792
-0.384039 0.684792
-0.368616 0.684792
-0.347023 0.684792
-0.330057 0.684792
-0.314634 0.684792
-0.299211 0.684792
-0.283788 0.684792
-0.268364 0.684792
-0.249857 0.684792
-0.234433 0.684792
-0.219010 0.684792
-0.203587 0.684792
-0.188164 0.684792
-0.169656 0.684792
-0.154232 0.684792
-0.135725 0.684792
-0.106420 0.684792
-0.032389 0.684792
-0.016966 0.684792
-0.001542 0.684792
0.013881 0.684792
0.029304 0.684792
0.050897 0.684792
0.074032 0.684792
0.089455 0.684792
0.104878 0.684792
0.120301 0.684792
0.135725 0.684792
0.154232 0.684792
0.169656 0.684792
0.185079 0.684792
0.206671 0.684792
0.228264 0.684792
0.243687 0.684792
0.259110 0.684792
0.274534 0.684792
0.289957 0.684792
0.305380 0.684792
0.320803 0.684792
0.336227 0.684792
0.356277 0.684792
0.371700 0.684792
0.387123 0.684792
0.402547 0.684792
0.417970 0.684792
0.433393 0.684792
0.448816 0.684792
0.464240 0.684792
0.487374 0.684792
-0.535187 0.683250
-0.519763 0.683250
-0.495086 0.683250
-0.478121 0.683250
-0.459613 0.683250
-0.441105 0.683250
-0.425682 0.683250
-0.408716 0.683250
-0.387123 0.683250
-0.371700 0.683250
-0.348565 0.683250
-0.333142 0.683250
-0.317719 0.683250
-0.302296 0.683250
-0.286872 0.683250
-0.271449 0.683250
-0.252941 0.683250
-0.237518 0.683250
-0.222095 0.683250
-0.206671 0.683250
-0.191248 0.683250
-0.168113 0.683250
-0.152690 0.683250
-0.137267 0.683250
-0.121844 0.683250
-0.081743 0.683250
-0.057066 0.683250
-0.023135 0.683250
-0.007712 0.683250
0.007712 0.683250
0.023135 0.683250
0.038558 0.683250
0.064778 0.683250
0.080201 0.683250
0.095624 0.683250
0.111047 0.683250
0.126471 0.683250
0.146521 0.683250
0.161944 0.683250
0.177367 0.683250
0.192791 0.683250
0.214383 0.683250
0.234433 0.683250
0.249857 0.683250
0.265280 0.683250
0.280703 0.683250
0.296126 0.683250
0.311549 0.683250
0.326973 0.683250
0.342396 0.683250
0.362446 0.683250
0.377869 0.683250
0.393293 0.683250
0.408716 0.683250
0.427224 0.683250
0.442647 0.683250
0.458070 0.683250
0.482747 0.683250
0.498171 0.683250
-0.529017 0.681707
-0.513594 0.681707
-0.490459 0.681707
-0.473494 0.681707
-0.454986 0.681707
-0.434935 0.681707
-0.419512 0.681707
-0.402547 0.681707
-0.377869 0.681707
-0.353192 0.681707
-0.337769 0.681707
-0.322346 0.681707
-0.306923 0.681707
-0.291499 0.681707
-0.276076 0.681707
-0.259110 0.681707
-0.243687 0.681707
-0.206671 0.681707
-0.191248 0.681707
-0.163486 0.681707
-0.148063 0.681707
-0.132640 0.681707
-0.117217 0.681707
-0.101793 0.681707
-0.083286 0.681707
-0.067862 0.681707
-0.052439 0.681707
-0.037016 0.681707
-0.018508 0.681707
-0.003085 0.681707
0.012339 0.681707
0.027762 0.681707
0.043185 0.681707
0.070947 0.681707
0.086370 0.681707
0.101793 0.681707
0.117217 0.681707
0.132640 0.681707
0.152690 0.681707
0.168113 0.681707
0.183537 0.681707
0.198960 0.681707
0.220552 0.681707
0.240603 0.681707
0.256026 0.681707
0.271449 0.681707
0.286872 0.681707
0.302296 0.681707
0.319261 0.681707
0.334684 0.681707
0.350108 0.681707
0.370158 0.681707
0.385581 0.681707
0.401004 0.681707
0.416428 0.681707
0.441105 0.681707
0.456528 0.681707
0.479663 0.681707
0.495086 0.681707
-0.530560 0.680165
-0.515136 0.680165
-0.492001 0.680165
-0.476578 0.680165
-0.456528 0.680165
-0.438020 0.680165
-0.422597 0.680165
-0.405631 0.680165
-0.367073 0.680165
-0.351650 0.680165
-0.336227 0.680165
-0.320803 0.680165
-0.305380 0.680165
-0.289957 0.680165
-0.274534 0.680165
-0.257568 0.680165
-0.242145 0.680165
-0.198960 0.680165
-0.183537 0.680165
-0.168113 0.680165
-0.152690 0.680165
-0.124928 0.680165
-0.109505 0.680165
-0.094082 0.680165
-0.078659 0.680165
-0.063235 0.680165
-0.047812 0.680165
-0.032389 0.680165
-0.016966 0.680165
-0.001542 0.680165
0.013881 0.680165
0.029304 0.680165
0.044727 0.680165
0.060151 0.680165
0.086370 0.680165
0.101793 0.680165
0.117217 0.680165
0.132640 0.680165
0.154232 0.680165
0.169656 0.680165
0.185079 0.680165
0.200502 0.680165
0.222095 0.680165
0.242145 0.680165
0.257568 0.680165
0.272991 0.680165
0.288415 0.680165
0.305380 0.680165
0.323888 0.680165
0.339311 0.680165
0.354735 0.680165
0.374785 0.680165
0.390208 0.680165
0.405631 0.680165
0.425682 0.680165
0.454986 0.680165
0.470409 0.680165
0.485832 0.680165
0.501255 0.680165
-0.522848 0.678623
-0.499713 0.678623
-0.484290 0.678623
-0.467324 0.678623
-0.448816 0.678623
-0.433393 0.678623
-0.417970 0.678623
-0.373242 0.678623
-0.357819 0.678623
-0.342396 0.678623
-0.326973 0.678623
-0.311549 0.678623
-0.296126 0.678623
-0.280703 0.678623
-0.265280 0.678623
-0.249857 0.678623
-0.211298 0.678623
-0.195875 0.678623
-0.180452 0.678623
-0.165029 0.678623
-0.100251 0.678623
-0.084828 0.678623
-0.069405 0.678623
-0.053981 0.678623
-0.038558 0.678623
-0.023135 0.678623
-0.007712 0.678623
0.007712 0.678623
0.023135 0.678623
0.038558 0.678623
0.053981 0.678623
0.080201 0.678623
0.095624 0.678623
0.111047 0.678623
0.126471 0.678623
0.141894 0.678623
0.163486 0.678623
0.178910 0.678623
0.194333 0.678623
0.215925 0.678623
0.234433 0.678623
0.249857 0.678623
0.265280 0.678623
0.280703 0.678623
0.299211 0.678623
0.314634 0.678623
0.333142 0.678623
0.348565 0.678623
0.368616 0.678623
0.384039 0.678623
0.399462 0.678623
0.414885 0.678623
0.430308 0.678623
0.461155 0.678623
0.476578 0.678623
0.492001 0.678623
-0.533644 0.677080
-0.518221 0.677080
-0.496628 0.677080
-0.481205 0.677080
-0.464240 0.677080
-0.447274 0.677080
-0.431851 0.677080
-0.411801 0.677080
-0.376327 0.677080
-0.360904 0.677080
-0.345481 0.677080
-0.330057 0.677080
-0.314634 0.677080
-0.299211 0.677080
-0.283788 0.677080
-0.266822 0.677080
-0.251399 0.677080
-0.220552 0.677080
-0.205129 0.677080
-0.185079 0.677080
-0.169656 0.677080
-0.154232 0.677080
-0.078659 0.677080
-0.063235 0.677080
-0.047812 0.677080
-0.032389 0.677080
-0.016966 0.677080
-0.001542 0.677080
0.013881 0.677080
0.029304 0.677080
0.044727 0.677080
0.060151 0.677080
0.086370 0.677080
0.101793 0.677080
0.117217 0.677080
0.132640 0.677080
0.148063 0.677080
0.168113 0.677080
0.183537 0.677080
0.198960 0.677080
0.219010 0.677080
0.237518 0.677080
0.252941 0.677080
0.268364 0.677080
0.283788 0.677080
0.302296 0.677080
0.322346 0.677080
0.337769 0.677080
0.353192 0.677080
0.371700 0.677080
0.387123 0.677080
0.404089 0.677080
0.419512 0.677080
0.434935 0.677080
0.464240 0.677080
0.485832 0.677080
0.501255 0.677080
-0.524390 0.675538
-0.504340 0.675538
-0.488917 0.675538
-0.471951 0.675538
-0.456528 0.675538
-0.439562 0.675538
-0.424139 0.675538
-0.401004 0.675538
-0.385581 0.675538
-0.367073 0.675538
-0.351650 0.675538
-0.336227 0.675538
-0.320803 0.675538
-0.305380 0.675538
-0.289957 0.675538
-0.271449 0.675538
-0.242145 0.675538
-0.226722 0.675538
-0.211298 0.675538
-0.195875 0.675538
-0.180452 0.675538
-0.165029 0.675538
-0.149605 0.675538
-0.132640 0.675538
-0.117217 0.675538
-0.101793 0.675538
-0.061693 0.675538
-0.046270 0.675538
-0.030846 0.675538
0.004627 0.675538
0.020050 0.675538
0.035473 0.675538
0.050897 0.675538
0.066320 0.675538
0.092539 0.675538
0.107963 0.675538
0.123386 0.675538
0.138809 0.675538
0.158859 0.675538
0.174283 0.675538
0.189706 0.675538
0.205129 0.675538
0.223637 0.675538
0.243687 0.675538
0.259110 0.675538
0.274534 0.675538
0.289957 0.675538
0.306923 0.675538
0.326973 0.675538
0.342396 0.675538
0.357819 0.675538
0.377869 0.675538
0.393293 0.675538
0.414885 0.675538
0.430308 0.675538
0.445732 0.675538
0.471951 0.675538
0.495086 0.675538
-0.538271 0.673996
-0.522848 0.673996
-0.504340 0.673996
-0.488917 0.673996
-0.471951 0.673996
-0.456528 0.673996
-0.441105 0.673996
-0.425682 0.673996
-0.404089 0.673996
-0.387123 0.673996
-0.371700 0.673996
-0.356277 0.673996
-0.340854 0.673996
-0.325430 0.673996
-0.310007 0.673996
-0.294584 0.673996
-0.276076 0.673996
-0.246772 0.673996
-0.231349 0.673996
-0.215925 0.673996
-0.200502 0.673996
-0.185079 0.673996
-0.169656 0.673996
-0.154232 0.673996
-0.131098 0.673996
-0.115674 0.673996
-0.100251 0.673996
-0.084828 0.673996
-0.052439 0.673996
-0.037016 0.673996
-0.021593 0.673996
-0.006169 0.673996
0.015423 0.673996
0.030846 0.673996
0.046270 0.673996
0.061693 0.673996
0.077116 0.673996
0.107963 0.673996
0.123386 0.673996
0.138809 0.673996
0.154232 0.673996
0.175825 0.673996
0.191248 0.673996
0.206671 0.673996
0.225179 0.673996
0.245230 0.673996
0.260653 0.673996
0.276076 0.673996
0.291499 0.673996
0.306923 0.673996
0.322346 0.673996
0.343938 0.673996
0.359362 0.673996
0.380954 0.673996
0.396377 0.673996
0.416428 0.673996
0.431851 0.673996
0.447274 0.673996
0.462697 0.673996
0.488917 0.673996
0.504340 0.673996
-0.529017 0.672453
-0.510509 0.672453
-0.493544 0.672453
-0.478121 0.672453
-0.462697 0.672453
-0.447274 0.672453
-0.430308 0.672453
-0.410258 0.672453
-0.394835 0.672453
-0.376327 0.672453
-0.360904 0.672453
-0.345481 0.672453
-0.330057 0.672453
-0.314634 0.672453
-0.299211 0.672453
-0.283788 0.672453
-0.256026 0.672453
-0.240603 0.672453
-0.225179 0.672453
-0.209756 0.672453
-0.194333 0.672453
-0.178910 0.672453
-0.163486 0.672453
-0.109505 0.672453
-0.094082 0.672453
-0.078659 0.672453
-0.050897 0.672453
-0.035473 0.672453
-0.020050 0.672453
-0.004627 0.672453
0.010796 0.672453
0.026220 0.672453
0.041643 0.672453
0.064778 0.672453
0.083286 0.672453
0.111047 0.672453
0.126471 0.672453
0.141894 0.672453
0.157317 0.672453
0.181994 0.672453
0.197417 0.672453
0.212841 0.672453
0.231349 0.672453
0.251399 0.672453
0.266822 0.672453
0.282245 0.672453
0.297669 0.672453
0.313092 0.672453
0.333142 0.672453
0.348565 0.672453
0.363989 0.672453
0.387123 0.672453
0.402547 0.672453
0.424139 0.672453
0.439562 0.672453
0.454986 0.672453
0.470409 0.672453
0.496628 0.672453
-0.539813 0.670911
-0.524390 0.670911
-0.505882 0.670911
-0.488917 0.670911
-0.473494 0.670911
-0.458070 0.670911
-0.441105 0.670911
-0.417970 0.670911
-0.399462 0.670911
-0.380954 0.670911
-0.365531 0.670911
-0.350108 0.670911
-0.334684 0.670911
-0.319261 0.670911
-0.303838 0.670911
-0.288415 0.670911
-0.263737 0.670911
-0.248314 0.670911
-0.232891 0.670911
-0.217468 0.670911
-0.202044 0.670911
-0.186621 0.670911
-0.171198 0.670911
-0.146521 0.670911
-0.131098 0.670911
-0.115674 0.670911
-0.047812 0.670911
-0.032389 0.670911
-0.016966 0.670911
-0.001542 0.670911
0.013881 0.670911
0.029304 0.670911
0.044727 0.670911
0.072489 0.670911
0.090997 0.670911
0.118759 0.670911
0.134182 0.670911
0.149605 0.670911
0.171198 0.670911
0.186621 0.670911
0.202044 0.670911
0.217468 0.670911
0.234433 0.670911
0.254483 0.670911
0.269907 0.670911
0.285330 0.670911
0.300753 0.670911
0.316176 0.670911
0.334684 0.670911
0.350108 0.670911
0.365531 0.670911
0.388666 0.670911
0.404089 0.670911
0.419512 0.670911
0.441105 0.670911
0.456528 0.670911
0.476578 0.670911
0.495086 0.670911
-0.541356 0.669369
-0.525933 0.669369
-0.504340 0.669369
-0.487374 0.669369
-0.471951 0.669369
-0.453443 0.669369
-0.431851 0.669369
-0.408716 0.669369
-0.390208 0.669369
-0.374785 0.669369
-0.359362 0.669369
-0.343938 0.669369
-0.328515 0.669369
-0.313092 0.669369
-0.297669 0.669369
-0.282245 0.669369
-0.260653 0.669369
-0.245230 0.669369
-0.229806 0.669369
-0.214383 0.669369
-0.198960 0.669369
-0.183537 0.669369
-0.158859 0.669369
-0.143436 0.669369
-0.128013 0.669369
-0.112590 0.669369
-0.097166 0.669369
-0.032389 0.669369
-0.016966 0.669369
-0.001542 0.669369
0.013881 0.669369
0.029304 0.669369
0.044727 0.669369
0.060151 0.669369
0.087912 0.669369
0.114132 0.669369
0.129555 0.669369
0.144978 0.669369
0.160402 0.669369
0.183537 0.669369
0.198960 0.669369
0.214383 0.669369
0.229806 0.669369
0.256026 0.669369
0.271449 0.669369
0.286872 0.669369
0.302296 0.669369
0.317719 0.669369
0.333142 0.669369
0.351650 0.669369
0.370158 0.669369
0.393293 0.669369
0.408716 0.669369
0.424139 0.669369
0.439562 0.669369
0.454986 0.669369
0.470409 0.669369
0.488917 0.669369
0.504340 0.669369
-0.536729 0.667826
-0.516679 0.667826
-0.495086 0.667826
-0.479663 0.667826
-0.464240 0.667826
-0.444189 0.667826
-0.422597 0.667826
-0.397920 0.667826
-0.382496 0.667826
-0.367073 0.667826
-0.351650 0.667826
-0.336227 0.667826
-0.320803 0.667826
-0.305380 0.667826
-0.289957 0.667826
-0.269907 0.667826
-0.254483 0.667826
-0.234433 0.667826
-0.219010 0.667826
-0.203587 0.667826
-0.188164 0.667826
-0.161944 0.667826
-0.146521 0.667826
-0.131098 0.667826
-0.115674 0.667826
-0.100251 0.667826
-0.084828 0.667826
-0.026220 0.667826
-0.010796 0.667826
0.004627 0.667826
0.020050 0.667826
0.035473 0.667826
0.050897 0.667826
0.066320 0.667826
0.092539 0.667826
0.118759 0.667826
0.134182 0.667826
0.149605 0.667826
0.165029 0.667826
0.183537 0.667826
0.198960 0.667826
0.214383 0.667826
0.229806 0.667826
0.256026 0.667826
0.271449 0.667826
0.286872 0.667826
0.302296 0.667826
0.317719 0.667826
0.333142 0.667826
0.351650 0.667826
0.371700 0.667826
0.387123 0.667826
0.413343 0.667826
0.448816 0.667826
0.464240 0.667826
0.479663 0.667826
0.498171 0.667826
0.513594 0.667826
-0.532102 0.666284
-0.512052 0.666284
-0.490459 0.666284
-0.475036 0.666284
-0.458070 0.666284
-0.439562 0.666284
-0.424139 0.666284
-0.396377 0.666284
-0.380954 0.666284
-0.365531 0.666284
-0.350108 0.666284
-0.334684 0.666284
-0.319261 0.666284
-0.303838 0.666284
-0.286872 0.666284
-0.271449 0.666284
-0.256026 0.666284
-0.232891 0.666284
-0.217468 0.666284
-0.202044 0.666284
-0.175825 0.666284
-0.160402 0.666284
-0.144978 0.666284
-0.129555 0.666284
-0.089455 0.666284
-0.074032 0.666284
-0.020050 0.666284
-0.004627 0.666284
0.010796 0.666284
0.026220 0.666284
0.041643 0.666284
0.057066 0.666284
0.072489 0.666284
0.094082 0.666284
0.120301 0.666284
0.154232 0.666284
0.169656 0.666284
0.188164 0.666284
0.203587 0.666284
0.219010 0.666284
0.234433 0.666284
0.262195 0.666284
0.277618 0.666284
0.293042 0.666284
0.308465 0.666284
0.323888 0.666284
0.339311 0.666284
0.357819 0.666284
0.377869 0.666284
0.393293 0.666284
0.458070 0.666284
0.473494 0.666284
0.490459 0.666284
0.505882 0.666284
-0.542898 0.664742
-0.527475 0.664742
-0.501255 0.664742
-0.485832 0.664742
-0.470409 0.664742
-0.451901 0.664742
-0.436478 0.664742
-0.408716 0.664742
-0.393293 0.664742
-0.377869 0.664742
-0.362446 0.664742
-0.347023 0.664742
-0.331600 0.664742
-0.316176 0.664742
-0.297669 0.664742
-0.282245 0.664742
-0.266822 0.664742
-0.242145 0.664742
-0.226722 0.664742
-0.211298 0.664742
-0.195875 0.664742
-0.171198 0.664742
-0.155775 0.664742
-0.140352 0.664742
-0.124928 0.664742
-0.109505 0.664742
-0.074032 0.664742
-0.052439 0.664742
-0.018508 0.664742
-0.003085 0.664742
0.012339 0.664742
0.027762 0.664742
0.043185 0.664742
0.058608 0.664742
0.074032 0.664742
0.089455 0.664742
0.104878 0.664742
0.137267 0.664742
0.152690 0.664742
0.168113 0.664742
0.186621 0.664742
0.202044 0.664742
0.217468 0.664742
0.232891 0.664742
0.259110 0.664742
0.274534 0.664742
0.289957 0.664742
0.305380 0.664742
0.320803 0.664742
0.336227 0.664742
0.354735 0.664742
0.376327 0.664742
0.391750 0.664742
0.419512 0.664742
0.434935 0.664742
0.450359 0.664742
0.465782 0.664742
0.481205 0.664742
0.496628 0.664742
0.512052 0.664742
-0.536729 0.663199
-0.521306 0.663199
-0.501255 0.663199
-0.485832 0.663199
-0.470409 0.663199
-0.450359 0.663199
-0.434935 0.663199
-0.407174 0.663199
-0.391750 0.663199
-0.376327 0.663199
-0.360904 0.663199
-0.345481 0.663199
-0.330057 0.663199
-0.314634 0.663199
-0.294584 0.663199
-0.279161 0.663199
-0.263737 0.663199
-0.239060 0.663199
-0.208214 0.663199
-0.185079 0.663199
-0.169656 0.663199
-0.154232 0.663199
-0.138809 0.663199
-0.123386 0.663199
-0.107963 0.663199
-0.092539 0.663199
-0.077116 0.663199
-0.046270 0.663199
-0.030846 0.663199
-0.015423 0.663199
0.000000 0.663199
0.015423 0.663199
0.030846 0.663199
0.046270 0.663199
0.061693 0.663199
0.077116 0.663199
0.092539 0.663199
0.132640 0.663199
0.148063 0.663199
0.163486 0.663199
0.180452 0.663199
0.195875 0.663199
0.211298 0.663199
0.226722 0.663199
0.242145 0.663199
0.268364 0.663199
0.283788 0.663199
0.299211 0.663199
0.314634 0.663199
0.330057 0.663199
0.345481 0.663199
0.363989 0.663199
0.387123 0.663199
0.402547 0.663199
0.417970 0.663199
0.433393 0.663199
0.448816 0.663199
0.464240 0.663199
0.481205 0.663199
0.496628 0.663199
0.512052 0.663199
-0.539813 0.661657
-0.524390 0.661657
-0.504340 0.661657
-0.488917 0.661657
-0.471951 0.661657
-0.451901 0.661657
-0.433393 0.661657
-0.411801 0.661657
-0.396377 0.661657
-0.380954 0.661657
-0.365531 0.661657
-0.350108 0.661657
-0.334684 0.661657
-0.319261 0.661657
-0.303838 0.661657
-0.288415 0.661657
-0.272991 0.661657
-0.245230 0.661657
-0.225179 0.661657
-0.209756 0.661657
-0.194333 0.661657
-0.178910 0.661657
-0.163486 0.661657
-0.148063 0.661657
-0.132640 0.661657
-0.117217 0.661657
-0.101793 0.661657
-0.086370 0.661657
-0.070947 0.661657
-0.038558 0.661657
-0.018508 0.661657
-0.003085 0.661657
0.012339 0.661657
0.027762 0.661657
0.043185 0.661657
0.058608 0.661657
0.074032 0.661657
0.089455 0.661657
0.132640 0.661657
0.148063 0.661657
0.163486 0.661657
0.178910 0.661657
0.195875 0.661657
0.211298 0.661657
0.226722 0.661657
0.242145 0.661657
0.266822 0.661657
0.282245 0.661657
0.297669 0.661657
0.313092 0.661657
0.328515 0.661657
0.343938 0.661657
0.362446 0.661657
0.384039 0.661657
0.399462 0.661657
0.414885 0.661657
0.430308 0.661657
0.445732 0.661657
0.461155 0.661657
0.479663 0.661657
0.495086 0.661657
0.510509 0.661657
-0.544440 0.660115
-0.529017 0.660115
-0.510509 0.660115
-0.493544 0.660115
-0.478121 0.660115
-0.454986 0.660115
-0.436478 0.660115
-0.416428 0.660115
-0.401004 0.660115
-0.385581 0.660115
-0.370158 0.660115
-0.354735 0.660115
-0.339311 0.660115
-0.323888 0.660115
-0.308465 0.660115
-0.269907 0.660115
-0.225179 0.660115
-0.209756 0.660115
-0.194333 0.660115
-0.178910 0.660115
-0.163486 0.660115
-0.148063 0.660115
-0.132640 0.660115
-0.117217 0.660115
-0.101793 0.660115
-0.086370 0.660115
-0.070947 0.660115
-0.055524 0.660115
-0.040100 0.660115
-0.024677 0.660115
0.015423 0.660115
0.030846 0.660115
0.046270 0.660115
0.061693 0.660115
0.077116 0.660115
0.092539 0.660115
0.107963 0.660115
0.152690 0.660115
0.168113 0.660115
0.183537 0.660115
0.198960 0.660115
0.214383 0.660115
0.229806 0.660115
0.249857 0.660115
0.272991 0.660115
0.288415 0.660115
0.303838 0.660115
0.319261 0.660115
0.334684 0.660115
0.350108 0.660115
0.368616 0.660115
0.390208 0.660115
0.405631 0.660115
0.421055 0.660115
0.436478 0.660115
0.451901 0.660115
0.467324 0.660115
0.485832 0.660115
0.502798 0.660115
0.518221 0.660115
-0.538271 0.658572
-0.522848 0.658572
-0.501255 0.658572
-0.485832 0.658572
-0.464240 0.658572
-0.441105 0.658572
-0.421055 0.658572
-0.405631 0.658572
-0.390208 0.658572
-0.374785 0.658572
-0.359362 0.658572
-0.343938 0.658572
-0.328515 0.658572
-0.313092 0.658572
-0.282245 0.658572
-0.245230 0.658572
-0.229806 0.658572
-0.214383 0.658572
-0.197417 0.658572
-0.181994 0.658572
-0.166571 0.658572
-0.151148 0.658572
-0.135725 0.658572
-0.120301 0.658572
-0.104878 0.658572
-0.089455 0.658572
-0.074032 0.658572
-0.058608 0.658572
-0.043185 0.658572
-0.027762 0.658572
-0.012339 0.658572
0.021593 0.658572
0.037016 0.658572
0.052439 0.658572
0.067862 0.658572
0.083286 0.658572
0.098709 0.658572
0.114132 0.658572
0.152690 0.658572
0.169656 0.658572
0.185079 0.658572
0.200502 0.658572
0.215925 0.658572
0.231349 0.658572
0.252941 0.658572
0.274534 0.658572
0.289957 0.658572
0.305380 0.658572
0.320803 0.658572
0.336227 0.658572
0.351650 0.658572
0.370158 0.658572
0.391750 0.658572
0.407174 0.658572
0.422597 0.658572
0.438020 0.658572
0.453443 0.658572
0.468867 0.658572
0.487374 0.658572
0.502798 0.658572
0.518221 0.658572
-0.535187 0.657030
-0.519763 0.657030
-0.498171 0.657030
-0.479663 0.657030
-0.458070 0.657030
-0.434935 0.657030
-0.419512 0.657030
-0.404089 0.657030
-0.388666 0.657030
-0.373242 0.657030
-0.357819 0.657030
-0.342396 0.657030
-0.326973 0.657030
-0.299211 0.657030
-0.283788 0.657030
-0.265280 0.657030
-0.240603 0.657030
-0.225179 0.657030
-0.209756 0.657030
-0.191248 0.657030
-0.165029 0.657030
-0.149605 0.657030
-0.055524 0.657030
-0.040100 0.657030
-0.024677 0.657030
-0.009254 0.657030
0.023135 0.657030
0.038558 0.657030
0.053981 0.657030
0.069405 0.657030
0.084828 0.657030
0.100251 0.657030
0.115674 0.657030
0.149605 0.657030
0.169656 0.657030
0.185079 0.657030
0.202044 0.657030
0.217468 0.657030
0.232891 0.657030
0.252941 0.657030
0.272991 0.657030
0.288415 0.657030
0.303838 0.657030
0.319261 0.657030
0.334684 0.657030
0.350108 0.657030
0.365531 0.657030
0.380954 0.657030
0.404089 0.657030
0.419512 0.657030
0.434935 0.657030
0.450359 0.657030
0.465782 0.657030
0.482747 0.657030
0.498171 0.657030
0.515136 0.657030
-0.536729 0.655488
-0.521306 0.655488
-0.499713 0.655488
-0.481205 0.655488
-0.459613 0.655488
-0.434935 0.655488
-0.416428 0.655488
-0.401004 0.655488
-0.385581 0.655488
-0.370158 0.655488
-0.354735 0.655488
-0.339311 0.655488
-0.323888 0.655488
-0.297669 0.655488
-0.282245 0.655488
-0.259110 0.655488
-0.243687 0.655488
-0.228264 0.655488
-0.212841 0.655488
-0.192791 0.655488
-0.106420 0.655488
-0.037016 0.655488
-0.021593 0.655488
-0.006169 0.655488
0.009254 0.655488
0.037016 0.655488
0.052439 0.655488
0.067862 0.655488
0.083286 0.655488
0.098709 0.655488
0.114132 0.655488
0.137267 0.655488
0.161944 0.655488
0.185079 0.655488
0.200502 0.655488
0.215925 0.655488
0.231349 0.655488
0.246772 0.655488
0.266822 0.655488
0.282245 0.655488
0.297669 0.655488
0.313092 0.655488
0.328515 0.655488
0.343938 0.655488
0.359362 0.655488
0.374785 0.655488
0.390208 0.655488
0.411801 0.655488
0.427224 0.655488
0.442647 0.655488
0.458070 0.655488
0.473494 0.655488
0.488917 0.655488
0.505882 0.655488
-0.542898 0.653946
-0.527475 0.653946
-0.505882 0.653946
-0.490459 0.653946
-0.464240 0.653946
-0.444189 0.653946
-0.425682 0.653946
-0.404089 0.653946
-0.388666 0.653946
-0.373242 0.653946
-0.357819 0.653946
-0.342396 0.653946
-0.326973 0.653946
-0.299211 0.653946
-0.283788 0.653946
-0.262195 0.653946
-0.246772 0.653946
-0.231349 0.653946
-0.215925 0.653946
-0.194333 0.653946
-0.178910 0.653946
-0.163486 0.653946
-0.126471 0.653946
-0.111047 0.653946
-0.095624 0.653946
-0.078659 0.653946
-0.063235 0.653946
-0.023135 0.653946
-0.007712 0.653946
0.007712 0.653946
0.033931 0.653946
0.049354 0.653946
0.064778 0.653946
0.080201 0.653946
0.095624 0.653946
0.111047 0.653946
0.126471 0.653946
0.149605 0.653946
0.166571 0.653946
0.191248 0.653946
0.206671 0.653946
0.222095 0.653946
0.237518 0.653946
0.256026 0.653946
0.271449 0.653946
0.286872 0.653946
0.302296 0.653946
0.317719 0.653946
0.333142 0.653946
0.348565 0.653946
0.363989 0.653946
0.379412 0.653946
0.394835 0.653946
0.417970 0.653946
0.433393 0.653946
0.448816 0.653946
0.464240 0.653946
0.479663 0.653946
0.495086 0.653946
0.510509 0.653946
-0.538271 0.652403
-0.522848 0.652403
-0.501255 0.652403
-0.478121 0.652403
-0.459613 0.652403
-0.436478 0.652403
-0.413343 0.652403
-0.397920 0.652403
-0.382496 0.652403
-0.367073 0.652403
-0.351650 0.652403
-0.336227 0.652403
-0.310007 0.652403
-0.289957 0.652403
-0.268364 0.652403
-0.252941 0.652403
-0.237518 0.652403
-0.222095 0.652403
-0.198960 0.652403
-0.183537 0.652403
-0.168113 0.652403
-0.149605 0.652403
-0.134182 0.652403
-0.118759 0.652403
-0.103336 0.652403
-0.087912 0.652403
-0.072489 0.652403
-0.057066 0.652403
-0.012339 0.652403
0.003085 0.652403
0.018508 0.652403
0.046270 0.652403
0.061693 0.652403
0.077116 0.652403
0.092539 0.652403
0.109505 0.652403
0.124928 0.652403
0.146521 0.652403
0.161944 0.652403
0.191248 0.652403
0.211298 0.652403
0.226722 0.652403
0.242145 0.652403
0.259110 0.652403
0.274534 0.652403
0.289957 0.652403
0.305380 0.652403
0.320803 0.652403
0.336227 0.652403
0.351650 0.652403
0.367073 0.652403
0.382496 0.652403
0.397920 0.652403
0.419512 0.652403
0.434935 0.652403
0.450359 0.652403
0.465782 0.652403
0.481205 0.652403
0.496628 0.652403
0.512052 0.652403
-0.533644 0.650861
-0.508967 0.650861
-0.493544 0.650861
-0.467324 0.650861
-0.447274 0.650861
-0.430308 0.650861
-0.405631 0.650861
-0.390208 0.650861
-0.374785 0.650861
-0.359362 0.650861
-0.343938 0.650861
-0.317719 0.650861
-0.293042 0.650861
-0.274534 0.650861
-0.259110 0.650861
-0.243687 0.650861
-0.214383 0.650861
-0.198960 0.650861
-0.183537 0.650861
-0.168113 0.650861
-0.152690 0.650861
-0.137267 0.650861
-0.121844 0.650861
-0.106420 0.650861
-0.090997 0.650861
-0.075574 0.650861
-0.060151 0.650861
-0.044727 0.650861
-0.029304 0.650861
0.007712 0.650861
0.023135 0.650861
0.052439 0.650861
0.067862 0.650861
0.083286 0.650861
0.098709 0.650861
0.121844 0.650861
0.137267 0.650861
0.158859 0.650861
0.174283 0.650861
0.189706 0.650861
0.209756 0.650861
0.226722 0.650861
0.242145 0.650861
0.257568 0.650861
0.272991 0.650861
0.288415 0.650861
0.303838 0.650861
0.319261 0.650861
0.334684 0.650861
0.350108 0.650861
0.365531 0.650861
0.380954 0.650861
0.396377 0.650861
0.422597 0.650861
0.438020 0.650861
0.453443 0.650861
0.468867 0.650861
0.484290 0.650861
0.499713 0.650861
-0.547525 0.649319
-0.532102 0.649319
-0.508967 0.649319
-0.493544 0.649319
-0.464240 0.649319
-0.444189 0.649319
-0.424139 0.649319
-0.407174 0.649319
-0.391750 0.649319
-0.376327 0.649319
-0.360904 0.649319
-0.345481 0.649319
-0.322346 0.649319
-0.299211 0.649319
-0.283788 0.649319
-0.263737 0.649319
-0.248314 0.649319
-0.232891 0.649319
-0.215925 0.649319
-0.200502 0.649319
-0.185079 0.649319
-0.169656 0.649319
-0.154232 0.649319
-0.138809 0.649319
-0.123386 0.649319
-0.107963 0.649319
-0.092539 0.649319
-0.077116 0.649319
-0.061693 0.649319
-0.046270 0.649319
-0.030846 0.649319
-0.015423 0.649319
0.020050 0.649319
0.035473 0.649319
0.063235 0.649319
0.078659 0.649319
0.094082 0.649319
0.117217 0.649319
0.132640 0.649319
0.155775 0.649319
0.171198 0.649319
0.186621 0.649319
0.202044 0.649319
0.223637 0.649319
0.239060 0.649319
0.254483 0.649319
0.269907 0.649319
0.285330 0.649319
0.300753 0.649319
0.316176 0.649319
0.331600 0.649319
0.347023 0.649319
0.362446 0.649319
0.377869 0.649319
0.393293 0.649319
0.408716 0.649319
0.447274 0.649319
0.462697 0.649319
0.478121 0.649319
0.493544 0.649319
0.508967 0.649319
-0.536729 0.647776
-0.516679 0.647776
-0.498171 0.647776
-0.470409 0.647776
-0.451901 0.647776
-0.436478 0.647776
-0.413343 0.647776
-0.397920 0.647776
-0.382496 0.647776
-0.367073 0.647776
-0.351650 0.647776
-0.326973 0.647776
-0.305380 0.647776
-0.289957 0.647776
-0.274534 0.647776
-0.259110 0.647776
-0.243687 0.647776
-0.228264 0.647776
-0.212841 0.647776
-0.197417 0.647776
-0.181994 0.647776
-0.166571 0.647776
-0.151148 0.647776
-0.135725 0.647776
-0.120301 0.647776
-0.104878 0.647776
-0.089455 0.647776
-0.074032 0.647776
-0.058608 0.647776
-0.043185 0.647776
-0.027762 0.647776
-0.012339 0.647776
0.021593 0.647776
0.037016 0.647776
0.064778 0.647776
0.084828 0.647776
0.100251 0.647776
0.123386 0.647776
0.138809 0.647776
0.160402 0.647776
0.175825 0.647776
0.191248 0.647776
0.206671 0.647776
0.226722 0.647776
0.242145 0.647776
0.257568 0.647776
0.272991 0.647776
0.288415 0.647776
0.303838 0.647776
0.319261 0.647776
0.334684 0.647776
0.350108 0.647776
0.365531 0.647776
0.380954 0.647776
0.396377 0.647776
0.411801 0.647776
0.427224 0.647776
0.442647 0.647776
0.458070 0.647776
0.473494 0.647776
0.488917 0.647776
0.505882 0.647776
-0.541356 0.646234
-0.525933 0.646234
-0.504340 0.646234
-0.482747 0.646234
-0.464240 0.646234
-0.444189 0.646234
-0.422597 0.646234
-0.407174 0.646234
-0.391750 0.646234
-0.376327 0.646234
-0.360904 0.646234
-0.345481 0.646234
-0.322346 0.646234
-0.300753 0.646234
-0.285330 0.646234
-0.269907 0.646234
-0.254483 0.646234
-0.239060 0.646234
-0.223637 0.646234
-0.208214 0.646234
-0.192791 0.646234
-0.177367 0.646234
-0.161944 0.646234
-0.146521 0.646234
-0.131098 0.646234
-0.115674 0.646234
-0.100251 0.646234
-0.084828 0.646234
-0.069405 0.646234
-0.053981 0.646234
-0.020050 0.646234
-0.004627 0.646234
0.030846 0.646234
0.046270 0.646234
0.074032 0.646234
0.095624 0.646234
0.111047 0.646234
0.134182 0.646234
0.149605 0.646234
0.171198 0.646234
0.186621 0.646234
0.202044 0.646234
0.217468 0.646234
0.237518 0.646234
0.252941 0.646234
0.268364 0.646234
0.283788 0.646234
0.299211 0.646234
0.314634 0.646234
0.330057 0.646234
0.345481 0.646234
0.360904 0.646234
0.376327 0.646234
0.391750 0.646234
0.407174 0.646234
0.422597 0.646234
0.438020 0.646234
0.453443 0.646234
0.468867 0.646234
0.484290 0.646234
0.499713 0.646234
-0.544440 0.644692
-0.529017 0.644692
-0.508967 0.644692
-0.487374 0.644692
-0.468867 0.644692
-0.450359 0.644692
-0.428766 0.644692
-0.413343 0.644692
-0.397920 0.644692
-0.382496 0.644692
-0.367073 0.644692
-0.351650 0.644692
-0.326973 0.644692
-0.305380 0.644692
-0.289957 0.644692
-0.274534 0.644692
-0.259110 0.644692
-0.243687 0.644692
-0.226722 0.644692
-0.211298 0.644692
-0.195875 0.644692
-0.171198 0.644692
-0.155775 0.644692
-0.140352 0.644692
-0.124928 0.644692
-0.109505 0.644692
-0.094082 0.644692
-0.078659 0.644692
-0.063235 0.644692
-0.047812 0.644692
-0.001542 0.644692
0.033931 0.644692
0.049354 0.644692
0.075574 0.644692
0.097166 0.644692
0.112590 0.644692
0.137267 0.644692
0.152690 0.644692
0.175825 0.644692
0.191248 0.644692
0.206671 0.644692
0.222095 0.644692
0.242145 0.644692
0.257568 0.644692
0.272991 0.644692
0.288415 0.644692
0.303838 0.644692
0.319261 0.644692
0.334684 0.644692
0.350108 0.644692
0.365531 0.644692
0.380954 0.644692
0.396377 0.644692
0.411801 0.644692
0.427224 0.644692
0.442647 0.644692
0.458070 0.644692
0.473494 0.644692
0.488917 0.644692
0.507425 0.644692
-0.541356 0.643149
-0.525933 0.643149
-0.505882 0.643149
-0.481205 0.643149
-0.461155 0.643149
-0.442647 0.643149
-0.421055 0.643149
-0.405631 0.643149
-0.390208 0.643149
-0.374785 0.643149
-0.359362 0.643149
-0.340854 0.643149
-0.325430 0.643149
-0.305380 0.643149
-0.289957 0.643149
-0.274534 0.643149
-0.259110 0.643149
-0.240603 0.643149
-0.223637 0.643149
-0.208214 0.643149
-0.192791 0.643149
-0.157317 0.643149
-0.141894 0.643149
-0.126471 0.643149
-0.111047 0.643149
-0.095624 0.643149
-0.080201 0.643149
-0.064778 0.643149
-0.049354 0.643149
-0.033931 0.643149
0.009254 0.643149
0.032389 0.643149
0.047812 0.643149
0.063235 0.643149
0.087912 0.643149
0.107963 0.643149
0.123386 0.643149
0.149605 0.643149
0.171198 0.643149
0.188164 0.643149
0.203587 0.643149
0.219010 0.643149
0.239060 0.643149
0.254483 0.643149
0.269907 0.643149
0.285330 0.643149
0.300753 0.643149
0.316176 0.643149
0.331600 0.643149
0.347023 0.643149
0.362446 0.643149
0.377869 0.643149
0.393293 0.643149
0.408716 0.643149
0.424139 0.643149
0.439562 0.643149
0.454986 0.643149
0.470409 0.643149
0.485832 0.643149
0.502798 0.643149
-0.545983 0.641607
-0.530560 0.641607
-0.512052 0.641607
-0.490459 0.641607
-0.470409 0.641607
-0.450359 0.641607
-0.428766 0.641607
-0.413343 0.641607
-0.397920 0.641607
-0.382496 0.641607
-0.360904 0.641607
-0.343938 0.641607
-0.328515 0.641607
-0.308465 0.641607
-0.293042 0.641607
-0.277618 0.641607
-0.262195 0.641607
-0.243687 0.641607
-0.228264 0.641607
-0.212841 0.641607
-0.197417 0.641607
-0.181994 0.641607
-0.115674 0.641607
-0.100251 0.641607
-0.084828 0.641607
-0.055524 0.641607
-0.040100 0.641607
-0.024677 0.641607
-0.009254 0.641607
0.023135 0.641607
0.038558 0.641607
0.053981 0.641607
0.069405 0.641607
0.092539 0.641607
0.112590 0.641607
0.128013 0.641607
0.154232 0.641607
0.175825 0.641607
0.192791 0.641607
0.208214 0.641607
0.223637 0.641607
0.243687 0.641607
0.259110 0.641607
0.274534 0.641607
0.289957 0.641607
0.305380 0.641607
0.320803 0.641607
0.336227 0.641607
0.351650 0.641607
0.367073 0.641607
0.382496 0.641607
0.397920 0.641607
0.413343 0.641607
0.428766 0.641607
0.444189 0.641607
0.459613 0.641607
0.476578 0.641607
0.496628 0.641607
0.513594 0.641607
-0.539813 0.640065
-0.521306 0.640065
-0.504340 0.640065
-0.476578 0.640065
-0.456528 0.640065
-0.434935 0.640065
-0.419512 0.640065
-0.404089 0.640065
-0.388666 0.640065
-0.373242 0.640065
-0.351650 0.640065
-0.336227 0.640065
-0.317719 0.640065
-0.302296 0.640065
-0.286872 0.640065
-0.271449 0.640065
-0.256026 0.640065
-0.240603 0.640065
-0.225179 0.640065
-0.209756 0.640065
-0.194333 0.640065
-0.128013 0.640065
-0.112590 0.640065
-0.097166 0.640065
-0.081743 0.640065
-0.063235 0.640065
-0.047812 0.640065
-0.032389 0.640065
-0.016966 0.640065
-0.001542 0.640065
0.026220 0.640065
0.041643 0.640065
0.057066 0.640065
0.072489 0.640065
0.095624 0.640065
0.115674 0.640065
0.131098 0.640065
0.155775 0.640065
0.175825 0.640065
0.191248 0.640065
0.206671 0.640065
0.222095 0.640065
0.242145 0.640065
0.259110 0.640065
0.274534 0.640065
0.289957 0.640065
0.305380 0.640065
0.320803 0.640065
0.336227 0.640065
0.351650 0.640065
0.367073 0.640065
0.382496 0.640065
0.397920 0.640065
0.413343 0.640065
0.428766 0.640065
0.444189 0.640065
0.459613 0.640065
0.476578 0.640065
0.493544 0.640065
0.512052 0.640065
-0.545983 0.638522
-0.530560 0.638522
-0.508967 0.638522
-0.484290 0.638522
-0.462697 0.638522
-0.445732 0.638522
-0.422597 0.638522
-0.407174 0.638522
-0.391750 0.638522
-0.376327 0.638522
-0.354735 0.638522
-0.339311 0.638522
-0.323888 0.638522
-0.308465 0.638522
-0.293042 0.638522
-0.277618 0.638522
-0.262195 0.638522
-0.246772 0.638522
-0.231349 0.638522
-0.215925 0.638522
-0.200502 0.638522
-0.185079 0.638522
-0.126471 0.638522
-0.092539 0.638522
-0.077116 0.638522
-0.061693 0.638522
-0.046270 0.638522
-0.030846 0.638522
-0.015423 0.638522
0.000000 0.638522
0.015423 0.638522
0.043185 0.638522
0.058608 0.638522
0.074032 0.638522
0.095624 0.638522
0.115674 0.638522
0.131098 0.638522
0.155775 0.638522
0.185079 0.638522
0.202044 0.638522
0.217468 0.638522
0.239060 0.638522
0.256026 0.638522
0.271449 0.638522
0.286872 0.638522
0.302296 0.638522
0.320803 0.638522
0.336227 0.638522
0.351650 0.638522
0.367073 0.638522
0.382496 0.638522
0.397920 0.638522
0.413343 0.638522
0.428766 0.638522
0.444189 0.638522
0.459613 0.638522
0.478121 0.638522
0.493544 0.638522
0.513594 0.638522
-0.549067 0.636980
-0.533644 0.636980
-0.513594 0.636980
-0.495086 0.636980
-0.471951 0.636980
-0.451901 0.636980
-0.428766 0.636980
-0.413343 0.636980
-0.397920 0.636980
-0.382496 0.636980
-0.362446 0.636980
-0.347023 0.636980
-0.331600 0.636980
-0.316176 0.636980
-0.300753 0.636980
-0.285330 0.636980
-0.269907 0.636980
-0.254483 0.636980
-0.239060 0.636980
-0.223637 0.636980
-0.208214 0.636980
-0.192791 0.636980
-0.177367 0.636980
-0.161944 0.636980
-0.137267 0.636980
-0.080201 0.636980
-0.064778 0.636980
-0.049354 0.636980
-0.033931 0.636980
-0.018508 0.636980
-0.003085 0.636980
0.012339 0.636980
0.033931 0.636980
0.049354 0.636980
0.064778 0.636980
0.080201 0.636980
0.101793 0.636980
0.123386 0.636980
0.138809 0.636980
0.161944 0.636980
0.189706 0.636980
0.206671 0.636980
0.222095 0.636980
0.242145 0.636980
0.259110 0.636980
0.274534 0.636980
0.289957 0.636980
0.305380 0.636980
0.322346 0.636980
0.337769 0.636980
0.353192 0.636980
0.368616 0.636980
0.384039 0.636980
0.399462 0.636980
0.414885 0.636980
0.430308 0.636980
0.445732 0.636980
0.461155 0.636980
0.479663 0.636980
0.495086 0.636980
0.515136 0.636980
-0.552152 0.635438
-0.536729 0.635438
-0.515136 0.635438
-0.496628 0.635438
-0.475036 0.635438
-0.456528 0.635438
-0.433393 0.635438
-0.417970 0.635438
-0.402547 0.635438
-0.385581 0.635438
-0.370158 0.635438
-0.354735 0.635438
-0.339311 0.635438
-0.323888 0.635438
-0.308465 0.635438
-0.293042 0.635438
-0.277618 0.635438
-0.262195 0.635438
-0.246772 0.635438
-0.231349 0.635438
-0.215925 0.635438
-0.200502 0.635438
-0.185079 0.635438
-0.169656 0.635438
-0.154232 0.635438
-0.135725 0.635438
-0.063235 0.635438
-0.047812 0.635438
-0.024677 0.635438
-0.009254 0.635438
0.006169 0.635438
0.021593 0.635438
0.044727 0.635438
0.060151 0.635438
0.075574 0.635438
0.090997 0.635438
0.112590 0.635438
0.131098 0.635438
0.154232 0.635438
0.174283 0.635438
0.198960 0.635438
0.214383 0.635438
0.229806 0.635438
0.249857 0.635438
0.266822 0.635438
0.282245 0.635438
0.297669 0.635438
0.313092 0.635438
0.328515 0.635438
0.343938 0.635438
0.359362 0.635438
0.374785 0.635438
0.390208 0.635438
0.405631 0.635438
0.421055 0.635438
0.442647 0.635438
0.458070 0.635438
0.476578 0.635438
0.492001 0.635438
0.510509 0.635438
0.529017 0.635438
-0.542898 0.633895
-0.522848 0.633895
-0.501255 0.633895
-0.481205 0.633895
-0.462697 0.633895
-0.441105 0.633895
-0.425682 0.633895
-0.410258 0.633895
-0.394835 0.633895
-0.377869 0.633895
-0.362446 0.633895
-0.347023 0.633895
-0.331600 0.633895
-0.316176 0.633895
-0.300753 0.633895
-0.285330 0.633895
-0.269907 0.633895
-0.254483 0.633895
-0.239060 0.633895
-0.223637 0.633895
-0.208214 0.633895
-0.192791 0.633895
-0.177367 0.633895
-0.161944 0.633895
-0.146521 0.633895
-0.131098 0.633895
-0.115674 0.633895
-0.100251 0.633895
-0.064778 0.633895
-0.049354 0.633895
-0.033931 0.633895
-0.018508 0.633895
0.000000 0.633895
0.015423 0.633895
0.030846 0.633895
0.046270 0.633895
0.061693 0.633895
0.077116 0.633895
0.092539 0.633895
0.114132 0.633895
0.131098 0.633895
0.154232 0.633895
0.169656 0.633895
0.197417 0.633895
0.212841 0.633895
0.228264 0.633895
0.248314 0.633895
0.263737 0.633895
0.279161 0.633895
0.294584 0.633895
0.310007 0.633895
0.325430 0.633895
0.340854 0.633895
0.356277 0.633895
0.371700 0.633895
0.387123 0.633895
0.402547 0.633895
0.417970 0.633895
0.441105 0.633895
0.456528 0.633895
0.475036 0.633895
0.490459 0.633895
0.507425 0.633895
0.522848 0.633895
-0.547525 0.632353
-0.527475 0.632353
-0.505882 0.632353
-0.488917 0.632353
-0.470409 0.632353
-0.451901 0.632353
-0.431851 0.632353
-0.416428 0.632353
-0.401004 0.632353
-0.384039 0.632353
-0.368616 0.632353
-0.353192 0.632353
-0.336227 0.632353
-0.320803 0.632353
-0.305380 0.632353
-0.289957 0.632353
-0.274534 0.632353
-0.259110 0.632353
-0.243687 0.632353
-0.228264 0.632353
-0.212841 0.632353
-0.197417 0.632353
-0.181994 0.632353
-0.166571 0.632353
-0.151148 0.632353
-0.135725 0.632353
-0.120301 0.632353
-0.104878 0.632353
-0.089455 0.632353
-0.074032 0.632353
-0.046270 0.632353
-0.030846 0.632353
-0.015423 0.632353
0.020050 0.632353
0.038558 0.632353
0.053981 0.632353
0.077116 0.632353
0.092539 0.632353
0.115674 0.632353
0.131098 0.632353
0.146521 0.632353
0.168113 0.632353
0.195875 0.632353
0.211298 0.632353
0.228264 0.632353
0.248314 0.632353
0.265280 0.632353
0.280703 0.632353
0.296126 0.632353
0.311549 0.632353
0.328515 0.632353
0.343938 0.632353
0.359362 0.632353
0.374785 0.632353
0.390208 0.632353
0.405631 0.632353
0.421055 0.632353
0.436478 0.632353
0.451901 0.632353
0.467324 0.632353
0.484290 0.632353
0.499713 0.632353
0.518221 0.632353
-0.553694 0.630811
-0.538271 0.630811
-0.513594 0.630811
-0.496628 0.630811
-0.479663 0.630811
-0.462697 0.630811
-0.438020 0.630811
-0.422597 0.630811
-0.407174 0.630811
-0.390208 0.630811
-0.374785 0.630811
-0.359362 0.630811
-0.343938 0.630811
-0.328515 0.630811
-0.313092 0.630811
-0.297669 0.630811
-0.282245 0.630811
-0.266822 0.630811
-0.251399 0.630811
-0.235976 0.630811
-0.220552 0.630811
-0.205129 0.630811
-0.189706 0.630811
-0.174283 0.630811
-0.158859 0.630811
-0.143436 0.630811
-0.128013 0.630811
-0.107963 0.630811
-0.092539 0.630811
-0.077116 0.630811
-0.061693 0.630811
-0.033931 0.630811
-0.018508 0.630811
-0.003085 0.630811
0.027762 0.630811
0.043185 0.630811
0.058608 0.630811
0.083286 0.630811
0.098709 0.630811
0.121844 0.630811
0.137267 0.630811
0.158859 0.630811
0.174283 0.630811
0.197417 0.630811
0.212841 0.630811
0.231349 0.630811
0.251399 0.630811
0.268364 0.630811
0.283788 0.630811
0.299211 0.630811
0.314634 0.630811
0.333142 0.630811
0.348565 0.630811
0.363989 0.630811
0.379412 0.630811
0.394835 0.630811
0.410258 0.630811
0.425682 0.630811
0.441105 0.630811
0.456528 0.630811
0.473494 0.630811
0.488917 0.630811
0.507425 0.630811
0.522848 0.630811
-0.549067 0.629268
-0.530560 0.629268
-0.508967 0.629268
-0.492001 0.629268
-0.473494 0.629268
-0.450359 0.629268
-0.431851 0.629268
-0.416428 0.629268
-0.399462 0.629268
-0.384039 0.629268
-0.368616 0.629268
-0.353192 0.629268
-0.336227 0.629268
-0.320803 0.629268
-0.305380 0.629268
-0.289957 0.629268
-0.274534 0.629268
-0.259110 0.629268
-0.243687 0.629268
-0.228264 0.629268
-0.212841 0.629268
-0.197417 0.629268
-0.181994 0.629268
-0.166571 0.629268
-0.151148 0.629268
-0.135725 0.629268
-0.120301 0.629268
-0.101793 0.629268
-0.078659 0.629268
-0.063235 0.629268
-0.038558 0.629268
-0.023135 0.629268
-0.007712 0.629268
0.007712 0.629268
0.027762 0.629268
0.049354 0.629268
0.064778 0.629268
0.086370 0.629268
0.101793 0.629268
0.123386 0.629268
0.138809 0.629268
0.160402 0.629268
0.175825 0.629268
0.198960 0.629268
0.214383 0.629268
0.232891 0.629268
0.248314 0.629268
0.268364 0.629268
0.283788 0.629268
0.299211 0.629268
0.314634 0.629268
0.333142 0.629268
0.348565 0.629268
0.363989 0.629268
0.379412 0.629268
0.394835 0.629268
0.410258 0.629268
0.425682 0.629268
0.441105 0.629268
0.456528 0.629268
0.473494 0.629268
0.488917 0.629268
0.507425 0.629268
0.524390 0.629268
-0.545983 0.627726
-0.524390 0.627726
-0.504340 0.627726
-0.487374 0.627726
-0.471951 0.627726
-0.447274 0.627726
-0.428766 0.627726
-0.413343 0.627726
-0.396377 0.627726
-0.380954 0.627726
-0.365531 0.627726
-0.350108 0.627726
-0.334684 0.627726
-0.319261 0.627726
-0.303838 0.627726
-0.286872 0.627726
-0.271449 0.627726
-0.256026 0.627726
-0.240603 0.627726
-0.225179 0.627726
-0.209756 0.627726
-0.194333 0.627726
-0.178910 0.627726
-0.163486 0.627726
-0.134182 0.627726
-0.118759 0.627726
-0.103336 0.627726
-0.086370 0.627726
-0.057066 0.627726
-0.041643 0.627726
-0.026220 0.627726
-0.010796 0.627726
0.004627 0.627726
0.020050 0.627726
0.047812 0.627726
0.063235 0.627726
0.083286 0.627726
0.098709 0.627726
0.128013 0.627726
0.143436 0.627726
0.165029 0.627726
0.180452 0.627726
0.203587 0.627726
0.219010 0.627726
0.239060 0.627726
0.259110 0.627726
0.277618 0.627726
0.293042 0.627726
0.310007 0.627726
0.325430 0.627726
0.345481 0.627726
0.360904 0.627726
0.376327 0.627726
0.391750 0.627726
0.407174 0.627726
0.422597 0.627726
0.438020 0.627726
0.454986 0.627726
0.470409 0.627726
0.485832 0.627726
0.505882 0.627726
0.521306 0.627726
-0.550610 0.626184
-0.533644 0.626184
-0.508967 0.626184
-0.488917 0.626184
-0.473494 0.626184
-0.448816 0.626184
-0.428766 0.626184
-0.413343 0.626184
-0.394835 0.626184
-0.379412 0.626184
-0.363989 0.626184
-0.348565 0.626184
-0.333142 0.626184
-0.317719 0.626184
-0.302296 0.626184
-0.286872 0.626184
-0.269907 0.626184
-0.254483 0.626184
-0.239060 0.626184
-0.223637 0.626184
-0.208214 0.626184
-0.192791 0.626184
-0.177367 0.626184
-0.161944 0.626184
-0.146521 0.626184
-0.078659 0.626184
-0.043185 0.626184
-0.027762 0.626184
-0.012339 0.626184
0.003085 0.626184
0.018508 0.626184
0.033931 0.626184
0.055524 0.626184
0.070947 0.626184
0.090997 0.626184
0.106420 0.626184
0.137267 0.626184
0.152690 0.626184
0.174283 0.626184
0.189706 0.626184
0.211298 0.626184
0.232891 0.626184
0.248314 0.626184
0.274534 0.626184
0.289957 0.626184
0.306923 0.626184
0.322346 0.626184
0.340854 0.626184
0.356277 0.626184
0.371700 0.626184
0.387123 0.626184
0.402547 0.626184
0.417970 0.626184
0.433393 0.626184
0.448816 0.626184
0.464240 0.626184
0.481205 0.626184
0.501255 0.626184
0.518221 0.626184
-0.555237 0.624641
-0.535187 0.624641
-0.512052 0.624641
-0.490459 0.624641
-0.475036 0.624641
-0.451901 0.624641
-0.433393 0.624641
-0.417970 0.624641
-0.399462 0.624641
-0.382496 0.624641
-0.367073 0.624641
-0.351650 0.624641
-0.336227 0.624641
-0.320803 0.624641
-0.305380 0.624641
-0.289957 0.624641
-0.271449 0.624641
-0.256026 0.624641
-0.240603 0.624641
-0.225179 0.624641
-0.209756 0.624641
-0.194333 0.624641
-0.178910 0.624641
-0.163486 0.624641
-0.148063 0.624641
-0.132640 0.624641
-0.083286 0.624641
-0.067862 0.624641
-0.040100 0.624641
-0.024677 0.624641
-0.009254 0.624641
0.006169 0.624641
0.021593 0.624641
0.037016 0.624641
0.052439 0.624641
0.072489 0.624641
0.087912 0.624641
0.103336 0.624641
0.118759 0.624641
0.144978 0.624641
0.160402 0.624641
0.183537 0.624641
0.200502 0.624641
0.222095 0.624641
0.240603 0.624641
0.256026 0.624641
0.280703 0.624641
0.296126 0.624641
0.314634 0.624641
0.330057 0.624641
0.347023 0.624641
0.362446 0.624641
0.377869 0.624641
0.393293 0.624641
0.408716 0.624641
0.424139 0.624641
0.439562 0.624641
0.454986 0.624641
0.470409 0.624641
0.485832 0.624641
0.504340 0.624641
0.521306 0.624641
-0.552152 0.623099
-0.536729 0.623099
-0.513594 0.623099
-0.492001 0.623099
-0.475036 0.623099
-0.444189 0.623099
-0.428766 0.623099
-0.413343 0.623099
-0.393293 0.623099
-0.374785 0.623099
-0.359362 0.623099
-0.343938 0.623099
-0.328515 0.623099
-0.313092 0.623099
-0.297669 0.623099
-0.282245 0.623099
-0.265280 0.623099
-0.249857 0.623099
-0.234433 0.623099
-0.219010 0.623099
-0.203587 0.623099
-0.188164 0.623099
-0.172740 0.623099
-0.157317 0.623099
-0.141894 0.623099
-0.126471 0.623099
-0.111047 0.623099
-0.095624 0.623099
-0.080201 0.623099
-0.064778 0.623099
-0.030846 0.623099
-0.015423 0.623099
0.000000 0.623099
0.015423 0.623099
0.030846 0.623099
0.046270 0.623099
0.067862 0.623099
0.083286 0.623099
0.098709 0.623099
0.114132 0.623099
0.134182 0.623099
0.149605 0.623099
0.165029 0.623099
0.189706 0.623099
0.211298 0.623099
0.226722 0.623099
0.245230 0.623099
0.271449 0.623099
0.286872 0.623099
0.303838 0.623099
0.319261 0.623099
0.334684 0.623099
0.350108 0.623099
0.365531 0.623099
0.380954 0.623099
0.396377 0.623099
0.411801 0.623099
0.427224 0.623099
0.442647 0.623099
0.458070 0.623099
0.473494 0.623099
0.488917 0.623099
0.507425 0.623099
0.522848 0.623099
-0.555237 0.621557
-0.539813 0.621557
-0.516679 0.621557
-0.493544 0.621557
-0.476578 0.621557
-0.447274 0.621557
-0.431851 0.621557
-0.416428 0.621557
-0.396377 0.621557
-0.379412 0.621557
-0.363989 0.621557
-0.347023 0.621557
-0.331600 0.621557
-0.316176 0.621557
-0.300753 0.621557
-0.285330 0.621557
-0.269907 0.621557
-0.254483 0.621557
-0.239060 0.621557
-0.223637 0.621557
-0.208214 0.621557
-0.192791 0.621557
-0.177367 0.621557
-0.161944 0.621557
-0.146521 0.621557
-0.131098 0.621557
-0.115674 0.621557
-0.100251 0.621557
-0.084828 0.621557
-0.069405 0.621557
-0.053981 0.621557
-0.018508 0.621557
-0.003085 0.621557
0.012339 0.621557
0.027762 0.621557
0.043185 0.621557
0.058608 0.621557
0.075574 0.621557
0.090997 0.621557
0.106420 0.621557
0.121844 0.621557
0.140352 0.621557
0.155775 0.621557
0.181994 0.621557
0.200502 0.621557
0.220552 0.621557
0.235976 0.621557
0.251399 0.621557
0.277618 0.621557
0.293042 0.621557
0.310007 0.621557
0.325430 0.621557
0.340854 0.621557
0.356277 0.621557
0.371700 0.621557
0.387123 0.621557
0.402547 0.621557
0.417970 0.621557
0.433393 0.621557
0.448816 0.621557
0.464240 0.621557
0.479663 0.621557
0.498171 0.621557
0.513594 0.621557
0.529017 0.621557
-0.550610 0.620014
-0.535187 0.620014
-0.508967 0.620014
-0.492001 0.620014
-0.467324 0.620014
-0.445732 0.620014
-0.430308 0.620014
-0.408716 0.620014
-0.393293 0.620014
-0.376327 0.620014
-0.354735 0.620014
-0.339311 0.620014
-0.323888 0.620014
-0.308465 0.620014
-0.293042 0.620014
-0.277618 0.620014
-0.262195 0.620014
-0.242145 0.620014
-0.226722 0.620014
-0.211298 0.620014
-0.188164 0.620014
-0.172740 0.620014
-0.157317 0.620014
-0.141894 0.620014
-0.126471 0.620014
-0.111047 0.620014
-0.095624 0.620014
-0.077116 0.620014
-0.055524 0.620014
-0.040100 0.620014
-0.010796 0.620014
0.004627 0.620014
0.020050 0.620014
0.035473 0.620014
0.052439 0.620014
0.067862 0.620014
0.083286 0.620014
0.098709 0.620014
0.114132 0.620014
0.129555 0.620014
0.148063 0.620014
0.163486 0.620014
0.189706 0.620014
0.208214 0.620014
0.229806 0.620014
0.245230 0.620014
0.260653 0.620014
0.285330 0.620014
0.300753 0.620014
0.317719 0.620014
0.333142 0.620014
0.348565 0.620014
0.367073 0.620014
0.382496 0.620014
0.397920 0.620014
0.413343 0.620014
0.428766 0.620014
0.448816 0.620014
0.464240 0.620014
0.479663 0.620014
0.498171 0.620014
0.515136 0.620014
0.530560 0.620014
-0.556779 0.618472
-0.541356 0.618472
-0.518221 0.618472
-0.496628 0.618472
-0.479663 0.618472
-0.450359 0.618472
-0.434935 0.618472
-0.414885 0.618472
-0.399462 0.618472
-0.384039 0.618472
-0.356277 0.618472
-0.325430 0.618472
-0.310007 0.618472
-0.294584 0.618472
-0.279161 0.618472
-0.263737 0.618472
-0.248314 0.618472
-0.225179 0.618472
-0.209756 0.618472
-0.189706 0.618472
-0.174283 0.618472
-0.158859 0.618472
-0.143436 0.618472
-0.128013 0.618472
-0.112590 0.618472
-0.097166 0.618472
-0.081743 0.618472
-0.066320 0.618472
-0.043185 0.618472
-0.027762 0.618472
-0.001542 0.618472
0.020050 0.618472
0.035473 0.618472
0.050897 0.618472
0.066320 0.618472
0.081743 0.618472
0.097166 0.618472
0.112590 0.618472
0.128013 0.618472
0.143436 0.618472
0.161944 0.618472
0.188164 0.618472
0.206671 0.618472
0.228264 0.618472
0.243687 0.618472
0.259110 0.618472
0.282245 0.618472
0.297669 0.618472
0.314634 0.618472
0.330057 0.618472
0.345481 0.618472
0.360904 0.618472
0.376327 0.618472
0.391750 0.618472
0.407174 0.618472
0.422597 0.618472
0.438020 0.618472
0.453443 0.618472
0.468867 0.618472
0.484290 0.618472
0.501255 0.618472
0.518221 0.618472
0.533644 0.618472
-0.558321 0.616930
-0.542898 0.616930
-0.521306 0.616930
-0.502798 0.616930
-0.482747 0.616930
-0.454986 0.616930
-0.439562 0.616930
-0.424139 0.616930
-0.405631 0.616930
-0.390208 0.616930
-0.368616 0.616930
-0.353192 0.616930
-0.326973 0.616930
-0.311549 0.616930
-0.296126 0.616930
-0.280703 0.616930
-0.265280 0.616930
-0.249857 0.616930
-0.222095 0.616930
-0.206671 0.616930
-0.181994 0.616930
-0.166571 0.616930
-0.151148 0.616930
-0.135725 0.616930
-0.120301 0.616930
-0.104878 0.616930
-0.089455 0.616930
-0.074032 0.616930
-0.058608 0.616930
-0.035473 0.616930
-0.020050 0.616930
0.006169 0.616930
0.029304 0.616930
0.044727 0.616930
0.060151 0.616930
0.075574 0.616930
0.090997 0.616930
0.106420 0.616930
0.123386 0.616930
0.138809 0.616930
0.154232 0.616930
0.177367 0.616930
0.203587 0.616930
0.225179 0.616930
0.240603 0.616930
0.256026 0.616930
0.276076 0.616930
0.293042 0.616930
0.310007 0.616930
0.325430 0.616930
0.340854 0.616930
0.356277 0.616930
0.374785 0.616930
0.390208 0.616930
0.405631 0.616930
0.421055 0.616930
0.436478 0.616930
0.451901 0.616930
0.467324 0.616930
0.482747 0.616930
0.502798 0.616930
0.521306 0.616930
0.536729 0.616930
-0.559864 0.615387
-0.544440 0.615387
-0.522848 0.615387
-0.504340 0.615387
-0.482747 0.615387
-0.453443 0.615387
-0.438020 0.615387
-0.422597 0.615387
-0.407174 0.615387
-0.391750 0.615387
-0.376327 0.615387
-0.360904 0.615387
-0.345481 0.615387
-0.320803 0.615387
-0.305380 0.615387
-0.279161 0.615387
-0.243687 0.615387
-0.209756 0.615387
-0.181994 0.615387
-0.166571 0.615387
-0.151148 0.615387
-0.135725 0.615387
-0.120301 0.615387
-0.104878 0.615387
-0.089455 0.615387
-0.074032 0.615387
-0.041643 0.615387
-0.026220 0.615387
-0.010796 0.615387
0.015423 0.615387
0.035473 0.615387
0.050897 0.615387
0.066320 0.615387
0.081743 0.615387
0.097166 0.615387
0.112590 0.615387
0.128013 0.615387
0.143436 0.615387
0.158859 0.615387
0.180452 0.615387
0.209756 0.615387
0.229806 0.615387
0.245230 0.615387
0.260653 0.615387
0.280703 0.615387
0.297669 0.615387
0.313092 0.615387
0.328515 0.615387
0.343938 0.615387
0.359362 0.615387
0.380954 0.615387
0.396377 0.615387
0.411801 0.615387
0.427224 0.615387
0.442647 0.615387
0.458070 0.615387
0.473494 0.615387
0.488917 0.615387
0.510509 0.615387
0.525933 0.615387
0.541356 0.615387
-0.558321 0.613845
-0.542898 0.613845
-0.516679 0.613845
-0.495086 0.613845
-0.470409 0.613845
-0.451901 0.613845
-0.436478 0.613845
-0.419512 0.613845
-0.404089 0.613845
-0.388666 0.613845
-0.373242 0.613845
-0.357819 0.613845
-0.342396 0.613845
-0.319261 0.613845
-0.303838 0.613845
-0.288415 0.613845
-0.272991 0.613845
-0.229806 0.613845
-0.195875 0.613845
-0.168113 0.613845
-0.152690 0.613845
-0.137267 0.613845
-0.121844 0.613845
-0.106420 0.613845
-0.090997 0.613845
-0.075574 0.613845
-0.060151 0.613845
-0.032389 0.613845
-0.016966 0.613845
-0.001542 0.613845
0.021593 0.613845
0.037016 0.613845
0.052439 0.613845
0.070947 0.613845
0.086370 0.613845
0.101793 0.613845
0.117217 0.613845
0.132640 0.613845
0.148063 0.613845
0.163486 0.613845
0.185079 0.613845
0.212841 0.613845
0.232891 0.613845
0.248314 0.613845
0.263737 0.613845
0.283788 0.613845
0.299211 0.613845
0.314634 0.613845
0.330057 0.613845
0.345481 0.613845
0.360904 0.613845
0.384039 0.613845
0.399462 0.613845
0.417970 0.613845
0.433393 0.613845
0.448816 0.613845
0.464240 0.613845
0.479663 0.613845
0.495086 0.613845
0.513594 0.613845
0.529017 0.613845
0.544440 0.613845
-0.555237 0.612303
-0.539813 0.612303
-0.516679 0.612303
-0.495086 0.612303
-0.471951 0.612303
-0.456528 0.612303
-0.441105 0.612303
-0.425682 0.612303
-0.410258 0.612303
-0.394835 0.612303
-0.379412 0.612303
-0.363989 0.612303
-0.348565 0.612303
-0.333142 0.612303
-0.313092 0.612303
-0.297669 0.612303
-0.282245 0.612303
-0.266822 0.612303
-0.251399 0.612303
-0.197417 0.612303
-0.178910 0.612303
-0.160402 0.612303
-0.144978 0.612303
-0.129555 0.612303
-0.114132 0.612303
-0.086370 0.612303
-0.070947 0.612303
-0.055524 0.612303
-0.024677 0.612303
-0.009254 0.612303
0.006169 0.612303
0.027762 0.612303
0.043185 0.612303
0.058608 0.612303
0.081743 0.612303
0.097166 0.612303
0.112590 0.612303
0.128013 0.612303
0.143436 0.612303
0.165029 0.612303
0.185079 0.612303
0.211298 0.612303
0.232891 0.612303
0.248314 0.612303
0.263737 0.612303
0.282245 0.612303
0.297669 0.612303
0.314634 0.612303
0.330057 0.612303
0.345481 0.612303
0.362446 0.612303
0.385581 0.612303
0.401004 0.612303
0.421055 0.612303
0.436478 0.612303
0.451901 0.612303
0.467324 0.612303
0.482747 0.612303
0.498171 0.612303
0.516679 0.612303
0.532102 0.612303
0.549067 0.612303
-0.555237 0.610760
-0.532102 0.610760
-0.516679 0.610760
-0.493544 0.610760
-0.471951 0.610760
-0.456528 0.610760
-0.439562 0.610760
-0.424139 0.610760
-0.408716 0.610760
-0.393293 0.610760
-0.377869 0.610760
-0.359362 0.610760
-0.343938 0.610760
-0.328515 0.610760
-0.306923 0.610760
-0.291499 0.610760
-0.276076 0.610760
-0.260653 0.610760
-0.245230 0.610760
-0.223637 0.610760
-0.149605 0.610760
-0.134182 0.610760
-0.118759 0.610760
-0.103336 0.610760
-0.069405 0.610760
-0.053981 0.610760
-0.016966 0.610760
-0.001542 0.610760
0.013881 0.610760
0.030846 0.610760
0.046270 0.610760
0.061693 0.610760
0.084828 0.610760
0.100251 0.610760
0.115674 0.610760
0.131098 0.610760
0.146521 0.610760
0.166571 0.610760
0.188164 0.610760
0.212841 0.610760
0.231349 0.610760
0.246772 0.610760
0.262195 0.610760
0.280703 0.610760
0.296126 0.610760
0.313092 0.610760
0.328515 0.610760
0.343938 0.610760
0.359362 0.610760
0.399462 0.610760
0.414885 0.610760
0.430308 0.610760
0.445732 0.610760
0.461155 0.610760
0.476578 0.610760
0.492001 0.610760
0.510509 0.610760
0.527475 0.610760
0.545983 0.610760
-0.559864 0.609218
-0.544440 0.609218
-0.522848 0.609218
-0.507425 0.609218
-0.479663 0.609218
-0.464240 0.609218
-0.448816 0.609218
-0.430308 0.609218
-0.414885 0.609218
-0.399462 0.609218
-0.384039 0.609218
-0.362446 0.609218
-0.347023 0.609218
-0.331600 0.609218
-0.303838 0.609218
-0.288415 0.609218
-0.272991 0.609218
-0.257568 0.609218
-0.242145 0.609218
-0.226722 0.609218
-0.129555 0.609218
-0.114132 0.609218
-0.098709 0.609218
-0.066320 0.609218
-0.050897 0.609218
-0.035473 0.609218
-0.009254 0.609218
0.006169 0.609218
0.021593 0.609218
0.037016 0.609218
0.052439 0.609218
0.067862 0.609218
0.083286 0.609218
0.101793 0.609218
0.117217 0.609218
0.146521 0.609218
0.161944 0.609218
0.189706 0.609218
0.215925 0.609218
0.234433 0.609218
0.249857 0.609218
0.265280 0.609218
0.283788 0.609218
0.299211 0.609218
0.316176 0.609218
0.331600 0.609218
0.347023 0.609218
0.362446 0.609218
0.393293 0.609218
0.408716 0.609218
0.424139 0.609218
0.439562 0.609218
0.454986 0.609218
0.470409 0.609218
0.485832 0.609218
0.504340 0.609218
0.521306 0.609218
0.536729 0.609218
-0.566033 0.607676
-0.550610 0.607676
-0.527475 0.607676
-0.512052 0.607676
-0.492001 0.607676
-0.470409 0.607676
-0.454986 0.607676
-0.434935 0.607676
-0.419512 0.607676
-0.404089 0.607676
-0.388666 0.607676
-0.367073 0.607676
-0.351650 0.607676
-0.336227 0.607676
-0.320803 0.607676
-0.288415 0.607676
-0.272991 0.607676
-0.257568 0.607676
-0.242145 0.607676
-0.226722 0.607676
-0.189706 0.607676
-0.121844 0.607676
-0.106420 0.607676
-0.090997 0.607676
-0.061693 0.607676
-0.046270 0.607676
-0.030846 0.607676
-0.015423 0.607676
0.000000 0.607676
0.015423 0.607676
0.030846 0.607676
0.046270 0.607676
0.061693 0.607676
0.077116 0.607676
0.092539 0.607676
0.107963 0.607676
0.123386 0.607676
0.157317 0.607676
0.177367 0.607676
0.197417 0.607676
0.223637 0.607676
0.242145 0.607676
0.257568 0.607676
0.276076 0.607676
0.291499 0.607676
0.306923 0.607676
0.323888 0.607676
0.339311 0.607676
0.354735 0.607676
0.370158 0.607676
0.390208 0.607676
0.405631 0.607676
0.421055 0.607676
0.436478 0.607676
0.451901 0.607676
0.468867 0.607676
0.484290 0.607676
0.502798 0.607676
0.519763 0.607676
0.538271 0.607676
-0.564491 0.606133
-0.549067 0.606133
-0.527475 0.606133
-0.512052 0.606133
-0.485832 0.606133
-0.468867 0.606133
-0.451901 0.606133
-0.431851 0.606133
-0.416428 0.606133
-0.401004 0.606133
-0.385581 0.606133
-0.363989 0.606133
-0.348565 0.606133
-0.333142 0.606133
-0.317719 0.606133
-0.283788 0.606133
-0.268364 0.606133
-0.252941 0.606133
-0.237518 0.606133
-0.222095 0.606133
-0.206671 0.606133
-0.181994 0.606133
-0.112590 0.606133
-0.097166 0.606133
-0.081743 0.606133
-0.066320 0.606133
-0.035473 0.606133
-0.020050 0.606133
-0.004627 0.606133
0.010796 0.606133
0.026220 0.606133
0.041643 0.606133
0.057066 0.606133
0.072489 0.606133
0.087912 0.606133
0.103336 0.606133
0.118759 0.606133
0.134182 0.606133
0.168113 0.606133
0.195875 0.606133
0.222095 0.606133
0.237518 0.606133
0.252941 0.606133
0.268364 0.606133
0.286872 0.606133
0.302296 0.606133
0.319261 0.606133
0.334684 0.606133
0.350108 0.606133
0.365531 0.606133
0.380954 0.606133
0.396377 0.606133
0.414885 0.606133
0.430308 0.606133
0.445732 0.606133
0.461155 0.606133
0.478121 0.606133
0.493544 0.606133
0.510509 0.606133
0.527475 0.606133
0.553694 0.606133
-0.556779 0.604591
-0.535187 0.604591
-0.519763 0.604591
-0.498171 0.604591
-0.476578 0.604591
-0.461155 0.604591
-0.441105 0.604591
-0.425682 0.604591
-0.410258 0.604591
-0.394835 0.604591
-0.371700 0.604591
-0.354735 0.604591
-0.339311 0.604591
-0.323888 0.604591
-0.308465 0.604591
-0.289957 0.604591
-0.274534 0.604591
-0.259110 0.604591
-0.243687 0.604591
-0.228264 0.604591
-0.212841 0.604591
-0.197417 0.604591
-0.181994 0.604591
-0.166571 0.604591
-0.151148 0.604591
-0.135725 0.604591
-0.120301 0.604591
-0.104878 0.604591
-0.089455 0.604591
-0.074032 0.604591
-0.058608 0.604591
-0.032389 0.604591
-0.016966 0.604591
0.006169 0.604591
0.021593 0.604591
0.037016 0.604591
0.052439 0.604591
0.067862 0.604591
0.083286 0.604591
0.098709 0.604591
0.118759 0.604591
0.134182 0.604591
0.166571 0.604591
0.195875 0.604591
0.217468 0.604591
0.239060 0.604591
0.254483 0.604591
0.269907 0.604591
0.288415 0.604591
0.303838 0.604591
0.320803 0.604591
0.336227 0.604591
0.351650 0.604591
0.367073 0.604591
0.385581 0.604591
0.401004 0.604591
0.416428 0.604591
0.431851 0.604591
0.447274 0.604591
0.467324 0.604591
0.482747 0.604591
0.498171 0.604591
0.513594 0.604591
0.529017 0.604591
0.553694 0.604591
-0.556779 0.603049
-0.536729 0.603049
-0.521306 0.603049
-0.499713 0.603049
-0.479663 0.603049
-0.461155 0.603049
-0.445732 0.603049
-0.430308 0.603049
-0.414885 0.603049
-0.399462 0.603049
-0.376327 0.603049
-0.360904 0.603049
-0.345481 0.603049
-0.325430 0.603049
-0.310007 0.603049
-0.294584 0.603049
-0.279161 0.603049
-0.256026 0.603049
-0.240603 0.603049
-0.225179 0.603049
-0.209756 0.603049
-0.194333 0.603049
-0.178910 0.603049
-0.163486 0.603049
-0.148063 0.603049
-0.132640 0.603049
-0.117217 0.603049
-0.101793 0.603049
-0.086370 0.603049
-0.070947 0.603049
-0.055524 0.603049
-0.040100 0.603049
-0.024677 0.603049
-0.009254 0.603049
0.023135 0.603049
0.038558 0.603049
0.057066 0.603049
0.072489 0.603049
0.087912 0.603049
0.103336 0.603049
0.123386 0.603049
0.138809 0.603049
0.154232 0.603049
0.186621 0.603049
0.211298 0.603049
0.232891 0.603049
0.248314 0.603049
0.263737 0.603049
0.280703 0.603049
0.296126 0.603049
0.311549 0.603049
0.328515 0.603049
0.343938 0.603049
0.359362 0.603049
0.376327 0.603049
0.391750 0.603049
0.407174 0.603049
0.422597 0.603049
0.438020 0.603049
0.453443 0.603049
0.473494 0.603049
0.488917 0.603049
0.504340 0.603049
0.522848 0.603049
0.541356 0.603049
-0.567575 0.601506
-0.552152 0.601506
-0.532102 0.601506
-0.515136 0.601506
-0.490459 0.601506
-0.473494 0.601506
-0.458070 0.601506
-0.442647 0.601506
-0.424139 0.601506
-0.408716 0.601506
-0.393293 0.601506
-0.370158 0.601506
-0.354735 0.601506
-0.339311 0.601506
-0.323888 0.601506
-0.308465 0.601506
-0.293042 0.601506
-0.277618 0.601506
-0.249857 0.601506
-0.234433 0.601506
-0.219010 0.601506
-0.203587 0.601506
-0.188164 0.601506
-0.172740 0.601506
-0.157317 0.601506
-0.141894 0.601506
-0.126471 0.601506
-0.111047 0.601506
-0.095624 0.601506
-0.080201 0.601506
-0.064778 0.601506
-0.049354 0.601506
-0.033931 0.601506
-0.018508 0.601506
-0.003085 0.601506
0.032389 0.601506
0.047812 0.601506
0.063235 0.601506
0.078659 0.601506
0.094082 0.601506
0.109505 0.601506
0.131098 0.601506
0.146521 0.601506
0.161944 0.601506
0.181994 0.601506
0.205129 0.601506
0.229806 0.601506
0.245230 0.601506
0.260653 0.601506
0.276076 0.601506
0.293042 0.601506
0.308465 0.601506
0.325430 0.601506
0.340854 0.601506
0.356277 0.601506
0.371700 0.601506
0.387123 0.601506
0.410258 0.601506
0.425682 0.601506
0.441105 0.601506
0.462697 0.601506
0.478121 0.601506
0.493544 0.601506
0.508967 0.601506
0.525933 0.601506
0.544440 0.601506
-0.564491 0.599964
-0.549067 0.599964
-0.530560 0.599964
-0.515136 0.599964
-0.492001 0.599964
-0.473494 0.599964
-0.456528 0.599964
-0.441105 0.599964
-0.424139 0.599964
-0.408716 0.599964
-0.387123 0.599964
-0.371700 0.599964
-0.356277 0.599964
-0.340854 0.599964
-0.325430 0.599964
-0.306923 0.599964
-0.291499 0.599964
-0.276076 0.599964
-0.248314 0.599964
-0.232891 0.599964
-0.217468 0.599964
-0.202044 0.599964
-0.186621 0.599964
-0.171198 0.599964
-0.155775 0.599964
-0.140352 0.599964
-0.124928 0.599964
-0.109505 0.599964
-0.094082 0.599964
-0.078659 0.599964
-0.063235 0.599964
-0.047812 0.599964
-0.032389 0.599964
-0.016966 0.599964
-0.001542 0.599964
0.035473 0.599964
0.050897 0.599964
0.066320 0.599964
0.092539 0.599964
0.107963 0.599964
0.132640 0.599964
0.148063 0.599964
0.163486 0.599964
0.178910 0.599964
0.194333 0.599964
0.220552 0.599964
0.240603 0.599964
0.256026 0.599964
0.271449 0.599964
0.288415 0.599964
0.303838 0.599964
0.319261 0.599964
0.336227 0.599964
0.351650 0.599964
0.367073 0.599964
0.382496 0.599964
0.397920 0.599964
0.413343 0.599964
0.428766 0.599964
0.444189 0.599964
0.465782 0.599964
0.481205 0.599964
0.496628 0.599964
0.512052 0.599964
0.530560 0.599964
0.553694 0.599964
-0.561406 0.598422
-0.542898 0.598422
-0.527475 0.598422
-0.507425 0.598422
-0.488917 0.598422
-0.467324 0.598422
-0.451901 0.598422
-0.433393 0.598422
-0.417970 0.598422
-0.402547 0.598422
-0.387123 0.598422
-0.371700 0.598422
-0.356277 0.598422
-0.340854 0.598422
-0.325430 0.598422
-0.305380 0.598422
-0.289957 0.598422
-0.274534 0.598422
-0.231349 0.598422
-0.215925 0.598422
-0.200502 0.598422
-0.185079 0.598422
-0.169656 0.598422
-0.154232 0.598422
-0.138809 0.598422
-0.123386 0.598422
-0.103336 0.598422
-0.087912 0.598422
-0.072489 0.598422
-0.057066 0.598422
-0.041643 0.598422
-0.026220 0.598422
-0.010796 0.598422
0.004627 0.598422
0.020050 0.598422
0.052439 0.598422
0.067862 0.598422
0.083286 0.598422
0.111047 0.598422
0.126471 0.598422
0.149605 0.598422
0.165029 0.598422
0.180452 0.598422
0.195875 0.598422
0.223637 0.598422
0.243687 0.598422
0.259110 0.598422
0.274534 0.598422
0.293042 0.598422
0.308465 0.598422
0.326973 0.598422
0.342396 0.598422
0.357819 0.598422
0.373242 0.598422
0.388666 0.598422
0.404089 0.598422
0.419512 0.598422
0.434935 0.598422
0.454986 0.598422
0.471951 0.598422
0.487374 0.598422
0.502798 0.598422
0.518221 0.598422
0.533644 0.598422
0.556779 0.598422
-0.561406 0.596879
-0.542898 0.596879
-0.525933 0.596879
-0.504340 0.596879
-0.488917 0.596879
-0.467324 0.596879
-0.451901 0.596879
-0.433393 0.596879
-0.417970 0.596879
-0.402547 0.596879
-0.387123 0.596879
-0.371700 0.596879
-0.356277 0.596879
-0.340854 0.596879
-0.325430 0.596879
-0.308465 0.596879
-0.293042 0.596879
-0.277618 0.596879
-0.262195 0.596879
-0.237518 0.596879
-0.219010 0.596879
-0.203587 0.596879
-0.188164 0.596879
-0.172740 0.596879
-0.157317 0.596879
-0.141894 0.596879
-0.126471 0.596879
-0.111047 0.596879
-0.095624 0.596879
-0.080201 0.596879
-0.064778 0.596879
-0.049354 0.596879
-0.033931 0.596879
-0.018508 0.596879
-0.003085 0.596879
0.012339 0.596879
0.027762 0.596879
0.043185 0.596879
0.061693 0.596879
0.077116 0.596879
0.098709 0.596879
0.114132 0.596879
0.129555 0.596879
0.152690 0.596879
0.168113 0.596879
0.183537 0.596879
0.198960 0.596879
0.226722 0.596879
0.245230 0.596879
0.260653 0.596879
0.276076 0.596879
0.294584 0.596879
0.314634 0.596879
0.330057 0.596879
0.345481 0.596879
0.360904 0.596879
0.377869 0.596879
0.393293 0.596879
0.408716 0.596879
0.424139 0.596879
0.439562 0.596879
0.461155 0.596879
0.476578 0.596879
0.492001 0.596879
0.507425 0.596879
0.522848 0.596879
0.538271 0.596879
-0.573745 0.595337
-0.558321 0.595337
-0.538271 0.595337
-0.519763 0.595337
-0.499713 0.595337
-0.484290 0.595337
-0.458070 0.595337
-0.442647 0.595337
-0.424139 0.595337
-0.408716 0.595337
-0.393293 0.595337
-0.377869 0.595337
-0.362446 0.595337
-0.347023 0.595337
-0.328515 0.595337
-0.313092 0.595337
-0.294584 0.595337
-0.279161 0.595337
-0.263737 0.595337
-0.248314 0.595337
-0.232891 0.595337
-0.217468 0.595337
-0.202044 0.595337
-0.186621 0.595337
-0.171198 0.595337
-0.155775 0.595337
-0.137267 0.595337
-0.121844 0.595337
-0.106420 0.595337
-0.081743 0.595337
-0.066320 0.595337
-0.050897 0.595337
-0.035473 0.595337
-0.020050 0.595337
-0.004627 0.595337
0.010796 0.595337
0.026220 0.595337
0.041643 0.595337
0.057066 0.595337
0.084828 0.595337
0.100251 0.595337
0.115674 0.595337
0.131098 0.595337
0.154232 0.595337
0.169656 0.595337
0.185079 0.595337
0.200502 0.595337
0.226722 0.595337
0.245230 0.595337
0.260653 0.595337
0.276076 0.595337
0.294584 0.595337
0.310007 0.595337
0.330057 0.595337
0.345481 0.595337
0.360904 0.595337
0.376327 0.595337
0.394835 0.595337
0.410258 0.595337
0.425682 0.595337
0.442647 0.595337
0.462697 0.595337
0.478121 0.595337
0.493544 0.595337
0.508967 0.595337
0.524390 0.595337
0.539813 0.595337
-0.573745 0.593795
-0.558321 0.593795
-0.538271 0.593795
-0.519763 0.593795
-0.499713 0.593795
-0.484290 0.593795
-0.456528 0.593795
-0.436478 0.593795
-0.421055 0.593795
-0.404089 0.593795
-0.388666 0.593795
-0.373242 0.593795
-0.343938 0.593795
-0.328515 0.593795
-0.313092 0.593795
-0.296126 0.593795
-0.280703 0.593795
-0.265280 0.593795
-0.249857 0.593795
-0.234433 0.593795
-0.219010 0.593795
-0.203587 0.593795
-0.188164 0.593795
-0.172740 0.593795
-0.157317 0.593795
-0.134182 0.593795
-0.118759 0.593795
-0.092539 0.593795
-0.077116 0.593795
-0.061693 0.593795
-0.046270 0.593795
-0.030846 0.593795
-0.015423 0.593795
0.000000 0.593795
0.015423 0.593795
0.030846 0.593795
0.046270 0.593795
0.061693 0.593795
0.077116 0.593795
0.100251 0.593795
0.115674 0.593795
0.131098 0.593795
0.155775 0.593795
0.171198 0.593795
0.186621 0.593795
0.202044 0.593795
0.228264 0.593795
0.248314 0.593795
0.263737 0.593795
0.279161 0.593795
0.297669 0.593795
0.313092 0.593795
0.336227 0.593795
0.351650 0.593795
0.367073 0.593795
0.385581 0.593795
0.401004 0.593795
0.416428 0.593795
0.431851 0.593795
0.447274 0.593795
0.468867 0.593795
0.484290 0.593795
0.499713 0.593795
0.515136 0.593795
0.530560 0.593795
0.550610 0.593795
-0.567575 0.592252
-0.550610 0.592252
-0.530560 0.592252
-0.512052 0.592252
-0.496628 0.592252
-0.475036 0.592252
-0.454986 0.592252
-0.438020 0.592252
-0.422597 0.592252
-0.402547 0.592252
-0.387123 0.592252
-0.367073 0.592252
-0.328515 0.592252
-0.313092 0.592252
-0.296126 0.592252
-0.280703 0.592252
-0.265280 0.592252
-0.249857 0.592252
-0.234433 0.592252
-0.219010 0.592252
-0.203587 0.592252
-0.180452 0.592252
-0.165029 0.592252
-0.137267 0.592252
-0.121844 0.592252
-0.094082 0.592252
-0.078659 0.592252
-0.063235 0.592252
-0.047812 0.592252
-0.032389 0.592252
-0.016966 0.592252
-0.001542 0.592252
0.013881 0.592252
0.029304 0.592252
0.044727 0.592252
0.060151 0.592252
0.075574 0.592252
0.090997 0.592252
0.106420 0.592252
0.121844 0.592252
0.137267 0.592252
0.163486 0.592252
0.178910 0.592252
0.194333 0.592252
0.215925 0.592252
0.234433 0.592252
0.252941 0.592252
0.268364 0.592252
0.283788 0.592252
0.299211 0.592252
0.314634 0.592252
0.342396 0.592252
0.357819 0.592252
0.373242 0.592252
0.393293 0.592252
0.408716 0.592252
0.424139 0.592252
0.439562 0.592252
0.459613 0.592252
0.475036 0.592252
0.493544 0.592252
0.508967 0.592252
0.524390 0.592252
0.539813 0.592252
-0.569118 0.590710
-0.552152 0.590710
-0.532102 0.590710
-0.513594 0.590710
-0.498171 0.590710
-0.476578 0.590710
-0.456528 0.590710
-0.438020 0.590710
-0.422597 0.590710
-0.404089 0.590710
-0.387123 0.590710
-0.370158 0.590710
-0.354735 0.590710
-0.339311 0.590710
-0.320803 0.590710
-0.305380 0.590710
-0.289957 0.590710
-0.274534 0.590710
-0.259110 0.590710
-0.243687 0.590710
-0.228264 0.590710
-0.212841 0.590710
-0.197417 0.590710
-0.181994 0.590710
-0.143436 0.590710
-0.128013 0.590710
-0.098709 0.590710
-0.083286 0.590710
-0.067862 0.590710
-0.052439 0.590710
-0.037016 0.590710
-0.021593 0.590710
-0.006169 0.590710
0.009254 0.590710
0.024677 0.590710
0.040100 0.590710
0.055524 0.590710
0.070947 0.590710
0.086370 0.590710
0.117217 0.590710
0.132640 0.590710
0.148063 0.590710
0.171198 0.590710
0.186621 0.590710
0.202044 0.590710
0.222095 0.590710
0.240603 0.590710
0.260653 0.590710
0.276076 0.590710
0.293042 0.590710
0.308465 0.590710
0.323888 0.590710
0.339311 0.590710
0.356277 0.590710
0.371700 0.590710
0.387123 0.590710
0.407174 0.590710
0.422597 0.590710
0.438020 0.590710
0.459613 0.590710
0.475036 0.590710
0.490459 0.590710
0.507425 0.590710
0.525933 0.590710
0.541356 0.590710
-0.566033 0.589168
-0.550610 0.589168
-0.529017 0.589168
-0.508967 0.589168
-0.493544 0.589168
-0.471951 0.589168
-0.448816 0.589168
-0.433393 0.589168
-0.413343 0.589168
-0.397920 0.589168
-0.382496 0.589168
-0.365531 0.589168
-0.350108 0.589168
-0.334684 0.589168
-0.316176 0.589168
-0.300753 0.589168
-0.285330 0.589168
-0.269907 0.589168
-0.254483 0.589168
-0.239060 0.589168
-0.223637 0.589168
-0.208214 0.589168
-0.192791 0.589168
-0.177367 0.589168
-0.148063 0.589168
-0.111047 0.589168
-0.095624 0.589168
-0.080201 0.589168
-0.064778 0.589168
-0.049354 0.589168
-0.033931 0.589168
-0.018508 0.589168
-0.003085 0.589168
0.012339 0.589168
0.027762 0.589168
0.043185 0.589168
0.058608 0.589168
0.074032 0.589168
0.089455 0.589168
0.121844 0.589168
0.137267 0.589168
0.152690 0.589168
0.177367 0.589168
0.192791 0.589168
0.209756 0.589168
0.232891 0.589168
0.251399 0.589168
0.266822 0.589168
0.282245 0.589168
0.299211 0.589168
0.314634 0.589168
0.330057 0.589168
0.356277 0.589168
0.371700 0.589168
0.387123 0.589168
0.410258 0.589168
0.425682 0.589168
0.445732 0.589168
0.461155 0.589168
0.476578 0.589168
0.492001 0.589168
0.510509 0.589168
0.529017 0.589168
0.555237 0.589168
-0.564491 0.587626
-0.547525 0.587626
-0.527475 0.587626
-0.508967 0.587626
-0.493544 0.587626
-0.467324 0.587626
-0.448816 0.587626
-0.433393 0.587626
-0.414885 0.587626
-0.399462 0.587626
-0.384039 0.587626
-0.367073 0.587626
-0.351650 0.587626
-0.336227 0.587626
-0.320803 0.587626
-0.305380 0.587626
-0.288415 0.587626
-0.272991 0.587626
-0.257568 0.587626
-0.242145 0.587626
-0.226722 0.587626
-0.211298 0.587626
-0.195875 0.587626
-0.180452 0.587626
-0.158859 0.587626
-0.143436 0.587626
-0.109505 0.587626
-0.094082 0.587626
-0.078659 0.587626
-0.063235 0.587626
-0.047812 0.587626
-0.032389 0.587626
-0.016966 0.587626
-0.001542 0.587626
0.013881 0.587626
0.029304 0.587626
0.049354 0.587626
0.064778 0.587626
0.080201 0.587626
0.095624 0.587626
0.111047 0.587626
0.141894 0.587626
0.157317 0.587626
0.172740 0.587626
0.188164 0.587626
0.205129 0.587626
0.223637 0.587626
0.243687 0.587626
0.262195 0.587626
0.277618 0.587626
0.293042 0.587626
0.308465 0.587626
0.323888 0.587626
0.348565 0.587626
0.363989 0.587626
0.379412 0.587626
0.394835 0.587626
0.421055 0.587626
0.450359 0.587626
0.465782 0.587626
0.481205 0.587626
0.496628 0.587626
0.518221 0.587626
0.533644 0.587626
-0.576829 0.586083
-0.561406 0.586083
-0.545983 0.586083
-0.525933 0.586083
-0.507425 0.586083
-0.490459 0.586083
-0.465782 0.586083
-0.447274 0.586083
-0.431851 0.586083
-0.413343 0.586083
-0.394835 0.586083
-0.374785 0.586083
-0.356277 0.586083
-0.340854 0.586083
-0.325430 0.586083
-0.310007 0.586083
-0.289957 0.586083
-0.274534 0.586083
-0.259110 0.586083
-0.243687 0.586083
-0.228264 0.586083
-0.212841 0.586083
-0.197417 0.586083
-0.172740 0.586083
-0.157317 0.586083
-0.129555 0.586083
-0.114132 0.586083
-0.098709 0.586083
-0.083286 0.586083
-0.067862 0.586083
-0.052439 0.586083
-0.037016 0.586083
-0.021593 0.586083
-0.006169 0.586083
0.009254 0.586083
0.024677 0.586083
0.040100 0.586083
0.058608 0.586083
0.074032 0.586083
0.089455 0.586083
0.104878 0.586083
0.120301 0.586083
0.144978 0.586083
0.160402 0.586083
0.178910 0.586083
0.195875 0.586083
0.214383 0.586083
0.231349 0.586083
0.251399 0.586083
0.269907 0.586083
0.285330 0.586083
0.300753 0.586083
0.316176 0.586083
0.337769 0.586083
0.353192 0.586083
0.368616 0.586083
0.384039 0.586083
0.399462 0.586083
0.438020 0.586083
0.453443 0.586083
0.468867 0.586083
0.484290 0.586083
0.504340 0.586083
0.525933 0.586083
0.541356 0.586083
-0.575287 0.584541
-0.559864 0.584541
-0.538271 0.584541
-0.518221 0.584541
-0.502798 0.584541
-0.481205 0.584541
-0.462697 0.584541
-0.442647 0.584541
-0.422597 0.584541
-0.402547 0.584541
-0.385581 0.584541
-0.367073 0.584541
-0.336227 0.584541
-0.320803 0.584541
-0.305380 0.584541
-0.285330 0.584541
-0.269907 0.584541
-0.254483 0.584541
-0.239060 0.584541
-0.223637 0.584541
-0.208214 0.584541
-0.192791 0.584541
-0.177367 0.584541
-0.161944 0.584541
-0.146521 0.584541
-0.131098 0.584541
-0.115674 0.584541
-0.100251 0.584541
-0.084828 0.584541
-0.069405 0.584541
-0.053981 0.584541
-0.038558 0.584541
-0.023135 0.584541
-0.007712 0.584541
0.007712 0.584541
0.023135 0.584541
0.038558 0.584541
0.053981 0.584541
0.078659 0.584541
0.094082 0.584541
0.109505 0.584541
0.124928 0.584541
0.141894 0.584541
0.157317 0.584541
0.195875 0.584541
0.214383 0.584541
0.229806 0.584541
0.248314 0.584541
0.263737 0.584541
0.279161 0.584541
0.294584 0.584541
0.310007 0.584541
0.325430 0.584541
0.340854 0.584541
0.356277 0.584541
0.371700 0.584541
0.387123 0.584541
0.402547 0.584541
0.417970 0.584541
0.433393 0.584541
0.448816 0.584541
0.464240 0.584541
0.479663 0.584541
0.495086 0.584541
0.521306 0.584541
0.536729 0.584541
0.558321 0.584541
-0.564491 0.582999
-0.549067 0.582999
-0.527475 0.582999
-0.508967 0.582999
-0.487374 0.582999
-0.468867 0.582999
-0.448816 0.582999
-0.433393 0.582999
-0.413343 0.582999
-0.391750 0.582999
-0.370158 0.582999
-0.343938 0.582999
-0.326973 0.582999
-0.311549 0.582999
-0.296126 0.582999
-0.279161 0.582999
-0.260653 0.582999
-0.245230 0.582999
-0.229806 0.582999
-0.211298 0.582999
-0.195875 0.582999
-0.180452 0.582999
-0.165029 0.582999
-0.149605 0.582999
-0.134182 0.582999
-0.118759 0.582999
-0.095624 0.582999
-0.080201 0.582999
-0.064778 0.582999
-0.049354 0.582999
-0.033931 0.582999
-0.018508 0.582999
-0.003085 0.582999
0.013881 0.582999
0.029304 0.582999
0.044727 0.582999
0.060151 0.582999
0.078659 0.582999
0.094082 0.582999
0.109505 0.582999
0.124928 0.582999
0.140352 0.582999
0.168113 0.582999
0.209756 0.582999
0.226722 0.582999
0.246772 0.582999
0.262195 0.582999
0.277618 0.582999
0.293042 0.582999
0.308465 0.582999
0.323888 0.582999
0.339311 0.582999
0.360904 0.582999
0.376327 0.582999
0.391750 0.582999
0.407174 0.582999
0.422597 0.582999
0.438020 0.582999
0.454986 0.582999
0.470409 0.582999
0.485832 0.582999
0.504340 0.582999
0.525933 0.582999
0.541356 0.582999
-0.575287 0.581456
-0.559864 0.581456
-0.539813 0.581456
-0.518221 0.581456
-0.501255 0.581456
-0.479663 0.581456
-0.459613 0.581456
-0.444189 0.581456
-0.425682 0.581456
-0.402547 0.581456
-0.384039 0.581456
-0.363989 0.581456
-0.342396 0.581456
-0.320803 0.581456
-0.305380 0.581456
-0.289957 0.581456
-0.274534 0.581456
-0.251399 0.581456
-0.232891 0.581456
-0.217468 0.581456
-0.202044 0.581456
-0.186621 0.581456
-0.171198 0.581456
-0.155775 0.581456
-0.140352 0.581456
-0.114132 0.581456
-0.098709 0.581456
-0.083286 0.581456
-0.064778 0.581456
-0.049354 0.581456
-0.033931 0.581456
-0.018508 0.581456
-0.003085 0.581456
0.012339 0.581456
0.027762 0.581456
0.043185 0.581456
0.058608 0.581456
0.074032 0.581456
0.089455 0.581456
0.104878 0.581456
0.120301 0.581456
0.135725 0.581456
0.161944 0.581456
0.177367 0.581456
0.206671 0.581456
0.222095 0.581456
0.237518 0.581456
0.256026 0.581456
0.271449 0.581456
0.286872 0.581456
0.302296 0.581456
0.317719 0.581456
0.334684 0.581456
0.360904 0.581456
0.376327 0.581456
0.391750 0.581456
0.407174 0.581456
0.422597 0.581456
0.438020 0.581456
0.458070 0.581456
0.473494 0.581456
0.488917 0.581456
0.505882 0.581456
0.525933 0.581456
0.541356 0.581456
-0.575287 0.579914
-0.559864 0.579914
-0.541356 0.579914
-0.519763 0.579914
-0.504340 0.579914
-0.485832 0.579914
-0.467324 0.579914
-0.448816 0.579914
-0.433393 0.579914
-0.408716 0.579914
-0.393293 0.579914
-0.363989 0.579914
-0.348565 0.579914
-0.333142 0.579914
-0.311549 0.579914
-0.296126 0.579914
-0.280703 0.579914
-0.265280 0.579914
-0.235976 0.579914
-0.220552 0.579914
-0.205129 0.579914
-0.189706 0.579914
-0.174283 0.579914
-0.158859 0.579914
-0.123386 0.579914
-0.107963 0.579914
-0.090997 0.579914
-0.070947 0.579914
-0.055524 0.579914
-0.040100 0.579914
-0.024677 0.579914
-0.009254 0.579914
0.009254 0.579914
0.024677 0.579914
0.040100 0.579914
0.055524 0.579914
0.070947 0.579914
0.086370 0.579914
0.101793 0.579914
0.117217 0.579914
0.132640 0.579914
0.148063 0.579914
0.169656 0.579914
0.185079 0.579914
0.212841 0.579914
0.228264 0.579914
0.243687 0.579914
0.259110 0.579914
0.274534 0.579914
0.289957 0.579914
0.305380 0.579914
0.320803 0.579914
0.337769 0.579914
0.353192 0.579914
0.368616 0.579914
0.384039 0.579914
0.399462 0.579914
0.414885 0.579914
0.430308 0.579914
0.451901 0.579914
0.467324 0.579914
0.482747 0.579914
0.498171 0.579914
0.518221 0.579914
0.533644 0.579914
0.558321 0.579914
-0.564491 0.578372
-0.549067 0.578372
-0.530560 0.578372
-0.510509 0.578372
-0.490459 0.578372
-0.473494 0.578372
-0.454986 0.578372
-0.439562 0.578372
-0.424139 0.578372
-0.402547 0.578372
-0.387123 0.578372
-0.365531 0.578372
-0.350108 0.578372
-0.334684 0.578372
-0.311549 0.578372
-0.296126 0.578372
-0.280703 0.578372
-0.265280 0.578372
-0.245230 0.578372
-0.222095 0.578372
-0.206671 0.578372
-0.191248 0.578372
-0.175825 0.578372
-0.160402 0.578372
-0.144978 0.578372
-0.129555 0.578372
-0.114132 0.578372
-0.098709 0.578372
-0.075574 0.578372
-0.060151 0.578372
-0.044727 0.578372
-0.027762 0.578372
-0.012339 0.578372
0.004627 0.578372
0.020050 0.578372
0.035473 0.578372
0.050897 0.578372
0.066320 0.578372
0.081743 0.578372
0.097166 0.578372
0.112590 0.578372
0.128013 0.578372
0.143436 0.578372
0.158859 0.578372
0.178910 0.578372
0.194333 0.578372
0.219010 0.578372
0.234433 0.578372
0.249857 0.578372
0.265280 0.578372
0.280703 0.578372
0.296126 0.578372
0.311549 0.578372
0.326973 0.578372
0.342396 0.578372
0.357819 0.578372
0.373242 0.578372
0.388666 0.578372
0.404089 0.578372
0.419512 0.578372
0.445732 0.578372
0.461155 0.578372
0.476578 0.578372
0.492001 0.578372
0.510509 0.578372
0.525933 0.578372
0.542898 0.578372
-0.570660 0.576829
-0.555237 0.576829
-0.533644 0.576829
-0.513594 0.576829
-0.498171 0.576829
-0.479663 0.576829
-0.461155 0.576829
-0.445732 0.576829
-0.430308 0.576829
-0.408716 0.576829
-0.393293 0.576829
-0.377869 0.576829
-0.362446 0.576829
-0.347023 0.576829
-0.331600 0.576829
-0.308465 0.576829
-0.293042 0.576829
-0.277618 0.576829
-0.262195 0.576829
-0.246772 0.576829
-0.223637 0.576829
-0.208214 0.576829
-0.192791 0.576829
-0.177367 0.576829
-0.161944 0.576829
-0.146521 0.576829
-0.131098 0.576829
-0.115674 0.576829
-0.100251 0.576829
-0.077116 0.576829
-0.061693 0.576829
-0.046270 0.576829
-0.029304 0.576829
-0.013881 0.576829
0.001542 0.576829
0.016966 0.576829
0.032389 0.576829
0.047812 0.576829
0.063235 0.576829
0.078659 0.576829
0.094082 0.576829
0.109505 0.576829
0.124928 0.576829
0.140352 0.576829
0.155775 0.576829
0.180452 0.576829
0.195875 0.576829
0.219010 0.576829
0.235976 0.576829
0.251399 0.576829
0.266822 0.576829
0.282245 0.576829
0.297669 0.576829
0.313092 0.576829
0.328515 0.576829
0.343938 0.576829
0.359362 0.576829
0.374785 0.576829
0.390208 0.576829
0.405631 0.576829
0.421055 0.576829
0.448816 0.576829
0.464240 0.576829
0.481205 0.576829
0.496628 0.576829
0.516679 0.576829
0.532102 0.576829
0.559864 0.576829
-0.561406 0.575287
-0.544440 0.575287
-0.522848 0.575287
-0.507425 0.575287
-0.488917 0.575287
-0.473494 0.575287
-0.456528 0.575287
-0.441105 0.575287
-0.421055 0.575287
-0.405631 0.575287
-0.390208 0.575287
-0.374785 0.575287
-0.359362 0.575287
-0.343938 0.575287
-0.328515 0.575287
-0.313092 0.575287
-0.291499 0.575287
-0.276076 0.575287
-0.260653 0.575287
-0.245230 0.575287
-0.222095 0.575287
-0.206671 0.575287
-0.191248 0.575287
-0.163486 0.575287
-0.148063 0.575287
-0.132640 0.575287
-0.117217 0.575287
-0.092539 0.575287
-0.077116 0.575287
-0.061693 0.575287
-0.046270 0.575287
-0.030846 0.575287
-0.015423 0.575287
0.000000 0.575287
0.015423 0.575287
0.030846 0.575287
0.046270 0.575287
0.061693 0.575287
0.077116 0.575287
0.092539 0.575287
0.107963 0.575287
0.123386 0.575287
0.138809 0.575287
0.154232 0.575287
0.169656 0.575287
0.192791 0.575287
0.211298 0.575287
0.237518 0.575287
0.252941 0.575287
0.268364 0.575287
0.283788 0.575287
0.299211 0.575287
0.314634 0.575287
0.330057 0.575287
0.345481 0.575287
0.360904 0.575287
0.376327 0.575287
0.391750 0.575287
0.407174 0.575287
0.422597 0.575287
0.441105 0.575287
0.456528 0.575287
0.475036 0.575287
0.490459 0.575287
0.510509 0.575287
0.525933 0.575287
0.545983 0.575287
-0.564491 0.573745
-0.547525 0.573745
-0.524390 0.573745
-0.508967 0.573745
-0.492001 0.573745
-0.475036 0.573745
-0.459613 0.573745
-0.444189 0.573745
-0.428766 0.573745
-0.404089 0.573745
-0.388666 0.573745
-0.368616 0.573745
-0.353192 0.573745
-0.337769 0.573745
-0.322346 0.573745
-0.300753 0.573745
-0.285330 0.573745
-0.269907 0.573745
-0.254483 0.573745
-0.239060 0.573745
-0.215925 0.573745
-0.200502 0.573745
-0.185079 0.573745
-0.160402 0.573745
-0.144978 0.573745
-0.129555 0.573745
-0.114132 0.573745
-0.087912 0.573745
-0.072489 0.573745
-0.057066 0.573745
-0.041643 0.573745
-0.026220 0.573745
-0.010796 0.573745
0.004627 0.573745
0.020050 0.573745
0.035473 0.573745
0.050897 0.573745
0.066320 0.573745
0.081743 0.573745
0.097166 0.573745
0.112590 0.573745
0.128013 0.573745
0.143436 0.573745
0.158859 0.573745
0.174283 0.573745
0.197417 0.573745
0.215925 0.573745
0.240603 0.573745
0.256026 0.573745
0.271449 0.573745
0.286872 0.573745
0.302296 0.573745
0.317719 0.573745
0.333142 0.573745
0.348565 0.573745
0.363989 0.573745
0.379412 0.573745
0.394835 0.573745
0.410258 0.573745
0.425682 0.573745
0.441105 0.573745
0.456528 0.573745
0.475036 0.573745
0.490459 0.573745
0.512052 0.573745
0.527475 0.573745
0.547525 0.573745
-0.566033 0.572202
-0.549067 0.572202
-0.525933 0.572202
-0.510509 0.572202
-0.492001 0.572202
-0.475036 0.572202
-0.459613 0.572202
-0.444189 0.572202
-0.428766 0.572202
-0.410258 0.572202
-0.391750 0.572202
-0.371700 0.572202
-0.356277 0.572202
-0.340854 0.572202
-0.325430 0.572202
-0.310007 0.572202
-0.293042 0.572202
-0.277618 0.572202
-0.262195 0.572202
-0.246772 0.572202
-0.229806 0.572202
-0.205129 0.572202
-0.189706 0.572202
-0.174283 0.572202
-0.158859 0.572202
-0.143436 0.572202
-0.128013 0.572202
-0.104878 0.572202
-0.089455 0.572202
-0.074032 0.572202
-0.058608 0.572202
-0.043185 0.572202
-0.027762 0.572202
-0.012339 0.572202
0.003085 0.572202
0.018508 0.572202
0.033931 0.572202
0.049354 0.572202
0.064778 0.572202
0.080201 0.572202
0.107963 0.572202
0.123386 0.572202
0.138809 0.572202
0.154232 0.572202
0.169656 0.572202
0.191248 0.572202
0.206671 0.572202
0.223637 0.572202
0.243687 0.572202
0.259110 0.572202
0.274534 0.572202
0.289957 0.572202
0.305380 0.572202
0.320803 0.572202
0.336227 0.572202
0.351650 0.572202
0.367073 0.572202
0.382496 0.572202
0.397920 0.572202
0.413343 0.572202
0.428766 0.572202
0.444189 0.572202
0.459613 0.572202
0.478121 0.572202
0.493544 0.572202
0.513594 0.572202
0.529017 0.572202
0.549067 0.572202
-0.566033 0.570660
-0.549067 0.570660
-0.522848 0.570660
-0.507425 0.570660
-0.488917 0.570660
-0.468867 0.570660
-0.453443 0.570660
-0.438020 0.570660
-0.419512 0.570660
-0.396377 0.570660
-0.379412 0.570660
-0.360904 0.570660
-0.345481 0.570660
-0.330057 0.570660
-0.314634 0.570660
-0.299211 0.570660
-0.283788 0.570660
-0.268364 0.570660
-0.252941 0.570660
-0.234433 0.570660
-0.205129 0.570660
-0.189706 0.570660
-0.174283 0.570660
-0.158859 0.570660
-0.143436 0.570660
-0.128013 0.570660
-0.109505 0.570660
-0.094082 0.570660
-0.078659 0.570660
-0.063235 0.570660
-0.047812 0.570660
-0.032389 0.570660
-0.016966 0.570660
-0.001542 0.570660
0.013881 0.570660
0.029304 0.570660
0.044727 0.570660
0.060151 0.570660
0.086370 0.570660
0.112590 0.570660
0.128013 0.570660
0.143436 0.570660
0.158859 0.570660
0.174283 0.570660
0.192791 0.570660
0.208214 0.570660
0.225179 0.570660
0.240603 0.570660
0.256026 0.570660
0.271449 0.570660
0.286872 0.570660
0.302296 0.570660
0.317719 0.570660
0.333142 0.570660
0.348565 0.570660
0.363989 0.570660
0.379412 0.570660
0.394835 0.570660
0.410258 0.570660
0.425682 0.570660
0.441105 0.570660
0.456528 0.570660
0.476578 0.570660
0.492001 0.570660
0.510509 0.570660
0.525933 0.570660
0.541356 0.570660
-0.570660 0.569118
-0.553694 0.569118
-0.527475 0.569118
-0.512052 0.569118
-0.493544 0.569118
-0.475036 0.569118
-0.459613 0.569118
-0.444189 0.569118
-0.425682 0.569118
-0.410258 0.569118
-0.390208 0.569118
-0.374785 0.569118
-0.359362 0.569118
-0.343938 0.569118
-0.328515 0.569118
-0.313092 0.569118
-0.297669 0.569118
-0.282245 0.569118
-0.266822 0.569118
-0.246772 0.569118
-0.228264 0.569118
-0.198960 0.569118
-0.183537 0.569118
-0.168113 0.569118
-0.152690 0.569118
-0.137267 0.569118
-0.121844 0.569118
-0.106420 0.569118
-0.090997 0.569118
-0.075574 0.569118
-0.060151 0.569118
-0.044727 0.569118
-0.029304 0.569118
-0.013881 0.569118
0.001542 0.569118
0.016966 0.569118
0.032389 0.569118
0.047812 0.569118
0.063235 0.569118
0.078659 0.569118
0.104878 0.569118
0.120301 0.569118
0.135725 0.569118
0.151148 0.569118
0.166571 0.569118
0.181994 0.569118
0.200502 0.569118
0.217468 0.569118
0.232891 0.569118
0.248314 0.569118
0.263737 0.569118
0.279161 0.569118
0.294584 0.569118
0.310007 0.569118
0.325430 0.569118
0.340854 0.569118
0.356277 0.569118
0.373242 0.569118
0.388666 0.569118
0.404089 0.569118
0.419512 0.569118
0.434935 0.569118
0.450359 0.569118
0.465782 0.569118
0.485832 0.569118
0.501255 0.569118
0.516679 0.569118
0.532102 0.569118
0.552152 0.569118
-0.566033 0.567575
-0.542898 0.567575
-0.524390 0.567575
-0.508967 0.567575
-0.490459 0.567575
-0.471951 0.567575
-0.456528 0.567575
-0.441105 0.567575
-0.424139 0.567575
-0.408716 0.567575
-0.387123 0.567575
-0.371700 0.567575
-0.356277 0.567575
-0.340854 0.567575
-0.325430 0.567575
-0.310007 0.567575
-0.294584 0.567575
-0.279161 0.567575
-0.263737 0.567575
-0.243687 0.567575
-0.228264 0.567575
-0.212841 0.567575
-0.183537 0.567575
-0.168113 0.567575
-0.149605 0.567575
-0.121844 0.567575
-0.106420 0.567575
-0.090997 0.567575
-0.060151 0.567575
-0.044727 0.567575
-0.029304 0.567575
-0.013881 0.567575
0.001542 0.567575
0.016966 0.567575
0.032389 0.567575
0.047812 0.567575
0.063235 0.567575
0.078659 0.567575
0.098709 0.567575
0.114132 0.567575
0.129555 0.567575
0.144978 0.567575
0.160402 0.567575
0.175825 0.567575
0.191248 0.567575
0.206671 0.567575
0.222095 0.567575
0.237518 0.567575
0.252941 0.567575
0.268364 0.567575
0.283788 0.567575
0.299211 0.567575
0.314634 0.567575
0.330057 0.567575
0.345481 0.567575
0.360904 0.567575
0.376327 0.567575
0.393293 0.567575
0.408716 0.567575
0.424139 0.567575
0.439562 0.567575
0.454986 0.567575
0.476578 0.567575
0.492001 0.567575
0.507425 0.567575
0.522848 0.567575
0.539813 0.567575
-0.573745 0.566033
-0.556779 0.566033
-0.533644 0.566033
-0.516679 0.566033
-0.496628 0.566033
-0.476578 0.566033
-0.461155 0.566033
-0.445732 0.566033
-0.428766 0.566033
-0.413343 0.566033
-0.397920 0.566033
-0.377869 0.566033
-0.356277 0.566033
-0.340854 0.566033
-0.325430 0.566033
-0.310007 0.566033
-0.294584 0.566033
-0.266822 0.566033
-0.251399 0.566033
-0.232891 0.566033
-0.217468 0.566033
-0.188164 0.566033
-0.172740 0.566033
-0.154232 0.566033
-0.129555 0.566033
-0.114132 0.566033
-0.098709 0.566033
-0.072489 0.566033
-0.057066 0.566033
-0.041643 0.566033
-0.026220 0.566033
-0.010796 0.566033
0.004627 0.566033
0.020050 0.566033
0.035473 0.566033
0.050897 0.566033
0.066320 0.566033
0.090997 0.566033
0.106420 0.566033
0.121844 0.566033
0.137267 0.566033
0.152690 0.566033
0.168113 0.566033
0.183537 0.566033
0.198960 0.566033
0.214383 0.566033
0.229806 0.566033
0.245230 0.566033
0.260653 0.566033
0.276076 0.566033
0.291499 0.566033
0.308465 0.566033
0.323888 0.566033
0.343938 0.566033
0.359362 0.566033
0.376327 0.566033
0.391750 0.566033
0.407174 0.566033
0.422597 0.566033
0.438020 0.566033
0.453443 0.566033
0.470409 0.566033
0.485832 0.566033
0.501255 0.566033
0.516679 0.566033
0.533644 0.566033
0.553694 0.566033
-0.567575 0.564491
-0.542898 0.564491
-0.525933 0.564491
-0.510509 0.564491
-0.487374 0.564491
-0.470409 0.564491
-0.454986 0.564491
-0.438020 0.564491
-0.422597 0.564491
-0.407174 0.564491
-0.391750 0.564491
-0.371700 0.564491
-0.348565 0.564491
-0.330057 0.564491
-0.314634 0.564491
-0.299211 0.564491
-0.283788 0.564491
-0.259110 0.564491
-0.243687 0.564491
-0.222095 0.564491
-0.206671 0.564491
-0.183537 0.564491
-0.163486 0.564491
-0.148063 0.564491
-0.132640 0.564491
-0.117217 0.564491
-0.083286 0.564491
-0.067862 0.564491
-0.052439 0.564491
-0.027762 0.564491
-0.012339 0.564491
0.003085 0.564491
0.020050 0.564491
0.035473 0.564491
0.050897 0.564491
0.077116 0.564491
0.092539 0.564491
0.107963 0.564491
0.123386 0.564491
0.138809 0.564491
0.154232 0.564491
0.169656 0.564491
0.185079 0.564491
0.200502 0.564491
0.215925 0.564491
0.231349 0.564491
0.249857 0.564491
0.265280 0.564491
0.280703 0.564491
0.296126 0.564491
0.316176 0.564491
0.339311 0.564491
0.354735 0.564491
0.371700 0.564491
0.387123 0.564491
0.402547 0.564491
0.417970 0.564491
0.433393 0.564491
0.448816 0.564491
0.465782 0.564491
0.481205 0.564491
0.496628 0.564491
0.512052 0.564491
0.527475 0.564491
0.544440 0.564491
-0.572202 0.562948
-0.553694 0.562948
-0.532102 0.562948
-0.516679 0.562948
-0.498171 0.562948
-0.476578 0.562948
-0.461155 0.562948
-0.442647 0.562948
-0.427224 0.562948
-0.411801 0.562948
-0.393293 0.562948
-0.373242 0.562948
-0.357819 0.562948
-0.342396 0.562948
-0.326973 0.562948
-0.311549 0.562948
-0.296126 0.562948
-0.280703 0.562948
-0.265280 0.562948
-0.248314 0.562948
-0.225179 0.562948
-0.209756 0.562948
-0.194333 0.562948
-0.166571 0.562948
-0.151148 0.562948
-0.135725 0.562948
-0.120301 0.562948
-0.087912 0.562948
-0.072489 0.562948
-0.057066 0.562948
-0.035473 0.562948
-0.012339 0.562948
0.003085 0.562948
0.020050 0.562948
0.035473 0.562948
0.052439 0.562948
0.067862 0.562948
0.083286 0.562948
0.098709 0.562948
0.114132 0.562948
0.129555 0.562948
0.144978 0.562948
0.160402 0.562948
0.175825 0.562948
0.191248 0.562948
0.206671 0.562948
0.222095 0.562948
0.237518 0.562948
0.254483 0.562948
0.269907 0.562948
0.285330 0.562948
0.300753 0.562948
0.322346 0.562948
0.350108 0.562948
0.365531 0.562948
0.380954 0.562948
0.396377 0.562948
0.411801 0.562948
0.427224 0.562948
0.442647 0.562948
0.458070 0.562948
0.475036 0.562948
0.490459 0.562948
0.505882 0.562948
0.521306 0.562948
0.536729 0.562948
0.556779 0.562948
-0.566033 0.561406
-0.545983 0.561406
-0.529017 0.561406
-0.513594 0.561406
-0.490459 0.561406
-0.473494 0.561406
-0.458070 0.561406
-0.438020 0.561406
-0.422597 0.561406
-0.407174 0.561406
-0.390208 0.561406
-0.374785 0.561406
-0.359362 0.561406
-0.343938 0.561406
-0.328515 0.561406
-0.313092 0.561406
-0.297669 0.561406
-0.282245 0.561406
-0.266822 0.561406
-0.251399 0.561406
-0.235976 0.561406
-0.212841 0.561406
-0.197417 0.561406
-0.181994 0.561406
-0.166571 0.561406
-0.151148 0.561406
-0.135725 0.561406
-0.120301 0.561406
-0.090997 0.561406
-0.075574 0.561406
-0.060151 0.561406
-0.040100 0.561406
-0.015423 0.561406
0.000000 0.561406
0.015423 0.561406
0.032389 0.561406
0.047812 0.561406
0.063235 0.561406
0.078659 0.561406
0.094082 0.561406
0.109505 0.561406
0.124928 0.561406
0.140352 0.561406
0.155775 0.561406
0.171198 0.561406
0.186621 0.561406
0.202044 0.561406
0.217468 0.561406
0.232891 0.561406
0.248314 0.561406
0.263737 0.561406
0.279161 0.561406
0.294584 0.561406
0.310007 0.561406
0.325430 0.561406
0.340854 0.561406
0.370158 0.561406
0.385581 0.561406
0.401004 0.561406
0.416428 0.561406
0.431851 0.561406
0.447274 0.561406
0.462697 0.561406
0.478121 0.561406
0.493544 0.561406
0.510509 0.561406
0.525933 0.561406
0.541356 0.561406
-0.576829 0.559864
-0.558321 0.559864
-0.539813 0.559864
-0.521306 0.559864
-0.502798 0.559864
-0.482747 0.559864
-0.467324 0.559864
-0.451901 0.559864
-0.431851 0.559864
-0.416428 0.559864
-0.401004 0.559864
-0.385581 0.559864
-0.370158 0.559864
-0.354735 0.559864
-0.339311 0.559864
-0.323888 0.559864
-0.306923 0.559864
-0.291499 0.559864
-0.276076 0.559864
-0.260653 0.559864
-0.240603 0.559864
-0.219010 0.559864
-0.203587 0.559864
-0.188164 0.559864
-0.158859 0.559864
-0.143436 0.559864
-0.103336 0.559864
-0.087912 0.559864
-0.072489 0.559864
-0.055524 0.559864
-0.040100 0.559864
-0.018508 0.559864
-0.003085 0.559864
0.012339 0.559864
0.027762 0.559864
0.043185 0.559864
0.058608 0.559864
0.074032 0.559864
0.089455 0.559864
0.104878 0.559864
0.120301 0.559864
0.135725 0.559864
0.151148 0.559864
0.166571 0.559864
0.181994 0.559864
0.197417 0.559864
0.212841 0.559864
0.228264 0.559864
0.243687 0.559864
0.259110 0.559864
0.274534 0.559864
0.289957 0.559864
0.305380 0.559864
0.320803 0.559864
0.336227 0.559864
0.359362 0.559864
0.380954 0.559864
0.396377 0.559864
0.411801 0.559864
0.427224 0.559864
0.442647 0.559864
0.458070 0.559864
0.473494 0.559864
0.488917 0.559864
0.505882 0.559864
0.524390 0.559864
0.539813 0.559864
0.558321 0.559864
-0.562948 0.558321
-0.544440 0.558321
-0.524390 0.558321
-0.507425 0.558321
-0.485832 0.558321
-0.470409 0.558321
-0.454986 0.558321
-0.436478 0.558321
-0.419512 0.558321
-0.404089 0.558321
-0.388666 0.558321
-0.373242 0.558321
-0.357819 0.558321
-0.342396 0.558321
-0.326973 0.558321
-0.306923 0.558321
-0.291499 0.558321
-0.276076 0.558321
-0.260653 0.558321
-0.242145 0.558321
-0.226722 0.558321
-0.194333 0.558321
-0.178910 0.558321
-0.120301 0.558321
-0.104878 0.558321
-0.089455 0.558321
-0.074032 0.558321
-0.049354 0.558321
-0.033931 0.558321
-0.018508 0.558321
-0.003085 0.558321
0.012339 0.558321
0.027762 0.558321
0.043185 0.558321
0.058608 0.558321
0.074032 0.558321
0.089455 0.558321
0.104878 0.558321
0.120301 0.558321
0.135725 0.558321
0.151148 0.558321
0.166571 0.558321
0.181994 0.558321
0.197417 0.558321
0.212841 0.558321
0.228264 0.558321
0.243687 0.558321
0.259110 0.558321
0.274534 0.558321
0.289957 0.558321
0.305380 0.558321
0.320803 0.558321
0.336227 0.558321
0.351650 0.558321
0.367073 0.558321
0.384039 0.558321
0.399462 0.558321
0.414885 0.558321
0.430308 0.558321
0.445732 0.558321
0.461155 0.558321
0.476578 0.558321
0.492001 0.558321
0.508967 0.558321
0.529017 0.558321
0.544440 0.558321
-0.576829 0.556779
-0.559864 0.556779
-0.541356 0.556779
-0.522848 0.556779
-0.504340 0.556779
-0.485832 0.556779
-0.470409 0.556779
-0.454986 0.556779
-0.438020 0.556779
-0.419512 0.556779
-0.404089 0.556779
-0.387123 0.556779
-0.371700 0.556779
-0.356277 0.556779
-0.340854 0.556779
-0.325430 0.556779
-0.305380 0.556779
-0.289957 0.556779
-0.274534 0.556779
-0.259110 0.556779
-0.243687 0.556779
-0.228264 0.556779
-0.192791 0.556779
-0.177367 0.556779
-0.161944 0.556779
-0.126471 0.556779
-0.111047 0.556779
-0.095624 0.556779
-0.080201 0.556779
-0.038558 0.556779
-0.023135 0.556779
-0.007712 0.556779
0.009254 0.556779
0.024677 0.556779
0.040100 0.556779
0.055524 0.556779
0.070947 0.556779
0.086370 0.556779
0.104878 0.556779
0.120301 0.556779
0.138809 0.556779
0.154232 0.556779
0.169656 0.556779
0.185079 0.556779
0.200502 0.556779
0.215925 0.556779
0.231349 0.556779
0.246772 0.556779
0.262195 0.556779
0.277618 0.556779
0.293042 0.556779
0.308465 0.556779
0.323888 0.556779
0.339311 0.556779
0.354735 0.556779
0.370158 0.556779
0.385581 0.556779
0.401004 0.556779
0.416428 0.556779
0.431851 0.556779
0.447274 0.556779
0.462697 0.556779
0.478121 0.556779
0.493544 0.556779
0.510509 0.556779
0.529017 0.556779
0.544440 0.556779
-0.575287 0.555237
-0.556779 0.555237
-0.538271 0.555237
-0.518221 0.555237
-0.496628 0.555237
-0.481205 0.555237
-0.465782 0.555237
-0.450359 0.555237
-0.433393 0.555237
-0.417970 0.555237
-0.402547 0.555237
-0.374785 0.555237
-0.359362 0.555237
-0.343938 0.555237
-0.325430 0.555237
-0.305380 0.555237
-0.289957 0.555237
-0.274534 0.555237
-0.259110 0.555237
-0.243687 0.555237
-0.228264 0.555237
-0.212841 0.555237
-0.166571 0.555237
-0.151148 0.555237
-0.128013 0.555237
-0.112590 0.555237
-0.087912 0.555237
-0.063235 0.555237
-0.047812 0.555237
-0.032389 0.555237
-0.016966 0.555237
-0.001542 0.555237
0.018508 0.555237
0.033931 0.555237
0.049354 0.555237
0.064778 0.555237
0.080201 0.555237
0.100251 0.555237
0.115674 0.555237
0.134182 0.555237
0.149605 0.555237
0.165029 0.555237
0.180452 0.555237
0.195875 0.555237
0.211298 0.555237
0.226722 0.555237
0.242145 0.555237
0.257568 0.555237
0.272991 0.555237
0.288415 0.555237
0.303838 0.555237
0.319261 0.555237
0.334684 0.555237
0.350108 0.555237
0.365531 0.555237
0.380954 0.555237
0.396377 0.555237
0.411801 0.555237
0.427224 0.555237
0.442647 0.555237
0.458070 0.555237
0.473494 0.555237
0.488917 0.555237
0.505882 0.555237
0.522848 0.555237
0.541356 0.555237
-0.576829 0.553694
-0.558321 0.553694
-0.539813 0.553694
-0.519763 0.553694
-0.498171 0.553694
-0.482747 0.553694
-0.467324 0.553694
-0.451901 0.553694
-0.434935 0.553694
-0.419512 0.553694
-0.404089 0.553694
-0.384039 0.553694
-0.368616 0.553694
-0.353192 0.553694
-0.331600 0.553694
-0.316176 0.553694
-0.297669 0.553694
-0.282245 0.553694
-0.265280 0.553694
-0.249857 0.553694
-0.229806 0.553694
-0.214383 0.553694
-0.198960 0.553694
-0.174283 0.553694
-0.158859 0.553694
-0.143436 0.553694
-0.128013 0.553694
-0.112590 0.553694
-0.070947 0.553694
-0.055524 0.553694
-0.040100 0.553694
-0.024677 0.553694
-0.009254 0.553694
0.010796 0.553694
0.026220 0.553694
0.041643 0.553694
0.057066 0.553694
0.072489 0.553694
0.092539 0.553694
0.107963 0.553694
0.126471 0.553694
0.141894 0.553694
0.157317 0.553694
0.172740 0.553694
0.188164 0.553694
0.203587 0.553694
0.219010 0.553694
0.234433 0.553694
0.249857 0.553694
0.265280 0.553694
0.280703 0.553694
0.296126 0.553694
0.311549 0.553694
0.326973 0.553694
0.342396 0.553694
0.357819 0.553694
0.373242 0.553694
0.388666 0.553694
0.404089 0.553694
0.419512 0.553694
0.434935 0.553694
0.450359 0.553694
0.467324 0.553694
0.482747 0.553694
0.501255 0.553694
0.516679 0.553694
0.536729 0.553694
0.556779 0.553694
-0.566033 0.552152
-0.547525 0.552152
-0.529017 0.552152
-0.510509 0.552152
-0.492001 0.552152
-0.476578 0.552152
-0.461155 0.552152
-0.445732 0.552152
-0.430308 0.552152
-0.414885 0.552152
-0.399462 0.552152
-0.384039 0.552152
-0.368616 0.552152
-0.353192 0.552152
-0.337769 0.552152
-0.317719 0.552152
-0.299211 0.552152
-0.283788 0.552152
-0.260653 0.552152
-0.245230 0.552152
-0.219010 0.552152
-0.203587 0.552152
-0.186621 0.552152
-0.160402 0.552152
-0.144978 0.552152
-0.129555 0.552152
-0.114132 0.552152
-0.098709 0.552152
-0.064778 0.552152
-0.049354 0.552152
-0.015423 0.552152
0.010796 0.552152
0.026220 0.552152
0.041643 0.552152
0.057066 0.552152
0.072489 0.552152
0.092539 0.552152
0.107963 0.552152
0.126471 0.552152
0.141894 0.552152
0.158859 0.552152
0.174283 0.552152
0.189706 0.552152
0.205129 0.552152
0.220552 0.552152
0.235976 0.552152
0.251399 0.552152
0.266822 0.552152
0.282245 0.552152
0.297669 0.552152
0.313092 0.552152
0.328515 0.552152
0.343938 0.552152
0.359362 0.552152
0.374785 0.552152
0.390208 0.552152
0.405631 0.552152
0.421055 0.552152
0.438020 0.552152
0.453443 0.552152
0.471951 0.552152
0.487374 0.552152
0.504340 0.552152
0.522848 0.552152
0.541356 0.552152
-0.579914 0.550610
-0.561406 0.550610
-0.544440 0.550610
-0.524390 0.550610
-0.507425 0.550610
-0.488917 0.550610
-0.473494 0.550610
-0.458070 0.550610
-0.441105 0.550610
-0.425682 0.550610
-0.410258 0.550610
-0.394835 0.550610
-0.379412 0.550610
-0.363989 0.550610
-0.348565 0.550610
-0.333142 0.550610
-0.313092 0.550610
-0.296126 0.550610
-0.280703 0.550610
-0.256026 0.550610
-0.240603 0.550610
-0.209756 0.550610
-0.194333 0.550610
-0.178910 0.550610
-0.163486 0.550610
-0.148063 0.550610
-0.132640 0.550610
-0.117217 0.550610
-0.101793 0.550610
-0.069405 0.550610
-0.053981 0.550610
-0.038558 0.550610
0.010796 0.550610
0.026220 0.550610
0.041643 0.550610
0.058608 0.550610
0.074032 0.550610
0.095624 0.550610
0.111047 0.550610
0.129555 0.550610
0.148063 0.550610
0.163486 0.550610
0.178910 0.550610
0.194333 0.550610
0.209756 0.550610
0.225179 0.550610
0.240603 0.550610
0.256026 0.550610
0.271449 0.550610
0.286872 0.550610
0.302296 0.550610
0.320803 0.550610
0.336227 0.550610
0.351650 0.550610
0.367073 0.550610
0.382496 0.550610
0.397920 0.550610
0.413343 0.550610
0.430308 0.550610
0.445732 0.550610
0.461155 0.550610
0.479663 0.550610
0.495086 0.550610
0.513594 0.550610
0.532102 0.550610
0.547525 0.550610
-0.575287 0.549067
-0.556779 0.549067
-0.541356 0.549067
-0.522848 0.549067
-0.501255 0.549067
-0.485832 0.549067
-0.470409 0.549067
-0.454986 0.549067
-0.439562 0.549067
-0.424139 0.549067
-0.408716 0.549067
-0.393293 0.549067
-0.377869 0.549067
-0.362446 0.549067
-0.347023 0.549067
-0.331600 0.549067
-0.310007 0.549067
-0.294584 0.549067
-0.279161 0.549067
-0.252941 0.549067
-0.237518 0.549067
-0.195875 0.549067
-0.180452 0.549067
-0.165029 0.549067
-0.149605 0.549067
-0.134182 0.549067
-0.118759 0.549067
-0.089455 0.549067
-0.070947 0.549067
-0.055524 0.549067
-0.032389 0.549067
-0.016966 0.549067
0.000000 0.549067
0.015423 0.549067
0.030846 0.549067
0.046270 0.549067
0.061693 0.549067
0.083286 0.549067
0.098709 0.549067
0.114132 0.549067
0.131098 0.549067
0.151148 0.549067
0.166571 0.549067
0.181994 0.549067
0.197417 0.549067
0.212841 0.549067
0.228264 0.549067
0.243687 0.549067
0.259110 0.549067
0.274534 0.549067
0.289957 0.549067
0.305380 0.549067
0.323888 0.549067
0.339311 0.549067
0.354735 0.549067
0.370158 0.549067
0.385581 0.549067
0.401004 0.549067
0.416428 0.549067
0.433393 0.549067
0.448816 0.549067
0.465782 0.549067
0.481205 0.549067
0.498171 0.549067
0.513594 0.549067
0.533644 0.549067
0.549067 0.549067
-0.575287 0.547525
-0.558321 0.547525
-0.542898 0.547525
-0.524390 0.547525
-0.502798 0.547525
-0.487374 0.547525
-0.471951 0.547525
-0.456528 0.547525
-0.439562 0.547525
-0.424139 0.547525
-0.402547 0.547525
-0.387123 0.547525
-0.371700 0.547525
-0.356277 0.547525
-0.340854 0.547525
-0.325430 0.547525
-0.306923 0.547525
-0.289957 0.547525
-0.274534 0.547525
-0.254483 0.547525
-0.239060 0.547525
-0.223637 0.547525
-0.208214 0.547525
-0.183537 0.547525
-0.168113 0.547525
-0.152690 0.547525
-0.137267 0.547525
-0.121844 0.547525
-0.103336 0.547525
-0.087912 0.547525
-0.072489 0.547525
-0.030846 0.547525
-0.015423 0.547525
0.000000 0.547525
0.015423 0.547525
0.043185 0.547525
0.058608 0.547525
0.075574 0.547525
0.090997 0.547525
0.106420 0.547525
0.123386 0.547525
0.146521 0.547525
0.161944 0.547525
0.177367 0.547525
0.192791 0.547525
0.208214 0.547525
0.223637 0.547525
0.239060 0.547525
0.254483 0.547525
0.269907 0.547525
0.285330 0.547525
0.300753 0.547525
0.316176 0.547525
0.334684 0.547525
0.350108 0.547525
0.365531 0.547525
0.380954 0.547525
0.396377 0.547525
0.411801 0.547525
0.428766 0.547525
0.444189 0.547525
0.459613 0.547525
0.478121 0.547525
0.493544 0.547525
0.512052 0.547525
0.532102 0.547525
0.547525 0.547525
-0.578372 0.545983
-0.559864 0.545983
-0.544440 0.545983
-0.525933 0.545983
-0.504340 0.545983
-0.488917 0.545983
-0.473494 0.545983
-0.458070 0.545983
-0.439562 0.545983
-0.424139 0.545983
-0.399462 0.545983
-0.382496 0.545983
-0.367073 0.545983
-0.351650 0.545983
-0.336227 0.545983
-0.320803 0.545983
-0.305380 0.545983
-0.285330 0.545983
-0.269907 0.545983
-0.252941 0.545983
-0.232891 0.545983
-0.215925 0.545983
-0.200502 0.545983
-0.174283 0.545983
-0.151148 0.545983
-0.135725 0.545983
-0.120301 0.545983
-0.104878 0.545983
-0.089455 0.545983
-0.074032 0.545983
-0.046270 0.545983
0.007712 0.545983
0.049354 0.545983
0.064778 0.545983
0.080201 0.545983
0.095624 0.545983
0.111047 0.545983
0.128013 0.545983
0.151148 0.545983
0.171198 0.545983
0.186621 0.545983
0.202044 0.545983
0.217468 0.545983
0.232891 0.545983
0.248314 0.545983
0.263737 0.545983
0.279161 0.545983
0.294584 0.545983
0.311549 0.545983
0.331600 0.545983
0.347023 0.545983
0.367073 0.545983
0.382496 0.545983
0.397920 0.545983
0.413343 0.545983
0.431851 0.545983
0.447274 0.545983
0.465782 0.545983
0.481205 0.545983
0.498171 0.545983
0.513594 0.545983
0.530560 0.545983
0.545983 0.545983
-0.581456 0.544440
-0.564491 0.544440
-0.549067 0.544440
-0.532102 0.544440
-0.513594 0.544440
-0.495086 0.544440
-0.479663 0.544440
-0.464240 0.544440
-0.447274 0.544440
-0.431851 0.544440
-0.410258 0.544440
-0.394835 0.544440
-0.376327 0.544440
-0.360904 0.544440
-0.345481 0.544440
-0.330057 0.544440
-0.314634 0.544440
-0.299211 0.544440
-0.283788 0.544440
-0.268364 0.544440
-0.252941 0.544440
-0.231349 0.544440
-0.212841 0.544440
-0.197417 0.544440
-0.171198 0.544440
-0.155775 0.544440
-0.140352 0.544440
-0.124928 0.544440
-0.109505 0.544440
-0.094082 0.544440
-0.078659 0.544440
-0.053981 0.544440
-0.038558 0.544440
-0.023135 0.544440
-0.004627 0.544440
0.010796 0.544440
0.026220 0.544440
0.070947 0.544440
0.086370 0.544440
0.101793 0.544440
0.118759 0.544440
0.143436 0.544440
0.158859 0.544440
0.178910 0.544440
0.194333 0.544440
0.209756 0.544440
0.225179 0.544440
0.240603 0.544440
0.256026 0.544440
0.271449 0.544440
0.286872 0.544440
0.302296 0.544440
0.320803 0.544440
0.345481 0.544440
0.368616 0.544440
0.384039 0.544440
0.401004 0.544440
0.416428 0.544440
0.434935 0.544440
0.450359 0.544440
0.470409 0.544440
0.485832 0.544440
0.504340 0.544440
0.521306 0.544440
0.536729 0.544440
0.552152 0.544440
-0.576829 0.542898
-0.561406 0.542898
-0.545983 0.542898
-0.530560 0.542898
-0.507425 0.542898
-0.492001 0.542898
-0.476578 0.542898
-0.461155 0.542898
-0.442647 0.542898
-0.427224 0.542898
-0.410258 0.542898
-0.393293 0.542898
-0.374785 0.542898
-0.359362 0.542898
-0.343938 0.542898
-0.328515 0.542898
-0.313092 0.542898
-0.297669 0.542898
-0.279161 0.542898
-0.263737 0.542898
-0.248314 0.542898
-0.231349 0.542898
-0.215925 0.542898
-0.200502 0.542898
-0.185079 0.542898
-0.160402 0.542898
-0.144978 0.542898
-0.115674 0.542898
-0.100251 0.542898
-0.078659 0.542898
-0.063235 0.542898
-0.040100 0.542898
-0.024677 0.542898
-0.009254 0.542898
0.006169 0.542898
0.021593 0.542898
0.037016 0.542898
0.052439 0.542898
0.084828 0.542898
0.100251 0.542898
0.115674 0.542898
0.141894 0.542898
0.157317 0.542898
0.172740 0.542898
0.188164 0.542898
0.203587 0.542898
0.219010 0.542898
0.234433 0.542898
0.249857 0.542898
0.265280 0.542898
0.280703 0.542898
0.296126 0.542898
0.316176 0.542898
0.331600 0.542898
0.368616 0.542898
0.384039 0.542898
0.401004 0.542898
0.416428 0.542898
0.434935 0.542898
0.450359 0.542898
0.470409 0.542898
0.485832 0.542898
0.502798 0.542898
0.518221 0.542898
0.535187 0.542898
0.550610 0.542898
-0.579914 0.541356
-0.564491 0.541356
-0.549067 0.541356
-0.533644 0.541356
-0.513594 0.541356
-0.496628 0.541356
-0.481205 0.541356
-0.465782 0.541356
-0.448816 0.541356
-0.433393 0.541356
-0.417970 0.541356
-0.402547 0.541356
-0.387123 0.541356
-0.371700 0.541356
-0.356277 0.541356
-0.340854 0.541356
-0.325430 0.541356
-0.310007 0.541356
-0.294584 0.541356
-0.272991 0.541356
-0.257568 0.541356
-0.242145 0.541356
-0.226722 0.541356
-0.211298 0.541356
-0.195875 0.541356
-0.180452 0.541356
-0.152690 0.541356
-0.126471 0.541356
-0.111047 0.541356
-0.095624 0.541356
-0.063235 0.541356
-0.033931 0.541356
-0.018508 0.541356
-0.003085 0.541356
0.024677 0.541356
0.040100 0.541356
0.055524 0.541356
0.087912 0.541356
0.103336 0.541356
0.129555 0.541356
0.144978 0.541356
0.160402 0.541356
0.175825 0.541356
0.191248 0.541356
0.206671 0.541356
0.222095 0.541356
0.237518 0.541356
0.252941 0.541356
0.268364 0.541356
0.283788 0.541356
0.299211 0.541356
0.316176 0.541356
0.331600 0.541356
0.350108 0.541356
0.365531 0.541356
0.380954 0.541356
0.399462 0.541356
0.414885 0.541356
0.433393 0.541356
0.448816 0.541356
0.468867 0.541356
0.484290 0.541356
0.504340 0.541356
0.522848 0.541356
0.539813 0.541356
0.555237 0.541356
-0.576829 0.539813
-0.561406 0.539813
-0.544440 0.539813
-0.529017 0.539813
-0.507425 0.539813
-0.492001 0.539813
-0.476578 0.539813
-0.459613 0.539813
-0.442647 0.539813
-0.427224 0.539813
-0.411801 0.539813
-0.396377 0.539813
-0.380954 0.539813
-0.365531 0.539813
-0.350108 0.539813
-0.334684 0.539813
-0.319261 0.539813
-0.303838 0.539813
-0.288415 0.539813
-0.266822 0.539813
-0.251399 0.539813
-0.235976 0.539813
-0.220552 0.539813
-0.205129 0.539813
-0.189706 0.539813
-0.174283 0.539813
-0.143436 0.539813
-0.128013 0.539813
-0.101793 0.539813
-0.086370 0.539813
-0.070947 0.539813
-0.055524 0.539813
-0.029304 0.539813
-0.013881 0.539813
0.001542 0.539813
0.032389 0.539813
0.047812 0.539813
0.063235 0.539813
0.095624 0.539813
0.123386 0.539813
0.138809 0.539813
0.154232 0.539813
0.169656 0.539813
0.191248 0.539813
0.206671 0.539813
0.222095 0.539813
0.237518 0.539813
0.252941 0.539813
0.268364 0.539813
0.283788 0.539813
0.299211 0.539813
0.314634 0.539813
0.330057 0.539813
0.345481 0.539813
0.360904 0.539813
0.376327 0.539813
0.394835 0.539813
0.410258 0.539813
0.430308 0.539813
0.445732 0.539813
0.465782 0.539813
0.481205 0.539813
0.499713 0.539813
0.515136 0.539813
0.532102 0.539813
0.547525 0.539813
-0.582999 0.538271
-0.566033 0.538271
-0.550610 0.538271
-0.533644 0.538271
-0.512052 0.538271
-0.496628 0.538271
-0.481205 0.538271
-0.464240 0.538271
-0.444189 0.538271
-0.428766 0.538271
-0.413343 0.538271
-0.397920 0.538271
-0.382496 0.538271
-0.367073 0.538271
-0.351650 0.538271
-0.336227 0.538271
-0.320803 0.538271
-0.305380 0.538271
-0.289957 0.538271
-0.274534 0.538271
-0.252941 0.538271
-0.237518 0.538271
-0.217468 0.538271
-0.194333 0.538271
-0.178910 0.538271
-0.163486 0.538271
-0.129555 0.538271
-0.114132 0.538271
-0.098709 0.538271
-0.083286 0.538271
-0.067862 0.538271
-0.052439 0.538271
-0.037016 0.538271
-0.013881 0.538271
0.001542 0.538271
0.016966 0.538271
0.040100 0.538271
0.055524 0.538271
0.070947 0.538271
0.120301 0.538271
0.135725 0.538271
0.151148 0.538271
0.166571 0.538271
0.188164 0.538271
0.203587 0.538271
0.219010 0.538271
0.234433 0.538271
0.249857 0.538271
0.265280 0.538271
0.280703 0.538271
0.296126 0.538271
0.311549 0.538271
0.326973 0.538271
0.342396 0.538271
0.357819 0.538271
0.373242 0.538271
0.390208 0.538271
0.405631 0.538271
0.425682 0.538271
0.441105 0.538271
0.461155 0.538271
0.476578 0.538271
0.496628 0.538271
0.512052 0.538271
0.530560 0.538271
0.545983 0.538271
0.566033 0.538271
-0.570660 0.536729
-0.553694 0.536729
-0.536729 0.536729
-0.516679 0.536729
-0.501255 0.536729
-0.485832 0.536729
-0.468867 0.536729
-0.450359 0.536729
-0.431851 0.536729
-0.416428 0.536729
-0.401004 0.536729
-0.385581 0.536729
-0.370158 0.536729
-0.354735 0.536729
-0.339311 0.536729
-0.323888 0.536729
-0.308465 0.536729
-0.293042 0.536729
-0.277618 0.536729
-0.256026 0.536729
-0.240603 0.536729
-0.215925 0.536729
-0.200502 0.536729
-0.174283 0.536729
-0.154232 0.536729
-0.123386 0.536729
-0.107963 0.536729
-0.092539 0.536729
-0.070947 0.536729
-0.052439 0.536729
-0.037016 0.536729
-0.021593 0.536729
-0.006169 0.536729
0.009254 0.536729
0.024677 0.536729
0.044727 0.536729
0.060151 0.536729
0.075574 0.536729
0.090997 0.536729
0.124928 0.536729
0.140352 0.536729
0.155775 0.536729
0.177367 0.536729
0.192791 0.536729
0.208214 0.536729
0.223637 0.536729
0.239060 0.536729
0.254483 0.536729
0.269907 0.536729
0.285330 0.536729
0.300753 0.536729
0.316176 0.536729
0.331600 0.536729
0.347023 0.536729
0.362446 0.536729
0.377869 0.536729
0.396377 0.536729
0.417970 0.536729
0.433393 0.536729
0.451901 0.536729
0.467324 0.536729
0.482747 0.536729
0.501255 0.536729
0.519763 0.536729
0.535187 0.536729
0.550610 0.536729
-0.581456 0.535187
-0.566033 0.535187
-0.547525 0.535187
-0.532102 0.535187
-0.512052 0.535187
-0.496628 0.535187
-0.481205 0.535187
-0.464240 0.535187
-0.436478 0.535187
-0.421055 0.535187
-0.399462 0.535187
-0.384039 0.535187
-0.368616 0.535187
-0.353192 0.535187
-0.337769 0.535187
-0.322346 0.535187
-0.306923 0.535187
-0.291499 0.535187
-0.276076 0.535187
-0.259110 0.535187
-0.243687 0.535187
-0.228264 0.535187
-0.208214 0.535187
-0.181994 0.535187
-0.155775 0.535187
-0.140352 0.535187
-0.103336 0.535187
-0.087912 0.535187
-0.072489 0.535187
-0.057066 0.535187
-0.041643 0.535187
-0.026220 0.535187
-0.010796 0.535187
0.004627 0.535187
0.020050 0.535187
0.035473 0.535187
0.050897 0.535187
0.066320 0.535187
0.081743 0.535187
0.097166 0.535187
0.134182 0.535187
0.149605 0.535187
0.171198 0.535187
0.186621 0.535187
0.202044 0.535187
0.217468 0.535187
0.232891 0.535187
0.248314 0.535187
0.263737 0.535187
0.279161 0.535187
0.294584 0.535187
0.310007 0.535187
0.325430 0.535187
0.340854 0.535187
0.362446 0.535187
0.377869 0.535187
0.394835 0.535187
0.416428 0.535187
0.431851 0.535187
0.448816 0.535187
0.464240 0.535187
0.479663 0.535187
0.496628 0.535187
0.512052 0.535187
0.527475 0.535187
0.542898 0.535187
-0.586083 0.533644
-0.566033 0.533644
-0.549067 0.533644
-0.533644 0.533644
-0.515136 0.533644
-0.498171 0.533644
-0.482747 0.533644
-0.465782 0.533644
-0.441105 0.533644
-0.425682 0.533644
-0.405631 0.533644
-0.390208 0.533644
-0.374785 0.533644
-0.359362 0.533644
-0.343938 0.533644
-0.328515 0.533644
-0.313092 0.533644
-0.297669 0.533644
-0.282245 0.533644
-0.266822 0.533644
-0.251399 0.533644
-0.235976 0.533644
-0.220552 0.533644
-0.202044 0.533644
-0.175825 0.533644
-0.143436 0.533644
-0.128013 0.533644
-0.097166 0.533644
-0.081743 0.533644
-0.066320 0.533644
-0.050897 0.533644
-0.035473 0.533644
-0.020050 0.533644
-0.004627 0.533644
0.010796 0.533644
0.026220 0.533644
0.041643 0.533644
0.057066 0.533644
0.072489 0.533644
0.087912 0.533644
0.103336 0.533644
0.151148 0.533644
0.172740 0.533644
0.188164 0.533644
0.203587 0.533644
0.219010 0.533644
0.234433 0.533644
0.249857 0.533644
0.265280 0.533644
0.280703 0.533644
0.296126 0.533644
0.311549 0.533644
0.326973 0.533644
0.342396 0.533644
0.368616 0.533644
0.387123 0.533644
0.404089 0.533644
0.419512 0.533644
0.434935 0.533644
0.451901 0.533644
0.467324 0.533644
0.482747 0.533644
0.501255 0.533644
0.516679 0.533644
0.532102 0.533644
0.547525 0.533644
-0.576829 0.532102
-0.561406 0.532102
-0.545983 0.532102
-0.530560 0.532102
-0.512052 0.532102
-0.492001 0.532102
-0.475036 0.532102
-0.456528 0.532102
-0.434935 0.532102
-0.417970 0.532102
-0.399462 0.532102
-0.384039 0.532102
-0.368616 0.532102
-0.353192 0.532102
-0.337769 0.532102
-0.322346 0.532102
-0.306923 0.532102
-0.291499 0.532102
-0.276076 0.532102
-0.260653 0.532102
-0.240603 0.532102
-0.225179 0.532102
-0.209756 0.532102
-0.194333 0.532102
-0.169656 0.532102
-0.154232 0.532102
-0.123386 0.532102
-0.094082 0.532102
-0.078659 0.532102
-0.063235 0.532102
-0.047812 0.532102
-0.032389 0.532102
-0.016966 0.532102
-0.001542 0.532102
0.013881 0.532102
0.032389 0.532102
0.047812 0.532102
0.063235 0.532102
0.078659 0.532102
0.094082 0.532102
0.109505 0.532102
0.124928 0.532102
0.169656 0.532102
0.185079 0.532102
0.200502 0.532102
0.215925 0.532102
0.232891 0.532102
0.248314 0.532102
0.263737 0.532102
0.279161 0.532102
0.294584 0.532102
0.310007 0.532102
0.325430 0.532102
0.340854 0.532102
0.367073 0.532102
0.388666 0.532102
0.404089 0.532102
0.419512 0.532102
0.434935 0.532102
0.450359 0.532102
0.465782 0.532102
0.481205 0.532102
0.499713 0.532102
0.515136 0.532102
0.530560 0.532102
0.545983 0.532102
-0.578372 0.530560
-0.562948 0.530560
-0.547525 0.530560
-0.532102 0.530560
-0.508967 0.530560
-0.493544 0.530560
-0.476578 0.530560
-0.454986 0.530560
-0.439562 0.530560
-0.421055 0.530560
-0.402547 0.530560
-0.387123 0.530560
-0.371700 0.530560
-0.356277 0.530560
-0.340854 0.530560
-0.325430 0.530560
-0.310007 0.530560
-0.294584 0.530560
-0.279161 0.530560
-0.263737 0.530560
-0.246772 0.530560
-0.231349 0.530560
-0.215925 0.530560
-0.200502 0.530560
-0.185079 0.530560
-0.165029 0.530560
-0.149605 0.530560
-0.134182 0.530560
-0.118759 0.530560
-0.103336 0.530560
-0.084828 0.530560
-0.069405 0.530560
-0.053981 0.530560
-0.038558 0.530560
-0.023135 0.530560
-0.007712 0.530560
0.007712 0.530560
0.026220 0.530560
0.041643 0.530560
0.057066 0.530560
0.074032 0.530560
0.089455 0.530560
0.104878 0.530560
0.120301 0.530560
0.135725 0.530560
0.168113 0.530560
0.206671 0.530560
0.223637 0.530560
0.239060 0.530560
0.254483 0.530560
0.269907 0.530560
0.285330 0.530560
0.300753 0.530560
0.316176 0.530560
0.331600 0.530560
0.347023 0.530560
0.362446 0.530560
0.385581 0.530560
0.401004 0.530560
0.416428 0.530560
0.431851 0.530560
0.447274 0.530560
0.462697 0.530560
0.478121 0.530560
0.496628 0.530560
0.512052 0.530560
0.527475 0.530560
0.542898 0.530560
-0.581456 0.529017
-0.566033 0.529017
-0.549067 0.529017
-0.533644 0.529017
-0.516679 0.529017
-0.496628 0.529017
-0.478121 0.529017
-0.458070 0.529017
-0.441105 0.529017
-0.421055 0.529017
-0.401004 0.529017
-0.385581 0.529017
-0.370158 0.529017
-0.354735 0.529017
-0.339311 0.529017
-0.323888 0.529017
-0.308465 0.529017
-0.293042 0.529017
-0.277618 0.529017
-0.262195 0.529017
-0.246772 0.529017
-0.225179 0.529017
-0.209756 0.529017
-0.194333 0.529017
-0.178910 0.529017
-0.157317 0.529017
-0.141894 0.529017
-0.126471 0.529017
-0.111047 0.529017
-0.095624 0.529017
-0.080201 0.529017
-0.064778 0.529017
-0.049354 0.529017
-0.033931 0.529017
-0.018508 0.529017
-0.003085 0.529017
0.012339 0.529017
0.033931 0.529017
0.049354 0.529017
0.064778 0.529017
0.080201 0.529017
0.097166 0.529017
0.112590 0.529017
0.128013 0.529017
0.143436 0.529017
0.158859 0.529017
0.174283 0.529017
0.189706 0.529017
0.212841 0.529017
0.231349 0.529017
0.246772 0.529017
0.262195 0.529017
0.279161 0.529017
0.294584 0.529017
0.310007 0.529017
0.325430 0.529017
0.340854 0.529017
0.356277 0.529017
0.371700 0.529017
0.387123 0.529017
0.402547 0.529017
0.417970 0.529017
0.434935 0.529017
0.450359 0.529017
0.465782 0.529017
0.481205 0.529017
0.499713 0.529017
0.515136 0.529017
0.530560 0.529017
0.545983 0.529017
-0.579914 0.527475
-0.564491 0.527475
-0.547525 0.527475
-0.532102 0.527475
-0.510509 0.527475
-0.495086 0.527475
-0.476578 0.527475
-0.454986 0.527475
-0.434935 0.527475
-0.417970 0.527475
-0.399462 0.527475
-0.384039 0.527475
-0.368616 0.527475
-0.353192 0.527475
-0.337769 0.527475
-0.322346 0.527475
-0.306923 0.527475
-0.291499 0.527475
-0.276076 0.527475
-0.260653 0.527475
-0.245230 0.527475
-0.220552 0.527475
-0.205129 0.527475
-0.189706 0.527475
-0.174283 0.527475
-0.158859 0.527475
-0.143436 0.527475
-0.128013 0.527475
-0.112590 0.527475
-0.097166 0.527475
-0.081743 0.527475
-0.063235 0.527475
-0.047812 0.527475
-0.032389 0.527475
-0.016966 0.527475
-0.001542 0.527475
0.013881 0.527475
0.029304 0.527475
0.052439 0.527475
0.067862 0.527475
0.083286 0.527475
0.098709 0.527475
0.114132 0.527475
0.129555 0.527475
0.144978 0.527475
0.160402 0.527475
0.175825 0.527475
0.198960 0.527475
0.217468 0.527475
0.232891 0.527475
0.248314 0.527475
0.263737 0.527475
0.283788 0.527475
0.299211 0.527475
0.314634 0.527475
0.330057 0.527475
0.345481 0.527475
0.360904 0.527475
0.376327 0.527475
0.391750 0.527475
0.407174 0.527475
0.422597 0.527475
0.439562 0.527475
0.454986 0.527475
0.470409 0.527475
0.488917 0.527475
0.504340 0.527475
0.519763 0.527475
0.535187 0.527475
0.550610 0.527475
-0.575287 0.525933
-0.559864 0.525933
-0.542898 0.525933
-0.527475 0.525933
-0.505882 0.525933
-0.490459 0.525933
-0.467324 0.525933
-0.448816 0.525933
-0.428766 0.525933
-0.413343 0.525933
-0.393293 0.525933
-0.377869 0.525933
-0.362446 0.525933
-0.347023 0.525933
-0.331600 0.525933
-0.316176 0.525933
-0.300753 0.525933
-0.285330 0.525933
-0.269907 0.525933
-0.254483 0.525933
-0.239060 0.525933
-0.217468 0.525933
-0.202044 0.525933
-0.186621 0.525933
-0.171198 0.525933
-0.155775 0.525933
-0.140352 0.525933
-0.124928 0.525933
-0.109505 0.525933
-0.094082 0.525933
-0.078659 0.525933
-0.052439 0.525933
-0.037016 0.525933
-0.013881 0.525933
0.001542 0.525933
0.016966 0.525933
0.032389 0.525933
0.053981 0.525933
0.069405 0.525933
0.084828 0.525933
0.100251 0.525933
0.115674 0.525933
0.131098 0.525933
0.146521 0.525933
0.161944 0.525933
0.177367 0.525933
0.195875 0.525933
0.211298 0.525933
0.226722 0.525933
0.242145 0.525933
0.257568 0.525933
0.276076 0.525933
0.291499 0.525933
0.306923 0.525933
0.322346 0.525933
0.340854 0.525933
0.356277 0.525933
0.371700 0.525933
0.387123 0.525933
0.402547 0.525933
0.417970 0.525933
0.433393 0.525933
0.448816 0.525933
0.464240 0.525933
0.479663 0.525933
0.498171 0.525933
0.513594 0.525933
0.530560 0.525933
0.545983 0.525933
-0.579914 0.524390
-0.564491 0.524390
-0.545983 0.524390
-0.530560 0.524390
-0.508967 0.524390
-0.493544 0.524390
-0.470409 0.524390
-0.451901 0.524390
-0.431851 0.524390
-0.416428 0.524390
-0.393293 0.524390
-0.377869 0.524390
-0.362446 0.524390
-0.347023 0.524390
-0.331600 0.524390
-0.316176 0.524390
-0.300753 0.524390
-0.285330 0.524390
-0.269907 0.524390
-0.254483 0.524390
-0.239060 0.524390
-0.223637 0.524390
-0.203587 0.524390
-0.188164 0.524390
-0.172740 0.524390
-0.157317 0.524390
-0.141894 0.524390
-0.126471 0.524390
-0.111047 0.524390
-0.095624 0.524390
-0.080201 0.524390
-0.053981 0.524390
-0.038558 0.524390
-0.023135 0.524390
-0.004627 0.524390
0.010796 0.524390
0.026220 0.524390
0.041643 0.524390
0.057066 0.524390
0.072489 0.524390
0.087912 0.524390
0.103336 0.524390
0.118759 0.524390
0.134182 0.524390
0.149605 0.524390
0.165029 0.524390
0.180452 0.524390
0.198960 0.524390
0.214383 0.524390
0.229806 0.524390
0.245230 0.524390
0.263737 0.524390
0.279161 0.524390
0.294584 0.524390
0.310007 0.524390
0.325430 0.524390
0.350108 0.524390
0.365531 0.524390
0.380954 0.524390
0.396377 0.524390
0.411801 0.524390
0.427224 0.524390
0.444189 0.524390
0.459613 0.524390
0.475036 0.524390
0.493544 0.524390
0.508967 0.524390
0.524390 0.524390
0.541356 0.524390
0.556779 0.524390
-0.573745 0.522848
-0.553694 0.522848
-0.538271 0.522848
-0.516679 0.522848
-0.501255 0.522848
-0.482747 0.522848
-0.458070 0.522848
-0.438020 0.522848
-0.422597 0.522848
-0.407174 0.522848
-0.385581 0.522848
-0.370158 0.522848
-0.354735 0.522848
-0.339311 0.522848
-0.323888 0.522848
-0.305380 0.522848
-0.289957 0.522848
-0.274534 0.522848
-0.257568 0.522848
-0.240603 0.522848
-0.225179 0.522848
-0.205129 0.522848
-0.189706 0.522848
-0.174283 0.522848
-0.158859 0.522848
-0.143436 0.522848
-0.128013 0.522848
-0.112590 0.522848
-0.097166 0.522848
-0.081743 0.522848
-0.066320 0.522848
-0.040100 0.522848
-0.024677 0.522848
-0.009254 0.522848
0.006169 0.522848
0.021593 0.522848
0.037016 0.522848
0.052439 0.522848
0.067862 0.522848
0.083286 0.522848
0.098709 0.522848
0.114132 0.522848
0.129555 0.522848
0.144978 0.522848
0.160402 0.522848
0.175825 0.522848
0.194333 0.522848
0.209756 0.522848
0.225179 0.522848
0.242145 0.522848
0.257568 0.522848
0.274534 0.522848
0.289957 0.522848
0.305380 0.522848
0.320803 0.522848
0.336227 0.522848
0.356277 0.522848
0.371700 0.522848
0.387123 0.522848
0.402547 0.522848
0.417970 0.522848
0.433393 0.522848
0.448816 0.522848
0.464240 0.522848
0.479663 0.522848
0.495086 0.522848
0.510509 0.522848
0.525933 0.522848
0.542898 0.522848
0.558321 0.522848
-0.573745 0.521306
-0.553694 0.521306
-0.538271 0.521306
-0.516679 0.521306
-0.501255 0.521306
-0.482747 0.521306
-0.458070 0.521306
-0.438020 0.521306
-0.419512 0.521306
-0.404089 0.521306
-0.384039 0.521306
-0.368616 0.521306
-0.353192 0.521306
-0.337769 0.521306
-0.322346 0.521306
-0.299211 0.521306
-0.283788 0.521306
-0.268364 0.521306
-0.245230 0.521306
-0.229806 0.521306
-0.214383 0.521306
-0.191248 0.521306
-0.175825 0.521306
-0.160402 0.521306
-0.144978 0.521306
-0.129555 0.521306
-0.114132 0.521306
-0.098709 0.521306
-0.083286 0.521306
-0.067862 0.521306
-0.041643 0.521306
-0.026220 0.521306
-0.010796 0.521306
0.004627 0.521306
0.020050 0.521306
0.035473 0.521306
0.050897 0.521306
0.066320 0.521306
0.081743 0.521306
0.097166 0.521306
0.112590 0.521306
0.128013 0.521306
0.143436 0.521306
0.158859 0.521306
0.174283 0.521306
0.191248 0.521306
0.206671 0.521306
0.228264 0.521306
0.245230 0.521306
0.260653 0.521306
0.276076 0.521306
0.293042 0.521306
0.310007 0.521306
0.325430 0.521306
0.340854 0.521306
0.356277 0.521306
0.371700 0.521306
0.387123 0.521306
0.402547 0.521306
0.417970 0.521306
0.433393 0.521306
0.448816 0.521306
0.464240 0.521306
0.479663 0.521306
0.496628 0.521306
0.512052 0.521306
0.527475 0.521306
0.545983 0.521306
-0.582999 0.519763
-0.567575 0.519763
-0.547525 0.519763
-0.532102 0.519763
-0.510509 0.519763
-0.495086 0.519763
-0.471951 0.519763
-0.445732 0.519763
-0.428766 0.519763
-0.413343 0.519763
-0.397920 0.519763
-0.382496 0.519763
-0.367073 0.519763
-0.351650 0.519763
-0.336227 0.519763
-0.320803 0.519763
-0.299211 0.519763
-0.283788 0.519763
-0.268364 0.519763
-0.248314 0.519763
-0.226722 0.519763
-0.211298 0.519763
-0.186621 0.519763
-0.171198 0.519763
-0.155775 0.519763
-0.140352 0.519763
-0.124928 0.519763
-0.109505 0.519763
-0.094082 0.519763
-0.078659 0.519763
-0.063235 0.519763
-0.040100 0.519763
-0.024677 0.519763
-0.009254 0.519763
0.006169 0.519763
0.027762 0.519763
0.043185 0.519763
0.058608 0.519763
0.074032 0.519763
0.089455 0.519763
0.104878 0.519763
0.120301 0.519763
0.135725 0.519763
0.151148 0.519763
0.168113 0.519763
0.183537 0.519763
0.198960 0.519763
0.214383 0.519763
0.237518 0.519763
0.256026 0.519763
0.271449 0.519763
0.288415 0.519763
0.310007 0.519763
0.325430 0.519763
0.340854 0.519763
0.356277 0.519763
0.371700 0.519763
0.387123 0.519763
0.402547 0.519763
0.417970 0.519763
0.433393 0.519763
0.448816 0.519763
0.464240 0.519763
0.479663 0.519763
0.496628 0.519763
0.512052 0.519763
0.529017 0.519763
0.545983 0.519763
-0.581456 0.518221
-0.566033 0.518221
-0.545983 0.518221
-0.530560 0.518221
-0.507425 0.518221
-0.488917 0.518221
-0.468867 0.518221
-0.444189 0.518221
-0.425682 0.518221
-0.410258 0.518221
-0.394835 0.518221
-0.379412 0.518221
-0.363989 0.518221
-0.348565 0.518221
-0.333142 0.518221
-0.317719 0.518221
-0.297669 0.518221
-0.282245 0.518221
-0.266822 0.518221
-0.246772 0.518221
-0.231349 0.518221
-0.215925 0.518221
-0.200502 0.518221
-0.172740 0.518221
-0.157317 0.518221
-0.141894 0.518221
-0.103336 0.518221
-0.087912 0.518221
-0.072489 0.518221
-0.057066 0.518221
-0.035473 0.518221
-0.020050 0.518221
-0.004627 0.518221
0.010796 0.518221
0.026220 0.518221
0.041643 0.518221
0.057066 0.518221
0.072489 0.518221
0.087912 0.518221
0.103336 0.518221
0.118759 0.518221
0.134182 0.518221
0.158859 0.518221
0.175825 0.518221
0.191248 0.518221
0.206671 0.518221
0.229806 0.518221
0.249857 0.518221
0.265280 0.518221
0.285330 0.518221
0.310007 0.518221
0.325430 0.518221
0.340854 0.518221
0.356277 0.518221
0.371700 0.518221
0.387123 0.518221
0.402547 0.518221
0.417970 0.518221
0.433393 0.518221
0.448816 0.518221
0.464240 0.518221
0.479663 0.518221
0.495086 0.518221
0.510509 0.518221
0.527475 0.518221
0.544440 0.518221
0.561406 0.518221
-0.570660 0.516679
-0.552152 0.516679
-0.535187 0.516679
-0.513594 0.516679
-0.498171 0.516679
-0.475036 0.516679
-0.450359 0.516679
-0.434935 0.516679
-0.419512 0.516679
-0.401004 0.516679
-0.385581 0.516679
-0.370158 0.516679
-0.354735 0.516679
-0.339311 0.516679
-0.323888 0.516679
-0.308465 0.516679
-0.289957 0.516679
-0.274534 0.516679
-0.259110 0.516679
-0.239060 0.516679
-0.223637 0.516679
-0.208214 0.516679
-0.192791 0.516679
-0.161944 0.516679
-0.146521 0.516679
-0.090997 0.516679
-0.066320 0.516679
-0.050897 0.516679
-0.035473 0.516679
-0.020050 0.516679
-0.004627 0.516679
0.010796 0.516679
0.026220 0.516679
0.041643 0.516679
0.057066 0.516679
0.072489 0.516679
0.087912 0.516679
0.103336 0.516679
0.151148 0.516679
0.168113 0.516679
0.183537 0.516679
0.198960 0.516679
0.225179 0.516679
0.245230 0.516679
0.260653 0.516679
0.280703 0.516679
0.297669 0.516679
0.319261 0.516679
0.334684 0.516679
0.354735 0.516679
0.370158 0.516679
0.385581 0.516679
0.401004 0.516679
0.416428 0.516679
0.431851 0.516679
0.447274 0.516679
0.462697 0.516679
0.478121 0.516679
0.493544 0.516679
0.508967 0.516679
0.525933 0.516679
0.544440 0.516679
0.562948 0.516679
-0.569118 0.515136
-0.550610 0.515136
-0.535187 0.515136
-0.515136 0.515136
-0.499713 0.515136
-0.478121 0.515136
-0.454986 0.515136
-0.438020 0.515136
-0.422597 0.515136
-0.407174 0.515136
-0.391750 0.515136
-0.376327 0.515136
-0.360904 0.515136
-0.345481 0.515136
-0.330057 0.515136
-0.314634 0.515136
-0.299211 0.515136
-0.283788 0.515136
-0.266822 0.515136
-0.251399 0.515136
-0.229806 0.515136
-0.214383 0.515136
-0.198960 0.515136
-0.154232 0.515136
-0.138809 0.515136
-0.123386 0.515136
-0.072489 0.515136
-0.057066 0.515136
-0.041643 0.515136
-0.026220 0.515136
-0.010796 0.515136
0.004627 0.515136
0.020050 0.515136
0.035473 0.515136
0.050897 0.515136
0.066320 0.515136
0.081743 0.515136
0.097166 0.515136
0.120301 0.515136
0.135725 0.515136
0.151148 0.515136
0.169656 0.515136
0.185079 0.515136
0.200502 0.515136
0.226722 0.515136
0.245230 0.515136
0.260653 0.515136
0.280703 0.515136
0.296126 0.515136
0.314634 0.515136
0.337769 0.515136
0.362446 0.515136
0.377869 0.515136
0.393293 0.515136
0.408716 0.515136
0.424139 0.515136
0.439562 0.515136
0.454986 0.515136
0.470409 0.515136
0.485832 0.515136
0.501255 0.515136
0.518221 0.515136
0.535187 0.515136
0.550610 0.515136
-0.578372 0.513594
-0.559864 0.513594
-0.542898 0.513594
-0.524390 0.513594
-0.508967 0.513594
-0.490459 0.513594
-0.467324 0.513594
-0.450359 0.513594
-0.434935 0.513594
-0.419512 0.513594
-0.404089 0.513594
-0.388666 0.513594
-0.373242 0.513594
-0.357819 0.513594
-0.342396 0.513594
-0.326973 0.513594
-0.311549 0.513594
-0.296126 0.513594
-0.280703 0.513594
-0.260653 0.513594
-0.237518 0.513594
-0.222095 0.513594
-0.206671 0.513594
-0.191248 0.513594
-0.175825 0.513594
-0.160402 0.513594
-0.137267 0.513594
-0.121844 0.513594
-0.106420 0.513594
-0.070947 0.513594
-0.055524 0.513594
-0.040100 0.513594
-0.024677 0.513594
-0.009254 0.513594
0.006169 0.513594
0.021593 0.513594
0.037016 0.513594
0.052439 0.513594
0.067862 0.513594
0.083286 0.513594
0.098709 0.513594
0.114132 0.513594
0.129555 0.513594
0.144978 0.513594
0.161944 0.513594
0.177367 0.513594
0.192791 0.513594
0.220552 0.513594
0.240603 0.513594
0.259110 0.513594
0.279161 0.513594
0.294584 0.513594
0.313092 0.513594
0.345481 0.513594
0.373242 0.513594
0.388666 0.513594
0.404089 0.513594
0.419512 0.513594
0.434935 0.513594
0.450359 0.513594
0.465782 0.513594
0.481205 0.513594
0.496628 0.513594
0.512052 0.513594
0.527475 0.513594
0.544440 0.513594
0.559864 0.513594
-0.573745 0.512052
-0.556779 0.512052
-0.541356 0.512052
-0.522848 0.512052
-0.507425 0.512052
-0.488917 0.512052
-0.462697 0.512052
-0.447274 0.512052
-0.431851 0.512052
-0.416428 0.512052
-0.401004 0.512052
-0.385581 0.512052
-0.370158 0.512052
-0.354735 0.512052
-0.339311 0.512052
-0.323888 0.512052
-0.308465 0.512052
-0.293042 0.512052
-0.276076 0.512052
-0.254483 0.512052
-0.231349 0.512052
-0.215925 0.512052
-0.200502 0.512052
-0.185079 0.512052
-0.169656 0.512052
-0.154232 0.512052
-0.138809 0.512052
-0.123386 0.512052
-0.107963 0.512052
-0.092539 0.512052
-0.067862 0.512052
-0.052439 0.512052
-0.037016 0.512052
-0.021593 0.512052
-0.006169 0.512052
0.009254 0.512052
0.024677 0.512052
0.040100 0.512052
0.055524 0.512052
0.070947 0.512052
0.086370 0.512052
0.101793 0.512052
0.117217 0.512052
0.132640 0.512052
0.148063 0.512052
0.166571 0.512052
0.181994 0.512052
0.197417 0.512052
0.222095 0.512052
0.240603 0.512052
0.263737 0.512052
0.279161 0.512052
0.297669 0.512052
0.317719 0.512052
0.360904 0.512052
0.380954 0.512052
0.396377 0.512052
0.411801 0.512052
0.427224 0.512052
0.442647 0.512052
0.458070 0.512052
0.473494 0.512052
0.488917 0.512052
0.504340 0.512052
0.519763 0.512052
0.538271 0.512052
0.553694 0.512052
-0.576829 0.510509
-0.559864 0.510509
-0.544440 0.510509
-0.527475 0.510509
-0.512052 0.510509
-0.495086 0.510509
-0.478121 0.510509
-0.458070 0.510509
-0.442647 0.510509
-0.427224 0.510509
-0.411801 0.510509
-0.396377 0.510509
-0.380954 0.510509
-0.365531 0.510509
-0.350108 0.510509
-0.334684 0.510509
-0.319261 0.510509
-0.303838 0.510509
-0.288415 0.510509
-0.272991 0.510509
-0.248314 0.510509
-0.225179 0.510509
-0.209756 0.510509
-0.194333 0.510509
-0.178910 0.510509
-0.163486 0.510509
-0.148063 0.510509
-0.132640 0.510509
-0.117217 0.510509
-0.101793 0.510509
-0.086370 0.510509
-0.060151 0.510509
-0.044727 0.510509
-0.015423 0.510509
0.000000 0.510509
0.026220 0.510509
0.041643 0.510509
0.066320 0.510509
0.081743 0.510509
0.097166 0.510509
0.112590 0.510509
0.128013 0.510509
0.143436 0.510509
0.161944 0.510509
0.177367 0.510509
0.192791 0.510509
0.208214 0.510509
0.223637 0.510509
0.242145 0.510509
0.265280 0.510509
0.282245 0.510509
0.300753 0.510509
0.342396 0.510509
0.363989 0.510509
0.390208 0.510509
0.405631 0.510509
0.421055 0.510509
0.436478 0.510509
0.451901 0.510509
0.467324 0.510509
0.482747 0.510509
0.498171 0.510509
0.513594 0.510509
0.529017 0.510509
0.545983 0.510509
-0.582999 0.508967
-0.567575 0.508967
-0.550610 0.508967
-0.535187 0.508967
-0.515136 0.508967
-0.496628 0.508967
-0.479663 0.508967
-0.458070 0.508967
-0.442647 0.508967
-0.427224 0.508967
-0.411801 0.508967
-0.396377 0.508967
-0.380954 0.508967
-0.365531 0.508967
-0.340854 0.508967
-0.325430 0.508967
-0.310007 0.508967
-0.294584 0.508967
-0.279161 0.508967
-0.254483 0.508967
-0.239060 0.508967
-0.212841 0.508967
-0.194333 0.508967
-0.178910 0.508967
-0.163486 0.508967
-0.148063 0.508967
-0.132640 0.508967
-0.117217 0.508967
-0.101793 0.508967
-0.086370 0.508967
-0.055524 0.508967
-0.040100 0.508967
-0.024677 0.508967
-0.001542 0.508967
0.013881 0.508967
0.064778 0.508967
0.080201 0.508967
0.095624 0.508967
0.111047 0.508967
0.126471 0.508967
0.141894 0.508967
0.160402 0.508967
0.175825 0.508967
0.191248 0.508967
0.206671 0.508967
0.222095 0.508967
0.240603 0.508967
0.269907 0.508967
0.289957 0.508967
0.311549 0.508967
0.350108 0.508967
0.377869 0.508967
0.393293 0.508967
0.408716 0.508967
0.424139 0.508967
0.439562 0.508967
0.454986 0.508967
0.470409 0.508967
0.485832 0.508967
0.501255 0.508967
0.516679 0.508967
0.532102 0.508967
0.549067 0.508967
-0.579914 0.507425
-0.564491 0.507425
-0.547525 0.507425
-0.529017 0.507425
-0.513594 0.507425
-0.496628 0.507425
-0.479663 0.507425
-0.458070 0.507425
-0.442647 0.507425
-0.427224 0.507425
-0.411801 0.507425
-0.393293 0.507425
-0.377869 0.507425
-0.362446 0.507425
-0.343938 0.507425
-0.328515 0.507425
-0.313092 0.507425
-0.297669 0.507425
-0.282245 0.507425
-0.266822 0.507425
-0.242145 0.507425
-0.226722 0.507425
-0.203587 0.507425
-0.177367 0.507425
-0.161944 0.507425
-0.146521 0.507425
-0.131098 0.507425
-0.115674 0.507425
-0.100251 0.507425
-0.084828 0.507425
-0.069405 0.507425
-0.038558 0.507425
-0.023135 0.507425
0.007712 0.507425
0.023135 0.507425
0.052439 0.507425
0.067862 0.507425
0.084828 0.507425
0.100251 0.507425
0.115674 0.507425
0.131098 0.507425
0.146521 0.507425
0.163486 0.507425
0.178910 0.507425
0.194333 0.507425
0.209756 0.507425
0.229806 0.507425
0.252941 0.507425
0.282245 0.507425
0.297669 0.507425
0.340854 0.507425
0.360904 0.507425
0.390208 0.507425
0.405631 0.507425
0.421055 0.507425
0.436478 0.507425
0.451901 0.507425
0.467324 0.507425
0.482747 0.507425
0.498171 0.507425
0.513594 0.507425
0.529017 0.507425
0.545983 0.507425
-0.584541 0.505882
-0.569118 0.505882
-0.552152 0.505882
-0.536729 0.505882
-0.518221 0.505882
-0.499713 0.505882
-0.484290 0.505882
-0.462697 0.505882
-0.447274 0.505882
-0.431851 0.505882
-0.416428 0.505882
-0.396377 0.505882
-0.380954 0.505882
-0.365531 0.505882
-0.350108 0.505882
-0.334684 0.505882
-0.319261 0.505882
-0.303838 0.505882
-0.280703 0.505882
-0.265280 0.505882
-0.245230 0.505882
-0.229806 0.505882
-0.206671 0.505882
-0.191248 0.505882
-0.166571 0.505882
-0.149605 0.505882
-0.134182 0.505882
-0.118759 0.505882
-0.103336 0.505882
-0.087912 0.505882
-0.072489 0.505882
-0.057066 0.505882
-0.032389 0.505882
-0.016966 0.505882
-0.001542 0.505882
0.026220 0.505882
0.041643 0.505882
0.057066 0.505882
0.072489 0.505882
0.090997 0.505882
0.106420 0.505882
0.121844 0.505882
0.137267 0.505882
0.157317 0.505882
0.172740 0.505882
0.188164 0.505882
0.205129 0.505882
0.225179 0.505882
0.246772 0.505882
0.269907 0.505882
0.291499 0.505882
0.316176 0.505882
0.345481 0.505882
0.382496 0.505882
0.397920 0.505882
0.413343 0.505882
0.428766 0.505882
0.444189 0.505882
0.459613 0.505882
0.475036 0.505882
0.490459 0.505882
0.505882 0.505882
0.521306 0.505882
0.538271 0.505882
0.553694 0.505882
-0.578372 0.504340
-0.559864 0.504340
-0.542898 0.504340
-0.524390 0.504340
-0.508967 0.504340
-0.490459 0.504340
-0.470409 0.504340
-0.451901 0.504340
-0.436478 0.504340
-0.421055 0.504340
-0.399462 0.504340
-0.384039 0.504340
-0.368616 0.504340
-0.353192 0.504340
-0.337769 0.504340
-0.305380 0.504340
-0.283788 0.504340
-0.268364 0.504340
-0.252941 0.504340
-0.232891 0.504340
-0.217468 0.504340
-0.200502 0.504340
-0.185079 0.504340
-0.161944 0.504340
-0.146521 0.504340
-0.131098 0.504340
-0.115674 0.504340
-0.100251 0.504340
-0.084828 0.504340
-0.069405 0.504340
-0.053981 0.504340
-0.038558 0.504340
-0.023135 0.504340
-0.007712 0.504340
0.007712 0.504340
0.027762 0.504340
0.043185 0.504340
0.058608 0.504340
0.074032 0.504340
0.095624 0.504340
0.111047 0.504340
0.128013 0.504340
0.146521 0.504340
0.163486 0.504340
0.178910 0.504340
0.194333 0.504340
0.223637 0.504340
0.248314 0.504340
0.279161 0.504340
0.302296 0.504340
0.323888 0.504340
0.339311 0.504340
0.356277 0.504340
0.380954 0.504340
0.402547 0.504340
0.417970 0.504340
0.433393 0.504340
0.448816 0.504340
0.464240 0.504340
0.479663 0.504340
0.495086 0.504340
0.510509 0.504340
0.525933 0.504340
0.542898 0.504340
0.558321 0.504340
-0.573745 0.502798
-0.556779 0.502798
-0.541356 0.502798
-0.522848 0.502798
-0.504340 0.502798
-0.488917 0.502798
-0.462697 0.502798
-0.447274 0.502798
-0.431851 0.502798
-0.410258 0.502798
-0.394835 0.502798
-0.379412 0.502798
-0.363989 0.502798
-0.348565 0.502798
-0.333142 0.502798
-0.317719 0.502798
-0.286872 0.502798
-0.271449 0.502798
-0.256026 0.502798
-0.232891 0.502798
-0.217468 0.502798
-0.202044 0.502798
-0.183537 0.502798
-0.163486 0.502798
-0.148063 0.502798
-0.132640 0.502798
-0.117217 0.502798
-0.095624 0.502798
-0.080201 0.502798
-0.064778 0.502798
-0.049354 0.502798
-0.033931 0.502798
-0.018508 0.502798
-0.003085 0.502798
0.012339 0.502798
0.030846 0.502798
0.046270 0.502798
0.064778 0.502798
0.080201 0.502798
0.101793 0.502798
0.117217 0.502798
0.132640 0.502798
0.148063 0.502798
0.166571 0.502798
0.181994 0.502798
0.209756 0.502798
0.225179 0.502798
0.259110 0.502798
0.280703 0.502798
0.305380 0.502798
0.339311 0.502798
0.356277 0.502798
0.380954 0.502798
0.402547 0.502798
0.417970 0.502798
0.433393 0.502798
0.450359 0.502798
0.465782 0.502798
0.481205 0.502798
0.496628 0.502798
0.513594 0.502798
0.529017 0.502798
0.545983 0.502798
0.561406 0.502798
-0.569118 0.501255
-0.550610 0.501255
-0.533644 0.501255
-0.518221 0.501255
-0.501255 0.501255
-0.485832 0.501255
-0.462697 0.501255
-0.447274 0.501255
-0.431851 0.501255
-0.413343 0.501255
-0.397920 0.501255
-0.382496 0.501255
-0.367073 0.501255
-0.347023 0.501255
-0.331600 0.501255
-0.316176 0.501255
-0.269907 0.501255
-0.254483 0.501255
-0.232891 0.501255
-0.209756 0.501255
-0.192791 0.501255
-0.175825 0.501255
-0.160402 0.501255
-0.144978 0.501255
-0.128013 0.501255
-0.112590 0.501255
-0.087912 0.501255
-0.072489 0.501255
-0.057066 0.501255
-0.041643 0.501255
-0.026220 0.501255
-0.010796 0.501255
0.004627 0.501255
0.020050 0.501255
0.037016 0.501255
0.060151 0.501255
0.075574 0.501255
0.090997 0.501255
0.112590 0.501255
0.128013 0.501255
0.143436 0.501255
0.158859 0.501255
0.177367 0.501255
0.192791 0.501255
0.215925 0.501255
0.245230 0.501255
0.272991 0.501255
0.296126 0.501255
0.336227 0.501255
0.351650 0.501255
0.367073 0.501255
0.388666 0.501255
0.404089 0.501255
0.419512 0.501255
0.434935 0.501255
0.451901 0.501255
0.467324 0.501255
0.482747 0.501255
0.498171 0.501255
0.515136 0.501255
0.530560 0.501255
0.545983 0.501255
0.561406 0.501255
-0.570660 0.499713
-0.547525 0.499713
-0.530560 0.499713
-0.515136 0.499713
-0.498171 0.499713
-0.482747 0.499713
-0.458070 0.499713
-0.442647 0.499713
-0.427224 0.499713
-0.408716 0.499713
-0.393293 0.499713
-0.377869 0.499713
-0.362446 0.499713
-0.339311 0.499713
-0.323888 0.499713
-0.296126 0.499713
-0.256026 0.499713
-0.240603 0.499713
-0.219010 0.499713
-0.191248 0.499713
-0.175825 0.499713
-0.160402 0.499713
-0.144978 0.499713
-0.129555 0.499713
-0.114132 0.499713
-0.090997 0.499713
-0.075574 0.499713
-0.060151 0.499713
-0.044727 0.499713
-0.029304 0.499713
-0.013881 0.499713
0.001542 0.499713
0.016966 0.499713
0.032389 0.499713
0.047812 0.499713
0.078659 0.499713
0.094082 0.499713
0.114132 0.499713
0.129555 0.499713
0.144978 0.499713
0.160402 0.499713
0.175825 0.499713
0.198960 0.499713
0.215925 0.499713
0.254483 0.499713
0.269907 0.499713
0.296126 0.499713
0.342396 0.499713
0.370158 0.499713
0.397920 0.499713
0.413343 0.499713
0.428766 0.499713
0.445732 0.499713
0.461155 0.499713
0.476578 0.499713
0.492001 0.499713
0.510509 0.499713
0.525933 0.499713
0.541356 0.499713
0.556779 0.499713
-0.576829 0.498171
-0.555237 0.498171
-0.538271 0.498171
-0.522848 0.498171
-0.505882 0.498171
-0.490459 0.498171
-0.467324 0.498171
-0.451901 0.498171
-0.436478 0.498171
-0.417970 0.498171
-0.402547 0.498171
-0.387123 0.498171
-0.371700 0.498171
-0.356277 0.498171
-0.340854 0.498171
-0.319261 0.498171
-0.303838 0.498171
-0.288415 0.498171
-0.272991 0.498171
-0.254483 0.498171
-0.239060 0.498171
-0.217468 0.498171
-0.189706 0.498171
-0.174283 0.498171
-0.158859 0.498171
-0.143436 0.498171
-0.128013 0.498171
-0.112590 0.498171
-0.097166 0.498171
-0.075574 0.498171
-0.060151 0.498171
-0.044727 0.498171
-0.029304 0.498171
-0.013881 0.498171
0.001542 0.498171
0.016966 0.498171
0.032389 0.498171
0.047812 0.498171
0.063235 0.498171
0.095624 0.498171
0.115674 0.498171
0.131098 0.498171
0.146521 0.498171
0.161944 0.498171
0.177367 0.498171
0.206671 0.498171
0.237518 0.498171
0.259110 0.498171
0.289957 0.498171
0.399462 0.498171
0.414885 0.498171
0.430308 0.498171
0.445732 0.498171
0.461155 0.498171
0.476578 0.498171
0.492001 0.498171
0.508967 0.498171
0.524390 0.498171
0.539813 0.498171
0.555237 0.498171
-0.581456 0.496628
-0.566033 0.496628
-0.545983 0.496628
-0.529017 0.496628
-0.512052 0.496628
-0.496628 0.496628
-0.476578 0.496628
-0.458070 0.496628
-0.442647 0.496628
-0.427224 0.496628
-0.407174 0.496628
-0.391750 0.496628
-0.376327 0.496628
-0.360904 0.496628
-0.345481 0.496628
-0.330057 0.496628
-0.314634 0.496628
-0.299211 0.496628
-0.283788 0.496628
-0.268364 0.496628
-0.252941 0.496628
-0.237518 0.496628
-0.219010 0.496628
-0.203587 0.496628
-0.180452 0.496628
-0.165029 0.496628
-0.149605 0.496628
-0.134182 0.496628
-0.118759 0.496628
-0.103336 0.496628
-0.087912 0.496628
-0.064778 0.496628
-0.049354 0.496628
-0.033931 0.496628
-0.018508 0.496628
-0.003085 0.496628
0.012339 0.496628
0.027762 0.496628
0.043185 0.496628
0.058608 0.496628
0.087912 0.496628
0.103336 0.496628
0.123386 0.496628
0.138809 0.496628
0.154232 0.496628
0.169656 0.496628
0.195875 0.496628
0.211298 0.496628
0.246772 0.496628
0.262195 0.496628
0.343938 0.496628
0.404089 0.496628
0.419512 0.496628
0.436478 0.496628
0.451901 0.496628
0.468867 0.496628
0.484290 0.496628
0.501255 0.496628
0.516679 0.496628
0.532102 0.496628
0.547525 0.496628
0.564491 0.496628
-0.572202 0.495086
-0.552152 0.495086
-0.535187 0.495086
-0.519763 0.495086
-0.501255 0.495086
-0.485832 0.495086
-0.462697 0.495086
-0.447274 0.495086
-0.431851 0.495086
-0.413343 0.495086
-0.397920 0.495086
-0.382496 0.495086
-0.367073 0.495086
-0.351650 0.495086
-0.336227 0.495086
-0.320803 0.495086
-0.305380 0.495086
-0.289957 0.495086
-0.272991 0.495086
-0.257568 0.495086
-0.242145 0.495086
-0.226722 0.495086
-0.211298 0.495086
-0.195875 0.495086
-0.169656 0.495086
-0.154232 0.495086
-0.138809 0.495086
-0.123386 0.495086
-0.107963 0.495086
-0.092539 0.495086
-0.077116 0.495086
-0.052439 0.495086
-0.035473 0.495086
-0.006169 0.495086
0.009254 0.495086
0.024677 0.495086
0.040100 0.495086
0.055524 0.495086
0.070947 0.495086
0.098709 0.495086
0.117217 0.495086
0.132640 0.495086
0.148063 0.495086
0.163486 0.495086
0.178910 0.495086
0.194333 0.495086
0.209756 0.495086
0.242145 0.495086
0.257568 0.495086
0.336227 0.495086
0.405631 0.495086
0.421055 0.495086
0.436478 0.495086
0.451901 0.495086
0.467324 0.495086
0.482747 0.495086
0.499713 0.495086
0.516679 0.495086
0.532102 0.495086
0.547525 0.495086
0.564491 0.495086
-0.572202 0.493544
-0.553694 0.493544
-0.538271 0.493544
-0.522848 0.493544
-0.507425 0.493544
-0.490459 0.493544
-0.468867 0.493544
-0.453443 0.493544
-0.438020 0.493544
-0.416428 0.493544
-0.401004 0.493544
-0.385581 0.493544
-0.370158 0.493544
-0.354735 0.493544
-0.339311 0.493544
-0.323888 0.493544
-0.308465 0.493544
-0.293042 0.493544
-0.277618 0.493544
-0.262195 0.493544
-0.246772 0.493544
-0.231349 0.493544
-0.215925 0.493544
-0.200502 0.493544
-0.185079 0.493544
-0.151148 0.493544
-0.115674 0.493544
-0.100251 0.493544
-0.084828 0.493544
-0.069405 0.493544
-0.044727 0.493544
-0.021593 0.493544
0.007712 0.493544
0.023135 0.493544
0.038558 0.493544
0.053981 0.493544
0.069405 0.493544
0.098709 0.493544
0.114132 0.493544
0.144978 0.493544
0.160402 0.493544
0.175825 0.493544
0.191248 0.493544
0.206671 0.493544
0.234433 0.493544
0.249857 0.493544
0.286872 0.493544
0.408716 0.493544
0.424139 0.493544
0.439562 0.493544
0.454986 0.493544
0.470409 0.493544
0.485832 0.493544
0.501255 0.493544
0.516679 0.493544
0.532102 0.493544
0.547525 0.493544
-0.586083 0.492001
-0.570660 0.492001
-0.552152 0.492001
-0.535187 0.492001
-0.518221 0.492001
-0.501255 0.492001
-0.485832 0.492001
-0.464240 0.492001
-0.448816 0.492001
-0.433393 0.492001
-0.411801 0.492001
-0.396377 0.492001
-0.380954 0.492001
-0.365531 0.492001
-0.350108 0.492001
-0.334684 0.492001
-0.319261 0.492001
-0.303838 0.492001
-0.288415 0.492001
-0.272991 0.492001
-0.257568 0.492001
-0.242145 0.492001
-0.226722 0.492001
-0.211298 0.492001
-0.195875 0.492001
-0.180452 0.492001
-0.124928 0.492001
-0.109505 0.492001
-0.094082 0.492001
-0.078659 0.492001
-0.063235 0.492001
-0.046270 0.492001
-0.026220 0.492001
-0.010796 0.492001
0.004627 0.492001
0.020050 0.492001
0.035473 0.492001
0.050897 0.492001
0.066320 0.492001
0.081743 0.492001
0.097166 0.492001
0.126471 0.492001
0.141894 0.492001
0.157317 0.492001
0.175825 0.492001
0.192791 0.492001
0.208214 0.492001
0.239060 0.492001
0.271449 0.492001
0.401004 0.492001
0.416428 0.492001
0.431851 0.492001
0.447274 0.492001
0.462697 0.492001
0.478121 0.492001
0.495086 0.492001
0.510509 0.492001
0.525933 0.492001
0.541356 0.492001
0.556779 0.492001
-0.581456 0.490459
-0.564491 0.490459
-0.544440 0.490459
-0.527475 0.490459
-0.512052 0.490459
-0.493544 0.490459
-0.471951 0.490459
-0.456528 0.490459
-0.441105 0.490459
-0.424139 0.490459
-0.408716 0.490459
-0.393293 0.490459
-0.377869 0.490459
-0.362446 0.490459
-0.347023 0.490459
-0.331600 0.490459
-0.316176 0.490459
-0.289957 0.490459
-0.262195 0.490459
-0.246772 0.490459
-0.231349 0.490459
-0.215925 0.490459
-0.200502 0.490459
-0.185079 0.490459
-0.169656 0.490459
-0.151148 0.490459
-0.135725 0.490459
-0.120301 0.490459
-0.104878 0.490459
-0.089455 0.490459
-0.074032 0.490459
-0.058608 0.490459
-0.037016 0.490459
-0.021593 0.490459
-0.006169 0.490459
0.009254 0.490459
0.024677 0.490459
0.040100 0.490459
0.055524 0.490459
0.070947 0.490459
0.086370 0.490459
0.101793 0.490459
0.124928 0.490459
0.141894 0.490459
0.157317 0.490459
0.178910 0.490459
0.197417 0.490459
0.229806 0.490459
0.245230 0.490459
0.393293 0.490459
0.411801 0.490459
0.427224 0.490459
0.442647 0.490459
0.458070 0.490459
0.473494 0.490459
0.488917 0.490459
0.505882 0.490459
0.521306 0.490459
0.536729 0.490459
0.552152 0.490459
-0.586083 0.488917
-0.570660 0.488917
-0.549067 0.488917
-0.529017 0.488917
-0.513594 0.488917
-0.495086 0.488917
-0.476578 0.488917
-0.459613 0.488917
-0.444189 0.488917
-0.424139 0.488917
-0.408716 0.488917
-0.393293 0.488917
-0.377869 0.488917
-0.362446 0.488917
-0.347023 0.488917
-0.331600 0.488917
-0.316176 0.488917
-0.300753 0.488917
-0.285330 0.488917
-0.269907 0.488917
-0.254483 0.488917
-0.239060 0.488917
-0.223637 0.488917
-0.208214 0.488917
-0.192791 0.488917
-0.177367 0.488917
-0.161944 0.488917
-0.146521 0.488917
-0.131098 0.488917
-0.115674 0.488917
-0.100251 0.488917
-0.084828 0.488917
-0.069405 0.488917
-0.053981 0.488917
-0.038558 0.488917
-0.023135 0.488917
-0.007712 0.488917
0.007712 0.488917
0.023135 0.488917
0.038558 0.488917
0.053981 0.488917
0.069405 0.488917
0.084828 0.488917
0.100251 0.488917
0.115674 0.488917
0.131098 0.488917
0.149605 0.488917
0.165029 0.488917
0.180452 0.488917
0.195875 0.488917
0.234433 0.488917
0.276076 0.488917
0.396377 0.488917
0.417970 0.488917
0.433393 0.488917
0.448816 0.488917
0.464240 0.488917
0.479663 0.488917
0.498171 0.488917
0.513594 0.488917
0.529017 0.488917
0.544440 0.488917
0.564491 0.488917
-0.576829 0.487374
-0.558321 0.487374
-0.539813 0.487374
-0.521306 0.487374
-0.504340 0.487374
-0.488917 0.487374
-0.471951 0.487374
-0.456528 0.487374
-0.441105 0.487374
-0.421055 0.487374
-0.405631 0.487374
-0.390208 0.487374
-0.374785 0.487374
-0.359362 0.487374
-0.343938 0.487374
-0.328515 0.487374
-0.313092 0.487374
-0.297669 0.487374
-0.282245 0.487374
-0.266822 0.487374
-0.251399 0.487374
-0.231349 0.487374
-0.215925 0.487374
-0.200502 0.487374
-0.185079 0.487374
-0.169656 0.487374
-0.154232 0.487374
-0.138809 0.487374
-0.123386 0.487374
-0.101793 0.487374
-0.086370 0.487374
-0.070947 0.487374
-0.055524 0.487374
-0.040100 0.487374
-0.024677 0.487374
-0.009254 0.487374
0.006169 0.487374
0.029304 0.487374
0.044727 0.487374
0.060151 0.487374
0.075574 0.487374
0.100251 0.487374
0.115674 0.487374
0.131098 0.487374
0.149605 0.487374
0.165029 0.487374
0.180452 0.487374
0.195875 0.487374
0.232891 0.487374
0.274534 0.487374
0.408716 0.487374
0.424139 0.487374
0.439562 0.487374
0.456528 0.487374
0.471951 0.487374
0.490459 0.487374
0.505882 0.487374
0.521306 0.487374
0.536729 0.487374
0.552152 0.487374
-0.586083 0.485832
-0.570660 0.485832
-0.552152 0.485832
-0.530560 0.485832
-0.515136 0.485832
-0.498171 0.485832
-0.481205 0.485832
-0.465782 0.485832
-0.450359 0.485832
-0.428766 0.485832
-0.413343 0.485832
-0.397920 0.485832
-0.382496 0.485832
-0.367073 0.485832
-0.351650 0.485832
-0.336227 0.485832
-0.320803 0.485832
-0.302296 0.485832
-0.286872 0.485832
-0.271449 0.485832
-0.243687 0.485832
-0.228264 0.485832
-0.212841 0.485832
-0.197417 0.485832
-0.181994 0.485832
-0.158859 0.485832
-0.143436 0.485832
-0.128013 0.485832
-0.112590 0.485832
-0.086370 0.485832
-0.070947 0.485832
-0.055524 0.485832
-0.040100 0.485832
-0.013881 0.485832
0.009254 0.485832
0.024677 0.485832
0.055524 0.485832
0.087912 0.485832
0.103336 0.485832
0.118759 0.485832
0.134182 0.485832
0.149605 0.485832
0.165029 0.485832
0.180452 0.485832
0.195875 0.485832
0.222095 0.485832
0.246772 0.485832
0.269907 0.485832
0.408716 0.485832
0.424139 0.485832
0.439562 0.485832
0.454986 0.485832
0.470409 0.485832
0.485832 0.485832
0.502798 0.485832
0.518221 0.485832
0.533644 0.485832
0.549067 0.485832
-0.589168 0.484290
-0.573745 0.484290
-0.553694 0.484290
-0.535187 0.484290
-0.519763 0.484290
-0.502798 0.484290
-0.482747 0.484290
-0.467324 0.484290
-0.451901 0.484290
-0.430308 0.484290
-0.414885 0.484290
-0.399462 0.484290
-0.384039 0.484290
-0.368616 0.484290
-0.353192 0.484290
-0.337769 0.484290
-0.322346 0.484290
-0.306923 0.484290
-0.286872 0.484290
-0.271449 0.484290
-0.256026 0.484290
-0.240603 0.484290
-0.225179 0.484290
-0.209756 0.484290
-0.194333 0.484290
-0.178910 0.484290
-0.158859 0.484290
-0.143436 0.484290
-0.128013 0.484290
-0.112590 0.484290
-0.083286 0.484290
-0.067862 0.484290
-0.052439 0.484290
-0.037016 0.484290
-0.007712 0.484290
0.038558 0.484290
0.053981 0.484290
0.069405 0.484290
0.084828 0.484290
0.100251 0.484290
0.115674 0.484290
0.131098 0.484290
0.146521 0.484290
0.161944 0.484290
0.177367 0.484290
0.192791 0.484290
0.208214 0.484290
0.223637 0.484290
0.239060 0.484290
0.254483 0.484290
0.388666 0.484290
0.408716 0.484290
0.424139 0.484290
0.439562 0.484290
0.456528 0.484290
0.471951 0.484290
0.488917 0.484290
0.504340 0.484290
0.519763 0.484290
0.535187 0.484290
0.550610 0.484290
0.566033 0.484290
-0.576829 0.482747
-0.558321 0.482747
-0.539813 0.482747
-0.522848 0.482747
-0.507425 0.482747
-0.488917 0.482747
-0.471951 0.482747
-0.456528 0.482747
-0.433393 0.482747
-0.417970 0.482747
-0.402547 0.482747
-0.387123 0.482747
-0.371700 0.482747
-0.356277 0.482747
-0.340854 0.482747
-0.325430 0.482747
-0.310007 0.482747
-0.286872 0.482747
-0.271449 0.482747
-0.256026 0.482747
-0.240603 0.482747
-0.225179 0.482747
-0.209756 0.482747
-0.194333 0.482747
-0.178910 0.482747
-0.163486 0.482747
-0.148063 0.482747
-0.132640 0.482747
-0.117217 0.482747
-0.101793 0.482747
-0.074032 0.482747
-0.058608 0.482747
-0.043185 0.482747
-0.027762 0.482747
-0.003085 0.482747
0.012339 0.482747
0.057066 0.482747
0.072489 0.482747
0.087912 0.482747
0.103336 0.482747
0.118759 0.482747
0.134182 0.482747
0.149605 0.482747
0.178910 0.482747
0.194333 0.482747
0.209756 0.482747
0.225179 0.482747
0.246772 0.482747
0.393293 0.482747
0.408716 0.482747
0.425682 0.482747
0.441105 0.482747
0.456528 0.482747
0.471951 0.482747
0.490459 0.482747
0.507425 0.482747
0.522848 0.482747
0.538271 0.482747
0.553694 0.482747
-0.586083 0.481205
-0.570660 0.481205
-0.549067 0.481205
-0.532102 0.481205
-0.516679 0.481205
-0.501255 0.481205
-0.482747 0.481205
-0.465782 0.481205
-0.450359 0.481205
-0.428766 0.481205
-0.413343 0.481205
-0.397920 0.481205
-0.382496 0.481205
-0.367073 0.481205
-0.351650 0.481205
-0.336227 0.481205
-0.320803 0.481205
-0.305380 0.481205
-0.277618 0.481205
-0.262195 0.481205
-0.246772 0.481205
-0.231349 0.481205
-0.215925 0.481205
-0.200502 0.481205
-0.185079 0.481205
-0.169656 0.481205
-0.154232 0.481205
-0.138809 0.481205
-0.123386 0.481205
-0.107963 0.481205
-0.092539 0.481205
-0.077116 0.481205
-0.060151 0.481205
-0.044727 0.481205
-0.029304 0.481205
-0.013881 0.481205
0.010796 0.481205
0.026220 0.481205
0.067862 0.481205
0.083286 0.481205
0.117217 0.481205
0.132640 0.481205
0.148063 0.481205
0.177367 0.481205
0.192791 0.481205
0.208214 0.481205
0.248314 0.481205
0.405631 0.481205
0.421055 0.481205
0.436478 0.481205
0.451901 0.481205
0.467324 0.481205
0.482747 0.481205
0.499713 0.481205
0.515136 0.481205
0.530560 0.481205
0.545983 0.481205
0.567575 0.481205
-0.573745 0.479663
-0.555237 0.479663
-0.539813 0.479663
-0.524390 0.479663
-0.508967 0.479663
-0.490459 0.479663
-0.473494 0.479663
-0.458070 0.479663
-0.438020 0.479663
-0.422597 0.479663
-0.407174 0.479663
-0.391750 0.479663
-0.376327 0.479663
-0.360904 0.479663
-0.345481 0.479663
-0.330057 0.479663
-0.314634 0.479663
-0.299211 0.479663
-0.283788 0.479663
-0.268364 0.479663
-0.223637 0.479663
-0.208214 0.479663
-0.192791 0.479663
-0.177367 0.479663
-0.161944 0.479663
-0.146521 0.479663
-0.131098 0.479663
-0.115674 0.479663
-0.100251 0.479663
-0.084828 0.479663
-0.069405 0.479663
-0.053981 0.479663
-0.038558 0.479663
-0.023135 0.479663
-0.007712 0.479663
0.016966 0.479663
0.032389 0.479663
0.047812 0.479663
0.111047 0.479663
0.126471 0.479663
0.141894 0.479663
0.169656 0.479663
0.188164 0.479663
0.203587 0.479663
0.396377 0.479663
0.413343 0.479663
0.428766 0.479663
0.444189 0.479663
0.459613 0.479663
0.475036 0.479663
0.490459 0.479663
0.505882 0.479663
0.521306 0.479663
0.536729 0.479663
0.552152 0.479663
-0.579914 0.478121
-0.561406 0.478121
-0.545983 0.478121
-0.530560 0.478121
-0.515136 0.478121
-0.496628 0.478121
-0.478121 0.478121
-0.462697 0.478121
-0.442647 0.478121
-0.427224 0.478121
-0.411801 0.478121
-0.396377 0.478121
-0.380954 0.478121
-0.365531 0.478121
-0.350108 0.478121
-0.334684 0.478121
-0.302296 0.478121
-0.286872 0.478121
-0.271449 0.478121
-0.246772 0.478121
-0.222095 0.478121
-0.206671 0.478121
-0.191248 0.478121
-0.175825 0.478121
-0.160402 0.478121
-0.144978 0.478121
-0.129555 0.478121
-0.114132 0.478121
-0.098709 0.478121
-0.083286 0.478121
-0.067862 0.478121
-0.052439 0.478121
-0.037016 0.478121
-0.021593 0.478121
-0.006169 0.478121
0.018508 0.478121
0.033931 0.478121
0.049354 0.478121
0.064778 0.478121
0.084828 0.478121
0.100251 0.478121
0.115674 0.478121
0.131098 0.478121
0.157317 0.478121
0.172740 0.478121
0.217468 0.478121
0.402547 0.478121
0.421055 0.478121
0.438020 0.478121
0.453443 0.478121
0.468867 0.478121
0.484290 0.478121
0.499713 0.478121
0.516679 0.478121
0.532102 0.478121
0.547525 0.478121
-0.586083 0.476578
-0.570660 0.476578
-0.552152 0.476578
-0.536729 0.476578
-0.521306 0.476578
-0.505882 0.476578
-0.485832 0.476578
-0.468867 0.476578
-0.448816 0.476578
-0.433393 0.476578
-0.417970 0.476578
-0.402547 0.476578
-0.387123 0.476578
-0.371700 0.476578
-0.356277 0.476578
-0.340854 0.476578
-0.325430 0.476578
-0.288415 0.476578
-0.272991 0.476578
-0.252941 0.476578
-0.237518 0.476578
-0.222095 0.476578
-0.206671 0.476578
-0.191248 0.476578
-0.175825 0.476578
-0.160402 0.476578
-0.144978 0.476578
-0.129555 0.476578
-0.114132 0.476578
-0.098709 0.476578
-0.083286 0.476578
-0.067862 0.476578
-0.052439 0.476578
-0.037016 0.476578
-0.021593 0.476578
-0.006169 0.476578
0.009254 0.476578
0.024677 0.476578
0.040100 0.476578
0.055524 0.476578
0.070947 0.476578
0.086370 0.476578
0.101793 0.476578
0.117217 0.476578
0.132640 0.476578
0.155775 0.476578
0.172740 0.476578
0.214383 0.476578
0.408716 0.476578
0.425682 0.476578
0.441105 0.476578
0.456528 0.476578
0.471951 0.476578
0.487374 0.476578
0.502798 0.476578
0.519763 0.476578
0.535187 0.476578
0.550610 0.476578
-0.579914 0.475036
-0.562948 0.475036
-0.547525 0.475036
-0.532102 0.475036
-0.516679 0.475036
-0.499713 0.475036
-0.484290 0.475036
-0.468867 0.475036
-0.447274 0.475036
-0.431851 0.475036
-0.416428 0.475036
-0.401004 0.475036
-0.385581 0.475036
-0.370158 0.475036
-0.354735 0.475036
-0.339311 0.475036
-0.323888 0.475036
-0.308465 0.475036
-0.293042 0.475036
-0.260653 0.475036
-0.245230 0.475036
-0.229806 0.475036
-0.214383 0.475036
-0.198960 0.475036
-0.183537 0.475036
-0.168113 0.475036
-0.152690 0.475036
-0.137267 0.475036
-0.121844 0.475036
-0.106420 0.475036
-0.090997 0.475036
-0.075574 0.475036
-0.060151 0.475036
-0.044727 0.475036
-0.029304 0.475036
-0.013881 0.475036
0.001542 0.475036
0.016966 0.475036
0.032389 0.475036
0.047812 0.475036
0.063235 0.475036
0.078659 0.475036
0.094082 0.475036
0.109505 0.475036
0.124928 0.475036
0.144978 0.475036
0.160402 0.475036
0.177367 0.475036
0.235976 0.475036
0.414885 0.475036
0.433393 0.475036
0.448816 0.475036
0.464240 0.475036
0.479663 0.475036
0.495086 0.475036
0.510509 0.475036
0.527475 0.475036
0.542898 0.475036
0.562948 0.475036
-0.573745 0.473494
-0.555237 0.473494
-0.539813 0.473494
-0.524390 0.473494
-0.508967 0.473494
-0.493544 0.473494
-0.478121 0.473494
-0.462697 0.473494
-0.441105 0.473494
-0.425682 0.473494
-0.410258 0.473494
-0.394835 0.473494
-0.379412 0.473494
-0.363989 0.473494
-0.348565 0.473494
-0.333142 0.473494
-0.317719 0.473494
-0.302296 0.473494
-0.266822 0.473494
-0.251399 0.473494
-0.235976 0.473494
-0.220552 0.473494
-0.205129 0.473494
-0.189706 0.473494
-0.174283 0.473494
-0.158859 0.473494
-0.143436 0.473494
-0.128013 0.473494
-0.112590 0.473494
-0.097166 0.473494
-0.081743 0.473494
-0.066320 0.473494
-0.050897 0.473494
-0.035473 0.473494
-0.020050 0.473494
-0.004627 0.473494
0.010796 0.473494
0.026220 0.473494
0.041643 0.473494
0.057066 0.473494
0.072489 0.473494
0.087912 0.473494
0.103336 0.473494
0.118759 0.473494
0.134182 0.473494
0.149605 0.473494
0.169656 0.473494
0.212841 0.473494
0.413343 0.473494
0.430308 0.473494
0.445732 0.473494
0.461155 0.473494
0.476578 0.473494
0.492001 0.473494
0.507425 0.473494
0.524390 0.473494
0.539813 0.473494
0.555237 0.473494
-0.578372 0.471951
-0.558321 0.471951
-0.542898 0.471951
-0.527475 0.471951
-0.512052 0.471951
-0.496628 0.471951
-0.481205 0.471951
-0.465782 0.471951
-0.442647 0.471951
-0.424139 0.471951
-0.408716 0.471951
-0.393293 0.471951
-0.377869 0.471951
-0.362446 0.471951
-0.347023 0.471951
-0.331600 0.471951
-0.316176 0.471951
-0.286872 0.471951
-0.271449 0.471951
-0.256026 0.471951
-0.240603 0.471951
-0.225179 0.471951
-0.209756 0.471951
-0.194333 0.471951
-0.178910 0.471951
-0.163486 0.471951
-0.148063 0.471951
-0.132640 0.471951
-0.117217 0.471951
-0.101793 0.471951
-0.086370 0.471951
-0.070947 0.471951
-0.055524 0.471951
-0.040100 0.471951
-0.024677 0.471951
-0.009254 0.471951
0.006169 0.471951
0.021593 0.471951
0.037016 0.471951
0.052439 0.471951
0.067862 0.471951
0.083286 0.471951
0.098709 0.471951
0.114132 0.471951
0.129555 0.471951
0.144978 0.471951
0.160402 0.471951
0.203587 0.471951
0.405631 0.471951
0.424139 0.471951
0.439562 0.471951
0.454986 0.471951
0.470409 0.471951
0.485832 0.471951
0.501255 0.471951
0.518221 0.471951
0.533644 0.471951
0.549067 0.471951
-0.584541 0.470409
-0.566033 0.470409
-0.549067 0.470409
-0.533644 0.470409
-0.518221 0.470409
-0.502798 0.470409
-0.487374 0.470409
-0.471951 0.470409
-0.450359 0.470409
-0.431851 0.470409
-0.416428 0.470409
-0.401004 0.470409
-0.385581 0.470409
-0.370158 0.470409
-0.354735 0.470409
-0.339311 0.470409
-0.323888 0.470409
-0.294584 0.470409
-0.279161 0.470409
-0.263737 0.470409
-0.248314 0.470409
-0.232891 0.470409
-0.217468 0.470409
-0.202044 0.470409
-0.186621 0.470409
-0.171198 0.470409
-0.155775 0.470409
-0.140352 0.470409
-0.124928 0.470409
-0.109505 0.470409
-0.094082 0.470409
-0.078659 0.470409
-0.063235 0.470409
-0.047812 0.470409
-0.032389 0.470409
-0.016966 0.470409
-0.001542 0.470409
0.013881 0.470409
0.029304 0.470409
0.044727 0.470409
0.060151 0.470409
0.075574 0.470409
0.090997 0.470409
0.106420 0.470409
0.121844 0.470409
0.137267 0.470409
0.152690 0.470409
0.174283 0.470409
0.229806 0.470409
0.422597 0.470409
0.438020 0.470409
0.453443 0.470409
0.468867 0.470409
0.484290 0.470409
0.499713 0.470409
0.515136 0.470409
0.532102 0.470409
0.547525 0.470409
0.566033 0.470409
-0.569118 0.468867
-0.550610 0.468867
-0.535187 0.468867
-0.519763 0.468867
-0.504340 0.468867
-0.485832 0.468867
-0.470409 0.468867
-0.448816 0.468867
-0.431851 0.468867
-0.416428 0.468867
-0.401004 0.468867
-0.385581 0.468867
-0.370158 0.468867
-0.354735 0.468867
-0.339311 0.468867
-0.323888 0.468867
-0.296126 0.468867
-0.268364 0.468867
-0.252941 0.468867
-0.237518 0.468867
-0.222095 0.468867
-0.206671 0.468867
-0.191248 0.468867
-0.175825 0.468867
-0.160402 0.468867
-0.144978 0.468867
-0.129555 0.468867
-0.114132 0.468867
-0.098709 0.468867
-0.081743 0.468867
-0.066320 0.468867
-0.050897 0.468867
-0.035473 0.468867
-0.020050 0.468867
-0.004627 0.468867
0.010796 0.468867
0.026220 0.468867
0.041643 0.468867
0.057066 0.468867
0.072489 0.468867
0.087912 0.468867
0.103336 0.468867
0.118759 0.468867
0.134182 0.468867
0.149605 0.468867
0.171198 0.468867
0.223637 0.468867
0.421055 0.468867
0.436478 0.468867
0.451901 0.468867
0.467324 0.468867
0.482747 0.468867
0.498171 0.468867
0.513594 0.468867
0.530560 0.468867
0.545983 0.468867
0.561406 0.468867
-0.569118 0.467324
-0.552152 0.467324
-0.536729 0.467324
-0.521306 0.467324
-0.505882 0.467324
-0.487374 0.467324
-0.471951 0.467324
-0.453443 0.467324
-0.438020 0.467324
-0.422597 0.467324
-0.407174 0.467324
-0.391750 0.467324
-0.376327 0.467324
-0.360904 0.467324
-0.345481 0.467324
-0.330057 0.467324
-0.303838 0.467324
-0.259110 0.467324
-0.243687 0.467324
-0.228264 0.467324
-0.212841 0.467324
-0.197417 0.467324
-0.181994 0.467324
-0.166571 0.467324
-0.151148 0.467324
-0.135725 0.467324
-0.120301 0.467324
-0.103336 0.467324
-0.083286 0.467324
-0.067862 0.467324
-0.052439 0.467324
-0.037016 0.467324
-0.021593 0.467324
-0.006169 0.467324
0.009254 0.467324
0.024677 0.467324
0.040100 0.467324
0.055524 0.467324
0.072489 0.467324
0.087912 0.467324
0.103336 0.467324
0.118759 0.467324
0.134182 0.467324
0.152690 0.467324
0.168113 0.467324
0.217468 0.467324
0.416428 0.467324
0.431851 0.467324
0.447274 0.467324
0.462697 0.467324
0.478121 0.467324
0.493544 0.467324
0.508967 0.467324
0.525933 0.467324
0.541356 0.467324
0.556779 0.467324
-0.579914 0.465782
-0.561406 0.465782
-0.545983 0.465782
-0.530560 0.465782
-0.515136 0.465782
-0.499713 0.465782
-0.481205 0.465782
-0.462697 0.465782
-0.447274 0.465782
-0.431851 0.465782
-0.416428 0.465782
-0.401004 0.465782
-0.385581 0.465782
-0.370158 0.465782
-0.354735 0.465782
-0.339311 0.465782
-0.314634 0.465782
-0.299211 0.465782
-0.283788 0.465782
-0.240603 0.465782
-0.225179 0.465782
-0.203587 0.465782
-0.188164 0.465782
-0.172740 0.465782
-0.157317 0.465782
-0.141894 0.465782
-0.126471 0.465782
-0.109505 0.465782
-0.089455 0.465782
-0.074032 0.465782
-0.058608 0.465782
-0.043185 0.465782
-0.027762 0.465782
-0.012339 0.465782
0.003085 0.465782
0.018508 0.465782
0.033931 0.465782
0.049354 0.465782
0.084828 0.465782
0.100251 0.465782
0.115674 0.465782
0.138809 0.465782
0.154232 0.465782
0.174283 0.465782
0.189706 0.465782
0.209756 0.465782
0.245230 0.465782
0.422597 0.465782
0.438020 0.465782
0.453443 0.465782
0.468867 0.465782
0.484290 0.465782
0.499713 0.465782
0.515136 0.465782
0.532102 0.465782
0.547525 0.465782
0.562948 0.465782
-0.576829 0.464240
-0.561406 0.464240
-0.544440 0.464240
-0.529017 0.464240
-0.513594 0.464240
-0.498171 0.464240
-0.479663 0.464240
-0.461155 0.464240
-0.445732 0.464240
-0.430308 0.464240
-0.414885 0.464240
-0.399462 0.464240
-0.384039 0.464240
-0.368616 0.464240
-0.353192 0.464240
-0.337769 0.464240
-0.320803 0.464240
-0.305380 0.464240
-0.289957 0.464240
-0.274534 0.464240
-0.259110 0.464240
-0.217468 0.464240
-0.202044 0.464240
-0.186621 0.464240
-0.171198 0.464240
-0.155775 0.464240
-0.140352 0.464240
-0.124928 0.464240
-0.109505 0.464240
-0.094082 0.464240
-0.078659 0.464240
-0.058608 0.464240
-0.043185 0.464240
-0.027762 0.464240
-0.012339 0.464240
0.003085 0.464240
0.018508 0.464240
0.033931 0.464240
0.049354 0.464240
0.064778 0.464240
0.080201 0.464240
0.095624 0.464240
0.111047 0.464240
0.144978 0.464240
0.160402 0.464240
0.175825 0.464240
0.191248 0.464240
0.209756 0.464240
0.417970 0.464240
0.434935 0.464240
0.450359 0.464240
0.465782 0.464240
0.481205 0.464240
0.496628 0.464240
0.512052 0.464240
0.530560 0.464240
0.545983 0.464240
0.561406 0.464240
-0.578372 0.462697
-0.562948 0.462697
-0.544440 0.462697
-0.529017 0.462697
-0.513594 0.462697
-0.498171 0.462697
-0.479663 0.462697
-0.462697 0.462697
-0.447274 0.462697
-0.431851 0.462697
-0.416428 0.462697
-0.401004 0.462697
-0.385581 0.462697
-0.370158 0.462697
-0.354735 0.462697
-0.337769 0.462697
-0.322346 0.462697
-0.306923 0.462697
-0.291499 0.462697
-0.276076 0.462697
-0.260653 0.462697
-0.245230 0.462697
-0.229806 0.462697
-0.214383 0.462697
-0.198960 0.462697
-0.183537 0.462697
-0.168113 0.462697
-0.152690 0.462697
-0.137267 0.462697
-0.121844 0.462697
-0.106420 0.462697
-0.090997 0.462697
-0.069405 0.462697
-0.053981 0.462697
-0.038558 0.462697
-0.023135 0.462697
-0.007712 0.462697
0.007712 0.462697
0.023135 0.462697
0.038558 0.462697
0.053981 0.462697
0.069405 0.462697
0.084828 0.462697
0.100251 0.462697
0.143436 0.462697
0.163486 0.462697
0.178910 0.462697
0.411801 0.462697
0.428766 0.462697
0.444189 0.462697
0.459613 0.462697
0.475036 0.462697
0.490459 0.462697
0.505882 0.462697
0.522848 0.462697
0.538271 0.462697
0.553694 0.462697
-0.587626 0.461155
-0.572202 0.461155
-0.555237 0.461155
-0.539813 0.461155
-0.524390 0.461155
-0.508967 0.461155
-0.492001 0.461155
-0.473494 0.461155
-0.458070 0.461155
-0.442647 0.461155
-0.427224 0.461155
-0.411801 0.461155
-0.396377 0.461155
-0.380954 0.461155
-0.365531 0.461155
-0.350108 0.461155
-0.334684 0.461155
-0.319261 0.461155
-0.303838 0.461155
-0.288415 0.461155
-0.272991 0.461155
-0.257568 0.461155
-0.242145 0.461155
-0.226722 0.461155
-0.211298 0.461155
-0.195875 0.461155
-0.180452 0.461155
-0.165029 0.461155
-0.149605 0.461155
-0.134182 0.461155
-0.118759 0.461155
-0.103336 0.461155
-0.087912 0.461155
-0.067862 0.461155
-0.052439 0.461155
-0.037016 0.461155
-0.021593 0.461155
-0.006169 0.461155
0.009254 0.461155
0.024677 0.461155
0.040100 0.461155
0.055524 0.461155
0.070947 0.461155
0.086370 0.461155
0.131098 0.461155
0.183537 0.461155
0.419512 0.461155
0.442647 0.461155
0.458070 0.461155
0.473494 0.461155
0.488917 0.461155
0.504340 0.461155
0.521306 0.461155
0.536729 0.461155
0.552152 0.461155
-0.589168 0.459613
-0.573745 0.459613
-0.556779 0.459613
-0.541356 0.459613
-0.525933 0.459613
-0.510509 0.459613
-0.493544 0.459613
-0.473494 0.459613
-0.458070 0.459613
-0.442647 0.459613
-0.427224 0.459613
-0.411801 0.459613
-0.396377 0.459613
-0.380954 0.459613
-0.365531 0.459613
-0.350108 0.459613
-0.334684 0.459613
-0.319261 0.459613
-0.303838 0.459613
-0.288415 0.459613
-0.272991 0.459613
-0.257568 0.459613
-0.242145 0.459613
-0.215925 0.459613
-0.200502 0.459613
-0.185079 0.459613
-0.169656 0.459613
-0.154232 0.459613
-0.138809 0.459613
-0.123386 0.459613
-0.107963 0.459613
-0.092539 0.459613
-0.072489 0.459613
-0.057066 0.459613
-0.041643 0.459613
-0.026220 0.459613
-0.010796 0.459613
0.004627 0.459613
0.020050 0.459613
0.035473 0.459613
0.050897 0.459613
0.066320 0.459613
0.081743 0.459613
0.097166 0.459613
0.178910 0.459613
0.416428 0.459613
0.436478 0.459613
0.451901 0.459613
0.467324 0.459613
0.484290 0.459613
0.499713 0.459613
0.515136 0.459613
0.533644 0.459613
0.550610 0.459613
0.569118 0.459613
-0.576829 0.458070
-0.559864 0.458070
-0.544440 0.458070
-0.529017 0.458070
-0.512052 0.458070
-0.496628 0.458070
-0.475036 0.458070
-0.459613 0.458070
-0.444189 0.458070
-0.428766 0.458070
-0.413343 0.458070
-0.397920 0.458070
-0.382496 0.458070
-0.367073 0.458070
-0.351650 0.458070
-0.336227 0.458070
-0.320803 0.458070
-0.305380 0.458070
-0.289957 0.458070
-0.274534 0.458070
-0.259110 0.458070
-0.243687 0.458070
-0.219010 0.458070
-0.203587 0.458070
-0.188164 0.458070
-0.166571 0.458070
-0.151148 0.458070
-0.135725 0.458070
-0.120301 0.458070
-0.104878 0.458070
-0.089455 0.458070
-0.069405 0.458070
-0.053981 0.458070
-0.038558 0.458070
-0.023135 0.458070
-0.007712 0.458070
0.007712 0.458070
0.024677 0.458070
0.040100 0.458070
0.055524 0.458070
0.070947 0.458070
0.086370 0.458070
0.106420 0.458070
0.123386 0.458070
0.408716 0.458070
0.425682 0.458070
0.444189 0.458070
0.459613 0.458070
0.475036 0.458070
0.492001 0.458070
0.507425 0.458070
0.524390 0.458070
0.539813 0.458070
0.558321 0.458070
-0.584541 0.456528
-0.569118 0.456528
-0.553694 0.456528
-0.538271 0.456528
-0.522848 0.456528
-0.505882 0.456528
-0.490459 0.456528
-0.471951 0.456528
-0.456528 0.456528
-0.441105 0.456528
-0.425682 0.456528
-0.410258 0.456528
-0.394835 0.456528
-0.379412 0.456528
-0.363989 0.456528
-0.348565 0.456528
-0.333142 0.456528
-0.313092 0.456528
-0.297669 0.456528
-0.282245 0.456528
-0.260653 0.456528
-0.228264 0.456528
-0.212841 0.456528
-0.197417 0.456528
-0.181994 0.456528
-0.158859 0.456528
-0.143436 0.456528
-0.128013 0.456528
-0.112590 0.456528
-0.097166 0.456528
-0.078659 0.456528
-0.063235 0.456528
-0.047812 0.456528
-0.032389 0.456528
-0.016966 0.456528
-0.001542 0.456528
0.016966 0.456528
0.032389 0.456528
0.047812 0.456528
0.063235 0.456528
0.078659 0.456528
0.094082 0.456528
0.114132 0.456528
0.421055 0.456528
0.436478 0.456528
0.453443 0.456528
0.468867 0.456528
0.485832 0.456528
0.501255 0.456528
0.516679 0.456528
0.533644 0.456528
0.550610 0.456528
-0.587626 0.454986
-0.572202 0.454986
-0.556779 0.454986
-0.541356 0.454986
-0.525933 0.454986
-0.508967 0.454986
-0.492001 0.454986
-0.475036 0.454986
-0.459613 0.454986
-0.444189 0.454986
-0.428766 0.454986
-0.413343 0.454986
-0.397920 0.454986
-0.382496 0.454986
-0.367073 0.454986
-0.351650 0.454986
-0.336227 0.454986
-0.320803 0.454986
-0.296126 0.454986
-0.280703 0.454986
-0.237518 0.454986
-0.222095 0.454986
-0.206671 0.454986
-0.191248 0.454986
-0.166571 0.454986
-0.151148 0.454986
-0.131098 0.454986
-0.115674 0.454986
-0.097166 0.454986
-0.081743 0.454986
-0.066320 0.454986
-0.050897 0.454986
-0.035473 0.454986
-0.020050 0.454986
-0.003085 0.454986
0.016966 0.454986
0.032389 0.454986
0.047812 0.454986
0.063235 0.454986
0.078659 0.454986
0.094082 0.454986
0.411801 0.454986
0.434935 0.454986
0.450359 0.454986
0.465782 0.454986
0.484290 0.454986
0.499713 0.454986
0.515136 0.454986
0.530560 0.454986
0.547525 0.454986
0.562948 0.454986
-0.573745 0.453443
-0.558321 0.453443
-0.542898 0.453443
-0.527475 0.453443
-0.512052 0.453443
-0.496628 0.453443
-0.476578 0.453443
-0.461155 0.453443
-0.445732 0.453443
-0.430308 0.453443
-0.414885 0.453443
-0.399462 0.453443
-0.384039 0.453443
-0.368616 0.453443
-0.353192 0.453443
-0.337769 0.453443
-0.322346 0.453443
-0.283788 0.453443
-0.268364 0.453443
-0.252941 0.453443
-0.237518 0.453443
-0.222095 0.453443
-0.175825 0.453443
-0.160402 0.453443
-0.137267 0.453443
-0.115674 0.453443
-0.100251 0.453443
-0.083286 0.453443
-0.067862 0.453443
-0.052439 0.453443
-0.037016 0.453443
-0.021593 0.453443
-0.004627 0.453443
0.016966 0.453443
0.032389 0.453443
0.047812 0.453443
0.063235 0.453443
0.078659 0.453443
0.098709 0.453443
0.114132 0.453443
0.425682 0.453443
0.441105 0.453443
0.458070 0.453443
0.473494 0.453443
0.490459 0.453443
0.505882 0.453443
0.521306 0.453443
0.538271 0.453443
0.556779 0.453443
-0.581456 0.451901
-0.566033 0.451901
-0.550610 0.451901
-0.535187 0.451901
-0.518221 0.451901
-0.502798 0.451901
-0.484290 0.451901
-0.468867 0.451901
-0.453443 0.451901
-0.438020 0.451901
-0.422597 0.451901
-0.407174 0.451901
-0.391750 0.451901
-0.376327 0.451901
-0.360904 0.451901
-0.345481 0.451901
-0.330057 0.451901
-0.314634 0.451901
-0.299211 0.451901
-0.274534 0.451901
-0.259110 0.451901
-0.243687 0.451901
-0.228264 0.451901
-0.212841 0.451901
-0.175825 0.451901
-0.160402 0.451901
-0.138809 0.451901
-0.115674 0.451901
-0.100251 0.451901
-0.084828 0.451901
-0.069405 0.451901
-0.053981 0.451901
-0.035473 0.451901
-0.020050 0.451901
0.003085 0.451901
0.018508 0.451901
0.033931 0.451901
0.049354 0.451901
0.064778 0.451901
0.080201 0.451901
0.095624 0.451901
0.111047 0.451901
0.417970 0.451901
0.438020 0.451901
0.454986 0.451901
0.470409 0.451901
0.488917 0.451901
0.504340 0.451901
0.519763 0.451901
0.536729 0.451901
0.555237 0.451901
-0.584541 0.450359
-0.569118 0.450359
-0.553694 0.450359
-0.538271 0.450359
-0.522848 0.450359
-0.507425 0.450359
-0.490459 0.450359
-0.475036 0.450359
-0.459613 0.450359
-0.444189 0.450359
-0.428766 0.450359
-0.413343 0.450359
-0.397920 0.450359
-0.382496 0.450359
-0.367073 0.450359
-0.351650 0.450359
-0.336227 0.450359
-0.320803 0.450359
-0.305380 0.450359
-0.289957 0.450359
-0.256026 0.450359
-0.240603 0.450359
-0.225179 0.450359
-0.209756 0.450359
-0.192791 0.450359
-0.177367 0.450359
-0.155775 0.450359
-0.140352 0.450359
-0.115674 0.450359
-0.100251 0.450359
-0.084828 0.450359
-0.069405 0.450359
-0.053981 0.450359
-0.035473 0.450359
-0.016966 0.450359
0.003085 0.450359
0.018508 0.450359
0.033931 0.450359
0.049354 0.450359
0.066320 0.450359
0.084828 0.450359
0.421055 0.450359
0.441105 0.450359
0.456528 0.450359
0.471951 0.450359
0.488917 0.450359
0.504340 0.450359
0.519763 0.450359
0.535187 0.450359
0.552152 0.450359
-0.587626 0.448816
-0.572202 0.448816
-0.556779 0.448816
-0.541356 0.448816
-0.524390 0.448816
-0.508967 0.448816
-0.490459 0.448816
-0.475036 0.448816
-0.459613 0.448816
-0.444189 0.448816
-0.428766 0.448816
-0.413343 0.448816
-0.397920 0.448816
-0.382496 0.448816
-0.362446 0.448816
-0.347023 0.448816
-0.331600 0.448816
-0.316176 0.448816
-0.300753 0.448816
-0.259110 0.448816
-0.243687 0.448816
-0.228264 0.448816
-0.197417 0.448816
-0.181994 0.448816
-0.166571 0.448816
-0.151148 0.448816
-0.124928 0.448816
-0.109505 0.448816
-0.094082 0.448816
-0.078659 0.448816
-0.063235 0.448816
-0.043185 0.448816
-0.027762 0.448816
-0.006169 0.448816
0.009254 0.448816
0.024677 0.448816
0.040100 0.448816
0.057066 0.448816
0.123386 0.448816
0.422597 0.448816
0.441105 0.448816
0.456528 0.448816
0.471951 0.448816
0.488917 0.448816
0.504340 0.448816
0.519763 0.448816
0.535187 0.448816
0.552152 0.448816
-0.587626 0.447274
-0.572202 0.447274
-0.556779 0.447274
-0.541356 0.447274
-0.525933 0.447274
-0.510509 0.447274
-0.492001 0.447274
-0.476578 0.447274
-0.461155 0.447274
-0.445732 0.447274
-0.430308 0.447274
-0.414885 0.447274
-0.399462 0.447274
-0.384039 0.447274
-0.365531 0.447274
-0.350108 0.447274
-0.334684 0.447274
-0.319261 0.447274
-0.303838 0.447274
-0.268364 0.447274
-0.243687 0.447274
-0.208214 0.447274
-0.192791 0.447274
-0.177367 0.447274
-0.161944 0.447274
-0.135725 0.447274
-0.120301 0.447274
-0.104878 0.447274
-0.089455 0.447274
-0.074032 0.447274
-0.052439 0.447274
-0.035473 0.447274
-0.016966 0.447274
0.003085 0.447274
0.018508 0.447274
0.033931 0.447274
0.049354 0.447274
0.067862 0.447274
0.141894 0.447274
0.427224 0.447274
0.445732 0.447274
0.461155 0.447274
0.476578 0.447274
0.493544 0.447274
0.508967 0.447274
0.524390 0.447274
0.541356 0.447274
0.559864 0.447274
-0.581456 0.445732
-0.566033 0.445732
-0.550610 0.445732
-0.533644 0.445732
-0.518221 0.445732
-0.502798 0.445732
-0.484290 0.445732
-0.468867 0.445732
-0.451901 0.445732
-0.436478 0.445732
-0.421055 0.445732
-0.405631 0.445732
-0.390208 0.445732
-0.373242 0.445732
-0.357819 0.445732
-0.342396 0.445732
-0.326973 0.445732
-0.311549 0.445732
-0.296126 0.445732
-0.280703 0.445732
-0.265280 0.445732
-0.231349 0.445732
-0.215925 0.445732
-0.200502 0.445732
-0.185079 0.445732
-0.169656 0.445732
-0.143436 0.445732
-0.128013 0.445732
-0.112590 0.445732
-0.097166 0.445732
-0.081743 0.445732
-0.064778 0.445732
-0.043185 0.445732
-0.020050 0.445732
-0.004627 0.445732
0.010796 0.445732
0.026220 0.445732
0.041643 0.445732
0.057066 0.445732
0.427224 0.445732
0.444189 0.445732
0.461155 0.445732
0.476578 0.445732
0.495086 0.445732
0.510509 0.445732
0.525933 0.445732
0.545983 0.445732
0.561406 0.445732
-0.579914 0.444189
-0.564491 0.444189
-0.549067 0.444189
-0.533644 0.444189
-0.518221 0.444189
-0.502798 0.444189
-0.482747 0.444189
-0.467324 0.444189
-0.451901 0.444189
-0.436478 0.444189
-0.421055 0.444189
-0.405631 0.444189
-0.390208 0.444189
-0.373242 0.444189
-0.357819 0.444189
-0.342396 0.444189
-0.326973 0.444189
-0.311549 0.444189
-0.296126 0.444189
-0.280703 0.444189
-0.265280 0.444189
-0.249857 0.444189
-0.234433 0.444189
-0.219010 0.444189
-0.197417 0.444189
-0.181994 0.444189
-0.166571 0.444189
-0.144978 0.444189
-0.129555 0.444189
-0.114132 0.444189
-0.098709 0.444189
-0.078659 0.444189
-0.058608 0.444189
-0.038558 0.444189
-0.021593 0.444189
-0.006169 0.444189
0.009254 0.444189
0.024677 0.444189
0.040100 0.444189
0.055524 0.444189
0.431851 0.444189
0.450359 0.444189
0.465782 0.444189
0.481205 0.444189
0.498171 0.444189
0.515136 0.444189
0.533644 0.444189
0.552152 0.444189
-0.590710 0.442647
-0.575287 0.442647
-0.559864 0.442647
-0.542898 0.442647
-0.525933 0.442647
-0.510509 0.442647
-0.492001 0.442647
-0.476578 0.442647
-0.461155 0.442647
-0.442647 0.442647
-0.427224 0.442647
-0.411801 0.442647
-0.396377 0.442647
-0.376327 0.442647
-0.360904 0.442647
-0.345481 0.442647
-0.330057 0.442647
-0.314634 0.442647
-0.299211 0.442647
-0.283788 0.442647
-0.268364 0.442647
-0.252941 0.442647
-0.237518 0.442647
-0.222095 0.442647
-0.200502 0.442647
-0.185079 0.442647
-0.169656 0.442647
-0.154232 0.442647
-0.138809 0.442647
-0.123386 0.442647
-0.106420 0.442647
-0.090997 0.442647
-0.067862 0.442647
-0.052439 0.442647
-0.032389 0.442647
-0.016966 0.442647
-0.001542 0.442647
0.013881 0.442647
0.029304 0.442647
0.044727 0.442647
0.427224 0.442647
0.442647 0.442647
0.459613 0.442647
0.475036 0.442647
0.492001 0.442647
0.507425 0.442647
0.522848 0.442647
0.541356 0.442647
0.558321 0.442647
-0.587626 0.441105
-0.572202 0.441105
-0.556779 0.441105
-0.541356 0.441105
-0.525933 0.441105
-0.510509 0.441105
-0.492001 0.441105
-0.476578 0.441105
-0.461155 0.441105
-0.442647 0.441105
-0.427224 0.441105
-0.411801 0.441105
-0.384039 0.441105
-0.368616 0.441105
-0.353192 0.441105
-0.317719 0.441105
-0.302296 0.441105
-0.286872 0.441105
-0.271449 0.441105
-0.256026 0.441105
-0.240603 0.441105
-0.225179 0.441105
-0.202044 0.441105
-0.177367 0.441105
-0.160402 0.441105
-0.144978 0.441105
-0.129555 0.441105
-0.112590 0.441105
-0.097166 0.441105
-0.075574 0.441105
-0.060151 0.441105
-0.038558 0.441105
-0.023135 0.441105
-0.007712 0.441105
0.007712 0.441105
0.023135 0.441105
0.038558 0.441105
0.424139 0.441105
0.439562 0.441105
0.458070 0.441105
0.473494 0.441105
0.490459 0.441105
0.505882 0.441105
0.521306 0.441105
0.539813 0.441105
0.556779 0.441105
-0.589168 0.439562
-0.573745 0.439562
-0.558321 0.439562
-0.541356 0.439562
-0.525933 0.439562
-0.510509 0.439562
-0.492001 0.439562
-0.476578 0.439562
-0.461155 0.439562
-0.444189 0.439562
-0.428766 0.439562
-0.413343 0.439562
-0.396377 0.439562
-0.380954 0.439562
-0.365531 0.439562
-0.343938 0.439562
-0.328515 0.439562
-0.313092 0.439562
-0.297669 0.439562
-0.282245 0.439562
-0.266822 0.439562
-0.251399 0.439562
-0.235976 0.439562
-0.220552 0.439562
-0.205129 0.439562
-0.177367 0.439562
-0.161944 0.439562
-0.143436 0.439562
-0.121844 0.439562
-0.104878 0.439562
-0.083286 0.439562
-0.067862 0.439562
-0.046270 0.439562
-0.030846 0.439562
-0.015423 0.439562
0.000000 0.439562
0.015423 0.439562
0.030846 0.439562
0.046270 0.439562
0.434935 0.439562
0.451901 0.439562
0.468867 0.439562
0.484290 0.439562
0.501255 0.439562
0.516679 0.439562
0.532102 0.439562
0.552152 0.439562
0.567575 0.439562
-0.579914 0.438020
-0.564491 0.438020
-0.547525 0.438020
-0.532102 0.438020
-0.516679 0.438020
-0.498171 0.438020
-0.482747 0.438020
-0.467324 0.438020
-0.451901 0.438020
-0.436478 0.438020
-0.421055 0.438020
-0.402547 0.438020
-0.387123 0.438020
-0.371700 0.438020
-0.351650 0.438020
-0.336227 0.438020
-0.320803 0.438020
-0.305380 0.438020
-0.289957 0.438020
-0.274534 0.438020
-0.259110 0.438020
-0.243687 0.438020
-0.228264 0.438020
-0.212841 0.438020
-0.197417 0.438020
-0.181994 0.438020
-0.166571 0.438020
-0.151148 0.438020
-0.121844 0.438020
-0.101793 0.438020
-0.086370 0.438020
-0.070947 0.438020
-0.049354 0.438020
-0.033931 0.438020
-0.018508 0.438020
-0.003085 0.438020
0.012339 0.438020
0.027762 0.438020
0.043185 0.438020
0.434935 0.438020
0.451901 0.438020
0.470409 0.438020
0.487374 0.438020
0.502798 0.438020
0.518221 0.438020
0.533644 0.438020
0.553694 0.438020
-0.592252 0.436478
-0.573745 0.436478
-0.558321 0.436478
-0.542898 0.436478
-0.527475 0.436478
-0.512052 0.436478
-0.495086 0.436478
-0.479663 0.436478
-0.464240 0.436478
-0.447274 0.436478
-0.431851 0.436478
-0.416428 0.436478
-0.401004 0.436478
-0.385581 0.436478
-0.370158 0.436478
-0.350108 0.436478
-0.334684 0.436478
-0.319261 0.436478
-0.303838 0.436478
-0.288415 0.436478
-0.234433 0.436478
-0.219010 0.436478
-0.203587 0.436478
-0.188164 0.436478
-0.172740 0.436478
-0.157317 0.436478
-0.121844 0.436478
-0.106420 0.436478
-0.090997 0.436478
-0.075574 0.436478
-0.060151 0.436478
-0.038558 0.436478
-0.021593 0.436478
-0.006169 0.436478
0.009254 0.436478
0.024677 0.436478
0.421055 0.436478
0.439562 0.436478
0.459613 0.436478
0.475036 0.436478
0.492001 0.436478
0.507425 0.436478
0.522848 0.436478
0.538271 0.436478
0.555237 0.436478
-0.584541 0.434935
-0.569118 0.434935
-0.553694 0.434935
-0.538271 0.434935
-0.522848 0.434935
-0.507425 0.434935
-0.488917 0.434935
-0.473494 0.434935
-0.456528 0.434935
-0.441105 0.434935
-0.425682 0.434935
-0.410258 0.434935
-0.394835 0.434935
-0.379412 0.434935
-0.360904 0.434935
-0.345481 0.434935
-0.330057 0.434935
-0.314634 0.434935
-0.299211 0.434935
-0.283788 0.434935
-0.246772 0.434935
-0.231349 0.434935
-0.215925 0.434935
-0.200502 0.434935
-0.185079 0.434935
-0.169656 0.434935
-0.154232 0.434935
-0.129555 0.434935
-0.114132 0.434935
-0.098709 0.434935
-0.083286 0.434935
-0.067862 0.434935
-0.046270 0.434935
-0.030846 0.434935
-0.015423 0.434935
0.000000 0.434935
0.015423 0.434935
0.030846 0.434935
0.436478 0.434935
0.454986 0.434935
0.471951 0.434935
0.487374 0.434935
0.502798 0.434935
0.518221 0.434935
0.533644 0.434935
0.550610 0.434935
-0.587626 0.433393
-0.572202 0.433393
-0.555237 0.433393
-0.538271 0.433393
-0.522848 0.433393
-0.505882 0.433393
-0.490459 0.433393
-0.475036 0.433393
-0.459613 0.433393
-0.444189 0.433393
-0.428766 0.433393
-0.413343 0.433393
-0.397920 0.433393
-0.382496 0.433393
-0.367073 0.433393
-0.351650 0.433393
-0.336227 0.433393
-0.320803 0.433393
-0.305380 0.433393
-0.289957 0.433393
-0.274534 0.433393
-0.259110 0.433393
-0.243687 0.433393
-0.225179 0.433393
-0.209756 0.433393
-0.194333 0.433393
-0.178910 0.433393
-0.163486 0.433393
-0.144978 0.433393
-0.129555 0.433393
-0.114132 0.433393
-0.098709 0.433393
-0.081743 0.433393
-0.066320 0.433393
-0.044727 0.433393
-0.029304 0.433393
-0.013881 0.433393
0.001542 0.433393
0.016966 0.433393
0.425682 0.433393
0.442647 0.433393
0.459613 0.433393
0.476578 0.433393
0.492001 0.433393
0.507425 0.433393
0.522848 0.433393
0.538271 0.433393
0.555237 0.433393
-0.581456 0.431851
-0.566033 0.431851
-0.549067 0.431851
-0.532102 0.431851
-0.516679 0.431851
-0.499713 0.431851
-0.484290 0.431851
-0.468867 0.431851
-0.453443 0.431851
-0.438020 0.431851
-0.417970 0.431851
-0.402547 0.431851
-0.387123 0.431851
-0.371700 0.431851
-0.356277 0.431851
-0.340854 0.431851
-0.325430 0.431851
-0.310007 0.431851
-0.294584 0.431851
-0.279161 0.431851
-0.263737 0.431851
-0.248314 0.431851
-0.222095 0.431851
-0.206671 0.431851
-0.191248 0.431851
-0.175825 0.431851
-0.160402 0.431851
-0.144978 0.431851
-0.129555 0.431851
-0.114132 0.431851
-0.098709 0.431851
-0.080201 0.431851
-0.058608 0.431851
-0.043185 0.431851
-0.026220 0.431851
-0.010796 0.431851
0.004627 0.431851
0.020050 0.431851
0.434935 0.431851
0.453443 0.431851
0.468867 0.431851
0.484290 0.431851
0.499713 0.431851
0.515136 0.431851
0.530560 0.431851
0.545983 0.431851
0.561406 0.431851
-0.576829 0.430308
-0.559864 0.430308
-0.542898 0.430308
-0.527475 0.430308
-0.512052 0.430308
-0.493544 0.430308
-0.478121 0.430308
-0.462697 0.430308
-0.447274 0.430308
-0.428766 0.430308
-0.413343 0.430308
-0.397920 0.430308
-0.382496 0.430308
-0.367073 0.430308
-0.351650 0.430308
-0.336227 0.430308
-0.320803 0.430308
-0.305380 0.430308
-0.289957 0.430308
-0.274534 0.430308
-0.259110 0.430308
-0.243687 0.430308
-0.228264 0.430308
-0.212841 0.430308
-0.197417 0.430308
-0.181994 0.430308
-0.166571 0.430308
-0.151148 0.430308
-0.135725 0.430308
-0.120301 0.430308
-0.100251 0.430308
-0.084828 0.430308
-0.064778 0.430308
-0.049354 0.430308
-0.030846 0.430308
-0.015423 0.430308
0.000000 0.430308
0.015423 0.430308
0.430308 0.430308
0.445732 0.430308
0.464240 0.430308
0.479663 0.430308
0.495086 0.430308
0.510509 0.430308
0.525933 0.430308
0.541356 0.430308
0.556779 0.430308
-0.582999 0.428766
-0.567575 0.428766
-0.550610 0.428766
-0.532102 0.428766
-0.516679 0.428766
-0.496628 0.428766
-0.481205 0.428766
-0.465782 0.428766
-0.450359 0.428766
-0.433393 0.428766
-0.417970 0.428766
-0.402547 0.428766
-0.387123 0.428766
-0.371700 0.428766
-0.356277 0.428766
-0.340854 0.428766
-0.325430 0.428766
-0.310007 0.428766
-0.294584 0.428766
-0.279161 0.428766
-0.263737 0.428766
-0.248314 0.428766
-0.232891 0.428766
-0.217468 0.428766
-0.202044 0.428766
-0.186621 0.428766
-0.165029 0.428766
-0.149605 0.428766
-0.134182 0.428766
-0.118759 0.428766
-0.095624 0.428766
-0.078659 0.428766
-0.060151 0.428766
-0.044727 0.428766
-0.026220 0.428766
-0.010796 0.428766
0.004627 0.428766
0.421055 0.428766
0.441105 0.428766
0.459613 0.428766
0.476578 0.428766
0.492001 0.428766
0.507425 0.428766
0.522848 0.428766
0.539813 0.428766
0.555237 0.428766
-0.587626 0.427224
-0.572202 0.427224
-0.555237 0.427224
-0.538271 0.427224
-0.522848 0.427224
-0.504340 0.427224
-0.488917 0.427224
-0.473494 0.427224
-0.458070 0.427224
-0.442647 0.427224
-0.427224 0.427224
-0.411801 0.427224
-0.396377 0.427224
-0.380954 0.427224
-0.365531 0.427224
-0.350108 0.427224
-0.334684 0.427224
-0.313092 0.427224
-0.297669 0.427224
-0.282245 0.427224
-0.266822 0.427224
-0.251399 0.427224
-0.235976 0.427224
-0.220552 0.427224
-0.205129 0.427224
-0.178910 0.427224
-0.163486 0.427224
-0.148063 0.427224
-0.132640 0.427224
-0.109505 0.427224
-0.094082 0.427224
-0.078659 0.427224
-0.060151 0.427224
-0.044727 0.427224
-0.026220 0.427224
-0.010796 0.427224
0.004627 0.427224
0.422597 0.427224
0.442647 0.427224
0.461155 0.427224
0.478121 0.427224
0.493544 0.427224
0.508967 0.427224
0.524390 0.427224
0.541356 0.427224
0.556779 0.427224
-0.586083 0.425682
-0.570660 0.425682
-0.553694 0.425682
-0.536729 0.425682
-0.521306 0.425682
-0.502798 0.425682
-0.485832 0.425682
-0.470409 0.425682
-0.454986 0.425682
-0.439562 0.425682
-0.424139 0.425682
-0.408716 0.425682
-0.393293 0.425682
-0.377869 0.425682
-0.362446 0.425682
-0.347023 0.425682
-0.331600 0.425682
-0.314634 0.425682
-0.299211 0.425682
-0.283788 0.425682
-0.268364 0.425682
-0.252941 0.425682
-0.237518 0.425682
-0.222095 0.425682
-0.206671 0.425682
-0.181994 0.425682
-0.166571 0.425682
-0.151148 0.425682
-0.128013 0.425682
-0.106420 0.425682
-0.090997 0.425682
-0.072489 0.425682
-0.057066 0.425682
-0.038558 0.425682
-0.023135 0.425682
-0.007712 0.425682
0.007712 0.425682
0.431851 0.425682
0.450359 0.425682
0.470409 0.425682
0.487374 0.425682
0.502798 0.425682
0.518221 0.425682
0.533644 0.425682
0.550610 0.425682
0.566033 0.425682
-0.578372 0.424139
-0.562948 0.424139
-0.545983 0.424139
-0.530560 0.424139
-0.512052 0.424139
-0.496628 0.424139
-0.481205 0.424139
-0.465782 0.424139
-0.450359 0.424139
-0.434935 0.424139
-0.419512 0.424139
-0.404089 0.424139
-0.388666 0.424139
-0.373242 0.424139
-0.357819 0.424139
-0.342396 0.424139
-0.326973 0.424139
-0.311549 0.424139
-0.296126 0.424139
-0.280703 0.424139
-0.265280 0.424139
-0.249857 0.424139
-0.234433 0.424139
-0.219010 0.424139
-0.203587 0.424139
-0.188164 0.424139
-0.172740 0.424139
-0.157317 0.424139
-0.132640 0.424139
-0.117217 0.424139
-0.101793 0.424139
-0.086370 0.424139
-0.070947 0.424139
-0.055524 0.424139
-0.037016 0.424139
-0.021593 0.424139
-0.006169 0.424139
0.411801 0.424139
0.441105 0.424139
0.458070 0.424139
0.478121 0.424139
0.495086 0.424139
0.510509 0.424139
0.525933 0.424139
0.542898 0.424139
0.558321 0.424139
-0.586083 0.422597
-0.570660 0.422597
-0.553694 0.422597
-0.536729 0.422597
-0.521306 0.422597
-0.501255 0.422597
-0.485832 0.422597
-0.470409 0.422597
-0.454986 0.422597
-0.439562 0.422597
-0.424139 0.422597
-0.408716 0.422597
-0.393293 0.422597
-0.377869 0.422597
-0.362446 0.422597
-0.347023 0.422597
-0.331600 0.422597
-0.316176 0.422597
-0.300753 0.422597
-0.285330 0.422597
-0.269907 0.422597
-0.254483 0.422597
-0.239060 0.422597
-0.223637 0.422597
-0.208214 0.422597
-0.192791 0.422597
-0.177367 0.422597
-0.161944 0.422597
-0.137267 0.422597
-0.121844 0.422597
-0.106420 0.422597
-0.090997 0.422597
-0.074032 0.422597
-0.058608 0.422597
-0.041643 0.422597
-0.026220 0.422597
-0.010796 0.422597
0.411801 0.422597
0.444189 0.422597
0.461155 0.422597
0.481205 0.422597
0.496628 0.422597
0.512052 0.422597
0.529017 0.422597
0.547525 0.422597
0.562948 0.422597
-0.579914 0.421055
-0.562948 0.421055
-0.545983 0.421055
-0.530560 0.421055
-0.512052 0.421055
-0.495086 0.421055
-0.479663 0.421055
-0.464240 0.421055
-0.448816 0.421055
-0.433393 0.421055
-0.417970 0.421055
-0.402547 0.421055
-0.387123 0.421055
-0.371700 0.421055
-0.356277 0.421055
-0.340854 0.421055
-0.325430 0.421055
-0.310007 0.421055
-0.294584 0.421055
-0.279161 0.421055
-0.263737 0.421055
-0.248314 0.421055
-0.232891 0.421055
-0.217468 0.421055
-0.202044 0.421055
-0.186621 0.421055
-0.171198 0.421055
-0.155775 0.421055
-0.132640 0.421055
-0.117217 0.421055
-0.101793 0.421055
-0.083286 0.421055
-0.067862 0.421055
-0.052439 0.421055
-0.037016 0.421055
-0.021593 0.421055
-0.001542 0.421055
0.441105 0.421055
0.459613 0.421055
0.478121 0.421055
0.495086 0.421055
0.510509 0.421055
0.527475 0.421055
0.544440 0.421055
0.559864 0.421055
-0.586083 0.419512
-0.570660 0.419512
-0.553694 0.419512
-0.538271 0.419512
-0.522848 0.419512
-0.502798 0.419512
-0.487374 0.419512
-0.471951 0.419512
-0.456528 0.419512
-0.441105 0.419512
-0.425682 0.419512
-0.410258 0.419512
-0.394835 0.419512
-0.379412 0.419512
-0.363989 0.419512
-0.348565 0.419512
-0.333142 0.419512
-0.317719 0.419512
-0.302296 0.419512
-0.286872 0.419512
-0.271449 0.419512
-0.256026 0.419512
-0.240603 0.419512
-0.225179 0.419512
-0.209756 0.419512
-0.194333 0.419512
-0.178910 0.419512
-0.163486 0.419512
-0.135725 0.419512
-0.120301 0.419512
-0.104878 0.419512
-0.086370 0.419512
-0.070947 0.419512
-0.055524 0.419512
-0.040100 0.419512
-0.024677 0.419512
-0.001542 0.419512
0.442647 0.419512
0.459613 0.419512
0.478121 0.419512
0.495086 0.419512
0.510509 0.419512
0.527475 0.419512
0.544440 0.419512
0.559864 0.419512
-0.586083 0.417970
-0.570660 0.417970
-0.553694 0.417970
-0.535187 0.417970
-0.516679 0.417970
-0.498171 0.417970
-0.481205 0.417970
-0.465782 0.417970
-0.445732 0.417970
-0.430308 0.417970
-0.414885 0.417970
-0.399462 0.417970
-0.384039 0.417970
-0.368616 0.417970
-0.353192 0.417970
-0.337769 0.417970
-0.322346 0.417970
-0.306923 0.417970
-0.291499 0.417970
-0.276076 0.417970
-0.260653 0.417970
-0.245230 0.417970
-0.229806 0.417970
-0.214383 0.417970
-0.198960 0.417970
-0.183537 0.417970
-0.158859 0.417970
-0.143436 0.417970
-0.128013 0.417970
-0.112590 0.417970
-0.097166 0.417970
-0.081743 0.417970
-0.066320 0.417970
-0.050897 0.417970
-0.035473 0.417970
-0.020050 0.417970
0.436478 0.417970
0.453443 0.417970
0.471951 0.417970
0.488917 0.417970
0.504340 0.417970
0.519763 0.417970
0.538271 0.417970
0.553694 0.417970
-0.592252 0.416428
-0.576829 0.416428
-0.559864 0.416428
-0.542898 0.416428
-0.527475 0.416428
-0.508967 0.416428
-0.490459 0.416428
-0.475036 0.416428
-0.456528 0.416428
-0.441105 0.416428
-0.425682 0.416428
-0.410258 0.416428
-0.394835 0.416428
-0.379412 0.416428
-0.363989 0.416428
-0.348565 0.416428
-0.333142 0.416428
-0.317719 0.416428
-0.302296 0.416428
-0.286872 0.416428
-0.271449 0.416428
-0.256026 0.416428
-0.240603 0.416428
-0.225179 0.416428
-0.198960 0.416428
-0.183537 0.416428
-0.166571 0.416428
-0.151148 0.416428
-0.129555 0.416428
-0.114132 0.416428
-0.098709 0.416428
-0.083286 0.416428
-0.067862 0.416428
-0.052439 0.416428
-0.037016 0.416428
-0.010796 0.416428
0.436478 0.416428
0.451901 0.416428
0.470409 0.416428
0.487374 0.416428
0.502798 0.416428
0.518221 0.416428
0.533644 0.416428
0.549067 0.416428
0.567575 0.416428
-0.581456 0.414885
-0.561406 0.414885
-0.545983 0.414885
-0.530560 0.414885
-0.513594 0.414885
-0.493544 0.414885
-0.478121 0.414885
-0.462697 0.414885
-0.445732 0.414885
-0.430308 0.414885
-0.414885 0.414885
-0.399462 0.414885
-0.384039 0.414885
-0.368616 0.414885
-0.353192 0.414885
-0.337769 0.414885
-0.322346 0.414885
-0.306923 0.414885
-0.291499 0.414885
-0.276076 0.414885
-0.260653 0.414885
-0.245230 0.414885
-0.229806 0.414885
-0.208214 0.414885
-0.192791 0.414885
-0.177367 0.414885
-0.161944 0.414885
-0.140352 0.414885
-0.124928 0.414885
-0.109505 0.414885
-0.094082 0.414885
-0.078659 0.414885
-0.063235 0.414885
-0.047812 0.414885
-0.032389 0.414885
0.417970 0.414885
0.444189 0.414885
0.459613 0.414885
0.478121 0.414885
0.496628 0.414885
0.512052 0.414885
0.527475 0.414885
0.542898 0.414885
0.558321 0.414885
-0.587626 0.413343
-0.572202 0.413343
-0.550610 0.413343
-0.535187 0.413343
-0.518221 0.413343
-0.499713 0.413343
-0.481205 0.413343
-0.465782 0.413343
-0.450359 0.413343
-0.434935 0.413343
-0.419512 0.413343
-0.404089 0.413343
-0.388666 0.413343
-0.373242 0.413343
-0.357819 0.413343
-0.342396 0.413343
-0.326973 0.413343
-0.311549 0.413343
-0.296126 0.413343
-0.280703 0.413343
-0.265280 0.413343
-0.249857 0.413343
-0.234433 0.413343
-0.219010 0.413343
-0.203587 0.413343
-0.188164 0.413343
-0.172740 0.413343
-0.151148 0.413343
-0.135725 0.413343
-0.120301 0.413343
-0.104878 0.413343
-0.087912 0.413343
-0.072489 0.413343
-0.057066 0.413343
-0.041643 0.413343
0.414885 0.413343
0.441105 0.413343
0.456528 0.413343
0.475036 0.413343
0.493544 0.413343
0.508967 0.413343
0.524390 0.413343
0.541356 0.413343
0.556779 0.413343
-0.590710 0.411801
-0.575287 0.411801
-0.556779 0.411801
-0.541356 0.411801
-0.524390 0.411801
-0.508967 0.411801
-0.492001 0.411801
-0.476578 0.411801
-0.461155 0.411801
-0.445732 0.411801
-0.430308 0.411801
-0.414885 0.411801
-0.399462 0.411801
-0.384039 0.411801
-0.368616 0.411801
-0.353192 0.411801
-0.337769 0.411801
-0.322346 0.411801
-0.306923 0.411801
-0.291499 0.411801
-0.276076 0.411801
-0.260653 0.411801
-0.245230 0.411801
-0.229806 0.411801
-0.214383 0.411801
-0.198960 0.411801
-0.183537 0.411801
-0.168113 0.411801
-0.152690 0.411801
-0.137267 0.411801
-0.121844 0.411801
-0.106420 0.411801
-0.087912 0.411801
-0.072489 0.411801
-0.057066 0.411801
-0.041643 0.411801
0.421055 0.411801
0.444189 0.411801
0.459613 0.411801
0.476578 0.411801
0.495086 0.411801
0.512052 0.411801
0.527475 0.411801
0.544440 0.411801
0.559864 0.411801
-0.586083 0.410258
-0.570660 0.410258
-0.553694 0.410258
-0.538271 0.410258
-0.521306 0.410258
-0.505882 0.410258
-0.490459 0.410258
-0.475036 0.410258
-0.459613 0.410258
-0.444189 0.410258
-0.428766 0.410258
-0.413343 0.410258
-0.397920 0.410258
-0.382496 0.410258
-0.367073 0.410258
-0.351650 0.410258
-0.336227 0.410258
-0.320803 0.410258
-0.305380 0.410258
-0.289957 0.410258
-0.274534 0.410258
-0.259110 0.410258
-0.243687 0.410258
-0.228264 0.410258
-0.212841 0.410258
-0.197417 0.410258
-0.181994 0.410258
-0.166571 0.410258
-0.151148 0.410258
-0.135725 0.410258
-0.120301 0.410258
-0.100251 0.410258
-0.084828 0.410258
-0.069405 0.410258
-0.053981 0.410258
-0.038558 0.410258
0.431851 0.410258
0.453443 0.410258
0.470409 0.410258
0.488917 0.410258
0.505882 0.410258
0.521306 0.410258
0.539813 0.410258
0.555237 0.410258
-0.589168 0.408716
-0.573745 0.408716
-0.558321 0.408716
-0.541356 0.408716
-0.522848 0.408716
-0.505882 0.408716
-0.490459 0.408716
-0.475036 0.408716
-0.458070 0.408716
-0.442647 0.408716
-0.427224 0.408716
-0.411801 0.408716
-0.396377 0.408716
-0.380954 0.408716
-0.365531 0.408716
-0.350108 0.408716
-0.334684 0.408716
-0.319261 0.408716
-0.303838 0.408716
-0.288415 0.408716
-0.272991 0.408716
-0.257568 0.408716
-0.242145 0.408716
-0.226722 0.408716
-0.211298 0.408716
-0.195875 0.408716
-0.180452 0.408716
-0.165029 0.408716
-0.149605 0.408716
-0.134182 0.408716
-0.118759 0.408716
-0.103336 0.408716
-0.087912 0.408716
-0.072489 0.408716
-0.057066 0.408716
-0.041643 0.408716
0.441105 0.408716
0.456528 0.408716
0.475036 0.408716
0.493544 0.408716
0.510509 0.408716
0.525933 0.408716
0.542898 0.408716
0.559864 0.408716
-0.584541 0.407174
-0.569118 0.407174
-0.553694 0.407174
-0.536729 0.407174
-0.519763 0.407174
-0.501255 0.407174
-0.485832 0.407174
-0.470409 0.407174
-0.454986 0.407174
-0.439562 0.407174
-0.424139 0.407174
-0.408716 0.407174
-0.393293 0.407174
-0.377869 0.407174
-0.362446 0.407174
-0.347023 0.407174
-0.331600 0.407174
-0.316176 0.407174
-0.300753 0.407174
-0.285330 0.407174
-0.265280 0.407174
-0.249857 0.407174
-0.234433 0.407174
-0.219010 0.407174
-0.203587 0.407174
-0.188164 0.407174
-0.172740 0.407174
-0.157317 0.407174
-0.141894 0.407174
-0.126471 0.407174
-0.111047 0.407174
-0.095624 0.407174
-0.080201 0.407174
-0.064778 0.407174
-0.049354 0.407174
0.430308 0.407174
0.450359 0.407174
0.465782 0.407174
0.487374 0.407174
0.504340 0.407174
0.519763 0.407174
0.536729 0.407174
0.553694 0.407174
-0.590710 0.405631
-0.575287 0.405631
-0.559864 0.405631
-0.542898 0.405631
-0.525933 0.405631
-0.510509 0.405631
-0.493544 0.405631
-0.478121 0.405631
-0.461155 0.405631
-0.445732 0.405631
-0.430308 0.405631
-0.414885 0.405631
-0.399462 0.405631
-0.384039 0.405631
-0.368616 0.405631
-0.353192 0.405631
-0.337769 0.405631
-0.322346 0.405631
-0.306923 0.405631
-0.291499 0.405631
-0.276076 0.405631
-0.260653 0.405631
-0.245230 0.405631
-0.229806 0.405631
-0.214383 0.405631
-0.198960 0.405631
-0.183537 0.405631
-0.168113 0.405631
-0.152690 0.405631
-0.137267 0.405631
-0.121844 0.405631
-0.106420 0.405631
-0.090997 0.405631
-0.075574 0.405631
-0.060151 0.405631
-0.044727 0.405631
0.444189 0.405631
0.461155 0.405631
0.482747 0.405631
0.499713 0.405631
0.515136 0.405631
0.530560 0.405631
0.549067 0.405631
-0.592252 0.404089
-0.576829 0.404089
-0.561406 0.404089
-0.544440 0.404089
-0.527475 0.404089
-0.512052 0.404089
-0.493544 0.404089
-0.478121 0.404089
-0.462697 0.404089
-0.447274 0.404089
-0.431851 0.404089
-0.416428 0.404089
-0.401004 0.404089
-0.385581 0.404089
-0.370158 0.404089
-0.354735 0.404089
-0.339311 0.404089
-0.323888 0.404089
-0.308465 0.404089
-0.293042 0.404089
-0.277618 0.404089
-0.262195 0.404089
-0.246772 0.404089
-0.231349 0.404089
-0.215925 0.404089
-0.200502 0.404089
-0.185079 0.404089
-0.169656 0.404089
-0.154232 0.404089
-0.138809 0.404089
-0.123386 0.404089
-0.107963 0.404089
-0.092539 0.404089
-0.077116 0.404089
-0.061693 0.404089
0.428766 0.404089
0.444189 0.404089
0.462697 0.404089
0.482747 0.404089
0.499713 0.404089
0.516679 0.404089
0.535187 0.404089
0.550610 0.404089
-0.589168 0.402547
-0.573745 0.402547
-0.558321 0.402547
-0.541356 0.402547
-0.524390 0.402547
-0.507425 0.402547
-0.492001 0.402547
-0.476578 0.402547
-0.459613 0.402547
-0.444189 0.402547
-0.428766 0.402547
-0.413343 0.402547
-0.397920 0.402547
-0.382496 0.402547
-0.367073 0.402547
-0.351650 0.402547
-0.336227 0.402547
-0.311549 0.402547
-0.296126 0.402547
-0.280703 0.402547
-0.265280 0.402547
-0.249857 0.402547
-0.234433 0.402547
-0.219010 0.402547
-0.203587 0.402547
-0.188164 0.402547
-0.172740 0.402547
-0.157317 0.402547
-0.141894 0.402547
-0.126471 0.402547
-0.111047 0.402547
-0.095624 0.402547
-0.075574 0.402547
0.427224 0.402547
0.444189 0.402547
0.462697 0.402547
0.479663 0.402547
0.495086 0.402547
0.512052 0.402547
0.527475 0.402547
0.545983 0.402547
0.561406 0.402547
-0.579914 0.401004
-0.564491 0.401004
-0.545983 0.401004
-0.527475 0.401004
-0.508967 0.401004
-0.493544 0.401004
-0.478121 0.401004
-0.461155 0.401004
-0.445732 0.401004
-0.430308 0.401004
-0.414885 0.401004
-0.399462 0.401004
-0.384039 0.401004
-0.368616 0.401004
-0.353192 0.401004
-0.337769 0.401004
-0.306923 0.401004
-0.291499 0.401004
-0.276076 0.401004
-0.260653 0.401004
-0.245230 0.401004
-0.219010 0.401004
-0.203587 0.401004
-0.188164 0.401004
-0.172740 0.401004
-0.157317 0.401004
-0.141894 0.401004
-0.126471 0.401004
-0.111047 0.401004
-0.095624 0.401004
0.441105 0.401004
0.461155 0.401004
0.479663 0.401004
0.495086 0.401004
0.512052 0.401004
0.527475 0.401004
0.545983 0.401004
0.561406 0.401004
-0.578372 0.399462
-0.562948 0.399462
-0.545983 0.399462
-0.529017 0.399462
-0.513594 0.399462
-0.496628 0.399462
-0.481205 0.399462
-0.465782 0.399462
-0.450359 0.399462
-0.434935 0.399462
-0.419512 0.399462
-0.404089 0.399462
-0.388666 0.399462
-0.373242 0.399462
-0.357819 0.399462
-0.342396 0.399462
-0.326973 0.399462
-0.311549 0.399462
-0.296126 0.399462
-0.280703 0.399462
-0.265280 0.399462
-0.249857 0.399462
-0.217468 0.399462
-0.202044 0.399462
-0.186621 0.399462
-0.171198 0.399462
-0.155775 0.399462
-0.140352 0.399462
-0.124928 0.399462
-0.109505 0.399462
0.438020 0.399462
0.453443 0.399462
0.475036 0.399462
0.492001 0.399462
0.508967 0.399462
0.524390 0.399462
0.542898 0.399462
0.558321 0.399462
-0.581456 0.397920
-0.566033 0.397920
-0.549067 0.397920
-0.533644 0.397920
-0.518221 0.397920
-0.501255 0.397920
-0.485832 0.397920
-0.470409 0.397920
-0.454986 0.397920
-0.439562 0.397920
-0.424139 0.397920
-0.408716 0.397920
-0.393293 0.397920
-0.377869 0.397920
-0.362446 0.397920
-0.347023 0.397920
-0.331600 0.397920
-0.316176 0.397920
-0.300753 0.397920
-0.285330 0.397920
-0.269907 0.397920
-0.240603 0.397920
-0.205129 0.397920
-0.189706 0.397920
-0.174283 0.397920
-0.158859 0.397920
-0.143436 0.397920
-0.128013 0.397920
-0.112590 0.397920
0.447274 0.397920
0.465782 0.397920
0.484290 0.397920
0.499713 0.397920
0.519763 0.397920
0.538271 0.397920
0.553694 0.397920
-0.587626 0.396377
-0.572202 0.396377
-0.556779 0.396377
-0.538271 0.396377
-0.522848 0.396377
-0.505882 0.396377
-0.490459 0.396377
-0.475036 0.396377
-0.459613 0.396377
-0.444189 0.396377
-0.428766 0.396377
-0.413343 0.396377
-0.397920 0.396377
-0.382496 0.396377
-0.367073 0.396377
-0.351650 0.396377
-0.336227 0.396377
-0.320803 0.396377
-0.305380 0.396377
-0.289957 0.396377
-0.274534 0.396377
-0.197417 0.396377
-0.181994 0.396377
-0.166571 0.396377
-0.151148 0.396377
-0.135725 0.396377
0.431851 0.396377
0.450359 0.396377
0.470409 0.396377
0.490459 0.396377
0.508967 0.396377
0.524390 0.396377
0.541356 0.396377
0.556779 0.396377
-0.586083 0.394835
-0.570660 0.394835
-0.555237 0.394835
-0.538271 0.394835
-0.522848 0.394835
-0.505882 0.394835
-0.490459 0.394835
-0.475036 0.394835
-0.459613 0.394835
-0.444189 0.394835
-0.428766 0.394835
-0.413343 0.394835
-0.397920 0.394835
-0.382496 0.394835
-0.367073 0.394835
-0.351650 0.394835
-0.331600 0.394835
-0.316176 0.394835
-0.300753 0.394835
-0.285330 0.394835
-0.189706 0.394835
-0.163486 0.394835
0.431851 0.394835
0.450359 0.394835
0.470409 0.394835
0.490459 0.394835
0.508967 0.394835
0.524390 0.394835
0.541356 0.394835
0.556779 0.394835
-0.586083 0.393293
-0.570660 0.393293
-0.552152 0.393293
-0.536729 0.393293
-0.521306 0.393293
-0.504340 0.393293
-0.488917 0.393293
-0.473494 0.393293
-0.458070 0.393293
-0.442647 0.393293
-0.427224 0.393293
-0.411801 0.393293
-0.396377 0.393293
-0.363989 0.393293
-0.333142 0.393293
-0.317719 0.393293
-0.302296 0.393293
0.441105 0.393293
0.456528 0.393293
0.479663 0.393293
0.496628 0.393293
0.515136 0.393293
0.530560 0.393293
0.549067 0.393293
0.564491 0.393293
-0.579914 0.391750
-0.564491 0.391750
-0.547525 0.391750
-0.532102 0.391750
-0.516679 0.391750
-0.499713 0.391750
-0.484290 0.391750
-0.468867 0.391750
-0.453443 0.391750
-0.438020 0.391750
-0.422597 0.391750
-0.407174 0.391750
-0.391750 0.391750
-0.362446 0.391750
0.431851 0.391750
0.450359 0.391750
0.468867 0.391750
0.490459 0.391750
0.508967 0.391750
0.524390 0.391750
0.542898 0.391750
0.558321 0.391750
-0.587626 0.390208
-0.572202 0.390208
-0.556779 0.390208
-0.539813 0.390208
-0.524390 0.390208
-0.505882 0.390208
-0.490459 0.390208
-0.475036 0.390208
-0.459613 0.390208
-0.444189 0.390208
-0.428766 0.390208
-0.408716 0.390208
-0.371700 0.390208
0.433393 0.390208
0.451901 0.390208
0.470409 0.390208
0.493544 0.390208
0.512052 0.390208
0.527475 0.390208
0.545983 0.390208
0.561406 0.390208
-0.586083 0.388666
-0.570660 0.388666
-0.553694 0.388666
-0.538271 0.388666
-0.522848 0.388666
-0.505882 0.388666
-0.490459 0.388666
-0.475036 0.388666
-0.459613 0.388666
-0.444189 0.388666
-0.427224 0.388666
-0.387123 0.388666
0.424139 0.388666
0.447274 0.388666
0.465782 0.388666
0.487374 0.388666
0.502798 0.388666
0.521306 0.388666
0.538271 0.388666
0.553694 0.388666
-0.595337 0.387123
-0.579914 0.387123
-0.564491 0.387123
-0.549067 0.387123
-0.533644 0.387123
-0.518221 0.387123
-0.501255 0.387123
-0.485832 0.387123
-0.470409 0.387123
-0.454986 0.387123
-0.439562 0.387123
-0.421055 0.387123
-0.379412 0.387123
0.439562 0.387123
0.456528 0.387123
0.478121 0.387123
0.493544 0.387123
0.510509 0.387123
0.527475 0.387123
0.545983 0.387123
0.562948 0.387123
-0.586083 0.385581
-0.570660 0.385581
-0.555237 0.385581
-0.539813 0.385581
-0.524390 0.385581
-0.507425 0.385581
-0.492001 0.385581
-0.476578 0.385581
-0.459613 0.385581
-0.444189 0.385581
-0.425682 0.385581
-0.390208 0.385581
0.441105 0.385581
0.458070 0.385581
0.479663 0.385581
0.495086 0.385581
0.510509 0.385581
0.527475 0.385581
0.544440 0.385581
0.561406 0.385581
-0.586083 0.384039
-0.570660 0.384039
-0.555237 0.384039
-0.539813 0.384039
-0.524390 0.384039
-0.507425 0.384039
-0.492001 0.384039
-0.476578 0.384039
-0.461155 0.384039
-0.445732 0.384039
-0.427224 0.384039
0.438020 0.384039
0.453443 0.384039
0.470409 0.384039
0.487374 0.384039
0.502798 0.384039
0.518221 0.384039
0.536729 0.384039
0.552152 0.384039
0.569118 0.384039
-0.579914 0.382496
-0.564491 0.382496
-0.549067 0.382496
-0.533644 0.382496
-0.518221 0.382496
-0.502798 0.382496
-0.487374 0.382496
-0.471951 0.382496
-0.456528 0.382496
-0.438020 0.382496
0.431851 0.382496
0.447274 0.382496
0.464240 0.382496
0.479663 0.382496
0.495086 0.382496
0.510509 0.382496
0.527475 0.382496
0.544440 0.382496
0.559864 0.382496
-0.584541 0.380954
-0.569118 0.380954
-0.553694 0.380954
-0.538271 0.380954
-0.522848 0.380954
-0.507425 0.380954
-0.492001 0.380954
-0.476578 0.380954
-0.461155 0.380954
-0.445732 0.380954
-0.427224 0.380954
0.445732 0.380954
0.461155 0.380954
0.478121 0.380954
0.495086 0.380954
0.512052 0.380954
0.527475 0.380954
0.544440 0.380954
0.561406 0.380954
-0.582999 0.379412
-0.567575 0.379412
-0.552152 0.379412
-0.536729 0.379412
-0.519763 0.379412
-0.504340 0.379412
-0.488917 0.379412
-0.473494 0.379412
-0.458070 0.379412
-0.439562 0.379412
0.439562 0.379412
0.454986 0.379412
0.470409 0.379412
0.485832 0.379412
0.502798 0.379412
0.519763 0.379412
0.539813 0.379412
0.556779 0.379412
-0.589168 0.377869
-0.573745 0.377869
-0.558321 0.377869
-0.541356 0.377869
-0.525933 0.377869
-0.508967 0.377869
-0.493544 0.377869
-0.478121 0.377869
-0.462697 0.377869
-0.447274 0.377869
0.428766 0.377869
0.448816 0.377869
0.464240 0.377869
0.479663 0.377869
0.496628 0.377869
0.513594 0.377869
0.530560 0.377869
0.553694 0.377869
-0.590710 0.376327
-0.575287 0.376327
-0.559864 0.376327
-0.544440 0.376327
-0.529017 0.376327
-0.508967 0.376327
-0.493544 0.376327
-0.478121 0.376327
-0.462697 0.376327
-0.447274 0.376327
0.430308 0.376327
0.445732 0.376327
0.461155 0.376327
0.476578 0.376327
0.493544 0.376327
0.510509 0.376327
0.527475 0.376327
0.545983 0.376327
-0.592252 0.374785
-0.576829 0.374785
-0.561406 0.374785
-0.544440 0.374785
-0.529017 0.374785
-0.512052 0.374785
-0.496628 0.374785
-0.481205 0.374785
-0.465782 0.374785
-0.450359 0.374785
0.431851 0.374785
0.447274 0.374785
0.462697 0.374785
0.479663 0.374785
0.495086 0.374785
0.512052 0.374785
0.527475 0.374785
0.542898 0.374785
0.559864 0.374785
-0.582999 0.373242
-0.567575 0.373242
-0.550610 0.373242
-0.535187 0.373242
-0.516679 0.373242
-0.501255 0.373242
-0.485832 0.373242
-0.470409 0.373242
-0.454986 0.373242
-0.431851 0.373242
0.442647 0.373242
0.458070 0.373242
0.473494 0.373242
0.490459 0.373242
0.505882 0.373242
0.522848 0.373242
0.538271 0.373242
0.553694 0.373242
-0.590710 0.371700
-0.575287 0.371700
-0.559864 0.371700
-0.542898 0.371700
-0.527475 0.371700
-0.510509 0.371700
-0.495086 0.371700
-0.479663 0.371700
-0.464240 0.371700
-0.447274 0.371700
-0.425682 0.371700
0.447274 0.371700
0.462697 0.371700
0.479663 0.371700
0.495086 0.371700
0.512052 0.371700
0.527475 0.371700
0.542898 0.371700
0.558321 0.371700
-0.586083 0.370158
-0.570660 0.370158
-0.555237 0.370158
-0.539813 0.370158
-0.524390 0.370158
-0.507425 0.370158
-0.492001 0.370158
-0.476578 0.370158
-0.461155 0.370158
-0.445732 0.370158
-0.416428 0.370158
0.448816 0.370158
0.464240 0.370158
0.481205 0.370158
0.496628 0.370158
0.513594 0.370158
0.529017 0.370158
0.544440 0.370158
0.559864 0.370158
-0.584541 0.368616
-0.569118 0.368616
-0.553694 0.368616
-0.538271 0.368616
-0.521306 0.368616
-0.505882 0.368616
-0.490459 0.368616
-0.475036 0.368616
-0.459613 0.368616
-0.442647 0.368616
-0.417970 0.368616
0.450359 0.368616
0.465782 0.368616
0.481205 0.368616
0.496628 0.368616
0.513594 0.368616
0.530560 0.368616
0.545983 0.368616
0.561406 0.368616
-0.582999 0.367073
-0.567575 0.367073
-0.550610 0.367073
-0.535187 0.367073
-0.518221 0.367073
-0.502798 0.367073
-0.485832 0.367073
-0.470409 0.367073
-0.454986 0.367073
-0.439562 0.367073
-0.419512 0.367073
0.451901 0.367073
0.467324 0.367073
0.482747 0.367073
0.498171 0.367073
0.515136 0.367073
0.532102 0.367073
0.547525 0.367073
0.562948 0.367073
-0.582999 0.365531
-0.567575 0.365531
-0.550610 0.365531
-0.535187 0.365531
-0.519763 0.365531
-0.504340 0.365531
-0.487374 0.365531
-0.471951 0.365531
-0.456528 0.365531
-0.441105 0.365531
-0.422597 0.365531
0.447274 0.365531
0.462697 0.365531
0.478121 0.365531
0.493544 0.365531
0.510509 0.365531
0.529017 0.365531
0.544440 0.365531
0.559864 0.365531
-0.586083 0.363989
-0.570660 0.363989
-0.552152 0.363989
-0.536729 0.363989
-0.519763 0.363989
-0.504340 0.363989
-0.488917 0.363989
-0.473494 0.363989
-0.458070 0.363989
-0.442647 0.363989
-0.422597 0.363989
0.438020 0.363989
0.458070 0.363989
0.473494 0.363989
0.490459 0.363989
0.508967 0.363989
0.529017 0.363989
0.544440 0.363989
0.559864 0.363989
-0.586083 0.362446
-0.570660 0.362446
-0.552152 0.362446
-0.536729 0.362446
-0.519763 0.362446
-0.504340 0.362446
-0.488917 0.362446
-0.473494 0.362446
-0.458070 0.362446
-0.439562 0.362446
-0.421055 0.362446
0.445732 0.362446
0.461155 0.362446
0.476578 0.362446
0.493544 0.362446
0.513594 0.362446
0.535187 0.362446
0.550610 0.362446
0.566033 0.362446
-0.578372 0.360904
-0.558321 0.360904
-0.542898 0.360904
-0.527475 0.360904
-0.512052 0.360904
-0.495086 0.360904
-0.479663 0.360904
-0.464240 0.360904
-0.448816 0.360904
-0.422597 0.360904
0.448816 0.360904
0.464240 0.360904
0.479663 0.360904
0.499713 0.360904
0.519763 0.360904
0.538271 0.360904
0.553694 0.360904
-0.590710 0.359362
-0.575287 0.359362
-0.556779 0.359362
-0.541356 0.359362
-0.525933 0.359362
-0.510509 0.359362
-0.493544 0.359362
-0.478121 0.359362
-0.462697 0.359362
-0.442647 0.359362
0.436478 0.359362
0.453443 0.359362
0.468867 0.359362
0.487374 0.359362
0.505882 0.359362
0.524390 0.359362
0.542898 0.359362
0.558321 0.359362
-0.586083 0.357819
-0.570660 0.357819
-0.552152 0.357819
-0.536729 0.357819
-0.521306 0.357819
-0.505882 0.357819
-0.490459 0.357819
-0.475036 0.357819
-0.459613 0.357819
-0.439562 0.357819
0.438020 0.357819
0.453443 0.357819
0.468867 0.357819
0.487374 0.357819
0.505882 0.357819
0.522848 0.357819
0.541356 0.357819
0.556779 0.357819
-0.586083 0.356277
-0.570660 0.356277
-0.552152 0.356277
-0.536729 0.356277
-0.521306 0.356277
-0.505882 0.356277
-0.490459 0.356277
-0.473494 0.356277
-0.458070 0.356277
-0.436478 0.356277
0.439562 0.356277
0.454986 0.356277
0.471951 0.356277
0.488917 0.356277
0.507425 0.356277
0.525933 0.356277
0.544440 0.356277
0.559864 0.356277
-0.584541 0.354735
-0.566033 0.354735
-0.550610 0.354735
-0.535187 0.354735
-0.519763 0.354735
-0.504340 0.354735
-0.488917 0.354735
-0.471951 0.354735
-0.456528 0.354735
-0.434935 0.354735
0.442647 0.354735
0.458070 0.354735
0.475036 0.354735
0.492001 0.354735
0.512052 0.354735
0.532102 0.354735
0.547525 0.354735
0.562948 0.354735
-0.579914 0.353192
-0.561406 0.353192
-0.542898 0.353192
-0.527475 0.353192
-0.512052 0.353192
-0.496628 0.353192
-0.481205 0.353192
-0.464240 0.353192
-0.445732 0.353192
-0.414885 0.353192
0.453443 0.353192
0.468867 0.353192
0.487374 0.353192
0.505882 0.353192
0.522848 0.353192
0.541356 0.353192
0.556779 0.353192
-0.586083 0.351650
-0.570660 0.351650
-0.549067 0.351650
-0.533644 0.351650
-0.518221 0.351650
-0.502798 0.351650
-0.487374 0.351650
-0.470409 0.351650
-0.454986 0.351650
-0.436478 0.351650
0.442647 0.351650
0.458070 0.351650
0.475036 0.351650
0.492001 0.351650
0.507425 0.351650
0.524390 0.351650
0.542898 0.351650
0.558321 0.351650
-0.581456 0.350108
-0.562948 0.350108
-0.545983 0.350108
-0.530560 0.350108
-0.515136 0.350108
-0.499713 0.350108
-0.484290 0.350108
-0.465782 0.350108
-0.450359 0.350108
-0.434935 0.350108
0.436478 0.350108
0.454986 0.350108
0.470409 0.350108
0.487374 0.350108
0.502798 0.350108
0.518221 0.350108
0.535187 0.350108
0.550610 0.350108
-0.589168 0.348565
-0.573745 0.348565
-0.552152 0.348565
-0.535187 0.348565
-0.519763 0.348565
-0.502798 0.348565
-0.487374 0.348565
-0.468867 0.348565
-0.453443 0.348565
-0.438020 0.348565
-0.404089 0.348565
0.451901 0.348565
0.467324 0.348565
0.482747 0.348565
0.499713 0.348565
0.515136 0.348565
0.532102 0.348565
0.547525 0.348565
0.562948 0.348565
-0.579914 0.347023
-0.561406 0.347023
-0.544440 0.347023
-0.529017 0.347023
-0.512052 0.347023
-0.496628 0.347023
-0.481205 0.347023
-0.464240 0.347023
-0.447274 0.347023
-0.427224 0.347023
0.444189 0.347023
0.461155 0.347023
0.476578 0.347023
0.493544 0.347023
0.508967 0.347023
0.524390 0.347023
0.539813 0.347023
0.555237 0.347023
-0.584541 0.345481
-0.567575 0.345481
-0.550610 0.345481
-0.535187 0.345481
-0.518221 0.345481
-0.502798 0.345481
-0.487374 0.345481
-0.470409 0.345481
-0.453443 0.345481
-0.438020 0.345481
-0.407174 0.345481
0.453443 0.345481
0.468867 0.345481
0.484290 0.345481
0.501255 0.345481
0.516679 0.345481
0.532102 0.345481
0.547525 0.345481
0.562948 0.345481
-0.575287 0.343938
-0.556779 0.343938
-0.539813 0.343938
-0.524390 0.343938
-0.508967 0.343938
-0.493544 0.343938
-0.475036 0.343938
-0.456528 0.343938
-0.439562 0.343938
-0.410258 0.343938
0.453443 0.343938
0.468867 0.343938
0.485832 0.343938
0.504340 0.343938
0.519763 0.343938
0.535187 0.343938
0.550610 0.343938
-0.587626 0.342396
-0.570660 0.342396
-0.555237 0.342396
-0.538271 0.342396
-0.522848 0.342396
-0.507425 0.342396
-0.492001 0.342396
-0.473494 0.342396
-0.456528 0.342396
-0.438020 0.342396
0.430308 0.342396
0.458070 0.342396
0.473494 0.342396
0.492001 0.342396
0.508967 0.342396
0.525933 0.342396
0.541356 0.342396
0.556779 0.342396
-0.581456 0.340854
-0.564491 0.340854
-0.545983 0.340854
-0.530560 0.340854
-0.515136 0.340854
-0.499713 0.340854
-0.484290 0.340854
-0.467324 0.340854
-0.448816 0.340854
-0.428766 0.340854
0.444189 0.340854
0.461155 0.340854
0.476578 0.340854
0.493544 0.340854
0.510509 0.340854
0.527475 0.340854
0.542898 0.340854
0.558321 0.340854
-0.581456 0.339311
-0.564491 0.339311
-0.545983 0.339311
-0.530560 0.339311
-0.515136 0.339311
-0.499713 0.339311
-0.484290 0.339311
-0.462697 0.339311
-0.444189 0.339311
-0.424139 0.339311
0.442647 0.339311
0.458070 0.339311
0.473494 0.339311
0.488917 0.339311
0.507425 0.339311
0.524390 0.339311
0.539813 0.339311
0.555237 0.339311
-0.584541 0.337769
-0.567575 0.337769
-0.549067 0.337769
-0.532102 0.337769
-0.516679 0.337769
-0.501255 0.337769
-0.485832 0.337769
-0.465782 0.337769
-0.448816 0.337769
-0.431851 0.337769
0.436478 0.337769
0.454986 0.337769
0.470409 0.337769
0.485832 0.337769
0.502798 0.337769
0.521306 0.337769
0.536729 0.337769
0.552152 0.337769
-0.587626 0.336227
-0.572202 0.336227
-0.556779 0.336227
-0.538271 0.336227
-0.521306 0.336227
-0.505882 0.336227
-0.490459 0.336227
-0.473494 0.336227
-0.454986 0.336227
-0.438020 0.336227
-0.416428 0.336227
0.448816 0.336227
0.464240 0.336227
0.479663 0.336227
0.495086 0.336227
0.515136 0.336227
0.532102 0.336227
0.547525 0.336227
0.562948 0.336227
-0.573745 0.334684
-0.558321 0.334684
-0.539813 0.334684
-0.524390 0.334684
-0.508967 0.334684
-0.493544 0.334684
-0.475036 0.334684
-0.456528 0.334684
-0.439562 0.334684
-0.419512 0.334684
0.447274 0.334684
0.464240 0.334684
0.479663 0.334684
0.495086 0.334684
0.515136 0.334684
0.532102 0.334684
0.547525 0.334684
0.562948 0.334684
-0.572202 0.333142
-0.556779 0.333142
-0.538271 0.333142
-0.522848 0.333142
-0.507425 0.333142
-0.492001 0.333142
-0.475036 0.333142
-0.458070 0.333142
-0.442647 0.333142
-0.425682 0.333142
0.442647 0.333142
0.459613 0.333142
0.475036 0.333142
0.490459 0.333142
0.507425 0.333142
0.524390 0.333142
0.541356 0.333142
0.556779 0.333142
-0.576829 0.331600
-0.561406 0.331600
-0.542898 0.331600
-0.527475 0.331600
-0.512052 0.331600
-0.496628 0.331600
-0.479663 0.331600
-0.461155 0.331600
-0.444189 0.331600
-0.427224 0.331600
0.445732 0.331600
0.462697 0.331600
0.478121 0.331600
0.493544 0.331600
0.508967 0.331600
0.524390 0.331600
0.541356 0.331600
0.556779 0.331600
-0.576829 0.330057
-0.561406 0.330057
-0.541356 0.330057
-0.524390 0.330057
-0.508967 0.330057
-0.493544 0.330057
-0.476578 0.330057
-0.459613 0.330057
-0.444189 0.330057
-0.428766 0.330057
0.448816 0.330057
0.464240 0.330057
0.479663 0.330057
0.495086 0.330057
0.510509 0.330057
0.525933 0.330057
0.542898 0.330057
0.558321 0.330057
-0.573745 0.328515
-0.558321 0.328515
-0.539813 0.328515
-0.524390 0.328515
-0.508967 0.328515
-0.493544 0.328515
-0.476578 0.328515
-0.458070 0.328515
-0.442647 0.328515
-0.427224 0.328515
0.450359 0.328515
0.465782 0.328515
0.481205 0.328515
0.496628 0.328515
0.512052 0.328515
0.527475 0.328515
0.542898 0.328515
0.558321 0.328515
-0.570660 0.326973
-0.553694 0.326973
-0.536729 0.326973
-0.521306 0.326973
-0.505882 0.326973
-0.490459 0.326973
-0.471951 0.326973
-0.456528 0.326973
-0.441105 0.326973
-0.421055 0.326973
0.451901 0.326973
0.467324 0.326973
0.482747 0.326973
0.498171 0.326973
0.513594 0.326973
0.529017 0.326973
0.544440 0.326973
0.559864 0.326973
-0.569118 0.325430
-0.553694 0.325430
-0.535187 0.325430
-0.519763 0.325430
-0.504340 0.325430
-0.488917 0.325430
-0.473494 0.325430
-0.458070 0.325430
-0.442647 0.325430
-0.421055 0.325430
0.450359 0.325430
0.465782 0.325430
0.481205 0.325430
0.496628 0.325430
0.512052 0.325430
0.527475 0.325430
0.542898 0.325430
0.558321 0.325430
-0.569118 0.323888
-0.553694 0.323888
-0.535187 0.323888
-0.519763 0.323888
-0.502798 0.323888
-0.487374 0.323888
-0.470409 0.323888
-0.454986 0.323888
-0.439562 0.323888
-0.414885 0.323888
0.456528 0.323888
0.471951 0.323888
0.487374 0.323888
0.504340 0.323888
0.519763 0.323888
0.535187 0.323888
0.550610 0.323888
-0.576829 0.322346
-0.558321 0.322346
-0.539813 0.322346
-0.524390 0.322346
-0.508967 0.322346
-0.493544 0.322346
-0.478121 0.322346
-0.461155 0.322346
-0.445732 0.322346
-0.422597 0.322346
0.453443 0.322346
0.468867 0.322346
0.484290 0.322346
0.499713 0.322346
0.515136 0.322346
0.530560 0.322346
0.545983 0.322346
-0.579914 0.320803
-0.561406 0.320803
-0.542898 0.320803
-0.527475 0.320803
-0.512052 0.320803
-0.496628 0.320803
-0.481205 0.320803
-0.465782 0.320803
-0.450359 0.320803
-0.434935 0.320803
0.447274 0.320803
0.462697 0.320803
0.478121 0.320803
0.493544 0.320803
0.508967 0.320803
0.525933 0.320803
0.541356 0.320803
0.556779 0.320803
-0.566033 0.319261
-0.547525 0.319261
-0.532102 0.319261
-0.516679 0.319261
-0.501255 0.319261
-0.485832 0.319261
-0.468867 0.319261
-0.453443 0.319261
-0.436478 0.319261
0.447274 0.319261
0.462697 0.319261
0.478121 0.319261
0.493544 0.319261
0.508967 0.319261
0.525933 0.319261
0.541356 0.319261
0.556779 0.319261
-0.566033 0.317719
-0.549067 0.317719
-0.533644 0.317719
-0.518221 0.317719
-0.502798 0.317719
-0.487374 0.317719
-0.471951 0.317719
-0.456528 0.317719
-0.439562 0.317719
-0.421055 0.317719
0.459613 0.317719
0.475036 0.317719
0.490459 0.317719
0.505882 0.317719
0.521306 0.317719
0.538271 0.317719
0.553694 0.317719
-0.569118 0.316176
-0.553694 0.316176
-0.536729 0.316176
-0.521306 0.316176
-0.505882 0.316176
-0.490459 0.316176
-0.473494 0.316176
-0.458070 0.316176
-0.441105 0.316176
-0.422597 0.316176
0.456528 0.316176
0.471951 0.316176
0.487374 0.316176
0.502798 0.316176
0.518221 0.316176
0.533644 0.316176
0.549067 0.316176
-0.575287 0.314634
-0.559864 0.314634
-0.542898 0.314634
-0.527475 0.314634
-0.512052 0.314634
-0.496628 0.314634
-0.481205 0.314634
-0.465782 0.314634
-0.450359 0.314634
-0.430308 0.314634
0.451901 0.314634
0.467324 0.314634
0.482747 0.314634
0.498171 0.314634
0.515136 0.314634
0.530560 0.314634
0.545983 0.314634
-0.578372 0.313092
-0.562948 0.313092
-0.547525 0.313092
-0.532102 0.313092
-0.515136 0.313092
-0.499713 0.313092
-0.482747 0.313092
-0.467324 0.313092
-0.451901 0.313092
-0.433393 0.313092
0.445732 0.313092
0.461155 0.313092
0.476578 0.313092
0.492001 0.313092
0.507425 0.313092
0.522848 0.313092
0.538271 0.313092
0.553694 0.313092
-0.570660 0.311549
-0.555237 0.311549
-0.539813 0.311549
-0.524390 0.311549
-0.507425 0.311549
-0.490459 0.311549
-0.473494 0.311549
-0.458070 0.311549
-0.441105 0.311549
-0.425682 0.311549
0.456528 0.311549
0.471951 0.311549
0.487374 0.311549
0.502798 0.311549
0.518221 0.311549
0.535187 0.311549
0.550610 0.311549
-0.573745 0.310007
-0.558321 0.310007
-0.542898 0.310007
-0.527475 0.310007
-0.510509 0.310007
-0.495086 0.310007
-0.478121 0.310007
-0.462697 0.310007
-0.447274 0.310007
-0.430308 0.310007
0.453443 0.310007
0.468867 0.310007
0.484290 0.310007
0.499713 0.310007
0.515136 0.310007
0.532102 0.310007
0.547525 0.310007
-0.576829 0.308465
-0.561406 0.308465
-0.545983 0.308465
-0.529017 0.308465
-0.513594 0.308465
-0.498171 0.308465
-0.482747 0.308465
-0.467324 0.308465
-0.451901 0.308465
-0.434935 0.308465
0.447274 0.308465
0.462697 0.308465
0.478121 0.308465
0.493544 0.308465
0.508967 0.308465
0.525933 0.308465
0.542898 0.308465
0.558321 0.308465
-0.567575 0.306923
-0.552152 0.306923
-0.532102 0.306923
-0.516679 0.306923
-0.501255 0.306923
-0.485832 0.306923
-0.468867 0.306923
-0.453443 0.306923
-0.436478 0.306923
-0.416428 0.306923
0.461155 0.306923
0.476578 0.306923
0.492001 0.306923
0.507425 0.306923
0.522848 0.306923
0.539813 0.306923
0.558321 0.306923
-0.567575 0.305380
-0.552152 0.305380
-0.532102 0.305380
-0.516679 0.305380
-0.501255 0.305380
-0.485832 0.305380
-0.470409 0.305380
-0.454986 0.305380
-0.439562 0.305380
-0.419512 0.305380
0.459613 0.305380
0.475036 0.305380
0.490459 0.305380
0.505882 0.305380
0.522848 0.305380
0.539813 0.305380
-0.579914 0.303838
-0.564491 0.303838
-0.549067 0.303838
-0.529017 0.303838
-0.513594 0.303838
-0.498171 0.303838
-0.482747 0.303838
-0.467324 0.303838
-0.451901 0.303838
-0.436478 0.303838
0.448816 0.303838
0.464240 0.303838
0.479663 0.303838
0.495086 0.303838
0.510509 0.303838
0.527475 0.303838
0.544440 0.303838
-0.573745 0.302296
-0.558321 0.302296
-0.541356 0.302296
-0.524390 0.302296
-0.508967 0.302296
-0.493544 0.302296
-0.478121 0.302296
-0.462697 0.302296
-0.447274 0.302296
-0.424139 0.302296
0.459613 0.302296
0.475036 0.302296
0.490459 0.302296
0.505882 0.302296
0.521306 0.302296
0.538271 0.302296
-0.581456 0.300753
-0.564491 0.300753
-0.545983 0.300753
-0.529017 0.300753
-0.513594 0.300753
-0.498171 0.300753
-0.482747 0.300753
-0.467324 0.300753
-0.451901 0.300753
-0.433393 0.300753
0.454986 0.300753
0.470409 0.300753
0.485832 0.300753
0.501255 0.300753
0.516679 0.300753
0.535187 0.300753
0.550610 0.300753
-0.567575 0.299211
-0.550610 0.299211
-0.532102 0.299211
-0.515136 0.299211
-0.499713 0.299211
-0.484290 0.299211
-0.468867 0.299211
-0.453443 0.299211
-0.434935 0.299211
0.453443 0.299211
0.468867 0.299211
0.484290 0.299211
0.499713 0.299211
0.515136 0.299211
0.530560 0.299211
0.545983 0.299211
-0.570660 0.297669
-0.553694 0.297669
-0.536729 0.297669
-0.519763 0.297669
-0.504340 0.297669
-0.488917 0.297669
-0.471951 0.297669
-0.456528 0.297669
-0.441105 0.297669
0.451901 0.297669
0.467324 0.297669
0.484290 0.297669
0.499713 0.297669
0.515136 0.297669
0.530560 0.297669
0.545983 0.297669
-0.569118 0.296126
-0.550610 0.296126
-0.532102 0.296126
-0.516679 0.296126
-0.501255 0.296126
-0.485832 0.296126
-0.468867 0.296126
-0.453443 0.296126
-0.436478 0.296126
0.300753 0.296126
0.465782 0.296126
0.482747 0.296126
0.498171 0.296126
0.513594 0.296126
0.529017 0.296126
0.544440 0.296126
-0.570660 0.294584
-0.553694 0.294584
-0.533644 0.294584
-0.516679 0.294584
-0.501255 0.294584
-0.485832 0.294584
-0.468867 0.294584
-0.453443 0.294584
-0.436478 0.294584
0.303838 0.294584
0.459613 0.294584
0.476578 0.294584
0.492001 0.294584
0.507425 0.294584
0.522848 0.294584
0.538271 0.294584
0.553694 0.294584
-0.562948 0.293042
-0.539813 0.293042
-0.524390 0.293042
-0.508967 0.293042
-0.493544 0.293042
-0.476578 0.293042
-0.461155 0.293042
-0.445732 0.293042
-0.428766 0.293042
0.453443 0.293042
0.468867 0.293042
0.484290 0.293042
0.499713 0.293042
0.515136 0.293042
0.532102 0.293042
0.547525 0.293042
-0.569118 0.291499
-0.552152 0.291499
-0.529017 0.291499
-0.513594 0.291499
-0.498171 0.291499
-0.481205 0.291499
-0.465782 0.291499
-0.450359 0.291499
-0.434935 0.291499
0.322346 0.291499
0.462697 0.291499
0.478121 0.291499
0.493544 0.291499
0.508967 0.291499
0.524390 0.291499
0.541356 0.291499
-0.572202 0.289957
-0.555237 0.289957
-0.533644 0.289957
-0.518221 0.289957
-0.502798 0.289957
-0.484290 0.289957
-0.468867 0.289957
-0.453443 0.289957
-0.438020 0.289957
0.323888 0.289957
0.458070 0.289957
0.473494 0.289957
0.488917 0.289957
0.504340 0.289957
0.519763 0.289957
0.536729 0.289957
-0.576829 0.288415
-0.556779 0.288415
-0.535187 0.288415
-0.519763 0.288415
-0.504340 0.288415
-0.488917 0.288415
-0.471951 0.288415
-0.456528 0.288415
-0.441105 0.288415
0.323888 0.288415
0.456528 0.288415
0.471951 0.288415
0.487374 0.288415
0.502798 0.288415
0.518221 0.288415
0.535187 0.288415
0.550610 0.288415
-0.559864 0.286872
-0.538271 0.286872
-0.521306 0.286872
-0.505882 0.286872
-0.490459 0.286872
-0.473494 0.286872
-0.458070 0.286872
-0.442647 0.286872
0.320803 0.286872
0.337769 0.286872
0.468867 0.286872
0.484290 0.286872
0.499713 0.286872
0.515136 0.286872
0.532102 0.286872
0.547525 0.286872
-0.561406 0.285330
-0.542898 0.285330
-0.519763 0.285330
-0.504340 0.285330
-0.488917 0.285330
-0.471951 0.285330
-0.456528 0.285330
-0.441105 0.285330
0.319261 0.285330
0.334684 0.285330
0.458070 0.285330
0.473494 0.285330
0.488917 0.285330
0.504340 0.285330
0.519763 0.285330
0.536729 0.285330
-0.572202 0.283788
-0.556779 0.283788
-0.535187 0.283788
-0.516679 0.283788
-0.501255 0.283788
-0.485832 0.283788
-0.470409 0.283788
-0.454986 0.283788
-0.439562 0.283788
0.303838 0.283788
0.326973 0.283788
0.342396 0.283788
0.464240 0.283788
0.479663 0.283788
0.495086 0.283788
0.510509 0.283788
0.525933 0.283788
0.542898 0.283788
-0.567575 0.282245
-0.552152 0.282245
-0.530560 0.282245
-0.512052 0.282245
-0.496628 0.282245
-0.479663 0.282245
-0.464240 0.282245
-0.448816 0.282245
0.279161 0.282245
0.310007 0.282245
0.330057 0.282245
0.345481 0.282245
0.465782 0.282245
0.481205 0.282245
0.496628 0.282245
0.512052 0.282245
0.527475 0.282245
0.542898 0.282245
-0.569118 0.280703
-0.553694 0.280703
-0.533644 0.280703
-0.515136 0.280703
-0.499713 0.280703
-0.482747 0.280703
-0.467324 0.280703
-0.451901 0.280703
0.265280 0.280703
0.306923 0.280703
0.325430 0.280703
0.340854 0.280703
0.461155 0.280703
0.476578 0.280703
0.492001 0.280703
0.507425 0.280703
0.522848 0.280703
0.538271 0.280703
0.553694 0.280703
-0.558321 0.279161
-0.539813 0.279161
-0.519763 0.279161
-0.504340 0.279161
-0.487374 0.279161
-0.471951 0.279161
-0.456528 0.279161
-0.441105 0.279161
0.263737 0.279161
0.294584 0.279161
0.322346 0.279161
0.337769 0.279161
0.353192 0.279161
0.473494 0.279161
0.488917 0.279161
0.504340 0.279161
0.519763 0.279161
0.535187 0.279161
0.552152 0.279161
-0.559864 0.277618
-0.541356 0.277618
-0.525933 0.277618
-0.505882 0.277618
-0.490459 0.277618
-0.473494 0.277618
-0.458070 0.277618
-0.442647 0.277618
0.254483 0.277618
0.286872 0.277618
0.302296 0.277618
0.328515 0.277618
0.343938 0.277618
0.359362 0.277618
0.476578 0.277618
0.492001 0.277618
0.507425 0.277618
0.522848 0.277618
0.538271 0.277618
-0.572202 0.276076
-0.555237 0.276076
-0.536729 0.276076
-0.516679 0.276076
-0.501255 0.276076
-0.484290 0.276076
-0.468867 0.276076
-0.453443 0.276076
-0.433393 0.276076
0.276076 0.276076
0.300753 0.276076
0.330057 0.276076
0.345481 0.276076
0.360904 0.276076
0.475036 0.276076
0.490459 0.276076
0.505882 0.276076
0.521306 0.276076
0.536729 0.276076
-0.572202 0.274534
-0.555237 0.274534
-0.536729 0.274534
-0.516679 0.274534
-0.501255 0.274534
-0.484290 0.274534
-0.468867 0.274534
-0.453443 0.274534
-0.434935 0.274534
0.265280 0.274534
0.291499 0.274534
0.306923 0.274534
0.337769 0.274534
0.353192 0.274534
0.467324 0.274534
0.482747 0.274534
0.498171 0.274534
0.513594 0.274534
0.530560 0.274534
0.545983 0.274534
-0.562948 0.272991
-0.544440 0.272991
-0.529017 0.272991
-0.508967 0.272991
-0.493544 0.272991
-0.476578 0.272991
-0.461155 0.272991
-0.445732 0.272991
0.262195 0.272991
0.285330 0.272991
0.300753 0.272991
0.316176 0.272991
0.345481 0.272991
0.363989 0.272991
0.476578 0.272991
0.492001 0.272991
0.507425 0.272991
0.524390 0.272991
0.539813 0.272991
-0.569118 0.271449
-0.553694 0.271449
-0.536729 0.271449
-0.518221 0.271449
-0.502798 0.271449
-0.485832 0.271449
-0.470409 0.271449
-0.454986 0.271449
-0.439562 0.271449
-0.269907 0.271449
0.272991 0.271449
0.302296 0.271449
0.317719 0.271449
0.350108 0.271449
0.464240 0.271449
0.479663 0.271449
0.495086 0.271449
0.510509 0.271449
0.527475 0.271449
0.542898 0.271449
-0.566033 0.269907
-0.550610 0.269907
-0.533644 0.269907
-0.515136 0.269907
-0.499713 0.269907
-0.481205 0.269907
-0.465782 0.269907
-0.450359 0.269907
-0.306923 0.269907
-0.237518 0.269907
0.252941 0.269907
0.276076 0.269907
0.310007 0.269907
0.325430 0.269907
0.356277 0.269907
0.468867 0.269907
0.484290 0.269907
0.499713 0.269907
0.515136 0.269907
0.532102 0.269907
0.547525 0.269907
-0.561406 0.268364
-0.544440 0.268364
-0.529017 0.268364
-0.510509 0.268364
-0.495086 0.268364
-0.476578 0.268364
-0.461155 0.268364
-0.445732 0.268364
-0.300753 0.268364
-0.240603 0.268364
0.235976 0.268364
0.251399 0.268364
0.266822 0.268364
0.286872 0.268364
0.311549 0.268364
0.326973 0.268364
0.350108 0.268364
0.365531 0.268364
0.473494 0.268364
0.488917 0.268364
0.504340 0.268364
0.519763 0.268364
0.536729 0.268364
-0.572202 0.266822
-0.556779 0.266822
-0.538271 0.266822
-0.521306 0.266822
-0.505882 0.266822
-0.488917 0.266822
-0.473494 0.266822
-0.458070 0.266822
-0.442647 0.266822
-0.280703 0.266822
0.232891 0.266822
0.248314 0.266822
0.263737 0.266822
0.279161 0.266822
0.294584 0.266822
0.316176 0.266822
0.331600 0.266822
0.351650 0.266822
0.367073 0.266822
0.473494 0.266822
0.488917 0.266822
0.504340 0.266822
0.519763 0.266822
0.538271 0.266822
-0.569118 0.265280
-0.553694 0.265280
-0.535187 0.265280
-0.518221 0.265280
-0.502798 0.265280
-0.485832 0.265280
-0.470409 0.265280
-0.454986 0.265280
-0.311549 0.265280
0.200502 0.265280
0.237518 0.265280
0.252941 0.265280
0.269907 0.265280
0.285330 0.265280
0.300753 0.265280
0.317719 0.265280
0.333142 0.265280
0.351650 0.265280
0.367073 0.265280
0.473494 0.265280
0.488917 0.265280
0.504340 0.265280
0.519763 0.265280
0.536729 0.265280
-0.572202 0.263737
-0.556779 0.263737
-0.539813 0.263737
-0.522848 0.263737
-0.507425 0.263737
-0.490459 0.263737
-0.475036 0.263737
-0.459613 0.263737
-0.444189 0.263737
-0.283788 0.263737
0.211298 0.263737
0.232891 0.263737
0.254483 0.263737
0.269907 0.263737
0.285330 0.263737
0.300753 0.263737
0.316176 0.263737
0.331600 0.263737
0.347023 0.263737
0.362446 0.263737
0.382496 0.263737
0.479663 0.263737
0.495086 0.263737
0.512052 0.263737
0.529017 0.263737
0.545983 0.263737
-0.562948 0.262195
-0.545983 0.262195
-0.530560 0.262195
-0.513594 0.262195
-0.498171 0.262195
-0.481205 0.262195
-0.465782 0.262195
-0.450359 0.262195
-0.296126 0.262195
-0.256026 0.262195
0.211298 0.262195
0.231349 0.262195
0.246772 0.262195
0.262195 0.262195
0.277618 0.262195
0.293042 0.262195
0.308465 0.262195
0.331600 0.262195
0.347023 0.262195
0.362446 0.262195
0.377869 0.262195
0.476578 0.262195
0.492001 0.262195
0.508967 0.262195
0.525933 0.262195
0.541356 0.262195
-0.566033 0.260653
-0.549067 0.260653
-0.533644 0.260653
-0.518221 0.260653
-0.502798 0.260653
-0.485832 0.260653
-0.470409 0.260653
-0.454986 0.260653
-0.305380 0.260653
-0.283788 0.260653
-0.257568 0.260653
0.214383 0.260653
0.235976 0.260653
0.251399 0.260653
0.266822 0.260653
0.282245 0.260653
0.297669 0.260653
0.313092 0.260653
0.334684 0.260653
0.353192 0.260653
0.368616 0.260653
0.385581 0.260653
0.478121 0.260653
0.493544 0.260653
0.508967 0.260653
0.524390 0.260653
0.539813 0.260653
-0.566033 0.259110
-0.549067 0.259110
-0.533644 0.259110
-0.518221 0.259110
-0.502798 0.259110
-0.485832 0.259110
-0.470409 0.259110
-0.454986 0.259110
-0.306923 0.259110
-0.291499 0.259110
-0.269907 0.259110
0.195875 0.259110
0.220552 0.259110
0.242145 0.259110
0.257568 0.259110
0.272991 0.259110
0.288415 0.259110
0.303838 0.259110
0.319261 0.259110
0.340854 0.259110
0.359362 0.259110
0.374785 0.259110
0.391750 0.259110
0.481205 0.259110
0.496628 0.259110
0.512052 0.259110
0.527475 0.259110
0.542898 0.259110
-0.562948 0.257568
-0.547525 0.257568
-0.532102 0.257568
-0.516679 0.257568
-0.499713 0.257568
-0.484290 0.257568
-0.468867 0.257568
-0.453443 0.257568
-0.306923 0.257568
-0.291499 0.257568
-0.276076 0.257568
-0.260653 0.257568
0.217468 0.257568
0.237518 0.257568
0.252941 0.257568
0.268364 0.257568
0.283788 0.257568
0.299211 0.257568
0.314634 0.257568
0.330057 0.257568
0.348565 0.257568
0.367073 0.257568
0.382496 0.257568
0.468867 0.257568
0.484290 0.257568
0.499713 0.257568
0.515136 0.257568
0.530560 0.257568
0.550610 0.257568
-0.556779 0.256026
-0.541356 0.256026
-0.525933 0.256026
-0.508967 0.256026
-0.493544 0.256026
-0.478121 0.256026
-0.462697 0.256026
-0.447274 0.256026
-0.303838 0.256026
-0.288415 0.256026
-0.272991 0.256026
0.192791 0.256026
0.219010 0.256026
0.234433 0.256026
0.252941 0.256026
0.274534 0.256026
0.289957 0.256026
0.305380 0.256026
0.320803 0.256026
0.336227 0.256026
0.351650 0.256026
0.370158 0.256026
0.385581 0.256026
0.470409 0.256026
0.485832 0.256026
0.501255 0.256026
0.516679 0.256026
0.532102 0.256026
-0.569118 0.254483
-0.553694 0.254483
-0.538271 0.254483
-0.521306 0.254483
-0.504340 0.254483
-0.488917 0.254483
-0.473494 0.254483
-0.458070 0.254483
-0.317719 0.254483
-0.302296 0.254483
-0.286872 0.254483
-0.263737 0.254483
-0.248314 0.254483
-0.208214 0.254483
0.212841 0.254483
0.228264 0.254483
0.243687 0.254483
0.259110 0.254483
0.285330 0.254483
0.300753 0.254483
0.316176 0.254483
0.331600 0.254483
0.347023 0.254483
0.363989 0.254483
0.380954 0.254483
0.396377 0.254483
0.481205 0.254483
0.496628 0.254483
0.512052 0.254483
0.527475 0.254483
0.549067 0.254483
-0.553694 0.252941
-0.538271 0.252941
-0.521306 0.252941
-0.504340 0.252941
-0.488917 0.252941
-0.473494 0.252941
-0.458070 0.252941
-0.317719 0.252941
-0.302296 0.252941
-0.286872 0.252941
-0.265280 0.252941
-0.249857 0.252941
0.214383 0.252941
0.229806 0.252941
0.245230 0.252941
0.260653 0.252941
0.279161 0.252941
0.294584 0.252941
0.310007 0.252941
0.325430 0.252941
0.340854 0.252941
0.356277 0.252941
0.373242 0.252941
0.388666 0.252941
0.470409 0.252941
0.485832 0.252941
0.501255 0.252941
0.516679 0.252941
0.532102 0.252941
-0.561406 0.251399
-0.545983 0.251399
-0.530560 0.251399
-0.513594 0.251399
-0.498171 0.251399
-0.482747 0.251399
-0.467324 0.251399
-0.451901 0.251399
-0.313092 0.251399
-0.297669 0.251399
-0.280703 0.251399
-0.265280 0.251399
-0.249857 0.251399
0.192791 0.251399
0.217468 0.251399
0.232891 0.251399
0.248314 0.251399
0.263737 0.251399
0.279161 0.251399
0.294584 0.251399
0.310007 0.251399
0.325430 0.251399
0.340854 0.251399
0.356277 0.251399
0.374785 0.251399
0.390208 0.251399
0.470409 0.251399
0.485832 0.251399
0.501255 0.251399
0.518221 0.251399
0.535187 0.251399
-0.558321 0.249857
-0.542898 0.249857
-0.527475 0.249857
-0.508967 0.249857
-0.492001 0.249857
-0.476578 0.249857
-0.461155 0.249857
-0.323888 0.249857
-0.306923 0.249857
-0.291499 0.249857
-0.274534 0.249857
-0.259110 0.249857
-0.231349 0.249857
-0.183537 0.249857
0.203587 0.249857
0.219010 0.249857
0.234433 0.249857
0.249857 0.249857
0.265280 0.249857
0.280703 0.249857
0.296126 0.249857
0.311549 0.249857
0.326973 0.249857
0.342396 0.249857
0.357819 0.249857
0.374785 0.249857
0.393293 0.249857
0.470409 0.249857
0.485832 0.249857
0.501255 0.249857
0.518221 0.249857
0.535187 0.249857
-0.558321 0.248314
-0.542898 0.248314
-0.527475 0.248314
-0.508967 0.248314
-0.492001 0.248314
-0.476578 0.248314
-0.461155 0.248314
-0.323888 0.248314
-0.305380 0.248314
-0.289957 0.248314
-0.274534 0.248314
-0.259110 0.248314
-0.232891 0.248314
0.178910 0.248314
0.194333 0.248314
0.214383 0.248314
0.229806 0.248314
0.245230 0.248314
0.260653 0.248314
0.276076 0.248314
0.291499 0.248314
0.306923 0.248314
0.322346 0.248314
0.337769 0.248314
0.354735 0.248314
0.370158 0.248314
0.385581 0.248314
0.407174 0.248314
0.484290 0.248314
0.499713 0.248314
0.516679 0.248314
0.533644 0.248314
-0.559864 0.246772
-0.544440 0.246772
-0.529017 0.246772
-0.510509 0.246772
-0.495086 0.246772
-0.479663 0.246772
-0.464240 0.246772
-0.328515 0.246772
-0.311549 0.246772
-0.296126 0.246772
-0.280703 0.246772
-0.265280 0.246772
-0.245230 0.246772
-0.222095 0.246772
-0.191248 0.246772
0.188164 0.246772
0.203587 0.246772
0.219010 0.246772
0.234433 0.246772
0.249857 0.246772
0.265280 0.246772
0.280703 0.246772
0.296126 0.246772
0.311549 0.246772
0.326973 0.246772
0.342396 0.246772
0.360904 0.246772
0.377869 0.246772
0.393293 0.246772
0.476578 0.246772
0.492001 0.246772
0.507425 0.246772
0.525933 0.246772
0.541356 0.246772
-0.552152 0.245230
-0.536729 0.245230
-0.521306 0.245230
-0.504340 0.245230
-0.488917 0.245230
-0.473494 0.245230
-0.458070 0.245230
-0.322346 0.245230
-0.305380 0.245230
-0.289957 0.245230
-0.274534 0.245230
-0.254483 0.245230
-0.239060 0.245230
-0.223637 0.245230
-0.208214 0.245230
-0.163486 0.245230
0.183537 0.245230
0.198960 0.245230
0.214383 0.245230
0.229806 0.245230
0.245230 0.245230
0.260653 0.245230
0.276076 0.245230
0.291499 0.245230
0.306923 0.245230
0.322346 0.245230
0.337769 0.245230
0.353192 0.245230
0.368616 0.245230
0.385581 0.245230
0.401004 0.245230
0.481205 0.245230
0.496628 0.245230
0.513594 0.245230
0.530560 0.245230
-0.562948 0.243687
-0.547525 0.243687
-0.532102 0.243687
-0.515136 0.243687
-0.496628 0.243687
-0.481205 0.243687
-0.465782 0.243687
-0.331600 0.243687
-0.313092 0.243687
-0.296126 0.243687
-0.277618 0.243687
-0.257568 0.243687
-0.242145 0.243687
-0.226722 0.243687
-0.211298 0.243687
-0.195875 0.243687
0.107963 0.243687
0.166571 0.243687
0.189706 0.243687
0.205129 0.243687
0.220552 0.243687
0.235976 0.243687
0.251399 0.243687
0.266822 0.243687
0.282245 0.243687
0.297669 0.243687
0.313092 0.243687
0.328515 0.243687
0.343938 0.243687
0.359362 0.243687
0.374785 0.243687
0.390208 0.243687
0.405631 0.243687
0.484290 0.243687
0.499713 0.243687
0.516679 0.243687
0.532102 0.243687
-0.561406 0.242145
-0.545983 0.242145
-0.529017 0.242145
-0.510509 0.242145
-0.495086 0.242145
-0.479663 0.242145
-0.464240 0.242145
-0.330057 0.242145
-0.310007 0.242145
-0.286872 0.242145
-0.266822 0.242145
-0.251399 0.242145
-0.235976 0.242145
-0.220552 0.242145
-0.205129 0.242145
-0.189706 0.242145
0.109505 0.242145
0.169656 0.242145
0.185079 0.242145
0.200502 0.242145
0.215925 0.242145
0.231349 0.242145
0.246772 0.242145
0.262195 0.242145
0.277618 0.242145
0.293042 0.242145
0.308465 0.242145
0.323888 0.242145
0.339311 0.242145
0.354735 0.242145
0.370158 0.242145
0.385581 0.242145
0.401004 0.242145
0.481205 0.242145
0.496628 0.242145
0.513594 0.242145
0.529017 0.242145
-0.564491 0.240603
-0.549067 0.240603
-0.533644 0.240603
-0.518221 0.240603
-0.499713 0.240603
-0.484290 0.240603
-0.468867 0.240603
-0.334684 0.240603
-0.317719 0.240603
-0.297669 0.240603
-0.279161 0.240603
-0.257568 0.240603
-0.242145 0.240603
-0.226722 0.240603
-0.211298 0.240603
-0.195875 0.240603
-0.169656 0.240603
0.126471 0.240603
0.175825 0.240603
0.191248 0.240603
0.206671 0.240603
0.222095 0.240603
0.237518 0.240603
0.252941 0.240603
0.268364 0.240603
0.283788 0.240603
0.299211 0.240603
0.314634 0.240603
0.331600 0.240603
0.347023 0.240603
0.362446 0.240603
0.377869 0.240603
0.393293 0.240603
0.471951 0.240603
0.487374 0.240603
0.502798 0.240603
0.521306 0.240603
0.536729 0.240603
-0.556779 0.239060
-0.541356 0.239060
-0.525933 0.239060
-0.507425 0.239060
-0.492001 0.239060
-0.476578 0.239060
-0.461155 0.239060
-0.330057 0.239060
-0.314634 0.239060
-0.296126 0.239060
-0.274534 0.239060
-0.259110 0.239060
-0.243687 0.239060
-0.226722 0.239060
-0.211298 0.239060
-0.191248 0.239060
-0.175825 0.239060
0.121844 0.239060
0.151148 0.239060
0.166571 0.239060
0.181994 0.239060
0.197417 0.239060
0.212841 0.239060
0.228264 0.239060
0.243687 0.239060
0.259110 0.239060
0.274534 0.239060
0.289957 0.239060
0.305380 0.239060
0.322346 0.239060
0.337769 0.239060
0.353192 0.239060
0.368616 0.239060
0.384039 0.239060
0.399462 0.239060
0.476578 0.239060
0.492001 0.239060
0.508967 0.239060
0.527475 0.239060
-0.566033 0.237518
-0.550610 0.237518
-0.533644 0.237518
-0.516679 0.237518
-0.498171 0.237518
-0.482747 0.237518
-0.467324 0.237518
-0.336227 0.237518
-0.320803 0.237518
-0.302296 0.237518
-0.286872 0.237518
-0.265280 0.237518
-0.249857 0.237518
-0.234433 0.237518
-0.219010 0.237518
-0.189706 0.237518
-0.174283 0.237518
0.123386 0.237518
0.149605 0.237518
0.165029 0.237518
0.180452 0.237518
0.195875 0.237518
0.211298 0.237518
0.226722 0.237518
0.242145 0.237518
0.257568 0.237518
0.272991 0.237518
0.288415 0.237518
0.303838 0.237518
0.319261 0.237518
0.334684 0.237518
0.350108 0.237518
0.365531 0.237518
0.380954 0.237518
0.396377 0.237518
0.475036 0.237518
0.490459 0.237518
0.507425 0.237518
0.525933 0.237518
0.541356 0.237518
-0.550610 0.235976
-0.535187 0.235976
-0.516679 0.235976
-0.499713 0.235976
-0.484290 0.235976
-0.468867 0.235976
-0.339311 0.235976
-0.323888 0.235976
-0.306923 0.235976
-0.291499 0.235976
-0.268364 0.235976
-0.252941 0.235976
-0.237518 0.235976
-0.222095 0.235976
-0.206671 0.235976
-0.191248 0.235976
-0.169656 0.235976
0.120301 0.235976
0.143436 0.235976
0.158859 0.235976
0.174283 0.235976
0.189706 0.235976
0.205129 0.235976
0.220552 0.235976
0.235976 0.235976
0.256026 0.235976
0.271449 0.235976
0.286872 0.235976
0.302296 0.235976
0.317719 0.235976
0.333142 0.235976
0.348565 0.235976
0.363989 0.235976
0.379412 0.235976
0.394835 0.235976
0.478121 0.235976
0.493544 0.235976
0.508967 0.235976
0.527475 0.235976
-0.564491 0.234433
-0.549067 0.234433
-0.533644 0.234433
-0.515136 0.234433
-0.498171 0.234433
-0.482747 0.234433
-0.467324 0.234433
-0.340854 0.234433
-0.325430 0.234433
-0.306923 0.234433
-0.286872 0.234433
-0.271449 0.234433
-0.256026 0.234433
-0.240603 0.234433
-0.225179 0.234433
-0.209756 0.234433
-0.194333 0.234433
-0.174283 0.234433
0.109505 0.234433
0.132640 0.234433
0.160402 0.234433
0.175825 0.234433
0.191248 0.234433
0.206671 0.234433
0.222095 0.234433
0.237518 0.234433
0.252941 0.234433
0.268364 0.234433
0.283788 0.234433
0.299211 0.234433
0.314634 0.234433
0.330057 0.234433
0.345481 0.234433
0.360904 0.234433
0.376327 0.234433
0.391750 0.234433
0.473494 0.234433
0.488917 0.234433
0.504340 0.234433
0.522848 0.234433
0.538271 0.234433
-0.553694 0.232891
-0.538271 0.232891
-0.521306 0.232891
-0.504340 0.232891
-0.488917 0.232891
-0.473494 0.232891
-0.347023 0.232891
-0.331600 0.232891
-0.313092 0.232891
-0.297669 0.232891
-0.282245 0.232891
-0.266822 0.232891
-0.251399 0.232891
-0.235976 0.232891
-0.220552 0.232891
-0.205129 0.232891
-0.189706 0.232891
-0.174283 0.232891
-0.158859 0.232891
0.126471 0.232891
0.158859 0.232891
0.174283 0.232891
0.189706 0.232891
0.205129 0.232891
0.220552 0.232891
0.235976 0.232891
0.251399 0.232891
0.266822 0.232891
0.282245 0.232891
0.297669 0.232891
0.313092 0.232891
0.328515 0.232891
0.343938 0.232891
0.359362 0.232891
0.374785 0.232891
0.390208 0.232891
0.407174 0.232891
0.485832 0.232891
0.501255 0.232891
0.519763 0.232891
0.535187 0.232891
-0.556779 0.231349
-0.541356 0.231349
-0.524390 0.231349
-0.505882 0.231349
-0.490459 0.231349
-0.475036 0.231349
-0.459613 0.231349
-0.336227 0.231349
-0.316176 0.231349
-0.300753 0.231349
-0.285330 0.231349
-0.269907 0.231349
-0.254483 0.231349
-0.239060 0.231349
-0.223637 0.231349
-0.208214 0.231349
-0.192791 0.231349
-0.177367 0.231349
-0.161944 0.231349
0.115674 0.231349
0.138809 0.231349
0.154232 0.231349
0.169656 0.231349
0.185079 0.231349
0.200502 0.231349
0.215925 0.231349
0.231349 0.231349
0.246772 0.231349
0.262195 0.231349
0.277618 0.231349
0.293042 0.231349
0.308465 0.231349
0.323888 0.231349
0.339311 0.231349
0.354735 0.231349
0.370158 0.231349
0.385581 0.231349
0.401004 0.231349
0.481205 0.231349
0.496628 0.231349
0.515136 0.231349
0.530560 0.231349
-0.561406 0.229806
-0.545983 0.229806
-0.530560 0.229806
-0.513594 0.229806
-0.495086 0.229806
-0.479663 0.229806
-0.464240 0.229806
-0.340854 0.229806
-0.325430 0.229806
-0.308465 0.229806
-0.293042 0.229806
-0.277618 0.229806
-0.259110 0.229806
-0.243687 0.229806
-0.228264 0.229806
-0.212841 0.229806
-0.197417 0.229806
-0.181994 0.229806
-0.166571 0.229806
-0.118759 0.229806
0.121844 0.229806
0.137267 0.229806
0.152690 0.229806
0.168113 0.229806
0.183537 0.229806
0.198960 0.229806
0.214383 0.229806
0.229806 0.229806
0.245230 0.229806
0.260653 0.229806
0.276076 0.229806
0.291499 0.229806
0.306923 0.229806
0.322346 0.229806
0.337769 0.229806
0.353192 0.229806
0.368616 0.229806
0.384039 0.229806
0.399462 0.229806
0.481205 0.229806
0.496628 0.229806
0.515136 0.229806
0.530560 0.229806
-0.562948 0.228264
-0.547525 0.228264
-0.532102 0.228264
-0.515136 0.228264
-0.496628 0.228264
-0.481205 0.228264
-0.465782 0.228264
-0.343938 0.228264
-0.328515 0.228264
-0.313092 0.228264
-0.297669 0.228264
-0.282245 0.228264
-0.266822 0.228264
-0.251399 0.228264
-0.235976 0.228264
-0.220552 0.228264
-0.205129 0.228264
-0.189706 0.228264
-0.174283 0.228264
-0.158859 0.228264
-0.118759 0.228264
0.128013 0.228264
0.143436 0.228264
0.158859 0.228264
0.174283 0.228264
0.189706 0.228264
0.205129 0.228264
0.220552 0.228264
0.235976 0.228264
0.251399 0.228264
0.266822 0.228264
0.282245 0.228264
0.297669 0.228264
0.313092 0.228264
0.328515 0.228264
0.343938 0.228264
0.359362 0.228264
0.374785 0.228264
0.393293 0.228264
0.410258 0.228264
0.488917 0.228264
0.504340 0.228264
0.522848 0.228264
0.538271 0.228264
-0.555237 0.226722
-0.539813 0.226722
-0.521306 0.226722
-0.502798 0.226722
-0.487374 0.226722
-0.471951 0.226722
-0.353192 0.226722
-0.336227 0.226722
-0.320803 0.226722
-0.305380 0.226722
-0.289957 0.226722
-0.274534 0.226722
-0.259110 0.226722
-0.243687 0.226722
-0.228264 0.226722
-0.212841 0.226722
-0.197417 0.226722
-0.181994 0.226722
-0.166571 0.226722
-0.128013 0.226722
0.121844 0.226722
0.137267 0.226722
0.152690 0.226722
0.168113 0.226722
0.183537 0.226722
0.198960 0.226722
0.214383 0.226722
0.229806 0.226722
0.245230 0.226722
0.260653 0.226722
0.276076 0.226722
0.291499 0.226722
0.306923 0.226722
0.322346 0.226722
0.337769 0.226722
0.353192 0.226722
0.368616 0.226722
0.384039 0.226722
0.404089 0.226722
0.481205 0.226722
0.496628 0.226722
0.513594 0.226722
0.529017 0.226722
-0.564491 0.225179
-0.549067 0.225179
-0.533644 0.225179
-0.515136 0.225179
-0.496628 0.225179
-0.481205 0.225179
-0.465782 0.225179
-0.345481 0.225179
-0.330057 0.225179
-0.314634 0.225179
-0.299211 0.225179
-0.282245 0.225179
-0.266822 0.225179
-0.251399 0.225179
-0.235976 0.225179
-0.220552 0.225179
-0.205129 0.225179
-0.189706 0.225179
-0.174283 0.225179
-0.144978 0.225179
0.115674 0.225179
0.131098 0.225179
0.146521 0.225179
0.161944 0.225179
0.177367 0.225179
0.192791 0.225179
0.208214 0.225179
0.223637 0.225179
0.240603 0.225179
0.256026 0.225179
0.271449 0.225179
0.286872 0.225179
0.302296 0.225179
0.317719 0.225179
0.334684 0.225179
0.350108 0.225179
0.365531 0.225179
0.380954 0.225179
0.401004 0.225179
0.478121 0.225179
0.493544 0.225179
0.508967 0.225179
0.527475 0.225179
0.542898 0.225179
-0.550610 0.223637
-0.535187 0.223637
-0.518221 0.223637
-0.498171 0.223637
-0.482747 0.223637
-0.467324 0.223637
-0.351650 0.223637
-0.336227 0.223637
-0.320803 0.223637
-0.305380 0.223637
-0.289957 0.223637
-0.272991 0.223637
-0.257568 0.223637
-0.242145 0.223637
-0.226722 0.223637
-0.211298 0.223637
-0.195875 0.223637
-0.180452 0.223637
-0.165029 0.223637
-0.135725 0.223637
0.112590 0.223637
0.128013 0.223637
0.143436 0.223637
0.158859 0.223637
0.174283 0.223637
0.189706 0.223637
0.205129 0.223637
0.220552 0.223637
0.235976 0.223637
0.251399 0.223637
0.266822 0.223637
0.282245 0.223637
0.297669 0.223637
0.313092 0.223637
0.339311 0.223637
0.354735 0.223637
0.370158 0.223637
0.385581 0.223637
0.401004 0.223637
0.481205 0.223637
0.496628 0.223637
0.515136 0.223637
0.530560 0.223637
-0.561406 0.222095
-0.545983 0.222095
-0.530560 0.222095
-0.513594 0.222095
-0.493544 0.222095
-0.478121 0.222095
-0.462697 0.222095
-0.351650 0.222095
-0.336227 0.222095
-0.320803 0.222095
-0.305380 0.222095
-0.289957 0.222095
-0.274534 0.222095
-0.259110 0.222095
-0.243687 0.222095
-0.228264 0.222095
-0.212841 0.222095
-0.197417 0.222095
-0.181994 0.222095
-0.166571 0.222095
-0.151148 0.222095
-0.134182 0.222095
-0.118759 0.222095
0.111047 0.222095
0.126471 0.222095
0.141894 0.222095
0.157317 0.222095
0.172740 0.222095
0.188164 0.222095
0.203587 0.222095
0.219010 0.222095
0.234433 0.222095
0.249857 0.222095
0.265280 0.222095
0.280703 0.222095
0.296126 0.222095
0.311549 0.222095
0.339311 0.222095
0.354735 0.222095
0.370158 0.222095
0.385581 0.222095
0.401004 0.222095
0.481205 0.222095
0.496628 0.222095
0.515136 0.222095
0.533644 0.222095
-0.559864 0.220552
-0.544440 0.220552
-0.529017 0.220552
-0.508967 0.220552
-0.492001 0.220552
-0.476578 0.220552
-0.461155 0.220552
-0.351650 0.220552
-0.336227 0.220552
-0.320803 0.220552
-0.305380 0.220552
-0.289957 0.220552
-0.274534 0.220552
-0.259110 0.220552
-0.243687 0.220552
-0.228264 0.220552
-0.208214 0.220552
-0.192791 0.220552
-0.177367 0.220552
-0.161944 0.220552
-0.146521 0.220552
-0.128013 0.220552
-0.112590 0.220552
0.087912 0.220552
0.123386 0.220552
0.138809 0.220552
0.154232 0.220552
0.169656 0.220552
0.185079 0.220552
0.200502 0.220552
0.215925 0.220552
0.231349 0.220552
0.246772 0.220552
0.262195 0.220552
0.277618 0.220552
0.293042 0.220552
0.325430 0.220552
0.340854 0.220552
0.356277 0.220552
0.371700 0.220552
0.387123 0.220552
0.402547 0.220552
0.482747 0.220552
0.498171 0.220552
0.516679 0.220552
0.535187 0.220552
-0.558321 0.219010
-0.542898 0.219010
-0.522848 0.219010
-0.505882 0.219010
-0.488917 0.219010
-0.473494 0.219010
-0.365531 0.219010
-0.350108 0.219010
-0.334684 0.219010
-0.319261 0.219010
-0.302296 0.219010
-0.282245 0.219010
-0.266822 0.219010
-0.251399 0.219010
-0.235976 0.219010
-0.220552 0.219010
-0.200502 0.219010
-0.185079 0.219010
-0.169656 0.219010
-0.154232 0.219010
-0.138809 0.219010
-0.118759 0.219010
0.104878 0.219010
0.124928 0.219010
0.140352 0.219010
0.155775 0.219010
0.171198 0.219010
0.186621 0.219010
0.202044 0.219010
0.217468 0.219010
0.232891 0.219010
0.248314 0.219010
0.263737 0.219010
0.279161 0.219010
0.322346 0.219010
0.337769 0.219010
0.353192 0.219010
0.368616 0.219010
0.384039 0.219010
0.399462 0.219010
0.479663 0.219010
0.495086 0.219010
0.513594 0.219010
0.533644 0.219010
-0.559864 0.217468
-0.544440 0.217468
-0.529017 0.217468
-0.510509 0.217468
-0.495086 0.217468
-0.479663 0.217468
-0.464240 0.217468
-0.357819 0.217468
-0.342396 0.217468
-0.326973 0.217468
-0.311549 0.217468
-0.286872 0.217468
-0.271449 0.217468
-0.256026 0.217468
-0.240603 0.217468
-0.225179 0.217468
-0.206671 0.217468
-0.191248 0.217468
-0.175825 0.217468
-0.160402 0.217468
-0.144978 0.217468
-0.129555 0.217468
-0.114132 0.217468
0.087912 0.217468
0.121844 0.217468
0.137267 0.217468
0.152690 0.217468
0.168113 0.217468
0.183537 0.217468
0.198960 0.217468
0.214383 0.217468
0.229806 0.217468
0.245230 0.217468
0.260653 0.217468
0.276076 0.217468
0.314634 0.217468
0.330057 0.217468
0.345481 0.217468
0.360904 0.217468
0.376327 0.217468
0.391750 0.217468
0.411801 0.217468
0.487374 0.217468
0.502798 0.217468
0.519763 0.217468
0.536729 0.217468
-0.556779 0.215925
-0.541356 0.215925
-0.525933 0.215925
-0.507425 0.215925
-0.492001 0.215925
-0.476578 0.215925
-0.370158 0.215925
-0.354735 0.215925
-0.339311 0.215925
-0.323888 0.215925
-0.297669 0.215925
-0.282245 0.215925
-0.266822 0.215925
-0.251399 0.215925
-0.235976 0.215925
-0.220552 0.215925
-0.205129 0.215925
-0.188164 0.215925
-0.172740 0.215925
-0.157317 0.215925
-0.141894 0.215925
-0.126471 0.215925
-0.111047 0.215925
-0.069405 0.215925
0.109505 0.215925
0.124928 0.215925
0.140352 0.215925
0.155775 0.215925
0.171198 0.215925
0.186621 0.215925
0.202044 0.215925
0.217468 0.215925
0.232891 0.215925
0.248314 0.215925
0.263737 0.215925
0.299211 0.215925
0.322346 0.215925
0.340854 0.215925
0.356277 0.215925
0.371700 0.215925
0.387123 0.215925
0.408716 0.215925
0.484290 0.215925
0.499713 0.215925
0.518221 0.215925
0.533644 0.215925
-0.559864 0.214383
-0.544440 0.214383
-0.529017 0.214383
-0.510509 0.214383
-0.495086 0.214383
-0.479663 0.214383
-0.464240 0.214383
-0.360904 0.214383
-0.345481 0.214383
-0.330057 0.214383
-0.314634 0.214383
-0.296126 0.214383
-0.280703 0.214383
-0.265280 0.214383
-0.249857 0.214383
-0.234433 0.214383
-0.219010 0.214383
-0.203587 0.214383
-0.188164 0.214383
-0.172740 0.214383
-0.157317 0.214383
-0.141894 0.214383
-0.126471 0.214383
-0.111047 0.214383
-0.092539 0.214383
0.058608 0.214383
0.115674 0.214383
0.131098 0.214383
0.146521 0.214383
0.161944 0.214383
0.177367 0.214383
0.192791 0.214383
0.208214 0.214383
0.223637 0.214383
0.239060 0.214383
0.254483 0.214383
0.269907 0.214383
0.320803 0.214383
0.356277 0.214383
0.371700 0.214383
0.387123 0.214383
0.414885 0.214383
0.488917 0.214383
0.504340 0.214383
0.524390 0.214383
0.539813 0.214383
-0.553694 0.212841
-0.538271 0.212841
-0.521306 0.212841
-0.504340 0.212841
-0.488917 0.212841
-0.473494 0.212841
-0.370158 0.212841
-0.354735 0.212841
-0.339311 0.212841
-0.322346 0.212841
-0.306923 0.212841
-0.291499 0.212841
-0.276076 0.212841
-0.260653 0.212841
-0.245230 0.212841
-0.229806 0.212841
-0.211298 0.212841
-0.195875 0.212841
-0.180452 0.212841
-0.165029 0.212841
-0.149605 0.212841
-0.134182 0.212841
-0.118759 0.212841
-0.103336 0.212841
-0.087912 0.212841
0.057066 0.212841
0.111047 0.212841
0.128013 0.212841
0.143436 0.212841
0.160402 0.212841
0.175825 0.212841
0.191248 0.212841
0.206671 0.212841
0.222095 0.212841
0.237518 0.212841
0.252941 0.212841
0.314634 0.212841
0.370158 0.212841
0.385581 0.212841
0.405631 0.212841
0.479663 0.212841
0.495086 0.212841
0.510509 0.212841
0.532102 0.212841
-0.562948 0.211298
-0.547525 0.211298
-0.530560 0.211298
-0.513594 0.211298
-0.496628 0.211298
-0.481205 0.211298
-0.465782 0.211298
-0.363989 0.211298
-0.348565 0.211298
-0.331600 0.211298
-0.316176 0.211298
-0.300753 0.211298
-0.285330 0.211298
-0.269907 0.211298
-0.254483 0.211298
-0.239060 0.211298
-0.223637 0.211298
-0.208214 0.211298
-0.192791 0.211298
-0.177367 0.211298
-0.161944 0.211298
-0.146521 0.211298
-0.131098 0.211298
-0.115674 0.211298
-0.084828 0.211298
0.058608 0.211298
0.109505 0.211298
0.128013 0.211298
0.143436 0.211298
0.158859 0.211298
0.174283 0.211298
0.189706 0.211298
0.205129 0.211298
0.220552 0.211298
0.235976 0.211298
0.251399 0.211298
0.371700 0.211298
0.387123 0.211298
0.402547 0.211298
0.478121 0.211298
0.493544 0.211298
0.508967 0.211298
0.533644 0.211298
-0.561406 0.209756
-0.545983 0.209756
-0.529017 0.209756
-0.513594 0.209756
-0.498171 0.209756
-0.482747 0.209756
-0.467324 0.209756
-0.370158 0.209756
-0.354735 0.209756
-0.336227 0.209756
-0.320803 0.209756
-0.305380 0.209756
-0.289957 0.209756
-0.274534 0.209756
-0.259110 0.209756
-0.243687 0.209756
-0.228264 0.209756
-0.212841 0.209756
-0.197417 0.209756
-0.181994 0.209756
-0.166571 0.209756
-0.151148 0.209756
-0.135725 0.209756
-0.120301 0.209756
-0.090997 0.209756
-0.072489 0.209756
0.080201 0.209756
0.114132 0.209756
0.129555 0.209756
0.144978 0.209756
0.160402 0.209756
0.175825 0.209756
0.191248 0.209756
0.206671 0.209756
0.222095 0.209756
0.237518 0.209756
0.379412 0.209756
0.394835 0.209756
0.414885 0.209756
0.485832 0.209756
0.501255 0.209756
0.519763 0.209756
0.539813 0.209756
-0.552152 0.208214
-0.536729 0.208214
-0.519763 0.208214
-0.504340 0.208214
-0.488917 0.208214
-0.473494 0.208214
-0.379412 0.208214
-0.363989 0.208214
-0.348565 0.208214
-0.328515 0.208214
-0.313092 0.208214
-0.297669 0.208214
-0.282245 0.208214
-0.266822 0.208214
-0.251399 0.208214
-0.235976 0.208214
-0.220552 0.208214
-0.205129 0.208214
-0.189706 0.208214
-0.174283 0.208214
-0.158859 0.208214
-0.143436 0.208214
-0.128013 0.208214
-0.112590 0.208214
-0.084828 0.208214
-0.064778 0.208214
0.087912 0.208214
0.114132 0.208214
0.129555 0.208214
0.144978 0.208214
0.160402 0.208214
0.175825 0.208214
0.191248 0.208214
0.206671 0.208214
0.222095 0.208214
0.237518 0.208214
0.380954 0.208214
0.404089 0.208214
0.479663 0.208214
0.495086 0.208214
0.510509 0.208214
0.527475 0.208214
-0.559864 0.206671
-0.544440 0.206671
-0.529017 0.206671
-0.513594 0.206671
-0.498171 0.206671
-0.482747 0.206671
-0.467324 0.206671
-0.368616 0.206671
-0.353192 0.206671
-0.333142 0.206671
-0.317719 0.206671
-0.302296 0.206671
-0.286872 0.206671
-0.271449 0.206671
-0.256026 0.206671
-0.240603 0.206671
-0.225179 0.206671
-0.209756 0.206671
-0.194333 0.206671
-0.178910 0.206671
-0.163486 0.206671
-0.148063 0.206671
-0.132640 0.206671
-0.117217 0.206671
-0.101793 0.206671
-0.075574 0.206671
0.020050 0.206671
0.080201 0.206671
0.109505 0.206671
0.124928 0.206671
0.140352 0.206671
0.155775 0.206671
0.171198 0.206671
0.186621 0.206671
0.202044 0.206671
0.217468 0.206671
0.232891 0.206671
0.374785 0.206671
0.390208 0.206671
0.405631 0.206671
0.484290 0.206671
0.499713 0.206671
0.515136 0.206671
0.530560 0.206671
-0.556779 0.205129
-0.541356 0.205129
-0.525933 0.205129
-0.510509 0.205129
-0.495086 0.205129
-0.479663 0.205129
-0.385581 0.205129
-0.363989 0.205129
-0.348565 0.205129
-0.330057 0.205129
-0.314634 0.205129
-0.299211 0.205129
-0.283788 0.205129
-0.268364 0.205129
-0.252941 0.205129
-0.237518 0.205129
-0.222095 0.205129
-0.206671 0.205129
-0.191248 0.205129
-0.175825 0.205129
-0.160402 0.205129
-0.144978 0.205129
-0.129555 0.205129
-0.114132 0.205129
-0.098709 0.205129
-0.075574 0.205129
-0.007712 0.205129
0.080201 0.205129
0.103336 0.205129
0.121844 0.205129
0.138809 0.205129
0.154232 0.205129
0.169656 0.205129
0.185079 0.205129
0.200502 0.205129
0.215925 0.205129
0.231349 0.205129
0.373242 0.205129
0.388666 0.205129
0.404089 0.205129
0.419512 0.205129
0.490459 0.205129
0.505882 0.205129
0.521306 0.205129
0.536729 0.205129
-0.553694 0.203587
-0.538271 0.203587
-0.522848 0.203587
-0.507425 0.203587
-0.490459 0.203587
-0.475036 0.203587
-0.373242 0.203587
-0.357819 0.203587
-0.342396 0.203587
-0.326973 0.203587
-0.311549 0.203587
-0.296126 0.203587
-0.280703 0.203587
-0.265280 0.203587
-0.249857 0.203587
-0.234433 0.203587
-0.219010 0.203587
-0.203587 0.203587
-0.188164 0.203587
-0.172740 0.203587
-0.157317 0.203587
-0.141894 0.203587
-0.126471 0.203587
-0.111047 0.203587
-0.095624 0.203587
-0.074032 0.203587
-0.006169 0.203587
0.081743 0.203587
0.111047 0.203587
0.126471 0.203587
0.141894 0.203587
0.157317 0.203587
0.172740 0.203587
0.188164 0.203587
0.203587 0.203587
0.219010 0.203587
0.359362 0.203587
0.374785 0.203587
0.390208 0.203587
0.408716 0.203587
0.478121 0.203587
0.493544 0.203587
0.508967 0.203587
0.524390 0.203587
0.539813 0.203587
-0.544440 0.202044
-0.529017 0.202044
-0.513594 0.202044
-0.498171 0.202044
-0.482747 0.202044
-0.467324 0.202044
-0.365531 0.202044
-0.350108 0.202044
-0.334684 0.202044
-0.319261 0.202044
-0.303838 0.202044
-0.288415 0.202044
-0.272991 0.202044
-0.257568 0.202044
-0.242145 0.202044
-0.226722 0.202044
-0.211298 0.202044
-0.195875 0.202044
-0.180452 0.202044
-0.165029 0.202044
-0.149605 0.202044
-0.134182 0.202044
-0.118759 0.202044
-0.103336 0.202044
-0.087912 0.202044
-0.069405 0.202044
0.027762 0.202044
0.095624 0.202044
0.114132 0.202044
0.129555 0.202044
0.144978 0.202044
0.160402 0.202044
0.175825 0.202044
0.191248 0.202044
0.206671 0.202044
0.222095 0.202044
0.367073 0.202044
0.401004 0.202044
0.419512 0.202044
0.487374 0.202044
0.502798 0.202044
0.518221 0.202044
0.538271 0.202044
-0.547525 0.200502
-0.532102 0.200502
-0.516679 0.200502
-0.501255 0.200502
-0.485832 0.200502
-0.470409 0.200502
-0.371700 0.200502
-0.356277 0.200502
-0.340854 0.200502
-0.325430 0.200502
-0.310007 0.200502
-0.294584 0.200502
-0.279161 0.200502
-0.263737 0.200502
-0.248314 0.200502
-0.232891 0.200502
-0.217468 0.200502
-0.202044 0.200502
-0.186621 0.200502
-0.171198 0.200502
-0.155775 0.200502
-0.140352 0.200502
-0.124928 0.200502
-0.109505 0.200502
-0.094082 0.200502
-0.078659 0.200502
-0.020050 0.200502
0.078659 0.200502
0.106420 0.200502
0.121844 0.200502
0.137267 0.200502
0.152690 0.200502
0.168113 0.200502
0.183537 0.200502
0.198960 0.200502
0.214383 0.200502
0.363989 0.200502
0.411801 0.200502
0.482747 0.200502
0.498171 0.200502
0.513594 0.200502
0.529017 0.200502
-0.552152 0.198960
-0.536729 0.198960
-0.521306 0.198960
-0.505882 0.198960
-0.490459 0.198960
-0.475036 0.198960
-0.376327 0.198960
-0.360904 0.198960
-0.345481 0.198960
-0.330057 0.198960
-0.314634 0.198960
-0.299211 0.198960
-0.283788 0.198960
-0.268364 0.198960
-0.252941 0.198960
-0.237518 0.198960
-0.222095 0.198960
-0.206671 0.198960
-0.191248 0.198960
-0.175825 0.198960
-0.160402 0.198960
-0.144978 0.198960
-0.129555 0.198960
-0.114132 0.198960
-0.098709 0.198960
-0.083286 0.198960
-0.067862 0.198960
0.067862 0.198960
0.107963 0.198960
0.123386 0.198960
0.138809 0.198960
0.154232 0.198960
0.169656 0.198960
0.185079 0.198960
0.200502 0.198960
0.215925 0.198960
0.411801 0.198960
0.484290 0.198960
0.499713 0.198960
0.515136 0.198960
0.538271 0.198960
-0.550610 0.197417
-0.535187 0.197417
-0.519763 0.197417
-0.504340 0.197417
-0.488917 0.197417
-0.473494 0.197417
-0.376327 0.197417
-0.360904 0.197417
-0.345481 0.197417
-0.330057 0.197417
-0.314634 0.197417
-0.299211 0.197417
-0.283788 0.197417
-0.268364 0.197417
-0.252941 0.197417
-0.237518 0.197417
-0.222095 0.197417
-0.206671 0.197417
-0.191248 0.197417
-0.175825 0.197417
-0.160402 0.197417
-0.144978 0.197417
-0.129555 0.197417
-0.114132 0.197417
-0.098709 0.197417
-0.083286 0.197417
-0.058608 0.197417
0.106420 0.197417
0.121844 0.197417
0.137267 0.197417
0.152690 0.197417
0.168113 0.197417
0.183537 0.197417
0.198960 0.197417
0.214383 0.197417
0.414885 0.197417
0.488917 0.197417
0.504340 0.197417
0.519763 0.197417
0.544440 0.197417
-0.545983 0.195875
-0.530560 0.195875
-0.513594 0.195875
-0.498171 0.195875
-0.482747 0.195875
-0.467324 0.195875
-0.371700 0.195875
-0.356277 0.195875
-0.340854 0.195875
-0.325430 0.195875
-0.310007 0.195875
-0.294584 0.195875
-0.279161 0.195875
-0.263737 0.195875
-0.248314 0.195875
-0.232891 0.195875
-0.217468 0.195875
-0.202044 0.195875
-0.186621 0.195875
-0.171198 0.195875
-0.155775 0.195875
-0.140352 0.195875
-0.124928 0.195875
-0.109505 0.195875
-0.094082 0.195875
-0.078659 0.195875
-0.044727 0.195875
0.084828 0.195875
0.115674 0.195875
0.131098 0.195875
0.146521 0.195875
0.161944 0.195875
0.177367 0.195875
0.192791 0.195875
0.208214 0.195875
0.414885 0.195875
0.490459 0.195875
0.505882 0.195875
0.522848 0.195875
-0.553694 0.194333
-0.538271 0.194333
-0.522848 0.194333
-0.504340 0.194333
-0.488917 0.194333
-0.473494 0.194333
-0.377869 0.194333
-0.362446 0.194333
-0.347023 0.194333
-0.331600 0.194333
-0.316176 0.194333
-0.300753 0.194333
-0.285330 0.194333
-0.269907 0.194333
-0.254483 0.194333
-0.239060 0.194333
-0.223637 0.194333
-0.208214 0.194333
-0.192791 0.194333
-0.177367 0.194333
-0.161944 0.194333
-0.146521 0.194333
-0.131098 0.194333
-0.115674 0.194333
-0.100251 0.194333
-0.084828 0.194333
-0.066320 0.194333
0.029304 0.194333
0.109505 0.194333
0.124928 0.194333
0.140352 0.194333
0.155775 0.194333
0.171198 0.194333
0.186621 0.194333
0.202044 0.194333
0.478121 0.194333
0.493544 0.194333
0.510509 0.194333
0.527475 0.194333
-0.549067 0.192791
-0.532102 0.192791
-0.513594 0.192791
-0.498171 0.192791
-0.482747 0.192791
-0.467324 0.192791
-0.373242 0.192791
-0.357819 0.192791
-0.342396 0.192791
-0.326973 0.192791
-0.311549 0.192791
-0.296126 0.192791
-0.280703 0.192791
-0.265280 0.192791
-0.249857 0.192791
-0.234433 0.192791
-0.219010 0.192791
-0.203587 0.192791
-0.188164 0.192791
-0.172740 0.192791
-0.157317 0.192791
-0.141894 0.192791
-0.126471 0.192791
-0.111047 0.192791
-0.095624 0.192791
-0.080201 0.192791
-0.060151 0.192791
0.064778 0.192791
0.112590 0.192791
0.128013 0.192791
0.143436 0.192791
0.158859 0.192791
0.174283 0.192791
0.189706 0.192791
0.416428 0.192791
0.492001 0.192791
0.507425 0.192791
0.525933 0.192791
-0.552152 0.191248
-0.535187 0.191248
-0.519763 0.191248
-0.501255 0.191248
-0.485832 0.191248
-0.470409 0.191248
-0.376327 0.191248
-0.360904 0.191248
-0.345481 0.191248
-0.330057 0.191248
-0.314634 0.191248
-0.299211 0.191248
-0.283788 0.191248
-0.268364 0.191248
-0.252941 0.191248
-0.237518 0.191248
-0.222095 0.191248
-0.206671 0.191248
-0.191248 0.191248
-0.175825 0.191248
-0.160402 0.191248
-0.144978 0.191248
-0.129555 0.191248
-0.114132 0.191248
-0.098709 0.191248
-0.083286 0.191248
-0.066320 0.191248
-0.035473 0.191248
0.097166 0.191248
0.112590 0.191248
0.129555 0.191248
0.144978 0.191248
0.160402 0.191248
0.175825 0.191248
0.191248 0.191248
0.482747 0.191248
0.498171 0.191248
0.515136 0.191248
0.547525 0.191248
-0.545983 0.189706
-0.529017 0.189706
-0.512052 0.189706
-0.496628 0.189706
-0.481205 0.189706
-0.387123 0.189706
-0.371700 0.189706
-0.356277 0.189706
-0.340854 0.189706
-0.325430 0.189706
-0.310007 0.189706
-0.294584 0.189706
-0.279161 0.189706
-0.245230 0.189706
-0.222095 0.189706
-0.206671 0.189706
-0.191248 0.189706
-0.175825 0.189706
-0.160402 0.189706
-0.144978 0.189706
-0.129555 0.189706
-0.114132 0.189706
-0.095624 0.189706
-0.080201 0.189706
-0.058608 0.189706
0.032389 0.189706
0.101793 0.189706
0.117217 0.189706
0.134182 0.189706
0.149605 0.189706
0.165029 0.189706
0.180452 0.189706
0.413343 0.189706
0.493544 0.189706
0.510509 0.189706
0.547525 0.189706
-0.544440 0.188164
-0.529017 0.188164
-0.513594 0.188164
-0.498171 0.188164
-0.482747 0.188164
-0.467324 0.188164
-0.371700 0.188164
-0.356277 0.188164
-0.340854 0.188164
-0.325430 0.188164
-0.310007 0.188164
-0.294584 0.188164
-0.279161 0.188164
-0.223637 0.188164
-0.208214 0.188164
-0.192791 0.188164
-0.177367 0.188164
-0.161944 0.188164
-0.146521 0.188164
-0.131098 0.188164
-0.115674 0.188164
-0.100251 0.188164
-0.081743 0.188164
-0.064778 0.188164
-0.037016 0.188164
0.066320 0.188164
0.101793 0.188164
0.117217 0.188164
0.134182 0.188164
0.149605 0.188164
0.165029 0.188164
0.180452 0.188164
0.422597 0.188164
0.492001 0.188164
0.507425 0.188164
0.547525 0.188164
-0.544440 0.186621
-0.529017 0.186621
-0.513594 0.186621
-0.498171 0.186621
-0.482747 0.186621
-0.467324 0.186621
-0.368616 0.186621
-0.353192 0.186621
-0.337769 0.186621
-0.322346 0.186621
-0.300753 0.186621
-0.279161 0.186621
-0.215925 0.186621
-0.198960 0.186621
-0.183537 0.186621
-0.168113 0.186621
-0.152690 0.186621
-0.137267 0.186621
-0.121844 0.186621
-0.106420 0.186621
-0.089455 0.186621
-0.074032 0.186621
-0.046270 0.186621
-0.007712 0.186621
0.083286 0.186621
0.100251 0.186621
0.117217 0.186621
0.134182 0.186621
0.149605 0.186621
0.165029 0.186621
0.180452 0.186621
0.416428 0.186621
0.487374 0.186621
0.502798 0.186621
0.519763 0.186621
-0.552152 0.185079
-0.536729 0.185079
-0.521306 0.185079
-0.505882 0.185079
-0.490459 0.185079
-0.475036 0.185079
-0.384039 0.185079
-0.365531 0.185079
-0.350108 0.185079
-0.334684 0.185079
-0.319261 0.185079
-0.296126 0.185079
-0.268364 0.185079
-0.195875 0.185079
-0.180452 0.185079
-0.165029 0.185079
-0.149605 0.185079
-0.134182 0.185079
-0.118759 0.185079
-0.103336 0.185079
-0.087912 0.185079
-0.072489 0.185079
-0.047812 0.185079
-0.001542 0.185079
0.084828 0.185079
0.101793 0.185079
0.118759 0.185079
0.134182 0.185079
0.149605 0.185079
0.165029 0.185079
0.180452 0.185079
0.428766 0.185079
0.487374 0.185079
0.502798 0.185079
0.521306 0.185079
-0.550610 0.183537
-0.535187 0.183537
-0.519763 0.183537
-0.504340 0.183537
-0.488917 0.183537
-0.473494 0.183537
-0.379412 0.183537
-0.363989 0.183537
-0.348565 0.183537
-0.333142 0.183537
-0.317719 0.183537
-0.265280 0.183537
-0.189706 0.183537
-0.174283 0.183537
-0.158859 0.183537
-0.143436 0.183537
-0.128013 0.183537
-0.112590 0.183537
-0.097166 0.183537
-0.081743 0.183537
-0.063235 0.183537
-0.040100 0.183537
0.069405 0.183537
0.104878 0.183537
0.123386 0.183537
0.138809 0.183537
0.154232 0.183537
0.169656 0.183537
0.410258 0.183537
0.430308 0.183537
0.488917 0.183537
0.504340 0.183537
0.522848 0.183537
-0.550610 0.181994
-0.535187 0.181994
-0.519763 0.181994
-0.504340 0.181994
-0.488917 0.181994
-0.473494 0.181994
-0.379412 0.181994
-0.363989 0.181994
-0.348565 0.181994
-0.333142 0.181994
-0.317719 0.181994
-0.192791 0.181994
-0.177367 0.181994
-0.161944 0.181994
-0.146521 0.181994
-0.131098 0.181994
-0.115674 0.181994
-0.100251 0.181994
-0.083286 0.181994
-0.061693 0.181994
-0.029304 0.181994
0.084828 0.181994
0.111047 0.181994
0.126471 0.181994
0.141894 0.181994
0.157317 0.181994
0.172740 0.181994
0.414885 0.181994
0.485832 0.181994
0.501255 0.181994
0.516679 0.181994
-0.555237 0.180452
-0.539813 0.180452
-0.524390 0.180452
-0.508967 0.180452
-0.493544 0.180452
-0.478121 0.180452
-0.380954 0.180452
-0.365531 0.180452
-0.350108 0.180452
-0.334684 0.180452
-0.319261 0.180452
-0.189706 0.180452
-0.174283 0.180452
-0.158859 0.180452
-0.143436 0.180452
-0.128013 0.180452
-0.112590 0.180452
-0.097166 0.180452
-0.077116 0.180452
-0.052439 0.180452
0.021593 0.180452
0.087912 0.180452
0.112590 0.180452
0.128013 0.180452
0.143436 0.180452
0.163486 0.180452
0.399462 0.180452
0.485832 0.180452
0.501255 0.180452
0.516679 0.180452
-0.556779 0.178910
-0.536729 0.178910
-0.521306 0.178910
-0.505882 0.178910
-0.490459 0.178910
-0.475036 0.178910
-0.382496 0.178910
-0.367073 0.178910
-0.351650 0.178910
-0.336227 0.178910
-0.191248 0.178910
-0.175825 0.178910
-0.160402 0.178910
-0.144978 0.178910
-0.129555 0.178910
-0.114132 0.178910
-0.098709 0.178910
-0.080201 0.178910
-0.053981 0.178910
0.023135 0.178910
0.086370 0.178910
0.112590 0.178910
0.128013 0.178910
0.151148 0.178910
0.408716 0.178910
0.490459 0.178910
0.505882 0.178910
0.555237 0.178910
-0.545983 0.177367
-0.527475 0.177367
-0.512052 0.177367
-0.496628 0.177367
-0.481205 0.177367
-0.390208 0.177367
-0.374785 0.177367
-0.359362 0.177367
-0.343938 0.177367
-0.328515 0.177367
-0.171198 0.177367
-0.155775 0.177367
-0.140352 0.177367
-0.124928 0.177367
-0.109505 0.177367
-0.094082 0.177367
-0.074032 0.177367
-0.053981 0.177367
0.041643 0.177367
0.100251 0.177367
0.118759 0.177367
0.143436 0.177367
0.490459 0.177367
0.505882 0.177367
0.555237 0.177367
-0.547525 0.175825
-0.529017 0.175825
-0.512052 0.175825
-0.496628 0.175825
-0.481205 0.175825
-0.391750 0.175825
-0.376327 0.175825
-0.360904 0.175825
-0.345481 0.175825
-0.330057 0.175825
-0.171198 0.175825
-0.155775 0.175825
-0.140352 0.175825
-0.124928 0.175825
-0.109505 0.175825
-0.094082 0.175825
-0.078659 0.175825
-0.044727 0.175825
0.087912 0.175825
0.114132 0.175825
0.138809 0.175825
0.492001 0.175825
0.507425 0.175825
-0.564491 0.174283
-0.533644 0.174283
-0.515136 0.174283
-0.499713 0.174283
-0.484290 0.174283
-0.468867 0.174283
-0.380954 0.174283
-0.365531 0.174283
-0.350108 0.174283
-0.330057 0.174283
-0.163486 0.174283
-0.148063 0.174283
-0.132640 0.174283
-0.117217 0.174283
-0.101793 0.174283
-0.086370 0.174283
-0.061693 0.174283
0.027762 0.174283
0.106420 0.174283
0.128013 0.174283
0.484290 0.174283
0.499713 0.174283
0.555237 0.174283
-0.547525 0.172740
-0.527475 0.172740
-0.512052 0.172740
-0.496628 0.172740
-0.481205 0.172740
-0.393293 0.172740
-0.377869 0.172740
-0.362446 0.172740
-0.347023 0.172740
-0.157317 0.172740
-0.141894 0.172740
-0.126471 0.172740
-0.111047 0.172740
-0.095624 0.172740
-0.080201 0.172740
-0.044727 0.172740
0.086370 0.172740
0.120301 0.172740
0.245230 0.172740
0.481205 0.172740
0.496628 0.172740
0.512052 0.172740
-0.562948 0.171198
-0.527475 0.171198
-0.512052 0.171198
-0.496628 0.171198
-0.481205 0.171198
-0.394835 0.171198
-0.379412 0.171198
-0.363989 0.171198
-0.348565 0.171198
-0.141894 0.171198
-0.126471 0.171198
-0.111047 0.171198
-0.095624 0.171198
-0.077116 0.171198
0.001542 0.171198
0.106420 0.171198
0.226722 0.171198
0.242145 0.171198
0.257568 0.171198
0.487374 0.171198
0.502798 0.171198
0.558321 0.171198
-0.533644 0.169656
-0.518221 0.169656
-0.502798 0.169656
-0.487374 0.169656
-0.471951 0.169656
-0.387123 0.169656
-0.371700 0.169656
-0.347023 0.169656
-0.121844 0.169656
-0.106420 0.169656
-0.090997 0.169656
-0.055524 0.169656
0.084828 0.169656
0.211298 0.169656
0.226722 0.169656
0.242145 0.169656
0.257568 0.169656
0.272991 0.169656
0.485832 0.169656
0.501255 0.169656
0.522848 0.169656
-0.535187 0.168113
-0.519763 0.168113
-0.504340 0.168113
-0.488917 0.168113
-0.473494 0.168113
-0.388666 0.168113
-0.373242 0.168113
-0.357819 0.168113
-0.112590 0.168113
-0.097166 0.168113
-0.078659 0.168113
0.038558 0.168113
0.205129 0.168113
0.220552 0.168113
0.235976 0.168113
0.251399 0.168113
0.266822 0.168113
0.282245 0.168113
0.488917 0.168113
0.504340 0.168113
0.538271 0.168113
-0.567575 0.166571
-0.522848 0.166571
-0.507425 0.166571
-0.492001 0.166571
-0.476578 0.166571
-0.387123 0.166571
-0.371700 0.166571
-0.356277 0.166571
-0.106420 0.166571
-0.090997 0.166571
-0.069405 0.166571
0.084828 0.166571
0.202044 0.166571
0.217468 0.166571
0.260653 0.166571
0.276076 0.166571
0.291499 0.166571
0.484290 0.166571
0.499713 0.166571
0.521306 0.166571
0.558321 0.166571
-0.532102 0.165029
-0.516679 0.165029
-0.501255 0.165029
-0.485832 0.165029
-0.470409 0.165029
-0.371700 0.165029
-0.356277 0.165029
-0.101793 0.165029
-0.086370 0.165029
-0.050897 0.165029
0.194333 0.165029
0.209756 0.165029
0.279161 0.165029
0.294584 0.165029
0.485832 0.165029
0.501255 0.165029
0.521306 0.165029
0.545983 0.165029
-0.532102 0.163486
-0.516679 0.163486
-0.501255 0.163486
-0.485832 0.163486
-0.385581 0.163486
-0.370158 0.163486
-0.354735 0.163486
-0.109505 0.163486
-0.090997 0.163486
-0.069405 0.163486
-0.033931 0.163486
0.195875 0.163486
0.248314 0.163486
0.288415 0.163486
0.303838 0.163486
0.490459 0.163486
0.505882 0.163486
0.535187 0.163486
0.558321 0.163486
-0.530560 0.161944
-0.515136 0.161944
-0.499713 0.161944
-0.484290 0.161944
-0.396377 0.161944
-0.370158 0.161944
-0.354735 0.161944
-0.339311 0.161944
-0.098709 0.161944
-0.083286 0.161944
-0.058608 0.161944
0.178910 0.161944
0.194333 0.161944
0.248314 0.161944
0.294584 0.161944
0.310007 0.161944
0.493544 0.161944
0.508967 0.161944
0.533644 0.161944
0.549067 0.161944
-0.536729 0.160402
-0.519763 0.160402
-0.504340 0.160402
-0.488917 0.160402
-0.473494 0.160402
-0.362446 0.160402
-0.345481 0.160402
-0.094082 0.160402
-0.067862 0.160402
-0.046270 0.160402
0.180452 0.160402
0.223637 0.160402
0.242145 0.160402
0.257568 0.160402
0.306923 0.160402
0.484290 0.160402
0.499713 0.160402
0.515136 0.160402
0.538271 0.160402
0.559864 0.160402
-0.530560 0.158859
-0.515136 0.158859
-0.499713 0.158859
-0.484290 0.158859
-0.374785 0.158859
-0.086370 0.158859
-0.053981 0.158859
0.098709 0.158859
0.183537 0.158859
0.222095 0.158859
0.237518 0.158859
0.252941 0.158859
0.272991 0.158859
0.314634 0.158859
0.485832 0.158859
0.501255 0.158859
0.527475 0.158859
0.542898 0.158859
0.562948 0.158859
-0.524390 0.157317
-0.508967 0.157317
-0.493544 0.157317
-0.478121 0.157317
-0.370158 0.157317
-0.083286 0.157317
-0.047812 0.157317
0.104878 0.157317
0.177367 0.157317
0.212841 0.157317
0.228264 0.157317
0.243687 0.157317
0.259110 0.157317
0.274534 0.157317
0.320803 0.157317
0.488917 0.157317
0.504340 0.157317
0.529017 0.157317
0.544440 0.157317
-0.578372 0.155775
-0.524390 0.155775
-0.508967 0.155775
-0.493544 0.155775
-0.476578 0.155775
-0.370158 0.155775
-0.083286 0.155775
-0.041643 0.155775
0.120301 0.155775
0.177367 0.155775
0.211298 0.155775
0.226722 0.155775
0.242145 0.155775
0.257568 0.155775
0.272991 0.155775
0.314634 0.155775
0.330057 0.155775
0.496628 0.155775
0.512052 0.155775
0.533644 0.155775
0.549067 0.155775
-0.573745 0.154232
-0.515136 0.154232
-0.499713 0.154232
-0.482747 0.154232
-0.393293 0.154232
-0.086370 0.154232
0.095624 0.154232
0.166571 0.154232
0.200502 0.154232
0.215925 0.154232
0.231349 0.154232
0.246772 0.154232
0.262195 0.154232
0.277618 0.154232
0.317719 0.154232
0.333142 0.154232
0.496628 0.154232
0.512052 0.154232
0.532102 0.154232
0.547525 0.154232
-0.536729 0.152690
-0.515136 0.152690
-0.499713 0.152690
-0.484290 0.152690
-0.393293 0.152690
-0.078659 0.152690
0.118759 0.152690
0.172740 0.152690
0.208214 0.152690
0.223637 0.152690
0.239060 0.152690
0.254483 0.152690
0.269907 0.152690
0.285330 0.152690
0.322346 0.152690
0.337769 0.152690
0.496628 0.152690
0.512052 0.152690
0.530560 0.152690
0.545983 0.152690
-0.536729 0.151148
-0.513594 0.151148
-0.498171 0.151148
-0.482747 0.151148
-0.390208 0.151148
0.117217 0.151148
0.191248 0.151148
0.206671 0.151148
0.222095 0.151148
0.237518 0.151148
0.252941 0.151148
0.268364 0.151148
0.283788 0.151148
0.322346 0.151148
0.337769 0.151148
0.495086 0.151148
0.510509 0.151148
0.529017 0.151148
0.544440 0.151148
-0.527475 0.149605
-0.507425 0.149605
-0.492001 0.149605
-0.475036 0.149605
-0.354735 0.149605
0.160402 0.149605
0.188164 0.149605
0.203587 0.149605
0.219010 0.149605
0.234433 0.149605
0.249857 0.149605
0.265280 0.149605
0.280703 0.149605
0.296126 0.149605
0.328515 0.149605
0.482747 0.149605
0.498171 0.149605
0.513594 0.149605
0.529017 0.149605
0.544440 0.149605
-0.550610 0.148063
-0.515136 0.148063
-0.499713 0.148063
-0.482747 0.148063
-0.390208 0.148063
-0.183537 0.148063
0.160402 0.148063
0.191248 0.148063
0.206671 0.148063
0.222095 0.148063
0.237518 0.148063
0.252941 0.148063
0.268364 0.148063
0.283788 0.148063
0.299211 0.148063
0.333142 0.148063
0.484290 0.148063
0.499713 0.148063
0.515136 0.148063
0.530560 0.148063
0.545983 0.148063
-0.556779 0.146521
-0.536729 0.146521
-0.508967 0.146521
-0.493544 0.146521
-0.476578 0.146521
-0.200502 0.146521
-0.185079 0.146521
-0.169656 0.146521
0.111047 0.146521
0.185079 0.146521
0.200502 0.146521
0.215925 0.146521
0.231349 0.146521
0.246772 0.146521
0.262195 0.146521
0.277618 0.146521
0.293042 0.146521
0.308465 0.146521
0.336227 0.146521
0.485832 0.146521
0.501255 0.146521
0.519763 0.146521
0.536729 0.146521
0.566033 0.146521
-0.558321 0.144978
-0.542898 0.144978
-0.510509 0.144978
-0.495086 0.144978
-0.479663 0.144978
-0.232891 0.144978
-0.208214 0.144978
-0.192791 0.144978
-0.177367 0.144978
-0.161944 0.144978
-0.060151 0.144978
0.177367 0.144978
0.192791 0.144978
0.208214 0.144978
0.223637 0.144978
0.239060 0.144978
0.259110 0.144978
0.277618 0.144978
0.293042 0.144978
0.308465 0.144978
0.337769 0.144978
0.484290 0.144978
0.499713 0.144978
0.519763 0.144978
0.542898 0.144978
-0.570660 0.143436
-0.555237 0.143436
-0.539813 0.143436
-0.508967 0.143436
-0.493544 0.143436
-0.478121 0.143436
-0.228264 0.143436
-0.212841 0.143436
-0.197417 0.143436
-0.181994 0.143436
-0.166571 0.143436
-0.151148 0.143436
0.152690 0.143436
0.181994 0.143436
0.197417 0.143436
0.212841 0.143436
0.228264 0.143436
0.249857 0.143436
0.265280 0.143436
0.286872 0.143436
0.302296 0.143436
0.334684 0.143436
0.350108 0.143436
0.493544 0.143436
0.508967 0.143436
0.542898 0.143436
-0.576829 0.141894
-0.556779 0.141894
-0.541356 0.141894
-0.512052 0.141894
-0.496628 0.141894
-0.481205 0.141894
-0.240603 0.141894
-0.225179 0.141894
-0.209756 0.141894
-0.194333 0.141894
-0.178910 0.141894
-0.163486 0.141894
-0.148063 0.141894
0.152690 0.141894
0.178910 0.141894
0.194333 0.141894
0.209756 0.141894
0.239060 0.141894
0.260653 0.141894
0.286872 0.141894
0.302296 0.141894
0.331600 0.141894
0.350108 0.141894
0.493544 0.141894
0.508967 0.141894
0.544440 0.141894
-0.570660 0.140352
-0.555237 0.140352
-0.539813 0.140352
-0.508967 0.140352
-0.493544 0.140352
-0.478121 0.140352
-0.243687 0.140352
-0.228264 0.140352
-0.212841 0.140352
-0.197417 0.140352
-0.181994 0.140352
-0.166571 0.140352
-0.148063 0.140352
0.106420 0.140352
0.171198 0.140352
0.186621 0.140352
0.205129 0.140352
0.235976 0.140352
0.257568 0.140352
0.285330 0.140352
0.300753 0.140352
0.316176 0.140352
0.347023 0.140352
0.490459 0.140352
0.505882 0.140352
0.542898 0.140352
-0.578372 0.138809
-0.558321 0.138809
-0.542898 0.138809
-0.512052 0.138809
-0.496628 0.138809
-0.481205 0.138809
-0.252941 0.138809
-0.237518 0.138809
-0.222095 0.138809
-0.206671 0.138809
-0.191248 0.138809
-0.175825 0.138809
-0.160402 0.138809
-0.138809 0.138809
0.148063 0.138809
0.171198 0.138809
0.186621 0.138809
0.206671 0.138809
0.237518 0.138809
0.260653 0.138809
0.289957 0.138809
0.305380 0.138809
0.340854 0.138809
0.356277 0.138809
0.496628 0.138809
0.512052 0.138809
0.564491 0.138809
-0.569118 0.137267
-0.553694 0.137267
-0.538271 0.137267
-0.508967 0.137267
-0.493544 0.137267
-0.478121 0.137267
-0.254483 0.137267
-0.239060 0.137267
-0.223637 0.137267
-0.208214 0.137267
-0.192791 0.137267
-0.177367 0.137267
-0.161944 0.137267
-0.135725 0.137267
0.144978 0.137267
0.168113 0.137267
0.183537 0.137267
0.211298 0.137267
0.232891 0.137267
0.254483 0.137267
0.269907 0.137267
0.305380 0.137267
0.320803 0.137267
0.350108 0.137267
0.490459 0.137267
0.505882 0.137267
0.542898 0.137267
-0.579914 0.135725
-0.559864 0.135725
-0.544440 0.135725
-0.515136 0.135725
-0.499713 0.135725
-0.484290 0.135725
-0.265280 0.135725
-0.249857 0.135725
-0.234433 0.135725
-0.219010 0.135725
-0.203587 0.135725
-0.188164 0.135725
-0.172740 0.135725
-0.157317 0.135725
-0.134182 0.135725
0.103336 0.135725
0.161944 0.135725
0.177367 0.135725
0.206671 0.135725
0.228264 0.135725
0.249857 0.135725
0.265280 0.135725
0.302296 0.135725
0.317719 0.135725
0.347023 0.135725
0.485832 0.135725
0.501255 0.135725
0.521306 0.135725
0.569118 0.135725
-0.564491 0.134182
-0.549067 0.134182
-0.519763 0.134182
-0.504340 0.134182
-0.488917 0.134182
-0.473494 0.134182
-0.260653 0.134182
-0.245230 0.134182
-0.229806 0.134182
-0.214383 0.134182
-0.198960 0.134182
-0.183537 0.134182
-0.168113 0.134182
-0.152690 0.134182
-0.126471 0.134182
0.143436 0.134182
0.165029 0.134182
0.197417 0.134182
0.212841 0.134182
0.231349 0.134182
0.248314 0.134182
0.263737 0.134182
0.302296 0.134182
0.317719 0.134182
0.351650 0.134182
0.488917 0.134182
0.504340 0.134182
0.541356 0.134182
-0.582999 0.132640
-0.561406 0.132640
-0.545983 0.132640
-0.513594 0.132640
-0.498171 0.132640
-0.482747 0.132640
-0.277618 0.132640
-0.262195 0.132640
-0.246772 0.132640
-0.231349 0.132640
-0.215925 0.132640
-0.200502 0.132640
-0.185079 0.132640
-0.169656 0.132640
-0.154232 0.132640
-0.131098 0.132640
0.144978 0.132640
0.165029 0.132640
0.198960 0.132640
0.215925 0.132640
0.231349 0.132640
0.246772 0.132640
0.262195 0.132640
0.306923 0.132640
0.322346 0.132640
0.487374 0.132640
0.502798 0.132640
0.541356 0.132640
-0.581456 0.131098
-0.559864 0.131098
-0.542898 0.131098
-0.508967 0.131098
-0.492001 0.131098
-0.476578 0.131098
-0.274534 0.131098
-0.259110 0.131098
-0.243687 0.131098
-0.228264 0.131098
-0.209756 0.131098
-0.194333 0.131098
-0.174283 0.131098
-0.158859 0.131098
-0.143436 0.131098
-0.118759 0.131098
0.157317 0.131098
0.172740 0.131098
0.208214 0.131098
0.223637 0.131098
0.239060 0.131098
0.254483 0.131098
0.269907 0.131098
0.316176 0.131098
0.331600 0.131098
0.492001 0.131098
0.507425 0.131098
0.545983 0.131098
-0.572202 0.129555
-0.556779 0.129555
-0.510509 0.129555
-0.495086 0.129555
-0.479663 0.129555
-0.283788 0.129555
-0.268364 0.129555
-0.252941 0.129555
-0.237518 0.129555
-0.222095 0.129555
-0.191248 0.129555
-0.169656 0.129555
-0.151148 0.129555
-0.135725 0.129555
-0.115674 0.129555
0.157317 0.129555
0.172740 0.129555
0.209756 0.129555
0.225179 0.129555
0.240603 0.129555
0.256026 0.129555
0.271449 0.129555
0.317719 0.129555
0.333142 0.129555
0.485832 0.129555
0.501255 0.129555
0.541356 0.129555
-0.586083 0.128013
-0.558321 0.128013
-0.515136 0.128013
-0.498171 0.128013
-0.482747 0.128013
-0.291499 0.128013
-0.276076 0.128013
-0.260653 0.128013
-0.245230 0.128013
-0.229806 0.128013
-0.211298 0.128013
-0.175825 0.128013
-0.149605 0.128013
-0.134182 0.128013
-0.115674 0.128013
0.157317 0.128013
0.200502 0.128013
0.215925 0.128013
0.231349 0.128013
0.246772 0.128013
0.262195 0.128013
0.311549 0.128013
0.326973 0.128013
0.342396 0.128013
0.490459 0.128013
0.505882 0.128013
0.545983 0.128013
-0.566033 0.126471
-0.530560 0.126471
-0.504340 0.126471
-0.488917 0.126471
-0.303838 0.126471
-0.288415 0.126471
-0.272991 0.126471
-0.257568 0.126471
-0.242145 0.126471
-0.225179 0.126471
-0.192791 0.126471
-0.171198 0.126471
-0.141894 0.126471
-0.126471 0.126471
0.143436 0.126471
0.161944 0.126471
0.206671 0.126471
0.222095 0.126471
0.237518 0.126471
0.252941 0.126471
0.268364 0.126471
0.320803 0.126471
0.336227 0.126471
0.351650 0.126471
0.367073 0.126471
0.496628 0.126471
0.512052 0.126471
-0.587626 0.124928
-0.535187 0.124928
-0.505882 0.124928
-0.490459 0.124928
-0.475036 0.124928
-0.293042 0.124928
-0.277618 0.124928
-0.262195 0.124928
-0.246772 0.124928
-0.225179 0.124928
-0.205129 0.124928
-0.183537 0.124928
-0.168113 0.124928
-0.135725 0.124928
-0.117217 0.124928
0.149605 0.124928
0.197417 0.124928
0.212841 0.124928
0.228264 0.124928
0.243687 0.124928
0.259110 0.124928
0.313092 0.124928
0.328515 0.124928
0.343938 0.124928
0.359362 0.124928
0.488917 0.124928
0.504340 0.124928
0.547525 0.124928
-0.566033 0.123386
-0.513594 0.123386
-0.498171 0.123386
-0.482747 0.123386
-0.300753 0.123386
-0.285330 0.123386
-0.269907 0.123386
-0.254483 0.123386
-0.231349 0.123386
-0.211298 0.123386
-0.195875 0.123386
-0.177367 0.123386
-0.143436 0.123386
-0.128013 0.123386
0.138809 0.123386
0.155775 0.123386
0.205129 0.123386
0.220552 0.123386
0.235976 0.123386
0.251399 0.123386
0.266822 0.123386
0.323888 0.123386
0.339311 0.123386
0.354735 0.123386
0.487374 0.123386
0.502798 0.123386
0.545983 0.123386
-0.567575 0.121844
-0.508967 0.121844
-0.493544 0.121844
-0.476578 0.121844
-0.297669 0.121844
-0.282245 0.121844
-0.266822 0.121844
-0.251399 0.121844
-0.225179 0.121844
-0.205129 0.121844
-0.189706 0.121844
-0.174283 0.121844
-0.135725 0.121844
-0.117217 0.121844
0.143436 0.121844
0.158859 0.121844
0.211298 0.121844
0.226722 0.121844
0.242145 0.121844
0.257568 0.121844
0.320803 0.121844
0.336227 0.121844
0.351650 0.121844
0.485832 0.121844
0.501255 0.121844
0.544440 0.121844
-0.587626 0.120301
-0.536729 0.120301
-0.502798 0.120301
-0.487374 0.120301
-0.311549 0.120301
-0.296126 0.120301
-0.280703 0.120301
-0.265280 0.120301
-0.234433 0.120301
-0.219010 0.120301
-0.203587 0.120301
-0.188164 0.120301
-0.172740 0.120301
-0.129555 0.120301
-0.112590 0.120301
0.148063 0.120301
0.200502 0.120301
0.215925 0.120301
0.231349 0.120301
0.246772 0.120301
0.262195 0.120301
0.323888 0.120301
0.343938 0.120301
0.359362 0.120301
0.496628 0.120301
0.512052 0.120301
0.572202 0.120301
-0.561406 0.118759
-0.501255 0.118759
-0.482747 0.118759
-0.311549 0.118759
-0.296126 0.118759
-0.280703 0.118759
-0.265280 0.118759
-0.231349 0.118759
-0.215925 0.118759
-0.200502 0.118759
-0.185079 0.118759
-0.169656 0.118759
-0.123386 0.118759
0.140352 0.118759
0.155775 0.118759
0.211298 0.118759
0.226722 0.118759
0.242145 0.118759
0.257568 0.118759
0.319261 0.118759
0.334684 0.118759
0.490459 0.118759
0.505882 0.118759
0.549067 0.118759
-0.567575 0.117217
-0.505882 0.117217
-0.490459 0.117217
-0.317719 0.117217
-0.302296 0.117217
-0.286872 0.117217
-0.271449 0.117217
-0.235976 0.117217
-0.220552 0.117217
-0.205129 0.117217
-0.189706 0.117217
-0.174283 0.117217
-0.124928 0.117217
0.135725 0.117217
0.151148 0.117217
0.212841 0.117217
0.228264 0.117217
0.243687 0.117217
0.259110 0.117217
0.320803 0.117217
0.336227 0.117217
0.496628 0.117217
0.512052 0.117217
0.572202 0.117217
-0.562948 0.115674
-0.498171 0.115674
-0.481205 0.115674
-0.316176 0.115674
-0.300753 0.115674
-0.285330 0.115674
-0.269907 0.115674
-0.231349 0.115674
-0.215925 0.115674
-0.200502 0.115674
-0.185079 0.115674
-0.169656 0.115674
-0.115674 0.115674
0.141894 0.115674
0.206671 0.115674
0.222095 0.115674
0.237518 0.115674
0.252941 0.115674
0.313092 0.115674
0.328515 0.115674
0.485832 0.115674
0.501255 0.115674
0.545983 0.115674
-0.586083 0.114132
-0.508967 0.114132
-0.493544 0.114132
-0.478121 0.114132
-0.314634 0.114132
-0.294584 0.114132
-0.279161 0.114132
-0.239060 0.114132
-0.223637 0.114132
-0.208214 0.114132
-0.192791 0.114132
-0.177367 0.114132
-0.121844 0.114132
-0.084828 0.114132
0.144978 0.114132
0.211298 0.114132
0.226722 0.114132
0.242145 0.114132
0.257568 0.114132
0.316176 0.114132
0.331600 0.114132
0.487374 0.114132
0.502798 0.114132
0.547525 0.114132
-0.570660 0.112590
-0.505882 0.112590
-0.490459 0.112590
-0.330057 0.112590
-0.314634 0.112590
-0.299211 0.112590
-0.283788 0.112590
-0.237518 0.112590
-0.222095 0.112590
-0.206671 0.112590
-0.191248 0.112590
-0.175825 0.112590
-0.118759 0.112590
0.132640 0.112590
0.203587 0.112590
0.219010 0.112590
0.234433 0.112590
0.249857 0.112590
0.306923 0.112590
0.322346 0.112590
0.342396 0.112590
0.496628 0.112590
0.512052 0.112590
0.572202 0.112590
-0.564491 0.111047
-0.499713 0.111047
-0.484290 0.111047
-0.325430 0.111047
-0.310007 0.111047
-0.294584 0.111047
-0.279161 0.111047
-0.231349 0.111047
-0.215925 0.111047
-0.200502 0.111047
-0.185079 0.111047
-0.169656 0.111047
-0.111047 0.111047
0.140352 0.111047
0.212841 0.111047
0.228264 0.111047
0.243687 0.111047
0.259110 0.111047
0.316176 0.111047
0.331600 0.111047
0.493544 0.111047
0.508967 0.111047
0.569118 0.111047
-0.569118 0.109505
-0.502798 0.109505
-0.487374 0.109505
-0.328515 0.109505
-0.310007 0.109505
-0.294584 0.109505
-0.279161 0.109505
-0.226722 0.109505
-0.211298 0.109505
-0.195875 0.109505
-0.180452 0.109505
-0.114132 0.109505
0.134182 0.109505
0.208214 0.109505
0.223637 0.109505
0.239060 0.109505
0.254483 0.109505
0.311549 0.109505
0.326973 0.109505
0.490459 0.109505
0.505882 0.109505
0.547525 0.109505
-0.586083 0.107963
-0.507425 0.107963
-0.492001 0.107963
-0.476578 0.107963
-0.320803 0.107963
-0.300753 0.107963
-0.285330 0.107963
-0.231349 0.107963
-0.215925 0.107963
-0.200502 0.107963
-0.185079 0.107963
-0.169656 0.107963
0.129555 0.107963
0.212841 0.107963
0.228264 0.107963
0.243687 0.107963
0.259110 0.107963
0.314634 0.107963
0.331600 0.107963
0.496628 0.107963
0.512052 0.107963
0.570660 0.107963
-0.567575 0.106420
-0.501255 0.106420
-0.485832 0.106420
-0.331600 0.106420
-0.316176 0.106420
-0.300753 0.106420
-0.285330 0.106420
-0.228264 0.106420
-0.212841 0.106420
-0.197417 0.106420
-0.181994 0.106420
-0.112590 0.106420
0.132640 0.106420
0.219010 0.106420
0.234433 0.106420
0.249857 0.106420
0.303838 0.106420
0.319261 0.106420
0.490459 0.106420
0.505882 0.106420
0.547525 0.106420
-0.587626 0.104878
-0.505882 0.104878
-0.490459 0.104878
-0.339311 0.104878
-0.323888 0.104878
-0.308465 0.104878
-0.293042 0.104878
-0.232891 0.104878
-0.217468 0.104878
-0.202044 0.104878
-0.186621 0.104878
-0.171198 0.104878
-0.103336 0.104878
0.212841 0.104878
0.228264 0.104878
0.243687 0.104878
0.296126 0.104878
0.311549 0.104878
0.326973 0.104878
0.498171 0.104878
0.513594 0.104878
0.572202 0.104878
-0.512052 0.103336
-0.496628 0.103336
-0.481205 0.103336
-0.331600 0.103336
-0.316176 0.103336
-0.300753 0.103336
-0.285330 0.103336
-0.225179 0.103336
-0.209756 0.103336
-0.194333 0.103336
-0.178910 0.103336
-0.109505 0.103336
0.131098 0.103336
0.219010 0.103336
0.234433 0.103336
0.249857 0.103336
0.300753 0.103336
0.319261 0.103336
0.495086 0.103336
0.510509 0.103336
0.570660 0.103336
-0.566033 0.101793
-0.496628 0.101793
-0.481205 0.101793
-0.330057 0.101793
-0.314634 0.101793
-0.299211 0.101793
-0.283788 0.101793
-0.223637 0.101793
-0.208214 0.101793
-0.192791 0.101793
-0.177367 0.101793
-0.101793 0.101793
0.138809 0.101793
0.174283 0.101793
0.223637 0.101793
0.239060 0.101793
0.291499 0.101793
0.310007 0.101793
0.495086 0.101793
0.510509 0.101793
0.570660 0.101793
-0.567575 0.100251
-0.499713 0.100251
-0.484290 0.100251
-0.319261 0.100251
-0.299211 0.100251
-0.280703 0.100251
-0.222095 0.100251
-0.206671 0.100251
-0.191248 0.100251
-0.175825 0.100251
0.128013 0.100251
0.143436 0.100251
0.158859 0.100251
0.174283 0.100251
0.189706 0.100251
0.234433 0.100251
0.288415 0.100251
0.303838 0.100251
0.493544 0.100251
0.508967 0.100251
0.569118 0.100251
-0.567575 0.098709
-0.499713 0.098709
-0.484290 0.098709
-0.316176 0.098709
-0.288415 0.098709
-0.229806 0.098709
-0.214383 0.098709
-0.198960 0.098709
-0.183537 0.098709
-0.101793 0.098709
0.135725 0.098709
0.151148 0.098709
0.166571 0.098709
0.181994 0.098709
0.197417 0.098709
0.239060 0.098709
0.294584 0.098709
0.495086 0.098709
0.510509 0.098709
0.569118 0.098709
-0.567575 0.097166
-0.499713 0.097166
-0.484290 0.097166
-0.316176 0.097166
-0.286872 0.097166
-0.228264 0.097166
-0.212841 0.097166
-0.197417 0.097166
-0.181994 0.097166
-0.100251 0.097166
0.135725 0.097166
0.151148 0.097166
0.166571 0.097166
0.181994 0.097166
0.197417 0.097166
0.271449 0.097166
0.286872 0.097166
0.487374 0.097166
0.502798 0.097166
0.544440 0.097166
-0.592252 0.095624
-0.505882 0.095624
-0.490459 0.095624
-0.310007 0.095624
-0.285330 0.095624
-0.269907 0.095624
-0.212841 0.095624
-0.197417 0.095624
-0.181994 0.095624
-0.097166 0.095624
0.138809 0.095624
0.154232 0.095624
0.169656 0.095624
0.185079 0.095624
0.200502 0.095624
0.215925 0.095624
0.231349 0.095624
0.272991 0.095624
0.288415 0.095624
0.493544 0.095624
0.508967 0.095624
0.550610 0.095624
-0.569118 0.094082
-0.499713 0.094082
-0.484290 0.094082
-0.293042 0.094082
-0.276076 0.094082
-0.220552 0.094082
-0.205129 0.094082
-0.189706 0.094082
-0.104878 0.094082
0.129555 0.094082
0.146521 0.094082
0.183537 0.094082
0.202044 0.094082
0.225179 0.094082
0.262195 0.094082
0.277618 0.094082
0.293042 0.094082
0.502798 0.094082
0.544440 0.094082
-0.592252 0.092539
-0.505882 0.092539
-0.490459 0.092539
-0.291499 0.092539
-0.276076 0.092539
-0.220552 0.092539
-0.205129 0.092539
-0.189706 0.092539
-0.140352 0.092539
-0.124928 0.092539
-0.109505 0.092539
-0.094082 0.092539
0.200502 0.092539
0.265280 0.092539
0.280703 0.092539
0.488917 0.092539
0.504340 0.092539
0.545983 0.092539
-0.590710 0.090997
-0.504340 0.090997
-0.488917 0.090997
-0.286872 0.090997
-0.271449 0.090997
-0.217468 0.090997
-0.202044 0.090997
-0.186621 0.090997
-0.141894 0.090997
-0.126471 0.090997
-0.111047 0.090997
-0.095624 0.090997
0.260653 0.090997
0.276076 0.090997
0.498171 0.090997
0.513594 0.090997
-0.595337 0.089455
-0.507425 0.089455
-0.492001 0.089455
-0.476578 0.089455
-0.274534 0.089455
-0.259110 0.089455
-0.203587 0.089455
-0.161944 0.089455
-0.146521 0.089455
-0.131098 0.089455
-0.115674 0.089455
-0.100251 0.089455
0.265280 0.089455
0.490459 0.089455
0.505882 0.089455
0.547525 0.089455
-0.570660 0.087912
-0.501255 0.087912
-0.485832 0.087912
-0.282245 0.087912
-0.263737 0.087912
-0.206671 0.087912
-0.163486 0.087912
-0.148063 0.087912
-0.132640 0.087912
-0.114132 0.087912
-0.098709 0.087912
0.268364 0.087912
0.498171 0.087912
0.513594 0.087912
0.572202 0.087912
-0.508967 0.086370
-0.493544 0.086370
-0.478121 0.086370
-0.268364 0.086370
-0.252941 0.086370
-0.172740 0.086370
-0.157317 0.086370
-0.112590 0.086370
-0.094082 0.086370
0.214383 0.086370
0.493544 0.086370
0.508967 0.086370
0.550610 0.086370
-0.567575 0.084828
-0.498171 0.084828
-0.482747 0.084828
-0.266822 0.084828
-0.248314 0.084828
-0.232891 0.084828
-0.178910 0.084828
-0.163486 0.084828
-0.053981 0.084828
0.223637 0.084828
0.496628 0.084828
0.512052 0.084828
0.572202 0.084828
-0.508967 0.083286
-0.493544 0.083286
-0.478121 0.083286
-0.249857 0.083286
-0.234433 0.083286
-0.219010 0.083286
-0.192791 0.083286
-0.175825 0.083286
-0.057066 0.083286
0.223637 0.083286
0.499713 0.083286
0.515136 0.083286
-0.592252 0.081743
-0.504340 0.081743
-0.488917 0.081743
-0.262195 0.081743
-0.232891 0.081743
-0.208214 0.081743
-0.057066 0.081743
0.223637 0.081743
0.499713 0.081743
0.515136 0.081743
-0.595337 0.080201
-0.505882 0.080201
-0.490459 0.080201
-0.246772 0.080201
-0.231349 0.080201
-0.183537 0.080201
0.178910 0.080201
0.492001 0.080201
0.507425 0.080201
0.567575 0.080201
-0.567575 0.078659
-0.496628 0.078659
-0.481205 0.078659
-0.239060 0.078659
-0.137267 0.078659
0.183537 0.078659
0.493544 0.078659
0.508967 0.078659
0.570660 0.078659
-0.508967 0.077116
-0.493544 0.077116
-0.478121 0.077116
-0.180452 0.077116
0.186621 0.077116
0.492001 0.077116
0.507425 0.077116
0.569118 0.077116
-0.566033 0.075574
-0.495086 0.075574
-0.479663 0.075574
-0.178910 0.075574
0.185079 0.075574
0.235976 0.075574
0.502798 0.075574
0.545983 0.075574
-0.570660 0.074032
-0.499713 0.074032
-0.484290 0.074032
-0.177367 0.074032
0.192791 0.074032
0.490459 0.074032
0.505882 0.074032
0.567575 0.074032
-0.566033 0.072489
-0.495086 0.072489
-0.479663 0.072489
-0.141894 0.072489
0.208214 0.072489
0.501255 0.072489
0.544440 0.072489
-0.570660 0.070947
-0.499713 0.070947
-0.484290 0.070947
-0.146521 0.070947
0.211298 0.070947
0.496628 0.070947
0.512052 0.070947
-0.595337 0.069405
-0.504340 0.069405
-0.488917 0.069405
-0.155775 0.069405
0.211298 0.069405
0.289957 0.069405
0.501255 0.069405
0.544440 0.069405
-0.570660 0.067862
-0.499713 0.067862
-0.484290 0.067862
-0.158859 0.067862
0.215925 0.067862
0.231349 0.067862
0.294584 0.067862
0.504340 0.067862
0.547525 0.067862
-0.569118 0.066320
-0.499713 0.066320
-0.482747 0.066320
-0.158859 0.066320
0.226722 0.066320
0.276076 0.066320
0.291499 0.066320
0.504340 0.066320
0.547525 0.066320
-0.569118 0.064778
-0.499713 0.064778
-0.482747 0.064778
-0.163486 0.064778
0.229806 0.064778
0.245230 0.064778
0.260653 0.064778
0.276076 0.064778
0.291499 0.064778
0.505882 0.064778
0.566033 0.064778
-0.567575 0.063235
-0.496628 0.063235
-0.481205 0.063235
-0.166571 0.063235
0.239060 0.063235
0.254483 0.063235
0.269907 0.063235
0.285330 0.063235
0.505882 0.063235
0.547525 0.063235
-0.569118 0.061693
-0.499713 0.061693
-0.484290 0.061693
-0.172740 0.061693
0.248314 0.061693
0.263737 0.061693
0.279161 0.061693
0.505882 0.061693
0.547525 0.061693
-0.567575 0.060151
-0.498171 0.060151
-0.482747 0.060151
-0.178910 0.060151
0.492001 0.060151
0.507425 0.060151
0.566033 0.060151
-0.566033 0.058608
-0.496628 0.058608
-0.481205 0.058608
-0.183537 0.058608
0.504340 0.058608
0.545983 0.058608
-0.567575 0.057066
-0.498171 0.057066
-0.482747 0.057066
-0.195875 0.057066
0.496628 0.057066
0.512052 0.057066
0.569118 0.057066
-0.507425 0.055524
-0.492001 0.055524
-0.214383 0.055524
-0.198960 0.055524
0.499713 0.055524
0.515136 0.055524
-0.595337 0.053981
-0.505882 0.053981
-0.490459 0.053981
-0.231349 0.053981
-0.215925 0.053981
-0.200502 0.053981
0.505882 0.053981
0.547525 0.053981
-0.566033 0.052439
-0.496628 0.052439
-0.481205 0.052439
-0.242145 0.052439
-0.226722 0.052439
-0.211298 0.052439
0.502798 0.052439
0.544440 0.052439
-0.589168 0.050897
-0.501255 0.050897
-0.485832 0.050897
-0.242145 0.050897
-0.226722 0.050897
0.498171 0.050897
0.513594 0.050897
-0.589168 0.049354
-0.502798 0.049354
-0.487374 0.049354
0.498171 0.049354
0.513594 0.049354
-0.589168 0.047812
-0.499713 0.047812
-0.484290 0.047812
0.501255 0.047812
0.545983 0.047812
-0.566033 0.046270
-0.496628 0.046270
-0.481205 0.046270
0.504340 0.046270
0.564491 0.046270
-0.508967 0.044727
-0.493544 0.044727
0.496628 0.044727
0.512052 0.044727
-0.590710 0.043185
-0.501255 0.043185
-0.485832 0.043185
0.502798 0.043185
0.547525 0.043185
-0.566033 0.041643
-0.496628 0.041643
0.495086 0.041643
0.510509 0.041643
-0.592252 0.040100
-0.504340 0.040100
-0.488917 0.040100
0.502798 0.040100
0.547525 0.040100
-0.566033 0.038558
-0.496628 0.038558
0.495086 0.038558
0.510509 0.038558
-0.592252 0.037016
-0.504340 0.037016
-0.488917 0.037016
0.501255 0.037016
0.545983 0.037016
-0.567575 0.035473
-0.498171 0.035473
-0.482747 0.035473
0.507425 0.035473
0.566033 0.035473
-0.507425 0.033931
-0.492001 0.033931
0.498171 0.033931
0.513594 0.033931
-0.586083 0.032389
-0.496628 0.032389
-0.481205 0.032389
0.508967 0.032389
-0.589168 0.030846
-0.498171 0.030846
-0.482747 0.030846
0.507425 0.030846
-0.590710 0.029304
-0.499713 0.029304
-0.484290 0.029304
0.507425 0.029304
-0.590710 0.027762
-0.502798 0.027762
-0.485832 0.027762
0.505882 0.027762
0.566033 0.027762
-0.504340 0.026220
-0.488917 0.026220
0.499713 0.026220
0.515136 0.026220
-0.564491 0.024677
-0.496628 0.024677
-0.481205 0.024677
0.507425 0.024677
-0.589168 0.023135
-0.504340 0.023135
-0.488917 0.023135
0.501255 0.023135
0.547525 0.023135
-0.564491 0.021593
-0.496628 0.021593
-0.481205 0.021593
0.508967 0.021593
0.566033 0.021593
-0.504340 0.020050
-0.488917 0.020050
0.501255 0.020050
0.516679 0.020050
-0.566033 0.018508
-0.496628 0.018508
-0.481205 0.018508
0.508967 0.018508
0.566033 0.018508
-0.505882 0.016966
-0.490459 0.016966
0.498171 0.016966
0.513594 0.016966
-0.587626 0.015423
-0.502798 0.015423
-0.487374 0.015423
0.502798 0.015423
0.518221 0.015423
-0.564491 0.013881
-0.496628 0.013881
-0.481205 0.013881
0.505882 0.013881
0.549067 0.013881
-0.561406 0.012339
-0.492001 0.012339
0.498171 0.012339
0.513594 0.012339
-0.587626 0.010796
-0.501255 0.010796
-0.484290 0.010796
0.504340 0.010796
0.545983 0.010796
-0.564491 0.009254
-0.495086 0.009254
-0.092539 0.009254
0.510509 0.009254
0.564491 0.009254
-0.504340 0.007712
-0.488917 0.007712
0.502798 0.007712
0.518221 0.007712
-0.582999 0.006169
-0.496628 0.006169
-0.481205 0.006169
0.510509 0.006169
0.566033 0.006169
-0.502798 0.004627
-0.487374 0.004627
0.505882 0.004627
0.547525 0.004627
-0.505882 0.003085
-0.490459 0.003085
0.502798 0.003085
0.518221 0.003085
-0.562948 0.001542
-0.492001 0.001542
0.499713 0.001542
0.515136 0.001542
-0.584541 0.000000
-0.496628 0.000000
-0.481205 0.000000
0.510509 0.000000
0.564491 0.000000
-0.502798 -0.001542
-0.487374 -0.001542
0.505882 -0.001542
0.545983 -0.001542
-0.562948 -0.003085
-0.492001 -0.003085
0.501255 -0.003085
0.516679 -0.003085
-0.584541 -0.004627
-0.496628 -0.004627
-0.481205 -0.004627
0.512052 -0.004627
0.564491 -0.004627
-0.502798 -0.006169
-0.487374 -0.006169
0.505882 -0.006169
0.544440 -0.006169
-0.562948 -0.007712
-0.492001 -0.007712
0.501255 -0.007712
0.516679 -0.007712
-0.584541 -0.009254
-0.495086 -0.009254
0.493544 -0.009254
0.512052 -0.009254
0.564491 -0.009254
-0.502798 -0.010796
-0.487374 -0.010796
0.502798 -0.010796
0.518221 -0.010796
-0.586083 -0.012339
-0.499713 -0.012339
-0.484290 -0.012339
0.505882 -0.012339
0.521306 -0.012339
-0.582999 -0.013881
-0.496628 -0.013881
-0.481205 -0.013881
0.508967 -0.013881
0.544440 -0.013881
-0.559864 -0.015423
-0.492001 -0.015423
0.499713 -0.015423
0.515136 -0.015423
-0.584541 -0.016966
-0.499713 -0.016966
-0.484290 -0.016966
0.507425 -0.016966
0.544440 -0.016966
-0.504340 -0.018508
-0.488917 -0.018508
0.502798 -0.018508
0.541356 -0.018508
-0.579914 -0.020050
-0.493544 -0.020050
0.499713 -0.020050
0.515136 -0.020050
-0.582999 -0.021593
-0.496628 -0.021593
-0.481205 -0.021593
0.512052 -0.021593
0.569118 -0.021593
-0.499713 -0.023135
-0.484290 -0.023135
0.508967 -0.023135
0.567575 -0.023135
-0.502798 -0.024677
-0.487374 -0.024677
0.505882 -0.024677
0.541356 -0.024677
-0.558321 -0.026220
-0.492001 -0.026220
0.502798 -0.026220
0.538271 -0.026220
-0.579914 -0.027762
-0.496628 -0.027762
-0.481205 -0.027762
0.512052 -0.027762
0.567575 -0.027762
-0.504340 -0.029304
-0.487374 -0.029304
0.505882 -0.029304
0.536729 -0.029304
-0.579914 -0.030846
-0.498171 -0.030846
-0.482747 -0.030846
0.510509 -0.030846
0.564491 -0.030846
-0.556779 -0.032389
-0.495086 -0.032389
0.499713 -0.032389
0.518221 -0.032389
0.569118 -0.032389
-0.505882 -0.033931
-0.488917 -0.033931
0.505882 -0.033931
0.536729 -0.033931
-0.556779 -0.035473
-0.488917 -0.035473
0.502798 -0.035473
0.533644 -0.035473
-0.558321 -0.037016
-0.493544 -0.037016
0.496628 -0.037016
0.512052 -0.037016
0.569118 -0.037016
-0.505882 -0.038558
-0.488917 -0.038558
0.501255 -0.038558
0.516679 -0.038558
-0.582999 -0.040100
-0.502798 -0.040100
-0.487374 -0.040100
0.504340 -0.040100
0.524390 -0.040100
-0.581456 -0.041643
-0.501255 -0.041643
-0.484290 -0.041643
0.505882 -0.041643
0.525933 -0.041643
-0.558321 -0.043185
-0.501255 -0.043185
-0.484290 -0.043185
0.507425 -0.043185
0.530560 -0.043185
-0.555237 -0.044727
-0.499713 -0.044727
-0.484290 -0.044727
0.507425 -0.044727
0.530560 -0.044727
-0.555237 -0.046270
-0.499713 -0.046270
-0.484290 -0.046270
0.505882 -0.046270
0.524390 -0.046270
-0.556779 -0.047812
-0.501255 -0.047812
-0.485832 -0.047812
0.507425 -0.047812
0.525933 -0.047812
-0.556779 -0.049354
-0.501255 -0.049354
-0.485832 -0.049354
0.507425 -0.049354
0.527475 -0.049354
-0.555237 -0.050897
-0.496628 -0.050897
-0.481205 -0.050897
0.512052 -0.050897
0.564491 -0.050897
-0.553694 -0.052439
-0.501255 -0.052439
-0.482747 -0.052439
0.507425 -0.052439
0.564491 -0.052439
-0.552152 -0.053981
-0.495086 -0.053981
-0.478121 -0.053981
0.508967 -0.053981
0.564491 -0.053981
-0.552152 -0.055524
-0.495086 -0.055524
-0.479663 -0.055524
0.504340 -0.055524
0.521306 -0.055524
-0.579914 -0.057066
-0.502798 -0.057066
-0.487374 -0.057066
0.495086 -0.057066
0.512052 -0.057066
0.564491 -0.057066
-0.550610 -0.058608
-0.495086 -0.058608
-0.479663 -0.058608
0.504340 -0.058608
0.519763 -0.058608
-0.581456 -0.060151
-0.504340 -0.060151
-0.488917 -0.060151
0.492001 -0.060151
0.507425 -0.060151
0.524390 -0.060151
-0.578372 -0.061693
-0.501255 -0.061693
-0.485832 -0.061693
0.495086 -0.061693
0.510509 -0.061693
0.527475 -0.061693
-0.550610 -0.063235
-0.495086 -0.063235
-0.479663 -0.063235
0.504340 -0.063235
0.521306 -0.063235
0.567575 -0.063235
-0.512052 -0.064778
-0.490459 -0.064778
0.146521 -0.064778
0.508967 -0.064778
0.524390 -0.064778
-0.579914 -0.066320
-0.502798 -0.066320
-0.487374 -0.066320
0.496628 -0.066320
0.513594 -0.066320
0.529017 -0.066320
-0.550610 -0.067862
-0.495086 -0.067862
-0.479663 -0.067862
0.507425 -0.067862
0.522848 -0.067862
-0.581456 -0.069405
-0.505882 -0.069405
-0.487374 -0.069405
0.498171 -0.069405
0.515136 -0.069405
0.532102 -0.069405
-0.547525 -0.070947
-0.493544 -0.070947
-0.475036 -0.070947
0.504340 -0.070947
0.522848 -0.070947
-0.581456 -0.072489
-0.507425 -0.072489
-0.485832 -0.072489
0.496628 -0.072489
0.512052 -0.072489
0.564491 -0.072489
-0.542898 -0.074032
-0.487374 -0.074032
0.496628 -0.074032
0.512052 -0.074032
0.564491 -0.074032
-0.518221 -0.075574
-0.485832 -0.075574
0.498171 -0.075574
0.513594 -0.075574
-0.579914 -0.077116
-0.496628 -0.077116
-0.481205 -0.077116
0.499713 -0.077116
0.515136 -0.077116
-0.578372 -0.078659
-0.495086 -0.078659
-0.479663 -0.078659
0.501255 -0.078659
0.518221 -0.078659
-0.576829 -0.080201
-0.493544 -0.080201
-0.478121 -0.080201
0.501255 -0.080201
0.519763 -0.080201
-0.576829 -0.081743
-0.492001 -0.081743
-0.476578 -0.081743
0.502798 -0.081743
0.519763 -0.081743
-0.575287 -0.083286
-0.492001 -0.083286
-0.476578 -0.083286
0.502798 -0.083286
0.519763 -0.083286
-0.576829 -0.084828
-0.490459 -0.084828
-0.475036 -0.084828
0.505882 -0.084828
0.522848 -0.084828
-0.535187 -0.086370
-0.485832 -0.086370
0.496628 -0.086370
0.513594 -0.086370
0.564491 -0.086370
-0.495086 -0.087912
-0.479663 -0.087912
0.499713 -0.087912
0.515136 -0.087912
-0.578372 -0.089455
-0.493544 -0.089455
-0.478121 -0.089455
0.499713 -0.089455
0.515136 -0.089455
-0.576829 -0.090997
-0.493544 -0.090997
-0.478121 -0.090997
-0.053981 -0.090997
0.505882 -0.090997
0.559864 -0.090997
-0.495086 -0.092539
-0.479663 -0.092539
-0.058608 -0.092539
0.077116 -0.092539
0.092539 -0.092539
0.505882 -0.092539
0.559864 -0.092539
-0.495086 -0.094082
-0.479663 -0.094082
-0.064778 -0.094082
-0.049354 -0.094082
0.078659 -0.094082
0.094082 -0.094082
0.501255 -0.094082
0.519763 -0.094082
-0.575287 -0.095624
-0.488917 -0.095624
-0.473494 -0.095624
-0.060151 -0.095624
-0.044727 -0.095624
0.077116 -0.095624
0.092539 -0.095624
0.496628 -0.095624
0.512052 -0.095624
0.559864 -0.095624
-0.495086 -0.097166
-0.479663 -0.097166
-0.067862 -0.097166
-0.052439 -0.097166
0.064778 -0.097166
0.080201 -0.097166
0.095624 -0.097166
0.496628 -0.097166
0.513594 -0.097166
0.559864 -0.097166
-0.498171 -0.098709
-0.482747 -0.098709
-0.074032 -0.098709
-0.058608 -0.098709
-0.043185 -0.098709
0.067862 -0.098709
0.083286 -0.098709
0.098709 -0.098709
0.501255 -0.098709
0.516679 -0.098709
-0.575287 -0.100251
-0.493544 -0.100251
-0.478121 -0.100251
-0.074032 -0.100251
-0.058608 -0.100251
-0.043185 -0.100251
0.064778 -0.100251
0.080201 -0.100251
0.095624 -0.100251
0.495086 -0.100251
0.513594 -0.100251
-0.575287 -0.101793
-0.493544 -0.101793
-0.478121 -0.101793
-0.074032 -0.101793
-0.058608 -0.101793
-0.043185 -0.101793
0.061693 -0.101793
0.077116 -0.101793
0.092539 -0.101793
0.492001 -0.101793
0.508967 -0.101793
0.559864 -0.101793
-0.498171 -0.103336
-0.482747 -0.103336
-0.118759 -0.103336
-0.063235 -0.103336
-0.047812 -0.103336
-0.032389 -0.103336
0.067862 -0.103336
0.083286 -0.103336
0.098709 -0.103336
0.496628 -0.103336
0.512052 -0.103336
-0.575287 -0.104878
-0.496628 -0.104878
-0.481205 -0.104878
-0.077116 -0.104878
-0.061693 -0.104878
-0.046270 -0.104878
-0.030846 -0.104878
0.066320 -0.104878
0.081743 -0.104878
0.097166 -0.104878
0.496628 -0.104878
0.512052 -0.104878
0.559864 -0.104878
-0.499713 -0.106420
-0.484290 -0.106420
-0.467324 -0.106420
-0.070947 -0.106420
-0.055524 -0.106420
-0.040100 -0.106420
0.053981 -0.106420
0.069405 -0.106420
0.084828 -0.106420
0.100251 -0.106420
0.498171 -0.106420
0.513594 -0.106420
0.559864 -0.106420
-0.499713 -0.107963
-0.481205 -0.107963
-0.462697 -0.107963
-0.072489 -0.107963
-0.057066 -0.107963
-0.041643 -0.107963
-0.026220 -0.107963
0.064778 -0.107963
0.080201 -0.107963
0.095624 -0.107963
0.493544 -0.107963
0.508967 -0.107963
0.556779 -0.107963
-0.504340 -0.109505
-0.485832 -0.109505
-0.470409 -0.109505
-0.074032 -0.109505
-0.058608 -0.109505
-0.043185 -0.109505
-0.027762 -0.109505
0.060151 -0.109505
0.075574 -0.109505
0.090997 -0.109505
0.482747 -0.109505
0.504340 -0.109505
0.524390 -0.109505
-0.505882 -0.111047
-0.490459 -0.111047
-0.475036 -0.111047
-0.077116 -0.111047
-0.061693 -0.111047
-0.046270 -0.111047
-0.030846 -0.111047
0.053981 -0.111047
0.069405 -0.111047
0.084828 -0.111047
0.100251 -0.111047
0.498171 -0.111047
0.513594 -0.111047
0.559864 -0.111047
-0.498171 -0.112590
-0.482747 -0.112590
-0.118759 -0.112590
-0.067862 -0.112590
-0.052439 -0.112590
-0.037016 -0.112590
-0.020050 -0.112590
0.060151 -0.112590
0.075574 -0.112590
0.090997 -0.112590
0.482747 -0.112590
0.502798 -0.112590
0.522848 -0.112590
-0.569118 -0.114132
-0.492001 -0.114132
-0.476578 -0.114132
-0.115674 -0.114132
-0.066320 -0.114132
-0.050897 -0.114132
-0.035473 -0.114132
0.046270 -0.114132
0.064778 -0.114132
0.080201 -0.114132
0.095624 -0.114132
0.490459 -0.114132
0.505882 -0.114132
0.527475 -0.114132
-0.504340 -0.115674
-0.485832 -0.115674
-0.468867 -0.115674
-0.075574 -0.115674
-0.058608 -0.115674
-0.041643 -0.115674
-0.016966 -0.115674
0.063235 -0.115674
0.078659 -0.115674
0.100251 -0.115674
0.496628 -0.115674
0.512052 -0.115674
0.555237 -0.115674
-0.499713 -0.117217
-0.481205 -0.117217
-0.117217 -0.117217
-0.069405 -0.117217
-0.016966 -0.117217
0.053981 -0.117217
0.097166 -0.117217
0.496628 -0.117217
0.512052 -0.117217
0.555237 -0.117217
-0.499713 -0.118759
-0.479663 -0.118759
-0.117217 -0.118759
-0.069405 -0.118759
0.043185 -0.118759
0.146521 -0.118759
0.501255 -0.118759
0.518221 -0.118759
-0.504340 -0.120301
-0.482747 -0.120301
-0.464240 -0.120301
-0.069405 -0.120301
0.043185 -0.120301
0.488917 -0.120301
0.504340 -0.120301
0.552152 -0.120301
-0.502798 -0.121844
-0.481205 -0.121844
-0.462697 -0.121844
-0.069405 -0.121844
0.044727 -0.121844
0.488917 -0.121844
0.504340 -0.121844
0.521306 -0.121844
-0.504340 -0.123386
-0.484290 -0.123386
-0.468867 -0.123386
-0.010796 -0.123386
0.047812 -0.123386
0.492001 -0.123386
0.507425 -0.123386
0.552152 -0.123386
-0.499713 -0.124928
-0.481205 -0.124928
-0.454986 -0.124928
-0.007712 -0.124928
0.007712 -0.124928
0.046270 -0.124928
0.488917 -0.124928
0.504340 -0.124928
0.521306 -0.124928
-0.504340 -0.126471
-0.485832 -0.126471
-0.470409 -0.126471
-0.010796 -0.126471
0.004627 -0.126471
0.020050 -0.126471
0.044727 -0.126471
0.479663 -0.126471
0.498171 -0.126471
0.515136 -0.126471
-0.564491 -0.128013
-0.490459 -0.128013
-0.475036 -0.128013
-0.107963 -0.128013
-0.004627 -0.128013
0.010796 -0.128013
0.026220 -0.128013
0.041643 -0.128013
0.141894 -0.128013
0.495086 -0.128013
0.510509 -0.128013
-0.566033 -0.129555
-0.492001 -0.129555
-0.476578 -0.129555
-0.109505 -0.129555
-0.010796 -0.129555
0.004627 -0.129555
0.020050 -0.129555
0.035473 -0.129555
0.135725 -0.129555
0.488917 -0.129555
0.504340 -0.129555
0.545983 -0.129555
-0.502798 -0.131098
-0.484290 -0.131098
-0.465782 -0.131098
-0.063235 -0.131098
-0.009254 -0.131098
0.006169 -0.131098
0.021593 -0.131098
0.037016 -0.131098
0.137267 -0.131098
0.493544 -0.131098
0.508967 -0.131098
0.550610 -0.131098
-0.498171 -0.132640
-0.479663 -0.132640
-0.442647 -0.132640
-0.058608 -0.132640
-0.003085 -0.132640
0.012339 -0.132640
0.027762 -0.132640
0.043185 -0.132640
0.482747 -0.132640
0.498171 -0.132640
0.515136 -0.132640
-0.564491 -0.134182
-0.488917 -0.134182
-0.473494 -0.134182
-0.103336 -0.134182
-0.057066 -0.134182
0.001542 -0.134182
0.016966 -0.134182
0.032389 -0.134182
0.094082 -0.134182
0.131098 -0.134182
0.492001 -0.134182
0.508967 -0.134182
0.547525 -0.134182
-0.495086 -0.135725
-0.475036 -0.135725
-0.103336 -0.135725
-0.063235 -0.135725
0.000000 -0.135725
0.015423 -0.135725
0.030846 -0.135725
0.092539 -0.135725
0.107963 -0.135725
0.128013 -0.135725
0.490459 -0.135725
0.510509 -0.135725
0.547525 -0.135725
-0.490459 -0.137267
-0.473494 -0.137267
-0.097166 -0.137267
-0.066320 -0.137267
0.001542 -0.137267
0.016966 -0.137267
0.032389 -0.137267
0.098709 -0.137267
0.114132 -0.137267
0.129555 -0.137267
0.495086 -0.137267
0.516679 -0.137267
-0.564491 -0.138809
-0.495086 -0.138809
-0.476578 -0.138809
-0.097166 -0.138809
-0.077116 -0.138809
-0.061693 -0.138809
0.094082 -0.138809
0.109505 -0.138809
0.124928 -0.138809
0.493544 -0.138809
0.512052 -0.138809
0.542898 -0.138809
-0.498171 -0.140352
-0.481205 -0.140352
-0.465782 -0.140352
-0.083286 -0.140352
-0.067862 -0.140352
0.092539 -0.140352
0.107963 -0.140352
0.123386 -0.140352
0.495086 -0.140352
0.513594 -0.140352
0.542898 -0.140352
-0.501255 -0.141894
-0.485832 -0.141894
-0.470409 -0.141894
-0.087912 -0.141894
-0.072489 -0.141894
0.090997 -0.141894
0.106420 -0.141894
0.121844 -0.141894
0.496628 -0.141894
0.515136 -0.141894
0.542898 -0.141894
-0.499713 -0.143436
-0.484290 -0.143436
-0.468867 -0.143436
-0.080201 -0.143436
-0.064778 -0.143436
0.109505 -0.143436
0.485832 -0.143436
0.501255 -0.143436
0.516679 -0.143436
-0.561406 -0.144978
-0.493544 -0.144978
-0.478121 -0.144978
-0.459613 -0.144978
0.479663 -0.144978
0.496628 -0.144978
0.512052 -0.144978
0.539813 -0.144978
-0.496628 -0.146521
-0.479663 -0.146521
-0.459613 -0.146521
0.487374 -0.146521
0.502798 -0.146521
0.518221 -0.146521
-0.555237 -0.148063
-0.490459 -0.148063
-0.473494 -0.148063
-0.030846 -0.148063
0.487374 -0.148063
0.502798 -0.148063
0.518221 -0.148063
-0.555237 -0.149605
-0.487374 -0.149605
-0.471951 -0.149605
-0.033931 -0.149605
0.490459 -0.149605
0.507425 -0.149605
0.533644 -0.149605
-0.502798 -0.151148
-0.485832 -0.151148
-0.470409 -0.151148
0.468867 -0.151148
0.498171 -0.151148
0.515136 -0.151148
-0.558321 -0.152690
-0.496628 -0.152690
-0.479663 -0.152690
-0.461155 -0.152690
0.484290 -0.152690
0.499713 -0.152690
0.516679 -0.152690
-0.555237 -0.154232
-0.492001 -0.154232
-0.476578 -0.154232
-0.459613 -0.154232
-0.023135 -0.154232
0.495086 -0.154232
0.513594 -0.154232
0.533644 -0.154232
-0.496628 -0.155775
-0.481205 -0.155775
-0.462697 -0.155775
-0.032389 -0.155775
0.490459 -0.155775
0.505882 -0.155775
0.521306 -0.155775
-0.550610 -0.157317
-0.492001 -0.157317
-0.476578 -0.157317
-0.461155 -0.157317
-0.032389 -0.157317
0.490459 -0.157317
0.507425 -0.157317
0.524390 -0.157317
-0.505882 -0.158859
-0.488917 -0.158859
-0.473494 -0.158859
-0.453443 -0.158859
-0.040100 -0.158859
0.482747 -0.158859
0.498171 -0.158859
0.515136 -0.158859
-0.553694 -0.160402
-0.499713 -0.160402
-0.484290 -0.160402
-0.465782 -0.160402
-0.441105 -0.160402
-0.020050 -0.160402
0.490459 -0.160402
0.505882 -0.160402
0.521306 -0.160402
-0.507425 -0.161944
-0.487374 -0.161944
-0.467324 -0.161944
-0.442647 -0.161944
-0.032389 -0.161944
0.484290 -0.161944
0.499713 -0.161944
0.515136 -0.161944
-0.545983 -0.163486
-0.493544 -0.163486
-0.473494 -0.163486
-0.453443 -0.163486
-0.041643 -0.163486
0.077116 -0.163486
0.487374 -0.163486
0.502798 -0.163486
0.518221 -0.163486
-0.508967 -0.165029
-0.482747 -0.165029
-0.467324 -0.165029
-0.444189 -0.165029
-0.023135 -0.165029
0.080201 -0.165029
0.488917 -0.165029
0.504340 -0.165029
0.519763 -0.165029
-0.496628 -0.166571
-0.478121 -0.166571
-0.462697 -0.166571
-0.038558 -0.166571
0.069405 -0.166571
0.476578 -0.166571
0.495086 -0.166571
0.510509 -0.166571
-0.541356 -0.168113
-0.484290 -0.168113
-0.468867 -0.168113
-0.448816 -0.168113
0.055524 -0.168113
0.080201 -0.168113
0.487374 -0.168113
0.502798 -0.168113
0.519763 -0.168113
-0.490459 -0.169656
-0.475036 -0.169656
-0.459613 -0.169656
-0.053981 -0.169656
0.070947 -0.169656
0.478121 -0.169656
0.496628 -0.169656
0.513594 -0.169656
-0.535187 -0.171198
-0.484290 -0.171198
-0.468867 -0.171198
-0.450359 -0.171198
-0.050897 -0.171198
0.060151 -0.171198
0.080201 -0.171198
0.484290 -0.171198
0.499713 -0.171198
0.515136 -0.171198
-0.532102 -0.172740
-0.484290 -0.172740
-0.468867 -0.172740
-0.450359 -0.172740
-0.052439 -0.172740
0.061693 -0.172740
0.078659 -0.172740
0.479663 -0.172740
0.496628 -0.172740
0.512052 -0.172740
-0.533644 -0.174283
-0.488917 -0.174283
-0.473494 -0.174283
-0.458070 -0.174283
-0.060151 -0.174283
0.029304 -0.174283
0.070947 -0.174283
0.104878 -0.174283
0.492001 -0.174283
0.512052 -0.174283
-0.530560 -0.175825
-0.484290 -0.175825
-0.468867 -0.175825
-0.448816 -0.175825
-0.046270 -0.175825
0.070947 -0.175825
0.471951 -0.175825
0.490459 -0.175825
0.512052 -0.175825
-0.529017 -0.177367
-0.487374 -0.177367
-0.471951 -0.177367
-0.453443 -0.177367
-0.057066 -0.177367
0.067862 -0.177367
0.083286 -0.177367
0.482747 -0.177367
0.498171 -0.177367
0.516679 -0.177367
-0.505882 -0.178910
-0.485832 -0.178910
-0.470409 -0.178910
-0.450359 -0.178910
-0.046270 -0.178910
0.064778 -0.178910
0.081743 -0.178910
0.473494 -0.178910
0.492001 -0.178910
0.507425 -0.178910
-0.529017 -0.180452
-0.493544 -0.180452
-0.476578 -0.180452
-0.461155 -0.180452
-0.061693 -0.180452
-0.033931 -0.180452
0.066320 -0.180452
0.094082 -0.180452
0.481205 -0.180452
0.496628 -0.180452
0.513594 -0.180452
-0.521306 -0.181994
-0.485832 -0.181994
-0.470409 -0.181994
-0.451901 -0.181994
-0.047812 -0.181994
0.052439 -0.181994
0.083286 -0.181994
0.470409 -0.181994
0.488917 -0.181994
0.504340 -0.181994
-0.524390 -0.183537
-0.493544 -0.183537
-0.476578 -0.183537
-0.456528 -0.183537
-0.058608 -0.183537
-0.037016 -0.183537
0.064778 -0.183537
0.087912 -0.183537
0.467324 -0.183537
0.487374 -0.183537
0.502798 -0.183537
-0.522848 -0.185079
-0.495086 -0.185079
-0.479663 -0.185079
-0.464240 -0.185079
-0.421055 -0.185079
-0.047812 -0.185079
-0.024677 -0.185079
0.070947 -0.185079
0.090997 -0.185079
0.471951 -0.185079
0.490459 -0.185079
0.505882 -0.185079
-0.518221 -0.186621
-0.490459 -0.186621
-0.475036 -0.186621
-0.456528 -0.186621
-0.061693 -0.186621
-0.043185 -0.186621
-0.024677 -0.186621
0.069405 -0.186621
0.089455 -0.186621
0.109505 -0.186621
0.478121 -0.186621
0.493544 -0.186621
0.508967 -0.186621
-0.512052 -0.188164
-0.492001 -0.188164
-0.476578 -0.188164
-0.456528 -0.188164
-0.077116 -0.188164
-0.047812 -0.188164
-0.032389 -0.188164
0.057066 -0.188164
0.074032 -0.188164
0.092539 -0.188164
0.413343 -0.188164
0.482747 -0.188164
0.499713 -0.188164
0.515136 -0.188164
-0.498171 -0.189706
-0.482747 -0.189706
-0.465782 -0.189706
-0.448816 -0.189706
-0.064778 -0.189706
-0.044727 -0.189706
-0.026220 -0.189706
0.064778 -0.189706
0.083286 -0.189706
0.100251 -0.189706
0.478121 -0.189706
0.493544 -0.189706
0.510509 -0.189706
-0.505882 -0.191248
-0.488917 -0.191248
-0.473494 -0.191248
-0.453443 -0.191248
-0.078659 -0.191248
-0.052439 -0.191248
-0.029304 -0.191248
0.066320 -0.191248
0.081743 -0.191248
0.097166 -0.191248
0.478121 -0.191248
0.493544 -0.191248
0.508967 -0.191248
-0.504340 -0.192791
-0.488917 -0.192791
-0.473494 -0.192791
-0.456528 -0.192791
-0.075574 -0.192791
-0.053981 -0.192791
-0.029304 -0.192791
0.001542 -0.192791
0.067862 -0.192791
0.084828 -0.192791
0.104878 -0.192791
0.479663 -0.192791
0.495086 -0.192791
0.510509 -0.192791
-0.499713 -0.194333
-0.484290 -0.194333
-0.467324 -0.194333
-0.448816 -0.194333
-0.063235 -0.194333
-0.047812 -0.194333
-0.010796 -0.194333
0.041643 -0.194333
0.074032 -0.194333
0.090997 -0.194333
0.111047 -0.194333
0.481205 -0.194333
0.498171 -0.194333
0.513594 -0.194333
-0.493544 -0.195875
-0.478121 -0.195875
-0.461155 -0.195875
-0.445732 -0.195875
-0.064778 -0.195875
-0.049354 -0.195875
-0.015423 -0.195875
0.035473 -0.195875
0.069405 -0.195875
0.092539 -0.195875
0.112590 -0.195875
0.481205 -0.195875
0.499713 -0.195875
-0.501255 -0.197417
-0.485832 -0.197417
-0.468867 -0.197417
-0.451901 -0.197417
-0.077116 -0.197417
-0.058608 -0.197417
-0.038558 -0.197417
-0.004627 -0.197417
0.063235 -0.197417
0.081743 -0.197417
0.098709 -0.197417
0.456528 -0.197417
0.479663 -0.197417
0.496628 -0.197417
0.512052 -0.197417
-0.490459 -0.198960
-0.471951 -0.198960
-0.454986 -0.198960
-0.087912 -0.198960
-0.064778 -0.198960
-0.049354 -0.198960
-0.007712 -0.198960
0.063235 -0.198960
0.081743 -0.198960
0.098709 -0.198960
0.115674 -0.198960
0.473494 -0.198960
0.490459 -0.198960
0.505882 -0.198960
-0.496628 -0.200502
-0.481205 -0.200502
-0.464240 -0.200502
-0.447274 -0.200502
-0.077116 -0.200502
-0.060151 -0.200502
-0.040100 -0.200502
0.060151 -0.200502
0.081743 -0.200502
0.097166 -0.200502
0.114132 -0.200502
0.467324 -0.200502
0.484290 -0.200502
0.499713 -0.200502
0.515136 -0.200502
-0.487374 -0.202044
-0.471951 -0.202044
-0.456528 -0.202044
-0.438020 -0.202044
-0.064778 -0.202044
-0.049354 -0.202044
0.035473 -0.202044
0.064778 -0.202044
0.084828 -0.202044
0.100251 -0.202044
0.117217 -0.202044
0.467324 -0.202044
0.482747 -0.202044
0.498171 -0.202044
0.513594 -0.202044
-0.490459 -0.203587
-0.475036 -0.203587
-0.459613 -0.203587
-0.444189 -0.203587
-0.072489 -0.203587
-0.055524 -0.203587
-0.029304 -0.203587
0.044727 -0.203587
0.072489 -0.203587
0.092539 -0.203587
0.111047 -0.203587
0.427224 -0.203587
0.475036 -0.203587
0.492001 -0.203587
0.508967 -0.203587
-0.492001 -0.205129
-0.473494 -0.205129
-0.458070 -0.205129
-0.442647 -0.205129
-0.074032 -0.205129
-0.058608 -0.205129
-0.033931 -0.205129
0.040100 -0.205129
0.064778 -0.205129
0.084828 -0.205129
0.103336 -0.205129
0.120301 -0.205129
0.462697 -0.205129
0.479663 -0.205129
0.496628 -0.205129
0.512052 -0.205129
-0.487374 -0.206671
-0.468867 -0.206671
-0.453443 -0.206671
-0.438020 -0.206671
-0.072489 -0.206671
-0.055524 -0.206671
-0.033931 -0.206671
0.044727 -0.206671
0.066320 -0.206671
0.086370 -0.206671
0.103336 -0.206671
0.121844 -0.206671
0.431851 -0.206671
0.473494 -0.206671
0.488917 -0.206671
0.505882 -0.206671
-0.492001 -0.208214
-0.475036 -0.208214
-0.459613 -0.208214
-0.444189 -0.208214
-0.084828 -0.208214
-0.064778 -0.208214
-0.049354 -0.208214
-0.027762 -0.208214
0.050897 -0.208214
0.070947 -0.208214
0.090997 -0.208214
0.107963 -0.208214
0.128013 -0.208214
0.471951 -0.208214
0.488917 -0.208214
0.504340 -0.208214
-0.492001 -0.209756
-0.476578 -0.209756
-0.461155 -0.209756
-0.445732 -0.209756
-0.089455 -0.209756
-0.074032 -0.209756
-0.055524 -0.209756
-0.038558 -0.209756
0.046270 -0.209756
0.066320 -0.209756
0.087912 -0.209756
0.104878 -0.209756
0.121844 -0.209756
0.465782 -0.209756
0.482747 -0.209756
0.498171 -0.209756
0.513594 -0.209756
-0.482747 -0.211298
-0.467324 -0.211298
-0.451901 -0.211298
-0.094082 -0.211298
-0.077116 -0.211298
-0.060151 -0.211298
-0.044727 -0.211298
-0.026220 -0.211298
0.049354 -0.211298
0.069405 -0.211298
0.089455 -0.211298
0.107963 -0.211298
0.124928 -0.211298
0.471951 -0.211298
0.490459 -0.211298
0.505882 -0.211298
-0.490459 -0.212841
-0.473494 -0.212841
-0.458070 -0.212841
-0.441105 -0.212841
-0.086370 -0.212841
-0.069405 -0.212841
-0.052439 -0.212841
-0.035473 -0.212841
0.035473 -0.212841
0.067862 -0.212841
0.087912 -0.212841
0.106420 -0.212841
0.121844 -0.212841
0.468867 -0.212841
0.485832 -0.212841
0.504340 -0.212841
-0.492001 -0.214383
-0.475036 -0.214383
-0.459613 -0.214383
-0.444189 -0.214383
-0.092539 -0.214383
-0.075574 -0.214383
-0.055524 -0.214383
-0.037016 -0.214383
-0.015423 -0.214383
0.060151 -0.214383
0.078659 -0.214383
0.094082 -0.214383
0.114132 -0.214383
0.129555 -0.214383
0.471951 -0.214383
0.487374 -0.214383
0.505882 -0.214383
-0.492001 -0.215925
-0.471951 -0.215925
-0.454986 -0.215925
-0.439562 -0.215925
-0.090997 -0.215925
-0.075574 -0.215925
-0.058608 -0.215925
-0.043185 -0.215925
-0.023135 -0.215925
0.040100 -0.215925
0.067862 -0.215925
0.086370 -0.215925
0.106420 -0.215925
0.121844 -0.215925
0.421055 -0.215925
0.475036 -0.215925
0.490459 -0.215925
0.508967 -0.215925
-0.488917 -0.217468
-0.470409 -0.217468
-0.453443 -0.217468
-0.438020 -0.217468
-0.092539 -0.217468
-0.077116 -0.217468
-0.061693 -0.217468
-0.046270 -0.217468
-0.029304 -0.217468
0.038558 -0.217468
0.060151 -0.217468
0.078659 -0.217468
0.094082 -0.217468
0.114132 -0.217468
0.129555 -0.217468
0.464240 -0.217468
0.479663 -0.217468
0.495086 -0.217468
0.510509 -0.217468
-0.485832 -0.219010
-0.465782 -0.219010
-0.448816 -0.219010
-0.433393 -0.219010
-0.087912 -0.219010
-0.072489 -0.219010
-0.057066 -0.219010
-0.040100 -0.219010
-0.020050 -0.219010
0.038558 -0.219010
0.060151 -0.219010
0.080201 -0.219010
0.095624 -0.219010
0.115674 -0.219010
0.131098 -0.219010
0.427224 -0.219010
0.475036 -0.219010
0.490459 -0.219010
0.505882 -0.219010
-0.492001 -0.220552
-0.473494 -0.220552
-0.458070 -0.220552
-0.441105 -0.220552
-0.101793 -0.220552
-0.081743 -0.220552
-0.066320 -0.220552
-0.049354 -0.220552
-0.032389 -0.220552
0.004627 -0.220552
0.047812 -0.220552
0.080201 -0.220552
0.095624 -0.220552
0.114132 -0.220552
0.129555 -0.220552
0.158859 -0.220552
0.467324 -0.220552
0.482747 -0.220552
0.498171 -0.220552
0.515136 -0.220552
-0.481205 -0.222095
-0.465782 -0.222095
-0.448816 -0.222095
-0.112590 -0.222095
-0.087912 -0.222095
-0.070947 -0.222095
-0.055524 -0.222095
-0.038558 -0.222095
-0.004627 -0.222095
0.015423 -0.222095
0.067862 -0.222095
0.089455 -0.222095
0.106420 -0.222095
0.121844 -0.222095
0.138809 -0.222095
0.465782 -0.222095
0.481205 -0.222095
0.496628 -0.222095
-0.495086 -0.223637
-0.476578 -0.223637
-0.461155 -0.223637
-0.444189 -0.223637
-0.112590 -0.223637
-0.089455 -0.223637
-0.074032 -0.223637
-0.058608 -0.223637
-0.043185 -0.223637
-0.006169 -0.223637
0.012339 -0.223637
0.032389 -0.223637
0.086370 -0.223637
0.104878 -0.223637
0.123386 -0.223637
0.138809 -0.223637
0.454986 -0.223637
0.476578 -0.223637
0.492001 -0.223637
0.512052 -0.223637
-0.481205 -0.225179
-0.465782 -0.225179
-0.447274 -0.225179
-0.431851 -0.225179
-0.094082 -0.225179
-0.078659 -0.225179
-0.063235 -0.225179
-0.047812 -0.225179
-0.006169 -0.225179
0.009254 -0.225179
0.029304 -0.225179
0.090997 -0.225179
0.107963 -0.225179
0.126471 -0.225179
0.141894 -0.225179
0.464240 -0.225179
0.479663 -0.225179
0.495086 -0.225179
0.512052 -0.225179
-0.481205 -0.226722
-0.464240 -0.226722
-0.447274 -0.226722
-0.124928 -0.226722
-0.094082 -0.226722
-0.078659 -0.226722
-0.063235 -0.226722
-0.047812 -0.226722
-0.001542 -0.226722
0.013881 -0.226722
0.029304 -0.226722
0.095624 -0.226722
0.112590 -0.226722
0.129555 -0.226722
0.144978 -0.226722
0.454986 -0.226722
0.475036 -0.226722
0.490459 -0.226722
0.505882 -0.226722
-0.484290 -0.228264
-0.465782 -0.228264
-0.448816 -0.228264
-0.124928 -0.228264
-0.095624 -0.228264
-0.080201 -0.228264
-0.061693 -0.228264
-0.046270 -0.228264
0.013881 -0.228264
0.078659 -0.228264
0.097166 -0.228264
0.114132 -0.228264
0.131098 -0.228264
0.146521 -0.228264
0.454986 -0.228264
0.475036 -0.228264
0.490459 -0.228264
0.505882 -0.228264
-0.487374 -0.229806
-0.468867 -0.229806
-0.453443 -0.229806
-0.438020 -0.229806
-0.106420 -0.229806
-0.086370 -0.229806
-0.070947 -0.229806
-0.053981 -0.229806
0.016966 -0.229806
0.089455 -0.229806
0.104878 -0.229806
0.124928 -0.229806
0.140352 -0.229806
0.155775 -0.229806
0.465782 -0.229806
0.482747 -0.229806
0.498171 -0.229806
-0.488917 -0.231349
-0.471951 -0.231349
-0.456528 -0.231349
-0.441105 -0.231349
-0.118759 -0.231349
-0.095624 -0.231349
-0.080201 -0.231349
-0.061693 -0.231349
-0.046270 -0.231349
0.087912 -0.231349
0.103336 -0.231349
0.124928 -0.231349
0.140352 -0.231349
0.157317 -0.231349
0.462697 -0.231349
0.478121 -0.231349
0.493544 -0.231349
-0.496628 -0.232891
-0.476578 -0.232891
-0.461155 -0.232891
-0.445732 -0.232891
-0.124928 -0.232891
-0.104878 -0.232891
-0.084828 -0.232891
-0.069405 -0.232891
-0.052439 -0.232891
0.097166 -0.232891
0.117217 -0.232891
0.132640 -0.232891
0.148063 -0.232891
0.171198 -0.232891
0.450359 -0.232891
0.475036 -0.232891
0.492001 -0.232891
-0.490459 -0.234433
-0.475036 -0.234433
-0.459613 -0.234433
-0.444189 -0.234433
-0.121844 -0.234433
-0.106420 -0.234433
-0.084828 -0.234433
-0.069405 -0.234433
-0.053981 -0.234433
0.101793 -0.234433
0.121844 -0.234433
0.137267 -0.234433
0.155775 -0.234433
0.424139 -0.234433
0.467324 -0.234433
0.482747 -0.234433
0.498171 -0.234433
-0.482747 -0.235976
-0.467324 -0.235976
-0.451901 -0.235976
-0.129555 -0.235976
-0.111047 -0.235976
-0.089455 -0.235976
-0.074032 -0.235976
-0.057066 -0.235976
0.097166 -0.235976
0.115674 -0.235976
0.131098 -0.235976
0.154232 -0.235976
0.175825 -0.235976
0.451901 -0.235976
0.470409 -0.235976
0.485832 -0.235976
0.504340 -0.235976
-0.479663 -0.237518
-0.464240 -0.237518
-0.448816 -0.237518
-0.129555 -0.237518
-0.114132 -0.237518
-0.089455 -0.237518
-0.074032 -0.237518
-0.057066 -0.237518
0.097166 -0.237518
0.117217 -0.237518
0.132640 -0.237518
0.157317 -0.237518
0.377869 -0.237518
0.456528 -0.237518
0.475036 -0.237518
0.492001 -0.237518
-0.490459 -0.239060
-0.475036 -0.239060
-0.459613 -0.239060
-0.444189 -0.239060
-0.129555 -0.239060
-0.114132 -0.239060
-0.089455 -0.239060
-0.074032 -0.239060
0.097166 -0.239060
0.120301 -0.239060
0.135725 -0.239060
0.160402 -0.239060
0.186621 -0.239060
0.458070 -0.239060
0.473494 -0.239060
0.488917 -0.239060
0.505882 -0.239060
-0.478121 -0.240603
-0.462697 -0.240603
-0.447274 -0.240603
-0.417970 -0.240603
-0.120301 -0.240603
-0.094082 -0.240603
-0.078659 -0.240603
0.101793 -0.240603
0.126471 -0.240603
0.144978 -0.240603
0.165029 -0.240603
0.382496 -0.240603
0.458070 -0.240603
0.475036 -0.240603
0.492001 -0.240603
0.508967 -0.240603
-0.479663 -0.242145
-0.464240 -0.242145
-0.448816 -0.242145
-0.417970 -0.242145
-0.123386 -0.242145
-0.095624 -0.242145
-0.080201 -0.242145
0.111047 -0.242145
0.128013 -0.242145
0.144978 -0.242145
0.166571 -0.242145
0.188164 -0.242145
0.454986 -0.242145
0.471951 -0.242145
0.488917 -0.242145
0.504340 -0.242145
-0.478121 -0.243687
-0.462697 -0.243687
-0.447274 -0.243687
-0.424139 -0.243687
-0.124928 -0.243687
-0.100251 -0.243687
-0.084828 -0.243687
-0.066320 -0.243687
0.126471 -0.243687
0.143436 -0.243687
0.166571 -0.243687
0.181994 -0.243687
0.404089 -0.243687
0.462697 -0.243687
0.481205 -0.243687
0.496628 -0.243687
-0.485832 -0.245230
-0.467324 -0.245230
-0.451901 -0.245230
-0.434935 -0.245230
-0.141894 -0.245230
-0.117217 -0.245230
-0.095624 -0.245230
-0.080201 -0.245230
0.118759 -0.245230
0.134182 -0.245230
0.161944 -0.245230
0.177367 -0.245230
0.195875 -0.245230
0.451901 -0.245230
0.471951 -0.245230
0.487374 -0.245230
0.502798 -0.245230
-0.479663 -0.246772
-0.461155 -0.246772
-0.445732 -0.246772
-0.427224 -0.246772
-0.126471 -0.246772
-0.100251 -0.246772
-0.084828 -0.246772
-0.069405 -0.246772
0.131098 -0.246772
0.155775 -0.246772
0.175825 -0.246772
0.192791 -0.246772
0.450359 -0.246772
0.470409 -0.246772
0.485832 -0.246772
0.501255 -0.246772
-0.481205 -0.248314
-0.462697 -0.248314
-0.447274 -0.248314
-0.427224 -0.248314
-0.134182 -0.248314
-0.114132 -0.248314
-0.089455 -0.248314
-0.074032 -0.248314
0.128013 -0.248314
0.149605 -0.248314
0.177367 -0.248314
0.192791 -0.248314
0.439562 -0.248314
0.467324 -0.248314
0.484290 -0.248314
0.499713 -0.248314
-0.478121 -0.249857
-0.461155 -0.249857
-0.445732 -0.249857
-0.160402 -0.249857
-0.123386 -0.249857
-0.100251 -0.249857
-0.081743 -0.249857
0.126471 -0.249857
0.151148 -0.249857
0.178910 -0.249857
0.194333 -0.249857
0.439562 -0.249857
0.467324 -0.249857
0.485832 -0.249857
0.501255 -0.249857
-0.476578 -0.251399
-0.459613 -0.251399
-0.444189 -0.251399
-0.186621 -0.251399
-0.126471 -0.251399
-0.104878 -0.251399
-0.086370 -0.251399
0.121844 -0.251399
0.146521 -0.251399
0.171198 -0.251399
0.188164 -0.251399
0.209756 -0.251399
0.441105 -0.251399
0.462697 -0.251399
0.481205 -0.251399
0.499713 -0.251399
-0.479663 -0.252941
-0.461155 -0.252941
-0.445732 -0.252941
-0.414885 -0.252941
-0.129555 -0.252941
-0.107963 -0.252941
-0.092539 -0.252941
-0.077116 -0.252941
0.132640 -0.252941
0.158859 -0.252941
0.181994 -0.252941
0.197417 -0.252941
0.397920 -0.252941
0.451901 -0.252941
0.470409 -0.252941
0.490459 -0.252941
0.505882 -0.252941
-0.471951 -0.254483
-0.456528 -0.254483
-0.441105 -0.254483
-0.163486 -0.254483
-0.131098 -0.254483
-0.109505 -0.254483
-0.089455 -0.254483
0.121844 -0.254483
0.151148 -0.254483
0.177367 -0.254483
0.192791 -0.254483
0.410258 -0.254483
0.451901 -0.254483
0.467324 -0.254483
0.482747 -0.254483
0.501255 -0.254483
-0.476578 -0.256026
-0.458070 -0.256026
-0.441105 -0.256026
-0.407174 -0.256026
-0.143436 -0.256026
-0.121844 -0.256026
-0.095624 -0.256026
-0.080201 -0.256026
0.144978 -0.256026
0.172740 -0.256026
0.191248 -0.256026
0.222095 -0.256026
0.438020 -0.256026
0.462697 -0.256026
0.478121 -0.256026
0.493544 -0.256026
-0.482747 -0.257568
-0.467324 -0.257568
-0.451901 -0.257568
-0.434935 -0.257568
-0.172740 -0.257568
-0.140352 -0.257568
-0.118759 -0.257568
-0.100251 -0.257568
-0.084828 -0.257568
0.126471 -0.257568
0.174283 -0.257568
0.191248 -0.257568
0.214383 -0.257568
0.438020 -0.257568
0.464240 -0.257568
0.479663 -0.257568
0.495086 -0.257568
-0.473494 -0.259110
-0.456528 -0.259110
-0.439562 -0.259110
-0.363989 -0.259110
-0.146521 -0.259110
-0.126471 -0.259110
-0.103336 -0.259110
-0.080201 -0.259110
0.149605 -0.259110
0.178910 -0.259110
0.197417 -0.259110
0.223637 -0.259110
0.453443 -0.259110
0.470409 -0.259110
0.485832 -0.259110
-0.482747 -0.260653
-0.465782 -0.260653
-0.450359 -0.260653
-0.431851 -0.260653
-0.174283 -0.260653
-0.146521 -0.260653
-0.124928 -0.260653
-0.103336 -0.260653
-0.075574 -0.260653
0.160402 -0.260653
0.181994 -0.260653
0.198960 -0.260653
0.217468 -0.260653
0.442647 -0.260653
0.464240 -0.260653
0.479663 -0.260653
0.495086 -0.260653
-0.475036 -0.262195
-0.458070 -0.262195
-0.442647 -0.262195
-0.393293 -0.262195
-0.160402 -0.262195
-0.140352 -0.262195
-0.121844 -0.262195
-0.098709 -0.262195
0.148063 -0.262195
0.172740 -0.262195
0.191248 -0.262195
0.206671 -0.262195
0.410258 -0.262195
0.458070 -0.262195
0.473494 -0.262195
0.488917 -0.262195
-0.479663 -0.263737
-0.464240 -0.263737
-0.448816 -0.263737
-0.431851 -0.263737
-0.186621 -0.263737
-0.152690 -0.263737
-0.131098 -0.263737
-0.115674 -0.263737
0.121844 -0.263737
0.169656 -0.263737
0.186621 -0.263737
0.202044 -0.263737
0.220552 -0.263737
0.453443 -0.263737
0.468867 -0.263737
0.484290 -0.263737
-0.481205 -0.265280
-0.465782 -0.265280
-0.450359 -0.265280
-0.433393 -0.265280
-0.367073 -0.265280
-0.160402 -0.265280
-0.141894 -0.265280
-0.123386 -0.265280
-0.080201 -0.265280
0.151148 -0.265280
0.171198 -0.265280
0.186621 -0.265280
0.202044 -0.265280
0.222095 -0.265280
0.451901 -0.265280
0.467324 -0.265280
0.484290 -0.265280
-0.481205 -0.266822
-0.465782 -0.266822
-0.450359 -0.266822
-0.433393 -0.266822
-0.368616 -0.266822
-0.169656 -0.266822
-0.144978 -0.266822
-0.126471 -0.266822
-0.104878 -0.266822
0.149605 -0.266822
0.169656 -0.266822
0.188164 -0.266822
0.203587 -0.266822
0.222095 -0.266822
0.428766 -0.266822
0.458070 -0.266822
0.473494 -0.266822
0.488917 -0.266822
-0.475036 -0.268364
-0.459613 -0.268364
-0.444189 -0.268364
-0.427224 -0.268364
-0.186621 -0.268364
-0.161944 -0.268364
-0.137267 -0.268364
-0.120301 -0.268364
-0.072489 -0.268364
0.155775 -0.268364
0.185079 -0.268364
0.200502 -0.268364
0.217468 -0.268364
0.425682 -0.268364
0.453443 -0.268364
0.468867 -0.268364
0.484290 -0.268364
-0.478121 -0.269907
-0.462697 -0.269907
-0.447274 -0.269907
-0.428766 -0.269907
-0.188164 -0.269907
-0.163486 -0.269907
-0.140352 -0.269907
-0.123386 -0.269907
-0.070947 -0.269907
0.169656 -0.269907
0.188164 -0.269907
0.203587 -0.269907
0.219010 -0.269907
0.414885 -0.269907
0.444189 -0.269907
0.465782 -0.269907
0.481205 -0.269907
-0.479663 -0.271449
-0.464240 -0.271449
-0.448816 -0.271449
-0.433393 -0.271449
-0.371700 -0.271449
-0.172740 -0.271449
-0.151148 -0.271449
-0.129555 -0.271449
-0.111047 -0.271449
0.166571 -0.271449
0.186621 -0.271449
0.202044 -0.271449
0.217468 -0.271449
0.234433 -0.271449
0.430308 -0.271449
0.461155 -0.271449
0.476578 -0.271449
0.495086 -0.271449
-0.468867 -0.272991
-0.453443 -0.272991
-0.438020 -0.272991
-0.394835 -0.272991
-0.177367 -0.272991
-0.157317 -0.272991
-0.137267 -0.272991
-0.118759 -0.272991
0.157317 -0.272991
0.188164 -0.272991
0.203587 -0.272991
0.219010 -0.272991
0.237518 -0.272991
0.428766 -0.272991
0.458070 -0.272991
0.473494 -0.272991
0.492001 -0.272991
-0.467324 -0.274534
-0.451901 -0.274534
-0.436478 -0.274534
-0.393293 -0.274534
-0.178910 -0.274534
-0.158859 -0.274534
-0.140352 -0.274534
-0.121844 -0.274534
0.152690 -0.274534
0.177367 -0.274534
0.202044 -0.274534
0.217468 -0.274534
0.232891 -0.274534
0.417970 -0.274534
0.439562 -0.274534
0.461155 -0.274534
0.476578 -0.274534
0.495086 -0.274534
-0.464240 -0.276076
-0.448816 -0.276076
-0.433393 -0.276076
-0.382496 -0.276076
-0.185079 -0.276076
-0.168113 -0.276076
-0.148063 -0.276076
-0.131098 -0.276076
-0.103336 -0.276076
0.165029 -0.276076
0.200502 -0.276076
0.215925 -0.276076
0.232891 -0.276076
0.414885 -0.276076
0.434935 -0.276076
0.456528 -0.276076
0.471951 -0.276076
0.490459 -0.276076
-0.464240 -0.277618
-0.448816 -0.277618
-0.433393 -0.277618
-0.393293 -0.277618
-0.185079 -0.277618
-0.166571 -0.277618
-0.148063 -0.277618
-0.132640 -0.277618
-0.101793 -0.277618
0.160402 -0.277618
0.178910 -0.277618
0.211298 -0.277618
0.229806 -0.277618
0.413343 -0.277618
0.431851 -0.277618
0.456528 -0.277618
0.471951 -0.277618
0.488917 -0.277618
-0.467324 -0.279161
-0.451901 -0.279161
-0.434935 -0.279161
-0.384039 -0.279161
-0.189706 -0.279161
-0.171198 -0.279161
-0.152690 -0.279161
-0.135725 -0.279161
-0.111047 -0.279161
0.152690 -0.279161
0.191248 -0.279161
0.212841 -0.279161
0.229806 -0.279161
0.397920 -0.279161
0.431851 -0.279161
0.451901 -0.279161
0.467324 -0.279161
0.482747 -0.279161
-0.473494 -0.280703
-0.458070 -0.280703
-0.442647 -0.280703
-0.422597 -0.280703
-0.353192 -0.280703
-0.180452 -0.280703
-0.161944 -0.280703
-0.140352 -0.280703
-0.123386 -0.280703
-0.069405 -0.280703
0.149605 -0.280703
0.183537 -0.280703
0.209756 -0.280703
0.225179 -0.280703
0.413343 -0.280703
0.433393 -0.280703
0.451901 -0.280703
0.468867 -0.280703
0.485832 -0.280703
-0.468867 -0.282245
-0.453443 -0.282245
-0.438020 -0.282245
-0.404089 -0.282245
-0.197417 -0.282245
-0.180452 -0.282245
-0.160402 -0.282245
-0.144978 -0.282245
-0.129555 -0.282245
-0.010796 -0.282245
0.115674 -0.282245
0.197417 -0.282245
0.219010 -0.282245
0.237518 -0.282245
0.428766 -0.282245
0.450359 -0.282245
0.467324 -0.282245
0.485832 -0.282245
-0.465782 -0.283788
-0.450359 -0.283788
-0.434935 -0.283788
-0.410258 -0.283788
-0.198960 -0.283788
-0.183537 -0.283788
-0.163486 -0.283788
-0.148063 -0.283788
-0.132640 -0.283788
-0.049354 -0.283788
0.100251 -0.283788
0.192791 -0.283788
0.211298 -0.283788
0.226722 -0.283788
0.393293 -0.283788
0.438020 -0.283788
0.454986 -0.283788
0.470409 -0.283788
0.487374 -0.283788
-0.465782 -0.285330
-0.448816 -0.285330
-0.433393 -0.285330
-0.404089 -0.285330
-0.198960 -0.285330
-0.181994 -0.285330
-0.161944 -0.285330
-0.146521 -0.285330
-0.114132 -0.285330
-0.032389 -0.285330
0.070947 -0.285330
0.114132 -0.285330
0.203587 -0.285330
0.222095 -0.285330
0.237518 -0.285330
0.430308 -0.285330
0.451901 -0.285330
0.467324 -0.285330
0.482747 -0.285330
-0.473494 -0.286872
-0.451901 -0.286872
-0.436478 -0.286872
-0.411801 -0.286872
-0.202044 -0.286872
-0.186621 -0.286872
-0.166571 -0.286872
-0.151148 -0.286872
-0.132640 -0.286872
-0.052439 -0.286872
-0.009254 -0.286872
0.083286 -0.286872
0.118759 -0.286872
0.211298 -0.286872
0.228264 -0.286872
0.251399 -0.286872
0.439562 -0.286872
0.458070 -0.286872
0.473494 -0.286872
0.488917 -0.286872
-0.465782 -0.288415
-0.448816 -0.288415
-0.433393 -0.288415
-0.387123 -0.288415
-0.200502 -0.288415
-0.185079 -0.288415
-0.165029 -0.288415
-0.146521 -0.288415
-0.128013 -0.288415
-0.058608 -0.288415
-0.026220 -0.288415
0.069405 -0.288415
0.092539 -0.288415
0.131098 -0.288415
0.212841 -0.288415
0.228264 -0.288415
0.251399 -0.288415
0.439562 -0.288415
0.458070 -0.288415
0.475036 -0.288415
0.490459 -0.288415
-0.465782 -0.289957
-0.450359 -0.289957
-0.434935 -0.289957
-0.388666 -0.289957
-0.202044 -0.289957
-0.185079 -0.289957
-0.165029 -0.289957
-0.144978 -0.289957
-0.092539 -0.289957
-0.060151 -0.289957
-0.044727 -0.289957
-0.029304 -0.289957
0.046270 -0.289957
0.074032 -0.289957
0.089455 -0.289957
0.109505 -0.289957
0.132640 -0.289957
0.212841 -0.289957
0.228264 -0.289957
0.246772 -0.289957
0.430308 -0.289957
0.454986 -0.289957
0.473494 -0.289957
0.490459 -0.289957
-0.464240 -0.291499
-0.448816 -0.291499
-0.433393 -0.291499
-0.387123 -0.291499
-0.206671 -0.291499
-0.188164 -0.291499
-0.168113 -0.291499
-0.149605 -0.291499
-0.128013 -0.291499
-0.070947 -0.291499
-0.055524 -0.291499
-0.040100 -0.291499
-0.024677 -0.291499
0.021593 -0.291499
0.064778 -0.291499
0.080201 -0.291499
0.095624 -0.291499
0.115674 -0.291499
0.135725 -0.291499
0.214383 -0.291499
0.231349 -0.291499
0.411801 -0.291499
0.430308 -0.291499
0.453443 -0.291499
0.471951 -0.291499
0.490459 -0.291499
-0.464240 -0.293042
-0.448816 -0.293042
-0.431851 -0.293042
-0.374785 -0.293042
-0.198960 -0.293042
-0.177367 -0.293042
-0.161944 -0.293042
-0.140352 -0.293042
-0.087912 -0.293042
-0.067862 -0.293042
-0.052439 -0.293042
-0.037016 -0.293042
-0.021593 -0.293042
0.016966 -0.293042
0.049354 -0.293042
0.070947 -0.293042
0.086370 -0.293042
0.101793 -0.293042
0.120301 -0.293042
0.135725 -0.293042
0.220552 -0.293042
0.237518 -0.293042
0.371700 -0.293042
0.428766 -0.293042
0.448816 -0.293042
0.464240 -0.293042
0.481205 -0.293042
-0.465782 -0.294584
-0.450359 -0.294584
-0.431851 -0.294584
-0.376327 -0.294584
-0.202044 -0.294584
-0.186621 -0.294584
-0.166571 -0.294584
-0.149605 -0.294584
-0.094082 -0.294584
-0.072489 -0.294584
-0.057066 -0.294584
-0.041643 -0.294584
-0.026220 -0.294584
-0.007712 -0.294584
0.021593 -0.294584
0.050897 -0.294584
0.069405 -0.294584
0.084828 -0.294584
0.100251 -0.294584
0.115674 -0.294584
0.131098 -0.294584
0.206671 -0.294584
0.225179 -0.294584
0.242145 -0.294584
0.422597 -0.294584
0.439562 -0.294584
0.454986 -0.294584
0.470409 -0.294584
0.490459 -0.294584
-0.461155 -0.296126
-0.445732 -0.296126
-0.424139 -0.296126
-0.385581 -0.296126
-0.209756 -0.296126
-0.189706 -0.296126
-0.169656 -0.296126
-0.152690 -0.296126
-0.095624 -0.296126
-0.078659 -0.296126
-0.063235 -0.296126
-0.047812 -0.296126
-0.032389 -0.296126
-0.016966 -0.296126
0.009254 -0.296126
0.024677 -0.296126
0.050897 -0.296126
0.066320 -0.296126
0.081743 -0.296126
0.097166 -0.296126
0.112590 -0.296126
0.128013 -0.296126
0.143436 -0.296126
0.225179 -0.296126
0.242145 -0.296126
0.422597 -0.296126
0.441105 -0.296126
0.456528 -0.296126
0.471951 -0.296126
-0.473494 -0.297669
-0.458070 -0.297669
-0.442647 -0.297669
-0.425682 -0.297669
-0.384039 -0.297669
-0.340854 -0.297669
-0.192791 -0.297669
-0.174283 -0.297669
-0.155775 -0.297669
-0.097166 -0.297669
-0.080201 -0.297669
-0.064778 -0.297669
-0.049354 -0.297669
-0.033931 -0.297669
-0.018508 -0.297669
-0.003085 -0.297669
0.016966 -0.297669
0.032389 -0.297669
0.052439 -0.297669
0.067862 -0.297669
0.083286 -0.297669
0.098709 -0.297669
0.114132 -0.297669
0.129555 -0.297669
0.144978 -0.297669
0.225179 -0.297669
0.242145 -0.297669
0.424139 -0.297669
0.442647 -0.297669
0.458070 -0.297669
0.475036 -0.297669
-0.468867 -0.299211
-0.453443 -0.299211
-0.438020 -0.299211
-0.419512 -0.299211
-0.376327 -0.299211
-0.211298 -0.299211
-0.188164 -0.299211
-0.169656 -0.299211
-0.137267 -0.299211
-0.090997 -0.299211
-0.074032 -0.299211
-0.058608 -0.299211
-0.043185 -0.299211
-0.027762 -0.299211
-0.012339 -0.299211
0.003085 -0.299211
0.018508 -0.299211
0.033931 -0.299211
0.049354 -0.299211
0.064778 -0.299211
0.080201 -0.299211
0.095624 -0.299211
0.111047 -0.299211
0.126471 -0.299211
0.141894 -0.299211
0.223637 -0.299211
0.240603 -0.299211
0.422597 -0.299211
0.442647 -0.299211
0.458070 -0.299211
0.475036 -0.299211
-0.467324 -0.300753
-0.451901 -0.300753
-0.436478 -0.300753
-0.408716 -0.300753
-0.373242 -0.300753
-0.219010 -0.300753
-0.195875 -0.300753
-0.174283 -0.300753
-0.138809 -0.300753
-0.097166 -0.300753
-0.081743 -0.300753
-0.066320 -0.300753
-0.050897 -0.300753
-0.035473 -0.300753
-0.020050 -0.300753
-0.004627 -0.300753
0.010796 -0.300753
0.026220 -0.300753
0.041643 -0.300753
0.057066 -0.300753
0.072489 -0.300753
0.087912 -0.300753
0.103336 -0.300753
0.118759 -0.300753
0.134182 -0.300753
0.149605 -0.300753
0.222095 -0.300753
0.237518 -0.300753
0.371700 -0.300753
0.431851 -0.300753
0.451901 -0.300753
0.467324 -0.300753
-0.475036 -0.302296
-0.459613 -0.302296
-0.444189 -0.302296
-0.428766 -0.302296
-0.401004 -0.302296
-0.373242 -0.302296
-0.357819 -0.302296
-0.209756 -0.302296
-0.185079 -0.302296
-0.169656 -0.302296
-0.114132 -0.302296
-0.097166 -0.302296
-0.081743 -0.302296
-0.066320 -0.302296
-0.049354 -0.302296
-0.033931 -0.302296
-0.018508 -0.302296
-0.003085 -0.302296
0.012339 -0.302296
0.027762 -0.302296
0.043185 -0.302296
0.058608 -0.302296
0.074032 -0.302296
0.089455 -0.302296
0.104878 -0.302296
0.120301 -0.302296
0.135725 -0.302296
0.151148 -0.302296
0.223637 -0.302296
0.240603 -0.302296
0.394835 -0.302296
0.434935 -0.302296
0.454986 -0.302296
0.470409 -0.302296
-0.470409 -0.303838
-0.454986 -0.303838
-0.438020 -0.303838
-0.414885 -0.303838
-0.379412 -0.303838
-0.357819 -0.303838
-0.209756 -0.303838
-0.188164 -0.303838
-0.172740 -0.303838
-0.115674 -0.303838
-0.100251 -0.303838
-0.084828 -0.303838
-0.069405 -0.303838
-0.029304 -0.303838
-0.013881 -0.303838
0.001542 -0.303838
0.016966 -0.303838
0.032389 -0.303838
0.047812 -0.303838
0.072489 -0.303838
0.107963 -0.303838
0.123386 -0.303838
0.138809 -0.303838
0.154232 -0.303838
0.223637 -0.303838
0.240603 -0.303838
0.396377 -0.303838
0.433393 -0.303838
0.453443 -0.303838
0.468867 -0.303838
-0.471951 -0.305380
-0.456528 -0.305380
-0.439562 -0.305380
-0.417970 -0.305380
-0.377869 -0.305380
-0.220552 -0.305380
-0.200502 -0.305380
-0.177367 -0.305380
-0.118759 -0.305380
-0.101793 -0.305380
-0.086370 -0.305380
-0.070947 -0.305380
0.041643 -0.305380
0.114132 -0.305380
0.129555 -0.305380
0.144978 -0.305380
0.160402 -0.305380
0.228264 -0.305380
0.245230 -0.305380
0.396377 -0.305380
0.430308 -0.305380
0.448816 -0.305380
0.464240 -0.305380
0.479663 -0.305380
-0.459613 -0.306923
-0.444189 -0.306923
-0.428766 -0.306923
-0.402547 -0.306923
-0.371700 -0.306923
-0.211298 -0.306923
-0.189706 -0.306923
-0.171198 -0.306923
-0.109505 -0.306923
-0.094082 -0.306923
-0.078659 -0.306923
0.047812 -0.306923
0.123386 -0.306923
0.138809 -0.306923
0.154232 -0.306923
0.169656 -0.306923
0.234433 -0.306923
0.251399 -0.306923
0.421055 -0.306923
0.444189 -0.306923
0.459613 -0.306923
0.475036 -0.306923
-0.461155 -0.308465
-0.445732 -0.308465
-0.430308 -0.308465
-0.407174 -0.308465
-0.373242 -0.308465
-0.209756 -0.308465
-0.186621 -0.308465
-0.120301 -0.308465
-0.104878 -0.308465
-0.089455 -0.308465
-0.064778 -0.308465
0.129555 -0.308465
0.144978 -0.308465
0.160402 -0.308465
0.225179 -0.308465
0.243687 -0.308465
0.396377 -0.308465
0.433393 -0.308465
0.451901 -0.308465
0.467324 -0.308465
-0.464240 -0.310007
-0.448816 -0.310007
-0.433393 -0.310007
-0.411801 -0.310007
-0.371700 -0.310007
-0.219010 -0.310007
-0.192791 -0.310007
-0.177367 -0.310007
-0.111047 -0.310007
-0.095624 -0.310007
-0.067862 -0.310007
0.135725 -0.310007
0.151148 -0.310007
0.166571 -0.310007
0.228264 -0.310007
0.251399 -0.310007
0.401004 -0.310007
0.442647 -0.310007
0.458070 -0.310007
0.473494 -0.310007
-0.458070 -0.311549
-0.441105 -0.311549
-0.425682 -0.311549
-0.397920 -0.311549
-0.356277 -0.311549
-0.203587 -0.311549
-0.175825 -0.311549
-0.114132 -0.311549
-0.098709 -0.311549
-0.067862 -0.311549
0.140352 -0.311549
0.155775 -0.311549
0.171198 -0.311549
0.232891 -0.311549
0.374785 -0.311549
0.428766 -0.311549
0.448816 -0.311549
0.464240 -0.311549
-0.465782 -0.313092
-0.448816 -0.313092
-0.433393 -0.313092
-0.407174 -0.313092
-0.325430 -0.313092
-0.205129 -0.313092
-0.175825 -0.313092
-0.112590 -0.313092
-0.097166 -0.313092
0.140352 -0.313092
0.155775 -0.313092
0.171198 -0.313092
0.228264 -0.313092
0.245230 -0.313092
0.427224 -0.313092
0.447274 -0.313092
0.462697 -0.313092
-0.464240 -0.314634
-0.447274 -0.314634
-0.431851 -0.314634
-0.404089 -0.314634
-0.357819 -0.314634
-0.214383 -0.314634
-0.189706 -0.314634
-0.120301 -0.314634
-0.104878 -0.314634
-0.070947 -0.314634
0.146521 -0.314634
0.161944 -0.314634
0.177367 -0.314634
0.242145 -0.314634
0.399462 -0.314634
0.430308 -0.314634
0.447274 -0.314634
0.462697 -0.314634
-0.464240 -0.316176
-0.448816 -0.316176
-0.433393 -0.316176
-0.407174 -0.316176
-0.382496 -0.316176
-0.223637 -0.316176
-0.195875 -0.316176
-0.124928 -0.316176
-0.109505 -0.316176
-0.084828 -0.316176
0.148063 -0.316176
0.163486 -0.316176
0.178910 -0.316176
0.240603 -0.316176
0.379412 -0.316176
0.424139 -0.316176
0.439562 -0.316176
0.456528 -0.316176
0.471951 -0.316176
-0.453443 -0.317719
-0.438020 -0.317719
-0.413343 -0.317719
-0.390208 -0.317719
-0.322346 -0.317719
-0.203587 -0.317719
-0.129555 -0.317719
-0.114132 -0.317719
-0.098709 -0.317719
0.144978 -0.317719
0.160402 -0.317719
0.175825 -0.317719
0.240603 -0.317719
0.382496 -0.317719
0.424139 -0.317719
0.439562 -0.317719
0.456528 -0.317719
0.471951 -0.317719
-0.453443 -0.319261
-0.438020 -0.319261
-0.419512 -0.319261
-0.394835 -0.319261
-0.333142 -0.319261
-0.208214 -0.319261
-0.186621 -0.319261
-0.123386 -0.319261
-0.107963 -0.319261
0.121844 -0.319261
0.155775 -0.319261
0.171198 -0.319261
0.186621 -0.319261
0.246772 -0.319261
0.401004 -0.319261
0.427224 -0.319261
0.442647 -0.319261
0.458070 -0.319261
0.476578 -0.319261
-0.447274 -0.320803
-0.431851 -0.320803
-0.410258 -0.320803
-0.388666 -0.320803
-0.319261 -0.320803
-0.203587 -0.320803
-0.135725 -0.320803
-0.120301 -0.320803
-0.104878 -0.320803
0.146521 -0.320803
0.163486 -0.320803
0.178910 -0.320803
0.234433 -0.320803
0.249857 -0.320803
0.401004 -0.320803
0.427224 -0.320803
0.442647 -0.320803
0.458070 -0.320803
0.476578 -0.320803
-0.444189 -0.322346
-0.428766 -0.322346
-0.410258 -0.322346
-0.384039 -0.322346
-0.215925 -0.322346
-0.194333 -0.322346
-0.134182 -0.322346
-0.118759 -0.322346
-0.100251 -0.322346
0.174283 -0.322346
0.189706 -0.322346
0.245230 -0.322346
0.399462 -0.322346
0.425682 -0.322346
0.441105 -0.322346
0.456528 -0.322346
0.475036 -0.322346
-0.447274 -0.323888
-0.431851 -0.323888
-0.411801 -0.323888
-0.388666 -0.323888
-0.229806 -0.323888
-0.194333 -0.323888
-0.137267 -0.323888
-0.121844 -0.323888
-0.106420 -0.323888
0.171198 -0.323888
0.189706 -0.323888
0.350108 -0.323888
0.404089 -0.323888
0.430308 -0.323888
0.445732 -0.323888
0.461155 -0.323888
-0.461155 -0.325430
-0.441105 -0.325430
-0.425682 -0.325430
-0.404089 -0.325430
-0.368616 -0.325430
-0.215925 -0.325430
-0.192791 -0.325430
-0.135725 -0.325430
-0.115674 -0.325430
0.146521 -0.325430
0.189706 -0.325430
0.243687 -0.325430
0.404089 -0.325430
0.431851 -0.325430
0.447274 -0.325430
0.462697 -0.325430
-0.459613 -0.326973
-0.441105 -0.326973
-0.425682 -0.326973
-0.405631 -0.326973
-0.384039 -0.326973
-0.299211 -0.326973
-0.202044 -0.326973
-0.141894 -0.326973
-0.120301 -0.326973
-0.103336 -0.326973
0.177367 -0.326973
0.243687 -0.326973
0.405631 -0.326973
0.430308 -0.326973
0.445732 -0.326973
0.461155 -0.326973
-0.458070 -0.328515
-0.442647 -0.328515
-0.427224 -0.328515
-0.407174 -0.328515
-0.388666 -0.328515
-0.337769 -0.328515
-0.202044 -0.328515
-0.141894 -0.328515
-0.115674 -0.328515
-0.100251 -0.328515
0.191248 -0.328515
0.390208 -0.328515
0.419512 -0.328515
0.434935 -0.328515
0.450359 -0.328515
0.465782 -0.328515
-0.448816 -0.330057
-0.433393 -0.330057
-0.413343 -0.330057
-0.397920 -0.330057
-0.367073 -0.330057
-0.211298 -0.330057
-0.181994 -0.330057
-0.134182 -0.330057
-0.103336 -0.330057
0.242145 -0.330057
0.391750 -0.330057
0.421055 -0.330057
0.436478 -0.330057
0.451901 -0.330057
0.473494 -0.330057
-0.442647 -0.331600
-0.427224 -0.331600
-0.408716 -0.331600
-0.384039 -0.331600
-0.232891 -0.331600
-0.192791 -0.331600
-0.111047 -0.331600
0.229806 -0.331600
0.316176 -0.331600
0.405631 -0.331600
0.425682 -0.331600
0.441105 -0.331600
0.456528 -0.331600
-0.454986 -0.333142
-0.436478 -0.333142
-0.421055 -0.333142
-0.404089 -0.333142
-0.380954 -0.333142
-0.209756 -0.333142
-0.146521 -0.333142
0.234433 -0.333142
0.363989 -0.333142
0.411801 -0.333142
0.427224 -0.333142
0.442647 -0.333142
0.458070 -0.333142
-0.447274 -0.334684
-0.431851 -0.334684
-0.416428 -0.334684
-0.393293 -0.334684
-0.354735 -0.334684
-0.203587 -0.334684
0.144978 -0.334684
0.248314 -0.334684
0.393293 -0.334684
0.421055 -0.334684
0.436478 -0.334684
0.451901 -0.334684
-0.456528 -0.336227
-0.439562 -0.336227
-0.424139 -0.336227
-0.405631 -0.336227
-0.370158 -0.336227
-0.205129 -0.336227
0.235976 -0.336227
0.367073 -0.336227
0.413343 -0.336227
0.428766 -0.336227
0.444189 -0.336227
0.459613 -0.336227
-0.447274 -0.337769
-0.431851 -0.337769
-0.416428 -0.337769
-0.391750 -0.337769
-0.339311 -0.337769
-0.098709 -0.337769
0.354735 -0.337769
0.404089 -0.337769
0.425682 -0.337769
0.441105 -0.337769
0.458070 -0.337769
-0.448816 -0.339311
-0.433393 -0.339311
-0.417970 -0.339311
-0.402547 -0.339311
-0.363989 -0.339311
-0.188164 -0.339311
0.354735 -0.339311
0.404089 -0.339311
0.422597 -0.339311
0.438020 -0.339311
0.454986 -0.339311
-0.447274 -0.340854
-0.431851 -0.340854
-0.416428 -0.340854
-0.401004 -0.340854
-0.356277 -0.340854
-0.195875 -0.340854
0.376327 -0.340854
0.408716 -0.340854
0.425682 -0.340854
0.441105 -0.340854
0.456528 -0.340854
-0.442647 -0.342396
-0.427224 -0.342396
-0.411801 -0.342396
-0.385581 -0.342396
-0.351650 -0.342396
-0.197417 -0.342396
0.351650 -0.342396
0.394835 -0.342396
0.414885 -0.342396
0.430308 -0.342396
0.445732 -0.342396
0.461155 -0.342396
-0.436478 -0.343938
-0.421055 -0.343938
-0.405631 -0.343938
-0.379412 -0.343938
-0.215925 -0.343938
0.234433 -0.343938
0.388666 -0.343938
0.410258 -0.343938
0.425682 -0.343938
0.441105 -0.343938
0.458070 -0.343938
-0.438020 -0.345481
-0.422597 -0.345481
-0.407174 -0.345481
-0.385581 -0.345481
-0.357819 -0.345481
0.237518 -0.345481
0.393293 -0.345481
0.410258 -0.345481
0.425682 -0.345481
0.441105 -0.345481
0.456528 -0.345481
-0.439562 -0.347023
-0.424139 -0.347023
-0.407174 -0.347023
-0.384039 -0.347023
-0.357819 -0.347023
0.239060 -0.347023
0.394835 -0.347023
0.410258 -0.347023
0.425682 -0.347023
0.441105 -0.347023
0.456528 -0.347023
-0.438020 -0.348565
-0.422597 -0.348565
-0.405631 -0.348565
-0.380954 -0.348565
-0.340854 -0.348565
-0.200502 -0.348565
0.393293 -0.348565
0.408716 -0.348565
0.424139 -0.348565
0.439562 -0.348565
0.454986 -0.348565
-0.441105 -0.350108
-0.425682 -0.350108
-0.408716 -0.350108
-0.384039 -0.350108
-0.354735 -0.350108
-0.203587 -0.350108
0.368616 -0.350108
0.404089 -0.350108
0.421055 -0.350108
0.436478 -0.350108
0.451901 -0.350108
-0.444189 -0.351650
-0.424139 -0.351650
-0.408716 -0.351650
-0.391750 -0.351650
-0.368616 -0.351650
-0.340854 -0.351650
0.212841 -0.351650
0.380954 -0.351650
0.411801 -0.351650
0.427224 -0.351650
0.442647 -0.351650
0.458070 -0.351650
-0.434935 -0.353192
-0.417970 -0.353192
-0.402547 -0.353192
-0.387123 -0.353192
-0.367073 -0.353192
-0.294584 -0.353192
0.371700 -0.353192
0.410258 -0.353192
0.425682 -0.353192
0.441105 -0.353192
0.456528 -0.353192
-0.438020 -0.354735
-0.422597 -0.354735
-0.407174 -0.354735
-0.388666 -0.354735
-0.368616 -0.354735
-0.296126 -0.354735
0.373242 -0.354735
0.410258 -0.354735
0.427224 -0.354735
0.442647 -0.354735
0.462697 -0.354735
-0.430308 -0.356277
-0.414885 -0.356277
-0.399462 -0.356277
-0.384039 -0.356277
-0.330057 -0.356277
0.350108 -0.356277
0.396377 -0.356277
0.417970 -0.356277
0.433393 -0.356277
0.450359 -0.356277
-0.438020 -0.357819
-0.419512 -0.357819
-0.404089 -0.357819
-0.388666 -0.357819
-0.367073 -0.357819
-0.212841 -0.357819
0.385581 -0.357819
0.410258 -0.357819
0.427224 -0.357819
0.442647 -0.357819
-0.442647 -0.359362
-0.425682 -0.359362
-0.410258 -0.359362
-0.394835 -0.359362
-0.377869 -0.359362
-0.340854 -0.359362
0.365531 -0.359362
0.393293 -0.359362
0.410258 -0.359362
0.425682 -0.359362
0.441105 -0.359362
0.456528 -0.359362
-0.424139 -0.360904
-0.408716 -0.360904
-0.391750 -0.360904
-0.376327 -0.360904
-0.339311 -0.360904
0.363989 -0.360904
0.391750 -0.360904
0.407174 -0.360904
0.422597 -0.360904
0.438020 -0.360904
-0.439562 -0.362446
-0.422597 -0.362446
-0.407174 -0.362446
-0.390208 -0.362446
-0.374785 -0.362446
-0.308465 -0.362446
0.368616 -0.362446
0.397920 -0.362446
0.413343 -0.362446
0.431851 -0.362446
0.450359 -0.362446
-0.430308 -0.363989
-0.414885 -0.363989
-0.399462 -0.363989
-0.379412 -0.363989
-0.337769 -0.363989
0.362446 -0.363989
0.393293 -0.363989
0.408716 -0.363989
0.425682 -0.363989
0.441105 -0.363989
-0.438020 -0.365531
-0.419512 -0.365531
-0.404089 -0.365531
-0.384039 -0.365531
-0.359362 -0.365531
0.351650 -0.365531
0.384039 -0.365531
0.404089 -0.365531
0.419512 -0.365531
0.434935 -0.365531
0.453443 -0.365531
-0.427224 -0.367073
-0.411801 -0.367073
-0.396377 -0.367073
-0.377869 -0.367073
-0.323888 -0.367073
0.370158 -0.367073
0.393293 -0.367073
0.411801 -0.367073
0.427224 -0.367073
0.442647 -0.367073
-0.438020 -0.368616
-0.422597 -0.368616
-0.407174 -0.368616
-0.390208 -0.368616
-0.373242 -0.368616
-0.263737 -0.368616
0.376327 -0.368616
0.396377 -0.368616
0.414885 -0.368616
0.430308 -0.368616
0.445732 -0.368616
-0.434935 -0.370158
-0.419512 -0.370158
-0.404089 -0.370158
-0.388666 -0.370158
-0.371700 -0.370158
0.350108 -0.370158
0.384039 -0.370158
0.404089 -0.370158
0.419512 -0.370158
0.434935 -0.370158
0.450359 -0.370158
-0.424139 -0.371700
-0.408716 -0.371700
-0.393293 -0.371700
-0.377869 -0.371700
-0.336227 -0.371700
0.373242 -0.371700
0.390208 -0.371700
0.407174 -0.371700
0.422597 -0.371700
0.438020 -0.371700
-0.441105 -0.373242
-0.421055 -0.373242
-0.405631 -0.373242
-0.390208 -0.373242
-0.373242 -0.373242
-0.293042 -0.373242
0.377869 -0.373242
0.393293 -0.373242
0.410258 -0.373242
0.425682 -0.373242
0.441105 -0.373242
-0.428766 -0.374785
-0.413343 -0.374785
-0.397920 -0.374785
-0.382496 -0.374785
-0.333142 -0.374785
0.371700 -0.374785
0.387123 -0.374785
0.402547 -0.374785
0.417970 -0.374785
0.433393 -0.374785
0.448816 -0.374785
-0.416428 -0.376327
-0.401004 -0.376327
-0.385581 -0.376327
-0.367073 -0.376327
-0.293042 -0.376327
0.377869 -0.376327
0.394835 -0.376327
0.410258 -0.376327
0.425682 -0.376327
0.441105 -0.376327
-0.427224 -0.377869
-0.408716 -0.377869
-0.393293 -0.377869
-0.377869 -0.377869
-0.357819 -0.377869
-0.293042 -0.377869
0.377869 -0.377869
0.394835 -0.377869
0.410258 -0.377869
0.425682 -0.377869
0.441105 -0.377869
-0.428766 -0.379412
-0.410258 -0.379412
-0.394835 -0.379412
-0.379412 -0.379412
-0.342396 -0.379412
-0.294584 -0.379412
0.377869 -0.379412
0.394835 -0.379412
0.410258 -0.379412
0.425682 -0.379412
0.442647 -0.379412
-0.424139 -0.380954
-0.407174 -0.380954
-0.391750 -0.380954
-0.370158 -0.380954
-0.330057 -0.380954
0.363989 -0.380954
0.385581 -0.380954
0.401004 -0.380954
0.416428 -0.380954
0.434935 -0.380954
-0.425682 -0.382496
-0.410258 -0.382496
-0.394835 -0.382496
-0.379412 -0.382496
-0.326973 -0.382496
0.359362 -0.382496
0.382496 -0.382496
0.397920 -0.382496
0.413343 -0.382496
0.428766 -0.382496
-0.431851 -0.384039
-0.411801 -0.384039
-0.396377 -0.384039
-0.380954 -0.384039
-0.326973 -0.384039
0.351650 -0.384039
0.377869 -0.384039
0.393293 -0.384039
0.411801 -0.384039
0.427224 -0.384039
-0.422597 -0.385581
-0.407174 -0.385581
-0.391750 -0.385581
-0.376327 -0.385581
-0.325430 -0.385581
0.360904 -0.385581
0.377869 -0.385581
0.393293 -0.385581
0.411801 -0.385581
0.427224 -0.385581
-0.428766 -0.387123
-0.405631 -0.387123
-0.390208 -0.387123
-0.374785 -0.387123
-0.325430 -0.387123
0.363989 -0.387123
0.382496 -0.387123
0.397920 -0.387123
0.416428 -0.387123
0.431851 -0.387123
-0.427224 -0.388666
-0.404089 -0.388666
-0.388666 -0.388666
-0.373242 -0.388666
-0.340854 -0.388666
0.337769 -0.388666
0.376327 -0.388666
0.391750 -0.388666
0.410258 -0.388666
0.425682 -0.388666
-0.428766 -0.390208
-0.408716 -0.390208
-0.393293 -0.390208
-0.377869 -0.390208
-0.362446 -0.390208
-0.300753 -0.390208
0.368616 -0.390208
0.387123 -0.390208
0.402547 -0.390208
0.417970 -0.390208
0.433393 -0.390208
-0.422597 -0.391750
-0.404089 -0.391750
-0.388666 -0.391750
-0.373242 -0.391750
-0.356277 -0.391750
-0.302296 -0.391750
0.029304 -0.391750
0.356277 -0.391750
0.384039 -0.391750
0.399462 -0.391750
0.414885 -0.391750
0.430308 -0.391750
-0.421055 -0.393293
-0.405631 -0.393293
-0.390208 -0.393293
-0.374785 -0.393293
-0.359362 -0.393293
-0.305380 -0.393293
-0.026220 -0.393293
-0.010796 -0.393293
0.004627 -0.393293
0.020050 -0.393293
0.035473 -0.393293
0.050897 -0.393293
0.066320 -0.393293
0.351650 -0.393293
0.379412 -0.393293
0.394835 -0.393293
0.410258 -0.393293
0.425682 -0.393293
-0.427224 -0.394835
-0.408716 -0.394835
-0.393293 -0.394835
-0.377869 -0.394835
-0.360904 -0.394835
-0.316176 -0.394835
-0.033931 -0.394835
-0.016966 -0.394835
-0.001542 -0.394835
0.013881 -0.394835
0.029304 -0.394835
0.044727 -0.394835
0.060151 -0.394835
0.075574 -0.394835
0.368616 -0.394835
0.388666 -0.394835
0.404089 -0.394835
0.419512 -0.394835
0.441105 -0.394835
-0.405631 -0.396377
-0.390208 -0.396377
-0.374785 -0.396377
-0.356277 -0.396377
-0.314634 -0.396377
-0.063235 -0.396377
-0.020050 -0.396377
-0.004627 -0.396377
0.010796 -0.396377
0.026220 -0.396377
0.041643 -0.396377
0.057066 -0.396377
0.339311 -0.396377
0.370158 -0.396377
0.388666 -0.396377
0.405631 -0.396377
0.421055 -0.396377
-0.416428 -0.397920
-0.401004 -0.397920
-0.385581 -0.397920
-0.370158 -0.397920
-0.348565 -0.397920
-0.297669 -0.397920
-0.033931 -0.397920
-0.018508 -0.397920
-0.003085 -0.397920
0.012339 -0.397920
0.027762 -0.397920
0.043185 -0.397920
0.058608 -0.397920
0.359362 -0.397920
0.377869 -0.397920
0.393293 -0.397920
0.411801 -0.397920
0.431851 -0.397920
-0.408716 -0.399462
-0.393293 -0.399462
-0.374785 -0.399462
-0.354735 -0.399462
-0.308465 -0.399462
-0.043185 -0.399462
-0.027762 -0.399462
-0.012339 -0.399462
0.003085 -0.399462
0.020050 -0.399462
0.035473 -0.399462
0.050897 -0.399462
0.080201 -0.399462
0.374785 -0.399462
0.391750 -0.399462
0.411801 -0.399462
0.427224 -0.399462
-0.408716 -0.401004
-0.393293 -0.401004
-0.376327 -0.401004
-0.354735 -0.401004
-0.305380 -0.401004
-0.050897 -0.401004
-0.032389 -0.401004
-0.016966 -0.401004
-0.001542 -0.401004
0.016966 -0.401004
0.032389 -0.401004
0.047812 -0.401004
0.074032 -0.401004
0.363989 -0.401004
0.382496 -0.401004
0.402547 -0.401004
0.417970 -0.401004
0.433393 -0.401004
-0.401004 -0.402547
-0.385581 -0.402547
-0.365531 -0.402547
-0.319261 -0.402547
-0.044727 -0.402547
-0.029304 -0.402547
-0.013881 -0.402547
0.001542 -0.402547
0.020050 -0.402547
0.035473 -0.402547
0.052439 -0.402547
0.080201 -0.402547
0.316176 -0.402547
0.371700 -0.402547
0.387123 -0.402547
0.405631 -0.402547
0.421055 -0.402547
-0.416428 -0.404089
-0.396377 -0.404089
-0.380954 -0.404089
-0.359362 -0.404089
-0.317719 -0.404089
-0.047812 -0.404089
-0.030846 -0.404089
-0.013881 -0.404089
0.001542 -0.404089
0.021593 -0.404089
0.038558 -0.404089
0.055524 -0.404089
0.078659 -0.404089
0.104878 -0.404089
0.365531 -0.404089
0.380954 -0.404089
0.396377 -0.404089
0.413343 -0.404089
0.433393 -0.404089
-0.396377 -0.405631
-0.380954 -0.405631
-0.362446 -0.405631
-0.337769 -0.405631
-0.063235 -0.405631
-0.038558 -0.405631
-0.021593 -0.405631
-0.004627 -0.405631
0.012339 -0.405631
0.027762 -0.405631
0.043185 -0.405631
0.061693 -0.405631
0.083286 -0.405631
0.107963 -0.405631
0.345481 -0.405631
0.373242 -0.405631
0.388666 -0.405631
0.404089 -0.405631
0.419512 -0.405631
-0.401004 -0.407174
-0.385581 -0.407174
-0.368616 -0.407174
-0.351650 -0.407174
-0.289957 -0.407174
-0.046270 -0.407174
-0.029304 -0.407174
-0.012339 -0.407174
0.003085 -0.407174
0.021593 -0.407174
0.037016 -0.407174
0.053981 -0.407174
0.075574 -0.407174
0.090997 -0.407174
0.314634 -0.407174
0.368616 -0.407174
0.385581 -0.407174
0.401004 -0.407174
0.416428 -0.407174
-0.401004 -0.408716
-0.385581 -0.408716
-0.370158 -0.408716
-0.351650 -0.408716
-0.313092 -0.408716
-0.050897 -0.408716
-0.035473 -0.408716
-0.020050 -0.408716
-0.003085 -0.408716
0.015423 -0.408716
0.030846 -0.408716
0.047812 -0.408716
0.063235 -0.408716
0.083286 -0.408716
0.101793 -0.408716
0.336227 -0.408716
0.365531 -0.408716
0.382496 -0.408716
0.397920 -0.408716
0.413343 -0.408716
-0.402547 -0.410258
-0.385581 -0.410258
-0.370158 -0.410258
-0.353192 -0.410258
-0.293042 -0.410258
-0.047812 -0.410258
-0.032389 -0.410258
-0.013881 -0.410258
0.001542 -0.410258
0.018508 -0.410258
0.033931 -0.410258
0.050897 -0.410258
0.066320 -0.410258
0.086370 -0.410258
0.111047 -0.410258
0.340854 -0.410258
0.367073 -0.410258
0.384039 -0.410258
0.401004 -0.410258
0.416428 -0.410258
-0.394835 -0.411801
-0.379412 -0.411801
-0.362446 -0.411801
-0.340854 -0.411801
-0.053981 -0.411801
-0.038558 -0.411801
-0.023135 -0.411801
-0.004627 -0.411801
0.010796 -0.411801
0.026220 -0.411801
0.041643 -0.411801
0.060151 -0.411801
0.077116 -0.411801
0.103336 -0.411801
0.342396 -0.411801
0.373242 -0.411801
0.390208 -0.411801
0.405631 -0.411801
0.428766 -0.411801
-0.388666 -0.413343
-0.373242 -0.413343
-0.357819 -0.413343
-0.337769 -0.413343
-0.052439 -0.413343
-0.035473 -0.413343
-0.020050 -0.413343
-0.003085 -0.413343
0.012339 -0.413343
0.027762 -0.413343
0.043185 -0.413343
0.064778 -0.413343
0.080201 -0.413343
0.104878 -0.413343
0.353192 -0.413343
0.371700 -0.413343
0.390208 -0.413343
0.405631 -0.413343
-0.401004 -0.414885
-0.385581 -0.414885
-0.370158 -0.414885
-0.354735 -0.414885
-0.337769 -0.414885
-0.053981 -0.414885
-0.032389 -0.414885
-0.015423 -0.414885
0.001542 -0.414885
0.016966 -0.414885
0.032389 -0.414885
0.052439 -0.414885
0.072489 -0.414885
0.100251 -0.414885
0.337769 -0.414885
0.360904 -0.414885
0.379412 -0.414885
0.397920 -0.414885
0.413343 -0.414885
-0.390208 -0.416428
-0.374785 -0.416428
-0.359362 -0.416428
-0.343938 -0.416428
-0.055524 -0.416428
-0.027762 -0.416428
-0.009254 -0.416428
0.007712 -0.416428
0.023135 -0.416428
0.038558 -0.416428
0.063235 -0.416428
0.081743 -0.416428
0.317719 -0.416428
0.356277 -0.416428
0.376327 -0.416428
0.394835 -0.416428
0.410258 -0.416428
-0.391750 -0.417970
-0.376327 -0.417970
-0.360904 -0.417970
-0.345481 -0.417970
-0.061693 -0.417970
-0.029304 -0.417970
-0.007712 -0.417970
0.009254 -0.417970
0.024677 -0.417970
0.040100 -0.417970
0.067862 -0.417970
0.094082 -0.417970
0.342396 -0.417970
0.365531 -0.417970
0.387123 -0.417970
0.402547 -0.417970
-0.397920 -0.419512
-0.382496 -0.419512
-0.367073 -0.419512
-0.351650 -0.419512
-0.061693 -0.419512
-0.037016 -0.419512
-0.015423 -0.419512
0.001542 -0.419512
0.016966 -0.419512
0.032389 -0.419512
0.053981 -0.419512
0.075574 -0.419512
0.343938 -0.419512
0.368616 -0.419512
0.387123 -0.419512
0.402547 -0.419512
-0.396377 -0.421055
-0.380954 -0.421055
-0.365531 -0.421055
-0.350108 -0.421055
-0.058608 -0.421055
-0.024677 -0.421055
-0.007712 -0.421055
0.007712 -0.421055
0.023135 -0.421055
0.038558 -0.421055
0.063235 -0.421055
0.081743 -0.421055
0.351650 -0.421055
0.371700 -0.421055
0.390208 -0.421055
0.405631 -0.421055
-0.396377 -0.422597
-0.380954 -0.422597
-0.365531 -0.422597
-0.343938 -0.422597
-0.050897 -0.422597
-0.024677 -0.422597
-0.007712 -0.422597
0.007712 -0.422597
0.023135 -0.422597
0.040100 -0.422597
0.064778 -0.422597
0.103336 -0.422597
0.342396 -0.422597
0.359362 -0.422597
0.384039 -0.422597
0.401004 -0.422597
0.421055 -0.422597
-0.388666 -0.424139
-0.373242 -0.424139
-0.357819 -0.424139
-0.342396 -0.424139
-0.053981 -0.424139
-0.024677 -0.424139
-0.003085 -0.424139
0.012339 -0.424139
0.030846 -0.424139
0.053981 -0.424139
0.302296 -0.424139
0.331600 -0.424139
0.360904 -0.424139
0.382496 -0.424139
0.399462 -0.424139
0.416428 -0.424139
-0.387123 -0.425682
-0.371700 -0.425682
-0.356277 -0.425682
-0.306923 -0.425682
-0.053981 -0.425682
-0.015423 -0.425682
0.004627 -0.425682
0.023135 -0.425682
0.043185 -0.425682
0.078659 -0.425682
0.313092 -0.425682
0.356277 -0.425682
0.376327 -0.425682
0.393293 -0.425682
0.408716 -0.425682
-0.390208 -0.427224
-0.374785 -0.427224
-0.359362 -0.427224
-0.340854 -0.427224
-0.058608 -0.427224
-0.010796 -0.427224
0.007712 -0.427224
0.026220 -0.427224
0.063235 -0.427224
0.311549 -0.427224
0.353192 -0.427224
0.377869 -0.427224
0.396377 -0.427224
0.411801 -0.427224
-0.385581 -0.428766
-0.370158 -0.428766
-0.354735 -0.428766
-0.293042 -0.428766
-0.055524 -0.428766
-0.001542 -0.428766
0.013881 -0.428766
0.032389 -0.428766
0.067862 -0.428766
0.326973 -0.428766
0.359362 -0.428766
0.380954 -0.428766
0.399462 -0.428766
-0.391750 -0.430308
-0.376327 -0.430308
-0.360904 -0.430308
-0.326973 -0.430308
-0.061693 -0.430308
-0.003085 -0.430308
0.013881 -0.430308
0.033931 -0.430308
0.080201 -0.430308
0.333142 -0.430308
0.360904 -0.430308
0.385581 -0.430308
0.401004 -0.430308
-0.384039 -0.431851
-0.368616 -0.431851
-0.353192 -0.431851
-0.297669 -0.431851
-0.009254 -0.431851
0.007712 -0.431851
0.027762 -0.431851
0.066320 -0.431851
0.322346 -0.431851
0.350108 -0.431851
0.374785 -0.431851
0.391750 -0.431851
-0.393293 -0.433393
-0.377869 -0.433393
-0.362446 -0.433393
-0.343938 -0.433393
-0.020050 -0.433393
0.000000 -0.433393
0.021593 -0.433393
0.055524 -0.433393
0.316176 -0.433393
0.351650 -0.433393
0.367073 -0.433393
0.382496 -0.433393
0.397920 -0.433393
-0.382496 -0.434935
-0.367073 -0.434935
-0.350108 -0.434935
-0.310007 -0.434935
-0.001542 -0.434935
0.021593 -0.434935
0.070947 -0.434935
0.337769 -0.434935
0.359362 -0.434935
0.376327 -0.434935
0.391750 -0.434935
-0.385581 -0.436478
-0.370158 -0.436478
-0.354735 -0.436478
-0.325430 -0.436478
-0.001542 -0.436478
0.020050 -0.436478
0.070947 -0.436478
0.331600 -0.436478
0.354735 -0.436478
0.371700 -0.436478
0.387123 -0.436478
-0.388666 -0.438020
-0.373242 -0.438020
-0.357819 -0.438020
-0.330057 -0.438020
-0.266822 -0.438020
0.007712 -0.438020
0.070947 -0.438020
0.330057 -0.438020
0.353192 -0.438020
0.370158 -0.438020
0.385581 -0.438020
-0.391750 -0.439562
-0.376327 -0.439562
-0.360904 -0.439562
-0.339311 -0.439562
-0.303838 -0.439562
-0.268364 -0.439562
0.007712 -0.439562
0.040100 -0.439562
0.323888 -0.439562
0.348565 -0.439562
0.367073 -0.439562
0.382496 -0.439562
0.397920 -0.439562
-0.376327 -0.441105
-0.360904 -0.441105
-0.340854 -0.441105
-0.325430 -0.441105
-0.293042 -0.441105
0.004627 -0.441105
0.074032 -0.441105
0.331600 -0.441105
0.359362 -0.441105
0.374785 -0.441105
0.390208 -0.441105
-0.384039 -0.442647
-0.368616 -0.442647
-0.353192 -0.442647
-0.331600 -0.442647
-0.286872 -0.442647
0.007712 -0.442647
0.325430 -0.442647
0.350108 -0.442647
0.370158 -0.442647
0.385581 -0.442647
-0.387123 -0.444189
-0.371700 -0.444189
-0.356277 -0.444189
-0.334684 -0.444189
-0.314634 -0.444189
0.003085 -0.444189
0.029304 -0.444189
0.345481 -0.444189
0.365531 -0.444189
0.380954 -0.444189
0.396377 -0.444189
-0.374785 -0.445732
-0.359362 -0.445732
-0.336227 -0.445732
-0.320803 -0.445732
-0.271449 -0.445732
0.015423 -0.445732
0.337769 -0.445732
0.362446 -0.445732
0.377869 -0.445732
0.393293 -0.445732
-0.376327 -0.447274
-0.360904 -0.447274
-0.337769 -0.447274
-0.319261 -0.447274
0.001542 -0.447274
0.311549 -0.447274
0.340854 -0.447274
0.365531 -0.447274
0.380954 -0.447274
0.396377 -0.447274
-0.373242 -0.448816
-0.357819 -0.448816
-0.339311 -0.448816
-0.316176 -0.448816
0.001542 -0.448816
0.313092 -0.448816
0.347023 -0.448816
0.365531 -0.448816
0.380954 -0.448816
-0.388666 -0.450359
-0.368616 -0.450359
-0.353192 -0.450359
-0.336227 -0.450359
-0.313092 -0.450359
0.004627 -0.450359
0.330057 -0.450359
0.353192 -0.450359
0.368616 -0.450359
0.384039 -0.450359
-0.382496 -0.451901
-0.360904 -0.451901
-0.345481 -0.451901
-0.328515 -0.451901
-0.297669 -0.451901
0.291499 -0.451901
0.337769 -0.451901
0.354735 -0.451901
0.370158 -0.451901
0.385581 -0.451901
-0.380954 -0.453443
-0.360904 -0.453443
-0.345481 -0.453443
-0.323888 -0.453443
-0.297669 -0.453443
0.293042 -0.453443
0.339311 -0.453443
0.354735 -0.453443
0.374785 -0.453443
0.393293 -0.453443
-0.376327 -0.454986
-0.360904 -0.454986
-0.345481 -0.454986
-0.320803 -0.454986
-0.299211 -0.454986
0.323888 -0.454986
0.347023 -0.454986
0.370158 -0.454986
0.385581 -0.454986
-0.380954 -0.456528
-0.365531 -0.456528
-0.350108 -0.456528
-0.333142 -0.456528
-0.306923 -0.456528
0.293042 -0.456528
0.339311 -0.456528
0.363989 -0.456528
0.379412 -0.456528
-0.387123 -0.458070
-0.371700 -0.458070
-0.356277 -0.458070
-0.340854 -0.458070
-0.322346 -0.458070
-0.277618 -0.458070
0.323888 -0.458070
0.343938 -0.458070
0.363989 -0.458070
0.379412 -0.458070
-0.385581 -0.459613
-0.368616 -0.459613
-0.353192 -0.459613
-0.337769 -0.459613
-0.322346 -0.459613
0.007712 -0.459613
0.326973 -0.459613
0.343938 -0.459613
0.363989 -0.459613
0.379412 -0.459613
-0.382496 -0.461155
-0.363989 -0.461155
-0.348565 -0.461155
-0.333142 -0.461155
-0.310007 -0.461155
0.296126 -0.461155
0.325430 -0.461155
0.340854 -0.461155
0.356277 -0.461155
0.373242 -0.461155
0.396377 -0.461155
-0.363989 -0.462697
-0.348565 -0.462697
-0.333142 -0.462697
-0.297669 -0.462697
0.299211 -0.462697
0.326973 -0.462697
0.342396 -0.462697
0.360904 -0.462697
0.376327 -0.462697
-0.382496 -0.464240
-0.356277 -0.464240
-0.340854 -0.464240
-0.317719 -0.464240
0.007712 -0.464240
0.322346 -0.464240
0.337769 -0.464240
0.354735 -0.464240
0.370158 -0.464240
0.394835 -0.464240
-0.363989 -0.465782
-0.347023 -0.465782
-0.331600 -0.465782
-0.303838 -0.465782
0.317719 -0.465782
0.334684 -0.465782
0.350108 -0.465782
0.365531 -0.465782
0.393293 -0.465782
-0.363989 -0.467324
-0.348565 -0.467324
-0.333142 -0.467324
-0.313092 -0.467324
0.316176 -0.467324
0.336227 -0.467324
0.354735 -0.467324
0.370158 -0.467324
-0.382496 -0.468867
-0.353192 -0.468867
-0.337769 -0.468867
-0.316176 -0.468867
0.317719 -0.468867
0.336227 -0.468867
0.351650 -0.468867
0.367073 -0.468867
-0.380954 -0.470409
-0.353192 -0.470409
-0.337769 -0.470409
-0.316176 -0.470409
0.322346 -0.470409
0.337769 -0.470409
0.353192 -0.470409
0.368616 -0.470409
-0.379412 -0.471951
-0.348565 -0.471951
-0.333142 -0.471951
-0.282245 -0.471951
0.323888 -0.471951
0.339311 -0.471951
0.354735 -0.471951
0.373242 -0.471951
-0.360904 -0.473494
-0.345481 -0.473494
-0.330057 -0.473494
-0.266822 -0.473494
0.325430 -0.473494
0.343938 -0.473494
0.359362 -0.473494
0.393293 -0.473494
-0.354735 -0.475036
-0.339311 -0.475036
-0.323888 -0.475036
0.303838 -0.475036
0.337769 -0.475036
0.356277 -0.475036
0.391750 -0.475036
-0.353192 -0.476578
-0.337769 -0.476578
-0.322346 -0.476578
0.293042 -0.476578
0.323888 -0.476578
0.348565 -0.476578
0.365531 -0.476578
-0.380954 -0.478121
-0.340854 -0.478121
-0.325430 -0.478121
-0.303838 -0.478121
0.302296 -0.478121
0.334684 -0.478121
0.350108 -0.478121
0.365531 -0.478121
-0.382496 -0.479663
-0.342396 -0.479663
-0.326973 -0.479663
-0.303838 -0.479663
0.297669 -0.479663
0.319261 -0.479663
0.340854 -0.479663
0.356277 -0.479663
0.371700 -0.479663
-0.359362 -0.481205
-0.337769 -0.481205
-0.322346 -0.481205
-0.303838 -0.481205
0.303838 -0.481205
0.325430 -0.481205
0.345481 -0.481205
0.360904 -0.481205
0.393293 -0.481205
-0.351650 -0.482747
-0.336227 -0.482747
-0.320803 -0.482747
-0.305380 -0.482747
-0.283788 -0.482747
0.316176 -0.482747
0.333142 -0.482747
0.350108 -0.482747
0.367073 -0.482747
-0.379412 -0.484290
-0.342396 -0.484290
-0.326973 -0.484290
-0.311549 -0.484290
-0.296126 -0.484290
0.291499 -0.484290
0.319261 -0.484290
0.334684 -0.484290
0.350108 -0.484290
0.368616 -0.484290
-0.377869 -0.485832
-0.336227 -0.485832
-0.320803 -0.485832
-0.297669 -0.485832
0.291499 -0.485832
0.317719 -0.485832
0.333142 -0.485832
0.350108 -0.485832
0.367073 -0.485832
-0.347023 -0.487374
-0.331600 -0.487374
-0.316176 -0.487374
-0.294584 -0.487374
0.308465 -0.487374
0.325430 -0.487374
0.343938 -0.487374
0.359362 -0.487374
-0.380954 -0.488917
-0.340854 -0.488917
-0.325430 -0.488917
-0.310007 -0.488917
-0.294584 -0.488917
0.306923 -0.488917
0.325430 -0.488917
0.343938 -0.488917
0.359362 -0.488917
-0.377869 -0.490459
-0.339311 -0.490459
-0.323888 -0.490459
-0.308465 -0.490459
-0.283788 -0.490459
0.313092 -0.490459
0.328515 -0.490459
0.347023 -0.490459
0.388666 -0.490459
-0.351650 -0.492001
-0.330057 -0.492001
-0.314634 -0.492001
-0.294584 -0.492001
0.294584 -0.492001
0.319261 -0.492001
0.337769 -0.492001
0.353192 -0.492001
-0.379412 -0.493544
-0.334684 -0.493544
-0.317719 -0.493544
-0.296126 -0.493544
0.294584 -0.493544
0.314634 -0.493544
0.333142 -0.493544
0.348565 -0.493544
-0.382496 -0.495086
-0.333142 -0.495086
-0.314634 -0.495086
-0.294584 -0.495086
0.289957 -0.495086
0.306923 -0.495086
0.322346 -0.495086
0.340854 -0.495086
0.390208 -0.495086
-0.336227 -0.496628
-0.320803 -0.496628
-0.305380 -0.496628
0.286872 -0.496628
0.302296 -0.496628
0.317719 -0.496628
0.334684 -0.496628
0.350108 -0.496628
-0.379412 -0.498171
-0.328515 -0.498171
-0.313092 -0.498171
-0.297669 -0.498171
0.289957 -0.498171
0.305380 -0.498171
0.320803 -0.498171
0.336227 -0.498171
0.351650 -0.498171
-0.376327 -0.499713
-0.325430 -0.499713
-0.310007 -0.499713
-0.294584 -0.499713
0.288415 -0.499713
0.308465 -0.499713
0.323888 -0.499713
0.339311 -0.499713
0.390208 -0.499713
-0.334684 -0.501255
-0.317719 -0.501255
-0.302296 -0.501255
-0.252941 -0.501255
0.296126 -0.501255
0.317719 -0.501255
0.333142 -0.501255
0.350108 -0.501255
-0.339311 -0.502798
-0.317719 -0.502798
-0.302296 -0.502798
-0.259110 -0.502798
0.285330 -0.502798
0.300753 -0.502798
0.319261 -0.502798
0.334684 -0.502798
0.360904 -0.502798
-0.334684 -0.504340
-0.314634 -0.504340
-0.297669 -0.504340
-0.254483 -0.504340
0.279161 -0.504340
0.299211 -0.504340
0.319261 -0.504340
0.334684 -0.504340
0.390208 -0.504340
-0.333142 -0.505882
-0.316176 -0.505882
-0.300753 -0.505882
-0.272991 -0.505882
-0.245230 -0.505882
0.299211 -0.505882
0.319261 -0.505882
0.334684 -0.505882
-0.379412 -0.507425
-0.323888 -0.507425
-0.308465 -0.507425
-0.293042 -0.507425
-0.252941 -0.507425
0.257568 -0.507425
0.291499 -0.507425
0.316176 -0.507425
0.331600 -0.507425
-0.379412 -0.508967
-0.322346 -0.508967
-0.306923 -0.508967
-0.291499 -0.508967
-0.256026 -0.508967
-0.229806 -0.508967
0.285330 -0.508967
0.302296 -0.508967
0.317719 -0.508967
0.333142 -0.508967
-0.377869 -0.510509
-0.317719 -0.510509
-0.302296 -0.510509
-0.286872 -0.510509
-0.259110 -0.510509
-0.240603 -0.510509
0.269907 -0.510509
0.294584 -0.510509
0.311549 -0.510509
0.326973 -0.510509
-0.380954 -0.512052
-0.325430 -0.512052
-0.310007 -0.512052
-0.294584 -0.512052
-0.276076 -0.512052
-0.231349 -0.512052
0.269907 -0.512052
0.294584 -0.512052
0.311549 -0.512052
0.326973 -0.512052
-0.377869 -0.513594
-0.320803 -0.513594
-0.305380 -0.513594
-0.289957 -0.513594
-0.262195 -0.513594
-0.223637 -0.513594
0.271449 -0.513594
0.297669 -0.513594
0.314634 -0.513594
0.330057 -0.513594
-0.376327 -0.515136
-0.320803 -0.515136
-0.302296 -0.515136
-0.286872 -0.515136
-0.262195 -0.515136
-0.222095 -0.515136
0.271449 -0.515136
0.296126 -0.515136
0.313092 -0.515136
0.328515 -0.515136
-0.376327 -0.516679
-0.306923 -0.516679
-0.291499 -0.516679
-0.274534 -0.516679
-0.245230 -0.516679
-0.217468 -0.516679
0.274534 -0.516679
0.299211 -0.516679
0.314634 -0.516679
0.330057 -0.516679
-0.376327 -0.518221
-0.311549 -0.518221
-0.296126 -0.518221
-0.280703 -0.518221
-0.262195 -0.518221
-0.228264 -0.518221
0.259110 -0.518221
0.289957 -0.518221
0.308465 -0.518221
0.323888 -0.518221
0.391750 -0.518221
-0.316176 -0.519763
-0.300753 -0.519763
-0.285330 -0.519763
-0.269907 -0.519763
-0.245230 -0.519763
-0.220552 -0.519763
0.259110 -0.519763
0.280703 -0.519763
0.303838 -0.519763
0.319261 -0.519763
0.339311 -0.519763
-0.377869 -0.521306
-0.308465 -0.521306
-0.289957 -0.521306
-0.274534 -0.521306
-0.259110 -0.521306
-0.231349 -0.521306
-0.209756 -0.521306
0.277618 -0.521306
0.303838 -0.521306
0.319261 -0.521306
0.342396 -0.521306
-0.374785 -0.522848
-0.300753 -0.522848
-0.285330 -0.522848
-0.269907 -0.522848
-0.248314 -0.522848
-0.223637 -0.522848
0.223637 -0.522848
0.279161 -0.522848
0.306923 -0.522848
0.322346 -0.522848
-0.333142 -0.524390
-0.296126 -0.524390
-0.280703 -0.524390
-0.265280 -0.524390
-0.246772 -0.524390
-0.222095 -0.524390
0.256026 -0.524390
0.283788 -0.524390
0.302296 -0.524390
0.319261 -0.524390
-0.374785 -0.525933
-0.299211 -0.525933
-0.280703 -0.525933
-0.265280 -0.525933
-0.248314 -0.525933
-0.225179 -0.525933
0.225179 -0.525933
0.276076 -0.525933
0.300753 -0.525933
0.319261 -0.525933
-0.376327 -0.527475
-0.297669 -0.527475
-0.277618 -0.527475
-0.262195 -0.527475
-0.246772 -0.527475
-0.225179 -0.527475
0.262195 -0.527475
0.288415 -0.527475
0.303838 -0.527475
0.387123 -0.527475
-0.323888 -0.529017
-0.293042 -0.529017
-0.277618 -0.529017
-0.262195 -0.529017
-0.246772 -0.529017
-0.228264 -0.529017
0.235976 -0.529017
0.274534 -0.529017
0.294584 -0.529017
0.310007 -0.529017
0.388666 -0.529017
-0.308465 -0.530560
-0.291499 -0.530560
-0.276076 -0.530560
-0.260653 -0.530560
-0.245230 -0.530560
-0.209756 -0.530560
0.235976 -0.530560
0.282245 -0.530560
0.297669 -0.530560
0.313092 -0.530560
-0.379412 -0.532102
-0.302296 -0.532102
-0.285330 -0.532102
-0.269907 -0.532102
-0.254483 -0.532102
-0.239060 -0.532102
-0.191248 -0.532102
0.254483 -0.532102
0.277618 -0.532102
0.293042 -0.532102
0.308465 -0.532102
-0.379412 -0.533644
-0.300753 -0.533644
-0.283788 -0.533644
-0.268364 -0.533644
-0.252941 -0.533644
-0.232891 -0.533644
-0.200502 -0.533644
0.220552 -0.533644
0.266822 -0.533644
0.283788 -0.533644
0.299211 -0.533644
0.319261 -0.533644
-0.319261 -0.535187
-0.294584 -0.535187
-0.279161 -0.535187
-0.263737 -0.535187
-0.248314 -0.535187
-0.222095 -0.535187
-0.197417 -0.535187
0.209756 -0.535187
0.260653 -0.535187
0.276076 -0.535187
0.291499 -0.535187
0.306923 -0.535187
0.388666 -0.535187
-0.313092 -0.536729
-0.283788 -0.536729
-0.268364 -0.536729
-0.252941 -0.536729
-0.237518 -0.536729
-0.220552 -0.536729
-0.197417 -0.536729
-0.163486 -0.536729
0.251399 -0.536729
0.269907 -0.536729
0.288415 -0.536729
0.303838 -0.536729
0.322346 -0.536729
-0.377869 -0.538271
-0.300753 -0.538271
-0.274534 -0.538271
-0.259110 -0.538271
-0.243687 -0.538271
-0.228264 -0.538271
-0.206671 -0.538271
-0.186621 -0.538271
0.214383 -0.538271
0.260653 -0.538271
0.282245 -0.538271
0.297669 -0.538271
0.314634 -0.538271
0.391750 -0.538271
-0.306923 -0.539813
-0.280703 -0.539813
-0.265280 -0.539813
-0.249857 -0.539813
-0.234433 -0.539813
-0.214383 -0.539813
-0.195875 -0.539813
-0.178910 -0.539813
0.231349 -0.539813
0.265280 -0.539813
0.285330 -0.539813
0.300753 -0.539813
0.316176 -0.539813
-0.376327 -0.541356
-0.299211 -0.541356
-0.274534 -0.541356
-0.259110 -0.541356
-0.243687 -0.541356
-0.228264 -0.541356
-0.203587 -0.541356
-0.185079 -0.541356
-0.151148 -0.541356
0.245230 -0.541356
0.265280 -0.541356
0.283788 -0.541356
0.299211 -0.541356
0.314634 -0.541356
-0.374785 -0.542898
-0.291499 -0.542898
-0.272991 -0.542898
-0.257568 -0.542898
-0.242145 -0.542898
-0.226722 -0.542898
-0.206671 -0.542898
-0.186621 -0.542898
-0.152690 -0.542898
0.232891 -0.542898
0.259110 -0.542898
0.274534 -0.542898
0.289957 -0.542898
0.305380 -0.542898
-0.379412 -0.544440
-0.288415 -0.544440
-0.266822 -0.544440
-0.251399 -0.544440
-0.235976 -0.544440
-0.215925 -0.544440
-0.200502 -0.544440
-0.175825 -0.544440
0.209756 -0.544440
0.257568 -0.544440
0.272991 -0.544440
0.288415 -0.544440
0.303838 -0.544440
-0.374785 -0.545983
-0.271449 -0.545983
-0.254483 -0.545983
-0.239060 -0.545983
-0.223637 -0.545983
-0.208214 -0.545983
-0.189706 -0.545983
-0.168113 -0.545983
0.219010 -0.545983
0.262195 -0.545983
0.277618 -0.545983
0.294584 -0.545983
-0.379412 -0.547525
-0.280703 -0.547525
-0.252941 -0.547525
-0.237518 -0.547525
-0.222095 -0.547525
-0.203587 -0.547525
-0.185079 -0.547525
0.186621 -0.547525
0.232891 -0.547525
0.259110 -0.547525
0.274534 -0.547525
0.293042 -0.547525
0.390208 -0.547525
-0.282245 -0.549067
-0.254483 -0.549067
-0.239060 -0.549067
-0.223637 -0.549067
-0.195875 -0.549067
-0.180452 -0.549067
0.192791 -0.549067
0.232891 -0.549067
0.256026 -0.549067
0.271449 -0.549067
0.289957 -0.549067
0.387123 -0.549067
-0.297669 -0.550610
-0.262195 -0.550610
-0.246772 -0.550610
-0.231349 -0.550610
-0.208214 -0.550610
-0.191248 -0.550610
-0.172740 -0.550610
0.206671 -0.550610
0.243687 -0.550610
0.260653 -0.550610
0.276076 -0.550610
0.291499 -0.550610
0.311549 -0.550610
-0.313092 -0.552152
-0.282245 -0.552152
-0.252941 -0.552152
-0.237518 -0.552152
-0.222095 -0.552152
-0.206671 -0.552152
-0.191248 -0.552152
-0.165029 -0.552152
0.197417 -0.552152
0.220552 -0.552152
0.248314 -0.552152
0.266822 -0.552152
0.282245 -0.552152
0.302296 -0.552152
-0.379412 -0.553694
-0.289957 -0.553694
-0.256026 -0.553694
-0.240603 -0.553694
-0.225179 -0.553694
-0.209756 -0.553694
-0.194333 -0.553694
-0.168113 -0.553694
0.185079 -0.553694
0.215925 -0.553694
0.235976 -0.553694
0.262195 -0.553694
0.277618 -0.553694
0.293042 -0.553694
-0.379412 -0.555237
-0.285330 -0.555237
-0.265280 -0.555237
-0.249857 -0.555237
-0.234433 -0.555237
-0.219010 -0.555237
-0.203587 -0.555237
-0.185079 -0.555237
-0.149605 -0.555237
0.200502 -0.555237
0.225179 -0.555237
0.246772 -0.555237
0.265280 -0.555237
0.280703 -0.555237
0.302296 -0.555237
-0.285330 -0.556779
-0.269907 -0.556779
-0.254483 -0.556779
-0.239060 -0.556779
-0.223637 -0.556779
-0.208214 -0.556779
-0.192791 -0.556779
-0.157317 -0.556779
0.188164 -0.556779
0.214383 -0.556779
0.231349 -0.556779
0.252941 -0.556779
0.268364 -0.556779
0.283788 -0.556779
-0.379412 -0.558321
-0.269907 -0.558321
-0.249857 -0.558321
-0.229806 -0.558321
-0.214383 -0.558321
-0.198960 -0.558321
-0.183537 -0.558321
-0.158859 -0.558321
0.186621 -0.558321
0.212841 -0.558321
0.231349 -0.558321
0.249857 -0.558321
0.265280 -0.558321
0.280703 -0.558321
0.390208 -0.558321
-0.272991 -0.559864
-0.249857 -0.559864
-0.228264 -0.559864
-0.212841 -0.559864
-0.195875 -0.559864
-0.180452 -0.559864
-0.163486 -0.559864
-0.137267 -0.559864
0.198960 -0.559864
0.222095 -0.559864
0.246772 -0.559864
0.262195 -0.559864
0.280703 -0.559864
0.390208 -0.559864
-0.276076 -0.561406
-0.248314 -0.561406
-0.225179 -0.561406
-0.209756 -0.561406
-0.192791 -0.561406
-0.177367 -0.561406
-0.158859 -0.561406
0.163486 -0.561406
0.194333 -0.561406
0.217468 -0.561406
0.243687 -0.561406
0.259110 -0.561406
0.274534 -0.561406
0.289957 -0.561406
-0.279161 -0.562948
-0.251399 -0.562948
-0.235976 -0.562948
-0.220552 -0.562948
-0.203587 -0.562948
-0.188164 -0.562948
-0.169656 -0.562948
-0.152690 -0.562948
0.174283 -0.562948
0.194333 -0.562948
0.214383 -0.562948
0.234433 -0.562948
0.256026 -0.562948
0.271449 -0.562948
0.286872 -0.562948
-0.373242 -0.564491
-0.252941 -0.564491
-0.237518 -0.564491
-0.222095 -0.564491
-0.206671 -0.564491
-0.191248 -0.564491
-0.171198 -0.564491
-0.151148 -0.564491
0.166571 -0.564491
0.189706 -0.564491
0.211298 -0.564491
0.228264 -0.564491
0.249857 -0.564491
0.265280 -0.564491
0.280703 -0.564491
-0.379412 -0.566033
-0.271449 -0.566033
-0.248314 -0.566033
-0.232891 -0.566033
-0.217468 -0.566033
-0.202044 -0.566033
-0.186621 -0.566033
-0.165029 -0.566033
-0.148063 -0.566033
0.165029 -0.566033
0.189706 -0.566033
0.206671 -0.566033
0.222095 -0.566033
0.240603 -0.566033
0.256026 -0.566033
0.279161 -0.566033
-0.377869 -0.567575
-0.268364 -0.567575
-0.245230 -0.567575
-0.229806 -0.567575
-0.214383 -0.567575
-0.198960 -0.567575
-0.183537 -0.567575
-0.163486 -0.567575
-0.141894 -0.567575
0.161944 -0.567575
0.180452 -0.567575
0.198960 -0.567575
0.214383 -0.567575
0.231349 -0.567575
0.246772 -0.567575
0.262195 -0.567575
0.387123 -0.567575
-0.280703 -0.569118
-0.246772 -0.569118
-0.231349 -0.569118
-0.212841 -0.569118
-0.197417 -0.569118
-0.181994 -0.569118
-0.161944 -0.569118
-0.141894 -0.569118
0.163486 -0.569118
0.181994 -0.569118
0.200502 -0.569118
0.217468 -0.569118
0.235976 -0.569118
0.251399 -0.569118
0.272991 -0.569118
-0.374785 -0.570660
-0.248314 -0.570660
-0.232891 -0.570660
-0.217468 -0.570660
-0.202044 -0.570660
-0.186621 -0.570660
-0.169656 -0.570660
-0.151148 -0.570660
-0.129555 -0.570660
0.171198 -0.570660
0.189706 -0.570660
0.208214 -0.570660
0.225179 -0.570660
0.243687 -0.570660
0.259110 -0.570660
0.388666 -0.570660
-0.259110 -0.572202
-0.235976 -0.572202
-0.220552 -0.572202
-0.205129 -0.572202
-0.189706 -0.572202
-0.171198 -0.572202
-0.155775 -0.572202
-0.140352 -0.572202
-0.114132 -0.572202
0.172740 -0.572202
0.191248 -0.572202
0.208214 -0.572202
0.225179 -0.572202
0.242145 -0.572202
0.259110 -0.572202
0.391750 -0.572202
-0.256026 -0.573745
-0.231349 -0.573745
-0.215925 -0.573745
-0.200502 -0.573745
-0.185079 -0.573745
-0.168113 -0.573745
-0.152690 -0.573745
-0.137267 -0.573745
0.155775 -0.573745
0.175825 -0.573745
0.191248 -0.573745
0.211298 -0.573745
0.226722 -0.573745
0.242145 -0.573745
0.257568 -0.573745
0.390208 -0.573745
-0.274534 -0.575287
-0.235976 -0.575287
-0.220552 -0.575287
-0.205129 -0.575287
-0.189706 -0.575287
-0.172740 -0.575287
-0.157317 -0.575287
-0.141894 -0.575287
-0.104878 -0.575287
0.166571 -0.575287
0.181994 -0.575287
0.197417 -0.575287
0.214383 -0.575287
0.232891 -0.575287
0.248314 -0.575287
0.263737 -0.575287
-0.376327 -0.576829
-0.272991 -0.576829
-0.234433 -0.576829
-0.219010 -0.576829
-0.200502 -0.576829
-0.185079 -0.576829
-0.169656 -0.576829
-0.154232 -0.576829
-0.138809 -0.576829
-0.115674 -0.576829
0.154232 -0.576829
0.172740 -0.576829
0.188164 -0.576829
0.205129 -0.576829
0.225179 -0.576829
0.240603 -0.576829
0.256026 -0.576829
0.390208 -0.576829
-0.251399 -0.578372
-0.231349 -0.578372
-0.215925 -0.578372
-0.195875 -0.578372
-0.180452 -0.578372
-0.165029 -0.578372
-0.149605 -0.578372
-0.132640 -0.578372
-0.111047 -0.578372
0.152690 -0.578372
0.169656 -0.578372
0.185079 -0.578372
0.203587 -0.578372
0.220552 -0.578372
0.235976 -0.578372
0.251399 -0.578372
0.269907 -0.578372
-0.280703 -0.579914
-0.234433 -0.579914
-0.219010 -0.579914
-0.198960 -0.579914
-0.183537 -0.579914
-0.168113 -0.579914
-0.152690 -0.579914
-0.134182 -0.579914
-0.118759 -0.579914
0.131098 -0.579914
0.158859 -0.579914
0.175825 -0.579914
0.191248 -0.579914
0.209756 -0.579914
0.228264 -0.579914
0.243687 -0.579914
0.259110 -0.579914
-0.376327 -0.581456
-0.243687 -0.581456
-0.228264 -0.581456
-0.212841 -0.581456
-0.191248 -0.581456
-0.175825 -0.581456
-0.160402 -0.581456
-0.140352 -0.581456
-0.124928 -0.581456
-0.107963 -0.581456
0.131098 -0.581456
0.160402 -0.581456
0.175825 -0.581456
0.191248 -0.581456
0.209756 -0.581456
0.229806 -0.581456
0.245230 -0.581456
0.266822 -0.581456
-0.373242 -0.582999
-0.237518 -0.582999
-0.222095 -0.582999
-0.202044 -0.582999
-0.186621 -0.582999
-0.171198 -0.582999
-0.154232 -0.582999
-0.135725 -0.582999
-0.120301 -0.582999
0.087912 -0.582999
0.146521 -0.582999
0.161944 -0.582999
0.177367 -0.582999
0.195875 -0.582999
0.211298 -0.582999
0.229806 -0.582999
0.245230 -0.582999
0.268364 -0.582999
-0.373242 -0.584541
-0.234433 -0.584541
-0.215925 -0.584541
-0.198960 -0.584541
-0.183537 -0.584541
-0.168113 -0.584541
-0.151148 -0.584541
-0.135725 -0.584541
-0.120301 -0.584541
-0.061693 -0.584541
0.137267 -0.584541
0.152690 -0.584541
0.168113 -0.584541
0.183537 -0.584541
0.202044 -0.584541
0.217468 -0.584541
0.232891 -0.584541
0.256026 -0.584541
-0.377869 -0.586083
-0.239060 -0.586083
-0.223637 -0.586083
-0.208214 -0.586083
-0.192791 -0.586083
-0.177367 -0.586083
-0.161944 -0.586083
-0.144978 -0.586083
-0.129555 -0.586083
-0.112590 -0.586083
0.087912 -0.586083
0.131098 -0.586083
0.151148 -0.586083
0.166571 -0.586083
0.181994 -0.586083
0.200502 -0.586083
0.215925 -0.586083
0.231349 -0.586083
0.256026 -0.586083
-0.377869 -0.587626
-0.243687 -0.587626
-0.228264 -0.587626
-0.212841 -0.587626
-0.197417 -0.587626
-0.181994 -0.587626
-0.166571 -0.587626
-0.151148 -0.587626
-0.135725 -0.587626
-0.120301 -0.587626
-0.103336 -0.587626
0.070947 -0.587626
0.124928 -0.587626
0.143436 -0.587626
0.158859 -0.587626
0.174283 -0.587626
0.189706 -0.587626
0.205129 -0.587626
0.220552 -0.587626
0.235976 -0.587626
0.266822 -0.587626
-0.377869 -0.589168
-0.248314 -0.589168
-0.229806 -0.589168
-0.214383 -0.589168
-0.198960 -0.589168
-0.180452 -0.589168
-0.163486 -0.589168
-0.148063 -0.589168
-0.132640 -0.589168
-0.115674 -0.589168
-0.098709 -0.589168
0.070947 -0.589168
0.114132 -0.589168
0.137267 -0.589168
0.152690 -0.589168
0.168113 -0.589168
0.183537 -0.589168
0.198960 -0.589168
0.214383 -0.589168
0.229806 -0.589168
0.248314 -0.589168
0.387123 -0.589168
-0.269907 -0.590710
-0.234433 -0.590710
-0.215925 -0.590710
-0.200502 -0.590710
-0.181994 -0.590710
-0.166571 -0.590710
-0.151148 -0.590710
-0.135725 -0.590710
-0.117217 -0.590710
-0.101793 -0.590710
0.067862 -0.590710
0.106420 -0.590710
0.131098 -0.590710
0.151148 -0.590710
0.166571 -0.590710
0.181994 -0.590710
0.200502 -0.590710
0.215925 -0.590710
0.231349 -0.590710
0.246772 -0.590710
0.390208 -0.590710
-0.246772 -0.592252
-0.214383 -0.592252
-0.198960 -0.592252
-0.181994 -0.592252
-0.166571 -0.592252
-0.151148 -0.592252
-0.135725 -0.592252
-0.118759 -0.592252
-0.103336 -0.592252
-0.044727 -0.592252
0.100251 -0.592252
0.123386 -0.592252
0.140352 -0.592252
0.155775 -0.592252
0.171198 -0.592252
0.189706 -0.592252
0.205129 -0.592252
0.220552 -0.592252
0.235976 -0.592252
0.263737 -0.592252
-0.371700 -0.593795
-0.214383 -0.593795
-0.198960 -0.593795
-0.181994 -0.593795
-0.166571 -0.593795
-0.151148 -0.593795
-0.135725 -0.593795
-0.120301 -0.593795
-0.104878 -0.593795
-0.078659 -0.593795
0.069405 -0.593795
0.100251 -0.593795
0.123386 -0.593795
0.140352 -0.593795
0.155775 -0.593795
0.172740 -0.593795
0.189706 -0.593795
0.205129 -0.593795
0.220552 -0.593795
0.235976 -0.593795
0.263737 -0.593795
-0.371700 -0.595337
-0.214383 -0.595337
-0.198960 -0.595337
-0.180452 -0.595337
-0.165029 -0.595337
-0.149605 -0.595337
-0.134182 -0.595337
-0.118759 -0.595337
-0.103336 -0.595337
-0.084828 -0.595337
-0.010796 -0.595337
0.087912 -0.595337
0.104878 -0.595337
0.124928 -0.595337
0.143436 -0.595337
0.158859 -0.595337
0.177367 -0.595337
0.192791 -0.595337
0.208214 -0.595337
0.223637 -0.595337
0.239060 -0.595337
-0.373242 -0.596879
-0.219010 -0.596879
-0.203587 -0.596879
-0.188164 -0.596879
-0.172740 -0.596879
-0.157317 -0.596879
-0.141894 -0.596879
-0.126471 -0.596879
-0.111047 -0.596879
-0.095624 -0.596879
-0.058608 -0.596879
0.060151 -0.596879
0.089455 -0.596879
0.109505 -0.596879
0.124928 -0.596879
0.143436 -0.596879
0.158859 -0.596879
0.175825 -0.596879
0.191248 -0.596879
0.206671 -0.596879
0.222095 -0.596879
0.237518 -0.596879
-0.248314 -0.598422
-0.211298 -0.598422
-0.195875 -0.598422
-0.180452 -0.598422
-0.165029 -0.598422
-0.149605 -0.598422
-0.134182 -0.598422
-0.118759 -0.598422
-0.103336 -0.598422
-0.084828 -0.598422
-0.055524 -0.598422
0.043185 -0.598422
0.067862 -0.598422
0.092539 -0.598422
0.111047 -0.598422
0.129555 -0.598422
0.146521 -0.598422
0.161944 -0.598422
0.177367 -0.598422
0.194333 -0.598422
0.209756 -0.598422
0.228264 -0.598422
0.387123 -0.598422
-0.223637 -0.599964
-0.206671 -0.599964
-0.191248 -0.599964
-0.175825 -0.599964
-0.155775 -0.599964
-0.138809 -0.599964
-0.123386 -0.599964
-0.107963 -0.599964
-0.092539 -0.599964
-0.072489 -0.599964
-0.035473 -0.599964
0.029304 -0.599964
0.058608 -0.599964
0.078659 -0.599964
0.097166 -0.599964
0.112590 -0.599964
0.131098 -0.599964
0.148063 -0.599964
0.165029 -0.599964
0.180452 -0.599964
0.197417 -0.599964
0.212841 -0.599964
0.231349 -0.599964
0.246772 -0.599964
-0.222095 -0.601506
-0.206671 -0.601506
-0.191248 -0.601506
-0.175825 -0.601506
-0.152690 -0.601506
-0.135725 -0.601506
-0.120301 -0.601506
-0.103336 -0.601506
-0.083286 -0.601506
-0.060151 -0.601506
-0.038558 -0.601506
-0.007712 -0.601506
0.037016 -0.601506
0.055524 -0.601506
0.070947 -0.601506
0.089455 -0.601506
0.104878 -0.601506
0.120301 -0.601506
0.137267 -0.601506
0.154232 -0.601506
0.169656 -0.601506
0.185079 -0.601506
0.202044 -0.601506
0.217468 -0.601506
0.232891 -0.601506
0.387123 -0.601506
-0.215925 -0.603049
-0.200502 -0.603049
-0.185079 -0.603049
-0.169656 -0.603049
-0.154232 -0.603049
-0.135725 -0.603049
-0.120301 -0.603049
-0.101793 -0.603049
-0.081743 -0.603049
-0.066320 -0.603049
-0.047812 -0.603049
-0.020050 -0.603049
0.023135 -0.603049
0.041643 -0.603049
0.063235 -0.603049
0.081743 -0.603049
0.097166 -0.603049
0.112590 -0.603049
0.131098 -0.603049
0.146521 -0.603049
0.161944 -0.603049
0.177367 -0.603049
0.195875 -0.603049
0.211298 -0.603049
0.226722 -0.603049
0.387123 -0.603049
-0.217468 -0.604591
-0.202044 -0.604591
-0.186621 -0.604591
-0.171198 -0.604591
-0.155775 -0.604591
-0.137267 -0.604591
-0.121844 -0.604591
-0.104878 -0.604591
-0.086370 -0.604591
-0.070947 -0.604591
-0.055524 -0.604591
-0.040100 -0.604591
-0.010796 -0.604591
0.021593 -0.604591
0.037016 -0.604591
0.057066 -0.604591
0.072489 -0.604591
0.090997 -0.604591
0.106420 -0.604591
0.121844 -0.604591
0.137267 -0.604591
0.152690 -0.604591
0.168113 -0.604591
0.183537 -0.604591
0.202044 -0.604591
0.217468 -0.604591
0.384039 -0.604591
-0.254483 -0.606133
-0.203587 -0.606133
-0.183537 -0.606133
-0.168113 -0.606133
-0.148063 -0.606133
-0.129555 -0.606133
-0.114132 -0.606133
-0.095624 -0.606133
-0.080201 -0.606133
-0.064778 -0.606133
-0.049354 -0.606133
-0.033931 -0.606133
-0.009254 -0.606133
0.018508 -0.606133
0.033931 -0.606133
0.052439 -0.606133
0.067862 -0.606133
0.084828 -0.606133
0.100251 -0.606133
0.115674 -0.606133
0.134182 -0.606133
0.149605 -0.606133
0.165029 -0.606133
0.180452 -0.606133
0.195875 -0.606133
0.211298 -0.606133
0.226722 -0.606133
-0.256026 -0.607676
-0.208214 -0.607676
-0.192791 -0.607676
-0.174283 -0.607676
-0.155775 -0.607676
-0.138809 -0.607676
-0.123386 -0.607676
-0.107963 -0.607676
-0.089455 -0.607676
-0.074032 -0.607676
-0.058608 -0.607676
-0.043185 -0.607676
-0.026220 -0.607676
-0.010796 -0.607676
0.010796 -0.607676
0.027762 -0.607676
0.043185 -0.607676
0.060151 -0.607676
0.078659 -0.607676
0.094082 -0.607676
0.109505 -0.607676
0.124928 -0.607676
0.141894 -0.607676
0.157317 -0.607676
0.172740 -0.607676
0.188164 -0.607676
0.203587 -0.607676
0.223637 -0.607676
-0.373242 -0.609218
-0.211298 -0.609218
-0.195875 -0.609218
-0.180452 -0.609218
-0.165029 -0.609218
-0.149605 -0.609218
-0.134182 -0.609218
-0.118759 -0.609218
-0.103336 -0.609218
-0.086370 -0.609218
-0.070947 -0.609218
-0.053981 -0.609218
-0.037016 -0.609218
-0.021593 -0.609218
-0.006169 -0.609218
0.012339 -0.609218
0.027762 -0.609218
0.043185 -0.609218
0.060151 -0.609218
0.077116 -0.609218
0.092539 -0.609218
0.107963 -0.609218
0.123386 -0.609218
0.141894 -0.609218
0.157317 -0.609218
0.174283 -0.609218
0.189706 -0.609218
0.205129 -0.609218
0.239060 -0.609218
-0.370158 -0.610760
-0.222095 -0.610760
-0.192791 -0.610760
-0.177367 -0.610760
-0.161944 -0.610760
-0.146521 -0.610760
-0.131098 -0.610760
-0.115674 -0.610760
-0.100251 -0.610760
-0.084828 -0.610760
-0.067862 -0.610760
-0.052439 -0.610760
-0.035473 -0.610760
-0.020050 -0.610760
-0.004627 -0.610760
0.012339 -0.610760
0.027762 -0.610760
0.043185 -0.610760
0.058608 -0.610760
0.077116 -0.610760
0.092539 -0.610760
0.107963 -0.610760
0.123386 -0.610760
0.140352 -0.610760
0.155775 -0.610760
0.174283 -0.610760
0.189706 -0.610760
0.205129 -0.610760
0.235976 -0.610760
-0.370158 -0.612303
-0.222095 -0.612303
-0.185079 -0.612303
-0.169656 -0.612303
-0.154232 -0.612303
-0.138809 -0.612303
-0.123386 -0.612303
-0.107963 -0.612303
-0.092539 -0.612303
-0.077116 -0.612303
-0.060151 -0.612303
-0.044727 -0.612303
-0.027762 -0.612303
-0.012339 -0.612303
0.006169 -0.612303
0.021593 -0.612303
0.037016 -0.612303
0.052439 -0.612303
0.067862 -0.612303
0.084828 -0.612303
0.100251 -0.612303
0.115674 -0.612303
0.131098 -0.612303
0.146521 -0.612303
0.163486 -0.612303
0.178910 -0.612303
0.195875 -0.612303
0.211298 -0.612303
0.234433 -0.612303
-0.368616 -0.613845
-0.203587 -0.613845
-0.178910 -0.613845
-0.163486 -0.613845
-0.148063 -0.613845
-0.132640 -0.613845
-0.117217 -0.613845
-0.101793 -0.613845
-0.086370 -0.613845
-0.069405 -0.613845
-0.053981 -0.613845
-0.037016 -0.613845
-0.020050 -0.613845
-0.003085 -0.613845
0.013881 -0.613845
0.029304 -0.613845
0.044727 -0.613845
0.060151 -0.613845
0.077116 -0.613845
0.092539 -0.613845
0.107963 -0.613845
0.123386 -0.613845
0.138809 -0.613845
0.154232 -0.613845
0.169656 -0.613845
0.186621 -0.613845
0.202044 -0.613845
0.217468 -0.613845
0.232891 -0.613845
-0.235976 -0.615387
-0.203587 -0.615387
-0.178910 -0.615387
-0.163486 -0.615387
-0.148063 -0.615387
-0.132640 -0.615387
-0.117217 -0.615387
-0.100251 -0.615387
-0.084828 -0.615387
-0.069405 -0.615387
-0.053981 -0.615387
-0.033931 -0.615387
-0.016966 -0.615387
0.001542 -0.615387
0.016966 -0.615387
0.032389 -0.615387
0.047812 -0.615387
0.063235 -0.615387
0.081743 -0.615387
0.097166 -0.615387
0.112590 -0.615387
0.128013 -0.615387
0.143436 -0.615387
0.158859 -0.615387
0.174283 -0.615387
0.189706 -0.615387
0.206671 -0.615387
0.225179 -0.615387
-0.373242 -0.616930
-0.192791 -0.616930
-0.177367 -0.616930
-0.161944 -0.616930
-0.146521 -0.616930
-0.131098 -0.616930
-0.115674 -0.616930
-0.100251 -0.616930
-0.084828 -0.616930
-0.069405 -0.616930
-0.053981 -0.616930
-0.037016 -0.616930
-0.020050 -0.616930
-0.001542 -0.616930
0.015423 -0.616930
0.030846 -0.616930
0.046270 -0.616930
0.063235 -0.616930
0.081743 -0.616930
0.097166 -0.616930
0.112590 -0.616930
0.128013 -0.616930
0.143436 -0.616930
0.158859 -0.616930
0.174283 -0.616930
0.189706 -0.616930
0.205129 -0.616930
0.380954 -0.616930
-0.209756 -0.618472
-0.183537 -0.618472
-0.168113 -0.618472
-0.152690 -0.618472
-0.132640 -0.618472
-0.117217 -0.618472
-0.098709 -0.618472
-0.083286 -0.618472
-0.067862 -0.618472
-0.052439 -0.618472
-0.033931 -0.618472
-0.018508 -0.618472
0.001542 -0.618472
0.021593 -0.618472
0.037016 -0.618472
0.057066 -0.618472
0.075574 -0.618472
0.090997 -0.618472
0.106420 -0.618472
0.121844 -0.618472
0.138809 -0.618472
0.154232 -0.618472
0.169656 -0.618472
0.185079 -0.618472
0.200502 -0.618472
0.215925 -0.618472
-0.229806 -0.620014
-0.181994 -0.620014
-0.165029 -0.620014
-0.149605 -0.620014
-0.128013 -0.620014
-0.111047 -0.620014
-0.095624 -0.620014
-0.080201 -0.620014
-0.063235 -0.620014
-0.046270 -0.620014
-0.026220 -0.620014
-0.006169 -0.620014
0.010796 -0.620014
0.030846 -0.620014
0.047812 -0.620014
0.063235 -0.620014
0.083286 -0.620014
0.098709 -0.620014
0.114132 -0.620014
0.129555 -0.620014
0.144978 -0.620014
0.160402 -0.620014
0.175825 -0.620014
0.191248 -0.620014
0.206671 -0.620014
0.384039 -0.620014
-0.197417 -0.621557
-0.165029 -0.621557
-0.149605 -0.621557
-0.129555 -0.621557
-0.114132 -0.621557
-0.098709 -0.621557
-0.081743 -0.621557
-0.063235 -0.621557
-0.046270 -0.621557
-0.026220 -0.621557
-0.007712 -0.621557
0.007712 -0.621557
0.026220 -0.621557
0.041643 -0.621557
0.057066 -0.621557
0.075574 -0.621557
0.092539 -0.621557
0.107963 -0.621557
0.123386 -0.621557
0.140352 -0.621557
0.155775 -0.621557
0.171198 -0.621557
0.186621 -0.621557
0.202044 -0.621557
0.380954 -0.621557
-0.198960 -0.623099
-0.161944 -0.623099
-0.146521 -0.623099
-0.128013 -0.623099
-0.112590 -0.623099
-0.097166 -0.623099
-0.081743 -0.623099
-0.064778 -0.623099
-0.049354 -0.623099
-0.027762 -0.623099
-0.007712 -0.623099
0.007712 -0.623099
0.026220 -0.623099
0.041643 -0.623099
0.058608 -0.623099
0.077116 -0.623099
0.092539 -0.623099
0.107963 -0.623099
0.124928 -0.623099
0.143436 -0.623099
0.158859 -0.623099
0.174283 -0.623099
0.189706 -0.623099
0.205129 -0.623099
0.385581 -0.623099
-0.188164 -0.624641
-0.161944 -0.624641
-0.146521 -0.624641
-0.131098 -0.624641
-0.115674 -0.624641
-0.100251 -0.624641
-0.084828 -0.624641
-0.069405 -0.624641
-0.052439 -0.624641
-0.035473 -0.624641
-0.018508 -0.624641
-0.001542 -0.624641
0.018508 -0.624641
0.037016 -0.624641
0.053981 -0.624641
0.070947 -0.624641
0.087912 -0.624641
0.104878 -0.624641
0.123386 -0.624641
0.140352 -0.624641
0.155775 -0.624641
0.171198 -0.624641
0.186621 -0.624641
0.203587 -0.624641
-0.367073 -0.626184
-0.185079 -0.626184
-0.161944 -0.626184
-0.146521 -0.626184
-0.131098 -0.626184
-0.114132 -0.626184
-0.098709 -0.626184
-0.083286 -0.626184
-0.067862 -0.626184
-0.052439 -0.626184
-0.035473 -0.626184
-0.020050 -0.626184
-0.003085 -0.626184
0.018508 -0.626184
0.035473 -0.626184
0.050897 -0.626184
0.069405 -0.626184
0.086370 -0.626184
0.103336 -0.626184
0.121844 -0.626184
0.137267 -0.626184
0.152690 -0.626184
0.168113 -0.626184
0.183537 -0.626184
0.203587 -0.626184
-0.365531 -0.627726
-0.181994 -0.627726
-0.163486 -0.627726
-0.146521 -0.627726
-0.131098 -0.627726
-0.112590 -0.627726
-0.097166 -0.627726
-0.081743 -0.627726
-0.066320 -0.627726
-0.050897 -0.627726
-0.035473 -0.627726
-0.020050 -0.627726
-0.003085 -0.627726
0.015423 -0.627726
0.033931 -0.627726
0.049354 -0.627726
0.066320 -0.627726
0.081743 -0.627726
0.101793 -0.627726
0.120301 -0.627726
0.135725 -0.627726
0.151148 -0.627726
0.166571 -0.627726
0.181994 -0.627726
0.202044 -0.627726
-0.367073 -0.629268
-0.178910 -0.629268
-0.163486 -0.629268
-0.144978 -0.629268
-0.129555 -0.629268
-0.114132 -0.629268
-0.098709 -0.629268
-0.083286 -0.629268
-0.067862 -0.629268
-0.052439 -0.629268
-0.037016 -0.629268
-0.021593 -0.629268
-0.006169 -0.629268
0.012339 -0.629268
0.030846 -0.629268
0.046270 -0.629268
0.061693 -0.629268
0.077116 -0.629268
0.095624 -0.629268
0.111047 -0.629268
0.126471 -0.629268
0.141894 -0.629268
0.157317 -0.629268
0.172740 -0.629268
0.188164 -0.629268
0.212841 -0.629268
-0.192791 -0.630811
-0.168113 -0.630811
-0.152690 -0.630811
-0.135725 -0.630811
-0.120301 -0.630811
-0.104878 -0.630811
-0.089455 -0.630811
-0.074032 -0.630811
-0.058608 -0.630811
-0.043185 -0.630811
-0.026220 -0.630811
-0.010796 -0.630811
0.004627 -0.630811
0.023135 -0.630811
0.038558 -0.630811
0.053981 -0.630811
0.069405 -0.630811
0.086370 -0.630811
0.101793 -0.630811
0.117217 -0.630811
0.132640 -0.630811
0.148063 -0.630811
0.163486 -0.630811
0.178910 -0.630811
0.194333 -0.630811
0.214383 -0.630811
-0.191248 -0.632353
-0.161944 -0.632353
-0.146521 -0.632353
-0.131098 -0.632353
-0.115674 -0.632353
-0.100251 -0.632353
-0.084828 -0.632353
-0.069405 -0.632353
-0.052439 -0.632353
-0.037016 -0.632353
-0.018508 -0.632353
-0.003085 -0.632353
0.013881 -0.632353
0.029304 -0.632353
0.044727 -0.632353
0.060151 -0.632353
0.075574 -0.632353
0.090997 -0.632353
0.109505 -0.632353
0.126471 -0.632353
0.141894 -0.632353
0.157317 -0.632353
0.172740 -0.632353
0.188164 -0.632353
0.214383 -0.632353
-0.191248 -0.633895
-0.157317 -0.633895
-0.141894 -0.633895
-0.124928 -0.633895
-0.109505 -0.633895
-0.090997 -0.633895
-0.075574 -0.633895
-0.055524 -0.633895
-0.040100 -0.633895
-0.021593 -0.633895
-0.001542 -0.633895
0.013881 -0.633895
0.029304 -0.633895
0.044727 -0.633895
0.060151 -0.633895
0.077116 -0.633895
0.092539 -0.633895
0.107963 -0.633895
0.124928 -0.633895
0.140352 -0.633895
0.155775 -0.633895
0.171198 -0.633895
0.186621 -0.633895
0.379412 -0.633895
-0.169656 -0.635438
-0.148063 -0.635438
-0.132640 -0.635438
-0.117217 -0.635438
-0.098709 -0.635438
-0.083286 -0.635438
-0.064778 -0.635438
-0.049354 -0.635438
-0.033931 -0.635438
-0.016966 -0.635438
0.001542 -0.635438
0.018508 -0.635438
0.033931 -0.635438
0.049354 -0.635438
0.064778 -0.635438
0.083286 -0.635438
0.098709 -0.635438
0.115674 -0.635438
0.131098 -0.635438
0.146521 -0.635438
0.161944 -0.635438
0.177367 -0.635438
0.194333 -0.635438
-0.362446 -0.636980
-0.163486 -0.636980
-0.141894 -0.636980
-0.123386 -0.636980
-0.107963 -0.636980
-0.092539 -0.636980
-0.077116 -0.636980
-0.058608 -0.636980
-0.043185 -0.636980
-0.027762 -0.636980
-0.012339 -0.636980
0.006169 -0.636980
0.021593 -0.636980
0.038558 -0.636980
0.053981 -0.636980
0.069405 -0.636980
0.086370 -0.636980
0.101793 -0.636980
0.117217 -0.636980
0.132640 -0.636980
0.148063 -0.636980
0.163486 -0.636980
0.181994 -0.636980
0.198960 -0.636980
-0.188164 -0.638522
-0.154232 -0.638522
-0.138809 -0.638522
-0.120301 -0.638522
-0.104878 -0.638522
-0.089455 -0.638522
-0.067862 -0.638522
-0.052439 -0.638522
-0.037016 -0.638522
-0.021593 -0.638522
-0.006169 -0.638522
0.012339 -0.638522
0.027762 -0.638522
0.047812 -0.638522
0.063235 -0.638522
0.081743 -0.638522
0.097166 -0.638522
0.112590 -0.638522
0.128013 -0.638522
0.143436 -0.638522
0.158859 -0.638522
0.191248 -0.638522
-0.359362 -0.640065
-0.157317 -0.640065
-0.135725 -0.640065
-0.120301 -0.640065
-0.104878 -0.640065
-0.089455 -0.640065
-0.074032 -0.640065
-0.058608 -0.640065
-0.043185 -0.640065
-0.027762 -0.640065
-0.012339 -0.640065
0.003085 -0.640065
0.018508 -0.640065
0.033931 -0.640065
0.052439 -0.640065
0.069405 -0.640065
0.084828 -0.640065
0.100251 -0.640065
0.115674 -0.640065
0.131098 -0.640065
0.146521 -0.640065
0.172740 -0.640065
0.376327 -0.640065
-0.175825 -0.641607
-0.146521 -0.641607
-0.131098 -0.641607
-0.115674 -0.641607
-0.100251 -0.641607
-0.084828 -0.641607
-0.069405 -0.641607
-0.053981 -0.641607
-0.038558 -0.641607
-0.023135 -0.641607
-0.004627 -0.641607
0.010796 -0.641607
0.026220 -0.641607
0.043185 -0.641607
0.058608 -0.641607
0.077116 -0.641607
0.092539 -0.641607
0.107963 -0.641607
0.123386 -0.641607
0.138809 -0.641607
0.154232 -0.641607
0.181994 -0.641607
-0.357819 -0.643149
-0.148063 -0.643149
-0.132640 -0.643149
-0.117217 -0.643149
-0.101793 -0.643149
-0.086370 -0.643149
-0.070947 -0.643149
-0.055524 -0.643149
-0.040100 -0.643149
-0.024677 -0.643149
-0.006169 -0.643149
0.009254 -0.643149
0.024677 -0.643149
0.040100 -0.643149
0.055524 -0.643149
0.074032 -0.643149
0.089455 -0.643149
0.104878 -0.643149
0.120301 -0.643149
0.135725 -0.643149
0.152690 -0.643149
0.183537 -0.643149
-0.362446 -0.644692
-0.152690 -0.644692
-0.137267 -0.644692
-0.120301 -0.644692
-0.104878 -0.644692
-0.089455 -0.644692
-0.074032 -0.644692
-0.058608 -0.644692
-0.043185 -0.644692
-0.027762 -0.644692
-0.010796 -0.644692
0.004627 -0.644692
0.020050 -0.644692
0.035473 -0.644692
0.050897 -0.644692
0.069405 -0.644692
0.084828 -0.644692
0.100251 -0.644692
0.115674 -0.644692
0.131098 -0.644692
0.149605 -0.644692
0.188164 -0.644692
-0.175825 -0.646234
-0.135725 -0.646234
-0.118759 -0.646234
-0.103336 -0.646234
-0.087912 -0.646234
-0.072489 -0.646234
-0.057066 -0.646234
-0.041643 -0.646234
-0.026220 -0.646234
-0.007712 -0.646234
0.007712 -0.646234
0.023135 -0.646234
0.038558 -0.646234
0.053981 -0.646234
0.069405 -0.646234
0.086370 -0.646234
0.101793 -0.646234
0.117217 -0.646234
0.132640 -0.646234
0.152690 -0.646234
0.371700 -0.646234
-0.174283 -0.647776
-0.137267 -0.647776
-0.118759 -0.647776
-0.103336 -0.647776
-0.087912 -0.647776
-0.072489 -0.647776
-0.057066 -0.647776
-0.041643 -0.647776
-0.026220 -0.647776
-0.009254 -0.647776
0.006169 -0.647776
0.021593 -0.647776
0.037016 -0.647776
0.052439 -0.647776
0.067862 -0.647776
0.084828 -0.647776
0.101793 -0.647776
0.117217 -0.647776
0.132640 -0.647776
0.163486 -0.647776
0.374785 -0.647776
-0.155775 -0.649319
-0.131098 -0.649319
-0.112590 -0.649319
-0.097166 -0.649319
-0.081743 -0.649319
-0.066320 -0.649319
-0.050897 -0.649319
-0.035473 -0.649319
-0.020050 -0.649319
-0.004627 -0.649319
0.010796 -0.649319
0.026220 -0.649319
0.041643 -0.649319
0.057066 -0.649319
0.075574 -0.649319
0.092539 -0.649319
0.107963 -0.649319
0.123386 -0.649319
0.140352 -0.649319
0.371700 -0.649319
-0.151148 -0.650861
-0.123386 -0.650861
-0.107963 -0.650861
-0.089455 -0.650861
-0.074032 -0.650861
-0.058608 -0.650861
-0.043185 -0.650861
-0.027762 -0.650861
-0.009254 -0.650861
0.006169 -0.650861
0.021593 -0.650861
0.037016 -0.650861
0.052439 -0.650861
0.067862 -0.650861
0.084828 -0.650861
0.101793 -0.650861
0.117217 -0.650861
0.132640 -0.650861
0.163486 -0.650861
0.374785 -0.650861
-0.151148 -0.652403
-0.124928 -0.652403
-0.109505 -0.652403
-0.094082 -0.652403
-0.078659 -0.652403
-0.063235 -0.652403
-0.047812 -0.652403
-0.032389 -0.652403
-0.016966 -0.652403
-0.001542 -0.652403
0.013881 -0.652403
0.029304 -0.652403
0.044727 -0.652403
0.060151 -0.652403
0.078659 -0.652403
0.095624 -0.652403
0.111047 -0.652403
0.128013 -0.652403
0.143436 -0.652403
0.172740 -0.652403
-0.353192 -0.653946
-0.131098 -0.653946
-0.112590 -0.653946
-0.097166 -0.653946
-0.081743 -0.653946
-0.066320 -0.653946
-0.050897 -0.653946
-0.035473 -0.653946
-0.020050 -0.653946
-0.004627 -0.653946
0.010796 -0.653946
0.026220 -0.653946
0.041643 -0.653946
0.057066 -0.653946
0.075574 -0.653946
0.090997 -0.653946
0.106420 -0.653946
0.124928 -0.653946
0.140352 -0.653946
0.155775 -0.653946
0.367073 -0.653946
-0.154232 -0.655488
-0.112590 -0.655488
-0.097166 -0.655488
-0.081743 -0.655488
-0.066320 -0.655488
-0.050897 -0.655488
-0.035473 -0.655488
-0.020050 -0.655488
-0.004627 -0.655488
0.010796 -0.655488
0.026220 -0.655488
0.044727 -0.655488
0.061693 -0.655488
0.081743 -0.655488
0.097166 -0.655488
0.112590 -0.655488
0.134182 -0.655488
0.149605 -0.655488
0.168113 -0.655488
-0.152690 -0.657030
-0.115674 -0.657030
-0.100251 -0.657030
-0.084828 -0.657030
-0.069405 -0.657030
-0.053981 -0.657030
-0.038558 -0.657030
-0.020050 -0.657030
-0.004627 -0.657030
0.010796 -0.657030
0.026220 -0.657030
0.044727 -0.657030
0.061693 -0.657030
0.077116 -0.657030
0.092539 -0.657030
0.107963 -0.657030
0.126471 -0.657030
0.148063 -0.657030
0.367073 -0.657030
-0.149605 -0.658572
-0.118759 -0.658572
-0.100251 -0.658572
-0.084828 -0.658572
-0.069405 -0.658572
-0.053981 -0.658572
-0.038558 -0.658572
-0.020050 -0.658572
-0.004627 -0.658572
0.010796 -0.658572
0.026220 -0.658572
0.041643 -0.658572
0.057066 -0.658572
0.074032 -0.658572
0.089455 -0.658572
0.104878 -0.658572
0.129555 -0.658572
0.188164 -0.658572
-0.350108 -0.660115
-0.118759 -0.660115
-0.087912 -0.660115
-0.072489 -0.660115
-0.057066 -0.660115
-0.041643 -0.660115
-0.023135 -0.660115
-0.007712 -0.660115
0.007712 -0.660115
0.023135 -0.660115
0.038558 -0.660115
0.053981 -0.660115
0.069405 -0.660115
0.084828 -0.660115
0.100251 -0.660115
0.123386 -0.660115
0.155775 -0.660115
-0.353192 -0.661657
-0.129555 -0.661657
-0.104878 -0.661657
-0.074032 -0.661657
-0.058608 -0.661657
-0.043185 -0.661657
-0.027762 -0.661657
-0.012339 -0.661657
0.003085 -0.661657
0.018508 -0.661657
0.033931 -0.661657
0.049354 -0.661657
0.064778 -0.661657
0.080201 -0.661657
0.095624 -0.661657
0.123386 -0.661657
0.154232 -0.661657
-0.348565 -0.663199
-0.121844 -0.663199
-0.081743 -0.663199
-0.066320 -0.663199
-0.050897 -0.663199
-0.035473 -0.663199
-0.020050 -0.663199
-0.004627 -0.663199
0.010796 -0.663199
0.026220 -0.663199
0.041643 -0.663199
0.057066 -0.663199
0.074032 -0.663199
0.089455 -0.663199
0.109505 -0.663199
0.151148 -0.663199
-0.351650 -0.664742
-0.121844 -0.664742
-0.089455 -0.664742
-0.067862 -0.664742
-0.052439 -0.664742
-0.037016 -0.664742
-0.021593 -0.664742
-0.006169 -0.664742
0.009254 -0.664742
0.024677 -0.664742
0.040100 -0.664742
0.055524 -0.664742
0.072489 -0.664742
0.087912 -0.664742
0.111047 -0.664742
0.149605 -0.664742
0.363989 -0.664742
-0.137267 -0.666284
-0.106420 -0.666284
-0.078659 -0.666284
-0.063235 -0.666284
-0.047812 -0.666284
-0.032389 -0.666284
-0.016966 -0.666284
-0.001542 -0.666284
0.013881 -0.666284
0.029304 -0.666284
0.044727 -0.666284
0.060151 -0.666284
0.075574 -0.666284
0.090997 -0.666284
0.117217 -0.666284
0.185079 -0.666284
-0.345481 -0.667826
-0.103336 -0.667826
-0.081743 -0.667826
-0.066320 -0.667826
-0.043185 -0.667826
-0.020050 -0.667826
-0.004627 -0.667826
0.010796 -0.667826
0.026220 -0.667826
0.041643 -0.667826
0.057066 -0.667826
0.072489 -0.667826
0.087912 -0.667826
0.106420 -0.667826
0.131098 -0.667826
0.362446 -0.667826
-0.128013 -0.669369
-0.094082 -0.669369
-0.075574 -0.669369
-0.052439 -0.669369
-0.032389 -0.669369
-0.010796 -0.669369
0.007712 -0.669369
0.023135 -0.669369
0.038558 -0.669369
0.053981 -0.669369
0.069405 -0.669369
0.084828 -0.669369
0.103336 -0.669369
0.137267 -0.669369
0.363989 -0.669369
-0.121844 -0.670911
-0.092539 -0.670911
-0.077116 -0.670911
-0.053981 -0.670911
-0.035473 -0.670911
-0.016966 -0.670911
0.001542 -0.670911
0.016966 -0.670911
0.032389 -0.670911
0.047812 -0.670911
0.063235 -0.670911
0.078659 -0.670911
0.094082 -0.670911
0.132640 -0.670911
0.360904 -0.670911
-0.121844 -0.672453
-0.090997 -0.672453
-0.075574 -0.672453
-0.053981 -0.672453
-0.038558 -0.672453
-0.023135 -0.672453
-0.004627 -0.672453
0.015423 -0.672453
0.032389 -0.672453
0.049354 -0.672453
0.064778 -0.672453
0.080201 -0.672453
0.103336 -0.672453
0.160402 -0.672453
-0.340854 -0.673996
-0.094082 -0.673996
-0.078659 -0.673996
-0.057066 -0.673996
-0.040100 -0.673996
-0.024677 -0.673996
-0.006169 -0.673996
0.013881 -0.673996
0.032389 -0.673996
0.061693 -0.673996
0.078659 -0.673996
0.100251 -0.673996
0.143436 -0.673996
0.362446 -0.673996
-0.098709 -0.675538
-0.078659 -0.675538
-0.063235 -0.675538
-0.047812 -0.675538
-0.032389 -0.675538
-0.015423 -0.675538
0.006169 -0.675538
0.023135 -0.675538
0.047812 -0.675538
0.070947 -0.675538
0.092539 -0.675538
0.144978 -0.675538
0.356277 -0.675538
-0.107963 -0.677080
-0.077116 -0.677080
-0.060151 -0.677080
-0.044727 -0.677080
-0.029304 -0.677080
-0.006169 -0.677080
0.013881 -0.677080
0.033931 -0.677080
0.063235 -0.677080
0.087912 -0.677080
0.129555 -0.677080
0.357819 -0.677080
-0.083286 -0.678623
-0.067862 -0.678623
-0.049354 -0.678623
-0.033931 -0.678623
-0.016966 -0.678623
-0.001542 -0.678623
0.016966 -0.678623
0.035473 -0.678623
0.055524 -0.678623
0.089455 -0.678623
0.356277 -0.678623
-0.084828 -0.680165
-0.041643 -0.680165
-0.026220 -0.680165
-0.010796 -0.680165
0.006169 -0.680165
0.032389 -0.680165
0.047812 -0.680165
0.063235 -0.680165
0.098709 -0.680165
-0.339311 -0.681707
-0.041643 -0.681707
-0.026220 -0.681707
-0.010796 -0.681707
0.004627 -0.681707
0.035473 -0.681707
0.050897 -0.681707
0.069405 -0.681707
0.354735 -0.681707
-0.050897 -0.683250
-0.021593 -0.683250
-0.006169 -0.683250
0.020050 -0.683250
0.038558 -0.683250
0.058608 -0.683250
0.129555 -0.683250
-0.120301 -0.684792
-0.020050 -0.684792
-0.001542 -0.684792
0.018508 -0.684792
0.044727 -0.684792
0.075574 -0.684792
-0.337769 -0.686334
-0.015423 -0.686334
0.001542 -0.686334
0.037016 -0.686334
0.072489 -0.686334
0.354735 -0.686334
-0.007712 -0.687877
0.007712 -0.687877
0.057066 -0.687877
0.353192 -0.687877
-0.021593 -0.689419
0.038558 -0.689419
0.348565 -0.689419
-0.012339 -0.690961
0.041643 -0.690961
0.350108 -0.690961
-0.007712 -0.692504
0.040100 -0.692504
0.080201 -0.692504
0.114132 -0.692504
-0.012339 -0.694046
0.026220 -0.694046
0.086370 -0.694046
0.101793 -0.694046
0.350108 -0.694046
0.012339 -0.695588
0.103336 -0.695588
-0.326973 -0.697131
-0.330057 -0.698673
0.347023 -0.698673
0.347023 -0.700215
0.342396 -0.701758
-0.023135 -0.703300
-0.325430 -0.704842
-0.009254 -0.704842
-0.323888 -0.706384
0.339311 -0.706384
0.342396 -0.707927
-0.319261 -0.711011
-0.316176 -0.712554
0.067862 -0.714096
-0.314634 -0.715638
-0.050897 -0.717181
0.331600 -0.718723
0.333142 -0.720265
-0.306923 -0.723350
0.328515 -0.724892
-0.306923 -0.727977
0.320803 -0.729519
0.323888 -0.731062
-0.299211 -0.734146
0.319261 -0.735689
-0.296126 -0.738773
0.313092 -0.740316
0.316176 -0.741858
0.310007 -0.744943
-0.286872 -0.748027
0.086370 -0.749570
0.306923 -0.751112
-0.283788 -0.754197
0.302296 -0.754197
0.060151 -0.755739
0.303838 -0.755739
0.057066 -0.757281
-0.279161 -0.758824
0.053981 -0.758824
-0.024677 -0.760366
0.057066 -0.760366
0.024677 -0.761908
0.050897 -0.761908
-0.007712 -0.763451
0.038558 -0.763451
0.009254 -0.764993
0.024677 -0.764993
0.293042 -0.766535
0.286872 -0.771162
0.283788 -0.775789
0.274534 -0.781958
0.271449 -0.786585
0.268364 -0.791212
0.259110 -0.797382
