# Face coordinates extracted from the original line drawing
# Format: x y  (normalized, origin at image center, Y positive upward)
# Total points: 31185
# Sorted top-to-bottom for sequential assembly
#
-0.060714 1.028571
0.076786 1.026786
0.075000 1.025000
-0.035714 1.023214
-0.035714 1.021429
0.087500 1.021429
-0.125000 1.019643
-0.103571 1.019643
-0.032143 1.019643
0.087500 1.019643
-0.142857 1.017857
-0.121429 1.017857
-0.100000 1.017857
-0.078571 1.017857
-0.057143 1.017857
-0.005357 1.017857
0.092857 1.017857
-0.150000 1.016071
-0.128571 1.016071
-0.107143 1.016071
-0.085714 1.016071
-0.064286 1.016071
-0.042857 1.016071
-0.003571 1.016071
0.058929 1.016071
-0.169643 1.014286
-0.105357 1.014286
-0.083929 1.014286
-0.062500 1.014286
-0.041071 1.014286
-0.014286 1.014286
0.007143 1.014286
0.042857 1.014286
0.100000 1.014286
-0.110714 1.012500
-0.089286 1.012500
-0.067857 1.012500
-0.046429 1.012500
-0.025000 1.012500
-0.003571 1.012500
0.017857 1.012500
0.069643 1.012500
0.108929 1.012500
-0.121429 1.010714
-0.100000 1.010714
-0.078571 1.010714
-0.057143 1.010714
-0.035714 1.010714
-0.014286 1.010714
0.007143 1.010714
0.048214 1.010714
0.075000 1.010714
0.112500 1.010714
-0.135714 1.008929
-0.114286 1.008929
-0.092857 1.008929
-0.071429 1.008929
-0.050000 1.008929
-0.007143 1.008929
0.014286 1.008929
0.035714 1.008929
0.073214 1.008929
0.108929 1.008929
-0.155357 1.007143
-0.133929 1.007143
-0.042857 1.007143
0.016071 1.007143
0.037500 1.007143
0.075000 1.007143
0.096429 1.007143
-0.176786 1.005357
-0.155357 1.005357
-0.133929 1.005357
0.026786 1.005357
0.048214 1.005357
0.082143 1.005357
0.103571 1.005357
0.157143 1.005357
-0.176786 1.003571
-0.155357 1.003571
-0.133929 1.003571
-0.112500 1.003571
0.017857 1.003571
0.039286 1.003571
0.060714 1.003571
0.096429 1.003571
0.123214 1.003571
-0.207143 1.001786
-0.185714 1.001786
-0.164286 1.001786
-0.142857 1.001786
-0.121429 1.001786
-0.100000 1.001786
-0.023214 1.001786
-0.001786 1.001786
0.019643 1.001786
0.041071 1.001786
0.062500 1.001786
0.098214 1.001786
0.119643 1.001786
0.164286 1.001786
-0.203571 1.000000
-0.182143 1.000000
-0.160714 1.000000
-0.080357 1.000000
-0.019643 1.000000
0.001786 1.000000
0.023214 1.000000
0.044643 1.000000
0.066071 1.000000
0.087500 1.000000
0.121429 1.000000
0.155357 1.000000
-0.217857 0.998214
-0.196429 0.998214
-0.175000 0.998214
-0.046429 0.998214
-0.025000 0.998214
-0.003571 0.998214
0.017857 0.998214
0.039286 0.998214
0.060714 0.998214
0.082143 0.998214
0.116071 0.998214
0.137500 0.998214
0.176786 0.998214
-0.219643 0.996429
-0.198214 0.996429
-0.066071 0.996429
-0.044643 0.996429
-0.023214 0.996429
-0.001786 0.996429
0.025000 0.996429
0.046429 0.996429
0.067857 0.996429
0.089286 0.996429
0.125000 0.996429
0.155357 0.996429
0.185714 0.996429
-0.214286 0.994643
-0.192857 0.994643
-0.058929 0.994643
-0.037500 0.994643
-0.016071 0.994643
0.041071 0.994643
0.062500 0.994643
0.083929 0.994643
0.105357 0.994643
0.142857 0.994643
0.180357 0.994643
-0.221429 0.992857
-0.200000 0.992857
-0.135714 0.992857
-0.067857 0.992857
-0.046429 0.992857
-0.025000 0.992857
-0.003571 0.992857
0.053571 0.992857
0.075000 0.992857
0.096429 0.992857
0.137500 0.992857
0.166071 0.992857
-0.226786 0.991071
-0.205357 0.991071
-0.183929 0.991071
-0.162500 0.991071
-0.141071 0.991071
-0.119643 0.991071
-0.083929 0.991071
-0.062500 0.991071
-0.041071 0.991071
-0.019643 0.991071
0.001786 0.991071
0.023214 0.991071
0.082143 0.991071
0.103571 0.991071
0.142857 0.991071
0.166071 0.991071
0.196429 0.991071
-0.217857 0.989286
-0.196429 0.989286
-0.175000 0.989286
-0.153571 0.989286
-0.132143 0.989286
-0.110714 0.989286
-0.083929 0.989286
-0.062500 0.989286
-0.037500 0.989286
0.016071 0.989286
0.066071 0.989286
0.094643 0.989286
0.117857 0.989286
0.157143 0.989286
0.178571 0.989286
-0.239286 0.987500
-0.217857 0.987500
-0.196429 0.987500
-0.169643 0.987500
-0.148214 0.987500
-0.126786 0.987500
-0.100000 0.987500
-0.066071 0.987500
-0.044643 0.987500
0.030357 0.987500
0.078571 0.987500
0.103571 0.987500
0.128571 0.987500
0.171429 0.987500
0.200000 0.987500
-0.237500 0.985714
-0.216071 0.985714
-0.194643 0.985714
-0.160714 0.985714
-0.139286 0.985714
-0.096429 0.985714
-0.058929 0.985714
-0.037500 0.985714
-0.016071 0.985714
0.080357 0.985714
0.101786 0.985714
0.132143 0.985714
0.175000 0.985714
0.203571 0.985714
-0.244643 0.983929
-0.223214 0.983929
-0.201786 0.983929
-0.166071 0.983929
-0.114286 0.983929
-0.067857 0.983929
-0.037500 0.983929
-0.016071 0.983929
0.005357 0.983929
0.091071 0.983929
0.112500 0.983929
0.166071 0.983929
0.201786 0.983929
-0.251786 0.982143
-0.230357 0.982143
-0.208929 0.982143
-0.173214 0.982143
-0.116071 0.982143
-0.067857 0.982143
-0.025000 0.982143
-0.003571 0.982143
0.017857 0.982143
0.098214 0.982143
0.119643 0.982143
0.171429 0.982143
0.208929 0.982143
-0.242857 0.980357
-0.221429 0.980357
-0.183929 0.980357
-0.162500 0.980357
-0.123214 0.980357
-0.075000 0.980357
-0.008929 0.980357
0.025000 0.980357
0.100000 0.980357
0.121429 0.980357
0.173214 0.980357
0.210714 0.980357
-0.251786 0.978571
-0.230357 0.978571
-0.187500 0.978571
-0.166071 0.978571
-0.144643 0.978571
-0.103571 0.978571
-0.007143 0.978571
0.028571 0.978571
0.071429 0.978571
0.117857 0.978571
0.148214 0.978571
0.200000 0.978571
-0.266071 0.976786
-0.244643 0.976786
-0.201786 0.976786
-0.178571 0.976786
-0.058929 0.976786
0.044643 0.976786
0.116071 0.976786
0.137500 0.976786
0.201786 0.976786
-0.276786 0.975000
-0.255357 0.975000
-0.233929 0.975000
-0.137500 0.975000
0.112500 0.975000
0.133929 0.975000
0.201786 0.975000
0.223214 0.975000
-0.267857 0.973214
-0.246429 0.973214
-0.119643 0.973214
0.125000 0.973214
0.178571 0.973214
0.216071 0.973214
-0.282143 0.971429
-0.260714 0.971429
-0.133929 0.971429
0.119643 0.971429
0.141071 0.971429
0.208929 0.971429
0.230357 0.971429
-0.276786 0.969643
-0.255357 0.969643
0.125000 0.969643
0.146429 0.969643
0.216071 0.969643
-0.300000 0.967857
-0.278571 0.967857
-0.023214 0.967857
0.137500 0.967857
0.189286 0.967857
0.228571 0.967857
-0.303571 0.966071
-0.282143 0.966071
-0.016071 0.966071
0.108929 0.966071
0.142857 0.966071
0.216071 0.966071
0.237500 0.966071
-0.310714 0.964286
-0.289286 0.964286
-0.191071 0.964286
-0.169643 0.964286
-0.001786 0.964286
0.114286 0.964286
0.146429 0.964286
0.217857 0.964286
0.241071 0.964286
-0.317857 0.962500
-0.296429 0.962500
-0.212500 0.962500
-0.191071 0.962500
-0.087500 0.962500
-0.066071 0.962500
0.007143 0.962500
0.121429 0.962500
0.153571 0.962500
0.228571 0.962500
0.262500 0.962500
-0.321429 0.960714
-0.300000 0.960714
-0.225000 0.960714
-0.203571 0.960714
-0.182143 0.960714
-0.083929 0.960714
-0.062500 0.960714
-0.041071 0.960714
0.146429 0.960714
0.203571 0.960714
0.248214 0.960714
-0.333929 0.958929
-0.312500 0.958929
-0.291071 0.958929
-0.219643 0.958929
-0.198214 0.958929
-0.100000 0.958929
-0.078571 0.958929
-0.057143 0.958929
0.048214 0.958929
0.128571 0.958929
0.200000 0.958929
0.242857 0.958929
0.273214 0.958929
-0.335714 0.957143
-0.307143 0.957143
-0.237500 0.957143
-0.216071 0.957143
-0.119643 0.957143
-0.098214 0.957143
-0.076786 0.957143
0.032143 0.957143
0.053571 0.957143
0.075000 0.957143
0.155357 0.957143
0.228571 0.957143
0.257143 0.957143
0.294643 0.957143
-0.341071 0.955357
-0.305357 0.955357
-0.260714 0.955357
-0.239286 0.955357
-0.217857 0.955357
-0.119643 0.955357
-0.098214 0.955357
-0.076786 0.955357
0.023214 0.955357
0.062500 0.955357
0.128571 0.955357
0.157143 0.955357
0.214286 0.955357
0.257143 0.955357
0.294643 0.955357
-0.344643 0.953571
-0.278571 0.953571
-0.257143 0.953571
-0.235714 0.953571
-0.212500 0.953571
-0.117857 0.953571
-0.096429 0.953571
0.080357 0.953571
0.157143 0.953571
0.214286 0.953571
0.258929 0.953571
0.294643 0.953571
-0.289286 0.951786
-0.258929 0.951786
-0.237500 0.951786
-0.139286 0.951786
-0.117857 0.951786
0.087500 0.951786
0.169643 0.951786
0.235714 0.951786
0.267857 0.951786
0.303571 0.951786
-0.291071 0.950000
-0.257143 0.950000
-0.232143 0.950000
-0.135714 0.950000
-0.114286 0.950000
0.171429 0.950000
0.226786 0.950000
0.264286 0.950000
0.291071 0.950000
-0.319643 0.948214
-0.260714 0.948214
-0.148214 0.948214
-0.126786 0.948214
0.175000 0.948214
0.228571 0.948214
0.264286 0.948214
0.289286 0.948214
-0.328571 0.946429
-0.294643 0.946429
-0.153571 0.946429
-0.105357 0.946429
-0.039286 0.946429
-0.017857 0.946429
0.150000 0.946429
0.180357 0.946429
0.233929 0.946429
0.271429 0.946429
0.296429 0.946429
-0.328571 0.944643
-0.282143 0.944643
-0.217857 0.944643
-0.114286 0.944643
-0.057143 0.944643
-0.035714 0.944643
-0.014286 0.944643
0.007143 0.944643
0.028571 0.944643
0.160714 0.944643
0.223214 0.944643
0.255357 0.944643
0.287500 0.944643
0.314286 0.944643
-0.316071 0.942857
-0.285714 0.942857
-0.230357 0.942857
-0.155357 0.942857
-0.123214 0.942857
-0.092857 0.942857
-0.071429 0.942857
-0.050000 0.942857
-0.028571 0.942857
-0.007143 0.942857
0.021429 0.942857
0.042857 0.942857
0.089286 0.942857
0.169643 0.942857
0.230357 0.942857
0.264286 0.942857
0.298214 0.942857
-0.341071 0.941071
-0.310714 0.941071
-0.276786 0.941071
-0.173214 0.941071
-0.151786 0.941071
-0.130357 0.941071
-0.108929 0.941071
-0.087500 0.941071
-0.066071 0.941071
-0.044643 0.941071
-0.023214 0.941071
0.023214 0.941071
0.044643 0.941071
0.071429 0.941071
0.101786 0.941071
0.187500 0.941071
0.241071 0.941071
0.289286 0.941071
0.316071 0.941071
-0.328571 0.939286
-0.303571 0.939286
-0.275000 0.939286
-0.171429 0.939286
-0.150000 0.939286
-0.128571 0.939286
-0.107143 0.939286
-0.085714 0.939286
-0.064286 0.939286
-0.035714 0.939286
-0.014286 0.939286
0.026786 0.939286
0.048214 0.939286
0.082143 0.939286
0.110714 0.939286
0.196429 0.939286
0.253571 0.939286
0.294643 0.939286
0.321429 0.939286
-0.328571 0.937500
-0.305357 0.937500
-0.246429 0.937500
-0.173214 0.937500
-0.151786 0.937500
-0.130357 0.937500
-0.092857 0.937500
-0.071429 0.937500
-0.042857 0.937500
-0.021429 0.937500
0.000000 0.937500
0.021429 0.937500
0.042857 0.937500
0.064286 0.937500
0.103571 0.937500
0.176786 0.937500
0.237500 0.937500
0.260714 0.937500
0.305357 0.937500
-0.351786 0.935714
-0.326786 0.935714
-0.305357 0.935714
-0.248214 0.935714
-0.189286 0.935714
-0.167857 0.935714
-0.133929 0.935714
-0.092857 0.935714
-0.057143 0.935714
-0.017857 0.935714
0.003571 0.935714
0.025000 0.935714
0.046429 0.935714
0.083929 0.935714
0.112500 0.935714
0.183929 0.935714
0.246429 0.935714
0.296429 0.935714
0.321429 0.935714
-0.346429 0.933929
-0.321429 0.933929
-0.287500 0.933929
-0.237500 0.933929
-0.187500 0.933929
-0.166071 0.933929
-0.107143 0.933929
-0.076786 0.933929
0.007143 0.933929
0.028571 0.933929
0.050000 0.933929
0.085714 0.933929
0.116071 0.933929
0.187500 0.933929
0.258929 0.933929
0.307143 0.933929
-0.364286 0.932143
-0.339286 0.932143
-0.317857 0.932143
-0.250000 0.932143
-0.198214 0.932143
-0.171429 0.932143
-0.108929 0.932143
-0.080357 0.932143
-0.008929 0.932143
0.023214 0.932143
0.044643 0.932143
0.078571 0.932143
0.100000 0.932143
0.130357 0.932143
0.210714 0.932143
0.267857 0.932143
0.321429 0.932143
-0.353571 0.930357
-0.332143 0.930357
-0.310714 0.930357
-0.242857 0.930357
-0.180357 0.930357
-0.114286 0.930357
-0.092857 0.930357
-0.071429 0.930357
-0.050000 0.930357
0.005357 0.930357
0.026786 0.930357
0.050000 0.930357
0.083929 0.930357
0.105357 0.930357
0.137500 0.930357
0.255357 0.930357
0.307143 0.930357
0.330357 0.930357
-0.348214 0.928571
-0.323214 0.928571
-0.258929 0.928571
-0.205357 0.928571
-0.126786 0.928571
-0.100000 0.928571
-0.057143 0.928571
-0.035714 0.928571
0.012500 0.928571
0.033929 0.928571
0.066071 0.928571
0.094643 0.928571
0.116071 0.928571
0.150000 0.928571
0.262500 0.928571
0.316071 0.928571
-0.373214 0.926786
-0.346429 0.926786
-0.319643 0.926786
-0.257143 0.926786
-0.201786 0.926786
-0.126786 0.926786
-0.039286 0.926786
0.012500 0.926786
0.033929 0.926786
0.066071 0.926786
0.087500 0.926786
0.108929 0.926786
0.142857 0.926786
0.216071 0.926786
0.273214 0.926786
0.326786 0.926786
-0.358929 0.925000
-0.333929 0.925000
-0.271429 0.925000
-0.216071 0.925000
-0.135714 0.925000
-0.025000 0.925000
0.030357 0.925000
0.051786 0.925000
0.087500 0.925000
0.108929 0.925000
0.146429 0.925000
0.167857 0.925000
0.269643 0.925000
0.325000 0.925000
-0.362500 0.923214
-0.337500 0.923214
-0.273214 0.923214
-0.217857 0.923214
-0.025000 0.923214
0.032143 0.923214
0.053571 0.923214
0.089286 0.923214
0.110714 0.923214
0.132143 0.923214
0.167857 0.923214
0.189286 0.923214
0.276786 0.923214
0.333929 0.923214
-0.360714 0.921429
-0.339286 0.921429
-0.275000 0.921429
-0.219643 0.921429
-0.012500 0.921429
0.044643 0.921429
0.080357 0.921429
0.107143 0.921429
0.128571 0.921429
0.164286 0.921429
0.185714 0.921429
0.267857 0.921429
0.323214 0.921429
-0.376786 0.919643
-0.355357 0.919643
-0.333929 0.919643
-0.269643 0.919643
-0.191071 0.919643
0.012500 0.919643
0.053571 0.919643
0.089286 0.919643
0.110714 0.919643
0.135714 0.919643
0.173214 0.919643
0.194643 0.919643
0.278571 0.919643
0.333929 0.919643
-0.371429 0.917857
-0.350000 0.917857
-0.287500 0.917857
-0.232143 0.917857
-0.057143 0.917857
0.021429 0.917857
0.066071 0.917857
0.100000 0.917857
0.135714 0.917857
0.178571 0.917857
0.200000 0.917857
0.280357 0.917857
0.335714 0.917857
-0.375000 0.916071
-0.353571 0.916071
-0.287500 0.916071
-0.203571 0.916071
-0.141071 0.916071
-0.119643 0.916071
-0.051786 0.916071
0.026786 0.916071
0.075000 0.916071
0.110714 0.916071
0.148214 0.916071
0.200000 0.916071
0.273214 0.916071
0.326786 0.916071
0.348214 0.916071
-0.367857 0.914286
-0.301786 0.914286
-0.242857 0.914286
-0.155357 0.914286
-0.133929 0.914286
0.000000 0.914286
0.067857 0.914286
0.089286 0.914286
0.125000 0.914286
0.200000 0.914286
0.221429 0.914286
0.314286 0.914286
0.342857 0.914286
-0.378571 0.912500
-0.357143 0.912500
-0.292857 0.912500
-0.205357 0.912500
-0.126786 0.912500
0.035714 0.912500
0.083929 0.912500
0.117857 0.912500
0.158929 0.912500
0.212500 0.912500
0.275000 0.912500
0.326786 0.912500
0.348214 0.912500
-0.376786 0.910714
-0.346429 0.910714
-0.291071 0.910714
-0.162500 0.910714
0.033929 0.910714
0.055357 0.910714
0.101786 0.910714
0.137500 0.910714
0.214286 0.910714
0.235714 0.910714
0.319643 0.910714
0.346429 0.910714
-0.383929 0.908929
-0.362500 0.908929
-0.296429 0.908929
-0.169643 0.908929
-0.137500 0.908929
0.055357 0.908929
0.096429 0.908929
0.133929 0.908929
0.176786 0.908929
0.230357 0.908929
0.282143 0.908929
0.337500 0.908929
-0.400000 0.907143
-0.378571 0.907143
-0.312500 0.907143
-0.217857 0.907143
-0.158929 0.907143
0.050000 0.907143
0.087500 0.907143
0.108929 0.907143
0.146429 0.907143
0.226786 0.907143
0.248214 0.907143
0.333929 0.907143
0.357143 0.907143
-0.383929 0.905357
-0.353571 0.905357
-0.298214 0.905357
-0.178571 0.905357
-0.157143 0.905357
0.060714 0.905357
0.098214 0.905357
0.119643 0.905357
0.180357 0.905357
0.239286 0.905357
0.287500 0.905357
0.342857 0.905357
-0.401786 0.903571
-0.380357 0.903571
-0.312500 0.903571
-0.219643 0.903571
-0.176786 0.903571
-0.101786 0.903571
0.053571 0.903571
0.075000 0.903571
0.112500 0.903571
0.153571 0.903571
0.194643 0.903571
0.255357 0.903571
0.339286 0.903571
-0.407143 0.901786
-0.385714 0.901786
-0.319643 0.901786
-0.226786 0.901786
-0.187500 0.901786
-0.166071 0.901786
-0.094643 0.901786
0.039286 0.901786
0.060714 0.901786
0.082143 0.901786
0.121429 0.901786
0.164286 0.901786
0.203571 0.901786
0.225000 0.901786
0.262500 0.901786
0.344643 0.901786
-0.403571 0.900000
-0.382143 0.900000
-0.323214 0.900000
-0.230357 0.900000
-0.196429 0.900000
-0.175000 0.900000
-0.103571 0.900000
-0.058929 0.900000
0.039286 0.900000
0.060714 0.900000
0.117857 0.900000
0.162500 0.900000
0.201786 0.900000
0.223214 0.900000
0.244643 0.900000
0.308929 0.900000
0.362500 0.900000
-0.396429 0.898214
-0.364286 0.898214
-0.316071 0.898214
-0.228571 0.898214
-0.196429 0.898214
-0.125000 0.898214
-0.103571 0.898214
-0.082143 0.898214
-0.060714 0.898214
-0.039286 0.898214
0.046429 0.898214
0.133929 0.898214
0.205357 0.898214
0.226786 0.898214
0.248214 0.898214
0.332143 0.898214
0.367857 0.898214
-0.394643 0.896429
-0.362500 0.896429
-0.282143 0.896429
-0.221429 0.896429
-0.200000 0.896429
-0.133929 0.896429
-0.112500 0.896429
-0.091071 0.896429
-0.069643 0.896429
-0.048214 0.896429
-0.026786 0.896429
0.128571 0.896429
0.180357 0.896429
0.246429 0.896429
0.328571 0.896429
0.364286 0.896429
-0.405357 0.894643
-0.373214 0.894643
-0.323214 0.894643
-0.246429 0.894643
-0.221429 0.894643
-0.200000 0.894643
-0.128571 0.894643
-0.017857 0.894643
0.141071 0.894643
0.253571 0.894643
0.337500 0.894643
0.383929 0.894643
-0.403571 0.892857
-0.369643 0.892857
-0.292857 0.892857
-0.242857 0.892857
-0.219643 0.892857
-0.142857 0.892857
-0.008929 0.892857
0.066071 0.892857
0.123214 0.892857
0.258929 0.892857
0.351786 0.892857
-0.419643 0.891071
-0.398214 0.891071
-0.328571 0.891071
-0.251786 0.891071
-0.230357 0.891071
-0.208929 0.891071
-0.133929 0.891071
0.067857 0.891071
0.089286 0.891071
0.117857 0.891071
0.139286 0.891071
0.266071 0.891071
0.355357 0.891071
-0.417857 0.889286
-0.396429 0.889286
-0.330357 0.889286
-0.257143 0.889286
-0.228571 0.889286
-0.153571 0.889286
-0.035714 0.889286
0.087500 0.889286
0.108929 0.889286
0.141071 0.889286
0.262500 0.889286
0.342857 0.889286
0.392857 0.889286
-0.408929 0.887500
-0.339286 0.887500
-0.298214 0.887500
-0.246429 0.887500
-0.221429 0.887500
-0.150000 0.887500
-0.069643 0.887500
-0.037500 0.887500
-0.016071 0.887500
0.119643 0.887500
0.155357 0.887500
0.248214 0.887500
0.276786 0.887500
0.348214 0.887500
-0.426786 0.885714
-0.405357 0.885714
-0.337500 0.885714
-0.269643 0.885714
-0.246429 0.885714
-0.192857 0.885714
-0.158929 0.885714
-0.094643 0.885714
-0.057143 0.885714
0.096429 0.885714
0.144643 0.885714
0.166071 0.885714
0.237500 0.885714
0.258929 0.885714
0.280357 0.885714
0.346429 0.885714
0.396429 0.885714
-0.408929 0.883929
-0.341071 0.883929
-0.273214 0.883929
-0.250000 0.883929
-0.175000 0.883929
-0.116071 0.883929
0.100000 0.883929
0.146429 0.883929
0.167857 0.883929
0.225000 0.883929
0.246429 0.883929
0.267857 0.883929
0.289286 0.883929
0.350000 0.883929
0.401786 0.883929
-0.408929 0.882143
-0.337500 0.882143
-0.271429 0.882143
-0.235714 0.882143
-0.171429 0.882143
-0.146429 0.882143
0.101786 0.882143
0.135714 0.882143
0.162500 0.882143
0.183929 0.882143
0.228571 0.882143
0.250000 0.882143
0.271429 0.882143
0.303571 0.882143
0.364286 0.882143
-0.425000 0.880357
-0.360714 0.880357
-0.325000 0.880357
-0.264286 0.880357
-0.182143 0.880357
-0.160714 0.880357
-0.130357 0.880357
0.076786 0.880357
0.112500 0.880357
0.153571 0.880357
0.175000 0.880357
0.221429 0.880357
0.242857 0.880357
0.264286 0.880357
0.351786 0.880357
0.392857 0.880357
-0.421429 0.878571
-0.350000 0.878571
-0.282143 0.878571
-0.185714 0.878571
-0.142857 0.878571
0.078571 0.878571
0.112500 0.878571
0.151786 0.878571
0.178571 0.878571
0.200000 0.878571
0.360714 0.878571
0.405357 0.878571
-0.419643 0.876786
-0.351786 0.876786
-0.228571 0.876786
-0.201786 0.876786
-0.169643 0.876786
0.085714 0.876786
0.107143 0.876786
0.151786 0.876786
0.178571 0.876786
0.201786 0.876786
0.366071 0.876786
0.410714 0.876786
-0.419643 0.875000
-0.357143 0.875000
-0.239286 0.875000
-0.212500 0.875000
-0.150000 0.875000
0.107143 0.875000
0.151786 0.875000
0.176786 0.875000
0.198214 0.875000
0.366071 0.875000
0.410714 0.875000
-0.423214 0.873214
-0.360714 0.873214
-0.339286 0.873214
-0.223214 0.873214
-0.176786 0.873214
-0.073214 0.873214
-0.051786 0.873214
-0.030357 0.873214
-0.008929 0.873214
0.012500 0.873214
0.116071 0.873214
0.160714 0.873214
0.183929 0.873214
0.207143 0.873214
0.280357 0.873214
0.387500 0.873214
-0.439286 0.871429
-0.396429 0.871429
-0.358929 0.871429
-0.251786 0.871429
-0.221429 0.871429
-0.107143 0.871429
-0.085714 0.871429
-0.064286 0.871429
-0.042857 0.871429
-0.021429 0.871429
0.007143 0.871429
0.028571 0.871429
0.123214 0.871429
0.160714 0.871429
0.185714 0.871429
0.214286 0.871429
0.373214 0.871429
0.416071 0.871429
-0.426786 0.869643
-0.364286 0.869643
-0.342857 0.869643
-0.244643 0.869643
-0.114286 0.869643
-0.092857 0.869643
-0.071429 0.869643
-0.032143 0.869643
0.023214 0.869643
0.110714 0.869643
0.139286 0.869643
0.167857 0.869643
0.196429 0.869643
0.367857 0.869643
0.405357 0.869643
-0.433929 0.867857
-0.371429 0.867857
-0.350000 0.867857
-0.253571 0.867857
-0.032143 0.867857
-0.010714 0.867857
0.010714 0.867857
0.039286 0.867857
0.119643 0.867857
0.146429 0.867857
0.173214 0.867857
0.200000 0.867857
0.316071 0.867857
0.394643 0.867857
-0.441071 0.866071
-0.380357 0.866071
-0.357143 0.866071
-0.266071 0.866071
-0.191071 0.866071
-0.035714 0.866071
-0.014286 0.866071
0.007143 0.866071
0.028571 0.866071
0.119643 0.866071
0.142857 0.866071
0.164286 0.866071
0.192857 0.866071
0.230357 0.866071
0.373214 0.866071
0.416071 0.866071
-0.435714 0.864286
-0.378571 0.864286
-0.357143 0.864286
-0.267857 0.864286
-0.196429 0.864286
-0.041071 0.864286
-0.019643 0.864286
0.001786 0.864286
0.023214 0.864286
0.114286 0.864286
0.135714 0.864286
0.166071 0.864286
0.201786 0.864286
0.305357 0.864286
0.371429 0.864286
0.407143 0.864286
-0.444643 0.862500
-0.387500 0.862500
-0.366071 0.862500
-0.278571 0.862500
-0.194643 0.862500
-0.048214 0.862500
0.008929 0.862500
0.030357 0.862500
0.051786 0.862500
0.133929 0.862500
0.167857 0.862500
0.201786 0.862500
0.237500 0.862500
0.330357 0.862500
0.382143 0.862500
0.423214 0.862500
-0.437500 0.860714
-0.383929 0.860714
-0.362500 0.860714
-0.278571 0.860714
-0.082143 0.860714
-0.060714 0.860714
-0.039286 0.860714
-0.017857 0.860714
0.032143 0.860714
0.053571 0.860714
0.144643 0.860714
0.178571 0.860714
0.212500 0.860714
0.287500 0.860714
0.357143 0.860714
0.401786 0.860714
-0.451786 0.858929
-0.410714 0.858929
-0.378571 0.858929
-0.341071 0.858929
-0.278571 0.858929
-0.085714 0.858929
-0.064286 0.858929
-0.042857 0.858929
-0.021429 0.858929
0.033929 0.858929
0.062500 0.858929
0.135714 0.858929
0.157143 0.858929
0.205357 0.858929
0.226786 0.858929
0.287500 0.858929
0.360714 0.858929
0.410714 0.858929
-0.453571 0.857143
-0.410714 0.857143
-0.380357 0.857143
-0.326786 0.857143
-0.282143 0.857143
-0.105357 0.857143
-0.083929 0.857143
-0.062500 0.857143
-0.041071 0.857143
-0.003571 0.857143
0.050000 0.857143
0.119643 0.857143
0.141071 0.857143
0.162500 0.857143
0.212500 0.857143
0.250000 0.857143
0.296429 0.857143
0.385714 0.857143
0.423214 0.857143
-0.446429 0.855357
-0.396429 0.855357
-0.373214 0.855357
-0.298214 0.855357
-0.125000 0.855357
-0.103571 0.855357
-0.082143 0.855357
-0.060714 0.855357
0.010714 0.855357
0.058929 0.855357
0.151786 0.855357
0.187500 0.855357
0.225000 0.855357
0.301786 0.855357
0.400000 0.855357
-0.466071 0.853571
-0.425000 0.853571
-0.394643 0.853571
-0.369643 0.853571
-0.300000 0.853571
-0.130357 0.853571
-0.108929 0.853571
0.030357 0.853571
0.148214 0.853571
0.183929 0.853571
0.221429 0.853571
0.296429 0.853571
0.383929 0.853571
0.416071 0.853571
-0.458929 0.851786
-0.416071 0.851786
-0.380357 0.851786
-0.310714 0.851786
-0.144643 0.851786
0.033929 0.851786
0.135714 0.851786
0.166071 0.851786
0.201786 0.851786
0.289286 0.851786
0.323214 0.851786
0.405357 0.851786
-0.466071 0.850000
-0.423214 0.850000
-0.387500 0.850000
-0.339286 0.850000
-0.296429 0.850000
-0.066071 0.850000
-0.044643 0.850000
-0.023214 0.850000
0.139286 0.850000
0.160714 0.850000
0.198214 0.850000
0.244643 0.850000
0.325000 0.850000
0.410714 0.850000
-0.466071 0.848214
-0.423214 0.848214
-0.383929 0.848214
-0.339286 0.848214
-0.155357 0.848214
-0.069643 0.848214
-0.048214 0.848214
-0.026786 0.848214
-0.005357 0.848214
0.078571 0.848214
0.171429 0.848214
0.208929 0.848214
0.253571 0.848214
0.392857 0.848214
0.421429 0.848214
-0.455357 0.846429
-0.410714 0.846429
-0.378571 0.846429
-0.319643 0.846429
-0.189286 0.846429
-0.157143 0.846429
-0.075000 0.846429
0.089286 0.846429
0.180357 0.846429
0.233929 0.846429
0.283929 0.846429
0.405357 0.846429
0.433929 0.846429
-0.437500 0.844643
-0.394643 0.844643
-0.353571 0.844643
-0.307143 0.844643
-0.192857 0.844643
-0.158929 0.844643
-0.082143 0.844643
-0.053571 0.844643
0.094643 0.844643
0.183929 0.844643
0.235714 0.844643
0.326786 0.844643
0.414286 0.844643
-0.475000 0.842857
-0.430357 0.842857
-0.387500 0.842857
-0.348214 0.842857
-0.223214 0.842857
-0.201786 0.842857
-0.164286 0.842857
-0.091071 0.842857
-0.058929 0.842857
-0.037500 0.842857
0.048214 0.842857
0.173214 0.842857
0.212500 0.842857
0.262500 0.842857
0.401786 0.842857
0.435714 0.842857
-0.441071 0.841071
-0.396429 0.841071
-0.355357 0.841071
-0.255357 0.841071
-0.212500 0.841071
-0.171429 0.841071
-0.112500 0.841071
-0.076786 0.841071
0.044643 0.841071
0.066071 0.841071
0.187500 0.841071
0.241071 0.841071
0.358929 0.841071
0.417857 0.841071
-0.464286 0.839286
-0.432143 0.839286
-0.367857 0.839286
-0.321429 0.839286
-0.230357 0.839286
-0.208929 0.839286
-0.155357 0.839286
-0.116071 0.839286
-0.078571 0.839286
0.114286 0.839286
0.214286 0.839286
0.251786 0.839286
0.400000 0.839286
0.428571 0.839286
-0.460714 0.837500
-0.403571 0.837500
-0.364286 0.837500
-0.266071 0.837500
-0.226786 0.837500
-0.158929 0.837500
-0.085714 0.837500
0.185714 0.837500
0.226786 0.837500
0.335714 0.837500
0.416071 0.837500
-0.485714 0.835714
-0.441071 0.835714
-0.392857 0.835714
-0.328571 0.835714
-0.262500 0.835714
-0.175000 0.835714
-0.091071 0.835714
0.044643 0.835714
0.066071 0.835714
0.126786 0.835714
0.230357 0.835714
0.325000 0.835714
0.416071 0.835714
0.441071 0.835714
-0.446429 0.833929
-0.398214 0.833929
-0.337500 0.833929
-0.273214 0.833929
-0.232143 0.833929
-0.167857 0.833929
0.012500 0.833929
0.033929 0.833929
0.055357 0.833929
0.076786 0.833929
0.192857 0.833929
0.235714 0.833929
0.367857 0.833929
0.421429 0.833929
-0.467857 0.832143
-0.430357 0.832143
-0.373214 0.832143
-0.307143 0.832143
-0.244643 0.832143
-0.182143 0.832143
-0.012500 0.832143
0.008929 0.832143
0.030357 0.832143
0.051786 0.832143
0.073214 0.832143
0.094643 0.832143
0.201786 0.832143
0.257143 0.832143
0.373214 0.832143
0.425000 0.832143
-0.469643 0.830357
-0.442857 0.830357
-0.398214 0.830357
-0.314286 0.830357
-0.246429 0.830357
-0.183929 0.830357
-0.019643 0.830357
0.001786 0.830357
0.092857 0.830357
0.114286 0.830357
0.242857 0.830357
0.362500 0.830357
0.417857 0.830357
0.444643 0.830357
-0.451786 0.828571
-0.410714 0.828571
-0.369643 0.828571
-0.282143 0.828571
-0.192857 0.828571
-0.033929 0.828571
-0.012500 0.828571
0.103571 0.828571
0.201786 0.828571
0.262500 0.828571
0.364286 0.828571
0.425000 0.828571
0.448214 0.828571
-0.453571 0.826786
-0.410714 0.826786
-0.321429 0.826786
-0.253571 0.826786
-0.191071 0.826786
-0.035714 0.826786
0.001786 0.826786
0.023214 0.826786
0.044643 0.826786
0.153571 0.826786
0.246429 0.826786
0.350000 0.826786
0.414286 0.826786
0.448214 0.826786
-0.455357 0.825000
-0.414286 0.825000
-0.328571 0.825000
-0.289286 0.825000
-0.196429 0.825000
-0.108929 0.825000
0.007143 0.825000
0.028571 0.825000
0.050000 0.825000
0.121429 0.825000
0.208929 0.825000
0.273214 0.825000
0.367857 0.825000
0.428571 0.825000
-0.478571 0.823214
-0.455357 0.823214
-0.389286 0.823214
-0.325000 0.823214
-0.219643 0.823214
-0.198214 0.823214
-0.116071 0.823214
-0.094643 0.823214
-0.073214 0.823214
0.037500 0.823214
0.058929 0.823214
0.135714 0.823214
0.246429 0.823214
0.316071 0.823214
0.387500 0.823214
0.439286 0.823214
-0.473214 0.821429
-0.444643 0.821429
-0.385714 0.821429
-0.307143 0.821429
-0.223214 0.821429
-0.201786 0.821429
-0.123214 0.821429
-0.101786 0.821429
-0.080357 0.821429
0.044643 0.821429
0.066071 0.821429
0.142857 0.821429
0.251786 0.821429
0.326786 0.821429
0.389286 0.821429
0.442857 0.821429
-0.473214 0.819643
-0.448214 0.819643
-0.385714 0.819643
-0.312500 0.819643
-0.233929 0.819643
-0.212500 0.819643
-0.133929 0.819643
-0.112500 0.819643
-0.082143 0.819643
0.189286 0.819643
0.258929 0.819643
0.321429 0.819643
0.358929 0.819643
0.416071 0.819643
0.450000 0.819643
-0.467857 0.817857
-0.425000 0.817857
-0.378571 0.817857
-0.307143 0.817857
-0.226786 0.817857
-0.167857 0.817857
-0.125000 0.817857
0.064286 0.817857
0.085714 0.817857
0.228571 0.817857
0.310714 0.817857
0.360714 0.817857
0.417857 0.817857
0.451786 0.817857
-0.471429 0.816071
-0.425000 0.816071
-0.342857 0.816071
-0.250000 0.816071
-0.228571 0.816071
-0.150000 0.816071
-0.092857 0.816071
-0.042857 0.816071
0.067857 0.816071
0.089286 0.816071
0.194643 0.816071
0.264286 0.816071
0.335714 0.816071
0.392857 0.816071
0.446429 0.816071
-0.480357 0.814286
-0.458929 0.814286
-0.392857 0.814286
-0.321429 0.814286
-0.241071 0.814286
-0.176786 0.814286
-0.101786 0.814286
-0.060714 0.814286
-0.039286 0.814286
-0.017857 0.814286
0.003571 0.814286
0.082143 0.814286
0.103571 0.814286
0.200000 0.814286
0.267857 0.814286
0.351786 0.814286
0.398214 0.814286
0.448214 0.814286
-0.478571 0.812500
-0.457143 0.812500
-0.382143 0.812500
-0.319643 0.812500
-0.241071 0.812500
-0.160714 0.812500
-0.098214 0.812500
-0.026786 0.812500
0.096429 0.812500
0.117857 0.812500
0.230357 0.812500
0.292857 0.812500
0.367857 0.812500
0.401786 0.812500
0.453571 0.812500
-0.478571 0.810714
-0.430357 0.810714
-0.344643 0.810714
-0.253571 0.810714
-0.185714 0.810714
-0.112500 0.810714
-0.041071 0.810714
0.114286 0.810714
0.135714 0.810714
0.239286 0.810714
0.326786 0.810714
0.380357 0.810714
0.442857 0.810714
-0.491071 0.808929
-0.469643 0.808929
-0.398214 0.808929
-0.328571 0.808929
-0.246429 0.808929
-0.128571 0.808929
-0.107143 0.808929
0.117857 0.808929
0.139286 0.808929
0.241071 0.808929
0.287500 0.808929
0.378571 0.808929
0.442857 0.808929
-0.494643 0.807143
-0.473214 0.807143
-0.405357 0.807143
-0.339286 0.807143
-0.257143 0.807143
-0.133929 0.807143
-0.112500 0.807143
0.125000 0.807143
0.146429 0.807143
0.237500 0.807143
0.282143 0.807143
0.378571 0.807143
0.437500 0.807143
0.466071 0.807143
-0.476786 0.805357
-0.412500 0.805357
-0.344643 0.805357
-0.260714 0.805357
-0.144643 0.805357
-0.121429 0.805357
0.089286 0.805357
0.135714 0.805357
0.200000 0.805357
0.242857 0.805357
0.276786 0.805357
0.380357 0.805357
0.442857 0.805357
-0.500000 0.803571
-0.476786 0.803571
-0.410714 0.803571
-0.342857 0.803571
-0.258929 0.803571
-0.187500 0.803571
-0.078571 0.803571
0.098214 0.803571
0.153571 0.803571
0.223214 0.803571
0.257143 0.803571
0.362500 0.803571
0.410714 0.803571
0.469643 0.803571
-0.480357 0.801786
-0.416071 0.801786
-0.351786 0.801786
-0.271429 0.801786
-0.232143 0.801786
-0.087500 0.801786
0.101786 0.801786
0.158929 0.801786
0.225000 0.801786
0.267857 0.801786
0.385714 0.801786
0.426786 0.801786
-0.501786 0.800000
-0.476786 0.800000
-0.412500 0.800000
-0.350000 0.800000
-0.271429 0.800000
-0.235714 0.800000
0.005357 0.800000
0.026786 0.800000
0.048214 0.800000
0.160714 0.800000
0.210714 0.800000
0.264286 0.800000
0.328571 0.800000
0.408929 0.800000
0.457143 0.800000
-0.492857 0.798214
-0.471429 0.798214
-0.398214 0.798214
-0.319643 0.798214
-0.269643 0.798214
-0.139286 0.798214
-0.001786 0.798214
0.019643 0.798214
0.041071 0.798214
0.107143 0.798214
0.167857 0.798214
0.230357 0.798214
0.271429 0.798214
0.394643 0.798214
0.450000 0.798214
-0.503571 0.796429
-0.478571 0.796429
-0.416071 0.796429
-0.350000 0.796429
-0.278571 0.796429
-0.246429 0.796429
-0.012500 0.796429
0.032143 0.796429
0.053571 0.796429
0.162500 0.796429
0.212500 0.796429
0.262500 0.796429
0.357143 0.796429
0.428571 0.796429
0.467857 0.796429
-0.489286 0.794643
-0.426786 0.794643
-0.371429 0.794643
-0.291071 0.794643
-0.255357 0.794643
-0.107143 0.794643
0.183929 0.794643
0.262500 0.794643
0.326786 0.794643
0.414286 0.794643
0.462500 0.794643
-0.496429 0.792857
-0.469643 0.792857
-0.401786 0.792857
-0.326786 0.792857
-0.264286 0.792857
-0.226786 0.792857
0.021429 0.792857
0.042857 0.792857
0.064286 0.792857
0.185714 0.792857
0.266071 0.792857
0.325000 0.792857
0.407143 0.792857
0.458929 0.792857
-0.501786 0.791071
-0.480357 0.791071
-0.421429 0.791071
-0.330357 0.791071
-0.271429 0.791071
-0.241071 0.791071
0.028571 0.791071
0.050000 0.791071
0.071429 0.791071
0.092857 0.791071
0.269643 0.791071
0.355357 0.791071
0.430357 0.791071
0.471429 0.791071
-0.496429 0.789286
-0.471429 0.789286
-0.376786 0.789286
-0.300000 0.789286
-0.266071 0.789286
-0.158929 0.789286
0.035714 0.789286
0.092857 0.789286
0.226786 0.789286
0.289286 0.789286
0.408929 0.789286
0.455357 0.789286
-0.510714 0.787500
-0.485714 0.787500
-0.426786 0.787500
-0.337500 0.787500
-0.282143 0.787500
-0.253571 0.787500
-0.158929 0.787500
0.033929 0.787500
0.253571 0.787500
0.333929 0.787500
0.416071 0.787500
0.466071 0.787500
-0.496429 0.785714
-0.439286 0.785714
-0.380357 0.785714
-0.305357 0.785714
-0.278571 0.785714
-0.244643 0.785714
-0.146429 0.785714
0.028571 0.785714
0.135714 0.785714
0.250000 0.785714
0.296429 0.785714
0.342857 0.785714
0.419643 0.785714
0.475000 0.785714
-0.496429 0.783929
-0.437500 0.783929
-0.376786 0.783929
-0.305357 0.783929
-0.266071 0.783929
-0.176786 0.783929
0.014286 0.783929
0.137500 0.783929
0.158929 0.783929
0.257143 0.783929
0.321429 0.783929
0.387500 0.783929
0.464286 0.783929
-0.507143 0.782143
-0.482143 0.782143
-0.412500 0.782143
-0.346429 0.782143
-0.283929 0.782143
-0.255357 0.782143
-0.150000 0.782143
0.135714 0.782143
0.157143 0.782143
0.258929 0.782143
0.366071 0.782143
0.439286 0.782143
0.483929 0.782143
-0.496429 0.780357
-0.439286 0.780357
-0.350000 0.780357
-0.289286 0.780357
-0.260714 0.780357
-0.157143 0.780357
0.080357 0.780357
0.153571 0.780357
0.237500 0.780357
0.307143 0.780357
0.423214 0.780357
0.471429 0.780357
-0.503571 0.778571
-0.446429 0.778571
-0.382143 0.778571
-0.296429 0.778571
-0.269643 0.778571
-0.182143 0.778571
-0.073214 0.778571
-0.051786 0.778571
0.053571 0.778571
0.075000 0.778571
0.096429 0.778571
0.167857 0.778571
0.292857 0.778571
0.373214 0.778571
0.428571 0.778571
0.482143 0.778571
-0.503571 0.776786
-0.450000 0.776786
-0.387500 0.776786
-0.300000 0.776786
-0.273214 0.776786
-0.110714 0.776786
-0.089286 0.776786
-0.067857 0.776786
-0.046429 0.776786
0.025000 0.776786
0.046429 0.776786
0.067857 0.776786
0.089286 0.776786
0.158929 0.776786
0.196429 0.776786
0.264286 0.776786
0.316071 0.776786
0.391071 0.776786
0.446429 0.776786
0.489286 0.776786
-0.503571 0.775000
-0.450000 0.775000
-0.387500 0.775000
-0.303571 0.775000
-0.280357 0.775000
-0.189286 0.775000
-0.101786 0.775000
-0.080357 0.775000
-0.058929 0.775000
-0.037500 0.775000
0.025000 0.775000
0.046429 0.775000
0.067857 0.775000
0.089286 0.775000
0.146429 0.775000
0.228571 0.775000
0.294643 0.775000
0.319643 0.775000
0.400000 0.775000
0.469643 0.775000
0.501786 0.775000
-0.500000 0.773214
-0.446429 0.773214
-0.383929 0.773214
-0.305357 0.773214
-0.282143 0.773214
-0.128571 0.773214
-0.107143 0.773214
-0.071429 0.773214
-0.044643 0.773214
-0.023214 0.773214
0.044643 0.773214
0.066071 0.773214
0.108929 0.773214
0.178571 0.773214
0.239286 0.773214
0.303571 0.773214
0.360714 0.773214
0.403571 0.773214
0.469643 0.773214
0.503571 0.773214
-0.501786 0.771429
-0.446429 0.771429
-0.366071 0.771429
-0.307143 0.771429
-0.285714 0.771429
-0.135714 0.771429
-0.073214 0.771429
-0.051786 0.771429
-0.030357 0.771429
-0.008929 0.771429
0.058929 0.771429
0.107143 0.771429
0.160714 0.771429
0.203571 0.771429
0.250000 0.771429
0.312500 0.771429
0.357143 0.771429
0.408929 0.771429
0.475000 0.771429
-0.519643 0.769643
-0.498214 0.769643
-0.426786 0.769643
-0.364286 0.769643
-0.308929 0.769643
-0.283929 0.769643
-0.076786 0.769643
-0.055357 0.769643
0.066071 0.769643
0.114286 0.769643
0.167857 0.769643
0.241071 0.769643
0.301786 0.769643
0.323214 0.769643
0.398214 0.769643
0.457143 0.769643
0.503571 0.769643
-0.505357 0.767857
-0.453571 0.767857
-0.394643 0.767857
-0.319643 0.767857
-0.292857 0.767857
-0.096429 0.767857
-0.075000 0.767857
-0.053571 0.767857
-0.025000 0.767857
0.078571 0.767857
0.125000 0.767857
0.210714 0.767857
0.255357 0.767857
0.316071 0.767857
0.387500 0.767857
0.437500 0.767857
0.489286 0.767857
-0.516071 0.766071
-0.466071 0.766071
-0.414286 0.766071
-0.353571 0.766071
-0.305357 0.766071
-0.210714 0.766071
-0.092857 0.766071
-0.048214 0.766071
0.083929 0.766071
0.128571 0.766071
0.178571 0.766071
0.255357 0.766071
0.316071 0.766071
0.346429 0.766071
0.414286 0.766071
0.478571 0.766071
-0.521429 0.764286
-0.500000 0.764286
-0.430357 0.764286
-0.373214 0.764286
-0.317857 0.764286
-0.276786 0.764286
-0.105357 0.764286
-0.057143 0.764286
0.094643 0.764286
0.135714 0.764286
0.217857 0.764286
0.260714 0.764286
0.319643 0.764286
0.353571 0.764286
0.435714 0.764286
0.480357 0.764286
-0.523214 0.762500
-0.501786 0.762500
-0.435714 0.762500
-0.378571 0.762500
-0.323214 0.762500
-0.282143 0.762500
-0.117857 0.762500
-0.066071 0.762500
0.100000 0.762500
0.132143 0.762500
0.180357 0.762500
0.255357 0.762500
0.298214 0.762500
0.348214 0.762500
0.407143 0.762500
0.462500 0.762500
0.500000 0.762500
-0.517857 0.760714
-0.467857 0.760714
-0.407143 0.760714
-0.333929 0.760714
-0.301786 0.760714
-0.216071 0.760714
-0.075000 0.760714
-0.053571 0.760714
0.103571 0.760714
0.125000 0.760714
0.146429 0.760714
0.237500 0.760714
0.266071 0.760714
0.326786 0.760714
0.358929 0.760714
0.419643 0.760714
0.476786 0.760714
0.512500 0.760714
-0.508929 0.758929
-0.437500 0.758929
-0.380357 0.758929
-0.330357 0.758929
-0.289286 0.758929
-0.223214 0.758929
-0.082143 0.758929
0.121429 0.758929
0.142857 0.758929
0.182143 0.758929
0.258929 0.758929
0.323214 0.758929
0.362500 0.758929
0.416071 0.758929
0.471429 0.758929
0.512500 0.758929
-0.510714 0.757143
-0.439286 0.757143
-0.383929 0.757143
-0.332143 0.757143
-0.296429 0.757143
-0.228571 0.757143
-0.089286 0.757143
0.107143 0.757143
0.128571 0.757143
0.158929 0.757143
0.180357 0.757143
0.255357 0.757143
0.276786 0.757143
0.355357 0.757143
0.417857 0.757143
0.471429 0.757143
0.512500 0.757143
-0.510714 0.755357
-0.441071 0.755357
-0.369643 0.755357
-0.317857 0.755357
-0.292857 0.755357
-0.223214 0.755357
0.003571 0.755357
0.066071 0.755357
0.087500 0.755357
0.108929 0.755357
0.130357 0.755357
0.164286 0.755357
0.185714 0.755357
0.262500 0.755357
0.330357 0.755357
0.360714 0.755357
0.441071 0.755357
0.483929 0.755357
-0.526786 0.753571
-0.478571 0.753571
-0.412500 0.753571
-0.341071 0.753571
-0.305357 0.753571
-0.235714 0.753571
-0.103571 0.753571
-0.001786 0.753571
0.023214 0.753571
0.094643 0.753571
0.116071 0.753571
0.137500 0.753571
0.164286 0.753571
0.185714 0.753571
0.255357 0.753571
0.278571 0.753571
0.346429 0.753571
0.410714 0.753571
0.480357 0.753571
-0.533929 0.751786
-0.485714 0.751786
-0.416071 0.751786
-0.348214 0.751786
-0.312500 0.751786
-0.241071 0.751786
-0.141071 0.751786
-0.014286 0.751786
0.092857 0.751786
0.114286 0.751786
0.135714 0.751786
0.157143 0.751786
0.189286 0.751786
0.255357 0.751786
0.276786 0.751786
0.344643 0.751786
0.408929 0.751786
0.473214 0.751786
0.514286 0.751786
-0.517857 0.750000
-0.437500 0.750000
-0.375000 0.750000
-0.321429 0.750000
-0.292857 0.750000
-0.182143 0.750000
-0.067857 0.750000
-0.046429 0.750000
-0.025000 0.750000
0.100000 0.750000
0.121429 0.750000
0.142857 0.750000
0.182143 0.750000
0.203571 0.750000
0.262500 0.750000
0.283929 0.750000
0.367857 0.750000
0.426786 0.750000
0.500000 0.750000
-0.526786 0.748214
-0.480357 0.748214
-0.414286 0.748214
-0.344643 0.748214
-0.312500 0.748214
-0.237500 0.748214
-0.078571 0.748214
-0.041071 0.748214
-0.019643 0.748214
0.144643 0.748214
0.171429 0.748214
0.201786 0.748214
0.223214 0.748214
0.282143 0.748214
0.350000 0.748214
0.416071 0.748214
0.485714 0.748214
-0.539286 0.746429
-0.492857 0.746429
-0.441071 0.746429
-0.392857 0.746429
-0.341071 0.746429
-0.305357 0.746429
-0.237500 0.746429
-0.033929 0.746429
0.137500 0.746429
0.169643 0.746429
0.191071 0.746429
0.212500 0.746429
0.271429 0.746429
0.323214 0.746429
0.375000 0.746429
0.421429 0.746429
0.498214 0.746429
-0.530357 0.744643
-0.485714 0.744643
-0.421429 0.744643
-0.346429 0.744643
-0.317857 0.744643
-0.248214 0.744643
-0.042857 0.744643
0.132143 0.744643
0.171429 0.744643
0.192857 0.744643
0.214286 0.744643
0.276786 0.744643
0.332143 0.744643
0.385714 0.744643
0.430357 0.744643
0.510714 0.744643
-0.525000 0.742857
-0.469643 0.742857
-0.405357 0.742857
-0.337500 0.742857
-0.310714 0.742857
-0.241071 0.742857
-0.048214 0.742857
-0.026786 0.742857
0.092857 0.742857
0.137500 0.742857
0.187500 0.742857
0.208929 0.742857
0.232143 0.742857
0.294643 0.742857
0.366071 0.742857
0.432143 0.742857
0.512500 0.742857
-0.526786 0.741071
-0.471429 0.741071
-0.410714 0.741071
-0.346429 0.741071
-0.325000 0.741071
-0.262500 0.741071
-0.185714 0.741071
-0.053571 0.741071
-0.032143 0.741071
-0.010714 0.741071
0.044643 0.741071
0.096429 0.741071
0.150000 0.741071
0.198214 0.741071
0.219643 0.741071
0.285714 0.741071
0.339286 0.741071
0.392857 0.741071
0.466071 0.741071
-0.541071 0.739286
-0.500000 0.739286
-0.430357 0.739286
-0.355357 0.739286
-0.333929 0.739286
-0.267857 0.739286
-0.191071 0.739286
-0.060714 0.739286
-0.016071 0.739286
0.030357 0.739286
0.051786 0.739286
0.082143 0.739286
0.141071 0.739286
0.175000 0.739286
0.212500 0.739286
0.255357 0.739286
0.300000 0.739286
0.369643 0.739286
0.439286 0.739286
0.514286 0.739286
-0.530357 0.737500
-0.453571 0.737500
-0.412500 0.737500
-0.342857 0.737500
-0.267857 0.737500
-0.191071 0.737500
-0.064286 0.737500
0.037500 0.737500
0.058929 0.737500
0.082143 0.737500
0.144643 0.737500
0.176786 0.737500
0.216071 0.737500
0.285714 0.737500
0.307143 0.737500
0.376786 0.737500
0.467857 0.737500
0.523214 0.737500
-0.526786 0.735714
-0.450000 0.735714
-0.371429 0.735714
-0.341071 0.735714
-0.269643 0.735714
-0.085714 0.735714
0.060714 0.735714
0.107143 0.735714
0.158929 0.735714
0.208929 0.735714
0.232143 0.735714
0.300000 0.735714
0.355357 0.735714
0.444643 0.735714
0.516071 0.735714
-0.533929 0.733929
-0.455357 0.733929
-0.419643 0.733929
-0.348214 0.733929
-0.273214 0.733929
-0.094643 0.733929
-0.032143 0.733929
0.083929 0.733929
0.160714 0.733929
0.210714 0.733929
0.235714 0.733929
0.305357 0.733929
0.398214 0.733929
0.475000 0.733929
-0.546429 0.732143
-0.507143 0.732143
-0.437500 0.732143
-0.360714 0.732143
-0.287500 0.732143
-0.210714 0.732143
-0.100000 0.732143
-0.041071 0.732143
0.085714 0.732143
0.160714 0.732143
0.187500 0.732143
0.228571 0.732143
0.296429 0.732143
0.317857 0.732143
0.426786 0.732143
0.512500 0.732143
-0.546429 0.730357
-0.503571 0.730357
-0.437500 0.730357
-0.366071 0.730357
-0.291071 0.730357
-0.214286 0.730357
-0.107143 0.730357
-0.048214 0.730357
0.119643 0.730357
0.166071 0.730357
0.212500 0.730357
0.241071 0.730357
0.300000 0.730357
0.321429 0.730357
0.450000 0.730357
0.505357 0.730357
0.533929 0.730357
-0.512500 0.728571
-0.453571 0.728571
-0.380357 0.728571
-0.301786 0.728571
-0.221429 0.728571
-0.175000 0.728571
-0.062500 0.728571
0.062500 0.728571
0.139286 0.728571
0.185714 0.728571
0.223214 0.728571
0.251786 0.728571
0.314286 0.728571
0.401786 0.728571
0.475000 0.728571
0.517857 0.728571
-0.542857 0.726786
-0.501786 0.726786
-0.428571 0.726786
-0.344643 0.726786
-0.241071 0.726786
-0.219643 0.726786
-0.076786 0.726786
0.003571 0.726786
0.094643 0.726786
0.173214 0.726786
0.200000 0.726786
0.233929 0.726786
0.305357 0.726786
0.328571 0.726786
0.432143 0.726786
0.494643 0.726786
0.535714 0.726786
-0.517857 0.725000
-0.457143 0.725000
-0.367857 0.725000
-0.308929 0.725000
-0.242857 0.725000
-0.219643 0.725000
-0.076786 0.725000
0.044643 0.725000
0.128571 0.725000
0.183929 0.725000
0.223214 0.725000
0.244643 0.725000
0.307143 0.725000
0.333929 0.725000
0.457143 0.725000
0.517857 0.725000
-0.548214 0.723214
-0.507143 0.723214
-0.439286 0.723214
-0.353571 0.723214
-0.292857 0.723214
-0.226786 0.723214
-0.085714 0.723214
0.044643 0.723214
0.114286 0.723214
0.183929 0.723214
0.210714 0.723214
0.235714 0.723214
0.291071 0.723214
0.316071 0.723214
0.408929 0.723214
0.482143 0.723214
0.537500 0.723214
-0.519643 0.721429
-0.448214 0.721429
-0.369643 0.721429
-0.307143 0.721429
-0.235714 0.721429
-0.019643 0.721429
0.044643 0.721429
0.087500 0.721429
0.119643 0.721429
0.167857 0.721429
0.207143 0.721429
0.230357 0.721429
0.289286 0.721429
0.314286 0.721429
0.408929 0.721429
0.483929 0.721429
0.535714 0.721429
-0.523214 0.719643
-0.451786 0.719643
-0.373214 0.719643
-0.307143 0.719643
-0.237500 0.719643
-0.021429 0.719643
0.044643 0.719643
0.066071 0.719643
0.087500 0.719643
0.108929 0.719643
0.141071 0.719643
0.196429 0.719643
0.219643 0.719643
0.253571 0.719643
0.305357 0.719643
0.341071 0.719643
0.480357 0.719643
0.523214 0.719643
-0.550000 0.717857
-0.512500 0.717857
-0.446429 0.717857
-0.371429 0.717857
-0.308929 0.717857
-0.241071 0.717857
-0.003571 0.717857
0.058929 0.717857
0.096429 0.717857
0.117857 0.717857
0.142857 0.717857
0.164286 0.717857
0.208929 0.717857
0.232143 0.717857
0.298214 0.717857
0.326786 0.717857
0.439286 0.717857
0.498214 0.717857
-0.555357 0.716071
-0.519643 0.716071
-0.455357 0.716071
-0.378571 0.716071
-0.319643 0.716071
-0.258929 0.716071
-0.225000 0.716071
0.030357 0.716071
0.117857 0.716071
0.139286 0.716071
0.167857 0.716071
0.210714 0.716071
0.235714 0.716071
0.267857 0.716071
0.332143 0.716071
0.441071 0.716071
0.500000 0.716071
-0.560714 0.714286
-0.525000 0.714286
-0.469643 0.714286
-0.385714 0.714286
-0.350000 0.714286
-0.314286 0.714286
-0.253571 0.714286
-0.128571 0.714286
0.058929 0.714286
0.125000 0.714286
0.146429 0.714286
0.185714 0.714286
0.226786 0.714286
0.262500 0.714286
0.326786 0.714286
0.419643 0.714286
0.498214 0.714286
-0.564286 0.712500
-0.528571 0.712500
-0.473214 0.712500
-0.437500 0.712500
-0.371429 0.712500
-0.321429 0.712500
-0.251786 0.712500
-0.130357 0.712500
0.087500 0.712500
0.108929 0.712500
0.139286 0.712500
0.173214 0.712500
0.207143 0.712500
0.239286 0.712500
0.280357 0.712500
0.350000 0.712500
0.487500 0.712500
0.526786 0.712500
-0.553571 0.710714
-0.517857 0.710714
-0.455357 0.710714
-0.387500 0.710714
-0.335714 0.710714
-0.273214 0.710714
-0.142857 0.710714
0.046429 0.710714
0.117857 0.710714
0.144643 0.710714
0.182143 0.710714
0.226786 0.710714
0.250000 0.710714
0.316071 0.710714
0.355357 0.710714
0.494643 0.710714
0.537500 0.710714
-0.548214 0.708929
-0.508929 0.708929
-0.446429 0.708929
-0.383929 0.708929
-0.333929 0.708929
-0.257143 0.708929
-0.085714 0.708929
0.046429 0.708929
0.135714 0.708929
0.176786 0.708929
0.201786 0.708929
0.244643 0.708929
0.291071 0.708929
0.355357 0.708929
0.469643 0.708929
0.532143 0.708929
-0.553571 0.707143
-0.521429 0.707143
-0.460714 0.707143
-0.396429 0.707143
-0.362500 0.707143
-0.316071 0.707143
-0.103571 0.707143
0.007143 0.707143
0.123214 0.707143
0.150000 0.707143
0.203571 0.707143
0.242857 0.707143
0.296429 0.707143
0.360714 0.707143
0.473214 0.707143
0.532143 0.707143
-0.555357 0.705357
-0.523214 0.705357
-0.462500 0.705357
-0.398214 0.705357
-0.364286 0.705357
-0.323214 0.705357
-0.158929 0.705357
-0.096429 0.705357
0.033929 0.705357
0.144643 0.705357
0.200000 0.705357
0.239286 0.705357
0.260714 0.705357
0.344643 0.705357
0.451786 0.705357
0.521429 0.705357
-0.564286 0.703571
-0.530357 0.703571
-0.466071 0.703571
-0.442857 0.703571
-0.385714 0.703571
-0.337500 0.703571
-0.217857 0.703571
-0.121429 0.703571
0.001786 0.703571
0.130357 0.703571
0.151786 0.703571
0.208929 0.703571
0.248214 0.703571
0.312500 0.703571
0.371429 0.703571
0.480357 0.703571
0.541071 0.703571
-0.551786 0.701786
-0.519643 0.701786
-0.460714 0.701786
-0.403571 0.701786
-0.369643 0.701786
-0.330357 0.701786
-0.132143 0.701786
-0.019643 0.701786
0.008929 0.701786
0.144643 0.701786
0.196429 0.701786
0.244643 0.701786
0.266071 0.701786
0.373214 0.701786
0.480357 0.701786
0.541071 0.701786
-0.544643 0.700000
-0.521429 0.700000
-0.464286 0.700000
-0.396429 0.700000
-0.348214 0.700000
-0.180357 0.700000
-0.126786 0.700000
0.000000 0.700000
0.151786 0.700000
0.216071 0.700000
0.253571 0.700000
0.348214 0.700000
0.428571 0.700000
0.505357 0.700000
-0.569643 0.698214
-0.535714 0.698214
-0.489286 0.698214
-0.453571 0.698214
-0.389286 0.698214
-0.342857 0.698214
-0.141071 0.698214
-0.023214 0.698214
0.160714 0.698214
0.230357 0.698214
0.264286 0.698214
0.357143 0.698214
0.464286 0.698214
0.537500 0.698214
-0.546429 0.696429
-0.521429 0.696429
-0.460714 0.696429
-0.398214 0.696429
-0.355357 0.696429
-0.151786 0.696429
-0.041071 0.696429
-0.007143 0.696429
0.167857 0.696429
0.248214 0.696429
0.271429 0.696429
0.362500 0.696429
0.487500 0.696429
-0.575000 0.694643
-0.541071 0.694643
-0.503571 0.694643
-0.458929 0.694643
-0.396429 0.694643
-0.351786 0.694643
-0.155357 0.694643
-0.055357 0.694643
-0.033929 0.694643
0.157143 0.694643
0.221429 0.694643
0.258929 0.694643
0.280357 0.694643
0.362500 0.694643
0.510714 0.694643
-0.560714 0.692857
-0.532143 0.692857
-0.469643 0.692857
-0.405357 0.692857
-0.364286 0.692857
-0.275000 0.692857
-0.083929 0.692857
-0.055357 0.692857
0.066071 0.692857
0.178571 0.692857
0.241071 0.692857
0.282143 0.692857
0.360714 0.692857
0.492857 0.692857
-0.564286 0.691071
-0.535714 0.691071
-0.475000 0.691071
-0.453571 0.691071
-0.387500 0.691071
-0.353571 0.691071
-0.166071 0.691071
-0.066071 0.691071
0.094643 0.691071
0.116071 0.691071
0.137500 0.691071
0.166071 0.691071
0.230357 0.691071
0.257143 0.691071
0.292857 0.691071
0.367857 0.691071
0.535714 0.691071
-0.551786 0.689286
-0.530357 0.689286
-0.466071 0.689286
-0.407143 0.689286
-0.369643 0.689286
-0.289286 0.689286
-0.173214 0.689286
-0.075000 0.689286
0.021429 0.689286
0.075000 0.689286
0.096429 0.689286
0.117857 0.689286
0.139286 0.689286
0.160714 0.689286
0.182143 0.689286
0.244643 0.689286
0.280357 0.689286
0.355357 0.689286
0.514286 0.689286
-0.566071 0.687500
-0.541071 0.687500
-0.478571 0.687500
-0.442857 0.687500
-0.392857 0.687500
-0.360714 0.687500
-0.291071 0.687500
-0.100000 0.687500
-0.078571 0.687500
0.016071 0.687500
0.069643 0.687500
0.091071 0.687500
0.112500 0.687500
0.153571 0.687500
0.175000 0.687500
0.237500 0.687500
0.276786 0.687500
0.308929 0.687500
0.382143 0.687500
0.537500 0.687500
-0.553571 0.685714
-0.526786 0.685714
-0.467857 0.685714
-0.407143 0.685714
-0.375000 0.685714
-0.346429 0.685714
-0.278571 0.685714
-0.098214 0.685714
0.000000 0.685714
0.053571 0.685714
0.178571 0.685714
0.237500 0.685714
0.262500 0.685714
0.298214 0.685714
0.376786 0.685714
0.500000 0.685714
-0.582143 0.683929
-0.546429 0.683929
-0.483929 0.683929
-0.460714 0.683929
-0.396429 0.683929
-0.360714 0.683929
-0.296429 0.683929
-0.112500 0.683929
0.103571 0.683929
0.183929 0.683929
0.241071 0.683929
0.266071 0.683929
0.300000 0.683929
0.360714 0.683929
0.500000 0.683929
-0.569643 0.682143
-0.542857 0.682143
-0.478571 0.682143
-0.417857 0.682143
-0.385714 0.682143
-0.360714 0.682143
-0.294643 0.682143
-0.005357 0.682143
0.112500 0.682143
0.180357 0.682143
0.201786 0.682143
0.257143 0.682143
0.300000 0.682143
0.360714 0.682143
0.498214 0.682143
0.564286 0.682143
-0.548214 0.680357
-0.485714 0.680357
-0.462500 0.680357
-0.401786 0.680357
-0.375000 0.680357
-0.310714 0.680357
-0.017857 0.680357
0.096429 0.680357
0.117857 0.680357
0.139286 0.680357
0.200000 0.680357
0.253571 0.680357
0.296429 0.680357
0.357143 0.680357
0.394643 0.680357
0.514286 0.680357
-0.569643 0.678571
-0.542857 0.678571
-0.478571 0.678571
-0.419643 0.678571
-0.387500 0.678571
-0.366071 0.678571
-0.319643 0.678571
-0.058929 0.678571
0.089286 0.678571
0.119643 0.678571
0.141071 0.678571
0.198214 0.678571
0.248214 0.678571
0.275000 0.678571
0.323214 0.678571
0.396429 0.678571
0.503571 0.678571
-0.573214 0.676786
-0.548214 0.676786
-0.485714 0.676786
-0.425000 0.676786
-0.394643 0.676786
-0.373214 0.676786
-0.326786 0.676786
-0.062500 0.676786
0.082143 0.676786
0.135714 0.676786
0.189286 0.676786
0.210714 0.676786
0.262500 0.676786
0.310714 0.676786
0.396429 0.676786
0.489286 0.676786
0.562500 0.676786
-0.551786 0.675000
-0.491071 0.675000
-0.430357 0.675000
-0.401786 0.675000
-0.378571 0.675000
-0.319643 0.675000
-0.025000 0.675000
0.080357 0.675000
0.153571 0.675000
0.208929 0.675000
0.257143 0.675000
0.308929 0.675000
0.378571 0.675000
0.437500 0.675000
0.537500 0.675000
-0.571429 0.673214
-0.546429 0.673214
-0.487500 0.673214
-0.428571 0.673214
-0.401786 0.673214
-0.378571 0.673214
-0.035714 0.673214
0.069643 0.673214
0.158929 0.673214
0.212500 0.673214
0.262500 0.673214
0.314286 0.673214
0.383929 0.673214
0.442857 0.673214
0.555357 0.673214
-0.562500 0.671429
-0.526786 0.671429
-0.482143 0.671429
-0.421429 0.671429
-0.400000 0.671429
-0.323214 0.671429
-0.032143 0.671429
0.066071 0.671429
0.169643 0.671429
0.219643 0.671429
0.271429 0.671429
0.317857 0.671429
0.389286 0.671429
0.442857 0.671429
0.548214 0.671429
-0.567857 0.669643
-0.544643 0.669643
-0.487500 0.669643
-0.430357 0.669643
-0.405357 0.669643
-0.326786 0.669643
-0.035714 0.669643
0.164286 0.669643
0.210714 0.669643
0.264286 0.669643
0.317857 0.669643
0.387500 0.669643
0.446429 0.669643
0.550000 0.669643
-0.560714 0.667857
-0.517857 0.667857
-0.475000 0.667857
-0.417857 0.667857
-0.387500 0.667857
-0.073214 0.667857
0.208929 0.667857
0.262500 0.667857
0.303571 0.667857
0.389286 0.667857
0.448214 0.667857
0.555357 0.667857
-0.562500 0.666071
-0.521429 0.666071
-0.476786 0.666071
-0.423214 0.666071
-0.392857 0.666071
-0.248214 0.666071
-0.046429 0.666071
0.217857 0.666071
0.248214 0.666071
0.300000 0.666071
0.396429 0.666071
0.523214 0.666071
-0.575000 0.664286
-0.550000 0.664286
-0.494643 0.664286
-0.458929 0.664286
-0.419643 0.664286
-0.366071 0.664286
-0.051786 0.664286
0.221429 0.664286
0.269643 0.664286
0.332143 0.664286
0.425000 0.664286
0.542857 0.664286
-0.567857 0.662500
-0.546429 0.662500
-0.492857 0.662500
-0.441071 0.662500
-0.416071 0.662500
-0.337500 0.662500
-0.053571 0.662500
0.098214 0.662500
0.208929 0.662500
0.250000 0.662500
0.337500 0.662500
0.455357 0.662500
0.551786 0.662500
-0.564286 0.660714
-0.528571 0.660714
-0.480357 0.660714
-0.432143 0.660714
-0.401786 0.660714
-0.337500 0.660714
-0.087500 0.660714
0.075000 0.660714
0.212500 0.660714
0.283929 0.660714
0.412500 0.660714
0.537500 0.660714
-0.571429 0.658929
-0.537500 0.658929
-0.492857 0.658929
-0.439286 0.658929
-0.417857 0.658929
-0.200000 0.658929
-0.178571 0.658929
-0.157143 0.658929
0.076786 0.658929
0.239286 0.658929
0.285714 0.658929
0.385714 0.658929
0.469643 0.658929
0.555357 0.658929
-0.560714 0.657143
-0.528571 0.657143
-0.480357 0.657143
-0.433929 0.657143
-0.403571 0.657143
-0.194643 0.657143
-0.173214 0.657143
-0.151786 0.657143
-0.091071 0.657143
0.075000 0.657143
0.201786 0.657143
0.257143 0.657143
0.319643 0.657143
0.392857 0.657143
0.475000 0.657143
-0.583929 0.655357
-0.558929 0.655357
-0.516071 0.655357
-0.480357 0.655357
-0.435714 0.655357
-0.405357 0.655357
-0.210714 0.655357
-0.189286 0.655357
-0.167857 0.655357
-0.092857 0.655357
0.057143 0.655357
0.078571 0.655357
0.217857 0.655357
0.289286 0.655357
0.355357 0.655357
0.421429 0.655357
0.530357 0.655357
-0.571429 0.653571
-0.541071 0.653571
-0.501786 0.653571
-0.450000 0.653571
-0.425000 0.653571
-0.373214 0.653571
-0.212500 0.653571
-0.144643 0.653571
0.042857 0.653571
0.064286 0.653571
0.151786 0.653571
0.262500 0.653571
0.330357 0.653571
0.426786 0.653571
0.528571 0.653571
-0.573214 0.651786
-0.541071 0.651786
-0.496429 0.651786
-0.441071 0.651786
-0.408929 0.651786
-0.228571 0.651786
-0.207143 0.651786
0.126786 0.651786
0.148214 0.651786
0.210714 0.651786
0.267857 0.651786
0.362500 0.651786
0.485714 0.651786
-0.580357 0.650000
-0.558929 0.650000
-0.510714 0.650000
-0.476786 0.650000
-0.437500 0.650000
-0.398214 0.650000
-0.230357 0.650000
-0.101786 0.650000
0.123214 0.650000
0.144643 0.650000
0.166071 0.650000
0.225000 0.650000
0.301786 0.650000
0.466071 0.650000
0.530357 0.650000
-0.573214 0.648214
-0.542857 0.648214
-0.500000 0.648214
-0.450000 0.648214
-0.417857 0.648214
-0.269643 0.648214
-0.225000 0.648214
0.103571 0.648214
0.125000 0.648214
0.146429 0.648214
0.167857 0.648214
0.223214 0.648214
0.300000 0.648214
0.435714 0.648214
0.530357 0.648214
-0.573214 0.646429
-0.542857 0.646429
-0.500000 0.646429
-0.450000 0.646429
-0.416071 0.646429
-0.246429 0.646429
-0.162500 0.646429
0.105357 0.646429
0.150000 0.646429
0.171429 0.646429
0.223214 0.646429
0.301786 0.646429
0.471429 0.646429
0.542857 0.646429
-0.566071 0.644643
-0.521429 0.644643
-0.482143 0.644643
-0.435714 0.644643
-0.412500 0.644643
-0.244643 0.644643
-0.080357 0.644643
0.107143 0.644643
0.162500 0.644643
0.189286 0.644643
0.273214 0.644643
0.417857 0.644643
0.530357 0.644643
-0.573214 0.642857
-0.542857 0.642857
-0.487500 0.642857
-0.446429 0.642857
-0.416071 0.642857
-0.248214 0.642857
0.101786 0.642857
0.162500 0.642857
0.223214 0.642857
0.282143 0.642857
0.476786 0.642857
-0.582143 0.641071
-0.555357 0.641071
-0.503571 0.641071
-0.451786 0.641071
-0.419643 0.641071
-0.251786 0.641071
-0.008929 0.641071
0.114286 0.641071
0.185714 0.641071
0.232143 0.641071
0.314286 0.641071
0.533929 0.641071
-0.567857 0.639286
-0.507143 0.639286
-0.457143 0.639286
-0.423214 0.639286
-0.255357 0.639286
0.005357 0.639286
0.026786 0.639286
0.169643 0.639286
0.233929 0.639286
0.314286 0.639286
0.532143 0.639286
-0.571429 0.637500
-0.526786 0.637500
-0.462500 0.637500
-0.428571 0.637500
-0.262500 0.637500
0.023214 0.637500
0.044643 0.637500
0.130357 0.637500
0.232143 0.637500
0.291071 0.637500
0.428571 0.637500
-0.587500 0.635714
-0.562500 0.635714
-0.492857 0.635714
-0.453571 0.635714
-0.294643 0.635714
0.032143 0.635714
0.053571 0.635714
0.075000 0.635714
0.235714 0.635714
0.292857 0.635714
0.430357 0.635714
0.551786 0.635714
-0.573214 0.633929
-0.508929 0.633929
-0.458929 0.633929
-0.425000 0.633929
0.042857 0.633929
0.064286 0.633929
0.085714 0.633929
0.239286 0.633929
0.298214 0.633929
0.373214 0.633929
0.548214 0.633929
-0.580357 0.632143
-0.532143 0.632143
-0.469643 0.632143
-0.433929 0.632143
0.037500 0.632143
0.075000 0.632143
0.233929 0.632143
0.292857 0.632143
0.337500 0.632143
0.432143 0.632143
0.555357 0.632143
-0.578571 0.630357
-0.548214 0.630357
-0.489286 0.630357
-0.437500 0.630357
0.021429 0.630357
0.042857 0.630357
0.157143 0.630357
0.294643 0.630357
0.342857 0.630357
0.548214 0.630357
-0.589286 0.628571
-0.557143 0.628571
-0.498214 0.628571
-0.450000 0.628571
-0.305357 0.628571
0.066071 0.628571
0.255357 0.628571
0.330357 0.628571
0.437500 0.628571
0.558929 0.628571
-0.578571 0.626786
-0.533929 0.626786
-0.475000 0.626786
-0.441071 0.626786
-0.123214 0.626786
0.146429 0.626786
0.260714 0.626786
0.333929 0.626786
0.439286 0.626786
0.560714 0.626786
-0.575000 0.625000
-0.514286 0.625000
-0.471429 0.625000
-0.439286 0.625000
0.137500 0.625000
0.158929 0.625000
0.264286 0.625000
0.337500 0.625000
0.358929 0.625000
0.535714 0.625000
0.564286 0.625000
-0.576786 0.623214
-0.533929 0.623214
-0.476786 0.623214
-0.444643 0.623214
-0.198214 0.623214
-0.176786 0.623214
-0.150000 0.623214
0.158929 0.623214
0.248214 0.623214
0.321429 0.623214
0.358929 0.623214
0.508929 0.623214
0.558929 0.623214
-0.583929 0.621429
-0.542857 0.621429
-0.496429 0.621429
-0.448214 0.621429
-0.207143 0.621429
-0.185714 0.621429
-0.164286 0.621429
0.173214 0.621429
0.257143 0.621429
0.364286 0.621429
0.507143 0.621429
0.566071 0.621429
-0.582143 0.619643
-0.539286 0.619643
-0.498214 0.619643
-0.450000 0.619643
-0.026786 0.619643
0.185714 0.619643
0.258929 0.619643
0.369643 0.619643
0.500000 0.619643
0.557143 0.619643
-0.591071 0.617857
-0.558929 0.617857
-0.503571 0.617857
-0.457143 0.617857
-0.323214 0.617857
0.171429 0.617857
0.192857 0.617857
0.258929 0.617857
0.333929 0.617857
0.387500 0.617857
0.539286 0.617857
-0.596429 0.616071
-0.562500 0.616071
-0.510714 0.616071
-0.458929 0.616071
-0.325000 0.616071
0.005357 0.616071
0.162500 0.616071
0.191071 0.616071
0.253571 0.616071
0.333929 0.616071
0.392857 0.616071
0.541071 0.616071
-0.592857 0.614286
-0.558929 0.614286
-0.501786 0.614286
-0.451786 0.614286
-0.042857 0.614286
0.007143 0.614286
0.100000 0.614286
0.121429 0.614286
0.142857 0.614286
0.164286 0.614286
0.214286 0.614286
0.269643 0.614286
0.498214 0.614286
0.555357 0.614286
-0.591071 0.612500
-0.550000 0.612500
-0.503571 0.612500
-0.448214 0.612500
-0.048214 0.612500
-0.005357 0.612500
0.076786 0.612500
0.098214 0.612500
0.119643 0.612500
0.146429 0.612500
0.167857 0.612500
0.223214 0.612500
0.275000 0.612500
0.448214 0.612500
0.501786 0.612500
0.558929 0.612500
-0.589286 0.610714
-0.550000 0.610714
-0.503571 0.610714
-0.453571 0.610714
-0.067857 0.610714
-0.032143 0.610714
-0.010714 0.610714
0.098214 0.610714
0.119643 0.610714
0.228571 0.610714
0.276786 0.610714
0.437500 0.610714
0.498214 0.610714
0.548214 0.610714
-0.589286 0.608929
-0.548214 0.608929
-0.501786 0.608929
-0.433929 0.608929
-0.241071 0.608929
-0.110714 0.608929
-0.023214 0.608929
0.121429 0.608929
0.276786 0.608929
0.430357 0.608929
0.500000 0.608929
0.578571 0.608929
-0.573214 0.607143
-0.523214 0.607143
-0.466071 0.607143
-0.339286 0.607143
-0.132143 0.607143
-0.026786 0.607143
0.132143 0.607143
0.283929 0.607143
0.417857 0.607143
0.494643 0.607143
-0.603571 0.605357
-0.564286 0.605357
-0.516071 0.605357
-0.432143 0.605357
-0.255357 0.605357
-0.132143 0.605357
0.133929 0.605357
0.357143 0.605357
0.405357 0.605357
0.426786 0.605357
0.550000 0.605357
-0.592857 0.603571
-0.551786 0.603571
-0.505357 0.603571
-0.391071 0.603571
-0.262500 0.603571
-0.139286 0.603571
0.037500 0.603571
0.273214 0.603571
0.403571 0.603571
0.503571 0.603571
0.560714 0.603571
-0.573214 0.601786
-0.526786 0.601786
-0.466071 0.601786
-0.385714 0.601786
-0.264286 0.601786
-0.223214 0.601786
-0.064286 0.601786
0.039286 0.601786
0.273214 0.601786
0.530357 0.601786
0.564286 0.601786
-0.566071 0.600000
-0.523214 0.600000
-0.466071 0.600000
-0.364286 0.600000
-0.248214 0.600000
0.026786 0.600000
0.275000 0.600000
0.528571 0.600000
-0.608929 0.598214
-0.564286 0.598214
-0.523214 0.598214
-0.441071 0.598214
-0.282143 0.598214
0.223214 0.598214
0.376786 0.598214
0.551786 0.598214
-0.596429 0.596429
-0.550000 0.596429
-0.507143 0.596429
-0.398214 0.596429
-0.285714 0.596429
0.171429 0.596429
0.275000 0.596429
0.516071 0.596429
0.558929 0.596429
-0.589286 0.594643
-0.535714 0.594643
-0.483929 0.594643
-0.398214 0.594643
-0.287500 0.594643
0.228571 0.594643
0.508929 0.594643
0.555357 0.594643
-0.598214 0.592857
-0.560714 0.592857
-0.521429 0.592857
-0.446429 0.592857
-0.378571 0.592857
-0.083929 0.592857
0.282143 0.592857
0.503571 0.592857
0.553571 0.592857
-0.601786 0.591071
-0.560714 0.591071
-0.512500 0.591071
-0.408929 0.591071
-0.385714 0.591071
-0.296429 0.591071
0.185714 0.591071
0.496429 0.591071
0.525000 0.591071
0.566071 0.591071
-0.591071 0.589286
-0.535714 0.589286
-0.455357 0.589286
-0.401786 0.589286
-0.378571 0.589286
-0.098214 0.589286
0.191071 0.589286
0.401786 0.589286
0.423214 0.589286
0.516071 0.589286
0.557143 0.589286
-0.596429 0.587500
-0.555357 0.587500
-0.489286 0.587500
-0.416071 0.587500
-0.387500 0.587500
-0.253571 0.587500
0.062500 0.587500
0.289286 0.587500
0.530357 0.587500
0.575000 0.587500
-0.583929 0.585714
-0.537500 0.585714
-0.458929 0.585714
-0.407143 0.585714
-0.267857 0.585714
-0.112500 0.585714
0.205357 0.585714
0.555357 0.585714
-0.603571 0.583929
-0.564286 0.583929
-0.516071 0.583929
-0.423214 0.583929
-0.392857 0.583929
-0.269643 0.583929
0.019643 0.583929
0.208929 0.583929
0.550000 0.583929
0.578571 0.583929
-0.583929 0.582143
-0.533929 0.582143
-0.428571 0.582143
-0.400000 0.582143
-0.276786 0.582143
0.012500 0.582143
0.132143 0.582143
0.212500 0.582143
0.233929 0.582143
0.255357 0.582143
0.462500 0.582143
0.560714 0.582143
-0.600000 0.580357
-0.542857 0.580357
-0.492857 0.580357
-0.419643 0.580357
-0.292857 0.580357
0.000000 0.580357
0.075000 0.580357
0.121429 0.580357
0.196429 0.580357
0.217857 0.580357
0.239286 0.580357
0.300000 0.580357
0.557143 0.580357
-0.607143 0.578571
-0.566071 0.578571
-0.528571 0.578571
-0.428571 0.578571
-0.376786 0.578571
-0.133929 0.578571
0.067857 0.578571
0.176786 0.578571
0.225000 0.578571
0.246429 0.578571
0.455357 0.578571
0.564286 0.578571
-0.591071 0.576786
-0.541071 0.576786
-0.464286 0.576786
-0.417857 0.576786
-0.142857 0.576786
0.057143 0.576786
0.173214 0.576786
0.233929 0.576786
0.307143 0.576786
0.521429 0.576786
0.562500 0.576786
-0.601786 0.575000
-0.541071 0.575000
-0.462500 0.575000
-0.417857 0.575000
0.017857 0.575000
0.046429 0.575000
0.175000 0.575000
0.351786 0.575000
0.560714 0.575000
-0.605357 0.573214
-0.546429 0.573214
-0.498214 0.573214
-0.425000 0.573214
0.017857 0.573214
0.042857 0.573214
0.255357 0.573214
0.523214 0.573214
0.564286 0.573214
-0.603571 0.571429
-0.546429 0.571429
-0.466071 0.571429
-0.421429 0.571429
0.012500 0.571429
0.155357 0.571429
0.319643 0.571429
0.541071 0.571429
0.578571 0.571429
-0.592857 0.569643
-0.539286 0.569643
-0.442857 0.569643
-0.389286 0.569643
0.089286 0.569643
0.128571 0.569643
0.317857 0.569643
0.530357 0.569643
0.573214 0.569643
-0.601786 0.567857
-0.539286 0.567857
-0.448214 0.567857
-0.410714 0.567857
0.083929 0.567857
0.119643 0.567857
0.187500 0.567857
0.528571 0.567857
0.573214 0.567857
-0.598214 0.566071
-0.537500 0.566071
-0.446429 0.566071
-0.392857 0.566071
0.082143 0.566071
0.171429 0.566071
0.192857 0.566071
0.544643 0.566071
0.580357 0.566071
-0.596429 0.564286
-0.537500 0.564286
-0.446429 0.564286
-0.330357 0.564286
0.128571 0.564286
0.180357 0.564286
0.207143 0.564286
0.505357 0.564286
0.566071 0.564286
-0.608929 0.562500
-0.550000 0.562500
-0.458929 0.562500
-0.414286 0.562500
0.107143 0.562500
0.162500 0.562500
0.192857 0.562500
0.339286 0.562500
0.533929 0.562500
0.578571 0.562500
-0.600000 0.560714
-0.539286 0.560714
-0.446429 0.560714
-0.333929 0.560714
0.105357 0.560714
0.153571 0.560714
0.192857 0.560714
0.382143 0.560714
0.503571 0.560714
0.566071 0.560714
-0.614286 0.558929
-0.582143 0.558929
-0.508929 0.558929
-0.433929 0.558929
0.050000 0.558929
0.135714 0.558929
0.187500 0.558929
0.364286 0.558929
0.385714 0.558929
0.533929 0.558929
0.582143 0.558929
-0.596429 0.557143
-0.546429 0.557143
-0.450000 0.557143
0.008929 0.557143
0.121429 0.557143
0.180357 0.557143
0.375000 0.557143
0.487500 0.557143
0.564286 0.557143
-0.621429 0.555357
-0.583929 0.555357
-0.512500 0.555357
-0.433929 0.555357
0.173214 0.555357
0.441071 0.555357
0.508929 0.555357
0.567857 0.555357
-0.614286 0.553571
-0.562500 0.553571
-0.478571 0.553571
-0.005357 0.553571
0.226786 0.553571
0.508929 0.553571
0.567857 0.553571
-0.616071 0.551786
-0.585714 0.551786
-0.512500 0.551786
-0.296429 0.551786
0.167857 0.551786
0.467857 0.551786
0.551786 0.551786
0.592857 0.551786
-0.587500 0.550000
-0.514286 0.550000
-0.455357 0.550000
-0.016071 0.550000
0.212500 0.550000
0.469643 0.550000
0.548214 0.550000
0.578571 0.550000
-0.600000 0.548214
-0.548214 0.548214
-0.467857 0.548214
-0.051786 0.548214
0.208929 0.548214
0.501786 0.548214
0.548214 0.548214
0.576786 0.548214
-0.608929 0.546429
-0.557143 0.546429
-0.475000 0.546429
-0.058929 0.546429
0.205357 0.546429
0.462500 0.546429
0.530357 0.546429
0.558929 0.546429
0.600000 0.546429
-0.587500 0.544643
-0.480357 0.544643
-0.307143 0.544643
-0.057143 0.544643
0.207143 0.544643
0.421429 0.544643
0.514286 0.544643
0.550000 0.544643
0.598214 0.544643
-0.601786 0.542857
-0.551786 0.542857
-0.460714 0.542857
-0.067857 0.542857
0.026786 0.542857
0.246429 0.542857
0.392857 0.542857
0.503571 0.542857
0.539286 0.542857
0.573214 0.542857
-0.603571 0.541071
-0.551786 0.541071
-0.405357 0.541071
-0.071429 0.541071
0.019643 0.541071
0.201786 0.541071
0.287500 0.541071
0.448214 0.541071
0.516071 0.541071
0.551786 0.541071
-0.625000 0.539286
-0.589286 0.539286
-0.517857 0.539286
-0.375000 0.539286
-0.076786 0.539286
-0.035714 0.539286
0.185714 0.539286
0.237500 0.539286
0.287500 0.539286
0.460714 0.539286
0.523214 0.539286
0.557143 0.539286
-0.625000 0.537500
-0.580357 0.537500
-0.487500 0.537500
-0.407143 0.537500
-0.082143 0.537500
-0.057143 0.537500
0.016071 0.537500
0.183929 0.537500
0.237500 0.537500
0.387500 0.537500
0.466071 0.537500
0.539286 0.537500
0.569643 0.537500
-0.614286 0.535714
-0.566071 0.535714
-0.478571 0.535714
-0.196429 0.535714
-0.071429 0.535714
0.003571 0.535714
0.083929 0.535714
0.183929 0.535714
0.239286 0.535714
0.400000 0.535714
0.460714 0.535714
0.535714 0.535714
0.562500 0.535714
-0.617857 0.533929
-0.569643 0.533929
-0.487500 0.533929
-0.205357 0.533929
-0.075000 0.533929
0.000000 0.533929
0.071429 0.533929
0.162500 0.533929
0.208929 0.533929
0.250000 0.533929
0.398214 0.533929
0.467857 0.533929
0.523214 0.533929
0.553571 0.533929
-0.626786 0.532143
-0.583929 0.532143
-0.528571 0.532143
-0.417857 0.532143
-0.085714 0.532143
-0.055357 0.532143
0.064286 0.532143
0.123214 0.532143
0.176786 0.532143
0.226786 0.532143
0.258929 0.532143
0.414286 0.532143
0.480357 0.532143
0.535714 0.532143
0.560714 0.532143
-0.619643 0.530357
-0.575000 0.530357
-0.491071 0.530357
-0.383929 0.530357
-0.083929 0.530357
0.016071 0.530357
0.116071 0.530357
0.169643 0.530357
0.217857 0.530357
0.255357 0.530357
0.442857 0.530357
0.491071 0.530357
0.539286 0.530357
0.566071 0.530357
-0.617857 0.528571
-0.576786 0.528571
-0.492857 0.528571
-0.262500 0.528571
-0.091071 0.528571
0.012500 0.528571
0.128571 0.528571
0.191071 0.528571
0.223214 0.528571
0.378571 0.528571
0.450000 0.528571
0.510714 0.528571
0.541071 0.528571
0.571429 0.528571
-0.617857 0.526786
-0.573214 0.526786
-0.487500 0.526786
-0.223214 0.526786
-0.092857 0.526786
0.051786 0.526786
0.119643 0.526786
0.166071 0.526786
0.212500 0.526786
0.233929 0.526786
0.448214 0.526786
0.510714 0.526786
0.542857 0.526786
0.567857 0.526786
-0.619643 0.525000
-0.578571 0.525000
-0.494643 0.525000
-0.271429 0.525000
-0.105357 0.525000
0.030357 0.525000
0.123214 0.525000
0.185714 0.525000
0.216071 0.525000
0.283929 0.525000
0.444643 0.525000
0.491071 0.525000
0.541071 0.525000
0.567857 0.525000
-0.626786 0.523214
-0.589286 0.523214
-0.555357 0.523214
-0.392857 0.523214
-0.226786 0.523214
-0.007143 0.523214
0.060714 0.523214
0.142857 0.523214
0.182143 0.523214
0.210714 0.523214
0.275000 0.523214
0.435714 0.523214
0.473214 0.523214
0.525000 0.523214
0.555357 0.523214
0.594643 0.523214
-0.592857 0.521429
-0.560714 0.521429
-0.392857 0.521429
-0.230357 0.521429
-0.012500 0.521429
0.053571 0.521429
0.107143 0.521429
0.146429 0.521429
0.194643 0.521429
0.248214 0.521429
0.328571 0.521429
0.450000 0.521429
0.512500 0.521429
0.544643 0.521429
0.569643 0.521429
-0.621429 0.519643
-0.587500 0.519643
-0.496429 0.519643
-0.282143 0.519643
-0.010714 0.519643
0.050000 0.519643
0.103571 0.519643
0.144643 0.519643
0.189286 0.519643
0.248214 0.519643
0.303571 0.519643
0.441071 0.519643
0.492857 0.519643
0.541071 0.519643
0.567857 0.519643
-0.630357 0.517857
-0.592857 0.517857
-0.558929 0.517857
-0.323214 0.517857
-0.044643 0.517857
-0.012500 0.517857
0.046429 0.517857
0.098214 0.517857
0.139286 0.517857
0.187500 0.517857
0.250000 0.517857
0.278571 0.517857
0.421429 0.517857
0.450000 0.517857
0.516071 0.517857
0.546429 0.517857
0.573214 0.517857
-0.621429 0.516071
-0.575000 0.516071
-0.462500 0.516071
-0.085714 0.516071
-0.025000 0.516071
0.033929 0.516071
0.085714 0.516071
0.125000 0.516071
0.169643 0.516071
0.223214 0.516071
0.253571 0.516071
0.287500 0.516071
0.332143 0.516071
0.439286 0.516071
0.491071 0.516071
0.541071 0.516071
0.567857 0.516071
-0.632143 0.514286
-0.594643 0.514286
-0.558929 0.514286
-0.391071 0.514286
-0.094643 0.514286
-0.035714 0.514286
0.005357 0.514286
0.044643 0.514286
0.105357 0.514286
0.153571 0.514286
0.180357 0.514286
0.233929 0.514286
0.258929 0.514286
0.308929 0.514286
0.428571 0.514286
0.469643 0.514286
0.519643 0.514286
0.550000 0.514286
0.576786 0.514286
-0.623214 0.512500
-0.589286 0.512500
-0.525000 0.512500
-0.300000 0.512500
-0.103571 0.512500
-0.069643 0.512500
-0.028571 0.512500
0.026786 0.512500
0.058929 0.512500
0.105357 0.512500
0.153571 0.512500
0.175000 0.512500
0.216071 0.512500
0.246429 0.512500
0.280357 0.512500
0.316071 0.512500
0.428571 0.512500
0.475000 0.512500
0.519643 0.512500
0.548214 0.512500
0.576786 0.512500
-0.623214 0.510714
-0.585714 0.510714
-0.525000 0.510714
-0.287500 0.510714
-0.164286 0.510714
-0.101786 0.510714
-0.058929 0.510714
-0.010714 0.510714
0.028571 0.510714
0.073214 0.510714
0.103571 0.510714
0.148214 0.510714
0.169643 0.510714
0.205357 0.510714
0.232143 0.510714
0.255357 0.510714
0.283929 0.510714
0.323214 0.510714
0.435714 0.510714
0.478571 0.510714
0.526786 0.510714
0.558929 0.510714
0.587500 0.510714
-0.617857 0.508929
-0.575000 0.508929
-0.403571 0.508929
-0.187500 0.508929
-0.157143 0.508929
-0.110714 0.508929
-0.080357 0.508929
-0.044643 0.508929
-0.008929 0.508929
0.028571 0.508929
0.082143 0.508929
0.103571 0.508929
0.148214 0.508929
0.171429 0.508929
0.203571 0.508929
0.228571 0.508929
0.251786 0.508929
0.278571 0.508929
0.310714 0.508929
0.419643 0.508929
0.462500 0.508929
0.519643 0.508929
0.550000 0.508929
0.578571 0.508929
-0.623214 0.507143
-0.589286 0.507143
-0.496429 0.507143
-0.335714 0.507143
-0.191071 0.507143
-0.162500 0.507143
-0.117857 0.507143
-0.085714 0.507143
-0.046429 0.507143
-0.010714 0.507143
0.025000 0.507143
0.067857 0.507143
0.094643 0.507143
0.139286 0.507143
0.160714 0.507143
0.189286 0.507143
0.214286 0.507143
0.237500 0.507143
0.267857 0.507143
0.294643 0.507143
0.339286 0.507143
0.433929 0.507143
0.478571 0.507143
0.523214 0.507143
0.557143 0.507143
0.583929 0.507143
-0.619643 0.505357
-0.587500 0.505357
-0.494643 0.505357
-0.339286 0.505357
-0.196429 0.505357
-0.167857 0.505357
-0.123214 0.505357
-0.092857 0.505357
-0.053571 0.505357
-0.014286 0.505357
0.016071 0.505357
0.062500 0.505357
0.091071 0.505357
0.135714 0.505357
0.157143 0.505357
0.185714 0.505357
0.208929 0.505357
0.230357 0.505357
0.255357 0.505357
0.276786 0.505357
0.310714 0.505357
0.403571 0.505357
0.441071 0.505357
0.485714 0.505357
0.533929 0.505357
0.573214 0.505357
-0.632143 0.503571
-0.594643 0.503571
-0.530357 0.503571
-0.307143 0.503571
-0.201786 0.503571
-0.180357 0.503571
-0.135714 0.503571
-0.114286 0.503571
-0.075000 0.503571
-0.028571 0.503571
0.008929 0.503571
0.050000 0.503571
0.083929 0.503571
0.112500 0.503571
0.144643 0.503571
0.173214 0.503571
0.196429 0.503571
0.217857 0.503571
0.239286 0.503571
0.262500 0.503571
0.292857 0.503571
0.332143 0.503571
0.403571 0.503571
0.442857 0.503571
0.492857 0.503571
0.544643 0.503571
0.578571 0.503571
-0.623214 0.501786
-0.589286 0.501786
-0.467857 0.501786
-0.305357 0.501786
-0.200000 0.501786
-0.178571 0.501786
-0.133929 0.501786
-0.105357 0.501786
-0.073214 0.501786
-0.028571 0.501786
0.007143 0.501786
0.044643 0.501786
0.078571 0.501786
0.101786 0.501786
0.137500 0.501786
0.164286 0.501786
0.187500 0.501786
0.208929 0.501786
0.230357 0.501786
0.251786 0.501786
0.280357 0.501786
0.305357 0.501786
0.339286 0.501786
0.416071 0.501786
0.460714 0.501786
0.494643 0.501786
0.546429 0.501786
0.575000 0.501786
-0.626786 0.500000
-0.594643 0.500000
-0.496429 0.500000
-0.314286 0.500000
-0.232143 0.500000
-0.189286 0.500000
-0.135714 0.500000
-0.107143 0.500000
-0.076786 0.500000
-0.032143 0.500000
0.001786 0.500000
0.037500 0.500000
0.069643 0.500000
0.091071 0.500000
0.126786 0.500000
0.148214 0.500000
0.173214 0.500000
0.196429 0.500000
0.217857 0.500000
0.239286 0.500000
0.260714 0.500000
0.282143 0.500000
0.319643 0.500000
0.341071 0.500000
0.426786 0.500000
0.469643 0.500000
0.498214 0.500000
0.553571 0.500000
0.582143 0.500000
-0.623214 0.498214
-0.582143 0.498214
-0.478571 0.498214
-0.317857 0.498214
-0.241071 0.498214
-0.198214 0.498214
-0.146429 0.498214
-0.117857 0.498214
-0.087500 0.498214
-0.053571 0.498214
-0.025000 0.498214
0.007143 0.498214
0.044643 0.498214
0.078571 0.498214
0.103571 0.498214
0.135714 0.498214
0.160714 0.498214
0.183929 0.498214
0.205357 0.498214
0.226786 0.498214
0.248214 0.498214
0.269643 0.498214
0.294643 0.498214
0.325000 0.498214
0.387500 0.498214
0.444643 0.498214
0.489286 0.498214
0.533929 0.498214
0.575000 0.498214
-0.628571 0.496429
-0.594643 0.496429
-0.480357 0.496429
-0.321429 0.496429
-0.246429 0.496429
-0.203571 0.496429
-0.150000 0.496429
-0.119643 0.496429
-0.089286 0.496429
-0.064286 0.496429
-0.035714 0.496429
0.000000 0.496429
0.035714 0.496429
0.064286 0.496429
0.085714 0.496429
0.123214 0.496429
0.144643 0.496429
0.167857 0.496429
0.191071 0.496429
0.212500 0.496429
0.233929 0.496429
0.255357 0.496429
0.276786 0.496429
0.310714 0.496429
0.332143 0.496429
0.383929 0.496429
0.442857 0.496429
0.487500 0.496429
0.532143 0.496429
0.564286 0.496429
0.594643 0.496429
-0.601786 0.494643
-0.539286 0.494643
-0.355357 0.494643
-0.255357 0.494643
-0.212500 0.494643
-0.160714 0.494643
-0.130357 0.494643
-0.100000 0.494643
-0.075000 0.494643
-0.046429 0.494643
-0.007143 0.494643
0.023214 0.494643
0.051786 0.494643
0.076786 0.494643
0.110714 0.494643
0.132143 0.494643
0.155357 0.494643
0.178571 0.494643
0.200000 0.494643
0.221429 0.494643
0.242857 0.494643
0.264286 0.494643
0.287500 0.494643
0.321429 0.494643
0.348214 0.494643
0.430357 0.494643
0.478571 0.494643
0.523214 0.494643
0.558929 0.494643
0.585714 0.494643
-0.617857 0.492857
-0.573214 0.492857
-0.430357 0.492857
-0.323214 0.492857
-0.255357 0.492857
-0.212500 0.492857
-0.167857 0.492857
-0.139286 0.492857
-0.117857 0.492857
-0.091071 0.492857
-0.066071 0.492857
-0.025000 0.492857
0.005357 0.492857
0.035714 0.492857
0.069643 0.492857
0.091071 0.492857
0.123214 0.492857
0.146429 0.492857
0.167857 0.492857
0.189286 0.492857
0.210714 0.492857
0.232143 0.492857
0.258929 0.492857
0.280357 0.492857
0.314286 0.492857
0.335714 0.492857
0.421429 0.492857
0.457143 0.492857
0.498214 0.492857
0.557143 0.492857
0.587500 0.492857
-0.616071 0.491071
-0.573214 0.491071
-0.433929 0.491071
-0.358929 0.491071
-0.266071 0.491071
-0.221429 0.491071
-0.176786 0.491071
-0.155357 0.491071
-0.126786 0.491071
-0.100000 0.491071
-0.075000 0.491071
-0.048214 0.491071
-0.026786 0.491071
0.017857 0.491071
0.042857 0.491071
0.066071 0.491071
0.087500 0.491071
0.117857 0.491071
0.139286 0.491071
0.162500 0.491071
0.183929 0.491071
0.205357 0.491071
0.226786 0.491071
0.248214 0.491071
0.273214 0.491071
0.303571 0.491071
0.325000 0.491071
0.389286 0.491071
0.444643 0.491071
0.492857 0.491071
0.546429 0.491071
0.578571 0.491071
-0.623214 0.489286
-0.585714 0.489286
-0.435714 0.489286
-0.360714 0.489286
-0.273214 0.489286
-0.226786 0.489286
-0.200000 0.489286
-0.173214 0.489286
-0.144643 0.489286
-0.123214 0.489286
-0.098214 0.489286
-0.069643 0.489286
-0.044643 0.489286
-0.023214 0.489286
0.001786 0.489286
0.028571 0.489286
0.053571 0.489286
0.075000 0.489286
0.101786 0.489286
0.123214 0.489286
0.148214 0.489286
0.169643 0.489286
0.191071 0.489286
0.212500 0.489286
0.233929 0.489286
0.255357 0.489286
0.276786 0.489286
0.310714 0.489286
0.332143 0.489286
0.425000 0.489286
0.480357 0.489286
0.512500 0.489286
0.560714 0.489286
0.587500 0.489286
-0.607143 0.487500
-0.573214 0.487500
-0.432143 0.487500
-0.321429 0.487500
-0.266071 0.487500
-0.225000 0.487500
-0.200000 0.487500
-0.175000 0.487500
-0.146429 0.487500
-0.121429 0.487500
-0.100000 0.487500
-0.075000 0.487500
-0.050000 0.487500
-0.028571 0.487500
-0.001786 0.487500
0.019643 0.487500
0.044643 0.487500
0.066071 0.487500
0.092857 0.487500
0.114286 0.487500
0.137500 0.487500
0.158929 0.487500
0.180357 0.487500
0.201786 0.487500
0.223214 0.487500
0.244643 0.487500
0.266071 0.487500
0.296429 0.487500
0.317857 0.487500
0.342857 0.487500
0.439286 0.487500
0.483929 0.487500
0.528571 0.487500
0.564286 0.487500
0.591071 0.487500
-0.603571 0.485714
-0.537500 0.485714
-0.376786 0.485714
-0.312500 0.485714
-0.258929 0.485714
-0.226786 0.485714
-0.201786 0.485714
-0.176786 0.485714
-0.150000 0.485714
-0.125000 0.485714
-0.103571 0.485714
-0.078571 0.485714
-0.053571 0.485714
-0.032143 0.485714
-0.003571 0.485714
0.019643 0.485714
0.042857 0.485714
0.064286 0.485714
0.089286 0.485714
0.110714 0.485714
0.133929 0.485714
0.155357 0.485714
0.176786 0.485714
0.198214 0.485714
0.219643 0.485714
0.241071 0.485714
0.262500 0.485714
0.294643 0.485714
0.316071 0.485714
0.339286 0.485714
0.435714 0.485714
0.482143 0.485714
0.526786 0.485714
0.564286 0.485714
0.592857 0.485714
-0.600000 0.483929
-0.523214 0.483929
-0.369643 0.483929
-0.285714 0.483929
-0.258929 0.483929
-0.221429 0.483929
-0.200000 0.483929
-0.175000 0.483929
-0.150000 0.483929
-0.125000 0.483929
-0.103571 0.483929
-0.082143 0.483929
-0.055357 0.483929
-0.030357 0.483929
-0.005357 0.483929
0.017857 0.483929
0.042857 0.483929
0.064286 0.483929
0.089286 0.483929
0.110714 0.483929
0.132143 0.483929
0.153571 0.483929
0.175000 0.483929
0.196429 0.483929
0.217857 0.483929
0.239286 0.483929
0.260714 0.483929
0.291071 0.483929
0.312500 0.483929
0.333929 0.483929
0.435714 0.483929
0.482143 0.483929
0.535714 0.483929
0.567857 0.483929
-0.626786 0.482143
-0.589286 0.482143
-0.478571 0.482143
-0.371429 0.482143
-0.298214 0.482143
-0.266071 0.482143
-0.232143 0.482143
-0.210714 0.482143
-0.185714 0.482143
-0.158929 0.482143
-0.135714 0.482143
-0.114286 0.482143
-0.092857 0.482143
-0.067857 0.482143
-0.046429 0.482143
-0.021429 0.482143
0.000000 0.482143
0.023214 0.482143
0.044643 0.482143
0.066071 0.482143
0.091071 0.482143
0.112500 0.482143
0.133929 0.482143
0.155357 0.482143
0.176786 0.482143
0.198214 0.482143
0.219643 0.482143
0.241071 0.482143
0.262500 0.482143
0.289286 0.482143
0.310714 0.482143
0.332143 0.482143
0.433929 0.482143
0.480357 0.482143
0.537500 0.482143
0.576786 0.482143
-0.626786 0.480357
-0.585714 0.480357
-0.423214 0.480357
-0.333929 0.480357
-0.282143 0.480357
-0.255357 0.480357
-0.226786 0.480357
-0.205357 0.480357
-0.180357 0.480357
-0.153571 0.480357
-0.128571 0.480357
-0.107143 0.480357
-0.085714 0.480357
-0.060714 0.480357
-0.035714 0.480357
-0.014286 0.480357
0.007143 0.480357
0.028571 0.480357
0.050000 0.480357
0.071429 0.480357
0.096429 0.480357
0.117857 0.480357
0.139286 0.480357
0.160714 0.480357
0.182143 0.480357
0.203571 0.480357
0.225000 0.480357
0.246429 0.480357
0.275000 0.480357
0.296429 0.480357
0.317857 0.480357
0.342857 0.480357
0.439286 0.480357
0.489286 0.480357
0.541071 0.480357
0.569643 0.480357
-0.630357 0.478571
-0.591071 0.478571
-0.480357 0.478571
-0.348214 0.478571
-0.294643 0.478571
-0.264286 0.478571
-0.237500 0.478571
-0.216071 0.478571
-0.191071 0.478571
-0.166071 0.478571
-0.144643 0.478571
-0.123214 0.478571
-0.101786 0.478571
-0.078571 0.478571
-0.057143 0.478571
-0.032143 0.478571
-0.010714 0.478571
0.010714 0.478571
0.032143 0.478571
0.053571 0.478571
0.075000 0.478571
0.100000 0.478571
0.121429 0.478571
0.142857 0.478571
0.164286 0.478571
0.185714 0.478571
0.207143 0.478571
0.228571 0.478571
0.250000 0.478571
0.276786 0.478571
0.298214 0.478571
0.319643 0.478571
0.407143 0.478571
0.442857 0.478571
0.496429 0.478571
0.550000 0.478571
0.582143 0.478571
-0.623214 0.476786
-0.567857 0.476786
-0.394643 0.476786
-0.341071 0.476786
-0.292857 0.476786
-0.267857 0.476786
-0.241071 0.476786
-0.219643 0.476786
-0.198214 0.476786
-0.173214 0.476786
-0.151786 0.476786
-0.130357 0.476786
-0.108929 0.476786
-0.087500 0.476786
-0.066071 0.476786
-0.041071 0.476786
-0.019643 0.476786
0.001786 0.476786
0.023214 0.476786
0.044643 0.476786
0.066071 0.476786
0.091071 0.476786
0.112500 0.476786
0.133929 0.476786
0.155357 0.476786
0.176786 0.476786
0.198214 0.476786
0.219643 0.476786
0.241071 0.476786
0.267857 0.476786
0.289286 0.476786
0.310714 0.476786
0.332143 0.476786
0.430357 0.476786
0.471429 0.476786
0.512500 0.476786
0.558929 0.476786
0.589286 0.476786
-0.610714 0.475000
-0.539286 0.475000
-0.385714 0.475000
-0.341071 0.475000
-0.289286 0.475000
-0.264286 0.475000
-0.237500 0.475000
-0.216071 0.475000
-0.192857 0.475000
-0.169643 0.475000
-0.148214 0.475000
-0.126786 0.475000
-0.105357 0.475000
-0.083929 0.475000
-0.062500 0.475000
-0.037500 0.475000
-0.016071 0.475000
0.005357 0.475000
0.026786 0.475000
0.048214 0.475000
0.069643 0.475000
0.094643 0.475000
0.116071 0.475000
0.137500 0.475000
0.158929 0.475000
0.180357 0.475000
0.201786 0.475000
0.223214 0.475000
0.244643 0.475000
0.271429 0.475000
0.292857 0.475000
0.314286 0.475000
0.335714 0.475000
0.430357 0.475000
0.473214 0.475000
0.514286 0.475000
0.564286 0.475000
0.592857 0.475000
-0.607143 0.473214
-0.528571 0.473214
-0.387500 0.473214
-0.314286 0.473214
-0.289286 0.473214
-0.266071 0.473214
-0.241071 0.473214
-0.219643 0.473214
-0.194643 0.473214
-0.171429 0.473214
-0.150000 0.473214
-0.128571 0.473214
-0.107143 0.473214
-0.085714 0.473214
-0.064286 0.473214
-0.041071 0.473214
-0.019643 0.473214
0.001786 0.473214
0.023214 0.473214
0.044643 0.473214
0.066071 0.473214
0.089286 0.473214
0.110714 0.473214
0.132143 0.473214
0.153571 0.473214
0.175000 0.473214
0.196429 0.473214
0.217857 0.473214
0.239286 0.473214
0.266071 0.473214
0.287500 0.473214
0.308929 0.473214
0.330357 0.473214
0.355357 0.473214
0.441071 0.473214
0.498214 0.473214
0.555357 0.473214
0.587500 0.473214
-0.621429 0.471429
-0.562500 0.471429
-0.398214 0.471429
-0.346429 0.471429
-0.294643 0.471429
-0.273214 0.471429
-0.248214 0.471429
-0.226786 0.471429
-0.205357 0.471429
-0.182143 0.471429
-0.160714 0.471429
-0.139286 0.471429
-0.117857 0.471429
-0.096429 0.471429
-0.075000 0.471429
-0.053571 0.471429
-0.032143 0.471429
-0.010714 0.471429
0.010714 0.471429
0.032143 0.471429
0.053571 0.471429
0.076786 0.471429
0.098214 0.471429
0.119643 0.471429
0.141071 0.471429
0.162500 0.471429
0.183929 0.471429
0.205357 0.471429
0.226786 0.471429
0.253571 0.471429
0.275000 0.471429
0.296429 0.471429
0.317857 0.471429
0.339286 0.471429
0.405357 0.471429
0.473214 0.471429
0.530357 0.471429
0.580357 0.471429
-0.630357 0.469643
-0.589286 0.469643
-0.414286 0.469643
-0.362500 0.469643
-0.314286 0.469643
-0.291071 0.469643
-0.269643 0.469643
-0.244643 0.469643
-0.223214 0.469643
-0.201786 0.469643
-0.180357 0.469643
-0.158929 0.469643
-0.137500 0.469643
-0.116071 0.469643
-0.094643 0.469643
-0.073214 0.469643
-0.051786 0.469643
-0.030357 0.469643
-0.008929 0.469643
0.012500 0.469643
0.033929 0.469643
0.055357 0.469643
0.076786 0.469643
0.098214 0.469643
0.119643 0.469643
0.141071 0.469643
0.162500 0.469643
0.183929 0.469643
0.205357 0.469643
0.226786 0.469643
0.253571 0.469643
0.275000 0.469643
0.296429 0.469643
0.317857 0.469643
0.339286 0.469643
0.428571 0.469643
0.482143 0.469643
0.530357 0.469643
0.582143 0.469643
-0.630357 0.467857
-0.589286 0.467857
-0.408929 0.467857
-0.355357 0.467857
-0.307143 0.467857
-0.285714 0.467857
-0.258929 0.467857
-0.237500 0.467857
-0.216071 0.467857
-0.194643 0.467857
-0.173214 0.467857
-0.151786 0.467857
-0.130357 0.467857
-0.108929 0.467857
-0.087500 0.467857
-0.066071 0.467857
-0.044643 0.467857
-0.023214 0.467857
-0.001786 0.467857
0.019643 0.467857
0.041071 0.467857
0.062500 0.467857
0.083929 0.467857
0.105357 0.467857
0.126786 0.467857
0.148214 0.467857
0.169643 0.467857
0.191071 0.467857
0.212500 0.467857
0.241071 0.467857
0.262500 0.467857
0.283929 0.467857
0.305357 0.467857
0.326786 0.467857
0.350000 0.467857
0.446429 0.467857
0.500000 0.467857
0.562500 0.467857
0.589286 0.467857
-0.623214 0.466071
-0.539286 0.466071
-0.375000 0.466071
-0.332143 0.466071
-0.301786 0.466071
-0.280357 0.466071
-0.253571 0.466071
-0.232143 0.466071
-0.210714 0.466071
-0.189286 0.466071
-0.167857 0.466071
-0.146429 0.466071
-0.125000 0.466071
-0.103571 0.466071
-0.082143 0.466071
-0.060714 0.466071
-0.039286 0.466071
-0.017857 0.466071
0.003571 0.466071
0.025000 0.466071
0.046429 0.466071
0.067857 0.466071
0.089286 0.466071
0.110714 0.466071
0.132143 0.466071
0.153571 0.466071
0.175000 0.466071
0.196429 0.466071
0.217857 0.466071
0.242857 0.466071
0.264286 0.466071
0.285714 0.466071
0.307143 0.466071
0.328571 0.466071
0.392857 0.466071
0.473214 0.466071
0.539286 0.466071
0.578571 0.466071
0.601786 0.466071
-0.594643 0.464286
-0.407143 0.464286
-0.358929 0.464286
-0.316071 0.464286
-0.294643 0.464286
-0.267857 0.464286
-0.246429 0.464286
-0.225000 0.464286
-0.203571 0.464286
-0.182143 0.464286
-0.160714 0.464286
-0.139286 0.464286
-0.117857 0.464286
-0.096429 0.464286
-0.075000 0.464286
-0.053571 0.464286
-0.032143 0.464286
-0.010714 0.464286
0.010714 0.464286
0.032143 0.464286
0.053571 0.464286
0.075000 0.464286
0.096429 0.464286
0.117857 0.464286
0.139286 0.464286
0.160714 0.464286
0.182143 0.464286
0.203571 0.464286
0.225000 0.464286
0.248214 0.464286
0.269643 0.464286
0.291071 0.464286
0.312500 0.464286
0.333929 0.464286
0.435714 0.464286
0.500000 0.464286
0.566071 0.464286
0.591071 0.464286
-0.621429 0.462500
-0.530357 0.462500
-0.373214 0.462500
-0.337500 0.462500
-0.312500 0.462500
-0.291071 0.462500
-0.267857 0.462500
-0.246429 0.462500
-0.225000 0.462500
-0.203571 0.462500
-0.182143 0.462500
-0.160714 0.462500
-0.139286 0.462500
-0.117857 0.462500
-0.096429 0.462500
-0.075000 0.462500
-0.053571 0.462500
-0.032143 0.462500
-0.010714 0.462500
0.010714 0.462500
0.032143 0.462500
0.053571 0.462500
0.075000 0.462500
0.096429 0.462500
0.117857 0.462500
0.139286 0.462500
0.160714 0.462500
0.182143 0.462500
0.203571 0.462500
0.225000 0.462500
0.246429 0.462500
0.267857 0.462500
0.289286 0.462500
0.310714 0.462500
0.332143 0.462500
0.446429 0.462500
0.501786 0.462500
0.560714 0.462500
0.589286 0.462500
-0.623214 0.460714
-0.567857 0.460714
-0.369643 0.460714
-0.326786 0.460714
-0.305357 0.460714
-0.283929 0.460714
-0.260714 0.460714
-0.239286 0.460714
-0.217857 0.460714
-0.196429 0.460714
-0.175000 0.460714
-0.153571 0.460714
-0.132143 0.460714
-0.110714 0.460714
-0.089286 0.460714
-0.067857 0.460714
-0.046429 0.460714
-0.025000 0.460714
-0.003571 0.460714
0.017857 0.460714
0.039286 0.460714
0.060714 0.460714
0.082143 0.460714
0.103571 0.460714
0.125000 0.460714
0.146429 0.460714
0.167857 0.460714
0.189286 0.460714
0.210714 0.460714
0.232143 0.460714
0.253571 0.460714
0.275000 0.460714
0.296429 0.460714
0.317857 0.460714
0.339286 0.460714
0.471429 0.460714
0.517857 0.460714
0.573214 0.460714
0.603571 0.460714
-0.598214 0.458929
-0.442857 0.458929
-0.366071 0.458929
-0.328571 0.458929
-0.307143 0.458929
-0.285714 0.458929
-0.262500 0.458929
-0.241071 0.458929
-0.219643 0.458929
-0.198214 0.458929
-0.176786 0.458929
-0.155357 0.458929
-0.133929 0.458929
-0.112500 0.458929
-0.091071 0.458929
-0.069643 0.458929
-0.048214 0.458929
-0.026786 0.458929
-0.005357 0.458929
0.016071 0.458929
0.037500 0.458929
0.058929 0.458929
0.080357 0.458929
0.101786 0.458929
0.123214 0.458929
0.144643 0.458929
0.166071 0.458929
0.187500 0.458929
0.208929 0.458929
0.230357 0.458929
0.251786 0.458929
0.273214 0.458929
0.294643 0.458929
0.316071 0.458929
0.337500 0.458929
0.471429 0.458929
0.523214 0.458929
0.575000 0.458929
0.603571 0.458929
-0.598214 0.457143
-0.442857 0.457143
-0.367857 0.457143
-0.330357 0.457143
-0.308929 0.457143
-0.287500 0.457143
-0.264286 0.457143
-0.242857 0.457143
-0.221429 0.457143
-0.200000 0.457143
-0.178571 0.457143
-0.157143 0.457143
-0.135714 0.457143
-0.114286 0.457143
-0.092857 0.457143
-0.071429 0.457143
-0.050000 0.457143
-0.028571 0.457143
-0.007143 0.457143
0.014286 0.457143
0.035714 0.457143
0.057143 0.457143
0.078571 0.457143
0.100000 0.457143
0.121429 0.457143
0.142857 0.457143
0.164286 0.457143
0.185714 0.457143
0.207143 0.457143
0.230357 0.457143
0.251786 0.457143
0.273214 0.457143
0.294643 0.457143
0.316071 0.457143
0.398214 0.457143
0.473214 0.457143
0.525000 0.457143
0.582143 0.457143
-0.632143 0.455357
-0.594643 0.455357
-0.430357 0.455357
-0.369643 0.455357
-0.341071 0.455357
-0.316071 0.455357
-0.294643 0.455357
-0.271429 0.455357
-0.250000 0.455357
-0.228571 0.455357
-0.207143 0.455357
-0.185714 0.455357
-0.164286 0.455357
-0.142857 0.455357
-0.121429 0.455357
-0.100000 0.455357
-0.078571 0.455357
-0.057143 0.455357
-0.035714 0.455357
-0.014286 0.455357
0.007143 0.455357
0.028571 0.455357
0.050000 0.455357
0.071429 0.455357
0.092857 0.455357
0.114286 0.455357
0.135714 0.455357
0.157143 0.455357
0.178571 0.455357
0.200000 0.455357
0.221429 0.455357
0.242857 0.455357
0.264286 0.455357
0.285714 0.455357
0.307143 0.455357
0.328571 0.455357
0.428571 0.455357
0.510714 0.455357
0.566071 0.455357
0.592857 0.455357
-0.621429 0.453571
-0.569643 0.453571
-0.408929 0.453571
-0.376786 0.453571
-0.351786 0.453571
-0.326786 0.453571
-0.305357 0.453571
-0.283929 0.453571
-0.260714 0.453571
-0.239286 0.453571
-0.217857 0.453571
-0.196429 0.453571
-0.175000 0.453571
-0.153571 0.453571
-0.132143 0.453571
-0.110714 0.453571
-0.089286 0.453571
-0.067857 0.453571
-0.046429 0.453571
-0.025000 0.453571
-0.003571 0.453571
0.017857 0.453571
0.039286 0.453571
0.060714 0.453571
0.082143 0.453571
0.103571 0.453571
0.125000 0.453571
0.146429 0.453571
0.167857 0.453571
0.189286 0.453571
0.210714 0.453571
0.232143 0.453571
0.253571 0.453571
0.275000 0.453571
0.296429 0.453571
0.317857 0.453571
0.350000 0.453571
0.450000 0.453571
0.517857 0.453571
0.580357 0.453571
0.605357 0.453571
-0.594643 0.451786
-0.446429 0.451786
-0.407143 0.451786
-0.371429 0.451786
-0.344643 0.451786
-0.321429 0.451786
-0.300000 0.451786
-0.276786 0.451786
-0.255357 0.451786
-0.233929 0.451786
-0.212500 0.451786
-0.191071 0.451786
-0.169643 0.451786
-0.148214 0.451786
-0.126786 0.451786
-0.105357 0.451786
-0.083929 0.451786
-0.062500 0.451786
-0.041071 0.451786
-0.019643 0.451786
0.001786 0.451786
0.023214 0.451786
0.044643 0.451786
0.066071 0.451786
0.087500 0.451786
0.108929 0.451786
0.130357 0.451786
0.151786 0.451786
0.173214 0.451786
0.194643 0.451786
0.216071 0.451786
0.237500 0.451786
0.258929 0.451786
0.280357 0.451786
0.301786 0.451786
0.323214 0.451786
0.428571 0.451786
0.514286 0.451786
0.575000 0.451786
0.603571 0.451786
-0.596429 0.450000
-0.437500 0.450000
-0.400000 0.450000
-0.371429 0.450000
-0.346429 0.450000
-0.323214 0.450000
-0.301786 0.450000
-0.278571 0.450000
-0.257143 0.450000
-0.235714 0.450000
-0.214286 0.450000
-0.192857 0.450000
-0.171429 0.450000
-0.141071 0.450000
-0.119643 0.450000
-0.098214 0.450000
-0.076786 0.450000
-0.055357 0.450000
-0.033929 0.450000
-0.012500 0.450000
0.008929 0.450000
0.030357 0.450000
0.051786 0.450000
0.073214 0.450000
0.094643 0.450000
0.116071 0.450000
0.137500 0.450000
0.158929 0.450000
0.180357 0.450000
0.201786 0.450000
0.223214 0.450000
0.244643 0.450000
0.266071 0.450000
0.287500 0.450000
0.308929 0.450000
0.330357 0.450000
0.414286 0.450000
0.501786 0.450000
0.575000 0.450000
0.605357 0.450000
-0.596429 0.448214
-0.441071 0.448214
-0.410714 0.448214
-0.380357 0.448214
-0.355357 0.448214
-0.330357 0.448214
-0.308929 0.448214
-0.285714 0.448214
-0.264286 0.448214
-0.242857 0.448214
-0.221429 0.448214
-0.200000 0.448214
-0.178571 0.448214
-0.157143 0.448214
-0.135714 0.448214
-0.114286 0.448214
-0.092857 0.448214
-0.071429 0.448214
-0.050000 0.448214
-0.028571 0.448214
-0.007143 0.448214
0.014286 0.448214
0.035714 0.448214
0.057143 0.448214
0.078571 0.448214
0.100000 0.448214
0.121429 0.448214
0.142857 0.448214
0.164286 0.448214
0.185714 0.448214
0.207143 0.448214
0.228571 0.448214
0.250000 0.448214
0.271429 0.448214
0.292857 0.448214
0.314286 0.448214
0.335714 0.448214
0.483929 0.448214
0.553571 0.448214
0.592857 0.448214
-0.621429 0.446429
-0.583929 0.446429
-0.423214 0.446429
-0.396429 0.446429
-0.369643 0.446429
-0.346429 0.446429
-0.323214 0.446429
-0.301786 0.446429
-0.278571 0.446429
-0.257143 0.446429
-0.235714 0.446429
-0.214286 0.446429
-0.192857 0.446429
-0.171429 0.446429
-0.150000 0.446429
-0.128571 0.446429
-0.107143 0.446429
-0.085714 0.446429
-0.064286 0.446429
-0.042857 0.446429
-0.021429 0.446429
0.000000 0.446429
0.021429 0.446429
0.042857 0.446429
0.064286 0.446429
0.085714 0.446429
0.107143 0.446429
0.128571 0.446429
0.150000 0.446429
0.171429 0.446429
0.192857 0.446429
0.214286 0.446429
0.235714 0.446429
0.257143 0.446429
0.278571 0.446429
0.300000 0.446429
0.321429 0.446429
0.350000 0.446429
0.448214 0.446429
0.525000 0.446429
0.589286 0.446429
-0.625000 0.444643
-0.591071 0.444643
-0.426786 0.444643
-0.401786 0.444643
-0.376786 0.444643
-0.351786 0.444643
-0.330357 0.444643
-0.308929 0.444643
-0.287500 0.444643
-0.266071 0.444643
-0.244643 0.444643
-0.223214 0.444643
-0.201786 0.444643
-0.180357 0.444643
-0.158929 0.444643
-0.137500 0.444643
-0.116071 0.444643
-0.094643 0.444643
-0.073214 0.444643
-0.051786 0.444643
-0.030357 0.444643
-0.008929 0.444643
0.012500 0.444643
0.037500 0.444643
0.058929 0.444643
0.080357 0.444643
0.101786 0.444643
0.123214 0.444643
0.144643 0.444643
0.166071 0.444643
0.187500 0.444643
0.208929 0.444643
0.230357 0.444643
0.251786 0.444643
0.273214 0.444643
0.294643 0.444643
0.316071 0.444643
0.342857 0.444643
0.450000 0.444643
0.526786 0.444643
0.591071 0.444643
-0.623214 0.442857
-0.587500 0.442857
-0.426786 0.442857
-0.401786 0.442857
-0.376786 0.442857
-0.353571 0.442857
-0.332143 0.442857
-0.310714 0.442857
-0.289286 0.442857
-0.267857 0.442857
-0.246429 0.442857
-0.225000 0.442857
-0.203571 0.442857
-0.182143 0.442857
-0.160714 0.442857
-0.139286 0.442857
-0.117857 0.442857
-0.096429 0.442857
-0.075000 0.442857
-0.053571 0.442857
-0.032143 0.442857
-0.010714 0.442857
0.026786 0.442857
0.048214 0.442857
0.069643 0.442857
0.091071 0.442857
0.112500 0.442857
0.133929 0.442857
0.155357 0.442857
0.176786 0.442857
0.198214 0.442857
0.219643 0.442857
0.241071 0.442857
0.262500 0.442857
0.283929 0.442857
0.305357 0.442857
0.326786 0.442857
0.360714 0.442857
0.487500 0.442857
0.567857 0.442857
0.596429 0.442857
-0.617857 0.441071
-0.573214 0.441071
-0.432143 0.441071
-0.407143 0.441071
-0.383929 0.441071
-0.360714 0.441071
-0.339286 0.441071
-0.317857 0.441071
-0.296429 0.441071
-0.275000 0.441071
-0.253571 0.441071
-0.232143 0.441071
-0.210714 0.441071
-0.189286 0.441071
-0.167857 0.441071
-0.146429 0.441071
-0.125000 0.441071
-0.103571 0.441071
-0.082143 0.441071
0.003571 0.441071
0.025000 0.441071
0.046429 0.441071
0.067857 0.441071
0.089286 0.441071
0.110714 0.441071
0.132143 0.441071
0.153571 0.441071
0.175000 0.441071
0.196429 0.441071
0.217857 0.441071
0.239286 0.441071
0.260714 0.441071
0.282143 0.441071
0.303571 0.441071
0.325000 0.441071
0.348214 0.441071
0.485714 0.441071
0.555357 0.441071
0.594643 0.441071
-0.619643 0.439286
-0.573214 0.439286
-0.435714 0.439286
-0.410714 0.439286
-0.389286 0.439286
-0.364286 0.439286
-0.342857 0.439286
-0.321429 0.439286
-0.300000 0.439286
-0.278571 0.439286
-0.257143 0.439286
-0.235714 0.439286
-0.214286 0.439286
-0.192857 0.439286
-0.171429 0.439286
-0.150000 0.439286
-0.128571 0.439286
-0.107143 0.439286
-0.085714 0.439286
-0.012500 0.439286
0.008929 0.439286
0.030357 0.439286
0.051786 0.439286
0.073214 0.439286
0.094643 0.439286
0.116071 0.439286
0.137500 0.439286
0.158929 0.439286
0.180357 0.439286
0.201786 0.439286
0.223214 0.439286
0.244643 0.439286
0.266071 0.439286
0.287500 0.439286
0.308929 0.439286
0.330357 0.439286
0.351786 0.439286
0.483929 0.439286
0.553571 0.439286
0.592857 0.439286
-0.621429 0.437500
-0.573214 0.437500
-0.437500 0.437500
-0.412500 0.437500
-0.391071 0.437500
-0.367857 0.437500
-0.346429 0.437500
-0.325000 0.437500
-0.303571 0.437500
-0.282143 0.437500
-0.260714 0.437500
-0.239286 0.437500
-0.217857 0.437500
-0.196429 0.437500
-0.175000 0.437500
-0.153571 0.437500
-0.132143 0.437500
-0.110714 0.437500
-0.089286 0.437500
-0.067857 0.437500
-0.046429 0.437500
-0.025000 0.437500
-0.003571 0.437500
0.017857 0.437500
0.039286 0.437500
0.060714 0.437500
0.082143 0.437500
0.103571 0.437500
0.125000 0.437500
0.146429 0.437500
0.167857 0.437500
0.189286 0.437500
0.210714 0.437500
0.232143 0.437500
0.253571 0.437500
0.275000 0.437500
0.296429 0.437500
0.317857 0.437500
0.339286 0.437500
0.433929 0.437500
0.514286 0.437500
0.585714 0.437500
-0.626786 0.435714
-0.596429 0.435714
-0.512500 0.435714
-0.430357 0.435714
-0.407143 0.435714
-0.383929 0.435714
-0.362500 0.435714
-0.341071 0.435714
-0.319643 0.435714
-0.298214 0.435714
-0.276786 0.435714
-0.255357 0.435714
-0.233929 0.435714
-0.212500 0.435714
-0.191071 0.435714
-0.169643 0.435714
-0.148214 0.435714
-0.126786 0.435714
-0.105357 0.435714
-0.083929 0.435714
-0.062500 0.435714
-0.041071 0.435714
-0.019643 0.435714
0.001786 0.435714
0.023214 0.435714
0.044643 0.435714
0.066071 0.435714
0.087500 0.435714
0.108929 0.435714
0.130357 0.435714
0.151786 0.435714
0.173214 0.435714
0.194643 0.435714
0.216071 0.435714
0.237500 0.435714
0.258929 0.435714
0.280357 0.435714
0.301786 0.435714
0.323214 0.435714
0.344643 0.435714
0.485714 0.435714
0.555357 0.435714
0.598214 0.435714
-0.616071 0.433929
-0.564286 0.433929
-0.439286 0.433929
-0.414286 0.433929
-0.392857 0.433929
-0.369643 0.433929
-0.348214 0.433929
-0.326786 0.433929
-0.305357 0.433929
-0.283929 0.433929
-0.262500 0.433929
-0.241071 0.433929
-0.219643 0.433929
-0.198214 0.433929
-0.176786 0.433929
-0.155357 0.433929
-0.133929 0.433929
-0.112500 0.433929
-0.091071 0.433929
-0.069643 0.433929
-0.048214 0.433929
-0.026786 0.433929
-0.005357 0.433929
0.016071 0.433929
0.037500 0.433929
0.058929 0.433929
0.080357 0.433929
0.101786 0.433929
0.123214 0.433929
0.144643 0.433929
0.166071 0.433929
0.187500 0.433929
0.208929 0.433929
0.230357 0.433929
0.251786 0.433929
0.273214 0.433929
0.294643 0.433929
0.316071 0.433929
0.337500 0.433929
0.417857 0.433929
0.510714 0.433929
0.582143 0.433929
-0.628571 0.432143
-0.598214 0.432143
-0.457143 0.432143
-0.432143 0.432143
-0.407143 0.432143
-0.383929 0.432143
-0.362500 0.432143
-0.341071 0.432143
-0.319643 0.432143
-0.298214 0.432143
-0.276786 0.432143
-0.255357 0.432143
-0.233929 0.432143
-0.212500 0.432143
-0.191071 0.432143
-0.169643 0.432143
-0.148214 0.432143
-0.126786 0.432143
-0.105357 0.432143
-0.083929 0.432143
-0.062500 0.432143
-0.041071 0.432143
-0.019643 0.432143
0.001786 0.432143
0.023214 0.432143
0.044643 0.432143
0.066071 0.432143
0.087500 0.432143
0.108929 0.432143
0.130357 0.432143
0.151786 0.432143
0.173214 0.432143
0.194643 0.432143
0.216071 0.432143
0.237500 0.432143
0.258929 0.432143
0.280357 0.432143
0.301786 0.432143
0.323214 0.432143
0.344643 0.432143
0.498214 0.432143
0.575000 0.432143
-0.623214 0.430357
-0.566071 0.430357
-0.439286 0.430357
-0.416071 0.430357
-0.394643 0.430357
-0.371429 0.430357
-0.350000 0.430357
-0.328571 0.430357
-0.307143 0.430357
-0.285714 0.430357
-0.264286 0.430357
-0.242857 0.430357
-0.221429 0.430357
-0.200000 0.430357
-0.178571 0.430357
-0.157143 0.430357
-0.135714 0.430357
-0.114286 0.430357
-0.092857 0.430357
-0.071429 0.430357
-0.050000 0.430357
-0.028571 0.430357
-0.007143 0.430357
0.014286 0.430357
0.035714 0.430357
0.057143 0.430357
0.078571 0.430357
0.100000 0.430357
0.121429 0.430357
0.142857 0.430357
0.164286 0.430357
0.185714 0.430357
0.207143 0.430357
0.228571 0.430357
0.250000 0.430357
0.271429 0.430357
0.292857 0.430357
0.314286 0.430357
0.335714 0.430357
0.416071 0.430357
0.500000 0.430357
0.582143 0.430357
-0.617857 0.428571
-0.466071 0.428571
-0.432143 0.428571
-0.408929 0.428571
-0.387500 0.428571
-0.362500 0.428571
-0.341071 0.428571
-0.319643 0.428571
-0.298214 0.428571
-0.276786 0.428571
-0.255357 0.428571
-0.233929 0.428571
-0.212500 0.428571
-0.191071 0.428571
-0.169643 0.428571
-0.148214 0.428571
-0.126786 0.428571
-0.105357 0.428571
-0.083929 0.428571
-0.062500 0.428571
-0.041071 0.428571
-0.019643 0.428571
0.001786 0.428571
0.023214 0.428571
0.044643 0.428571
0.066071 0.428571
0.087500 0.428571
0.108929 0.428571
0.130357 0.428571
0.151786 0.428571
0.173214 0.428571
0.194643 0.428571
0.216071 0.428571
0.237500 0.428571
0.258929 0.428571
0.280357 0.428571
0.301786 0.428571
0.323214 0.428571
0.344643 0.428571
0.455357 0.428571
0.557143 0.428571
-0.626786 0.426786
-0.591071 0.426786
-0.442857 0.426786
-0.421429 0.426786
-0.400000 0.426786
-0.376786 0.426786
-0.355357 0.426786
-0.333929 0.426786
-0.312500 0.426786
-0.291071 0.426786
-0.269643 0.426786
-0.248214 0.426786
-0.226786 0.426786
-0.205357 0.426786
-0.183929 0.426786
-0.162500 0.426786
-0.141071 0.426786
-0.119643 0.426786
-0.098214 0.426786
-0.076786 0.426786
-0.055357 0.426786
-0.033929 0.426786
-0.012500 0.426786
0.008929 0.426786
0.030357 0.426786
0.051786 0.426786
0.073214 0.426786
0.094643 0.426786
0.116071 0.426786
0.137500 0.426786
0.158929 0.426786
0.180357 0.426786
0.201786 0.426786
0.223214 0.426786
0.244643 0.426786
0.266071 0.426786
0.287500 0.426786
0.308929 0.426786
0.330357 0.426786
0.351786 0.426786
0.498214 0.426786
0.583929 0.426786
-0.616071 0.425000
-0.467857 0.425000
-0.437500 0.425000
-0.416071 0.425000
-0.394643 0.425000
-0.371429 0.425000
-0.350000 0.425000
-0.328571 0.425000
-0.307143 0.425000
-0.285714 0.425000
-0.264286 0.425000
-0.242857 0.425000
-0.221429 0.425000
-0.200000 0.425000
-0.178571 0.425000
-0.157143 0.425000
-0.135714 0.425000
-0.114286 0.425000
-0.092857 0.425000
-0.071429 0.425000
-0.050000 0.425000
-0.028571 0.425000
-0.007143 0.425000
0.014286 0.425000
0.035714 0.425000
0.057143 0.425000
0.078571 0.425000
0.100000 0.425000
0.121429 0.425000
0.142857 0.425000
0.164286 0.425000
0.185714 0.425000
0.207143 0.425000
0.228571 0.425000
0.250000 0.425000
0.271429 0.425000
0.292857 0.425000
0.314286 0.425000
0.335714 0.425000
0.360714 0.425000
0.512500 0.425000
0.592857 0.425000
-0.605357 0.423214
-0.453571 0.423214
-0.432143 0.423214
-0.410714 0.423214
-0.389286 0.423214
-0.364286 0.423214
-0.342857 0.423214
-0.321429 0.423214
-0.300000 0.423214
-0.278571 0.423214
-0.257143 0.423214
-0.235714 0.423214
-0.214286 0.423214
-0.192857 0.423214
-0.171429 0.423214
-0.150000 0.423214
-0.128571 0.423214
-0.107143 0.423214
-0.085714 0.423214
-0.064286 0.423214
-0.042857 0.423214
-0.021429 0.423214
0.000000 0.423214
0.021429 0.423214
0.042857 0.423214
0.064286 0.423214
0.085714 0.423214
0.107143 0.423214
0.128571 0.423214
0.150000 0.423214
0.171429 0.423214
0.192857 0.423214
0.214286 0.423214
0.235714 0.423214
0.257143 0.423214
0.278571 0.423214
0.300000 0.423214
0.321429 0.423214
0.342857 0.423214
0.455357 0.423214
0.566071 0.423214
-0.623214 0.421429
-0.589286 0.421429
-0.442857 0.421429
-0.421429 0.421429
-0.400000 0.421429
-0.376786 0.421429
-0.355357 0.421429
-0.333929 0.421429
-0.312500 0.421429
-0.291071 0.421429
-0.269643 0.421429
-0.248214 0.421429
-0.226786 0.421429
-0.205357 0.421429
-0.183929 0.421429
-0.162500 0.421429
-0.141071 0.421429
-0.119643 0.421429
-0.098214 0.421429
-0.076786 0.421429
-0.055357 0.421429
-0.033929 0.421429
-0.012500 0.421429
0.008929 0.421429
0.030357 0.421429
0.051786 0.421429
0.073214 0.421429
0.094643 0.421429
0.116071 0.421429
0.137500 0.421429
0.158929 0.421429
0.180357 0.421429
0.201786 0.421429
0.223214 0.421429
0.244643 0.421429
0.266071 0.421429
0.287500 0.421429
0.308929 0.421429
0.330357 0.421429
0.355357 0.421429
0.510714 0.421429
0.594643 0.421429
-0.605357 0.419643
-0.453571 0.419643
-0.432143 0.419643
-0.410714 0.419643
-0.389286 0.419643
-0.366071 0.419643
-0.344643 0.419643
-0.323214 0.419643
-0.301786 0.419643
-0.280357 0.419643
-0.258929 0.419643
-0.237500 0.419643
-0.216071 0.419643
-0.194643 0.419643
-0.173214 0.419643
-0.151786 0.419643
-0.130357 0.419643
-0.108929 0.419643
-0.087500 0.419643
-0.066071 0.419643
-0.044643 0.419643
-0.023214 0.419643
-0.001786 0.419643
0.019643 0.419643
0.041071 0.419643
0.062500 0.419643
0.083929 0.419643
0.105357 0.419643
0.126786 0.419643
0.148214 0.419643
0.169643 0.419643
0.191071 0.419643
0.212500 0.419643
0.233929 0.419643
0.255357 0.419643
0.276786 0.419643
0.298214 0.419643
0.319643 0.419643
0.341071 0.419643
0.444643 0.419643
0.548214 0.419643
-0.619643 0.417857
-0.467857 0.417857
-0.441071 0.417857
-0.419643 0.417857
-0.398214 0.417857
-0.375000 0.417857
-0.353571 0.417857
-0.332143 0.417857
-0.310714 0.417857
-0.289286 0.417857
-0.267857 0.417857
-0.246429 0.417857
-0.225000 0.417857
-0.203571 0.417857
-0.182143 0.417857
-0.160714 0.417857
-0.139286 0.417857
-0.117857 0.417857
-0.096429 0.417857
-0.075000 0.417857
-0.053571 0.417857
-0.032143 0.417857
-0.010714 0.417857
0.010714 0.417857
0.032143 0.417857
0.053571 0.417857
0.075000 0.417857
0.096429 0.417857
0.117857 0.417857
0.139286 0.417857
0.160714 0.417857
0.182143 0.417857
0.203571 0.417857
0.225000 0.417857
0.246429 0.417857
0.267857 0.417857
0.289286 0.417857
0.310714 0.417857
0.332143 0.417857
0.355357 0.417857
0.512500 0.417857
0.585714 0.417857
-0.607143 0.416071
-0.458929 0.416071
-0.435714 0.416071
-0.414286 0.416071
-0.392857 0.416071
-0.369643 0.416071
-0.348214 0.416071
-0.326786 0.416071
-0.305357 0.416071
-0.283929 0.416071
-0.262500 0.416071
-0.241071 0.416071
-0.219643 0.416071
-0.198214 0.416071
-0.176786 0.416071
-0.155357 0.416071
-0.133929 0.416071
-0.112500 0.416071
-0.091071 0.416071
-0.069643 0.416071
-0.048214 0.416071
-0.026786 0.416071
-0.005357 0.416071
0.016071 0.416071
0.037500 0.416071
0.058929 0.416071
0.080357 0.416071
0.101786 0.416071
0.123214 0.416071
0.144643 0.416071
0.166071 0.416071
0.187500 0.416071
0.208929 0.416071
0.230357 0.416071
0.251786 0.416071
0.273214 0.416071
0.294643 0.416071
0.316071 0.416071
0.337500 0.416071
0.430357 0.416071
0.530357 0.416071
0.594643 0.416071
-0.600000 0.414286
-0.457143 0.414286
-0.435714 0.414286
-0.414286 0.414286
-0.392857 0.414286
-0.369643 0.414286
-0.348214 0.414286
-0.326786 0.414286
-0.305357 0.414286
-0.283929 0.414286
-0.262500 0.414286
-0.241071 0.414286
-0.219643 0.414286
-0.198214 0.414286
-0.176786 0.414286
-0.155357 0.414286
-0.133929 0.414286
-0.112500 0.414286
-0.091071 0.414286
-0.069643 0.414286
-0.048214 0.414286
-0.026786 0.414286
-0.005357 0.414286
0.016071 0.414286
0.037500 0.414286
0.058929 0.414286
0.080357 0.414286
0.101786 0.414286
0.123214 0.414286
0.144643 0.414286
0.166071 0.414286
0.187500 0.414286
0.208929 0.414286
0.230357 0.414286
0.251786 0.414286
0.273214 0.414286
0.294643 0.414286
0.316071 0.414286
0.337500 0.414286
0.485714 0.414286
0.567857 0.414286
-0.619643 0.412500
-0.503571 0.412500
-0.444643 0.412500
-0.423214 0.412500
-0.401786 0.412500
-0.380357 0.412500
-0.358929 0.412500
-0.337500 0.412500
-0.316071 0.412500
-0.294643 0.412500
-0.273214 0.412500
-0.251786 0.412500
-0.230357 0.412500
-0.208929 0.412500
-0.187500 0.412500
-0.166071 0.412500
-0.144643 0.412500
-0.123214 0.412500
-0.101786 0.412500
-0.080357 0.412500
-0.058929 0.412500
-0.037500 0.412500
-0.016071 0.412500
0.005357 0.412500
0.026786 0.412500
0.048214 0.412500
0.069643 0.412500
0.091071 0.412500
0.112500 0.412500
0.133929 0.412500
0.155357 0.412500
0.176786 0.412500
0.198214 0.412500
0.219643 0.412500
0.241071 0.412500
0.262500 0.412500
0.283929 0.412500
0.305357 0.412500
0.326786 0.412500
0.348214 0.412500
0.507143 0.412500
0.582143 0.412500
-0.608929 0.410714
-0.453571 0.410714
-0.432143 0.410714
-0.410714 0.410714
-0.389286 0.410714
-0.367857 0.410714
-0.346429 0.410714
-0.325000 0.410714
-0.303571 0.410714
-0.282143 0.410714
-0.260714 0.410714
-0.239286 0.410714
-0.217857 0.410714
-0.196429 0.410714
-0.175000 0.410714
-0.153571 0.410714
-0.132143 0.410714
-0.110714 0.410714
-0.089286 0.410714
-0.067857 0.410714
-0.046429 0.410714
-0.025000 0.410714
-0.003571 0.410714
0.017857 0.410714
0.039286 0.410714
0.060714 0.410714
0.082143 0.410714
0.103571 0.410714
0.125000 0.410714
0.146429 0.410714
0.167857 0.410714
0.189286 0.410714
0.210714 0.410714
0.232143 0.410714
0.253571 0.410714
0.275000 0.410714
0.296429 0.410714
0.317857 0.410714
0.339286 0.410714
0.485714 0.410714
0.567857 0.410714
-0.616071 0.408929
-0.467857 0.408929
-0.441071 0.408929
-0.419643 0.408929
-0.398214 0.408929
-0.376786 0.408929
-0.355357 0.408929
-0.333929 0.408929
-0.312500 0.408929
-0.291071 0.408929
-0.269643 0.408929
-0.248214 0.408929
-0.226786 0.408929
-0.205357 0.408929
-0.183929 0.408929
-0.162500 0.408929
-0.141071 0.408929
-0.119643 0.408929
-0.098214 0.408929
-0.076786 0.408929
-0.055357 0.408929
-0.033929 0.408929
-0.012500 0.408929
0.008929 0.408929
0.030357 0.408929
0.051786 0.408929
0.073214 0.408929
0.094643 0.408929
0.116071 0.408929
0.137500 0.408929
0.158929 0.408929
0.180357 0.408929
0.201786 0.408929
0.223214 0.408929
0.244643 0.408929
0.266071 0.408929
0.287500 0.408929
0.308929 0.408929
0.330357 0.408929
0.360714 0.408929
0.530357 0.408929
0.587500 0.408929
-0.523214 0.407143
-0.444643 0.407143
-0.423214 0.407143
-0.401786 0.407143
-0.380357 0.407143
-0.358929 0.407143
-0.337500 0.407143
-0.316071 0.407143
-0.294643 0.407143
-0.273214 0.407143
-0.251786 0.407143
-0.230357 0.407143
-0.208929 0.407143
-0.187500 0.407143
-0.166071 0.407143
-0.144643 0.407143
-0.123214 0.407143
-0.101786 0.407143
-0.080357 0.407143
-0.058929 0.407143
-0.037500 0.407143
-0.016071 0.407143
0.005357 0.407143
0.026786 0.407143
0.048214 0.407143
0.069643 0.407143
0.091071 0.407143
0.112500 0.407143
0.133929 0.407143
0.155357 0.407143
0.176786 0.407143
0.198214 0.407143
0.219643 0.407143
0.241071 0.407143
0.262500 0.407143
0.283929 0.407143
0.305357 0.407143
0.326786 0.407143
0.353571 0.407143
0.528571 0.407143
0.583929 0.407143
-0.594643 0.405357
-0.453571 0.405357
-0.432143 0.405357
-0.410714 0.405357
-0.389286 0.405357
-0.367857 0.405357
-0.346429 0.405357
-0.325000 0.405357
-0.303571 0.405357
-0.282143 0.405357
-0.260714 0.405357
-0.239286 0.405357
-0.217857 0.405357
-0.196429 0.405357
-0.175000 0.405357
-0.153571 0.405357
-0.132143 0.405357
-0.110714 0.405357
-0.089286 0.405357
-0.067857 0.405357
-0.046429 0.405357
-0.025000 0.405357
-0.003571 0.405357
0.017857 0.405357
0.039286 0.405357
0.060714 0.405357
0.082143 0.405357
0.103571 0.405357
0.125000 0.405357
0.146429 0.405357
0.167857 0.405357
0.189286 0.405357
0.210714 0.405357
0.232143 0.405357
0.253571 0.405357
0.275000 0.405357
0.296429 0.405357
0.317857 0.405357
0.339286 0.405357
0.439286 0.405357
0.537500 0.405357
0.587500 0.405357
-0.592857 0.403571
-0.446429 0.403571
-0.425000 0.403571
-0.403571 0.403571
-0.382143 0.403571
-0.360714 0.403571
-0.339286 0.403571
-0.317857 0.403571
-0.296429 0.403571
-0.275000 0.403571
-0.253571 0.403571
-0.232143 0.403571
-0.210714 0.403571
-0.189286 0.403571
-0.167857 0.403571
-0.146429 0.403571
-0.125000 0.403571
-0.103571 0.403571
-0.082143 0.403571
-0.060714 0.403571
-0.039286 0.403571
-0.017857 0.403571
0.003571 0.403571
0.025000 0.403571
0.046429 0.403571
0.067857 0.403571
0.089286 0.403571
0.110714 0.403571
0.132143 0.403571
0.153571 0.403571
0.175000 0.403571
0.196429 0.403571
0.217857 0.403571
0.239286 0.403571
0.260714 0.403571
0.282143 0.403571
0.303571 0.403571
0.325000 0.403571
0.346429 0.403571
0.492857 0.403571
0.576786 0.403571
-0.612500 0.401786
-0.466071 0.401786
-0.441071 0.401786
-0.419643 0.401786
-0.398214 0.401786
-0.376786 0.401786
-0.355357 0.401786
-0.333929 0.401786
-0.312500 0.401786
-0.291071 0.401786
-0.269643 0.401786
-0.248214 0.401786
-0.226786 0.401786
-0.205357 0.401786
-0.183929 0.401786
-0.162500 0.401786
-0.141071 0.401786
-0.119643 0.401786
-0.098214 0.401786
-0.076786 0.401786
-0.055357 0.401786
-0.033929 0.401786
-0.012500 0.401786
0.008929 0.401786
0.030357 0.401786
0.051786 0.401786
0.073214 0.401786
0.094643 0.401786
0.116071 0.401786
0.137500 0.401786
0.158929 0.401786
0.180357 0.401786
0.201786 0.401786
0.223214 0.401786
0.244643 0.401786
0.266071 0.401786
0.287500 0.401786
0.308929 0.401786
0.330357 0.401786
0.353571 0.401786
0.505357 0.401786
0.578571 0.401786
-0.610714 0.400000
-0.457143 0.400000
-0.435714 0.400000
-0.414286 0.400000
-0.392857 0.400000
-0.371429 0.400000
-0.350000 0.400000
-0.328571 0.400000
-0.307143 0.400000
-0.285714 0.400000
-0.264286 0.400000
-0.242857 0.400000
-0.217857 0.400000
-0.196429 0.400000
-0.175000 0.400000
-0.153571 0.400000
-0.132143 0.400000
-0.110714 0.400000
-0.089286 0.400000
-0.067857 0.400000
-0.046429 0.400000
-0.025000 0.400000
-0.003571 0.400000
0.017857 0.400000
0.039286 0.400000
0.060714 0.400000
0.082143 0.400000
0.103571 0.400000
0.125000 0.400000
0.146429 0.400000
0.167857 0.400000
0.189286 0.400000
0.210714 0.400000
0.232143 0.400000
0.253571 0.400000
0.275000 0.400000
0.296429 0.400000
0.317857 0.400000
0.339286 0.400000
0.439286 0.400000
0.539286 0.400000
0.587500 0.400000
-0.560714 0.398214
-0.446429 0.398214
-0.425000 0.398214
-0.403571 0.398214
-0.382143 0.398214
-0.360714 0.398214
-0.339286 0.398214
-0.317857 0.398214
-0.296429 0.398214
-0.275000 0.398214
-0.253571 0.398214
-0.232143 0.398214
-0.208929 0.398214
-0.187500 0.398214
-0.166071 0.398214
-0.144643 0.398214
-0.123214 0.398214
-0.101786 0.398214
-0.080357 0.398214
-0.058929 0.398214
-0.037500 0.398214
-0.016071 0.398214
0.005357 0.398214
0.026786 0.398214
0.048214 0.398214
0.069643 0.398214
0.091071 0.398214
0.112500 0.398214
0.133929 0.398214
0.155357 0.398214
0.176786 0.398214
0.198214 0.398214
0.219643 0.398214
0.241071 0.398214
0.262500 0.398214
0.283929 0.398214
0.305357 0.398214
0.326786 0.398214
0.348214 0.398214
0.466071 0.398214
0.562500 0.398214
-0.619643 0.396429
-0.528571 0.396429
-0.446429 0.396429
-0.425000 0.396429
-0.403571 0.396429
-0.382143 0.396429
-0.360714 0.396429
-0.339286 0.396429
-0.317857 0.396429
-0.296429 0.396429
-0.275000 0.396429
-0.253571 0.396429
-0.232143 0.396429
-0.210714 0.396429
-0.189286 0.396429
-0.167857 0.396429
-0.146429 0.396429
-0.125000 0.396429
-0.103571 0.396429
-0.082143 0.396429
-0.060714 0.396429
-0.039286 0.396429
-0.017857 0.396429
0.003571 0.396429
0.025000 0.396429
0.046429 0.396429
0.067857 0.396429
0.089286 0.396429
0.110714 0.396429
0.132143 0.396429
0.153571 0.396429
0.175000 0.396429
0.196429 0.396429
0.217857 0.396429
0.239286 0.396429
0.260714 0.396429
0.282143 0.396429
0.303571 0.396429
0.325000 0.396429
0.346429 0.396429
0.437500 0.396429
0.541071 0.396429
0.585714 0.396429
-0.594643 0.394643
-0.451786 0.394643
-0.430357 0.394643
-0.408929 0.394643
-0.387500 0.394643
-0.366071 0.394643
-0.344643 0.394643
-0.323214 0.394643
-0.301786 0.394643
-0.280357 0.394643
-0.258929 0.394643
-0.237500 0.394643
-0.216071 0.394643
-0.194643 0.394643
-0.173214 0.394643
-0.151786 0.394643
-0.130357 0.394643
-0.108929 0.394643
-0.087500 0.394643
-0.066071 0.394643
-0.044643 0.394643
-0.023214 0.394643
-0.001786 0.394643
0.019643 0.394643
0.041071 0.394643
0.062500 0.394643
0.083929 0.394643
0.105357 0.394643
0.126786 0.394643
0.148214 0.394643
0.169643 0.394643
0.191071 0.394643
0.212500 0.394643
0.233929 0.394643
0.255357 0.394643
0.276786 0.394643
0.298214 0.394643
0.319643 0.394643
0.341071 0.394643
0.453571 0.394643
0.542857 0.394643
0.583929 0.394643
-0.596429 0.392857
-0.455357 0.392857
-0.433929 0.392857
-0.412500 0.392857
-0.391071 0.392857
-0.369643 0.392857
-0.348214 0.392857
-0.326786 0.392857
-0.305357 0.392857
-0.283929 0.392857
-0.262500 0.392857
-0.241071 0.392857
-0.219643 0.392857
-0.198214 0.392857
-0.176786 0.392857
-0.155357 0.392857
-0.133929 0.392857
-0.112500 0.392857
-0.091071 0.392857
-0.069643 0.392857
-0.048214 0.392857
-0.026786 0.392857
-0.005357 0.392857
0.016071 0.392857
0.037500 0.392857
0.058929 0.392857
0.080357 0.392857
0.101786 0.392857
0.123214 0.392857
0.144643 0.392857
0.166071 0.392857
0.187500 0.392857
0.208929 0.392857
0.230357 0.392857
0.251786 0.392857
0.273214 0.392857
0.294643 0.392857
0.316071 0.392857
0.337500 0.392857
0.364286 0.392857
0.539286 0.392857
0.580357 0.392857
-0.608929 0.391071
-0.462500 0.391071
-0.441071 0.391071
-0.419643 0.391071
-0.398214 0.391071
-0.376786 0.391071
-0.355357 0.391071
-0.333929 0.391071
-0.312500 0.391071
-0.291071 0.391071
-0.269643 0.391071
-0.248214 0.391071
-0.226786 0.391071
-0.205357 0.391071
-0.183929 0.391071
-0.162500 0.391071
-0.141071 0.391071
-0.119643 0.391071
-0.098214 0.391071
-0.076786 0.391071
-0.055357 0.391071
-0.033929 0.391071
-0.012500 0.391071
0.008929 0.391071
0.030357 0.391071
0.051786 0.391071
0.073214 0.391071
0.094643 0.391071
0.116071 0.391071
0.137500 0.391071
0.158929 0.391071
0.180357 0.391071
0.201786 0.391071
0.223214 0.391071
0.244643 0.391071
0.266071 0.391071
0.287500 0.391071
0.308929 0.391071
0.330357 0.391071
0.351786 0.391071
0.505357 0.391071
0.562500 0.391071
-0.621429 0.389286
-0.564286 0.389286
-0.453571 0.389286
-0.432143 0.389286
-0.410714 0.389286
-0.389286 0.389286
-0.367857 0.389286
-0.346429 0.389286
-0.325000 0.389286
-0.303571 0.389286
-0.282143 0.389286
-0.260714 0.389286
-0.239286 0.389286
-0.217857 0.389286
-0.196429 0.389286
-0.175000 0.389286
-0.153571 0.389286
-0.132143 0.389286
-0.110714 0.389286
-0.089286 0.389286
-0.067857 0.389286
-0.046429 0.389286
-0.025000 0.389286
-0.003571 0.389286
0.017857 0.389286
0.039286 0.389286
0.060714 0.389286
0.082143 0.389286
0.103571 0.389286
0.125000 0.389286
0.146429 0.389286
0.167857 0.389286
0.189286 0.389286
0.210714 0.389286
0.232143 0.389286
0.253571 0.389286
0.275000 0.389286
0.296429 0.389286
0.317857 0.389286
0.339286 0.389286
0.366071 0.389286
0.539286 0.389286
0.582143 0.389286
-0.603571 0.387500
-0.464286 0.387500
-0.442857 0.387500
-0.421429 0.387500
-0.400000 0.387500
-0.378571 0.387500
-0.357143 0.387500
-0.335714 0.387500
-0.314286 0.387500
-0.292857 0.387500
-0.271429 0.387500
-0.250000 0.387500
-0.228571 0.387500
-0.207143 0.387500
-0.185714 0.387500
-0.164286 0.387500
-0.142857 0.387500
-0.121429 0.387500
-0.100000 0.387500
-0.078571 0.387500
-0.057143 0.387500
-0.035714 0.387500
-0.014286 0.387500
0.007143 0.387500
0.028571 0.387500
0.050000 0.387500
0.071429 0.387500
0.092857 0.387500
0.114286 0.387500
0.135714 0.387500
0.157143 0.387500
0.178571 0.387500
0.200000 0.387500
0.221429 0.387500
0.242857 0.387500
0.264286 0.387500
0.285714 0.387500
0.307143 0.387500
0.328571 0.387500
0.350000 0.387500
0.505357 0.387500
0.567857 0.387500
-0.619643 0.385714
-0.562500 0.385714
-0.455357 0.385714
-0.433929 0.385714
-0.412500 0.385714
-0.391071 0.385714
-0.369643 0.385714
-0.348214 0.385714
-0.326786 0.385714
-0.305357 0.385714
-0.283929 0.385714
-0.262500 0.385714
-0.241071 0.385714
-0.219643 0.385714
-0.198214 0.385714
-0.176786 0.385714
-0.155357 0.385714
-0.133929 0.385714
-0.112500 0.385714
-0.091071 0.385714
-0.069643 0.385714
-0.048214 0.385714
-0.026786 0.385714
-0.005357 0.385714
0.016071 0.385714
0.037500 0.385714
0.058929 0.385714
0.080357 0.385714
0.101786 0.385714
0.123214 0.385714
0.144643 0.385714
0.166071 0.385714
0.187500 0.385714
0.208929 0.385714
0.230357 0.385714
0.251786 0.385714
0.273214 0.385714
0.294643 0.385714
0.316071 0.385714
0.337500 0.385714
0.360714 0.385714
0.544643 0.385714
0.585714 0.385714
-0.596429 0.383929
-0.460714 0.383929
-0.439286 0.383929
-0.417857 0.383929
-0.396429 0.383929
-0.375000 0.383929
-0.353571 0.383929
-0.332143 0.383929
-0.310714 0.383929
-0.289286 0.383929
-0.267857 0.383929
-0.246429 0.383929
-0.225000 0.383929
-0.203571 0.383929
-0.182143 0.383929
-0.160714 0.383929
-0.139286 0.383929
-0.117857 0.383929
-0.096429 0.383929
-0.075000 0.383929
-0.053571 0.383929
-0.032143 0.383929
-0.010714 0.383929
0.010714 0.383929
0.032143 0.383929
0.053571 0.383929
0.075000 0.383929
0.096429 0.383929
0.117857 0.383929
0.139286 0.383929
0.160714 0.383929
0.182143 0.383929
0.203571 0.383929
0.225000 0.383929
0.246429 0.383929
0.267857 0.383929
0.289286 0.383929
0.310714 0.383929
0.332143 0.383929
0.353571 0.383929
0.541071 0.383929
0.580357 0.383929
-0.610714 0.382143
-0.464286 0.382143
-0.442857 0.382143
-0.421429 0.382143
-0.400000 0.382143
-0.378571 0.382143
-0.357143 0.382143
-0.335714 0.382143
-0.314286 0.382143
-0.292857 0.382143
-0.271429 0.382143
-0.250000 0.382143
-0.228571 0.382143
-0.207143 0.382143
-0.185714 0.382143
-0.164286 0.382143
-0.142857 0.382143
-0.121429 0.382143
-0.100000 0.382143
-0.078571 0.382143
-0.057143 0.382143
-0.035714 0.382143
-0.014286 0.382143
0.007143 0.382143
0.028571 0.382143
0.050000 0.382143
0.071429 0.382143
0.092857 0.382143
0.114286 0.382143
0.135714 0.382143
0.157143 0.382143
0.178571 0.382143
0.200000 0.382143
0.221429 0.382143
0.242857 0.382143
0.264286 0.382143
0.285714 0.382143
0.307143 0.382143
0.328571 0.382143
0.350000 0.382143
0.517857 0.382143
0.575000 0.382143
-0.616071 0.380357
-0.478571 0.380357
-0.450000 0.380357
-0.428571 0.380357
-0.407143 0.380357
-0.385714 0.380357
-0.364286 0.380357
-0.342857 0.380357
-0.321429 0.380357
-0.300000 0.380357
-0.278571 0.380357
-0.257143 0.380357
-0.235714 0.380357
-0.214286 0.380357
-0.192857 0.380357
-0.171429 0.380357
-0.150000 0.380357
-0.128571 0.380357
-0.107143 0.380357
-0.085714 0.380357
-0.064286 0.380357
-0.042857 0.380357
-0.021429 0.380357
0.000000 0.380357
0.021429 0.380357
0.042857 0.380357
0.064286 0.380357
0.085714 0.380357
0.107143 0.380357
0.128571 0.380357
0.150000 0.380357
0.171429 0.380357
0.192857 0.380357
0.214286 0.380357
0.235714 0.380357
0.257143 0.380357
0.278571 0.380357
0.300000 0.380357
0.321429 0.380357
0.342857 0.380357
0.462500 0.380357
0.562500 0.380357
-0.623214 0.378571
-0.566071 0.378571
-0.460714 0.378571
-0.439286 0.378571
-0.417857 0.378571
-0.396429 0.378571
-0.375000 0.378571
-0.353571 0.378571
-0.332143 0.378571
-0.310714 0.378571
-0.289286 0.378571
-0.267857 0.378571
-0.246429 0.378571
-0.225000 0.378571
-0.203571 0.378571
-0.182143 0.378571
-0.160714 0.378571
-0.139286 0.378571
-0.117857 0.378571
-0.096429 0.378571
-0.075000 0.378571
-0.053571 0.378571
-0.032143 0.378571
-0.010714 0.378571
0.010714 0.378571
0.032143 0.378571
0.053571 0.378571
0.075000 0.378571
0.096429 0.378571
0.117857 0.378571
0.139286 0.378571
0.160714 0.378571
0.182143 0.378571
0.203571 0.378571
0.225000 0.378571
0.246429 0.378571
0.267857 0.378571
0.289286 0.378571
0.310714 0.378571
0.332143 0.378571
0.353571 0.378571
0.539286 0.378571
0.582143 0.378571
-0.603571 0.376786
-0.467857 0.376786
-0.446429 0.376786
-0.425000 0.376786
-0.403571 0.376786
-0.382143 0.376786
-0.360714 0.376786
-0.339286 0.376786
-0.317857 0.376786
-0.296429 0.376786
-0.275000 0.376786
-0.253571 0.376786
-0.232143 0.376786
-0.210714 0.376786
-0.189286 0.376786
-0.167857 0.376786
-0.146429 0.376786
-0.125000 0.376786
-0.103571 0.376786
-0.082143 0.376786
-0.060714 0.376786
-0.039286 0.376786
-0.017857 0.376786
0.003571 0.376786
0.025000 0.376786
0.046429 0.376786
0.067857 0.376786
0.089286 0.376786
0.110714 0.376786
0.132143 0.376786
0.153571 0.376786
0.175000 0.376786
0.196429 0.376786
0.217857 0.376786
0.239286 0.376786
0.260714 0.376786
0.282143 0.376786
0.303571 0.376786
0.325000 0.376786
0.346429 0.376786
0.494643 0.376786
0.569643 0.376786
-0.614286 0.375000
-0.542857 0.375000
-0.453571 0.375000
-0.432143 0.375000
-0.410714 0.375000
-0.389286 0.375000
-0.367857 0.375000
-0.346429 0.375000
-0.325000 0.375000
-0.303571 0.375000
-0.282143 0.375000
-0.260714 0.375000
-0.239286 0.375000
-0.217857 0.375000
-0.196429 0.375000
-0.175000 0.375000
-0.153571 0.375000
-0.132143 0.375000
-0.110714 0.375000
-0.089286 0.375000
-0.067857 0.375000
-0.046429 0.375000
-0.025000 0.375000
-0.003571 0.375000
0.017857 0.375000
0.039286 0.375000
0.060714 0.375000
0.082143 0.375000
0.103571 0.375000
0.125000 0.375000
0.146429 0.375000
0.167857 0.375000
0.189286 0.375000
0.210714 0.375000
0.232143 0.375000
0.253571 0.375000
0.275000 0.375000
0.296429 0.375000
0.317857 0.375000
0.339286 0.375000
0.364286 0.375000
0.558929 0.375000
0.585714 0.375000
-0.598214 0.373214
-0.462500 0.373214
-0.441071 0.373214
-0.419643 0.373214
-0.398214 0.373214
-0.376786 0.373214
-0.355357 0.373214
-0.333929 0.373214
-0.312500 0.373214
-0.291071 0.373214
-0.269643 0.373214
-0.248214 0.373214
-0.226786 0.373214
-0.205357 0.373214
-0.183929 0.373214
-0.162500 0.373214
-0.141071 0.373214
-0.119643 0.373214
-0.098214 0.373214
-0.076786 0.373214
-0.055357 0.373214
-0.033929 0.373214
-0.012500 0.373214
0.008929 0.373214
0.030357 0.373214
0.051786 0.373214
0.073214 0.373214
0.094643 0.373214
0.116071 0.373214
0.137500 0.373214
0.158929 0.373214
0.180357 0.373214
0.201786 0.373214
0.223214 0.373214
0.244643 0.373214
0.266071 0.373214
0.287500 0.373214
0.308929 0.373214
0.330357 0.373214
0.351786 0.373214
0.530357 0.373214
0.578571 0.373214
-0.608929 0.371429
-0.471429 0.371429
-0.448214 0.371429
-0.426786 0.371429
-0.405357 0.371429
-0.383929 0.371429
-0.362500 0.371429
-0.341071 0.371429
-0.319643 0.371429
-0.298214 0.371429
-0.276786 0.371429
-0.255357 0.371429
-0.233929 0.371429
-0.212500 0.371429
-0.191071 0.371429
-0.169643 0.371429
-0.148214 0.371429
-0.126786 0.371429
-0.105357 0.371429
-0.083929 0.371429
-0.062500 0.371429
-0.041071 0.371429
-0.019643 0.371429
0.001786 0.371429
0.023214 0.371429
0.044643 0.371429
0.066071 0.371429
0.087500 0.371429
0.108929 0.371429
0.130357 0.371429
0.151786 0.371429
0.173214 0.371429
0.194643 0.371429
0.216071 0.371429
0.237500 0.371429
0.258929 0.371429
0.280357 0.371429
0.301786 0.371429
0.323214 0.371429
0.344643 0.371429
0.464286 0.371429
0.569643 0.371429
-0.621429 0.369643
-0.566071 0.369643
-0.457143 0.369643
-0.435714 0.369643
-0.414286 0.369643
-0.392857 0.369643
-0.371429 0.369643
-0.350000 0.369643
-0.328571 0.369643
-0.307143 0.369643
-0.285714 0.369643
-0.264286 0.369643
-0.242857 0.369643
-0.221429 0.369643
-0.200000 0.369643
-0.178571 0.369643
-0.157143 0.369643
-0.135714 0.369643
-0.114286 0.369643
-0.092857 0.369643
-0.071429 0.369643
-0.050000 0.369643
-0.028571 0.369643
-0.007143 0.369643
0.014286 0.369643
0.035714 0.369643
0.057143 0.369643
0.078571 0.369643
0.100000 0.369643
0.121429 0.369643
0.142857 0.369643
0.164286 0.369643
0.185714 0.369643
0.207143 0.369643
0.228571 0.369643
0.250000 0.369643
0.271429 0.369643
0.292857 0.369643
0.314286 0.369643
0.335714 0.369643
0.360714 0.369643
0.542857 0.369643
0.582143 0.369643
-0.605357 0.367857
-0.464286 0.367857
-0.442857 0.367857
-0.421429 0.367857
-0.400000 0.367857
-0.378571 0.367857
-0.357143 0.367857
-0.335714 0.367857
-0.314286 0.367857
-0.292857 0.367857
-0.271429 0.367857
-0.250000 0.367857
-0.228571 0.367857
-0.207143 0.367857
-0.185714 0.367857
-0.164286 0.367857
-0.142857 0.367857
-0.121429 0.367857
-0.100000 0.367857
-0.078571 0.367857
-0.057143 0.367857
-0.035714 0.367857
-0.014286 0.367857
0.007143 0.367857
0.028571 0.367857
0.050000 0.367857
0.071429 0.367857
0.092857 0.367857
0.114286 0.367857
0.135714 0.367857
0.157143 0.367857
0.178571 0.367857
0.200000 0.367857
0.221429 0.367857
0.242857 0.367857
0.264286 0.367857
0.285714 0.367857
0.307143 0.367857
0.328571 0.367857
0.351786 0.367857
0.496429 0.367857
0.576786 0.367857
-0.608929 0.366071
-0.467857 0.366071
-0.446429 0.366071
-0.425000 0.366071
-0.403571 0.366071
-0.382143 0.366071
-0.360714 0.366071
-0.339286 0.366071
-0.317857 0.366071
-0.296429 0.366071
-0.275000 0.366071
-0.253571 0.366071
-0.232143 0.366071
-0.210714 0.366071
-0.189286 0.366071
-0.167857 0.366071
-0.146429 0.366071
-0.125000 0.366071
-0.103571 0.366071
-0.082143 0.366071
-0.060714 0.366071
-0.039286 0.366071
-0.017857 0.366071
0.003571 0.366071
0.025000 0.366071
0.046429 0.366071
0.067857 0.366071
0.089286 0.366071
0.110714 0.366071
0.132143 0.366071
0.153571 0.366071
0.175000 0.366071
0.196429 0.366071
0.217857 0.366071
0.239286 0.366071
0.260714 0.366071
0.282143 0.366071
0.303571 0.366071
0.325000 0.366071
0.346429 0.366071
0.380357 0.366071
0.569643 0.366071
-0.616071 0.364286
-0.544643 0.364286
-0.451786 0.364286
-0.430357 0.364286
-0.408929 0.364286
-0.387500 0.364286
-0.366071 0.364286
-0.344643 0.364286
-0.323214 0.364286
-0.301786 0.364286
-0.280357 0.364286
-0.258929 0.364286
-0.237500 0.364286
-0.216071 0.364286
-0.194643 0.364286
-0.173214 0.364286
-0.151786 0.364286
-0.130357 0.364286
-0.108929 0.364286
-0.087500 0.364286
-0.066071 0.364286
-0.044643 0.364286
-0.023214 0.364286
-0.001786 0.364286
0.019643 0.364286
0.041071 0.364286
0.062500 0.364286
0.083929 0.364286
0.105357 0.364286
0.126786 0.364286
0.148214 0.364286
0.169643 0.364286
0.191071 0.364286
0.212500 0.364286
0.233929 0.364286
0.255357 0.364286
0.276786 0.364286
0.298214 0.364286
0.319643 0.364286
0.341071 0.364286
0.367857 0.364286
0.567857 0.364286
-0.616071 0.362500
-0.544643 0.362500
-0.451786 0.362500
-0.430357 0.362500
-0.408929 0.362500
-0.387500 0.362500
-0.366071 0.362500
-0.344643 0.362500
-0.323214 0.362500
-0.301786 0.362500
-0.280357 0.362500
-0.258929 0.362500
-0.237500 0.362500
-0.216071 0.362500
-0.194643 0.362500
-0.173214 0.362500
-0.151786 0.362500
-0.130357 0.362500
-0.108929 0.362500
-0.087500 0.362500
-0.066071 0.362500
-0.044643 0.362500
-0.023214 0.362500
-0.001786 0.362500
0.019643 0.362500
0.041071 0.362500
0.062500 0.362500
0.083929 0.362500
0.105357 0.362500
0.126786 0.362500
0.148214 0.362500
0.169643 0.362500
0.191071 0.362500
0.212500 0.362500
0.233929 0.362500
0.255357 0.362500
0.276786 0.362500
0.298214 0.362500
0.319643 0.362500
0.341071 0.362500
0.425000 0.362500
0.573214 0.362500
-0.610714 0.360714
-0.471429 0.360714
-0.450000 0.360714
-0.428571 0.360714
-0.407143 0.360714
-0.385714 0.360714
-0.360714 0.360714
-0.335714 0.360714
-0.314286 0.360714
-0.292857 0.360714
-0.271429 0.360714
-0.250000 0.360714
-0.228571 0.360714
-0.207143 0.360714
-0.185714 0.360714
-0.164286 0.360714
-0.142857 0.360714
-0.121429 0.360714
-0.100000 0.360714
-0.078571 0.360714
-0.057143 0.360714
-0.035714 0.360714
-0.014286 0.360714
0.007143 0.360714
0.028571 0.360714
0.050000 0.360714
0.071429 0.360714
0.092857 0.360714
0.114286 0.360714
0.135714 0.360714
0.157143 0.360714
0.178571 0.360714
0.200000 0.360714
0.221429 0.360714
0.242857 0.360714
0.264286 0.360714
0.285714 0.360714
0.307143 0.360714
0.328571 0.360714
0.353571 0.360714
0.557143 0.360714
-0.625000 0.358929
-0.592857 0.358929
-0.458929 0.358929
-0.437500 0.358929
-0.416071 0.358929
-0.394643 0.358929
-0.373214 0.358929
-0.342857 0.358929
-0.316071 0.358929
-0.294643 0.358929
-0.273214 0.358929
-0.251786 0.358929
-0.230357 0.358929
-0.208929 0.358929
-0.187500 0.358929
-0.166071 0.358929
-0.144643 0.358929
-0.123214 0.358929
-0.101786 0.358929
-0.080357 0.358929
-0.058929 0.358929
-0.037500 0.358929
-0.016071 0.358929
0.005357 0.358929
0.026786 0.358929
0.048214 0.358929
0.069643 0.358929
0.091071 0.358929
0.112500 0.358929
0.133929 0.358929
0.155357 0.358929
0.176786 0.358929
0.198214 0.358929
0.219643 0.358929
0.241071 0.358929
0.262500 0.358929
0.283929 0.358929
0.305357 0.358929
0.326786 0.358929
0.348214 0.358929
0.557143 0.358929
-0.625000 0.357143
-0.592857 0.357143
-0.464286 0.357143
-0.442857 0.357143
-0.421429 0.357143
-0.400000 0.357143
-0.378571 0.357143
-0.333929 0.357143
-0.303571 0.357143
-0.282143 0.357143
-0.251786 0.357143
-0.230357 0.357143
-0.208929 0.357143
-0.187500 0.357143
-0.166071 0.357143
-0.144643 0.357143
-0.123214 0.357143
-0.101786 0.357143
-0.080357 0.357143
-0.058929 0.357143
-0.037500 0.357143
-0.016071 0.357143
0.005357 0.357143
0.026786 0.357143
0.048214 0.357143
0.069643 0.357143
0.091071 0.357143
0.112500 0.357143
0.133929 0.357143
0.155357 0.357143
0.176786 0.357143
0.198214 0.357143
0.219643 0.357143
0.241071 0.357143
0.262500 0.357143
0.283929 0.357143
0.305357 0.357143
0.326786 0.357143
0.348214 0.357143
0.496429 0.357143
0.582143 0.357143
-0.594643 0.355357
-0.464286 0.355357
-0.442857 0.355357
-0.421429 0.355357
-0.400000 0.355357
-0.366071 0.355357
-0.301786 0.355357
-0.280357 0.355357
-0.244643 0.355357
-0.223214 0.355357
-0.201786 0.355357
-0.180357 0.355357
-0.158929 0.355357
-0.137500 0.355357
-0.116071 0.355357
-0.094643 0.355357
-0.073214 0.355357
-0.051786 0.355357
-0.030357 0.355357
-0.008929 0.355357
0.012500 0.355357
0.033929 0.355357
0.055357 0.355357
0.076786 0.355357
0.098214 0.355357
0.119643 0.355357
0.141071 0.355357
0.162500 0.355357
0.183929 0.355357
0.205357 0.355357
0.226786 0.355357
0.248214 0.355357
0.269643 0.355357
0.291071 0.355357
0.312500 0.355357
0.333929 0.355357
0.357143 0.355357
0.562500 0.355357
-0.623214 0.353571
-0.583929 0.353571
-0.460714 0.353571
-0.439286 0.353571
-0.417857 0.353571
-0.396429 0.353571
-0.346429 0.353571
-0.317857 0.353571
-0.294643 0.353571
-0.264286 0.353571
-0.242857 0.353571
-0.221429 0.353571
-0.200000 0.353571
-0.178571 0.353571
-0.157143 0.353571
-0.135714 0.353571
-0.114286 0.353571
-0.092857 0.353571
-0.071429 0.353571
-0.050000 0.353571
-0.028571 0.353571
-0.007143 0.353571
0.014286 0.353571
0.035714 0.353571
0.057143 0.353571
0.078571 0.353571
0.100000 0.353571
0.121429 0.353571
0.142857 0.353571
0.164286 0.353571
0.185714 0.353571
0.212500 0.353571
0.235714 0.353571
0.257143 0.353571
0.278571 0.353571
0.300000 0.353571
0.321429 0.353571
0.342857 0.353571
0.466071 0.353571
0.575000 0.353571
-0.603571 0.351786
-0.469643 0.351786
-0.448214 0.351786
-0.426786 0.351786
-0.405357 0.351786
-0.333929 0.351786
-0.292857 0.351786
-0.271429 0.351786
-0.250000 0.351786
-0.228571 0.351786
-0.207143 0.351786
-0.185714 0.351786
-0.164286 0.351786
-0.142857 0.351786
-0.121429 0.351786
-0.100000 0.351786
-0.076786 0.351786
-0.055357 0.351786
-0.033929 0.351786
-0.012500 0.351786
0.008929 0.351786
0.030357 0.351786
0.051786 0.351786
0.073214 0.351786
0.094643 0.351786
0.116071 0.351786
0.137500 0.351786
0.162500 0.351786
0.183929 0.351786
0.212500 0.351786
0.235714 0.351786
0.257143 0.351786
0.278571 0.351786
0.300000 0.351786
0.321429 0.351786
0.342857 0.351786
0.466071 0.351786
0.571429 0.351786
-0.603571 0.350000
-0.467857 0.350000
-0.446429 0.350000
-0.425000 0.350000
-0.403571 0.350000
-0.305357 0.350000
-0.255357 0.350000
-0.233929 0.350000
-0.212500 0.350000
-0.191071 0.350000
-0.169643 0.350000
-0.148214 0.350000
-0.126786 0.350000
-0.105357 0.350000
-0.080357 0.350000
-0.058929 0.350000
-0.037500 0.350000
-0.016071 0.350000
0.005357 0.350000
0.026786 0.350000
0.048214 0.350000
0.069643 0.350000
0.091071 0.350000
0.112500 0.350000
0.133929 0.350000
0.155357 0.350000
0.183929 0.350000
0.219643 0.350000
0.244643 0.350000
0.266071 0.350000
0.287500 0.350000
0.308929 0.350000
0.330357 0.350000
0.351786 0.350000
0.548214 0.350000
0.580357 0.350000
-0.596429 0.348214
-0.467857 0.348214
-0.446429 0.348214
-0.425000 0.348214
-0.403571 0.348214
-0.312500 0.348214
-0.264286 0.348214
-0.242857 0.348214
-0.221429 0.348214
-0.200000 0.348214
-0.178571 0.348214
-0.157143 0.348214
-0.135714 0.348214
-0.114286 0.348214
-0.087500 0.348214
-0.066071 0.348214
-0.044643 0.348214
-0.023214 0.348214
-0.001786 0.348214
0.019643 0.348214
0.041071 0.348214
0.062500 0.348214
0.083929 0.348214
0.105357 0.348214
0.126786 0.348214
0.151786 0.348214
0.180357 0.348214
0.201786 0.348214
0.242857 0.348214
0.264286 0.348214
0.285714 0.348214
0.307143 0.348214
0.328571 0.348214
0.350000 0.348214
0.548214 0.348214
0.576786 0.348214
-0.596429 0.346429
-0.467857 0.346429
-0.446429 0.346429
-0.425000 0.346429
-0.403571 0.346429
-0.282143 0.346429
-0.260714 0.346429
-0.239286 0.346429
-0.217857 0.346429
-0.196429 0.346429
-0.175000 0.346429
-0.153571 0.346429
-0.132143 0.346429
-0.110714 0.346429
-0.085714 0.346429
-0.064286 0.346429
-0.042857 0.346429
-0.021429 0.346429
0.000000 0.346429
0.021429 0.346429
0.042857 0.346429
0.064286 0.346429
0.085714 0.346429
0.107143 0.346429
0.128571 0.346429
0.158929 0.346429
0.187500 0.346429
0.223214 0.346429
0.248214 0.346429
0.269643 0.346429
0.291071 0.346429
0.312500 0.346429
0.333929 0.346429
0.357143 0.346429
0.560714 0.346429
-0.616071 0.344643
-0.544643 0.344643
-0.460714 0.344643
-0.439286 0.344643
-0.417857 0.344643
-0.380357 0.344643
-0.260714 0.344643
-0.239286 0.344643
-0.217857 0.344643
-0.196429 0.344643
-0.175000 0.344643
-0.153571 0.344643
-0.132143 0.344643
-0.110714 0.344643
-0.085714 0.344643
-0.064286 0.344643
-0.042857 0.344643
-0.021429 0.344643
0.000000 0.344643
0.021429 0.344643
0.042857 0.344643
0.064286 0.344643
0.085714 0.344643
0.107143 0.344643
0.128571 0.344643
0.150000 0.344643
0.192857 0.344643
0.214286 0.344643
0.251786 0.344643
0.273214 0.344643
0.294643 0.344643
0.316071 0.344643
0.337500 0.344643
0.358929 0.344643
0.555357 0.344643
-0.614286 0.342857
-0.537500 0.342857
-0.462500 0.342857
-0.441071 0.342857
-0.419643 0.342857
-0.383929 0.342857
-0.273214 0.342857
-0.251786 0.342857
-0.226786 0.342857
-0.205357 0.342857
-0.183929 0.342857
-0.162500 0.342857
-0.141071 0.342857
-0.119643 0.342857
-0.098214 0.342857
-0.076786 0.342857
-0.055357 0.342857
-0.033929 0.342857
-0.012500 0.342857
0.008929 0.342857
0.030357 0.342857
0.051786 0.342857
0.073214 0.342857
0.094643 0.342857
0.116071 0.342857
0.137500 0.342857
0.158929 0.342857
0.205357 0.342857
0.242857 0.342857
0.266071 0.342857
0.287500 0.342857
0.308929 0.342857
0.330357 0.342857
0.351786 0.342857
0.548214 0.342857
-0.614286 0.341071
-0.537500 0.341071
-0.464286 0.341071
-0.442857 0.341071
-0.421429 0.341071
-0.389286 0.341071
-0.248214 0.341071
-0.219643 0.341071
-0.198214 0.341071
-0.176786 0.341071
-0.155357 0.341071
-0.133929 0.341071
-0.112500 0.341071
-0.091071 0.341071
-0.069643 0.341071
-0.048214 0.341071
-0.026786 0.341071
-0.005357 0.341071
0.016071 0.341071
0.037500 0.341071
0.058929 0.341071
0.080357 0.341071
0.107143 0.341071
0.137500 0.341071
0.158929 0.341071
0.210714 0.341071
0.246429 0.341071
0.269643 0.341071
0.291071 0.341071
0.312500 0.341071
0.333929 0.341071
0.355357 0.341071
0.482143 0.341071
-0.614286 0.339286
-0.525000 0.339286
-0.460714 0.339286
-0.439286 0.339286
-0.417857 0.339286
-0.391071 0.339286
-0.257143 0.339286
-0.235714 0.339286
-0.203571 0.339286
-0.182143 0.339286
-0.160714 0.339286
-0.139286 0.339286
-0.117857 0.339286
-0.096429 0.339286
-0.075000 0.339286
-0.053571 0.339286
-0.032143 0.339286
-0.008929 0.339286
0.012500 0.339286
0.033929 0.339286
0.055357 0.339286
0.076786 0.339286
0.105357 0.339286
0.242857 0.339286
0.269643 0.339286
0.291071 0.339286
0.312500 0.339286
0.333929 0.339286
0.355357 0.339286
0.558929 0.339286
-0.605357 0.337500
-0.478571 0.337500
-0.457143 0.337500
-0.435714 0.337500
-0.414286 0.337500
-0.362500 0.337500
-0.258929 0.337500
-0.230357 0.337500
-0.200000 0.337500
-0.178571 0.337500
-0.157143 0.337500
-0.133929 0.337500
-0.112500 0.337500
-0.091071 0.337500
-0.069643 0.337500
-0.048214 0.337500
-0.026786 0.337500
-0.003571 0.337500
0.017857 0.337500
0.039286 0.337500
0.060714 0.337500
0.087500 0.337500
0.117857 0.337500
0.262500 0.337500
0.283929 0.337500
0.305357 0.337500
0.326786 0.337500
0.348214 0.337500
0.373214 0.337500
0.567857 0.337500
-0.585714 0.335714
-0.469643 0.335714
-0.448214 0.335714
-0.426786 0.335714
-0.400000 0.335714
-0.235714 0.335714
-0.207143 0.335714
-0.185714 0.335714
-0.164286 0.335714
-0.142857 0.335714
-0.119643 0.335714
-0.098214 0.335714
-0.076786 0.335714
-0.055357 0.335714
-0.033929 0.335714
-0.012500 0.335714
0.010714 0.335714
0.033929 0.335714
0.055357 0.335714
0.076786 0.335714
0.125000 0.335714
0.271429 0.335714
0.292857 0.335714
0.314286 0.335714
0.335714 0.335714
0.357143 0.335714
0.558929 0.335714
-0.605357 0.333929
-0.487500 0.333929
-0.462500 0.333929
-0.441071 0.333929
-0.419643 0.333929
-0.346429 0.333929
-0.205357 0.333929
-0.182143 0.333929
-0.158929 0.333929
-0.135714 0.333929
-0.114286 0.333929
-0.092857 0.333929
-0.071429 0.333929
-0.050000 0.333929
-0.028571 0.333929
-0.005357 0.333929
0.017857 0.333929
0.039286 0.333929
0.062500 0.333929
0.087500 0.333929
0.258929 0.333929
0.280357 0.333929
0.301786 0.333929
0.323214 0.333929
0.344643 0.333929
0.366071 0.333929
0.564286 0.333929
-0.585714 0.332143
-0.471429 0.332143
-0.450000 0.332143
-0.428571 0.332143
-0.351786 0.332143
-0.216071 0.332143
-0.185714 0.332143
-0.162500 0.332143
-0.141071 0.332143
-0.117857 0.332143
-0.096429 0.332143
-0.075000 0.332143
-0.053571 0.332143
-0.032143 0.332143
-0.008929 0.332143
0.014286 0.332143
0.042857 0.332143
0.066071 0.332143
0.203571 0.332143
0.271429 0.332143
0.292857 0.332143
0.314286 0.332143
0.335714 0.332143
0.357143 0.332143
0.519643 0.332143
-0.603571 0.330357
-0.476786 0.330357
-0.455357 0.330357
-0.433929 0.330357
-0.398214 0.330357
-0.208929 0.330357
-0.178571 0.330357
-0.153571 0.330357
-0.128571 0.330357
-0.105357 0.330357
-0.083929 0.330357
-0.062500 0.330357
-0.041071 0.330357
-0.017857 0.330357
0.005357 0.330357
0.030357 0.330357
0.058929 0.330357
0.117857 0.330357
0.139286 0.330357
0.207143 0.330357
0.266071 0.330357
0.287500 0.330357
0.308929 0.330357
0.330357 0.330357
0.351786 0.330357
0.378571 0.330357
-0.607143 0.328571
-0.485714 0.328571
-0.462500 0.328571
-0.441071 0.328571
-0.419643 0.328571
-0.246429 0.328571
-0.200000 0.328571
-0.169643 0.328571
-0.146429 0.328571
-0.119643 0.328571
-0.098214 0.328571
-0.075000 0.328571
-0.053571 0.328571
-0.028571 0.328571
-0.005357 0.328571
0.021429 0.328571
0.051786 0.328571
0.080357 0.328571
0.132143 0.328571
0.153571 0.328571
0.225000 0.328571
0.276786 0.328571
0.298214 0.328571
0.319643 0.328571
0.341071 0.328571
0.362500 0.328571
0.558929 0.328571
-0.596429 0.326786
-0.476786 0.326786
-0.455357 0.326786
-0.433929 0.326786
-0.244643 0.326786
-0.217857 0.326786
-0.178571 0.326786
-0.153571 0.326786
-0.132143 0.326786
-0.105357 0.326786
-0.082143 0.326786
-0.060714 0.326786
-0.039286 0.326786
-0.016071 0.326786
0.010714 0.326786
0.051786 0.326786
0.198214 0.326786
0.273214 0.326786
0.294643 0.326786
0.316071 0.326786
0.337500 0.326786
0.358929 0.326786
0.480357 0.326786
-0.605357 0.325000
-0.487500 0.325000
-0.462500 0.325000
-0.441071 0.325000
-0.400000 0.325000
-0.201786 0.325000
-0.166071 0.325000
-0.139286 0.325000
-0.114286 0.325000
-0.091071 0.325000
-0.067857 0.325000
-0.044643 0.325000
-0.021429 0.325000
0.003571 0.325000
0.042857 0.325000
0.237500 0.325000
0.275000 0.325000
0.296429 0.325000
0.317857 0.325000
0.339286 0.325000
0.360714 0.325000
0.519643 0.325000
-0.605357 0.323214
-0.489286 0.323214
-0.466071 0.323214
-0.444643 0.323214
-0.403571 0.323214
-0.212500 0.323214
-0.173214 0.323214
-0.146429 0.323214
-0.125000 0.323214
-0.101786 0.323214
-0.076786 0.323214
-0.055357 0.323214
-0.033929 0.323214
-0.008929 0.323214
0.028571 0.323214
0.246429 0.323214
0.278571 0.323214
0.300000 0.323214
0.321429 0.323214
0.342857 0.323214
0.364286 0.323214
0.517857 0.323214
-0.603571 0.321429
-0.483929 0.321429
-0.462500 0.321429
-0.441071 0.321429
-0.378571 0.321429
-0.205357 0.321429
-0.167857 0.321429
-0.141071 0.321429
-0.116071 0.321429
-0.092857 0.321429
-0.069643 0.321429
-0.048214 0.321429
-0.025000 0.321429
0.003571 0.321429
0.250000 0.321429
0.287500 0.321429
0.308929 0.321429
0.330357 0.321429
0.351786 0.321429
0.376786 0.321429
0.560714 0.321429
-0.583929 0.319643
-0.473214 0.319643
-0.451786 0.319643
-0.417857 0.319643
-0.276786 0.319643
-0.180357 0.319643
-0.142857 0.319643
-0.119643 0.319643
-0.094643 0.319643
-0.071429 0.319643
-0.050000 0.319643
-0.025000 0.319643
0.005357 0.319643
0.242857 0.319643
0.292857 0.319643
0.314286 0.319643
0.335714 0.319643
0.357143 0.319643
0.382143 0.319643
0.562500 0.319643
-0.544643 0.317857
-0.473214 0.317857
-0.451786 0.317857
-0.412500 0.317857
-0.180357 0.317857
-0.144643 0.317857
-0.117857 0.317857
-0.092857 0.317857
-0.069643 0.317857
-0.048214 0.317857
-0.025000 0.317857
0.005357 0.317857
0.282143 0.317857
0.305357 0.317857
0.326786 0.317857
0.348214 0.317857
0.369643 0.317857
0.560714 0.317857
-0.583929 0.316071
-0.475000 0.316071
-0.453571 0.316071
-0.417857 0.316071
-0.151786 0.316071
-0.128571 0.316071
-0.100000 0.316071
-0.076786 0.316071
-0.055357 0.316071
-0.030357 0.316071
-0.007143 0.316071
0.246429 0.316071
0.305357 0.316071
0.326786 0.316071
0.348214 0.316071
0.369643 0.316071
0.555357 0.316071
-0.596429 0.314286
-0.483929 0.314286
-0.462500 0.314286
-0.441071 0.314286
-0.171429 0.314286
-0.133929 0.314286
-0.107143 0.314286
-0.082143 0.314286
-0.060714 0.314286
-0.035714 0.314286
-0.007143 0.314286
0.269643 0.314286
0.310714 0.314286
0.332143 0.314286
0.353571 0.314286
0.375000 0.314286
0.560714 0.314286
-0.585714 0.312500
-0.480357 0.312500
-0.458929 0.312500
-0.425000 0.312500
-0.157143 0.312500
-0.126786 0.312500
-0.098214 0.312500
-0.075000 0.312500
-0.051786 0.312500
-0.025000 0.312500
0.017857 0.312500
0.273214 0.312500
0.314286 0.312500
0.335714 0.312500
0.357143 0.312500
0.382143 0.312500
0.562500 0.312500
-0.583929 0.310714
-0.482143 0.310714
-0.460714 0.310714
-0.430357 0.310714
-0.151786 0.310714
-0.116071 0.310714
-0.091071 0.310714
-0.066071 0.310714
-0.035714 0.310714
-0.007143 0.310714
0.248214 0.310714
0.314286 0.310714
0.335714 0.310714
0.357143 0.310714
0.378571 0.310714
0.562500 0.310714
-0.566071 0.308929
-0.476786 0.308929
-0.455357 0.308929
-0.414286 0.308929
-0.167857 0.308929
-0.128571 0.308929
-0.101786 0.308929
-0.078571 0.308929
-0.057143 0.308929
-0.026786 0.308929
0.023214 0.308929
0.303571 0.308929
0.325000 0.308929
0.346429 0.308929
0.367857 0.308929
0.548214 0.308929
-0.596429 0.307143
-0.489286 0.307143
-0.467857 0.307143
-0.446429 0.307143
-0.355357 0.307143
-0.135714 0.307143
-0.103571 0.307143
-0.080357 0.307143
-0.058929 0.307143
-0.025000 0.307143
0.023214 0.307143
0.301786 0.307143
0.323214 0.307143
0.344643 0.307143
0.366071 0.307143
0.392857 0.307143
0.564286 0.307143
-0.492857 0.305357
-0.469643 0.305357
-0.448214 0.305357
-0.385714 0.305357
-0.121429 0.305357
-0.094643 0.305357
-0.071429 0.305357
-0.042857 0.305357
-0.005357 0.305357
0.241071 0.305357
0.282143 0.305357
0.316071 0.305357
0.337500 0.305357
0.358929 0.305357
0.380357 0.305357
0.553571 0.305357
-0.591071 0.303571
-0.483929 0.303571
-0.462500 0.303571
-0.432143 0.303571
-0.378571 0.303571
-0.142857 0.303571
-0.096429 0.303571
-0.073214 0.303571
-0.041071 0.303571
0.001786 0.303571
0.305357 0.303571
0.326786 0.303571
0.348214 0.303571
0.369643 0.303571
0.525000 0.303571
-0.600000 0.301786
-0.487500 0.301786
-0.466071 0.301786
-0.444643 0.301786
-0.130357 0.301786
-0.098214 0.301786
-0.076786 0.301786
-0.044643 0.301786
-0.007143 0.301786
0.298214 0.301786
0.325000 0.301786
0.346429 0.301786
0.367857 0.301786
0.394643 0.301786
-0.603571 0.300000
-0.496429 0.300000
-0.475000 0.300000
-0.453571 0.300000
-0.139286 0.300000
-0.107143 0.300000
-0.085714 0.300000
-0.058929 0.300000
-0.023214 0.300000
0.289286 0.300000
0.319643 0.300000
0.341071 0.300000
0.362500 0.300000
0.383929 0.300000
0.555357 0.300000
-0.550000 0.298214
-0.478571 0.298214
-0.457143 0.298214
-0.148214 0.298214
-0.112500 0.298214
-0.087500 0.298214
-0.060714 0.298214
-0.021429 0.298214
0.300000 0.298214
0.325000 0.298214
0.346429 0.298214
0.367857 0.298214
0.389286 0.298214
0.555357 0.298214
-0.550000 0.296429
-0.480357 0.296429
-0.458929 0.296429
-0.160714 0.296429
-0.114286 0.296429
-0.089286 0.296429
-0.064286 0.296429
-0.023214 0.296429
0.316071 0.296429
0.337500 0.296429
0.358929 0.296429
0.380357 0.296429
0.546429 0.296429
-0.591071 0.294643
-0.491071 0.294643
-0.469643 0.294643
-0.437500 0.294643
-0.128571 0.294643
-0.092857 0.294643
-0.067857 0.294643
-0.026786 0.294643
0.316071 0.294643
0.337500 0.294643
0.358929 0.294643
0.380357 0.294643
0.550000 0.294643
-0.585714 0.292857
-0.483929 0.292857
-0.462500 0.292857
-0.419643 0.292857
-0.117857 0.292857
-0.091071 0.292857
-0.064286 0.292857
-0.021429 0.292857
0.264286 0.292857
0.325000 0.292857
0.346429 0.292857
0.367857 0.292857
0.389286 0.292857
0.553571 0.292857
-0.551786 0.291071
-0.482143 0.291071
-0.460714 0.291071
-0.414286 0.291071
-0.117857 0.291071
-0.089286 0.291071
-0.064286 0.291071
-0.026786 0.291071
0.196429 0.291071
0.273214 0.291071
0.332143 0.291071
0.353571 0.291071
0.375000 0.291071
0.512500 0.291071
-0.592857 0.289286
-0.492857 0.289286
-0.471429 0.289286
-0.442857 0.289286
-0.139286 0.289286
-0.094643 0.289286
-0.067857 0.289286
-0.028571 0.289286
0.185714 0.289286
0.237500 0.289286
0.317857 0.289286
0.339286 0.289286
0.360714 0.289286
0.382143 0.289286
0.542857 0.289286
-0.587500 0.287500
-0.489286 0.287500
-0.467857 0.287500
-0.433929 0.287500
-0.323214 0.287500
-0.116071 0.287500
-0.089286 0.287500
-0.058929 0.287500
-0.019643 0.287500
0.228571 0.287500
0.250000 0.287500
0.319643 0.287500
0.341071 0.287500
0.362500 0.287500
0.383929 0.287500
0.544643 0.287500
-0.585714 0.285714
-0.487500 0.285714
-0.466071 0.285714
-0.433929 0.285714
-0.385714 0.285714
-0.317857 0.285714
-0.117857 0.285714
-0.087500 0.285714
-0.053571 0.285714
0.016071 0.285714
0.319643 0.285714
0.341071 0.285714
0.362500 0.285714
0.383929 0.285714
0.526786 0.285714
-0.592857 0.283929
-0.496429 0.283929
-0.475000 0.283929
-0.410714 0.283929
-0.346429 0.283929
-0.319643 0.283929
-0.139286 0.283929
-0.091071 0.283929
-0.057143 0.283929
-0.019643 0.283929
0.300000 0.283929
0.341071 0.283929
0.362500 0.283929
0.383929 0.283929
0.523214 0.283929
-0.592857 0.282143
-0.498214 0.282143
-0.476786 0.282143
-0.453571 0.282143
-0.364286 0.282143
-0.330357 0.282143
-0.308929 0.282143
-0.119643 0.282143
-0.087500 0.282143
-0.048214 0.282143
0.014286 0.282143
0.325000 0.282143
0.346429 0.282143
0.367857 0.282143
0.389286 0.282143
0.541071 0.282143
-0.585714 0.280357
-0.492857 0.280357
-0.471429 0.280357
-0.426786 0.280357
-0.400000 0.280357
-0.358929 0.280357
-0.326786 0.280357
-0.305357 0.280357
-0.119643 0.280357
-0.083929 0.280357
-0.046429 0.280357
0.296429 0.280357
0.332143 0.280357
0.353571 0.280357
0.375000 0.280357
0.398214 0.280357
0.548214 0.280357
-0.539286 0.278571
-0.485714 0.278571
-0.464286 0.278571
-0.408929 0.278571
-0.376786 0.278571
-0.355357 0.278571
-0.332143 0.278571
-0.310714 0.278571
-0.271429 0.278571
-0.110714 0.278571
-0.073214 0.278571
-0.039286 0.278571
0.198214 0.278571
0.326786 0.278571
0.348214 0.278571
0.369643 0.278571
0.391071 0.278571
0.546429 0.278571
-0.553571 0.276786
-0.491071 0.276786
-0.469643 0.276786
-0.444643 0.276786
-0.391071 0.276786
-0.362500 0.276786
-0.341071 0.276786
-0.319643 0.276786
-0.298214 0.276786
-0.133929 0.276786
-0.085714 0.276786
-0.044643 0.276786
0.160714 0.276786
0.198214 0.276786
0.317857 0.276786
0.348214 0.276786
0.369643 0.276786
0.391071 0.276786
0.539286 0.276786
-0.583929 0.275000
-0.496429 0.275000
-0.475000 0.275000
-0.451786 0.275000
-0.394643 0.275000
-0.371429 0.275000
-0.350000 0.275000
-0.328571 0.275000
-0.307143 0.275000
-0.285714 0.275000
-0.119643 0.275000
-0.066071 0.275000
-0.026786 0.275000
0.157143 0.275000
0.192857 0.275000
0.225000 0.275000
0.326786 0.275000
0.350000 0.275000
0.371429 0.275000
0.392857 0.275000
0.544643 0.275000
-0.555357 0.273214
-0.489286 0.273214
-0.467857 0.273214
-0.444643 0.273214
-0.396429 0.273214
-0.375000 0.273214
-0.353571 0.273214
-0.332143 0.273214
-0.310714 0.273214
-0.289286 0.273214
-0.262500 0.273214
-0.112500 0.273214
-0.060714 0.273214
-0.019643 0.273214
0.151786 0.273214
0.185714 0.273214
0.216071 0.273214
0.253571 0.273214
0.335714 0.273214
0.357143 0.273214
0.378571 0.273214
0.403571 0.273214
0.551786 0.273214
-0.503571 0.271429
-0.482143 0.271429
-0.460714 0.271429
-0.426786 0.271429
-0.398214 0.271429
-0.376786 0.271429
-0.355357 0.271429
-0.333929 0.271429
-0.312500 0.271429
-0.291071 0.271429
-0.269643 0.271429
-0.162500 0.271429
-0.103571 0.271429
-0.055357 0.271429
-0.003571 0.271429
0.150000 0.271429
0.176786 0.271429
0.201786 0.271429
0.233929 0.271429
0.283929 0.271429
0.330357 0.271429
0.351786 0.271429
0.373214 0.271429
0.394643 0.271429
0.550000 0.271429
-0.541071 0.269643
-0.483929 0.269643
-0.462500 0.269643
-0.433929 0.269643
-0.412500 0.269643
-0.387500 0.269643
-0.366071 0.269643
-0.344643 0.269643
-0.323214 0.269643
-0.301786 0.269643
-0.280357 0.269643
-0.258929 0.269643
-0.146429 0.269643
-0.089286 0.269643
-0.048214 0.269643
0.021429 0.269643
0.150000 0.269643
0.171429 0.269643
0.192857 0.269643
0.223214 0.269643
0.251786 0.269643
0.292857 0.269643
0.339286 0.269643
0.360714 0.269643
0.382143 0.269643
0.519643 0.269643
-0.582143 0.267857
-0.496429 0.267857
-0.475000 0.267857
-0.453571 0.267857
-0.428571 0.267857
-0.403571 0.267857
-0.382143 0.267857
-0.360714 0.267857
-0.339286 0.267857
-0.317857 0.267857
-0.296429 0.267857
-0.275000 0.267857
-0.241071 0.267857
-0.112500 0.267857
-0.057143 0.267857
-0.016071 0.267857
0.132143 0.267857
0.153571 0.267857
0.175000 0.267857
0.196429 0.267857
0.219643 0.267857
0.244643 0.267857
0.330357 0.267857
0.351786 0.267857
0.373214 0.267857
0.394643 0.267857
0.550000 0.267857
-0.542857 0.266071
-0.485714 0.266071
-0.460714 0.266071
-0.432143 0.266071
-0.410714 0.266071
-0.389286 0.266071
-0.367857 0.266071
-0.346429 0.266071
-0.325000 0.266071
-0.303571 0.266071
-0.282143 0.266071
-0.260714 0.266071
-0.175000 0.266071
-0.114286 0.266071
-0.073214 0.266071
-0.019643 0.266071
0.119643 0.266071
0.142857 0.266071
0.164286 0.266071
0.185714 0.266071
0.207143 0.266071
0.228571 0.266071
0.262500 0.266071
0.342857 0.266071
0.364286 0.266071
0.385714 0.266071
0.539286 0.266071
-0.575000 0.264286
-0.491071 0.264286
-0.469643 0.264286
-0.432143 0.264286
-0.410714 0.264286
-0.389286 0.264286
-0.367857 0.264286
-0.346429 0.264286
-0.325000 0.264286
-0.303571 0.264286
-0.282143 0.264286
-0.258929 0.264286
-0.228571 0.264286
-0.160714 0.264286
-0.114286 0.264286
-0.053571 0.264286
0.005357 0.264286
0.119643 0.264286
0.142857 0.264286
0.164286 0.264286
0.185714 0.264286
0.207143 0.264286
0.228571 0.264286
0.258929 0.264286
0.294643 0.264286
0.348214 0.264286
0.369643 0.264286
0.391071 0.264286
0.541071 0.264286
-0.546429 0.262500
-0.489286 0.262500
-0.464286 0.262500
-0.412500 0.262500
-0.391071 0.262500
-0.369643 0.262500
-0.348214 0.262500
-0.326786 0.262500
-0.305357 0.262500
-0.283929 0.262500
-0.262500 0.262500
-0.223214 0.262500
-0.158929 0.262500
-0.112500 0.262500
-0.075000 0.262500
-0.019643 0.262500
0.048214 0.262500
0.110714 0.262500
0.133929 0.262500
0.155357 0.262500
0.176786 0.262500
0.198214 0.262500
0.219643 0.262500
0.246429 0.262500
0.278571 0.262500
0.300000 0.262500
0.348214 0.262500
0.369643 0.262500
0.391071 0.262500
0.539286 0.262500
-0.544643 0.260714
-0.485714 0.260714
-0.458929 0.260714
-0.408929 0.260714
-0.387500 0.260714
-0.366071 0.260714
-0.344643 0.260714
-0.323214 0.260714
-0.301786 0.260714
-0.280357 0.260714
-0.258929 0.260714
-0.217857 0.260714
-0.164286 0.260714
-0.116071 0.260714
-0.075000 0.260714
-0.017857 0.260714
0.048214 0.260714
0.092857 0.260714
0.123214 0.260714
0.144643 0.260714
0.166071 0.260714
0.187500 0.260714
0.208929 0.260714
0.230357 0.260714
0.251786 0.260714
0.278571 0.260714
0.333929 0.260714
0.355357 0.260714
0.376786 0.260714
0.398214 0.260714
0.551786 0.260714
-0.501786 0.258929
-0.480357 0.258929
-0.453571 0.258929
-0.428571 0.258929
-0.407143 0.258929
-0.385714 0.258929
-0.364286 0.258929
-0.342857 0.258929
-0.321429 0.258929
-0.300000 0.258929
-0.278571 0.258929
-0.257143 0.258929
-0.219643 0.258929
-0.169643 0.258929
-0.119643 0.258929
-0.092857 0.258929
-0.044643 0.258929
0.026786 0.258929
0.075000 0.258929
0.105357 0.258929
0.130357 0.258929
0.151786 0.258929
0.173214 0.258929
0.194643 0.258929
0.216071 0.258929
0.237500 0.258929
0.258929 0.258929
0.314286 0.258929
0.348214 0.258929
0.369643 0.258929
0.391071 0.258929
0.533929 0.258929
-0.575000 0.257143
-0.494643 0.257143
-0.473214 0.257143
-0.446429 0.257143
-0.417857 0.257143
-0.396429 0.257143
-0.375000 0.257143
-0.353571 0.257143
-0.332143 0.257143
-0.310714 0.257143
-0.289286 0.257143
-0.267857 0.257143
-0.244643 0.257143
-0.205357 0.257143
-0.151786 0.257143
-0.107143 0.257143
-0.066071 0.257143
-0.021429 0.257143
0.035714 0.257143
0.073214 0.257143
0.105357 0.257143
0.133929 0.257143
0.155357 0.257143
0.176786 0.257143
0.198214 0.257143
0.219643 0.257143
0.241071 0.257143
0.262500 0.257143
0.283929 0.257143
0.341071 0.257143
0.362500 0.257143
0.383929 0.257143
0.528571 0.257143
-0.575000 0.255357
-0.498214 0.255357
-0.476786 0.255357
-0.450000 0.255357
-0.428571 0.255357
-0.407143 0.255357
-0.385714 0.255357
-0.364286 0.255357
-0.342857 0.255357
-0.321429 0.255357
-0.300000 0.255357
-0.278571 0.255357
-0.257143 0.255357
-0.207143 0.255357
-0.173214 0.255357
-0.137500 0.255357
-0.108929 0.255357
-0.066071 0.255357
-0.033929 0.255357
0.019643 0.255357
0.048214 0.255357
0.071429 0.255357
0.100000 0.255357
0.128571 0.255357
0.150000 0.255357
0.171429 0.255357
0.192857 0.255357
0.214286 0.255357
0.235714 0.255357
0.257143 0.255357
0.278571 0.255357
0.325000 0.255357
0.357143 0.255357
0.378571 0.255357
0.400000 0.255357
0.542857 0.255357
-0.530357 0.253571
-0.487500 0.253571
-0.462500 0.253571
-0.441071 0.253571
-0.419643 0.253571
-0.398214 0.253571
-0.376786 0.253571
-0.355357 0.253571
-0.333929 0.253571
-0.312500 0.253571
-0.291071 0.253571
-0.269643 0.253571
-0.248214 0.253571
-0.221429 0.253571
-0.194643 0.253571
-0.162500 0.253571
-0.128571 0.253571
-0.105357 0.253571
-0.069643 0.253571
-0.041071 0.253571
-0.001786 0.253571
0.033929 0.253571
0.057143 0.253571
0.085714 0.253571
0.114286 0.253571
0.137500 0.253571
0.158929 0.253571
0.180357 0.253571
0.201786 0.253571
0.223214 0.253571
0.244643 0.253571
0.266071 0.253571
0.310714 0.253571
0.346429 0.253571
0.367857 0.253571
0.389286 0.253571
0.526786 0.253571
-0.573214 0.251786
-0.498214 0.251786
-0.476786 0.251786
-0.451786 0.251786
-0.430357 0.251786
-0.408929 0.251786
-0.387500 0.251786
-0.366071 0.251786
-0.344643 0.251786
-0.323214 0.251786
-0.301786 0.251786
-0.280357 0.251786
-0.258929 0.251786
-0.237500 0.251786
-0.198214 0.251786
-0.175000 0.251786
-0.139286 0.251786
-0.114286 0.251786
-0.089286 0.251786
-0.053571 0.251786
-0.016071 0.251786
0.023214 0.251786
0.046429 0.251786
0.067857 0.251786
0.101786 0.251786
0.123214 0.251786
0.144643 0.251786
0.166071 0.251786
0.187500 0.251786
0.208929 0.251786
0.230357 0.251786
0.251786 0.251786
0.276786 0.251786
0.307143 0.251786
0.333929 0.251786
0.360714 0.251786
0.382143 0.251786
0.403571 0.251786
0.541071 0.251786
-0.507143 0.250000
-0.485714 0.250000
-0.462500 0.250000
-0.441071 0.250000
-0.419643 0.250000
-0.398214 0.250000
-0.376786 0.250000
-0.355357 0.250000
-0.333929 0.250000
-0.312500 0.250000
-0.291071 0.250000
-0.269643 0.250000
-0.246429 0.250000
-0.214286 0.250000
-0.185714 0.250000
-0.157143 0.250000
-0.121429 0.250000
-0.094643 0.250000
-0.060714 0.250000
-0.032143 0.250000
0.005357 0.250000
0.035714 0.250000
0.057143 0.250000
0.085714 0.250000
0.110714 0.250000
0.132143 0.250000
0.153571 0.250000
0.175000 0.250000
0.196429 0.250000
0.217857 0.250000
0.239286 0.250000
0.260714 0.250000
0.292857 0.250000
0.321429 0.250000
0.351786 0.250000
0.373214 0.250000
0.394643 0.250000
0.530357 0.250000
-0.569643 0.248214
-0.494643 0.248214
-0.473214 0.248214
-0.451786 0.248214
-0.430357 0.248214
-0.408929 0.248214
-0.387500 0.248214
-0.366071 0.248214
-0.344643 0.248214
-0.323214 0.248214
-0.301786 0.248214
-0.280357 0.248214
-0.258929 0.248214
-0.228571 0.248214
-0.200000 0.248214
-0.173214 0.248214
-0.141071 0.248214
-0.112500 0.248214
-0.069643 0.248214
-0.037500 0.248214
-0.001786 0.248214
0.030357 0.248214
0.051786 0.248214
0.073214 0.248214
0.105357 0.248214
0.126786 0.248214
0.148214 0.248214
0.169643 0.248214
0.191071 0.248214
0.212500 0.248214
0.233929 0.248214
0.255357 0.248214
0.308929 0.248214
0.342857 0.248214
0.364286 0.248214
0.385714 0.248214
0.432143 0.248214
-0.576786 0.246429
-0.500000 0.246429
-0.478571 0.246429
-0.455357 0.246429
-0.433929 0.246429
-0.412500 0.246429
-0.391071 0.246429
-0.369643 0.246429
-0.348214 0.246429
-0.326786 0.246429
-0.305357 0.246429
-0.283929 0.246429
-0.262500 0.246429
-0.241071 0.246429
-0.194643 0.246429
-0.166071 0.246429
-0.126786 0.246429
-0.101786 0.246429
-0.058929 0.246429
-0.030357 0.246429
0.005357 0.246429
0.032143 0.246429
0.053571 0.246429
0.075000 0.246429
0.110714 0.246429
0.132143 0.246429
0.153571 0.246429
0.175000 0.246429
0.196429 0.246429
0.217857 0.246429
0.239286 0.246429
0.260714 0.246429
0.298214 0.246429
0.330357 0.246429
0.353571 0.246429
0.375000 0.246429
0.396429 0.246429
0.530357 0.246429
-0.533929 0.244643
-0.492857 0.244643
-0.471429 0.244643
-0.448214 0.244643
-0.426786 0.244643
-0.405357 0.244643
-0.383929 0.244643
-0.362500 0.244643
-0.341071 0.244643
-0.319643 0.244643
-0.239286 0.244643
-0.205357 0.244643
-0.173214 0.244643
-0.141071 0.244643
-0.114286 0.244643
-0.085714 0.244643
-0.042857 0.244643
-0.003571 0.244643
0.023214 0.244643
0.044643 0.244643
0.066071 0.244643
0.096429 0.244643
0.117857 0.244643
0.139286 0.244643
0.160714 0.244643
0.182143 0.244643
0.203571 0.244643
0.225000 0.244643
0.246429 0.244643
0.273214 0.244643
0.294643 0.244643
0.319643 0.244643
0.344643 0.244643
0.366071 0.244643
0.387500 0.244643
0.448214 0.244643
-0.575000 0.242857
-0.496429 0.242857
-0.475000 0.242857
-0.450000 0.242857
-0.428571 0.242857
-0.407143 0.242857
-0.385714 0.242857
-0.364286 0.242857
-0.342857 0.242857
-0.232143 0.242857
-0.201786 0.242857
-0.169643 0.242857
-0.128571 0.242857
-0.103571 0.242857
-0.062500 0.242857
-0.032143 0.242857
0.001786 0.242857
0.023214 0.242857
0.044643 0.242857
0.066071 0.242857
0.089286 0.242857
0.110714 0.242857
0.132143 0.242857
0.153571 0.242857
0.175000 0.242857
0.196429 0.242857
0.217857 0.242857
0.239286 0.242857
0.260714 0.242857
0.282143 0.242857
0.303571 0.242857
0.325000 0.242857
0.350000 0.242857
0.371429 0.242857
0.392857 0.242857
0.475000 0.242857
-0.575000 0.241071
-0.498214 0.241071
-0.476786 0.241071
-0.451786 0.241071
-0.430357 0.241071
-0.408929 0.241071
-0.387500 0.241071
-0.366071 0.241071
-0.344643 0.241071
-0.212500 0.241071
-0.182143 0.241071
-0.144643 0.241071
-0.112500 0.241071
-0.080357 0.241071
-0.044643 0.241071
-0.021429 0.241071
0.012500 0.241071
0.033929 0.241071
0.055357 0.241071
0.076786 0.241071
0.101786 0.241071
0.123214 0.241071
0.144643 0.241071
0.166071 0.241071
0.187500 0.241071
0.208929 0.241071
0.230357 0.241071
0.251786 0.241071
0.273214 0.241071
0.294643 0.241071
0.316071 0.241071
0.337500 0.241071
0.362500 0.241071
0.383929 0.241071
0.407143 0.241071
0.537500 0.241071
-0.498214 0.239286
-0.476786 0.239286
-0.453571 0.239286
-0.432143 0.239286
-0.410714 0.239286
-0.389286 0.239286
-0.367857 0.239286
-0.214286 0.239286
-0.183929 0.239286
-0.144643 0.239286
-0.117857 0.239286
-0.078571 0.239286
-0.044643 0.239286
-0.021429 0.239286
0.010714 0.239286
0.032143 0.239286
0.053571 0.239286
0.076786 0.239286
0.101786 0.239286
0.123214 0.239286
0.144643 0.239286
0.166071 0.239286
0.187500 0.239286
0.208929 0.239286
0.230357 0.239286
0.251786 0.239286
0.273214 0.239286
0.294643 0.239286
0.316071 0.239286
0.337500 0.239286
0.360714 0.239286
0.382143 0.239286
0.403571 0.239286
0.530357 0.239286
-0.503571 0.237500
-0.482143 0.237500
-0.460714 0.237500
-0.439286 0.237500
-0.417857 0.237500
-0.396429 0.237500
-0.375000 0.237500
-0.353571 0.237500
-0.176786 0.237500
-0.139286 0.237500
-0.107143 0.237500
-0.066071 0.237500
-0.041071 0.237500
-0.014286 0.237500
0.014286 0.237500
0.035714 0.237500
0.057143 0.237500
0.080357 0.237500
0.151786 0.237500
0.173214 0.237500
0.194643 0.237500
0.216071 0.237500
0.237500 0.237500
0.258929 0.237500
0.280357 0.237500
0.301786 0.237500
0.339286 0.237500
0.360714 0.237500
0.382143 0.237500
0.403571 0.237500
0.528571 0.237500
-0.537500 0.235714
-0.492857 0.235714
-0.471429 0.235714
-0.448214 0.235714
-0.426786 0.235714
-0.405357 0.235714
-0.383929 0.235714
-0.362500 0.235714
-0.175000 0.235714
-0.146429 0.235714
-0.117857 0.235714
-0.076786 0.235714
-0.048214 0.235714
-0.023214 0.235714
0.007143 0.235714
0.028571 0.235714
0.050000 0.235714
0.073214 0.235714
0.169643 0.235714
0.191071 0.235714
0.212500 0.235714
0.233929 0.235714
0.255357 0.235714
0.276786 0.235714
0.341071 0.235714
0.362500 0.235714
0.383929 0.235714
0.405357 0.235714
0.530357 0.235714
-0.542857 0.233929
-0.494643 0.233929
-0.473214 0.233929
-0.451786 0.233929
-0.430357 0.233929
-0.408929 0.233929
-0.387500 0.233929
-0.366071 0.233929
-0.187500 0.233929
-0.160714 0.233929
-0.132143 0.233929
-0.110714 0.233929
-0.060714 0.233929
-0.032143 0.233929
-0.008929 0.233929
0.014286 0.233929
0.035714 0.233929
0.057143 0.233929
0.083929 0.233929
0.196429 0.233929
0.217857 0.233929
0.239286 0.233929
0.260714 0.233929
0.283929 0.233929
0.310714 0.233929
0.332143 0.233929
0.353571 0.233929
0.375000 0.233929
0.396429 0.233929
0.519643 0.233929
-0.567857 0.232143
-0.503571 0.232143
-0.482143 0.232143
-0.460714 0.232143
-0.439286 0.232143
-0.417857 0.232143
-0.396429 0.232143
-0.375000 0.232143
-0.205357 0.232143
-0.169643 0.232143
-0.137500 0.232143
-0.116071 0.232143
-0.075000 0.232143
-0.044643 0.232143
-0.023214 0.232143
-0.001786 0.232143
0.021429 0.232143
0.042857 0.232143
0.064286 0.232143
0.200000 0.232143
0.221429 0.232143
0.242857 0.232143
0.264286 0.232143
0.285714 0.232143
0.307143 0.232143
0.328571 0.232143
0.350000 0.232143
0.371429 0.232143
0.392857 0.232143
0.475000 0.232143
-0.571429 0.230357
-0.507143 0.230357
-0.485714 0.230357
-0.464286 0.230357
-0.442857 0.230357
-0.421429 0.230357
-0.400000 0.230357
-0.378571 0.230357
-0.201786 0.230357
-0.166071 0.230357
-0.135714 0.230357
-0.114286 0.230357
-0.076786 0.230357
-0.051786 0.230357
-0.023214 0.230357
-0.001786 0.230357
0.019643 0.230357
0.041071 0.230357
0.064286 0.230357
0.196429 0.230357
0.217857 0.230357
0.239286 0.230357
0.260714 0.230357
0.282143 0.230357
0.303571 0.230357
0.325000 0.230357
0.346429 0.230357
0.367857 0.230357
0.389286 0.230357
0.439286 0.230357
0.537500 0.230357
-0.542857 0.228571
-0.492857 0.228571
-0.471429 0.228571
-0.450000 0.228571
-0.428571 0.228571
-0.407143 0.228571
-0.385714 0.228571
-0.344643 0.228571
-0.166071 0.228571
-0.142857 0.228571
-0.117857 0.228571
-0.096429 0.228571
-0.075000 0.228571
-0.051786 0.228571
-0.026786 0.228571
-0.005357 0.228571
0.016071 0.228571
0.039286 0.228571
0.066071 0.228571
0.130357 0.228571
0.151786 0.228571
0.214286 0.228571
0.235714 0.228571
0.257143 0.228571
0.278571 0.228571
0.300000 0.228571
0.321429 0.228571
0.342857 0.228571
0.364286 0.228571
0.385714 0.228571
0.407143 0.228571
0.535714 0.228571
-0.544643 0.226786
-0.494643 0.226786
-0.473214 0.226786
-0.451786 0.226786
-0.430357 0.226786
-0.408929 0.226786
-0.387500 0.226786
-0.348214 0.226786
-0.162500 0.226786
-0.139286 0.226786
-0.117857 0.226786
-0.096429 0.226786
-0.075000 0.226786
-0.053571 0.226786
-0.026786 0.226786
-0.005357 0.226786
0.016071 0.226786
0.039286 0.226786
0.105357 0.226786
0.128571 0.226786
0.160714 0.226786
0.216071 0.226786
0.237500 0.226786
0.258929 0.226786
0.280357 0.226786
0.301786 0.226786
0.323214 0.226786
0.344643 0.226786
0.366071 0.226786
0.387500 0.226786
0.408929 0.226786
0.535714 0.226786
-0.558929 0.225000
-0.496429 0.225000
-0.475000 0.225000
-0.453571 0.225000
-0.432143 0.225000
-0.410714 0.225000
-0.389286 0.225000
-0.312500 0.225000
-0.160714 0.225000
-0.137500 0.225000
-0.116071 0.225000
-0.094643 0.225000
-0.073214 0.225000
-0.051786 0.225000
-0.028571 0.225000
-0.007143 0.225000
0.014286 0.225000
0.037500 0.225000
0.101786 0.225000
0.167857 0.225000
0.219643 0.225000
0.241071 0.225000
0.262500 0.225000
0.283929 0.225000
0.305357 0.225000
0.326786 0.225000
0.348214 0.225000
0.369643 0.225000
0.391071 0.225000
0.442857 0.225000
-0.571429 0.223214
-0.508929 0.223214
-0.487500 0.223214
-0.466071 0.223214
-0.444643 0.223214
-0.423214 0.223214
-0.401786 0.223214
-0.364286 0.223214
-0.182143 0.223214
-0.148214 0.223214
-0.126786 0.223214
-0.105357 0.223214
-0.083929 0.223214
-0.062500 0.223214
-0.039286 0.223214
-0.017857 0.223214
0.003571 0.223214
0.030357 0.223214
0.094643 0.223214
0.178571 0.223214
0.228571 0.223214
0.250000 0.223214
0.271429 0.223214
0.292857 0.223214
0.314286 0.223214
0.335714 0.223214
0.357143 0.223214
0.378571 0.223214
0.400000 0.223214
0.523214 0.223214
-0.566071 0.221429
-0.507143 0.221429
-0.485714 0.221429
-0.464286 0.221429
-0.442857 0.221429
-0.421429 0.221429
-0.400000 0.221429
-0.360714 0.221429
-0.189286 0.221429
-0.150000 0.221429
-0.128571 0.221429
-0.107143 0.221429
-0.085714 0.221429
-0.064286 0.221429
-0.041071 0.221429
-0.019643 0.221429
0.001786 0.221429
0.030357 0.221429
0.171429 0.221429
0.219643 0.221429
0.241071 0.221429
0.262500 0.221429
0.283929 0.221429
0.305357 0.221429
0.326786 0.221429
0.348214 0.221429
0.369643 0.221429
0.391071 0.221429
0.442857 0.221429
-0.578571 0.219643
-0.557143 0.219643
-0.500000 0.219643
-0.478571 0.219643
-0.457143 0.219643
-0.435714 0.219643
-0.414286 0.219643
-0.392857 0.219643
-0.319643 0.219643
-0.255357 0.219643
-0.155357 0.219643
-0.132143 0.219643
-0.110714 0.219643
-0.089286 0.219643
-0.067857 0.219643
-0.046429 0.219643
-0.025000 0.219643
-0.003571 0.219643
0.025000 0.219643
0.089286 0.219643
0.223214 0.219643
0.244643 0.219643
0.266071 0.219643
0.287500 0.219643
0.308929 0.219643
0.330357 0.219643
0.351786 0.219643
0.373214 0.219643
0.394643 0.219643
0.475000 0.219643
-0.575000 0.217857
-0.546429 0.217857
-0.496429 0.217857
-0.475000 0.217857
-0.453571 0.217857
-0.432143 0.217857
-0.410714 0.217857
-0.371429 0.217857
-0.317857 0.217857
-0.283929 0.217857
-0.180357 0.217857
-0.148214 0.217857
-0.125000 0.217857
-0.103571 0.217857
-0.082143 0.217857
-0.060714 0.217857
-0.039286 0.217857
-0.017857 0.217857
0.003571 0.217857
0.035714 0.217857
0.196429 0.217857
0.239286 0.217857
0.260714 0.217857
0.282143 0.217857
0.303571 0.217857
0.325000 0.217857
0.346429 0.217857
0.367857 0.217857
0.389286 0.217857
0.410714 0.217857
-0.580357 0.216071
-0.558929 0.216071
-0.500000 0.216071
-0.478571 0.216071
-0.457143 0.216071
-0.435714 0.216071
-0.414286 0.216071
-0.373214 0.216071
-0.319643 0.216071
-0.285714 0.216071
-0.230357 0.216071
-0.150000 0.216071
-0.126786 0.216071
-0.105357 0.216071
-0.083929 0.216071
-0.062500 0.216071
-0.041071 0.216071
-0.019643 0.216071
0.003571 0.216071
0.039286 0.216071
0.201786 0.216071
0.242857 0.216071
0.264286 0.216071
0.285714 0.216071
0.307143 0.216071
0.328571 0.216071
0.350000 0.216071
0.371429 0.216071
0.392857 0.216071
0.453571 0.216071
-0.580357 0.214286
-0.558929 0.214286
-0.503571 0.214286
-0.482143 0.214286
-0.460714 0.214286
-0.439286 0.214286
-0.417857 0.214286
-0.378571 0.214286
-0.325000 0.214286
-0.294643 0.214286
-0.233929 0.214286
-0.164286 0.214286
-0.132143 0.214286
-0.110714 0.214286
-0.089286 0.214286
-0.067857 0.214286
-0.046429 0.214286
-0.025000 0.214286
-0.001786 0.214286
0.030357 0.214286
0.203571 0.214286
0.242857 0.214286
0.264286 0.214286
0.285714 0.214286
0.307143 0.214286
0.328571 0.214286
0.350000 0.214286
0.371429 0.214286
0.392857 0.214286
0.453571 0.214286
-0.580357 0.212500
-0.558929 0.212500
-0.503571 0.212500
-0.482143 0.212500
-0.460714 0.212500
-0.439286 0.212500
-0.417857 0.212500
-0.376786 0.212500
-0.321429 0.212500
-0.296429 0.212500
-0.221429 0.212500
-0.146429 0.212500
-0.123214 0.212500
-0.101786 0.212500
-0.080357 0.212500
-0.058929 0.212500
-0.037500 0.212500
-0.014286 0.212500
0.014286 0.212500
0.200000 0.212500
0.237500 0.212500
0.258929 0.212500
0.280357 0.212500
0.301786 0.212500
0.323214 0.212500
0.344643 0.212500
0.366071 0.212500
0.387500 0.212500
0.408929 0.212500
-0.585714 0.210714
-0.560714 0.210714
-0.503571 0.210714
-0.482143 0.210714
-0.460714 0.210714
-0.439286 0.210714
-0.417857 0.210714
-0.378571 0.210714
-0.323214 0.210714
-0.233929 0.210714
-0.169643 0.210714
-0.135714 0.210714
-0.114286 0.210714
-0.092857 0.210714
-0.071429 0.210714
-0.050000 0.210714
-0.028571 0.210714
-0.001786 0.210714
0.033929 0.210714
0.214286 0.210714
0.251786 0.210714
0.273214 0.210714
0.294643 0.210714
0.316071 0.210714
0.337500 0.210714
0.358929 0.210714
0.380357 0.210714
0.401786 0.210714
0.516071 0.210714
-0.573214 0.208929
-0.510714 0.208929
-0.489286 0.208929
-0.467857 0.208929
-0.446429 0.208929
-0.425000 0.208929
-0.403571 0.208929
-0.335714 0.208929
-0.314286 0.208929
-0.216071 0.208929
-0.139286 0.208929
-0.117857 0.208929
-0.096429 0.208929
-0.075000 0.208929
-0.053571 0.208929
-0.032143 0.208929
-0.008929 0.208929
0.023214 0.208929
0.207143 0.208929
0.246429 0.208929
0.267857 0.208929
0.289286 0.208929
0.310714 0.208929
0.332143 0.208929
0.353571 0.208929
0.375000 0.208929
0.396429 0.208929
0.512500 0.208929
-0.576786 0.207143
-0.532143 0.207143
-0.492857 0.207143
-0.471429 0.207143
-0.450000 0.207143
-0.428571 0.207143
-0.407143 0.207143
-0.335714 0.207143
-0.314286 0.207143
-0.217857 0.207143
-0.148214 0.207143
-0.123214 0.207143
-0.101786 0.207143
-0.080357 0.207143
-0.058929 0.207143
-0.037500 0.207143
-0.016071 0.207143
0.017857 0.207143
0.098214 0.207143
0.223214 0.207143
0.262500 0.207143
0.283929 0.207143
0.305357 0.207143
0.326786 0.207143
0.348214 0.207143
0.369643 0.207143
0.391071 0.207143
0.455357 0.207143
-0.583929 0.205357
-0.542857 0.205357
-0.498214 0.205357
-0.476786 0.205357
-0.455357 0.205357
-0.433929 0.205357
-0.412500 0.205357
-0.335714 0.205357
-0.314286 0.205357
-0.221429 0.205357
-0.162500 0.205357
-0.126786 0.205357
-0.078571 0.205357
-0.057143 0.205357
-0.035714 0.205357
-0.012500 0.205357
0.033929 0.205357
0.210714 0.205357
0.251786 0.205357
0.273214 0.205357
0.294643 0.205357
0.316071 0.205357
0.337500 0.205357
0.358929 0.205357
0.380357 0.205357
0.401786 0.205357
0.523214 0.205357
-0.553571 0.203571
-0.498214 0.203571
-0.476786 0.203571
-0.455357 0.203571
-0.433929 0.203571
-0.412500 0.203571
-0.330357 0.203571
-0.292857 0.203571
-0.219643 0.203571
-0.160714 0.203571
-0.126786 0.203571
-0.096429 0.203571
-0.075000 0.203571
-0.053571 0.203571
-0.032143 0.203571
-0.005357 0.203571
0.048214 0.203571
0.116071 0.203571
0.214286 0.203571
0.257143 0.203571
0.278571 0.203571
0.300000 0.203571
0.321429 0.203571
0.342857 0.203571
0.364286 0.203571
0.385714 0.203571
0.407143 0.203571
-0.585714 0.201786
-0.541071 0.201786
-0.496429 0.201786
-0.475000 0.201786
-0.453571 0.201786
-0.432143 0.201786
-0.407143 0.201786
-0.325000 0.201786
-0.283929 0.201786
-0.216071 0.201786
-0.153571 0.201786
-0.125000 0.201786
-0.098214 0.201786
-0.076786 0.201786
-0.055357 0.201786
-0.033929 0.201786
-0.007143 0.201786
0.030357 0.201786
0.094643 0.201786
0.126786 0.201786
0.217857 0.201786
0.255357 0.201786
0.276786 0.201786
0.298214 0.201786
0.319643 0.201786
0.341071 0.201786
0.362500 0.201786
0.383929 0.201786
0.405357 0.201786
0.516071 0.201786
-0.555357 0.200000
-0.500000 0.200000
-0.478571 0.200000
-0.457143 0.200000
-0.435714 0.200000
-0.414286 0.200000
-0.323214 0.200000
-0.232143 0.200000
-0.210714 0.200000
-0.141071 0.200000
-0.114286 0.200000
-0.092857 0.200000
-0.071429 0.200000
-0.050000 0.200000
-0.028571 0.200000
0.003571 0.200000
0.082143 0.200000
0.112500 0.200000
0.153571 0.200000
0.223214 0.200000
0.258929 0.200000
0.280357 0.200000
0.301786 0.200000
0.323214 0.200000
0.344643 0.200000
0.366071 0.200000
0.387500 0.200000
0.412500 0.200000
-0.587500 0.198214
-0.537500 0.198214
-0.494643 0.198214
-0.473214 0.198214
-0.451786 0.198214
-0.430357 0.198214
-0.328571 0.198214
-0.285714 0.198214
-0.217857 0.198214
-0.166071 0.198214
-0.132143 0.198214
-0.110714 0.198214
-0.089286 0.198214
-0.067857 0.198214
-0.046429 0.198214
-0.025000 0.198214
0.005357 0.198214
0.075000 0.198214
0.096429 0.198214
0.148214 0.198214
0.185714 0.198214
0.255357 0.198214
0.276786 0.198214
0.298214 0.198214
0.319643 0.198214
0.341071 0.198214
0.362500 0.198214
0.383929 0.198214
0.405357 0.198214
-0.585714 0.196429
-0.512500 0.196429
-0.491071 0.196429
-0.469643 0.196429
-0.448214 0.196429
-0.426786 0.196429
-0.321429 0.196429
-0.232143 0.196429
-0.210714 0.196429
-0.153571 0.196429
-0.125000 0.196429
-0.103571 0.196429
-0.082143 0.196429
-0.060714 0.196429
-0.039286 0.196429
-0.016071 0.196429
0.017857 0.196429
0.080357 0.196429
0.114286 0.196429
0.183929 0.196429
0.235714 0.196429
0.273214 0.196429
0.294643 0.196429
0.316071 0.196429
0.337500 0.196429
0.358929 0.196429
0.380357 0.196429
0.401786 0.196429
-0.587500 0.194643
-0.514286 0.194643
-0.492857 0.194643
-0.471429 0.194643
-0.450000 0.194643
-0.428571 0.194643
-0.366071 0.194643
-0.237500 0.194643
-0.216071 0.194643
-0.162500 0.194643
-0.126786 0.194643
-0.105357 0.194643
-0.083929 0.194643
-0.062500 0.194643
-0.041071 0.194643
-0.017857 0.194643
0.023214 0.194643
0.078571 0.194643
0.100000 0.194643
0.226786 0.194643
0.266071 0.194643
0.287500 0.194643
0.308929 0.194643
0.330357 0.194643
0.351786 0.194643
0.373214 0.194643
0.394643 0.194643
0.492857 0.194643
-0.580357 0.192857
-0.510714 0.192857
-0.489286 0.192857
-0.467857 0.192857
-0.446429 0.192857
-0.425000 0.192857
-0.376786 0.192857
-0.355357 0.192857
-0.230357 0.192857
-0.208929 0.192857
-0.141071 0.192857
-0.114286 0.192857
-0.092857 0.192857
-0.071429 0.192857
-0.050000 0.192857
-0.028571 0.192857
-0.001786 0.192857
0.064286 0.192857
0.085714 0.192857
0.183929 0.192857
0.235714 0.192857
0.275000 0.192857
0.296429 0.192857
0.317857 0.192857
0.339286 0.192857
0.360714 0.192857
0.382143 0.192857
0.403571 0.192857
0.500000 0.192857
-0.576786 0.191071
-0.503571 0.191071
-0.482143 0.191071
-0.460714 0.191071
-0.439286 0.191071
-0.417857 0.191071
-0.382143 0.191071
-0.360714 0.191071
-0.239286 0.191071
-0.164286 0.191071
-0.125000 0.191071
-0.103571 0.191071
-0.082143 0.191071
-0.060714 0.191071
-0.039286 0.191071
-0.012500 0.191071
0.033929 0.191071
0.080357 0.191071
0.101786 0.191071
0.198214 0.191071
0.267857 0.191071
0.289286 0.191071
0.310714 0.191071
0.332143 0.191071
0.353571 0.191071
0.375000 0.191071
0.396429 0.191071
0.491071 0.191071
-0.589286 0.189286
-0.530357 0.189286
-0.494643 0.189286
-0.473214 0.189286
-0.451786 0.189286
-0.430357 0.189286
-0.394643 0.189286
-0.373214 0.189286
-0.351786 0.189286
-0.175000 0.189286
-0.128571 0.189286
-0.107143 0.189286
-0.085714 0.189286
-0.064286 0.189286
-0.042857 0.189286
-0.019643 0.189286
0.010714 0.189286
0.067857 0.189286
0.089286 0.189286
0.180357 0.189286
0.235714 0.189286
0.273214 0.189286
0.294643 0.189286
0.316071 0.189286
0.337500 0.189286
0.358929 0.189286
0.380357 0.189286
0.401786 0.189286
0.494643 0.189286
-0.589286 0.187500
-0.532143 0.187500
-0.494643 0.187500
-0.473214 0.187500
-0.451786 0.187500
-0.430357 0.187500
-0.396429 0.187500
-0.375000 0.187500
-0.353571 0.187500
-0.176786 0.187500
-0.135714 0.187500
-0.114286 0.187500
-0.092857 0.187500
-0.071429 0.187500
-0.050000 0.187500
-0.028571 0.187500
-0.003571 0.187500
0.057143 0.187500
0.082143 0.187500
0.117857 0.187500
0.191071 0.187500
0.250000 0.187500
0.283929 0.187500
0.305357 0.187500
0.326786 0.187500
0.348214 0.187500
0.369643 0.187500
0.391071 0.187500
0.485714 0.187500
0.507143 0.187500
-0.578571 0.185714
-0.505357 0.185714
-0.483929 0.185714
-0.462500 0.185714
-0.441071 0.185714
-0.412500 0.185714
-0.391071 0.185714
-0.369643 0.185714
-0.348214 0.185714
-0.307143 0.185714
-0.167857 0.185714
-0.130357 0.185714
-0.108929 0.185714
-0.087500 0.185714
-0.066071 0.185714
-0.044643 0.185714
-0.023214 0.185714
0.003571 0.185714
0.062500 0.185714
0.083929 0.185714
0.123214 0.185714
0.196429 0.185714
0.267857 0.185714
0.289286 0.185714
0.310714 0.185714
0.332143 0.185714
0.353571 0.185714
0.375000 0.185714
0.396429 0.185714
0.487500 0.185714
0.508929 0.185714
-0.566071 0.183929
-0.503571 0.183929
-0.482143 0.183929
-0.460714 0.183929
-0.439286 0.183929
-0.414286 0.183929
-0.392857 0.183929
-0.371429 0.183929
-0.350000 0.183929
-0.328571 0.183929
-0.292857 0.183929
-0.271429 0.183929
-0.250000 0.183929
-0.171429 0.183929
-0.132143 0.183929
-0.110714 0.183929
-0.089286 0.183929
-0.067857 0.183929
-0.046429 0.183929
-0.023214 0.183929
0.007143 0.183929
0.067857 0.183929
0.089286 0.183929
0.176786 0.183929
0.198214 0.183929
0.273214 0.183929
0.294643 0.183929
0.316071 0.183929
0.337500 0.183929
0.358929 0.183929
0.380357 0.183929
0.401786 0.183929
0.489286 0.183929
0.510714 0.183929
-0.567857 0.182143
-0.508929 0.182143
-0.487500 0.182143
-0.466071 0.182143
-0.444643 0.182143
-0.423214 0.182143
-0.401786 0.182143
-0.380357 0.182143
-0.358929 0.182143
-0.337500 0.182143
-0.316071 0.182143
-0.285714 0.182143
-0.264286 0.182143
-0.242857 0.182143
-0.221429 0.182143
-0.150000 0.182143
-0.119643 0.182143
-0.098214 0.182143
-0.076786 0.182143
-0.055357 0.182143
-0.033929 0.182143
-0.007143 0.182143
0.023214 0.182143
0.075000 0.182143
0.096429 0.182143
0.185714 0.182143
0.257143 0.182143
0.292857 0.182143
0.314286 0.182143
0.335714 0.182143
0.357143 0.182143
0.378571 0.182143
0.400000 0.182143
0.489286 0.182143
0.510714 0.182143
-0.580357 0.180357
-0.508929 0.180357
-0.487500 0.180357
-0.466071 0.180357
-0.444643 0.180357
-0.423214 0.180357
-0.401786 0.180357
-0.380357 0.180357
-0.358929 0.180357
-0.337500 0.180357
-0.316071 0.180357
-0.294643 0.180357
-0.271429 0.180357
-0.250000 0.180357
-0.228571 0.180357
-0.160714 0.180357
-0.126786 0.180357
-0.105357 0.180357
-0.083929 0.180357
-0.062500 0.180357
-0.041071 0.180357
-0.017857 0.180357
0.007143 0.180357
0.058929 0.180357
0.098214 0.180357
0.185714 0.180357
0.275000 0.180357
0.296429 0.180357
0.317857 0.180357
0.339286 0.180357
0.360714 0.180357
0.382143 0.180357
0.403571 0.180357
0.491071 0.180357
0.512500 0.180357
-0.580357 0.178571
-0.510714 0.178571
-0.489286 0.178571
-0.467857 0.178571
-0.446429 0.178571
-0.425000 0.178571
-0.403571 0.178571
-0.382143 0.178571
-0.360714 0.178571
-0.339286 0.178571
-0.317857 0.178571
-0.296429 0.178571
-0.269643 0.178571
-0.175000 0.178571
-0.137500 0.178571
-0.116071 0.178571
-0.094643 0.178571
-0.073214 0.178571
-0.051786 0.178571
-0.028571 0.178571
-0.001786 0.178571
0.021429 0.178571
0.175000 0.178571
0.266071 0.178571
0.289286 0.178571
0.310714 0.178571
0.332143 0.178571
0.353571 0.178571
0.375000 0.178571
0.396429 0.178571
0.480357 0.178571
0.501786 0.178571
-0.592857 0.176786
-0.544643 0.176786
-0.503571 0.176786
-0.482143 0.176786
-0.460714 0.176786
-0.439286 0.176786
-0.417857 0.176786
-0.396429 0.176786
-0.375000 0.176786
-0.353571 0.176786
-0.332143 0.176786
-0.310714 0.176786
-0.289286 0.176786
-0.267857 0.176786
-0.241071 0.176786
-0.173214 0.176786
-0.135714 0.176786
-0.114286 0.176786
-0.092857 0.176786
-0.071429 0.176786
-0.050000 0.176786
-0.028571 0.176786
-0.005357 0.176786
0.019643 0.176786
0.271429 0.176786
0.292857 0.176786
0.314286 0.176786
0.335714 0.176786
0.357143 0.176786
0.378571 0.176786
0.400000 0.176786
0.482143 0.176786
0.503571 0.176786
-0.592857 0.175000
-0.544643 0.175000
-0.500000 0.175000
-0.478571 0.175000
-0.457143 0.175000
-0.435714 0.175000
-0.414286 0.175000
-0.392857 0.175000
-0.371429 0.175000
-0.350000 0.175000
-0.328571 0.175000
-0.307143 0.175000
-0.285714 0.175000
-0.264286 0.175000
-0.242857 0.175000
-0.167857 0.175000
-0.130357 0.175000
-0.108929 0.175000
-0.087500 0.175000
-0.066071 0.175000
-0.044643 0.175000
-0.019643 0.175000
0.008929 0.175000
0.271429 0.175000
0.292857 0.175000
0.314286 0.175000
0.335714 0.175000
0.357143 0.175000
0.378571 0.175000
0.400000 0.175000
0.482143 0.175000
0.503571 0.175000
-0.592857 0.173214
-0.546429 0.173214
-0.503571 0.173214
-0.482143 0.173214
-0.460714 0.173214
-0.439286 0.173214
-0.417857 0.173214
-0.396429 0.173214
-0.375000 0.173214
-0.353571 0.173214
-0.332143 0.173214
-0.310714 0.173214
-0.289286 0.173214
-0.267857 0.173214
-0.221429 0.173214
-0.175000 0.173214
-0.139286 0.173214
-0.117857 0.173214
-0.096429 0.173214
-0.075000 0.173214
-0.053571 0.173214
-0.028571 0.173214
0.003571 0.173214
0.273214 0.173214
0.294643 0.173214
0.316071 0.173214
0.337500 0.173214
0.358929 0.173214
0.380357 0.173214
0.401786 0.173214
0.483929 0.173214
0.505357 0.173214
-0.592857 0.171429
-0.546429 0.171429
-0.503571 0.171429
-0.482143 0.171429
-0.460714 0.171429
-0.439286 0.171429
-0.417857 0.171429
-0.396429 0.171429
-0.375000 0.171429
-0.353571 0.171429
-0.332143 0.171429
-0.310714 0.171429
-0.289286 0.171429
-0.267857 0.171429
-0.237500 0.171429
-0.194643 0.171429
-0.169643 0.171429
-0.132143 0.171429
-0.110714 0.171429
-0.089286 0.171429
-0.067857 0.171429
-0.046429 0.171429
-0.023214 0.171429
0.008929 0.171429
0.094643 0.171429
0.214286 0.171429
0.291071 0.171429
0.312500 0.171429
0.333929 0.171429
0.355357 0.171429
0.376786 0.171429
0.398214 0.171429
0.480357 0.171429
0.501786 0.171429
-0.598214 0.169643
-0.564286 0.169643
-0.507143 0.169643
-0.485714 0.169643
-0.464286 0.169643
-0.442857 0.169643
-0.421429 0.169643
-0.400000 0.169643
-0.378571 0.169643
-0.357143 0.169643
-0.335714 0.169643
-0.314286 0.169643
-0.292857 0.169643
-0.271429 0.169643
-0.250000 0.169643
-0.203571 0.169643
-0.176786 0.169643
-0.139286 0.169643
-0.117857 0.169643
-0.096429 0.169643
-0.075000 0.169643
-0.053571 0.169643
-0.030357 0.169643
-0.005357 0.169643
0.055357 0.169643
0.078571 0.169643
0.112500 0.169643
0.133929 0.169643
0.155357 0.169643
0.176786 0.169643
0.208929 0.169643
0.294643 0.169643
0.316071 0.169643
0.337500 0.169643
0.358929 0.169643
0.380357 0.169643
0.401786 0.169643
0.483929 0.169643
0.505357 0.169643
-0.596429 0.167857
-0.566071 0.167857
-0.507143 0.167857
-0.485714 0.167857
-0.464286 0.167857
-0.442857 0.167857
-0.421429 0.167857
-0.400000 0.167857
-0.378571 0.167857
-0.357143 0.167857
-0.335714 0.167857
-0.314286 0.167857
-0.292857 0.167857
-0.271429 0.167857
-0.250000 0.167857
-0.200000 0.167857
-0.148214 0.167857
-0.126786 0.167857
-0.105357 0.167857
-0.083929 0.167857
-0.062500 0.167857
-0.041071 0.167857
-0.019643 0.167857
0.010714 0.167857
0.057143 0.167857
0.078571 0.167857
0.114286 0.167857
0.135714 0.167857
0.157143 0.167857
0.185714 0.167857
0.207143 0.167857
0.228571 0.167857
0.291071 0.167857
0.312500 0.167857
0.333929 0.167857
0.355357 0.167857
0.376786 0.167857
0.398214 0.167857
0.478571 0.167857
0.500000 0.167857
0.521429 0.167857
-0.571429 0.166071
-0.512500 0.166071
-0.491071 0.166071
-0.469643 0.166071
-0.448214 0.166071
-0.426786 0.166071
-0.405357 0.166071
-0.383929 0.166071
-0.362500 0.166071
-0.341071 0.166071
-0.319643 0.166071
-0.298214 0.166071
-0.276786 0.166071
-0.233929 0.166071
-0.198214 0.166071
-0.146429 0.166071
-0.125000 0.166071
-0.103571 0.166071
-0.082143 0.166071
-0.060714 0.166071
-0.039286 0.166071
-0.016071 0.166071
0.014286 0.166071
0.071429 0.166071
0.092857 0.166071
0.132143 0.166071
0.153571 0.166071
0.185714 0.166071
0.207143 0.166071
0.228571 0.166071
0.287500 0.166071
0.308929 0.166071
0.330357 0.166071
0.351786 0.166071
0.373214 0.166071
0.394643 0.166071
0.473214 0.166071
0.494643 0.166071
0.517857 0.166071
-0.587500 0.164286
-0.542857 0.164286
-0.500000 0.164286
-0.478571 0.164286
-0.457143 0.164286
-0.435714 0.164286
-0.414286 0.164286
-0.392857 0.164286
-0.371429 0.164286
-0.342857 0.164286
-0.321429 0.164286
-0.300000 0.164286
-0.278571 0.164286
-0.235714 0.164286
-0.176786 0.164286
-0.137500 0.164286
-0.116071 0.164286
-0.094643 0.164286
-0.073214 0.164286
-0.051786 0.164286
-0.026786 0.164286
-0.001786 0.164286
0.030357 0.164286
0.055357 0.164286
0.100000 0.164286
0.139286 0.164286
0.167857 0.164286
0.189286 0.164286
0.210714 0.164286
0.232143 0.164286
0.260714 0.164286
0.305357 0.164286
0.326786 0.164286
0.348214 0.164286
0.369643 0.164286
0.391071 0.164286
0.432143 0.164286
0.489286 0.164286
0.523214 0.164286
-0.575000 0.162500
-0.516071 0.162500
-0.494643 0.162500
-0.473214 0.162500
-0.451786 0.162500
-0.430357 0.162500
-0.408929 0.162500
-0.387500 0.162500
-0.366071 0.162500
-0.330357 0.162500
-0.308929 0.162500
-0.287500 0.162500
-0.242857 0.162500
-0.208929 0.162500
-0.148214 0.162500
-0.126786 0.162500
-0.105357 0.162500
-0.083929 0.162500
-0.062500 0.162500
-0.041071 0.162500
-0.016071 0.162500
0.012500 0.162500
0.041071 0.162500
0.064286 0.162500
0.107143 0.162500
0.144643 0.162500
0.167857 0.162500
0.189286 0.162500
0.210714 0.162500
0.232143 0.162500
0.253571 0.162500
0.285714 0.162500
0.307143 0.162500
0.328571 0.162500
0.350000 0.162500
0.371429 0.162500
0.392857 0.162500
0.471429 0.162500
0.508929 0.162500
-0.596429 0.160714
-0.564286 0.160714
-0.505357 0.160714
-0.483929 0.160714
-0.462500 0.160714
-0.441071 0.160714
-0.419643 0.160714
-0.398214 0.160714
-0.376786 0.160714
-0.355357 0.160714
-0.310714 0.160714
-0.255357 0.160714
-0.216071 0.160714
-0.150000 0.160714
-0.128571 0.160714
-0.107143 0.160714
-0.085714 0.160714
-0.064286 0.160714
-0.042857 0.160714
-0.016071 0.160714
0.012500 0.160714
0.046429 0.160714
0.076786 0.160714
0.105357 0.160714
0.126786 0.160714
0.148214 0.160714
0.169643 0.160714
0.191071 0.160714
0.212500 0.160714
0.233929 0.160714
0.255357 0.160714
0.285714 0.160714
0.307143 0.160714
0.328571 0.160714
0.350000 0.160714
0.371429 0.160714
0.392857 0.160714
0.433929 0.160714
0.507143 0.160714
-0.598214 0.158929
-0.567857 0.158929
-0.505357 0.158929
-0.483929 0.158929
-0.462500 0.158929
-0.441071 0.158929
-0.419643 0.158929
-0.398214 0.158929
-0.376786 0.158929
-0.355357 0.158929
-0.267857 0.158929
-0.239286 0.158929
-0.164286 0.158929
-0.135714 0.158929
-0.114286 0.158929
-0.092857 0.158929
-0.071429 0.158929
-0.050000 0.158929
-0.025000 0.158929
0.000000 0.158929
0.042857 0.158929
0.080357 0.158929
0.108929 0.158929
0.130357 0.158929
0.151786 0.158929
0.173214 0.158929
0.194643 0.158929
0.216071 0.158929
0.237500 0.158929
0.258929 0.158929
0.280357 0.158929
0.305357 0.158929
0.326786 0.158929
0.348214 0.158929
0.369643 0.158929
0.391071 0.158929
0.433929 0.158929
0.508929 0.158929
-0.600000 0.157143
-0.569643 0.157143
-0.508929 0.157143
-0.487500 0.157143
-0.466071 0.157143
-0.444643 0.157143
-0.423214 0.157143
-0.401786 0.157143
-0.380357 0.157143
-0.358929 0.157143
-0.337500 0.157143
-0.296429 0.157143
-0.275000 0.157143
-0.248214 0.157143
-0.167857 0.157143
-0.139286 0.157143
-0.117857 0.157143
-0.096429 0.157143
-0.075000 0.157143
-0.053571 0.157143
-0.028571 0.157143
-0.003571 0.157143
0.055357 0.157143
0.100000 0.157143
0.121429 0.157143
0.142857 0.157143
0.164286 0.157143
0.185714 0.157143
0.207143 0.157143
0.228571 0.157143
0.250000 0.157143
0.271429 0.157143
0.292857 0.157143
0.314286 0.157143
0.335714 0.157143
0.357143 0.157143
0.378571 0.157143
0.400000 0.157143
0.476786 0.157143
0.521429 0.157143
-0.587500 0.155357
-0.517857 0.155357
-0.496429 0.155357
-0.475000 0.155357
-0.453571 0.155357
-0.432143 0.155357
-0.410714 0.155357
-0.389286 0.155357
-0.367857 0.155357
-0.346429 0.155357
-0.325000 0.155357
-0.303571 0.155357
-0.282143 0.155357
-0.260714 0.155357
-0.200000 0.155357
-0.150000 0.155357
-0.128571 0.155357
-0.107143 0.155357
-0.085714 0.155357
-0.064286 0.155357
-0.042857 0.155357
-0.019643 0.155357
0.010714 0.155357
0.087500 0.155357
0.112500 0.155357
0.133929 0.155357
0.155357 0.155357
0.176786 0.155357
0.198214 0.155357
0.219643 0.155357
0.241071 0.155357
0.262500 0.155357
0.283929 0.155357
0.305357 0.155357
0.326786 0.155357
0.348214 0.155357
0.369643 0.155357
0.391071 0.155357
0.433929 0.155357
0.516071 0.155357
-0.592857 0.153571
-0.564286 0.153571
-0.503571 0.153571
-0.482143 0.153571
-0.460714 0.153571
-0.439286 0.153571
-0.417857 0.153571
-0.396429 0.153571
-0.375000 0.153571
-0.353571 0.153571
-0.332143 0.153571
-0.310714 0.153571
-0.289286 0.153571
-0.267857 0.153571
-0.187500 0.153571
-0.148214 0.153571
-0.126786 0.153571
-0.105357 0.153571
-0.083929 0.153571
-0.062500 0.153571
-0.041071 0.153571
-0.014286 0.153571
0.016071 0.153571
0.096429 0.153571
0.121429 0.153571
0.142857 0.153571
0.164286 0.153571
0.185714 0.153571
0.207143 0.153571
0.228571 0.153571
0.250000 0.153571
0.271429 0.153571
0.292857 0.153571
0.314286 0.153571
0.335714 0.153571
0.357143 0.153571
0.378571 0.153571
0.400000 0.153571
0.475000 0.153571
0.526786 0.153571
-0.575000 0.151786
-0.516071 0.151786
-0.494643 0.151786
-0.473214 0.151786
-0.451786 0.151786
-0.430357 0.151786
-0.408929 0.151786
-0.387500 0.151786
-0.366071 0.151786
-0.344643 0.151786
-0.323214 0.151786
-0.301786 0.151786
-0.280357 0.151786
-0.216071 0.151786
-0.176786 0.151786
-0.144643 0.151786
-0.123214 0.151786
-0.101786 0.151786
-0.073214 0.151786
-0.051786 0.151786
-0.028571 0.151786
-0.003571 0.151786
0.037500 0.151786
0.107143 0.151786
0.130357 0.151786
0.151786 0.151786
0.173214 0.151786
0.194643 0.151786
0.216071 0.151786
0.237500 0.151786
0.258929 0.151786
0.280357 0.151786
0.301786 0.151786
0.323214 0.151786
0.344643 0.151786
0.366071 0.151786
0.387500 0.151786
0.408929 0.151786
0.517857 0.151786
-0.592857 0.150000
-0.555357 0.150000
-0.505357 0.150000
-0.483929 0.150000
-0.462500 0.150000
-0.441071 0.150000
-0.419643 0.150000
-0.398214 0.150000
-0.376786 0.150000
-0.355357 0.150000
-0.333929 0.150000
-0.312500 0.150000
-0.291071 0.150000
-0.216071 0.150000
-0.171429 0.150000
-0.142857 0.150000
-0.121429 0.150000
-0.100000 0.150000
-0.078571 0.150000
-0.057143 0.150000
-0.035714 0.150000
-0.010714 0.150000
0.032143 0.150000
0.101786 0.150000
0.123214 0.150000
0.144643 0.150000
0.166071 0.150000
0.187500 0.150000
0.208929 0.150000
0.230357 0.150000
0.251786 0.150000
0.273214 0.150000
0.294643 0.150000
0.316071 0.150000
0.337500 0.150000
0.358929 0.150000
0.380357 0.150000
0.401786 0.150000
0.512500 0.150000
-0.600000 0.148214
-0.569643 0.148214
-0.510714 0.148214
-0.489286 0.148214
-0.467857 0.148214
-0.446429 0.148214
-0.425000 0.148214
-0.403571 0.148214
-0.382143 0.148214
-0.360714 0.148214
-0.339286 0.148214
-0.317857 0.148214
-0.296429 0.148214
-0.219643 0.148214
-0.169643 0.148214
-0.144643 0.148214
-0.123214 0.148214
-0.101786 0.148214
-0.080357 0.148214
-0.058929 0.148214
-0.037500 0.148214
-0.007143 0.148214
0.033929 0.148214
0.085714 0.148214
0.123214 0.148214
0.144643 0.148214
0.166071 0.148214
0.187500 0.148214
0.208929 0.148214
0.230357 0.148214
0.251786 0.148214
0.273214 0.148214
0.294643 0.148214
0.316071 0.148214
0.337500 0.148214
0.358929 0.148214
0.380357 0.148214
0.401786 0.148214
0.476786 0.148214
-0.600000 0.146429
-0.569643 0.146429
-0.512500 0.146429
-0.491071 0.146429
-0.469643 0.146429
-0.448214 0.146429
-0.426786 0.146429
-0.405357 0.146429
-0.383929 0.146429
-0.362500 0.146429
-0.341071 0.146429
-0.319643 0.146429
-0.298214 0.146429
-0.198214 0.146429
-0.169643 0.146429
-0.144643 0.146429
-0.123214 0.146429
-0.101786 0.146429
-0.080357 0.146429
-0.058929 0.146429
-0.037500 0.146429
-0.010714 0.146429
0.021429 0.146429
0.087500 0.146429
0.126786 0.146429
0.148214 0.146429
0.169643 0.146429
0.191071 0.146429
0.212500 0.146429
0.233929 0.146429
0.255357 0.146429
0.276786 0.146429
0.298214 0.146429
0.319643 0.146429
0.341071 0.146429
0.362500 0.146429
0.383929 0.146429
0.407143 0.146429
0.517857 0.146429
-0.594643 0.144643
-0.557143 0.144643
-0.505357 0.144643
-0.483929 0.144643
-0.462500 0.144643
-0.441071 0.144643
-0.419643 0.144643
-0.398214 0.144643
-0.376786 0.144643
-0.355357 0.144643
-0.333929 0.144643
-0.312500 0.144643
-0.237500 0.144643
-0.189286 0.144643
-0.162500 0.144643
-0.141071 0.144643
-0.119643 0.144643
-0.098214 0.144643
-0.076786 0.144643
-0.055357 0.144643
-0.033929 0.144643
-0.008929 0.144643
0.021429 0.144643
0.089286 0.144643
0.128571 0.144643
0.150000 0.144643
0.171429 0.144643
0.192857 0.144643
0.214286 0.144643
0.235714 0.144643
0.257143 0.144643
0.278571 0.144643
0.300000 0.144643
0.321429 0.144643
0.342857 0.144643
0.364286 0.144643
0.385714 0.144643
0.407143 0.144643
0.516071 0.144643
-0.598214 0.142857
-0.567857 0.142857
-0.507143 0.142857
-0.485714 0.142857
-0.464286 0.142857
-0.442857 0.142857
-0.421429 0.142857
-0.400000 0.142857
-0.378571 0.142857
-0.357143 0.142857
-0.335714 0.142857
-0.314286 0.142857
-0.232143 0.142857
-0.189286 0.142857
-0.162500 0.142857
-0.141071 0.142857
-0.119643 0.142857
-0.098214 0.142857
-0.076786 0.142857
-0.055357 0.142857
-0.033929 0.142857
-0.008929 0.142857
0.019643 0.142857
0.062500 0.142857
0.130357 0.142857
0.151786 0.142857
0.173214 0.142857
0.194643 0.142857
0.216071 0.142857
0.237500 0.142857
0.258929 0.142857
0.280357 0.142857
0.301786 0.142857
0.323214 0.142857
0.344643 0.142857
0.366071 0.142857
0.387500 0.142857
0.410714 0.142857
0.516071 0.142857
-0.600000 0.141071
-0.569643 0.141071
-0.510714 0.141071
-0.489286 0.141071
-0.467857 0.141071
-0.446429 0.141071
-0.425000 0.141071
-0.403571 0.141071
-0.382143 0.141071
-0.360714 0.141071
-0.257143 0.141071
-0.210714 0.141071
-0.187500 0.141071
-0.160714 0.141071
-0.139286 0.141071
-0.117857 0.141071
-0.096429 0.141071
-0.075000 0.141071
-0.053571 0.141071
-0.032143 0.141071
-0.007143 0.141071
0.025000 0.141071
0.067857 0.141071
0.137500 0.141071
0.158929 0.141071
0.180357 0.141071
0.201786 0.141071
0.223214 0.141071
0.244643 0.141071
0.266071 0.141071
0.287500 0.141071
0.308929 0.141071
0.330357 0.141071
0.351786 0.141071
0.373214 0.141071
0.394643 0.141071
0.466071 0.141071
0.525000 0.141071
-0.591071 0.139286
-0.521429 0.139286
-0.500000 0.139286
-0.478571 0.139286
-0.457143 0.139286
-0.435714 0.139286
-0.414286 0.139286
-0.392857 0.139286
-0.371429 0.139286
-0.350000 0.139286
-0.262500 0.139286
-0.228571 0.139286
-0.196429 0.139286
-0.169643 0.139286
-0.148214 0.139286
-0.126786 0.139286
-0.105357 0.139286
-0.083929 0.139286
-0.062500 0.139286
-0.041071 0.139286
-0.019643 0.139286
0.008929 0.139286
0.050000 0.139286
0.107143 0.139286
0.151786 0.139286
0.173214 0.139286
0.194643 0.139286
0.216071 0.139286
0.237500 0.139286
0.258929 0.139286
0.280357 0.139286
0.301786 0.139286
0.323214 0.139286
0.344643 0.139286
0.366071 0.139286
0.387500 0.139286
0.410714 0.139286
0.500000 0.139286
-0.601786 0.137500
-0.571429 0.137500
-0.510714 0.137500
-0.489286 0.137500
-0.467857 0.137500
-0.446429 0.137500
-0.425000 0.137500
-0.403571 0.137500
-0.382143 0.137500
-0.360714 0.137500
-0.339286 0.137500
-0.317857 0.137500
-0.280357 0.137500
-0.239286 0.137500
-0.207143 0.137500
-0.185714 0.137500
-0.160714 0.137500
-0.139286 0.137500
-0.117857 0.137500
-0.096429 0.137500
-0.075000 0.137500
-0.053571 0.137500
-0.032143 0.137500
-0.010714 0.137500
0.017857 0.137500
0.053571 0.137500
0.110714 0.137500
0.175000 0.137500
0.196429 0.137500
0.217857 0.137500
0.239286 0.137500
0.260714 0.137500
0.282143 0.137500
0.303571 0.137500
0.325000 0.137500
0.346429 0.137500
0.367857 0.137500
0.389286 0.137500
0.439286 0.137500
0.500000 0.137500
-0.601786 0.135714
-0.571429 0.135714
-0.514286 0.135714
-0.492857 0.135714
-0.471429 0.135714
-0.450000 0.135714
-0.428571 0.135714
-0.407143 0.135714
-0.385714 0.135714
-0.364286 0.135714
-0.342857 0.135714
-0.321429 0.135714
-0.300000 0.135714
-0.278571 0.135714
-0.250000 0.135714
-0.214286 0.135714
-0.192857 0.135714
-0.167857 0.135714
-0.146429 0.135714
-0.125000 0.135714
-0.103571 0.135714
-0.082143 0.135714
-0.060714 0.135714
-0.039286 0.135714
-0.017857 0.135714
0.007143 0.135714
0.033929 0.135714
0.073214 0.135714
0.126786 0.135714
0.219643 0.135714
0.241071 0.135714
0.262500 0.135714
0.283929 0.135714
0.305357 0.135714
0.326786 0.135714
0.348214 0.135714
0.369643 0.135714
0.391071 0.135714
0.441071 0.135714
0.501786 0.135714
-0.603571 0.133929
-0.573214 0.133929
-0.514286 0.133929
-0.492857 0.133929
-0.471429 0.133929
-0.450000 0.133929
-0.428571 0.133929
-0.407143 0.133929
-0.385714 0.133929
-0.364286 0.133929
-0.342857 0.133929
-0.321429 0.133929
-0.300000 0.133929
-0.269643 0.133929
-0.244643 0.133929
-0.212500 0.133929
-0.191071 0.133929
-0.166071 0.133929
-0.144643 0.133929
-0.123214 0.133929
-0.101786 0.133929
-0.080357 0.133929
-0.058929 0.133929
-0.037500 0.133929
-0.016071 0.133929
0.008929 0.133929
0.035714 0.133929
0.075000 0.133929
0.125000 0.133929
0.146429 0.133929
0.205357 0.133929
0.226786 0.133929
0.248214 0.133929
0.269643 0.133929
0.291071 0.133929
0.312500 0.133929
0.333929 0.133929
0.355357 0.133929
0.376786 0.133929
0.398214 0.133929
0.467857 0.133929
0.519643 0.133929
-0.598214 0.132143
-0.560714 0.132143
-0.512500 0.132143
-0.491071 0.132143
-0.469643 0.132143
-0.448214 0.132143
-0.426786 0.132143
-0.405357 0.132143
-0.383929 0.132143
-0.362500 0.132143
-0.341071 0.132143
-0.319643 0.132143
-0.298214 0.132143
-0.276786 0.132143
-0.251786 0.132143
-0.219643 0.132143
-0.198214 0.132143
-0.175000 0.132143
-0.153571 0.132143
-0.132143 0.132143
-0.110714 0.132143
-0.089286 0.132143
-0.067857 0.132143
-0.046429 0.132143
-0.025000 0.132143
-0.001786 0.132143
0.023214 0.132143
0.053571 0.132143
0.082143 0.132143
0.132143 0.132143
0.153571 0.132143
0.175000 0.132143
0.196429 0.132143
0.217857 0.132143
0.239286 0.132143
0.260714 0.132143
0.282143 0.132143
0.303571 0.132143
0.325000 0.132143
0.346429 0.132143
0.367857 0.132143
0.389286 0.132143
0.428571 0.132143
0.492857 0.132143
0.528571 0.132143
-0.580357 0.130357
-0.541071 0.130357
-0.501786 0.130357
-0.480357 0.130357
-0.458929 0.130357
-0.437500 0.130357
-0.416071 0.130357
-0.394643 0.130357
-0.373214 0.130357
-0.351786 0.130357
-0.330357 0.130357
-0.308929 0.130357
-0.287500 0.130357
-0.262500 0.130357
-0.228571 0.130357
-0.207143 0.130357
-0.185714 0.130357
-0.160714 0.130357
-0.139286 0.130357
-0.117857 0.130357
-0.096429 0.130357
-0.075000 0.130357
-0.053571 0.130357
-0.032143 0.130357
-0.010714 0.130357
0.014286 0.130357
0.037500 0.130357
0.071429 0.130357
0.119643 0.130357
0.148214 0.130357
0.169643 0.130357
0.191071 0.130357
0.212500 0.130357
0.233929 0.130357
0.255357 0.130357
0.276786 0.130357
0.298214 0.130357
0.319643 0.130357
0.341071 0.130357
0.362500 0.130357
0.383929 0.130357
0.405357 0.130357
0.494643 0.130357
0.530357 0.130357
-0.578571 0.128571
-0.523214 0.128571
-0.501786 0.128571
-0.480357 0.128571
-0.458929 0.128571
-0.437500 0.128571
-0.416071 0.128571
-0.394643 0.128571
-0.373214 0.128571
-0.351786 0.128571
-0.330357 0.128571
-0.308929 0.128571
-0.287500 0.128571
-0.266071 0.128571
-0.233929 0.128571
-0.212500 0.128571
-0.191071 0.128571
-0.167857 0.128571
-0.146429 0.128571
-0.125000 0.128571
-0.103571 0.128571
-0.082143 0.128571
-0.060714 0.128571
-0.039286 0.128571
-0.017857 0.128571
0.005357 0.128571
0.026786 0.128571
0.058929 0.128571
0.091071 0.128571
0.130357 0.128571
0.158929 0.128571
0.180357 0.128571
0.201786 0.128571
0.223214 0.128571
0.244643 0.128571
0.266071 0.128571
0.287500 0.128571
0.308929 0.128571
0.330357 0.128571
0.351786 0.128571
0.373214 0.128571
0.394643 0.128571
0.460714 0.128571
0.501786 0.128571
-0.603571 0.126786
-0.564286 0.126786
-0.514286 0.126786
-0.492857 0.126786
-0.471429 0.126786
-0.450000 0.126786
-0.428571 0.126786
-0.407143 0.126786
-0.385714 0.126786
-0.364286 0.126786
-0.342857 0.126786
-0.321429 0.126786
-0.300000 0.126786
-0.278571 0.126786
-0.244643 0.126786
-0.223214 0.126786
-0.201786 0.126786
-0.178571 0.126786
-0.157143 0.126786
-0.135714 0.126786
-0.114286 0.126786
-0.092857 0.126786
-0.071429 0.126786
-0.050000 0.126786
-0.028571 0.126786
-0.007143 0.126786
0.016071 0.126786
0.037500 0.126786
0.073214 0.126786
0.100000 0.126786
0.141071 0.126786
0.162500 0.126786
0.183929 0.126786
0.205357 0.126786
0.226786 0.126786
0.248214 0.126786
0.269643 0.126786
0.291071 0.126786
0.312500 0.126786
0.333929 0.126786
0.355357 0.126786
0.376786 0.126786
0.398214 0.126786
0.462500 0.126786
0.519643 0.126786
-0.601786 0.125000
-0.562500 0.125000
-0.510714 0.125000
-0.489286 0.125000
-0.467857 0.125000
-0.446429 0.125000
-0.425000 0.125000
-0.403571 0.125000
-0.382143 0.125000
-0.360714 0.125000
-0.339286 0.125000
-0.317857 0.125000
-0.296429 0.125000
-0.275000 0.125000
-0.244643 0.125000
-0.223214 0.125000
-0.201786 0.125000
-0.178571 0.125000
-0.157143 0.125000
-0.135714 0.125000
-0.114286 0.125000
-0.092857 0.125000
-0.071429 0.125000
-0.050000 0.125000
-0.028571 0.125000
-0.007143 0.125000
0.014286 0.125000
0.035714 0.125000
0.067857 0.125000
0.101786 0.125000
0.144643 0.125000
0.166071 0.125000
0.187500 0.125000
0.208929 0.125000
0.230357 0.125000
0.251786 0.125000
0.273214 0.125000
0.294643 0.125000
0.316071 0.125000
0.337500 0.125000
0.358929 0.125000
0.380357 0.125000
0.401786 0.125000
0.473214 0.125000
0.521429 0.125000
-0.600000 0.123214
-0.560714 0.123214
-0.510714 0.123214
-0.489286 0.123214
-0.467857 0.123214
-0.446429 0.123214
-0.425000 0.123214
-0.403571 0.123214
-0.382143 0.123214
-0.360714 0.123214
-0.339286 0.123214
-0.317857 0.123214
-0.296429 0.123214
-0.275000 0.123214
-0.246429 0.123214
-0.225000 0.123214
-0.203571 0.123214
-0.180357 0.123214
-0.158929 0.123214
-0.137500 0.123214
-0.116071 0.123214
-0.094643 0.123214
-0.073214 0.123214
-0.051786 0.123214
-0.030357 0.123214
-0.008929 0.123214
0.014286 0.123214
0.035714 0.123214
0.066071 0.123214
0.100000 0.123214
0.121429 0.123214
0.164286 0.123214
0.185714 0.123214
0.207143 0.123214
0.228571 0.123214
0.250000 0.123214
0.271429 0.123214
0.292857 0.123214
0.314286 0.123214
0.335714 0.123214
0.357143 0.123214
0.378571 0.123214
0.400000 0.123214
0.469643 0.123214
0.519643 0.123214
-0.601786 0.121429
-0.564286 0.121429
-0.512500 0.121429
-0.491071 0.121429
-0.469643 0.121429
-0.448214 0.121429
-0.426786 0.121429
-0.405357 0.121429
-0.383929 0.121429
-0.362500 0.121429
-0.341071 0.121429
-0.319643 0.121429
-0.298214 0.121429
-0.276786 0.121429
-0.250000 0.121429
-0.228571 0.121429
-0.207143 0.121429
-0.185714 0.121429
-0.164286 0.121429
-0.142857 0.121429
-0.121429 0.121429
-0.100000 0.121429
-0.078571 0.121429
-0.057143 0.121429
-0.035714 0.121429
-0.014286 0.121429
0.007143 0.121429
0.028571 0.121429
0.050000 0.121429
0.080357 0.121429
0.110714 0.121429
0.132143 0.121429
0.169643 0.121429
0.191071 0.121429
0.212500 0.121429
0.233929 0.121429
0.255357 0.121429
0.276786 0.121429
0.298214 0.121429
0.319643 0.121429
0.341071 0.121429
0.362500 0.121429
0.383929 0.121429
0.405357 0.121429
0.487500 0.121429
0.525000 0.121429
-0.596429 0.119643
-0.557143 0.119643
-0.503571 0.119643
-0.482143 0.119643
-0.460714 0.119643
-0.439286 0.119643
-0.417857 0.119643
-0.396429 0.119643
-0.375000 0.119643
-0.353571 0.119643
-0.332143 0.119643
-0.310714 0.119643
-0.289286 0.119643
-0.264286 0.119643
-0.242857 0.119643
-0.221429 0.119643
-0.200000 0.119643
-0.178571 0.119643
-0.157143 0.119643
-0.135714 0.119643
-0.114286 0.119643
-0.092857 0.119643
-0.071429 0.119643
-0.050000 0.119643
-0.028571 0.119643
-0.007143 0.119643
0.014286 0.119643
0.035714 0.119643
0.057143 0.119643
0.094643 0.119643
0.121429 0.119643
0.164286 0.119643
0.185714 0.119643
0.207143 0.119643
0.228571 0.119643
0.250000 0.119643
0.271429 0.119643
0.292857 0.119643
0.314286 0.119643
0.335714 0.119643
0.357143 0.119643
0.378571 0.119643
0.400000 0.119643
0.467857 0.119643
0.498214 0.119643
0.533929 0.119643
-0.578571 0.117857
-0.516071 0.117857
-0.494643 0.117857
-0.473214 0.117857
-0.451786 0.117857
-0.430357 0.117857
-0.408929 0.117857
-0.387500 0.117857
-0.366071 0.117857
-0.344643 0.117857
-0.323214 0.117857
-0.301786 0.117857
-0.280357 0.117857
-0.258929 0.117857
-0.237500 0.117857
-0.216071 0.117857
-0.194643 0.117857
-0.173214 0.117857
-0.151786 0.117857
-0.130357 0.117857
-0.108929 0.117857
-0.087500 0.117857
-0.066071 0.117857
-0.044643 0.117857
-0.023214 0.117857
-0.001786 0.117857
0.019643 0.117857
0.041071 0.117857
0.071429 0.117857
0.100000 0.117857
0.125000 0.117857
0.146429 0.117857
0.191071 0.117857
0.212500 0.117857
0.233929 0.117857
0.255357 0.117857
0.276786 0.117857
0.298214 0.117857
0.319643 0.117857
0.341071 0.117857
0.362500 0.117857
0.383929 0.117857
0.405357 0.117857
0.471429 0.117857
0.501786 0.117857
-0.605357 0.116071
-0.566071 0.116071
-0.514286 0.116071
-0.492857 0.116071
-0.471429 0.116071
-0.450000 0.116071
-0.428571 0.116071
-0.407143 0.116071
-0.385714 0.116071
-0.364286 0.116071
-0.342857 0.116071
-0.321429 0.116071
-0.300000 0.116071
-0.278571 0.116071
-0.257143 0.116071
-0.235714 0.116071
-0.214286 0.116071
-0.192857 0.116071
-0.171429 0.116071
-0.150000 0.116071
-0.128571 0.116071
-0.107143 0.116071
-0.085714 0.116071
-0.064286 0.116071
-0.042857 0.116071
-0.021429 0.116071
0.000000 0.116071
0.021429 0.116071
0.042857 0.116071
0.064286 0.116071
0.092857 0.116071
0.125000 0.116071
0.146429 0.116071
0.167857 0.116071
0.212500 0.116071
0.233929 0.116071
0.255357 0.116071
0.276786 0.116071
0.298214 0.116071
0.319643 0.116071
0.341071 0.116071
0.362500 0.116071
0.383929 0.116071
0.405357 0.116071
0.471429 0.116071
0.507143 0.116071
-0.605357 0.114286
-0.566071 0.114286
-0.514286 0.114286
-0.492857 0.114286
-0.471429 0.114286
-0.450000 0.114286
-0.428571 0.114286
-0.407143 0.114286
-0.385714 0.114286
-0.364286 0.114286
-0.342857 0.114286
-0.321429 0.114286
-0.300000 0.114286
-0.278571 0.114286
-0.257143 0.114286
-0.235714 0.114286
-0.214286 0.114286
-0.192857 0.114286
-0.171429 0.114286
-0.150000 0.114286
-0.128571 0.114286
-0.107143 0.114286
-0.085714 0.114286
-0.064286 0.114286
-0.042857 0.114286
-0.021429 0.114286
0.000000 0.114286
0.021429 0.114286
0.042857 0.114286
0.064286 0.114286
0.092857 0.114286
0.116071 0.114286
0.137500 0.114286
0.158929 0.114286
0.180357 0.114286
0.201786 0.114286
0.223214 0.114286
0.244643 0.114286
0.266071 0.114286
0.287500 0.114286
0.308929 0.114286
0.330357 0.114286
0.351786 0.114286
0.373214 0.114286
0.394643 0.114286
0.444643 0.114286
0.494643 0.114286
0.525000 0.114286
-0.596429 0.112500
-0.525000 0.112500
-0.503571 0.112500
-0.482143 0.112500
-0.460714 0.112500
-0.439286 0.112500
-0.417857 0.112500
-0.396429 0.112500
-0.375000 0.112500
-0.353571 0.112500
-0.332143 0.112500
-0.310714 0.112500
-0.289286 0.112500
-0.267857 0.112500
-0.246429 0.112500
-0.225000 0.112500
-0.203571 0.112500
-0.182143 0.112500
-0.160714 0.112500
-0.139286 0.112500
-0.117857 0.112500
-0.096429 0.112500
-0.075000 0.112500
-0.053571 0.112500
-0.032143 0.112500
-0.010714 0.112500
0.010714 0.112500
0.032143 0.112500
0.053571 0.112500
0.082143 0.112500
0.103571 0.112500
0.125000 0.112500
0.146429 0.112500
0.167857 0.112500
0.189286 0.112500
0.210714 0.112500
0.232143 0.112500
0.253571 0.112500
0.275000 0.112500
0.296429 0.112500
0.317857 0.112500
0.339286 0.112500
0.360714 0.112500
0.382143 0.112500
0.403571 0.112500
0.469643 0.112500
0.503571 0.112500
0.533929 0.112500
-0.569643 0.110714
-0.516071 0.110714
-0.494643 0.110714
-0.473214 0.110714
-0.451786 0.110714
-0.430357 0.110714
-0.408929 0.110714
-0.387500 0.110714
-0.366071 0.110714
-0.344643 0.110714
-0.323214 0.110714
-0.301786 0.110714
-0.280357 0.110714
-0.258929 0.110714
-0.237500 0.110714
-0.216071 0.110714
-0.194643 0.110714
-0.173214 0.110714
-0.151786 0.110714
-0.130357 0.110714
-0.108929 0.110714
-0.087500 0.110714
-0.066071 0.110714
-0.044643 0.110714
-0.023214 0.110714
-0.001786 0.110714
0.021429 0.110714
0.042857 0.110714
0.064286 0.110714
0.091071 0.110714
0.112500 0.110714
0.133929 0.110714
0.155357 0.110714
0.176786 0.110714
0.198214 0.110714
0.219643 0.110714
0.241071 0.110714
0.262500 0.110714
0.283929 0.110714
0.305357 0.110714
0.326786 0.110714
0.348214 0.110714
0.369643 0.110714
0.391071 0.110714
0.442857 0.110714
0.478571 0.110714
0.519643 0.110714
-0.601786 0.108929
-0.564286 0.108929
-0.510714 0.108929
-0.489286 0.108929
-0.467857 0.108929
-0.446429 0.108929
-0.425000 0.108929
-0.403571 0.108929
-0.382143 0.108929
-0.360714 0.108929
-0.339286 0.108929
-0.317857 0.108929
-0.296429 0.108929
-0.275000 0.108929
-0.253571 0.108929
-0.232143 0.108929
-0.210714 0.108929
-0.189286 0.108929
-0.167857 0.108929
-0.146429 0.108929
-0.125000 0.108929
-0.103571 0.108929
-0.082143 0.108929
-0.060714 0.108929
-0.039286 0.108929
-0.017857 0.108929
0.003571 0.108929
0.026786 0.108929
0.048214 0.108929
0.069643 0.108929
0.096429 0.108929
0.117857 0.108929
0.139286 0.108929
0.160714 0.108929
0.182143 0.108929
0.203571 0.108929
0.225000 0.108929
0.246429 0.108929
0.267857 0.108929
0.289286 0.108929
0.310714 0.108929
0.332143 0.108929
0.353571 0.108929
0.375000 0.108929
0.396429 0.108929
0.464286 0.108929
0.496429 0.108929
0.528571 0.108929
-0.594643 0.107143
-0.523214 0.107143
-0.501786 0.107143
-0.480357 0.107143
-0.458929 0.107143
-0.437500 0.107143
-0.416071 0.107143
-0.394643 0.107143
-0.373214 0.107143
-0.351786 0.107143
-0.330357 0.107143
-0.308929 0.107143
-0.287500 0.107143
-0.266071 0.107143
-0.244643 0.107143
-0.223214 0.107143
-0.201786 0.107143
-0.180357 0.107143
-0.158929 0.107143
-0.137500 0.107143
-0.116071 0.107143
-0.094643 0.107143
-0.073214 0.107143
-0.051786 0.107143
-0.030357 0.107143
-0.008929 0.107143
0.012500 0.107143
0.035714 0.107143
0.057143 0.107143
0.078571 0.107143
0.105357 0.107143
0.126786 0.107143
0.148214 0.107143
0.169643 0.107143
0.191071 0.107143
0.212500 0.107143
0.233929 0.107143
0.255357 0.107143
0.276786 0.107143
0.298214 0.107143
0.319643 0.107143
0.341071 0.107143
0.362500 0.107143
0.383929 0.107143
0.405357 0.107143
0.467857 0.107143
0.501786 0.107143
0.533929 0.107143
-0.573214 0.105357
-0.519643 0.105357
-0.498214 0.105357
-0.476786 0.105357
-0.455357 0.105357
-0.433929 0.105357
-0.412500 0.105357
-0.391071 0.105357
-0.369643 0.105357
-0.348214 0.105357
-0.326786 0.105357
-0.305357 0.105357
-0.283929 0.105357
-0.262500 0.105357
-0.241071 0.105357
-0.219643 0.105357
-0.198214 0.105357
-0.176786 0.105357
-0.155357 0.105357
-0.133929 0.105357
-0.112500 0.105357
-0.091071 0.105357
-0.069643 0.105357
-0.048214 0.105357
-0.026786 0.105357
-0.005357 0.105357
0.017857 0.105357
0.039286 0.105357
0.060714 0.105357
0.082143 0.105357
0.107143 0.105357
0.128571 0.105357
0.150000 0.105357
0.171429 0.105357
0.192857 0.105357
0.214286 0.105357
0.235714 0.105357
0.257143 0.105357
0.278571 0.105357
0.300000 0.105357
0.321429 0.105357
0.342857 0.105357
0.364286 0.105357
0.385714 0.105357
0.407143 0.105357
0.469643 0.105357
0.503571 0.105357
0.535714 0.105357
-0.571429 0.103571
-0.519643 0.103571
-0.498214 0.103571
-0.476786 0.103571
-0.455357 0.103571
-0.433929 0.103571
-0.412500 0.103571
-0.391071 0.103571
-0.369643 0.103571
-0.348214 0.103571
-0.326786 0.103571
-0.305357 0.103571
-0.283929 0.103571
-0.262500 0.103571
-0.241071 0.103571
-0.219643 0.103571
-0.198214 0.103571
-0.176786 0.103571
-0.155357 0.103571
-0.133929 0.103571
-0.112500 0.103571
-0.091071 0.103571
-0.069643 0.103571
-0.048214 0.103571
-0.026786 0.103571
-0.005357 0.103571
0.017857 0.103571
0.039286 0.103571
0.060714 0.103571
0.082143 0.103571
0.108929 0.103571
0.130357 0.103571
0.151786 0.103571
0.173214 0.103571
0.194643 0.103571
0.216071 0.103571
0.237500 0.103571
0.258929 0.103571
0.280357 0.103571
0.301786 0.103571
0.323214 0.103571
0.344643 0.103571
0.366071 0.103571
0.387500 0.103571
0.430357 0.103571
0.471429 0.103571
0.508929 0.103571
-0.603571 0.101786
-0.566071 0.101786
-0.514286 0.101786
-0.492857 0.101786
-0.471429 0.101786
-0.450000 0.101786
-0.428571 0.101786
-0.407143 0.101786
-0.385714 0.101786
-0.364286 0.101786
-0.342857 0.101786
-0.321429 0.101786
-0.300000 0.101786
-0.278571 0.101786
-0.257143 0.101786
-0.235714 0.101786
-0.214286 0.101786
-0.192857 0.101786
-0.171429 0.101786
-0.150000 0.101786
-0.128571 0.101786
-0.107143 0.101786
-0.085714 0.101786
-0.064286 0.101786
-0.042857 0.101786
-0.021429 0.101786
0.000000 0.101786
0.023214 0.101786
0.044643 0.101786
0.066071 0.101786
0.087500 0.101786
0.112500 0.101786
0.133929 0.101786
0.155357 0.101786
0.176786 0.101786
0.198214 0.101786
0.219643 0.101786
0.241071 0.101786
0.262500 0.101786
0.283929 0.101786
0.305357 0.101786
0.326786 0.101786
0.348214 0.101786
0.369643 0.101786
0.391071 0.101786
0.444643 0.101786
0.476786 0.101786
0.521429 0.101786
-0.600000 0.100000
-0.564286 0.100000
-0.510714 0.100000
-0.489286 0.100000
-0.467857 0.100000
-0.446429 0.100000
-0.425000 0.100000
-0.403571 0.100000
-0.382143 0.100000
-0.360714 0.100000
-0.339286 0.100000
-0.317857 0.100000
-0.296429 0.100000
-0.275000 0.100000
-0.253571 0.100000
-0.232143 0.100000
-0.210714 0.100000
-0.189286 0.100000
-0.167857 0.100000
-0.146429 0.100000
-0.125000 0.100000
-0.103571 0.100000
-0.082143 0.100000
-0.060714 0.100000
-0.039286 0.100000
-0.017857 0.100000
0.003571 0.100000
0.026786 0.100000
0.048214 0.100000
0.069643 0.100000
0.091071 0.100000
0.114286 0.100000
0.135714 0.100000
0.157143 0.100000
0.178571 0.100000
0.200000 0.100000
0.221429 0.100000
0.242857 0.100000
0.264286 0.100000
0.285714 0.100000
0.307143 0.100000
0.328571 0.100000
0.350000 0.100000
0.371429 0.100000
0.392857 0.100000
0.457143 0.100000
0.478571 0.100000
0.523214 0.100000
-0.598214 0.098214
-0.562500 0.098214
-0.508929 0.098214
-0.487500 0.098214
-0.466071 0.098214
-0.444643 0.098214
-0.423214 0.098214
-0.401786 0.098214
-0.380357 0.098214
-0.358929 0.098214
-0.337500 0.098214
-0.316071 0.098214
-0.294643 0.098214
-0.273214 0.098214
-0.251786 0.098214
-0.230357 0.098214
-0.208929 0.098214
-0.187500 0.098214
-0.164286 0.098214
-0.142857 0.098214
-0.121429 0.098214
-0.100000 0.098214
-0.078571 0.098214
-0.057143 0.098214
-0.035714 0.098214
-0.014286 0.098214
0.007143 0.098214
0.030357 0.098214
0.051786 0.098214
0.073214 0.098214
0.094643 0.098214
0.116071 0.098214
0.137500 0.098214
0.158929 0.098214
0.180357 0.098214
0.201786 0.098214
0.223214 0.098214
0.244643 0.098214
0.266071 0.098214
0.287500 0.098214
0.308929 0.098214
0.330357 0.098214
0.351786 0.098214
0.373214 0.098214
0.394643 0.098214
0.458929 0.098214
0.480357 0.098214
0.526786 0.098214
-0.594643 0.096429
-0.525000 0.096429
-0.503571 0.096429
-0.482143 0.096429
-0.460714 0.096429
-0.439286 0.096429
-0.417857 0.096429
-0.396429 0.096429
-0.375000 0.096429
-0.353571 0.096429
-0.332143 0.096429
-0.310714 0.096429
-0.289286 0.096429
-0.267857 0.096429
-0.246429 0.096429
-0.225000 0.096429
-0.203571 0.096429
-0.178571 0.096429
-0.157143 0.096429
-0.135714 0.096429
-0.114286 0.096429
-0.092857 0.096429
-0.071429 0.096429
-0.050000 0.096429
-0.028571 0.096429
-0.007143 0.096429
0.014286 0.096429
0.037500 0.096429
0.058929 0.096429
0.080357 0.096429
0.101786 0.096429
0.123214 0.096429
0.144643 0.096429
0.166071 0.096429
0.187500 0.096429
0.208929 0.096429
0.230357 0.096429
0.251786 0.096429
0.273214 0.096429
0.294643 0.096429
0.316071 0.096429
0.337500 0.096429
0.358929 0.096429
0.380357 0.096429
0.401786 0.096429
0.464286 0.096429
0.498214 0.096429
0.530357 0.096429
-0.591071 0.094643
-0.523214 0.094643
-0.501786 0.094643
-0.480357 0.094643
-0.458929 0.094643
-0.437500 0.094643
-0.416071 0.094643
-0.394643 0.094643
-0.373214 0.094643
-0.351786 0.094643
-0.330357 0.094643
-0.308929 0.094643
-0.287500 0.094643
-0.266071 0.094643
-0.244643 0.094643
-0.223214 0.094643
-0.201786 0.094643
-0.175000 0.094643
-0.153571 0.094643
-0.132143 0.094643
-0.110714 0.094643
-0.089286 0.094643
-0.067857 0.094643
-0.046429 0.094643
-0.025000 0.094643
-0.003571 0.094643
0.017857 0.094643
0.039286 0.094643
0.060714 0.094643
0.082143 0.094643
0.103571 0.094643
0.125000 0.094643
0.146429 0.094643
0.167857 0.094643
0.189286 0.094643
0.210714 0.094643
0.232143 0.094643
0.253571 0.094643
0.275000 0.094643
0.296429 0.094643
0.317857 0.094643
0.339286 0.094643
0.360714 0.094643
0.382143 0.094643
0.403571 0.094643
0.469643 0.094643
0.501786 0.094643
0.533929 0.094643
-0.575000 0.092857
-0.519643 0.092857
-0.498214 0.092857
-0.476786 0.092857
-0.455357 0.092857
-0.433929 0.092857
-0.412500 0.092857
-0.391071 0.092857
-0.369643 0.092857
-0.348214 0.092857
-0.326786 0.092857
-0.305357 0.092857
-0.283929 0.092857
-0.262500 0.092857
-0.241071 0.092857
-0.219643 0.092857
-0.198214 0.092857
-0.171429 0.092857
-0.150000 0.092857
-0.128571 0.092857
-0.107143 0.092857
-0.085714 0.092857
-0.064286 0.092857
-0.042857 0.092857
-0.021429 0.092857
0.000000 0.092857
0.023214 0.092857
0.044643 0.092857
0.066071 0.092857
0.087500 0.092857
0.108929 0.092857
0.130357 0.092857
0.151786 0.092857
0.173214 0.092857
0.194643 0.092857
0.216071 0.092857
0.237500 0.092857
0.258929 0.092857
0.280357 0.092857
0.301786 0.092857
0.323214 0.092857
0.344643 0.092857
0.366071 0.092857
0.387500 0.092857
0.442857 0.092857
0.471429 0.092857
0.507143 0.092857
-0.605357 0.091071
-0.571429 0.091071
-0.516071 0.091071
-0.494643 0.091071
-0.473214 0.091071
-0.451786 0.091071
-0.430357 0.091071
-0.408929 0.091071
-0.387500 0.091071
-0.366071 0.091071
-0.344643 0.091071
-0.323214 0.091071
-0.301786 0.091071
-0.280357 0.091071
-0.258929 0.091071
-0.237500 0.091071
-0.216071 0.091071
-0.194643 0.091071
-0.167857 0.091071
-0.146429 0.091071
-0.125000 0.091071
-0.103571 0.091071
-0.082143 0.091071
-0.060714 0.091071
-0.039286 0.091071
-0.017857 0.091071
0.003571 0.091071
0.025000 0.091071
0.046429 0.091071
0.067857 0.091071
0.089286 0.091071
0.110714 0.091071
0.132143 0.091071
0.153571 0.091071
0.175000 0.091071
0.196429 0.091071
0.217857 0.091071
0.239286 0.091071
0.260714 0.091071
0.282143 0.091071
0.303571 0.091071
0.325000 0.091071
0.346429 0.091071
0.367857 0.091071
0.389286 0.091071
0.453571 0.091071
0.475000 0.091071
0.519643 0.091071
-0.601786 0.089286
-0.569643 0.089286
-0.512500 0.089286
-0.491071 0.089286
-0.469643 0.089286
-0.448214 0.089286
-0.426786 0.089286
-0.405357 0.089286
-0.383929 0.089286
-0.362500 0.089286
-0.341071 0.089286
-0.319643 0.089286
-0.298214 0.089286
-0.276786 0.089286
-0.255357 0.089286
-0.233929 0.089286
-0.212500 0.089286
-0.189286 0.089286
-0.162500 0.089286
-0.141071 0.089286
-0.119643 0.089286
-0.098214 0.089286
-0.076786 0.089286
-0.055357 0.089286
-0.033929 0.089286
-0.012500 0.089286
0.008929 0.089286
0.030357 0.089286
0.051786 0.089286
0.073214 0.089286
0.094643 0.089286
0.116071 0.089286
0.137500 0.089286
0.158929 0.089286
0.180357 0.089286
0.201786 0.089286
0.223214 0.089286
0.244643 0.089286
0.266071 0.089286
0.287500 0.089286
0.308929 0.089286
0.330357 0.089286
0.351786 0.089286
0.373214 0.089286
0.394643 0.089286
0.457143 0.089286
0.478571 0.089286
0.523214 0.089286
-0.598214 0.087500
-0.564286 0.087500
-0.508929 0.087500
-0.487500 0.087500
-0.466071 0.087500
-0.444643 0.087500
-0.423214 0.087500
-0.401786 0.087500
-0.380357 0.087500
-0.358929 0.087500
-0.337500 0.087500
-0.316071 0.087500
-0.294643 0.087500
-0.273214 0.087500
-0.251786 0.087500
-0.230357 0.087500
-0.208929 0.087500
-0.180357 0.087500
-0.158929 0.087500
-0.137500 0.087500
-0.116071 0.087500
-0.094643 0.087500
-0.073214 0.087500
-0.051786 0.087500
-0.030357 0.087500
-0.008929 0.087500
0.012500 0.087500
0.033929 0.087500
0.055357 0.087500
0.076786 0.087500
0.098214 0.087500
0.119643 0.087500
0.141071 0.087500
0.162500 0.087500
0.183929 0.087500
0.205357 0.087500
0.226786 0.087500
0.248214 0.087500
0.269643 0.087500
0.291071 0.087500
0.312500 0.087500
0.333929 0.087500
0.355357 0.087500
0.376786 0.087500
0.398214 0.087500
0.462500 0.087500
0.483929 0.087500
0.526786 0.087500
-0.594643 0.085714
-0.526786 0.085714
-0.505357 0.085714
-0.483929 0.085714
-0.462500 0.085714
-0.441071 0.085714
-0.419643 0.085714
-0.398214 0.085714
-0.376786 0.085714
-0.355357 0.085714
-0.333929 0.085714
-0.312500 0.085714
-0.291071 0.085714
-0.269643 0.085714
-0.248214 0.085714
-0.226786 0.085714
-0.205357 0.085714
-0.175000 0.085714
-0.153571 0.085714
-0.132143 0.085714
-0.110714 0.085714
-0.089286 0.085714
-0.067857 0.085714
-0.046429 0.085714
-0.025000 0.085714
-0.003571 0.085714
0.017857 0.085714
0.039286 0.085714
0.060714 0.085714
0.082143 0.085714
0.103571 0.085714
0.125000 0.085714
0.146429 0.085714
0.167857 0.085714
0.189286 0.085714
0.210714 0.085714
0.232143 0.085714
0.253571 0.085714
0.275000 0.085714
0.296429 0.085714
0.317857 0.085714
0.339286 0.085714
0.360714 0.085714
0.382143 0.085714
0.403571 0.085714
0.467857 0.085714
0.500000 0.085714
0.532143 0.085714
-0.576786 0.083929
-0.519643 0.083929
-0.498214 0.083929
-0.476786 0.083929
-0.455357 0.083929
-0.433929 0.083929
-0.412500 0.083929
-0.391071 0.083929
-0.369643 0.083929
-0.348214 0.083929
-0.326786 0.083929
-0.305357 0.083929
-0.283929 0.083929
-0.262500 0.083929
-0.241071 0.083929
-0.219643 0.083929
-0.198214 0.083929
-0.169643 0.083929
-0.148214 0.083929
-0.126786 0.083929
-0.105357 0.083929
-0.083929 0.083929
-0.062500 0.083929
-0.041071 0.083929
-0.019643 0.083929
0.001786 0.083929
0.023214 0.083929
0.044643 0.083929
0.066071 0.083929
0.087500 0.083929
0.108929 0.083929
0.130357 0.083929
0.151786 0.083929
0.173214 0.083929
0.194643 0.083929
0.216071 0.083929
0.237500 0.083929
0.258929 0.083929
0.280357 0.083929
0.301786 0.083929
0.323214 0.083929
0.344643 0.083929
0.366071 0.083929
0.387500 0.083929
0.451786 0.083929
0.473214 0.083929
0.508929 0.083929
-0.601786 0.082143
-0.569643 0.082143
-0.514286 0.082143
-0.492857 0.082143
-0.471429 0.082143
-0.450000 0.082143
-0.428571 0.082143
-0.407143 0.082143
-0.385714 0.082143
-0.364286 0.082143
-0.342857 0.082143
-0.321429 0.082143
-0.300000 0.082143
-0.278571 0.082143
-0.257143 0.082143
-0.235714 0.082143
-0.212500 0.082143
-0.183929 0.082143
-0.162500 0.082143
-0.141071 0.082143
-0.119643 0.082143
-0.098214 0.082143
-0.076786 0.082143
-0.055357 0.082143
-0.033929 0.082143
-0.012500 0.082143
0.008929 0.082143
0.030357 0.082143
0.051786 0.082143
0.073214 0.082143
0.094643 0.082143
0.116071 0.082143
0.137500 0.082143
0.158929 0.082143
0.180357 0.082143
0.201786 0.082143
0.223214 0.082143
0.244643 0.082143
0.266071 0.082143
0.287500 0.082143
0.308929 0.082143
0.330357 0.082143
0.351786 0.082143
0.373214 0.082143
0.394643 0.082143
0.455357 0.082143
0.476786 0.082143
0.521429 0.082143
-0.598214 0.080357
-0.566071 0.080357
-0.510714 0.080357
-0.489286 0.080357
-0.467857 0.080357
-0.446429 0.080357
-0.425000 0.080357
-0.403571 0.080357
-0.382143 0.080357
-0.360714 0.080357
-0.339286 0.080357
-0.317857 0.080357
-0.296429 0.080357
-0.275000 0.080357
-0.253571 0.080357
-0.232143 0.080357
-0.208929 0.080357
-0.178571 0.080357
-0.157143 0.080357
-0.135714 0.080357
-0.114286 0.080357
-0.092857 0.080357
-0.071429 0.080357
-0.050000 0.080357
-0.028571 0.080357
-0.007143 0.080357
0.014286 0.080357
0.037500 0.080357
0.058929 0.080357
0.080357 0.080357
0.101786 0.080357
0.123214 0.080357
0.144643 0.080357
0.166071 0.080357
0.187500 0.080357
0.208929 0.080357
0.230357 0.080357
0.251786 0.080357
0.273214 0.080357
0.294643 0.080357
0.316071 0.080357
0.337500 0.080357
0.358929 0.080357
0.380357 0.080357
0.401786 0.080357
0.460714 0.080357
0.482143 0.080357
0.528571 0.080357
-0.580357 0.078571
-0.526786 0.078571
-0.505357 0.078571
-0.483929 0.078571
-0.462500 0.078571
-0.441071 0.078571
-0.419643 0.078571
-0.398214 0.078571
-0.376786 0.078571
-0.355357 0.078571
-0.333929 0.078571
-0.312500 0.078571
-0.291071 0.078571
-0.269643 0.078571
-0.248214 0.078571
-0.226786 0.078571
-0.191071 0.078571
-0.169643 0.078571
-0.148214 0.078571
-0.126786 0.078571
-0.105357 0.078571
-0.083929 0.078571
-0.062500 0.078571
-0.041071 0.078571
-0.019643 0.078571
0.001786 0.078571
0.026786 0.078571
0.048214 0.078571
0.069643 0.078571
0.091071 0.078571
0.112500 0.078571
0.133929 0.078571
0.155357 0.078571
0.176786 0.078571
0.198214 0.078571
0.219643 0.078571
0.241071 0.078571
0.262500 0.078571
0.283929 0.078571
0.305357 0.078571
0.326786 0.078571
0.348214 0.078571
0.369643 0.078571
0.391071 0.078571
0.450000 0.078571
0.471429 0.078571
0.507143 0.078571
-0.600000 0.076786
-0.569643 0.076786
-0.516071 0.076786
-0.494643 0.076786
-0.473214 0.076786
-0.451786 0.076786
-0.430357 0.076786
-0.408929 0.076786
-0.387500 0.076786
-0.366071 0.076786
-0.344643 0.076786
-0.323214 0.076786
-0.301786 0.076786
-0.280357 0.076786
-0.258929 0.076786
-0.237500 0.076786
-0.212500 0.076786
-0.183929 0.076786
-0.162500 0.076786
-0.141071 0.076786
-0.119643 0.076786
-0.098214 0.076786
-0.076786 0.076786
-0.055357 0.076786
-0.033929 0.076786
-0.012500 0.076786
0.008929 0.076786
0.032143 0.076786
0.053571 0.076786
0.075000 0.076786
0.096429 0.076786
0.117857 0.076786
0.139286 0.076786
0.160714 0.076786
0.182143 0.076786
0.203571 0.076786
0.225000 0.076786
0.246429 0.076786
0.267857 0.076786
0.289286 0.076786
0.310714 0.076786
0.332143 0.076786
0.353571 0.076786
0.375000 0.076786
0.396429 0.076786
0.455357 0.076786
0.476786 0.076786
0.521429 0.076786
-0.596429 0.075000
-0.566071 0.075000
-0.512500 0.075000
-0.491071 0.075000
-0.469643 0.075000
-0.448214 0.075000
-0.426786 0.075000
-0.405357 0.075000
-0.383929 0.075000
-0.362500 0.075000
-0.341071 0.075000
-0.319643 0.075000
-0.298214 0.075000
-0.276786 0.075000
-0.255357 0.075000
-0.233929 0.075000
-0.208929 0.075000
-0.180357 0.075000
-0.158929 0.075000
-0.137500 0.075000
-0.116071 0.075000
-0.094643 0.075000
-0.073214 0.075000
-0.051786 0.075000
-0.030357 0.075000
-0.008929 0.075000
0.012500 0.075000
0.037500 0.075000
0.058929 0.075000
0.080357 0.075000
0.101786 0.075000
0.123214 0.075000
0.144643 0.075000
0.166071 0.075000
0.187500 0.075000
0.208929 0.075000
0.230357 0.075000
0.251786 0.075000
0.273214 0.075000
0.294643 0.075000
0.316071 0.075000
0.337500 0.075000
0.358929 0.075000
0.380357 0.075000
0.401786 0.075000
0.462500 0.075000
0.483929 0.075000
0.526786 0.075000
-0.591071 0.073214
-0.526786 0.073214
-0.505357 0.073214
-0.483929 0.073214
-0.462500 0.073214
-0.441071 0.073214
-0.419643 0.073214
-0.398214 0.073214
-0.376786 0.073214
-0.355357 0.073214
-0.333929 0.073214
-0.312500 0.073214
-0.291071 0.073214
-0.269643 0.073214
-0.248214 0.073214
-0.226786 0.073214
-0.194643 0.073214
-0.173214 0.073214
-0.151786 0.073214
-0.130357 0.073214
-0.108929 0.073214
-0.087500 0.073214
-0.066071 0.073214
-0.044643 0.073214
-0.023214 0.073214
-0.001786 0.073214
0.019643 0.073214
0.042857 0.073214
0.064286 0.073214
0.085714 0.073214
0.107143 0.073214
0.128571 0.073214
0.150000 0.073214
0.171429 0.073214
0.192857 0.073214
0.214286 0.073214
0.235714 0.073214
0.257143 0.073214
0.278571 0.073214
0.300000 0.073214
0.321429 0.073214
0.342857 0.073214
0.364286 0.073214
0.385714 0.073214
0.444643 0.073214
0.466071 0.073214
0.487500 0.073214
0.532143 0.073214
-0.576786 0.071429
-0.519643 0.071429
-0.498214 0.071429
-0.476786 0.071429
-0.455357 0.071429
-0.433929 0.071429
-0.412500 0.071429
-0.391071 0.071429
-0.369643 0.071429
-0.348214 0.071429
-0.326786 0.071429
-0.305357 0.071429
-0.283929 0.071429
-0.262500 0.071429
-0.241071 0.071429
-0.216071 0.071429
-0.187500 0.071429
-0.166071 0.071429
-0.144643 0.071429
-0.123214 0.071429
-0.101786 0.071429
-0.080357 0.071429
-0.058929 0.071429
-0.037500 0.071429
-0.016071 0.071429
0.005357 0.071429
0.030357 0.071429
0.051786 0.071429
0.073214 0.071429
0.094643 0.071429
0.116071 0.071429
0.137500 0.071429
0.158929 0.071429
0.180357 0.071429
0.201786 0.071429
0.223214 0.071429
0.244643 0.071429
0.266071 0.071429
0.287500 0.071429
0.308929 0.071429
0.330357 0.071429
0.351786 0.071429
0.373214 0.071429
0.394643 0.071429
0.451786 0.071429
0.473214 0.071429
0.517857 0.071429
-0.600000 0.069643
-0.569643 0.069643
-0.514286 0.069643
-0.492857 0.069643
-0.471429 0.069643
-0.450000 0.069643
-0.428571 0.069643
-0.407143 0.069643
-0.385714 0.069643
-0.364286 0.069643
-0.342857 0.069643
-0.321429 0.069643
-0.300000 0.069643
-0.278571 0.069643
-0.257143 0.069643
-0.235714 0.069643
-0.203571 0.069643
-0.182143 0.069643
-0.160714 0.069643
-0.139286 0.069643
-0.117857 0.069643
-0.096429 0.069643
-0.075000 0.069643
-0.053571 0.069643
-0.032143 0.069643
-0.010714 0.069643
0.012500 0.069643
0.037500 0.069643
0.058929 0.069643
0.080357 0.069643
0.101786 0.069643
0.123214 0.069643
0.144643 0.069643
0.166071 0.069643
0.187500 0.069643
0.208929 0.069643
0.230357 0.069643
0.251786 0.069643
0.273214 0.069643
0.294643 0.069643
0.316071 0.069643
0.337500 0.069643
0.358929 0.069643
0.380357 0.069643
0.401786 0.069643
0.458929 0.069643
0.480357 0.069643
0.525000 0.069643
-0.592857 0.067857
-0.530357 0.067857
-0.508929 0.067857
-0.487500 0.067857
-0.466071 0.067857
-0.444643 0.067857
-0.423214 0.067857
-0.401786 0.067857
-0.380357 0.067857
-0.358929 0.067857
-0.337500 0.067857
-0.316071 0.067857
-0.294643 0.067857
-0.273214 0.067857
-0.251786 0.067857
-0.230357 0.067857
-0.198214 0.067857
-0.176786 0.067857
-0.155357 0.067857
-0.133929 0.067857
-0.112500 0.067857
-0.091071 0.067857
-0.069643 0.067857
-0.048214 0.067857
-0.026786 0.067857
-0.005357 0.067857
0.017857 0.067857
0.041071 0.067857
0.062500 0.067857
0.083929 0.067857
0.105357 0.067857
0.126786 0.067857
0.148214 0.067857
0.169643 0.067857
0.191071 0.067857
0.212500 0.067857
0.233929 0.067857
0.255357 0.067857
0.276786 0.067857
0.298214 0.067857
0.319643 0.067857
0.341071 0.067857
0.362500 0.067857
0.383929 0.067857
0.405357 0.067857
0.464286 0.067857
0.485714 0.067857
0.530357 0.067857
-0.578571 0.066071
-0.525000 0.066071
-0.503571 0.066071
-0.482143 0.066071
-0.460714 0.066071
-0.439286 0.066071
-0.417857 0.066071
-0.396429 0.066071
-0.375000 0.066071
-0.353571 0.066071
-0.332143 0.066071
-0.310714 0.066071
-0.289286 0.066071
-0.267857 0.066071
-0.246429 0.066071
-0.225000 0.066071
-0.191071 0.066071
-0.169643 0.066071
-0.148214 0.066071
-0.126786 0.066071
-0.105357 0.066071
-0.083929 0.066071
-0.062500 0.066071
-0.041071 0.066071
-0.019643 0.066071
0.001786 0.066071
0.025000 0.066071
0.050000 0.066071
0.071429 0.066071
0.092857 0.066071
0.114286 0.066071
0.135714 0.066071
0.157143 0.066071
0.178571 0.066071
0.200000 0.066071
0.221429 0.066071
0.242857 0.066071
0.264286 0.066071
0.285714 0.066071
0.307143 0.066071
0.328571 0.066071
0.350000 0.066071
0.371429 0.066071
0.392857 0.066071
0.451786 0.066071
0.473214 0.066071
0.517857 0.066071
-0.600000 0.064286
-0.569643 0.064286
-0.516071 0.064286
-0.494643 0.064286
-0.473214 0.064286
-0.451786 0.064286
-0.430357 0.064286
-0.408929 0.064286
-0.387500 0.064286
-0.366071 0.064286
-0.344643 0.064286
-0.323214 0.064286
-0.301786 0.064286
-0.280357 0.064286
-0.258929 0.064286
-0.237500 0.064286
-0.203571 0.064286
-0.182143 0.064286
-0.160714 0.064286
-0.139286 0.064286
-0.117857 0.064286
-0.096429 0.064286
-0.075000 0.064286
-0.053571 0.064286
-0.032143 0.064286
-0.010714 0.064286
0.010714 0.064286
0.037500 0.064286
0.058929 0.064286
0.080357 0.064286
0.101786 0.064286
0.123214 0.064286
0.144643 0.064286
0.166071 0.064286
0.187500 0.064286
0.208929 0.064286
0.230357 0.064286
0.251786 0.064286
0.273214 0.064286
0.294643 0.064286
0.316071 0.064286
0.337500 0.064286
0.358929 0.064286
0.380357 0.064286
0.401786 0.064286
0.460714 0.064286
0.482143 0.064286
0.526786 0.064286
-0.580357 0.062500
-0.526786 0.062500
-0.505357 0.062500
-0.483929 0.062500
-0.462500 0.062500
-0.441071 0.062500
-0.419643 0.062500
-0.398214 0.062500
-0.376786 0.062500
-0.355357 0.062500
-0.333929 0.062500
-0.312500 0.062500
-0.291071 0.062500
-0.269643 0.062500
-0.248214 0.062500
-0.212500 0.062500
-0.191071 0.062500
-0.169643 0.062500
-0.148214 0.062500
-0.126786 0.062500
-0.105357 0.062500
-0.083929 0.062500
-0.062500 0.062500
-0.041071 0.062500
-0.019643 0.062500
0.001786 0.062500
0.032143 0.062500
0.053571 0.062500
0.075000 0.062500
0.096429 0.062500
0.117857 0.062500
0.139286 0.062500
0.160714 0.062500
0.182143 0.062500
0.203571 0.062500
0.225000 0.062500
0.246429 0.062500
0.267857 0.062500
0.289286 0.062500
0.310714 0.062500
0.332143 0.062500
0.353571 0.062500
0.375000 0.062500
0.396429 0.062500
0.458929 0.062500
0.480357 0.062500
0.525000 0.062500
-0.591071 0.060714
-0.530357 0.060714
-0.508929 0.060714
-0.487500 0.060714
-0.466071 0.060714
-0.444643 0.060714
-0.423214 0.060714
-0.401786 0.060714
-0.380357 0.060714
-0.358929 0.060714
-0.337500 0.060714
-0.316071 0.060714
-0.294643 0.060714
-0.273214 0.060714
-0.251786 0.060714
-0.230357 0.060714
-0.196429 0.060714
-0.175000 0.060714
-0.153571 0.060714
-0.132143 0.060714
-0.110714 0.060714
-0.089286 0.060714
-0.067857 0.060714
-0.046429 0.060714
-0.025000 0.060714
-0.003571 0.060714
0.023214 0.060714
0.050000 0.060714
0.071429 0.060714
0.092857 0.060714
0.114286 0.060714
0.135714 0.060714
0.157143 0.060714
0.178571 0.060714
0.200000 0.060714
0.221429 0.060714
0.242857 0.060714
0.264286 0.060714
0.285714 0.060714
0.307143 0.060714
0.328571 0.060714
0.350000 0.060714
0.371429 0.060714
0.392857 0.060714
0.451786 0.060714
0.473214 0.060714
0.516071 0.060714
-0.600000 0.058929
-0.571429 0.058929
-0.519643 0.058929
-0.498214 0.058929
-0.476786 0.058929
-0.455357 0.058929
-0.433929 0.058929
-0.412500 0.058929
-0.391071 0.058929
-0.369643 0.058929
-0.348214 0.058929
-0.326786 0.058929
-0.305357 0.058929
-0.283929 0.058929
-0.262500 0.058929
-0.241071 0.058929
-0.207143 0.058929
-0.185714 0.058929
-0.164286 0.058929
-0.142857 0.058929
-0.121429 0.058929
-0.100000 0.058929
-0.078571 0.058929
-0.057143 0.058929
-0.035714 0.058929
-0.014286 0.058929
0.007143 0.058929
0.041071 0.058929
0.062500 0.058929
0.083929 0.058929
0.105357 0.058929
0.126786 0.058929
0.148214 0.058929
0.169643 0.058929
0.191071 0.058929
0.212500 0.058929
0.233929 0.058929
0.255357 0.058929
0.276786 0.058929
0.298214 0.058929
0.319643 0.058929
0.341071 0.058929
0.362500 0.058929
0.383929 0.058929
0.405357 0.058929
0.464286 0.058929
0.485714 0.058929
0.525000 0.058929
-0.591071 0.057143
-0.532143 0.057143
-0.510714 0.057143
-0.489286 0.057143
-0.467857 0.057143
-0.446429 0.057143
-0.425000 0.057143
-0.403571 0.057143
-0.382143 0.057143
-0.360714 0.057143
-0.339286 0.057143
-0.317857 0.057143
-0.296429 0.057143
-0.275000 0.057143
-0.253571 0.057143
-0.232143 0.057143
-0.200000 0.057143
-0.178571 0.057143
-0.157143 0.057143
-0.135714 0.057143
-0.114286 0.057143
-0.092857 0.057143
-0.071429 0.057143
-0.050000 0.057143
-0.028571 0.057143
-0.007143 0.057143
0.016071 0.057143
0.044643 0.057143
0.066071 0.057143
0.087500 0.057143
0.108929 0.057143
0.130357 0.057143
0.151786 0.057143
0.173214 0.057143
0.194643 0.057143
0.216071 0.057143
0.237500 0.057143
0.258929 0.057143
0.280357 0.057143
0.301786 0.057143
0.323214 0.057143
0.344643 0.057143
0.366071 0.057143
0.387500 0.057143
0.408929 0.057143
0.471429 0.057143
0.492857 0.057143
-0.603571 0.055357
-0.575000 0.055357
-0.523214 0.055357
-0.501786 0.055357
-0.480357 0.055357
-0.458929 0.055357
-0.437500 0.055357
-0.416071 0.055357
-0.394643 0.055357
-0.373214 0.055357
-0.348214 0.055357
-0.326786 0.055357
-0.305357 0.055357
-0.283929 0.055357
-0.262500 0.055357
-0.241071 0.055357
-0.210714 0.055357
-0.189286 0.055357
-0.167857 0.055357
-0.146429 0.055357
-0.125000 0.055357
-0.103571 0.055357
-0.082143 0.055357
-0.060714 0.055357
-0.039286 0.055357
-0.017857 0.055357
0.003571 0.055357
0.039286 0.055357
0.060714 0.055357
0.082143 0.055357
0.103571 0.055357
0.125000 0.055357
0.146429 0.055357
0.167857 0.055357
0.189286 0.055357
0.210714 0.055357
0.232143 0.055357
0.253571 0.055357
0.275000 0.055357
0.296429 0.055357
0.317857 0.055357
0.339286 0.055357
0.360714 0.055357
0.382143 0.055357
0.403571 0.055357
0.467857 0.055357
0.489286 0.055357
-0.603571 0.053571
-0.575000 0.053571
-0.525000 0.053571
-0.503571 0.053571
-0.482143 0.053571
-0.460714 0.053571
-0.439286 0.053571
-0.417857 0.053571
-0.396429 0.053571
-0.375000 0.053571
-0.351786 0.053571
-0.330357 0.053571
-0.308929 0.053571
-0.287500 0.053571
-0.266071 0.053571
-0.244643 0.053571
-0.214286 0.053571
-0.192857 0.053571
-0.171429 0.053571
-0.150000 0.053571
-0.128571 0.053571
-0.107143 0.053571
-0.085714 0.053571
-0.064286 0.053571
-0.042857 0.053571
-0.021429 0.053571
0.000000 0.053571
0.028571 0.053571
0.055357 0.053571
0.076786 0.053571
0.098214 0.053571
0.119643 0.053571
0.141071 0.053571
0.162500 0.053571
0.183929 0.053571
0.205357 0.053571
0.226786 0.053571
0.248214 0.053571
0.269643 0.053571
0.291071 0.053571
0.312500 0.053571
0.333929 0.053571
0.355357 0.053571
0.376786 0.053571
0.398214 0.053571
0.464286 0.053571
0.485714 0.053571
0.528571 0.053571
-0.578571 0.051786
-0.530357 0.051786
-0.508929 0.051786
-0.487500 0.051786
-0.466071 0.051786
-0.444643 0.051786
-0.423214 0.051786
-0.401786 0.051786
-0.380357 0.051786
-0.358929 0.051786
-0.337500 0.051786
-0.316071 0.051786
-0.294643 0.051786
-0.273214 0.051786
-0.251786 0.051786
-0.221429 0.051786
-0.200000 0.051786
-0.178571 0.051786
-0.157143 0.051786
-0.135714 0.051786
-0.114286 0.051786
-0.092857 0.051786
-0.071429 0.051786
-0.050000 0.051786
-0.028571 0.051786
-0.007143 0.051786
0.023214 0.051786
0.050000 0.051786
0.071429 0.051786
0.092857 0.051786
0.114286 0.051786
0.135714 0.051786
0.157143 0.051786
0.178571 0.051786
0.200000 0.051786
0.221429 0.051786
0.242857 0.051786
0.264286 0.051786
0.285714 0.051786
0.307143 0.051786
0.328571 0.051786
0.350000 0.051786
0.371429 0.051786
0.392857 0.051786
0.458929 0.051786
0.483929 0.051786
0.526786 0.051786
-0.580357 0.050000
-0.532143 0.050000
-0.510714 0.050000
-0.489286 0.050000
-0.467857 0.050000
-0.446429 0.050000
-0.425000 0.050000
-0.403571 0.050000
-0.382143 0.050000
-0.360714 0.050000
-0.339286 0.050000
-0.317857 0.050000
-0.296429 0.050000
-0.275000 0.050000
-0.253571 0.050000
-0.221429 0.050000
-0.200000 0.050000
-0.178571 0.050000
-0.157143 0.050000
-0.135714 0.050000
-0.114286 0.050000
-0.092857 0.050000
-0.071429 0.050000
-0.050000 0.050000
-0.028571 0.050000
-0.007143 0.050000
0.014286 0.050000
0.051786 0.050000
0.073214 0.050000
0.094643 0.050000
0.116071 0.050000
0.137500 0.050000
0.158929 0.050000
0.180357 0.050000
0.201786 0.050000
0.223214 0.050000
0.244643 0.050000
0.266071 0.050000
0.287500 0.050000
0.308929 0.050000
0.330357 0.050000
0.351786 0.050000
0.373214 0.050000
0.394643 0.050000
0.455357 0.050000
0.480357 0.050000
0.517857 0.050000
-0.594643 0.048214
-0.564286 0.048214
-0.516071 0.048214
-0.494643 0.048214
-0.473214 0.048214
-0.451786 0.048214
-0.430357 0.048214
-0.408929 0.048214
-0.387500 0.048214
-0.366071 0.048214
-0.344643 0.048214
-0.323214 0.048214
-0.301786 0.048214
-0.280357 0.048214
-0.258929 0.048214
-0.237500 0.048214
-0.207143 0.048214
-0.185714 0.048214
-0.164286 0.048214
-0.142857 0.048214
-0.121429 0.048214
-0.100000 0.048214
-0.078571 0.048214
-0.057143 0.048214
-0.035714 0.048214
-0.014286 0.048214
0.007143 0.048214
0.042857 0.048214
0.064286 0.048214
0.085714 0.048214
0.107143 0.048214
0.128571 0.048214
0.150000 0.048214
0.171429 0.048214
0.192857 0.048214
0.214286 0.048214
0.235714 0.048214
0.257143 0.048214
0.278571 0.048214
0.300000 0.048214
0.321429 0.048214
0.342857 0.048214
0.364286 0.048214
0.385714 0.048214
0.407143 0.048214
0.473214 0.048214
0.507143 0.048214
-0.600000 0.046429
-0.569643 0.046429
-0.521429 0.046429
-0.500000 0.046429
-0.478571 0.046429
-0.457143 0.046429
-0.435714 0.046429
-0.414286 0.046429
-0.392857 0.046429
-0.371429 0.046429
-0.350000 0.046429
-0.328571 0.046429
-0.307143 0.046429
-0.285714 0.046429
-0.264286 0.046429
-0.242857 0.046429
-0.212500 0.046429
-0.191071 0.046429
-0.169643 0.046429
-0.148214 0.046429
-0.126786 0.046429
-0.105357 0.046429
-0.083929 0.046429
-0.062500 0.046429
-0.041071 0.046429
-0.019643 0.046429
0.001786 0.046429
0.032143 0.046429
0.058929 0.046429
0.080357 0.046429
0.101786 0.046429
0.123214 0.046429
0.144643 0.046429
0.166071 0.046429
0.187500 0.046429
0.208929 0.046429
0.230357 0.046429
0.251786 0.046429
0.273214 0.046429
0.294643 0.046429
0.316071 0.046429
0.337500 0.046429
0.358929 0.046429
0.380357 0.046429
0.401786 0.046429
0.469643 0.046429
0.494643 0.046429
-0.601786 0.044643
-0.571429 0.044643
-0.525000 0.044643
-0.503571 0.044643
-0.482143 0.044643
-0.460714 0.044643
-0.439286 0.044643
-0.417857 0.044643
-0.396429 0.044643
-0.375000 0.044643
-0.353571 0.044643
-0.332143 0.044643
-0.310714 0.044643
-0.289286 0.044643
-0.267857 0.044643
-0.246429 0.044643
-0.216071 0.044643
-0.194643 0.044643
-0.173214 0.044643
-0.151786 0.044643
-0.130357 0.044643
-0.108929 0.044643
-0.087500 0.044643
-0.066071 0.044643
-0.044643 0.044643
-0.023214 0.044643
-0.001786 0.044643
0.028571 0.044643
0.055357 0.044643
0.076786 0.044643
0.098214 0.044643
0.119643 0.044643
0.141071 0.044643
0.164286 0.044643
0.185714 0.044643
0.207143 0.044643
0.228571 0.044643
0.250000 0.044643
0.271429 0.044643
0.292857 0.044643
0.314286 0.044643
0.335714 0.044643
0.357143 0.044643
0.378571 0.044643
0.400000 0.044643
0.473214 0.044643
0.514286 0.044643
-0.598214 0.042857
-0.569643 0.042857
-0.523214 0.042857
-0.501786 0.042857
-0.480357 0.042857
-0.458929 0.042857
-0.437500 0.042857
-0.416071 0.042857
-0.394643 0.042857
-0.373214 0.042857
-0.351786 0.042857
-0.330357 0.042857
-0.308929 0.042857
-0.287500 0.042857
-0.266071 0.042857
-0.244643 0.042857
-0.214286 0.042857
-0.192857 0.042857
-0.171429 0.042857
-0.150000 0.042857
-0.128571 0.042857
-0.107143 0.042857
-0.085714 0.042857
-0.064286 0.042857
-0.042857 0.042857
-0.021429 0.042857
0.000000 0.042857
0.030357 0.042857
0.053571 0.042857
0.075000 0.042857
0.096429 0.042857
0.117857 0.042857
0.139286 0.042857
0.162500 0.042857
0.183929 0.042857
0.205357 0.042857
0.226786 0.042857
0.248214 0.042857
0.269643 0.042857
0.291071 0.042857
0.312500 0.042857
0.333929 0.042857
0.355357 0.042857
0.376786 0.042857
0.398214 0.042857
0.467857 0.042857
0.492857 0.042857
-0.603571 0.041071
-0.575000 0.041071
-0.526786 0.041071
-0.505357 0.041071
-0.483929 0.041071
-0.462500 0.041071
-0.441071 0.041071
-0.419643 0.041071
-0.398214 0.041071
-0.376786 0.041071
-0.355357 0.041071
-0.333929 0.041071
-0.312500 0.041071
-0.291071 0.041071
-0.269643 0.041071
-0.248214 0.041071
-0.217857 0.041071
-0.196429 0.041071
-0.175000 0.041071
-0.153571 0.041071
-0.132143 0.041071
-0.110714 0.041071
-0.089286 0.041071
-0.067857 0.041071
-0.046429 0.041071
-0.025000 0.041071
-0.003571 0.041071
0.017857 0.041071
0.051786 0.041071
0.073214 0.041071
0.094643 0.041071
0.116071 0.041071
0.137500 0.041071
0.160714 0.041071
0.182143 0.041071
0.203571 0.041071
0.225000 0.041071
0.246429 0.041071
0.267857 0.041071
0.289286 0.041071
0.310714 0.041071
0.332143 0.041071
0.353571 0.041071
0.375000 0.041071
0.396429 0.041071
0.469643 0.041071
0.505357 0.041071
-0.601786 0.039286
-0.573214 0.039286
-0.523214 0.039286
-0.501786 0.039286
-0.480357 0.039286
-0.458929 0.039286
-0.437500 0.039286
-0.416071 0.039286
-0.394643 0.039286
-0.373214 0.039286
-0.351786 0.039286
-0.330357 0.039286
-0.308929 0.039286
-0.287500 0.039286
-0.266071 0.039286
-0.242857 0.039286
-0.214286 0.039286
-0.192857 0.039286
-0.171429 0.039286
-0.150000 0.039286
-0.128571 0.039286
-0.107143 0.039286
-0.085714 0.039286
-0.064286 0.039286
-0.042857 0.039286
-0.021429 0.039286
0.000000 0.039286
0.021429 0.039286
0.053571 0.039286
0.075000 0.039286
0.096429 0.039286
0.117857 0.039286
0.139286 0.039286
0.160714 0.039286
0.182143 0.039286
0.203571 0.039286
0.225000 0.039286
0.246429 0.039286
0.267857 0.039286
0.289286 0.039286
0.310714 0.039286
0.332143 0.039286
0.353571 0.039286
0.375000 0.039286
0.396429 0.039286
0.464286 0.039286
0.492857 0.039286
-0.603571 0.037500
-0.575000 0.037500
-0.525000 0.037500
-0.503571 0.037500
-0.482143 0.037500
-0.460714 0.037500
-0.439286 0.037500
-0.417857 0.037500
-0.396429 0.037500
-0.375000 0.037500
-0.353571 0.037500
-0.332143 0.037500
-0.310714 0.037500
-0.289286 0.037500
-0.267857 0.037500
-0.244643 0.037500
-0.216071 0.037500
-0.194643 0.037500
-0.173214 0.037500
-0.151786 0.037500
-0.130357 0.037500
-0.108929 0.037500
-0.087500 0.037500
-0.066071 0.037500
-0.044643 0.037500
-0.023214 0.037500
-0.001786 0.037500
0.019643 0.037500
0.051786 0.037500
0.073214 0.037500
0.094643 0.037500
0.116071 0.037500
0.137500 0.037500
0.158929 0.037500
0.180357 0.037500
0.201786 0.037500
0.223214 0.037500
0.244643 0.037500
0.266071 0.037500
0.287500 0.037500
0.308929 0.037500
0.330357 0.037500
0.351786 0.037500
0.373214 0.037500
0.394643 0.037500
0.464286 0.037500
0.492857 0.037500
-0.603571 0.035714
-0.575000 0.035714
-0.523214 0.035714
-0.501786 0.035714
-0.480357 0.035714
-0.458929 0.035714
-0.437500 0.035714
-0.416071 0.035714
-0.394643 0.035714
-0.373214 0.035714
-0.351786 0.035714
-0.330357 0.035714
-0.308929 0.035714
-0.287500 0.035714
-0.266071 0.035714
-0.235714 0.035714
-0.214286 0.035714
-0.192857 0.035714
-0.171429 0.035714
-0.150000 0.035714
-0.128571 0.035714
-0.107143 0.035714
-0.085714 0.035714
-0.064286 0.035714
-0.042857 0.035714
-0.021429 0.035714
0.000000 0.035714
0.021429 0.035714
0.053571 0.035714
0.075000 0.035714
0.096429 0.035714
0.117857 0.035714
0.139286 0.035714
0.160714 0.035714
0.182143 0.035714
0.203571 0.035714
0.225000 0.035714
0.246429 0.035714
0.267857 0.035714
0.289286 0.035714
0.310714 0.035714
0.332143 0.035714
0.353571 0.035714
0.375000 0.035714
0.396429 0.035714
0.475000 0.035714
0.510714 0.035714
-0.598214 0.033929
-0.569643 0.033929
-0.521429 0.033929
-0.500000 0.033929
-0.478571 0.033929
-0.457143 0.033929
-0.435714 0.033929
-0.414286 0.033929
-0.392857 0.033929
-0.371429 0.033929
-0.350000 0.033929
-0.328571 0.033929
-0.307143 0.033929
-0.285714 0.033929
-0.264286 0.033929
-0.235714 0.033929
-0.214286 0.033929
-0.192857 0.033929
-0.171429 0.033929
-0.150000 0.033929
-0.128571 0.033929
-0.107143 0.033929
-0.085714 0.033929
-0.064286 0.033929
-0.042857 0.033929
-0.021429 0.033929
0.000000 0.033929
0.021429 0.033929
0.057143 0.033929
0.078571 0.033929
0.100000 0.033929
0.121429 0.033929
0.142857 0.033929
0.164286 0.033929
0.185714 0.033929
0.207143 0.033929
0.228571 0.033929
0.250000 0.033929
0.271429 0.033929
0.292857 0.033929
0.314286 0.033929
0.335714 0.033929
0.357143 0.033929
0.378571 0.033929
0.400000 0.033929
0.480357 0.033929
0.514286 0.033929
-0.594643 0.032143
-0.566071 0.032143
-0.517857 0.032143
-0.496429 0.032143
-0.475000 0.032143
-0.453571 0.032143
-0.432143 0.032143
-0.410714 0.032143
-0.389286 0.032143
-0.367857 0.032143
-0.346429 0.032143
-0.325000 0.032143
-0.303571 0.032143
-0.282143 0.032143
-0.260714 0.032143
-0.230357 0.032143
-0.208929 0.032143
-0.187500 0.032143
-0.166071 0.032143
-0.144643 0.032143
-0.123214 0.032143
-0.101786 0.032143
-0.080357 0.032143
-0.058929 0.032143
-0.037500 0.032143
-0.016071 0.032143
0.005357 0.032143
0.035714 0.032143
0.060714 0.032143
0.082143 0.032143
0.103571 0.032143
0.125000 0.032143
0.146429 0.032143
0.167857 0.032143
0.189286 0.032143
0.210714 0.032143
0.232143 0.032143
0.253571 0.032143
0.275000 0.032143
0.296429 0.032143
0.317857 0.032143
0.339286 0.032143
0.360714 0.032143
0.382143 0.032143
0.403571 0.032143
0.482143 0.032143
0.516071 0.032143
-0.592857 0.030357
-0.564286 0.030357
-0.516071 0.030357
-0.494643 0.030357
-0.473214 0.030357
-0.451786 0.030357
-0.430357 0.030357
-0.408929 0.030357
-0.387500 0.030357
-0.366071 0.030357
-0.344643 0.030357
-0.323214 0.030357
-0.301786 0.030357
-0.280357 0.030357
-0.258929 0.030357
-0.228571 0.030357
-0.207143 0.030357
-0.185714 0.030357
-0.162500 0.030357
-0.141071 0.030357
-0.119643 0.030357
-0.098214 0.030357
-0.076786 0.030357
-0.055357 0.030357
-0.033929 0.030357
-0.012500 0.030357
0.008929 0.030357
0.046429 0.030357
0.067857 0.030357
0.089286 0.030357
0.110714 0.030357
0.132143 0.030357
0.153571 0.030357
0.175000 0.030357
0.196429 0.030357
0.217857 0.030357
0.239286 0.030357
0.260714 0.030357
0.282143 0.030357
0.303571 0.030357
0.325000 0.030357
0.346429 0.030357
0.367857 0.030357
0.389286 0.030357
0.460714 0.030357
0.491071 0.030357
-0.603571 0.028571
-0.576786 0.028571
-0.528571 0.028571
-0.507143 0.028571
-0.485714 0.028571
-0.464286 0.028571
-0.442857 0.028571
-0.421429 0.028571
-0.400000 0.028571
-0.378571 0.028571
-0.357143 0.028571
-0.335714 0.028571
-0.314286 0.028571
-0.292857 0.028571
-0.271429 0.028571
-0.250000 0.028571
-0.221429 0.028571
-0.200000 0.028571
-0.178571 0.028571
-0.155357 0.028571
-0.133929 0.028571
-0.112500 0.028571
-0.091071 0.028571
-0.069643 0.028571
-0.048214 0.028571
-0.026786 0.028571
-0.005357 0.028571
0.016071 0.028571
0.050000 0.028571
0.071429 0.028571
0.092857 0.028571
0.114286 0.028571
0.135714 0.028571
0.157143 0.028571
0.178571 0.028571
0.200000 0.028571
0.221429 0.028571
0.242857 0.028571
0.264286 0.028571
0.285714 0.028571
0.307143 0.028571
0.328571 0.028571
0.350000 0.028571
0.371429 0.028571
0.392857 0.028571
0.475000 0.028571
0.510714 0.028571
-0.598214 0.026786
-0.569643 0.026786
-0.521429 0.026786
-0.500000 0.026786
-0.478571 0.026786
-0.457143 0.026786
-0.435714 0.026786
-0.414286 0.026786
-0.392857 0.026786
-0.371429 0.026786
-0.350000 0.026786
-0.328571 0.026786
-0.307143 0.026786
-0.285714 0.026786
-0.264286 0.026786
-0.233929 0.026786
-0.212500 0.026786
-0.191071 0.026786
-0.164286 0.026786
-0.142857 0.026786
-0.121429 0.026786
-0.100000 0.026786
-0.078571 0.026786
-0.057143 0.026786
-0.033929 0.026786
-0.012500 0.026786
0.008929 0.026786
0.042857 0.026786
0.066071 0.026786
0.087500 0.026786
0.108929 0.026786
0.130357 0.026786
0.151786 0.026786
0.173214 0.026786
0.194643 0.026786
0.216071 0.026786
0.237500 0.026786
0.258929 0.026786
0.280357 0.026786
0.301786 0.026786
0.323214 0.026786
0.344643 0.026786
0.366071 0.026786
0.387500 0.026786
0.451786 0.026786
0.489286 0.026786
0.521429 0.026786
-0.587500 0.025000
-0.533929 0.025000
-0.512500 0.025000
-0.491071 0.025000
-0.469643 0.025000
-0.448214 0.025000
-0.426786 0.025000
-0.405357 0.025000
-0.383929 0.025000
-0.362500 0.025000
-0.341071 0.025000
-0.319643 0.025000
-0.298214 0.025000
-0.276786 0.025000
-0.255357 0.025000
-0.223214 0.025000
-0.201786 0.025000
-0.180357 0.025000
-0.153571 0.025000
-0.132143 0.025000
-0.110714 0.025000
-0.089286 0.025000
-0.067857 0.025000
-0.044643 0.025000
-0.023214 0.025000
-0.001786 0.025000
0.019643 0.025000
0.055357 0.025000
0.076786 0.025000
0.098214 0.025000
0.119643 0.025000
0.141071 0.025000
0.162500 0.025000
0.183929 0.025000
0.205357 0.025000
0.226786 0.025000
0.248214 0.025000
0.269643 0.025000
0.291071 0.025000
0.312500 0.025000
0.333929 0.025000
0.355357 0.025000
0.376786 0.025000
0.398214 0.025000
0.476786 0.025000
0.508929 0.025000
-0.600000 0.023214
-0.571429 0.023214
-0.525000 0.023214
-0.503571 0.023214
-0.482143 0.023214
-0.460714 0.023214
-0.439286 0.023214
-0.417857 0.023214
-0.396429 0.023214
-0.375000 0.023214
-0.353571 0.023214
-0.332143 0.023214
-0.310714 0.023214
-0.289286 0.023214
-0.267857 0.023214
-0.235714 0.023214
-0.214286 0.023214
-0.192857 0.023214
-0.169643 0.023214
-0.148214 0.023214
-0.126786 0.023214
-0.105357 0.023214
-0.083929 0.023214
-0.062500 0.023214
-0.041071 0.023214
-0.019643 0.023214
0.001786 0.023214
0.023214 0.023214
0.058929 0.023214
0.080357 0.023214
0.101786 0.023214
0.123214 0.023214
0.144643 0.023214
0.166071 0.023214
0.187500 0.023214
0.208929 0.023214
0.230357 0.023214
0.251786 0.023214
0.273214 0.023214
0.294643 0.023214
0.316071 0.023214
0.337500 0.023214
0.358929 0.023214
0.380357 0.023214
0.401786 0.023214
0.480357 0.023214
0.512500 0.023214
-0.594643 0.021429
-0.564286 0.021429
-0.517857 0.021429
-0.496429 0.021429
-0.475000 0.021429
-0.453571 0.021429
-0.432143 0.021429
-0.410714 0.021429
-0.389286 0.021429
-0.367857 0.021429
-0.346429 0.021429
-0.325000 0.021429
-0.303571 0.021429
-0.282143 0.021429
-0.260714 0.021429
-0.228571 0.021429
-0.207143 0.021429
-0.185714 0.021429
-0.160714 0.021429
-0.139286 0.021429
-0.117857 0.021429
-0.096429 0.021429
-0.075000 0.021429
-0.053571 0.021429
-0.030357 0.021429
-0.008929 0.021429
0.012500 0.021429
0.046429 0.021429
0.067857 0.021429
0.089286 0.021429
0.110714 0.021429
0.132143 0.021429
0.153571 0.021429
0.175000 0.021429
0.196429 0.021429
0.217857 0.021429
0.239286 0.021429
0.260714 0.021429
0.282143 0.021429
0.303571 0.021429
0.325000 0.021429
0.346429 0.021429
0.367857 0.021429
0.389286 0.021429
0.451786 0.021429
0.489286 0.021429
0.521429 0.021429
-0.585714 0.019643
-0.533929 0.019643
-0.512500 0.019643
-0.491071 0.019643
-0.469643 0.019643
-0.448214 0.019643
-0.426786 0.019643
-0.405357 0.019643
-0.383929 0.019643
-0.362500 0.019643
-0.341071 0.019643
-0.319643 0.019643
-0.298214 0.019643
-0.276786 0.019643
-0.255357 0.019643
-0.225000 0.019643
-0.203571 0.019643
-0.182143 0.019643
-0.158929 0.019643
-0.137500 0.019643
-0.116071 0.019643
-0.094643 0.019643
-0.073214 0.019643
-0.051786 0.019643
-0.028571 0.019643
-0.007143 0.019643
0.014286 0.019643
0.051786 0.019643
0.073214 0.019643
0.094643 0.019643
0.116071 0.019643
0.137500 0.019643
0.158929 0.019643
0.180357 0.019643
0.201786 0.019643
0.223214 0.019643
0.244643 0.019643
0.266071 0.019643
0.287500 0.019643
0.308929 0.019643
0.330357 0.019643
0.351786 0.019643
0.373214 0.019643
0.394643 0.019643
0.473214 0.019643
0.494643 0.019643
-0.603571 0.017857
-0.575000 0.017857
-0.530357 0.017857
-0.508929 0.017857
-0.487500 0.017857
-0.466071 0.017857
-0.444643 0.017857
-0.423214 0.017857
-0.401786 0.017857
-0.380357 0.017857
-0.358929 0.017857
-0.337500 0.017857
-0.316071 0.017857
-0.294643 0.017857
-0.273214 0.017857
-0.248214 0.017857
-0.219643 0.017857
-0.198214 0.017857
-0.162500 0.017857
-0.141071 0.017857
-0.119643 0.017857
-0.098214 0.017857
-0.076786 0.017857
-0.055357 0.017857
-0.030357 0.017857
-0.008929 0.017857
0.012500 0.017857
0.048214 0.017857
0.069643 0.017857
0.091071 0.017857
0.112500 0.017857
0.133929 0.017857
0.155357 0.017857
0.176786 0.017857
0.198214 0.017857
0.219643 0.017857
0.241071 0.017857
0.262500 0.017857
0.283929 0.017857
0.305357 0.017857
0.326786 0.017857
0.348214 0.017857
0.369643 0.017857
0.391071 0.017857
0.451786 0.017857
0.489286 0.017857
-0.605357 0.016071
-0.575000 0.016071
-0.530357 0.016071
-0.508929 0.016071
-0.487500 0.016071
-0.466071 0.016071
-0.444643 0.016071
-0.423214 0.016071
-0.401786 0.016071
-0.380357 0.016071
-0.358929 0.016071
-0.337500 0.016071
-0.316071 0.016071
-0.294643 0.016071
-0.273214 0.016071
-0.250000 0.016071
-0.219643 0.016071
-0.198214 0.016071
-0.153571 0.016071
-0.132143 0.016071
-0.110714 0.016071
-0.089286 0.016071
-0.067857 0.016071
-0.042857 0.016071
-0.021429 0.016071
0.000000 0.016071
0.021429 0.016071
0.055357 0.016071
0.076786 0.016071
0.098214 0.016071
0.119643 0.016071
0.141071 0.016071
0.162500 0.016071
0.183929 0.016071
0.205357 0.016071
0.226786 0.016071
0.248214 0.016071
0.269643 0.016071
0.291071 0.016071
0.312500 0.016071
0.333929 0.016071
0.355357 0.016071
0.376786 0.016071
0.398214 0.016071
0.475000 0.016071
0.507143 0.016071
-0.598214 0.014286
-0.567857 0.014286
-0.523214 0.014286
-0.501786 0.014286
-0.480357 0.014286
-0.458929 0.014286
-0.437500 0.014286
-0.416071 0.014286
-0.394643 0.014286
-0.373214 0.014286
-0.351786 0.014286
-0.330357 0.014286
-0.308929 0.014286
-0.287500 0.014286
-0.266071 0.014286
-0.233929 0.014286
-0.212500 0.014286
-0.160714 0.014286
-0.139286 0.014286
-0.117857 0.014286
-0.096429 0.014286
-0.075000 0.014286
-0.053571 0.014286
-0.032143 0.014286
-0.010714 0.014286
0.010714 0.014286
0.039286 0.014286
0.067857 0.014286
0.089286 0.014286
0.110714 0.014286
0.132143 0.014286
0.153571 0.014286
0.175000 0.014286
0.196429 0.014286
0.217857 0.014286
0.239286 0.014286
0.260714 0.014286
0.282143 0.014286
0.303571 0.014286
0.325000 0.014286
0.346429 0.014286
0.367857 0.014286
0.389286 0.014286
0.441071 0.014286
0.485714 0.014286
0.516071 0.014286
-0.589286 0.012500
-0.558929 0.012500
-0.516071 0.012500
-0.494643 0.012500
-0.473214 0.012500
-0.451786 0.012500
-0.430357 0.012500
-0.408929 0.012500
-0.387500 0.012500
-0.366071 0.012500
-0.344643 0.012500
-0.323214 0.012500
-0.301786 0.012500
-0.280357 0.012500
-0.258929 0.012500
-0.225000 0.012500
-0.203571 0.012500
-0.146429 0.012500
-0.125000 0.012500
-0.103571 0.012500
-0.082143 0.012500
-0.060714 0.012500
-0.039286 0.012500
-0.017857 0.012500
0.003571 0.012500
0.025000 0.012500
0.058929 0.012500
0.080357 0.012500
0.101786 0.012500
0.123214 0.012500
0.144643 0.012500
0.166071 0.012500
0.187500 0.012500
0.208929 0.012500
0.230357 0.012500
0.251786 0.012500
0.273214 0.012500
0.294643 0.012500
0.316071 0.012500
0.337500 0.012500
0.358929 0.012500
0.380357 0.012500
0.401786 0.012500
0.476786 0.012500
0.507143 0.012500
-0.598214 0.010714
-0.567857 0.010714
-0.525000 0.010714
-0.503571 0.010714
-0.482143 0.010714
-0.460714 0.010714
-0.439286 0.010714
-0.417857 0.010714
-0.396429 0.010714
-0.375000 0.010714
-0.353571 0.010714
-0.332143 0.010714
-0.310714 0.010714
-0.289286 0.010714
-0.267857 0.010714
-0.233929 0.010714
-0.212500 0.010714
-0.151786 0.010714
-0.130357 0.010714
-0.108929 0.010714
-0.087500 0.010714
-0.066071 0.010714
-0.044643 0.010714
-0.023214 0.010714
-0.001786 0.010714
0.019643 0.010714
0.053571 0.010714
0.075000 0.010714
0.096429 0.010714
0.117857 0.010714
0.139286 0.010714
0.160714 0.010714
0.182143 0.010714
0.203571 0.010714
0.225000 0.010714
0.246429 0.010714
0.267857 0.010714
0.289286 0.010714
0.310714 0.010714
0.332143 0.010714
0.353571 0.010714
0.375000 0.010714
0.396429 0.010714
0.469643 0.010714
0.491071 0.010714
-0.603571 0.008929
-0.571429 0.008929
-0.530357 0.008929
-0.508929 0.008929
-0.487500 0.008929
-0.466071 0.008929
-0.444643 0.008929
-0.423214 0.008929
-0.401786 0.008929
-0.380357 0.008929
-0.358929 0.008929
-0.337500 0.008929
-0.316071 0.008929
-0.294643 0.008929
-0.273214 0.008929
-0.248214 0.008929
-0.219643 0.008929
-0.153571 0.008929
-0.132143 0.008929
-0.110714 0.008929
-0.089286 0.008929
-0.067857 0.008929
-0.046429 0.008929
-0.025000 0.008929
-0.003571 0.008929
0.017857 0.008929
0.053571 0.008929
0.075000 0.008929
0.096429 0.008929
0.117857 0.008929
0.139286 0.008929
0.160714 0.008929
0.182143 0.008929
0.203571 0.008929
0.225000 0.008929
0.246429 0.008929
0.267857 0.008929
0.289286 0.008929
0.310714 0.008929
0.332143 0.008929
0.353571 0.008929
0.375000 0.008929
0.396429 0.008929
0.467857 0.008929
0.489286 0.008929
-0.605357 0.007143
-0.583929 0.007143
-0.532143 0.007143
-0.510714 0.007143
-0.489286 0.007143
-0.467857 0.007143
-0.446429 0.007143
-0.425000 0.007143
-0.403571 0.007143
-0.382143 0.007143
-0.360714 0.007143
-0.339286 0.007143
-0.317857 0.007143
-0.296429 0.007143
-0.275000 0.007143
-0.250000 0.007143
-0.219643 0.007143
-0.150000 0.007143
-0.126786 0.007143
-0.105357 0.007143
-0.083929 0.007143
-0.062500 0.007143
-0.017857 0.007143
0.003571 0.007143
0.025000 0.007143
0.062500 0.007143
0.083929 0.007143
0.105357 0.007143
0.126786 0.007143
0.148214 0.007143
0.169643 0.007143
0.191071 0.007143
0.212500 0.007143
0.233929 0.007143
0.255357 0.007143
0.276786 0.007143
0.298214 0.007143
0.319643 0.007143
0.341071 0.007143
0.362500 0.007143
0.383929 0.007143
0.405357 0.007143
0.478571 0.007143
0.507143 0.007143
-0.596429 0.005357
-0.564286 0.005357
-0.523214 0.005357
-0.501786 0.005357
-0.480357 0.005357
-0.458929 0.005357
-0.437500 0.005357
-0.416071 0.005357
-0.394643 0.005357
-0.373214 0.005357
-0.351786 0.005357
-0.330357 0.005357
-0.308929 0.005357
-0.287500 0.005357
-0.266071 0.005357
-0.235714 0.005357
-0.214286 0.005357
-0.142857 0.005357
-0.116071 0.005357
-0.094643 0.005357
-0.073214 0.005357
-0.019643 0.005357
0.001786 0.005357
0.023214 0.005357
0.057143 0.005357
0.078571 0.005357
0.100000 0.005357
0.121429 0.005357
0.142857 0.005357
0.164286 0.005357
0.185714 0.005357
0.207143 0.005357
0.228571 0.005357
0.250000 0.005357
0.271429 0.005357
0.292857 0.005357
0.314286 0.005357
0.335714 0.005357
0.357143 0.005357
0.378571 0.005357
0.400000 0.005357
0.473214 0.005357
0.494643 0.005357
-0.601786 0.003571
-0.580357 0.003571
-0.530357 0.003571
-0.508929 0.003571
-0.487500 0.003571
-0.466071 0.003571
-0.444643 0.003571
-0.423214 0.003571
-0.401786 0.003571
-0.380357 0.003571
-0.358929 0.003571
-0.337500 0.003571
-0.316071 0.003571
-0.294643 0.003571
-0.273214 0.003571
-0.248214 0.003571
-0.219643 0.003571
-0.146429 0.003571
-0.125000 0.003571
-0.103571 0.003571
-0.082143 0.003571
-0.021429 0.003571
0.000000 0.003571
0.021429 0.003571
0.055357 0.003571
0.076786 0.003571
0.098214 0.003571
0.119643 0.003571
0.141071 0.003571
0.162500 0.003571
0.183929 0.003571
0.205357 0.003571
0.226786 0.003571
0.248214 0.003571
0.269643 0.003571
0.291071 0.003571
0.312500 0.003571
0.333929 0.003571
0.355357 0.003571
0.376786 0.003571
0.398214 0.003571
0.475000 0.003571
0.505357 0.003571
-0.598214 0.001786
-0.564286 0.001786
-0.521429 0.001786
-0.500000 0.001786
-0.478571 0.001786
-0.457143 0.001786
-0.435714 0.001786
-0.414286 0.001786
-0.392857 0.001786
-0.371429 0.001786
-0.350000 0.001786
-0.328571 0.001786
-0.307143 0.001786
-0.285714 0.001786
-0.264286 0.001786
-0.232143 0.001786
-0.208929 0.001786
-0.133929 0.001786
-0.112500 0.001786
-0.091071 0.001786
-0.023214 0.001786
-0.001786 0.001786
0.019643 0.001786
0.050000 0.001786
0.073214 0.001786
0.094643 0.001786
0.116071 0.001786
0.137500 0.001786
0.158929 0.001786
0.180357 0.001786
0.201786 0.001786
0.223214 0.001786
0.244643 0.001786
0.266071 0.001786
0.287500 0.001786
0.308929 0.001786
0.330357 0.001786
0.351786 0.001786
0.373214 0.001786
0.394643 0.001786
0.469643 0.001786
0.491071 0.001786
-0.601786 0.000000
-0.580357 0.000000
-0.528571 0.000000
-0.507143 0.000000
-0.485714 0.000000
-0.464286 0.000000
-0.442857 0.000000
-0.421429 0.000000
-0.400000 0.000000
-0.378571 0.000000
-0.357143 0.000000
-0.335714 0.000000
-0.314286 0.000000
-0.292857 0.000000
-0.271429 0.000000
-0.250000 0.000000
-0.221429 0.000000
-0.146429 0.000000
-0.125000 0.000000
-0.103571 0.000000
-0.082143 0.000000
-0.008929 0.000000
0.012500 0.000000
0.041071 0.000000
0.067857 0.000000
0.089286 0.000000
0.110714 0.000000
0.132143 0.000000
0.153571 0.000000
0.175000 0.000000
0.196429 0.000000
0.217857 0.000000
0.239286 0.000000
0.260714 0.000000
0.282143 0.000000
0.303571 0.000000
0.325000 0.000000
0.346429 0.000000
0.367857 0.000000
0.389286 0.000000
0.437500 0.000000
0.482143 0.000000
0.512500 0.000000
-0.589286 -0.001786
-0.553571 -0.001786
-0.512500 -0.001786
-0.491071 -0.001786
-0.469643 -0.001786
-0.448214 -0.001786
-0.426786 -0.001786
-0.405357 -0.001786
-0.383929 -0.001786
-0.362500 -0.001786
-0.341071 -0.001786
-0.319643 -0.001786
-0.298214 -0.001786
-0.276786 -0.001786
-0.255357 -0.001786
-0.226786 -0.001786
-0.150000 -0.001786
-0.128571 -0.001786
-0.107143 -0.001786
-0.085714 -0.001786
-0.008929 -0.001786
0.012500 -0.001786
0.041071 -0.001786
0.067857 -0.001786
0.089286 -0.001786
0.110714 -0.001786
0.132143 -0.001786
0.153571 -0.001786
0.175000 -0.001786
0.196429 -0.001786
0.217857 -0.001786
0.239286 -0.001786
0.260714 -0.001786
0.282143 -0.001786
0.303571 -0.001786
0.325000 -0.001786
0.346429 -0.001786
0.367857 -0.001786
0.389286 -0.001786
0.439286 -0.001786
0.483929 -0.001786
0.512500 -0.001786
-0.587500 -0.003571
-0.555357 -0.003571
-0.516071 -0.003571
-0.494643 -0.003571
-0.473214 -0.003571
-0.451786 -0.003571
-0.430357 -0.003571
-0.408929 -0.003571
-0.387500 -0.003571
-0.366071 -0.003571
-0.344643 -0.003571
-0.323214 -0.003571
-0.301786 -0.003571
-0.280357 -0.003571
-0.258929 -0.003571
-0.228571 -0.003571
-0.205357 -0.003571
-0.128571 -0.003571
-0.103571 -0.003571
-0.021429 -0.003571
0.000000 -0.003571
0.021429 -0.003571
0.053571 -0.003571
0.076786 -0.003571
0.098214 -0.003571
0.119643 -0.003571
0.141071 -0.003571
0.162500 -0.003571
0.183929 -0.003571
0.205357 -0.003571
0.226786 -0.003571
0.248214 -0.003571
0.269643 -0.003571
0.291071 -0.003571
0.312500 -0.003571
0.333929 -0.003571
0.355357 -0.003571
0.376786 -0.003571
0.398214 -0.003571
0.469643 -0.003571
0.491071 -0.003571
-0.601786 -0.005357
-0.580357 -0.005357
-0.528571 -0.005357
-0.507143 -0.005357
-0.485714 -0.005357
-0.464286 -0.005357
-0.442857 -0.005357
-0.421429 -0.005357
-0.400000 -0.005357
-0.378571 -0.005357
-0.357143 -0.005357
-0.335714 -0.005357
-0.314286 -0.005357
-0.292857 -0.005357
-0.271429 -0.005357
-0.250000 -0.005357
-0.219643 -0.005357
-0.141071 -0.005357
-0.119643 -0.005357
-0.098214 -0.005357
-0.012500 -0.005357
0.008929 -0.005357
0.037500 -0.005357
0.062500 -0.005357
0.083929 -0.005357
0.105357 -0.005357
0.126786 -0.005357
0.148214 -0.005357
0.169643 -0.005357
0.191071 -0.005357
0.212500 -0.005357
0.233929 -0.005357
0.255357 -0.005357
0.276786 -0.005357
0.298214 -0.005357
0.319643 -0.005357
0.341071 -0.005357
0.362500 -0.005357
0.383929 -0.005357
0.426786 -0.005357
0.478571 -0.005357
0.508929 -0.005357
-0.591071 -0.007143
-0.569643 -0.007143
-0.523214 -0.007143
-0.501786 -0.007143
-0.480357 -0.007143
-0.458929 -0.007143
-0.437500 -0.007143
-0.416071 -0.007143
-0.394643 -0.007143
-0.373214 -0.007143
-0.351786 -0.007143
-0.330357 -0.007143
-0.308929 -0.007143
-0.287500 -0.007143
-0.266071 -0.007143
-0.244643 -0.007143
-0.216071 -0.007143
-0.137500 -0.007143
-0.114286 -0.007143
-0.092857 -0.007143
-0.005357 -0.007143
0.016071 -0.007143
0.046429 -0.007143
0.067857 -0.007143
0.089286 -0.007143
0.110714 -0.007143
0.132143 -0.007143
0.153571 -0.007143
0.175000 -0.007143
0.196429 -0.007143
0.217857 -0.007143
0.239286 -0.007143
0.260714 -0.007143
0.282143 -0.007143
0.303571 -0.007143
0.325000 -0.007143
0.346429 -0.007143
0.367857 -0.007143
0.389286 -0.007143
0.439286 -0.007143
0.482143 -0.007143
0.512500 -0.007143
-0.587500 -0.008929
-0.566071 -0.008929
-0.519643 -0.008929
-0.498214 -0.008929
-0.476786 -0.008929
-0.455357 -0.008929
-0.433929 -0.008929
-0.412500 -0.008929
-0.391071 -0.008929
-0.369643 -0.008929
-0.348214 -0.008929
-0.326786 -0.008929
-0.305357 -0.008929
-0.283929 -0.008929
-0.262500 -0.008929
-0.241071 -0.008929
-0.210714 -0.008929
-0.133929 -0.008929
-0.105357 -0.008929
-0.016071 -0.008929
0.005357 -0.008929
0.026786 -0.008929
0.057143 -0.008929
0.078571 -0.008929
0.100000 -0.008929
0.121429 -0.008929
0.142857 -0.008929
0.164286 -0.008929
0.185714 -0.008929
0.207143 -0.008929
0.228571 -0.008929
0.250000 -0.008929
0.271429 -0.008929
0.292857 -0.008929
0.314286 -0.008929
0.335714 -0.008929
0.357143 -0.008929
0.378571 -0.008929
0.400000 -0.008929
0.471429 -0.008929
0.501786 -0.008929
-0.598214 -0.010714
-0.576786 -0.010714
-0.530357 -0.010714
-0.508929 -0.010714
-0.487500 -0.010714
-0.466071 -0.010714
-0.444643 -0.010714
-0.423214 -0.010714
-0.401786 -0.010714
-0.380357 -0.010714
-0.358929 -0.010714
-0.337500 -0.010714
-0.316071 -0.010714
-0.294643 -0.010714
-0.273214 -0.010714
-0.251786 -0.010714
-0.221429 -0.010714
-0.194643 -0.010714
-0.123214 -0.010714
-0.101786 -0.010714
-0.010714 -0.010714
0.010714 -0.010714
0.041071 -0.010714
0.064286 -0.010714
0.085714 -0.010714
0.107143 -0.010714
0.128571 -0.010714
0.150000 -0.010714
0.171429 -0.010714
0.192857 -0.010714
0.214286 -0.010714
0.235714 -0.010714
0.257143 -0.010714
0.278571 -0.010714
0.300000 -0.010714
0.321429 -0.010714
0.342857 -0.010714
0.364286 -0.010714
0.385714 -0.010714
0.426786 -0.010714
0.476786 -0.010714
0.507143 -0.010714
-0.592857 -0.012500
-0.571429 -0.012500
-0.525000 -0.012500
-0.503571 -0.012500
-0.482143 -0.012500
-0.460714 -0.012500
-0.439286 -0.012500
-0.417857 -0.012500
-0.396429 -0.012500
-0.375000 -0.012500
-0.353571 -0.012500
-0.332143 -0.012500
-0.310714 -0.012500
-0.289286 -0.012500
-0.267857 -0.012500
-0.246429 -0.012500
-0.216071 -0.012500
-0.189286 -0.012500
-0.128571 -0.012500
-0.105357 -0.012500
-0.014286 -0.012500
0.007143 -0.012500
0.035714 -0.012500
0.057143 -0.012500
0.078571 -0.012500
0.100000 -0.012500
0.121429 -0.012500
0.142857 -0.012500
0.164286 -0.012500
0.185714 -0.012500
0.207143 -0.012500
0.228571 -0.012500
0.250000 -0.012500
0.271429 -0.012500
0.292857 -0.012500
0.314286 -0.012500
0.335714 -0.012500
0.357143 -0.012500
0.378571 -0.012500
0.400000 -0.012500
0.471429 -0.012500
0.501786 -0.012500
-0.596429 -0.014286
-0.575000 -0.014286
-0.528571 -0.014286
-0.507143 -0.014286
-0.485714 -0.014286
-0.464286 -0.014286
-0.442857 -0.014286
-0.421429 -0.014286
-0.400000 -0.014286
-0.378571 -0.014286
-0.357143 -0.014286
-0.335714 -0.014286
-0.314286 -0.014286
-0.292857 -0.014286
-0.271429 -0.014286
-0.250000 -0.014286
-0.217857 -0.014286
-0.150000 -0.014286
-0.116071 -0.014286
-0.094643 -0.014286
-0.005357 -0.014286
0.016071 -0.014286
0.046429 -0.014286
0.069643 -0.014286
0.091071 -0.014286
0.112500 -0.014286
0.133929 -0.014286
0.155357 -0.014286
0.176786 -0.014286
0.198214 -0.014286
0.219643 -0.014286
0.241071 -0.014286
0.262500 -0.014286
0.283929 -0.014286
0.305357 -0.014286
0.326786 -0.014286
0.348214 -0.014286
0.369643 -0.014286
0.391071 -0.014286
0.462500 -0.014286
0.483929 -0.014286
0.514286 -0.014286
-0.582143 -0.016071
-0.557143 -0.016071
-0.514286 -0.016071
-0.492857 -0.016071
-0.471429 -0.016071
-0.450000 -0.016071
-0.428571 -0.016071
-0.407143 -0.016071
-0.385714 -0.016071
-0.364286 -0.016071
-0.342857 -0.016071
-0.321429 -0.016071
-0.300000 -0.016071
-0.278571 -0.016071
-0.257143 -0.016071
-0.235714 -0.016071
-0.198214 -0.016071
-0.137500 -0.016071
-0.108929 -0.016071
-0.080357 -0.016071
0.000000 -0.016071
0.021429 -0.016071
0.050000 -0.016071
0.073214 -0.016071
0.094643 -0.016071
0.116071 -0.016071
0.137500 -0.016071
0.158929 -0.016071
0.180357 -0.016071
0.201786 -0.016071
0.223214 -0.016071
0.244643 -0.016071
0.266071 -0.016071
0.287500 -0.016071
0.308929 -0.016071
0.330357 -0.016071
0.351786 -0.016071
0.373214 -0.016071
0.394643 -0.016071
0.466071 -0.016071
0.487500 -0.016071
-0.600000 -0.017857
-0.578571 -0.017857
-0.555357 -0.017857
-0.512500 -0.017857
-0.491071 -0.017857
-0.469643 -0.017857
-0.448214 -0.017857
-0.426786 -0.017857
-0.405357 -0.017857
-0.383929 -0.017857
-0.362500 -0.017857
-0.341071 -0.017857
-0.319643 -0.017857
-0.298214 -0.017857
-0.276786 -0.017857
-0.255357 -0.017857
-0.233929 -0.017857
-0.201786 -0.017857
-0.164286 -0.017857
-0.126786 -0.017857
-0.092857 -0.017857
-0.007143 -0.017857
0.014286 -0.017857
0.044643 -0.017857
0.067857 -0.017857
0.089286 -0.017857
0.110714 -0.017857
0.132143 -0.017857
0.153571 -0.017857
0.175000 -0.017857
0.196429 -0.017857
0.217857 -0.017857
0.239286 -0.017857
0.260714 -0.017857
0.282143 -0.017857
0.303571 -0.017857
0.325000 -0.017857
0.346429 -0.017857
0.367857 -0.017857
0.389286 -0.017857
0.457143 -0.017857
0.478571 -0.017857
0.508929 -0.017857
-0.587500 -0.019643
-0.564286 -0.019643
-0.519643 -0.019643
-0.498214 -0.019643
-0.476786 -0.019643
-0.455357 -0.019643
-0.433929 -0.019643
-0.412500 -0.019643
-0.391071 -0.019643
-0.369643 -0.019643
-0.348214 -0.019643
-0.326786 -0.019643
-0.305357 -0.019643
-0.283929 -0.019643
-0.262500 -0.019643
-0.241071 -0.019643
-0.207143 -0.019643
-0.132143 -0.019643
-0.096429 -0.019643
-0.010714 -0.019643
0.010714 -0.019643
0.041071 -0.019643
0.062500 -0.019643
0.085714 -0.019643
0.107143 -0.019643
0.128571 -0.019643
0.150000 -0.019643
0.171429 -0.019643
0.192857 -0.019643
0.214286 -0.019643
0.235714 -0.019643
0.257143 -0.019643
0.278571 -0.019643
0.300000 -0.019643
0.321429 -0.019643
0.342857 -0.019643
0.364286 -0.019643
0.385714 -0.019643
0.457143 -0.019643
0.478571 -0.019643
0.507143 -0.019643
-0.589286 -0.021429
-0.562500 -0.021429
-0.516071 -0.021429
-0.494643 -0.021429
-0.473214 -0.021429
-0.451786 -0.021429
-0.430357 -0.021429
-0.408929 -0.021429
-0.387500 -0.021429
-0.366071 -0.021429
-0.344643 -0.021429
-0.323214 -0.021429
-0.301786 -0.021429
-0.280357 -0.021429
-0.258929 -0.021429
-0.237500 -0.021429
-0.203571 -0.021429
-0.160714 -0.021429
-0.105357 -0.021429
-0.032143 -0.021429
-0.003571 -0.021429
0.017857 -0.021429
0.048214 -0.021429
0.071429 -0.021429
0.092857 -0.021429
0.114286 -0.021429
0.135714 -0.021429
0.157143 -0.021429
0.178571 -0.021429
0.200000 -0.021429
0.221429 -0.021429
0.242857 -0.021429
0.264286 -0.021429
0.285714 -0.021429
0.307143 -0.021429
0.328571 -0.021429
0.350000 -0.021429
0.371429 -0.021429
0.392857 -0.021429
0.462500 -0.021429
0.483929 -0.021429
0.514286 -0.021429
-0.582143 -0.023214
-0.557143 -0.023214
-0.510714 -0.023214
-0.489286 -0.023214
-0.467857 -0.023214
-0.446429 -0.023214
-0.425000 -0.023214
-0.403571 -0.023214
-0.382143 -0.023214
-0.360714 -0.023214
-0.339286 -0.023214
-0.317857 -0.023214
-0.296429 -0.023214
-0.275000 -0.023214
-0.253571 -0.023214
-0.232143 -0.023214
-0.194643 -0.023214
-0.160714 -0.023214
-0.103571 -0.023214
-0.019643 -0.023214
0.001786 -0.023214
0.032143 -0.023214
0.053571 -0.023214
0.076786 -0.023214
0.098214 -0.023214
0.119643 -0.023214
0.141071 -0.023214
0.162500 -0.023214
0.183929 -0.023214
0.205357 -0.023214
0.226786 -0.023214
0.248214 -0.023214
0.269643 -0.023214
0.291071 -0.023214
0.312500 -0.023214
0.333929 -0.023214
0.355357 -0.023214
0.376786 -0.023214
0.398214 -0.023214
0.466071 -0.023214
0.494643 -0.023214
-0.600000 -0.025000
-0.578571 -0.025000
-0.555357 -0.025000
-0.510714 -0.025000
-0.489286 -0.025000
-0.467857 -0.025000
-0.446429 -0.025000
-0.425000 -0.025000
-0.403571 -0.025000
-0.382143 -0.025000
-0.360714 -0.025000
-0.339286 -0.025000
-0.317857 -0.025000
-0.296429 -0.025000
-0.275000 -0.025000
-0.253571 -0.025000
-0.232143 -0.025000
-0.119643 -0.025000
-0.098214 -0.025000
-0.025000 -0.025000
-0.001786 -0.025000
0.028571 -0.025000
0.050000 -0.025000
0.073214 -0.025000
0.096429 -0.025000
0.117857 -0.025000
0.139286 -0.025000
0.160714 -0.025000
0.182143 -0.025000
0.203571 -0.025000
0.225000 -0.025000
0.246429 -0.025000
0.267857 -0.025000
0.289286 -0.025000
0.310714 -0.025000
0.332143 -0.025000
0.353571 -0.025000
0.375000 -0.025000
0.396429 -0.025000
0.462500 -0.025000
0.483929 -0.025000
-0.600000 -0.026786
-0.578571 -0.026786
-0.557143 -0.026786
-0.512500 -0.026786
-0.491071 -0.026786
-0.469643 -0.026786
-0.448214 -0.026786
-0.426786 -0.026786
-0.405357 -0.026786
-0.383929 -0.026786
-0.362500 -0.026786
-0.341071 -0.026786
-0.319643 -0.026786
-0.298214 -0.026786
-0.276786 -0.026786
-0.255357 -0.026786
-0.233929 -0.026786
-0.176786 -0.026786
-0.155357 -0.026786
-0.048214 -0.026786
-0.023214 -0.026786
0.000000 -0.026786
0.032143 -0.026786
0.053571 -0.026786
0.076786 -0.026786
0.100000 -0.026786
0.121429 -0.026786
0.142857 -0.026786
0.164286 -0.026786
0.185714 -0.026786
0.207143 -0.026786
0.228571 -0.026786
0.250000 -0.026786
0.271429 -0.026786
0.292857 -0.026786
0.314286 -0.026786
0.335714 -0.026786
0.357143 -0.026786
0.378571 -0.026786
0.400000 -0.026786
0.467857 -0.026786
0.496429 -0.026786
-0.596429 -0.028571
-0.575000 -0.028571
-0.551786 -0.028571
-0.508929 -0.028571
-0.487500 -0.028571
-0.466071 -0.028571
-0.444643 -0.028571
-0.423214 -0.028571
-0.401786 -0.028571
-0.380357 -0.028571
-0.358929 -0.028571
-0.337500 -0.028571
-0.316071 -0.028571
-0.294643 -0.028571
-0.273214 -0.028571
-0.251786 -0.028571
-0.230357 -0.028571
-0.171429 -0.028571
-0.150000 -0.028571
-0.033929 -0.028571
-0.007143 -0.028571
0.028571 -0.028571
0.050000 -0.028571
0.073214 -0.028571
0.096429 -0.028571
0.117857 -0.028571
0.139286 -0.028571
0.160714 -0.028571
0.182143 -0.028571
0.203571 -0.028571
0.225000 -0.028571
0.246429 -0.028571
0.267857 -0.028571
0.289286 -0.028571
0.310714 -0.028571
0.332143 -0.028571
0.353571 -0.028571
0.375000 -0.028571
0.396429 -0.028571
0.455357 -0.028571
0.476786 -0.028571
0.507143 -0.028571
-0.585714 -0.030357
-0.564286 -0.030357
-0.519643 -0.030357
-0.498214 -0.030357
-0.476786 -0.030357
-0.455357 -0.030357
-0.433929 -0.030357
-0.412500 -0.030357
-0.391071 -0.030357
-0.369643 -0.030357
-0.348214 -0.030357
-0.326786 -0.030357
-0.305357 -0.030357
-0.283929 -0.030357
-0.262500 -0.030357
-0.241071 -0.030357
-0.219643 -0.030357
-0.164286 -0.030357
-0.133929 -0.030357
-0.014286 -0.030357
0.010714 -0.030357
0.044643 -0.030357
0.066071 -0.030357
0.091071 -0.030357
0.112500 -0.030357
0.133929 -0.030357
0.155357 -0.030357
0.176786 -0.030357
0.198214 -0.030357
0.219643 -0.030357
0.241071 -0.030357
0.262500 -0.030357
0.283929 -0.030357
0.305357 -0.030357
0.326786 -0.030357
0.348214 -0.030357
0.369643 -0.030357
0.391071 -0.030357
0.442857 -0.030357
0.464286 -0.030357
0.494643 -0.030357
-0.596429 -0.032143
-0.575000 -0.032143
-0.553571 -0.032143
-0.510714 -0.032143
-0.489286 -0.032143
-0.467857 -0.032143
-0.446429 -0.032143
-0.425000 -0.032143
-0.403571 -0.032143
-0.382143 -0.032143
-0.360714 -0.032143
-0.339286 -0.032143
-0.317857 -0.032143
-0.296429 -0.032143
-0.275000 -0.032143
-0.253571 -0.032143
-0.232143 -0.032143
-0.210714 -0.032143
-0.162500 -0.032143
-0.133929 -0.032143
-0.019643 -0.032143
0.008929 -0.032143
0.042857 -0.032143
0.064286 -0.032143
0.087500 -0.032143
0.108929 -0.032143
0.130357 -0.032143
0.151786 -0.032143
0.173214 -0.032143
0.194643 -0.032143
0.216071 -0.032143
0.237500 -0.032143
0.258929 -0.032143
0.280357 -0.032143
0.301786 -0.032143
0.323214 -0.032143
0.344643 -0.032143
0.366071 -0.032143
0.387500 -0.032143
0.439286 -0.032143
0.460714 -0.032143
0.492857 -0.032143
-0.596429 -0.033929
-0.575000 -0.033929
-0.553571 -0.033929
-0.510714 -0.033929
-0.489286 -0.033929
-0.467857 -0.033929
-0.446429 -0.033929
-0.425000 -0.033929
-0.403571 -0.033929
-0.382143 -0.033929
-0.360714 -0.033929
-0.339286 -0.033929
-0.317857 -0.033929
-0.296429 -0.033929
-0.275000 -0.033929
-0.253571 -0.033929
-0.232143 -0.033929
-0.210714 -0.033929
-0.169643 -0.033929
-0.146429 -0.033929
-0.035714 -0.033929
0.000000 -0.033929
0.035714 -0.033929
0.057143 -0.033929
0.082143 -0.033929
0.103571 -0.033929
0.125000 -0.033929
0.146429 -0.033929
0.167857 -0.033929
0.189286 -0.033929
0.210714 -0.033929
0.232143 -0.033929
0.253571 -0.033929
0.275000 -0.033929
0.296429 -0.033929
0.317857 -0.033929
0.339286 -0.033929
0.360714 -0.033929
0.382143 -0.033929
0.419643 -0.033929
0.455357 -0.033929
0.476786 -0.033929
0.508929 -0.033929
-0.580357 -0.035714
-0.558929 -0.035714
-0.516071 -0.035714
-0.494643 -0.035714
-0.473214 -0.035714
-0.451786 -0.035714
-0.430357 -0.035714
-0.408929 -0.035714
-0.387500 -0.035714
-0.366071 -0.035714
-0.344643 -0.035714
-0.323214 -0.035714
-0.301786 -0.035714
-0.280357 -0.035714
-0.258929 -0.035714
-0.237500 -0.035714
-0.216071 -0.035714
-0.183929 -0.035714
-0.162500 -0.035714
-0.135714 -0.035714
-0.064286 -0.035714
-0.010714 -0.035714
0.028571 -0.035714
0.050000 -0.035714
0.071429 -0.035714
0.096429 -0.035714
0.117857 -0.035714
0.139286 -0.035714
0.160714 -0.035714
0.182143 -0.035714
0.203571 -0.035714
0.225000 -0.035714
0.246429 -0.035714
0.267857 -0.035714
0.289286 -0.035714
0.310714 -0.035714
0.332143 -0.035714
0.353571 -0.035714
0.375000 -0.035714
0.396429 -0.035714
0.451786 -0.035714
0.473214 -0.035714
0.505357 -0.035714
-0.582143 -0.037500
-0.560714 -0.037500
-0.517857 -0.037500
-0.496429 -0.037500
-0.475000 -0.037500
-0.453571 -0.037500
-0.432143 -0.037500
-0.410714 -0.037500
-0.389286 -0.037500
-0.367857 -0.037500
-0.346429 -0.037500
-0.325000 -0.037500
-0.303571 -0.037500
-0.282143 -0.037500
-0.260714 -0.037500
-0.239286 -0.037500
-0.217857 -0.037500
-0.196429 -0.037500
-0.171429 -0.037500
-0.142857 -0.037500
-0.121429 -0.037500
-0.100000 -0.037500
-0.058929 -0.037500
0.028571 -0.037500
0.050000 -0.037500
0.071429 -0.037500
0.098214 -0.037500
0.119643 -0.037500
0.141071 -0.037500
0.162500 -0.037500
0.183929 -0.037500
0.205357 -0.037500
0.226786 -0.037500
0.248214 -0.037500
0.269643 -0.037500
0.291071 -0.037500
0.312500 -0.037500
0.333929 -0.037500
0.355357 -0.037500
0.376786 -0.037500
0.400000 -0.037500
0.453571 -0.037500
0.475000 -0.037500
0.507143 -0.037500
-0.580357 -0.039286
-0.558929 -0.039286
-0.516071 -0.039286
-0.494643 -0.039286
-0.473214 -0.039286
-0.451786 -0.039286
-0.430357 -0.039286
-0.408929 -0.039286
-0.387500 -0.039286
-0.366071 -0.039286
-0.344643 -0.039286
-0.323214 -0.039286
-0.301786 -0.039286
-0.280357 -0.039286
-0.258929 -0.039286
-0.237500 -0.039286
-0.216071 -0.039286
-0.194643 -0.039286
-0.173214 -0.039286
-0.146429 -0.039286
-0.125000 -0.039286
-0.103571 -0.039286
-0.069643 -0.039286
0.017857 -0.039286
0.039286 -0.039286
0.060714 -0.039286
0.083929 -0.039286
0.105357 -0.039286
0.126786 -0.039286
0.148214 -0.039286
0.169643 -0.039286
0.191071 -0.039286
0.212500 -0.039286
0.233929 -0.039286
0.255357 -0.039286
0.276786 -0.039286
0.298214 -0.039286
0.319643 -0.039286
0.341071 -0.039286
0.362500 -0.039286
0.383929 -0.039286
0.439286 -0.039286
0.460714 -0.039286
0.496429 -0.039286
-0.591071 -0.041071
-0.569643 -0.041071
-0.526786 -0.041071
-0.505357 -0.041071
-0.483929 -0.041071
-0.462500 -0.041071
-0.441071 -0.041071
-0.419643 -0.041071
-0.398214 -0.041071
-0.376786 -0.041071
-0.355357 -0.041071
-0.333929 -0.041071
-0.312500 -0.041071
-0.291071 -0.041071
-0.269643 -0.041071
-0.248214 -0.041071
-0.226786 -0.041071
-0.205357 -0.041071
-0.183929 -0.041071
-0.158929 -0.041071
-0.130357 -0.041071
-0.108929 -0.041071
-0.080357 -0.041071
-0.055357 -0.041071
0.023214 -0.041071
0.044643 -0.041071
0.066071 -0.041071
0.089286 -0.041071
0.110714 -0.041071
0.132143 -0.041071
0.153571 -0.041071
0.175000 -0.041071
0.196429 -0.041071
0.217857 -0.041071
0.239286 -0.041071
0.260714 -0.041071
0.282143 -0.041071
0.303571 -0.041071
0.325000 -0.041071
0.346429 -0.041071
0.367857 -0.041071
0.389286 -0.041071
0.446429 -0.041071
0.467857 -0.041071
0.500000 -0.041071
-0.583929 -0.042857
-0.562500 -0.042857
-0.519643 -0.042857
-0.498214 -0.042857
-0.476786 -0.042857
-0.455357 -0.042857
-0.433929 -0.042857
-0.412500 -0.042857
-0.391071 -0.042857
-0.369643 -0.042857
-0.348214 -0.042857
-0.326786 -0.042857
-0.305357 -0.042857
-0.283929 -0.042857
-0.262500 -0.042857
-0.241071 -0.042857
-0.219643 -0.042857
-0.198214 -0.042857
-0.175000 -0.042857
-0.142857 -0.042857
-0.121429 -0.042857
-0.091071 -0.042857
-0.066071 -0.042857
-0.044643 -0.042857
0.021429 -0.042857
0.042857 -0.042857
0.064286 -0.042857
0.087500 -0.042857
0.108929 -0.042857
0.130357 -0.042857
0.151786 -0.042857
0.173214 -0.042857
0.194643 -0.042857
0.216071 -0.042857
0.237500 -0.042857
0.258929 -0.042857
0.280357 -0.042857
0.301786 -0.042857
0.323214 -0.042857
0.344643 -0.042857
0.366071 -0.042857
0.387500 -0.042857
0.444643 -0.042857
0.467857 -0.042857
0.503571 -0.042857
-0.580357 -0.044643
-0.558929 -0.044643
-0.514286 -0.044643
-0.492857 -0.044643
-0.471429 -0.044643
-0.450000 -0.044643
-0.428571 -0.044643
-0.407143 -0.044643
-0.385714 -0.044643
-0.364286 -0.044643
-0.342857 -0.044643
-0.321429 -0.044643
-0.300000 -0.044643
-0.278571 -0.044643
-0.257143 -0.044643
-0.235714 -0.044643
-0.214286 -0.044643
-0.192857 -0.044643
-0.169643 -0.044643
-0.139286 -0.044643
-0.117857 -0.044643
-0.092857 -0.044643
-0.067857 -0.044643
-0.044643 -0.044643
0.012500 -0.044643
0.033929 -0.044643
0.055357 -0.044643
0.076786 -0.044643
0.100000 -0.044643
0.121429 -0.044643
0.142857 -0.044643
0.164286 -0.044643
0.185714 -0.044643
0.207143 -0.044643
0.228571 -0.044643
0.250000 -0.044643
0.271429 -0.044643
0.292857 -0.044643
0.314286 -0.044643
0.335714 -0.044643
0.357143 -0.044643
0.378571 -0.044643
0.432143 -0.044643
0.455357 -0.044643
0.489286 -0.044643
-0.592857 -0.046429
-0.571429 -0.046429
-0.528571 -0.046429
-0.507143 -0.046429
-0.485714 -0.046429
-0.464286 -0.046429
-0.442857 -0.046429
-0.421429 -0.046429
-0.400000 -0.046429
-0.378571 -0.046429
-0.357143 -0.046429
-0.335714 -0.046429
-0.314286 -0.046429
-0.292857 -0.046429
-0.271429 -0.046429
-0.250000 -0.046429
-0.228571 -0.046429
-0.207143 -0.046429
-0.185714 -0.046429
-0.160714 -0.046429
-0.135714 -0.046429
-0.114286 -0.046429
-0.089286 -0.046429
-0.060714 -0.046429
-0.039286 -0.046429
0.003571 -0.046429
0.025000 -0.046429
0.046429 -0.046429
0.067857 -0.046429
0.089286 -0.046429
0.110714 -0.046429
0.132143 -0.046429
0.153571 -0.046429
0.175000 -0.046429
0.196429 -0.046429
0.217857 -0.046429
0.239286 -0.046429
0.260714 -0.046429
0.282143 -0.046429
0.303571 -0.046429
0.325000 -0.046429
0.346429 -0.046429
0.367857 -0.046429
0.389286 -0.046429
0.444643 -0.046429
0.466071 -0.046429
0.498214 -0.046429
-0.583929 -0.048214
-0.562500 -0.048214
-0.517857 -0.048214
-0.496429 -0.048214
-0.475000 -0.048214
-0.453571 -0.048214
-0.432143 -0.048214
-0.410714 -0.048214
-0.389286 -0.048214
-0.367857 -0.048214
-0.346429 -0.048214
-0.325000 -0.048214
-0.303571 -0.048214
-0.282143 -0.048214
-0.260714 -0.048214
-0.239286 -0.048214
-0.217857 -0.048214
-0.196429 -0.048214
-0.171429 -0.048214
-0.144643 -0.048214
-0.114286 -0.048214
-0.085714 -0.048214
-0.051786 -0.048214
-0.030357 -0.048214
0.003571 -0.048214
0.025000 -0.048214
0.046429 -0.048214
0.067857 -0.048214
0.091071 -0.048214
0.112500 -0.048214
0.133929 -0.048214
0.155357 -0.048214
0.176786 -0.048214
0.198214 -0.048214
0.219643 -0.048214
0.241071 -0.048214
0.262500 -0.048214
0.283929 -0.048214
0.305357 -0.048214
0.326786 -0.048214
0.348214 -0.048214
0.369643 -0.048214
0.391071 -0.048214
0.444643 -0.048214
0.473214 -0.048214
0.500000 -0.048214
-0.578571 -0.050000
-0.557143 -0.050000
-0.512500 -0.050000
-0.491071 -0.050000
-0.469643 -0.050000
-0.448214 -0.050000
-0.426786 -0.050000
-0.405357 -0.050000
-0.383929 -0.050000
-0.362500 -0.050000
-0.341071 -0.050000
-0.319643 -0.050000
-0.298214 -0.050000
-0.276786 -0.050000
-0.255357 -0.050000
-0.233929 -0.050000
-0.212500 -0.050000
-0.191071 -0.050000
-0.164286 -0.050000
-0.133929 -0.050000
-0.105357 -0.050000
-0.083929 -0.050000
-0.041071 -0.050000
-0.014286 -0.050000
0.007143 -0.050000
0.028571 -0.050000
0.050000 -0.050000
0.071429 -0.050000
0.092857 -0.050000
0.114286 -0.050000
0.135714 -0.050000
0.157143 -0.050000
0.178571 -0.050000
0.200000 -0.050000
0.221429 -0.050000
0.242857 -0.050000
0.264286 -0.050000
0.285714 -0.050000
0.307143 -0.050000
0.328571 -0.050000
0.350000 -0.050000
0.371429 -0.050000
0.392857 -0.050000
0.448214 -0.050000
0.478571 -0.050000
0.501786 -0.050000
-0.576786 -0.051786
-0.555357 -0.051786
-0.510714 -0.051786
-0.489286 -0.051786
-0.467857 -0.051786
-0.446429 -0.051786
-0.425000 -0.051786
-0.403571 -0.051786
-0.382143 -0.051786
-0.360714 -0.051786
-0.339286 -0.051786
-0.317857 -0.051786
-0.296429 -0.051786
-0.275000 -0.051786
-0.253571 -0.051786
-0.232143 -0.051786
-0.210714 -0.051786
-0.185714 -0.051786
-0.155357 -0.051786
-0.128571 -0.051786
-0.107143 -0.051786
-0.085714 -0.051786
-0.041071 -0.051786
-0.019643 -0.051786
0.001786 -0.051786
0.023214 -0.051786
0.044643 -0.051786
0.066071 -0.051786
0.089286 -0.051786
0.110714 -0.051786
0.132143 -0.051786
0.153571 -0.051786
0.175000 -0.051786
0.196429 -0.051786
0.217857 -0.051786
0.239286 -0.051786
0.260714 -0.051786
0.282143 -0.051786
0.303571 -0.051786
0.325000 -0.051786
0.346429 -0.051786
0.367857 -0.051786
0.389286 -0.051786
0.448214 -0.051786
0.475000 -0.051786
0.498214 -0.051786
-0.578571 -0.053571
-0.557143 -0.053571
-0.514286 -0.053571
-0.492857 -0.053571
-0.471429 -0.053571
-0.450000 -0.053571
-0.428571 -0.053571
-0.407143 -0.053571
-0.385714 -0.053571
-0.364286 -0.053571
-0.342857 -0.053571
-0.321429 -0.053571
-0.300000 -0.053571
-0.278571 -0.053571
-0.257143 -0.053571
-0.235714 -0.053571
-0.214286 -0.053571
-0.192857 -0.053571
-0.153571 -0.053571
-0.128571 -0.053571
-0.103571 -0.053571
-0.076786 -0.053571
-0.041071 -0.053571
-0.019643 -0.053571
0.001786 -0.053571
0.023214 -0.053571
0.044643 -0.053571
0.066071 -0.053571
0.089286 -0.053571
0.110714 -0.053571
0.132143 -0.053571
0.153571 -0.053571
0.175000 -0.053571
0.196429 -0.053571
0.217857 -0.053571
0.239286 -0.053571
0.260714 -0.053571
0.282143 -0.053571
0.303571 -0.053571
0.325000 -0.053571
0.346429 -0.053571
0.367857 -0.053571
0.389286 -0.053571
0.446429 -0.053571
0.473214 -0.053571
0.496429 -0.053571
-0.580357 -0.055357
-0.558929 -0.055357
-0.516071 -0.055357
-0.494643 -0.055357
-0.473214 -0.055357
-0.451786 -0.055357
-0.430357 -0.055357
-0.408929 -0.055357
-0.387500 -0.055357
-0.366071 -0.055357
-0.344643 -0.055357
-0.323214 -0.055357
-0.301786 -0.055357
-0.280357 -0.055357
-0.258929 -0.055357
-0.237500 -0.055357
-0.216071 -0.055357
-0.194643 -0.055357
-0.158929 -0.055357
-0.126786 -0.055357
-0.100000 -0.055357
-0.076786 -0.055357
-0.042857 -0.055357
-0.021429 -0.055357
0.000000 -0.055357
0.021429 -0.055357
0.042857 -0.055357
0.064286 -0.055357
0.085714 -0.055357
0.107143 -0.055357
0.128571 -0.055357
0.150000 -0.055357
0.171429 -0.055357
0.192857 -0.055357
0.214286 -0.055357
0.235714 -0.055357
0.257143 -0.055357
0.278571 -0.055357
0.300000 -0.055357
0.321429 -0.055357
0.342857 -0.055357
0.364286 -0.055357
0.385714 -0.055357
0.439286 -0.055357
0.460714 -0.055357
0.489286 -0.055357
-0.583929 -0.057143
-0.562500 -0.057143
-0.519643 -0.057143
-0.498214 -0.057143
-0.476786 -0.057143
-0.455357 -0.057143
-0.432143 -0.057143
-0.410714 -0.057143
-0.389286 -0.057143
-0.367857 -0.057143
-0.346429 -0.057143
-0.325000 -0.057143
-0.303571 -0.057143
-0.282143 -0.057143
-0.260714 -0.057143
-0.239286 -0.057143
-0.217857 -0.057143
-0.194643 -0.057143
-0.166071 -0.057143
-0.128571 -0.057143
-0.101786 -0.057143
-0.071429 -0.057143
-0.044643 -0.057143
-0.023214 -0.057143
-0.001786 -0.057143
0.019643 -0.057143
0.041071 -0.057143
0.062500 -0.057143
0.085714 -0.057143
0.107143 -0.057143
0.128571 -0.057143
0.150000 -0.057143
0.171429 -0.057143
0.192857 -0.057143
0.214286 -0.057143
0.235714 -0.057143
0.257143 -0.057143
0.278571 -0.057143
0.300000 -0.057143
0.321429 -0.057143
0.342857 -0.057143
0.364286 -0.057143
0.385714 -0.057143
0.439286 -0.057143
0.460714 -0.057143
0.485714 -0.057143
-0.587500 -0.058929
-0.566071 -0.058929
-0.525000 -0.058929
-0.503571 -0.058929
-0.482143 -0.058929
-0.460714 -0.058929
-0.437500 -0.058929
-0.416071 -0.058929
-0.394643 -0.058929
-0.373214 -0.058929
-0.351786 -0.058929
-0.330357 -0.058929
-0.308929 -0.058929
-0.287500 -0.058929
-0.266071 -0.058929
-0.244643 -0.058929
-0.223214 -0.058929
-0.200000 -0.058929
-0.175000 -0.058929
-0.135714 -0.058929
-0.103571 -0.058929
-0.058929 -0.058929
-0.035714 -0.058929
-0.014286 -0.058929
0.007143 -0.058929
0.028571 -0.058929
0.050000 -0.058929
0.071429 -0.058929
0.094643 -0.058929
0.116071 -0.058929
0.137500 -0.058929
0.158929 -0.058929
0.180357 -0.058929
0.201786 -0.058929
0.223214 -0.058929
0.244643 -0.058929
0.266071 -0.058929
0.287500 -0.058929
0.308929 -0.058929
0.330357 -0.058929
0.351786 -0.058929
0.373214 -0.058929
0.396429 -0.058929
0.446429 -0.058929
0.467857 -0.058929
0.492857 -0.058929
-0.578571 -0.060714
-0.557143 -0.060714
-0.517857 -0.060714
-0.496429 -0.060714
-0.475000 -0.060714
-0.451786 -0.060714
-0.430357 -0.060714
-0.408929 -0.060714
-0.387500 -0.060714
-0.366071 -0.060714
-0.344643 -0.060714
-0.323214 -0.060714
-0.301786 -0.060714
-0.280357 -0.060714
-0.258929 -0.060714
-0.237500 -0.060714
-0.216071 -0.060714
-0.192857 -0.060714
-0.162500 -0.060714
-0.125000 -0.060714
-0.087500 -0.060714
-0.051786 -0.060714
-0.030357 -0.060714
-0.008929 -0.060714
0.012500 -0.060714
0.033929 -0.060714
0.055357 -0.060714
0.078571 -0.060714
0.100000 -0.060714
0.121429 -0.060714
0.142857 -0.060714
0.164286 -0.060714
0.185714 -0.060714
0.207143 -0.060714
0.228571 -0.060714
0.250000 -0.060714
0.271429 -0.060714
0.292857 -0.060714
0.314286 -0.060714
0.335714 -0.060714
0.357143 -0.060714
0.378571 -0.060714
0.425000 -0.060714
0.450000 -0.060714
0.471429 -0.060714
0.492857 -0.060714
-0.575000 -0.062500
-0.553571 -0.062500
-0.514286 -0.062500
-0.492857 -0.062500
-0.471429 -0.062500
-0.448214 -0.062500
-0.426786 -0.062500
-0.405357 -0.062500
-0.383929 -0.062500
-0.362500 -0.062500
-0.341071 -0.062500
-0.319643 -0.062500
-0.298214 -0.062500
-0.276786 -0.062500
-0.255357 -0.062500
-0.233929 -0.062500
-0.208929 -0.062500
-0.185714 -0.062500
-0.132143 -0.062500
-0.098214 -0.062500
-0.060714 -0.062500
-0.037500 -0.062500
-0.016071 -0.062500
0.005357 -0.062500
0.026786 -0.062500
0.048214 -0.062500
0.069643 -0.062500
0.092857 -0.062500
0.114286 -0.062500
0.135714 -0.062500
0.157143 -0.062500
0.178571 -0.062500
0.200000 -0.062500
0.221429 -0.062500
0.242857 -0.062500
0.264286 -0.062500
0.285714 -0.062500
0.307143 -0.062500
0.330357 -0.062500
0.351786 -0.062500
0.373214 -0.062500
0.425000 -0.062500
0.450000 -0.062500
0.471429 -0.062500
0.492857 -0.062500
-0.575000 -0.064286
-0.553571 -0.064286
-0.512500 -0.064286
-0.491071 -0.064286
-0.469643 -0.064286
-0.446429 -0.064286
-0.425000 -0.064286
-0.403571 -0.064286
-0.382143 -0.064286
-0.360714 -0.064286
-0.339286 -0.064286
-0.317857 -0.064286
-0.296429 -0.064286
-0.275000 -0.064286
-0.253571 -0.064286
-0.232143 -0.064286
-0.207143 -0.064286
-0.178571 -0.064286
-0.123214 -0.064286
-0.091071 -0.064286
-0.050000 -0.064286
-0.028571 -0.064286
-0.007143 -0.064286
0.014286 -0.064286
0.035714 -0.064286
0.057143 -0.064286
0.080357 -0.064286
0.101786 -0.064286
0.123214 -0.064286
0.144643 -0.064286
0.166071 -0.064286
0.187500 -0.064286
0.208929 -0.064286
0.230357 -0.064286
0.251786 -0.064286
0.273214 -0.064286
0.294643 -0.064286
0.317857 -0.064286
0.339286 -0.064286
0.360714 -0.064286
0.382143 -0.064286
0.439286 -0.064286
0.460714 -0.064286
0.482143 -0.064286
0.503571 -0.064286
-0.562500 -0.066071
-0.519643 -0.066071
-0.498214 -0.066071
-0.476786 -0.066071
-0.453571 -0.066071
-0.432143 -0.066071
-0.410714 -0.066071
-0.389286 -0.066071
-0.367857 -0.066071
-0.346429 -0.066071
-0.325000 -0.066071
-0.303571 -0.066071
-0.282143 -0.066071
-0.260714 -0.066071
-0.239286 -0.066071
-0.214286 -0.066071
-0.189286 -0.066071
-0.123214 -0.066071
-0.075000 -0.066071
-0.044643 -0.066071
-0.023214 -0.066071
-0.001786 -0.066071
0.019643 -0.066071
0.041071 -0.066071
0.062500 -0.066071
0.085714 -0.066071
0.107143 -0.066071
0.128571 -0.066071
0.150000 -0.066071
0.171429 -0.066071
0.192857 -0.066071
0.214286 -0.066071
0.235714 -0.066071
0.257143 -0.066071
0.278571 -0.066071
0.300000 -0.066071
0.323214 -0.066071
0.344643 -0.066071
0.366071 -0.066071
0.389286 -0.066071
0.442857 -0.066071
0.464286 -0.066071
0.485714 -0.066071
-0.578571 -0.067857
-0.557143 -0.067857
-0.514286 -0.067857
-0.492857 -0.067857
-0.471429 -0.067857
-0.450000 -0.067857
-0.428571 -0.067857
-0.407143 -0.067857
-0.385714 -0.067857
-0.364286 -0.067857
-0.342857 -0.067857
-0.321429 -0.067857
-0.300000 -0.067857
-0.278571 -0.067857
-0.257143 -0.067857
-0.235714 -0.067857
-0.214286 -0.067857
-0.189286 -0.067857
-0.133929 -0.067857
-0.096429 -0.067857
-0.055357 -0.067857
-0.032143 -0.067857
-0.008929 -0.067857
0.012500 -0.067857
0.033929 -0.067857
0.055357 -0.067857
0.076786 -0.067857
0.100000 -0.067857
0.121429 -0.067857
0.142857 -0.067857
0.164286 -0.067857
0.185714 -0.067857
0.207143 -0.067857
0.228571 -0.067857
0.250000 -0.067857
0.271429 -0.067857
0.292857 -0.067857
0.314286 -0.067857
0.335714 -0.067857
0.357143 -0.067857
0.378571 -0.067857
0.433929 -0.067857
0.455357 -0.067857
0.476786 -0.067857
0.498214 -0.067857
-0.564286 -0.069643
-0.525000 -0.069643
-0.501786 -0.069643
-0.480357 -0.069643
-0.458929 -0.069643
-0.437500 -0.069643
-0.416071 -0.069643
-0.394643 -0.069643
-0.373214 -0.069643
-0.351786 -0.069643
-0.330357 -0.069643
-0.308929 -0.069643
-0.287500 -0.069643
-0.266071 -0.069643
-0.244643 -0.069643
-0.223214 -0.069643
-0.201786 -0.069643
-0.130357 -0.069643
-0.094643 -0.069643
-0.044643 -0.069643
-0.019643 -0.069643
0.001786 -0.069643
0.023214 -0.069643
0.044643 -0.069643
0.066071 -0.069643
0.089286 -0.069643
0.110714 -0.069643
0.132143 -0.069643
0.153571 -0.069643
0.175000 -0.069643
0.196429 -0.069643
0.217857 -0.069643
0.239286 -0.069643
0.260714 -0.069643
0.282143 -0.069643
0.303571 -0.069643
0.325000 -0.069643
0.346429 -0.069643
0.367857 -0.069643
0.391071 -0.069643
0.444643 -0.069643
0.466071 -0.069643
0.487500 -0.069643
-0.575000 -0.071429
-0.553571 -0.071429
-0.516071 -0.071429
-0.494643 -0.071429
-0.473214 -0.071429
-0.451786 -0.071429
-0.430357 -0.071429
-0.408929 -0.071429
-0.387500 -0.071429
-0.366071 -0.071429
-0.344643 -0.071429
-0.323214 -0.071429
-0.301786 -0.071429
-0.280357 -0.071429
-0.258929 -0.071429
-0.237500 -0.071429
-0.216071 -0.071429
-0.182143 -0.071429
-0.107143 -0.071429
-0.058929 -0.071429
-0.030357 -0.071429
-0.007143 -0.071429
0.014286 -0.071429
0.035714 -0.071429
0.057143 -0.071429
0.078571 -0.071429
0.100000 -0.071429
0.121429 -0.071429
0.142857 -0.071429
0.164286 -0.071429
0.185714 -0.071429
0.207143 -0.071429
0.228571 -0.071429
0.250000 -0.071429
0.271429 -0.071429
0.292857 -0.071429
0.314286 -0.071429
0.335714 -0.071429
0.357143 -0.071429
0.378571 -0.071429
0.432143 -0.071429
0.455357 -0.071429
0.476786 -0.071429
0.498214 -0.071429
-0.562500 -0.073214
-0.523214 -0.073214
-0.501786 -0.073214
-0.480357 -0.073214
-0.458929 -0.073214
-0.437500 -0.073214
-0.416071 -0.073214
-0.394643 -0.073214
-0.373214 -0.073214
-0.351786 -0.073214
-0.330357 -0.073214
-0.308929 -0.073214
-0.287500 -0.073214
-0.266071 -0.073214
-0.244643 -0.073214
-0.217857 -0.073214
-0.176786 -0.073214
-0.107143 -0.073214
-0.058929 -0.073214
-0.032143 -0.073214
-0.008929 -0.073214
0.012500 -0.073214
0.033929 -0.073214
0.055357 -0.073214
0.076786 -0.073214
0.100000 -0.073214
0.121429 -0.073214
0.142857 -0.073214
0.164286 -0.073214
0.185714 -0.073214
0.207143 -0.073214
0.228571 -0.073214
0.250000 -0.073214
0.271429 -0.073214
0.292857 -0.073214
0.314286 -0.073214
0.335714 -0.073214
0.357143 -0.073214
0.378571 -0.073214
0.432143 -0.073214
0.455357 -0.073214
0.476786 -0.073214
0.498214 -0.073214
-0.560714 -0.075000
-0.521429 -0.075000
-0.500000 -0.075000
-0.478571 -0.075000
-0.457143 -0.075000
-0.435714 -0.075000
-0.414286 -0.075000
-0.392857 -0.075000
-0.369643 -0.075000
-0.348214 -0.075000
-0.326786 -0.075000
-0.305357 -0.075000
-0.283929 -0.075000
-0.262500 -0.075000
-0.241071 -0.075000
-0.212500 -0.075000
-0.139286 -0.075000
-0.100000 -0.075000
-0.051786 -0.075000
-0.026786 -0.075000
-0.001786 -0.075000
0.019643 -0.075000
0.041071 -0.075000
0.062500 -0.075000
0.083929 -0.075000
0.105357 -0.075000
0.126786 -0.075000
0.148214 -0.075000
0.169643 -0.075000
0.191071 -0.075000
0.212500 -0.075000
0.233929 -0.075000
0.255357 -0.075000
0.276786 -0.075000
0.298214 -0.075000
0.319643 -0.075000
0.341071 -0.075000
0.362500 -0.075000
0.383929 -0.075000
0.435714 -0.075000
0.460714 -0.075000
0.482143 -0.075000
-0.576786 -0.076786
-0.555357 -0.076786
-0.512500 -0.076786
-0.491071 -0.076786
-0.469643 -0.076786
-0.448214 -0.076786
-0.426786 -0.076786
-0.405357 -0.076786
-0.383929 -0.076786
-0.360714 -0.076786
-0.339286 -0.076786
-0.317857 -0.076786
-0.296429 -0.076786
-0.275000 -0.076786
-0.253571 -0.076786
-0.225000 -0.076786
-0.169643 -0.076786
-0.112500 -0.076786
-0.073214 -0.076786
-0.033929 -0.076786
-0.008929 -0.076786
0.012500 -0.076786
0.033929 -0.076786
0.055357 -0.076786
0.076786 -0.076786
0.098214 -0.076786
0.119643 -0.076786
0.141071 -0.076786
0.164286 -0.076786
0.185714 -0.076786
0.207143 -0.076786
0.228571 -0.076786
0.250000 -0.076786
0.271429 -0.076786
0.292857 -0.076786
0.314286 -0.076786
0.335714 -0.076786
0.357143 -0.076786
0.378571 -0.076786
0.423214 -0.076786
0.448214 -0.076786
0.473214 -0.076786
0.494643 -0.076786
-0.562500 -0.078571
-0.523214 -0.078571
-0.501786 -0.078571
-0.480357 -0.078571
-0.458929 -0.078571
-0.437500 -0.078571
-0.416071 -0.078571
-0.394643 -0.078571
-0.369643 -0.078571
-0.348214 -0.078571
-0.326786 -0.078571
-0.305357 -0.078571
-0.283929 -0.078571
-0.262500 -0.078571
-0.241071 -0.078571
-0.210714 -0.078571
-0.135714 -0.078571
-0.098214 -0.078571
-0.041071 -0.078571
-0.016071 -0.078571
0.005357 -0.078571
0.026786 -0.078571
0.048214 -0.078571
0.069643 -0.078571
0.091071 -0.078571
0.112500 -0.078571
0.133929 -0.078571
0.155357 -0.078571
0.178571 -0.078571
0.200000 -0.078571
0.221429 -0.078571
0.242857 -0.078571
0.264286 -0.078571
0.285714 -0.078571
0.307143 -0.078571
0.328571 -0.078571
0.350000 -0.078571
0.371429 -0.078571
0.400000 -0.078571
0.437500 -0.078571
0.466071 -0.078571
0.487500 -0.078571
-0.567857 -0.080357
-0.544643 -0.080357
-0.508929 -0.080357
-0.487500 -0.080357
-0.466071 -0.080357
-0.444643 -0.080357
-0.423214 -0.080357
-0.401786 -0.080357
-0.376786 -0.080357
-0.355357 -0.080357
-0.333929 -0.080357
-0.312500 -0.080357
-0.291071 -0.080357
-0.269643 -0.080357
-0.248214 -0.080357
-0.221429 -0.080357
-0.171429 -0.080357
-0.105357 -0.080357
-0.039286 -0.080357
-0.014286 -0.080357
0.007143 -0.080357
0.028571 -0.080357
0.050000 -0.080357
0.071429 -0.080357
0.092857 -0.080357
0.114286 -0.080357
0.135714 -0.080357
0.157143 -0.080357
0.178571 -0.080357
0.200000 -0.080357
0.221429 -0.080357
0.242857 -0.080357
0.264286 -0.080357
0.285714 -0.080357
0.307143 -0.080357
0.328571 -0.080357
0.350000 -0.080357
0.371429 -0.080357
0.396429 -0.080357
0.433929 -0.080357
0.458929 -0.080357
0.482143 -0.080357
-0.573214 -0.082143
-0.551786 -0.082143
-0.514286 -0.082143
-0.492857 -0.082143
-0.471429 -0.082143
-0.450000 -0.082143
-0.428571 -0.082143
-0.407143 -0.082143
-0.385714 -0.082143
-0.364286 -0.082143
-0.342857 -0.082143
-0.321429 -0.082143
-0.300000 -0.082143
-0.278571 -0.082143
-0.257143 -0.082143
-0.232143 -0.082143
-0.201786 -0.082143
-0.141071 -0.082143
-0.085714 -0.082143
-0.032143 -0.082143
-0.007143 -0.082143
0.014286 -0.082143
0.035714 -0.082143
0.057143 -0.082143
0.078571 -0.082143
0.100000 -0.082143
0.121429 -0.082143
0.142857 -0.082143
0.164286 -0.082143
0.185714 -0.082143
0.207143 -0.082143
0.228571 -0.082143
0.250000 -0.082143
0.271429 -0.082143
0.292857 -0.082143
0.314286 -0.082143
0.335714 -0.082143
0.357143 -0.082143
0.378571 -0.082143
0.419643 -0.082143
0.441071 -0.082143
0.464286 -0.082143
0.489286 -0.082143
-0.564286 -0.083929
-0.542857 -0.083929
-0.505357 -0.083929
-0.483929 -0.083929
-0.462500 -0.083929
-0.441071 -0.083929
-0.419643 -0.083929
-0.398214 -0.083929
-0.376786 -0.083929
-0.355357 -0.083929
-0.333929 -0.083929
-0.312500 -0.083929
-0.291071 -0.083929
-0.269643 -0.083929
-0.248214 -0.083929
-0.221429 -0.083929
-0.183929 -0.083929
-0.083929 -0.083929
-0.033929 -0.083929
-0.010714 -0.083929
0.010714 -0.083929
0.032143 -0.083929
0.053571 -0.083929
0.075000 -0.083929
0.096429 -0.083929
0.117857 -0.083929
0.139286 -0.083929
0.160714 -0.083929
0.182143 -0.083929
0.203571 -0.083929
0.225000 -0.083929
0.246429 -0.083929
0.267857 -0.083929
0.289286 -0.083929
0.310714 -0.083929
0.332143 -0.083929
0.353571 -0.083929
0.375000 -0.083929
0.423214 -0.083929
0.444643 -0.083929
0.466071 -0.083929
0.487500 -0.083929
-0.564286 -0.085714
-0.530357 -0.085714
-0.503571 -0.085714
-0.482143 -0.085714
-0.460714 -0.085714
-0.439286 -0.085714
-0.417857 -0.085714
-0.396429 -0.085714
-0.375000 -0.085714
-0.353571 -0.085714
-0.332143 -0.085714
-0.310714 -0.085714
-0.289286 -0.085714
-0.267857 -0.085714
-0.246429 -0.085714
-0.223214 -0.085714
-0.192857 -0.085714
-0.128571 -0.085714
-0.062500 -0.085714
-0.023214 -0.085714
-0.001786 -0.085714
0.019643 -0.085714
0.041071 -0.085714
0.062500 -0.085714
0.083929 -0.085714
0.105357 -0.085714
0.126786 -0.085714
0.148214 -0.085714
0.169643 -0.085714
0.191071 -0.085714
0.212500 -0.085714
0.233929 -0.085714
0.255357 -0.085714
0.276786 -0.085714
0.298214 -0.085714
0.319643 -0.085714
0.341071 -0.085714
0.362500 -0.085714
0.383929 -0.085714
0.428571 -0.085714
0.450000 -0.085714
0.471429 -0.085714
0.492857 -0.085714
-0.557143 -0.087500
-0.517857 -0.087500
-0.496429 -0.087500
-0.475000 -0.087500
-0.453571 -0.087500
-0.432143 -0.087500
-0.410714 -0.087500
-0.389286 -0.087500
-0.367857 -0.087500
-0.346429 -0.087500
-0.325000 -0.087500
-0.303571 -0.087500
-0.282143 -0.087500
-0.260714 -0.087500
-0.239286 -0.087500
-0.180357 -0.087500
-0.094643 -0.087500
-0.035714 -0.087500
-0.008929 -0.087500
0.012500 -0.087500
0.033929 -0.087500
0.055357 -0.087500
0.076786 -0.087500
0.098214 -0.087500
0.119643 -0.087500
0.141071 -0.087500
0.162500 -0.087500
0.183929 -0.087500
0.205357 -0.087500
0.226786 -0.087500
0.248214 -0.087500
0.269643 -0.087500
0.291071 -0.087500
0.312500 -0.087500
0.333929 -0.087500
0.355357 -0.087500
0.376786 -0.087500
0.423214 -0.087500
0.444643 -0.087500
0.466071 -0.087500
0.487500 -0.087500
-0.560714 -0.089286
-0.519643 -0.089286
-0.498214 -0.089286
-0.476786 -0.089286
-0.455357 -0.089286
-0.433929 -0.089286
-0.412500 -0.089286
-0.391071 -0.089286
-0.369643 -0.089286
-0.348214 -0.089286
-0.326786 -0.089286
-0.305357 -0.089286
-0.283929 -0.089286
-0.262500 -0.089286
-0.241071 -0.089286
-0.212500 -0.089286
-0.075000 -0.089286
-0.026786 -0.089286
-0.003571 -0.089286
0.017857 -0.089286
0.039286 -0.089286
0.060714 -0.089286
0.082143 -0.089286
0.103571 -0.089286
0.125000 -0.089286
0.146429 -0.089286
0.167857 -0.089286
0.189286 -0.089286
0.210714 -0.089286
0.232143 -0.089286
0.253571 -0.089286
0.275000 -0.089286
0.296429 -0.089286
0.317857 -0.089286
0.339286 -0.089286
0.360714 -0.089286
0.383929 -0.089286
0.428571 -0.089286
0.450000 -0.089286
0.471429 -0.089286
0.492857 -0.089286
-0.553571 -0.091071
-0.514286 -0.091071
-0.492857 -0.091071
-0.471429 -0.091071
-0.450000 -0.091071
-0.428571 -0.091071
-0.407143 -0.091071
-0.385714 -0.091071
-0.364286 -0.091071
-0.342857 -0.091071
-0.321429 -0.091071
-0.300000 -0.091071
-0.278571 -0.091071
-0.257143 -0.091071
-0.232143 -0.091071
-0.137500 -0.091071
-0.037500 -0.091071
-0.012500 -0.091071
0.008929 -0.091071
0.030357 -0.091071
0.051786 -0.091071
0.073214 -0.091071
0.094643 -0.091071
0.116071 -0.091071
0.137500 -0.091071
0.158929 -0.091071
0.180357 -0.091071
0.201786 -0.091071
0.223214 -0.091071
0.244643 -0.091071
0.266071 -0.091071
0.287500 -0.091071
0.308929 -0.091071
0.330357 -0.091071
0.351786 -0.091071
0.373214 -0.091071
0.417857 -0.091071
0.439286 -0.091071
0.460714 -0.091071
0.482143 -0.091071
-0.560714 -0.092857
-0.525000 -0.092857
-0.501786 -0.092857
-0.480357 -0.092857
-0.458929 -0.092857
-0.437500 -0.092857
-0.416071 -0.092857
-0.394643 -0.092857
-0.373214 -0.092857
-0.351786 -0.092857
-0.330357 -0.092857
-0.308929 -0.092857
-0.287500 -0.092857
-0.266071 -0.092857
-0.244643 -0.092857
-0.198214 -0.092857
-0.075000 -0.092857
-0.017857 -0.092857
0.003571 -0.092857
0.025000 -0.092857
0.046429 -0.092857
0.067857 -0.092857
0.089286 -0.092857
0.110714 -0.092857
0.132143 -0.092857
0.153571 -0.092857
0.175000 -0.092857
0.196429 -0.092857
0.217857 -0.092857
0.239286 -0.092857
0.260714 -0.092857
0.282143 -0.092857
0.303571 -0.092857
0.325000 -0.092857
0.346429 -0.092857
0.367857 -0.092857
0.396429 -0.092857
0.435714 -0.092857
0.457143 -0.092857
0.478571 -0.092857
-0.564286 -0.094643
-0.541071 -0.094643
-0.505357 -0.094643
-0.483929 -0.094643
-0.462500 -0.094643
-0.441071 -0.094643
-0.419643 -0.094643
-0.398214 -0.094643
-0.376786 -0.094643
-0.355357 -0.094643
-0.333929 -0.094643
-0.312500 -0.094643
-0.291071 -0.094643
-0.269643 -0.094643
-0.248214 -0.094643
-0.198214 -0.094643
-0.110714 -0.094643
-0.019643 -0.094643
0.001786 -0.094643
0.023214 -0.094643
0.044643 -0.094643
0.066071 -0.094643
0.087500 -0.094643
0.108929 -0.094643
0.130357 -0.094643
0.151786 -0.094643
0.173214 -0.094643
0.194643 -0.094643
0.216071 -0.094643
0.237500 -0.094643
0.258929 -0.094643
0.280357 -0.094643
0.301786 -0.094643
0.323214 -0.094643
0.344643 -0.094643
0.366071 -0.094643
0.396429 -0.094643
0.435714 -0.094643
0.457143 -0.094643
0.478571 -0.094643
-0.560714 -0.096429
-0.539286 -0.096429
-0.503571 -0.096429
-0.482143 -0.096429
-0.460714 -0.096429
-0.439286 -0.096429
-0.417857 -0.096429
-0.396429 -0.096429
-0.375000 -0.096429
-0.353571 -0.096429
-0.332143 -0.096429
-0.310714 -0.096429
-0.289286 -0.096429
-0.267857 -0.096429
-0.246429 -0.096429
-0.176786 -0.096429
-0.108929 -0.096429
-0.023214 -0.096429
-0.001786 -0.096429
0.019643 -0.096429
0.041071 -0.096429
0.062500 -0.096429
0.083929 -0.096429
0.105357 -0.096429
0.126786 -0.096429
0.148214 -0.096429
0.169643 -0.096429
0.191071 -0.096429
0.212500 -0.096429
0.233929 -0.096429
0.255357 -0.096429
0.276786 -0.096429
0.298214 -0.096429
0.319643 -0.096429
0.341071 -0.096429
0.362500 -0.096429
0.385714 -0.096429
0.432143 -0.096429
0.453571 -0.096429
0.475000 -0.096429
-0.560714 -0.098214
-0.539286 -0.098214
-0.505357 -0.098214
-0.483929 -0.098214
-0.462500 -0.098214
-0.441071 -0.098214
-0.419643 -0.098214
-0.398214 -0.098214
-0.376786 -0.098214
-0.355357 -0.098214
-0.333929 -0.098214
-0.312500 -0.098214
-0.291071 -0.098214
-0.269643 -0.098214
-0.248214 -0.098214
-0.167857 -0.098214
-0.042857 -0.098214
-0.008929 -0.098214
0.012500 -0.098214
0.033929 -0.098214
0.055357 -0.098214
0.076786 -0.098214
0.098214 -0.098214
0.119643 -0.098214
0.141071 -0.098214
0.162500 -0.098214
0.183929 -0.098214
0.205357 -0.098214
0.226786 -0.098214
0.248214 -0.098214
0.269643 -0.098214
0.291071 -0.098214
0.312500 -0.098214
0.333929 -0.098214
0.355357 -0.098214
0.376786 -0.098214
0.426786 -0.098214
0.448214 -0.098214
0.469643 -0.098214
-0.564286 -0.100000
-0.542857 -0.100000
-0.508929 -0.100000
-0.487500 -0.100000
-0.466071 -0.100000
-0.444643 -0.100000
-0.423214 -0.100000
-0.401786 -0.100000
-0.380357 -0.100000
-0.358929 -0.100000
-0.337500 -0.100000
-0.316071 -0.100000
-0.294643 -0.100000
-0.273214 -0.100000
-0.251786 -0.100000
-0.178571 -0.100000
-0.076786 -0.100000
-0.016071 -0.100000
0.005357 -0.100000
0.026786 -0.100000
0.048214 -0.100000
0.069643 -0.100000
0.091071 -0.100000
0.112500 -0.100000
0.133929 -0.100000
0.155357 -0.100000
0.176786 -0.100000
0.198214 -0.100000
0.219643 -0.100000
0.241071 -0.100000
0.262500 -0.100000
0.283929 -0.100000
0.305357 -0.100000
0.326786 -0.100000
0.348214 -0.100000
0.369643 -0.100000
0.421429 -0.100000
0.442857 -0.100000
0.464286 -0.100000
0.485714 -0.100000
-0.544643 -0.101786
-0.508929 -0.101786
-0.487500 -0.101786
-0.466071 -0.101786
-0.444643 -0.101786
-0.423214 -0.101786
-0.401786 -0.101786
-0.380357 -0.101786
-0.358929 -0.101786
-0.337500 -0.101786
-0.316071 -0.101786
-0.294643 -0.101786
-0.273214 -0.101786
-0.251786 -0.101786
-0.166071 -0.101786
-0.075000 -0.101786
-0.010714 -0.101786
0.012500 -0.101786
0.033929 -0.101786
0.055357 -0.101786
0.076786 -0.101786
0.098214 -0.101786
0.119643 -0.101786
0.141071 -0.101786
0.162500 -0.101786
0.183929 -0.101786
0.205357 -0.101786
0.226786 -0.101786
0.248214 -0.101786
0.269643 -0.101786
0.291071 -0.101786
0.312500 -0.101786
0.333929 -0.101786
0.355357 -0.101786
0.376786 -0.101786
0.428571 -0.101786
0.450000 -0.101786
0.471429 -0.101786
-0.555357 -0.103571
-0.521429 -0.103571
-0.496429 -0.103571
-0.475000 -0.103571
-0.453571 -0.103571
-0.432143 -0.103571
-0.410714 -0.103571
-0.389286 -0.103571
-0.367857 -0.103571
-0.346429 -0.103571
-0.325000 -0.103571
-0.303571 -0.103571
-0.282143 -0.103571
-0.260714 -0.103571
-0.167857 -0.103571
-0.075000 -0.103571
-0.010714 -0.103571
0.012500 -0.103571
0.033929 -0.103571
0.055357 -0.103571
0.076786 -0.103571
0.098214 -0.103571
0.119643 -0.103571
0.141071 -0.103571
0.162500 -0.103571
0.183929 -0.103571
0.205357 -0.103571
0.226786 -0.103571
0.248214 -0.103571
0.269643 -0.103571
0.291071 -0.103571
0.312500 -0.103571
0.333929 -0.103571
0.355357 -0.103571
0.378571 -0.103571
0.430357 -0.103571
0.451786 -0.103571
0.473214 -0.103571
-0.550000 -0.105357
-0.512500 -0.105357
-0.491071 -0.105357
-0.469643 -0.105357
-0.448214 -0.105357
-0.426786 -0.105357
-0.405357 -0.105357
-0.383929 -0.105357
-0.362500 -0.105357
-0.341071 -0.105357
-0.319643 -0.105357
-0.298214 -0.105357
-0.276786 -0.105357
-0.251786 -0.105357
-0.153571 -0.105357
-0.098214 -0.105357
-0.012500 -0.105357
0.012500 -0.105357
0.033929 -0.105357
0.055357 -0.105357
0.076786 -0.105357
0.098214 -0.105357
0.119643 -0.105357
0.141071 -0.105357
0.162500 -0.105357
0.183929 -0.105357
0.205357 -0.105357
0.226786 -0.105357
0.248214 -0.105357
0.269643 -0.105357
0.291071 -0.105357
0.312500 -0.105357
0.333929 -0.105357
0.355357 -0.105357
0.378571 -0.105357
0.430357 -0.105357
0.451786 -0.105357
0.473214 -0.105357
-0.546429 -0.107143
-0.508929 -0.107143
-0.487500 -0.107143
-0.466071 -0.107143
-0.444643 -0.107143
-0.423214 -0.107143
-0.401786 -0.107143
-0.380357 -0.107143
-0.358929 -0.107143
-0.337500 -0.107143
-0.316071 -0.107143
-0.294643 -0.107143
-0.273214 -0.107143
-0.241071 -0.107143
-0.158929 -0.107143
-0.105357 -0.107143
-0.017857 -0.107143
0.007143 -0.107143
0.028571 -0.107143
0.050000 -0.107143
0.071429 -0.107143
0.092857 -0.107143
0.114286 -0.107143
0.135714 -0.107143
0.157143 -0.107143
0.178571 -0.107143
0.200000 -0.107143
0.221429 -0.107143
0.242857 -0.107143
0.264286 -0.107143
0.285714 -0.107143
0.307143 -0.107143
0.328571 -0.107143
0.350000 -0.107143
0.371429 -0.107143
0.421429 -0.107143
0.442857 -0.107143
0.464286 -0.107143
-0.551786 -0.108929
-0.516071 -0.108929
-0.494643 -0.108929
-0.473214 -0.108929
-0.451786 -0.108929
-0.430357 -0.108929
-0.408929 -0.108929
-0.387500 -0.108929
-0.366071 -0.108929
-0.344643 -0.108929
-0.323214 -0.108929
-0.301786 -0.108929
-0.280357 -0.108929
-0.248214 -0.108929
-0.160714 -0.108929
-0.107143 -0.108929
-0.017857 -0.108929
0.008929 -0.108929
0.030357 -0.108929
0.051786 -0.108929
0.073214 -0.108929
0.094643 -0.108929
0.116071 -0.108929
0.137500 -0.108929
0.158929 -0.108929
0.180357 -0.108929
0.201786 -0.108929
0.223214 -0.108929
0.244643 -0.108929
0.266071 -0.108929
0.287500 -0.108929
0.308929 -0.108929
0.330357 -0.108929
0.351786 -0.108929
0.373214 -0.108929
0.417857 -0.108929
0.439286 -0.108929
0.460714 -0.108929
-0.551786 -0.110714
-0.514286 -0.110714
-0.492857 -0.110714
-0.471429 -0.110714
-0.450000 -0.110714
-0.428571 -0.110714
-0.407143 -0.110714
-0.385714 -0.110714
-0.364286 -0.110714
-0.342857 -0.110714
-0.321429 -0.110714
-0.300000 -0.110714
-0.275000 -0.110714
-0.198214 -0.110714
-0.157143 -0.110714
-0.101786 -0.110714
-0.012500 -0.110714
0.014286 -0.110714
0.035714 -0.110714
0.057143 -0.110714
0.078571 -0.110714
0.100000 -0.110714
0.121429 -0.110714
0.142857 -0.110714
0.164286 -0.110714
0.185714 -0.110714
0.207143 -0.110714
0.228571 -0.110714
0.250000 -0.110714
0.271429 -0.110714
0.292857 -0.110714
0.314286 -0.110714
0.335714 -0.110714
0.357143 -0.110714
0.380357 -0.110714
0.425000 -0.110714
0.446429 -0.110714
0.467857 -0.110714
-0.541071 -0.112500
-0.505357 -0.112500
-0.483929 -0.112500
-0.462500 -0.112500
-0.441071 -0.112500
-0.419643 -0.112500
-0.398214 -0.112500
-0.376786 -0.112500
-0.355357 -0.112500
-0.333929 -0.112500
-0.312500 -0.112500
-0.289286 -0.112500
-0.251786 -0.112500
-0.167857 -0.112500
-0.146429 -0.112500
-0.098214 -0.112500
-0.012500 -0.112500
0.016071 -0.112500
0.037500 -0.112500
0.058929 -0.112500
0.080357 -0.112500
0.101786 -0.112500
0.123214 -0.112500
0.144643 -0.112500
0.166071 -0.112500
0.187500 -0.112500
0.208929 -0.112500
0.230357 -0.112500
0.251786 -0.112500
0.273214 -0.112500
0.294643 -0.112500
0.316071 -0.112500
0.337500 -0.112500
0.358929 -0.112500
0.383929 -0.112500
0.430357 -0.112500
0.451786 -0.112500
-0.550000 -0.114286
-0.512500 -0.114286
-0.491071 -0.114286
-0.469643 -0.114286
-0.448214 -0.114286
-0.426786 -0.114286
-0.405357 -0.114286
-0.383929 -0.114286
-0.362500 -0.114286
-0.341071 -0.114286
-0.319643 -0.114286
-0.298214 -0.114286
-0.266071 -0.114286
-0.178571 -0.114286
-0.153571 -0.114286
-0.100000 -0.114286
-0.025000 -0.114286
0.012500 -0.114286
0.033929 -0.114286
0.055357 -0.114286
0.076786 -0.114286
0.098214 -0.114286
0.119643 -0.114286
0.141071 -0.114286
0.162500 -0.114286
0.183929 -0.114286
0.205357 -0.114286
0.226786 -0.114286
0.248214 -0.114286
0.269643 -0.114286
0.291071 -0.114286
0.312500 -0.114286
0.333929 -0.114286
0.355357 -0.114286
0.378571 -0.114286
0.425000 -0.114286
0.446429 -0.114286
0.467857 -0.114286
-0.516071 -0.116071
-0.494643 -0.116071
-0.473214 -0.116071
-0.451786 -0.116071
-0.430357 -0.116071
-0.408929 -0.116071
-0.387500 -0.116071
-0.366071 -0.116071
-0.344643 -0.116071
-0.323214 -0.116071
-0.298214 -0.116071
-0.266071 -0.116071
-0.183929 -0.116071
-0.162500 -0.116071
-0.110714 -0.116071
-0.044643 -0.116071
0.007143 -0.116071
0.028571 -0.116071
0.050000 -0.116071
0.071429 -0.116071
0.092857 -0.116071
0.114286 -0.116071
0.135714 -0.116071
0.157143 -0.116071
0.178571 -0.116071
0.200000 -0.116071
0.221429 -0.116071
0.242857 -0.116071
0.264286 -0.116071
0.285714 -0.116071
0.307143 -0.116071
0.328571 -0.116071
0.350000 -0.116071
0.371429 -0.116071
0.419643 -0.116071
0.441071 -0.116071
0.462500 -0.116071
-0.516071 -0.117857
-0.494643 -0.117857
-0.473214 -0.117857
-0.451786 -0.117857
-0.430357 -0.117857
-0.408929 -0.117857
-0.387500 -0.117857
-0.366071 -0.117857
-0.344643 -0.117857
-0.323214 -0.117857
-0.294643 -0.117857
-0.257143 -0.117857
-0.180357 -0.117857
-0.158929 -0.117857
-0.098214 -0.117857
-0.076786 -0.117857
0.003571 -0.117857
0.025000 -0.117857
0.048214 -0.117857
0.069643 -0.117857
0.091071 -0.117857
0.112500 -0.117857
0.133929 -0.117857
0.155357 -0.117857
0.176786 -0.117857
0.198214 -0.117857
0.219643 -0.117857
0.241071 -0.117857
0.262500 -0.117857
0.283929 -0.117857
0.305357 -0.117857
0.326786 -0.117857
0.348214 -0.117857
0.369643 -0.117857
0.412500 -0.117857
0.435714 -0.117857
0.457143 -0.117857
-0.516071 -0.119643
-0.494643 -0.119643
-0.473214 -0.119643
-0.451786 -0.119643
-0.430357 -0.119643
-0.408929 -0.119643
-0.387500 -0.119643
-0.366071 -0.119643
-0.344643 -0.119643
-0.323214 -0.119643
-0.294643 -0.119643
-0.214286 -0.119643
-0.180357 -0.119643
-0.158929 -0.119643
-0.105357 -0.119643
-0.083929 -0.119643
-0.055357 -0.119643
0.005357 -0.119643
0.026786 -0.119643
0.048214 -0.119643
0.069643 -0.119643
0.091071 -0.119643
0.112500 -0.119643
0.133929 -0.119643
0.155357 -0.119643
0.176786 -0.119643
0.198214 -0.119643
0.219643 -0.119643
0.241071 -0.119643
0.262500 -0.119643
0.283929 -0.119643
0.305357 -0.119643
0.326786 -0.119643
0.348214 -0.119643
0.371429 -0.119643
0.410714 -0.119643
0.432143 -0.119643
0.453571 -0.119643
-0.516071 -0.121429
-0.494643 -0.121429
-0.473214 -0.121429
-0.451786 -0.121429
-0.430357 -0.121429
-0.408929 -0.121429
-0.387500 -0.121429
-0.366071 -0.121429
-0.344643 -0.121429
-0.323214 -0.121429
-0.291071 -0.121429
-0.208929 -0.121429
-0.183929 -0.121429
-0.162500 -0.121429
-0.141071 -0.121429
-0.094643 -0.121429
-0.073214 -0.121429
-0.001786 -0.121429
0.025000 -0.121429
0.048214 -0.121429
0.069643 -0.121429
0.091071 -0.121429
0.112500 -0.121429
0.133929 -0.121429
0.155357 -0.121429
0.176786 -0.121429
0.198214 -0.121429
0.219643 -0.121429
0.241071 -0.121429
0.262500 -0.121429
0.283929 -0.121429
0.305357 -0.121429
0.326786 -0.121429
0.348214 -0.121429
0.371429 -0.121429
0.414286 -0.121429
0.435714 -0.121429
-0.535714 -0.123214
-0.503571 -0.123214
-0.482143 -0.123214
-0.460714 -0.123214
-0.439286 -0.123214
-0.417857 -0.123214
-0.396429 -0.123214
-0.375000 -0.123214
-0.353571 -0.123214
-0.332143 -0.123214
-0.300000 -0.123214
-0.219643 -0.123214
-0.192857 -0.123214
-0.171429 -0.123214
-0.150000 -0.123214
-0.116071 -0.123214
-0.094643 -0.123214
-0.073214 -0.123214
-0.005357 -0.123214
0.023214 -0.123214
0.048214 -0.123214
0.069643 -0.123214
0.091071 -0.123214
0.112500 -0.123214
0.133929 -0.123214
0.155357 -0.123214
0.176786 -0.123214
0.198214 -0.123214
0.219643 -0.123214
0.241071 -0.123214
0.262500 -0.123214
0.283929 -0.123214
0.305357 -0.123214
0.326786 -0.123214
0.348214 -0.123214
0.371429 -0.123214
0.412500 -0.123214
0.433929 -0.123214
-0.523214 -0.125000
-0.498214 -0.125000
-0.476786 -0.125000
-0.455357 -0.125000
-0.433929 -0.125000
-0.412500 -0.125000
-0.391071 -0.125000
-0.369643 -0.125000
-0.348214 -0.125000
-0.326786 -0.125000
-0.298214 -0.125000
-0.221429 -0.125000
-0.192857 -0.125000
-0.171429 -0.125000
-0.150000 -0.125000
-0.128571 -0.125000
-0.107143 -0.125000
-0.085714 -0.125000
-0.062500 -0.125000
-0.003571 -0.125000
0.025000 -0.125000
0.048214 -0.125000
0.069643 -0.125000
0.091071 -0.125000
0.112500 -0.125000
0.133929 -0.125000
0.155357 -0.125000
0.176786 -0.125000
0.198214 -0.125000
0.219643 -0.125000
0.241071 -0.125000
0.262500 -0.125000
0.283929 -0.125000
0.305357 -0.125000
0.326786 -0.125000
0.348214 -0.125000
0.371429 -0.125000
0.410714 -0.125000
0.432143 -0.125000
-0.521429 -0.126786
-0.496429 -0.126786
-0.475000 -0.126786
-0.453571 -0.126786
-0.432143 -0.126786
-0.410714 -0.126786
-0.389286 -0.126786
-0.367857 -0.126786
-0.346429 -0.126786
-0.325000 -0.126786
-0.294643 -0.126786
-0.205357 -0.126786
-0.183929 -0.126786
-0.150000 -0.126786
-0.128571 -0.126786
-0.107143 -0.126786
-0.085714 -0.126786
-0.064286 -0.126786
-0.003571 -0.126786
0.030357 -0.126786
0.055357 -0.126786
0.076786 -0.126786
0.098214 -0.126786
0.119643 -0.126786
0.141071 -0.126786
0.162500 -0.126786
0.183929 -0.126786
0.205357 -0.126786
0.226786 -0.126786
0.248214 -0.126786
0.269643 -0.126786
0.291071 -0.126786
0.312500 -0.126786
0.333929 -0.126786
0.355357 -0.126786
0.378571 -0.126786
0.419643 -0.126786
0.441071 -0.126786
-0.503571 -0.128571
-0.482143 -0.128571
-0.460714 -0.128571
-0.439286 -0.128571
-0.417857 -0.128571
-0.396429 -0.128571
-0.375000 -0.128571
-0.353571 -0.128571
-0.332143 -0.128571
-0.303571 -0.128571
-0.210714 -0.128571
-0.187500 -0.128571
-0.150000 -0.128571
-0.128571 -0.128571
-0.107143 -0.128571
-0.085714 -0.128571
-0.064286 -0.128571
-0.005357 -0.128571
0.025000 -0.128571
0.048214 -0.128571
0.069643 -0.128571
0.091071 -0.128571
0.112500 -0.128571
0.133929 -0.128571
0.157143 -0.128571
0.178571 -0.128571
0.200000 -0.128571
0.221429 -0.128571
0.242857 -0.128571
0.264286 -0.128571
0.285714 -0.128571
0.307143 -0.128571
0.328571 -0.128571
0.350000 -0.128571
0.373214 -0.128571
0.412500 -0.128571
0.433929 -0.128571
-0.503571 -0.130357
-0.482143 -0.130357
-0.460714 -0.130357
-0.439286 -0.130357
-0.417857 -0.130357
-0.396429 -0.130357
-0.375000 -0.130357
-0.353571 -0.130357
-0.332143 -0.130357
-0.278571 -0.130357
-0.210714 -0.130357
-0.189286 -0.130357
-0.151786 -0.130357
-0.130357 -0.130357
-0.108929 -0.130357
-0.087500 -0.130357
-0.062500 -0.130357
-0.021429 -0.130357
0.023214 -0.130357
0.048214 -0.130357
0.069643 -0.130357
0.091071 -0.130357
0.112500 -0.130357
0.133929 -0.130357
0.157143 -0.130357
0.178571 -0.130357
0.200000 -0.130357
0.221429 -0.130357
0.242857 -0.130357
0.264286 -0.130357
0.285714 -0.130357
0.307143 -0.130357
0.328571 -0.130357
0.350000 -0.130357
0.373214 -0.130357
0.412500 -0.130357
-0.525000 -0.132143
-0.500000 -0.132143
-0.478571 -0.132143
-0.457143 -0.132143
-0.435714 -0.132143
-0.414286 -0.132143
-0.392857 -0.132143
-0.371429 -0.132143
-0.350000 -0.132143
-0.328571 -0.132143
-0.282143 -0.132143
-0.210714 -0.132143
-0.183929 -0.132143
-0.146429 -0.132143
-0.125000 -0.132143
-0.103571 -0.132143
-0.069643 -0.132143
-0.044643 -0.132143
0.016071 -0.132143
0.044643 -0.132143
0.066071 -0.132143
0.087500 -0.132143
0.108929 -0.132143
0.130357 -0.132143
0.153571 -0.132143
0.175000 -0.132143
0.196429 -0.132143
0.217857 -0.132143
0.239286 -0.132143
0.260714 -0.132143
0.282143 -0.132143
0.303571 -0.132143
0.325000 -0.132143
0.346429 -0.132143
0.369643 -0.132143
0.408929 -0.132143
0.430357 -0.132143
-0.501786 -0.133929
-0.480357 -0.133929
-0.458929 -0.133929
-0.437500 -0.133929
-0.416071 -0.133929
-0.394643 -0.133929
-0.373214 -0.133929
-0.351786 -0.133929
-0.330357 -0.133929
-0.250000 -0.133929
-0.210714 -0.133929
-0.183929 -0.133929
-0.133929 -0.133929
-0.112500 -0.133929
-0.060714 -0.133929
-0.030357 -0.133929
0.017857 -0.133929
0.050000 -0.133929
0.071429 -0.133929
0.092857 -0.133929
0.114286 -0.133929
0.135714 -0.133929
0.160714 -0.133929
0.182143 -0.133929
0.203571 -0.133929
0.225000 -0.133929
0.246429 -0.133929
0.267857 -0.133929
0.289286 -0.133929
0.310714 -0.133929
0.332143 -0.133929
0.353571 -0.133929
0.376786 -0.133929
0.416071 -0.133929
-0.510714 -0.135714
-0.489286 -0.135714
-0.467857 -0.135714
-0.446429 -0.135714
-0.425000 -0.135714
-0.403571 -0.135714
-0.382143 -0.135714
-0.360714 -0.135714
-0.339286 -0.135714
-0.305357 -0.135714
-0.233929 -0.135714
-0.203571 -0.135714
-0.169643 -0.135714
-0.132143 -0.135714
-0.110714 -0.135714
-0.053571 -0.135714
-0.019643 -0.135714
0.026786 -0.135714
0.057143 -0.135714
0.078571 -0.135714
0.100000 -0.135714
0.121429 -0.135714
0.144643 -0.135714
0.166071 -0.135714
0.187500 -0.135714
0.208929 -0.135714
0.230357 -0.135714
0.251786 -0.135714
0.273214 -0.135714
0.294643 -0.135714
0.316071 -0.135714
0.337500 -0.135714
0.358929 -0.135714
0.387500 -0.135714
0.423214 -0.135714
-0.503571 -0.137500
-0.482143 -0.137500
-0.460714 -0.137500
-0.439286 -0.137500
-0.417857 -0.137500
-0.396429 -0.137500
-0.375000 -0.137500
-0.353571 -0.137500
-0.332143 -0.137500
-0.246429 -0.137500
-0.216071 -0.137500
-0.192857 -0.137500
-0.164286 -0.137500
-0.125000 -0.137500
-0.089286 -0.137500
-0.060714 -0.137500
-0.039286 -0.137500
0.012500 -0.137500
0.053571 -0.137500
0.076786 -0.137500
0.098214 -0.137500
0.119643 -0.137500
0.141071 -0.137500
0.162500 -0.137500
0.183929 -0.137500
0.205357 -0.137500
0.226786 -0.137500
0.248214 -0.137500
0.269643 -0.137500
0.291071 -0.137500
0.312500 -0.137500
0.333929 -0.137500
0.355357 -0.137500
0.380357 -0.137500
0.419643 -0.137500
-0.505357 -0.139286
-0.483929 -0.139286
-0.462500 -0.139286
-0.441071 -0.139286
-0.419643 -0.139286
-0.398214 -0.139286
-0.376786 -0.139286
-0.355357 -0.139286
-0.333929 -0.139286
-0.257143 -0.139286
-0.223214 -0.139286
-0.201786 -0.139286
-0.169643 -0.139286
-0.130357 -0.139286
-0.089286 -0.139286
-0.053571 -0.139286
-0.026786 -0.139286
0.017857 -0.139286
0.055357 -0.139286
0.078571 -0.139286
0.100000 -0.139286
0.121429 -0.139286
0.142857 -0.139286
0.164286 -0.139286
0.185714 -0.139286
0.207143 -0.139286
0.228571 -0.139286
0.250000 -0.139286
0.271429 -0.139286
0.292857 -0.139286
0.314286 -0.139286
0.335714 -0.139286
0.357143 -0.139286
0.383929 -0.139286
0.419643 -0.139286
-0.503571 -0.141071
-0.482143 -0.141071
-0.460714 -0.141071
-0.439286 -0.141071
-0.417857 -0.141071
-0.396429 -0.141071
-0.375000 -0.141071
-0.353571 -0.141071
-0.330357 -0.141071
-0.246429 -0.141071
-0.221429 -0.141071
-0.191071 -0.141071
-0.164286 -0.141071
-0.128571 -0.141071
-0.053571 -0.141071
-0.026786 -0.141071
0.028571 -0.141071
0.066071 -0.141071
0.089286 -0.141071
0.110714 -0.141071
0.132143 -0.141071
0.153571 -0.141071
0.175000 -0.141071
0.196429 -0.141071
0.217857 -0.141071
0.239286 -0.141071
0.260714 -0.141071
0.282143 -0.141071
0.303571 -0.141071
0.325000 -0.141071
0.346429 -0.141071
0.371429 -0.141071
0.410714 -0.141071
-0.508929 -0.142857
-0.487500 -0.142857
-0.466071 -0.142857
-0.444643 -0.142857
-0.423214 -0.142857
-0.401786 -0.142857
-0.380357 -0.142857
-0.358929 -0.142857
-0.337500 -0.142857
-0.258929 -0.142857
-0.230357 -0.142857
-0.205357 -0.142857
-0.175000 -0.142857
-0.141071 -0.142857
-0.087500 -0.142857
-0.058929 -0.142857
-0.023214 -0.142857
0.030357 -0.142857
0.066071 -0.142857
0.087500 -0.142857
0.108929 -0.142857
0.130357 -0.142857
0.151786 -0.142857
0.173214 -0.142857
0.194643 -0.142857
0.216071 -0.142857
0.237500 -0.142857
0.258929 -0.142857
0.280357 -0.142857
0.301786 -0.142857
0.323214 -0.142857
0.344643 -0.142857
0.369643 -0.142857
0.408929 -0.142857
-0.508929 -0.144643
-0.485714 -0.144643
-0.464286 -0.144643
-0.442857 -0.144643
-0.421429 -0.144643
-0.400000 -0.144643
-0.378571 -0.144643
-0.357143 -0.144643
-0.335714 -0.144643
-0.251786 -0.144643
-0.228571 -0.144643
-0.203571 -0.144643
-0.167857 -0.144643
-0.133929 -0.144643
-0.112500 -0.144643
-0.087500 -0.144643
-0.066071 -0.144643
-0.030357 -0.144643
-0.007143 -0.144643
0.055357 -0.144643
0.080357 -0.144643
0.101786 -0.144643
0.123214 -0.144643
0.144643 -0.144643
0.166071 -0.144643
0.187500 -0.144643
0.208929 -0.144643
0.230357 -0.144643
0.251786 -0.144643
0.273214 -0.144643
0.294643 -0.144643
0.316071 -0.144643
0.337500 -0.144643
0.358929 -0.144643
0.382143 -0.144643
-0.521429 -0.146429
-0.498214 -0.146429
-0.476786 -0.146429
-0.455357 -0.146429
-0.433929 -0.146429
-0.412500 -0.146429
-0.391071 -0.146429
-0.369643 -0.146429
-0.348214 -0.146429
-0.317857 -0.146429
-0.239286 -0.146429
-0.217857 -0.146429
-0.180357 -0.146429
-0.157143 -0.146429
-0.123214 -0.146429
-0.089286 -0.146429
-0.067857 -0.146429
-0.030357 -0.146429
-0.001786 -0.146429
0.057143 -0.146429
0.082143 -0.146429
0.103571 -0.146429
0.125000 -0.146429
0.146429 -0.146429
0.167857 -0.146429
0.189286 -0.146429
0.210714 -0.146429
0.232143 -0.146429
0.253571 -0.146429
0.275000 -0.146429
0.296429 -0.146429
0.317857 -0.146429
0.339286 -0.146429
0.360714 -0.146429
0.387500 -0.146429
-0.517857 -0.148214
-0.494643 -0.148214
-0.473214 -0.148214
-0.451786 -0.148214
-0.430357 -0.148214
-0.408929 -0.148214
-0.387500 -0.148214
-0.366071 -0.148214
-0.344643 -0.148214
-0.273214 -0.148214
-0.241071 -0.148214
-0.219643 -0.148214
-0.185714 -0.148214
-0.164286 -0.148214
-0.130357 -0.148214
-0.082143 -0.148214
-0.051786 -0.148214
-0.023214 -0.148214
0.003571 -0.148214
0.066071 -0.148214
0.091071 -0.148214
0.112500 -0.148214
0.133929 -0.148214
0.155357 -0.148214
0.176786 -0.148214
0.198214 -0.148214
0.219643 -0.148214
0.241071 -0.148214
0.262500 -0.148214
0.283929 -0.148214
0.305357 -0.148214
0.326786 -0.148214
0.348214 -0.148214
0.371429 -0.148214
0.405357 -0.148214
-0.507143 -0.150000
-0.485714 -0.150000
-0.464286 -0.150000
-0.442857 -0.150000
-0.421429 -0.150000
-0.400000 -0.150000
-0.378571 -0.150000
-0.357143 -0.150000
-0.335714 -0.150000
-0.255357 -0.150000
-0.233929 -0.150000
-0.207143 -0.150000
-0.180357 -0.150000
-0.158929 -0.150000
-0.130357 -0.150000
-0.101786 -0.150000
-0.069643 -0.150000
-0.037500 -0.150000
-0.016071 -0.150000
0.012500 -0.150000
0.073214 -0.150000
0.096429 -0.150000
0.117857 -0.150000
0.139286 -0.150000
0.160714 -0.150000
0.182143 -0.150000
0.203571 -0.150000
0.225000 -0.150000
0.246429 -0.150000
0.267857 -0.150000
0.289286 -0.150000
0.310714 -0.150000
0.332143 -0.150000
0.353571 -0.150000
0.382143 -0.150000
-0.517857 -0.151786
-0.492857 -0.151786
-0.471429 -0.151786
-0.450000 -0.151786
-0.428571 -0.151786
-0.407143 -0.151786
-0.385714 -0.151786
-0.364286 -0.151786
-0.342857 -0.151786
-0.264286 -0.151786
-0.241071 -0.151786
-0.217857 -0.151786
-0.183929 -0.151786
-0.162500 -0.151786
-0.133929 -0.151786
-0.112500 -0.151786
-0.085714 -0.151786
-0.064286 -0.151786
-0.032143 -0.151786
-0.010714 -0.151786
0.019643 -0.151786
0.080357 -0.151786
0.103571 -0.151786
0.125000 -0.151786
0.146429 -0.151786
0.167857 -0.151786
0.189286 -0.151786
0.210714 -0.151786
0.232143 -0.151786
0.253571 -0.151786
0.275000 -0.151786
0.296429 -0.151786
0.317857 -0.151786
0.339286 -0.151786
0.360714 -0.151786
0.396429 -0.151786
-0.501786 -0.153571
-0.476786 -0.153571
-0.455357 -0.153571
-0.433929 -0.153571
-0.412500 -0.153571
-0.391071 -0.153571
-0.369643 -0.153571
-0.348214 -0.153571
-0.276786 -0.153571
-0.248214 -0.153571
-0.226786 -0.153571
-0.191071 -0.153571
-0.169643 -0.153571
-0.146429 -0.153571
-0.119643 -0.153571
-0.083929 -0.153571
-0.062500 -0.153571
-0.032143 -0.153571
-0.010714 -0.153571
0.033929 -0.153571
0.087500 -0.153571
0.110714 -0.153571
0.132143 -0.153571
0.153571 -0.153571
0.175000 -0.153571
0.196429 -0.153571
0.217857 -0.153571
0.239286 -0.153571
0.260714 -0.153571
0.282143 -0.153571
0.303571 -0.153571
0.325000 -0.153571
0.346429 -0.153571
0.371429 -0.153571
-0.517857 -0.155357
-0.492857 -0.155357
-0.471429 -0.155357
-0.450000 -0.155357
-0.428571 -0.155357
-0.407143 -0.155357
-0.385714 -0.155357
-0.364286 -0.155357
-0.342857 -0.155357
-0.269643 -0.155357
-0.246429 -0.155357
-0.225000 -0.155357
-0.194643 -0.155357
-0.171429 -0.155357
-0.142857 -0.155357
-0.112500 -0.155357
-0.078571 -0.155357
-0.055357 -0.155357
-0.025000 -0.155357
-0.003571 -0.155357
0.050000 -0.155357
0.089286 -0.155357
0.116071 -0.155357
0.137500 -0.155357
0.158929 -0.155357
0.180357 -0.155357
0.201786 -0.155357
0.223214 -0.155357
0.244643 -0.155357
0.266071 -0.155357
0.287500 -0.155357
0.308929 -0.155357
0.330357 -0.155357
0.353571 -0.155357
0.380357 -0.155357
-0.510714 -0.157143
-0.485714 -0.157143
-0.464286 -0.157143
-0.442857 -0.157143
-0.421429 -0.157143
-0.400000 -0.157143
-0.378571 -0.157143
-0.357143 -0.157143
-0.335714 -0.157143
-0.264286 -0.157143
-0.242857 -0.157143
-0.217857 -0.157143
-0.189286 -0.157143
-0.167857 -0.157143
-0.139286 -0.157143
-0.108929 -0.157143
-0.076786 -0.157143
-0.050000 -0.157143
-0.021429 -0.157143
0.000000 -0.157143
0.075000 -0.157143
0.105357 -0.157143
0.126786 -0.157143
0.148214 -0.157143
0.169643 -0.157143
0.191071 -0.157143
0.212500 -0.157143
0.233929 -0.157143
0.255357 -0.157143
0.276786 -0.157143
0.298214 -0.157143
0.319643 -0.157143
0.341071 -0.157143
0.367857 -0.157143
-0.521429 -0.158929
-0.496429 -0.158929
-0.475000 -0.158929
-0.453571 -0.158929
-0.432143 -0.158929
-0.410714 -0.158929
-0.389286 -0.158929
-0.367857 -0.158929
-0.346429 -0.158929
-0.280357 -0.158929
-0.255357 -0.158929
-0.233929 -0.158929
-0.201786 -0.158929
-0.178571 -0.158929
-0.153571 -0.158929
-0.123214 -0.158929
-0.092857 -0.158929
-0.067857 -0.158929
-0.042857 -0.158929
-0.017857 -0.158929
0.003571 -0.158929
0.073214 -0.158929
0.105357 -0.158929
0.126786 -0.158929
0.148214 -0.158929
0.169643 -0.158929
0.191071 -0.158929
0.212500 -0.158929
0.233929 -0.158929
0.255357 -0.158929
0.276786 -0.158929
0.298214 -0.158929
0.319643 -0.158929
0.341071 -0.158929
0.362500 -0.158929
0.394643 -0.158929
-0.501786 -0.160714
-0.478571 -0.160714
-0.457143 -0.160714
-0.435714 -0.160714
-0.414286 -0.160714
-0.392857 -0.160714
-0.371429 -0.160714
-0.350000 -0.160714
-0.287500 -0.160714
-0.258929 -0.160714
-0.237500 -0.160714
-0.207143 -0.160714
-0.183929 -0.160714
-0.162500 -0.160714
-0.132143 -0.160714
-0.105357 -0.160714
-0.078571 -0.160714
-0.053571 -0.160714
-0.025000 -0.160714
-0.003571 -0.160714
0.023214 -0.160714
0.094643 -0.160714
0.121429 -0.160714
0.142857 -0.160714
0.164286 -0.160714
0.185714 -0.160714
0.207143 -0.160714
0.228571 -0.160714
0.250000 -0.160714
0.271429 -0.160714
0.292857 -0.160714
0.314286 -0.160714
0.335714 -0.160714
0.358929 -0.160714
0.394643 -0.160714
-0.494643 -0.162500
-0.473214 -0.162500
-0.451786 -0.162500
-0.430357 -0.162500
-0.408929 -0.162500
-0.387500 -0.162500
-0.366071 -0.162500
-0.344643 -0.162500
-0.287500 -0.162500
-0.258929 -0.162500
-0.237500 -0.162500
-0.207143 -0.162500
-0.183929 -0.162500
-0.162500 -0.162500
-0.133929 -0.162500
-0.107143 -0.162500
-0.080357 -0.162500
-0.051786 -0.162500
-0.025000 -0.162500
-0.003571 -0.162500
0.019643 -0.162500
0.087500 -0.162500
0.112500 -0.162500
0.133929 -0.162500
0.155357 -0.162500
0.176786 -0.162500
0.198214 -0.162500
0.219643 -0.162500
0.241071 -0.162500
0.262500 -0.162500
0.283929 -0.162500
0.305357 -0.162500
0.326786 -0.162500
0.348214 -0.162500
0.376786 -0.162500
-0.505357 -0.164286
-0.482143 -0.164286
-0.458929 -0.164286
-0.437500 -0.164286
-0.416071 -0.164286
-0.394643 -0.164286
-0.373214 -0.164286
-0.351786 -0.164286
-0.289286 -0.164286
-0.258929 -0.164286
-0.235714 -0.164286
-0.196429 -0.164286
-0.173214 -0.164286
-0.150000 -0.164286
-0.123214 -0.164286
-0.091071 -0.164286
-0.069643 -0.164286
-0.041071 -0.164286
-0.016071 -0.164286
0.005357 -0.164286
0.028571 -0.164286
0.107143 -0.164286
0.128571 -0.164286
0.150000 -0.164286
0.171429 -0.164286
0.192857 -0.164286
0.214286 -0.164286
0.235714 -0.164286
0.257143 -0.164286
0.278571 -0.164286
0.300000 -0.164286
0.321429 -0.164286
0.342857 -0.164286
0.371429 -0.164286
-0.508929 -0.166071
-0.483929 -0.166071
-0.460714 -0.166071
-0.439286 -0.166071
-0.417857 -0.166071
-0.396429 -0.166071
-0.375000 -0.166071
-0.353571 -0.166071
-0.292857 -0.166071
-0.262500 -0.166071
-0.239286 -0.166071
-0.203571 -0.166071
-0.176786 -0.166071
-0.151786 -0.166071
-0.125000 -0.166071
-0.091071 -0.166071
-0.069643 -0.166071
-0.044643 -0.166071
-0.017857 -0.166071
0.003571 -0.166071
0.025000 -0.166071
0.096429 -0.166071
0.123214 -0.166071
0.144643 -0.166071
0.166071 -0.166071
0.187500 -0.166071
0.208929 -0.166071
0.230357 -0.166071
0.251786 -0.166071
0.273214 -0.166071
0.294643 -0.166071
0.316071 -0.166071
0.337500 -0.166071
0.360714 -0.166071
-0.514286 -0.167857
-0.487500 -0.167857
-0.466071 -0.167857
-0.442857 -0.167857
-0.421429 -0.167857
-0.400000 -0.167857
-0.378571 -0.167857
-0.357143 -0.167857
-0.326786 -0.167857
-0.275000 -0.167857
-0.253571 -0.167857
-0.223214 -0.167857
-0.194643 -0.167857
-0.169643 -0.167857
-0.142857 -0.167857
-0.112500 -0.167857
-0.083929 -0.167857
-0.060714 -0.167857
-0.033929 -0.167857
-0.008929 -0.167857
0.012500 -0.167857
0.057143 -0.167857
0.110714 -0.167857
0.132143 -0.167857
0.153571 -0.167857
0.175000 -0.167857
0.196429 -0.167857
0.217857 -0.167857
0.239286 -0.167857
0.260714 -0.167857
0.282143 -0.167857
0.303571 -0.167857
0.325000 -0.167857
0.346429 -0.167857
0.376786 -0.167857
-0.496429 -0.169643
-0.475000 -0.169643
-0.451786 -0.169643
-0.430357 -0.169643
-0.408929 -0.169643
-0.387500 -0.169643
-0.366071 -0.169643
-0.341071 -0.169643
-0.291071 -0.169643
-0.264286 -0.169643
-0.242857 -0.169643
-0.207143 -0.169643
-0.178571 -0.169643
-0.155357 -0.169643
-0.121429 -0.169643
-0.085714 -0.169643
-0.064286 -0.169643
-0.035714 -0.169643
-0.012500 -0.169643
0.008929 -0.169643
0.030357 -0.169643
0.107143 -0.169643
0.130357 -0.169643
0.151786 -0.169643
0.173214 -0.169643
0.194643 -0.169643
0.216071 -0.169643
0.237500 -0.169643
0.258929 -0.169643
0.280357 -0.169643
0.301786 -0.169643
0.323214 -0.169643
0.344643 -0.169643
0.391071 -0.169643
-0.489286 -0.171429
-0.467857 -0.171429
-0.446429 -0.171429
-0.425000 -0.171429
-0.403571 -0.171429
-0.382143 -0.171429
-0.360714 -0.171429
-0.328571 -0.171429
-0.283929 -0.171429
-0.258929 -0.171429
-0.223214 -0.171429
-0.191071 -0.171429
-0.167857 -0.171429
-0.139286 -0.171429
-0.098214 -0.171429
-0.073214 -0.171429
-0.048214 -0.171429
-0.017857 -0.171429
0.003571 -0.171429
0.025000 -0.171429
0.094643 -0.171429
0.119643 -0.171429
0.141071 -0.171429
0.162500 -0.171429
0.183929 -0.171429
0.205357 -0.171429
0.226786 -0.171429
0.248214 -0.171429
0.269643 -0.171429
0.291071 -0.171429
0.312500 -0.171429
0.333929 -0.171429
0.358929 -0.171429
-0.507143 -0.173214
-0.480357 -0.173214
-0.458929 -0.173214
-0.437500 -0.173214
-0.416071 -0.173214
-0.394643 -0.173214
-0.373214 -0.173214
-0.351786 -0.173214
-0.310714 -0.173214
-0.278571 -0.173214
-0.255357 -0.173214
-0.203571 -0.173214
-0.175000 -0.173214
-0.150000 -0.173214
-0.121429 -0.173214
-0.078571 -0.173214
-0.053571 -0.173214
-0.028571 -0.173214
-0.001786 -0.173214
0.019643 -0.173214
0.055357 -0.173214
0.114286 -0.173214
0.135714 -0.173214
0.157143 -0.173214
0.178571 -0.173214
0.200000 -0.173214
0.221429 -0.173214
0.242857 -0.173214
0.264286 -0.173214
0.285714 -0.173214
0.307143 -0.173214
0.328571 -0.173214
0.350000 -0.173214
0.392857 -0.173214
-0.483929 -0.175000
-0.462500 -0.175000
-0.441071 -0.175000
-0.419643 -0.175000
-0.398214 -0.175000
-0.376786 -0.175000
-0.355357 -0.175000
-0.328571 -0.175000
-0.296429 -0.175000
-0.260714 -0.175000
-0.203571 -0.175000
-0.169643 -0.175000
-0.139286 -0.175000
-0.089286 -0.175000
-0.062500 -0.175000
-0.032143 -0.175000
-0.005357 -0.175000
0.016071 -0.175000
0.039286 -0.175000
0.105357 -0.175000
0.126786 -0.175000
0.148214 -0.175000
0.169643 -0.175000
0.191071 -0.175000
0.212500 -0.175000
0.233929 -0.175000
0.255357 -0.175000
0.276786 -0.175000
0.300000 -0.175000
0.321429 -0.175000
0.344643 -0.175000
0.371429 -0.175000
-0.503571 -0.176786
-0.476786 -0.176786
-0.455357 -0.176786
-0.433929 -0.176786
-0.412500 -0.176786
-0.391071 -0.176786
-0.369643 -0.176786
-0.348214 -0.176786
-0.316071 -0.176786
-0.289286 -0.176786
-0.171429 -0.176786
-0.141071 -0.176786
-0.089286 -0.176786
-0.062500 -0.176786
-0.032143 -0.176786
-0.003571 -0.176786
0.017857 -0.176786
0.044643 -0.176786
0.108929 -0.176786
0.132143 -0.176786
0.153571 -0.176786
0.175000 -0.176786
0.196429 -0.176786
0.217857 -0.176786
0.239286 -0.176786
0.260714 -0.176786
0.282143 -0.176786
0.305357 -0.176786
0.326786 -0.176786
0.350000 -0.176786
0.380357 -0.176786
-0.496429 -0.178571
-0.473214 -0.178571
-0.451786 -0.178571
-0.430357 -0.178571
-0.408929 -0.178571
-0.387500 -0.178571
-0.366071 -0.178571
-0.344643 -0.178571
-0.307143 -0.178571
-0.155357 -0.178571
-0.098214 -0.178571
-0.071429 -0.178571
-0.041071 -0.178571
-0.017857 -0.178571
0.014286 -0.178571
0.037500 -0.178571
0.098214 -0.178571
0.126786 -0.178571
0.148214 -0.178571
0.169643 -0.178571
0.191071 -0.178571
0.212500 -0.178571
0.233929 -0.178571
0.255357 -0.178571
0.276786 -0.178571
0.300000 -0.178571
0.321429 -0.178571
0.342857 -0.178571
0.369643 -0.178571
-0.508929 -0.180357
-0.482143 -0.180357
-0.460714 -0.180357
-0.439286 -0.180357
-0.417857 -0.180357
-0.396429 -0.180357
-0.375000 -0.180357
-0.353571 -0.180357
-0.321429 -0.180357
-0.139286 -0.180357
-0.089286 -0.180357
-0.066071 -0.180357
-0.032143 -0.180357
0.001786 -0.180357
0.023214 -0.180357
0.048214 -0.180357
0.116071 -0.180357
0.137500 -0.180357
0.158929 -0.180357
0.180357 -0.180357
0.201786 -0.180357
0.223214 -0.180357
0.244643 -0.180357
0.266071 -0.180357
0.289286 -0.180357
0.310714 -0.180357
0.332143 -0.180357
0.353571 -0.180357
0.389286 -0.180357
-0.492857 -0.182143
-0.471429 -0.182143
-0.450000 -0.182143
-0.428571 -0.182143
-0.407143 -0.182143
-0.385714 -0.182143
-0.364286 -0.182143
-0.339286 -0.182143
-0.305357 -0.182143
-0.094643 -0.182143
-0.050000 -0.182143
-0.023214 -0.182143
0.008929 -0.182143
0.030357 -0.182143
0.060714 -0.182143
0.121429 -0.182143
0.142857 -0.182143
0.164286 -0.182143
0.185714 -0.182143
0.207143 -0.182143
0.228571 -0.182143
0.250000 -0.182143
0.271429 -0.182143
0.296429 -0.182143
0.317857 -0.182143
0.341071 -0.182143
0.364286 -0.182143
-0.512500 -0.183929
-0.485714 -0.183929
-0.464286 -0.183929
-0.442857 -0.183929
-0.421429 -0.183929
-0.400000 -0.183929
-0.378571 -0.183929
-0.357143 -0.183929
-0.333929 -0.183929
-0.114286 -0.183929
-0.030357 -0.183929
0.007143 -0.183929
0.030357 -0.183929
0.058929 -0.183929
0.119643 -0.183929
0.141071 -0.183929
0.162500 -0.183929
0.183929 -0.183929
0.205357 -0.183929
0.226786 -0.183929
0.248214 -0.183929
0.269643 -0.183929
0.292857 -0.183929
0.314286 -0.183929
0.337500 -0.183929
0.358929 -0.183929
0.391071 -0.183929
-0.489286 -0.185714
-0.467857 -0.185714
-0.446429 -0.185714
-0.425000 -0.185714
-0.403571 -0.185714
-0.382143 -0.185714
-0.360714 -0.185714
-0.337500 -0.185714
-0.307143 -0.185714
-0.017857 -0.185714
0.021429 -0.185714
0.044643 -0.185714
0.110714 -0.185714
0.132143 -0.185714
0.153571 -0.185714
0.175000 -0.185714
0.196429 -0.185714
0.217857 -0.185714
0.239286 -0.185714
0.260714 -0.185714
0.283929 -0.185714
0.305357 -0.185714
0.326786 -0.185714
0.348214 -0.185714
0.383929 -0.185714
-0.496429 -0.187500
-0.475000 -0.187500
-0.450000 -0.187500
-0.428571 -0.187500
-0.407143 -0.187500
-0.385714 -0.187500
-0.364286 -0.187500
-0.342857 -0.187500
-0.312500 -0.187500
-0.223214 -0.187500
-0.012500 -0.187500
0.032143 -0.187500
0.057143 -0.187500
0.112500 -0.187500
0.133929 -0.187500
0.155357 -0.187500
0.176786 -0.187500
0.198214 -0.187500
0.219643 -0.187500
0.241071 -0.187500
0.262500 -0.187500
0.285714 -0.187500
0.307143 -0.187500
0.328571 -0.187500
0.351786 -0.187500
0.383929 -0.187500
-0.494643 -0.189286
-0.473214 -0.189286
-0.450000 -0.189286
-0.428571 -0.189286
-0.407143 -0.189286
-0.385714 -0.189286
-0.364286 -0.189286
-0.342857 -0.189286
-0.312500 -0.189286
-0.223214 -0.189286
-0.196429 -0.189286
0.023214 -0.189286
0.046429 -0.189286
0.083929 -0.189286
0.125000 -0.189286
0.146429 -0.189286
0.167857 -0.189286
0.189286 -0.189286
0.210714 -0.189286
0.232143 -0.189286
0.253571 -0.189286
0.275000 -0.189286
0.296429 -0.189286
0.317857 -0.189286
0.342857 -0.189286
0.364286 -0.189286
-0.507143 -0.191071
-0.482143 -0.191071
-0.460714 -0.191071
-0.437500 -0.191071
-0.416071 -0.191071
-0.394643 -0.191071
-0.373214 -0.191071
-0.351786 -0.191071
-0.326786 -0.191071
-0.235714 -0.191071
-0.207143 -0.191071
-0.182143 -0.191071
0.030357 -0.191071
0.053571 -0.191071
0.112500 -0.191071
0.133929 -0.191071
0.155357 -0.191071
0.176786 -0.191071
0.198214 -0.191071
0.219643 -0.191071
0.241071 -0.191071
0.262500 -0.191071
0.283929 -0.191071
0.307143 -0.191071
0.328571 -0.191071
0.353571 -0.191071
-0.510714 -0.192857
-0.485714 -0.192857
-0.464286 -0.192857
-0.441071 -0.192857
-0.419643 -0.192857
-0.398214 -0.192857
-0.376786 -0.192857
-0.355357 -0.192857
-0.333929 -0.192857
-0.235714 -0.192857
-0.208929 -0.192857
-0.183929 -0.192857
0.028571 -0.192857
0.051786 -0.192857
0.110714 -0.192857
0.132143 -0.192857
0.153571 -0.192857
0.175000 -0.192857
0.196429 -0.192857
0.217857 -0.192857
0.239286 -0.192857
0.260714 -0.192857
0.282143 -0.192857
0.305357 -0.192857
0.326786 -0.192857
0.350000 -0.192857
0.383929 -0.192857
-0.487500 -0.194643
-0.466071 -0.194643
-0.442857 -0.194643
-0.421429 -0.194643
-0.400000 -0.194643
-0.378571 -0.194643
-0.357143 -0.194643
-0.335714 -0.194643
-0.300000 -0.194643
-0.219643 -0.194643
-0.192857 -0.194643
-0.169643 -0.194643
0.039286 -0.194643
0.069643 -0.194643
0.117857 -0.194643
0.139286 -0.194643
0.160714 -0.194643
0.182143 -0.194643
0.203571 -0.194643
0.225000 -0.194643
0.246429 -0.194643
0.267857 -0.194643
0.289286 -0.194643
0.312500 -0.194643
0.333929 -0.194643
0.357143 -0.194643
-0.494643 -0.196429
-0.473214 -0.196429
-0.450000 -0.196429
-0.428571 -0.196429
-0.407143 -0.196429
-0.385714 -0.196429
-0.364286 -0.196429
-0.342857 -0.196429
-0.303571 -0.196429
-0.225000 -0.196429
-0.201786 -0.196429
-0.180357 -0.196429
-0.153571 -0.196429
0.067857 -0.196429
0.116071 -0.196429
0.137500 -0.196429
0.158929 -0.196429
0.180357 -0.196429
0.201786 -0.196429
0.223214 -0.196429
0.244643 -0.196429
0.266071 -0.196429
0.287500 -0.196429
0.310714 -0.196429
0.332143 -0.196429
0.357143 -0.196429
-0.489286 -0.198214
-0.467857 -0.198214
-0.444643 -0.198214
-0.423214 -0.198214
-0.401786 -0.198214
-0.380357 -0.198214
-0.358929 -0.198214
-0.337500 -0.198214
-0.303571 -0.198214
-0.230357 -0.198214
-0.205357 -0.198214
-0.183929 -0.198214
-0.158929 -0.198214
-0.094643 -0.198214
-0.069643 -0.198214
-0.042857 -0.198214
0.067857 -0.198214
0.116071 -0.198214
0.137500 -0.198214
0.158929 -0.198214
0.180357 -0.198214
0.201786 -0.198214
0.223214 -0.198214
0.244643 -0.198214
0.266071 -0.198214
0.287500 -0.198214
0.308929 -0.198214
0.330357 -0.198214
0.353571 -0.198214
-0.492857 -0.200000
-0.469643 -0.200000
-0.446429 -0.200000
-0.425000 -0.200000
-0.403571 -0.200000
-0.382143 -0.200000
-0.360714 -0.200000
-0.339286 -0.200000
-0.310714 -0.200000
-0.266071 -0.200000
-0.221429 -0.200000
-0.198214 -0.200000
-0.175000 -0.200000
-0.153571 -0.200000
-0.128571 -0.200000
-0.100000 -0.200000
-0.076786 -0.200000
-0.055357 -0.200000
-0.030357 -0.200000
0.076786 -0.200000
0.121429 -0.200000
0.142857 -0.200000
0.164286 -0.200000
0.185714 -0.200000
0.207143 -0.200000
0.228571 -0.200000
0.251786 -0.200000
0.273214 -0.200000
0.294643 -0.200000
0.316071 -0.200000
0.339286 -0.200000
0.362500 -0.200000
-0.491071 -0.201786
-0.467857 -0.201786
-0.444643 -0.201786
-0.423214 -0.201786
-0.401786 -0.201786
-0.380357 -0.201786
-0.358929 -0.201786
-0.337500 -0.201786
-0.310714 -0.201786
-0.267857 -0.201786
-0.217857 -0.201786
-0.196429 -0.201786
-0.173214 -0.201786
-0.148214 -0.201786
-0.121429 -0.201786
-0.100000 -0.201786
-0.073214 -0.201786
-0.051786 -0.201786
-0.026786 -0.201786
0.082143 -0.201786
0.119643 -0.201786
0.141071 -0.201786
0.162500 -0.201786
0.183929 -0.201786
0.205357 -0.201786
0.226786 -0.201786
0.248214 -0.201786
0.269643 -0.201786
0.291071 -0.201786
0.312500 -0.201786
0.333929 -0.201786
0.355357 -0.201786
-0.496429 -0.203571
-0.471429 -0.203571
-0.448214 -0.203571
-0.426786 -0.203571
-0.405357 -0.203571
-0.383929 -0.203571
-0.362500 -0.203571
-0.341071 -0.203571
-0.314286 -0.203571
-0.273214 -0.203571
-0.232143 -0.203571
-0.208929 -0.203571
-0.187500 -0.203571
-0.164286 -0.203571
-0.139286 -0.203571
-0.114286 -0.203571
-0.092857 -0.203571
-0.067857 -0.203571
-0.046429 -0.203571
-0.017857 -0.203571
0.071429 -0.203571
0.116071 -0.203571
0.137500 -0.203571
0.158929 -0.203571
0.180357 -0.203571
0.201786 -0.203571
0.223214 -0.203571
0.246429 -0.203571
0.267857 -0.203571
0.289286 -0.203571
0.310714 -0.203571
0.333929 -0.203571
0.355357 -0.203571
-0.496429 -0.205357
-0.469643 -0.205357
-0.446429 -0.205357
-0.425000 -0.205357
-0.403571 -0.205357
-0.382143 -0.205357
-0.360714 -0.205357
-0.337500 -0.205357
-0.314286 -0.205357
-0.275000 -0.205357
-0.241071 -0.205357
-0.216071 -0.205357
-0.194643 -0.205357
-0.171429 -0.205357
-0.150000 -0.205357
-0.125000 -0.205357
-0.103571 -0.205357
-0.082143 -0.205357
-0.058929 -0.205357
-0.035714 -0.205357
-0.010714 -0.205357
0.083929 -0.205357
0.119643 -0.205357
0.141071 -0.205357
0.162500 -0.205357
0.183929 -0.205357
0.205357 -0.205357
0.226786 -0.205357
0.250000 -0.205357
0.271429 -0.205357
0.292857 -0.205357
0.314286 -0.205357
0.339286 -0.205357
0.366071 -0.205357
-0.489286 -0.207143
-0.464286 -0.207143
-0.441071 -0.207143
-0.419643 -0.207143
-0.398214 -0.207143
-0.376786 -0.207143
-0.355357 -0.207143
-0.332143 -0.207143
-0.298214 -0.207143
-0.271429 -0.207143
-0.239286 -0.207143
-0.214286 -0.207143
-0.192857 -0.207143
-0.169643 -0.207143
-0.148214 -0.207143
-0.123214 -0.207143
-0.101786 -0.207143
-0.080357 -0.207143
-0.057143 -0.207143
-0.032143 -0.207143
-0.007143 -0.207143
0.089286 -0.207143
0.123214 -0.207143
0.144643 -0.207143
0.166071 -0.207143
0.187500 -0.207143
0.208929 -0.207143
0.230357 -0.207143
0.253571 -0.207143
0.275000 -0.207143
0.296429 -0.207143
0.317857 -0.207143
0.342857 -0.207143
0.380357 -0.207143
-0.483929 -0.208929
-0.460714 -0.208929
-0.437500 -0.208929
-0.416071 -0.208929
-0.394643 -0.208929
-0.373214 -0.208929
-0.351786 -0.208929
-0.325000 -0.208929
-0.292857 -0.208929
-0.267857 -0.208929
-0.237500 -0.208929
-0.212500 -0.208929
-0.191071 -0.208929
-0.169643 -0.208929
-0.148214 -0.208929
-0.123214 -0.208929
-0.101786 -0.208929
-0.080357 -0.208929
-0.057143 -0.208929
-0.033929 -0.208929
-0.008929 -0.208929
0.080357 -0.208929
0.116071 -0.208929
0.137500 -0.208929
0.158929 -0.208929
0.180357 -0.208929
0.201786 -0.208929
0.223214 -0.208929
0.246429 -0.208929
0.267857 -0.208929
0.289286 -0.208929
0.310714 -0.208929
0.337500 -0.208929
0.364286 -0.208929
-0.491071 -0.210714
-0.467857 -0.210714
-0.444643 -0.210714
-0.423214 -0.210714
-0.401786 -0.210714
-0.380357 -0.210714
-0.358929 -0.210714
-0.335714 -0.210714
-0.308929 -0.210714
-0.282143 -0.210714
-0.260714 -0.210714
-0.233929 -0.210714
-0.208929 -0.210714
-0.187500 -0.210714
-0.166071 -0.210714
-0.144643 -0.210714
-0.121429 -0.210714
-0.100000 -0.210714
-0.078571 -0.210714
-0.053571 -0.210714
-0.032143 -0.210714
-0.007143 -0.210714
0.092857 -0.210714
0.125000 -0.210714
0.146429 -0.210714
0.167857 -0.210714
0.189286 -0.210714
0.210714 -0.210714
0.232143 -0.210714
0.255357 -0.210714
0.276786 -0.210714
0.298214 -0.210714
0.319643 -0.210714
0.346429 -0.210714
-0.503571 -0.212500
-0.478571 -0.212500
-0.457143 -0.212500
-0.435714 -0.212500
-0.414286 -0.212500
-0.392857 -0.212500
-0.371429 -0.212500
-0.350000 -0.212500
-0.328571 -0.212500
-0.296429 -0.212500
-0.275000 -0.212500
-0.253571 -0.212500
-0.225000 -0.212500
-0.200000 -0.212500
-0.178571 -0.212500
-0.157143 -0.212500
-0.135714 -0.212500
-0.112500 -0.212500
-0.091071 -0.212500
-0.067857 -0.212500
-0.046429 -0.212500
-0.025000 -0.212500
0.003571 -0.212500
0.098214 -0.212500
0.123214 -0.212500
0.144643 -0.212500
0.166071 -0.212500
0.187500 -0.212500
0.208929 -0.212500
0.230357 -0.212500
0.253571 -0.212500
0.275000 -0.212500
0.296429 -0.212500
0.317857 -0.212500
0.342857 -0.212500
0.375000 -0.212500
-0.483929 -0.214286
-0.460714 -0.214286
-0.439286 -0.214286
-0.417857 -0.214286
-0.396429 -0.214286
-0.375000 -0.214286
-0.353571 -0.214286
-0.332143 -0.214286
-0.307143 -0.214286
-0.283929 -0.214286
-0.262500 -0.214286
-0.241071 -0.214286
-0.212500 -0.214286
-0.191071 -0.214286
-0.169643 -0.214286
-0.148214 -0.214286
-0.125000 -0.214286
-0.103571 -0.214286
-0.082143 -0.214286
-0.058929 -0.214286
-0.037500 -0.214286
-0.012500 -0.214286
0.082143 -0.214286
0.116071 -0.214286
0.137500 -0.214286
0.158929 -0.214286
0.180357 -0.214286
0.201786 -0.214286
0.223214 -0.214286
0.246429 -0.214286
0.267857 -0.214286
0.289286 -0.214286
0.310714 -0.214286
0.335714 -0.214286
0.373214 -0.214286
-0.485714 -0.216071
-0.460714 -0.216071
-0.439286 -0.216071
-0.417857 -0.216071
-0.396429 -0.216071
-0.375000 -0.216071
-0.353571 -0.216071
-0.332143 -0.216071
-0.307143 -0.216071
-0.282143 -0.216071
-0.260714 -0.216071
-0.239286 -0.216071
-0.214286 -0.216071
-0.192857 -0.216071
-0.171429 -0.216071
-0.150000 -0.216071
-0.126786 -0.216071
-0.105357 -0.216071
-0.083929 -0.216071
-0.062500 -0.216071
-0.041071 -0.216071
-0.019643 -0.216071
0.071429 -0.216071
0.108929 -0.216071
0.130357 -0.216071
0.151786 -0.216071
0.173214 -0.216071
0.194643 -0.216071
0.216071 -0.216071
0.237500 -0.216071
0.260714 -0.216071
0.282143 -0.216071
0.303571 -0.216071
0.325000 -0.216071
0.351786 -0.216071
-0.496429 -0.217857
-0.467857 -0.217857
-0.446429 -0.217857
-0.425000 -0.217857
-0.403571 -0.217857
-0.382143 -0.217857
-0.360714 -0.217857
-0.339286 -0.217857
-0.317857 -0.217857
-0.292857 -0.217857
-0.271429 -0.217857
-0.250000 -0.217857
-0.226786 -0.217857
-0.201786 -0.217857
-0.180357 -0.217857
-0.158929 -0.217857
-0.137500 -0.217857
-0.112500 -0.217857
-0.091071 -0.217857
-0.069643 -0.217857
-0.048214 -0.217857
-0.026786 -0.217857
0.032143 -0.217857
0.094643 -0.217857
0.121429 -0.217857
0.142857 -0.217857
0.164286 -0.217857
0.185714 -0.217857
0.207143 -0.217857
0.228571 -0.217857
0.251786 -0.217857
0.273214 -0.217857
0.294643 -0.217857
0.316071 -0.217857
0.341071 -0.217857
0.375000 -0.217857
-0.475000 -0.219643
-0.453571 -0.219643
-0.432143 -0.219643
-0.410714 -0.219643
-0.389286 -0.219643
-0.367857 -0.219643
-0.346429 -0.219643
-0.325000 -0.219643
-0.300000 -0.219643
-0.278571 -0.219643
-0.257143 -0.219643
-0.235714 -0.219643
-0.212500 -0.219643
-0.191071 -0.219643
-0.169643 -0.219643
-0.148214 -0.219643
-0.123214 -0.219643
-0.101786 -0.219643
-0.080357 -0.219643
-0.058929 -0.219643
-0.037500 -0.219643
-0.012500 -0.219643
0.050000 -0.219643
0.092857 -0.219643
0.119643 -0.219643
0.141071 -0.219643
0.162500 -0.219643
0.183929 -0.219643
0.205357 -0.219643
0.226786 -0.219643
0.248214 -0.219643
0.269643 -0.219643
0.291071 -0.219643
0.312500 -0.219643
0.337500 -0.219643
0.373214 -0.219643
-0.482143 -0.221429
-0.457143 -0.221429
-0.435714 -0.221429
-0.414286 -0.221429
-0.392857 -0.221429
-0.371429 -0.221429
-0.350000 -0.221429
-0.328571 -0.221429
-0.307143 -0.221429
-0.285714 -0.221429
-0.264286 -0.221429
-0.242857 -0.221429
-0.221429 -0.221429
-0.196429 -0.221429
-0.175000 -0.221429
-0.153571 -0.221429
-0.132143 -0.221429
-0.107143 -0.221429
-0.085714 -0.221429
-0.064286 -0.221429
-0.042857 -0.221429
-0.021429 -0.221429
0.026786 -0.221429
0.060714 -0.221429
0.100000 -0.221429
0.125000 -0.221429
0.146429 -0.221429
0.167857 -0.221429
0.189286 -0.221429
0.210714 -0.221429
0.232143 -0.221429
0.255357 -0.221429
0.276786 -0.221429
0.298214 -0.221429
0.319643 -0.221429
0.342857 -0.221429
0.376786 -0.221429
-0.476786 -0.223214
-0.455357 -0.223214
-0.433929 -0.223214
-0.412500 -0.223214
-0.391071 -0.223214
-0.369643 -0.223214
-0.348214 -0.223214
-0.326786 -0.223214
-0.300000 -0.223214
-0.278571 -0.223214
-0.257143 -0.223214
-0.235714 -0.223214
-0.207143 -0.223214
-0.185714 -0.223214
-0.164286 -0.223214
-0.142857 -0.223214
-0.117857 -0.223214
-0.096429 -0.223214
-0.075000 -0.223214
-0.053571 -0.223214
-0.030357 -0.223214
-0.001786 -0.223214
0.030357 -0.223214
0.051786 -0.223214
0.085714 -0.223214
0.110714 -0.223214
0.132143 -0.223214
0.153571 -0.223214
0.175000 -0.223214
0.196429 -0.223214
0.217857 -0.223214
0.239286 -0.223214
0.262500 -0.223214
0.283929 -0.223214
0.308929 -0.223214
0.333929 -0.223214
0.360714 -0.223214
-0.483929 -0.225000
-0.460714 -0.225000
-0.439286 -0.225000
-0.417857 -0.225000
-0.396429 -0.225000
-0.375000 -0.225000
-0.353571 -0.225000
-0.332143 -0.225000
-0.310714 -0.225000
-0.289286 -0.225000
-0.267857 -0.225000
-0.246429 -0.225000
-0.225000 -0.225000
-0.201786 -0.225000
-0.180357 -0.225000
-0.158929 -0.225000
-0.137500 -0.225000
-0.112500 -0.225000
-0.091071 -0.225000
-0.069643 -0.225000
-0.048214 -0.225000
-0.025000 -0.225000
0.008929 -0.225000
0.032143 -0.225000
0.053571 -0.225000
0.092857 -0.225000
0.117857 -0.225000
0.139286 -0.225000
0.160714 -0.225000
0.182143 -0.225000
0.203571 -0.225000
0.225000 -0.225000
0.248214 -0.225000
0.269643 -0.225000
0.291071 -0.225000
0.316071 -0.225000
0.341071 -0.225000
0.376786 -0.225000
-0.473214 -0.226786
-0.448214 -0.226786
-0.426786 -0.226786
-0.405357 -0.226786
-0.383929 -0.226786
-0.362500 -0.226786
-0.341071 -0.226786
-0.319643 -0.226786
-0.296429 -0.226786
-0.275000 -0.226786
-0.253571 -0.226786
-0.232143 -0.226786
-0.208929 -0.226786
-0.187500 -0.226786
-0.166071 -0.226786
-0.144643 -0.226786
-0.119643 -0.226786
-0.098214 -0.226786
-0.076786 -0.226786
-0.055357 -0.226786
-0.032143 -0.226786
-0.007143 -0.226786
0.016071 -0.226786
0.037500 -0.226786
0.064286 -0.226786
0.094643 -0.226786
0.117857 -0.226786
0.139286 -0.226786
0.160714 -0.226786
0.182143 -0.226786
0.203571 -0.226786
0.225000 -0.226786
0.248214 -0.226786
0.269643 -0.226786
0.291071 -0.226786
0.316071 -0.226786
0.339286 -0.226786
0.373214 -0.226786
-0.475000 -0.228571
-0.453571 -0.228571
-0.430357 -0.228571
-0.408929 -0.228571
-0.387500 -0.228571
-0.366071 -0.228571
-0.344643 -0.228571
-0.323214 -0.228571
-0.301786 -0.228571
-0.280357 -0.228571
-0.258929 -0.228571
-0.237500 -0.228571
-0.216071 -0.228571
-0.194643 -0.228571
-0.173214 -0.228571
-0.151786 -0.228571
-0.126786 -0.228571
-0.105357 -0.228571
-0.083929 -0.228571
-0.062500 -0.228571
-0.039286 -0.228571
-0.010714 -0.228571
0.014286 -0.228571
0.035714 -0.228571
0.058929 -0.228571
0.091071 -0.228571
0.114286 -0.228571
0.135714 -0.228571
0.157143 -0.228571
0.178571 -0.228571
0.200000 -0.228571
0.221429 -0.228571
0.242857 -0.228571
0.266071 -0.228571
0.287500 -0.228571
0.312500 -0.228571
0.337500 -0.228571
0.373214 -0.228571
-0.473214 -0.230357
-0.450000 -0.230357
-0.428571 -0.230357
-0.407143 -0.230357
-0.385714 -0.230357
-0.364286 -0.230357
-0.342857 -0.230357
-0.321429 -0.230357
-0.300000 -0.230357
-0.278571 -0.230357
-0.257143 -0.230357
-0.235714 -0.230357
-0.214286 -0.230357
-0.192857 -0.230357
-0.171429 -0.230357
-0.150000 -0.230357
-0.125000 -0.230357
-0.103571 -0.230357
-0.082143 -0.230357
-0.060714 -0.230357
-0.039286 -0.230357
-0.010714 -0.230357
0.014286 -0.230357
0.035714 -0.230357
0.057143 -0.230357
0.087500 -0.230357
0.110714 -0.230357
0.132143 -0.230357
0.153571 -0.230357
0.175000 -0.230357
0.196429 -0.230357
0.217857 -0.230357
0.239286 -0.230357
0.262500 -0.230357
0.283929 -0.230357
0.307143 -0.230357
0.330357 -0.230357
0.369643 -0.230357
-0.471429 -0.232143
-0.448214 -0.232143
-0.426786 -0.232143
-0.405357 -0.232143
-0.383929 -0.232143
-0.362500 -0.232143
-0.341071 -0.232143
-0.319643 -0.232143
-0.298214 -0.232143
-0.276786 -0.232143
-0.255357 -0.232143
-0.233929 -0.232143
-0.212500 -0.232143
-0.191071 -0.232143
-0.169643 -0.232143
-0.148214 -0.232143
-0.123214 -0.232143
-0.101786 -0.232143
-0.080357 -0.232143
-0.058929 -0.232143
-0.033929 -0.232143
-0.007143 -0.232143
0.014286 -0.232143
0.035714 -0.232143
0.057143 -0.232143
0.089286 -0.232143
0.110714 -0.232143
0.132143 -0.232143
0.153571 -0.232143
0.175000 -0.232143
0.196429 -0.232143
0.217857 -0.232143
0.239286 -0.232143
0.262500 -0.232143
0.283929 -0.232143
0.307143 -0.232143
0.330357 -0.232143
0.367857 -0.232143
-0.473214 -0.233929
-0.448214 -0.233929
-0.426786 -0.233929
-0.405357 -0.233929
-0.383929 -0.233929
-0.362500 -0.233929
-0.341071 -0.233929
-0.319643 -0.233929
-0.296429 -0.233929
-0.275000 -0.233929
-0.253571 -0.233929
-0.232143 -0.233929
-0.210714 -0.233929
-0.189286 -0.233929
-0.167857 -0.233929
-0.146429 -0.233929
-0.121429 -0.233929
-0.100000 -0.233929
-0.078571 -0.233929
-0.057143 -0.233929
-0.032143 -0.233929
-0.007143 -0.233929
0.014286 -0.233929
0.035714 -0.233929
0.057143 -0.233929
0.085714 -0.233929
0.108929 -0.233929
0.130357 -0.233929
0.151786 -0.233929
0.173214 -0.233929
0.194643 -0.233929
0.216071 -0.233929
0.237500 -0.233929
0.260714 -0.233929
0.282143 -0.233929
0.305357 -0.233929
0.328571 -0.233929
0.369643 -0.233929
-0.464286 -0.235714
-0.441071 -0.235714
-0.419643 -0.235714
-0.398214 -0.235714
-0.376786 -0.235714
-0.355357 -0.235714
-0.333929 -0.235714
-0.312500 -0.235714
-0.291071 -0.235714
-0.269643 -0.235714
-0.248214 -0.235714
-0.226786 -0.235714
-0.205357 -0.235714
-0.183929 -0.235714
-0.162500 -0.235714
-0.141071 -0.235714
-0.117857 -0.235714
-0.096429 -0.235714
-0.075000 -0.235714
-0.053571 -0.235714
-0.028571 -0.235714
-0.007143 -0.235714
0.014286 -0.235714
0.035714 -0.235714
0.057143 -0.235714
0.082143 -0.235714
0.105357 -0.235714
0.126786 -0.235714
0.148214 -0.235714
0.169643 -0.235714
0.191071 -0.235714
0.212500 -0.235714
0.233929 -0.235714
0.257143 -0.235714
0.280357 -0.235714
0.303571 -0.235714
0.325000 -0.235714
0.366071 -0.235714
-0.466071 -0.237500
-0.442857 -0.237500
-0.421429 -0.237500
-0.400000 -0.237500
-0.378571 -0.237500
-0.357143 -0.237500
-0.335714 -0.237500
-0.314286 -0.237500
-0.291071 -0.237500
-0.269643 -0.237500
-0.248214 -0.237500
-0.226786 -0.237500
-0.205357 -0.237500
-0.183929 -0.237500
-0.162500 -0.237500
-0.141071 -0.237500
-0.117857 -0.237500
-0.096429 -0.237500
-0.075000 -0.237500
-0.053571 -0.237500
-0.026786 -0.237500
-0.005357 -0.237500
0.016071 -0.237500
0.037500 -0.237500
0.058929 -0.237500
0.085714 -0.237500
0.108929 -0.237500
0.130357 -0.237500
0.151786 -0.237500
0.173214 -0.237500
0.194643 -0.237500
0.216071 -0.237500
0.237500 -0.237500
0.260714 -0.237500
0.283929 -0.237500
0.307143 -0.237500
0.333929 -0.237500
-0.491071 -0.239286
-0.460714 -0.239286
-0.439286 -0.239286
-0.417857 -0.239286
-0.396429 -0.239286
-0.375000 -0.239286
-0.353571 -0.239286
-0.332143 -0.239286
-0.310714 -0.239286
-0.289286 -0.239286
-0.267857 -0.239286
-0.246429 -0.239286
-0.225000 -0.239286
-0.203571 -0.239286
-0.182143 -0.239286
-0.160714 -0.239286
-0.139286 -0.239286
-0.116071 -0.239286
-0.094643 -0.239286
-0.073214 -0.239286
-0.051786 -0.239286
-0.026786 -0.239286
-0.005357 -0.239286
0.016071 -0.239286
0.037500 -0.239286
0.058929 -0.239286
0.083929 -0.239286
0.105357 -0.239286
0.126786 -0.239286
0.148214 -0.239286
0.169643 -0.239286
0.191071 -0.239286
0.212500 -0.239286
0.233929 -0.239286
0.257143 -0.239286
0.280357 -0.239286
0.303571 -0.239286
0.330357 -0.239286
-0.492857 -0.241071
-0.466071 -0.241071
-0.441071 -0.241071
-0.419643 -0.241071
-0.398214 -0.241071
-0.376786 -0.241071
-0.355357 -0.241071
-0.333929 -0.241071
-0.312500 -0.241071
-0.291071 -0.241071
-0.269643 -0.241071
-0.248214 -0.241071
-0.226786 -0.241071
-0.205357 -0.241071
-0.183929 -0.241071
-0.162500 -0.241071
-0.141071 -0.241071
-0.117857 -0.241071
-0.096429 -0.241071
-0.075000 -0.241071
-0.051786 -0.241071
-0.030357 -0.241071
-0.008929 -0.241071
0.012500 -0.241071
0.033929 -0.241071
0.055357 -0.241071
0.078571 -0.241071
0.101786 -0.241071
0.123214 -0.241071
0.144643 -0.241071
0.166071 -0.241071
0.187500 -0.241071
0.208929 -0.241071
0.230357 -0.241071
0.251786 -0.241071
0.273214 -0.241071
0.298214 -0.241071
0.325000 -0.241071
-0.491071 -0.242857
-0.464286 -0.242857
-0.441071 -0.242857
-0.419643 -0.242857
-0.398214 -0.242857
-0.376786 -0.242857
-0.355357 -0.242857
-0.333929 -0.242857
-0.312500 -0.242857
-0.291071 -0.242857
-0.269643 -0.242857
-0.248214 -0.242857
-0.226786 -0.242857
-0.205357 -0.242857
-0.183929 -0.242857
-0.162500 -0.242857
-0.141071 -0.242857
-0.117857 -0.242857
-0.096429 -0.242857
-0.075000 -0.242857
-0.048214 -0.242857
-0.026786 -0.242857
-0.005357 -0.242857
0.016071 -0.242857
0.037500 -0.242857
0.058929 -0.242857
0.083929 -0.242857
0.105357 -0.242857
0.126786 -0.242857
0.148214 -0.242857
0.169643 -0.242857
0.191071 -0.242857
0.212500 -0.242857
0.233929 -0.242857
0.257143 -0.242857
0.280357 -0.242857
0.303571 -0.242857
0.330357 -0.242857
-0.489286 -0.244643
-0.464286 -0.244643
-0.441071 -0.244643
-0.419643 -0.244643
-0.398214 -0.244643
-0.376786 -0.244643
-0.355357 -0.244643
-0.333929 -0.244643
-0.312500 -0.244643
-0.291071 -0.244643
-0.269643 -0.244643
-0.248214 -0.244643
-0.226786 -0.244643
-0.205357 -0.244643
-0.183929 -0.244643
-0.160714 -0.244643
-0.139286 -0.244643
-0.116071 -0.244643
-0.094643 -0.244643
-0.073214 -0.244643
-0.051786 -0.244643
-0.030357 -0.244643
-0.008929 -0.244643
0.012500 -0.244643
0.033929 -0.244643
0.055357 -0.244643
0.078571 -0.244643
0.100000 -0.244643
0.121429 -0.244643
0.142857 -0.244643
0.164286 -0.244643
0.185714 -0.244643
0.207143 -0.244643
0.228571 -0.244643
0.250000 -0.244643
0.271429 -0.244643
0.294643 -0.244643
0.319643 -0.244643
0.364286 -0.244643
-0.467857 -0.246429
-0.444643 -0.246429
-0.423214 -0.246429
-0.401786 -0.246429
-0.380357 -0.246429
-0.358929 -0.246429
-0.337500 -0.246429
-0.316071 -0.246429
-0.294643 -0.246429
-0.273214 -0.246429
-0.251786 -0.246429
-0.230357 -0.246429
-0.208929 -0.246429
-0.187500 -0.246429
-0.166071 -0.246429
-0.144643 -0.246429
-0.121429 -0.246429
-0.100000 -0.246429
-0.078571 -0.246429
-0.055357 -0.246429
-0.033929 -0.246429
-0.012500 -0.246429
0.008929 -0.246429
0.030357 -0.246429
0.051786 -0.246429
0.073214 -0.246429
0.094643 -0.246429
0.116071 -0.246429
0.137500 -0.246429
0.158929 -0.246429
0.180357 -0.246429
0.201786 -0.246429
0.223214 -0.246429
0.244643 -0.246429
0.266071 -0.246429
0.289286 -0.246429
0.316071 -0.246429
0.360714 -0.246429
-0.467857 -0.248214
-0.444643 -0.248214
-0.423214 -0.248214
-0.401786 -0.248214
-0.380357 -0.248214
-0.358929 -0.248214
-0.337500 -0.248214
-0.316071 -0.248214
-0.294643 -0.248214
-0.273214 -0.248214
-0.251786 -0.248214
-0.230357 -0.248214
-0.208929 -0.248214
-0.187500 -0.248214
-0.166071 -0.248214
-0.144643 -0.248214
-0.121429 -0.248214
-0.100000 -0.248214
-0.078571 -0.248214
-0.055357 -0.248214
-0.033929 -0.248214
-0.012500 -0.248214
0.008929 -0.248214
0.030357 -0.248214
0.051786 -0.248214
0.073214 -0.248214
0.096429 -0.248214
0.117857 -0.248214
0.139286 -0.248214
0.160714 -0.248214
0.182143 -0.248214
0.203571 -0.248214
0.225000 -0.248214
0.246429 -0.248214
0.267857 -0.248214
0.291071 -0.248214
0.317857 -0.248214
0.360714 -0.248214
-0.466071 -0.250000
-0.444643 -0.250000
-0.423214 -0.250000
-0.401786 -0.250000
-0.380357 -0.250000
-0.358929 -0.250000
-0.337500 -0.250000
-0.316071 -0.250000
-0.294643 -0.250000
-0.273214 -0.250000
-0.251786 -0.250000
-0.230357 -0.250000
-0.208929 -0.250000
-0.187500 -0.250000
-0.166071 -0.250000
-0.144643 -0.250000
-0.117857 -0.250000
-0.096429 -0.250000
-0.069643 -0.250000
-0.048214 -0.250000
-0.026786 -0.250000
-0.005357 -0.250000
0.016071 -0.250000
0.037500 -0.250000
0.058929 -0.250000
0.082143 -0.250000
0.103571 -0.250000
0.125000 -0.250000
0.146429 -0.250000
0.167857 -0.250000
0.189286 -0.250000
0.210714 -0.250000
0.232143 -0.250000
0.253571 -0.250000
0.276786 -0.250000
0.301786 -0.250000
0.330357 -0.250000
-0.480357 -0.251786
-0.453571 -0.251786
-0.432143 -0.251786
-0.410714 -0.251786
-0.389286 -0.251786
-0.367857 -0.251786
-0.346429 -0.251786
-0.325000 -0.251786
-0.303571 -0.251786
-0.282143 -0.251786
-0.260714 -0.251786
-0.239286 -0.251786
-0.217857 -0.251786
-0.196429 -0.251786
-0.175000 -0.251786
-0.153571 -0.251786
-0.132143 -0.251786
-0.107143 -0.251786
-0.085714 -0.251786
-0.057143 -0.251786
-0.035714 -0.251786
-0.014286 -0.251786
0.007143 -0.251786
0.028571 -0.251786
0.050000 -0.251786
0.071429 -0.251786
0.092857 -0.251786
0.114286 -0.251786
0.135714 -0.251786
0.157143 -0.251786
0.178571 -0.251786
0.200000 -0.251786
0.221429 -0.251786
0.242857 -0.251786
0.264286 -0.251786
0.287500 -0.251786
0.314286 -0.251786
0.358929 -0.251786
-0.466071 -0.253571
-0.444643 -0.253571
-0.423214 -0.253571
-0.401786 -0.253571
-0.380357 -0.253571
-0.358929 -0.253571
-0.337500 -0.253571
-0.316071 -0.253571
-0.294643 -0.253571
-0.273214 -0.253571
-0.251786 -0.253571
-0.230357 -0.253571
-0.208929 -0.253571
-0.187500 -0.253571
-0.166071 -0.253571
-0.144643 -0.253571
-0.116071 -0.253571
-0.078571 -0.253571
-0.057143 -0.253571
-0.035714 -0.253571
-0.014286 -0.253571
0.007143 -0.253571
0.028571 -0.253571
0.050000 -0.253571
0.071429 -0.253571
0.092857 -0.253571
0.114286 -0.253571
0.137500 -0.253571
0.158929 -0.253571
0.180357 -0.253571
0.201786 -0.253571
0.223214 -0.253571
0.244643 -0.253571
0.266071 -0.253571
0.291071 -0.253571
0.319643 -0.253571
-0.487500 -0.255357
-0.458929 -0.255357
-0.437500 -0.255357
-0.416071 -0.255357
-0.394643 -0.255357
-0.373214 -0.255357
-0.351786 -0.255357
-0.330357 -0.255357
-0.307143 -0.255357
-0.285714 -0.255357
-0.264286 -0.255357
-0.242857 -0.255357
-0.221429 -0.255357
-0.200000 -0.255357
-0.178571 -0.255357
-0.157143 -0.255357
-0.128571 -0.255357
-0.107143 -0.255357
-0.083929 -0.255357
-0.062500 -0.255357
-0.041071 -0.255357
-0.019643 -0.255357
0.001786 -0.255357
0.023214 -0.255357
0.044643 -0.255357
0.066071 -0.255357
0.087500 -0.255357
0.108929 -0.255357
0.132143 -0.255357
0.153571 -0.255357
0.175000 -0.255357
0.196429 -0.255357
0.217857 -0.255357
0.239286 -0.255357
0.260714 -0.255357
0.282143 -0.255357
0.314286 -0.255357
0.346429 -0.255357
-0.467857 -0.257143
-0.444643 -0.257143
-0.423214 -0.257143
-0.401786 -0.257143
-0.380357 -0.257143
-0.358929 -0.257143
-0.337500 -0.257143
-0.316071 -0.257143
-0.294643 -0.257143
-0.273214 -0.257143
-0.251786 -0.257143
-0.230357 -0.257143
-0.208929 -0.257143
-0.187500 -0.257143
-0.166071 -0.257143
-0.144643 -0.257143
-0.117857 -0.257143
-0.096429 -0.257143
-0.075000 -0.257143
-0.053571 -0.257143
-0.032143 -0.257143
-0.010714 -0.257143
0.010714 -0.257143
0.032143 -0.257143
0.053571 -0.257143
0.075000 -0.257143
0.096429 -0.257143
0.117857 -0.257143
0.139286 -0.257143
0.160714 -0.257143
0.182143 -0.257143
0.203571 -0.257143
0.225000 -0.257143
0.246429 -0.257143
0.267857 -0.257143
0.291071 -0.257143
0.321429 -0.257143
0.358929 -0.257143
-0.458929 -0.258929
-0.437500 -0.258929
-0.416071 -0.258929
-0.394643 -0.258929
-0.373214 -0.258929
-0.351786 -0.258929
-0.328571 -0.258929
-0.307143 -0.258929
-0.285714 -0.258929
-0.264286 -0.258929
-0.242857 -0.258929
-0.221429 -0.258929
-0.200000 -0.258929
-0.178571 -0.258929
-0.151786 -0.258929
-0.121429 -0.258929
-0.094643 -0.258929
-0.073214 -0.258929
-0.051786 -0.258929
-0.030357 -0.258929
-0.008929 -0.258929
0.012500 -0.258929
0.033929 -0.258929
0.055357 -0.258929
0.076786 -0.258929
0.098214 -0.258929
0.119643 -0.258929
0.141071 -0.258929
0.162500 -0.258929
0.183929 -0.258929
0.205357 -0.258929
0.226786 -0.258929
0.248214 -0.258929
0.269643 -0.258929
0.296429 -0.258929
0.328571 -0.258929
-0.482143 -0.260714
-0.457143 -0.260714
-0.435714 -0.260714
-0.414286 -0.260714
-0.392857 -0.260714
-0.371429 -0.260714
-0.350000 -0.260714
-0.328571 -0.260714
-0.307143 -0.260714
-0.285714 -0.260714
-0.264286 -0.260714
-0.242857 -0.260714
-0.221429 -0.260714
-0.200000 -0.260714
-0.178571 -0.260714
-0.139286 -0.260714
-0.117857 -0.260714
-0.096429 -0.260714
-0.075000 -0.260714
-0.051786 -0.260714
-0.030357 -0.260714
-0.008929 -0.260714
0.012500 -0.260714
0.033929 -0.260714
0.055357 -0.260714
0.076786 -0.260714
0.098214 -0.260714
0.119643 -0.260714
0.141071 -0.260714
0.162500 -0.260714
0.183929 -0.260714
0.205357 -0.260714
0.226786 -0.260714
0.248214 -0.260714
0.269643 -0.260714
0.296429 -0.260714
0.333929 -0.260714
-0.476786 -0.262500
-0.453571 -0.262500
-0.432143 -0.262500
-0.410714 -0.262500
-0.389286 -0.262500
-0.367857 -0.262500
-0.346429 -0.262500
-0.323214 -0.262500
-0.301786 -0.262500
-0.280357 -0.262500
-0.258929 -0.262500
-0.237500 -0.262500
-0.216071 -0.262500
-0.194643 -0.262500
-0.173214 -0.262500
-0.110714 -0.262500
-0.089286 -0.262500
-0.060714 -0.262500
-0.039286 -0.262500
-0.017857 -0.262500
0.003571 -0.262500
0.025000 -0.262500
0.046429 -0.262500
0.067857 -0.262500
0.089286 -0.262500
0.110714 -0.262500
0.132143 -0.262500
0.153571 -0.262500
0.175000 -0.262500
0.196429 -0.262500
0.217857 -0.262500
0.239286 -0.262500
0.260714 -0.262500
0.283929 -0.262500
0.314286 -0.262500
0.351786 -0.262500
-0.464286 -0.264286
-0.441071 -0.264286
-0.419643 -0.264286
-0.398214 -0.264286
-0.376786 -0.264286
-0.355357 -0.264286
-0.333929 -0.264286
-0.312500 -0.264286
-0.291071 -0.264286
-0.269643 -0.264286
-0.248214 -0.264286
-0.226786 -0.264286
-0.205357 -0.264286
-0.183929 -0.264286
-0.162500 -0.264286
-0.080357 -0.264286
-0.058929 -0.264286
-0.037500 -0.264286
-0.016071 -0.264286
0.005357 -0.264286
0.026786 -0.264286
0.048214 -0.264286
0.069643 -0.264286
0.091071 -0.264286
0.112500 -0.264286
0.133929 -0.264286
0.155357 -0.264286
0.176786 -0.264286
0.198214 -0.264286
0.219643 -0.264286
0.241071 -0.264286
0.262500 -0.264286
0.285714 -0.264286
0.316071 -0.264286
0.355357 -0.264286
-0.455357 -0.266071
-0.433929 -0.266071
-0.412500 -0.266071
-0.391071 -0.266071
-0.369643 -0.266071
-0.348214 -0.266071
-0.326786 -0.266071
-0.305357 -0.266071
-0.283929 -0.266071
-0.262500 -0.266071
-0.241071 -0.266071
-0.219643 -0.266071
-0.198214 -0.266071
-0.176786 -0.266071
-0.155357 -0.266071
-0.133929 -0.266071
-0.078571 -0.266071
-0.057143 -0.266071
-0.035714 -0.266071
-0.014286 -0.266071
0.007143 -0.266071
0.028571 -0.266071
0.050000 -0.266071
0.071429 -0.266071
0.092857 -0.266071
0.114286 -0.266071
0.135714 -0.266071
0.157143 -0.266071
0.178571 -0.266071
0.200000 -0.266071
0.221429 -0.266071
0.242857 -0.266071
0.264286 -0.266071
0.287500 -0.266071
0.323214 -0.266071
0.355357 -0.266071
-0.453571 -0.267857
-0.432143 -0.267857
-0.410714 -0.267857
-0.389286 -0.267857
-0.367857 -0.267857
-0.346429 -0.267857
-0.325000 -0.267857
-0.303571 -0.267857
-0.282143 -0.267857
-0.260714 -0.267857
-0.239286 -0.267857
-0.217857 -0.267857
-0.196429 -0.267857
-0.175000 -0.267857
-0.153571 -0.267857
-0.132143 -0.267857
-0.110714 -0.267857
-0.089286 -0.267857
-0.067857 -0.267857
-0.046429 -0.267857
-0.025000 -0.267857
-0.003571 -0.267857
0.017857 -0.267857
0.039286 -0.267857
0.060714 -0.267857
0.082143 -0.267857
0.103571 -0.267857
0.125000 -0.267857
0.146429 -0.267857
0.167857 -0.267857
0.189286 -0.267857
0.210714 -0.267857
0.232143 -0.267857
0.253571 -0.267857
0.278571 -0.267857
0.307143 -0.267857
0.339286 -0.267857
-0.464286 -0.269643
-0.441071 -0.269643
-0.419643 -0.269643
-0.398214 -0.269643
-0.376786 -0.269643
-0.355357 -0.269643
-0.333929 -0.269643
-0.312500 -0.269643
-0.291071 -0.269643
-0.269643 -0.269643
-0.248214 -0.269643
-0.226786 -0.269643
-0.205357 -0.269643
-0.183929 -0.269643
-0.162500 -0.269643
-0.141071 -0.269643
-0.119643 -0.269643
-0.098214 -0.269643
-0.076786 -0.269643
-0.055357 -0.269643
-0.033929 -0.269643
-0.012500 -0.269643
0.008929 -0.269643
0.030357 -0.269643
0.051786 -0.269643
0.073214 -0.269643
0.094643 -0.269643
0.116071 -0.269643
0.137500 -0.269643
0.158929 -0.269643
0.180357 -0.269643
0.201786 -0.269643
0.223214 -0.269643
0.244643 -0.269643
0.266071 -0.269643
0.291071 -0.269643
0.323214 -0.269643
-0.473214 -0.271429
-0.448214 -0.271429
-0.426786 -0.271429
-0.405357 -0.271429
-0.383929 -0.271429
-0.362500 -0.271429
-0.341071 -0.271429
-0.319643 -0.271429
-0.298214 -0.271429
-0.276786 -0.271429
-0.255357 -0.271429
-0.233929 -0.271429
-0.212500 -0.271429
-0.191071 -0.271429
-0.169643 -0.271429
-0.148214 -0.271429
-0.126786 -0.271429
-0.105357 -0.271429
-0.083929 -0.271429
-0.062500 -0.271429
-0.041071 -0.271429
-0.019643 -0.271429
0.001786 -0.271429
0.023214 -0.271429
0.044643 -0.271429
0.066071 -0.271429
0.087500 -0.271429
0.108929 -0.271429
0.130357 -0.271429
0.151786 -0.271429
0.173214 -0.271429
0.194643 -0.271429
0.216071 -0.271429
0.237500 -0.271429
0.258929 -0.271429
0.282143 -0.271429
0.317857 -0.271429
0.350000 -0.271429
-0.451786 -0.273214
-0.430357 -0.273214
-0.408929 -0.273214
-0.387500 -0.273214
-0.366071 -0.273214
-0.344643 -0.273214
-0.323214 -0.273214
-0.301786 -0.273214
-0.280357 -0.273214
-0.258929 -0.273214
-0.237500 -0.273214
-0.216071 -0.273214
-0.194643 -0.273214
-0.173214 -0.273214
-0.148214 -0.273214
-0.126786 -0.273214
-0.105357 -0.273214
-0.083929 -0.273214
-0.062500 -0.273214
-0.041071 -0.273214
-0.019643 -0.273214
0.001786 -0.273214
0.023214 -0.273214
0.044643 -0.273214
0.066071 -0.273214
0.087500 -0.273214
0.108929 -0.273214
0.130357 -0.273214
0.151786 -0.273214
0.173214 -0.273214
0.194643 -0.273214
0.216071 -0.273214
0.239286 -0.273214
0.260714 -0.273214
0.283929 -0.273214
0.317857 -0.273214
0.348214 -0.273214
-0.451786 -0.275000
-0.430357 -0.275000
-0.408929 -0.275000
-0.387500 -0.275000
-0.366071 -0.275000
-0.344643 -0.275000
-0.323214 -0.275000
-0.301786 -0.275000
-0.280357 -0.275000
-0.258929 -0.275000
-0.237500 -0.275000
-0.216071 -0.275000
-0.194643 -0.275000
-0.142857 -0.275000
-0.121429 -0.275000
-0.100000 -0.275000
-0.078571 -0.275000
-0.057143 -0.275000
-0.035714 -0.275000
-0.014286 -0.275000
0.007143 -0.275000
0.028571 -0.275000
0.050000 -0.275000
0.071429 -0.275000
0.092857 -0.275000
0.114286 -0.275000
0.135714 -0.275000
0.157143 -0.275000
0.178571 -0.275000
0.200000 -0.275000
0.221429 -0.275000
0.244643 -0.275000
0.266071 -0.275000
0.292857 -0.275000
0.326786 -0.275000
-0.467857 -0.276786
-0.442857 -0.276786
-0.421429 -0.276786
-0.400000 -0.276786
-0.378571 -0.276786
-0.357143 -0.276786
-0.335714 -0.276786
-0.314286 -0.276786
-0.292857 -0.276786
-0.269643 -0.276786
-0.248214 -0.276786
-0.226786 -0.276786
-0.205357 -0.276786
-0.182143 -0.276786
-0.103571 -0.276786
-0.082143 -0.276786
-0.060714 -0.276786
-0.039286 -0.276786
-0.017857 -0.276786
0.003571 -0.276786
0.025000 -0.276786
0.046429 -0.276786
0.067857 -0.276786
0.089286 -0.276786
0.110714 -0.276786
0.132143 -0.276786
0.153571 -0.276786
0.175000 -0.276786
0.196429 -0.276786
0.217857 -0.276786
0.241071 -0.276786
0.262500 -0.276786
0.289286 -0.276786
0.316071 -0.276786
-0.471429 -0.278571
-0.446429 -0.278571
-0.425000 -0.278571
-0.403571 -0.278571
-0.382143 -0.278571
-0.360714 -0.278571
-0.339286 -0.278571
-0.317857 -0.278571
-0.296429 -0.278571
-0.275000 -0.278571
-0.253571 -0.278571
-0.232143 -0.278571
-0.210714 -0.278571
-0.178571 -0.278571
-0.066071 -0.278571
-0.044643 -0.278571
-0.023214 -0.278571
-0.001786 -0.278571
0.019643 -0.278571
0.041071 -0.278571
0.062500 -0.278571
0.083929 -0.278571
0.105357 -0.278571
0.126786 -0.278571
0.148214 -0.278571
0.169643 -0.278571
0.191071 -0.278571
0.212500 -0.278571
0.235714 -0.278571
0.257143 -0.278571
0.280357 -0.278571
0.312500 -0.278571
0.342857 -0.278571
-0.448214 -0.280357
-0.426786 -0.280357
-0.405357 -0.280357
-0.383929 -0.280357
-0.362500 -0.280357
-0.341071 -0.280357
-0.319643 -0.280357
-0.298214 -0.280357
-0.276786 -0.280357
-0.255357 -0.280357
-0.233929 -0.280357
-0.212500 -0.280357
-0.175000 -0.280357
-0.067857 -0.280357
-0.046429 -0.280357
-0.025000 -0.280357
-0.003571 -0.280357
0.017857 -0.280357
0.039286 -0.280357
0.060714 -0.280357
0.082143 -0.280357
0.103571 -0.280357
0.125000 -0.280357
0.146429 -0.280357
0.167857 -0.280357
0.189286 -0.280357
0.210714 -0.280357
0.233929 -0.280357
0.255357 -0.280357
0.285714 -0.280357
0.314286 -0.280357
-0.467857 -0.282143
-0.441071 -0.282143
-0.419643 -0.282143
-0.398214 -0.282143
-0.376786 -0.282143
-0.355357 -0.282143
-0.333929 -0.282143
-0.312500 -0.282143
-0.291071 -0.282143
-0.269643 -0.282143
-0.248214 -0.282143
-0.226786 -0.282143
-0.205357 -0.282143
-0.076786 -0.282143
-0.055357 -0.282143
-0.033929 -0.282143
-0.012500 -0.282143
0.008929 -0.282143
0.030357 -0.282143
0.051786 -0.282143
0.073214 -0.282143
0.094643 -0.282143
0.116071 -0.282143
0.137500 -0.282143
0.158929 -0.282143
0.180357 -0.282143
0.201786 -0.282143
0.223214 -0.282143
0.244643 -0.282143
0.267857 -0.282143
0.294643 -0.282143
0.330357 -0.282143
-0.450000 -0.283929
-0.428571 -0.283929
-0.407143 -0.283929
-0.385714 -0.283929
-0.364286 -0.283929
-0.342857 -0.283929
-0.321429 -0.283929
-0.300000 -0.283929
-0.278571 -0.283929
-0.257143 -0.283929
-0.235714 -0.283929
-0.214286 -0.283929
-0.089286 -0.283929
-0.055357 -0.283929
-0.033929 -0.283929
-0.012500 -0.283929
0.008929 -0.283929
0.030357 -0.283929
0.051786 -0.283929
0.073214 -0.283929
0.094643 -0.283929
0.116071 -0.283929
0.137500 -0.283929
0.158929 -0.283929
0.180357 -0.283929
0.201786 -0.283929
0.223214 -0.283929
0.244643 -0.283929
0.267857 -0.283929
0.294643 -0.283929
0.328571 -0.283929
-0.446429 -0.285714
-0.425000 -0.285714
-0.403571 -0.285714
-0.382143 -0.285714
-0.360714 -0.285714
-0.339286 -0.285714
-0.317857 -0.285714
-0.296429 -0.285714
-0.275000 -0.285714
-0.253571 -0.285714
-0.232143 -0.285714
-0.210714 -0.285714
-0.064286 -0.285714
-0.041071 -0.285714
-0.019643 -0.285714
0.001786 -0.285714
0.023214 -0.285714
0.044643 -0.285714
0.066071 -0.285714
0.087500 -0.285714
0.108929 -0.285714
0.130357 -0.285714
0.151786 -0.285714
0.173214 -0.285714
0.194643 -0.285714
0.216071 -0.285714
0.237500 -0.285714
0.258929 -0.285714
0.287500 -0.285714
0.319643 -0.285714
-0.460714 -0.287500
-0.430357 -0.287500
-0.408929 -0.287500
-0.387500 -0.287500
-0.366071 -0.287500
-0.344643 -0.287500
-0.323214 -0.287500
-0.301786 -0.287500
-0.280357 -0.287500
-0.258929 -0.287500
-0.237500 -0.287500
-0.216071 -0.287500
-0.085714 -0.287500
-0.048214 -0.287500
-0.026786 -0.287500
-0.005357 -0.287500
0.016071 -0.287500
0.037500 -0.287500
0.058929 -0.287500
0.080357 -0.287500
0.101786 -0.287500
0.123214 -0.287500
0.144643 -0.287500
0.166071 -0.287500
0.187500 -0.287500
0.208929 -0.287500
0.230357 -0.287500
0.251786 -0.287500
0.275000 -0.287500
0.300000 -0.287500
0.335714 -0.287500
-0.441071 -0.289286
-0.417857 -0.289286
-0.396429 -0.289286
-0.375000 -0.289286
-0.353571 -0.289286
-0.332143 -0.289286
-0.310714 -0.289286
-0.289286 -0.289286
-0.267857 -0.289286
-0.246429 -0.289286
-0.225000 -0.289286
-0.196429 -0.289286
-0.078571 -0.289286
-0.046429 -0.289286
-0.025000 -0.289286
-0.003571 -0.289286
0.017857 -0.289286
0.039286 -0.289286
0.060714 -0.289286
0.082143 -0.289286
0.103571 -0.289286
0.125000 -0.289286
0.146429 -0.289286
0.167857 -0.289286
0.189286 -0.289286
0.210714 -0.289286
0.232143 -0.289286
0.253571 -0.289286
0.280357 -0.289286
0.305357 -0.289286
-0.466071 -0.291071
-0.437500 -0.291071
-0.416071 -0.291071
-0.394643 -0.291071
-0.373214 -0.291071
-0.351786 -0.291071
-0.330357 -0.291071
-0.308929 -0.291071
-0.287500 -0.291071
-0.266071 -0.291071
-0.244643 -0.291071
-0.223214 -0.291071
-0.198214 -0.291071
-0.069643 -0.291071
-0.042857 -0.291071
-0.019643 -0.291071
0.001786 -0.291071
0.023214 -0.291071
0.044643 -0.291071
0.066071 -0.291071
0.087500 -0.291071
0.108929 -0.291071
0.130357 -0.291071
0.151786 -0.291071
0.173214 -0.291071
0.194643 -0.291071
0.216071 -0.291071
0.237500 -0.291071
0.260714 -0.291071
0.283929 -0.291071
0.312500 -0.291071
-0.458929 -0.292857
-0.428571 -0.292857
-0.405357 -0.292857
-0.383929 -0.292857
-0.362500 -0.292857
-0.341071 -0.292857
-0.319643 -0.292857
-0.298214 -0.292857
-0.276786 -0.292857
-0.255357 -0.292857
-0.233929 -0.292857
-0.212500 -0.292857
-0.167857 -0.292857
-0.046429 -0.292857
-0.023214 -0.292857
-0.001786 -0.292857
0.019643 -0.292857
0.041071 -0.292857
0.062500 -0.292857
0.083929 -0.292857
0.105357 -0.292857
0.126786 -0.292857
0.148214 -0.292857
0.169643 -0.292857
0.191071 -0.292857
0.212500 -0.292857
0.235714 -0.292857
0.257143 -0.292857
0.283929 -0.292857
0.310714 -0.292857
-0.455357 -0.294643
-0.428571 -0.294643
-0.405357 -0.294643
-0.383929 -0.294643
-0.362500 -0.294643
-0.341071 -0.294643
-0.319643 -0.294643
-0.298214 -0.294643
-0.276786 -0.294643
-0.255357 -0.294643
-0.233929 -0.294643
-0.212500 -0.294643
-0.171429 -0.294643
-0.051786 -0.294643
-0.026786 -0.294643
-0.005357 -0.294643
0.016071 -0.294643
0.037500 -0.294643
0.058929 -0.294643
0.080357 -0.294643
0.101786 -0.294643
0.123214 -0.294643
0.144643 -0.294643
0.166071 -0.294643
0.187500 -0.294643
0.208929 -0.294643
0.232143 -0.294643
0.253571 -0.294643
0.280357 -0.294643
0.310714 -0.294643
-0.457143 -0.296429
-0.430357 -0.296429
-0.407143 -0.296429
-0.385714 -0.296429
-0.364286 -0.296429
-0.342857 -0.296429
-0.321429 -0.296429
-0.300000 -0.296429
-0.278571 -0.296429
-0.257143 -0.296429
-0.235714 -0.296429
-0.214286 -0.296429
-0.185714 -0.296429
-0.058929 -0.296429
-0.030357 -0.296429
-0.008929 -0.296429
0.012500 -0.296429
0.033929 -0.296429
0.055357 -0.296429
0.076786 -0.296429
0.098214 -0.296429
0.119643 -0.296429
0.141071 -0.296429
0.162500 -0.296429
0.183929 -0.296429
0.205357 -0.296429
0.226786 -0.296429
0.248214 -0.296429
0.271429 -0.296429
0.314286 -0.296429
-0.446429 -0.298214
-0.417857 -0.298214
-0.396429 -0.298214
-0.375000 -0.298214
-0.353571 -0.298214
-0.332143 -0.298214
-0.310714 -0.298214
-0.289286 -0.298214
-0.267857 -0.298214
-0.246429 -0.298214
-0.225000 -0.298214
-0.201786 -0.298214
-0.175000 -0.298214
-0.058929 -0.298214
-0.033929 -0.298214
-0.012500 -0.298214
0.008929 -0.298214
0.030357 -0.298214
0.051786 -0.298214
0.073214 -0.298214
0.094643 -0.298214
0.116071 -0.298214
0.137500 -0.298214
0.158929 -0.298214
0.180357 -0.298214
0.201786 -0.298214
0.223214 -0.298214
0.246429 -0.298214
0.269643 -0.298214
0.301786 -0.298214
-0.451786 -0.300000
-0.423214 -0.300000
-0.401786 -0.300000
-0.380357 -0.300000
-0.358929 -0.300000
-0.337500 -0.300000
-0.316071 -0.300000
-0.294643 -0.300000
-0.273214 -0.300000
-0.251786 -0.300000
-0.230357 -0.300000
-0.208929 -0.300000
-0.182143 -0.300000
-0.076786 -0.300000
-0.037500 -0.300000
-0.016071 -0.300000
0.005357 -0.300000
0.026786 -0.300000
0.048214 -0.300000
0.069643 -0.300000
0.091071 -0.300000
0.112500 -0.300000
0.133929 -0.300000
0.155357 -0.300000
0.176786 -0.300000
0.198214 -0.300000
0.219643 -0.300000
0.241071 -0.300000
0.264286 -0.300000
0.300000 -0.300000
-0.450000 -0.301786
-0.423214 -0.301786
-0.401786 -0.301786
-0.380357 -0.301786
-0.358929 -0.301786
-0.337500 -0.301786
-0.316071 -0.301786
-0.294643 -0.301786
-0.273214 -0.301786
-0.251786 -0.301786
-0.230357 -0.301786
-0.208929 -0.301786
-0.187500 -0.301786
-0.110714 -0.301786
-0.064286 -0.301786
-0.039286 -0.301786
-0.016071 -0.301786
0.005357 -0.301786
0.026786 -0.301786
0.048214 -0.301786
0.069643 -0.301786
0.091071 -0.301786
0.112500 -0.301786
0.133929 -0.301786
0.155357 -0.301786
0.176786 -0.301786
0.198214 -0.301786
0.219643 -0.301786
0.242857 -0.301786
0.267857 -0.301786
0.298214 -0.301786
-0.448214 -0.303571
-0.421429 -0.303571
-0.400000 -0.303571
-0.378571 -0.303571
-0.357143 -0.303571
-0.335714 -0.303571
-0.314286 -0.303571
-0.292857 -0.303571
-0.271429 -0.303571
-0.250000 -0.303571
-0.228571 -0.303571
-0.207143 -0.303571
-0.185714 -0.303571
-0.110714 -0.303571
-0.067857 -0.303571
-0.042857 -0.303571
-0.021429 -0.303571
0.000000 -0.303571
0.021429 -0.303571
0.042857 -0.303571
0.064286 -0.303571
0.085714 -0.303571
0.107143 -0.303571
0.128571 -0.303571
0.150000 -0.303571
0.171429 -0.303571
0.192857 -0.303571
0.214286 -0.303571
0.239286 -0.303571
0.264286 -0.303571
0.289286 -0.303571
-0.451786 -0.305357
-0.421429 -0.305357
-0.400000 -0.305357
-0.378571 -0.305357
-0.357143 -0.305357
-0.335714 -0.305357
-0.314286 -0.305357
-0.292857 -0.305357
-0.271429 -0.305357
-0.246429 -0.305357
-0.225000 -0.305357
-0.203571 -0.305357
-0.178571 -0.305357
-0.119643 -0.305357
-0.071429 -0.305357
-0.048214 -0.305357
-0.026786 -0.305357
-0.005357 -0.305357
0.016071 -0.305357
0.037500 -0.305357
0.058929 -0.305357
0.080357 -0.305357
0.101786 -0.305357
0.123214 -0.305357
0.144643 -0.305357
0.166071 -0.305357
0.187500 -0.305357
0.208929 -0.305357
0.232143 -0.305357
0.257143 -0.305357
0.283929 -0.305357
0.333929 -0.305357
-0.428571 -0.307143
-0.405357 -0.307143
-0.383929 -0.307143
-0.362500 -0.307143
-0.341071 -0.307143
-0.319643 -0.307143
-0.298214 -0.307143
-0.276786 -0.307143
-0.253571 -0.307143
-0.232143 -0.307143
-0.210714 -0.307143
-0.187500 -0.307143
-0.142857 -0.307143
-0.080357 -0.307143
-0.057143 -0.307143
-0.035714 -0.307143
-0.014286 -0.307143
0.007143 -0.307143
0.028571 -0.307143
0.050000 -0.307143
0.071429 -0.307143
0.092857 -0.307143
0.114286 -0.307143
0.135714 -0.307143
0.157143 -0.307143
0.178571 -0.307143
0.200000 -0.307143
0.221429 -0.307143
0.246429 -0.307143
0.271429 -0.307143
0.301786 -0.307143
-0.435714 -0.308929
-0.412500 -0.308929
-0.391071 -0.308929
-0.369643 -0.308929
-0.348214 -0.308929
-0.326786 -0.308929
-0.305357 -0.308929
-0.283929 -0.308929
-0.260714 -0.308929
-0.239286 -0.308929
-0.217857 -0.308929
-0.196429 -0.308929
-0.162500 -0.308929
-0.098214 -0.308929
-0.067857 -0.308929
-0.046429 -0.308929
-0.025000 -0.308929
-0.003571 -0.308929
0.017857 -0.308929
0.039286 -0.308929
0.060714 -0.308929
0.082143 -0.308929
0.103571 -0.308929
0.125000 -0.308929
0.146429 -0.308929
0.167857 -0.308929
0.189286 -0.308929
0.210714 -0.308929
0.232143 -0.308929
0.257143 -0.308929
0.282143 -0.308929
0.333929 -0.308929
-0.423214 -0.310714
-0.401786 -0.310714
-0.380357 -0.310714
-0.358929 -0.310714
-0.337500 -0.310714
-0.316071 -0.310714
-0.294643 -0.310714
-0.273214 -0.310714
-0.251786 -0.310714
-0.230357 -0.310714
-0.208929 -0.310714
-0.185714 -0.310714
-0.142857 -0.310714
-0.082143 -0.310714
-0.057143 -0.310714
-0.035714 -0.310714
-0.014286 -0.310714
0.007143 -0.310714
0.028571 -0.310714
0.050000 -0.310714
0.071429 -0.310714
0.092857 -0.310714
0.114286 -0.310714
0.135714 -0.310714
0.157143 -0.310714
0.178571 -0.310714
0.200000 -0.310714
0.221429 -0.310714
0.244643 -0.310714
0.269643 -0.310714
0.301786 -0.310714
-0.442857 -0.312500
-0.417857 -0.312500
-0.394643 -0.312500
-0.373214 -0.312500
-0.351786 -0.312500
-0.330357 -0.312500
-0.308929 -0.312500
-0.287500 -0.312500
-0.266071 -0.312500
-0.244643 -0.312500
-0.223214 -0.312500
-0.201786 -0.312500
-0.173214 -0.312500
-0.107143 -0.312500
-0.078571 -0.312500
-0.057143 -0.312500
-0.035714 -0.312500
-0.014286 -0.312500
0.007143 -0.312500
0.028571 -0.312500
0.050000 -0.312500
0.071429 -0.312500
0.092857 -0.312500
0.114286 -0.312500
0.135714 -0.312500
0.157143 -0.312500
0.178571 -0.312500
0.200000 -0.312500
0.221429 -0.312500
0.246429 -0.312500
0.269643 -0.312500
0.305357 -0.312500
-0.439286 -0.314286
-0.414286 -0.314286
-0.389286 -0.314286
-0.367857 -0.314286
-0.346429 -0.314286
-0.325000 -0.314286
-0.303571 -0.314286
-0.282143 -0.314286
-0.260714 -0.314286
-0.239286 -0.314286
-0.217857 -0.314286
-0.196429 -0.314286
-0.171429 -0.314286
-0.085714 -0.314286
-0.064286 -0.314286
-0.042857 -0.314286
-0.021429 -0.314286
0.000000 -0.314286
0.021429 -0.314286
0.042857 -0.314286
0.064286 -0.314286
0.085714 -0.314286
0.107143 -0.314286
0.128571 -0.314286
0.150000 -0.314286
0.171429 -0.314286
0.192857 -0.314286
0.214286 -0.314286
0.237500 -0.314286
0.262500 -0.314286
0.287500 -0.314286
0.332143 -0.314286
-0.425000 -0.316071
-0.400000 -0.316071
-0.378571 -0.316071
-0.357143 -0.316071
-0.335714 -0.316071
-0.314286 -0.316071
-0.292857 -0.316071
-0.271429 -0.316071
-0.250000 -0.316071
-0.228571 -0.316071
-0.207143 -0.316071
-0.185714 -0.316071
-0.142857 -0.316071
-0.087500 -0.316071
-0.066071 -0.316071
-0.044643 -0.316071
-0.023214 -0.316071
-0.001786 -0.316071
0.019643 -0.316071
0.041071 -0.316071
0.062500 -0.316071
0.083929 -0.316071
0.105357 -0.316071
0.126786 -0.316071
0.148214 -0.316071
0.169643 -0.316071
0.191071 -0.316071
0.214286 -0.316071
0.237500 -0.316071
0.260714 -0.316071
0.291071 -0.316071
0.332143 -0.316071
-0.419643 -0.317857
-0.396429 -0.317857
-0.375000 -0.317857
-0.353571 -0.317857
-0.332143 -0.317857
-0.310714 -0.317857
-0.289286 -0.317857
-0.267857 -0.317857
-0.246429 -0.317857
-0.225000 -0.317857
-0.203571 -0.317857
-0.182143 -0.317857
-0.137500 -0.317857
-0.087500 -0.317857
-0.066071 -0.317857
-0.044643 -0.317857
-0.023214 -0.317857
-0.001786 -0.317857
0.019643 -0.317857
0.041071 -0.317857
0.062500 -0.317857
0.083929 -0.317857
0.105357 -0.317857
0.126786 -0.317857
0.148214 -0.317857
0.169643 -0.317857
0.191071 -0.317857
0.214286 -0.317857
0.237500 -0.317857
0.262500 -0.317857
0.292857 -0.317857
0.332143 -0.317857
-0.417857 -0.319643
-0.394643 -0.319643
-0.373214 -0.319643
-0.351786 -0.319643
-0.330357 -0.319643
-0.308929 -0.319643
-0.287500 -0.319643
-0.266071 -0.319643
-0.244643 -0.319643
-0.223214 -0.319643
-0.201786 -0.319643
-0.171429 -0.319643
-0.117857 -0.319643
-0.087500 -0.319643
-0.066071 -0.319643
-0.044643 -0.319643
-0.023214 -0.319643
-0.001786 -0.319643
0.019643 -0.319643
0.041071 -0.319643
0.062500 -0.319643
0.083929 -0.319643
0.105357 -0.319643
0.126786 -0.319643
0.148214 -0.319643
0.169643 -0.319643
0.191071 -0.319643
0.212500 -0.319643
0.233929 -0.319643
0.260714 -0.319643
0.291071 -0.319643
0.330357 -0.319643
-0.419643 -0.321429
-0.394643 -0.321429
-0.373214 -0.321429
-0.351786 -0.321429
-0.330357 -0.321429
-0.308929 -0.321429
-0.287500 -0.321429
-0.266071 -0.321429
-0.244643 -0.321429
-0.223214 -0.321429
-0.201786 -0.321429
-0.175000 -0.321429
-0.094643 -0.321429
-0.073214 -0.321429
-0.051786 -0.321429
-0.030357 -0.321429
-0.008929 -0.321429
0.012500 -0.321429
0.033929 -0.321429
0.055357 -0.321429
0.076786 -0.321429
0.098214 -0.321429
0.119643 -0.321429
0.141071 -0.321429
0.162500 -0.321429
0.183929 -0.321429
0.205357 -0.321429
0.230357 -0.321429
0.255357 -0.321429
0.291071 -0.321429
0.332143 -0.321429
-0.416071 -0.323214
-0.392857 -0.323214
-0.371429 -0.323214
-0.350000 -0.323214
-0.328571 -0.323214
-0.307143 -0.323214
-0.285714 -0.323214
-0.264286 -0.323214
-0.242857 -0.323214
-0.221429 -0.323214
-0.200000 -0.323214
-0.108929 -0.323214
-0.082143 -0.323214
-0.058929 -0.323214
-0.037500 -0.323214
-0.016071 -0.323214
0.005357 -0.323214
0.026786 -0.323214
0.048214 -0.323214
0.069643 -0.323214
0.091071 -0.323214
0.112500 -0.323214
0.133929 -0.323214
0.155357 -0.323214
0.176786 -0.323214
0.198214 -0.323214
0.219643 -0.323214
0.248214 -0.323214
0.275000 -0.323214
0.319643 -0.323214
-0.430357 -0.325000
-0.401786 -0.325000
-0.380357 -0.325000
-0.358929 -0.325000
-0.337500 -0.325000
-0.316071 -0.325000
-0.294643 -0.325000
-0.273214 -0.325000
-0.251786 -0.325000
-0.230357 -0.325000
-0.208929 -0.325000
-0.187500 -0.325000
-0.158929 -0.325000
-0.137500 -0.325000
-0.089286 -0.325000
-0.067857 -0.325000
-0.046429 -0.325000
-0.025000 -0.325000
-0.003571 -0.325000
0.017857 -0.325000
0.039286 -0.325000
0.060714 -0.325000
0.082143 -0.325000
0.103571 -0.325000
0.125000 -0.325000
0.146429 -0.325000
0.167857 -0.325000
0.189286 -0.325000
0.210714 -0.325000
0.233929 -0.325000
0.262500 -0.325000
0.305357 -0.325000
-0.433929 -0.326786
-0.410714 -0.326786
-0.387500 -0.326786
-0.366071 -0.326786
-0.344643 -0.326786
-0.323214 -0.326786
-0.301786 -0.326786
-0.280357 -0.326786
-0.258929 -0.326786
-0.237500 -0.326786
-0.216071 -0.326786
-0.194643 -0.326786
-0.167857 -0.326786
-0.146429 -0.326786
-0.123214 -0.326786
-0.080357 -0.326786
-0.058929 -0.326786
-0.037500 -0.326786
-0.016071 -0.326786
0.005357 -0.326786
0.026786 -0.326786
0.048214 -0.326786
0.069643 -0.326786
0.091071 -0.326786
0.112500 -0.326786
0.133929 -0.326786
0.155357 -0.326786
0.176786 -0.326786
0.198214 -0.326786
0.219643 -0.326786
0.246429 -0.326786
0.271429 -0.326786
0.305357 -0.326786
-0.432143 -0.328571
-0.403571 -0.328571
-0.382143 -0.328571
-0.360714 -0.328571
-0.339286 -0.328571
-0.317857 -0.328571
-0.296429 -0.328571
-0.275000 -0.328571
-0.253571 -0.328571
-0.232143 -0.328571
-0.210714 -0.328571
-0.189286 -0.328571
-0.167857 -0.328571
-0.146429 -0.328571
-0.123214 -0.328571
-0.092857 -0.328571
-0.069643 -0.328571
-0.048214 -0.328571
-0.026786 -0.328571
-0.005357 -0.328571
0.016071 -0.328571
0.037500 -0.328571
0.058929 -0.328571
0.080357 -0.328571
0.101786 -0.328571
0.123214 -0.328571
0.144643 -0.328571
0.166071 -0.328571
0.187500 -0.328571
0.208929 -0.328571
0.233929 -0.328571
0.264286 -0.328571
0.300000 -0.328571
-0.432143 -0.330357
-0.403571 -0.330357
-0.382143 -0.330357
-0.360714 -0.330357
-0.339286 -0.330357
-0.317857 -0.330357
-0.296429 -0.330357
-0.275000 -0.330357
-0.253571 -0.330357
-0.232143 -0.330357
-0.210714 -0.330357
-0.189286 -0.330357
-0.167857 -0.330357
-0.146429 -0.330357
-0.125000 -0.330357
-0.103571 -0.330357
-0.076786 -0.330357
-0.055357 -0.330357
-0.033929 -0.330357
-0.012500 -0.330357
0.008929 -0.330357
0.030357 -0.330357
0.051786 -0.330357
0.073214 -0.330357
0.094643 -0.330357
0.116071 -0.330357
0.137500 -0.330357
0.158929 -0.330357
0.180357 -0.330357
0.201786 -0.330357
0.225000 -0.330357
0.253571 -0.330357
0.276786 -0.330357
0.319643 -0.330357
-0.421429 -0.332143
-0.394643 -0.332143
-0.373214 -0.332143
-0.351786 -0.332143
-0.330357 -0.332143
-0.308929 -0.332143
-0.287500 -0.332143
-0.266071 -0.332143
-0.244643 -0.332143
-0.223214 -0.332143
-0.201786 -0.332143
-0.180357 -0.332143
-0.158929 -0.332143
-0.137500 -0.332143
-0.116071 -0.332143
-0.094643 -0.332143
-0.073214 -0.332143
-0.051786 -0.332143
-0.030357 -0.332143
-0.008929 -0.332143
0.012500 -0.332143
0.033929 -0.332143
0.055357 -0.332143
0.076786 -0.332143
0.098214 -0.332143
0.119643 -0.332143
0.141071 -0.332143
0.162500 -0.332143
0.183929 -0.332143
0.205357 -0.332143
0.228571 -0.332143
0.258929 -0.332143
0.292857 -0.332143
0.326786 -0.332143
-0.408929 -0.333929
-0.385714 -0.333929
-0.364286 -0.333929
-0.342857 -0.333929
-0.321429 -0.333929
-0.300000 -0.333929
-0.278571 -0.333929
-0.257143 -0.333929
-0.235714 -0.333929
-0.214286 -0.333929
-0.192857 -0.333929
-0.171429 -0.333929
-0.150000 -0.333929
-0.128571 -0.333929
-0.107143 -0.333929
-0.085714 -0.333929
-0.064286 -0.333929
-0.042857 -0.333929
-0.021429 -0.333929
0.000000 -0.333929
0.021429 -0.333929
0.042857 -0.333929
0.064286 -0.333929
0.085714 -0.333929
0.107143 -0.333929
0.128571 -0.333929
0.150000 -0.333929
0.171429 -0.333929
0.192857 -0.333929
0.214286 -0.333929
0.237500 -0.333929
0.264286 -0.333929
0.314286 -0.333929
-0.425000 -0.335714
-0.398214 -0.335714
-0.376786 -0.335714
-0.355357 -0.335714
-0.333929 -0.335714
-0.312500 -0.335714
-0.291071 -0.335714
-0.269643 -0.335714
-0.248214 -0.335714
-0.226786 -0.335714
-0.205357 -0.335714
-0.183929 -0.335714
-0.162500 -0.335714
-0.141071 -0.335714
-0.119643 -0.335714
-0.098214 -0.335714
-0.076786 -0.335714
-0.055357 -0.335714
-0.033929 -0.335714
-0.012500 -0.335714
0.008929 -0.335714
0.030357 -0.335714
0.051786 -0.335714
0.073214 -0.335714
0.094643 -0.335714
0.116071 -0.335714
0.137500 -0.335714
0.158929 -0.335714
0.180357 -0.335714
0.201786 -0.335714
0.225000 -0.335714
0.255357 -0.335714
0.291071 -0.335714
0.323214 -0.335714
-0.410714 -0.337500
-0.387500 -0.337500
-0.366071 -0.337500
-0.344643 -0.337500
-0.323214 -0.337500
-0.301786 -0.337500
-0.280357 -0.337500
-0.258929 -0.337500
-0.237500 -0.337500
-0.216071 -0.337500
-0.194643 -0.337500
-0.173214 -0.337500
-0.151786 -0.337500
-0.130357 -0.337500
-0.108929 -0.337500
-0.087500 -0.337500
-0.066071 -0.337500
-0.044643 -0.337500
-0.023214 -0.337500
-0.001786 -0.337500
0.021429 -0.337500
0.042857 -0.337500
0.064286 -0.337500
0.085714 -0.337500
0.107143 -0.337500
0.128571 -0.337500
0.150000 -0.337500
0.171429 -0.337500
0.192857 -0.337500
0.217857 -0.337500
0.248214 -0.337500
0.276786 -0.337500
0.317857 -0.337500
-0.419643 -0.339286
-0.391071 -0.339286
-0.369643 -0.339286
-0.348214 -0.339286
-0.326786 -0.339286
-0.305357 -0.339286
-0.283929 -0.339286
-0.262500 -0.339286
-0.241071 -0.339286
-0.219643 -0.339286
-0.198214 -0.339286
-0.176786 -0.339286
-0.155357 -0.339286
-0.133929 -0.339286
-0.112500 -0.339286
-0.091071 -0.339286
-0.069643 -0.339286
-0.048214 -0.339286
-0.026786 -0.339286
-0.005357 -0.339286
0.019643 -0.339286
0.041071 -0.339286
0.062500 -0.339286
0.083929 -0.339286
0.105357 -0.339286
0.126786 -0.339286
0.148214 -0.339286
0.169643 -0.339286
0.191071 -0.339286
0.216071 -0.339286
0.244643 -0.339286
0.267857 -0.339286
0.312500 -0.339286
-0.423214 -0.341071
-0.392857 -0.341071
-0.371429 -0.341071
-0.350000 -0.341071
-0.328571 -0.341071
-0.307143 -0.341071
-0.285714 -0.341071
-0.264286 -0.341071
-0.242857 -0.341071
-0.221429 -0.341071
-0.200000 -0.341071
-0.178571 -0.341071
-0.157143 -0.341071
-0.135714 -0.341071
-0.114286 -0.341071
-0.092857 -0.341071
-0.071429 -0.341071
-0.050000 -0.341071
-0.028571 -0.341071
-0.007143 -0.341071
0.014286 -0.341071
0.037500 -0.341071
0.058929 -0.341071
0.080357 -0.341071
0.101786 -0.341071
0.123214 -0.341071
0.144643 -0.341071
0.166071 -0.341071
0.187500 -0.341071
0.212500 -0.341071
0.241071 -0.341071
0.264286 -0.341071
0.308929 -0.341071
0.330357 -0.341071
-0.396429 -0.342857
-0.375000 -0.342857
-0.353571 -0.342857
-0.332143 -0.342857
-0.310714 -0.342857
-0.289286 -0.342857
-0.267857 -0.342857
-0.246429 -0.342857
-0.225000 -0.342857
-0.203571 -0.342857
-0.182143 -0.342857
-0.160714 -0.342857
-0.139286 -0.342857
-0.117857 -0.342857
-0.096429 -0.342857
-0.075000 -0.342857
-0.053571 -0.342857
-0.032143 -0.342857
-0.010714 -0.342857
0.010714 -0.342857
0.033929 -0.342857
0.055357 -0.342857
0.076786 -0.342857
0.098214 -0.342857
0.119643 -0.342857
0.141071 -0.342857
0.162500 -0.342857
0.183929 -0.342857
0.208929 -0.342857
0.233929 -0.342857
0.264286 -0.342857
0.310714 -0.342857
-0.417857 -0.344643
-0.392857 -0.344643
-0.371429 -0.344643
-0.350000 -0.344643
-0.328571 -0.344643
-0.307143 -0.344643
-0.285714 -0.344643
-0.264286 -0.344643
-0.242857 -0.344643
-0.221429 -0.344643
-0.200000 -0.344643
-0.178571 -0.344643
-0.157143 -0.344643
-0.135714 -0.344643
-0.114286 -0.344643
-0.092857 -0.344643
-0.071429 -0.344643
-0.050000 -0.344643
-0.028571 -0.344643
-0.007143 -0.344643
0.014286 -0.344643
0.035714 -0.344643
0.057143 -0.344643
0.078571 -0.344643
0.100000 -0.344643
0.121429 -0.344643
0.142857 -0.344643
0.164286 -0.344643
0.185714 -0.344643
0.208929 -0.344643
0.239286 -0.344643
0.264286 -0.344643
0.308929 -0.344643
-0.417857 -0.346429
-0.391071 -0.346429
-0.369643 -0.346429
-0.348214 -0.346429
-0.326786 -0.346429
-0.305357 -0.346429
-0.283929 -0.346429
-0.262500 -0.346429
-0.241071 -0.346429
-0.219643 -0.346429
-0.198214 -0.346429
-0.176786 -0.346429
-0.155357 -0.346429
-0.133929 -0.346429
-0.112500 -0.346429
-0.091071 -0.346429
-0.069643 -0.346429
-0.048214 -0.346429
-0.026786 -0.346429
-0.005357 -0.346429
0.016071 -0.346429
0.037500 -0.346429
0.058929 -0.346429
0.080357 -0.346429
0.101786 -0.346429
0.123214 -0.346429
0.144643 -0.346429
0.166071 -0.346429
0.187500 -0.346429
0.212500 -0.346429
0.242857 -0.346429
0.273214 -0.346429
0.314286 -0.346429
-0.410714 -0.348214
-0.382143 -0.348214
-0.360714 -0.348214
-0.339286 -0.348214
-0.317857 -0.348214
-0.296429 -0.348214
-0.275000 -0.348214
-0.253571 -0.348214
-0.232143 -0.348214
-0.210714 -0.348214
-0.189286 -0.348214
-0.167857 -0.348214
-0.146429 -0.348214
-0.125000 -0.348214
-0.103571 -0.348214
-0.082143 -0.348214
-0.060714 -0.348214
-0.039286 -0.348214
-0.017857 -0.348214
0.003571 -0.348214
0.025000 -0.348214
0.046429 -0.348214
0.067857 -0.348214
0.089286 -0.348214
0.110714 -0.348214
0.132143 -0.348214
0.153571 -0.348214
0.175000 -0.348214
0.196429 -0.348214
0.225000 -0.348214
0.253571 -0.348214
0.298214 -0.348214
0.319643 -0.348214
-0.396429 -0.350000
-0.375000 -0.350000
-0.353571 -0.350000
-0.332143 -0.350000
-0.310714 -0.350000
-0.289286 -0.350000
-0.267857 -0.350000
-0.246429 -0.350000
-0.225000 -0.350000
-0.203571 -0.350000
-0.182143 -0.350000
-0.160714 -0.350000
-0.139286 -0.350000
-0.117857 -0.350000
-0.096429 -0.350000
-0.075000 -0.350000
-0.053571 -0.350000
-0.032143 -0.350000
-0.010714 -0.350000
0.010714 -0.350000
0.032143 -0.350000
0.053571 -0.350000
0.075000 -0.350000
0.096429 -0.350000
0.117857 -0.350000
0.139286 -0.350000
0.160714 -0.350000
0.182143 -0.350000
0.205357 -0.350000
0.232143 -0.350000
0.260714 -0.350000
0.303571 -0.350000
0.325000 -0.350000
-0.389286 -0.351786
-0.367857 -0.351786
-0.346429 -0.351786
-0.325000 -0.351786
-0.303571 -0.351786
-0.282143 -0.351786
-0.260714 -0.351786
-0.239286 -0.351786
-0.217857 -0.351786
-0.196429 -0.351786
-0.175000 -0.351786
-0.153571 -0.351786
-0.132143 -0.351786
-0.110714 -0.351786
-0.089286 -0.351786
-0.067857 -0.351786
-0.046429 -0.351786
-0.025000 -0.351786
-0.003571 -0.351786
0.017857 -0.351786
0.039286 -0.351786
0.060714 -0.351786
0.082143 -0.351786
0.103571 -0.351786
0.125000 -0.351786
0.146429 -0.351786
0.167857 -0.351786
0.189286 -0.351786
0.212500 -0.351786
0.241071 -0.351786
0.269643 -0.351786
0.310714 -0.351786
-0.408929 -0.353571
-0.380357 -0.353571
-0.358929 -0.353571
-0.337500 -0.353571
-0.316071 -0.353571
-0.294643 -0.353571
-0.273214 -0.353571
-0.251786 -0.353571
-0.230357 -0.353571
-0.208929 -0.353571
-0.187500 -0.353571
-0.166071 -0.353571
-0.144643 -0.353571
-0.123214 -0.353571
-0.101786 -0.353571
-0.080357 -0.353571
-0.058929 -0.353571
-0.037500 -0.353571
-0.016071 -0.353571
0.005357 -0.353571
0.026786 -0.353571
0.048214 -0.353571
0.069643 -0.353571
0.091071 -0.353571
0.112500 -0.353571
0.133929 -0.353571
0.155357 -0.353571
0.176786 -0.353571
0.198214 -0.353571
0.228571 -0.353571
0.257143 -0.353571
0.301786 -0.353571
0.323214 -0.353571
-0.387500 -0.355357
-0.366071 -0.355357
-0.344643 -0.355357
-0.323214 -0.355357
-0.301786 -0.355357
-0.280357 -0.355357
-0.258929 -0.355357
-0.237500 -0.355357
-0.216071 -0.355357
-0.194643 -0.355357
-0.173214 -0.355357
-0.151786 -0.355357
-0.130357 -0.355357
-0.108929 -0.355357
-0.087500 -0.355357
-0.066071 -0.355357
-0.044643 -0.355357
-0.023214 -0.355357
-0.001786 -0.355357
0.019643 -0.355357
0.041071 -0.355357
0.062500 -0.355357
0.083929 -0.355357
0.105357 -0.355357
0.126786 -0.355357
0.148214 -0.355357
0.169643 -0.355357
0.191071 -0.355357
0.221429 -0.355357
0.250000 -0.355357
0.294643 -0.355357
0.316071 -0.355357
0.341071 -0.355357
-0.382143 -0.357143
-0.360714 -0.357143
-0.339286 -0.357143
-0.317857 -0.357143
-0.296429 -0.357143
-0.275000 -0.357143
-0.253571 -0.357143
-0.232143 -0.357143
-0.210714 -0.357143
-0.189286 -0.357143
-0.167857 -0.357143
-0.146429 -0.357143
-0.125000 -0.357143
-0.103571 -0.357143
-0.082143 -0.357143
-0.060714 -0.357143
-0.039286 -0.357143
-0.017857 -0.357143
0.003571 -0.357143
0.025000 -0.357143
0.046429 -0.357143
0.067857 -0.357143
0.089286 -0.357143
0.110714 -0.357143
0.132143 -0.357143
0.153571 -0.357143
0.175000 -0.357143
0.196429 -0.357143
0.225000 -0.357143
0.260714 -0.357143
0.303571 -0.357143
0.325000 -0.357143
-0.407143 -0.358929
-0.378571 -0.358929
-0.357143 -0.358929
-0.335714 -0.358929
-0.314286 -0.358929
-0.292857 -0.358929
-0.271429 -0.358929
-0.250000 -0.358929
-0.228571 -0.358929
-0.207143 -0.358929
-0.185714 -0.358929
-0.164286 -0.358929
-0.142857 -0.358929
-0.121429 -0.358929
-0.100000 -0.358929
-0.078571 -0.358929
-0.057143 -0.358929
-0.035714 -0.358929
-0.014286 -0.358929
0.007143 -0.358929
0.028571 -0.358929
0.050000 -0.358929
0.071429 -0.358929
0.092857 -0.358929
0.114286 -0.358929
0.135714 -0.358929
0.157143 -0.358929
0.178571 -0.358929
0.201786 -0.358929
0.230357 -0.358929
0.262500 -0.358929
0.305357 -0.358929
0.326786 -0.358929
-0.403571 -0.360714
-0.375000 -0.360714
-0.353571 -0.360714
-0.332143 -0.360714
-0.310714 -0.360714
-0.289286 -0.360714
-0.267857 -0.360714
-0.246429 -0.360714
-0.225000 -0.360714
-0.203571 -0.360714
-0.182143 -0.360714
-0.160714 -0.360714
-0.139286 -0.360714
-0.117857 -0.360714
-0.096429 -0.360714
-0.075000 -0.360714
-0.053571 -0.360714
-0.032143 -0.360714
-0.010714 -0.360714
0.010714 -0.360714
0.032143 -0.360714
0.053571 -0.360714
0.075000 -0.360714
0.096429 -0.360714
0.117857 -0.360714
0.139286 -0.360714
0.160714 -0.360714
0.182143 -0.360714
0.205357 -0.360714
0.237500 -0.360714
0.294643 -0.360714
0.316071 -0.360714
0.344643 -0.360714
-0.383929 -0.362500
-0.362500 -0.362500
-0.341071 -0.362500
-0.319643 -0.362500
-0.298214 -0.362500
-0.276786 -0.362500
-0.255357 -0.362500
-0.233929 -0.362500
-0.212500 -0.362500
-0.191071 -0.362500
-0.169643 -0.362500
-0.148214 -0.362500
-0.126786 -0.362500
-0.105357 -0.362500
-0.083929 -0.362500
-0.062500 -0.362500
-0.041071 -0.362500
-0.019643 -0.362500
0.001786 -0.362500
0.023214 -0.362500
0.044643 -0.362500
0.066071 -0.362500
0.087500 -0.362500
0.108929 -0.362500
0.130357 -0.362500
0.151786 -0.362500
0.173214 -0.362500
0.194643 -0.362500
0.225000 -0.362500
0.258929 -0.362500
0.303571 -0.362500
0.325000 -0.362500
0.353571 -0.362500
-0.375000 -0.364286
-0.353571 -0.364286
-0.332143 -0.364286
-0.310714 -0.364286
-0.289286 -0.364286
-0.267857 -0.364286
-0.246429 -0.364286
-0.225000 -0.364286
-0.203571 -0.364286
-0.182143 -0.364286
-0.160714 -0.364286
-0.139286 -0.364286
-0.117857 -0.364286
-0.096429 -0.364286
-0.075000 -0.364286
-0.053571 -0.364286
-0.032143 -0.364286
-0.010714 -0.364286
0.010714 -0.364286
0.032143 -0.364286
0.053571 -0.364286
0.075000 -0.364286
0.096429 -0.364286
0.117857 -0.364286
0.139286 -0.364286
0.160714 -0.364286
0.182143 -0.364286
0.205357 -0.364286
0.235714 -0.364286
0.287500 -0.364286
0.308929 -0.364286
0.339286 -0.364286
-0.396429 -0.366071
-0.367857 -0.366071
-0.346429 -0.366071
-0.325000 -0.366071
-0.303571 -0.366071
-0.282143 -0.366071
-0.260714 -0.366071
-0.239286 -0.366071
-0.217857 -0.366071
-0.196429 -0.366071
-0.175000 -0.366071
-0.153571 -0.366071
-0.132143 -0.366071
-0.110714 -0.366071
-0.089286 -0.366071
-0.067857 -0.366071
-0.046429 -0.366071
-0.025000 -0.366071
-0.003571 -0.366071
0.017857 -0.366071
0.039286 -0.366071
0.060714 -0.366071
0.082143 -0.366071
0.103571 -0.366071
0.125000 -0.366071
0.146429 -0.366071
0.167857 -0.366071
0.189286 -0.366071
0.217857 -0.366071
0.257143 -0.366071
0.300000 -0.366071
0.321429 -0.366071
0.353571 -0.366071
-0.375000 -0.367857
-0.353571 -0.367857
-0.332143 -0.367857
-0.310714 -0.367857
-0.289286 -0.367857
-0.267857 -0.367857
-0.246429 -0.367857
-0.225000 -0.367857
-0.203571 -0.367857
-0.182143 -0.367857
-0.160714 -0.367857
-0.139286 -0.367857
-0.117857 -0.367857
-0.096429 -0.367857
-0.075000 -0.367857
-0.053571 -0.367857
-0.032143 -0.367857
-0.010714 -0.367857
0.010714 -0.367857
0.032143 -0.367857
0.053571 -0.367857
0.075000 -0.367857
0.096429 -0.367857
0.117857 -0.367857
0.139286 -0.367857
0.160714 -0.367857
0.182143 -0.367857
0.210714 -0.367857
0.239286 -0.367857
0.291071 -0.367857
0.312500 -0.367857
0.348214 -0.367857
-0.382143 -0.369643
-0.360714 -0.369643
-0.339286 -0.369643
-0.317857 -0.369643
-0.296429 -0.369643
-0.275000 -0.369643
-0.253571 -0.369643
-0.232143 -0.369643
-0.210714 -0.369643
-0.189286 -0.369643
-0.167857 -0.369643
-0.146429 -0.369643
-0.125000 -0.369643
-0.103571 -0.369643
-0.082143 -0.369643
-0.060714 -0.369643
-0.039286 -0.369643
-0.017857 -0.369643
0.003571 -0.369643
0.025000 -0.369643
0.046429 -0.369643
0.067857 -0.369643
0.089286 -0.369643
0.110714 -0.369643
0.132143 -0.369643
0.153571 -0.369643
0.175000 -0.369643
0.200000 -0.369643
0.230357 -0.369643
0.285714 -0.369643
0.307143 -0.369643
0.344643 -0.369643
-0.391071 -0.371429
-0.360714 -0.371429
-0.339286 -0.371429
-0.317857 -0.371429
-0.296429 -0.371429
-0.275000 -0.371429
-0.253571 -0.371429
-0.232143 -0.371429
-0.210714 -0.371429
-0.189286 -0.371429
-0.167857 -0.371429
-0.146429 -0.371429
-0.125000 -0.371429
-0.103571 -0.371429
-0.082143 -0.371429
-0.060714 -0.371429
-0.039286 -0.371429
-0.017857 -0.371429
0.003571 -0.371429
0.025000 -0.371429
0.046429 -0.371429
0.067857 -0.371429
0.089286 -0.371429
0.110714 -0.371429
0.132143 -0.371429
0.153571 -0.371429
0.175000 -0.371429
0.200000 -0.371429
0.230357 -0.371429
0.287500 -0.371429
0.308929 -0.371429
0.350000 -0.371429
-0.382143 -0.373214
-0.358929 -0.373214
-0.337500 -0.373214
-0.316071 -0.373214
-0.294643 -0.373214
-0.273214 -0.373214
-0.251786 -0.373214
-0.230357 -0.373214
-0.208929 -0.373214
-0.187500 -0.373214
-0.166071 -0.373214
-0.144643 -0.373214
-0.123214 -0.373214
-0.101786 -0.373214
-0.080357 -0.373214
-0.058929 -0.373214
-0.037500 -0.373214
-0.016071 -0.373214
0.005357 -0.373214
0.026786 -0.373214
0.048214 -0.373214
0.069643 -0.373214
0.091071 -0.373214
0.112500 -0.373214
0.133929 -0.373214
0.155357 -0.373214
0.176786 -0.373214
0.205357 -0.373214
0.232143 -0.373214
0.287500 -0.373214
0.308929 -0.373214
0.351786 -0.373214
-0.389286 -0.375000
-0.358929 -0.375000
-0.337500 -0.375000
-0.316071 -0.375000
-0.294643 -0.375000
-0.273214 -0.375000
-0.251786 -0.375000
-0.230357 -0.375000
-0.208929 -0.375000
-0.187500 -0.375000
-0.166071 -0.375000
-0.144643 -0.375000
-0.123214 -0.375000
-0.101786 -0.375000
-0.080357 -0.375000
-0.058929 -0.375000
-0.037500 -0.375000
-0.016071 -0.375000
0.005357 -0.375000
0.026786 -0.375000
0.048214 -0.375000
0.069643 -0.375000
0.091071 -0.375000
0.112500 -0.375000
0.133929 -0.375000
0.155357 -0.375000
0.176786 -0.375000
0.203571 -0.375000
0.230357 -0.375000
0.289286 -0.375000
0.310714 -0.375000
0.355357 -0.375000
-0.380357 -0.376786
-0.358929 -0.376786
-0.337500 -0.376786
-0.316071 -0.376786
-0.294643 -0.376786
-0.273214 -0.376786
-0.251786 -0.376786
-0.230357 -0.376786
-0.208929 -0.376786
-0.187500 -0.376786
-0.166071 -0.376786
-0.144643 -0.376786
-0.123214 -0.376786
-0.101786 -0.376786
-0.080357 -0.376786
-0.058929 -0.376786
-0.037500 -0.376786
-0.016071 -0.376786
0.005357 -0.376786
0.026786 -0.376786
0.048214 -0.376786
0.069643 -0.376786
0.091071 -0.376786
0.112500 -0.376786
0.133929 -0.376786
0.155357 -0.376786
0.178571 -0.376786
0.208929 -0.376786
0.244643 -0.376786
0.292857 -0.376786
0.314286 -0.376786
0.362500 -0.376786
-0.375000 -0.378571
-0.351786 -0.378571
-0.330357 -0.378571
-0.308929 -0.378571
-0.287500 -0.378571
-0.266071 -0.378571
-0.244643 -0.378571
-0.223214 -0.378571
-0.201786 -0.378571
-0.180357 -0.378571
-0.158929 -0.378571
-0.137500 -0.378571
-0.116071 -0.378571
-0.094643 -0.378571
-0.073214 -0.378571
-0.051786 -0.378571
-0.030357 -0.378571
-0.008929 -0.378571
0.012500 -0.378571
0.033929 -0.378571
0.055357 -0.378571
0.076786 -0.378571
0.098214 -0.378571
0.119643 -0.378571
0.141071 -0.378571
0.162500 -0.378571
0.183929 -0.378571
0.212500 -0.378571
0.271429 -0.378571
0.294643 -0.378571
0.316071 -0.378571
0.366071 -0.378571
-0.373214 -0.380357
-0.348214 -0.380357
-0.326786 -0.380357
-0.305357 -0.380357
-0.283929 -0.380357
-0.262500 -0.380357
-0.241071 -0.380357
-0.219643 -0.380357
-0.198214 -0.380357
-0.176786 -0.380357
-0.155357 -0.380357
-0.133929 -0.380357
-0.112500 -0.380357
-0.091071 -0.380357
-0.069643 -0.380357
-0.048214 -0.380357
-0.026786 -0.380357
-0.005357 -0.380357
0.016071 -0.380357
0.037500 -0.380357
0.058929 -0.380357
0.080357 -0.380357
0.101786 -0.380357
0.123214 -0.380357
0.144643 -0.380357
0.166071 -0.380357
0.191071 -0.380357
0.223214 -0.380357
0.282143 -0.380357
0.303571 -0.380357
0.325000 -0.380357
-0.401786 -0.382143
-0.366071 -0.382143
-0.341071 -0.382143
-0.319643 -0.382143
-0.298214 -0.382143
-0.276786 -0.382143
-0.255357 -0.382143
-0.233929 -0.382143
-0.212500 -0.382143
-0.191071 -0.382143
-0.169643 -0.382143
-0.148214 -0.382143
-0.126786 -0.382143
-0.105357 -0.382143
-0.083929 -0.382143
-0.062500 -0.382143
-0.041071 -0.382143
-0.019643 -0.382143
0.001786 -0.382143
0.023214 -0.382143
0.044643 -0.382143
0.066071 -0.382143
0.087500 -0.382143
0.108929 -0.382143
0.130357 -0.382143
0.151786 -0.382143
0.173214 -0.382143
0.203571 -0.382143
0.232143 -0.382143
0.289286 -0.382143
0.310714 -0.382143
0.364286 -0.382143
-0.392857 -0.383929
-0.353571 -0.383929
-0.332143 -0.383929
-0.310714 -0.383929
-0.289286 -0.383929
-0.267857 -0.383929
-0.246429 -0.383929
-0.225000 -0.383929
-0.203571 -0.383929
-0.182143 -0.383929
-0.160714 -0.383929
-0.139286 -0.383929
-0.117857 -0.383929
-0.096429 -0.383929
-0.075000 -0.383929
-0.053571 -0.383929
-0.032143 -0.383929
-0.010714 -0.383929
0.010714 -0.383929
0.032143 -0.383929
0.053571 -0.383929
0.075000 -0.383929
0.096429 -0.383929
0.117857 -0.383929
0.139286 -0.383929
0.160714 -0.383929
0.183929 -0.383929
0.219643 -0.383929
0.276786 -0.383929
0.298214 -0.383929
0.319643 -0.383929
0.375000 -0.383929
-0.369643 -0.385714
-0.344643 -0.385714
-0.323214 -0.385714
-0.301786 -0.385714
-0.280357 -0.385714
-0.258929 -0.385714
-0.237500 -0.385714
-0.216071 -0.385714
-0.194643 -0.385714
-0.173214 -0.385714
-0.151786 -0.385714
-0.130357 -0.385714
-0.108929 -0.385714
-0.087500 -0.385714
-0.066071 -0.385714
-0.044643 -0.385714
-0.023214 -0.385714
-0.001786 -0.385714
0.019643 -0.385714
0.041071 -0.385714
0.062500 -0.385714
0.083929 -0.385714
0.105357 -0.385714
0.126786 -0.385714
0.148214 -0.385714
0.173214 -0.385714
0.203571 -0.385714
0.262500 -0.385714
0.283929 -0.385714
0.305357 -0.385714
0.360714 -0.385714
-0.400000 -0.387500
-0.364286 -0.387500
-0.337500 -0.387500
-0.316071 -0.387500
-0.294643 -0.387500
-0.273214 -0.387500
-0.251786 -0.387500
-0.230357 -0.387500
-0.208929 -0.387500
-0.187500 -0.387500
-0.166071 -0.387500
-0.144643 -0.387500
-0.123214 -0.387500
-0.101786 -0.387500
-0.080357 -0.387500
-0.058929 -0.387500
-0.037500 -0.387500
-0.016071 -0.387500
0.005357 -0.387500
0.026786 -0.387500
0.048214 -0.387500
0.069643 -0.387500
0.091071 -0.387500
0.112500 -0.387500
0.133929 -0.387500
0.155357 -0.387500
0.180357 -0.387500
0.214286 -0.387500
0.269643 -0.387500
0.291071 -0.387500
0.312500 -0.387500
0.369643 -0.387500
-0.391071 -0.389286
-0.351786 -0.389286
-0.328571 -0.389286
-0.307143 -0.389286
-0.285714 -0.389286
-0.264286 -0.389286
-0.242857 -0.389286
-0.221429 -0.389286
-0.200000 -0.389286
-0.178571 -0.389286
-0.157143 -0.389286
-0.135714 -0.389286
-0.114286 -0.389286
-0.092857 -0.389286
-0.071429 -0.389286
-0.050000 -0.389286
-0.028571 -0.389286
-0.007143 -0.389286
0.014286 -0.389286
0.035714 -0.389286
0.057143 -0.389286
0.078571 -0.389286
0.100000 -0.389286
0.121429 -0.389286
0.142857 -0.389286
0.166071 -0.389286
0.201786 -0.389286
0.255357 -0.389286
0.278571 -0.389286
0.300000 -0.389286
0.321429 -0.389286
0.378571 -0.389286
-0.367857 -0.391071
-0.342857 -0.391071
-0.321429 -0.391071
-0.300000 -0.391071
-0.278571 -0.391071
-0.257143 -0.391071
-0.235714 -0.391071
-0.214286 -0.391071
-0.192857 -0.391071
-0.171429 -0.391071
-0.150000 -0.391071
-0.128571 -0.391071
-0.107143 -0.391071
-0.085714 -0.391071
-0.064286 -0.391071
-0.042857 -0.391071
-0.021429 -0.391071
0.000000 -0.391071
0.021429 -0.391071
0.042857 -0.391071
0.064286 -0.391071
0.085714 -0.391071
0.107143 -0.391071
0.128571 -0.391071
0.150000 -0.391071
0.175000 -0.391071
0.212500 -0.391071
0.266071 -0.391071
0.287500 -0.391071
0.308929 -0.391071
0.367857 -0.391071
-0.394643 -0.392857
-0.355357 -0.392857
-0.330357 -0.392857
-0.308929 -0.392857
-0.287500 -0.392857
-0.266071 -0.392857
-0.244643 -0.392857
-0.223214 -0.392857
-0.201786 -0.392857
-0.180357 -0.392857
-0.158929 -0.392857
-0.137500 -0.392857
-0.116071 -0.392857
-0.094643 -0.392857
-0.073214 -0.392857
-0.051786 -0.392857
-0.030357 -0.392857
-0.008929 -0.392857
0.012500 -0.392857
0.033929 -0.392857
0.055357 -0.392857
0.076786 -0.392857
0.098214 -0.392857
0.119643 -0.392857
0.141071 -0.392857
0.164286 -0.392857
0.201786 -0.392857
0.260714 -0.392857
0.282143 -0.392857
0.303571 -0.392857
0.325000 -0.392857
0.385714 -0.392857
-0.362500 -0.394643
-0.333929 -0.394643
-0.312500 -0.394643
-0.291071 -0.394643
-0.269643 -0.394643
-0.248214 -0.394643
-0.226786 -0.394643
-0.205357 -0.394643
-0.183929 -0.394643
-0.162500 -0.394643
-0.141071 -0.394643
-0.119643 -0.394643
-0.098214 -0.394643
-0.076786 -0.394643
-0.055357 -0.394643
-0.033929 -0.394643
-0.012500 -0.394643
0.008929 -0.394643
0.030357 -0.394643
0.051786 -0.394643
0.073214 -0.394643
0.094643 -0.394643
0.116071 -0.394643
0.137500 -0.394643
0.160714 -0.394643
0.200000 -0.394643
0.258929 -0.394643
0.280357 -0.394643
0.301786 -0.394643
0.323214 -0.394643
0.385714 -0.394643
-0.380357 -0.396429
-0.332143 -0.396429
-0.310714 -0.396429
-0.289286 -0.396429
-0.267857 -0.396429
-0.246429 -0.396429
-0.225000 -0.396429
-0.203571 -0.396429
-0.182143 -0.396429
-0.160714 -0.396429
-0.137500 -0.396429
-0.116071 -0.396429
-0.094643 -0.396429
-0.073214 -0.396429
-0.051786 -0.396429
-0.030357 -0.396429
-0.008929 -0.396429
0.012500 -0.396429
0.033929 -0.396429
0.055357 -0.396429
0.076786 -0.396429
0.098214 -0.396429
0.119643 -0.396429
0.141071 -0.396429
0.167857 -0.396429
0.203571 -0.396429
0.262500 -0.396429
0.283929 -0.396429
0.305357 -0.396429
0.364286 -0.396429
-0.398214 -0.398214
-0.360714 -0.398214
-0.335714 -0.398214
-0.314286 -0.398214
-0.292857 -0.398214
-0.271429 -0.398214
-0.250000 -0.398214
-0.228571 -0.398214
-0.207143 -0.398214
-0.185714 -0.398214
-0.164286 -0.398214
-0.142857 -0.398214
-0.121429 -0.398214
-0.100000 -0.398214
-0.078571 -0.398214
-0.057143 -0.398214
-0.035714 -0.398214
-0.014286 -0.398214
0.007143 -0.398214
0.028571 -0.398214
0.050000 -0.398214
0.071429 -0.398214
0.092857 -0.398214
0.114286 -0.398214
0.135714 -0.398214
0.158929 -0.398214
0.194643 -0.398214
0.251786 -0.398214
0.273214 -0.398214
0.294643 -0.398214
0.316071 -0.398214
0.382143 -0.398214
-0.383929 -0.400000
-0.339286 -0.400000
-0.317857 -0.400000
-0.296429 -0.400000
-0.275000 -0.400000
-0.253571 -0.400000
-0.232143 -0.400000
-0.210714 -0.400000
-0.189286 -0.400000
-0.167857 -0.400000
-0.146429 -0.400000
-0.125000 -0.400000
-0.103571 -0.400000
-0.082143 -0.400000
-0.060714 -0.400000
-0.039286 -0.400000
-0.017857 -0.400000
0.003571 -0.400000
0.025000 -0.400000
0.046429 -0.400000
0.067857 -0.400000
0.089286 -0.400000
0.110714 -0.400000
0.132143 -0.400000
0.155357 -0.400000
0.191071 -0.400000
0.248214 -0.400000
0.269643 -0.400000
0.291071 -0.400000
0.312500 -0.400000
0.380357 -0.400000
-0.387500 -0.401786
-0.348214 -0.401786
-0.323214 -0.401786
-0.301786 -0.401786
-0.280357 -0.401786
-0.258929 -0.401786
-0.237500 -0.401786
-0.216071 -0.401786
-0.194643 -0.401786
-0.173214 -0.401786
-0.151786 -0.401786
-0.130357 -0.401786
-0.108929 -0.401786
-0.087500 -0.401786
-0.066071 -0.401786
-0.044643 -0.401786
-0.023214 -0.401786
-0.001786 -0.401786
0.019643 -0.401786
0.041071 -0.401786
0.062500 -0.401786
0.083929 -0.401786
0.105357 -0.401786
0.126786 -0.401786
0.150000 -0.401786
0.180357 -0.401786
0.239286 -0.401786
0.264286 -0.401786
0.285714 -0.401786
0.307143 -0.401786
0.366071 -0.401786
-0.394643 -0.403571
-0.371429 -0.403571
-0.326786 -0.403571
-0.303571 -0.403571
-0.282143 -0.403571
-0.260714 -0.403571
-0.239286 -0.403571
-0.217857 -0.403571
-0.196429 -0.403571
-0.175000 -0.403571
-0.153571 -0.403571
-0.132143 -0.403571
-0.110714 -0.403571
-0.089286 -0.403571
-0.067857 -0.403571
-0.046429 -0.403571
-0.025000 -0.403571
-0.003571 -0.403571
0.017857 -0.403571
0.039286 -0.403571
0.060714 -0.403571
0.082143 -0.403571
0.103571 -0.403571
0.125000 -0.403571
0.148214 -0.403571
0.171429 -0.403571
0.239286 -0.403571
0.264286 -0.403571
0.285714 -0.403571
0.307143 -0.403571
0.366071 -0.403571
-0.396429 -0.405357
-0.375000 -0.405357
-0.326786 -0.405357
-0.303571 -0.405357
-0.282143 -0.405357
-0.260714 -0.405357
-0.239286 -0.405357
-0.217857 -0.405357
-0.196429 -0.405357
-0.175000 -0.405357
-0.153571 -0.405357
-0.132143 -0.405357
-0.110714 -0.405357
-0.089286 -0.405357
-0.067857 -0.405357
-0.046429 -0.405357
-0.025000 -0.405357
-0.003571 -0.405357
0.017857 -0.405357
0.039286 -0.405357
0.060714 -0.405357
0.082143 -0.405357
0.103571 -0.405357
0.125000 -0.405357
0.148214 -0.405357
0.178571 -0.405357
0.246429 -0.405357
0.267857 -0.405357
0.289286 -0.405357
0.310714 -0.405357
0.380357 -0.405357
-0.391071 -0.407143
-0.367857 -0.407143
-0.321429 -0.407143
-0.300000 -0.407143
-0.278571 -0.407143
-0.257143 -0.407143
-0.235714 -0.407143
-0.214286 -0.407143
-0.192857 -0.407143
-0.171429 -0.407143
-0.150000 -0.407143
-0.128571 -0.407143
-0.107143 -0.407143
-0.085714 -0.407143
-0.064286 -0.407143
-0.042857 -0.407143
-0.021429 -0.407143
0.000000 -0.407143
0.021429 -0.407143
0.042857 -0.407143
0.064286 -0.407143
0.085714 -0.407143
0.107143 -0.407143
0.128571 -0.407143
0.153571 -0.407143
0.191071 -0.407143
0.250000 -0.407143
0.271429 -0.407143
0.292857 -0.407143
0.314286 -0.407143
0.385714 -0.407143
-0.387500 -0.408929
-0.364286 -0.408929
-0.314286 -0.408929
-0.292857 -0.408929
-0.271429 -0.408929
-0.250000 -0.408929
-0.228571 -0.408929
-0.207143 -0.408929
-0.185714 -0.408929
-0.164286 -0.408929
-0.142857 -0.408929
-0.119643 -0.408929
-0.098214 -0.408929
-0.076786 -0.408929
-0.055357 -0.408929
-0.033929 -0.408929
-0.012500 -0.408929
0.008929 -0.408929
0.030357 -0.408929
0.051786 -0.408929
0.073214 -0.408929
0.094643 -0.408929
0.116071 -0.408929
0.137500 -0.408929
0.162500 -0.408929
0.230357 -0.408929
0.255357 -0.408929
0.276786 -0.408929
0.298214 -0.408929
0.319643 -0.408929
0.389286 -0.408929
-0.383929 -0.410714
-0.339286 -0.410714
-0.310714 -0.410714
-0.289286 -0.410714
-0.267857 -0.410714
-0.246429 -0.410714
-0.225000 -0.410714
-0.203571 -0.410714
-0.182143 -0.410714
-0.160714 -0.410714
-0.139286 -0.410714
-0.116071 -0.410714
-0.094643 -0.410714
-0.073214 -0.410714
-0.051786 -0.410714
-0.030357 -0.410714
-0.008929 -0.410714
0.012500 -0.410714
0.033929 -0.410714
0.055357 -0.410714
0.076786 -0.410714
0.098214 -0.410714
0.119643 -0.410714
0.144643 -0.410714
0.173214 -0.410714
0.239286 -0.410714
0.262500 -0.410714
0.283929 -0.410714
0.305357 -0.410714
0.357143 -0.410714
0.398214 -0.410714
-0.375000 -0.412500
-0.332143 -0.412500
-0.301786 -0.412500
-0.280357 -0.412500
-0.258929 -0.412500
-0.237500 -0.412500
-0.216071 -0.412500
-0.194643 -0.412500
-0.173214 -0.412500
-0.151786 -0.412500
-0.130357 -0.412500
-0.108929 -0.412500
-0.087500 -0.412500
-0.066071 -0.412500
-0.044643 -0.412500
-0.023214 -0.412500
-0.001786 -0.412500
0.019643 -0.412500
0.041071 -0.412500
0.062500 -0.412500
0.083929 -0.412500
0.105357 -0.412500
0.126786 -0.412500
0.157143 -0.412500
0.189286 -0.412500
0.250000 -0.412500
0.271429 -0.412500
0.292857 -0.412500
0.314286 -0.412500
0.385714 -0.412500
-0.389286 -0.414286
-0.367857 -0.414286
-0.316071 -0.414286
-0.294643 -0.414286
-0.273214 -0.414286
-0.251786 -0.414286
-0.230357 -0.414286
-0.208929 -0.414286
-0.187500 -0.414286
-0.166071 -0.414286
-0.144643 -0.414286
-0.121429 -0.414286
-0.100000 -0.414286
-0.078571 -0.414286
-0.057143 -0.414286
-0.035714 -0.414286
-0.014286 -0.414286
0.007143 -0.414286
0.028571 -0.414286
0.050000 -0.414286
0.071429 -0.414286
0.092857 -0.414286
0.114286 -0.414286
0.141071 -0.414286
0.169643 -0.414286
0.241071 -0.414286
0.262500 -0.414286
0.283929 -0.414286
0.305357 -0.414286
0.358929 -0.414286
0.398214 -0.414286
-0.378571 -0.416071
-0.355357 -0.416071
-0.305357 -0.416071
-0.283929 -0.416071
-0.262500 -0.416071
-0.241071 -0.416071
-0.219643 -0.416071
-0.198214 -0.416071
-0.176786 -0.416071
-0.155357 -0.416071
-0.133929 -0.416071
-0.110714 -0.416071
-0.089286 -0.416071
-0.067857 -0.416071
-0.046429 -0.416071
-0.025000 -0.416071
-0.003571 -0.416071
0.017857 -0.416071
0.039286 -0.416071
0.060714 -0.416071
0.082143 -0.416071
0.103571 -0.416071
0.125000 -0.416071
0.153571 -0.416071
0.221429 -0.416071
0.248214 -0.416071
0.269643 -0.416071
0.291071 -0.416071
0.312500 -0.416071
0.385714 -0.416071
-0.391071 -0.417857
-0.369643 -0.417857
-0.321429 -0.417857
-0.292857 -0.417857
-0.271429 -0.417857
-0.250000 -0.417857
-0.228571 -0.417857
-0.207143 -0.417857
-0.185714 -0.417857
-0.164286 -0.417857
-0.142857 -0.417857
-0.119643 -0.417857
-0.098214 -0.417857
-0.076786 -0.417857
-0.055357 -0.417857
-0.033929 -0.417857
-0.012500 -0.417857
0.008929 -0.417857
0.030357 -0.417857
0.051786 -0.417857
0.073214 -0.417857
0.094643 -0.417857
0.116071 -0.417857
0.142857 -0.417857
0.219643 -0.417857
0.244643 -0.417857
0.266071 -0.417857
0.287500 -0.417857
0.308929 -0.417857
0.369643 -0.417857
0.403571 -0.417857
-0.375000 -0.419643
-0.351786 -0.419643
-0.300000 -0.419643
-0.278571 -0.419643
-0.257143 -0.419643
-0.235714 -0.419643
-0.214286 -0.419643
-0.192857 -0.419643
-0.171429 -0.419643
-0.150000 -0.419643
-0.125000 -0.419643
-0.103571 -0.419643
-0.082143 -0.419643
-0.060714 -0.419643
-0.039286 -0.419643
-0.016071 -0.419643
0.005357 -0.419643
0.026786 -0.419643
0.048214 -0.419643
0.069643 -0.419643
0.091071 -0.419643
0.114286 -0.419643
0.141071 -0.419643
0.178571 -0.419643
0.241071 -0.419643
0.262500 -0.419643
0.283929 -0.419643
0.305357 -0.419643
0.366071 -0.419643
0.400000 -0.419643
-0.378571 -0.421429
-0.357143 -0.421429
-0.303571 -0.421429
-0.280357 -0.421429
-0.258929 -0.421429
-0.237500 -0.421429
-0.214286 -0.421429
-0.192857 -0.421429
-0.171429 -0.421429
-0.146429 -0.421429
-0.123214 -0.421429
-0.101786 -0.421429
-0.080357 -0.421429
-0.058929 -0.421429
-0.037500 -0.421429
-0.016071 -0.421429
0.005357 -0.421429
0.026786 -0.421429
0.048214 -0.421429
0.069643 -0.421429
0.091071 -0.421429
0.114286 -0.421429
0.141071 -0.421429
0.214286 -0.421429
0.242857 -0.421429
0.264286 -0.421429
0.285714 -0.421429
0.307143 -0.421429
0.367857 -0.421429
0.405357 -0.421429
-0.373214 -0.423214
-0.351786 -0.423214
-0.292857 -0.423214
-0.271429 -0.423214
-0.250000 -0.423214
-0.228571 -0.423214
-0.205357 -0.423214
-0.183929 -0.423214
-0.162500 -0.423214
-0.139286 -0.423214
-0.116071 -0.423214
-0.094643 -0.423214
-0.073214 -0.423214
-0.051786 -0.423214
-0.030357 -0.423214
-0.008929 -0.423214
0.012500 -0.423214
0.033929 -0.423214
0.055357 -0.423214
0.078571 -0.423214
0.100000 -0.423214
0.125000 -0.423214
0.158929 -0.423214
0.232143 -0.423214
0.253571 -0.423214
0.275000 -0.423214
0.296429 -0.423214
0.317857 -0.423214
0.396429 -0.423214
-0.383929 -0.425000
-0.362500 -0.425000
-0.317857 -0.425000
-0.285714 -0.425000
-0.264286 -0.425000
-0.242857 -0.425000
-0.219643 -0.425000
-0.198214 -0.425000
-0.176786 -0.425000
-0.155357 -0.425000
-0.132143 -0.425000
-0.110714 -0.425000
-0.089286 -0.425000
-0.066071 -0.425000
-0.044643 -0.425000
-0.023214 -0.425000
-0.001786 -0.425000
0.019643 -0.425000
0.041071 -0.425000
0.062500 -0.425000
0.085714 -0.425000
0.110714 -0.425000
0.137500 -0.425000
0.212500 -0.425000
0.241071 -0.425000
0.262500 -0.425000
0.283929 -0.425000
0.305357 -0.425000
0.367857 -0.425000
-0.392857 -0.426786
-0.371429 -0.426786
-0.350000 -0.426786
-0.291071 -0.426786
-0.269643 -0.426786
-0.248214 -0.426786
-0.226786 -0.426786
-0.203571 -0.426786
-0.182143 -0.426786
-0.160714 -0.426786
-0.137500 -0.426786
-0.116071 -0.426786
-0.094643 -0.426786
-0.073214 -0.426786
-0.050000 -0.426786
-0.028571 -0.426786
-0.007143 -0.426786
0.014286 -0.426786
0.035714 -0.426786
0.057143 -0.426786
0.080357 -0.426786
0.103571 -0.426786
0.130357 -0.426786
0.166071 -0.426786
0.232143 -0.426786
0.255357 -0.426786
0.276786 -0.426786
0.298214 -0.426786
0.319643 -0.426786
0.396429 -0.426786
-0.385714 -0.428571
-0.364286 -0.428571
-0.342857 -0.428571
-0.283929 -0.428571
-0.262500 -0.428571
-0.241071 -0.428571
-0.217857 -0.428571
-0.194643 -0.428571
-0.173214 -0.428571
-0.151786 -0.428571
-0.130357 -0.428571
-0.108929 -0.428571
-0.087500 -0.428571
-0.064286 -0.428571
-0.042857 -0.428571
-0.021429 -0.428571
0.001786 -0.428571
0.023214 -0.428571
0.044643 -0.428571
0.066071 -0.428571
0.091071 -0.428571
0.119643 -0.428571
0.155357 -0.428571
0.226786 -0.428571
0.248214 -0.428571
0.269643 -0.428571
0.291071 -0.428571
0.312500 -0.428571
0.371429 -0.428571
-0.391071 -0.430357
-0.369643 -0.430357
-0.346429 -0.430357
-0.291071 -0.430357
-0.269643 -0.430357
-0.248214 -0.430357
-0.226786 -0.430357
-0.203571 -0.430357
-0.182143 -0.430357
-0.160714 -0.430357
-0.139286 -0.430357
-0.117857 -0.430357
-0.094643 -0.430357
-0.073214 -0.430357
-0.050000 -0.430357
-0.028571 -0.430357
-0.005357 -0.430357
0.016071 -0.430357
0.037500 -0.430357
0.058929 -0.430357
0.083929 -0.430357
0.107143 -0.430357
0.146429 -0.430357
0.219643 -0.430357
0.241071 -0.430357
0.262500 -0.430357
0.283929 -0.430357
0.305357 -0.430357
0.360714 -0.430357
0.407143 -0.430357
-0.376786 -0.432143
-0.355357 -0.432143
-0.310714 -0.432143
-0.273214 -0.432143
-0.251786 -0.432143
-0.230357 -0.432143
-0.207143 -0.432143
-0.185714 -0.432143
-0.164286 -0.432143
-0.142857 -0.432143
-0.121429 -0.432143
-0.100000 -0.432143
-0.076786 -0.432143
-0.053571 -0.432143
-0.032143 -0.432143
-0.010714 -0.432143
0.010714 -0.432143
0.032143 -0.432143
0.053571 -0.432143
0.076786 -0.432143
0.103571 -0.432143
0.139286 -0.432143
0.205357 -0.432143
0.233929 -0.432143
0.255357 -0.432143
0.276786 -0.432143
0.298214 -0.432143
0.319643 -0.432143
0.401786 -0.432143
-0.383929 -0.433929
-0.362500 -0.433929
-0.341071 -0.433929
-0.282143 -0.433929
-0.258929 -0.433929
-0.237500 -0.433929
-0.212500 -0.433929
-0.191071 -0.433929
-0.169643 -0.433929
-0.148214 -0.433929
-0.126786 -0.433929
-0.103571 -0.433929
-0.080357 -0.433929
-0.057143 -0.433929
-0.035714 -0.433929
-0.014286 -0.433929
0.007143 -0.433929
0.028571 -0.433929
0.050000 -0.433929
0.073214 -0.433929
0.098214 -0.433929
0.139286 -0.433929
0.207143 -0.433929
0.232143 -0.433929
0.253571 -0.433929
0.275000 -0.433929
0.296429 -0.433929
0.317857 -0.433929
0.398214 -0.433929
-0.385714 -0.435714
-0.364286 -0.435714
-0.342857 -0.435714
-0.282143 -0.435714
-0.258929 -0.435714
-0.235714 -0.435714
-0.210714 -0.435714
-0.189286 -0.435714
-0.167857 -0.435714
-0.146429 -0.435714
-0.125000 -0.435714
-0.101786 -0.435714
-0.080357 -0.435714
-0.058929 -0.435714
-0.037500 -0.435714
-0.016071 -0.435714
0.007143 -0.435714
0.028571 -0.435714
0.050000 -0.435714
0.076786 -0.435714
0.103571 -0.435714
0.142857 -0.435714
0.210714 -0.435714
0.235714 -0.435714
0.257143 -0.435714
0.278571 -0.435714
0.300000 -0.435714
0.321429 -0.435714
0.403571 -0.435714
-0.382143 -0.437500
-0.360714 -0.437500
-0.339286 -0.437500
-0.278571 -0.437500
-0.257143 -0.437500
-0.232143 -0.437500
-0.208929 -0.437500
-0.185714 -0.437500
-0.164286 -0.437500
-0.142857 -0.437500
-0.121429 -0.437500
-0.100000 -0.437500
-0.078571 -0.437500
-0.057143 -0.437500
-0.035714 -0.437500
-0.014286 -0.437500
0.008929 -0.437500
0.030357 -0.437500
0.051786 -0.437500
0.078571 -0.437500
0.105357 -0.437500
0.185714 -0.437500
0.216071 -0.437500
0.239286 -0.437500
0.260714 -0.437500
0.282143 -0.437500
0.303571 -0.437500
0.360714 -0.437500
0.407143 -0.437500
-0.378571 -0.439286
-0.357143 -0.439286
-0.335714 -0.439286
-0.275000 -0.439286
-0.251786 -0.439286
-0.228571 -0.439286
-0.201786 -0.439286
-0.178571 -0.439286
-0.157143 -0.439286
-0.135714 -0.439286
-0.110714 -0.439286
-0.089286 -0.439286
-0.067857 -0.439286
-0.046429 -0.439286
-0.025000 -0.439286
0.000000 -0.439286
0.021429 -0.439286
0.042857 -0.439286
0.069643 -0.439286
0.098214 -0.439286
0.135714 -0.439286
0.207143 -0.439286
0.230357 -0.439286
0.251786 -0.439286
0.273214 -0.439286
0.294643 -0.439286
0.316071 -0.439286
0.400000 -0.439286
-0.387500 -0.441071
-0.366071 -0.441071
-0.344643 -0.441071
-0.282143 -0.441071
-0.253571 -0.441071
-0.228571 -0.441071
-0.203571 -0.441071
-0.180357 -0.441071
-0.157143 -0.441071
-0.135714 -0.441071
-0.110714 -0.441071
-0.089286 -0.441071
-0.067857 -0.441071
-0.046429 -0.441071
-0.025000 -0.441071
0.003571 -0.441071
0.025000 -0.441071
0.046429 -0.441071
0.076786 -0.441071
0.103571 -0.441071
0.182143 -0.441071
0.212500 -0.441071
0.235714 -0.441071
0.257143 -0.441071
0.278571 -0.441071
0.300000 -0.441071
0.321429 -0.441071
0.405357 -0.441071
-0.382143 -0.442857
-0.360714 -0.442857
-0.339286 -0.442857
-0.280357 -0.442857
-0.251786 -0.442857
-0.226786 -0.442857
-0.200000 -0.442857
-0.175000 -0.442857
-0.153571 -0.442857
-0.128571 -0.442857
-0.107143 -0.442857
-0.085714 -0.442857
-0.064286 -0.442857
-0.042857 -0.442857
-0.019643 -0.442857
0.007143 -0.442857
0.028571 -0.442857
0.051786 -0.442857
0.087500 -0.442857
0.116071 -0.442857
0.183929 -0.442857
0.212500 -0.442857
0.237500 -0.442857
0.258929 -0.442857
0.280357 -0.442857
0.301786 -0.442857
0.358929 -0.442857
0.407143 -0.442857
-0.385714 -0.444643
-0.364286 -0.444643
-0.342857 -0.444643
-0.267857 -0.444643
-0.244643 -0.444643
-0.219643 -0.444643
-0.192857 -0.444643
-0.169643 -0.444643
-0.148214 -0.444643
-0.123214 -0.444643
-0.101786 -0.444643
-0.080357 -0.444643
-0.058929 -0.444643
-0.037500 -0.444643
-0.010714 -0.444643
0.012500 -0.444643
0.033929 -0.444643
0.069643 -0.444643
0.096429 -0.444643
0.130357 -0.444643
0.198214 -0.444643
0.226786 -0.444643
0.248214 -0.444643
0.269643 -0.444643
0.291071 -0.444643
0.312500 -0.444643
0.373214 -0.444643
0.419643 -0.444643
-0.378571 -0.446429
-0.357143 -0.446429
-0.335714 -0.446429
-0.267857 -0.446429
-0.242857 -0.446429
-0.217857 -0.446429
-0.192857 -0.446429
-0.171429 -0.446429
-0.150000 -0.446429
-0.125000 -0.446429
-0.103571 -0.446429
-0.082143 -0.446429
-0.060714 -0.446429
-0.039286 -0.446429
-0.016071 -0.446429
0.007143 -0.446429
0.028571 -0.446429
0.051786 -0.446429
0.087500 -0.446429
0.123214 -0.446429
0.185714 -0.446429
0.219643 -0.446429
0.241071 -0.446429
0.262500 -0.446429
0.283929 -0.446429
0.305357 -0.446429
0.366071 -0.446429
0.412500 -0.446429
-0.385714 -0.448214
-0.364286 -0.448214
-0.342857 -0.448214
-0.312500 -0.448214
-0.253571 -0.448214
-0.226786 -0.448214
-0.201786 -0.448214
-0.178571 -0.448214
-0.157143 -0.448214
-0.135714 -0.448214
-0.112500 -0.448214
-0.091071 -0.448214
-0.069643 -0.448214
-0.046429 -0.448214
-0.023214 -0.448214
0.001786 -0.448214
0.025000 -0.448214
0.048214 -0.448214
0.083929 -0.448214
0.123214 -0.448214
0.191071 -0.448214
0.221429 -0.448214
0.242857 -0.448214
0.264286 -0.448214
0.285714 -0.448214
0.307143 -0.448214
0.367857 -0.448214
0.416071 -0.448214
-0.385714 -0.450000
-0.364286 -0.450000
-0.342857 -0.450000
-0.314286 -0.450000
-0.253571 -0.450000
-0.226786 -0.450000
-0.201786 -0.450000
-0.178571 -0.450000
-0.157143 -0.450000
-0.135714 -0.450000
-0.112500 -0.450000
-0.091071 -0.450000
-0.069643 -0.450000
-0.046429 -0.450000
-0.023214 -0.450000
0.000000 -0.450000
0.021429 -0.450000
0.042857 -0.450000
0.080357 -0.450000
0.119643 -0.450000
0.189286 -0.450000
0.219643 -0.450000
0.241071 -0.450000
0.262500 -0.450000
0.283929 -0.450000
0.305357 -0.450000
0.366071 -0.450000
0.414286 -0.450000
-0.389286 -0.451786
-0.367857 -0.451786
-0.346429 -0.451786
-0.325000 -0.451786
-0.255357 -0.451786
-0.230357 -0.451786
-0.203571 -0.451786
-0.182143 -0.451786
-0.160714 -0.451786
-0.139286 -0.451786
-0.117857 -0.451786
-0.096429 -0.451786
-0.075000 -0.451786
-0.051786 -0.451786
-0.026786 -0.451786
-0.003571 -0.451786
0.019643 -0.451786
0.057143 -0.451786
0.087500 -0.451786
0.167857 -0.451786
0.201786 -0.451786
0.226786 -0.451786
0.248214 -0.451786
0.269643 -0.451786
0.291071 -0.451786
0.312500 -0.451786
0.375000 -0.451786
-0.410714 -0.453571
-0.382143 -0.453571
-0.360714 -0.453571
-0.339286 -0.453571
-0.308929 -0.453571
-0.246429 -0.453571
-0.217857 -0.453571
-0.191071 -0.453571
-0.169643 -0.453571
-0.144643 -0.453571
-0.123214 -0.453571
-0.101786 -0.453571
-0.078571 -0.453571
-0.053571 -0.453571
-0.028571 -0.453571
-0.005357 -0.453571
0.019643 -0.453571
0.062500 -0.453571
0.092857 -0.453571
0.185714 -0.453571
0.217857 -0.453571
0.239286 -0.453571
0.260714 -0.453571
0.282143 -0.453571
0.303571 -0.453571
0.366071 -0.453571
0.416071 -0.453571
-0.400000 -0.455357
-0.371429 -0.455357
-0.350000 -0.455357
-0.328571 -0.455357
-0.260714 -0.455357
-0.230357 -0.455357
-0.200000 -0.455357
-0.178571 -0.455357
-0.157143 -0.455357
-0.132143 -0.455357
-0.110714 -0.455357
-0.087500 -0.455357
-0.064286 -0.455357
-0.041071 -0.455357
-0.016071 -0.455357
0.010714 -0.455357
0.039286 -0.455357
0.087500 -0.455357
0.178571 -0.455357
0.207143 -0.455357
0.228571 -0.455357
0.250000 -0.455357
0.271429 -0.455357
0.292857 -0.455357
0.314286 -0.455357
0.400000 -0.455357
-0.412500 -0.457143
-0.382143 -0.457143
-0.360714 -0.457143
-0.339286 -0.457143
-0.317857 -0.457143
-0.248214 -0.457143
-0.216071 -0.457143
-0.187500 -0.457143
-0.164286 -0.457143
-0.139286 -0.457143
-0.117857 -0.457143
-0.096429 -0.457143
-0.073214 -0.457143
-0.046429 -0.457143
-0.023214 -0.457143
0.003571 -0.457143
0.053571 -0.457143
0.085714 -0.457143
0.175000 -0.457143
0.205357 -0.457143
0.226786 -0.457143
0.248214 -0.457143
0.269643 -0.457143
0.291071 -0.457143
0.312500 -0.457143
0.375000 -0.457143
0.426786 -0.457143
-0.385714 -0.458929
-0.364286 -0.458929
-0.342857 -0.458929
-0.321429 -0.458929
-0.260714 -0.458929
-0.228571 -0.458929
-0.198214 -0.458929
-0.175000 -0.458929
-0.151786 -0.458929
-0.128571 -0.458929
-0.107143 -0.458929
-0.083929 -0.458929
-0.057143 -0.458929
-0.035714 -0.458929
-0.005357 -0.458929
0.025000 -0.458929
0.069643 -0.458929
0.155357 -0.458929
0.189286 -0.458929
0.214286 -0.458929
0.235714 -0.458929
0.257143 -0.458929
0.278571 -0.458929
0.300000 -0.458929
0.362500 -0.458929
0.416071 -0.458929
-0.408929 -0.460714
-0.373214 -0.460714
-0.351786 -0.460714
-0.330357 -0.460714
-0.308929 -0.460714
-0.244643 -0.460714
-0.216071 -0.460714
-0.189286 -0.460714
-0.162500 -0.460714
-0.139286 -0.460714
-0.116071 -0.460714
-0.091071 -0.460714
-0.067857 -0.460714
-0.044643 -0.460714
-0.017857 -0.460714
0.007143 -0.460714
0.053571 -0.460714
0.083929 -0.460714
0.167857 -0.460714
0.194643 -0.460714
0.216071 -0.460714
0.237500 -0.460714
0.258929 -0.460714
0.280357 -0.460714
0.301786 -0.460714
0.364286 -0.460714
0.421429 -0.460714
-0.407143 -0.462500
-0.369643 -0.462500
-0.348214 -0.462500
-0.326786 -0.462500
-0.305357 -0.462500
-0.242857 -0.462500
-0.208929 -0.462500
-0.185714 -0.462500
-0.158929 -0.462500
-0.135714 -0.462500
-0.112500 -0.462500
-0.087500 -0.462500
-0.060714 -0.462500
-0.037500 -0.462500
-0.010714 -0.462500
0.019643 -0.462500
0.064286 -0.462500
0.139286 -0.462500
0.176786 -0.462500
0.205357 -0.462500
0.226786 -0.462500
0.248214 -0.462500
0.269643 -0.462500
0.291071 -0.462500
0.312500 -0.462500
0.375000 -0.462500
-0.419643 -0.464286
-0.380357 -0.464286
-0.358929 -0.464286
-0.337500 -0.464286
-0.314286 -0.464286
-0.285714 -0.464286
-0.223214 -0.464286
-0.192857 -0.464286
-0.169643 -0.464286
-0.141071 -0.464286
-0.117857 -0.464286
-0.092857 -0.464286
-0.066071 -0.464286
-0.041071 -0.464286
-0.012500 -0.464286
0.014286 -0.464286
0.060714 -0.464286
0.135714 -0.464286
0.169643 -0.464286
0.198214 -0.464286
0.219643 -0.464286
0.241071 -0.464286
0.262500 -0.464286
0.283929 -0.464286
0.305357 -0.464286
0.369643 -0.464286
0.428571 -0.464286
-0.385714 -0.466071
-0.364286 -0.466071
-0.342857 -0.466071
-0.321429 -0.466071
-0.291071 -0.466071
-0.221429 -0.466071
-0.192857 -0.466071
-0.162500 -0.466071
-0.139286 -0.466071
-0.116071 -0.466071
-0.091071 -0.466071
-0.064286 -0.466071
-0.039286 -0.466071
-0.007143 -0.466071
0.023214 -0.466071
0.075000 -0.466071
0.158929 -0.466071
0.189286 -0.466071
0.210714 -0.466071
0.232143 -0.466071
0.253571 -0.466071
0.275000 -0.466071
0.296429 -0.466071
0.317857 -0.466071
0.419643 -0.466071
-0.416071 -0.467857
-0.375000 -0.467857
-0.353571 -0.467857
-0.332143 -0.467857
-0.307143 -0.467857
-0.241071 -0.467857
-0.210714 -0.467857
-0.182143 -0.467857
-0.155357 -0.467857
-0.133929 -0.467857
-0.108929 -0.467857
-0.080357 -0.467857
-0.053571 -0.467857
-0.023214 -0.467857
0.008929 -0.467857
0.060714 -0.467857
0.142857 -0.467857
0.176786 -0.467857
0.201786 -0.467857
0.223214 -0.467857
0.244643 -0.467857
0.266071 -0.467857
0.287500 -0.467857
0.308929 -0.467857
0.371429 -0.467857
-0.426786 -0.469643
-0.383929 -0.469643
-0.362500 -0.469643
-0.341071 -0.469643
-0.319643 -0.469643
-0.291071 -0.469643
-0.221429 -0.469643
-0.189286 -0.469643
-0.160714 -0.469643
-0.139286 -0.469643
-0.114286 -0.469643
-0.089286 -0.469643
-0.058929 -0.469643
-0.026786 -0.469643
0.005357 -0.469643
0.066071 -0.469643
0.153571 -0.469643
0.183929 -0.469643
0.205357 -0.469643
0.226786 -0.469643
0.248214 -0.469643
0.269643 -0.469643
0.291071 -0.469643
0.312500 -0.469643
0.400000 -0.469643
-0.425000 -0.471429
-0.378571 -0.471429
-0.357143 -0.471429
-0.335714 -0.471429
-0.314286 -0.471429
-0.283929 -0.471429
-0.212500 -0.471429
-0.166071 -0.471429
-0.144643 -0.471429
-0.117857 -0.471429
-0.091071 -0.471429
-0.060714 -0.471429
-0.026786 -0.471429
0.003571 -0.471429
0.057143 -0.471429
0.137500 -0.471429
0.176786 -0.471429
0.198214 -0.471429
0.219643 -0.471429
0.241071 -0.471429
0.262500 -0.471429
0.283929 -0.471429
0.305357 -0.471429
0.367857 -0.471429
-0.430357 -0.473214
-0.382143 -0.473214
-0.360714 -0.473214
-0.339286 -0.473214
-0.317857 -0.473214
-0.292857 -0.473214
-0.223214 -0.473214
-0.167857 -0.473214
-0.141071 -0.473214
-0.112500 -0.473214
-0.085714 -0.473214
-0.058929 -0.473214
-0.017857 -0.473214
0.035714 -0.473214
0.119643 -0.473214
0.155357 -0.473214
0.191071 -0.473214
0.212500 -0.473214
0.233929 -0.473214
0.255357 -0.473214
0.276786 -0.473214
0.298214 -0.473214
0.319643 -0.473214
0.428571 -0.473214
-0.419643 -0.475000
-0.369643 -0.475000
-0.348214 -0.475000
-0.326786 -0.475000
-0.301786 -0.475000
-0.271429 -0.475000
-0.182143 -0.475000
-0.150000 -0.475000
-0.123214 -0.475000
-0.092857 -0.475000
-0.062500 -0.475000
-0.021429 -0.475000
0.033929 -0.475000
0.119643 -0.475000
0.158929 -0.475000
0.189286 -0.475000
0.210714 -0.475000
0.232143 -0.475000
0.253571 -0.475000
0.275000 -0.475000
0.296429 -0.475000
0.317857 -0.475000
0.428571 -0.475000
-0.419643 -0.476786
-0.367857 -0.476786
-0.346429 -0.476786
-0.325000 -0.476786
-0.300000 -0.476786
-0.273214 -0.476786
-0.185714 -0.476786
-0.153571 -0.476786
-0.117857 -0.476786
-0.087500 -0.476786
-0.057143 -0.476786
-0.012500 -0.476786
0.046429 -0.476786
0.142857 -0.476786
0.180357 -0.476786
0.201786 -0.476786
0.223214 -0.476786
0.244643 -0.476786
0.266071 -0.476786
0.287500 -0.476786
0.308929 -0.476786
0.371429 -0.476786
-0.430357 -0.478571
-0.376786 -0.478571
-0.355357 -0.478571
-0.333929 -0.478571
-0.312500 -0.478571
-0.285714 -0.478571
-0.217857 -0.478571
-0.164286 -0.478571
-0.133929 -0.478571
-0.091071 -0.478571
-0.057143 -0.478571
0.017857 -0.478571
0.116071 -0.478571
0.167857 -0.478571
0.189286 -0.478571
0.210714 -0.478571
0.232143 -0.478571
0.253571 -0.478571
0.275000 -0.478571
0.296429 -0.478571
0.317857 -0.478571
0.430357 -0.478571
-0.423214 -0.480357
-0.371429 -0.480357
-0.350000 -0.480357
-0.328571 -0.480357
-0.307143 -0.480357
-0.276786 -0.480357
-0.216071 -0.480357
-0.155357 -0.480357
-0.108929 -0.480357
-0.073214 -0.480357
-0.014286 -0.480357
0.108929 -0.480357
0.144643 -0.480357
0.180357 -0.480357
0.201786 -0.480357
0.223214 -0.480357
0.244643 -0.480357
0.266071 -0.480357
0.287500 -0.480357
0.308929 -0.480357
0.369643 -0.480357
-0.433929 -0.482143
-0.382143 -0.482143
-0.360714 -0.482143
-0.339286 -0.482143
-0.317857 -0.482143
-0.292857 -0.482143
-0.262500 -0.482143
-0.148214 -0.482143
-0.092857 -0.482143
-0.030357 -0.482143
0.037500 -0.482143
0.135714 -0.482143
0.171429 -0.482143
0.192857 -0.482143
0.214286 -0.482143
0.235714 -0.482143
0.257143 -0.482143
0.278571 -0.482143
0.300000 -0.482143
0.360714 -0.482143
0.435714 -0.482143
-0.425000 -0.483929
-0.369643 -0.483929
-0.348214 -0.483929
-0.326786 -0.483929
-0.303571 -0.483929
-0.271429 -0.483929
-0.207143 -0.483929
-0.137500 -0.483929
-0.092857 -0.483929
-0.021429 -0.483929
0.039286 -0.483929
0.132143 -0.483929
0.167857 -0.483929
0.189286 -0.483929
0.210714 -0.483929
0.232143 -0.483929
0.253571 -0.483929
0.275000 -0.483929
0.296429 -0.483929
0.317857 -0.483929
0.433929 -0.483929
-0.428571 -0.485714
-0.371429 -0.485714
-0.350000 -0.485714
-0.328571 -0.485714
-0.303571 -0.485714
-0.269643 -0.485714
-0.203571 -0.485714
-0.103571 -0.485714
-0.028571 -0.485714
0.033929 -0.485714
0.130357 -0.485714
0.166071 -0.485714
0.187500 -0.485714
0.208929 -0.485714
0.230357 -0.485714
0.251786 -0.485714
0.273214 -0.485714
0.294643 -0.485714
0.316071 -0.485714
0.433929 -0.485714
-0.432143 -0.487500
-0.371429 -0.487500
-0.350000 -0.487500
-0.328571 -0.487500
-0.305357 -0.487500
-0.276786 -0.487500
-0.151786 -0.487500
-0.064286 -0.487500
0.021429 -0.487500
0.125000 -0.487500
0.162500 -0.487500
0.183929 -0.487500
0.205357 -0.487500
0.226786 -0.487500
0.248214 -0.487500
0.269643 -0.487500
0.291071 -0.487500
0.312500 -0.487500
0.430357 -0.487500
-0.437500 -0.489286
-0.376786 -0.489286
-0.355357 -0.489286
-0.333929 -0.489286
-0.312500 -0.489286
-0.285714 -0.489286
-0.250000 -0.489286
-0.128571 -0.489286
-0.039286 -0.489286
0.083929 -0.489286
0.128571 -0.489286
0.166071 -0.489286
0.187500 -0.489286
0.208929 -0.489286
0.230357 -0.489286
0.251786 -0.489286
0.273214 -0.489286
0.294643 -0.489286
0.316071 -0.489286
0.433929 -0.489286
-0.435714 -0.491071
-0.375000 -0.491071
-0.353571 -0.491071
-0.332143 -0.491071
-0.310714 -0.491071
-0.282143 -0.491071
-0.248214 -0.491071
-0.096429 -0.491071
0.001786 -0.491071
0.108929 -0.491071
0.148214 -0.491071
0.169643 -0.491071
0.191071 -0.491071
0.212500 -0.491071
0.233929 -0.491071
0.255357 -0.491071
0.276786 -0.491071
0.298214 -0.491071
0.319643 -0.491071
0.439286 -0.491071
-0.433929 -0.492857
-0.371429 -0.492857
-0.350000 -0.492857
-0.328571 -0.492857
-0.307143 -0.492857
-0.276786 -0.492857
-0.244643 -0.492857
-0.003571 -0.492857
0.092857 -0.492857
0.144643 -0.492857
0.166071 -0.492857
0.187500 -0.492857
0.208929 -0.492857
0.230357 -0.492857
0.251786 -0.492857
0.273214 -0.492857
0.294643 -0.492857
0.316071 -0.492857
0.437500 -0.492857
-0.437500 -0.494643
-0.371429 -0.494643
-0.350000 -0.494643
-0.328571 -0.494643
-0.307143 -0.494643
-0.282143 -0.494643
-0.244643 -0.494643
-0.014286 -0.494643
0.076786 -0.494643
0.130357 -0.494643
0.155357 -0.494643
0.176786 -0.494643
0.198214 -0.494643
0.219643 -0.494643
0.241071 -0.494643
0.262500 -0.494643
0.283929 -0.494643
0.305357 -0.494643
0.364286 -0.494643
-0.450000 -0.496429
-0.412500 -0.496429
-0.364286 -0.496429
-0.342857 -0.496429
-0.321429 -0.496429
-0.298214 -0.496429
-0.271429 -0.496429
-0.237500 -0.496429
-0.014286 -0.496429
0.082143 -0.496429
0.126786 -0.496429
0.151786 -0.496429
0.173214 -0.496429
0.194643 -0.496429
0.216071 -0.496429
0.237500 -0.496429
0.258929 -0.496429
0.280357 -0.496429
0.301786 -0.496429
0.358929 -0.496429
0.444643 -0.496429
-0.437500 -0.498214
-0.369643 -0.498214
-0.348214 -0.498214
-0.326786 -0.498214
-0.305357 -0.498214
-0.280357 -0.498214
-0.246429 -0.498214
-0.151786 -0.498214
-0.017857 -0.498214
0.067857 -0.498214
0.107143 -0.498214
0.142857 -0.498214
0.164286 -0.498214
0.185714 -0.498214
0.207143 -0.498214
0.228571 -0.498214
0.250000 -0.498214
0.271429 -0.498214
0.292857 -0.498214
0.314286 -0.498214
0.439286 -0.498214
-0.444643 -0.500000
-0.375000 -0.500000
-0.353571 -0.500000
-0.332143 -0.500000
-0.310714 -0.500000
-0.285714 -0.500000
-0.255357 -0.500000
-0.226786 -0.500000
-0.028571 -0.500000
0.060714 -0.500000
0.100000 -0.500000
0.135714 -0.500000
0.158929 -0.500000
0.180357 -0.500000
0.201786 -0.500000
0.223214 -0.500000
0.244643 -0.500000
0.266071 -0.500000
0.287500 -0.500000
0.308929 -0.500000
0.367857 -0.500000
-0.448214 -0.501786
-0.378571 -0.501786
-0.357143 -0.501786
-0.335714 -0.501786
-0.314286 -0.501786
-0.291071 -0.501786
-0.264286 -0.501786
-0.232143 -0.501786
-0.121429 -0.501786
0.057143 -0.501786
0.098214 -0.501786
0.135714 -0.501786
0.158929 -0.501786
0.182143 -0.501786
0.203571 -0.501786
0.225000 -0.501786
0.246429 -0.501786
0.267857 -0.501786
0.289286 -0.501786
0.310714 -0.501786
0.439286 -0.501786
-0.448214 -0.503571
-0.376786 -0.503571
-0.355357 -0.503571
-0.333929 -0.503571
-0.312500 -0.503571
-0.291071 -0.503571
-0.266071 -0.503571
-0.235714 -0.503571
-0.125000 -0.503571
0.057143 -0.503571
0.117857 -0.503571
0.146429 -0.503571
0.169643 -0.503571
0.191071 -0.503571
0.212500 -0.503571
0.233929 -0.503571
0.255357 -0.503571
0.276786 -0.503571
0.298214 -0.503571
0.321429 -0.503571
0.446429 -0.503571
-0.444643 -0.505357
-0.369643 -0.505357
-0.348214 -0.505357
-0.326786 -0.505357
-0.305357 -0.505357
-0.283929 -0.505357
-0.257143 -0.505357
0.032143 -0.505357
0.060714 -0.505357
0.125000 -0.505357
0.150000 -0.505357
0.173214 -0.505357
0.194643 -0.505357
0.216071 -0.505357
0.237500 -0.505357
0.258929 -0.505357
0.280357 -0.505357
0.301786 -0.505357
0.357143 -0.505357
0.451786 -0.505357
-0.442857 -0.507143
-0.367857 -0.507143
-0.346429 -0.507143
-0.325000 -0.507143
-0.303571 -0.507143
-0.282143 -0.507143
-0.255357 -0.507143
-0.221429 -0.507143
0.048214 -0.507143
0.091071 -0.507143
0.130357 -0.507143
0.158929 -0.507143
0.180357 -0.507143
0.201786 -0.507143
0.223214 -0.507143
0.244643 -0.507143
0.266071 -0.507143
0.287500 -0.507143
0.308929 -0.507143
0.364286 -0.507143
-0.455357 -0.508929
-0.380357 -0.508929
-0.358929 -0.508929
-0.337500 -0.508929
-0.316071 -0.508929
-0.292857 -0.508929
-0.271429 -0.508929
-0.241071 -0.508929
-0.212500 -0.508929
-0.191071 -0.508929
0.044643 -0.508929
0.082143 -0.508929
0.121429 -0.508929
0.146429 -0.508929
0.169643 -0.508929
0.191071 -0.508929
0.212500 -0.508929
0.233929 -0.508929
0.255357 -0.508929
0.276786 -0.508929
0.298214 -0.508929
0.321429 -0.508929
0.451786 -0.508929
-0.446429 -0.510714
-0.367857 -0.510714
-0.346429 -0.510714
-0.325000 -0.510714
-0.303571 -0.510714
-0.282143 -0.510714
-0.260714 -0.510714
-0.219643 -0.510714
-0.198214 -0.510714
0.035714 -0.510714
0.067857 -0.510714
0.107143 -0.510714
0.135714 -0.510714
0.160714 -0.510714
0.182143 -0.510714
0.203571 -0.510714
0.225000 -0.510714
0.246429 -0.510714
0.267857 -0.510714
0.289286 -0.510714
0.310714 -0.510714
0.364286 -0.510714
-0.458929 -0.512500
-0.380357 -0.512500
-0.358929 -0.512500
-0.337500 -0.512500
-0.316071 -0.512500
-0.294643 -0.512500
-0.273214 -0.512500
-0.246429 -0.512500
-0.212500 -0.512500
-0.176786 -0.512500
0.037500 -0.512500
0.069643 -0.512500
0.114286 -0.512500
0.139286 -0.512500
0.162500 -0.512500
0.183929 -0.512500
0.205357 -0.512500
0.226786 -0.512500
0.248214 -0.512500
0.269643 -0.512500
0.291071 -0.512500
0.312500 -0.512500
0.448214 -0.512500
-0.455357 -0.514286
-0.375000 -0.514286
-0.353571 -0.514286
-0.332143 -0.514286
-0.310714 -0.514286
-0.289286 -0.514286
-0.267857 -0.514286
-0.232143 -0.514286
-0.205357 -0.514286
-0.007143 -0.514286
0.039286 -0.514286
0.096429 -0.514286
0.125000 -0.514286
0.148214 -0.514286
0.169643 -0.514286
0.191071 -0.514286
0.212500 -0.514286
0.233929 -0.514286
0.255357 -0.514286
0.276786 -0.514286
0.298214 -0.514286
0.330357 -0.514286
0.455357 -0.514286
-0.450000 -0.516071
-0.367857 -0.516071
-0.346429 -0.516071
-0.325000 -0.516071
-0.303571 -0.516071
-0.282143 -0.516071
-0.257143 -0.516071
-0.230357 -0.516071
-0.205357 -0.516071
-0.153571 -0.516071
0.026786 -0.516071
0.058929 -0.516071
0.098214 -0.516071
0.126786 -0.516071
0.153571 -0.516071
0.175000 -0.516071
0.198214 -0.516071
0.219643 -0.516071
0.241071 -0.516071
0.262500 -0.516071
0.283929 -0.516071
0.305357 -0.516071
0.357143 -0.516071
0.462500 -0.516071
-0.446429 -0.517857
-0.364286 -0.517857
-0.342857 -0.517857
-0.321429 -0.517857
-0.300000 -0.517857
-0.278571 -0.517857
-0.251786 -0.517857
-0.214286 -0.517857
-0.176786 -0.517857
-0.155357 -0.517857
-0.014286 -0.517857
0.030357 -0.517857
0.062500 -0.517857
0.108929 -0.517857
0.130357 -0.517857
0.157143 -0.517857
0.178571 -0.517857
0.201786 -0.517857
0.223214 -0.517857
0.244643 -0.517857
0.266071 -0.517857
0.287500 -0.517857
0.308929 -0.517857
0.360714 -0.517857
-0.466071 -0.519643
-0.426786 -0.519643
-0.358929 -0.519643
-0.337500 -0.519643
-0.316071 -0.519643
-0.294643 -0.519643
-0.273214 -0.519643
-0.246429 -0.519643
-0.182143 -0.519643
-0.157143 -0.519643
-0.019643 -0.519643
0.023214 -0.519643
0.058929 -0.519643
0.096429 -0.519643
0.123214 -0.519643
0.148214 -0.519643
0.169643 -0.519643
0.192857 -0.519643
0.214286 -0.519643
0.235714 -0.519643
0.257143 -0.519643
0.278571 -0.519643
0.300000 -0.519643
0.351786 -0.519643
0.462500 -0.519643
-0.451786 -0.521429
-0.366071 -0.521429
-0.344643 -0.521429
-0.323214 -0.521429
-0.301786 -0.521429
-0.280357 -0.521429
-0.258929 -0.521429
-0.201786 -0.521429
-0.180357 -0.521429
-0.148214 -0.521429
-0.108929 -0.521429
-0.055357 -0.521429
-0.005357 -0.521429
0.041071 -0.521429
0.082143 -0.521429
0.112500 -0.521429
0.139286 -0.521429
0.160714 -0.521429
0.182143 -0.521429
0.205357 -0.521429
0.226786 -0.521429
0.248214 -0.521429
0.269643 -0.521429
0.291071 -0.521429
0.314286 -0.521429
0.362500 -0.521429
-0.466071 -0.523214
-0.428571 -0.523214
-0.358929 -0.523214
-0.337500 -0.523214
-0.316071 -0.523214
-0.294643 -0.523214
-0.273214 -0.523214
-0.250000 -0.523214
-0.225000 -0.523214
-0.185714 -0.523214
-0.160714 -0.523214
-0.121429 -0.523214
-0.092857 -0.523214
-0.044643 -0.523214
-0.005357 -0.523214
0.048214 -0.523214
0.085714 -0.523214
0.112500 -0.523214
0.139286 -0.523214
0.160714 -0.523214
0.183929 -0.523214
0.205357 -0.523214
0.226786 -0.523214
0.248214 -0.523214
0.269643 -0.523214
0.291071 -0.523214
0.314286 -0.523214
0.360714 -0.523214
-0.467857 -0.525000
-0.430357 -0.525000
-0.358929 -0.525000
-0.337500 -0.525000
-0.316071 -0.525000
-0.294643 -0.525000
-0.273214 -0.525000
-0.251786 -0.525000
-0.226786 -0.525000
-0.189286 -0.525000
-0.164286 -0.525000
-0.123214 -0.525000
-0.096429 -0.525000
-0.035714 -0.525000
0.012500 -0.525000
0.066071 -0.525000
0.089286 -0.525000
0.117857 -0.525000
0.142857 -0.525000
0.164286 -0.525000
0.187500 -0.525000
0.208929 -0.525000
0.230357 -0.525000
0.251786 -0.525000
0.273214 -0.525000
0.294643 -0.525000
0.323214 -0.525000
0.458929 -0.525000
-0.462500 -0.526786
-0.373214 -0.526786
-0.351786 -0.526786
-0.330357 -0.526786
-0.308929 -0.526786
-0.287500 -0.526786
-0.266071 -0.526786
-0.244643 -0.526786
-0.221429 -0.526786
-0.189286 -0.526786
-0.137500 -0.526786
-0.107143 -0.526786
-0.053571 -0.526786
-0.012500 -0.526786
0.041071 -0.526786
0.075000 -0.526786
0.105357 -0.526786
0.133929 -0.526786
0.155357 -0.526786
0.180357 -0.526786
0.201786 -0.526786
0.223214 -0.526786
0.244643 -0.526786
0.266071 -0.526786
0.287500 -0.526786
0.308929 -0.526786
0.355357 -0.526786
-0.475000 -0.528571
-0.453571 -0.528571
-0.364286 -0.528571
-0.342857 -0.528571
-0.321429 -0.528571
-0.300000 -0.528571
-0.278571 -0.528571
-0.257143 -0.528571
-0.235714 -0.528571
-0.214286 -0.528571
-0.178571 -0.528571
-0.144643 -0.528571
-0.112500 -0.528571
-0.042857 -0.528571
0.005357 -0.528571
0.057143 -0.528571
0.080357 -0.528571
0.110714 -0.528571
0.135714 -0.528571
0.158929 -0.528571
0.182143 -0.528571
0.203571 -0.528571
0.225000 -0.528571
0.246429 -0.528571
0.267857 -0.528571
0.289286 -0.528571
0.312500 -0.528571
0.458929 -0.528571
-0.466071 -0.530357
-0.375000 -0.530357
-0.353571 -0.530357
-0.332143 -0.530357
-0.310714 -0.530357
-0.289286 -0.530357
-0.267857 -0.530357
-0.246429 -0.530357
-0.225000 -0.530357
-0.203571 -0.530357
-0.169643 -0.530357
-0.135714 -0.530357
-0.076786 -0.530357
-0.037500 -0.530357
0.014286 -0.530357
0.057143 -0.530357
0.089286 -0.530357
0.117857 -0.530357
0.141071 -0.530357
0.162500 -0.530357
0.187500 -0.530357
0.208929 -0.530357
0.230357 -0.530357
0.251786 -0.530357
0.273214 -0.530357
0.294643 -0.530357
0.321429 -0.530357
0.464286 -0.530357
-0.464286 -0.532143
-0.371429 -0.532143
-0.350000 -0.532143
-0.328571 -0.532143
-0.307143 -0.532143
-0.285714 -0.532143
-0.264286 -0.532143
-0.242857 -0.532143
-0.221429 -0.532143
-0.200000 -0.532143
-0.169643 -0.532143
-0.078571 -0.532143
-0.042857 -0.532143
0.003571 -0.532143
0.055357 -0.532143
0.087500 -0.532143
0.114286 -0.532143
0.135714 -0.532143
0.157143 -0.532143
0.180357 -0.532143
0.201786 -0.532143
0.223214 -0.532143
0.244643 -0.532143
0.266071 -0.532143
0.287500 -0.532143
0.310714 -0.532143
0.357143 -0.532143
-0.475000 -0.533929
-0.437500 -0.533929
-0.358929 -0.533929
-0.337500 -0.533929
-0.316071 -0.533929
-0.294643 -0.533929
-0.273214 -0.533929
-0.251786 -0.533929
-0.230357 -0.533929
-0.208929 -0.533929
-0.175000 -0.533929
-0.142857 -0.533929
-0.083929 -0.533929
-0.044643 -0.533929
0.019643 -0.533929
0.057143 -0.533929
0.091071 -0.533929
0.117857 -0.533929
0.139286 -0.533929
0.160714 -0.533929
0.183929 -0.533929
0.205357 -0.533929
0.226786 -0.533929
0.248214 -0.533929
0.269643 -0.533929
0.291071 -0.533929
0.319643 -0.533929
0.462500 -0.533929
-0.469643 -0.535714
-0.371429 -0.535714
-0.350000 -0.535714
-0.328571 -0.535714
-0.307143 -0.535714
-0.285714 -0.535714
-0.264286 -0.535714
-0.242857 -0.535714
-0.221429 -0.535714
-0.200000 -0.535714
-0.153571 -0.535714
-0.107143 -0.535714
-0.085714 -0.535714
-0.048214 -0.535714
0.019643 -0.535714
0.057143 -0.535714
0.087500 -0.535714
0.116071 -0.535714
0.137500 -0.535714
0.158929 -0.535714
0.182143 -0.535714
0.203571 -0.535714
0.225000 -0.535714
0.246429 -0.535714
0.267857 -0.535714
0.289286 -0.535714
0.310714 -0.535714
0.358929 -0.535714
-0.473214 -0.537500
-0.375000 -0.537500
-0.353571 -0.537500
-0.332143 -0.537500
-0.310714 -0.537500
-0.289286 -0.537500
-0.267857 -0.537500
-0.246429 -0.537500
-0.225000 -0.537500
-0.203571 -0.537500
-0.162500 -0.537500
-0.121429 -0.537500
-0.100000 -0.537500
-0.066071 -0.537500
-0.017857 -0.537500
0.041071 -0.537500
0.067857 -0.537500
0.098214 -0.537500
0.123214 -0.537500
0.144643 -0.537500
0.169643 -0.537500
0.191071 -0.537500
0.212500 -0.537500
0.233929 -0.537500
0.255357 -0.537500
0.276786 -0.537500
0.298214 -0.537500
0.346429 -0.537500
0.473214 -0.537500
-0.460714 -0.539286
-0.364286 -0.539286
-0.342857 -0.539286
-0.321429 -0.539286
-0.300000 -0.539286
-0.278571 -0.539286
-0.257143 -0.539286
-0.235714 -0.539286
-0.214286 -0.539286
-0.192857 -0.539286
-0.121429 -0.539286
-0.069643 -0.539286
-0.025000 -0.539286
0.014286 -0.539286
0.053571 -0.539286
0.083929 -0.539286
0.112500 -0.539286
0.135714 -0.539286
0.157143 -0.539286
0.180357 -0.539286
0.201786 -0.539286
0.223214 -0.539286
0.244643 -0.539286
0.266071 -0.539286
0.287500 -0.539286
0.308929 -0.539286
0.357143 -0.539286
-0.476786 -0.541071
-0.396429 -0.541071
-0.357143 -0.541071
-0.335714 -0.541071
-0.314286 -0.541071
-0.292857 -0.541071
-0.271429 -0.541071
-0.250000 -0.541071
-0.228571 -0.541071
-0.207143 -0.541071
-0.185714 -0.541071
-0.153571 -0.541071
-0.125000 -0.541071
-0.103571 -0.541071
-0.039286 -0.541071
0.005357 -0.541071
0.044643 -0.541071
0.076786 -0.541071
0.108929 -0.541071
0.132143 -0.541071
0.153571 -0.541071
0.176786 -0.541071
0.198214 -0.541071
0.219643 -0.541071
0.241071 -0.541071
0.262500 -0.541071
0.283929 -0.541071
0.305357 -0.541071
0.353571 -0.541071
-0.480357 -0.542857
-0.375000 -0.542857
-0.353571 -0.542857
-0.332143 -0.542857
-0.310714 -0.542857
-0.289286 -0.542857
-0.267857 -0.542857
-0.246429 -0.542857
-0.225000 -0.542857
-0.203571 -0.542857
-0.171429 -0.542857
-0.150000 -0.542857
-0.119643 -0.542857
-0.092857 -0.542857
-0.007143 -0.542857
0.032143 -0.542857
0.064286 -0.542857
0.096429 -0.542857
0.121429 -0.542857
0.142857 -0.542857
0.164286 -0.542857
0.185714 -0.542857
0.207143 -0.542857
0.228571 -0.542857
0.250000 -0.542857
0.271429 -0.542857
0.292857 -0.542857
0.325000 -0.542857
0.473214 -0.542857
-0.467857 -0.544643
-0.369643 -0.544643
-0.348214 -0.544643
-0.326786 -0.544643
-0.305357 -0.544643
-0.283929 -0.544643
-0.262500 -0.544643
-0.241071 -0.544643
-0.219643 -0.544643
-0.187500 -0.544643
-0.166071 -0.544643
-0.135714 -0.544643
-0.114286 -0.544643
-0.085714 -0.544643
-0.003571 -0.544643
0.035714 -0.544643
0.066071 -0.544643
0.100000 -0.544643
0.125000 -0.544643
0.146429 -0.544643
0.169643 -0.544643
0.191071 -0.544643
0.212500 -0.544643
0.233929 -0.544643
0.255357 -0.544643
0.276786 -0.544643
0.298214 -0.544643
0.344643 -0.544643
0.478571 -0.544643
-0.464286 -0.546429
-0.364286 -0.546429
-0.342857 -0.546429
-0.321429 -0.546429
-0.300000 -0.546429
-0.278571 -0.546429
-0.257143 -0.546429
-0.235714 -0.546429
-0.214286 -0.546429
-0.185714 -0.546429
-0.164286 -0.546429
-0.132143 -0.546429
-0.091071 -0.546429
-0.008929 -0.546429
0.025000 -0.546429
0.050000 -0.546429
0.075000 -0.546429
0.114286 -0.546429
0.135714 -0.546429
0.157143 -0.546429
0.178571 -0.546429
0.200000 -0.546429
0.221429 -0.546429
0.242857 -0.546429
0.264286 -0.546429
0.285714 -0.546429
0.308929 -0.546429
0.353571 -0.546429
-0.483929 -0.548214
-0.398214 -0.548214
-0.355357 -0.548214
-0.333929 -0.548214
-0.312500 -0.548214
-0.291071 -0.548214
-0.269643 -0.548214
-0.248214 -0.548214
-0.226786 -0.548214
-0.205357 -0.548214
-0.183929 -0.548214
-0.162500 -0.548214
-0.137500 -0.548214
-0.092857 -0.548214
-0.012500 -0.548214
0.021429 -0.548214
0.051786 -0.548214
0.082143 -0.548214
0.103571 -0.548214
0.130357 -0.548214
0.151786 -0.548214
0.173214 -0.548214
0.194643 -0.548214
0.216071 -0.548214
0.237500 -0.548214
0.258929 -0.548214
0.280357 -0.548214
0.301786 -0.548214
0.350000 -0.548214
0.487500 -0.548214
-0.446429 -0.550000
-0.358929 -0.550000
-0.337500 -0.550000
-0.316071 -0.550000
-0.294643 -0.550000
-0.273214 -0.550000
-0.251786 -0.550000
-0.230357 -0.550000
-0.208929 -0.550000
-0.187500 -0.550000
-0.166071 -0.550000
-0.144643 -0.550000
-0.112500 -0.550000
-0.076786 -0.550000
-0.021429 -0.550000
0.012500 -0.550000
0.033929 -0.550000
0.066071 -0.550000
0.096429 -0.550000
0.121429 -0.550000
0.142857 -0.550000
0.164286 -0.550000
0.185714 -0.550000
0.207143 -0.550000
0.228571 -0.550000
0.250000 -0.550000
0.271429 -0.550000
0.292857 -0.550000
0.339286 -0.550000
0.476786 -0.550000
-0.483929 -0.551786
-0.375000 -0.551786
-0.353571 -0.551786
-0.332143 -0.551786
-0.310714 -0.551786
-0.289286 -0.551786
-0.267857 -0.551786
-0.246429 -0.551786
-0.225000 -0.551786
-0.203571 -0.551786
-0.182143 -0.551786
-0.160714 -0.551786
-0.132143 -0.551786
-0.110714 -0.551786
-0.075000 -0.551786
-0.046429 -0.551786
-0.010714 -0.551786
0.021429 -0.551786
0.051786 -0.551786
0.080357 -0.551786
0.105357 -0.551786
0.126786 -0.551786
0.148214 -0.551786
0.169643 -0.551786
0.191071 -0.551786
0.212500 -0.551786
0.233929 -0.551786
0.255357 -0.551786
0.276786 -0.551786
0.298214 -0.551786
0.342857 -0.551786
0.483929 -0.551786
-0.482143 -0.553571
-0.373214 -0.553571
-0.351786 -0.553571
-0.330357 -0.553571
-0.308929 -0.553571
-0.287500 -0.553571
-0.266071 -0.553571
-0.244643 -0.553571
-0.223214 -0.553571
-0.201786 -0.553571
-0.180357 -0.553571
-0.158929 -0.553571
-0.132143 -0.553571
-0.091071 -0.553571
-0.069643 -0.553571
-0.028571 -0.553571
0.003571 -0.553571
0.025000 -0.553571
0.053571 -0.553571
0.083929 -0.553571
0.108929 -0.553571
0.130357 -0.553571
0.151786 -0.553571
0.173214 -0.553571
0.194643 -0.553571
0.216071 -0.553571
0.237500 -0.553571
0.258929 -0.553571
0.280357 -0.553571
0.303571 -0.553571
0.351786 -0.553571
0.492857 -0.553571
-0.467857 -0.555357
-0.364286 -0.555357
-0.342857 -0.555357
-0.321429 -0.555357
-0.300000 -0.555357
-0.278571 -0.555357
-0.257143 -0.555357
-0.235714 -0.555357
-0.214286 -0.555357
-0.192857 -0.555357
-0.171429 -0.555357
-0.141071 -0.555357
-0.110714 -0.555357
-0.075000 -0.555357
-0.030357 -0.555357
-0.001786 -0.555357
0.019643 -0.555357
0.050000 -0.555357
0.080357 -0.555357
0.105357 -0.555357
0.126786 -0.555357
0.148214 -0.555357
0.169643 -0.555357
0.191071 -0.555357
0.212500 -0.555357
0.233929 -0.555357
0.255357 -0.555357
0.276786 -0.555357
0.298214 -0.555357
0.346429 -0.555357
0.489286 -0.555357
-0.483929 -0.557143
-0.371429 -0.557143
-0.350000 -0.557143
-0.328571 -0.557143
-0.307143 -0.557143
-0.285714 -0.557143
-0.264286 -0.557143
-0.242857 -0.557143
-0.221429 -0.557143
-0.200000 -0.557143
-0.178571 -0.557143
-0.153571 -0.557143
-0.132143 -0.557143
-0.110714 -0.557143
-0.080357 -0.557143
-0.039286 -0.557143
-0.017857 -0.557143
0.010714 -0.557143
0.041071 -0.557143
0.071429 -0.557143
0.096429 -0.557143
0.117857 -0.557143
0.139286 -0.557143
0.160714 -0.557143
0.182143 -0.557143
0.203571 -0.557143
0.225000 -0.557143
0.246429 -0.557143
0.267857 -0.557143
0.289286 -0.557143
0.335714 -0.557143
0.480357 -0.557143
-0.498214 -0.558929
-0.467857 -0.558929
-0.362500 -0.558929
-0.341071 -0.558929
-0.319643 -0.558929
-0.298214 -0.558929
-0.276786 -0.558929
-0.255357 -0.558929
-0.233929 -0.558929
-0.212500 -0.558929
-0.191071 -0.558929
-0.169643 -0.558929
-0.148214 -0.558929
-0.126786 -0.558929
-0.098214 -0.558929
-0.076786 -0.558929
-0.037500 -0.558929
-0.007143 -0.558929
0.014286 -0.558929
0.042857 -0.558929
0.073214 -0.558929
0.098214 -0.558929
0.119643 -0.558929
0.141071 -0.558929
0.162500 -0.558929
0.183929 -0.558929
0.205357 -0.558929
0.226786 -0.558929
0.248214 -0.558929
0.269643 -0.558929
0.291071 -0.558929
0.337500 -0.558929
0.483929 -0.558929
-0.498214 -0.560714
-0.451786 -0.560714
-0.362500 -0.560714
-0.341071 -0.560714
-0.319643 -0.560714
-0.298214 -0.560714
-0.276786 -0.560714
-0.255357 -0.560714
-0.233929 -0.560714
-0.212500 -0.560714
-0.191071 -0.560714
-0.169643 -0.560714
-0.148214 -0.560714
-0.126786 -0.560714
-0.096429 -0.560714
-0.075000 -0.560714
-0.033929 -0.560714
-0.003571 -0.560714
0.025000 -0.560714
0.046429 -0.560714
0.076786 -0.560714
0.101786 -0.560714
0.123214 -0.560714
0.144643 -0.560714
0.166071 -0.560714
0.187500 -0.560714
0.208929 -0.560714
0.230357 -0.560714
0.251786 -0.560714
0.273214 -0.560714
0.294643 -0.560714
0.342857 -0.560714
0.492857 -0.560714
-0.494643 -0.562500
-0.403571 -0.562500
-0.357143 -0.562500
-0.335714 -0.562500
-0.314286 -0.562500
-0.292857 -0.562500
-0.271429 -0.562500
-0.250000 -0.562500
-0.228571 -0.562500
-0.207143 -0.562500
-0.185714 -0.562500
-0.164286 -0.562500
-0.142857 -0.562500
-0.121429 -0.562500
-0.092857 -0.562500
-0.051786 -0.562500
-0.028571 -0.562500
0.001786 -0.562500
0.030357 -0.562500
0.060714 -0.562500
0.082143 -0.562500
0.105357 -0.562500
0.126786 -0.562500
0.148214 -0.562500
0.169643 -0.562500
0.191071 -0.562500
0.212500 -0.562500
0.233929 -0.562500
0.255357 -0.562500
0.276786 -0.562500
0.298214 -0.562500
0.342857 -0.562500
0.496429 -0.562500
-0.494643 -0.564286
-0.401786 -0.564286
-0.355357 -0.564286
-0.333929 -0.564286
-0.312500 -0.564286
-0.291071 -0.564286
-0.269643 -0.564286
-0.248214 -0.564286
-0.226786 -0.564286
-0.205357 -0.564286
-0.183929 -0.564286
-0.162500 -0.564286
-0.141071 -0.564286
-0.112500 -0.564286
-0.091071 -0.564286
-0.055357 -0.564286
-0.032143 -0.564286
-0.005357 -0.564286
0.021429 -0.564286
0.042857 -0.564286
0.073214 -0.564286
0.098214 -0.564286
0.119643 -0.564286
0.141071 -0.564286
0.162500 -0.564286
0.183929 -0.564286
0.205357 -0.564286
0.226786 -0.564286
0.248214 -0.564286
0.269643 -0.564286
0.291071 -0.564286
0.335714 -0.564286
0.485714 -0.564286
-0.501786 -0.566071
-0.453571 -0.566071
-0.358929 -0.566071
-0.337500 -0.566071
-0.316071 -0.566071
-0.294643 -0.566071
-0.273214 -0.566071
-0.251786 -0.566071
-0.230357 -0.566071
-0.208929 -0.566071
-0.187500 -0.566071
-0.166071 -0.566071
-0.144643 -0.566071
-0.114286 -0.566071
-0.085714 -0.566071
-0.055357 -0.566071
-0.025000 -0.566071
-0.003571 -0.566071
0.023214 -0.566071
0.055357 -0.566071
0.076786 -0.566071
0.101786 -0.566071
0.123214 -0.566071
0.144643 -0.566071
0.166071 -0.566071
0.187500 -0.566071
0.208929 -0.566071
0.230357 -0.566071
0.251786 -0.566071
0.273214 -0.566071
0.294643 -0.566071
0.342857 -0.566071
0.501786 -0.566071
-0.494643 -0.567857
-0.373214 -0.567857
-0.351786 -0.567857
-0.330357 -0.567857
-0.308929 -0.567857
-0.287500 -0.567857
-0.266071 -0.567857
-0.244643 -0.567857
-0.223214 -0.567857
-0.201786 -0.567857
-0.180357 -0.567857
-0.158929 -0.567857
-0.137500 -0.567857
-0.105357 -0.567857
-0.075000 -0.567857
-0.051786 -0.567857
-0.025000 -0.567857
-0.001786 -0.567857
0.023214 -0.567857
0.055357 -0.567857
0.080357 -0.567857
0.101786 -0.567857
0.123214 -0.567857
0.144643 -0.567857
0.166071 -0.567857
0.187500 -0.567857
0.208929 -0.567857
0.230357 -0.567857
0.251786 -0.567857
0.273214 -0.567857
0.294643 -0.567857
0.342857 -0.567857
0.501786 -0.567857
-0.498214 -0.569643
-0.373214 -0.569643
-0.351786 -0.569643
-0.330357 -0.569643
-0.308929 -0.569643
-0.287500 -0.569643
-0.266071 -0.569643
-0.244643 -0.569643
-0.223214 -0.569643
-0.201786 -0.569643
-0.180357 -0.569643
-0.158929 -0.569643
-0.119643 -0.569643
-0.098214 -0.569643
-0.069643 -0.569643
-0.044643 -0.569643
-0.021429 -0.569643
0.001786 -0.569643
0.026786 -0.569643
0.057143 -0.569643
0.082143 -0.569643
0.103571 -0.569643
0.125000 -0.569643
0.146429 -0.569643
0.167857 -0.569643
0.189286 -0.569643
0.210714 -0.569643
0.232143 -0.569643
0.253571 -0.569643
0.275000 -0.569643
0.298214 -0.569643
0.344643 -0.569643
0.507143 -0.569643
-0.496429 -0.571429
-0.373214 -0.571429
-0.351786 -0.571429
-0.330357 -0.571429
-0.308929 -0.571429
-0.287500 -0.571429
-0.266071 -0.571429
-0.244643 -0.571429
-0.223214 -0.571429
-0.201786 -0.571429
-0.180357 -0.571429
-0.158929 -0.571429
-0.123214 -0.571429
-0.101786 -0.571429
-0.076786 -0.571429
-0.051786 -0.571429
-0.025000 -0.571429
0.001786 -0.571429
0.025000 -0.571429
0.055357 -0.571429
0.080357 -0.571429
0.101786 -0.571429
0.123214 -0.571429
0.144643 -0.571429
0.166071 -0.571429
0.187500 -0.571429
0.208929 -0.571429
0.230357 -0.571429
0.251786 -0.571429
0.273214 -0.571429
0.298214 -0.571429
0.480357 -0.571429
0.512500 -0.571429
-0.498214 -0.573214
-0.371429 -0.573214
-0.350000 -0.573214
-0.328571 -0.573214
-0.307143 -0.573214
-0.285714 -0.573214
-0.264286 -0.573214
-0.242857 -0.573214
-0.221429 -0.573214
-0.200000 -0.573214
-0.178571 -0.573214
-0.157143 -0.573214
-0.126786 -0.573214
-0.105357 -0.573214
-0.080357 -0.573214
-0.053571 -0.573214
-0.023214 -0.573214
0.007143 -0.573214
0.032143 -0.573214
0.055357 -0.573214
0.080357 -0.573214
0.101786 -0.573214
0.123214 -0.573214
0.144643 -0.573214
0.166071 -0.573214
0.187500 -0.573214
0.208929 -0.573214
0.230357 -0.573214
0.251786 -0.573214
0.273214 -0.573214
0.296429 -0.573214
0.344643 -0.573214
0.512500 -0.573214
-0.501786 -0.575000
-0.403571 -0.575000
-0.355357 -0.575000
-0.333929 -0.575000
-0.312500 -0.575000
-0.291071 -0.575000
-0.269643 -0.575000
-0.248214 -0.575000
-0.226786 -0.575000
-0.205357 -0.575000
-0.183929 -0.575000
-0.162500 -0.575000
-0.141071 -0.575000
-0.114286 -0.575000
-0.091071 -0.575000
-0.066071 -0.575000
-0.044643 -0.575000
-0.016071 -0.575000
0.007143 -0.575000
0.032143 -0.575000
0.055357 -0.575000
0.080357 -0.575000
0.101786 -0.575000
0.123214 -0.575000
0.144643 -0.575000
0.166071 -0.575000
0.187500 -0.575000
0.208929 -0.575000
0.230357 -0.575000
0.251786 -0.575000
0.273214 -0.575000
0.296429 -0.575000
0.344643 -0.575000
0.514286 -0.575000
-0.503571 -0.576786
-0.371429 -0.576786
-0.350000 -0.576786
-0.328571 -0.576786
-0.307143 -0.576786
-0.285714 -0.576786
-0.264286 -0.576786
-0.242857 -0.576786
-0.221429 -0.576786
-0.200000 -0.576786
-0.178571 -0.576786
-0.157143 -0.576786
-0.135714 -0.576786
-0.108929 -0.576786
-0.083929 -0.576786
-0.055357 -0.576786
-0.030357 -0.576786
-0.005357 -0.576786
0.016071 -0.576786
0.041071 -0.576786
0.067857 -0.576786
0.089286 -0.576786
0.110714 -0.576786
0.132143 -0.576786
0.153571 -0.576786
0.175000 -0.576786
0.196429 -0.576786
0.217857 -0.576786
0.239286 -0.576786
0.260714 -0.576786
0.282143 -0.576786
0.328571 -0.576786
0.491071 -0.576786
-0.514286 -0.578571
-0.476786 -0.578571
-0.362500 -0.578571
-0.341071 -0.578571
-0.319643 -0.578571
-0.298214 -0.578571
-0.276786 -0.578571
-0.255357 -0.578571
-0.233929 -0.578571
-0.212500 -0.578571
-0.191071 -0.578571
-0.169643 -0.578571
-0.148214 -0.578571
-0.121429 -0.578571
-0.096429 -0.578571
-0.067857 -0.578571
-0.042857 -0.578571
-0.017857 -0.578571
0.003571 -0.578571
0.028571 -0.578571
0.050000 -0.578571
0.076786 -0.578571
0.098214 -0.578571
0.119643 -0.578571
0.141071 -0.578571
0.162500 -0.578571
0.183929 -0.578571
0.205357 -0.578571
0.226786 -0.578571
0.248214 -0.578571
0.269643 -0.578571
0.292857 -0.578571
0.341071 -0.578571
0.516071 -0.578571
-0.508929 -0.580357
-0.373214 -0.580357
-0.351786 -0.580357
-0.330357 -0.580357
-0.308929 -0.580357
-0.287500 -0.580357
-0.266071 -0.580357
-0.244643 -0.580357
-0.223214 -0.580357
-0.201786 -0.580357
-0.180357 -0.580357
-0.158929 -0.580357
-0.133929 -0.580357
-0.112500 -0.580357
-0.085714 -0.580357
-0.058929 -0.580357
-0.033929 -0.580357
-0.008929 -0.580357
0.012500 -0.580357
0.035714 -0.580357
0.062500 -0.580357
0.083929 -0.580357
0.105357 -0.580357
0.126786 -0.580357
0.148214 -0.580357
0.169643 -0.580357
0.191071 -0.580357
0.212500 -0.580357
0.233929 -0.580357
0.255357 -0.580357
0.276786 -0.580357
0.321429 -0.580357
0.485714 -0.580357
0.525000 -0.580357
-0.503571 -0.582143
-0.367857 -0.582143
-0.346429 -0.582143
-0.325000 -0.582143
-0.303571 -0.582143
-0.282143 -0.582143
-0.260714 -0.582143
-0.239286 -0.582143
-0.217857 -0.582143
-0.196429 -0.582143
-0.175000 -0.582143
-0.153571 -0.582143
-0.128571 -0.582143
-0.103571 -0.582143
-0.078571 -0.582143
-0.057143 -0.582143
-0.032143 -0.582143
-0.008929 -0.582143
0.012500 -0.582143
0.033929 -0.582143
0.060714 -0.582143
0.082143 -0.582143
0.103571 -0.582143
0.125000 -0.582143
0.146429 -0.582143
0.167857 -0.582143
0.189286 -0.582143
0.210714 -0.582143
0.232143 -0.582143
0.253571 -0.582143
0.275000 -0.582143
0.296429 -0.582143
0.485714 -0.582143
0.526786 -0.582143
-0.505357 -0.583929
-0.369643 -0.583929
-0.348214 -0.583929
-0.326786 -0.583929
-0.305357 -0.583929
-0.283929 -0.583929
-0.262500 -0.583929
-0.241071 -0.583929
-0.219643 -0.583929
-0.198214 -0.583929
-0.176786 -0.583929
-0.155357 -0.583929
-0.130357 -0.583929
-0.105357 -0.583929
-0.080357 -0.583929
-0.053571 -0.583929
-0.030357 -0.583929
-0.008929 -0.583929
0.012500 -0.583929
0.033929 -0.583929
0.060714 -0.583929
0.082143 -0.583929
0.103571 -0.583929
0.125000 -0.583929
0.146429 -0.583929
0.167857 -0.583929
0.189286 -0.583929
0.210714 -0.583929
0.232143 -0.583929
0.253571 -0.583929
0.275000 -0.583929
0.319643 -0.583929
0.487500 -0.583929
0.528571 -0.583929
-0.507143 -0.585714
-0.367857 -0.585714
-0.346429 -0.585714
-0.325000 -0.585714
-0.303571 -0.585714
-0.282143 -0.585714
-0.260714 -0.585714
-0.239286 -0.585714
-0.217857 -0.585714
-0.196429 -0.585714
-0.175000 -0.585714
-0.153571 -0.585714
-0.130357 -0.585714
-0.105357 -0.585714
-0.082143 -0.585714
-0.055357 -0.585714
-0.033929 -0.585714
-0.012500 -0.585714
0.008929 -0.585714
0.030357 -0.585714
0.057143 -0.585714
0.078571 -0.585714
0.100000 -0.585714
0.121429 -0.585714
0.142857 -0.585714
0.164286 -0.585714
0.185714 -0.585714
0.207143 -0.585714
0.228571 -0.585714
0.250000 -0.585714
0.271429 -0.585714
0.292857 -0.585714
0.485714 -0.585714
0.528571 -0.585714
-0.510714 -0.587500
-0.403571 -0.587500
-0.351786 -0.587500
-0.330357 -0.587500
-0.308929 -0.587500
-0.287500 -0.587500
-0.266071 -0.587500
-0.244643 -0.587500
-0.223214 -0.587500
-0.201786 -0.587500
-0.180357 -0.587500
-0.158929 -0.587500
-0.137500 -0.587500
-0.114286 -0.587500
-0.092857 -0.587500
-0.071429 -0.587500
-0.046429 -0.587500
-0.025000 -0.587500
-0.003571 -0.587500
0.017857 -0.587500
0.039286 -0.587500
0.066071 -0.587500
0.087500 -0.587500
0.108929 -0.587500
0.130357 -0.587500
0.151786 -0.587500
0.173214 -0.587500
0.194643 -0.587500
0.216071 -0.587500
0.237500 -0.587500
0.258929 -0.587500
0.280357 -0.587500
0.332143 -0.587500
0.519643 -0.587500
-0.523214 -0.589286
-0.482143 -0.589286
-0.358929 -0.589286
-0.337500 -0.589286
-0.316071 -0.589286
-0.294643 -0.589286
-0.273214 -0.589286
-0.251786 -0.589286
-0.228571 -0.589286
-0.207143 -0.589286
-0.185714 -0.589286
-0.164286 -0.589286
-0.142857 -0.589286
-0.121429 -0.589286
-0.100000 -0.589286
-0.078571 -0.589286
-0.053571 -0.589286
-0.032143 -0.589286
-0.010714 -0.589286
0.010714 -0.589286
0.032143 -0.589286
0.060714 -0.589286
0.082143 -0.589286
0.103571 -0.589286
0.125000 -0.589286
0.146429 -0.589286
0.167857 -0.589286
0.189286 -0.589286
0.210714 -0.589286
0.232143 -0.589286
0.253571 -0.589286
0.275000 -0.589286
0.321429 -0.589286
0.492857 -0.589286
-0.528571 -0.591071
-0.485714 -0.591071
-0.362500 -0.591071
-0.341071 -0.591071
-0.319643 -0.591071
-0.298214 -0.591071
-0.276786 -0.591071
-0.255357 -0.591071
-0.232143 -0.591071
-0.210714 -0.591071
-0.189286 -0.591071
-0.167857 -0.591071
-0.146429 -0.591071
-0.125000 -0.591071
-0.103571 -0.591071
-0.082143 -0.591071
-0.058929 -0.591071
-0.037500 -0.591071
-0.016071 -0.591071
0.005357 -0.591071
0.026786 -0.591071
0.053571 -0.591071
0.075000 -0.591071
0.096429 -0.591071
0.117857 -0.591071
0.139286 -0.591071
0.160714 -0.591071
0.182143 -0.591071
0.203571 -0.591071
0.225000 -0.591071
0.246429 -0.591071
0.267857 -0.591071
0.291071 -0.591071
0.487500 -0.591071
0.533929 -0.591071
-0.512500 -0.592857
-0.369643 -0.592857
-0.348214 -0.592857
-0.326786 -0.592857
-0.305357 -0.592857
-0.283929 -0.592857
-0.262500 -0.592857
-0.241071 -0.592857
-0.217857 -0.592857
-0.196429 -0.592857
-0.175000 -0.592857
-0.153571 -0.592857
-0.132143 -0.592857
-0.110714 -0.592857
-0.089286 -0.592857
-0.064286 -0.592857
-0.042857 -0.592857
-0.021429 -0.592857
0.000000 -0.592857
0.021429 -0.592857
0.048214 -0.592857
0.069643 -0.592857
0.091071 -0.592857
0.112500 -0.592857
0.133929 -0.592857
0.155357 -0.592857
0.176786 -0.592857
0.198214 -0.592857
0.219643 -0.592857
0.241071 -0.592857
0.262500 -0.592857
0.285714 -0.592857
0.333929 -0.592857
0.528571 -0.592857
-0.525000 -0.594643
-0.408929 -0.594643
-0.355357 -0.594643
-0.333929 -0.594643
-0.312500 -0.594643
-0.291071 -0.594643
-0.269643 -0.594643
-0.248214 -0.594643
-0.225000 -0.594643
-0.203571 -0.594643
-0.182143 -0.594643
-0.160714 -0.594643
-0.139286 -0.594643
-0.117857 -0.594643
-0.096429 -0.594643
-0.069643 -0.594643
-0.048214 -0.594643
-0.026786 -0.594643
-0.005357 -0.594643
0.016071 -0.594643
0.044643 -0.594643
0.066071 -0.594643
0.087500 -0.594643
0.108929 -0.594643
0.130357 -0.594643
0.151786 -0.594643
0.173214 -0.594643
0.194643 -0.594643
0.216071 -0.594643
0.237500 -0.594643
0.258929 -0.594643
0.280357 -0.594643
0.332143 -0.594643
0.530357 -0.594643
-0.525000 -0.596429
-0.478571 -0.596429
-0.357143 -0.596429
-0.335714 -0.596429
-0.314286 -0.596429
-0.292857 -0.596429
-0.271429 -0.596429
-0.250000 -0.596429
-0.225000 -0.596429
-0.203571 -0.596429
-0.182143 -0.596429
-0.160714 -0.596429
-0.139286 -0.596429
-0.117857 -0.596429
-0.096429 -0.596429
-0.071429 -0.596429
-0.050000 -0.596429
-0.028571 -0.596429
-0.007143 -0.596429
0.014286 -0.596429
0.041071 -0.596429
0.062500 -0.596429
0.083929 -0.596429
0.105357 -0.596429
0.126786 -0.596429
0.148214 -0.596429
0.169643 -0.596429
0.191071 -0.596429
0.212500 -0.596429
0.233929 -0.596429
0.255357 -0.596429
0.278571 -0.596429
0.330357 -0.596429
0.532143 -0.596429
-0.526786 -0.598214
-0.408929 -0.598214
-0.353571 -0.598214
-0.332143 -0.598214
-0.310714 -0.598214
-0.289286 -0.598214
-0.267857 -0.598214
-0.246429 -0.598214
-0.223214 -0.598214
-0.201786 -0.598214
-0.180357 -0.598214
-0.158929 -0.598214
-0.137500 -0.598214
-0.116071 -0.598214
-0.091071 -0.598214
-0.069643 -0.598214
-0.048214 -0.598214
-0.026786 -0.598214
-0.005357 -0.598214
0.016071 -0.598214
0.042857 -0.598214
0.064286 -0.598214
0.085714 -0.598214
0.107143 -0.598214
0.128571 -0.598214
0.150000 -0.598214
0.171429 -0.598214
0.192857 -0.598214
0.214286 -0.598214
0.235714 -0.598214
0.257143 -0.598214
0.280357 -0.598214
0.330357 -0.598214
0.533929 -0.598214
-0.530357 -0.600000
-0.478571 -0.600000
-0.357143 -0.600000
-0.335714 -0.600000
-0.314286 -0.600000
-0.292857 -0.600000
-0.271429 -0.600000
-0.250000 -0.600000
-0.228571 -0.600000
-0.203571 -0.600000
-0.182143 -0.600000
-0.160714 -0.600000
-0.139286 -0.600000
-0.117857 -0.600000
-0.087500 -0.600000
-0.066071 -0.600000
-0.044643 -0.600000
-0.023214 -0.600000
-0.001786 -0.600000
0.019643 -0.600000
0.046429 -0.600000
0.067857 -0.600000
0.089286 -0.600000
0.110714 -0.600000
0.132143 -0.600000
0.153571 -0.600000
0.175000 -0.600000
0.196429 -0.600000
0.217857 -0.600000
0.239286 -0.600000
0.260714 -0.600000
0.282143 -0.600000
0.333929 -0.600000
0.539286 -0.600000
-0.530357 -0.601786
-0.480357 -0.601786
-0.355357 -0.601786
-0.333929 -0.601786
-0.312500 -0.601786
-0.291071 -0.601786
-0.269643 -0.601786
-0.248214 -0.601786
-0.226786 -0.601786
-0.203571 -0.601786
-0.182143 -0.601786
-0.160714 -0.601786
-0.139286 -0.601786
-0.117857 -0.601786
-0.091071 -0.601786
-0.069643 -0.601786
-0.048214 -0.601786
-0.026786 -0.601786
-0.005357 -0.601786
0.016071 -0.601786
0.042857 -0.601786
0.064286 -0.601786
0.085714 -0.601786
0.107143 -0.601786
0.128571 -0.601786
0.150000 -0.601786
0.171429 -0.601786
0.192857 -0.601786
0.214286 -0.601786
0.235714 -0.601786
0.257143 -0.601786
0.278571 -0.601786
0.332143 -0.601786
0.539286 -0.601786
-0.535714 -0.603571
-0.482143 -0.603571
-0.357143 -0.603571
-0.335714 -0.603571
-0.314286 -0.603571
-0.292857 -0.603571
-0.271429 -0.603571
-0.250000 -0.603571
-0.228571 -0.603571
-0.203571 -0.603571
-0.182143 -0.603571
-0.160714 -0.603571
-0.139286 -0.603571
-0.117857 -0.603571
-0.094643 -0.603571
-0.073214 -0.603571
-0.051786 -0.603571
-0.030357 -0.603571
-0.008929 -0.603571
0.012500 -0.603571
0.041071 -0.603571
0.062500 -0.603571
0.083929 -0.603571
0.105357 -0.603571
0.126786 -0.603571
0.148214 -0.603571
0.169643 -0.603571
0.191071 -0.603571
0.212500 -0.603571
0.233929 -0.603571
0.255357 -0.603571
0.276786 -0.603571
0.330357 -0.603571
0.541071 -0.603571
-0.537500 -0.605357
-0.482143 -0.605357
-0.355357 -0.605357
-0.333929 -0.605357
-0.312500 -0.605357
-0.291071 -0.605357
-0.269643 -0.605357
-0.248214 -0.605357
-0.226786 -0.605357
-0.203571 -0.605357
-0.182143 -0.605357
-0.160714 -0.605357
-0.139286 -0.605357
-0.117857 -0.605357
-0.096429 -0.605357
-0.075000 -0.605357
-0.053571 -0.605357
-0.032143 -0.605357
-0.010714 -0.605357
0.019643 -0.605357
0.041071 -0.605357
0.062500 -0.605357
0.083929 -0.605357
0.105357 -0.605357
0.126786 -0.605357
0.148214 -0.605357
0.169643 -0.605357
0.191071 -0.605357
0.212500 -0.605357
0.233929 -0.605357
0.255357 -0.605357
0.276786 -0.605357
0.328571 -0.605357
0.541071 -0.605357
-0.542857 -0.607143
-0.487500 -0.607143
-0.362500 -0.607143
-0.341071 -0.607143
-0.319643 -0.607143
-0.298214 -0.607143
-0.276786 -0.607143
-0.255357 -0.607143
-0.233929 -0.607143
-0.208929 -0.607143
-0.187500 -0.607143
-0.166071 -0.607143
-0.144643 -0.607143
-0.123214 -0.607143
-0.101786 -0.607143
-0.080357 -0.607143
-0.058929 -0.607143
-0.037500 -0.607143
-0.016071 -0.607143
0.005357 -0.607143
0.035714 -0.607143
0.057143 -0.607143
0.078571 -0.607143
0.100000 -0.607143
0.121429 -0.607143
0.142857 -0.607143
0.164286 -0.607143
0.185714 -0.607143
0.207143 -0.607143
0.228571 -0.607143
0.250000 -0.607143
0.271429 -0.607143
0.323214 -0.607143
0.539286 -0.607143
0.560714 -0.607143
-0.492857 -0.608929
-0.367857 -0.608929
-0.346429 -0.608929
-0.325000 -0.608929
-0.303571 -0.608929
-0.282143 -0.608929
-0.260714 -0.608929
-0.239286 -0.608929
-0.217857 -0.608929
-0.192857 -0.608929
-0.171429 -0.608929
-0.150000 -0.608929
-0.128571 -0.608929
-0.107143 -0.608929
-0.085714 -0.608929
-0.064286 -0.608929
-0.042857 -0.608929
-0.021429 -0.608929
0.000000 -0.608929
0.030357 -0.608929
0.051786 -0.608929
0.073214 -0.608929
0.094643 -0.608929
0.116071 -0.608929
0.137500 -0.608929
0.158929 -0.608929
0.180357 -0.608929
0.201786 -0.608929
0.223214 -0.608929
0.244643 -0.608929
0.266071 -0.608929
0.310714 -0.608929
0.500000 -0.608929
0.560714 -0.608929
-0.494643 -0.610714
-0.367857 -0.610714
-0.346429 -0.610714
-0.325000 -0.610714
-0.303571 -0.610714
-0.282143 -0.610714
-0.260714 -0.610714
-0.239286 -0.610714
-0.217857 -0.610714
-0.194643 -0.610714
-0.173214 -0.610714
-0.151786 -0.610714
-0.130357 -0.610714
-0.108929 -0.610714
-0.087500 -0.610714
-0.066071 -0.610714
-0.044643 -0.610714
-0.023214 -0.610714
-0.001786 -0.610714
0.030357 -0.610714
0.051786 -0.610714
0.073214 -0.610714
0.094643 -0.610714
0.116071 -0.610714
0.137500 -0.610714
0.158929 -0.610714
0.180357 -0.610714
0.201786 -0.610714
0.223214 -0.610714
0.244643 -0.610714
0.266071 -0.610714
0.310714 -0.610714
0.542857 -0.610714
0.564286 -0.610714
-0.496429 -0.612500
-0.369643 -0.612500
-0.348214 -0.612500
-0.326786 -0.612500
-0.305357 -0.612500
-0.283929 -0.612500
-0.262500 -0.612500
-0.241071 -0.612500
-0.219643 -0.612500
-0.198214 -0.612500
-0.176786 -0.612500
-0.155357 -0.612500
-0.133929 -0.612500
-0.112500 -0.612500
-0.091071 -0.612500
-0.069643 -0.612500
-0.048214 -0.612500
-0.026786 -0.612500
-0.005357 -0.612500
0.026786 -0.612500
0.048214 -0.612500
0.069643 -0.612500
0.091071 -0.612500
0.112500 -0.612500
0.133929 -0.612500
0.155357 -0.612500
0.176786 -0.612500
0.198214 -0.612500
0.219643 -0.612500
0.241071 -0.612500
0.262500 -0.612500
0.305357 -0.612500
0.498214 -0.612500
0.562500 -0.612500
-0.541071 -0.614286
-0.407143 -0.614286
-0.350000 -0.614286
-0.328571 -0.614286
-0.307143 -0.614286
-0.285714 -0.614286
-0.264286 -0.614286
-0.242857 -0.614286
-0.221429 -0.614286
-0.200000 -0.614286
-0.178571 -0.614286
-0.157143 -0.614286
-0.135714 -0.614286
-0.114286 -0.614286
-0.092857 -0.614286
-0.071429 -0.614286
-0.050000 -0.614286
-0.028571 -0.614286
0.003571 -0.614286
0.025000 -0.614286
0.046429 -0.614286
0.067857 -0.614286
0.089286 -0.614286
0.110714 -0.614286
0.132143 -0.614286
0.153571 -0.614286
0.175000 -0.614286
0.196429 -0.614286
0.217857 -0.614286
0.239286 -0.614286
0.260714 -0.614286
0.303571 -0.614286
0.498214 -0.614286
0.562500 -0.614286
-0.544643 -0.616071
-0.408929 -0.616071
-0.351786 -0.616071
-0.330357 -0.616071
-0.308929 -0.616071
-0.287500 -0.616071
-0.266071 -0.616071
-0.244643 -0.616071
-0.223214 -0.616071
-0.201786 -0.616071
-0.180357 -0.616071
-0.158929 -0.616071
-0.137500 -0.616071
-0.116071 -0.616071
-0.094643 -0.616071
-0.073214 -0.616071
-0.051786 -0.616071
-0.030357 -0.616071
0.001786 -0.616071
0.023214 -0.616071
0.044643 -0.616071
0.066071 -0.616071
0.087500 -0.616071
0.108929 -0.616071
0.130357 -0.616071
0.151786 -0.616071
0.173214 -0.616071
0.194643 -0.616071
0.216071 -0.616071
0.237500 -0.616071
0.258929 -0.616071
0.303571 -0.616071
0.500000 -0.616071
0.567857 -0.616071
-0.544643 -0.617857
-0.408929 -0.617857
-0.351786 -0.617857
-0.330357 -0.617857
-0.308929 -0.617857
-0.287500 -0.617857
-0.266071 -0.617857
-0.244643 -0.617857
-0.223214 -0.617857
-0.201786 -0.617857
-0.180357 -0.617857
-0.158929 -0.617857
-0.137500 -0.617857
-0.116071 -0.617857
-0.094643 -0.617857
-0.073214 -0.617857
-0.051786 -0.617857
-0.030357 -0.617857
0.005357 -0.617857
0.026786 -0.617857
0.048214 -0.617857
0.069643 -0.617857
0.091071 -0.617857
0.112500 -0.617857
0.133929 -0.617857
0.155357 -0.617857
0.176786 -0.617857
0.198214 -0.617857
0.219643 -0.617857
0.241071 -0.617857
0.262500 -0.617857
0.319643 -0.617857
0.551786 -0.617857
0.578571 -0.617857
-0.498214 -0.619643
-0.366071 -0.619643
-0.344643 -0.619643
-0.323214 -0.619643
-0.301786 -0.619643
-0.280357 -0.619643
-0.258929 -0.619643
-0.237500 -0.619643
-0.216071 -0.619643
-0.194643 -0.619643
-0.173214 -0.619643
-0.151786 -0.619643
-0.130357 -0.619643
-0.108929 -0.619643
-0.087500 -0.619643
-0.066071 -0.619643
-0.044643 -0.619643
-0.023214 -0.619643
0.012500 -0.619643
0.033929 -0.619643
0.055357 -0.619643
0.076786 -0.619643
0.098214 -0.619643
0.119643 -0.619643
0.141071 -0.619643
0.162500 -0.619643
0.183929 -0.619643
0.205357 -0.619643
0.226786 -0.619643
0.248214 -0.619643
0.292857 -0.619643
0.492857 -0.619643
0.569643 -0.619643
-0.551786 -0.621429
-0.489286 -0.621429
-0.358929 -0.621429
-0.337500 -0.621429
-0.316071 -0.621429
-0.294643 -0.621429
-0.273214 -0.621429
-0.251786 -0.621429
-0.230357 -0.621429
-0.208929 -0.621429
-0.187500 -0.621429
-0.166071 -0.621429
-0.144643 -0.621429
-0.123214 -0.621429
-0.101786 -0.621429
-0.080357 -0.621429
-0.058929 -0.621429
-0.037500 -0.621429
-0.001786 -0.621429
0.019643 -0.621429
0.041071 -0.621429
0.062500 -0.621429
0.083929 -0.621429
0.105357 -0.621429
0.126786 -0.621429
0.148214 -0.621429
0.169643 -0.621429
0.191071 -0.621429
0.212500 -0.621429
0.233929 -0.621429
0.255357 -0.621429
0.300000 -0.621429
0.503571 -0.621429
0.580357 -0.621429
-0.544643 -0.623214
-0.405357 -0.623214
-0.348214 -0.623214
-0.326786 -0.623214
-0.305357 -0.623214
-0.283929 -0.623214
-0.262500 -0.623214
-0.241071 -0.623214
-0.219643 -0.623214
-0.198214 -0.623214
-0.176786 -0.623214
-0.155357 -0.623214
-0.133929 -0.623214
-0.112500 -0.623214
-0.091071 -0.623214
-0.069643 -0.623214
-0.048214 -0.623214
-0.014286 -0.623214
0.007143 -0.623214
0.028571 -0.623214
0.050000 -0.623214
0.071429 -0.623214
0.092857 -0.623214
0.114286 -0.623214
0.135714 -0.623214
0.157143 -0.623214
0.178571 -0.623214
0.200000 -0.623214
0.221429 -0.623214
0.242857 -0.623214
0.264286 -0.623214
0.325000 -0.623214
0.573214 -0.623214
-0.557143 -0.625000
-0.491071 -0.625000
-0.358929 -0.625000
-0.337500 -0.625000
-0.316071 -0.625000
-0.294643 -0.625000
-0.273214 -0.625000
-0.251786 -0.625000
-0.230357 -0.625000
-0.208929 -0.625000
-0.187500 -0.625000
-0.166071 -0.625000
-0.144643 -0.625000
-0.123214 -0.625000
-0.101786 -0.625000
-0.080357 -0.625000
-0.058929 -0.625000
-0.037500 -0.625000
-0.001786 -0.625000
0.019643 -0.625000
0.041071 -0.625000
0.062500 -0.625000
0.083929 -0.625000
0.105357 -0.625000
0.126786 -0.625000
0.148214 -0.625000
0.169643 -0.625000
0.191071 -0.625000
0.212500 -0.625000
0.233929 -0.625000
0.255357 -0.625000
0.300000 -0.625000
0.573214 -0.625000
-0.562500 -0.626786
-0.496429 -0.626786
-0.364286 -0.626786
-0.342857 -0.626786
-0.321429 -0.626786
-0.300000 -0.626786
-0.278571 -0.626786
-0.257143 -0.626786
-0.235714 -0.626786
-0.214286 -0.626786
-0.192857 -0.626786
-0.171429 -0.626786
-0.150000 -0.626786
-0.128571 -0.626786
-0.107143 -0.626786
-0.085714 -0.626786
-0.064286 -0.626786
-0.042857 -0.626786
-0.007143 -0.626786
0.014286 -0.626786
0.035714 -0.626786
0.057143 -0.626786
0.078571 -0.626786
0.100000 -0.626786
0.121429 -0.626786
0.142857 -0.626786
0.164286 -0.626786
0.185714 -0.626786
0.207143 -0.626786
0.228571 -0.626786
0.250000 -0.626786
0.294643 -0.626786
0.501786 -0.626786
0.592857 -0.626786
-0.501786 -0.628571
-0.369643 -0.628571
-0.346429 -0.628571
-0.325000 -0.628571
-0.303571 -0.628571
-0.282143 -0.628571
-0.260714 -0.628571
-0.239286 -0.628571
-0.217857 -0.628571
-0.196429 -0.628571
-0.175000 -0.628571
-0.153571 -0.628571
-0.132143 -0.628571
-0.110714 -0.628571
-0.089286 -0.628571
-0.067857 -0.628571
-0.046429 -0.628571
-0.008929 -0.628571
0.012500 -0.628571
0.033929 -0.628571
0.055357 -0.628571
0.076786 -0.628571
0.098214 -0.628571
0.119643 -0.628571
0.141071 -0.628571
0.162500 -0.628571
0.183929 -0.628571
0.205357 -0.628571
0.226786 -0.628571
0.248214 -0.628571
0.292857 -0.628571
0.498214 -0.628571
0.591071 -0.628571
-0.553571 -0.630357
-0.405357 -0.630357
-0.348214 -0.630357
-0.326786 -0.630357
-0.305357 -0.630357
-0.283929 -0.630357
-0.262500 -0.630357
-0.241071 -0.630357
-0.219643 -0.630357
-0.198214 -0.630357
-0.176786 -0.630357
-0.155357 -0.630357
-0.133929 -0.630357
-0.112500 -0.630357
-0.091071 -0.630357
-0.069643 -0.630357
-0.037500 -0.630357
-0.016071 -0.630357
0.005357 -0.630357
0.026786 -0.630357
0.048214 -0.630357
0.069643 -0.630357
0.091071 -0.630357
0.112500 -0.630357
0.133929 -0.630357
0.155357 -0.630357
0.176786 -0.630357
0.198214 -0.630357
0.219643 -0.630357
0.241071 -0.630357
0.285714 -0.630357
0.485714 -0.630357
0.589286 -0.630357
-0.560714 -0.632143
-0.491071 -0.632143
-0.355357 -0.632143
-0.333929 -0.632143
-0.312500 -0.632143
-0.291071 -0.632143
-0.269643 -0.632143
-0.248214 -0.632143
-0.226786 -0.632143
-0.205357 -0.632143
-0.183929 -0.632143
-0.162500 -0.632143
-0.141071 -0.632143
-0.119643 -0.632143
-0.098214 -0.632143
-0.076786 -0.632143
-0.055357 -0.632143
-0.023214 -0.632143
-0.001786 -0.632143
0.019643 -0.632143
0.041071 -0.632143
0.062500 -0.632143
0.083929 -0.632143
0.105357 -0.632143
0.126786 -0.632143
0.148214 -0.632143
0.169643 -0.632143
0.191071 -0.632143
0.212500 -0.632143
0.233929 -0.632143
0.255357 -0.632143
0.319643 -0.632143
0.589286 -0.632143
-0.564286 -0.633929
-0.492857 -0.633929
-0.355357 -0.633929
-0.333929 -0.633929
-0.312500 -0.633929
-0.291071 -0.633929
-0.269643 -0.633929
-0.248214 -0.633929
-0.226786 -0.633929
-0.205357 -0.633929
-0.183929 -0.633929
-0.162500 -0.633929
-0.141071 -0.633929
-0.119643 -0.633929
-0.098214 -0.633929
-0.076786 -0.633929
-0.044643 -0.633929
-0.023214 -0.633929
-0.001786 -0.633929
0.019643 -0.633929
0.041071 -0.633929
0.062500 -0.633929
0.083929 -0.633929
0.105357 -0.633929
0.126786 -0.633929
0.148214 -0.633929
0.169643 -0.633929
0.191071 -0.633929
0.212500 -0.633929
0.233929 -0.633929
0.258929 -0.633929
0.316071 -0.633929
0.591071 -0.633929
-0.566071 -0.635714
-0.492857 -0.635714
-0.355357 -0.635714
-0.333929 -0.635714
-0.312500 -0.635714
-0.291071 -0.635714
-0.269643 -0.635714
-0.248214 -0.635714
-0.226786 -0.635714
-0.205357 -0.635714
-0.183929 -0.635714
-0.162500 -0.635714
-0.141071 -0.635714
-0.119643 -0.635714
-0.098214 -0.635714
-0.076786 -0.635714
-0.046429 -0.635714
-0.025000 -0.635714
-0.003571 -0.635714
0.017857 -0.635714
0.039286 -0.635714
0.060714 -0.635714
0.082143 -0.635714
0.103571 -0.635714
0.125000 -0.635714
0.146429 -0.635714
0.167857 -0.635714
0.189286 -0.635714
0.210714 -0.635714
0.232143 -0.635714
0.257143 -0.635714
0.316071 -0.635714
0.596429 -0.635714
-0.566071 -0.637500
-0.494643 -0.637500
-0.358929 -0.637500
-0.337500 -0.637500
-0.316071 -0.637500
-0.294643 -0.637500
-0.273214 -0.637500
-0.251786 -0.637500
-0.230357 -0.637500
-0.208929 -0.637500
-0.187500 -0.637500
-0.166071 -0.637500
-0.144643 -0.637500
-0.123214 -0.637500
-0.101786 -0.637500
-0.080357 -0.637500
-0.051786 -0.637500
-0.030357 -0.637500
-0.008929 -0.637500
0.012500 -0.637500
0.033929 -0.637500
0.055357 -0.637500
0.076786 -0.637500
0.098214 -0.637500
0.119643 -0.637500
0.141071 -0.637500
0.162500 -0.637500
0.183929 -0.637500
0.205357 -0.637500
0.226786 -0.637500
0.248214 -0.637500
0.301786 -0.637500
0.505357 -0.637500
-0.573214 -0.639286
-0.500000 -0.639286
-0.362500 -0.639286
-0.341071 -0.639286
-0.319643 -0.639286
-0.298214 -0.639286
-0.276786 -0.639286
-0.255357 -0.639286
-0.233929 -0.639286
-0.212500 -0.639286
-0.191071 -0.639286
-0.169643 -0.639286
-0.148214 -0.639286
-0.126786 -0.639286
-0.105357 -0.639286
-0.083929 -0.639286
-0.055357 -0.639286
-0.033929 -0.639286
-0.012500 -0.639286
0.008929 -0.639286
0.030357 -0.639286
0.051786 -0.639286
0.073214 -0.639286
0.094643 -0.639286
0.116071 -0.639286
0.137500 -0.639286
0.158929 -0.639286
0.180357 -0.639286
0.201786 -0.639286
0.223214 -0.639286
0.244643 -0.639286
0.285714 -0.639286
0.500000 -0.639286
0.614286 -0.639286
-0.505357 -0.641071
-0.407143 -0.641071
-0.348214 -0.641071
-0.326786 -0.641071
-0.305357 -0.641071
-0.283929 -0.641071
-0.262500 -0.641071
-0.241071 -0.641071
-0.219643 -0.641071
-0.198214 -0.641071
-0.175000 -0.641071
-0.153571 -0.641071
-0.132143 -0.641071
-0.110714 -0.641071
-0.089286 -0.641071
-0.064286 -0.641071
-0.042857 -0.641071
-0.021429 -0.641071
0.001786 -0.641071
0.023214 -0.641071
0.044643 -0.641071
0.066071 -0.641071
0.087500 -0.641071
0.108929 -0.641071
0.130357 -0.641071
0.151786 -0.641071
0.173214 -0.641071
0.194643 -0.641071
0.216071 -0.641071
0.237500 -0.641071
0.280357 -0.641071
0.485714 -0.641071
0.610714 -0.641071
-0.566071 -0.642857
-0.416071 -0.642857
-0.358929 -0.642857
-0.337500 -0.642857
-0.316071 -0.642857
-0.294643 -0.642857
-0.273214 -0.642857
-0.251786 -0.642857
-0.230357 -0.642857
-0.208929 -0.642857
-0.183929 -0.642857
-0.162500 -0.642857
-0.141071 -0.642857
-0.119643 -0.642857
-0.098214 -0.642857
-0.076786 -0.642857
-0.055357 -0.642857
-0.033929 -0.642857
-0.012500 -0.642857
0.010714 -0.642857
0.032143 -0.642857
0.053571 -0.642857
0.075000 -0.642857
0.096429 -0.642857
0.117857 -0.642857
0.139286 -0.642857
0.160714 -0.642857
0.182143 -0.642857
0.203571 -0.642857
0.225000 -0.642857
0.246429 -0.642857
0.300000 -0.642857
0.507143 -0.642857
-0.576786 -0.644643
-0.500000 -0.644643
-0.371429 -0.644643
-0.346429 -0.644643
-0.325000 -0.644643
-0.303571 -0.644643
-0.282143 -0.644643
-0.260714 -0.644643
-0.239286 -0.644643
-0.217857 -0.644643
-0.196429 -0.644643
-0.171429 -0.644643
-0.150000 -0.644643
-0.128571 -0.644643
-0.107143 -0.644643
-0.085714 -0.644643
-0.064286 -0.644643
-0.042857 -0.644643
-0.021429 -0.644643
0.003571 -0.644643
0.025000 -0.644643
0.046429 -0.644643
0.067857 -0.644643
0.089286 -0.644643
0.110714 -0.644643
0.132143 -0.644643
0.153571 -0.644643
0.175000 -0.644643
0.196429 -0.644643
0.217857 -0.644643
0.239286 -0.644643
0.283929 -0.644643
0.501786 -0.644643
0.625000 -0.644643
-0.507143 -0.646429
-0.408929 -0.646429
-0.353571 -0.646429
-0.332143 -0.646429
-0.310714 -0.646429
-0.289286 -0.646429
-0.267857 -0.646429
-0.246429 -0.646429
-0.225000 -0.646429
-0.203571 -0.646429
-0.178571 -0.646429
-0.157143 -0.646429
-0.135714 -0.646429
-0.114286 -0.646429
-0.092857 -0.646429
-0.071429 -0.646429
-0.050000 -0.646429
-0.028571 -0.646429
-0.005357 -0.646429
0.016071 -0.646429
0.037500 -0.646429
0.058929 -0.646429
0.080357 -0.646429
0.101786 -0.646429
0.123214 -0.646429
0.144643 -0.646429
0.166071 -0.646429
0.187500 -0.646429
0.208929 -0.646429
0.230357 -0.646429
0.273214 -0.646429
0.314286 -0.646429
0.619643 -0.646429
-0.569643 -0.648214
-0.416071 -0.648214
-0.357143 -0.648214
-0.335714 -0.648214
-0.314286 -0.648214
-0.292857 -0.648214
-0.271429 -0.648214
-0.250000 -0.648214
-0.228571 -0.648214
-0.207143 -0.648214
-0.185714 -0.648214
-0.160714 -0.648214
-0.139286 -0.648214
-0.117857 -0.648214
-0.096429 -0.648214
-0.075000 -0.648214
-0.053571 -0.648214
-0.032143 -0.648214
-0.008929 -0.648214
0.012500 -0.648214
0.033929 -0.648214
0.055357 -0.648214
0.076786 -0.648214
0.098214 -0.648214
0.119643 -0.648214
0.141071 -0.648214
0.162500 -0.648214
0.183929 -0.648214
0.205357 -0.648214
0.226786 -0.648214
0.253571 -0.648214
0.312500 -0.648214
0.625000 -0.648214
-0.569643 -0.650000
-0.412500 -0.650000
-0.353571 -0.650000
-0.332143 -0.650000
-0.310714 -0.650000
-0.289286 -0.650000
-0.267857 -0.650000
-0.246429 -0.650000
-0.225000 -0.650000
-0.203571 -0.650000
-0.182143 -0.650000
-0.155357 -0.650000
-0.133929 -0.650000
-0.112500 -0.650000
-0.091071 -0.650000
-0.066071 -0.650000
-0.044643 -0.650000
-0.023214 -0.650000
0.001786 -0.650000
0.023214 -0.650000
0.044643 -0.650000
0.066071 -0.650000
0.087500 -0.650000
0.108929 -0.650000
0.130357 -0.650000
0.151786 -0.650000
0.173214 -0.650000
0.194643 -0.650000
0.216071 -0.650000
0.237500 -0.650000
0.282143 -0.650000
0.507143 -0.650000
-0.580357 -0.651786
-0.500000 -0.651786
-0.360714 -0.651786
-0.339286 -0.651786
-0.317857 -0.651786
-0.296429 -0.651786
-0.275000 -0.651786
-0.253571 -0.651786
-0.232143 -0.651786
-0.210714 -0.651786
-0.189286 -0.651786
-0.162500 -0.651786
-0.141071 -0.651786
-0.119643 -0.651786
-0.098214 -0.651786
-0.071429 -0.651786
-0.050000 -0.651786
-0.028571 -0.651786
-0.003571 -0.651786
0.017857 -0.651786
0.039286 -0.651786
0.060714 -0.651786
0.082143 -0.651786
0.103571 -0.651786
0.125000 -0.651786
0.146429 -0.651786
0.167857 -0.651786
0.189286 -0.651786
0.210714 -0.651786
0.232143 -0.651786
0.276786 -0.651786
0.500000 -0.651786
0.637500 -0.651786
-0.507143 -0.653571
-0.371429 -0.653571
-0.342857 -0.653571
-0.321429 -0.653571
-0.300000 -0.653571
-0.278571 -0.653571
-0.257143 -0.653571
-0.235714 -0.653571
-0.214286 -0.653571
-0.192857 -0.653571
-0.171429 -0.653571
-0.144643 -0.653571
-0.123214 -0.653571
-0.101786 -0.653571
-0.073214 -0.653571
-0.051786 -0.653571
-0.030357 -0.653571
-0.007143 -0.653571
0.014286 -0.653571
0.035714 -0.653571
0.057143 -0.653571
0.078571 -0.653571
0.100000 -0.653571
0.121429 -0.653571
0.142857 -0.653571
0.164286 -0.653571
0.185714 -0.653571
0.207143 -0.653571
0.228571 -0.653571
0.271429 -0.653571
0.491071 -0.653571
0.641071 -0.653571
-0.507143 -0.655357
-0.367857 -0.655357
-0.342857 -0.655357
-0.321429 -0.655357
-0.300000 -0.655357
-0.278571 -0.655357
-0.257143 -0.655357
-0.235714 -0.655357
-0.214286 -0.655357
-0.192857 -0.655357
-0.171429 -0.655357
-0.142857 -0.655357
-0.121429 -0.655357
-0.100000 -0.655357
-0.071429 -0.655357
-0.050000 -0.655357
-0.025000 -0.655357
-0.003571 -0.655357
0.017857 -0.655357
0.039286 -0.655357
0.060714 -0.655357
0.082143 -0.655357
0.103571 -0.655357
0.125000 -0.655357
0.146429 -0.655357
0.167857 -0.655357
0.189286 -0.655357
0.210714 -0.655357
0.232143 -0.655357
0.276786 -0.655357
0.501786 -0.655357
-0.587500 -0.657143
-0.503571 -0.657143
-0.358929 -0.657143
-0.337500 -0.657143
-0.316071 -0.657143
-0.294643 -0.657143
-0.273214 -0.657143
-0.251786 -0.657143
-0.230357 -0.657143
-0.208929 -0.657143
-0.187500 -0.657143
-0.166071 -0.657143
-0.133929 -0.657143
-0.112500 -0.657143
-0.082143 -0.657143
-0.060714 -0.657143
-0.039286 -0.657143
-0.014286 -0.657143
0.007143 -0.657143
0.028571 -0.657143
0.050000 -0.657143
0.071429 -0.657143
0.092857 -0.657143
0.114286 -0.657143
0.135714 -0.657143
0.157143 -0.657143
0.178571 -0.657143
0.200000 -0.657143
0.221429 -0.657143
0.266071 -0.657143
0.310714 -0.657143
0.644643 -0.657143
-0.510714 -0.658929
-0.403571 -0.658929
-0.350000 -0.658929
-0.328571 -0.658929
-0.307143 -0.658929
-0.285714 -0.658929
-0.264286 -0.658929
-0.242857 -0.658929
-0.221429 -0.658929
-0.200000 -0.658929
-0.178571 -0.658929
-0.146429 -0.658929
-0.125000 -0.658929
-0.103571 -0.658929
-0.071429 -0.658929
-0.050000 -0.658929
-0.025000 -0.658929
-0.003571 -0.658929
0.017857 -0.658929
0.039286 -0.658929
0.060714 -0.658929
0.082143 -0.658929
0.103571 -0.658929
0.125000 -0.658929
0.146429 -0.658929
0.167857 -0.658929
0.189286 -0.658929
0.210714 -0.658929
0.235714 -0.658929
0.276786 -0.658929
0.505357 -0.658929
-0.583929 -0.660714
-0.500000 -0.660714
-0.358929 -0.660714
-0.337500 -0.660714
-0.316071 -0.660714
-0.294643 -0.660714
-0.273214 -0.660714
-0.251786 -0.660714
-0.230357 -0.660714
-0.208929 -0.660714
-0.187500 -0.660714
-0.166071 -0.660714
-0.133929 -0.660714
-0.112500 -0.660714
-0.076786 -0.660714
-0.055357 -0.660714
-0.033929 -0.660714
-0.012500 -0.660714
0.008929 -0.660714
0.030357 -0.660714
0.051786 -0.660714
0.073214 -0.660714
0.094643 -0.660714
0.116071 -0.660714
0.137500 -0.660714
0.158929 -0.660714
0.180357 -0.660714
0.201786 -0.660714
0.223214 -0.660714
0.267857 -0.660714
0.492857 -0.660714
-0.591071 -0.662500
-0.505357 -0.662500
-0.371429 -0.662500
-0.344643 -0.662500
-0.323214 -0.662500
-0.301786 -0.662500
-0.280357 -0.662500
-0.258929 -0.662500
-0.237500 -0.662500
-0.216071 -0.662500
-0.194643 -0.662500
-0.173214 -0.662500
-0.151786 -0.662500
-0.096429 -0.662500
-0.075000 -0.662500
-0.053571 -0.662500
-0.032143 -0.662500
-0.010714 -0.662500
0.010714 -0.662500
0.032143 -0.662500
0.053571 -0.662500
0.075000 -0.662500
0.096429 -0.662500
0.117857 -0.662500
0.139286 -0.662500
0.160714 -0.662500
0.182143 -0.662500
0.203571 -0.662500
0.225000 -0.662500
0.267857 -0.662500
0.503571 -0.662500
-0.589286 -0.664286
-0.501786 -0.664286
-0.362500 -0.664286
-0.337500 -0.664286
-0.316071 -0.664286
-0.294643 -0.664286
-0.273214 -0.664286
-0.251786 -0.664286
-0.230357 -0.664286
-0.208929 -0.664286
-0.187500 -0.664286
-0.166071 -0.664286
-0.144643 -0.664286
-0.100000 -0.664286
-0.078571 -0.664286
-0.057143 -0.664286
-0.035714 -0.664286
-0.014286 -0.664286
0.007143 -0.664286
0.028571 -0.664286
0.050000 -0.664286
0.071429 -0.664286
0.092857 -0.664286
0.114286 -0.664286
0.135714 -0.664286
0.157143 -0.664286
0.178571 -0.664286
0.200000 -0.664286
0.221429 -0.664286
0.264286 -0.664286
0.308929 -0.664286
-0.596429 -0.666071
-0.507143 -0.666071
-0.369643 -0.666071
-0.341071 -0.666071
-0.319643 -0.666071
-0.298214 -0.666071
-0.276786 -0.666071
-0.255357 -0.666071
-0.233929 -0.666071
-0.212500 -0.666071
-0.191071 -0.666071
-0.169643 -0.666071
-0.117857 -0.666071
-0.096429 -0.666071
-0.071429 -0.666071
-0.050000 -0.666071
-0.028571 -0.666071
-0.007143 -0.666071
0.014286 -0.666071
0.035714 -0.666071
0.057143 -0.666071
0.078571 -0.666071
0.100000 -0.666071
0.121429 -0.666071
0.142857 -0.666071
0.164286 -0.666071
0.185714 -0.666071
0.207143 -0.666071
0.233929 -0.666071
0.289286 -0.666071
0.510714 -0.666071
-0.583929 -0.667857
-0.407143 -0.667857
-0.351786 -0.667857
-0.330357 -0.667857
-0.308929 -0.667857
-0.287500 -0.667857
-0.266071 -0.667857
-0.244643 -0.667857
-0.223214 -0.667857
-0.201786 -0.667857
-0.180357 -0.667857
-0.158929 -0.667857
-0.137500 -0.667857
-0.116071 -0.667857
-0.094643 -0.667857
-0.067857 -0.667857
-0.046429 -0.667857
-0.025000 -0.667857
-0.003571 -0.667857
0.017857 -0.667857
0.039286 -0.667857
0.060714 -0.667857
0.082143 -0.667857
0.103571 -0.667857
0.125000 -0.667857
0.146429 -0.667857
0.167857 -0.667857
0.189286 -0.667857
0.210714 -0.667857
0.235714 -0.667857
0.301786 -0.667857
0.514286 -0.667857
-0.510714 -0.669643
-0.375000 -0.669643
-0.342857 -0.669643
-0.321429 -0.669643
-0.300000 -0.669643
-0.278571 -0.669643
-0.257143 -0.669643
-0.235714 -0.669643
-0.214286 -0.669643
-0.192857 -0.669643
-0.171429 -0.669643
-0.150000 -0.669643
-0.128571 -0.669643
-0.107143 -0.669643
-0.078571 -0.669643
-0.057143 -0.669643
-0.035714 -0.669643
-0.014286 -0.669643
0.007143 -0.669643
0.028571 -0.669643
0.050000 -0.669643
0.071429 -0.669643
0.092857 -0.669643
0.114286 -0.669643
0.135714 -0.669643
0.157143 -0.669643
0.178571 -0.669643
0.200000 -0.669643
0.225000 -0.669643
0.266071 -0.669643
0.505357 -0.669643
-0.589286 -0.671429
-0.410714 -0.671429
-0.355357 -0.671429
-0.333929 -0.671429
-0.312500 -0.671429
-0.291071 -0.671429
-0.269643 -0.671429
-0.248214 -0.671429
-0.226786 -0.671429
-0.205357 -0.671429
-0.183929 -0.671429
-0.162500 -0.671429
-0.141071 -0.671429
-0.119643 -0.671429
-0.091071 -0.671429
-0.069643 -0.671429
-0.048214 -0.671429
-0.026786 -0.671429
-0.005357 -0.671429
0.016071 -0.671429
0.037500 -0.671429
0.058929 -0.671429
0.080357 -0.671429
0.101786 -0.671429
0.123214 -0.671429
0.144643 -0.671429
0.166071 -0.671429
0.187500 -0.671429
0.208929 -0.671429
0.233929 -0.671429
0.301786 -0.671429
0.516071 -0.671429
-0.510714 -0.673214
-0.376786 -0.673214
-0.344643 -0.673214
-0.323214 -0.673214
-0.301786 -0.673214
-0.280357 -0.673214
-0.258929 -0.673214
-0.237500 -0.673214
-0.216071 -0.673214
-0.194643 -0.673214
-0.173214 -0.673214
-0.151786 -0.673214
-0.130357 -0.673214
-0.101786 -0.673214
-0.080357 -0.673214
-0.058929 -0.673214
-0.037500 -0.673214
-0.016071 -0.673214
0.005357 -0.673214
0.026786 -0.673214
0.048214 -0.673214
0.069643 -0.673214
0.091071 -0.673214
0.112500 -0.673214
0.133929 -0.673214
0.155357 -0.673214
0.176786 -0.673214
0.198214 -0.673214
0.223214 -0.673214
0.264286 -0.673214
0.507143 -0.673214
-0.592857 -0.675000
-0.410714 -0.675000
-0.353571 -0.675000
-0.332143 -0.675000
-0.310714 -0.675000
-0.289286 -0.675000
-0.267857 -0.675000
-0.246429 -0.675000
-0.225000 -0.675000
-0.203571 -0.675000
-0.182143 -0.675000
-0.160714 -0.675000
-0.110714 -0.675000
-0.089286 -0.675000
-0.067857 -0.675000
-0.046429 -0.675000
-0.025000 -0.675000
-0.003571 -0.675000
0.017857 -0.675000
0.039286 -0.675000
0.060714 -0.675000
0.082143 -0.675000
0.103571 -0.675000
0.125000 -0.675000
0.146429 -0.675000
0.167857 -0.675000
0.189286 -0.675000
0.210714 -0.675000
0.255357 -0.675000
0.303571 -0.675000
-0.603571 -0.676786
-0.508929 -0.676786
-0.366071 -0.676786
-0.337500 -0.676786
-0.316071 -0.676786
-0.294643 -0.676786
-0.273214 -0.676786
-0.251786 -0.676786
-0.230357 -0.676786
-0.208929 -0.676786
-0.187500 -0.676786
-0.166071 -0.676786
-0.144643 -0.676786
-0.123214 -0.676786
-0.101786 -0.676786
-0.080357 -0.676786
-0.057143 -0.676786
-0.035714 -0.676786
-0.014286 -0.676786
0.007143 -0.676786
0.028571 -0.676786
0.050000 -0.676786
0.071429 -0.676786
0.092857 -0.676786
0.114286 -0.676786
0.135714 -0.676786
0.157143 -0.676786
0.178571 -0.676786
0.200000 -0.676786
0.223214 -0.676786
0.283929 -0.676786
0.512500 -0.676786
-0.516071 -0.678571
-0.405357 -0.678571
-0.348214 -0.678571
-0.326786 -0.678571
-0.305357 -0.678571
-0.283929 -0.678571
-0.262500 -0.678571
-0.241071 -0.678571
-0.219643 -0.678571
-0.198214 -0.678571
-0.176786 -0.678571
-0.155357 -0.678571
-0.133929 -0.678571
-0.112500 -0.678571
-0.091071 -0.678571
-0.069643 -0.678571
-0.048214 -0.678571
-0.026786 -0.678571
-0.005357 -0.678571
0.016071 -0.678571
0.037500 -0.678571
0.058929 -0.678571
0.080357 -0.678571
0.101786 -0.678571
0.123214 -0.678571
0.144643 -0.678571
0.166071 -0.678571
0.187500 -0.678571
0.208929 -0.678571
0.251786 -0.678571
0.301786 -0.678571
-0.607143 -0.680357
-0.510714 -0.680357
-0.367857 -0.680357
-0.339286 -0.680357
-0.317857 -0.680357
-0.296429 -0.680357
-0.275000 -0.680357
-0.253571 -0.680357
-0.232143 -0.680357
-0.210714 -0.680357
-0.189286 -0.680357
-0.167857 -0.680357
-0.146429 -0.680357
-0.125000 -0.680357
-0.103571 -0.680357
-0.082143 -0.680357
-0.060714 -0.680357
-0.039286 -0.680357
-0.017857 -0.680357
0.003571 -0.680357
0.025000 -0.680357
0.046429 -0.680357
0.067857 -0.680357
0.089286 -0.680357
0.110714 -0.680357
0.132143 -0.680357
0.153571 -0.680357
0.175000 -0.680357
0.196429 -0.680357
0.219643 -0.680357
0.262500 -0.680357
0.512500 -0.680357
-0.517857 -0.682143
-0.403571 -0.682143
-0.346429 -0.682143
-0.325000 -0.682143
-0.303571 -0.682143
-0.282143 -0.682143
-0.260714 -0.682143
-0.239286 -0.682143
-0.217857 -0.682143
-0.196429 -0.682143
-0.175000 -0.682143
-0.153571 -0.682143
-0.132143 -0.682143
-0.110714 -0.682143
-0.087500 -0.682143
-0.066071 -0.682143
-0.044643 -0.682143
-0.023214 -0.682143
-0.001786 -0.682143
0.019643 -0.682143
0.041071 -0.682143
0.062500 -0.682143
0.083929 -0.682143
0.105357 -0.682143
0.126786 -0.682143
0.148214 -0.682143
0.169643 -0.682143
0.191071 -0.682143
0.214286 -0.682143
0.255357 -0.682143
0.498214 -0.682143
-0.603571 -0.683929
-0.500000 -0.683929
-0.357143 -0.683929
-0.332143 -0.683929
-0.310714 -0.683929
-0.289286 -0.683929
-0.267857 -0.683929
-0.246429 -0.683929
-0.225000 -0.683929
-0.203571 -0.683929
-0.182143 -0.683929
-0.160714 -0.683929
-0.139286 -0.683929
-0.117857 -0.683929
-0.094643 -0.683929
-0.073214 -0.683929
-0.051786 -0.683929
-0.030357 -0.683929
-0.008929 -0.683929
0.012500 -0.683929
0.033929 -0.683929
0.055357 -0.683929
0.076786 -0.683929
0.098214 -0.683929
0.119643 -0.683929
0.141071 -0.683929
0.162500 -0.683929
0.183929 -0.683929
0.205357 -0.683929
0.248214 -0.683929
0.298214 -0.683929
-0.610714 -0.685714
-0.508929 -0.685714
-0.366071 -0.685714
-0.337500 -0.685714
-0.316071 -0.685714
-0.294643 -0.685714
-0.273214 -0.685714
-0.251786 -0.685714
-0.230357 -0.685714
-0.208929 -0.685714
-0.187500 -0.685714
-0.166071 -0.685714
-0.144643 -0.685714
-0.123214 -0.685714
-0.094643 -0.685714
-0.073214 -0.685714
-0.051786 -0.685714
-0.030357 -0.685714
-0.008929 -0.685714
0.012500 -0.685714
0.033929 -0.685714
0.055357 -0.685714
0.076786 -0.685714
0.098214 -0.685714
0.119643 -0.685714
0.141071 -0.685714
0.162500 -0.685714
0.183929 -0.685714
0.208929 -0.685714
0.250000 -0.685714
0.498214 -0.685714
-0.607143 -0.687500
-0.410714 -0.687500
-0.357143 -0.687500
-0.332143 -0.687500
-0.310714 -0.687500
-0.289286 -0.687500
-0.267857 -0.687500
-0.246429 -0.687500
-0.225000 -0.687500
-0.203571 -0.687500
-0.182143 -0.687500
-0.160714 -0.687500
-0.139286 -0.687500
-0.107143 -0.687500
-0.085714 -0.687500
-0.064286 -0.687500
-0.042857 -0.687500
-0.021429 -0.687500
0.000000 -0.687500
0.021429 -0.687500
0.042857 -0.687500
0.064286 -0.687500
0.085714 -0.687500
0.107143 -0.687500
0.128571 -0.687500
0.150000 -0.687500
0.171429 -0.687500
0.192857 -0.687500
0.217857 -0.687500
0.280357 -0.687500
0.516071 -0.687500
-0.517857 -0.689286
-0.403571 -0.689286
-0.351786 -0.689286
-0.326786 -0.689286
-0.305357 -0.689286
-0.283929 -0.689286
-0.262500 -0.689286
-0.241071 -0.689286
-0.219643 -0.689286
-0.198214 -0.689286
-0.176786 -0.689286
-0.155357 -0.689286
-0.126786 -0.689286
-0.105357 -0.689286
-0.083929 -0.689286
-0.062500 -0.689286
-0.041071 -0.689286
-0.019643 -0.689286
0.001786 -0.689286
0.023214 -0.689286
0.044643 -0.689286
0.066071 -0.689286
0.087500 -0.689286
0.108929 -0.689286
0.130357 -0.689286
0.151786 -0.689286
0.173214 -0.689286
0.194643 -0.689286
0.226786 -0.689286
0.282143 -0.689286
0.516071 -0.689286
-0.519643 -0.691071
-0.403571 -0.691071
-0.351786 -0.691071
-0.326786 -0.691071
-0.305357 -0.691071
-0.283929 -0.691071
-0.262500 -0.691071
-0.241071 -0.691071
-0.219643 -0.691071
-0.198214 -0.691071
-0.176786 -0.691071
-0.155357 -0.691071
-0.133929 -0.691071
-0.112500 -0.691071
-0.091071 -0.691071
-0.069643 -0.691071
-0.048214 -0.691071
-0.026786 -0.691071
-0.005357 -0.691071
0.016071 -0.691071
0.037500 -0.691071
0.058929 -0.691071
0.080357 -0.691071
0.101786 -0.691071
0.123214 -0.691071
0.144643 -0.691071
0.166071 -0.691071
0.187500 -0.691071
0.212500 -0.691071
0.251786 -0.691071
0.512500 -0.691071
-0.607143 -0.692857
-0.407143 -0.692857
-0.351786 -0.692857
-0.326786 -0.692857
-0.305357 -0.692857
-0.283929 -0.692857
-0.262500 -0.692857
-0.241071 -0.692857
-0.219643 -0.692857
-0.198214 -0.692857
-0.176786 -0.692857
-0.155357 -0.692857
-0.133929 -0.692857
-0.112500 -0.692857
-0.091071 -0.692857
-0.069643 -0.692857
-0.048214 -0.692857
-0.026786 -0.692857
-0.005357 -0.692857
0.016071 -0.692857
0.037500 -0.692857
0.058929 -0.692857
0.080357 -0.692857
0.101786 -0.692857
0.123214 -0.692857
0.144643 -0.692857
0.166071 -0.692857
0.187500 -0.692857
0.212500 -0.692857
0.253571 -0.692857
0.512500 -0.692857
-0.608929 -0.694643
-0.405357 -0.694643
-0.351786 -0.694643
-0.326786 -0.694643
-0.305357 -0.694643
-0.283929 -0.694643
-0.262500 -0.694643
-0.241071 -0.694643
-0.219643 -0.694643
-0.198214 -0.694643
-0.176786 -0.694643
-0.155357 -0.694643
-0.133929 -0.694643
-0.112500 -0.694643
-0.091071 -0.694643
-0.069643 -0.694643
-0.048214 -0.694643
-0.026786 -0.694643
-0.005357 -0.694643
0.016071 -0.694643
0.037500 -0.694643
0.058929 -0.694643
0.080357 -0.694643
0.101786 -0.694643
0.123214 -0.694643
0.144643 -0.694643
0.166071 -0.694643
0.187500 -0.694643
0.217857 -0.694643
0.276786 -0.694643
0.517857 -0.694643
-0.517857 -0.696429
-0.378571 -0.696429
-0.337500 -0.696429
-0.316071 -0.696429
-0.294643 -0.696429
-0.273214 -0.696429
-0.251786 -0.696429
-0.230357 -0.696429
-0.208929 -0.696429
-0.187500 -0.696429
-0.166071 -0.696429
-0.144643 -0.696429
-0.123214 -0.696429
-0.101786 -0.696429
-0.080357 -0.696429
-0.058929 -0.696429
-0.037500 -0.696429
-0.016071 -0.696429
0.005357 -0.696429
0.026786 -0.696429
0.048214 -0.696429
0.069643 -0.696429
0.091071 -0.696429
0.112500 -0.696429
0.133929 -0.696429
0.155357 -0.696429
0.176786 -0.696429
0.201786 -0.696429
0.241071 -0.696429
0.294643 -0.696429
-0.619643 -0.698214
-0.505357 -0.698214
-0.360714 -0.698214
-0.333929 -0.698214
-0.312500 -0.698214
-0.291071 -0.698214
-0.269643 -0.698214
-0.248214 -0.698214
-0.226786 -0.698214
-0.205357 -0.698214
-0.183929 -0.698214
-0.162500 -0.698214
-0.141071 -0.698214
-0.119643 -0.698214
-0.098214 -0.698214
-0.076786 -0.698214
-0.055357 -0.698214
-0.033929 -0.698214
-0.012500 -0.698214
0.008929 -0.698214
0.030357 -0.698214
0.051786 -0.698214
0.073214 -0.698214
0.094643 -0.698214
0.116071 -0.698214
0.137500 -0.698214
0.158929 -0.698214
0.180357 -0.698214
0.203571 -0.698214
0.244643 -0.698214
0.512500 -0.698214
-0.614286 -0.700000
-0.405357 -0.700000
-0.348214 -0.700000
-0.323214 -0.700000
-0.301786 -0.700000
-0.280357 -0.700000
-0.258929 -0.700000
-0.237500 -0.700000
-0.216071 -0.700000
-0.194643 -0.700000
-0.173214 -0.700000
-0.151786 -0.700000
-0.130357 -0.700000
-0.108929 -0.700000
-0.087500 -0.700000
-0.066071 -0.700000
-0.044643 -0.700000
-0.023214 -0.700000
-0.001786 -0.700000
0.019643 -0.700000
0.041071 -0.700000
0.062500 -0.700000
0.083929 -0.700000
0.105357 -0.700000
0.126786 -0.700000
0.148214 -0.700000
0.169643 -0.700000
0.194643 -0.700000
0.235714 -0.700000
0.291071 -0.700000
-0.625000 -0.701786
-0.516071 -0.701786
-0.369643 -0.701786
-0.337500 -0.701786
-0.316071 -0.701786
-0.294643 -0.701786
-0.273214 -0.701786
-0.251786 -0.701786
-0.230357 -0.701786
-0.208929 -0.701786
-0.187500 -0.701786
-0.166071 -0.701786
-0.144643 -0.701786
-0.123214 -0.701786
-0.101786 -0.701786
-0.080357 -0.701786
-0.058929 -0.701786
-0.037500 -0.701786
-0.016071 -0.701786
0.005357 -0.701786
0.026786 -0.701786
0.048214 -0.701786
0.069643 -0.701786
0.091071 -0.701786
0.112500 -0.701786
0.133929 -0.701786
0.155357 -0.701786
0.176786 -0.701786
0.201786 -0.701786
0.242857 -0.701786
0.512500 -0.701786
-0.617857 -0.703571
-0.407143 -0.703571
-0.357143 -0.703571
-0.326786 -0.703571
-0.305357 -0.703571
-0.283929 -0.703571
-0.262500 -0.703571
-0.241071 -0.703571
-0.219643 -0.703571
-0.198214 -0.703571
-0.176786 -0.703571
-0.155357 -0.703571
-0.133929 -0.703571
-0.112500 -0.703571
-0.091071 -0.703571
-0.069643 -0.703571
-0.048214 -0.703571
-0.026786 -0.703571
-0.005357 -0.703571
0.016071 -0.703571
0.037500 -0.703571
0.058929 -0.703571
0.080357 -0.703571
0.101786 -0.703571
0.123214 -0.703571
0.144643 -0.703571
0.166071 -0.703571
0.191071 -0.703571
0.233929 -0.703571
0.287500 -0.703571
-0.630357 -0.705357
-0.517857 -0.705357
-0.376786 -0.705357
-0.342857 -0.705357
-0.319643 -0.705357
-0.298214 -0.705357
-0.276786 -0.705357
-0.255357 -0.705357
-0.233929 -0.705357
-0.212500 -0.705357
-0.191071 -0.705357
-0.169643 -0.705357
-0.148214 -0.705357
-0.126786 -0.705357
-0.105357 -0.705357
-0.083929 -0.705357
-0.062500 -0.705357
-0.041071 -0.705357
-0.019643 -0.705357
0.001786 -0.705357
0.023214 -0.705357
0.044643 -0.705357
0.066071 -0.705357
0.087500 -0.705357
0.108929 -0.705357
0.130357 -0.705357
0.151786 -0.705357
0.173214 -0.705357
0.198214 -0.705357
0.241071 -0.705357
0.512500 -0.705357
-0.619643 -0.707143
-0.403571 -0.707143
-0.346429 -0.707143
-0.321429 -0.707143
-0.300000 -0.707143
-0.278571 -0.707143
-0.257143 -0.707143
-0.235714 -0.707143
-0.214286 -0.707143
-0.192857 -0.707143
-0.171429 -0.707143
-0.150000 -0.707143
-0.128571 -0.707143
-0.107143 -0.707143
-0.085714 -0.707143
-0.064286 -0.707143
-0.042857 -0.707143
-0.021429 -0.707143
0.000000 -0.707143
0.021429 -0.707143
0.042857 -0.707143
0.064286 -0.707143
0.085714 -0.707143
0.107143 -0.707143
0.128571 -0.707143
0.150000 -0.707143
0.171429 -0.707143
0.196429 -0.707143
0.239286 -0.707143
0.514286 -0.707143
-0.621429 -0.708929
-0.405357 -0.708929
-0.355357 -0.708929
-0.326786 -0.708929
-0.305357 -0.708929
-0.283929 -0.708929
-0.262500 -0.708929
-0.241071 -0.708929
-0.219643 -0.708929
-0.198214 -0.708929
-0.176786 -0.708929
-0.155357 -0.708929
-0.133929 -0.708929
-0.112500 -0.708929
-0.091071 -0.708929
-0.069643 -0.708929
-0.048214 -0.708929
-0.026786 -0.708929
-0.005357 -0.708929
0.016071 -0.708929
0.037500 -0.708929
0.058929 -0.708929
0.080357 -0.708929
0.101786 -0.708929
0.123214 -0.708929
0.144643 -0.708929
0.166071 -0.708929
0.191071 -0.708929
0.232143 -0.708929
0.287500 -0.708929
-0.632143 -0.710714
-0.516071 -0.710714
-0.366071 -0.710714
-0.332143 -0.710714
-0.310714 -0.710714
-0.289286 -0.710714
-0.267857 -0.710714
-0.246429 -0.710714
-0.225000 -0.710714
-0.203571 -0.710714
-0.182143 -0.710714
-0.160714 -0.710714
-0.139286 -0.710714
-0.117857 -0.710714
-0.096429 -0.710714
-0.075000 -0.710714
-0.053571 -0.710714
-0.032143 -0.710714
-0.010714 -0.710714
0.010714 -0.710714
0.032143 -0.710714
0.053571 -0.710714
0.075000 -0.710714
0.096429 -0.710714
0.117857 -0.710714
0.139286 -0.710714
0.160714 -0.710714
0.185714 -0.710714
0.214286 -0.710714
0.269643 -0.710714
0.521429 -0.710714
-0.521429 -0.712500
-0.400000 -0.712500
-0.344643 -0.712500
-0.319643 -0.712500
-0.298214 -0.712500
-0.276786 -0.712500
-0.255357 -0.712500
-0.233929 -0.712500
-0.212500 -0.712500
-0.191071 -0.712500
-0.169643 -0.712500
-0.148214 -0.712500
-0.126786 -0.712500
-0.105357 -0.712500
-0.083929 -0.712500
-0.062500 -0.712500
-0.041071 -0.712500
-0.019643 -0.712500
0.001786 -0.712500
0.023214 -0.712500
0.044643 -0.712500
0.066071 -0.712500
0.087500 -0.712500
0.108929 -0.712500
0.130357 -0.712500
0.151786 -0.712500
0.173214 -0.712500
0.200000 -0.712500
0.237500 -0.712500
0.503571 -0.712500
-0.630357 -0.714286
-0.407143 -0.714286
-0.362500 -0.714286
-0.328571 -0.714286
-0.307143 -0.714286
-0.285714 -0.714286
-0.264286 -0.714286
-0.242857 -0.714286
-0.221429 -0.714286
-0.200000 -0.714286
-0.178571 -0.714286
-0.157143 -0.714286
-0.135714 -0.714286
-0.114286 -0.714286
-0.092857 -0.714286
-0.071429 -0.714286
-0.050000 -0.714286
-0.028571 -0.714286
-0.007143 -0.714286
0.014286 -0.714286
0.035714 -0.714286
0.057143 -0.714286
0.078571 -0.714286
0.100000 -0.714286
0.121429 -0.714286
0.142857 -0.714286
0.164286 -0.714286
0.187500 -0.714286
0.228571 -0.714286
0.269643 -0.714286
-0.639286 -0.716071
-0.521429 -0.716071
-0.398214 -0.716071
-0.342857 -0.716071
-0.319643 -0.716071
-0.298214 -0.716071
-0.276786 -0.716071
-0.255357 -0.716071
-0.233929 -0.716071
-0.212500 -0.716071
-0.191071 -0.716071
-0.169643 -0.716071
-0.148214 -0.716071
-0.126786 -0.716071
-0.105357 -0.716071
-0.083929 -0.716071
-0.062500 -0.716071
-0.041071 -0.716071
-0.019643 -0.716071
0.001786 -0.716071
0.023214 -0.716071
0.044643 -0.716071
0.066071 -0.716071
0.087500 -0.716071
0.108929 -0.716071
0.130357 -0.716071
0.151786 -0.716071
0.175000 -0.716071
0.200000 -0.716071
0.237500 -0.716071
0.517857 -0.716071
-0.626786 -0.717857
-0.403571 -0.717857
-0.350000 -0.717857
-0.319643 -0.717857
-0.298214 -0.717857
-0.276786 -0.717857
-0.255357 -0.717857
-0.233929 -0.717857
-0.212500 -0.717857
-0.191071 -0.717857
-0.169643 -0.717857
-0.148214 -0.717857
-0.126786 -0.717857
-0.105357 -0.717857
-0.083929 -0.717857
-0.062500 -0.717857
-0.041071 -0.717857
-0.019643 -0.717857
0.001786 -0.717857
0.023214 -0.717857
0.044643 -0.717857
0.066071 -0.717857
0.087500 -0.717857
0.108929 -0.717857
0.130357 -0.717857
0.151786 -0.717857
0.176786 -0.717857
0.207143 -0.717857
0.260714 -0.717857
0.519643 -0.717857
-0.526786 -0.719643
-0.403571 -0.719643
-0.351786 -0.719643
-0.323214 -0.719643
-0.301786 -0.719643
-0.280357 -0.719643
-0.258929 -0.719643
-0.237500 -0.719643
-0.216071 -0.719643
-0.194643 -0.719643
-0.173214 -0.719643
-0.151786 -0.719643
-0.130357 -0.719643
-0.108929 -0.719643
-0.087500 -0.719643
-0.066071 -0.719643
-0.044643 -0.719643
-0.023214 -0.719643
-0.001786 -0.719643
0.019643 -0.719643
0.041071 -0.719643
0.062500 -0.719643
0.083929 -0.719643
0.105357 -0.719643
0.126786 -0.719643
0.148214 -0.719643
0.173214 -0.719643
0.203571 -0.719643
0.258929 -0.719643
0.521429 -0.719643
-0.525000 -0.721429
-0.401786 -0.721429
-0.348214 -0.721429
-0.321429 -0.721429
-0.300000 -0.721429
-0.278571 -0.721429
-0.257143 -0.721429
-0.235714 -0.721429
-0.214286 -0.721429
-0.192857 -0.721429
-0.171429 -0.721429
-0.150000 -0.721429
-0.128571 -0.721429
-0.107143 -0.721429
-0.085714 -0.721429
-0.064286 -0.721429
-0.042857 -0.721429
-0.021429 -0.721429
0.000000 -0.721429
0.021429 -0.721429
0.042857 -0.721429
0.064286 -0.721429
0.085714 -0.721429
0.107143 -0.721429
0.128571 -0.721429
0.150000 -0.721429
0.175000 -0.721429
0.205357 -0.721429
0.266071 -0.721429
-0.644643 -0.723214
-0.521429 -0.723214
-0.378571 -0.723214
-0.339286 -0.723214
-0.316071 -0.723214
-0.294643 -0.723214
-0.273214 -0.723214
-0.251786 -0.723214
-0.230357 -0.723214
-0.208929 -0.723214
-0.187500 -0.723214
-0.166071 -0.723214
-0.141071 -0.723214
-0.119643 -0.723214
-0.098214 -0.723214
-0.076786 -0.723214
-0.055357 -0.723214
-0.033929 -0.723214
-0.012500 -0.723214
0.008929 -0.723214
0.030357 -0.723214
0.051786 -0.723214
0.073214 -0.723214
0.094643 -0.723214
0.116071 -0.723214
0.137500 -0.723214
0.158929 -0.723214
0.189286 -0.723214
0.226786 -0.723214
0.516071 -0.723214
-0.637500 -0.725000
-0.410714 -0.725000
-0.364286 -0.725000
-0.332143 -0.725000
-0.308929 -0.725000
-0.287500 -0.725000
-0.266071 -0.725000
-0.244643 -0.725000
-0.223214 -0.725000
-0.201786 -0.725000
-0.180357 -0.725000
-0.158929 -0.725000
-0.137500 -0.725000
-0.116071 -0.725000
-0.094643 -0.725000
-0.073214 -0.725000
-0.051786 -0.725000
-0.030357 -0.725000
-0.008929 -0.725000
0.012500 -0.725000
0.033929 -0.725000
0.055357 -0.725000
0.076786 -0.725000
0.098214 -0.725000
0.119643 -0.725000
0.141071 -0.725000
0.166071 -0.725000
0.192857 -0.725000
0.257143 -0.725000
0.526786 -0.725000
-0.523214 -0.726786
-0.398214 -0.726786
-0.342857 -0.726786
-0.314286 -0.726786
-0.292857 -0.726786
-0.271429 -0.726786
-0.250000 -0.726786
-0.228571 -0.726786
-0.207143 -0.726786
-0.185714 -0.726786
-0.164286 -0.726786
-0.142857 -0.726786
-0.121429 -0.726786
-0.100000 -0.726786
-0.078571 -0.726786
-0.057143 -0.726786
-0.035714 -0.726786
-0.014286 -0.726786
0.007143 -0.726786
0.028571 -0.726786
0.050000 -0.726786
0.071429 -0.726786
0.092857 -0.726786
0.114286 -0.726786
0.135714 -0.726786
0.157143 -0.726786
0.185714 -0.726786
0.226786 -0.726786
0.521429 -0.726786
-0.526786 -0.728571
-0.400000 -0.728571
-0.350000 -0.728571
-0.326786 -0.728571
-0.303571 -0.728571
-0.282143 -0.728571
-0.260714 -0.728571
-0.239286 -0.728571
-0.217857 -0.728571
-0.196429 -0.728571
-0.175000 -0.728571
-0.153571 -0.728571
-0.132143 -0.728571
-0.110714 -0.728571
-0.089286 -0.728571
-0.067857 -0.728571
-0.046429 -0.728571
-0.025000 -0.728571
-0.003571 -0.728571
0.017857 -0.728571
0.039286 -0.728571
0.060714 -0.728571
0.082143 -0.728571
0.103571 -0.728571
0.125000 -0.728571
0.146429 -0.728571
0.171429 -0.728571
0.217857 -0.728571
0.516071 -0.728571
-0.641071 -0.730357
-0.405357 -0.730357
-0.348214 -0.730357
-0.319643 -0.730357
-0.298214 -0.730357
-0.276786 -0.730357
-0.255357 -0.730357
-0.233929 -0.730357
-0.212500 -0.730357
-0.191071 -0.730357
-0.169643 -0.730357
-0.148214 -0.730357
-0.126786 -0.730357
-0.105357 -0.730357
-0.083929 -0.730357
-0.062500 -0.730357
-0.041071 -0.730357
-0.019643 -0.730357
0.001786 -0.730357
0.023214 -0.730357
0.044643 -0.730357
0.066071 -0.730357
0.087500 -0.730357
0.108929 -0.730357
0.130357 -0.730357
0.151786 -0.730357
0.180357 -0.730357
0.223214 -0.730357
0.519643 -0.730357
-0.639286 -0.732143
-0.403571 -0.732143
-0.357143 -0.732143
-0.326786 -0.732143
-0.303571 -0.732143
-0.282143 -0.732143
-0.260714 -0.732143
-0.239286 -0.732143
-0.217857 -0.732143
-0.196429 -0.732143
-0.175000 -0.732143
-0.153571 -0.732143
-0.132143 -0.732143
-0.110714 -0.732143
-0.089286 -0.732143
-0.067857 -0.732143
-0.046429 -0.732143
-0.025000 -0.732143
-0.003571 -0.732143
0.017857 -0.732143
0.039286 -0.732143
0.060714 -0.732143
0.082143 -0.732143
0.103571 -0.732143
0.125000 -0.732143
0.146429 -0.732143
0.171429 -0.732143
0.217857 -0.732143
0.519643 -0.732143
-0.641071 -0.733929
-0.401786 -0.733929
-0.348214 -0.733929
-0.323214 -0.733929
-0.300000 -0.733929
-0.278571 -0.733929
-0.257143 -0.733929
-0.235714 -0.733929
-0.214286 -0.733929
-0.192857 -0.733929
-0.171429 -0.733929
-0.150000 -0.733929
-0.128571 -0.733929
-0.107143 -0.733929
-0.085714 -0.733929
-0.064286 -0.733929
-0.042857 -0.733929
-0.021429 -0.733929
0.000000 -0.733929
0.021429 -0.733929
0.042857 -0.733929
0.064286 -0.733929
0.085714 -0.733929
0.107143 -0.733929
0.128571 -0.733929
0.153571 -0.733929
0.178571 -0.733929
0.223214 -0.733929
0.526786 -0.733929
-0.526786 -0.735714
-0.375000 -0.735714
-0.339286 -0.735714
-0.310714 -0.735714
-0.289286 -0.735714
-0.267857 -0.735714
-0.246429 -0.735714
-0.225000 -0.735714
-0.203571 -0.735714
-0.182143 -0.735714
-0.160714 -0.735714
-0.139286 -0.735714
-0.117857 -0.735714
-0.094643 -0.735714
-0.073214 -0.735714
-0.051786 -0.735714
-0.030357 -0.735714
-0.008929 -0.735714
0.012500 -0.735714
0.033929 -0.735714
0.055357 -0.735714
0.076786 -0.735714
0.098214 -0.735714
0.119643 -0.735714
0.141071 -0.735714
0.164286 -0.735714
0.198214 -0.735714
0.275000 -0.735714
-0.651786 -0.737500
-0.405357 -0.737500
-0.355357 -0.737500
-0.325000 -0.737500
-0.301786 -0.737500
-0.280357 -0.737500
-0.258929 -0.737500
-0.237500 -0.737500
-0.216071 -0.737500
-0.194643 -0.737500
-0.173214 -0.737500
-0.151786 -0.737500
-0.130357 -0.737500
-0.108929 -0.737500
-0.087500 -0.737500
-0.066071 -0.737500
-0.044643 -0.737500
-0.023214 -0.737500
-0.001786 -0.737500
0.019643 -0.737500
0.041071 -0.737500
0.062500 -0.737500
0.083929 -0.737500
0.105357 -0.737500
0.126786 -0.737500
0.150000 -0.737500
0.175000 -0.737500
0.217857 -0.737500
0.523214 -0.737500
-0.530357 -0.739286
-0.394643 -0.739286
-0.341071 -0.739286
-0.314286 -0.739286
-0.292857 -0.739286
-0.271429 -0.739286
-0.250000 -0.739286
-0.228571 -0.739286
-0.207143 -0.739286
-0.185714 -0.739286
-0.164286 -0.739286
-0.142857 -0.739286
-0.121429 -0.739286
-0.100000 -0.739286
-0.078571 -0.739286
-0.057143 -0.739286
-0.035714 -0.739286
-0.014286 -0.739286
0.007143 -0.739286
0.028571 -0.739286
0.050000 -0.739286
0.071429 -0.739286
0.092857 -0.739286
0.114286 -0.739286
0.135714 -0.739286
0.160714 -0.739286
0.196429 -0.739286
0.275000 -0.739286
-0.651786 -0.741071
-0.400000 -0.741071
-0.344643 -0.741071
-0.319643 -0.741071
-0.296429 -0.741071
-0.275000 -0.741071
-0.253571 -0.741071
-0.232143 -0.741071
-0.210714 -0.741071
-0.189286 -0.741071
-0.167857 -0.741071
-0.146429 -0.741071
-0.125000 -0.741071
-0.103571 -0.741071
-0.082143 -0.741071
-0.060714 -0.741071
-0.039286 -0.741071
-0.017857 -0.741071
0.003571 -0.741071
0.025000 -0.741071
0.046429 -0.741071
0.067857 -0.741071
0.089286 -0.741071
0.110714 -0.741071
0.132143 -0.741071
0.157143 -0.741071
0.191071 -0.741071
0.258929 -0.741071
-0.657143 -0.742857
-0.400000 -0.742857
-0.350000 -0.742857
-0.319643 -0.742857
-0.296429 -0.742857
-0.275000 -0.742857
-0.253571 -0.742857
-0.232143 -0.742857
-0.210714 -0.742857
-0.189286 -0.742857
-0.167857 -0.742857
-0.146429 -0.742857
-0.125000 -0.742857
-0.103571 -0.742857
-0.082143 -0.742857
-0.060714 -0.742857
-0.039286 -0.742857
-0.017857 -0.742857
0.003571 -0.742857
0.025000 -0.742857
0.046429 -0.742857
0.067857 -0.742857
0.089286 -0.742857
0.110714 -0.742857
0.132143 -0.742857
0.155357 -0.742857
0.189286 -0.742857
0.258929 -0.742857
-0.658929 -0.744643
-0.516071 -0.744643
-0.351786 -0.744643
-0.323214 -0.744643
-0.300000 -0.744643
-0.278571 -0.744643
-0.257143 -0.744643
-0.235714 -0.744643
-0.214286 -0.744643
-0.192857 -0.744643
-0.171429 -0.744643
-0.150000 -0.744643
-0.128571 -0.744643
-0.107143 -0.744643
-0.085714 -0.744643
-0.064286 -0.744643
-0.042857 -0.744643
-0.021429 -0.744643
0.000000 -0.744643
0.021429 -0.744643
0.042857 -0.744643
0.064286 -0.744643
0.085714 -0.744643
0.107143 -0.744643
0.128571 -0.744643
0.151786 -0.744643
0.182143 -0.744643
0.255357 -0.744643
-0.662500 -0.746429
-0.517857 -0.746429
-0.360714 -0.746429
-0.325000 -0.746429
-0.301786 -0.746429
-0.280357 -0.746429
-0.258929 -0.746429
-0.237500 -0.746429
-0.216071 -0.746429
-0.194643 -0.746429
-0.173214 -0.746429
-0.151786 -0.746429
-0.130357 -0.746429
-0.108929 -0.746429
-0.087500 -0.746429
-0.066071 -0.746429
-0.044643 -0.746429
-0.023214 -0.746429
-0.001786 -0.746429
0.019643 -0.746429
0.041071 -0.746429
0.062500 -0.746429
0.083929 -0.746429
0.105357 -0.746429
0.126786 -0.746429
0.150000 -0.746429
0.187500 -0.746429
0.258929 -0.746429
-0.660714 -0.748214
-0.398214 -0.748214
-0.346429 -0.748214
-0.317857 -0.748214
-0.294643 -0.748214
-0.273214 -0.748214
-0.251786 -0.748214
-0.230357 -0.748214
-0.208929 -0.748214
-0.187500 -0.748214
-0.166071 -0.748214
-0.144643 -0.748214
-0.123214 -0.748214
-0.101786 -0.748214
-0.080357 -0.748214
-0.058929 -0.748214
-0.037500 -0.748214
-0.016071 -0.748214
0.005357 -0.748214
0.026786 -0.748214
0.048214 -0.748214
0.069643 -0.748214
0.091071 -0.748214
0.112500 -0.748214
0.137500 -0.748214
0.164286 -0.748214
0.207143 -0.748214
0.523214 -0.748214
-0.555357 -0.750000
-0.392857 -0.750000
-0.335714 -0.750000
-0.312500 -0.750000
-0.289286 -0.750000
-0.267857 -0.750000
-0.246429 -0.750000
-0.225000 -0.750000
-0.203571 -0.750000
-0.182143 -0.750000
-0.160714 -0.750000
-0.139286 -0.750000
-0.117857 -0.750000
-0.096429 -0.750000
-0.075000 -0.750000
-0.053571 -0.750000
-0.032143 -0.750000
-0.010714 -0.750000
0.010714 -0.750000
0.032143 -0.750000
0.053571 -0.750000
0.075000 -0.750000
0.096429 -0.750000
0.117857 -0.750000
0.142857 -0.750000
0.173214 -0.750000
0.210714 -0.750000
0.525000 -0.750000
-0.558929 -0.751786
-0.521429 -0.751786
-0.355357 -0.751786
-0.323214 -0.751786
-0.300000 -0.751786
-0.278571 -0.751786
-0.257143 -0.751786
-0.235714 -0.751786
-0.214286 -0.751786
-0.192857 -0.751786
-0.171429 -0.751786
-0.150000 -0.751786
-0.128571 -0.751786
-0.107143 -0.751786
-0.085714 -0.751786
-0.064286 -0.751786
-0.042857 -0.751786
-0.021429 -0.751786
0.000000 -0.751786
0.021429 -0.751786
0.042857 -0.751786
0.064286 -0.751786
0.085714 -0.751786
0.107143 -0.751786
0.130357 -0.751786
0.151786 -0.751786
0.183929 -0.751786
0.269643 -0.751786
-0.664286 -0.753571
-0.533929 -0.753571
-0.366071 -0.753571
-0.330357 -0.753571
-0.305357 -0.753571
-0.283929 -0.753571
-0.262500 -0.753571
-0.241071 -0.753571
-0.219643 -0.753571
-0.198214 -0.753571
-0.176786 -0.753571
-0.155357 -0.753571
-0.133929 -0.753571
-0.112500 -0.753571
-0.091071 -0.753571
-0.069643 -0.753571
-0.048214 -0.753571
-0.026786 -0.753571
-0.005357 -0.753571
0.016071 -0.753571
0.037500 -0.753571
0.058929 -0.753571
0.080357 -0.753571
0.101786 -0.753571
0.123214 -0.753571
0.146429 -0.753571
0.178571 -0.753571
0.253571 -0.753571
-0.671429 -0.755357
-0.533929 -0.755357
-0.364286 -0.755357
-0.330357 -0.755357
-0.303571 -0.755357
-0.282143 -0.755357
-0.260714 -0.755357
-0.239286 -0.755357
-0.217857 -0.755357
-0.196429 -0.755357
-0.175000 -0.755357
-0.153571 -0.755357
-0.132143 -0.755357
-0.110714 -0.755357
-0.089286 -0.755357
-0.067857 -0.755357
-0.046429 -0.755357
-0.025000 -0.755357
-0.003571 -0.755357
0.017857 -0.755357
0.039286 -0.755357
0.060714 -0.755357
0.082143 -0.755357
0.103571 -0.755357
0.126786 -0.755357
0.148214 -0.755357
0.180357 -0.755357
0.510714 -0.755357
-0.664286 -0.757143
-0.396429 -0.757143
-0.344643 -0.757143
-0.316071 -0.757143
-0.292857 -0.757143
-0.271429 -0.757143
-0.250000 -0.757143
-0.228571 -0.757143
-0.207143 -0.757143
-0.185714 -0.757143
-0.164286 -0.757143
-0.142857 -0.757143
-0.121429 -0.757143
-0.100000 -0.757143
-0.078571 -0.757143
-0.057143 -0.757143
-0.035714 -0.757143
-0.014286 -0.757143
0.007143 -0.757143
0.028571 -0.757143
0.050000 -0.757143
0.071429 -0.757143
0.092857 -0.757143
0.114286 -0.757143
0.139286 -0.757143
0.171429 -0.757143
0.251786 -0.757143
-0.673214 -0.758929
-0.523214 -0.758929
-0.360714 -0.758929
-0.326786 -0.758929
-0.301786 -0.758929
-0.280357 -0.758929
-0.258929 -0.758929
-0.237500 -0.758929
-0.216071 -0.758929
-0.194643 -0.758929
-0.173214 -0.758929
-0.151786 -0.758929
-0.130357 -0.758929
-0.108929 -0.758929
-0.087500 -0.758929
-0.066071 -0.758929
-0.044643 -0.758929
-0.023214 -0.758929
-0.001786 -0.758929
0.019643 -0.758929
0.041071 -0.758929
0.062500 -0.758929
0.083929 -0.758929
0.105357 -0.758929
0.128571 -0.758929
0.155357 -0.758929
0.198214 -0.758929
0.521429 -0.758929
-0.666071 -0.760714
-0.548214 -0.760714
-0.394643 -0.760714
-0.346429 -0.760714
-0.317857 -0.760714
-0.296429 -0.760714
-0.275000 -0.760714
-0.253571 -0.760714
-0.232143 -0.760714
-0.210714 -0.760714
-0.189286 -0.760714
-0.167857 -0.760714
-0.146429 -0.760714
-0.125000 -0.760714
-0.103571 -0.760714
-0.082143 -0.760714
-0.060714 -0.760714
-0.039286 -0.760714
-0.017857 -0.760714
0.003571 -0.760714
0.025000 -0.760714
0.046429 -0.760714
0.067857 -0.760714
0.089286 -0.760714
0.110714 -0.760714
0.133929 -0.760714
0.160714 -0.760714
0.203571 -0.760714
0.530357 -0.760714
-0.573214 -0.762500
-0.551786 -0.762500
-0.521429 -0.762500
-0.353571 -0.762500
-0.321429 -0.762500
-0.296429 -0.762500
-0.275000 -0.762500
-0.253571 -0.762500
-0.232143 -0.762500
-0.210714 -0.762500
-0.189286 -0.762500
-0.167857 -0.762500
-0.146429 -0.762500
-0.125000 -0.762500
-0.103571 -0.762500
-0.082143 -0.762500
-0.060714 -0.762500
-0.039286 -0.762500
-0.017857 -0.762500
0.003571 -0.762500
0.025000 -0.762500
0.046429 -0.762500
0.067857 -0.762500
0.089286 -0.762500
0.110714 -0.762500
0.133929 -0.762500
0.160714 -0.762500
0.201786 -0.762500
0.530357 -0.762500
-0.578571 -0.764286
-0.557143 -0.764286
-0.535714 -0.764286
-0.362500 -0.764286
-0.330357 -0.764286
-0.305357 -0.764286
-0.282143 -0.764286
-0.260714 -0.764286
-0.239286 -0.764286
-0.217857 -0.764286
-0.196429 -0.764286
-0.175000 -0.764286
-0.153571 -0.764286
-0.132143 -0.764286
-0.110714 -0.764286
-0.089286 -0.764286
-0.067857 -0.764286
-0.046429 -0.764286
-0.025000 -0.764286
-0.003571 -0.764286
0.017857 -0.764286
0.039286 -0.764286
0.060714 -0.764286
0.082143 -0.764286
0.103571 -0.764286
0.125000 -0.764286
0.151786 -0.764286
0.194643 -0.764286
0.525000 -0.764286
-0.591071 -0.766071
-0.569643 -0.766071
-0.548214 -0.766071
-0.521429 -0.766071
-0.350000 -0.766071
-0.319643 -0.766071
-0.296429 -0.766071
-0.275000 -0.766071
-0.253571 -0.766071
-0.232143 -0.766071
-0.210714 -0.766071
-0.189286 -0.766071
-0.167857 -0.766071
-0.146429 -0.766071
-0.125000 -0.766071
-0.103571 -0.766071
-0.082143 -0.766071
-0.060714 -0.766071
-0.039286 -0.766071
-0.017857 -0.766071
0.003571 -0.766071
0.025000 -0.766071
0.046429 -0.766071
0.067857 -0.766071
0.089286 -0.766071
0.112500 -0.766071
0.133929 -0.766071
0.167857 -0.766071
0.248214 -0.766071
-0.680357 -0.767857
-0.585714 -0.767857
-0.564286 -0.767857
-0.542857 -0.767857
-0.389286 -0.767857
-0.342857 -0.767857
-0.317857 -0.767857
-0.294643 -0.767857
-0.273214 -0.767857
-0.251786 -0.767857
-0.230357 -0.767857
-0.208929 -0.767857
-0.187500 -0.767857
-0.166071 -0.767857
-0.144643 -0.767857
-0.123214 -0.767857
-0.101786 -0.767857
-0.080357 -0.767857
-0.058929 -0.767857
-0.037500 -0.767857
-0.016071 -0.767857
0.005357 -0.767857
0.026786 -0.767857
0.048214 -0.767857
0.069643 -0.767857
0.091071 -0.767857
0.114286 -0.767857
0.142857 -0.767857
0.175000 -0.767857
0.250000 -0.767857
-0.676786 -0.769643
-0.585714 -0.769643
-0.564286 -0.769643
-0.542857 -0.769643
-0.383929 -0.769643
-0.337500 -0.769643
-0.310714 -0.769643
-0.289286 -0.769643
-0.267857 -0.769643
-0.246429 -0.769643
-0.225000 -0.769643
-0.203571 -0.769643
-0.182143 -0.769643
-0.160714 -0.769643
-0.139286 -0.769643
-0.117857 -0.769643
-0.096429 -0.769643
-0.075000 -0.769643
-0.053571 -0.769643
-0.032143 -0.769643
-0.010714 -0.769643
0.010714 -0.769643
0.032143 -0.769643
0.053571 -0.769643
0.075000 -0.769643
0.096429 -0.769643
0.117857 -0.769643
0.146429 -0.769643
0.189286 -0.769643
0.516071 -0.769643
-0.676786 -0.771429
-0.589286 -0.771429
-0.567857 -0.771429
-0.546429 -0.771429
-0.385714 -0.771429
-0.339286 -0.771429
-0.312500 -0.771429
-0.291071 -0.771429
-0.269643 -0.771429
-0.248214 -0.771429
-0.226786 -0.771429
-0.205357 -0.771429
-0.183929 -0.771429
-0.162500 -0.771429
-0.141071 -0.771429
-0.119643 -0.771429
-0.098214 -0.771429
-0.076786 -0.771429
-0.055357 -0.771429
-0.033929 -0.771429
-0.012500 -0.771429
0.008929 -0.771429
0.030357 -0.771429
0.051786 -0.771429
0.073214 -0.771429
0.094643 -0.771429
0.116071 -0.771429
0.144643 -0.771429
0.191071 -0.771429
0.528571 -0.771429
-0.610714 -0.773214
-0.589286 -0.773214
-0.567857 -0.773214
-0.383929 -0.773214
-0.337500 -0.773214
-0.308929 -0.773214
-0.287500 -0.773214
-0.266071 -0.773214
-0.244643 -0.773214
-0.223214 -0.773214
-0.201786 -0.773214
-0.180357 -0.773214
-0.158929 -0.773214
-0.137500 -0.773214
-0.116071 -0.773214
-0.094643 -0.773214
-0.073214 -0.773214
-0.051786 -0.773214
-0.030357 -0.773214
-0.008929 -0.773214
0.012500 -0.773214
0.033929 -0.773214
0.055357 -0.773214
0.076786 -0.773214
0.098214 -0.773214
0.119643 -0.773214
0.148214 -0.773214
0.189286 -0.773214
0.528571 -0.773214
-0.614286 -0.775000
-0.592857 -0.775000
-0.571429 -0.775000
-0.376786 -0.775000
-0.326786 -0.775000
-0.303571 -0.775000
-0.282143 -0.775000
-0.260714 -0.775000
-0.239286 -0.775000
-0.217857 -0.775000
-0.196429 -0.775000
-0.175000 -0.775000
-0.153571 -0.775000
-0.132143 -0.775000
-0.110714 -0.775000
-0.089286 -0.775000
-0.067857 -0.775000
-0.046429 -0.775000
-0.025000 -0.775000
-0.003571 -0.775000
0.017857 -0.775000
0.039286 -0.775000
0.060714 -0.775000
0.082143 -0.775000
0.103571 -0.775000
0.125000 -0.775000
0.158929 -0.775000
0.196429 -0.775000
0.535714 -0.775000
-0.612500 -0.776786
-0.591071 -0.776786
-0.525000 -0.776786
-0.344643 -0.776786
-0.317857 -0.776786
-0.294643 -0.776786
-0.273214 -0.776786
-0.251786 -0.776786
-0.230357 -0.776786
-0.208929 -0.776786
-0.187500 -0.776786
-0.166071 -0.776786
-0.144643 -0.776786
-0.123214 -0.776786
-0.101786 -0.776786
-0.080357 -0.776786
-0.058929 -0.776786
-0.037500 -0.776786
-0.016071 -0.776786
0.005357 -0.776786
0.026786 -0.776786
0.048214 -0.776786
0.069643 -0.776786
0.091071 -0.776786
0.112500 -0.776786
0.141071 -0.776786
0.169643 -0.776786
0.516071 -0.776786
-0.683929 -0.778571
-0.610714 -0.778571
-0.589286 -0.778571
-0.376786 -0.778571
-0.330357 -0.778571
-0.301786 -0.778571
-0.280357 -0.778571
-0.258929 -0.778571
-0.237500 -0.778571
-0.216071 -0.778571
-0.194643 -0.778571
-0.173214 -0.778571
-0.151786 -0.778571
-0.130357 -0.778571
-0.108929 -0.778571
-0.087500 -0.778571
-0.066071 -0.778571
-0.044643 -0.778571
-0.023214 -0.778571
-0.001786 -0.778571
0.019643 -0.778571
0.041071 -0.778571
0.062500 -0.778571
0.083929 -0.778571
0.105357 -0.778571
0.132143 -0.778571
0.162500 -0.778571
0.242857 -0.778571
-0.691071 -0.780357
-0.619643 -0.780357
-0.598214 -0.780357
-0.375000 -0.780357
-0.325000 -0.780357
-0.301786 -0.780357
-0.280357 -0.780357
-0.258929 -0.780357
-0.237500 -0.780357
-0.216071 -0.780357
-0.194643 -0.780357
-0.173214 -0.780357
-0.151786 -0.780357
-0.130357 -0.780357
-0.108929 -0.780357
-0.087500 -0.780357
-0.066071 -0.780357
-0.044643 -0.780357
-0.023214 -0.780357
-0.001786 -0.780357
0.019643 -0.780357
0.041071 -0.780357
0.062500 -0.780357
0.083929 -0.780357
0.105357 -0.780357
0.132143 -0.780357
0.160714 -0.780357
0.242857 -0.780357
-0.691071 -0.782143
-0.623214 -0.782143
-0.601786 -0.782143
-0.371429 -0.782143
-0.321429 -0.782143
-0.298214 -0.782143
-0.276786 -0.782143
-0.255357 -0.782143
-0.233929 -0.782143
-0.212500 -0.782143
-0.191071 -0.782143
-0.169643 -0.782143
-0.148214 -0.782143
-0.126786 -0.782143
-0.105357 -0.782143
-0.083929 -0.782143
-0.062500 -0.782143
-0.041071 -0.782143
-0.019643 -0.782143
0.001786 -0.782143
0.023214 -0.782143
0.044643 -0.782143
0.066071 -0.782143
0.087500 -0.782143
0.108929 -0.782143
0.137500 -0.782143
0.164286 -0.782143
0.271429 -0.782143
0.292857 -0.782143
0.537500 -0.782143
-0.630357 -0.783929
-0.608929 -0.783929
-0.375000 -0.783929
-0.328571 -0.783929
-0.301786 -0.783929
-0.280357 -0.783929
-0.258929 -0.783929
-0.237500 -0.783929
-0.216071 -0.783929
-0.194643 -0.783929
-0.173214 -0.783929
-0.151786 -0.783929
-0.130357 -0.783929
-0.108929 -0.783929
-0.087500 -0.783929
-0.066071 -0.783929
-0.044643 -0.783929
-0.023214 -0.783929
-0.001786 -0.783929
0.019643 -0.783929
0.041071 -0.783929
0.062500 -0.783929
0.083929 -0.783929
0.105357 -0.783929
0.132143 -0.783929
0.158929 -0.783929
0.241071 -0.783929
0.303571 -0.783929
0.533929 -0.783929
-0.639286 -0.785714
-0.617857 -0.785714
-0.375000 -0.785714
-0.330357 -0.785714
-0.303571 -0.785714
-0.282143 -0.785714
-0.260714 -0.785714
-0.239286 -0.785714
-0.217857 -0.785714
-0.196429 -0.785714
-0.175000 -0.785714
-0.153571 -0.785714
-0.132143 -0.785714
-0.110714 -0.785714
-0.089286 -0.785714
-0.067857 -0.785714
-0.046429 -0.785714
-0.025000 -0.785714
-0.003571 -0.785714
0.017857 -0.785714
0.039286 -0.785714
0.060714 -0.785714
0.082143 -0.785714
0.103571 -0.785714
0.128571 -0.785714
0.157143 -0.785714
0.241071 -0.785714
0.319643 -0.785714
-0.692857 -0.787500
-0.633929 -0.787500
-0.539286 -0.787500
-0.341071 -0.787500
-0.314286 -0.787500
-0.292857 -0.787500
-0.271429 -0.787500
-0.250000 -0.787500
-0.228571 -0.787500
-0.207143 -0.787500
-0.185714 -0.787500
-0.164286 -0.787500
-0.142857 -0.787500
-0.121429 -0.787500
-0.100000 -0.787500
-0.078571 -0.787500
-0.057143 -0.787500
-0.035714 -0.787500
-0.014286 -0.787500
0.007143 -0.787500
0.028571 -0.787500
0.050000 -0.787500
0.071429 -0.787500
0.092857 -0.787500
0.114286 -0.787500
0.144643 -0.787500
0.182143 -0.787500
0.325000 -0.787500
-0.696429 -0.789286
-0.641071 -0.789286
-0.542857 -0.789286
-0.346429 -0.789286
-0.314286 -0.789286
-0.291071 -0.789286
-0.269643 -0.789286
-0.248214 -0.789286
-0.226786 -0.789286
-0.205357 -0.789286
-0.183929 -0.789286
-0.162500 -0.789286
-0.141071 -0.789286
-0.119643 -0.789286
-0.098214 -0.789286
-0.076786 -0.789286
-0.055357 -0.789286
-0.033929 -0.789286
-0.012500 -0.789286
0.008929 -0.789286
0.030357 -0.789286
0.051786 -0.789286
0.073214 -0.789286
0.094643 -0.789286
0.125000 -0.789286
0.151786 -0.789286
0.239286 -0.789286
0.535714 -0.789286
-0.651786 -0.791071
-0.630357 -0.791071
-0.367857 -0.791071
-0.325000 -0.791071
-0.298214 -0.791071
-0.276786 -0.791071
-0.255357 -0.791071
-0.233929 -0.791071
-0.212500 -0.791071
-0.191071 -0.791071
-0.169643 -0.791071
-0.148214 -0.791071
-0.126786 -0.791071
-0.105357 -0.791071
-0.083929 -0.791071
-0.062500 -0.791071
-0.041071 -0.791071
-0.019643 -0.791071
0.001786 -0.791071
0.023214 -0.791071
0.044643 -0.791071
0.066071 -0.791071
0.087500 -0.791071
0.108929 -0.791071
0.139286 -0.791071
0.176786 -0.791071
0.530357 -0.791071
-0.660714 -0.792857
-0.639286 -0.792857
-0.369643 -0.792857
-0.323214 -0.792857
-0.298214 -0.792857
-0.276786 -0.792857
-0.255357 -0.792857
-0.233929 -0.792857
-0.212500 -0.792857
-0.191071 -0.792857
-0.169643 -0.792857
-0.148214 -0.792857
-0.126786 -0.792857
-0.105357 -0.792857
-0.083929 -0.792857
-0.062500 -0.792857
-0.041071 -0.792857
-0.019643 -0.792857
0.001786 -0.792857
0.023214 -0.792857
0.044643 -0.792857
0.066071 -0.792857
0.087500 -0.792857
0.112500 -0.792857
0.141071 -0.792857
0.176786 -0.792857
0.280357 -0.792857
0.519643 -0.792857
-0.698214 -0.794643
-0.650000 -0.794643
-0.530357 -0.794643
-0.337500 -0.794643
-0.310714 -0.794643
-0.287500 -0.794643
-0.266071 -0.794643
-0.244643 -0.794643
-0.223214 -0.794643
-0.201786 -0.794643
-0.180357 -0.794643
-0.158929 -0.794643
-0.137500 -0.794643
-0.116071 -0.794643
-0.094643 -0.794643
-0.073214 -0.794643
-0.051786 -0.794643
-0.030357 -0.794643
-0.008929 -0.794643
0.012500 -0.794643
0.033929 -0.794643
0.055357 -0.794643
0.076786 -0.794643
0.098214 -0.794643
0.126786 -0.794643
0.151786 -0.794643
0.258929 -0.794643
0.280357 -0.794643
0.301786 -0.794643
0.532143 -0.794643
-0.669643 -0.796429
-0.648214 -0.796429
-0.369643 -0.796429
-0.326786 -0.796429
-0.301786 -0.796429
-0.278571 -0.796429
-0.257143 -0.796429
-0.235714 -0.796429
-0.214286 -0.796429
-0.192857 -0.796429
-0.171429 -0.796429
-0.150000 -0.796429
-0.128571 -0.796429
-0.107143 -0.796429
-0.085714 -0.796429
-0.064286 -0.796429
-0.042857 -0.796429
-0.021429 -0.796429
0.000000 -0.796429
0.021429 -0.796429
0.042857 -0.796429
0.064286 -0.796429
0.085714 -0.796429
0.108929 -0.796429
0.135714 -0.796429
0.175000 -0.796429
0.260714 -0.796429
0.282143 -0.796429
0.303571 -0.796429
0.325000 -0.796429
-0.703571 -0.798214
-0.660714 -0.798214
-0.541071 -0.798214
-0.342857 -0.798214
-0.312500 -0.798214
-0.291071 -0.798214
-0.269643 -0.798214
-0.248214 -0.798214
-0.226786 -0.798214
-0.205357 -0.798214
-0.183929 -0.798214
-0.162500 -0.798214
-0.141071 -0.798214
-0.119643 -0.798214
-0.098214 -0.798214
-0.076786 -0.798214
-0.055357 -0.798214
-0.033929 -0.798214
-0.012500 -0.798214
0.008929 -0.798214
0.030357 -0.798214
0.051786 -0.798214
0.073214 -0.798214
0.094643 -0.798214
0.123214 -0.798214
0.167857 -0.798214
0.251786 -0.798214
0.273214 -0.798214
0.294643 -0.798214
0.316071 -0.798214
0.521429 -0.798214
-0.701786 -0.800000
-0.662500 -0.800000
-0.530357 -0.800000
-0.333929 -0.800000
-0.305357 -0.800000
-0.283929 -0.800000
-0.262500 -0.800000
-0.241071 -0.800000
-0.219643 -0.800000
-0.198214 -0.800000
-0.176786 -0.800000
-0.155357 -0.800000
-0.133929 -0.800000
-0.112500 -0.800000
-0.091071 -0.800000
-0.069643 -0.800000
-0.048214 -0.800000
-0.026786 -0.800000
-0.005357 -0.800000
0.016071 -0.800000
0.037500 -0.800000
0.058929 -0.800000
0.080357 -0.800000
0.105357 -0.800000
0.135714 -0.800000
0.175000 -0.800000
0.258929 -0.800000
0.280357 -0.800000
0.301786 -0.800000
0.323214 -0.800000
0.344643 -0.800000
-0.703571 -0.801786
-0.666071 -0.801786
-0.421429 -0.801786
-0.330357 -0.801786
-0.301786 -0.801786
-0.280357 -0.801786
-0.258929 -0.801786
-0.237500 -0.801786
-0.216071 -0.801786
-0.194643 -0.801786
-0.173214 -0.801786
-0.151786 -0.801786
-0.130357 -0.801786
-0.108929 -0.801786
-0.087500 -0.801786
-0.066071 -0.801786
-0.044643 -0.801786
-0.023214 -0.801786
-0.001786 -0.801786
0.019643 -0.801786
0.041071 -0.801786
0.064286 -0.801786
0.085714 -0.801786
0.114286 -0.801786
0.142857 -0.801786
0.246429 -0.801786
0.267857 -0.801786
0.289286 -0.801786
0.310714 -0.801786
0.332143 -0.801786
0.521429 -0.801786
-0.703571 -0.803571
-0.669643 -0.803571
-0.423214 -0.803571
-0.328571 -0.803571
-0.301786 -0.803571
-0.280357 -0.803571
-0.258929 -0.803571
-0.237500 -0.803571
-0.216071 -0.803571
-0.194643 -0.803571
-0.173214 -0.803571
-0.151786 -0.803571
-0.130357 -0.803571
-0.108929 -0.803571
-0.087500 -0.803571
-0.066071 -0.803571
-0.044643 -0.803571
-0.023214 -0.803571
-0.001786 -0.803571
0.019643 -0.803571
0.041071 -0.803571
0.064286 -0.803571
0.085714 -0.803571
0.110714 -0.803571
0.137500 -0.803571
0.246429 -0.803571
0.267857 -0.803571
0.289286 -0.803571
0.310714 -0.803571
0.332143 -0.803571
0.353571 -0.803571
0.542857 -0.803571
-0.682143 -0.805357
-0.544643 -0.805357
-0.358929 -0.805357
-0.317857 -0.805357
-0.294643 -0.805357
-0.273214 -0.805357
-0.251786 -0.805357
-0.230357 -0.805357
-0.208929 -0.805357
-0.187500 -0.805357
-0.166071 -0.805357
-0.144643 -0.805357
-0.123214 -0.805357
-0.101786 -0.805357
-0.080357 -0.805357
-0.058929 -0.805357
-0.037500 -0.805357
-0.016071 -0.805357
0.005357 -0.805357
0.026786 -0.805357
0.048214 -0.805357
0.071429 -0.805357
0.092857 -0.805357
0.123214 -0.805357
0.164286 -0.805357
0.253571 -0.805357
0.275000 -0.805357
0.296429 -0.805357
0.317857 -0.805357
0.339286 -0.805357
0.360714 -0.805357
-0.712500 -0.807143
-0.683929 -0.807143
-0.542857 -0.807143
-0.355357 -0.807143
-0.305357 -0.807143
-0.283929 -0.807143
-0.262500 -0.807143
-0.241071 -0.807143
-0.219643 -0.807143
-0.198214 -0.807143
-0.176786 -0.807143
-0.155357 -0.807143
-0.133929 -0.807143
-0.112500 -0.807143
-0.091071 -0.807143
-0.069643 -0.807143
-0.048214 -0.807143
-0.026786 -0.807143
-0.005357 -0.807143
0.016071 -0.807143
0.037500 -0.807143
0.060714 -0.807143
0.082143 -0.807143
0.107143 -0.807143
0.132143 -0.807143
0.246429 -0.807143
0.326786 -0.807143
0.348214 -0.807143
0.369643 -0.807143
-0.712500 -0.808929
-0.687500 -0.808929
-0.541071 -0.808929
-0.355357 -0.808929
-0.312500 -0.808929
-0.289286 -0.808929
-0.267857 -0.808929
-0.246429 -0.808929
-0.225000 -0.808929
-0.203571 -0.808929
-0.182143 -0.808929
-0.160714 -0.808929
-0.139286 -0.808929
-0.117857 -0.808929
-0.096429 -0.808929
-0.075000 -0.808929
-0.053571 -0.808929
-0.032143 -0.808929
-0.010714 -0.808929
0.010714 -0.808929
0.032143 -0.808929
0.057143 -0.808929
0.078571 -0.808929
0.103571 -0.808929
0.128571 -0.808929
0.232143 -0.808929
0.332143 -0.808929
0.353571 -0.808929
0.375000 -0.808929
-0.712500 -0.810714
-0.689286 -0.810714
-0.532143 -0.810714
-0.350000 -0.810714
-0.305357 -0.810714
-0.283929 -0.810714
-0.262500 -0.810714
-0.241071 -0.810714
-0.219643 -0.810714
-0.198214 -0.810714
-0.176786 -0.810714
-0.155357 -0.810714
-0.133929 -0.810714
-0.112500 -0.810714
-0.091071 -0.810714
-0.069643 -0.810714
-0.048214 -0.810714
-0.026786 -0.810714
-0.005357 -0.810714
0.016071 -0.810714
0.037500 -0.810714
0.062500 -0.810714
0.083929 -0.810714
0.108929 -0.810714
0.155357 -0.810714
0.248214 -0.810714
0.350000 -0.810714
0.371429 -0.810714
0.537500 -0.810714
-0.703571 -0.812500
-0.548214 -0.812500
-0.362500 -0.812500
-0.317857 -0.812500
-0.292857 -0.812500
-0.271429 -0.812500
-0.250000 -0.812500
-0.228571 -0.812500
-0.207143 -0.812500
-0.185714 -0.812500
-0.164286 -0.812500
-0.142857 -0.812500
-0.121429 -0.812500
-0.100000 -0.812500
-0.078571 -0.812500
-0.057143 -0.812500
-0.035714 -0.812500
-0.014286 -0.812500
0.007143 -0.812500
0.028571 -0.812500
0.053571 -0.812500
0.075000 -0.812500
0.100000 -0.812500
0.125000 -0.812500
0.241071 -0.812500
0.353571 -0.812500
0.375000 -0.812500
0.535714 -0.812500
-0.707143 -0.814286
-0.548214 -0.814286
-0.358929 -0.814286
-0.316071 -0.814286
-0.292857 -0.814286
-0.271429 -0.814286
-0.250000 -0.814286
-0.228571 -0.814286
-0.207143 -0.814286
-0.185714 -0.814286
-0.164286 -0.814286
-0.142857 -0.814286
-0.121429 -0.814286
-0.100000 -0.814286
-0.078571 -0.814286
-0.057143 -0.814286
-0.035714 -0.814286
-0.014286 -0.814286
0.007143 -0.814286
0.028571 -0.814286
0.051786 -0.814286
0.073214 -0.814286
0.096429 -0.814286
0.119643 -0.814286
0.226786 -0.814286
0.355357 -0.814286
0.376786 -0.814286
0.526786 -0.814286
-0.708929 -0.816071
-0.544643 -0.816071
-0.355357 -0.816071
-0.314286 -0.816071
-0.291071 -0.816071
-0.269643 -0.816071
-0.248214 -0.816071
-0.226786 -0.816071
-0.205357 -0.816071
-0.183929 -0.816071
-0.162500 -0.816071
-0.141071 -0.816071
-0.119643 -0.816071
-0.098214 -0.816071
-0.076786 -0.816071
-0.055357 -0.816071
-0.033929 -0.816071
-0.012500 -0.816071
0.008929 -0.816071
0.030357 -0.816071
0.053571 -0.816071
0.075000 -0.816071
0.100000 -0.816071
0.123214 -0.816071
0.241071 -0.816071
0.369643 -0.816071
0.391071 -0.816071
0.541071 -0.816071
-0.705357 -0.817857
-0.530357 -0.817857
-0.346429 -0.817857
-0.305357 -0.817857
-0.282143 -0.817857
-0.260714 -0.817857
-0.239286 -0.817857
-0.217857 -0.817857
-0.196429 -0.817857
-0.175000 -0.817857
-0.153571 -0.817857
-0.132143 -0.817857
-0.110714 -0.817857
-0.089286 -0.817857
-0.067857 -0.817857
-0.046429 -0.817857
-0.025000 -0.817857
-0.003571 -0.817857
0.017857 -0.817857
0.039286 -0.817857
0.060714 -0.817857
0.085714 -0.817857
0.110714 -0.817857
0.153571 -0.817857
0.364286 -0.817857
0.385714 -0.817857
0.407143 -0.817857
-0.716071 -0.819643
-0.542857 -0.819643
-0.348214 -0.819643
-0.307143 -0.819643
-0.283929 -0.819643
-0.262500 -0.819643
-0.241071 -0.819643
-0.219643 -0.819643
-0.198214 -0.819643
-0.176786 -0.819643
-0.155357 -0.819643
-0.133929 -0.819643
-0.112500 -0.819643
-0.091071 -0.819643
-0.069643 -0.819643
-0.048214 -0.819643
-0.026786 -0.819643
-0.005357 -0.819643
0.016071 -0.819643
0.037500 -0.819643
0.058929 -0.819643
0.083929 -0.819643
0.108929 -0.819643
0.150000 -0.819643
0.369643 -0.819643
0.391071 -0.819643
0.412500 -0.819643
-0.710714 -0.821429
-0.489286 -0.821429
-0.321429 -0.821429
-0.296429 -0.821429
-0.275000 -0.821429
-0.253571 -0.821429
-0.232143 -0.821429
-0.210714 -0.821429
-0.189286 -0.821429
-0.167857 -0.821429
-0.146429 -0.821429
-0.125000 -0.821429
-0.103571 -0.821429
-0.082143 -0.821429
-0.060714 -0.821429
-0.039286 -0.821429
-0.017857 -0.821429
0.003571 -0.821429
0.025000 -0.821429
0.046429 -0.821429
0.067857 -0.821429
0.092857 -0.821429
0.117857 -0.821429
0.233929 -0.821429
0.383929 -0.821429
0.405357 -0.821429
0.539286 -0.821429
-0.542857 -0.823214
-0.344643 -0.823214
-0.305357 -0.823214
-0.282143 -0.823214
-0.260714 -0.823214
-0.239286 -0.823214
-0.217857 -0.823214
-0.196429 -0.823214
-0.175000 -0.823214
-0.153571 -0.823214
-0.132143 -0.823214
-0.110714 -0.823214
-0.089286 -0.823214
-0.067857 -0.823214
-0.046429 -0.823214
-0.025000 -0.823214
-0.003571 -0.823214
0.017857 -0.823214
0.039286 -0.823214
0.060714 -0.823214
0.085714 -0.823214
0.110714 -0.823214
0.151786 -0.823214
0.385714 -0.823214
0.407143 -0.823214
0.528571 -0.823214
-0.542857 -0.825000
-0.342857 -0.825000
-0.301786 -0.825000
-0.278571 -0.825000
-0.257143 -0.825000
-0.235714 -0.825000
-0.214286 -0.825000
-0.192857 -0.825000
-0.171429 -0.825000
-0.150000 -0.825000
-0.128571 -0.825000
-0.107143 -0.825000
-0.085714 -0.825000
-0.064286 -0.825000
-0.042857 -0.825000
-0.021429 -0.825000
0.000000 -0.825000
0.021429 -0.825000
0.042857 -0.825000
0.064286 -0.825000
0.089286 -0.825000
0.117857 -0.825000
0.223214 -0.825000
0.394643 -0.825000
0.416071 -0.825000
0.537500 -0.825000
-0.541071 -0.826786
-0.341071 -0.826786
-0.301786 -0.826786
-0.278571 -0.826786
-0.257143 -0.826786
-0.235714 -0.826786
-0.214286 -0.826786
-0.192857 -0.826786
-0.171429 -0.826786
-0.150000 -0.826786
-0.128571 -0.826786
-0.107143 -0.826786
-0.085714 -0.826786
-0.064286 -0.826786
-0.042857 -0.826786
-0.021429 -0.826786
0.000000 -0.826786
0.021429 -0.826786
0.042857 -0.826786
0.064286 -0.826786
0.089286 -0.826786
0.117857 -0.826786
0.230357 -0.826786
0.403571 -0.826786
0.425000 -0.826786
0.542857 -0.826786
-0.528571 -0.828571
-0.317857 -0.828571
-0.294643 -0.828571
-0.273214 -0.828571
-0.251786 -0.828571
-0.230357 -0.828571
-0.208929 -0.828571
-0.187500 -0.828571
-0.166071 -0.828571
-0.144643 -0.828571
-0.123214 -0.828571
-0.101786 -0.828571
-0.080357 -0.828571
-0.058929 -0.828571
-0.037500 -0.828571
-0.016071 -0.828571
0.005357 -0.828571
0.026786 -0.828571
0.048214 -0.828571
0.073214 -0.828571
0.098214 -0.828571
0.139286 -0.828571
0.239286 -0.828571
0.417857 -0.828571
0.439286 -0.828571
0.550000 -0.828571
-0.350000 -0.830357
-0.314286 -0.830357
-0.289286 -0.830357
-0.267857 -0.830357
-0.246429 -0.830357
-0.225000 -0.830357
-0.203571 -0.830357
-0.182143 -0.830357
-0.160714 -0.830357
-0.139286 -0.830357
-0.117857 -0.830357
-0.096429 -0.830357
-0.075000 -0.830357
-0.053571 -0.830357
-0.032143 -0.830357
-0.010714 -0.830357
0.010714 -0.830357
0.032143 -0.830357
0.053571 -0.830357
0.078571 -0.830357
0.105357 -0.830357
0.217857 -0.830357
0.410714 -0.830357
0.432143 -0.830357
0.528571 -0.830357
-0.542857 -0.832143
-0.341071 -0.832143
-0.301786 -0.832143
-0.278571 -0.832143
-0.257143 -0.832143
-0.235714 -0.832143
-0.214286 -0.832143
-0.192857 -0.832143
-0.171429 -0.832143
-0.150000 -0.832143
-0.128571 -0.832143
-0.107143 -0.832143
-0.085714 -0.832143
-0.064286 -0.832143
-0.042857 -0.832143
-0.021429 -0.832143
0.000000 -0.832143
0.021429 -0.832143
0.042857 -0.832143
0.067857 -0.832143
0.092857 -0.832143
0.132143 -0.832143
0.232143 -0.832143
0.426786 -0.832143
0.448214 -0.832143
0.546429 -0.832143
-0.441071 -0.833929
-0.314286 -0.833929
-0.291071 -0.833929
-0.269643 -0.833929
-0.248214 -0.833929
-0.226786 -0.833929
-0.205357 -0.833929
-0.183929 -0.833929
-0.162500 -0.833929
-0.141071 -0.833929
-0.119643 -0.833929
-0.098214 -0.833929
-0.076786 -0.833929
-0.055357 -0.833929
-0.033929 -0.833929
-0.012500 -0.833929
0.008929 -0.833929
0.030357 -0.833929
0.051786 -0.833929
0.076786 -0.833929
0.101786 -0.833929
0.210714 -0.833929
0.419643 -0.833929
0.441071 -0.833929
0.462500 -0.833929
0.550000 -0.833929
-0.439286 -0.835714
-0.312500 -0.835714
-0.287500 -0.835714
-0.266071 -0.835714
-0.244643 -0.835714
-0.223214 -0.835714
-0.201786 -0.835714
-0.180357 -0.835714
-0.158929 -0.835714
-0.137500 -0.835714
-0.116071 -0.835714
-0.094643 -0.835714
-0.073214 -0.835714
-0.051786 -0.835714
-0.030357 -0.835714
-0.008929 -0.835714
0.012500 -0.835714
0.033929 -0.835714
0.060714 -0.835714
0.082143 -0.835714
0.125000 -0.835714
0.225000 -0.835714
0.435714 -0.835714
0.457143 -0.835714
0.516071 -0.835714
-0.544643 -0.837500
-0.342857 -0.837500
-0.307143 -0.837500
-0.283929 -0.837500
-0.262500 -0.837500
-0.241071 -0.837500
-0.219643 -0.837500
-0.198214 -0.837500
-0.176786 -0.837500
-0.155357 -0.837500
-0.133929 -0.837500
-0.112500 -0.837500
-0.091071 -0.837500
-0.069643 -0.837500
-0.048214 -0.837500
-0.026786 -0.837500
-0.005357 -0.837500
0.016071 -0.837500
0.037500 -0.837500
0.062500 -0.837500
0.087500 -0.837500
0.126786 -0.837500
0.226786 -0.837500
0.444643 -0.837500
0.466071 -0.837500
0.523214 -0.837500
-0.546429 -0.839286
-0.339286 -0.839286
-0.301786 -0.839286
-0.280357 -0.839286
-0.258929 -0.839286
-0.237500 -0.839286
-0.216071 -0.839286
-0.194643 -0.839286
-0.173214 -0.839286
-0.151786 -0.839286
-0.130357 -0.839286
-0.108929 -0.839286
-0.087500 -0.839286
-0.066071 -0.839286
-0.044643 -0.839286
-0.023214 -0.839286
-0.001786 -0.839286
0.019643 -0.839286
0.041071 -0.839286
0.066071 -0.839286
0.091071 -0.839286
0.130357 -0.839286
0.232143 -0.839286
0.458929 -0.839286
0.480357 -0.839286
0.548214 -0.839286
-0.444643 -0.841071
-0.308929 -0.841071
-0.283929 -0.841071
-0.262500 -0.841071
-0.241071 -0.841071
-0.219643 -0.841071
-0.198214 -0.841071
-0.176786 -0.841071
-0.155357 -0.841071
-0.133929 -0.841071
-0.112500 -0.841071
-0.091071 -0.841071
-0.069643 -0.841071
-0.048214 -0.841071
-0.026786 -0.841071
-0.005357 -0.841071
0.016071 -0.841071
0.037500 -0.841071
0.062500 -0.841071
0.087500 -0.841071
0.126786 -0.841071
0.228571 -0.841071
0.462500 -0.841071
0.483929 -0.841071
0.542857 -0.841071
-0.533929 -0.842857
-0.328571 -0.842857
-0.291071 -0.842857
-0.269643 -0.842857
-0.248214 -0.842857
-0.226786 -0.842857
-0.205357 -0.842857
-0.183929 -0.842857
-0.162500 -0.842857
-0.141071 -0.842857
-0.119643 -0.842857
-0.098214 -0.842857
-0.076786 -0.842857
-0.055357 -0.842857
-0.033929 -0.842857
-0.012500 -0.842857
0.008929 -0.842857
0.030357 -0.842857
0.055357 -0.842857
0.080357 -0.842857
0.119643 -0.842857
0.221429 -0.842857
0.464286 -0.842857
0.485714 -0.842857
0.507143 -0.842857
-0.542857 -0.844643
-0.337500 -0.844643
-0.301786 -0.844643
-0.278571 -0.844643
-0.257143 -0.844643
-0.235714 -0.844643
-0.214286 -0.844643
-0.192857 -0.844643
-0.171429 -0.844643
-0.150000 -0.844643
-0.128571 -0.844643
-0.107143 -0.844643
-0.085714 -0.844643
-0.064286 -0.844643
-0.042857 -0.844643
-0.021429 -0.844643
0.000000 -0.844643
0.021429 -0.844643
0.046429 -0.844643
0.067857 -0.844643
0.092857 -0.844643
0.205357 -0.844643
0.466071 -0.844643
0.487500 -0.844643
0.508929 -0.844643
0.553571 -0.844643
-0.444643 -0.846429
-0.305357 -0.846429
-0.282143 -0.846429
-0.260714 -0.846429
-0.239286 -0.846429
-0.217857 -0.846429
-0.196429 -0.846429
-0.175000 -0.846429
-0.153571 -0.846429
-0.132143 -0.846429
-0.110714 -0.846429
-0.089286 -0.846429
-0.067857 -0.846429
-0.046429 -0.846429
-0.025000 -0.846429
-0.003571 -0.846429
0.017857 -0.846429
0.039286 -0.846429
0.064286 -0.846429
0.089286 -0.846429
0.203571 -0.846429
0.473214 -0.846429
0.494643 -0.846429
0.516071 -0.846429
-0.541071 -0.848214
-0.450000 -0.848214
-0.307143 -0.848214
-0.283929 -0.848214
-0.262500 -0.848214
-0.241071 -0.848214
-0.219643 -0.848214
-0.198214 -0.848214
-0.176786 -0.848214
-0.155357 -0.848214
-0.133929 -0.848214
-0.112500 -0.848214
-0.091071 -0.848214
-0.069643 -0.848214
-0.048214 -0.848214
-0.026786 -0.848214
-0.005357 -0.848214
0.016071 -0.848214
0.042857 -0.848214
0.064286 -0.848214
0.092857 -0.848214
0.214286 -0.848214
0.485714 -0.848214
0.507143 -0.848214
0.528571 -0.848214
-0.537500 -0.850000
-0.451786 -0.850000
-0.307143 -0.850000
-0.282143 -0.850000
-0.260714 -0.850000
-0.239286 -0.850000
-0.217857 -0.850000
-0.196429 -0.850000
-0.175000 -0.850000
-0.153571 -0.850000
-0.132143 -0.850000
-0.110714 -0.850000
-0.089286 -0.850000
-0.067857 -0.850000
-0.046429 -0.850000
-0.025000 -0.850000
-0.003571 -0.850000
0.017857 -0.850000
0.044643 -0.850000
0.066071 -0.850000
0.110714 -0.850000
0.216071 -0.850000
0.498214 -0.850000
0.519643 -0.850000
0.548214 -0.850000
-0.526786 -0.851786
-0.332143 -0.851786
-0.294643 -0.851786
-0.273214 -0.851786
-0.251786 -0.851786
-0.230357 -0.851786
-0.208929 -0.851786
-0.187500 -0.851786
-0.166071 -0.851786
-0.144643 -0.851786
-0.123214 -0.851786
-0.101786 -0.851786
-0.080357 -0.851786
-0.058929 -0.851786
-0.037500 -0.851786
-0.016071 -0.851786
0.005357 -0.851786
0.028571 -0.851786
0.053571 -0.851786
0.076786 -0.851786
0.117857 -0.851786
0.221429 -0.851786
0.512500 -0.851786
0.533929 -0.851786
0.555357 -0.851786
-0.501786 -0.853571
-0.326786 -0.853571
-0.289286 -0.853571
-0.267857 -0.853571
-0.246429 -0.853571
-0.225000 -0.853571
-0.203571 -0.853571
-0.182143 -0.853571
-0.160714 -0.853571
-0.139286 -0.853571
-0.117857 -0.853571
-0.096429 -0.853571
-0.075000 -0.853571
-0.053571 -0.853571
-0.032143 -0.853571
-0.010714 -0.853571
0.010714 -0.853571
0.037500 -0.853571
0.058929 -0.853571
0.082143 -0.853571
0.194643 -0.853571
0.507143 -0.853571
0.528571 -0.853571
0.550000 -0.853571
-0.521429 -0.855357
-0.333929 -0.855357
-0.300000 -0.855357
-0.276786 -0.855357
-0.255357 -0.855357
-0.233929 -0.855357
-0.212500 -0.855357
-0.191071 -0.855357
-0.169643 -0.855357
-0.148214 -0.855357
-0.126786 -0.855357
-0.105357 -0.855357
-0.083929 -0.855357
-0.062500 -0.855357
-0.041071 -0.855357
-0.019643 -0.855357
0.001786 -0.855357
0.023214 -0.855357
0.048214 -0.855357
0.073214 -0.855357
0.114286 -0.855357
0.217857 -0.855357
0.530357 -0.855357
0.551786 -0.855357
-0.517857 -0.857143
-0.332143 -0.857143
-0.296429 -0.857143
-0.273214 -0.857143
-0.251786 -0.857143
-0.230357 -0.857143
-0.208929 -0.857143
-0.187500 -0.857143
-0.166071 -0.857143
-0.144643 -0.857143
-0.123214 -0.857143
-0.101786 -0.857143
-0.080357 -0.857143
-0.058929 -0.857143
-0.037500 -0.857143
-0.016071 -0.857143
0.005357 -0.857143
0.028571 -0.857143
0.050000 -0.857143
0.075000 -0.857143
0.187500 -0.857143
0.519643 -0.857143
0.541071 -0.857143
-0.526786 -0.858929
-0.483929 -0.858929
-0.321429 -0.858929
-0.285714 -0.858929
-0.264286 -0.858929
-0.242857 -0.858929
-0.221429 -0.858929
-0.200000 -0.858929
-0.178571 -0.858929
-0.157143 -0.858929
-0.135714 -0.858929
-0.114286 -0.858929
-0.092857 -0.858929
-0.071429 -0.858929
-0.050000 -0.858929
-0.028571 -0.858929
-0.007143 -0.858929
0.014286 -0.858929
0.037500 -0.858929
0.062500 -0.858929
0.103571 -0.858929
0.208929 -0.858929
0.535714 -0.858929
-0.530357 -0.860714
-0.508929 -0.860714
-0.328571 -0.860714
-0.292857 -0.860714
-0.269643 -0.860714
-0.248214 -0.860714
-0.226786 -0.860714
-0.205357 -0.860714
-0.183929 -0.860714
-0.162500 -0.860714
-0.141071 -0.860714
-0.119643 -0.860714
-0.098214 -0.860714
-0.076786 -0.860714
-0.055357 -0.860714
-0.033929 -0.860714
-0.012500 -0.860714
0.008929 -0.860714
0.032143 -0.860714
0.053571 -0.860714
0.080357 -0.860714
0.205357 -0.860714
0.541071 -0.860714
-0.521429 -0.862500
-0.476786 -0.862500
-0.319643 -0.862500
-0.282143 -0.862500
-0.260714 -0.862500
-0.239286 -0.862500
-0.217857 -0.862500
-0.196429 -0.862500
-0.175000 -0.862500
-0.153571 -0.862500
-0.132143 -0.862500
-0.110714 -0.862500
-0.089286 -0.862500
-0.067857 -0.862500
-0.046429 -0.862500
-0.025000 -0.862500
-0.003571 -0.862500
0.019643 -0.862500
0.041071 -0.862500
0.066071 -0.862500
0.180357 -0.862500
0.214286 -0.862500
-0.521429 -0.864286
-0.500000 -0.864286
-0.317857 -0.864286
-0.282143 -0.864286
-0.260714 -0.864286
-0.239286 -0.864286
-0.217857 -0.864286
-0.196429 -0.864286
-0.175000 -0.864286
-0.153571 -0.864286
-0.132143 -0.864286
-0.110714 -0.864286
-0.089286 -0.864286
-0.067857 -0.864286
-0.046429 -0.864286
-0.025000 -0.864286
-0.003571 -0.864286
0.019643 -0.864286
0.041071 -0.864286
0.067857 -0.864286
0.180357 -0.864286
-0.521429 -0.866071
-0.500000 -0.866071
-0.319643 -0.866071
-0.283929 -0.866071
-0.262500 -0.866071
-0.241071 -0.866071
-0.219643 -0.866071
-0.198214 -0.866071
-0.176786 -0.866071
-0.155357 -0.866071
-0.133929 -0.866071
-0.112500 -0.866071
-0.091071 -0.866071
-0.069643 -0.866071
-0.048214 -0.866071
-0.026786 -0.866071
-0.005357 -0.866071
0.017857 -0.866071
0.039286 -0.866071
0.064286 -0.866071
0.175000 -0.866071
0.210714 -0.866071
-0.498214 -0.867857
-0.321429 -0.867857
-0.285714 -0.867857
-0.264286 -0.867857
-0.242857 -0.867857
-0.221429 -0.867857
-0.200000 -0.867857
-0.178571 -0.867857
-0.157143 -0.867857
-0.135714 -0.867857
-0.114286 -0.867857
-0.092857 -0.867857
-0.071429 -0.867857
-0.050000 -0.867857
-0.028571 -0.867857
-0.007143 -0.867857
0.016071 -0.867857
0.037500 -0.867857
0.060714 -0.867857
0.171429 -0.867857
0.207143 -0.867857
-0.496429 -0.869643
-0.321429 -0.869643
-0.285714 -0.869643
-0.264286 -0.869643
-0.242857 -0.869643
-0.221429 -0.869643
-0.200000 -0.869643
-0.178571 -0.869643
-0.157143 -0.869643
-0.135714 -0.869643
-0.114286 -0.869643
-0.092857 -0.869643
-0.071429 -0.869643
-0.050000 -0.869643
-0.028571 -0.869643
-0.007143 -0.869643
0.014286 -0.869643
0.035714 -0.869643
0.060714 -0.869643
0.167857 -0.869643
0.203571 -0.869643
-0.492857 -0.871429
-0.323214 -0.871429
-0.287500 -0.871429
-0.266071 -0.871429
-0.244643 -0.871429
-0.223214 -0.871429
-0.201786 -0.871429
-0.180357 -0.871429
-0.158929 -0.871429
-0.137500 -0.871429
-0.116071 -0.871429
-0.094643 -0.871429
-0.073214 -0.871429
-0.051786 -0.871429
-0.030357 -0.871429
-0.008929 -0.871429
0.014286 -0.871429
0.035714 -0.871429
0.060714 -0.871429
0.166071 -0.871429
0.203571 -0.871429
-0.487500 -0.873214
-0.321429 -0.873214
-0.285714 -0.873214
-0.264286 -0.873214
-0.242857 -0.873214
-0.221429 -0.873214
-0.200000 -0.873214
-0.178571 -0.873214
-0.157143 -0.873214
-0.135714 -0.873214
-0.114286 -0.873214
-0.092857 -0.873214
-0.071429 -0.873214
-0.050000 -0.873214
-0.028571 -0.873214
-0.007143 -0.873214
0.016071 -0.873214
0.039286 -0.873214
0.062500 -0.873214
0.164286 -0.873214
0.201786 -0.873214
-0.482143 -0.875000
-0.460714 -0.875000
-0.287500 -0.875000
-0.266071 -0.875000
-0.244643 -0.875000
-0.223214 -0.875000
-0.201786 -0.875000
-0.180357 -0.875000
-0.158929 -0.875000
-0.137500 -0.875000
-0.116071 -0.875000
-0.094643 -0.875000
-0.073214 -0.875000
-0.051786 -0.875000
-0.030357 -0.875000
-0.008929 -0.875000
0.016071 -0.875000
0.041071 -0.875000
0.062500 -0.875000
0.162500 -0.875000
0.200000 -0.875000
-0.478571 -0.876786
-0.457143 -0.876786
-0.285714 -0.876786
-0.264286 -0.876786
-0.242857 -0.876786
-0.221429 -0.876786
-0.200000 -0.876786
-0.178571 -0.876786
-0.157143 -0.876786
-0.135714 -0.876786
-0.114286 -0.876786
-0.092857 -0.876786
-0.071429 -0.876786
-0.050000 -0.876786
-0.028571 -0.876786
-0.007143 -0.876786
0.017857 -0.876786
0.042857 -0.876786
0.085714 -0.876786
0.180357 -0.876786
-0.491071 -0.878571
-0.469643 -0.878571
-0.317857 -0.878571
-0.282143 -0.878571
-0.258929 -0.878571
-0.237500 -0.878571
-0.216071 -0.878571
-0.194643 -0.878571
-0.173214 -0.878571
-0.151786 -0.878571
-0.130357 -0.878571
-0.108929 -0.878571
-0.087500 -0.878571
-0.066071 -0.878571
-0.044643 -0.878571
-0.023214 -0.878571
0.000000 -0.878571
0.021429 -0.878571
0.046429 -0.878571
0.091071 -0.878571
0.183929 -0.878571
-0.476786 -0.880357
-0.455357 -0.880357
-0.305357 -0.880357
-0.269643 -0.880357
-0.248214 -0.880357
-0.226786 -0.880357
-0.205357 -0.880357
-0.183929 -0.880357
-0.162500 -0.880357
-0.141071 -0.880357
-0.119643 -0.880357
-0.098214 -0.880357
-0.076786 -0.880357
-0.055357 -0.880357
-0.033929 -0.880357
-0.012500 -0.880357
0.010714 -0.880357
0.035714 -0.880357
0.057143 -0.880357
0.151786 -0.880357
0.192857 -0.880357
-0.460714 -0.882143
-0.314286 -0.882143
-0.275000 -0.882143
-0.251786 -0.882143
-0.230357 -0.882143
-0.208929 -0.882143
-0.187500 -0.882143
-0.166071 -0.882143
-0.144643 -0.882143
-0.123214 -0.882143
-0.101786 -0.882143
-0.080357 -0.882143
-0.058929 -0.882143
-0.037500 -0.882143
-0.016071 -0.882143
0.005357 -0.882143
0.030357 -0.882143
0.051786 -0.882143
0.144643 -0.882143
0.187500 -0.882143
-0.455357 -0.883929
-0.314286 -0.883929
-0.278571 -0.883929
-0.255357 -0.883929
-0.233929 -0.883929
-0.212500 -0.883929
-0.191071 -0.883929
-0.169643 -0.883929
-0.148214 -0.883929
-0.126786 -0.883929
-0.105357 -0.883929
-0.083929 -0.883929
-0.062500 -0.883929
-0.041071 -0.883929
-0.019643 -0.883929
0.001786 -0.883929
0.025000 -0.883929
0.046429 -0.883929
0.135714 -0.883929
0.180357 -0.883929
-0.446429 -0.885714
-0.307143 -0.885714
-0.267857 -0.885714
-0.246429 -0.885714
-0.225000 -0.885714
-0.203571 -0.885714
-0.182143 -0.885714
-0.160714 -0.885714
-0.139286 -0.885714
-0.117857 -0.885714
-0.096429 -0.885714
-0.075000 -0.885714
-0.053571 -0.885714
-0.032143 -0.885714
-0.010714 -0.885714
0.010714 -0.885714
0.035714 -0.885714
0.082143 -0.885714
0.167857 -0.885714
-0.451786 -0.887500
-0.430357 -0.887500
-0.280357 -0.887500
-0.257143 -0.887500
-0.235714 -0.887500
-0.214286 -0.887500
-0.192857 -0.887500
-0.171429 -0.887500
-0.150000 -0.887500
-0.128571 -0.887500
-0.107143 -0.887500
-0.085714 -0.887500
-0.064286 -0.887500
-0.042857 -0.887500
-0.021429 -0.887500
0.000000 -0.887500
0.025000 -0.887500
0.046429 -0.887500
0.130357 -0.887500
0.176786 -0.887500
-0.437500 -0.889286
-0.303571 -0.889286
-0.267857 -0.889286
-0.244643 -0.889286
-0.223214 -0.889286
-0.201786 -0.889286
-0.180357 -0.889286
-0.158929 -0.889286
-0.137500 -0.889286
-0.116071 -0.889286
-0.094643 -0.889286
-0.073214 -0.889286
-0.051786 -0.889286
-0.030357 -0.889286
-0.008929 -0.889286
0.012500 -0.889286
0.037500 -0.889286
0.085714 -0.889286
0.166071 -0.889286
-0.441071 -0.891071
-0.312500 -0.891071
-0.276786 -0.891071
-0.253571 -0.891071
-0.232143 -0.891071
-0.210714 -0.891071
-0.189286 -0.891071
-0.167857 -0.891071
-0.146429 -0.891071
-0.125000 -0.891071
-0.103571 -0.891071
-0.082143 -0.891071
-0.060714 -0.891071
-0.039286 -0.891071
-0.017857 -0.891071
0.003571 -0.891071
0.026786 -0.891071
0.075000 -0.891071
0.125000 -0.891071
0.173214 -0.891071
-0.426786 -0.892857
-0.300000 -0.892857
-0.260714 -0.892857
-0.239286 -0.892857
-0.217857 -0.892857
-0.196429 -0.892857
-0.175000 -0.892857
-0.153571 -0.892857
-0.132143 -0.892857
-0.110714 -0.892857
-0.089286 -0.892857
-0.067857 -0.892857
-0.046429 -0.892857
-0.025000 -0.892857
-0.003571 -0.892857
0.021429 -0.892857
0.042857 -0.892857
0.116071 -0.892857
0.166071 -0.892857
-0.426786 -0.894643
-0.303571 -0.894643
-0.266071 -0.894643
-0.242857 -0.894643
-0.221429 -0.894643
-0.200000 -0.894643
-0.178571 -0.894643
-0.157143 -0.894643
-0.135714 -0.894643
-0.114286 -0.894643
-0.092857 -0.894643
-0.071429 -0.894643
-0.050000 -0.894643
-0.028571 -0.894643
-0.007143 -0.894643
0.017857 -0.894643
0.039286 -0.894643
0.108929 -0.894643
0.158929 -0.894643
-0.426786 -0.896429
-0.307143 -0.896429
-0.271429 -0.896429
-0.248214 -0.896429
-0.226786 -0.896429
-0.205357 -0.896429
-0.183929 -0.896429
-0.162500 -0.896429
-0.141071 -0.896429
-0.119643 -0.896429
-0.098214 -0.896429
-0.076786 -0.896429
-0.055357 -0.896429
-0.033929 -0.896429
-0.012500 -0.896429
0.012500 -0.896429
0.033929 -0.896429
0.100000 -0.896429
0.151786 -0.896429
-0.426786 -0.898214
-0.405357 -0.898214
-0.273214 -0.898214
-0.248214 -0.898214
-0.226786 -0.898214
-0.205357 -0.898214
-0.183929 -0.898214
-0.162500 -0.898214
-0.141071 -0.898214
-0.119643 -0.898214
-0.098214 -0.898214
-0.076786 -0.898214
-0.055357 -0.898214
-0.033929 -0.898214
-0.012500 -0.898214
0.010714 -0.898214
0.032143 -0.898214
0.094643 -0.898214
0.148214 -0.898214
-0.423214 -0.900000
-0.401786 -0.900000
-0.271429 -0.900000
-0.250000 -0.900000
-0.228571 -0.900000
-0.207143 -0.900000
-0.185714 -0.900000
-0.164286 -0.900000
-0.142857 -0.900000
-0.121429 -0.900000
-0.100000 -0.900000
-0.078571 -0.900000
-0.057143 -0.900000
-0.035714 -0.900000
-0.014286 -0.900000
0.010714 -0.900000
0.032143 -0.900000
0.133929 -0.900000
0.155357 -0.900000
-0.408929 -0.901786
-0.296429 -0.901786
-0.260714 -0.901786
-0.237500 -0.901786
-0.216071 -0.901786
-0.194643 -0.901786
-0.173214 -0.901786
-0.151786 -0.901786
-0.130357 -0.901786
-0.108929 -0.901786
-0.087500 -0.901786
-0.066071 -0.901786
-0.044643 -0.901786
-0.023214 -0.901786
-0.001786 -0.901786
0.023214 -0.901786
0.125000 -0.901786
0.146429 -0.901786
-0.408929 -0.903571
-0.296429 -0.903571
-0.258929 -0.903571
-0.235714 -0.903571
-0.214286 -0.903571
-0.192857 -0.903571
-0.171429 -0.903571
-0.150000 -0.903571
-0.128571 -0.903571
-0.107143 -0.903571
-0.085714 -0.903571
-0.064286 -0.903571
-0.042857 -0.903571
-0.021429 -0.903571
0.001786 -0.903571
0.023214 -0.903571
0.121429 -0.903571
0.142857 -0.903571
-0.403571 -0.905357
-0.294643 -0.905357
-0.258929 -0.905357
-0.235714 -0.905357
-0.214286 -0.905357
-0.192857 -0.905357
-0.171429 -0.905357
-0.150000 -0.905357
-0.128571 -0.905357
-0.107143 -0.905357
-0.085714 -0.905357
-0.064286 -0.905357
-0.042857 -0.905357
-0.021429 -0.905357
0.000000 -0.905357
0.021429 -0.905357
0.116071 -0.905357
0.137500 -0.905357
-0.400000 -0.907143
-0.292857 -0.907143
-0.258929 -0.907143
-0.235714 -0.907143
-0.214286 -0.907143
-0.192857 -0.907143
-0.171429 -0.907143
-0.150000 -0.907143
-0.128571 -0.907143
-0.107143 -0.907143
-0.085714 -0.907143
-0.064286 -0.907143
-0.042857 -0.907143
-0.021429 -0.907143
0.000000 -0.907143
0.021429 -0.907143
0.108929 -0.907143
0.130357 -0.907143
-0.398214 -0.908929
-0.291071 -0.908929
-0.253571 -0.908929
-0.232143 -0.908929
-0.210714 -0.908929
-0.189286 -0.908929
-0.167857 -0.908929
-0.146429 -0.908929
-0.125000 -0.908929
-0.103571 -0.908929
-0.082143 -0.908929
-0.060714 -0.908929
-0.039286 -0.908929
-0.017857 -0.908929
0.003571 -0.908929
0.058929 -0.908929
0.080357 -0.908929
0.121429 -0.908929
-0.396429 -0.910714
-0.292857 -0.910714
-0.258929 -0.910714
-0.235714 -0.910714
-0.214286 -0.910714
-0.192857 -0.910714
-0.171429 -0.910714
-0.150000 -0.910714
-0.128571 -0.910714
-0.107143 -0.910714
-0.085714 -0.910714
-0.064286 -0.910714
-0.042857 -0.910714
-0.021429 -0.910714
0.000000 -0.910714
0.057143 -0.910714
0.078571 -0.910714
0.116071 -0.910714
-0.392857 -0.912500
-0.289286 -0.912500
-0.253571 -0.912500
-0.232143 -0.912500
-0.210714 -0.912500
-0.189286 -0.912500
-0.167857 -0.912500
-0.146429 -0.912500
-0.125000 -0.912500
-0.103571 -0.912500
-0.082143 -0.912500
-0.060714 -0.912500
-0.039286 -0.912500
-0.017857 -0.912500
0.003571 -0.912500
0.062500 -0.912500
0.096429 -0.912500
0.117857 -0.912500
-0.382143 -0.914286
-0.266071 -0.914286
-0.244643 -0.914286
-0.223214 -0.914286
-0.201786 -0.914286
-0.180357 -0.914286
-0.158929 -0.914286
-0.137500 -0.914286
-0.116071 -0.914286
-0.094643 -0.914286
-0.073214 -0.914286
-0.051786 -0.914286
-0.030357 -0.914286
-0.008929 -0.914286
0.012500 -0.914286
0.071429 -0.914286
0.098214 -0.914286
-0.391071 -0.916071
-0.291071 -0.916071
-0.257143 -0.916071
-0.235714 -0.916071
-0.214286 -0.916071
-0.192857 -0.916071
-0.171429 -0.916071
-0.150000 -0.916071
-0.128571 -0.916071
-0.107143 -0.916071
-0.085714 -0.916071
-0.064286 -0.916071
-0.042857 -0.916071
-0.021429 -0.916071
0.000000 -0.916071
0.058929 -0.916071
0.080357 -0.916071
-0.394643 -0.917857
-0.294643 -0.917857
-0.258929 -0.917857
-0.237500 -0.917857
-0.216071 -0.917857
-0.194643 -0.917857
-0.173214 -0.917857
-0.151786 -0.917857
-0.130357 -0.917857
-0.108929 -0.917857
-0.087500 -0.917857
-0.066071 -0.917857
-0.044643 -0.917857
-0.023214 -0.917857
-0.001786 -0.917857
0.057143 -0.917857
0.082143 -0.917857
-0.380357 -0.919643
-0.282143 -0.919643
-0.246429 -0.919643
-0.225000 -0.919643
-0.203571 -0.919643
-0.182143 -0.919643
-0.160714 -0.919643
-0.139286 -0.919643
-0.117857 -0.919643
-0.096429 -0.919643
-0.075000 -0.919643
-0.053571 -0.919643
-0.032143 -0.919643
-0.010714 -0.919643
0.050000 -0.919643
-0.389286 -0.921429
-0.292857 -0.921429
-0.257143 -0.921429
-0.235714 -0.921429
-0.214286 -0.921429
-0.192857 -0.921429
-0.171429 -0.921429
-0.150000 -0.921429
-0.128571 -0.921429
-0.107143 -0.921429
-0.085714 -0.921429
-0.064286 -0.921429
-0.042857 -0.921429
-0.021429 -0.921429
0.000000 -0.921429
0.062500 -0.921429
-0.371429 -0.923214
-0.260714 -0.923214
-0.239286 -0.923214
-0.217857 -0.923214
-0.196429 -0.923214
-0.175000 -0.923214
-0.153571 -0.923214
-0.132143 -0.923214
-0.110714 -0.923214
-0.089286 -0.923214
-0.067857 -0.923214
-0.046429 -0.923214
-0.025000 -0.923214
-0.003571 -0.923214
0.058929 -0.923214
-0.371429 -0.925000
-0.278571 -0.925000
-0.242857 -0.925000
-0.221429 -0.925000
-0.200000 -0.925000
-0.178571 -0.925000
-0.157143 -0.925000
-0.135714 -0.925000
-0.114286 -0.925000
-0.092857 -0.925000
-0.071429 -0.925000
-0.050000 -0.925000
-0.028571 -0.925000
-0.007143 -0.925000
0.055357 -0.925000
-0.369643 -0.926786
-0.262500 -0.926786
-0.241071 -0.926786
-0.219643 -0.926786
-0.198214 -0.926786
-0.176786 -0.926786
-0.155357 -0.926786
-0.133929 -0.926786
-0.112500 -0.926786
-0.091071 -0.926786
-0.069643 -0.926786
-0.048214 -0.926786
-0.026786 -0.926786
-0.005357 -0.926786
0.058929 -0.926786
-0.362500 -0.928571
-0.257143 -0.928571
-0.235714 -0.928571
-0.214286 -0.928571
-0.192857 -0.928571
-0.171429 -0.928571
-0.150000 -0.928571
-0.128571 -0.928571
-0.107143 -0.928571
-0.085714 -0.928571
-0.064286 -0.928571
-0.042857 -0.928571
-0.021429 -0.928571
0.042857 -0.928571
-0.375000 -0.930357
-0.283929 -0.930357
-0.248214 -0.930357
-0.226786 -0.930357
-0.205357 -0.930357
-0.183929 -0.930357
-0.162500 -0.930357
-0.141071 -0.930357
-0.119643 -0.930357
-0.098214 -0.930357
-0.076786 -0.930357
-0.055357 -0.930357
-0.033929 -0.930357
-0.012500 -0.930357
0.051786 -0.930357
-0.360714 -0.932143
-0.257143 -0.932143
-0.235714 -0.932143
-0.214286 -0.932143
-0.192857 -0.932143
-0.171429 -0.932143
-0.150000 -0.932143
-0.128571 -0.932143
-0.107143 -0.932143
-0.085714 -0.932143
-0.064286 -0.932143
-0.042857 -0.932143
-0.021429 -0.932143
0.042857 -0.932143
-0.366071 -0.933929
-0.278571 -0.933929
-0.242857 -0.933929
-0.221429 -0.933929
-0.200000 -0.933929
-0.178571 -0.933929
-0.157143 -0.933929
-0.135714 -0.933929
-0.114286 -0.933929
-0.092857 -0.933929
-0.071429 -0.933929
-0.050000 -0.933929
-0.028571 -0.933929
0.037500 -0.933929
-0.367857 -0.935714
-0.280357 -0.935714
-0.244643 -0.935714
-0.223214 -0.935714
-0.201786 -0.935714
-0.180357 -0.935714
-0.158929 -0.935714
-0.137500 -0.935714
-0.116071 -0.935714
-0.094643 -0.935714
-0.073214 -0.935714
-0.051786 -0.935714
-0.030357 -0.935714
0.035714 -0.935714
-0.364286 -0.937500
-0.276786 -0.937500
-0.241071 -0.937500
-0.219643 -0.937500
-0.198214 -0.937500
-0.176786 -0.937500
-0.155357 -0.937500
-0.133929 -0.937500
-0.112500 -0.937500
-0.091071 -0.937500
-0.069643 -0.937500
-0.048214 -0.937500
-0.026786 -0.937500
0.039286 -0.937500
-0.357143 -0.939286
-0.273214 -0.939286
-0.237500 -0.939286
-0.216071 -0.939286
-0.194643 -0.939286
-0.173214 -0.939286
-0.151786 -0.939286
-0.130357 -0.939286
-0.108929 -0.939286
-0.087500 -0.939286
-0.066071 -0.939286
-0.044643 -0.939286
-0.023214 -0.939286
0.042857 -0.939286
-0.350000 -0.941071
-0.251786 -0.941071
-0.230357 -0.941071
-0.208929 -0.941071
-0.187500 -0.941071
-0.166071 -0.941071
-0.144643 -0.941071
-0.123214 -0.941071
-0.101786 -0.941071
-0.080357 -0.941071
-0.058929 -0.941071
-0.037500 -0.941071
0.030357 -0.941071
-0.358929 -0.942857
-0.275000 -0.942857
-0.239286 -0.942857
-0.217857 -0.942857
-0.196429 -0.942857
-0.175000 -0.942857
-0.153571 -0.942857
-0.132143 -0.942857
-0.110714 -0.942857
-0.089286 -0.942857
-0.067857 -0.942857
-0.046429 -0.942857
-0.025000 -0.942857
0.044643 -0.942857
-0.278571 -0.944643
-0.242857 -0.944643
-0.221429 -0.944643
-0.200000 -0.944643
-0.178571 -0.944643
-0.157143 -0.944643
-0.135714 -0.944643
-0.114286 -0.944643
-0.092857 -0.944643
-0.071429 -0.944643
-0.050000 -0.944643
-0.028571 -0.944643
0.042857 -0.944643
-0.276786 -0.946429
-0.242857 -0.946429
-0.221429 -0.946429
-0.200000 -0.946429
-0.178571 -0.946429
-0.157143 -0.946429
-0.135714 -0.946429
-0.114286 -0.946429
-0.092857 -0.946429
-0.071429 -0.946429
-0.050000 -0.946429
-0.028571 -0.946429
0.042857 -0.946429
-0.273214 -0.948214
-0.237500 -0.948214
-0.216071 -0.948214
-0.194643 -0.948214
-0.173214 -0.948214
-0.151786 -0.948214
-0.130357 -0.948214
-0.108929 -0.948214
-0.087500 -0.948214
-0.066071 -0.948214
-0.044643 -0.948214
0.026786 -0.948214
-0.346429 -0.950000
-0.267857 -0.950000
-0.232143 -0.950000
-0.210714 -0.950000
-0.189286 -0.950000
-0.167857 -0.950000
-0.146429 -0.950000
-0.125000 -0.950000
-0.103571 -0.950000
-0.082143 -0.950000
-0.060714 -0.950000
-0.039286 -0.950000
0.030357 -0.950000
-0.337500 -0.951786
-0.246429 -0.951786
-0.225000 -0.951786
-0.203571 -0.951786
-0.182143 -0.951786
-0.160714 -0.951786
-0.139286 -0.951786
-0.117857 -0.951786
-0.096429 -0.951786
-0.075000 -0.951786
-0.053571 -0.951786
0.017857 -0.951786
-0.346429 -0.953571
-0.267857 -0.953571
-0.232143 -0.953571
-0.210714 -0.953571
-0.189286 -0.953571
-0.167857 -0.953571
-0.146429 -0.953571
-0.125000 -0.953571
-0.103571 -0.953571
-0.082143 -0.953571
-0.060714 -0.953571
-0.039286 -0.953571
0.032143 -0.953571
-0.330357 -0.955357
-0.237500 -0.955357
-0.216071 -0.955357
-0.194643 -0.955357
-0.173214 -0.955357
-0.151786 -0.955357
-0.130357 -0.955357
-0.108929 -0.955357
-0.087500 -0.955357
-0.066071 -0.955357
-0.044643 -0.955357
0.025000 -0.955357
-0.333929 -0.957143
-0.241071 -0.957143
-0.219643 -0.957143
-0.198214 -0.957143
-0.176786 -0.957143
-0.155357 -0.957143
-0.133929 -0.957143
-0.112500 -0.957143
-0.091071 -0.957143
-0.069643 -0.957143
-0.048214 -0.957143
0.023214 -0.957143
-0.332143 -0.958929
-0.241071 -0.958929
-0.219643 -0.958929
-0.198214 -0.958929
-0.176786 -0.958929
-0.155357 -0.958929
-0.133929 -0.958929
-0.112500 -0.958929
-0.091071 -0.958929
-0.069643 -0.958929
-0.048214 -0.958929
0.023214 -0.958929
-0.326786 -0.960714
-0.233929 -0.960714
-0.212500 -0.960714
-0.191071 -0.960714
-0.169643 -0.960714
-0.148214 -0.960714
-0.126786 -0.960714
-0.105357 -0.960714
-0.083929 -0.960714
-0.062500 -0.960714
0.010714 -0.960714
-0.335714 -0.962500
-0.260714 -0.962500
-0.221429 -0.962500
-0.200000 -0.962500
-0.178571 -0.962500
-0.157143 -0.962500
-0.135714 -0.962500
-0.114286 -0.962500
-0.092857 -0.962500
-0.071429 -0.962500
-0.050000 -0.962500
0.023214 -0.962500
-0.317857 -0.964286
-0.226786 -0.964286
-0.205357 -0.964286
-0.183929 -0.964286
-0.162500 -0.964286
-0.141071 -0.964286
-0.119643 -0.964286
-0.098214 -0.964286
-0.076786 -0.964286
-0.055357 -0.964286
0.019643 -0.964286
-0.317857 -0.966071
-0.223214 -0.966071
-0.201786 -0.966071
-0.180357 -0.966071
-0.158929 -0.966071
-0.137500 -0.966071
-0.116071 -0.966071
-0.094643 -0.966071
-0.073214 -0.966071
-0.051786 -0.966071
0.021429 -0.966071
-0.312500 -0.967857
-0.217857 -0.967857
-0.196429 -0.967857
-0.175000 -0.967857
-0.153571 -0.967857
-0.132143 -0.967857
-0.110714 -0.967857
-0.089286 -0.967857
-0.067857 -0.967857
0.005357 -0.967857
-0.323214 -0.969643
-0.253571 -0.969643
-0.210714 -0.969643
-0.189286 -0.969643
-0.167857 -0.969643
-0.146429 -0.969643
-0.125000 -0.969643
-0.103571 -0.969643
-0.082143 -0.969643
-0.060714 -0.969643
0.010714 -0.969643
-0.312500 -0.971429
-0.219643 -0.971429
-0.198214 -0.971429
-0.176786 -0.971429
-0.155357 -0.971429
-0.133929 -0.971429
-0.112500 -0.971429
-0.091071 -0.971429
-0.069643 -0.971429
0.001786 -0.971429
-0.317857 -0.973214
-0.250000 -0.973214
-0.205357 -0.973214
-0.183929 -0.973214
-0.162500 -0.973214
-0.141071 -0.973214
-0.119643 -0.973214
-0.098214 -0.973214
-0.076786 -0.973214
-0.005357 -0.973214
-0.319643 -0.975000
-0.251786 -0.975000
-0.207143 -0.975000
-0.185714 -0.975000
-0.164286 -0.975000
-0.142857 -0.975000
-0.121429 -0.975000
-0.100000 -0.975000
-0.078571 -0.975000
-0.008929 -0.975000
0.105357 -0.975000
-0.253571 -0.976786
-0.207143 -0.976786
-0.185714 -0.976786
-0.164286 -0.976786
-0.142857 -0.976786
-0.121429 -0.976786
-0.100000 -0.976786
-0.078571 -0.976786
-0.010714 -0.976786
0.105357 -0.976786
-0.253571 -0.978571
-0.207143 -0.978571
-0.185714 -0.978571
-0.164286 -0.978571
-0.142857 -0.978571
-0.121429 -0.978571
-0.100000 -0.978571
-0.078571 -0.978571
-0.010714 -0.978571
-0.310714 -0.980357
-0.246429 -0.980357
-0.200000 -0.980357
-0.178571 -0.980357
-0.157143 -0.980357
-0.135714 -0.980357
-0.114286 -0.980357
-0.092857 -0.980357
-0.071429 -0.980357
-0.005357 -0.980357
-0.301786 -0.982143
-0.210714 -0.982143
-0.189286 -0.982143
-0.167857 -0.982143
-0.146429 -0.982143
-0.125000 -0.982143
-0.103571 -0.982143
-0.082143 -0.982143
-0.017857 -0.982143
-0.307143 -0.983929
-0.242857 -0.983929
-0.192857 -0.983929
-0.171429 -0.983929
-0.150000 -0.983929
-0.128571 -0.983929
-0.107143 -0.983929
-0.085714 -0.983929
-0.021429 -0.983929
-0.305357 -0.985714
-0.242857 -0.985714
-0.194643 -0.985714
-0.173214 -0.985714
-0.151786 -0.985714
-0.130357 -0.985714
-0.108929 -0.985714
-0.087500 -0.985714
-0.025000 -0.985714
0.100000 -0.985714
-0.239286 -0.987500
-0.191071 -0.987500
-0.169643 -0.987500
-0.148214 -0.987500
-0.126786 -0.987500
-0.105357 -0.987500
-0.083929 -0.987500
-0.021429 -0.987500
-0.294643 -0.989286
-0.203571 -0.989286
-0.182143 -0.989286
-0.160714 -0.989286
-0.139286 -0.989286
-0.117857 -0.989286
-0.096429 -0.989286
-0.035714 -0.989286
-0.014286 -0.989286
-0.280357 -0.991071
-0.191071 -0.991071
-0.169643 -0.991071
-0.148214 -0.991071
-0.126786 -0.991071
-0.105357 -0.991071
-0.083929 -0.991071
-0.025000 -0.991071
-0.283929 -0.992857
-0.194643 -0.992857
-0.173214 -0.992857
-0.151786 -0.992857
-0.130357 -0.992857
-0.108929 -0.992857
-0.087500 -0.992857
-0.028571 -0.992857
-0.283929 -0.994643
-0.192857 -0.994643
-0.171429 -0.994643
-0.150000 -0.994643
-0.128571 -0.994643
-0.107143 -0.994643
-0.085714 -0.994643
-0.028571 -0.994643
-0.276786 -0.996429
-0.185714 -0.996429
-0.164286 -0.996429
-0.142857 -0.996429
-0.121429 -0.996429
-0.100000 -0.996429
-0.044643 -0.996429
0.091071 -0.996429
-0.196429 -0.998214
-0.175000 -0.998214
-0.153571 -0.998214
-0.132143 -0.998214
-0.110714 -0.998214
-0.053571 -0.998214
-0.032143 -0.998214
-0.267857 -1.000000
-0.178571 -1.000000
-0.157143 -1.000000
-0.135714 -1.000000
-0.114286 -1.000000
-0.092857 -1.000000
-0.037500 -1.000000
-0.266071 -1.001786
-0.178571 -1.001786
-0.157143 -1.001786
-0.135714 -1.001786
-0.114286 -1.001786
-0.058929 -1.001786
-0.037500 -1.001786
-0.192857 -1.003571
-0.171429 -1.003571
-0.150000 -1.003571
-0.128571 -1.003571
-0.107143 -1.003571
-0.053571 -1.003571
-0.267857 -1.005357
-0.180357 -1.005357
-0.158929 -1.005357
-0.137500 -1.005357
-0.116071 -1.005357
-0.064286 -1.005357
0.083929 -1.005357
-0.185714 -1.007143
-0.164286 -1.007143
-0.142857 -1.007143
-0.121429 -1.007143
-0.100000 -1.007143
-0.050000 -1.007143
-0.253571 -1.008929
-0.167857 -1.008929
-0.146429 -1.008929
-0.125000 -1.008929
-0.103571 -1.008929
-0.051786 -1.008929
-0.185714 -1.010714
-0.164286 -1.010714
-0.142857 -1.010714
-0.121429 -1.010714
-0.071429 -1.010714
0.082143 -1.010714
-0.178571 -1.012500
-0.157143 -1.012500
-0.135714 -1.012500
-0.114286 -1.012500
-0.064286 -1.012500
-0.248214 -1.014286
-0.164286 -1.014286
-0.142857 -1.014286
-0.121429 -1.014286
-0.073214 -1.014286
-0.255357 -1.016071
-0.171429 -1.016071
-0.150000 -1.016071
-0.128571 -1.016071
-0.080357 -1.016071
0.078571 -1.016071
-0.171429 -1.017857
-0.150000 -1.017857
-0.128571 -1.017857
-0.082143 -1.017857
-0.248214 -1.019643
-0.167857 -1.019643
-0.146429 -1.019643
-0.125000 -1.019643
-0.078571 -1.019643
-0.239286 -1.021429
-0.158929 -1.021429
-0.137500 -1.021429
-0.116071 -1.021429
0.073214 -1.021429
-0.167857 -1.023214
-0.146429 -1.023214
-0.125000 -1.023214
-0.080357 -1.023214
-0.173214 -1.025000
-0.151786 -1.025000
-0.130357 -1.025000
-0.083929 -1.025000
-0.169643 -1.026786
-0.148214 -1.026786
-0.126786 -1.026786
-0.080357 -1.026786
-0.162500 -1.028571
-0.141071 -1.028571
-0.096429 -1.028571
-0.226786 -1.030357
-0.151786 -1.030357
-0.130357 -1.030357
0.066071 -1.030357
-0.157143 -1.032143
-0.135714 -1.032143
-0.091071 -1.032143
-0.157143 -1.033929
-0.135714 -1.033929
-0.092857 -1.033929
-0.150000 -1.035714
-0.107143 -1.035714
-0.212500 -1.037500
-0.141071 -1.037500
-0.098214 -1.037500
-0.148214 -1.039286
-0.107143 -1.039286
-0.153571 -1.041071
-0.112500 -1.041071
-0.151786 -1.042857
-0.110714 -1.042857
-0.146429 -1.044643
0.057143 -1.044643
-0.119643 -1.046429
-0.125000 -1.048214
-0.146429 -1.050000
-0.125000 -1.051786
0.050000 -1.053571
-0.130357 -1.057143
-0.139286 -1.062500
-0.142857 -1.067857
-0.151786 -1.075000
