# Face coordinates extracted from image
# Format: x y  (normalized, origin at image center, Y positive upward)
# Total points: 31185
# Sorted top-to-bottom for sequential assembly
#
0.124467 0.805618
0.333904 0.802688
-0.005567 0.802097
0.044233 0.801370
0.311126 0.801308
-0.099660 0.801227
-0.182224 0.800593
0.108156 0.800574
-0.420213 0.800574
-0.014184 0.800574
-0.278369 0.800574
0.202128 0.800574
0.203901 0.800574
0.205674 0.800574
0.148936 0.800574
0.388298 0.800574
0.241135 0.800574
0.128546 0.800574
-0.136525 0.800574
0.332447 0.800574
0.276596 0.800574
0.175532 0.800574
0.299107 0.800343
0.389228 0.800202
-0.025933 0.800127
-0.137825 0.800030
0.401455 0.799993
-0.111113 0.799961
0.118794 0.799857
-0.073582 0.799857
-0.220745 0.799857
0.139184 0.799857
0.048759 0.799857
0.387411 0.799857
-0.116135 0.799857
-0.362589 0.799857
0.144643 0.799819
0.150514 0.799637
-0.219936 0.799465
-0.185284 0.799139
0.386525 0.799139
0.363475 0.799139
-0.444149 0.799139
-0.095745 0.799139
0.129433 0.799139
-0.304965 0.799139
0.307624 0.799139
-0.053191 0.799139
-0.010638 0.799139
-0.472626 0.799050
0.147640 0.799000
-0.269843 0.798683
-0.194013 0.798652
-0.226588 0.798566
-0.070922 0.798422
-0.028369 0.798422
0.402482 0.798422
-0.269504 0.798422
0.362589 0.798422
0.294326 0.798422
-0.122340 0.798422
0.403369 0.798422
0.100177 0.798422
0.358989 0.798381
0.144189 0.798329
0.206807 0.798231
0.121181 0.798048
-0.468020 0.798043
0.139449 0.797815
-0.046099 0.797704
0.338652 0.797704
-0.468085 0.797704
-0.234043 0.797704
-0.278369 0.797704
0.271277 0.797704
0.143617 0.797704
-0.101950 0.797704
-0.274516 0.797560
-0.405914 0.797392
-0.271933 0.797209
0.144642 0.796997
-0.163121 0.796987
-0.468972 0.796987
0.091312 0.796987
-0.411348 0.796987
0.325355 0.796987
-0.470745 0.796987
-0.410461 0.796987
-0.242908 0.796987
0.133865 0.796987
-0.289007 0.796987
-0.289777 0.796987
-0.465568 0.796914
0.072114 0.796801
0.154071 0.796697
-0.414549 0.796625
0.416920 0.796496
0.413960 0.796440
0.417553 0.796270
-0.473404 0.796270
0.292553 0.796270
0.416667 0.796270
0.418440 0.796270
-0.251773 0.796270
0.031915 0.796270
-0.471631 0.796270
0.312057 0.796270
-0.469858 0.796270
-0.290780 0.796270
-0.241135 0.796270
-0.108156 0.796270
0.276596 0.796270
0.092199 0.796270
-0.434699 0.796194
0.141391 0.796111
0.368919 0.796039
-0.181141 0.796038
-0.408372 0.795972
-0.279176 0.795756
0.094176 0.795714
0.274447 0.795666
0.328014 0.795552
-0.226064 0.795552
-0.211879 0.795552
-0.398936 0.795552
0.150709 0.795552
0.396277 0.795552
0.109929 0.795552
0.367908 0.795552
-0.433511 0.795552
-0.414007 0.795552
-0.257979 0.795552
-0.309397 0.795552
-0.317376 0.795552
0.257092 0.795552
0.221631 0.795552
-0.262411 0.795552
-0.250000 0.795552
0.269721 0.795470
0.279700 0.795433
-0.310761 0.795419
0.397729 0.795209
0.149519 0.795209
0.262692 0.795062
0.136480 0.795044
0.294631 0.794924
-0.412058 0.794906
0.270457 0.794886
-0.340104 0.794884
0.110489 0.794869
-0.458063 0.794862
-0.476950 0.794835
0.083333 0.794835
0.314716 0.794835
0.343972 0.794835
-0.273050 0.794835
-0.264184 0.794835
-0.341312 0.794835
-0.268617 0.794835
0.120567 0.794835
0.138298 0.794835
0.265957 0.794835
0.103723 0.794835
0.395390 0.794835
-0.248227 0.794835
-0.254987 0.794633
0.306420 0.794412
-0.347779 0.794277
-0.471017 0.794239
-0.314061 0.794228
0.274119 0.794208
0.341771 0.794121
0.417553 0.794118
0.310284 0.794118
0.418440 0.794118
-0.274823 0.794118
-0.457447 0.794118
-0.138298 0.794118
-0.088652 0.794118
-0.307624 0.794118
0.098108 0.794067
-0.226810 0.794034
0.137827 0.794018
-0.404819 0.793962
-0.303635 0.793916
-0.186856 0.793903
-0.061779 0.793902
0.004322 0.793744
-0.271122 0.793505
-0.218085 0.793400
-0.415780 0.793400
-0.189716 0.793400
-0.276596 0.793400
0.317376 0.793400
-0.239362 0.793400
-0.401596 0.793400
-0.480496 0.793400
-0.400709 0.793400
-0.063830 0.793400
0.410461 0.793400
-0.203901 0.793400
0.271277 0.793400
-0.402482 0.793400
0.074468 0.793400
-0.143839 0.793372
-0.042824 0.793205
0.329920 0.793151
-0.351871 0.793147
0.407991 0.792922
-0.264680 0.792893
-0.277748 0.792794
0.188756 0.792740
-0.195922 0.792683
0.124113 0.792683
0.145390 0.792683
0.312943 0.792683
-0.142730 0.792683
-0.210106 0.792683
-0.051418 0.792683
-0.254433 0.792683
0.251773 0.792683
0.095745 0.792683
-0.391236 0.792624
-0.062046 0.792551
-0.352932 0.792510
0.107500 0.792485
0.191972 0.792472
0.410189 0.792315
0.107791 0.792250
0.110934 0.792025
0.140901 0.791992
-0.256488 0.791984
-0.313830 0.791966
-0.321809 0.791966
0.349291 0.791966
0.418440 0.791966
-0.232270 0.791966
0.276596 0.791966
-0.252660 0.791966
-0.389184 0.791966
-0.202128 0.791966
-0.057624 0.791966
-0.405142 0.791966
0.308511 0.791966
-0.030142 0.791966
0.003546 0.791966
0.006206 0.791966
0.292553 0.791966
-0.404255 0.791966
-0.246454 0.791966
-0.154255 0.791966
-0.260638 0.791966
-0.329787 0.791966
-0.188830 0.791966
0.085993 0.791966
-0.201985 0.791943
-0.251433 0.791920
0.274540 0.791881
-0.254635 0.791872
0.410584 0.791871
0.417253 0.791839
-0.385903 0.791644
-0.406230 0.791468
-0.309368 0.791463
-0.473065 0.791460
0.311838 0.791450
-0.405480 0.791357
0.075636 0.791339
0.189716 0.791248
0.276596 0.791248
0.162234 0.791248
0.411348 0.791248
0.132092 0.791248
0.090426 0.791248
-0.353723 0.791248
0.145390 0.791248
-0.047872 0.791248
0.336879 0.791248
0.188830 0.791248
-0.469892 0.791180
0.307100 0.791111
-0.402424 0.791016
-0.269542 0.790946
0.410968 0.790899
-0.310732 0.790869
0.396168 0.790866
0.106975 0.790854
-0.405978 0.790786
-0.404064 0.790667
-0.214667 0.790541
-0.312057 0.790531
0.111702 0.790531
-0.191489 0.790531
-0.392730 0.790531
-0.002660 0.790531
0.267730 0.790531
-0.338652 0.790531
0.237589 0.790531
-0.187943 0.790531
0.152482 0.790531
-0.475177 0.790531
0.068262 0.790531
-0.446809 0.790531
-0.005319 0.790531
-0.296099 0.790531
0.404255 0.790531
-0.476950 0.790531
-0.004433 0.790531
0.276596 0.790531
0.077128 0.790531
-0.003546 0.790531
-0.407801 0.790531
-0.377660 0.790531
-0.285276 0.790518
0.078160 0.790500
0.414775 0.790489
-0.129622 0.790461
-0.461610 0.790454
0.125556 0.790255
0.135800 0.790139
-0.056541 0.790105
-0.007512 0.790103
-0.044441 0.789995
-0.378218 0.789838
-0.362589 0.789813
0.070035 0.789813
-0.129433 0.789813
-0.216312 0.789813
-0.005319 0.789813
0.105496 0.789813
0.276596 0.789813
-0.269504 0.789813
0.198582 0.789813
-0.406028 0.789813
-0.197695 0.789813
0.339539 0.789813
-0.302305 0.789813
0.196809 0.789813
-0.224291 0.789813
-0.265071 0.789813
-0.335993 0.789813
0.135957 0.789787
0.350603 0.789714
-0.444617 0.789694
-0.223344 0.789579
-0.402595 0.789542
0.160486 0.789512
-0.081889 0.789495
-0.460292 0.789430
-0.212476 0.789373
0.332730 0.789322
-0.052426 0.789319
-0.218926 0.789313
-0.006560 0.789146
-0.213376 0.789131
-0.257092 0.789096
-0.347518 0.789096
-0.381206 0.789096
-0.363475 0.789096
0.326241 0.789096
0.392730 0.789096
0.048759 0.789096
-0.208333 0.789096
0.273050 0.789096
-0.190603 0.789096
0.136525 0.789096
-0.480496 0.789096
0.375000 0.789096
-0.244681 0.789096
-0.310284 0.789096
-0.081560 0.789096
0.276596 0.789096
0.152482 0.789096
-0.250887 0.789096
0.099291 0.789096
-0.271277 0.789096
0.426418 0.789096
-0.464903 0.788718
-0.478175 0.788680
-0.465250 0.788647
-0.244150 0.788514
-0.343516 0.788461
-0.371457 0.788449
0.077504 0.788432
-0.470326 0.788391
-0.344858 0.788379
-0.409574 0.788379
-0.347518 0.788379
0.115248 0.788379
0.382092 0.788379
-0.348404 0.788379
-0.180851 0.788379
0.273050 0.788379
0.424478 0.788326
-0.272250 0.788303
0.376502 0.788293
-0.130104 0.788004
-0.057369 0.787820
-0.281915 0.787661
-0.140071 0.787661
-0.348404 0.787661
-0.427305 0.787661
-0.464539 0.787661
-0.344858 0.787661
0.079787 0.787661
0.152482 0.787661
-0.056738 0.787661
-0.115248 0.787661
-0.349291 0.787661
0.436170 0.787661
0.093972 0.787661
-0.237589 0.787661
-0.193262 0.787661
0.062057 0.787661
-0.347518 0.787661
-0.342199 0.787661
0.273050 0.787661
-0.075355 0.787661
-0.384752 0.787661
0.066621 0.787659
0.315400 0.787624
0.063178 0.787439
0.001519 0.787397
-0.198233 0.787337
-0.343418 0.787321
-0.381506 0.787267
0.083404 0.787203
-0.231123 0.787141
0.274362 0.787040
-0.313587 0.787005
-0.235947 0.786970
-0.367064 0.786955
0.074468 0.786944
0.426418 0.786944
0.344858 0.786944
-0.062943 0.786944
0.084220 0.786944
0.259752 0.786944
-0.398050 0.786944
-0.465426 0.786944
0.063830 0.786944
-0.261525 0.786944
-0.179965 0.786944
0.289588 0.786871
-0.348483 0.786804
0.279637 0.786686
-0.118280 0.786627
0.275006 0.786526
-0.249754 0.786450
0.143953 0.786438
-0.059242 0.786264
0.287234 0.786227
0.269504 0.786227
-0.230496 0.786227
-0.222518 0.786227
-0.370567 0.786227
0.106383 0.786227
-0.214539 0.786227
0.065603 0.786227
0.088652 0.786227
-0.069149 0.786227
0.164007 0.786227
-0.185284 0.786227
-0.411348 0.786227
0.316489 0.786227
0.118794 0.786227
0.303191 0.786227
-0.238475 0.786227
-0.053191 0.786227
-0.144504 0.786227
-0.111702 0.786227
0.042553 0.786227
0.204787 0.786227
-0.454576 0.786112
0.335976 0.786074
-0.204745 0.786049
-0.231917 0.785852
-0.060083 0.785843
-0.002279 0.785841
-0.342156 0.785725
0.088288 0.785652
0.213652 0.785509
0.356383 0.785509
0.324468 0.785509
0.100177 0.785509
0.287234 0.785509
0.413121 0.785509
0.312057 0.785509
0.081560 0.785509
0.143617 0.785509
0.078262 0.785418
0.081799 0.785222
-0.442810 0.785114
-0.341851 0.785011
-0.209019 0.784832
-0.148936 0.784792
-0.265957 0.784792
0.052305 0.784792
0.287234 0.784792
0.335106 0.784792
-0.049645 0.784792
-0.231383 0.784792
0.023050 0.784792
0.020390 0.784792
0.401596 0.784792
0.164007 0.784792
0.406028 0.784792
-0.099291 0.784792
0.126773 0.784792
-0.250887 0.784792
-0.480496 0.784792
-0.187943 0.784792
0.085993 0.784792
-0.356383 0.784792
-0.257092 0.784792
0.017730 0.784792
0.245567 0.784792
-0.205674 0.784792
-0.304965 0.784792
0.332823 0.784759
0.357822 0.784695
-0.067797 0.784652
0.096070 0.784596
0.029590 0.784580
-0.343336 0.784527
-0.482001 0.784474
-0.222865 0.784417
-0.257177 0.784237
-0.302399 0.784213
-0.204378 0.784103
0.109929 0.784075
-0.276596 0.784075
0.094858 0.784075
0.240248 0.784075
0.077128 0.784075
0.078901 0.784075
-0.160461 0.784075
-0.453901 0.784075
0.276596 0.784075
-0.312943 0.784075
0.072945 0.784066
0.169523 0.783911
0.244345 0.783905
-0.158539 0.783885
0.157800 0.783825
-0.234158 0.783805
0.006950 0.783749
-0.340186 0.783745
-0.190813 0.783725
0.001578 0.783722
0.075853 0.783679
0.428912 0.783663
-0.269231 0.783560
0.401260 0.783512
0.070035 0.783357
0.337766 0.783357
0.032801 0.783357
-0.105496 0.783357
0.011525 0.783357
-0.375887 0.783357
-0.171986 0.783357
-0.232270 0.783357
-0.131206 0.783357
0.083333 0.783357
0.134752 0.783357
0.006363 0.783027
0.409573 0.782986
-0.309595 0.782904
0.425856 0.782900
0.242559 0.782829
0.082849 0.782792
0.093435 0.782775
-0.192071 0.782767
-0.198290 0.782698
-0.261525 0.782640
-0.024823 0.782640
0.267730 0.782640
-0.227837 0.782640
-0.333333 0.782640
-0.219858 0.782640
0.423759 0.782640
0.273050 0.782640
0.261525 0.782640
-0.440603 0.782640
-0.177305 0.782640
-0.081560 0.782640
-0.201241 0.782640
-0.311170 0.782640
0.061170 0.782640
-0.119424 0.782509
-0.257172 0.782470
-0.268355 0.782359
0.445387 0.782048
0.417041 0.781981
0.339067 0.781945
0.022207 0.781927
0.019504 0.781923
-0.287234 0.781923
0.001773 0.781923
0.340426 0.781923
0.042553 0.781923
0.000000 0.781923
0.003546 0.781923
0.002660 0.781923
0.101064 0.781923
0.000887 0.781923
0.176418 0.781923
0.080674 0.781923
0.175532 0.781923
0.177305 0.781923
0.005319 0.781923
-0.211879 0.781923
0.347518 0.781923
-0.182624 0.781923
0.004433 0.781923
-0.319149 0.781923
0.434397 0.781923
-0.363475 0.781923
0.022163 0.781923
-0.327128 0.781923
0.062943 0.781923
0.158688 0.781923
-0.379433 0.781923
-0.136525 0.781923
-0.143617 0.781923
0.304468 0.781867
-0.127993 0.781683
0.399353 0.781558
-0.451331 0.781494
0.316688 0.781398
-0.188285 0.781307
0.000887 0.781205
-0.293440 0.781205
-0.075355 0.781205
-0.470745 0.781205
0.000000 0.781205
-0.228723 0.781205
0.087766 0.781205
0.001773 0.781205
0.333333 0.781205
0.346967 0.781201
0.452304 0.781165
0.001013 0.781125
-0.261212 0.781038
0.244790 0.781035
0.024360 0.781034
-0.140991 0.780991
0.038594 0.780983
0.241256 0.780964
0.255785 0.780923
-0.305848 0.780892
0.325926 0.780835
-0.196335 0.780824
-0.121751 0.780818
0.004653 0.780784
-0.077022 0.780712
-0.289189 0.780633
-0.092655 0.780630
0.000246 0.780596
-0.257092 0.780488
-0.342199 0.780488
0.229610 0.780488
0.000000 0.780488
0.297872 0.780488
0.013298 0.780488
0.074468 0.780488
-0.442376 0.780488
0.078014 0.780488
-0.299645 0.780488
-0.343085 0.780488
-0.240248 0.780488
-0.148050 0.780488
-0.422872 0.780488
0.184397 0.780488
-0.339539 0.780488
0.076241 0.780488
0.444149 0.780488
-0.450355 0.780488
-0.258437 0.780451
-0.341565 0.780441
0.322209 0.780401
-0.288592 0.780357
-0.262257 0.780309
-0.262562 0.780211
0.338824 0.780145
0.230915 0.780100
0.085665 0.780066
-0.477012 0.779890
0.332529 0.779877
0.137575 0.779792
0.010804 0.779783
0.287234 0.779770
-0.092199 0.779770
0.335993 0.779770
-0.289007 0.779770
0.306738 0.779770
-0.485816 0.779770
-0.271277 0.779770
0.051418 0.779770
0.085106 0.779770
0.111702 0.779770
-0.196809 0.779770
0.157801 0.779770
0.037418 0.779629
0.400209 0.779628
-0.114613 0.779545
0.321620 0.779487
0.093126 0.779375
0.440426 0.779287
0.190795 0.779256
-0.000580 0.779121
0.412521 0.779076
0.253546 0.779053
0.021277 0.779053
-0.225177 0.779053
0.276596 0.779053
-0.295213 0.779053
0.191489 0.779053
0.259752 0.779053
0.363475 0.779053
-0.122340 0.779053
0.403369 0.779053
0.407801 0.779053
0.315603 0.779053
0.067376 0.779053
0.271277 0.779053
0.170213 0.779053
0.093972 0.779053
-0.267730 0.779053
0.453901 0.779053
0.027482 0.779053
0.398936 0.779053
-0.368794 0.779053
0.265957 0.779053
-0.351784 0.779042
0.011009 0.779003
0.113641 0.778984
0.401487 0.778923
0.280342 0.778617
0.089582 0.778601
-0.372474 0.778496
0.004433 0.778336
-0.281915 0.778336
0.003546 0.778336
-0.217199 0.778336
0.370567 0.778336
0.082447 0.778336
-0.305851 0.778336
0.388298 0.778336
0.323582 0.778336
0.248227 0.778336
0.101163 0.778316
-0.264178 0.778052
0.181170 0.777969
0.449814 0.777947
-0.312495 0.777780
-0.313148 0.777721
-0.000326 0.777708
0.263035 0.777690
0.242908 0.777618
0.431738 0.777618
0.377660 0.777618
0.170213 0.777618
0.102837 0.777618
-0.350177 0.777618
0.331560 0.777618
0.042553 0.777618
-0.460993 0.777618
0.155142 0.777618
-0.290780 0.777618
-0.127660 0.777618
0.060284 0.777618
-0.234043 0.777618
0.171099 0.777618
0.037234 0.777618
-0.118794 0.777618
-0.209220 0.777618
0.001773 0.777618
0.078688 0.777555
-0.456920 0.777484
0.037967 0.777326
-0.232048 0.777320
-0.115674 0.777243
-0.294492 0.777232
-0.417921 0.777216
-0.489103 0.777133
0.057344 0.777120
0.452144 0.777066
0.303498 0.777049
0.408352 0.776925
0.245411 0.776907
-0.191489 0.776901
-0.481383 0.776901
-0.263298 0.776901
0.012411 0.776901
-0.419326 0.776901
-0.118794 0.776901
0.343085 0.776901
-0.113720 0.776859
-0.142703 0.776498
0.323322 0.776452
-0.269233 0.776187
-0.140071 0.776184
-0.374113 0.776184
0.418440 0.776184
0.364362 0.776184
-0.312057 0.776184
-0.132979 0.776184
0.026596 0.776184
-0.081560 0.776184
-0.283688 0.776184
0.164894 0.776184
0.251773 0.776184
0.304965 0.776184
-0.147163 0.776184
-0.115248 0.776184
0.086879 0.776184
-0.246454 0.776184
0.358041 0.776006
-0.116430 0.775873
-0.105073 0.775520
-0.414007 0.775466
-0.115248 0.775466
0.051418 0.775466
-0.230496 0.775466
0.197695 0.775466
-0.396277 0.775466
-0.485816 0.775466
-0.479610 0.775466
0.354610 0.775466
0.313830 0.775466
0.371454 0.775466
-0.152482 0.775466
0.120567 0.775466
0.246454 0.775466
-0.196023 0.775383
0.198178 0.775355
-0.447537 0.775339
0.213370 0.775324
-0.488761 0.775062
0.260856 0.775003
0.164918 0.774984
-0.135224 0.774948
-0.272352 0.774784
0.003546 0.774749
0.080674 0.774749
0.078901 0.774749
0.292553 0.774749
-0.366135 0.774749
0.257092 0.774749
-0.409574 0.774749
0.066489 0.774749
-0.115248 0.774749
0.263298 0.774749
-0.276596 0.774749
-0.434397 0.774749
0.164894 0.774749
-0.164007 0.774749
0.149823 0.774749
-0.204787 0.774749
0.095745 0.774749
0.338652 0.774749
0.379385 0.774623
-0.127652 0.774606
-0.152906 0.774572
0.246485 0.774393
-0.057406 0.774282
0.284213 0.774181
0.171794 0.774172
0.247765 0.774049
-0.125890 0.774044
0.232270 0.774032
-0.457447 0.774032
0.405142 0.774032
-0.273050 0.774032
0.416667 0.774032
0.281915 0.774032
0.439716 0.774032
0.400709 0.774032
-0.059397 0.774032
0.164007 0.774032
0.128546 0.774032
-0.318262 0.774032
0.026143 0.773864
0.167204 0.773771
-0.468480 0.773660
0.255222 0.773611
0.406293 0.773435
-0.275012 0.773327
-0.065603 0.773314
0.314716 0.773314
0.042553 0.773314
0.250000 0.773314
-0.109043 0.773314
0.059397 0.773314
0.242908 0.773314
-0.336879 0.773314
0.429078 0.773314
0.164894 0.773314
-0.274823 0.773314
-0.092199 0.773314
0.240248 0.773314
0.365248 0.773314
0.037234 0.773314
-0.125000 0.773314
-0.269504 0.773314
0.455674 0.773314
0.031915 0.773314
0.014184 0.773314
0.104610 0.773314
0.404245 0.773278
-0.270541 0.773166
0.444571 0.773078
-0.134270 0.772952
-0.436170 0.772597
-0.109043 0.772597
0.267730 0.772597
0.164007 0.772597
-0.373227 0.772597
0.355496 0.772597
0.140957 0.772597
0.322695 0.772597
0.273050 0.772597
-0.461879 0.772597
-0.330674 0.772597
-0.055851 0.772597
0.085106 0.772597
0.303191 0.772597
-0.462766 0.772597
0.460993 0.772597
-0.271277 0.772597
0.449468 0.772597
-0.321006 0.772537
0.296529 0.772439
0.052117 0.772294
0.336448 0.772220
-0.150649 0.772137
0.096444 0.772129
-0.373239 0.772050
0.236452 0.772026
-0.256206 0.771879
0.255319 0.771879
-0.145390 0.771879
0.412234 0.771879
0.345745 0.771879
-0.226950 0.771879
-0.371454 0.771879
0.203901 0.771879
-0.207447 0.771879
0.132979 0.771879
-0.235816 0.771879
-0.324468 0.771879
-0.469858 0.771879
-0.200355 0.771879
0.312057 0.771879
-0.130319 0.771879
-0.138298 0.771879
0.019504 0.771879
-0.273050 0.771879
0.163121 0.771879
0.351189 0.771785
-0.105788 0.771728
0.056599 0.771591
0.338722 0.771431
-0.463235 0.771231
0.161941 0.771205
-0.219858 0.771162
0.246454 0.771162
0.050532 0.771162
0.005319 0.771162
0.427305 0.771162
0.212766 0.771162
0.297872 0.771162
0.195922 0.771162
-0.430851 0.771162
-0.121454 0.771162
-0.151596 0.771162
0.086879 0.771162
-0.148936 0.771162
-0.150709 0.771162
0.196239 0.771145
0.401825 0.771091
-0.103950 0.770971
-0.171801 0.770904
-0.320198 0.770889
-0.486720 0.770855
-0.463759 0.770828
-0.099364 0.770802
-0.131753 0.770781
-0.155092 0.770781
-0.464136 0.770776
-0.201758 0.770640
0.444807 0.770626
0.360132 0.770597
0.455102 0.770580
-0.437943 0.770445
-0.453901 0.770445
0.260638 0.770445
0.221631 0.770445
0.031915 0.770445
0.333333 0.770445
-0.102837 0.770445
-0.211879 0.770445
-0.445922 0.770445
-0.352837 0.770445
0.037234 0.770445
0.251957 0.770351
-0.202418 0.770330
-0.337450 0.770285
-0.260589 0.770271
0.224918 0.770190
0.206140 0.770185
-0.486897 0.770103
-0.473421 0.770068
0.038339 0.770058
0.364298 0.770043
-0.233840 0.770038
-0.131153 0.769885
0.064891 0.769870
0.160461 0.769727
0.250000 0.769727
0.389184 0.769727
-0.169326 0.769727
0.095745 0.769727
0.437057 0.769727
0.229610 0.769727
0.312943 0.769727
-0.390957 0.769727
0.247340 0.769727
-0.269753 0.769705
-0.426624 0.769539
-0.335484 0.769414
0.086822 0.769392
0.315182 0.769383
-0.238409 0.769289
0.010211 0.769188
-0.465352 0.769131
-0.372340 0.769010
0.287234 0.769010
-0.432624 0.769010
0.083333 0.769010
0.428191 0.769010
0.070922 0.769010
0.242908 0.769010
0.378546 0.769010
0.058511 0.769010
0.402482 0.769010
0.237589 0.769010
-0.203014 0.769010
-0.174645 0.769010
0.024823 0.769010
-0.050532 0.769010
0.425532 0.769010
-0.458333 0.769010
0.240248 0.769010
0.113475 0.769010
-0.482270 0.769010
0.240138 0.768977
0.262105 0.768935
-0.431998 0.768669
0.409969 0.768573
0.089551 0.768570
0.391003 0.768545
0.438772 0.768417
-0.330142 0.768369
-0.211354 0.768295
-0.090426 0.768293
-0.071809 0.768293
0.255319 0.768293
-0.232270 0.768293
0.310284 0.768293
0.265071 0.768293
-0.370567 0.768293
-0.262411 0.768293
-0.231488 0.768205
0.033608 0.768103
0.005548 0.768008
-0.272912 0.767918
-0.440170 0.767688
-0.116983 0.767673
0.255331 0.767632
-0.462944 0.767621
-0.078901 0.767575
0.202128 0.767575
0.359043 0.767575
0.031915 0.767575
-0.127660 0.767575
-0.296986 0.767575
-0.135638 0.767575
-0.463652 0.767575
0.007092 0.767575
-0.440603 0.767575
-0.427305 0.767575
0.313830 0.767575
-0.486702 0.767575
-0.462766 0.767575
0.340426 0.767575
-0.448582 0.767575
0.278369 0.767575
-0.368794 0.767575
0.241135 0.767575
-0.264184 0.767575
-0.039894 0.767575
0.457447 0.767575
0.243794 0.767575
0.085106 0.767575
0.157801 0.767575
-0.480496 0.767575
-0.143617 0.767575
-0.245567 0.767575
-0.464539 0.767575
0.345373 0.767460
-0.372455 0.767377
0.420872 0.767277
0.249337 0.767263
0.366429 0.767176
0.393211 0.767119
0.237372 0.767100
-0.447905 0.767040
-0.130228 0.767013
-0.428951 0.766910
0.421099 0.766858
0.172872 0.766858
-0.147163 0.766858
-0.471631 0.766858
0.109929 0.766858
0.211879 0.766858
0.451241 0.766858
0.426418 0.766858
-0.455674 0.766858
0.409574 0.766858
0.349291 0.766858
0.288121 0.766858
0.462766 0.766858
0.372340 0.766858
-0.491067 0.766842
0.248729 0.766705
-0.459447 0.766687
-0.439648 0.766591
-0.479911 0.766440
0.422932 0.766275
-0.455266 0.766148
0.269504 0.766141
0.024823 0.766141
-0.335993 0.766141
-0.317376 0.766141
-0.156028 0.766141
-0.113475 0.766141
0.250000 0.766141
-0.292553 0.766141
0.244681 0.766141
0.468085 0.766141
0.220745 0.766141
0.445035 0.766141
0.423759 0.766141
0.247340 0.766141
-0.152482 0.766141
-0.150709 0.766141
-0.205674 0.766141
-0.491135 0.766141
-0.390071 0.766141
0.311170 0.766141
-0.155142 0.766141
0.086879 0.766141
-0.466312 0.766141
-0.154255 0.766141
-0.421986 0.766141
-0.465426 0.766141
-0.478723 0.766141
0.164007 0.766141
0.012411 0.766141
-0.152063 0.765691
-0.417984 0.765664
-0.451413 0.765549
0.014269 0.765424
0.024823 0.765423
-0.015071 0.765423
-0.473404 0.765423
0.179965 0.765423
-0.303191 0.765423
0.365248 0.765423
0.324468 0.765423
0.292553 0.765423
-0.329787 0.765423
-0.460106 0.765423
0.407801 0.765423
-0.101064 0.765423
0.279255 0.765423
0.228723 0.765423
0.163121 0.765423
0.436170 0.765423
0.012411 0.765423
0.094858 0.765423
0.254378 0.765330
-0.457734 0.765323
0.024125 0.765249
0.368180 0.765229
0.427816 0.765215
-0.065423 0.765210
-0.459429 0.765169
-0.137125 0.765006
0.400237 0.764869
-0.437943 0.764706
-0.210106 0.764706
-0.468085 0.764706
0.122340 0.764706
0.308511 0.764706
0.390957 0.764706
-0.285461 0.764706
0.416667 0.764706
0.289007 0.764706
0.017730 0.764706
-0.443262 0.764706
-0.228723 0.764706
0.427305 0.764706
0.451241 0.764706
0.152482 0.764706
-0.416667 0.764706
-0.014536 0.764705
-0.251582 0.764670
0.065227 0.764611
0.466412 0.764554
0.032678 0.764530
-0.101346 0.764439
-0.274556 0.764312
0.424783 0.764195
0.087992 0.764170
0.297573 0.764073
-0.212659 0.764038
0.407801 0.763989
-0.107270 0.763989
0.017730 0.763989
-0.323582 0.763989
0.445035 0.763989
-0.412234 0.763989
0.048759 0.763989
-0.183511 0.763989
0.419326 0.763989
-0.238475 0.763989
0.209220 0.763989
0.424645 0.763989
-0.221631 0.763989
-0.462766 0.763989
-0.450355 0.763989
0.111539 0.763908
-0.467401 0.763851
0.108865 0.763782
-0.070357 0.763772
0.119530 0.763683
0.305248 0.763614
0.357365 0.763381
-0.153570 0.763327
-0.461544 0.763278
0.160461 0.763271
0.017730 0.763271
0.335106 0.763271
-0.278369 0.763271
-0.214539 0.763271
0.084220 0.763271
-0.255319 0.763271
0.421986 0.763271
-0.407801 0.763271
-0.432624 0.763271
0.407801 0.763271
-0.457447 0.763271
0.200355 0.763271
0.414894 0.763271
0.303191 0.763271
0.293440 0.763271
0.419507 0.763212
-0.351123 0.763156
-0.414220 0.763147
-0.465048 0.763022
-0.382166 0.762992
0.407144 0.762961
0.129076 0.762850
0.459446 0.762806
0.265878 0.762703
-0.365226 0.762686
0.439888 0.762616
-0.476911 0.762598
0.166667 0.762554
-0.119681 0.762554
0.343972 0.762554
-0.013298 0.762554
-0.482270 0.762554
0.126773 0.762554
0.118794 0.762554
-0.153894 0.762440
0.213336 0.762311
-0.434746 0.762113
0.296413 0.762066
0.465583 0.762049
-0.424053 0.761934
0.084024 0.761906
0.002809 0.761859
0.219858 0.761836
0.427305 0.761836
-0.492021 0.761836
-0.440603 0.761836
-0.276596 0.761836
0.413121 0.761836
0.312057 0.761836
-0.312057 0.761836
0.441489 0.761836
0.297872 0.761836
0.147163 0.761836
0.352837 0.761836
0.079787 0.761836
0.056738 0.761836
0.067376 0.761836
-0.347518 0.761836
0.320035 0.761836
0.085993 0.761836
0.459220 0.761836
0.445035 0.761836
-0.418269 0.761762
-0.234884 0.761734
-0.220934 0.761636
0.208758 0.761627
-0.218761 0.761596
-0.151493 0.761516
0.147917 0.761460
0.418451 0.761404
0.270156 0.761329
-0.429074 0.761282
-0.372704 0.761227
-0.309445 0.761226
0.424645 0.761119
-0.486702 0.761119
0.457447 0.761119
0.418440 0.761119
0.464539 0.761119
-0.161348 0.761119
0.432624 0.761119
-0.480496 0.761119
-0.375000 0.761119
0.043440 0.761119
0.156028 0.761119
0.139184 0.761119
0.435870 0.761025
-0.225843 0.760966
0.119746 0.760933
0.015971 0.760824
0.407900 0.760780
-0.377660 0.760402
0.413121 0.760402
0.395390 0.760402
0.421099 0.760402
0.309397 0.760402
-0.273936 0.760402
-0.475177 0.760402
-0.062057 0.760402
0.307624 0.760402
-0.128546 0.760402
0.379433 0.760402
0.131206 0.760402
-0.234929 0.760402
-0.270390 0.760402
0.123227 0.760402
-0.099291 0.760402
0.115248 0.760402
-0.429965 0.760402
-0.464539 0.760402
-0.373227 0.760402
0.270390 0.760402
-0.477883 0.760314
0.429476 0.760303
-0.462747 0.760289
0.063338 0.760244
-0.416237 0.760240
-0.443119 0.760216
-0.371487 0.760197
-0.209426 0.760070
-0.201986 0.759866
-0.201100 0.759711
0.416667 0.759684
0.258865 0.759684
0.330674 0.759684
-0.007092 0.759684
0.315603 0.759684
0.359043 0.759684
-0.139184 0.759684
-0.459220 0.759684
0.441489 0.759684
-0.131206 0.759684
-0.087766 0.759684
-0.069149 0.759684
-0.248227 0.759684
-0.143617 0.759684
0.207447 0.759684
0.280142 0.759684
-0.402344 0.759648
0.312073 0.759631
0.352739 0.759543
0.228290 0.759481
0.299748 0.759421
0.144229 0.759375
0.139068 0.759155
-0.147163 0.758967
0.427305 0.758967
-0.335106 0.758967
0.163121 0.758967
0.217199 0.758967
0.100177 0.758967
0.372340 0.758967
-0.202128 0.758967
-0.363475 0.758967
-0.105496 0.758967
-0.437943 0.758967
-0.076241 0.758967
0.005319 0.758967
-0.425532 0.758967
0.143617 0.758967
0.413121 0.758967
-0.148936 0.758967
0.302305 0.758967
0.063830 0.758967
-0.440603 0.758967
-0.234929 0.758967
0.019150 0.758834
0.280077 0.758722
-0.478441 0.758680
-0.157171 0.758618
0.141282 0.758346
0.438069 0.758259
0.413121 0.758250
0.147163 0.758250
0.342199 0.758250
0.135638 0.758250
0.423759 0.758250
0.236702 0.758250
0.432624 0.758250
0.150709 0.758250
0.451241 0.758250
0.416667 0.758250
-0.153843 0.758160
-0.170112 0.757926
-0.234634 0.757835
0.327283 0.757782
-0.249243 0.757718
-0.130887 0.757674
0.399687 0.757577
-0.453220 0.757568
-0.492908 0.757532
0.263298 0.757532
0.351064 0.757532
0.085106 0.757532
0.413121 0.757532
-0.420213 0.757532
-0.111702 0.757532
-0.328901 0.757532
0.420213 0.757532
-0.395390 0.757532
0.475177 0.757532
0.253546 0.757532
0.437943 0.757532
0.365248 0.757532
0.416667 0.757532
0.184397 0.757532
0.250887 0.757532
-0.348228 0.757446
0.417038 0.757442
0.475787 0.757438
0.305383 0.757183
-0.327202 0.757160
0.307552 0.757147
0.139952 0.756975
-0.080632 0.756902
-0.024115 0.756879
-0.387051 0.756875
0.423164 0.756834
0.206574 0.756822
-0.487589 0.756815
-0.415780 0.756815
0.010638 0.756815
-0.222518 0.756815
0.158688 0.756815
0.028369 0.756815
-0.056738 0.756815
0.240248 0.756815
-0.150384 0.756805
0.373495 0.756766
0.414685 0.756754
-0.346209 0.756702
0.012980 0.756636
0.087886 0.756319
-0.317454 0.756251
0.259243 0.756242
0.308511 0.756098
0.383865 0.756098
0.214539 0.756098
-0.204787 0.756098
-0.005319 0.756098
-0.437943 0.756098
-0.156915 0.756098
-0.471631 0.756098
-0.460993 0.756098
0.080674 0.756098
0.140071 0.756098
-0.241135 0.756098
-0.482270 0.756098
0.017730 0.756098
0.326241 0.756098
-0.261525 0.756098
-0.215426 0.756098
-0.166667 0.756098
0.306738 0.756098
-0.435284 0.756098
-0.068262 0.756098
0.310284 0.756098
0.460993 0.756098
-0.157801 0.756098
-0.250887 0.756098
-0.322695 0.756098
0.249725 0.756030
0.077779 0.755907
0.317025 0.755761
-0.056246 0.755521
0.055027 0.755504
0.009654 0.755471
0.149487 0.755441
-0.120567 0.755380
0.310284 0.755380
0.337766 0.755380
-0.075355 0.755380
0.165780 0.755380
0.308511 0.755380
-0.449468 0.755380
0.459220 0.755380
0.357270 0.755380
0.081560 0.755380
0.143617 0.755380
-0.485336 0.755318
0.354275 0.755301
-0.319819 0.755210
0.430405 0.755146
-0.130951 0.755096
-0.459006 0.754990
-0.443700 0.754982
-0.299753 0.754897
0.188387 0.754870
-0.203896 0.754703
-0.483151 0.754693
0.308349 0.754677
0.227837 0.754663
-0.346631 0.754663
-0.209220 0.754663
-0.102837 0.754663
0.147163 0.754663
0.457447 0.754663
0.021277 0.754663
0.076241 0.754663
-0.294326 0.754663
-0.456560 0.754663
0.054965 0.754663
0.271277 0.754663
0.154255 0.754663
0.400709 0.754663
0.310284 0.754663
0.150709 0.754663
-0.241135 0.754663
-0.271977 0.754641
-0.492502 0.754614
0.059464 0.754558
-0.243923 0.754492
0.382617 0.754466
-0.074792 0.754399
0.154268 0.754339
-0.261013 0.754259
0.254019 0.754125
-0.284564 0.754007
0.145736 0.754005
-0.337766 0.753945
-0.224291 0.753945
-0.332447 0.753945
0.140957 0.753945
0.321809 0.753945
0.203901 0.753945
0.313830 0.753945
0.370567 0.753945
0.197695 0.753945
-0.095745 0.753945
0.077128 0.753945
0.331761 0.753942
0.320330 0.753931
0.151113 0.753637
-0.072939 0.753617
0.440367 0.753465
0.117883 0.753341
0.352057 0.753331
-0.084220 0.753228
-0.241135 0.753228
0.144504 0.753228
-0.109043 0.753228
-0.435284 0.753228
-0.432624 0.753228
-0.117021 0.753228
0.161348 0.753228
-0.129433 0.753228
0.349291 0.753228
-0.062943 0.753228
-0.405142 0.753228
-0.437943 0.753228
-0.377660 0.753228
-0.287234 0.753228
0.078014 0.753228
0.313830 0.753228
-0.051418 0.753228
-0.491135 0.753228
0.200355 0.753228
0.083252 0.753154
0.313198 0.753151
0.074420 0.753134
0.351031 0.752916
-0.325931 0.752899
0.082447 0.752511
0.363475 0.752511
-0.326241 0.752511
-0.243794 0.752511
0.471631 0.752511
-0.132092 0.752511
0.292553 0.752511
0.133865 0.752511
-0.380319 0.752511
-0.485816 0.752511
0.445922 0.752511
0.125887 0.752511
0.293065 0.752406
0.429026 0.752240
0.202735 0.752155
-0.283920 0.752120
0.157667 0.752116
-0.132920 0.751932
-0.449332 0.751851
-0.143617 0.751793
0.317376 0.751793
0.225177 0.751793
-0.317376 0.751793
0.141844 0.751793
-0.139184 0.751793
0.388298 0.751793
0.333333 0.751793
-0.167553 0.751793
-0.280142 0.751793
-0.382979 0.751793
-0.134752 0.751793
-0.074468 0.751793
0.168440 0.751793
-0.367908 0.751793
-0.288121 0.751793
0.072695 0.751793
-0.428191 0.751793
0.264184 0.751793
-0.437943 0.751793
0.062057 0.751793
-0.435284 0.751793
-0.040780 0.751793
0.210040 0.751789
-0.245457 0.751722
0.139349 0.751686
0.160270 0.751488
-0.364254 0.751324
0.141097 0.751174
-0.269698 0.751147
-0.458333 0.751076
-0.303191 0.751076
-0.185284 0.751076
-0.289007 0.751076
-0.322695 0.751076
-0.163121 0.751076
0.076241 0.751076
0.296986 0.751076
-0.243794 0.751076
-0.125887 0.751076
0.347771 0.750802
0.313339 0.750786
-0.455422 0.750739
0.319079 0.750701
-0.458511 0.750684
-0.380574 0.750683
0.309692 0.750535
-0.130880 0.750427
-0.326854 0.750400
-0.479610 0.750359
0.482270 0.750359
0.210993 0.750359
-0.423759 0.750359
-0.290780 0.750359
0.442376 0.750359
0.344858 0.750359
0.268617 0.750359
-0.358156 0.750359
0.355496 0.750359
0.077128 0.750359
-0.430851 0.750359
0.039894 0.750359
0.003546 0.750359
0.138298 0.750359
-0.281028 0.750359
-0.468972 0.750359
-0.437943 0.750359
0.078901 0.750359
-0.030142 0.750359
-0.277482 0.750359
-0.128546 0.750359
-0.068418 0.750341
0.345697 0.750307
0.070698 0.750272
0.351372 0.750270
0.070507 0.750179
-0.167161 0.750170
0.148459 0.750078
-0.432863 0.750064
0.430349 0.750003
0.079553 0.749970
0.023620 0.749922
-0.107408 0.749875
0.216084 0.749717
0.041298 0.749716
0.468040 0.749657
0.375000 0.749641
-0.083333 0.749641
-0.057624 0.749641
-0.349291 0.749641
0.326241 0.749641
0.350177 0.749641
0.158688 0.749641
0.010638 0.749641
0.468972 0.749641
-0.446809 0.749641
0.345745 0.749641
-0.240495 0.749613
-0.097875 0.749563
-0.468481 0.749450
0.336067 0.749439
-0.022272 0.749429
0.087796 0.749427
0.370535 0.749254
0.362418 0.749253
-0.101308 0.749138
0.353156 0.749102
-0.345811 0.748927
-0.069149 0.748924
-0.151596 0.748924
-0.246454 0.748924
0.017730 0.748924
-0.281915 0.748924
-0.271277 0.748924
-0.293440 0.748924
-0.340426 0.748924
-0.054078 0.748924
0.149823 0.748924
0.482270 0.748924
-0.257092 0.748924
-0.114362 0.748924
-0.122340 0.748924
0.257092 0.748924
0.313830 0.748924
-0.278369 0.748924
-0.274823 0.748924
0.452128 0.748924
0.111702 0.748924
-0.106383 0.748924
0.069149 0.748924
-0.335106 0.748924
-0.216312 0.748924
-0.267730 0.748924
-0.489362 0.748924
0.467199 0.748924
-0.329787 0.748924
0.146277 0.748924
-0.138406 0.748875
0.357903 0.748703
0.005228 0.748602
-0.061792 0.748576
-0.468806 0.748571
0.077527 0.748474
-0.409519 0.748458
-0.471523 0.748447
0.109739 0.748434
-0.239876 0.748419
-0.068815 0.748383
-0.038973 0.748363
-0.422206 0.748358
-0.284109 0.748304
-0.436117 0.748259
-0.114362 0.748207
0.246454 0.748207
-0.446809 0.748207
0.139184 0.748207
-0.279255 0.748207
-0.282801 0.748207
0.072695 0.748207
0.165780 0.748207
-0.099291 0.748207
-0.335993 0.748207
-0.341312 0.748207
-0.353723 0.748207
0.181738 0.748207
-0.106383 0.748207
0.005319 0.748207
0.157801 0.748207
0.301418 0.748207
-0.375887 0.748207
0.453014 0.748207
-0.230496 0.748207
-0.284622 0.748156
-0.062728 0.748082
0.329916 0.748053
0.040442 0.748023
0.266190 0.747913
-0.325787 0.747911
0.349225 0.747549
-0.297105 0.747540
-0.025384 0.747537
0.069005 0.747512
-0.378546 0.747489
-0.210106 0.747489
-0.106383 0.747489
0.340426 0.747489
-0.099291 0.747489
0.021277 0.747489
-0.492908 0.747489
-0.312057 0.747489
0.261525 0.747489
0.321809 0.747489
-0.168440 0.747489
-0.342199 0.747489
0.142730 0.747489
-0.344858 0.747489
-0.326241 0.747489
0.078014 0.747489
0.317376 0.747489
-0.392730 0.747489
-0.023936 0.747489
0.079787 0.747489
0.096631 0.747489
0.143617 0.747489
-0.007092 0.747489
-0.283688 0.747489
0.235816 0.747489
-0.092199 0.747489
0.012411 0.747489
0.361702 0.747489
0.076241 0.747489
0.000000 0.747489
0.283688 0.747489
-0.049645 0.747489
-0.216147 0.747417
0.349187 0.747416
-0.200764 0.747388
-0.095857 0.747382
-0.269441 0.747075
0.008667 0.747009
0.075329 0.746990
-0.123030 0.746930
-0.061645 0.746909
-0.283874 0.746775
-0.366135 0.746772
-0.164007 0.746772
0.270390 0.746772
0.427305 0.746772
-0.317376 0.746772
-0.285461 0.746772
0.356383 0.746772
-0.391844 0.746772
-0.413121 0.746772
0.426418 0.746772
-0.186170 0.746772
-0.345745 0.746772
0.041667 0.746772
0.218972 0.746772
0.341312 0.746772
-0.029255 0.746772
-0.483156 0.746772
-0.238475 0.746772
0.355115 0.746327
0.420104 0.746260
-0.388334 0.746220
0.355232 0.746178
0.024823 0.746055
-0.432624 0.746055
-0.063830 0.746055
0.115248 0.746055
-0.439716 0.746055
0.351064 0.746055
-0.218085 0.746055
0.306738 0.746055
0.342199 0.746055
0.479610 0.746055
-0.455674 0.746055
0.265957 0.746055
0.087766 0.746055
-0.203901 0.746055
0.007092 0.746055
0.357270 0.746055
0.419326 0.746055
-0.349291 0.746055
-0.287234 0.746055
-0.159574 0.746055
0.432624 0.746055
0.422872 0.746055
-0.322695 0.746055
0.346631 0.746055
-0.039007 0.746055
-0.461932 0.746029
-0.246514 0.746023
-0.000145 0.745973
-0.030510 0.745910
-0.053274 0.745831
0.231732 0.745795
-0.070350 0.745720
0.297178 0.745707
0.235484 0.745609
0.315996 0.745542
0.068687 0.745541
-0.451197 0.745525
0.360624 0.745515
0.350359 0.745487
-0.372185 0.745442
0.370133 0.745340
0.308511 0.745337
0.333333 0.745337
0.071809 0.745337
-0.302305 0.745337
-0.060284 0.745337
0.351950 0.745337
-0.359043 0.745337
-0.466312 0.745337
0.001773 0.745337
0.142834 0.745270
0.454606 0.745155
-0.414694 0.745097
-0.290545 0.744944
0.041352 0.744830
0.359953 0.744797
0.076951 0.744761
0.443478 0.744640
-0.019363 0.744639
0.354307 0.744621
-0.036348 0.744620
0.195035 0.744620
0.163121 0.744620
0.075355 0.744620
-0.267730 0.744620
-0.488475 0.744620
-0.385638 0.744620
-0.010638 0.744620
-0.253546 0.744620
-0.241135 0.744620
-0.289894 0.744620
0.136525 0.744620
0.352837 0.744620
-0.211879 0.744620
0.388298 0.744620
0.246454 0.744620
0.077128 0.744620
-0.017730 0.744620
-0.136525 0.744620
-0.003546 0.744620
0.334220 0.744620
0.057624 0.744620
0.207447 0.744620
0.169326 0.744620
-0.140957 0.744620
-0.476950 0.744620
-0.264184 0.744620
0.179078 0.744620
-0.056738 0.744620
0.212074 0.744599
0.072471 0.744597
0.320100 0.744511
-0.153196 0.744460
-0.411451 0.744433
0.074919 0.744419
0.205839 0.744398
0.197331 0.744265
0.113629 0.744257
0.228793 0.744147
-0.241549 0.744094
-0.034688 0.743952
0.343182 0.743907
-0.420213 0.743902
0.263298 0.743902
0.140071 0.743902
-0.023050 0.743902
0.197695 0.743902
-0.133865 0.743902
-0.448582 0.743902
0.235816 0.743902
-0.148050 0.743902
0.407801 0.743902
0.203901 0.743902
-0.112157 0.743820
0.446147 0.743755
0.080793 0.743691
-0.488866 0.743650
-0.285936 0.743632
0.389044 0.743524
-0.308689 0.743291
-0.159977 0.743256
0.317376 0.743185
-0.052305 0.743185
0.378546 0.743185
-0.292553 0.743185
-0.247340 0.743185
0.321809 0.743185
0.143617 0.743185
-0.219858 0.743185
-0.402482 0.743185
-0.374113 0.743185
0.144504 0.743185
0.326241 0.743185
-0.491135 0.743185
-0.028369 0.743185
0.162234 0.743185
0.200355 0.743185
0.349291 0.743185
-0.354610 0.743185
0.145390 0.743185
0.446809 0.743185
-0.280142 0.743185
0.476950 0.743185
0.344858 0.743185
0.145822 0.743040
0.076945 0.743039
-0.281489 0.742895
0.201627 0.742893
0.166035 0.742765
-0.286753 0.742709
0.193268 0.742689
0.231485 0.742651
-0.457902 0.742546
-0.019817 0.742524
0.026596 0.742468
-0.284574 0.742468
0.267730 0.742468
-0.095745 0.742468
-0.401596 0.742468
0.447695 0.742468
0.462766 0.742468
-0.482270 0.742468
-0.127660 0.742468
-0.102837 0.742468
0.153369 0.742468
0.350177 0.742468
0.229610 0.742468
0.205674 0.742468
0.078901 0.742468
0.333333 0.742468
0.194765 0.742462
-0.242605 0.742411
0.074575 0.742381
-0.140874 0.742358
0.329175 0.742307
-0.082210 0.742302
-0.238834 0.742288
0.447073 0.742259
0.333038 0.742074
-0.133366 0.742002
0.138037 0.741822
0.423452 0.741822
-0.164894 0.741750
0.064716 0.741750
0.489362 0.741750
-0.074468 0.741750
-0.441489 0.741750
-0.047872 0.741750
0.074468 0.741750
-0.227837 0.741750
0.448582 0.741750
-0.458333 0.741750
-0.367021 0.741750
0.202128 0.741750
-0.400709 0.741750
-0.286348 0.741750
0.161348 0.741750
0.451514 0.741748
0.082892 0.741706
-0.125915 0.741509
0.205196 0.741493
-0.431446 0.741440
0.165163 0.741395
0.242325 0.741258
-0.161718 0.741258
-0.280499 0.741249
0.211532 0.741201
-0.161522 0.741169
0.004433 0.741033
-0.156028 0.741033
0.085106 0.741033
-0.160461 0.741033
-0.175532 0.741033
0.365248 0.741033
-0.468972 0.741033
0.325355 0.741033
0.192376 0.741033
0.166667 0.741033
0.215426 0.741033
-0.035461 0.741033
0.320922 0.741033
-0.430851 0.741033
0.395390 0.741033
0.334660 0.741019
-0.330678 0.740951
-0.192513 0.740826
-0.368359 0.740647
0.194519 0.740622
-0.052335 0.740553
-0.371986 0.740388
0.194149 0.740316
0.208333 0.740316
0.137411 0.740316
-0.193262 0.740316
-0.007979 0.740316
-0.000887 0.740316
-0.203901 0.740316
-0.202128 0.740316
-0.381206 0.740316
-0.359929 0.740316
-0.124113 0.740316
-0.289007 0.740316
0.296099 0.740316
0.235816 0.740316
-0.045213 0.740316
-0.235816 0.740316
0.347518 0.740316
0.050532 0.740316
-0.409574 0.740316
-0.487589 0.740316
0.203901 0.740316
-0.260638 0.740316
0.073482 0.740223
-0.276014 0.740178
-0.102629 0.740069
-0.042280 0.740021
0.203760 0.739961
-0.405190 0.739940
0.222495 0.739715
0.320438 0.739610
-0.062943 0.739598
0.141844 0.739598
0.213652 0.739598
0.312057 0.739598
0.140957 0.739598
0.360816 0.739598
-0.116135 0.739598
0.196809 0.739598
-0.083333 0.739598
0.076241 0.739598
-0.394504 0.739598
0.282801 0.739598
0.335993 0.739598
0.165780 0.739598
-0.451241 0.739598
0.141925 0.739468
0.139096 0.739442
-0.169564 0.739215
0.064481 0.739117
0.202360 0.739117
-0.081068 0.739008
0.319428 0.739004
0.336247 0.738998
0.326156 0.738921
0.486702 0.738881
-0.069149 0.738881
0.351950 0.738881
-0.059397 0.738881
0.269504 0.738881
-0.211879 0.738881
0.437057 0.738881
0.028369 0.738881
-0.042553 0.738881
-0.054965 0.738881
0.324468 0.738881
0.253546 0.738881
-0.490248 0.738881
-0.254433 0.738881
-0.273050 0.738881
0.017730 0.738881
-0.327128 0.738881
-0.242021 0.738881
0.229610 0.738881
0.336606 0.738877
-0.117110 0.738801
0.201637 0.738711
-0.206728 0.738535
0.449239 0.738469
0.277399 0.738438
-0.160074 0.738418
-0.491372 0.738165
0.125887 0.738164
-0.333333 0.738164
0.206560 0.738164
0.301418 0.738164
0.067376 0.738164
0.198582 0.738164
-0.318262 0.738164
-0.433328 0.738150
-0.327198 0.738057
-0.103548 0.737989
-0.349871 0.737872
0.191361 0.737834
-0.028959 0.737701
-0.407596 0.737669
0.315603 0.737446
0.189716 0.737446
0.012411 0.737446
0.108156 0.737446
0.078014 0.737446
0.223404 0.737446
-0.323582 0.737446
0.170213 0.737446
-0.285461 0.737446
0.179965 0.737446
-0.460993 0.737446
0.447695 0.737446
0.388298 0.737446
-0.248227 0.737446
-0.050532 0.737446
0.297872 0.737446
-0.416667 0.737446
0.462766 0.737446
-0.242908 0.737446
-0.138298 0.737446
0.021277 0.737446
-0.492908 0.737446
-0.388298 0.737446
-0.099291 0.737446
-0.406028 0.737446
-0.255319 0.737446
0.337188 0.737381
0.306325 0.737359
-0.206775 0.737331
0.282991 0.737302
0.080973 0.737257
-0.222603 0.737176
0.213909 0.737118
0.223132 0.737062
0.163808 0.737060
0.085278 0.737021
-0.222527 0.736969
0.097168 0.736817
0.193309 0.736748
-0.145390 0.736729
-0.307624 0.736729
-0.135638 0.736729
0.191489 0.736729
-0.405142 0.736729
0.162234 0.736729
-0.451241 0.736729
0.134752 0.736729
0.349291 0.736729
-0.439716 0.736729
0.070035 0.736729
0.448582 0.736729
-0.230102 0.736621
-0.158634 0.736612
-0.414088 0.736564
-0.164682 0.736524
0.011334 0.736519
-0.141865 0.736494
0.079763 0.736491
0.019321 0.736467
0.068603 0.736463
-0.431408 0.736332
-0.409133 0.736176
-0.061196 0.736126
0.094382 0.736107
-0.047872 0.736011
-0.161348 0.736011
0.306738 0.736011
0.221631 0.736011
0.138298 0.736011
0.099291 0.736011
0.337766 0.736011
-0.249113 0.736011
0.193262 0.736011
0.001773 0.736011
0.378546 0.736011
-0.152482 0.736011
-0.344858 0.736011
-0.132979 0.736011
0.084220 0.736011
0.078901 0.736011
0.209220 0.736011
-0.156915 0.736011
0.284574 0.736011
-0.221631 0.736011
-0.134652 0.735994
-0.172859 0.735976
-0.048897 0.735922
0.196001 0.735767
0.287858 0.735761
0.143224 0.735618
0.386525 0.735294
-0.348404 0.735294
0.149823 0.735294
0.271277 0.735294
0.305851 0.735294
0.222518 0.735294
0.214539 0.735294
-0.171986 0.735294
-0.138298 0.735294
0.303191 0.735294
0.230496 0.735294
0.081744 0.735281
-0.360058 0.735219
-0.067966 0.734957
0.016209 0.734838
-0.250873 0.734814
-0.255196 0.734809
-0.128967 0.734776
-0.345992 0.734751
0.100924 0.734636
0.100177 0.734577
0.425532 0.734577
0.071809 0.734577
-0.191489 0.734577
0.302305 0.734577
0.157801 0.734577
-0.203901 0.734577
0.368794 0.734577
-0.135638 0.734577
0.079787 0.734577
0.144504 0.734577
-0.202128 0.734577
-0.297872 0.734577
0.166667 0.734577
0.299645 0.734577
0.060284 0.734577
0.496454 0.734577
-0.145390 0.734577
0.219858 0.734577
-0.475177 0.734577
-0.200355 0.734577
-0.413121 0.734577
-0.112589 0.734577
0.304965 0.734577
-0.460993 0.734577
-0.182624 0.734577
0.111702 0.734577
0.427305 0.734577
0.090426 0.734577
-0.250000 0.734577
0.426418 0.734577
-0.427305 0.734577
-0.086879 0.734577
0.168440 0.734577
0.085106 0.734577
0.242908 0.734577
-0.229610 0.734577
0.303265 0.734488
0.180855 0.734313
0.097352 0.734311
-0.126247 0.734258
-0.428316 0.734182
0.275371 0.734111
0.118252 0.734089
-0.404865 0.734012
-0.117611 0.733954
0.259752 0.733859
-0.129433 0.733859
0.376773 0.733859
0.395390 0.733859
0.220745 0.733859
0.023050 0.733859
-0.366135 0.733859
-0.413121 0.733859
0.359929 0.733859
0.107270 0.733859
0.224291 0.733859
-0.037234 0.733859
0.206500 0.733755
0.091905 0.733745
0.305242 0.733723
-0.134434 0.733694
-0.150145 0.733653
0.159840 0.733558
0.221445 0.733470
-0.193451 0.733464
-0.086028 0.733441
0.011099 0.733384
-0.369586 0.733345
0.319781 0.733295
-0.228142 0.733145
-0.156915 0.733142
0.221631 0.733142
0.384752 0.733142
-0.057624 0.733142
-0.062057 0.733142
0.233156 0.733142
0.292553 0.733142
-0.099291 0.733142
0.351064 0.733142
0.062943 0.733142
-0.138298 0.733142
0.091312 0.733142
0.213652 0.733142
-0.161348 0.733142
0.072695 0.733142
0.085993 0.733142
0.199468 0.733142
0.437943 0.733142
-0.053191 0.733142
0.232603 0.733085
0.095448 0.732999
-0.054256 0.732920
0.104147 0.732920
-0.210584 0.732616
-0.253001 0.732570
0.059350 0.732496
0.012334 0.732471
0.224947 0.732464
-0.399823 0.732425
-0.353723 0.732425
0.218972 0.732425
0.239362 0.732425
0.009752 0.732425
0.414007 0.732425
-0.200355 0.732425
-0.189716 0.732425
-0.163121 0.732425
-0.198582 0.732425
0.037234 0.732425
0.135638 0.732425
-0.480496 0.732425
-0.068262 0.732425
-0.132979 0.732425
-0.359043 0.732425
0.179761 0.732345
0.089783 0.732338
0.221850 0.732333
0.244215 0.732307
-0.162387 0.732297
-0.066869 0.732253
-0.435858 0.732232
0.273965 0.732197
-0.181634 0.731958
-0.148678 0.731941
-0.415564 0.731934
0.192376 0.731707
0.219858 0.731707
0.164894 0.731707
0.235816 0.731707
0.166667 0.731707
0.092199 0.731707
-0.294326 0.731707
-0.437943 0.731707
0.065603 0.731707
-0.460993 0.731707
0.223404 0.731707
0.471631 0.731707
0.115248 0.731707
0.448582 0.731707
-0.173759 0.731707
-0.149823 0.731707
-0.074468 0.731707
0.273050 0.731707
-0.125887 0.731707
0.361702 0.731707
-0.213652 0.731707
0.163121 0.731707
-0.044326 0.731707
-0.409574 0.731707
-0.449468 0.731707
0.156769 0.731677
0.125255 0.731646
0.186652 0.731498
-0.061366 0.731486
0.220407 0.731404
0.388563 0.731384
-0.345557 0.731286
-0.446575 0.731278
0.292463 0.731186
-0.409824 0.731115
-0.136942 0.731049
0.359490 0.731041
0.097978 0.731032
0.479610 0.730990
-0.135638 0.730990
0.140957 0.730990
-0.409574 0.730990
-0.483156 0.730990
0.110816 0.730990
0.352837 0.730990
-0.373227 0.730990
-0.017730 0.730990
-0.467199 0.730990
0.202128 0.730990
0.099291 0.730990
0.194149 0.730990
0.119097 0.730973
0.121563 0.730965
-0.202793 0.730659
0.426194 0.730599
-0.466796 0.730561
0.059825 0.730537
0.193653 0.730497
0.304297 0.730387
-0.025155 0.730351
-0.066489 0.730273
0.296986 0.730273
-0.409574 0.730273
0.402482 0.730273
0.053191 0.730273
-0.205674 0.730273
-0.112589 0.730273
0.218085 0.730273
0.221631 0.730273
-0.023050 0.730273
0.106383 0.730273
0.225177 0.730273
-0.129433 0.730273
-0.196809 0.730273
-0.086879 0.730273
-0.393617 0.730273
-0.161348 0.730273
0.294326 0.730273
0.262411 0.730273
0.124113 0.730273
0.141906 0.730144
0.166217 0.729990
0.055093 0.729986
-0.462461 0.729640
0.410346 0.729615
-0.189198 0.729575
-0.185284 0.729555
-0.495567 0.729555
0.115248 0.729555
0.188830 0.729555
0.158688 0.729555
-0.163121 0.729555
-0.054965 0.729555
-0.059397 0.729555
-0.072695 0.729555
0.390957 0.729555
0.179078 0.729555
-0.236086 0.729388
-0.450281 0.729350
-0.058940 0.729192
-0.350511 0.729168
0.191996 0.729159
-0.245143 0.729148
-0.185843 0.729122
-0.204726 0.729081
-0.014885 0.729061
0.222661 0.728965
0.292500 0.728865
-0.201705 0.728841
-0.348673 0.728841
0.365248 0.728838
-0.049645 0.728838
-0.025709 0.728838
0.132979 0.728838
-0.324468 0.728838
0.110816 0.728838
0.250000 0.728838
-0.223404 0.728838
-0.164894 0.728838
0.354610 0.728838
0.281028 0.728838
-0.132979 0.728838
-0.099291 0.728838
0.055851 0.728838
-0.292553 0.728838
0.017730 0.728838
-0.265071 0.728838
-0.466789 0.728809
-0.181324 0.728560
0.225959 0.728264
0.227987 0.728242
0.164894 0.728121
0.163121 0.728121
-0.467199 0.728121
0.226950 0.728121
0.176418 0.728121
-0.202128 0.728121
-0.240248 0.728121
0.227837 0.728121
0.124113 0.728121
0.223404 0.728121
0.385984 0.728112
0.237809 0.728024
-0.410405 0.728023
0.345423 0.727961
0.049752 0.727954
0.157341 0.727928
-0.225298 0.727888
-0.314742 0.727839
-0.405928 0.727829
0.129266 0.727612
0.059327 0.727513
0.249650 0.727427
-0.070922 0.727403
-0.064716 0.727403
-0.074468 0.727403
-0.404255 0.727403
0.389184 0.727403
-0.192376 0.727403
0.154255 0.727403
0.428191 0.727403
0.332447 0.727403
0.429078 0.727403
0.115248 0.727403
0.420213 0.727403
-0.215426 0.727403
0.138298 0.727403
-0.236702 0.727403
-0.277482 0.727403
-0.422872 0.727403
-0.313830 0.727403
0.116234 0.727285
-0.075695 0.727119
-0.195843 0.727100
-0.220880 0.727089
0.248569 0.726988
-0.390128 0.726919
0.163226 0.726721
-0.087536 0.726698
0.264184 0.726686
0.489362 0.726686
-0.007979 0.726686
0.246454 0.726686
0.329787 0.726686
-0.176418 0.726686
-0.460993 0.726686
-0.404255 0.726686
0.148936 0.726686
-0.221631 0.726686
-0.335993 0.726686
-0.167111 0.726602
-0.057530 0.726502
-0.292074 0.726434
0.492187 0.726391
-0.036209 0.726381
0.164783 0.726368
-0.201161 0.726238
0.420948 0.726143
0.358698 0.726098
0.031915 0.725968
0.158688 0.725968
-0.056738 0.725968
-0.405142 0.725968
0.457447 0.725968
-0.086879 0.725968
0.398050 0.725968
-0.463652 0.725968
-0.450355 0.725968
-0.303191 0.725968
0.195035 0.725968
0.358156 0.725968
0.143617 0.725968
0.096631 0.725968
0.289007 0.725968
0.046099 0.725968
0.229610 0.725968
0.228723 0.725968
-0.438830 0.725968
0.230496 0.725968
0.439716 0.725968
-0.259752 0.725968
-0.207447 0.725968
-0.201241 0.725968
0.158371 0.725962
0.320683 0.725942
0.388590 0.725927
0.430903 0.725845
0.220587 0.725827
0.007880 0.725682
0.454437 0.725638
-0.313833 0.725591
0.385804 0.725310
-0.408576 0.725264
0.235619 0.725252
0.210106 0.725251
-0.247340 0.725251
-0.213652 0.725251
-0.072695 0.725251
0.230496 0.725251
0.229610 0.725251
-0.051418 0.725251
0.320922 0.725251
0.103723 0.725251
-0.317376 0.725251
0.252660 0.725251
-0.121454 0.725251
0.174645 0.725251
0.408688 0.725251
0.325719 0.725223
0.195538 0.725169
0.231826 0.725080
-0.346303 0.725052
0.033167 0.724991
0.189202 0.724804
-0.162341 0.724753
0.236283 0.724673
0.096485 0.724621
0.140781 0.724620
0.238182 0.724559
-0.052778 0.724551
-0.219858 0.724534
-0.347518 0.724534
-0.187943 0.724534
-0.004433 0.724534
0.085993 0.724534
0.320035 0.724534
-0.352837 0.724534
0.230496 0.724534
-0.046099 0.724534
-0.473404 0.724534
-0.069149 0.724534
0.233156 0.724534
0.242908 0.724534
0.345745 0.724534
-0.358156 0.724534
0.163121 0.724534
-0.492021 0.724534
0.387411 0.724534
0.451241 0.724534
0.269504 0.724534
-0.433511 0.724534
0.104610 0.724534
0.354643 0.724394
-0.300339 0.724369
0.100185 0.724366
0.231590 0.724306
-0.192114 0.724291
-0.318684 0.724258
0.108215 0.724147
0.117424 0.724125
0.245415 0.724121
-0.377908 0.724015
0.397722 0.723994
-0.459618 0.723981
-0.329601 0.723939
-0.078410 0.723893
-0.208621 0.723883
0.490248 0.723816
-0.062057 0.723816
0.191489 0.723816
0.229610 0.723816
-0.306738 0.723816
-0.126773 0.723816
0.239362 0.723816
-0.378546 0.723816
-0.206560 0.723816
0.233156 0.723816
0.406915 0.723816
-0.419326 0.723816
0.137411 0.723816
-0.108156 0.723816
0.343741 0.723725
0.006306 0.723675
-0.215625 0.723646
0.133462 0.723627
0.185144 0.723565
0.145133 0.723516
-0.460023 0.723467
-0.464141 0.723369
-0.051431 0.723369
0.083391 0.723291
-0.061068 0.723212
0.191762 0.723189
0.101885 0.723104
-0.212766 0.723099
0.235816 0.723099
-0.398936 0.723099
-0.199468 0.723099
0.249113 0.723099
-0.054965 0.723099
0.148050 0.723099
0.361702 0.723099
-0.253546 0.723099
0.230496 0.723099
-0.074468 0.723099
-0.301418 0.723099
0.109043 0.723099
0.092199 0.723099
0.072104 0.723015
0.497950 0.722730
0.229219 0.722670
0.135718 0.722624
-0.067631 0.722587
-0.055367 0.722516
-0.410472 0.722497
0.233081 0.722497
0.155496 0.722455
0.347518 0.722382
-0.070922 0.722382
0.083333 0.722382
-0.130319 0.722382
-0.469858 0.722382
-0.399823 0.722382
0.214539 0.722382
0.142730 0.722382
0.233156 0.722382
0.374113 0.722382
0.074468 0.722382
0.195035 0.722382
0.273050 0.722382
-0.056738 0.722382
-0.049645 0.722382
0.395280 0.722283
0.428666 0.722275
-0.462958 0.722190
0.394510 0.722023
-0.402107 0.721999
0.473096 0.721939
-0.310202 0.721789
0.395363 0.721760
-0.077479 0.721752
0.263280 0.721670
0.292613 0.721669
-0.310284 0.721664
0.172872 0.721664
-0.460993 0.721664
-0.205674 0.721664
0.230496 0.721664
0.255319 0.721664
0.187943 0.721664
-0.400709 0.721664
-0.320922 0.721664
-0.230496 0.721664
-0.067376 0.721664
0.382092 0.721664
0.393617 0.721664
-0.470060 0.721627
0.390751 0.721580
0.495041 0.721571
-0.037954 0.721456
-0.206280 0.721413
0.077581 0.721344
0.266234 0.721335
-0.048793 0.721221
0.380173 0.721184
0.249113 0.720947
-0.150709 0.720947
-0.097518 0.720947
-0.450355 0.720947
0.064716 0.720947
-0.171986 0.720947
-0.304965 0.720947
0.393617 0.720947
-0.460993 0.720947
0.187057 0.720947
-0.413121 0.720947
0.239362 0.720947
0.026596 0.720947
0.067376 0.720947
0.003546 0.720947
-0.092199 0.720947
-0.463652 0.720947
-0.251045 0.720896
0.317832 0.720676
0.276131 0.720489
0.333019 0.720468
-0.449474 0.720461
-0.401143 0.720425
-0.071491 0.720408
-0.218049 0.720365
0.236731 0.720317
0.060876 0.720283
-0.053191 0.720230
-0.466312 0.720230
0.154255 0.720230
-0.304965 0.720230
-0.195035 0.720230
0.191489 0.720230
0.218085 0.720230
0.185284 0.720230
0.430851 0.720230
0.466312 0.720230
0.235816 0.720230
-0.299645 0.720230
0.101064 0.720230
-0.439716 0.720230
0.348404 0.720230
0.414894 0.720230
-0.062057 0.720230
-0.460993 0.720230
0.203014 0.720230
0.186170 0.720230
0.422872 0.720230
-0.463652 0.720230
-0.460106 0.720230
0.393617 0.720230
0.207857 0.720228
0.247275 0.720172
-0.094022 0.720089
-0.044553 0.719907
-0.482689 0.719764
0.255914 0.719685
0.419951 0.719559
-0.461664 0.719534
0.474291 0.719512
-0.495567 0.719512
-0.054965 0.719512
-0.328901 0.719512
0.040780 0.719512
0.260638 0.719512
-0.162234 0.719512
-0.034574 0.719512
0.134752 0.719512
0.494681 0.719512
-0.070922 0.719512
0.317376 0.719512
-0.462766 0.719512
-0.299645 0.719512
0.281028 0.719512
0.255319 0.719512
0.402482 0.719512
-0.460106 0.719512
0.101950 0.719512
0.233156 0.719512
-0.449468 0.719512
-0.228723 0.719512
0.184397 0.719512
-0.460768 0.719489
0.104354 0.719372
0.385946 0.719339
0.274181 0.719284
-0.196578 0.719154
0.239204 0.719016
0.044288 0.718972
0.182246 0.718931
-0.063347 0.718876
0.189618 0.718861
-0.125047 0.718827
-0.183511 0.718795
-0.192376 0.718795
-0.351950 0.718795
-0.346631 0.718795
0.158688 0.718795
0.298759 0.718795
-0.056738 0.718795
0.402482 0.718795
0.195035 0.718795
-0.459220 0.718795
-0.434397 0.718795
0.460106 0.718795
-0.164007 0.718795
-0.067376 0.718795
0.391844 0.718795
-0.148050 0.718795
0.182624 0.718795
-0.299645 0.718795
0.442376 0.718795
-0.284574 0.718795
0.482270 0.718795
0.102837 0.718795
0.413121 0.718795
0.023936 0.718795
0.141844 0.718795
-0.117021 0.718795
-0.203901 0.718795
-0.147316 0.718762
-0.401525 0.718737
0.292262 0.718550
0.024674 0.718368
-0.464083 0.718301
-0.340667 0.718252
0.187485 0.718205
-0.068969 0.718199
-0.460460 0.718166
-0.249620 0.718134
0.228336 0.718127
0.495567 0.718077
-0.039007 0.718077
-0.482270 0.718077
-0.079787 0.718077
0.125000 0.718077
0.223404 0.718077
-0.313830 0.718077
0.257979 0.718077
0.190603 0.718077
-0.284574 0.718077
-0.066489 0.718077
0.391844 0.718077
0.054965 0.718077
-0.219058 0.718056
0.103342 0.717838
0.024539 0.717729
-0.340426 0.717360
-0.072695 0.717360
0.351950 0.717360
0.255319 0.717360
-0.269504 0.717360
0.096631 0.717360
0.049645 0.717360
0.235816 0.717360
-0.122340 0.717360
0.189716 0.717360
-0.017730 0.717360
0.453901 0.717360
0.265957 0.717360
0.116135 0.717360
0.411348 0.717360
0.046986 0.717360
-0.429078 0.717360
-0.427086 0.717221
0.051192 0.717210
-0.209648 0.717147
0.470781 0.716960
0.124604 0.716936
0.140650 0.716918
-0.414046 0.716907
0.012297 0.716891
-0.353622 0.716879
0.037892 0.716874
0.465622 0.716821
0.240248 0.716643
0.308511 0.716643
0.365248 0.716643
0.464539 0.716643
0.370567 0.716643
0.306738 0.716643
-0.408688 0.716643
0.203014 0.716643
0.194149 0.716643
0.187943 0.716643
0.097518 0.716643
-0.061170 0.716643
-0.027135 0.716642
-0.029528 0.716612
0.259998 0.716467
-0.347667 0.716328
-0.160828 0.716241
-0.070439 0.716233
-0.063454 0.716203
-0.195259 0.716089
0.091526 0.715995
0.192065 0.715975
-0.345369 0.715964
-0.042553 0.715925
-0.060284 0.715925
0.431738 0.715925
0.224291 0.715925
0.148050 0.715925
-0.067376 0.715925
0.470745 0.715925
0.340426 0.715925
-0.127660 0.715925
-0.106383 0.715925
-0.244681 0.715925
-0.217199 0.715925
0.483156 0.715925
0.423759 0.715925
0.168440 0.715925
-0.202128 0.715925
0.390071 0.715925
-0.020390 0.715925
0.257979 0.715925
0.263298 0.715925
-0.429468 0.715881
0.048708 0.715714
0.096545 0.715669
0.410518 0.715647
0.258038 0.715526
0.402179 0.715429
-0.237333 0.715370
-0.067876 0.715327
0.478723 0.715208
-0.443262 0.715208
0.284574 0.715208
-0.014184 0.715208
0.458333 0.715208
-0.241135 0.715208
0.468085 0.715208
-0.066489 0.715208
0.337766 0.715208
0.269504 0.715208
-0.056738 0.715208
0.191403 0.715175
0.335767 0.715120
-0.186105 0.715094
0.381657 0.715061
0.416729 0.715054
0.147018 0.715000
0.209864 0.714711
0.481249 0.714688
-0.226428 0.714643
0.459686 0.714640
-0.199468 0.714491
-0.453014 0.714491
0.443262 0.714491
0.257979 0.714491
-0.023050 0.714491
0.289007 0.714491
0.092199 0.714491
-0.237589 0.714491
-0.210106 0.714491
0.395390 0.714491
-0.317376 0.714491
-0.422872 0.714491
-0.065603 0.714491
0.210993 0.714491
0.202128 0.714491
-0.119681 0.714491
0.421986 0.714491
0.335106 0.714491
0.358156 0.714491
0.193262 0.714491
-0.400709 0.714491
0.260638 0.714491
0.263298 0.714491
-0.310284 0.714491
-0.263298 0.714491
0.139184 0.714491
-0.058511 0.714491
0.290780 0.714491
0.046287 0.714459
-0.426037 0.714393
-0.066800 0.714245
0.310175 0.714222
0.418822 0.714161
0.136092 0.714146
0.104344 0.714080
-0.106797 0.714073
0.192239 0.713999
-0.244896 0.713928
-0.069149 0.713773
-0.360816 0.713773
0.341312 0.713773
-0.064716 0.713773
-0.250887 0.713773
0.226950 0.713773
0.098404 0.713773
-0.437943 0.713773
-0.401596 0.713773
0.255629 0.713603
-0.266192 0.713367
0.262580 0.713330
-0.068861 0.713286
-0.437303 0.713163
-0.277285 0.713107
-0.074092 0.713106
-0.010638 0.713056
0.035461 0.713056
-0.095745 0.713056
0.260638 0.713056
-0.068262 0.713056
0.462766 0.713056
0.484043 0.713056
0.338652 0.713056
-0.381206 0.713056
-0.090426 0.713056
-0.125000 0.713056
-0.345745 0.713056
0.384752 0.713056
0.273050 0.713056
-0.196809 0.713056
-0.063830 0.713056
0.154255 0.713056
-0.027482 0.713056
-0.187943 0.713056
-0.179078 0.713056
-0.085106 0.713056
-0.304965 0.713056
0.236702 0.713056
-0.264184 0.713056
0.404255 0.713056
-0.115248 0.713056
0.109929 0.713056
0.246454 0.713056
-0.424645 0.713056
0.461247 0.713054
-0.069102 0.712957
0.455465 0.712765
-0.013444 0.712712
-0.342365 0.712629
-0.341851 0.712503
0.222626 0.712449
0.350043 0.712440
-0.360295 0.712428
-0.188041 0.712400
-0.123917 0.712380
0.393617 0.712339
0.479610 0.712339
-0.024823 0.712339
-0.078014 0.712339
0.201241 0.712339
0.266844 0.712339
-0.325355 0.712339
-0.067376 0.712339
0.089539 0.712339
0.210106 0.712339
-0.145390 0.712339
0.214539 0.712339
0.455674 0.712339
0.409574 0.712339
0.015071 0.712339
-0.467738 0.712251
0.376739 0.712196
0.263309 0.712114
0.105144 0.712113
0.144952 0.711988
-0.060955 0.711979
-0.489161 0.711906
0.470888 0.711773
0.343426 0.711713
0.223175 0.711665
-0.474291 0.711621
-0.476064 0.711621
-0.145390 0.711621
-0.257092 0.711621
0.432624 0.711621
-0.070922 0.711621
0.145390 0.711621
-0.416667 0.711621
-0.208333 0.711621
-0.126773 0.711621
-0.491135 0.711621
-0.062057 0.711621
-0.244681 0.711621
-0.031915 0.711621
-0.339539 0.711621
0.260638 0.711621
-0.382979 0.711621
0.466312 0.711621
0.342199 0.711621
0.093085 0.711621
-0.299645 0.711621
0.475177 0.711621
0.255319 0.711621
-0.018617 0.711621
-0.268617 0.711621
-0.068952 0.711506
0.256272 0.711502
0.049860 0.711494
-0.384583 0.711434
0.056254 0.711383
-0.260077 0.711319
0.371994 0.711159
0.003717 0.711084
-0.327914 0.711076
-0.315963 0.711037
-0.330598 0.710993
-0.024465 0.710911
-0.241135 0.710904
-0.171099 0.710904
-0.226064 0.710904
0.032801 0.710904
0.466312 0.710904
0.033688 0.710904
0.041667 0.710904
-0.065603 0.710904
-0.313830 0.710904
0.472518 0.710904
-0.029255 0.710904
0.465614 0.710903
0.211159 0.710798
0.121989 0.710732
0.473572 0.710662
0.409620 0.710592
0.337798 0.710469
0.033043 0.710367
0.460106 0.710187
-0.060284 0.710187
0.218085 0.710187
0.078014 0.710187
0.213652 0.710187
-0.104610 0.710187
-0.270390 0.710187
-0.418440 0.710187
0.368794 0.710187
0.136525 0.710187
0.209220 0.710187
0.374113 0.710187
0.472518 0.710187
0.066489 0.710187
-0.021277 0.710187
0.069149 0.710187
-0.257979 0.710187
-0.446809 0.710187
0.469858 0.710187
0.379433 0.710187
-0.333333 0.710187
0.086879 0.710187
0.063830 0.710187
-0.122340 0.710187
-0.171099 0.710187
-0.026596 0.710187
-0.290780 0.710187
-0.328489 0.710169
-0.330269 0.710164
0.388833 0.710156
0.031583 0.710132
0.460443 0.710093
-0.252965 0.709952
0.047252 0.709943
0.036040 0.709866
-0.242902 0.709854
0.028936 0.709846
0.495197 0.709753
0.390071 0.709469
0.227837 0.709469
-0.250887 0.709469
-0.333333 0.709469
-0.470745 0.709469
-0.273050 0.709469
-0.466312 0.709469
-0.015071 0.709469
0.445035 0.709469
0.469858 0.709469
0.420213 0.709469
0.333333 0.709469
0.090426 0.709469
0.058511 0.709469
-0.275709 0.709469
0.332447 0.709469
-0.125667 0.709438
0.144699 0.709433
0.208183 0.709420
-0.128893 0.709237
0.146009 0.709163
0.392555 0.709124
0.034153 0.708992
-0.336579 0.708929
-0.316319 0.708924
0.480059 0.708906
0.149425 0.708851
0.395812 0.708793
0.397163 0.708752
-0.117908 0.708752
-0.420213 0.708752
0.237589 0.708752
0.093972 0.708752
0.464539 0.708752
0.047872 0.708752
0.031915 0.708752
-0.409574 0.708752
0.053191 0.708752
0.039894 0.708752
0.348404 0.708752
0.031028 0.708752
0.257979 0.708752
-0.258865 0.708752
0.126773 0.708752
0.030142 0.708752
0.276596 0.708752
0.050532 0.708752
0.488475 0.708752
-0.163121 0.708752
-0.333333 0.708752
-0.455674 0.708752
-0.124113 0.708752
-0.054078 0.708752
0.485816 0.708752
-0.462766 0.708752
0.469858 0.708752
0.054578 0.708714
-0.254674 0.708710
0.030335 0.708613
0.385369 0.708281
0.397081 0.708151
-0.272424 0.708067
0.361702 0.708034
-0.320922 0.708034
0.402482 0.708034
-0.023050 0.708034
0.059397 0.708034
0.481383 0.708034
0.105496 0.708034
-0.343085 0.708034
0.336879 0.708034
-0.163121 0.708034
-0.354610 0.708034
-0.251773 0.708034
0.370715 0.708024
-0.013951 0.708020
-0.454259 0.707987
-0.323018 0.707978
0.119188 0.707938
0.091520 0.707873
-0.030293 0.707840
0.404357 0.707760
0.248782 0.707578
0.108728 0.707549
-0.342038 0.707430
-0.273990 0.707362
0.055728 0.707336
0.051418 0.707317
-0.411348 0.707317
-0.214539 0.707317
-0.244681 0.707317
-0.113475 0.707317
-0.263298 0.707317
0.407801 0.707317
0.054078 0.707317
-0.125887 0.707317
0.246454 0.707317
0.117021 0.707317
-0.204787 0.707317
-0.391844 0.707317
-0.163121 0.707317
-0.317376 0.707317
0.457447 0.707317
0.128546 0.707317
-0.119681 0.707317
-0.144504 0.707317
-0.310284 0.707317
0.482534 0.707313
-0.264430 0.707151
-0.168579 0.706839
0.029741 0.706837
-0.340312 0.706808
-0.328763 0.706719
0.457661 0.706677
0.198251 0.706627
-0.080674 0.706600
-0.100177 0.706600
-0.098404 0.706600
-0.494681 0.706600
0.497340 0.706600
-0.009752 0.706600
0.179965 0.706600
0.468085 0.706600
0.384752 0.706600
-0.262411 0.706600
-0.427305 0.706600
-0.336879 0.706600
-0.382840 0.706551
-0.028698 0.706495
-0.110465 0.706475
-0.319454 0.706395
0.365239 0.706360
-0.466348 0.706336
0.033824 0.706223
-0.170844 0.706145
0.438083 0.706081
0.332877 0.706017
0.471160 0.706013
0.367021 0.705882
-0.328901 0.705882
-0.073582 0.705882
0.088652 0.705882
0.432624 0.705882
-0.202128 0.705882
0.079787 0.705882
-0.267730 0.705882
-0.019504 0.705882
0.461879 0.705882
0.054965 0.705882
-0.258865 0.705882
0.393617 0.705882
-0.336879 0.705882
-0.402482 0.705882
-0.304965 0.705882
0.255319 0.705882
0.118794 0.705882
0.354610 0.705882
-0.036484 0.705766
0.259744 0.705594
0.048985 0.705476
0.052309 0.705474
-0.104613 0.705457
0.496725 0.705441
-0.014383 0.705432
0.475177 0.705165
-0.083333 0.705165
-0.068262 0.705165
-0.351064 0.705165
-0.328901 0.705165
0.059397 0.705165
0.092199 0.705165
0.476064 0.705165
-0.088652 0.705165
0.211879 0.705165
0.349291 0.705165
0.369681 0.705165
0.375000 0.705165
-0.484929 0.705165
0.216312 0.705165
-0.251773 0.705165
-0.266844 0.705165
-0.430851 0.705165
-0.272172 0.705151
0.314697 0.705095
-0.017489 0.704897
0.313478 0.704829
-0.085660 0.704809
-0.366415 0.704799
-0.273163 0.704754
0.124017 0.704727
-0.056660 0.704709
0.288573 0.704695
-0.288090 0.704681
-0.121525 0.704618
-0.225368 0.704611
0.487469 0.704575
-0.261514 0.704558
0.492908 0.704448
-0.058511 0.704448
-0.299645 0.704448
0.051418 0.704448
-0.188830 0.704448
0.120567 0.704448
0.331560 0.704448
-0.197695 0.704448
0.466312 0.704448
0.226064 0.704448
0.330674 0.704448
0.000887 0.704448
-0.265957 0.704448
0.148050 0.704448
0.490248 0.704448
0.487589 0.704448
0.280142 0.704448
-0.449468 0.704448
-0.043440 0.704448
0.329787 0.704448
-0.269504 0.704448
0.185284 0.704448
-0.120509 0.704426
-0.314180 0.704344
-0.474156 0.704284
-0.287300 0.704253
-0.016968 0.704165
0.403755 0.704062
0.274206 0.704057
-0.306413 0.703991
0.122038 0.703851
-0.353636 0.703830
0.287211 0.703819
0.148936 0.703730
-0.109043 0.703730
-0.268617 0.703730
-0.057624 0.703730
0.401596 0.703730
-0.262411 0.703730
0.492021 0.703730
-0.173759 0.703730
0.420213 0.703730
-0.313830 0.703730
0.165780 0.703730
0.284574 0.703730
0.359929 0.703730
0.472518 0.703730
-0.335106 0.703730
0.489362 0.703730
-0.308511 0.703730
-0.337509 0.703700
-0.281126 0.703649
0.437021 0.703548
-0.220529 0.703526
-0.274337 0.703525
-0.272304 0.703510
-0.420745 0.703493
-0.330814 0.703472
0.050149 0.703310
-0.279651 0.703304
-0.035639 0.703241
0.093974 0.703154
0.051048 0.703087
0.493794 0.703013
-0.290780 0.703013
0.488475 0.703013
0.491135 0.703013
-0.210993 0.703013
0.289007 0.703013
0.054965 0.703013
0.292553 0.703013
0.378546 0.703013
-0.340426 0.703013
0.186170 0.703013
0.437057 0.703013
-0.363475 0.703013
0.038121 0.703013
-0.014184 0.703013
0.139184 0.703013
-0.271277 0.703013
0.390071 0.703013
-0.258865 0.703013
-0.112589 0.703013
0.046099 0.703013
-0.109929 0.703013
0.037234 0.703013
0.406915 0.703013
0.290780 0.703013
0.143472 0.702818
0.469339 0.702596
0.367809 0.702557
0.118920 0.702450
0.302797 0.702413
0.318290 0.702304
-0.269504 0.702296
0.490248 0.702296
-0.273936 0.702296
-0.303191 0.702296
-0.234929 0.702296
0.492908 0.702296
-0.125000 0.702296
-0.422872 0.702296
-0.118794 0.702296
0.355496 0.702296
-0.162234 0.702296
-0.143617 0.702296
0.463652 0.702296
0.021277 0.702296
-0.267328 0.702254
-0.366846 0.702126
-0.266414 0.702110
-0.315502 0.702081
-0.278410 0.702040
-0.479657 0.702034
-0.479690 0.702031
-0.416741 0.701985
-0.118999 0.701830
-0.263113 0.701768
-0.325802 0.701754
0.355873 0.701746
0.437937 0.701631
0.365248 0.701578
-0.281915 0.701578
-0.439716 0.701578
0.272163 0.701578
-0.498227 0.701578
-0.265957 0.701578
-0.279255 0.701578
0.328901 0.701578
0.492021 0.701578
0.320922 0.701578
-0.276596 0.701578
0.494681 0.701578
-0.291667 0.701578
-0.365248 0.701578
0.489362 0.701578
0.202128 0.701578
-0.273050 0.701578
0.090426 0.701578
0.470745 0.701578
-0.324468 0.701578
-0.272163 0.701578
0.482270 0.701578
0.328014 0.701578
0.053161 0.701549
-0.321906 0.701461
-0.109206 0.701237
-0.480970 0.701134
-0.282826 0.701099
0.385267 0.701017
-0.032213 0.700873
-0.178191 0.700861
-0.275709 0.700861
0.237589 0.700861
-0.320922 0.700861
0.156028 0.700861
0.398050 0.700861
0.300532 0.700861
-0.338652 0.700861
0.136525 0.700861
-0.281915 0.700861
0.367908 0.700861
0.265957 0.700861
-0.279255 0.700861
0.468085 0.700861
0.449468 0.700861
-0.414007 0.700861
-0.165780 0.700861
0.464736 0.700836
-0.078238 0.700829
0.373999 0.700765
0.271984 0.700755
0.343510 0.700720
-0.298911 0.700671
-0.405242 0.700661
0.096234 0.700643
-0.121469 0.700565
0.292365 0.700457
0.065662 0.700393
-0.232350 0.700369
0.361255 0.700339
0.318672 0.700306
0.069133 0.700234
-0.477837 0.700160
-0.445012 0.700149
0.068262 0.700143
-0.273936 0.700143
-0.104610 0.700143
0.432624 0.700143
0.370567 0.700143
-0.367021 0.700143
-0.359929 0.700143
-0.273050 0.700143
0.070922 0.700143
0.360816 0.700143
-0.306738 0.700143
-0.008865 0.700143
-0.330674 0.700143
0.054965 0.700143
-0.274823 0.700143
-0.317376 0.700143
-0.281915 0.700143
-0.101064 0.700143
-0.312057 0.700143
-0.076241 0.700143
0.483156 0.700143
-0.282801 0.700143
-0.102837 0.700143
-0.278369 0.700143
-0.488475 0.700143
0.214539 0.700143
-0.348404 0.700143
0.047407 0.700093
0.357127 0.700027
-0.214556 0.699990
0.378225 0.699924
-0.099180 0.699924
0.383912 0.699866
-0.275708 0.699851
0.294963 0.699785
-0.478236 0.699773
0.492489 0.699575
-0.029204 0.699547
0.471036 0.699540
0.052826 0.699503
0.490868 0.699455
0.345745 0.699426
-0.103723 0.699426
0.246454 0.699426
-0.282801 0.699426
-0.105496 0.699426
-0.066489 0.699426
0.383865 0.699426
0.210106 0.699426
-0.031915 0.699426
0.419326 0.699426
-0.243098 0.699406
0.400063 0.699393
0.053499 0.699346
0.391468 0.699290
-0.024499 0.699257
-0.154768 0.699212
0.036437 0.699119
0.319338 0.699036
-0.077992 0.698960
0.226674 0.698887
-0.276601 0.698820
0.227000 0.698748
0.308511 0.698709
-0.476950 0.698709
0.312057 0.698709
-0.078901 0.698709
-0.298759 0.698709
0.294326 0.698709
0.094858 0.698709
-0.475177 0.698709
-0.470745 0.698709
0.049645 0.698709
0.310284 0.698709
0.296099 0.698709
0.319149 0.698709
-0.091312 0.698709
-0.393617 0.698709
0.342199 0.698709
-0.459220 0.698709
-0.106383 0.698709
-0.361702 0.698709
-0.336879 0.698709
-0.283688 0.698709
-0.207447 0.698709
0.356383 0.698709
-0.452128 0.698709
0.326241 0.698709
-0.029255 0.698709
0.475177 0.698709
-0.109043 0.698709
-0.223404 0.698709
-0.466312 0.698709
-0.238475 0.698709
-0.111702 0.698709
0.476950 0.698709
-0.478723 0.698709
0.406028 0.698709
0.476064 0.698709
-0.056738 0.698709
0.290334 0.698694
0.344670 0.698656
-0.300587 0.698417
0.103444 0.698362
-0.480148 0.698333
-0.306857 0.698279
0.313736 0.698238
-0.065350 0.698204
-0.157772 0.698163
0.076019 0.698049
-0.117908 0.697991
0.128546 0.697991
0.374113 0.697991
0.310284 0.697991
0.001773 0.697991
0.312057 0.697991
0.472518 0.697991
0.433511 0.697991
0.294326 0.697991
0.363475 0.697991
0.263298 0.697991
-0.055851 0.697991
0.106383 0.697991
0.319149 0.697991
0.369919 0.697955
-0.410338 0.697944
0.139930 0.697924
0.295535 0.697858
0.282044 0.697779
-0.336577 0.697751
0.291989 0.697674
0.307884 0.697589
-0.387015 0.697538
0.252743 0.697524
-0.281587 0.697516
0.324873 0.697490
0.395670 0.697469
-0.466842 0.697420
-0.219125 0.697410
0.489979 0.697382
-0.031106 0.697308
-0.362333 0.697302
-0.081560 0.697274
0.044326 0.697274
0.312057 0.697274
0.275709 0.697274
-0.161348 0.697274
-0.054965 0.697274
0.389184 0.697274
-0.356383 0.697274
-0.203014 0.697274
0.437057 0.697274
0.366135 0.697274
0.386525 0.697274
-0.124113 0.697274
-0.142730 0.697274
0.469858 0.697274
0.438407 0.697196
0.430551 0.697133
-0.108617 0.697052
-0.197007 0.696987
0.323050 0.696978
0.259222 0.696770
0.318870 0.696751
0.478679 0.696744
-0.322695 0.696557
0.357270 0.696557
-0.204787 0.696557
0.359043 0.696557
-0.302305 0.696557
0.304078 0.696557
-0.025709 0.696557
0.226064 0.696557
0.280142 0.696557
0.312602 0.696517
0.476091 0.696445
0.467422 0.696417
0.105540 0.696404
0.261040 0.696395
0.407507 0.696337
0.176190 0.696322
-0.093120 0.696280
-0.282581 0.696084
-0.206976 0.695985
0.359701 0.695970
-0.329787 0.695839
0.081560 0.695839
-0.425532 0.695839
-0.343972 0.695839
-0.478723 0.695839
-0.375887 0.695839
-0.290780 0.695839
-0.248227 0.695839
0.112589 0.695839
-0.164894 0.695839
-0.198582 0.695839
0.455674 0.695839
0.434397 0.695839
-0.367021 0.695839
-0.341312 0.695839
-0.476950 0.695839
-0.319149 0.695839
0.012411 0.695839
0.141844 0.695839
-0.442376 0.695839
0.377660 0.695839
-0.197191 0.695699
0.304766 0.695641
-0.181913 0.695540
0.346666 0.695511
-0.006674 0.695397
-0.320787 0.695196
-0.148224 0.695189
0.356113 0.695172
0.055851 0.695122
0.063830 0.695122
0.092199 0.695122
0.093085 0.695122
0.336879 0.695122
0.028369 0.695122
0.306738 0.695122
-0.469858 0.695122
-0.395390 0.695122
-0.474291 0.695122
0.142730 0.695122
0.252660 0.695122
-0.200355 0.695122
-0.023936 0.695122
0.397163 0.695122
-0.199468 0.695122
0.259752 0.695122
0.437943 0.695122
0.308626 0.695103
-0.334772 0.695080
-0.378335 0.695025
-0.412584 0.694948
-0.501261 0.694802
0.326085 0.694688
0.209458 0.694642
-0.287944 0.694552
-0.277482 0.694405
0.212766 0.694405
-0.219858 0.694405
-0.335993 0.694405
-0.460993 0.694405
-0.281028 0.694405
-0.468085 0.694405
0.370567 0.694405
-0.276596 0.694405
0.441489 0.694405
-0.429078 0.694405
0.361702 0.694405
-0.201241 0.694405
0.299645 0.694405
-0.202128 0.694405
-0.168440 0.694405
0.359929 0.694405
0.143617 0.694405
0.308511 0.694405
-0.361702 0.694405
0.335106 0.694405
0.177305 0.694405
-0.200355 0.694405
0.114362 0.694405
0.358156 0.694405
0.435159 0.694299
0.178884 0.694266
0.195061 0.694123
0.356899 0.694071
0.047179 0.694039
-0.320920 0.694031
0.213818 0.693953
0.304514 0.693896
0.429572 0.693831
-0.395188 0.693827
-0.493794 0.693687
0.354610 0.693687
0.050532 0.693687
-0.339539 0.693687
-0.281915 0.693687
0.299645 0.693687
-0.255319 0.693687
0.139184 0.693687
0.380319 0.693687
0.378623 0.693626
-0.394765 0.693588
0.488416 0.693480
-0.343067 0.693432
-0.142619 0.693114
-0.502373 0.693040
-0.432624 0.692970
-0.102837 0.692970
-0.283688 0.692970
-0.309397 0.692970
-0.297872 0.692970
-0.478723 0.692970
0.352837 0.692970
-0.351950 0.692970
0.237589 0.692970
0.299645 0.692970
0.423759 0.692970
-0.314716 0.692970
0.178191 0.692970
-0.408688 0.692970
0.140071 0.692970
0.302305 0.692970
-0.361520 0.692939
-0.223031 0.692863
-0.344333 0.692780
0.376551 0.692767
-0.025791 0.692757
-0.286155 0.692753
-0.367256 0.692723
0.303153 0.692580
0.169097 0.692532
-0.306975 0.692529
-0.102346 0.692490
0.496016 0.692419
-0.187943 0.692253
0.374113 0.692253
0.125000 0.692253
-0.208333 0.692253
-0.484043 0.692253
-0.476064 0.692253
-0.018617 0.692253
-0.091312 0.692253
0.302305 0.692253
-0.108156 0.692253
-0.105496 0.692253
0.410461 0.692253
-0.055851 0.692253
0.403369 0.692253
-0.262411 0.692253
-0.043440 0.692253
0.324468 0.692253
-0.049156 0.692059
-0.053621 0.692038
0.272887 0.692031
0.297113 0.692026
-0.347349 0.691924
0.008112 0.691823
0.482194 0.691815
-0.109288 0.691719
-0.382992 0.691694
-0.344212 0.691560
-0.499113 0.691535
0.300532 0.691535
0.355496 0.691535
0.317376 0.691535
0.382979 0.691535
0.388298 0.691535
-0.384752 0.691535
-0.375887 0.691535
-0.140071 0.691535
-0.054965 0.691535
0.366135 0.691535
0.136525 0.691535
-0.473404 0.691535
-0.158688 0.691535
-0.172872 0.691535
0.291667 0.691535
-0.071809 0.691535
-0.075355 0.691535
0.179078 0.691535
-0.111702 0.691535
0.332447 0.691535
0.167553 0.691535
-0.164007 0.691535
-0.320922 0.691535
0.304965 0.691535
0.150709 0.691535
-0.367021 0.691535
0.385638 0.691535
-0.093954 0.691500
-0.232689 0.691416
0.000699 0.691390
0.492878 0.691197
-0.443934 0.691112
-0.206872 0.691030
0.051859 0.690921
-0.279571 0.690896
-0.328014 0.690818
0.493794 0.690818
0.303191 0.690818
0.221631 0.690818
0.491135 0.690818
-0.471631 0.690818
0.424645 0.690818
0.329787 0.690818
-0.062057 0.690818
-0.081560 0.690818
0.046986 0.690818
-0.117908 0.690818
-0.078624 0.690813
-0.343887 0.690784
0.494386 0.690734
-0.183865 0.690671
-0.280310 0.690666
-0.420133 0.690629
0.068202 0.690550
-0.481013 0.690292
0.487104 0.690256
-0.156998 0.690231
0.387418 0.690199
0.376773 0.690100
0.168440 0.690100
0.195035 0.690100
-0.469858 0.690100
-0.232270 0.690100
0.056738 0.690100
-0.335106 0.690100
-0.012411 0.690100
-0.273050 0.690100
0.496454 0.690100
0.064716 0.690100
-0.002660 0.690100
0.072695 0.690100
-0.290780 0.690100
0.301418 0.690100
0.271277 0.690100
-0.078014 0.690100
-0.204787 0.690100
0.361702 0.690100
-0.205674 0.690100
-0.167553 0.690100
-0.191489 0.690100
0.359929 0.690100
0.388243 0.690056
0.353134 0.689895
0.330574 0.689794
0.151384 0.689767
0.342855 0.689688
0.477887 0.689463
-0.062155 0.689450
-0.198559 0.689413
0.296164 0.689398
-0.484043 0.689383
-0.338652 0.689383
0.083333 0.689383
-0.449468 0.689383
-0.304965 0.689383
0.035461 0.689383
0.484929 0.689383
0.011525 0.689383
-0.192376 0.689383
-0.483570 0.689367
0.351227 0.689270
0.408614 0.689201
-0.281576 0.689185
-0.204442 0.689112
0.314346 0.688803
0.074205 0.688782
-0.427713 0.688772
-0.463089 0.688747
-0.316489 0.688666
0.157801 0.688666
-0.177305 0.688666
-0.344858 0.688666
0.019504 0.688666
0.095745 0.688666
0.210993 0.688666
0.394504 0.688666
0.468085 0.688666
0.313830 0.688666
-0.360816 0.688666
0.243794 0.688666
0.352837 0.688666
0.094858 0.688666
0.370567 0.688666
-0.342199 0.688666
0.093972 0.688666
-0.347518 0.688666
-0.280142 0.688666
0.144504 0.688666
0.295890 0.688538
0.369224 0.688448
0.157925 0.688439
0.384147 0.688377
0.223781 0.688322
-0.402054 0.688275
-0.426896 0.688225
-0.191872 0.688199
0.441913 0.688161
0.379086 0.688048
0.357719 0.688011
0.475177 0.687948
-0.220745 0.687948
0.352837 0.687948
0.476064 0.687948
0.007979 0.687948
0.351064 0.687948
-0.420213 0.687948
-0.281915 0.687948
-0.386525 0.687948
-0.340839 0.687948
0.296521 0.687942
-0.307537 0.687844
-0.083546 0.687825
-0.315751 0.687819
0.310982 0.687781
-0.343235 0.687752
-0.053967 0.687714
0.337163 0.687696
0.471289 0.687634
0.385929 0.687434
-0.154218 0.687417
0.303851 0.687343
0.453901 0.687231
-0.242021 0.687231
0.472518 0.687231
0.053191 0.687231
0.357270 0.687231
0.351064 0.687231
0.352837 0.687231
-0.031915 0.687231
-0.133865 0.687231
0.349291 0.687231
-0.283688 0.687231
0.366135 0.687231
0.233156 0.687231
0.140957 0.687231
0.268617 0.687231
-0.296099 0.687231
-0.171986 0.687231
0.267730 0.687231
0.303191 0.687231
0.352228 0.687228
-0.276997 0.687185
-0.160936 0.687144
0.075240 0.687045
-0.102002 0.686954
0.306491 0.686948
-0.305691 0.686907
0.099156 0.686854
0.473965 0.686770
-0.176476 0.686758
0.265127 0.686727
0.346295 0.686648
-0.438742 0.686534
-0.180851 0.686514
0.296986 0.686514
-0.367021 0.686514
0.181738 0.686514
-0.375887 0.686514
0.301418 0.686514
-0.281915 0.686514
0.357270 0.686514
0.101950 0.686514
0.345745 0.686514
-0.439716 0.686514
-0.043440 0.686514
0.268292 0.686419
-0.287480 0.686389
-0.166104 0.686382
-0.281011 0.686343
-0.305148 0.686340
-0.217234 0.686308
0.362084 0.686165
-0.289490 0.686162
-0.297257 0.686136
-0.059970 0.686027
-0.314682 0.685889
-0.308380 0.685872
-0.106343 0.685852
-0.426418 0.685796
-0.312057 0.685796
-0.283688 0.685796
-0.161348 0.685796
0.361702 0.685796
0.344858 0.685796
-0.209220 0.685796
0.414894 0.685796
-0.366135 0.685796
0.407801 0.685796
-0.104610 0.685796
0.151596 0.685796
-0.054965 0.685796
0.342199 0.685796
-0.300532 0.685796
0.378546 0.685796
0.322695 0.685796
-0.030142 0.685796
-0.156028 0.685796
-0.166667 0.685796
-0.477837 0.685796
0.132979 0.685796
-0.489362 0.685796
0.400709 0.685796
0.489209 0.685770
0.294449 0.685728
0.351862 0.685609
0.213332 0.685604
0.007937 0.685498
0.134857 0.685491
0.380428 0.685485
0.347404 0.685481
0.075180 0.685458
0.471875 0.685430
-0.230195 0.685430
-0.333572 0.685339
-0.361566 0.685330
0.367525 0.685301
0.297872 0.685079
-0.475177 0.685079
-0.031028 0.685079
-0.108156 0.685079
0.152482 0.685079
-0.344858 0.685079
0.219858 0.685079
-0.122340 0.685079
0.282801 0.685079
0.341312 0.685079
-0.347518 0.685079
0.340426 0.685079
-0.329787 0.685079
-0.196809 0.685079
-0.458333 0.685079
0.197695 0.685079
-0.093085 0.685079
-0.154594 0.685062
-0.432901 0.685054
-0.097460 0.684980
-0.345519 0.684864
0.342134 0.684811
0.159267 0.684757
0.357161 0.684733
-0.444940 0.684688
0.195832 0.684650
0.152852 0.684576
0.273936 0.684362
-0.336879 0.684362
-0.473404 0.684362
0.250000 0.684362
0.265957 0.684362
-0.104610 0.684362
-0.283688 0.684362
0.108156 0.684362
0.168440 0.684362
-0.028369 0.684362
-0.081560 0.684362
0.265071 0.684362
-0.356383 0.684362
-0.289007 0.684362
0.264184 0.684362
0.257092 0.684362
0.339539 0.684362
-0.251773 0.684362
0.338652 0.684362
-0.388298 0.684362
0.049645 0.684362
-0.276596 0.684362
-0.111702 0.684362
0.340426 0.684362
0.372340 0.684362
-0.184397 0.684362
-0.061170 0.684362
-0.429965 0.684362
0.312057 0.684362
0.328014 0.684362
0.213097 0.684199
-0.399541 0.684182
0.341922 0.684136
0.168967 0.684122
-0.110292 0.684031
-0.111845 0.684027
-0.426692 0.683843
-0.078868 0.683769
0.256032 0.683726
0.169032 0.683665
-0.340426 0.683644
-0.175532 0.683644
-0.469858 0.683644
0.156915 0.683644
-0.078014 0.683644
-0.494681 0.683644
0.432624 0.683644
-0.031028 0.683644
0.338652 0.683644
-0.029255 0.683644
0.339539 0.683644
-0.108156 0.683644
0.335993 0.683644
-0.029551 0.683500
-0.056029 0.683477
-0.081349 0.683474
0.104427 0.683427
-0.277568 0.683265
-0.113339 0.683252
0.410046 0.683190
0.257802 0.683116
0.497307 0.683090
0.341537 0.683036
0.347762 0.683029
0.057125 0.683009
0.388299 0.682938
0.062057 0.682927
0.070035 0.682927
0.157801 0.682927
0.077128 0.682927
-0.166667 0.682927
0.367908 0.682927
-0.161348 0.682927
0.301418 0.682927
-0.030142 0.682927
0.333333 0.682927
0.010638 0.682927
-0.058511 0.682927
0.335993 0.682927
0.145390 0.682927
0.038121 0.682927
-0.289007 0.682927
-0.074468 0.682927
-0.070922 0.682927
-0.104610 0.682927
0.239362 0.682927
-0.435284 0.682927
0.338652 0.682927
0.407801 0.682927
-0.067376 0.682927
0.414894 0.682927
0.436170 0.682927
-0.377660 0.682927
0.051035 0.682889
0.164750 0.682733
-0.295101 0.682663
0.113418 0.682562
0.155246 0.682325
-0.207452 0.682323
-0.184438 0.682323
-0.360072 0.682235
-0.240248 0.682209
-0.170213 0.682209
0.087766 0.682209
-0.483156 0.682209
-0.307624 0.682209
0.018617 0.682209
-0.110816 0.682209
-0.401596 0.682209
-0.029255 0.682209
-0.262411 0.682209
0.118794 0.682209
-0.022163 0.682209
-0.278369 0.682209
0.146277 0.682209
0.445035 0.682209
-0.004034 0.682156
-0.359913 0.681978
-0.060340 0.681891
0.184374 0.681881
0.145648 0.681790
-0.052449 0.681659
-0.034424 0.681643
-0.110352 0.681513
0.271277 0.681492
0.147163 0.681492
0.073582 0.681492
0.328014 0.681492
-0.149823 0.681492
-0.367021 0.681492
-0.500000 0.681492
0.228723 0.681492
0.026596 0.681492
-0.289007 0.681492
-0.179078 0.681492
-0.294326 0.681492
0.184397 0.681492
-0.347518 0.681492
-0.107270 0.681492
0.297872 0.681492
0.007092 0.681492
-0.064716 0.681492
0.137411 0.681492
-0.030142 0.681492
-0.360884 0.681396
0.416387 0.681339
0.270106 0.681339
-0.068897 0.681229
0.279271 0.681223
0.432757 0.681176
0.336728 0.681163
0.493900 0.680996
-0.169395 0.680969
-0.037539 0.680899
-0.347751 0.680865
0.385638 0.680775
0.334220 0.680775
-0.039894 0.680775
-0.366135 0.680775
-0.356383 0.680775
0.213652 0.680775
0.336879 0.680775
0.382979 0.680775
-0.263042 0.680665
-0.415802 0.680633
-0.166620 0.680608
0.152130 0.680602
-0.111797 0.680577
0.481679 0.680490
-0.169432 0.680445
-0.482713 0.680343
0.285141 0.680206
0.438883 0.680163
-0.294326 0.680057
-0.298759 0.680057
0.151596 0.680057
-0.343085 0.680057
-0.062057 0.680057
-0.006206 0.680057
0.058511 0.680057
-0.015957 0.680057
0.333333 0.680057
0.294326 0.680057
-0.446809 0.680057
0.374113 0.680057
-0.051418 0.680057
-0.023050 0.680057
0.466312 0.680057
-0.414894 0.680057
-0.109929 0.680057
0.492908 0.680057
-0.099291 0.680057
-0.365248 0.680057
0.003546 0.680057
-0.030142 0.680057
0.129433 0.680057
-0.273050 0.680057
0.414894 0.680057
-0.166667 0.680057
-0.111124 0.679940
0.501302 0.679904
-0.312758 0.679774
0.333431 0.679762
0.338906 0.679701
-0.057572 0.679690
-0.060460 0.679690
-0.491059 0.679630
0.497118 0.679615
0.340714 0.679519
-0.111687 0.679519
0.294950 0.679430
0.338798 0.679377
0.285461 0.679340
0.495567 0.679340
0.205674 0.679340
-0.170213 0.679340
0.171099 0.679340
-0.250000 0.679340
-0.257092 0.679340
-0.087766 0.679340
0.354610 0.679340
0.352837 0.679340
-0.188179 0.679072
-0.483647 0.678994
0.329042 0.678973
0.482652 0.678959
0.316373 0.678944
-0.227483 0.678898
-0.369603 0.678829
-0.441353 0.678702
-0.105768 0.678688
0.484043 0.678623
-0.294326 0.678623
0.156028 0.678623
-0.338652 0.678623
0.276596 0.678623
-0.476950 0.678623
-0.303191 0.678623
0.498227 0.678623
0.096631 0.678623
-0.298759 0.678623
0.470745 0.678623
0.097518 0.678623
-0.458333 0.678623
0.335106 0.678623
-0.173759 0.678623
0.112589 0.678623
-0.199468 0.678623
0.359043 0.678623
-0.104610 0.678623
-0.252660 0.678623
-0.099291 0.678623
0.326241 0.678623
0.316489 0.678623
-0.116135 0.678623
0.422872 0.678623
-0.180851 0.678623
-0.255319 0.678623
0.269525 0.678408
0.389061 0.678210
-0.369602 0.678186
0.086543 0.678039
0.236905 0.677962
-0.254253 0.677934
-0.319149 0.677905
-0.309397 0.677905
0.391844 0.677905
-0.473404 0.677905
-0.447695 0.677905
0.156915 0.677905
0.495567 0.677905
-0.491135 0.677905
0.402482 0.677905
0.334220 0.677905
-0.421099 0.677905
0.348404 0.677905
0.147163 0.677905
-0.187057 0.677905
0.330565 0.677679
-0.365761 0.677656
-0.182888 0.677650
-0.193000 0.677595
-0.177019 0.677551
0.156382 0.677398
-0.371199 0.677373
0.299232 0.677353
-0.034397 0.677307
0.081662 0.677236
-0.469858 0.677188
-0.143617 0.677188
-0.023050 0.677188
-0.039007 0.677188
0.475177 0.677188
0.498227 0.677188
-0.267730 0.677188
0.333333 0.677188
-0.107270 0.677188
-0.310284 0.677188
-0.030142 0.677188
-0.054965 0.677188
0.157801 0.677188
0.148050 0.677188
0.222518 0.677188
0.305851 0.677188
0.347518 0.677188
0.355106 0.677163
-0.347116 0.677134
-0.065260 0.677124
-0.474796 0.677111
-0.365168 0.676964
-0.485436 0.676846
-0.233260 0.676656
0.386894 0.676614
-0.231549 0.676534
0.185934 0.676493
-0.228723 0.676471
-0.459220 0.676471
-0.115248 0.676471
0.301418 0.676471
0.258865 0.676471
0.123227 0.676471
-0.366135 0.676471
0.103723 0.676471
0.251773 0.676471
0.139184 0.676471
-0.348404 0.676471
-0.442376 0.676471
0.488475 0.676471
-0.075355 0.676471
-0.420282 0.676374
0.348004 0.676262
-0.464580 0.675820
0.334220 0.675753
-0.357270 0.675753
-0.444149 0.675753
-0.233156 0.675753
0.289894 0.675753
-0.365248 0.675753
0.152482 0.675753
-0.175532 0.675753
-0.113475 0.675753
0.043440 0.675753
0.365248 0.675753
-0.496454 0.675753
-0.068262 0.675753
-0.071809 0.675753
-0.448582 0.675753
0.046986 0.675753
0.227837 0.675753
0.498227 0.675753
0.192376 0.675753
0.394504 0.675753
0.067376 0.675753
-0.427305 0.675753
0.473404 0.675753
0.081560 0.675753
0.422872 0.675753
0.143201 0.675678
0.475230 0.675576
-0.302131 0.675555
-0.042033 0.675394
-0.109673 0.675250
-0.111124 0.675204
0.305916 0.675176
-0.428923 0.675141
-0.151230 0.675132
-0.254305 0.675064
-0.032801 0.675036
0.264184 0.675036
0.409574 0.675036
-0.132092 0.675036
0.297872 0.675036
0.345745 0.675036
0.378546 0.675036
0.479610 0.675036
-0.210993 0.675036
-0.314716 0.675036
0.265071 0.675036
-0.061170 0.675036
0.457447 0.675036
-0.379433 0.675036
-0.343972 0.675036
0.290780 0.675036
0.250000 0.675036
0.265957 0.675036
0.153369 0.675036
0.242908 0.675036
0.333333 0.675036
0.281028 0.675036
0.475852 0.674998
0.303271 0.674727
0.193118 0.674501
-0.372199 0.674461
0.477837 0.674319
-0.104610 0.674319
-0.262411 0.674319
-0.248227 0.674319
-0.065603 0.674319
0.331560 0.674319
0.124113 0.674319
0.078014 0.674319
-0.217199 0.674319
-0.304078 0.674319
0.070922 0.674319
-0.093972 0.674319
-0.030142 0.674319
-0.099291 0.674319
-0.299645 0.674319
-0.281915 0.674319
0.031915 0.674319
-0.432624 0.674319
0.280142 0.674319
-0.047872 0.674319
-0.156915 0.674319
-0.304965 0.674319
0.173759 0.674319
-0.484929 0.674319
-0.114667 0.674147
0.347444 0.674113
0.158660 0.674110
0.434760 0.674065
0.492736 0.674004
0.240217 0.673886
-0.102656 0.673614
-0.174527 0.673611
-0.169326 0.673601
-0.445035 0.673601
-0.250887 0.673601
-0.260638 0.673601
-0.104610 0.673601
-0.099291 0.673601
0.232270 0.673601
-0.464539 0.673601
-0.429078 0.673601
0.493794 0.673601
-0.368794 0.673601
-0.306165 0.673593
0.334890 0.673549
0.487816 0.673446
-0.304361 0.673350
0.240286 0.673292
0.440270 0.673275
0.397838 0.672964
-0.110566 0.672932
0.079699 0.672917
-0.172872 0.672884
0.333333 0.672884
-0.258865 0.672884
-0.104610 0.672884
-0.437943 0.672884
-0.177305 0.672884
0.148936 0.672884
-0.138298 0.672884
0.074468 0.672884
-0.453901 0.672884
-0.120567 0.672884
0.117021 0.672884
0.216312 0.672884
0.484043 0.672884
-0.110816 0.672884
0.129433 0.672884
-0.256206 0.672884
-0.253546 0.672884
0.252263 0.672818
-0.418509 0.672732
0.417571 0.672715
-0.324817 0.672696
-0.115777 0.672642
-0.358876 0.672409
-0.454605 0.672278
-0.452439 0.672266
-0.131583 0.672226
0.338920 0.672206
0.479132 0.672183
0.444114 0.672181
0.271277 0.672166
0.160461 0.672166
0.482270 0.672166
-0.434397 0.672166
-0.041667 0.672166
-0.183511 0.672166
-0.054078 0.672166
0.331560 0.672166
-0.110816 0.672166
-0.276596 0.672166
0.117021 0.672166
-0.118794 0.672166
-0.032801 0.672166
0.344858 0.672166
0.090426 0.672166
0.418440 0.672166
-0.439716 0.672166
-0.453014 0.672166
-0.306644 0.672125
-0.468801 0.672106
-0.048506 0.671853
-0.167840 0.671811
0.074404 0.671788
-0.103938 0.671780
-0.362810 0.671579
-0.111227 0.671563
0.496454 0.671449
-0.482270 0.671449
-0.465426 0.671449
-0.328014 0.671449
0.055851 0.671449
-0.287234 0.671449
-0.441489 0.671449
0.208333 0.671449
0.310284 0.671449
-0.357270 0.671449
0.320035 0.671449
0.221631 0.671449
-0.117021 0.671449
-0.365248 0.671449
-0.349291 0.671449
-0.081560 0.671449
0.329787 0.671449
0.480496 0.671449
0.356383 0.671449
0.430851 0.671449
-0.430851 0.671449
-0.098404 0.671449
0.117021 0.671449
-0.162234 0.671449
0.376773 0.671449
-0.189716 0.671449
0.285461 0.671449
-0.112432 0.671346
0.198948 0.671220
0.404843 0.671217
0.231081 0.671145
-0.134372 0.671122
0.280739 0.671050
-0.107969 0.671029
0.266295 0.671004
0.082202 0.670926
0.292994 0.670914
0.432715 0.670835
-0.178851 0.670760
-0.098404 0.670732
-0.478723 0.670732
-0.295213 0.670732
0.305851 0.670732
-0.386525 0.670732
0.439716 0.670732
0.108156 0.670732
-0.126773 0.670732
-0.103723 0.670732
0.284574 0.670732
0.286348 0.670732
-0.105496 0.670732
0.117908 0.670732
-0.118794 0.670732
0.284576 0.670545
-0.046736 0.670435
-0.246563 0.670367
-0.119979 0.670183
-0.295223 0.670173
-0.111857 0.670132
-0.349378 0.670030
-0.268348 0.670029
0.294326 0.670014
-0.150709 0.670014
-0.035461 0.670014
0.283688 0.670014
0.226950 0.670014
-0.174645 0.670014
-0.339539 0.670014
-0.492908 0.670014
0.404255 0.670014
-0.143617 0.670014
-0.291667 0.670014
-0.304965 0.670014
0.287234 0.670014
0.448582 0.670014
-0.305851 0.670014
0.489362 0.670014
0.382979 0.670014
-0.306738 0.670014
-0.459220 0.670014
0.200355 0.670014
0.156028 0.670014
-0.060284 0.670014
0.301418 0.670014
0.285461 0.670014
-0.449468 0.670014
0.108156 0.670014
0.117908 0.670014
-0.388298 0.670014
-0.111702 0.670014
-0.117021 0.670014
-0.397163 0.670014
0.152151 0.669917
-0.095249 0.669889
-0.301421 0.669885
-0.103825 0.669706
0.424540 0.669659
-0.314538 0.669533
-0.040153 0.669465
-0.429029 0.669450
0.251119 0.669376
0.392467 0.669327
-0.458333 0.669297
0.484929 0.669297
-0.271277 0.669297
-0.054965 0.669297
-0.306738 0.669297
-0.064716 0.669297
-0.307624 0.669297
0.139184 0.669297
-0.268597 0.669282
0.236154 0.669238
0.231888 0.669148
-0.047070 0.669100
-0.438857 0.669064
-0.194782 0.669015
-0.302810 0.669008
0.333057 0.668944
-0.303749 0.668924
-0.156878 0.668881
-0.111702 0.668580
0.087766 0.668580
-0.117021 0.668580
-0.069149 0.668580
-0.106383 0.668580
-0.457447 0.668580
0.483156 0.668580
-0.132979 0.668580
0.253546 0.668580
0.118794 0.668580
0.178191 0.668580
-0.104610 0.668580
0.099291 0.668580
-0.102837 0.668580
-0.308511 0.668580
-0.125000 0.668580
-0.367908 0.668580
0.109043 0.668580
0.082447 0.668580
0.397401 0.668577
-0.347420 0.668485
-0.250665 0.668448
-0.492106 0.668368
0.386425 0.668272
-0.294680 0.668185
0.137166 0.668149
0.271117 0.668055
0.233513 0.668039
0.497135 0.667987
0.111725 0.667947
0.203174 0.667878
0.229610 0.667862
-0.102837 0.667862
0.385638 0.667862
0.396277 0.667862
-0.460106 0.667862
0.029255 0.667862
0.274823 0.667862
0.231383 0.667862
-0.104610 0.667862
-0.042553 0.667862
-0.201241 0.667862
-0.429078 0.667862
-0.410461 0.667862
0.426418 0.667862
-0.241135 0.667862
0.203061 0.667709
0.428226 0.667707
-0.346213 0.667564
0.060657 0.667419
0.113844 0.667395
-0.302342 0.667168
0.037234 0.667145
-0.459220 0.667145
-0.061170 0.667145
0.251773 0.667145
-0.490248 0.667145
-0.102837 0.667145
0.400709 0.667145
0.124113 0.667145
-0.171986 0.667145
0.258865 0.667145
0.163121 0.667145
0.413121 0.667145
0.044326 0.667145
0.040780 0.667145
0.494681 0.667145
-0.179965 0.667145
0.061170 0.667145
0.367908 0.667145
0.078901 0.667145
0.434397 0.667145
-0.188830 0.667145
0.470876 0.667076
0.043703 0.666999
-0.176851 0.666931
-0.033686 0.666838
-0.119217 0.666830
0.235510 0.666794
-0.461401 0.666645
-0.044977 0.666621
-0.039705 0.666580
0.118616 0.666560
0.406112 0.666545
-0.068262 0.666428
0.443262 0.666428
-0.065603 0.666428
0.254433 0.666428
0.283688 0.666428
0.490248 0.666428
-0.312943 0.666428
0.285461 0.666428
-0.469858 0.666428
-0.300532 0.666428
-0.020390 0.666428
0.381206 0.666428
0.334220 0.666428
-0.265071 0.666428
-0.434397 0.666428
0.306738 0.666428
0.078014 0.666428
-0.186170 0.666428
-0.344858 0.666428
0.064411 0.666296
0.272554 0.666266
0.405444 0.666227
0.398609 0.666128
0.331524 0.665979
-0.437506 0.665867
-0.342000 0.665852
0.418219 0.665845
-0.028711 0.665804
0.234043 0.665710
-0.370567 0.665710
-0.301418 0.665710
0.302305 0.665710
0.242908 0.665710
0.129433 0.665710
0.232270 0.665710
0.276596 0.665710
0.235816 0.665710
0.402482 0.665710
0.265071 0.665710
0.295213 0.665710
0.388298 0.665710
-0.138298 0.665710
0.250000 0.665710
0.485816 0.665710
0.265957 0.665710
-0.416667 0.665710
-0.460993 0.665710
0.264184 0.665710
-0.036348 0.665710
-0.362589 0.665710
-0.345745 0.665710
0.330674 0.665710
0.014184 0.665710
-0.436170 0.665710
0.332447 0.665710
-0.263298 0.665710
-0.430851 0.665710
0.345745 0.665710
-0.354610 0.665710
-0.461057 0.665658
-0.459864 0.665514
0.050249 0.665469
0.251605 0.665423
0.234531 0.665417
-0.338157 0.665269
-0.277700 0.665244
-0.234811 0.665232
0.082399 0.665212
-0.361208 0.665210
0.234522 0.665207
0.434434 0.665199
0.333023 0.665084
0.392730 0.664993
0.096631 0.664993
0.022163 0.664993
-0.084220 0.664993
-0.246454 0.664993
0.252660 0.664993
-0.247340 0.664993
-0.164894 0.664993
0.259752 0.664993
-0.303191 0.664993
0.063830 0.664993
0.140071 0.664993
0.430851 0.664993
0.175910 0.664988
0.378135 0.664954
-0.106589 0.664948
0.486940 0.664947
0.230595 0.664937
0.484641 0.664925
0.490184 0.664848
0.245841 0.664804
-0.301018 0.664728
-0.461275 0.664718
0.489676 0.664656
-0.014709 0.664599
-0.429135 0.664567
0.080105 0.664421
0.396206 0.664375
0.430476 0.664350
-0.144021 0.664312
-0.317376 0.664275
-0.487589 0.664275
-0.064716 0.664275
0.421986 0.664275
-0.250000 0.664275
0.470745 0.664275
0.255319 0.664275
-0.177305 0.664275
-0.067376 0.664275
0.397163 0.664275
0.065603 0.664275
-0.439716 0.664275
0.010638 0.664275
0.383865 0.664275
-0.062057 0.664275
-0.280142 0.664275
0.482270 0.664275
-0.212766 0.664275
0.397255 0.664250
-0.352347 0.663977
0.427408 0.663942
0.127695 0.663888
0.404236 0.663823
-0.027482 0.663558
0.005319 0.663558
0.267730 0.663558
0.007979 0.663558
-0.200355 0.663558
-0.499113 0.663558
-0.443262 0.663558
-0.310284 0.663558
0.266844 0.663558
-0.218972 0.663558
-0.316044 0.663536
-0.290579 0.663481
0.381270 0.663471
-0.272220 0.663391
-0.447890 0.663378
0.334315 0.663345
-0.162570 0.663186
0.324503 0.662865
0.223586 0.662850
0.049645 0.662841
-0.225177 0.662841
-0.157801 0.662841
-0.143617 0.662841
-0.049645 0.662841
-0.365248 0.662841
-0.000887 0.662841
-0.296099 0.662841
0.379433 0.662841
0.236702 0.662841
-0.284574 0.662841
0.467199 0.662841
-0.328901 0.662841
0.243794 0.662841
0.322695 0.662841
0.312943 0.662841
0.186170 0.662841
-0.117021 0.662841
0.234929 0.662841
0.398936 0.662841
-0.150709 0.662841
-0.010638 0.662841
0.069149 0.662841
0.437943 0.662841
0.283688 0.662841
-0.187943 0.662841
-0.111702 0.662841
0.399141 0.662759
0.090005 0.662540
-0.128612 0.662540
0.321911 0.662523
-0.024227 0.662493
0.079517 0.662431
-0.317960 0.662289
0.086818 0.662250
0.112389 0.662125
-0.071809 0.662123
0.276596 0.662123
-0.229610 0.662123
-0.316489 0.662123
0.293440 0.662123
0.406028 0.662123
-0.451241 0.662123
-0.119681 0.662123
0.351064 0.662123
-0.296986 0.662123
-0.259752 0.662123
0.250887 0.662123
-0.127660 0.662123
0.385638 0.662123
0.489362 0.662123
-0.185284 0.662123
0.480496 0.662123
-0.292553 0.662123
0.497340 0.662123
-0.109929 0.662123
-0.492021 0.662123
-0.257092 0.662123
0.006191 0.662047
-0.110525 0.661894
0.215071 0.661864
-0.246168 0.661849
0.128184 0.661816
0.250666 0.661768
0.396785 0.661759
-0.061535 0.661723
-0.469118 0.661569
0.096335 0.661507
-0.280142 0.661406
-0.289007 0.661406
0.217199 0.661406
0.093972 0.661406
-0.314716 0.661406
0.303191 0.661406
-0.037234 0.661406
0.167553 0.661406
-0.187057 0.661406
-0.096631 0.661406
-0.234043 0.661406
-0.182624 0.661406
-0.030142 0.661406
-0.273936 0.661406
0.269504 0.661406
0.088652 0.661406
0.246454 0.661406
0.426418 0.661406
0.253546 0.661406
-0.297872 0.661406
-0.340426 0.661406
0.130319 0.661406
-0.377660 0.661406
0.484929 0.661406
0.367021 0.661406
0.400709 0.661406
0.083333 0.661406
0.449917 0.661403
0.333768 0.661334
-0.355571 0.661287
0.095761 0.661173
-0.324819 0.661138
0.123603 0.661130
0.054173 0.661079
0.477349 0.660987
-0.218939 0.660919
0.243178 0.660902
-0.181612 0.660756
0.006816 0.660703
0.043440 0.660689
0.164007 0.660689
0.034574 0.660689
0.039894 0.660689
-0.465426 0.660689
0.434397 0.660689
-0.341312 0.660689
-0.453014 0.660689
-0.137411 0.660689
0.381206 0.660689
0.082447 0.660689
-0.184397 0.660689
-0.452509 0.660669
-0.189931 0.660660
-0.245900 0.660605
-0.346572 0.660594
0.032581 0.660428
0.007027 0.660371
0.256313 0.660369
-0.150411 0.660365
0.290113 0.660205
-0.109654 0.660107
0.229673 0.660023
-0.168440 0.659971
0.335106 0.659971
-0.304965 0.659971
-0.315603 0.659971
-0.186170 0.659971
0.333333 0.659971
-0.430851 0.659971
0.146277 0.659971
0.331560 0.659971
0.121454 0.659971
-0.351064 0.659971
-0.359929 0.659971
-0.070922 0.659971
-0.342199 0.659971
-0.284574 0.659971
-0.478723 0.659971
0.209220 0.659971
-0.324468 0.659971
0.237589 0.659971
0.081560 0.659971
0.222518 0.659971
0.477837 0.659971
0.379295 0.659870
-0.238493 0.659840
-0.310150 0.659820
-0.186792 0.659774
-0.032857 0.659766
-0.293167 0.659700
0.054307 0.659645
-0.038384 0.659644
-0.236118 0.659606
0.337962 0.659604
-0.427946 0.659593
0.073740 0.659536
0.437092 0.659325
-0.484929 0.659254
-0.489362 0.659254
0.414894 0.659254
0.191489 0.659254
0.304078 0.659254
0.148050 0.659254
-0.132092 0.659254
-0.313830 0.659254
-0.341312 0.659254
-0.435022 0.659233
-0.234650 0.659137
0.038433 0.659092
-0.490000 0.659060
0.387548 0.659038
0.329519 0.659037
-0.151379 0.659024
0.422476 0.659010
0.296114 0.659001
-0.131007 0.658849
-0.343686 0.658820
0.458218 0.658570
-0.471573 0.658566
0.211529 0.658559
0.419326 0.658537
-0.158688 0.658537
-0.216312 0.658537
0.126773 0.658537
-0.154255 0.658537
-0.147163 0.658537
0.232270 0.658537
-0.292553 0.658537
0.382979 0.658537
-0.342199 0.658537
0.054965 0.658537
-0.239362 0.658537
-0.351064 0.658537
-0.273936 0.658537
0.447695 0.658537
-0.267730 0.658537
0.430851 0.658537
-0.280142 0.658537
-0.434397 0.658537
-0.372340 0.658537
0.251773 0.658537
-0.335993 0.658537
0.240248 0.658537
-0.312057 0.658537
0.235832 0.658490
-0.117512 0.658472
0.445015 0.658434
0.239727 0.658409
0.328378 0.658408
-0.189894 0.658354
0.384466 0.658343
0.145239 0.658249
-0.184231 0.658203
-0.442437 0.658189
-0.310705 0.658182
0.073585 0.658174
-0.432086 0.658143
-0.232139 0.658065
0.164491 0.658049
-0.312611 0.658005
0.247931 0.657939
-0.188294 0.657905
-0.214916 0.657860
0.225177 0.657819
-0.289007 0.657819
0.309397 0.657819
-0.060284 0.657819
-0.222518 0.657819
-0.107270 0.657819
-0.161348 0.657819
0.458333 0.657819
-0.293440 0.657819
0.281915 0.657819
-0.101064 0.657819
0.495567 0.657819
-0.495567 0.657819
0.404255 0.657819
-0.142730 0.657819
0.390957 0.657819
0.247340 0.657819
-0.323582 0.657819
0.355496 0.657819
0.239362 0.657819
-0.418440 0.657819
0.149592 0.657697
0.216187 0.657657
-0.438736 0.657550
-0.149472 0.657469
-0.117147 0.657334
0.404917 0.657313
0.339632 0.657238
0.002018 0.657184
0.240312 0.657150
0.083333 0.657102
0.274823 0.657102
-0.437943 0.657102
0.242908 0.657102
0.131206 0.657102
-0.230496 0.657102
0.304965 0.657102
0.088652 0.657102
-0.031028 0.657102
-0.032801 0.657102
-0.342199 0.657102
-0.173759 0.657102
0.260638 0.657102
0.323582 0.657102
0.378546 0.657102
-0.068262 0.657102
-0.384752 0.657102
-0.065603 0.657102
-0.117021 0.657102
-0.460106 0.657102
0.395390 0.657102
0.484043 0.657102
-0.304078 0.657102
-0.357790 0.656776
-0.189042 0.656732
0.436428 0.656665
0.326633 0.656653
0.243793 0.656590
-0.285961 0.656509
0.321751 0.656505
0.493473 0.656468
0.299988 0.656428
-0.038781 0.656396
0.229209 0.656390
0.155142 0.656385
-0.441489 0.656385
-0.234929 0.656385
0.338652 0.656385
-0.034574 0.656385
0.072695 0.656385
0.082447 0.656385
-0.336879 0.656385
-0.284574 0.656385
-0.047872 0.656385
0.246454 0.656385
-0.386525 0.656385
0.057624 0.656385
0.104610 0.656385
-0.432624 0.656385
0.324468 0.656385
0.256206 0.656385
0.048759 0.656385
0.242021 0.656385
-0.119681 0.656385
-0.312943 0.656385
0.114362 0.656385
0.340426 0.656385
-0.429078 0.656385
-0.144395 0.656350
-0.154098 0.656246
-0.151885 0.656235
-0.071956 0.656167
0.166343 0.656119
0.479642 0.656066
0.048898 0.655758
-0.409042 0.655698
-0.339843 0.655693
-0.416856 0.655681
0.149875 0.655681
0.310284 0.655667
0.242021 0.655667
0.234929 0.655667
-0.037234 0.655667
-0.074468 0.655667
-0.299645 0.655667
-0.469858 0.655667
-0.122340 0.655667
-0.331560 0.655667
-0.388298 0.655667
-0.445035 0.655667
-0.244681 0.655667
-0.406028 0.655667
-0.397163 0.655667
0.241135 0.655667
0.423759 0.655667
-0.246454 0.655667
0.171986 0.655667
0.397163 0.655667
-0.245567 0.655667
-0.206560 0.655667
-0.311170 0.655667
-0.495465 0.655666
-0.123714 0.655625
0.170186 0.655545
-0.422616 0.655216
0.279781 0.655207
-0.208720 0.655163
0.080967 0.655157
0.244591 0.655136
0.482770 0.655084
0.419774 0.655042
0.154194 0.654993
0.481077 0.654986
0.237240 0.654965
0.168440 0.654950
0.241135 0.654950
0.482270 0.654950
-0.476064 0.654950
-0.436170 0.654950
0.263298 0.654950
-0.296099 0.654950
0.442376 0.654950
0.288121 0.654950
0.382979 0.654950
0.380319 0.654950
-0.194149 0.654950
-0.264184 0.654950
-0.177275 0.654908
-0.193940 0.654816
0.288724 0.654753
-0.068578 0.654689
-0.242509 0.654687
-0.145933 0.654635
0.340712 0.654511
0.162123 0.654460
0.068911 0.654448
-0.122621 0.654410
-0.435988 0.654321
-0.210993 0.654232
-0.439716 0.654232
-0.491135 0.654232
-0.155142 0.654232
0.315603 0.654232
-0.416667 0.654232
0.037234 0.654232
0.031915 0.654232
0.042553 0.654232
0.164894 0.654232
0.197695 0.654232
0.407801 0.654232
0.127660 0.654232
-0.482270 0.654232
0.435284 0.654232
-0.289007 0.654232
0.241135 0.654232
-0.159574 0.654232
0.060284 0.654232
-0.150709 0.654232
0.051418 0.654232
-0.486702 0.654232
-0.176418 0.654232
0.297872 0.654232
0.388298 0.654232
-0.221816 0.654205
-0.122628 0.654136
-0.122493 0.654036
0.494394 0.654011
0.047850 0.653992
0.480268 0.653932
0.166704 0.653804
0.029298 0.653725
-0.244279 0.653709
0.243904 0.653675
0.073852 0.653608
0.310910 0.653564
-0.162234 0.653515
-0.146277 0.653515
0.236702 0.653515
-0.240248 0.653515
-0.253546 0.653515
0.062057 0.653515
0.484929 0.653515
0.316489 0.653515
-0.392730 0.653515
-0.471631 0.653515
-0.401596 0.653515
0.412234 0.653515
-0.182624 0.653515
-0.193262 0.653515
0.254433 0.653515
-0.074499 0.653434
0.250331 0.653422
-0.471624 0.653403
0.485392 0.653384
-0.404297 0.653319
-0.345041 0.653283
-0.440315 0.653235
-0.212367 0.653223
0.478101 0.653175
0.173436 0.653165
-0.256467 0.652990
-0.343433 0.652968
0.231079 0.652934
-0.192129 0.652923
-0.428641 0.652819
0.378880 0.652810
-0.071809 0.652798
0.280142 0.652798
-0.245567 0.652798
-0.141844 0.652798
-0.026596 0.652798
0.101950 0.652798
-0.028369 0.652798
-0.477837 0.652798
-0.219858 0.652798
0.416667 0.652798
0.236702 0.652798
0.269504 0.652798
-0.427305 0.652798
0.063830 0.652798
0.345745 0.652798
-0.434397 0.652798
0.317376 0.652798
0.480496 0.652798
-0.246454 0.652798
0.091312 0.652798
0.083333 0.652798
-0.024823 0.652798
-0.340426 0.652798
-0.351064 0.652798
-0.184397 0.652798
-0.114362 0.652798
0.490248 0.652798
-0.164894 0.652798
-0.310284 0.652798
-0.126773 0.652798
-0.430851 0.652798
0.073582 0.652798
-0.033161 0.652685
0.241473 0.652616
0.024261 0.652602
-0.474901 0.652553
-0.399390 0.652532
0.037219 0.652529
-0.482171 0.652470
0.232996 0.652464
-0.014925 0.652463
-0.131659 0.652459
0.138128 0.652259
-0.461787 0.652085
0.137411 0.652080
0.298759 0.652080
-0.335106 0.652080
-0.487589 0.652080
-0.161348 0.652080
-0.117021 0.652080
-0.227837 0.652080
-0.483156 0.652080
-0.452128 0.652080
-0.320035 0.652080
-0.086879 0.652080
-0.030142 0.652080
0.400709 0.652080
-0.387411 0.652080
0.431738 0.652080
-0.464539 0.652080
0.177305 0.652080
-0.425890 0.651886
-0.026371 0.651869
0.035207 0.651820
-0.441960 0.651768
0.481460 0.651764
-0.477252 0.651726
-0.461390 0.651680
0.442636 0.651614
-0.463943 0.651536
-0.391337 0.651500
-0.397163 0.651363
0.380319 0.651363
0.382979 0.651363
-0.235816 0.651363
0.024823 0.651363
0.232270 0.651363
0.249113 0.651363
-0.389184 0.651363
-0.342199 0.651363
-0.031915 0.651363
0.481383 0.651363
-0.058511 0.651363
-0.305851 0.651363
-0.260638 0.651363
-0.291667 0.651363
-0.136525 0.651363
0.377660 0.651363
-0.164894 0.651363
-0.473404 0.651363
0.483156 0.651363
0.171099 0.651363
0.124113 0.651363
-0.164007 0.651363
0.423545 0.651266
-0.023256 0.651220
0.169336 0.651147
-0.161888 0.651112
-0.244808 0.651074
-0.474485 0.651071
-0.209053 0.650908
-0.473600 0.650794
-0.162640 0.650742
0.052164 0.650704
0.300763 0.650701
0.477837 0.650646
-0.047872 0.650646
0.388298 0.650646
-0.441489 0.650646
-0.023936 0.650646
0.304078 0.650646
-0.025709 0.650646
-0.241135 0.650646
0.167553 0.650646
-0.445035 0.650646
-0.063830 0.650646
-0.253546 0.650646
0.225177 0.650646
-0.034574 0.650646
-0.478723 0.650646
0.102893 0.650596
-0.024614 0.650547
-0.061759 0.650528
0.475392 0.650477
-0.159117 0.650358
-0.461305 0.650277
0.389979 0.650149
0.380365 0.650144
0.337121 0.650077
-0.022904 0.650041
-0.437167 0.649966
0.464039 0.649947
-0.027482 0.649928
-0.164007 0.649928
-0.301418 0.649928
-0.167553 0.649928
-0.160461 0.649928
0.393617 0.649928
0.304965 0.649928
0.241135 0.649928
-0.164894 0.649928
-0.069149 0.649928
0.400709 0.649928
0.156028 0.649928
0.218085 0.649928
-0.072695 0.649928
0.485816 0.649928
-0.156028 0.649928
-0.466312 0.649928
-0.163121 0.649928
0.286348 0.649928
-0.246454 0.649928
-0.494681 0.649928
-0.131206 0.649928
-0.328014 0.649928
-0.484043 0.649928
0.482270 0.649928
0.484043 0.649928
-0.037234 0.649928
-0.241590 0.649676
-0.476720 0.649642
-0.071099 0.649601
0.497630 0.649533
0.168343 0.649503
-0.161831 0.649480
-0.283640 0.649473
0.480757 0.649430
-0.246099 0.649402
0.031028 0.649211
-0.121454 0.649211
-0.156028 0.649211
0.037234 0.649211
-0.432624 0.649211
-0.393617 0.649211
0.133865 0.649211
0.478723 0.649211
-0.297872 0.649211
-0.267730 0.649211
-0.436170 0.649211
0.424645 0.649211
0.031915 0.649211
-0.273936 0.649211
-0.015071 0.649211
0.491135 0.649211
0.390920 0.649139
0.224981 0.649113
-0.163441 0.649113
0.235193 0.648994
-0.159734 0.648554
0.269439 0.648507
-0.489362 0.648494
0.496454 0.648494
-0.075355 0.648494
0.274823 0.648494
0.350177 0.648494
0.475177 0.648494
-0.111702 0.648494
0.388298 0.648494
0.236702 0.648494
0.085993 0.648494
-0.105496 0.648494
-0.338652 0.648494
-0.306738 0.648494
-0.317376 0.648494
0.257092 0.648494
-0.294326 0.648494
-0.023050 0.648494
-0.459220 0.648494
0.228723 0.648494
0.017730 0.648494
-0.214539 0.648494
0.182624 0.648494
-0.474291 0.648494
-0.099291 0.648494
-0.167553 0.648494
0.123569 0.648479
-0.482796 0.648434
0.477314 0.648350
-0.139401 0.648304
0.449898 0.648293
-0.389487 0.648187
-0.368069 0.648165
-0.068364 0.647991
-0.453409 0.647969
0.238121 0.647940
0.276290 0.647899
-0.466287 0.647882
-0.044121 0.647844
0.164007 0.647776
-0.479610 0.647776
-0.163121 0.647776
0.117021 0.647776
-0.162234 0.647776
-0.049645 0.647776
0.393617 0.647776
-0.369681 0.647776
0.176418 0.647776
-0.036348 0.647776
-0.277482 0.647776
0.366135 0.647776
0.015071 0.647776
0.221631 0.647776
-0.374180 0.647758
-0.318153 0.647752
-0.307795 0.647749
0.469912 0.647646
-0.454706 0.647535
-0.113643 0.647518
-0.341111 0.647480
-0.491965 0.647429
0.226818 0.647418
0.261697 0.647381
-0.205095 0.647246
0.185503 0.647192
0.012285 0.647159
-0.389820 0.647121
0.261999 0.647106
-0.308397 0.647095
-0.145390 0.647059
0.417553 0.647059
0.471631 0.647059
-0.014184 0.647059
-0.358156 0.647059
-0.390071 0.647059
-0.200355 0.647059
-0.467199 0.647059
0.170213 0.647059
-0.340426 0.647059
0.143617 0.647059
-0.452128 0.647059
-0.302305 0.647059
0.012411 0.647059
0.007092 0.647059
0.292553 0.647059
0.446809 0.647059
-0.170213 0.647059
0.009752 0.647059
-0.070035 0.647059
-0.039007 0.647059
0.249113 0.647059
-0.458125 0.646945
0.383069 0.646914
0.415030 0.646581
0.380379 0.646546
-0.063865 0.646414
-0.140513 0.646355
0.379433 0.646341
0.482270 0.646341
-0.060284 0.646341
-0.059397 0.646341
-0.140957 0.646341
0.382092 0.646341
0.480496 0.646341
0.052305 0.646341
0.043440 0.646341
0.220745 0.646341
-0.485816 0.646341
0.408688 0.646341
-0.298759 0.646341
0.000887 0.646341
-0.191489 0.646341
-0.458333 0.646341
-0.331560 0.646341
0.457447 0.646341
-0.382092 0.646341
-0.176418 0.646341
0.023936 0.646341
-0.031915 0.646341
0.439716 0.646341
0.263298 0.646341
0.145390 0.646341
-0.165780 0.646341
0.471848 0.646310
-0.392892 0.646307
0.443467 0.646301
0.391928 0.646278
-0.301211 0.646214
0.262054 0.646046
-0.163485 0.645979
0.384530 0.645949
0.123617 0.645856
0.030456 0.645685
0.157891 0.645648
-0.498227 0.645624
0.473404 0.645624
-0.342199 0.645624
0.258865 0.645624
-0.182624 0.645624
0.432624 0.645624
-0.445035 0.645624
-0.005319 0.645624
0.474291 0.645624
-0.281915 0.645624
0.241135 0.645624
-0.264184 0.645624
0.468085 0.645624
0.413121 0.645624
-0.441489 0.645624
0.393617 0.645624
0.225177 0.645624
-0.459220 0.645624
-0.161348 0.645624
0.476950 0.645624
-0.437943 0.645624
-0.475177 0.645624
-0.065603 0.645624
0.147163 0.645624
-0.364362 0.645624
0.231383 0.645624
-0.200355 0.645624
-0.204787 0.645624
-0.165780 0.645624
0.233811 0.645583
0.324320 0.645563
-0.462970 0.645472
-0.052551 0.645465
0.250954 0.645374
0.225927 0.645356
-0.448775 0.645281
0.134682 0.645190
0.016265 0.645186
-0.204609 0.645085
-0.152814 0.645080
-0.395870 0.645066
-0.002645 0.645029
0.219610 0.645022
-0.249989 0.645020
-0.453372 0.645002
0.478218 0.644962
-0.041192 0.644928
-0.087766 0.644907
-0.255319 0.644907
-0.161348 0.644907
-0.451241 0.644907
-0.135638 0.644907
-0.242908 0.644907
-0.191489 0.644907
0.469645 0.644890
-0.458306 0.644798
0.080070 0.644689
0.423675 0.644619
-0.145605 0.644572
0.001319 0.644505
-0.338508 0.644439
0.007645 0.644390
-0.385983 0.644366
0.270540 0.644350
-0.076492 0.644337
0.477408 0.644275
0.479233 0.644267
0.276158 0.644202
-0.492908 0.644189
0.469858 0.644189
-0.481383 0.644189
0.224291 0.644189
-0.260638 0.644189
-0.313830 0.644189
0.331560 0.644189
0.354610 0.644189
-0.324468 0.644189
-0.161348 0.644189
0.031915 0.644189
0.441489 0.644189
0.166667 0.644189
0.256206 0.644189
0.283688 0.644189
0.099291 0.644189
0.030142 0.644189
-0.209220 0.644189
0.088652 0.644189
0.206560 0.644189
0.109929 0.644189
-0.457447 0.644189
-0.427305 0.644189
-0.200355 0.644189
-0.040780 0.644189
0.175532 0.644189
-0.070922 0.644189
-0.204787 0.644189
0.031028 0.644189
-0.303191 0.644189
0.269504 0.644189
-0.248227 0.644189
-0.261442 0.644057
0.412188 0.643953
0.448203 0.643915
-0.460573 0.643868
-0.157621 0.643858
0.380373 0.643591
-0.258056 0.643553
-0.444059 0.643552
-0.073975 0.643542
-0.165217 0.643483
0.387411 0.643472
0.425532 0.643472
0.082447 0.643472
0.072695 0.643472
0.265071 0.643472
0.434397 0.643472
-0.458333 0.643472
0.155142 0.643472
0.468085 0.643472
-0.414007 0.643472
0.169326 0.643472
0.187057 0.643472
0.188830 0.643472
-0.334220 0.643472
0.125887 0.643472
0.130319 0.643472
-0.461879 0.643472
0.124113 0.643472
-0.173759 0.643472
-0.096631 0.643472
-0.102837 0.643472
0.472275 0.643370
0.249823 0.643197
-0.060077 0.643112
0.148492 0.643081
0.108977 0.643030
0.478586 0.642967
-0.335144 0.642961
-0.427353 0.642926
0.246433 0.642865
-0.084116 0.642832
0.371901 0.642830
-0.168957 0.642765
-0.487589 0.642755
0.260638 0.642755
-0.073582 0.642755
0.472518 0.642755
0.473404 0.642755
-0.459220 0.642755
-0.451241 0.642755
-0.179965 0.642755
0.235816 0.642755
0.223404 0.642755
-0.066489 0.642755
0.227837 0.642755
0.374113 0.642755
0.478723 0.642755
0.476064 0.642755
0.248227 0.642755
-0.050532 0.642755
0.471631 0.642755
-0.284574 0.642755
0.450355 0.642755
0.492962 0.642715
-0.453468 0.642696
0.462094 0.642666
0.228727 0.642659
-0.469284 0.642653
0.482522 0.642604
0.483241 0.642428
0.415071 0.642310
-0.303632 0.642283
0.473734 0.642261
0.475962 0.642240
-0.164012 0.642239
0.288137 0.642169
-0.169834 0.642168
0.259677 0.642079
-0.424645 0.642037
0.471631 0.642037
-0.150709 0.642037
0.401596 0.642037
0.429965 0.642037
0.472518 0.642037
-0.469858 0.642037
0.460993 0.642037
-0.335993 0.642037
0.469858 0.642037
0.058511 0.642037
0.240248 0.642037
-0.457447 0.642037
0.449468 0.642037
0.176418 0.642037
-0.016844 0.642037
0.061974 0.641987
-0.313535 0.641949
0.460332 0.641884
-0.029242 0.641862
-0.172245 0.641853
-0.444805 0.641770
-0.460393 0.641473
0.041710 0.641457
0.452405 0.641409
-0.061170 0.641320
0.468085 0.641320
0.060284 0.641320
-0.327128 0.641320
-0.060284 0.641320
-0.076241 0.641320
0.469858 0.641320
0.226950 0.641320
0.471631 0.641320
0.257979 0.641320
0.163121 0.641320
0.436170 0.641320
0.148936 0.641320
0.461879 0.641320
0.038121 0.641320
0.069149 0.641320
-0.458333 0.641320
0.418440 0.641320
-0.062057 0.641320
0.381206 0.641320
-0.016844 0.641320
-0.384752 0.641320
0.291667 0.641320
0.289894 0.641320
0.140071 0.641320
-0.460724 0.641306
0.364020 0.641300
-0.328000 0.641280
0.229428 0.641266
-0.385871 0.641255
-0.201509 0.641159
0.238381 0.641144
0.477184 0.641089
0.457202 0.641038
-0.270835 0.640994
0.452728 0.640949
0.174022 0.640932
0.230723 0.640896
0.463890 0.640791
-0.336959 0.640785
0.189142 0.640723
-0.039727 0.640650
0.094858 0.640603
0.141844 0.640603
-0.294326 0.640603
0.338652 0.640603
0.324468 0.640603
0.165780 0.640603
-0.461879 0.640603
-0.167553 0.640603
-0.432624 0.640603
0.105496 0.640603
-0.007979 0.640603
0.162910 0.640580
0.186845 0.640553
0.475261 0.640497
0.040952 0.640469
-0.460928 0.640444
-0.458992 0.640360
-0.202760 0.640259
-0.259177 0.640240
-0.057938 0.640178
0.278565 0.640162
-0.411662 0.640140
0.155590 0.640136
0.083740 0.640110
-0.068792 0.640095
0.475528 0.640032
0.292290 0.639990
0.246738 0.639940
-0.343085 0.639885
-0.140071 0.639885
-0.457447 0.639885
-0.349291 0.639885
0.414007 0.639885
-0.226950 0.639885
0.255319 0.639885
0.422872 0.639885
0.168440 0.639885
0.230496 0.639885
-0.218972 0.639885
-0.085106 0.639885
-0.267730 0.639885
0.431738 0.639885
-0.460993 0.639885
0.278369 0.639885
0.117021 0.639885
-0.445035 0.639885
-0.161348 0.639885
-0.408688 0.639885
-0.441489 0.639885
-0.177305 0.639885
-0.422114 0.639849
-0.070219 0.639723
0.435898 0.639708
0.387949 0.639589
0.002395 0.639469
-0.066026 0.639425
0.124805 0.639262
-0.327750 0.639189
0.488475 0.639168
0.234929 0.639168
0.312943 0.639168
-0.163121 0.639168
0.461879 0.639168
0.156915 0.639168
0.362589 0.639168
0.247340 0.639168
0.444149 0.639168
0.417553 0.639168
-0.031915 0.639168
-0.234929 0.639168
-0.070035 0.639168
0.085106 0.639168
0.469597 0.639085
-0.069944 0.639085
-0.454098 0.638898
0.455926 0.638881
-0.298531 0.638823
0.225150 0.638740
0.448634 0.638633
0.036953 0.638568
0.354834 0.638519
0.226950 0.638451
0.495567 0.638451
0.191489 0.638451
-0.329787 0.638451
-0.250000 0.638451
0.493794 0.638451
0.427305 0.638451
0.044326 0.638451
-0.271277 0.638451
-0.093972 0.638451
0.453901 0.638451
0.001773 0.638451
0.195035 0.638451
0.019504 0.638451
0.210993 0.638451
-0.460106 0.638451
0.409574 0.638451
-0.264184 0.638451
0.239362 0.638451
-0.298759 0.638451
0.461879 0.638451
0.193262 0.638451
0.088652 0.638451
-0.464539 0.638451
0.166667 0.638451
0.433791 0.638387
-0.182472 0.638363
-0.164408 0.638354
-0.249351 0.638331
0.432843 0.638276
-0.330573 0.638185
0.419701 0.638171
0.216927 0.638148
-0.261035 0.638034
-0.206392 0.638033
-0.499929 0.637911
0.288528 0.637892
0.169119 0.637763
0.454787 0.637733
-0.072695 0.637733
-0.389184 0.637733
0.421986 0.637733
0.453014 0.637733
-0.463652 0.637733
-0.004433 0.637733
0.375887 0.637733
-0.150709 0.637733
-0.182624 0.637733
-0.064716 0.637733
-0.065603 0.637733
0.476064 0.637733
0.169326 0.637733
-0.075355 0.637733
0.413121 0.637733
-0.404255 0.637733
0.473404 0.637733
0.016844 0.637733
-0.255319 0.637733
0.360423 0.637703
-0.071356 0.637683
0.030655 0.637648
0.129421 0.637596
-0.350989 0.637574
-0.265200 0.637564
-0.062069 0.637493
-0.065341 0.637436
0.441710 0.637411
-0.455675 0.637360
0.185796 0.637236
0.478928 0.637208
0.029328 0.637185
0.106038 0.637038
-0.171099 0.637016
-0.397163 0.637016
-0.274823 0.637016
0.277482 0.637016
0.416667 0.637016
0.455674 0.637016
0.180851 0.637016
-0.191489 0.637016
-0.133865 0.637016
0.472518 0.637016
-0.451241 0.637016
0.101064 0.637016
0.453901 0.637016
-0.079787 0.637016
-0.462766 0.637016
-0.176418 0.637016
0.015957 0.637016
0.355496 0.637016
0.452128 0.637016
-0.040780 0.637016
-0.260638 0.637016
0.230496 0.637016
0.470745 0.637016
0.150709 0.637016
0.248937 0.637015
-0.265400 0.636973
0.236254 0.636924
-0.349949 0.636677
0.181432 0.636633
-0.180789 0.636477
-0.457530 0.636425
-0.393735 0.636299
0.478723 0.636298
0.300532 0.636298
0.115248 0.636298
0.234929 0.636298
0.026596 0.636298
-0.475177 0.636298
0.453901 0.636298
-0.336879 0.636298
0.025709 0.636298
-0.124113 0.636298
0.160461 0.636298
-0.046986 0.636298
0.143617 0.636298
0.343085 0.636298
0.455674 0.636298
0.129038 0.636210
0.483778 0.636199
0.167130 0.636140
-0.271829 0.636130
0.493740 0.636045
-0.081124 0.635997
0.424993 0.635818
-0.166532 0.635759
-0.307339 0.635705
0.127053 0.635684
0.194539 0.635654
0.484929 0.635581
0.289007 0.635581
0.455674 0.635581
0.136525 0.635581
0.132092 0.635581
0.125887 0.635581
-0.499113 0.635581
0.124113 0.635581
0.422872 0.635581
-0.161348 0.635581
0.287234 0.635581
0.290780 0.635581
-0.020390 0.635581
0.127660 0.635581
-0.010638 0.635581
-0.310284 0.635581
-0.213652 0.635581
-0.088652 0.635581
-0.305851 0.635581
-0.320922 0.635581
0.170213 0.635581
-0.427305 0.635581
-0.379433 0.635581
-0.148828 0.635527
0.213704 0.635509
-0.470863 0.635381
-0.347884 0.635325
0.440472 0.635259
0.459326 0.635241
-0.456077 0.635197
-0.465519 0.635188
0.258078 0.635165
0.452830 0.635154
0.438830 0.634864
-0.056738 0.634864
0.411348 0.634864
-0.179965 0.634864
0.213652 0.634864
-0.481383 0.634864
0.417553 0.634864
-0.163121 0.634864
0.094858 0.634864
-0.211879 0.634864
-0.436170 0.634864
0.007092 0.634864
-0.284574 0.634864
-0.393617 0.634864
-0.275709 0.634864
0.009752 0.634864
-0.010638 0.634864
0.244528 0.634825
0.044557 0.634811
0.165801 0.634731
-0.029103 0.634579
-0.074249 0.634502
-0.216261 0.634487
-0.014484 0.634462
-0.397633 0.634380
-0.178026 0.634349
-0.272681 0.634246
-0.211396 0.634212
0.435917 0.634161
-0.071809 0.634146
0.465426 0.634146
-0.343972 0.634146
-0.332447 0.634146
-0.356383 0.634146
0.370567 0.634146
-0.494681 0.634146
-0.164894 0.634146
-0.175532 0.634146
0.230496 0.634146
-0.350177 0.634146
-0.010638 0.634146
0.414894 0.634146
-0.069149 0.634146
-0.074468 0.634146
0.081560 0.634146
-0.445035 0.634146
0.050532 0.634146
-0.170213 0.634146
0.269504 0.634146
-0.306583 0.634078
-0.444416 0.633924
0.476723 0.633796
0.415191 0.633742
0.234090 0.633670
0.267218 0.633589
0.415455 0.633552
-0.257508 0.633549
-0.074825 0.633530
-0.374113 0.633429
-0.265071 0.633429
-0.200355 0.633429
-0.427305 0.633429
0.289007 0.633429
0.265071 0.633429
0.085106 0.633429
0.349291 0.633429
0.236702 0.633429
0.032801 0.633429
0.290780 0.633429
-0.424645 0.633429
0.434397 0.633429
-0.463652 0.633429
-0.078901 0.633429
-0.456560 0.633429
-0.204787 0.633429
-0.166673 0.633368
-0.031668 0.633342
-0.164759 0.633302
0.052945 0.633266
0.354610 0.633231
0.290966 0.633222
0.116853 0.633083
0.460115 0.632863
0.181228 0.632781
0.455984 0.632733
0.396277 0.632712
-0.489362 0.632712
-0.359043 0.632712
-0.436170 0.632712
-0.362589 0.632712
0.088652 0.632712
0.473404 0.632712
-0.294326 0.632712
0.286348 0.632712
0.418440 0.632712
-0.007092 0.632712
-0.242021 0.632712
0.446809 0.632712
-0.083333 0.632712
-0.285461 0.632712
0.199468 0.632712
-0.323582 0.632712
-0.469858 0.632712
0.110816 0.632712
0.239362 0.632712
0.194149 0.632712
-0.276596 0.632712
-0.462766 0.632712
0.195922 0.632712
0.194970 0.632649
-0.291594 0.632620
-0.148694 0.632588
-0.482103 0.632586
0.116798 0.632436
0.023653 0.632336
0.294719 0.632334
0.476654 0.632194
-0.208481 0.632129
-0.342796 0.632097
0.286438 0.632022
0.363475 0.631994
-0.172872 0.631994
-0.339539 0.631994
-0.007092 0.631994
0.078014 0.631994
-0.179078 0.631994
-0.167553 0.631994
0.415780 0.631994
0.448582 0.631994
-0.381206 0.631994
0.124113 0.631994
-0.459220 0.631994
-0.268617 0.631994
0.122340 0.631994
-0.255319 0.631994
-0.261525 0.631994
-0.138298 0.631994
0.262411 0.631994
-0.383865 0.631994
-0.247340 0.631994
0.292137 0.631994
0.237189 0.631966
0.392985 0.631890
-0.271026 0.631878
-0.285927 0.631794
-0.163041 0.631791
0.084593 0.631766
0.093343 0.631734
-0.171724 0.631388
0.470863 0.631344
-0.427305 0.631277
-0.140957 0.631277
0.413121 0.631277
0.290780 0.631277
-0.343085 0.631277
-0.361702 0.631277
0.476064 0.631277
0.364362 0.631277
-0.061170 0.631277
-0.368794 0.631277
-0.421986 0.631277
-0.424645 0.631277
0.250887 0.631277
-0.349291 0.631277
-0.365248 0.631277
0.232270 0.631277
0.045213 0.631277
-0.260638 0.631277
0.183511 0.631277
-0.327128 0.631277
0.459220 0.631277
-0.105496 0.631277
-0.329787 0.631277
-0.118794 0.631277
-0.285019 0.631259
-0.010732 0.631218
-0.171880 0.631194
0.447656 0.631167
0.346497 0.631160
-0.166846 0.631129
-0.182407 0.631119
0.097316 0.631071
0.398817 0.630997
0.461142 0.630953
-0.078318 0.630757
-0.390733 0.630732
0.057554 0.630721
-0.018726 0.630657
-0.366135 0.630560
0.288121 0.630560
0.217199 0.630560
0.390071 0.630560
0.242908 0.630560
0.082447 0.630560
-0.362589 0.630560
-0.450355 0.630560
0.299645 0.630560
0.141844 0.630560
0.097518 0.630560
-0.011364 0.630513
-0.139625 0.630435
-0.137017 0.630423
0.069349 0.630354
-0.281379 0.630351
0.493955 0.630164
0.329458 0.630022
-0.370607 0.629931
-0.445568 0.629862
0.475732 0.629859
0.144344 0.629850
0.423003 0.629845
0.356383 0.629842
0.085993 0.629842
0.074468 0.629842
0.065603 0.629842
-0.286348 0.629842
-0.040780 0.629842
0.431738 0.629842
-0.277482 0.629842
0.285461 0.629842
0.079787 0.629842
-0.003546 0.629842
-0.335106 0.629842
0.468085 0.629842
-0.363475 0.629842
0.288121 0.629842
-0.176418 0.629842
0.087766 0.629842
-0.170213 0.629842
0.056738 0.629842
-0.269504 0.629842
-0.182624 0.629842
-0.301418 0.629842
-0.375887 0.629842
0.478723 0.629842
0.134752 0.629842
0.130319 0.629842
-0.445469 0.629783
0.215690 0.629768
-0.134292 0.629663
-0.276232 0.629650
-0.029046 0.629560
0.052523 0.629486
-0.390104 0.629460
0.403617 0.629347
0.487445 0.629280
-0.046986 0.629125
0.285461 0.629125
0.404255 0.629125
0.497340 0.629125
0.484929 0.629125
0.457447 0.629125
0.428191 0.629125
-0.338652 0.629125
0.357270 0.629125
-0.442376 0.629125
-0.151596 0.629125
0.232644 0.629056
-0.279022 0.628952
-0.344293 0.628901
-0.367133 0.628852
-0.219819 0.628750
0.388338 0.628650
-0.156503 0.628648
0.470668 0.628469
-0.341730 0.628455
0.292126 0.628451
-0.382979 0.628407
0.491135 0.628407
0.234043 0.628407
0.331560 0.628407
-0.385638 0.628407
-0.462766 0.628407
-0.342199 0.628407
0.120567 0.628407
0.492908 0.628407
0.299645 0.628407
0.021277 0.628407
-0.014184 0.628407
-0.053191 0.628407
0.494681 0.628407
0.441489 0.628407
0.358156 0.628407
0.091312 0.628407
-0.388298 0.628407
0.285461 0.628407
-0.004939 0.628334
-0.208176 0.628320
-0.446152 0.628281
-0.082314 0.628260
0.092105 0.628212
0.131965 0.628083
-0.318337 0.628045
0.220609 0.628042
-0.341312 0.627995
-0.471239 0.627951
-0.297319 0.627936
0.167128 0.627869
0.003844 0.627805
0.203960 0.627800
-0.416483 0.627740
0.285263 0.627730
0.007320 0.627693
-0.433511 0.627690
0.109043 0.627690
0.076241 0.627690
0.020390 0.627690
-0.459220 0.627690
-0.468972 0.627690
0.236702 0.627690
0.495567 0.627690
-0.008865 0.627690
0.218972 0.627690
-0.293440 0.627690
-0.416667 0.627690
0.290900 0.627578
0.286316 0.627574
-0.244312 0.627513
-0.363164 0.627460
0.002644 0.627195
0.242063 0.627087
0.496969 0.627050
-0.065664 0.627044
0.304821 0.627006
0.203901 0.626973
0.277482 0.626973
0.051418 0.626973
0.462766 0.626973
-0.234043 0.626973
-0.308511 0.626973
0.083333 0.626973
-0.332447 0.626973
-0.039894 0.626973
-0.278369 0.626973
-0.455674 0.626973
-0.226064 0.626973
0.019504 0.626973
-0.317376 0.626973
0.239362 0.626973
-0.262411 0.626973
-0.270390 0.626973
-0.475177 0.626973
-0.312943 0.626973
0.196809 0.626973
0.200355 0.626973
-0.095745 0.626973
-0.374113 0.626973
0.292553 0.626973
0.320035 0.626973
0.085106 0.626973
-0.218085 0.626973
0.086879 0.626973
0.384752 0.626973
0.154255 0.626973
-0.379108 0.626969
-0.381820 0.626876
0.278141 0.626847
-0.462370 0.626810
0.236971 0.626746
0.424743 0.626732
0.496467 0.626687
0.462679 0.626489
-0.276086 0.626486
0.069374 0.626471
0.298312 0.626452
0.132462 0.626344
0.495189 0.626317
0.363030 0.626307
0.406741 0.626305
0.124408 0.626300
0.126773 0.626255
0.277482 0.626255
-0.234043 0.626255
-0.354610 0.626255
-0.261525 0.626255
-0.369681 0.626255
-0.239362 0.626255
-0.191489 0.626255
-0.029255 0.626255
0.001773 0.626255
-0.372340 0.626255
0.423759 0.626255
-0.335993 0.626255
0.164007 0.626255
-0.062943 0.626255
-0.216312 0.626255
-0.065603 0.626255
0.080674 0.626255
0.033688 0.626255
-0.226064 0.626255
0.350177 0.626255
0.234929 0.626255
-0.046099 0.626255
-0.096631 0.626255
0.466714 0.626233
0.128815 0.626227
0.248898 0.626078
0.068287 0.626044
-0.002964 0.625976
0.475730 0.625962
-0.374076 0.625809
-0.322871 0.625699
0.094973 0.625633
-0.389598 0.625550
0.406028 0.625538
0.421099 0.625538
-0.214539 0.625538
-0.005319 0.625538
-0.252660 0.625538
0.351064 0.625538
-0.234043 0.625538
0.308511 0.625538
0.450355 0.625538
-0.260638 0.625538
-0.004433 0.625538
-0.239362 0.625538
-0.320922 0.625538
0.071809 0.625538
-0.392730 0.625538
0.062943 0.625538
0.337766 0.625538
-0.447695 0.625538
-0.381206 0.625538
0.090426 0.625538
-0.244681 0.625538
0.479610 0.625538
-0.367021 0.625538
0.126773 0.625538
0.237589 0.625538
0.078014 0.625538
0.289894 0.625538
-0.003634 0.625363
-0.148282 0.625263
0.085111 0.625204
-0.328610 0.625201
-0.269392 0.625175
-0.132299 0.625157
0.022849 0.625084
-0.256559 0.625036
0.339094 0.624995
-0.403892 0.624971
-0.019155 0.624928
-0.357270 0.624821
0.497340 0.624821
-0.421986 0.624821
-0.424645 0.624821
-0.430851 0.624821
0.238475 0.624821
-0.278369 0.624821
-0.270390 0.624821
-0.300532 0.624821
0.438830 0.624821
-0.285461 0.624821
-0.483156 0.624821
-0.154255 0.624821
0.242908 0.624821
0.460993 0.624821
0.329787 0.624821
0.485816 0.624821
0.013298 0.624821
-0.497340 0.624821
0.470745 0.624821
0.123722 0.624739
0.435223 0.624736
-0.242051 0.624658
0.024518 0.624652
-0.248825 0.624473
-0.133882 0.624466
-0.392283 0.624429
0.242597 0.624394
0.003958 0.624333
0.084054 0.624327
-0.491262 0.624229
0.024703 0.624133
0.326241 0.624103
-0.358156 0.624103
-0.390071 0.624103
-0.386525 0.624103
-0.383865 0.624103
-0.364362 0.624103
0.169326 0.624103
-0.439716 0.624103
-0.155142 0.624103
0.235816 0.624103
-0.329787 0.624103
0.301418 0.624103
-0.324468 0.624103
0.132979 0.624103
-0.327128 0.624103
0.269504 0.624103
0.046099 0.624103
0.093972 0.624103
-0.207447 0.624103
-0.039007 0.624103
-0.090426 0.624103
-0.136525 0.624103
-0.411348 0.624103
-0.255412 0.624035
0.306295 0.624020
-0.237039 0.624014
-0.052105 0.623927
0.236617 0.623770
0.037523 0.623747
0.086870 0.623684
-0.444592 0.623543
-0.226665 0.623482
0.436620 0.623478
0.088880 0.623459
0.311454 0.623432
-0.347518 0.623386
-0.460993 0.623386
0.473404 0.623386
-0.054965 0.623386
0.283688 0.623386
0.334220 0.623386
0.118794 0.623386
-0.053191 0.623386
-0.139184 0.623386
-0.404255 0.623386
0.073582 0.623386
-0.028369 0.623386
0.257979 0.623386
0.236702 0.623386
-0.156915 0.623386
0.132979 0.623386
-0.002747 0.623288
-0.410934 0.623213
-0.448800 0.623210
0.199637 0.623208
0.322096 0.623137
-0.159490 0.623107
0.194911 0.623055
-0.242012 0.623041
-0.157100 0.622964
-0.241828 0.622949
0.420104 0.622874
-0.195447 0.622738
0.426553 0.622729
0.242021 0.622669
0.459220 0.622669
-0.141844 0.622669
0.007092 0.622669
-0.292553 0.622669
-0.467199 0.622669
0.314716 0.622669
0.132979 0.622669
-0.017730 0.622669
-0.457447 0.622669
-0.200355 0.622669
-0.285461 0.622669
-0.223404 0.622669
-0.397163 0.622669
-0.278369 0.622669
0.237589 0.622669
0.246454 0.622669
0.022163 0.622669
-0.185284 0.622669
-0.491135 0.622669
0.294326 0.622669
-0.250887 0.622669
-0.379433 0.622669
-0.258865 0.622669
0.309397 0.622669
0.343972 0.622669
0.176418 0.622669
-0.281299 0.622629
-0.188060 0.622607
0.242202 0.622578
-0.387297 0.622559
0.470302 0.622540
-0.319232 0.622476
0.353010 0.622475
0.352626 0.622463
-0.188597 0.622459
0.058520 0.622431
0.289615 0.622408
0.248673 0.622384
0.200068 0.622356
-0.005828 0.622219
0.312252 0.622214
0.128388 0.622188
-0.413686 0.622177
-0.385456 0.622177
0.441489 0.621951
-0.231383 0.621951
0.021277 0.621951
-0.012411 0.621951
0.375000 0.621951
-0.236702 0.621951
0.465426 0.621951
-0.377660 0.621951
0.307624 0.621951
0.000887 0.621951
-0.183511 0.621951
-0.449753 0.621929
-0.008503 0.621916
-0.376494 0.621757
-0.182211 0.621687
-0.461859 0.621682
0.304813 0.621631
-0.016906 0.621548
-0.008030 0.621440
-0.394504 0.621234
-0.382092 0.621234
-0.449468 0.621234
-0.373227 0.621234
0.069149 0.621234
0.090426 0.621234
-0.005319 0.621234
0.275709 0.621234
0.203901 0.621234
0.105496 0.621234
-0.375887 0.621234
-0.370567 0.621234
-0.437057 0.621234
-0.159574 0.621234
-0.176418 0.621234
0.328014 0.621234
0.236702 0.621234
-0.416667 0.621234
0.436170 0.621234
0.020390 0.621234
0.480496 0.621234
-0.007092 0.621234
0.200355 0.621234
0.024823 0.621234
-0.170213 0.621234
0.258865 0.621234
-0.006206 0.621234
-0.410461 0.621234
-0.217199 0.621234
-0.046099 0.621234
0.057624 0.621234
0.015530 0.621129
0.005009 0.621112
0.050126 0.621066
0.019984 0.620927
-0.005593 0.620629
-0.407442 0.620540
0.418440 0.620516
0.125000 0.620516
0.300532 0.620516
0.242021 0.620516
0.237589 0.620516
-0.011525 0.620516
0.432624 0.620516
0.288121 0.620516
0.247340 0.620516
0.340426 0.620516
-0.380319 0.620516
0.324468 0.620516
-0.403369 0.620516
-0.215426 0.620516
-0.467199 0.620516
0.349291 0.620516
-0.213652 0.620516
0.145390 0.620516
-0.361132 0.620471
-0.045630 0.620280
-0.180166 0.620185
-0.257966 0.620161
-0.197745 0.620125
0.208693 0.620036
0.221712 0.620027
-0.094161 0.620016
0.068804 0.620002
0.244551 0.619970
-0.081266 0.619850
-0.006206 0.619799
-0.005319 0.619799
0.332447 0.619799
-0.083333 0.619799
0.398936 0.619799
0.003546 0.619799
0.220745 0.619799
-0.388298 0.619799
-0.257092 0.619799
0.145390 0.619799
-0.367908 0.619799
0.310284 0.619799
0.429078 0.619799
0.463652 0.619799
-0.384752 0.619799
-0.391844 0.619799
0.320922 0.619799
0.315603 0.619799
0.195035 0.619799
0.093972 0.619799
0.095745 0.619799
0.440525 0.619763
0.134528 0.619675
-0.208924 0.619462
0.127964 0.619354
-0.357066 0.619210
-0.191571 0.619156
0.437159 0.619091
-0.206560 0.619082
0.450355 0.619082
0.368794 0.619082
-0.002660 0.619082
0.436170 0.619082
0.474291 0.619082
0.244681 0.619082
-0.481383 0.619082
0.308511 0.619082
0.014184 0.619082
-0.194149 0.619082
0.205674 0.619082
-0.262411 0.619082
0.412234 0.619082
-0.087766 0.619082
-0.449468 0.619082
-0.414007 0.619082
0.037234 0.619082
-0.131206 0.619082
0.097326 0.619072
0.435907 0.619041
-0.495261 0.618989
-0.413710 0.618967
-0.218988 0.618953
0.401896 0.618951
-0.366364 0.618825
-0.497351 0.618772
-0.186794 0.618711
-0.385782 0.618602
0.245519 0.618539
-0.045186 0.618501
-0.415237 0.618377
0.330674 0.618364
-0.133865 0.618364
0.281915 0.618364
-0.054965 0.618364
-0.428191 0.618364
0.432624 0.618364
0.085106 0.618364
0.438830 0.618364
0.189716 0.618364
-0.144504 0.618364
-0.409574 0.618364
-0.359043 0.618364
0.083333 0.618364
-0.459220 0.618364
0.237589 0.618364
-0.352837 0.618364
-0.400709 0.618364
-0.421986 0.618364
-0.261525 0.618364
0.248227 0.618364
-0.056738 0.618364
-0.365248 0.618364
0.306738 0.618364
-0.303191 0.618364
-0.005319 0.618364
-0.053191 0.618364
0.336879 0.618364
0.117021 0.618364
-0.434397 0.618364
-0.228723 0.618364
0.052305 0.618364
0.024096 0.618225
0.437686 0.618163
-0.364180 0.618060
0.437541 0.617998
-0.009640 0.617958
0.473076 0.617930
-0.467979 0.617905
0.292169 0.617827
0.322705 0.617826
-0.417930 0.617797
0.308282 0.617793
0.292053 0.617658
-0.002660 0.617647
-0.198582 0.617647
-0.498227 0.617647
0.494681 0.617647
0.492908 0.617647
0.221631 0.617647
-0.335993 0.617647
-0.046099 0.617647
0.260638 0.617647
0.080674 0.617647
0.342199 0.617647
-0.197695 0.617647
0.044326 0.617647
0.479610 0.617647
0.221514 0.617491
-0.329991 0.617418
0.095539 0.617346
-0.375705 0.617253
-0.163251 0.617227
0.245567 0.616930
-0.222518 0.616930
0.107270 0.616930
-0.270390 0.616930
0.000000 0.616930
0.335106 0.616930
-0.437943 0.616930
0.063830 0.616930
0.468085 0.616930
0.240248 0.616930
0.130319 0.616930
-0.489362 0.616930
0.157801 0.616930
0.436170 0.616930
-0.398050 0.616930
0.133865 0.616930
0.023050 0.616930
-0.368796 0.616922
-0.012217 0.616920
-0.490032 0.616871
0.295234 0.616700
-0.044210 0.616424
0.243156 0.616364
-0.102812 0.616257
-0.367908 0.616212
-0.459220 0.616212
0.296986 0.616212
0.022163 0.616212
0.398936 0.616212
-0.295213 0.616212
-0.370567 0.616212
0.010638 0.616212
0.438830 0.616212
-0.419326 0.616212
-0.406915 0.616212
-0.413121 0.616212
0.480496 0.616212
-0.337013 0.616195
-0.301943 0.616156
0.002886 0.616100
0.206028 0.616093
0.113251 0.616032
-0.195719 0.615964
0.081318 0.615924
-0.420552 0.615800
-0.189655 0.615789
-0.285633 0.615775
-0.430315 0.615723
0.486050 0.615526
0.097518 0.615495
0.095745 0.615495
-0.259752 0.615495
-0.290780 0.615495
0.203901 0.615495
-0.212766 0.615495
0.441489 0.615495
0.076241 0.615495
0.473404 0.615495
0.025709 0.615495
0.093972 0.615495
-0.216312 0.615495
-0.097518 0.615495
0.333333 0.615495
-0.329787 0.615495
0.328901 0.615495
0.021277 0.615495
0.262411 0.615495
-0.327128 0.615495
0.242908 0.615495
-0.187943 0.615495
0.338652 0.615495
-0.214539 0.615495
0.496454 0.615495
-0.283688 0.615495
0.272163 0.615495
0.253061 0.615385
-0.144296 0.615320
0.235451 0.614905
-0.053158 0.614873
0.024854 0.614823
0.027281 0.614802
0.389286 0.614794
-0.054965 0.614778
-0.365248 0.614778
0.222518 0.614778
0.240248 0.614778
-0.053191 0.614778
0.163121 0.614778
-0.098404 0.614778
-0.186170 0.614778
0.122340 0.614778
0.325355 0.614778
0.024823 0.614778
0.250000 0.614778
-0.359043 0.614778
0.389184 0.614778
0.426418 0.614778
-0.097518 0.614778
-0.228759 0.614692
-0.199174 0.614660
-0.148416 0.614560
0.334797 0.614555
0.173813 0.614541
0.254001 0.614478
-0.422386 0.614469
-0.432744 0.614468
-0.257112 0.614144
-0.126607 0.614094
0.469858 0.614060
0.146277 0.614060
0.198582 0.614060
-0.136525 0.614060
0.303191 0.614060
-0.429078 0.614060
-0.098404 0.614060
-0.416667 0.614060
-0.204787 0.614060
-0.435284 0.614060
0.290780 0.614060
-0.191489 0.614060
-0.125887 0.614060
-0.099291 0.614060
-0.459220 0.614060
-0.184397 0.614060
-0.044326 0.614060
0.028369 0.614060
0.478723 0.614060
-0.147163 0.614060
0.487589 0.614060
0.457447 0.614060
-0.097518 0.614060
0.336879 0.614060
-0.404255 0.614060
-0.112589 0.614060
0.066975 0.613972
-0.021987 0.613882
0.112733 0.613869
0.337544 0.613811
0.243667 0.613627
-0.340041 0.613572
-0.416020 0.613563
0.200544 0.613518
-0.289046 0.613493
0.405142 0.613343
-0.409574 0.613343
-0.148050 0.613343
0.429965 0.613343
0.205674 0.613343
0.247340 0.613343
0.242908 0.613343
-0.189716 0.613343
-0.177305 0.613343
-0.493794 0.613343
0.340107 0.613245
-0.181295 0.613171
-0.003980 0.613150
-0.470049 0.613120
-0.049095 0.613041
-0.213450 0.613018
-0.218066 0.612963
-0.168885 0.612846
-0.078388 0.612841
-0.413781 0.612762
-0.221163 0.612636
-0.390071 0.612626
-0.386525 0.612626
0.393617 0.612626
0.278369 0.612626
-0.341312 0.612626
0.331560 0.612626
-0.170213 0.612626
0.398936 0.612626
-0.195922 0.612626
-0.312943 0.612626
-0.473404 0.612626
0.340426 0.612626
0.035461 0.612626
-0.031028 0.612626
0.475177 0.612626
0.088652 0.612626
-0.159574 0.612626
-0.196809 0.612626
-0.015957 0.612626
0.058511 0.612626
-0.148936 0.612626
0.193262 0.612626
-0.195035 0.612626
0.432624 0.612626
0.168440 0.612626
-0.248227 0.612626
-0.317376 0.612626
0.479610 0.612626
-0.198832 0.612605
-0.172398 0.612470
0.051136 0.612381
-0.135266 0.612300
-0.076814 0.612272
-0.191490 0.612205
0.045074 0.612140
-0.315995 0.612139
0.036089 0.612059
-0.354403 0.611975
-0.074468 0.611908
0.116135 0.611908
0.110816 0.611908
0.359929 0.611908
0.050532 0.611908
-0.020390 0.611908
-0.447695 0.611908
-0.051314 0.611893
0.200423 0.611851
0.082306 0.611762
0.261501 0.611750
0.150799 0.611701
-0.180568 0.611614
0.477557 0.611543
-0.192585 0.611539
0.219846 0.611475
0.020277 0.611465
0.200657 0.611402
-0.336329 0.611314
-0.212028 0.611279
-0.413056 0.611193
-0.148050 0.611191
0.471631 0.611191
0.316489 0.611191
0.236702 0.611191
0.207447 0.611191
0.131206 0.611191
0.127660 0.611191
-0.053191 0.611191
-0.487589 0.611191
-0.406915 0.611191
0.321809 0.611191
0.476064 0.611191
0.242908 0.611191
-0.262411 0.611191
0.247340 0.611191
-0.422872 0.611191
0.134752 0.611191
-0.413121 0.611191
0.042553 0.611191
0.461879 0.611191
0.251773 0.611191
0.198582 0.611191
-0.365248 0.611191
0.480496 0.611191
0.187943 0.611191
-0.320922 0.611191
0.335106 0.611191
-0.378546 0.611191
0.070922 0.611191
0.175532 0.611191
0.025609 0.611191
-0.316476 0.611075
-0.188000 0.610997
-0.412873 0.610959
0.161523 0.610869
-0.099168 0.610816
0.316224 0.610775
0.488059 0.610756
0.391558 0.610722
0.461185 0.610699
0.192464 0.610634
0.342583 0.610492
-0.323874 0.610474
0.448582 0.610473
0.100177 0.610473
-0.009752 0.610473
-0.094858 0.610473
-0.099291 0.610473
-0.113475 0.610473
0.051418 0.610473
0.314716 0.610473
0.098404 0.610473
0.101064 0.610473
-0.100177 0.610473
-0.382979 0.610473
-0.148936 0.610473
-0.159574 0.610473
0.275447 0.610401
0.193398 0.610365
-0.048782 0.610347
0.399193 0.610336
0.253958 0.610298
-0.253146 0.610289
0.157493 0.610245
-0.211060 0.610211
0.172216 0.610155
0.260369 0.610044
-0.325283 0.609957
-0.254433 0.609756
-0.275709 0.609756
0.043440 0.609756
-0.210106 0.609756
0.286348 0.609756
-0.007092 0.609756
0.083333 0.609756
0.379433 0.609756
-0.297872 0.609756
-0.436170 0.609756
0.423759 0.609756
0.329787 0.609756
0.405142 0.609756
-0.094858 0.609756
-0.211879 0.609756
0.299645 0.609756
0.153369 0.609756
-0.058511 0.609756
0.193262 0.609756
-0.396277 0.609756
0.182624 0.609756
0.040452 0.609346
-0.195276 0.609325
-0.209596 0.609234
-0.126173 0.609050
-0.293440 0.609039
0.487589 0.609039
-0.240248 0.609039
0.253546 0.609039
-0.060284 0.609039
0.200355 0.609039
0.024823 0.609039
-0.004433 0.609039
-0.420213 0.609039
0.393617 0.609039
-0.457447 0.609039
-0.140230 0.608999
-0.350157 0.608981
-0.287482 0.608948
0.329840 0.608918
0.405729 0.608902
0.097166 0.608761
0.490444 0.608561
0.120899 0.608342
0.121454 0.608321
0.044326 0.608321
-0.289007 0.608321
0.417553 0.608321
-0.351950 0.608321
-0.409574 0.608321
0.497340 0.608321
0.163121 0.608321
0.463652 0.608321
-0.148936 0.608321
0.187943 0.608321
0.028369 0.608321
-0.212766 0.608321
0.032801 0.608321
-0.202128 0.608321
0.311527 0.608317
0.404872 0.608308
0.191346 0.608250
-0.112541 0.608084
-0.126524 0.607897
0.446271 0.607847
0.135728 0.607781
-0.145272 0.607763
-0.014856 0.607665
0.383865 0.607604
0.221631 0.607604
-0.492021 0.607604
0.239362 0.607604
0.093085 0.607604
-0.051418 0.607604
-0.179965 0.607604
0.255411 0.607598
0.137258 0.607597
-0.496390 0.607559
-0.461568 0.607482
0.282735 0.607406
0.422851 0.607381
0.294649 0.607120
-0.181638 0.607067
0.053016 0.607041
-0.202661 0.607004
0.159687 0.606915
0.411348 0.606887
0.193262 0.606887
0.274823 0.606887
0.255319 0.606887
-0.445922 0.606887
-0.132092 0.606887
0.469858 0.606887
0.474291 0.606887
0.039894 0.606887
-0.329787 0.606887
0.494681 0.606887
-0.458333 0.606887
0.141844 0.606887
-0.429965 0.606887
-0.101064 0.606887
0.265071 0.606887
-0.226950 0.606887
-0.142730 0.606887
-0.172872 0.606887
-0.185284 0.606887
0.181674 0.606806
0.176717 0.606632
0.039725 0.606606
-0.007145 0.606541
0.156707 0.606370
-0.055070 0.606259
-0.206422 0.606195
0.335106 0.606169
-0.373227 0.606169
-0.398050 0.606169
-0.416667 0.606169
-0.260638 0.606169
-0.096631 0.606169
-0.275709 0.606169
0.326241 0.606169
-0.056738 0.606169
0.311170 0.606169
0.447695 0.606169
0.168440 0.606169
-0.359150 0.606080
-0.204431 0.606036
0.265260 0.605885
-0.259876 0.605716
0.274156 0.605694
0.045018 0.605633
0.190630 0.605591
-0.199665 0.605587
0.106406 0.605510
-0.220745 0.605452
-0.388298 0.605452
0.040780 0.605452
-0.293440 0.605452
-0.257092 0.605452
0.388298 0.605452
0.102837 0.605452
0.295213 0.605452
0.104610 0.605452
0.109929 0.605452
-0.234929 0.605452
-0.119681 0.605452
0.103723 0.605452
0.455674 0.605452
0.056738 0.605452
0.184397 0.605452
-0.459220 0.605452
0.398936 0.605452
0.245567 0.605452
-0.092199 0.605452
0.115248 0.605452
-0.125000 0.605452
0.250000 0.605452
-0.396476 0.605347
0.350500 0.605307
-0.384851 0.605302
0.110499 0.605255
-0.495625 0.605224
-0.263055 0.605116
0.261912 0.604837
0.004433 0.604735
-0.289007 0.604735
0.130319 0.604735
-0.358156 0.604735
0.482270 0.604735
-0.441489 0.604735
0.418440 0.604735
0.175532 0.604735
-0.431738 0.604735
0.295213 0.604735
0.133865 0.604735
0.329787 0.604735
0.056560 0.604640
0.489476 0.604593
-0.297603 0.604570
0.462102 0.604550
0.262949 0.604522
0.128715 0.604465
0.039734 0.604377
-0.026052 0.604277
0.115632 0.604139
0.129017 0.604064
0.282801 0.604017
-0.423759 0.604017
0.480496 0.604017
0.015071 0.604017
-0.049645 0.604017
-0.496454 0.604017
-0.207447 0.604017
0.235816 0.604017
-0.143617 0.604017
-0.437943 0.604017
-0.473404 0.604017
-0.307624 0.604017
0.189716 0.604017
-0.455674 0.604017
0.351064 0.604017
0.461879 0.604017
0.139184 0.604017
0.337217 0.604002
0.407593 0.603953
-0.418621 0.603873
-0.294203 0.603856
0.251839 0.603770
0.329868 0.603432
-0.249246 0.603422
0.445481 0.603376
-0.061688 0.603338
0.123227 0.603300
-0.384752 0.603300
0.049645 0.603300
0.282801 0.603300
0.061170 0.603300
0.350177 0.603300
0.412234 0.603300
0.092199 0.603300
-0.400709 0.603300
0.251773 0.603300
-0.439051 0.603296
-0.127696 0.603262
0.190371 0.603237
0.416650 0.603092
0.167950 0.603086
0.192705 0.602914
-0.198675 0.602868
-0.323582 0.602582
0.032801 0.602582
-0.036348 0.602582
0.489362 0.602582
0.322695 0.602582
-0.054965 0.602582
0.405142 0.602582
-0.488475 0.602582
-0.208333 0.602582
0.148936 0.602582
0.445922 0.602582
0.468085 0.602582
-0.014184 0.602582
-0.340426 0.602582
0.028369 0.602582
0.370567 0.602582
-0.078014 0.602582
0.037234 0.602582
0.388833 0.602523
-0.030361 0.602291
-0.459657 0.602278
0.115202 0.602136
-0.434860 0.602008
0.041172 0.601924
0.256206 0.601865
0.490248 0.601865
0.257092 0.601865
-0.107270 0.601865
0.266844 0.601865
-0.366135 0.601865
-0.018617 0.601865
-0.198582 0.601865
-0.451241 0.601865
0.073582 0.601865
-0.011525 0.601865
-0.263298 0.601865
-0.197695 0.601865
0.393617 0.601865
0.242021 0.601865
-0.390071 0.601865
-0.425532 0.601865
0.346631 0.601865
-0.456560 0.601865
-0.389752 0.601821
-0.204193 0.601774
-0.317628 0.601734
-0.256292 0.601669
0.387923 0.601575
0.244626 0.601446
-0.244708 0.601392
-0.295211 0.601360
-0.176412 0.601177
0.102837 0.601148
-0.326241 0.601148
0.108156 0.601148
-0.413121 0.601148
0.454787 0.601148
0.101950 0.601148
-0.148936 0.601148
0.158688 0.601148
-0.289007 0.601148
-0.258865 0.601148
-0.175532 0.601148
0.290780 0.601148
-0.060284 0.601148
-0.023050 0.601148
-0.381206 0.601148
0.326241 0.601148
0.186170 0.601148
-0.209220 0.601148
-0.008865 0.601148
-0.184652 0.601096
-0.021533 0.601089
0.450845 0.601008
-0.440704 0.600767
-0.187805 0.600679
0.035858 0.600674
-0.046184 0.600571
-0.099790 0.600528
0.278764 0.600503
0.189716 0.600430
0.117021 0.600430
0.177305 0.600430
-0.255319 0.600430
0.301418 0.600430
-0.062057 0.600430
-0.296986 0.600430
-0.166667 0.600430
0.046099 0.600430
0.290780 0.600430
0.148952 0.600306
0.139714 0.600289
0.097109 0.600267
-0.386471 0.600087
-0.500334 0.599859
-0.402897 0.599828
0.189620 0.599809
-0.063830 0.599713
0.028369 0.599713
0.474291 0.599713
-0.427305 0.599713
0.248227 0.599713
-0.138298 0.599713
0.460993 0.599713
0.329787 0.599713
-0.457447 0.599713
0.413121 0.599713
0.216312 0.599713
-0.054965 0.599713
0.032801 0.599713
0.168440 0.599713
0.290780 0.599713
-0.251773 0.599713
-0.446809 0.599713
-0.481383 0.599713
0.146277 0.599713
-0.452128 0.599713
0.377660 0.599713
0.380319 0.599713
-0.257979 0.599713
-0.386525 0.599713
0.374113 0.599713
0.437057 0.599713
-0.446576 0.599673
-0.441779 0.599659
0.029068 0.599657
-0.452097 0.599636
-0.431759 0.599332
0.157804 0.599193
0.375249 0.599003
-0.443262 0.598996
-0.433511 0.598996
-0.039894 0.598996
-0.254433 0.598996
-0.492908 0.598996
-0.420213 0.598996
-0.445922 0.598996
0.406028 0.598996
0.211879 0.598996
0.375877 0.598585
-0.310020 0.598580
-0.422669 0.598359
-0.156028 0.598278
-0.453014 0.598278
-0.458333 0.598278
0.252660 0.598278
-0.404255 0.598278
0.204787 0.598278
-0.131206 0.598278
0.132979 0.598278
0.484043 0.598278
-0.439716 0.598278
0.054965 0.598278
-0.217199 0.598278
-0.445035 0.598278
-0.079787 0.598278
-0.351064 0.598278
-0.257092 0.598278
-0.317376 0.598278
-0.103723 0.598278
0.271277 0.598278
-0.391844 0.598278
-0.060284 0.598278
0.398936 0.598278
-0.442376 0.598278
-0.432641 0.598252
0.098072 0.598244
-0.002910 0.598201
0.102574 0.598194
0.379519 0.598097
0.376004 0.598027
0.469104 0.597927
-0.129958 0.597880
-0.133846 0.597802
-0.011544 0.597764
0.123080 0.597750
0.248666 0.597742
-0.436531 0.597739
0.385171 0.597727
0.140720 0.597661
-0.062057 0.597561
0.484929 0.597561
0.138298 0.597561
0.421986 0.597561
-0.452128 0.597561
0.482270 0.597561
-0.203901 0.597561
-0.026596 0.597561
0.388298 0.597561
-0.099291 0.597561
0.018617 0.597561
0.235816 0.597561
0.186170 0.597561
0.384752 0.597561
-0.057687 0.597501
-0.340206 0.597454
0.436662 0.597302
-0.318463 0.597289
0.405856 0.597275
0.141279 0.597009
-0.058823 0.596951
0.097633 0.596909
-0.458004 0.596897
0.419001 0.596884
0.258865 0.596844
-0.124113 0.596844
0.028369 0.596844
0.257092 0.596844
0.483156 0.596844
-0.421986 0.596844
0.143617 0.596844
0.480496 0.596844
-0.320035 0.596844
0.101064 0.596844
-0.113475 0.596844
0.257979 0.596844
-0.143617 0.596844
0.485816 0.596844
0.177305 0.596844
-0.118794 0.596844
-0.459220 0.596844
-0.250000 0.596844
0.125887 0.596844
-0.336879 0.596844
0.453901 0.596844
-0.045213 0.596844
-0.374113 0.596844
0.312943 0.596844
-0.497340 0.596844
-0.209220 0.596844
0.000000 0.596844
-0.276596 0.596844
-0.009752 0.596844
-0.261525 0.596844
0.486407 0.596840
-0.009693 0.596811
-0.447554 0.596786
0.262619 0.596766
0.078154 0.596718
0.018300 0.596684
-0.449701 0.596672
-0.252966 0.596583
0.451107 0.596573
-0.296300 0.596551
-0.117317 0.596489
-0.077439 0.596483
0.243378 0.596458
0.248128 0.596403
-0.044846 0.596391
0.259766 0.596356
-0.117877 0.596294
0.484820 0.596278
0.187363 0.596238
0.248506 0.596232
0.426437 0.596177
-0.246454 0.596126
-0.046099 0.596126
0.197695 0.596126
0.109929 0.596126
-0.252660 0.596126
0.059397 0.596126
0.230496 0.596126
0.079787 0.596126
-0.007092 0.596126
-0.187943 0.596126
-0.208333 0.596126
-0.204787 0.596126
-0.292553 0.596126
0.147163 0.596126
-0.449378 0.596101
-0.394855 0.596100
-0.060665 0.596089
-0.219828 0.596015
0.143477 0.595926
0.243197 0.595803
0.361702 0.595409
0.153369 0.595409
-0.065603 0.595409
-0.260638 0.595409
-0.359043 0.595409
0.296986 0.595409
-0.225177 0.595409
0.242021 0.595409
0.118794 0.595409
0.326241 0.595409
-0.322695 0.595409
-0.060284 0.595409
0.341312 0.595409
-0.380319 0.595409
-0.171986 0.595409
-0.021702 0.595362
0.199070 0.595359
0.145828 0.595354
-0.290382 0.595347
0.145941 0.595254
-0.357106 0.594956
0.253546 0.594692
0.495567 0.594692
-0.306738 0.594692
0.279255 0.594692
0.360816 0.594692
-0.131206 0.594692
-0.169326 0.594692
0.018617 0.594692
0.405326 0.594495
0.389975 0.594399
-0.421733 0.594392
0.330643 0.594252
0.369858 0.594215
0.214961 0.594194
-0.190269 0.594024
-0.237513 0.594000
0.063830 0.593974
-0.217199 0.593974
0.186170 0.593974
-0.416667 0.593974
-0.233156 0.593974
0.393617 0.593974
-0.148936 0.593974
-0.248227 0.593974
0.329787 0.593974
0.359929 0.593974
0.139184 0.593974
-0.257092 0.593974
-0.489362 0.593974
-0.385638 0.593974
0.163121 0.593974
-0.030142 0.593974
-0.036286 0.593956
0.263376 0.593859
-0.315511 0.593808
-0.031848 0.593760
-0.190254 0.593723
-0.250110 0.593453
0.255846 0.593423
-0.040976 0.593412
-0.254710 0.593397
-0.283525 0.593321
0.260638 0.593257
0.263298 0.593257
-0.124113 0.593257
0.257979 0.593257
-0.244681 0.593257
0.452128 0.593257
0.460993 0.593257
0.258865 0.593257
-0.118794 0.593257
-0.109929 0.593257
-0.395390 0.593257
-0.063830 0.593257
0.144504 0.593257
0.289894 0.593257
0.454922 0.592983
0.060526 0.592974
-0.144788 0.592921
-0.283857 0.592909
-0.140468 0.592873
0.262630 0.592671
-0.496143 0.592662
-0.218405 0.592655
0.024823 0.592539
0.101064 0.592539
-0.132979 0.592539
-0.287234 0.592539
-0.226950 0.592539
-0.209220 0.592539
0.008865 0.592539
-0.367021 0.592539
0.365248 0.592539
-0.467199 0.592539
0.416667 0.592539
-0.264184 0.592539
-0.016844 0.592539
0.322695 0.592539
0.356383 0.592539
-0.241135 0.592539
0.337766 0.592539
-0.056787 0.592296
-0.373116 0.592253
-0.062179 0.592172
0.270199 0.592145
0.313776 0.592009
-0.062332 0.591969
-0.443575 0.591875
0.360359 0.591854
-0.318509 0.591852
-0.312057 0.591822
0.129433 0.591822
-0.429078 0.591822
-0.021277 0.591822
-0.208333 0.591822
0.001773 0.591822
-0.493794 0.591822
-0.500000 0.591822
-0.051418 0.591822
-0.035461 0.591822
-0.185284 0.591822
-0.252660 0.591822
-0.060284 0.591822
0.361702 0.591822
0.413121 0.591822
-0.320035 0.591822
-0.059387 0.591794
-0.480334 0.591566
-0.241413 0.591446
0.194882 0.591372
0.364207 0.591364
-0.170261 0.591358
-0.051658 0.591250
-0.391234 0.591178
0.406028 0.591105
-0.296099 0.591105
0.360816 0.591105
-0.067376 0.591105
-0.373227 0.591105
-0.234929 0.591105
0.352837 0.591105
-0.435284 0.591105
-0.200355 0.591105
-0.005319 0.591105
-0.358156 0.591105
0.303191 0.591105
-0.407801 0.591105
0.235816 0.591105
-0.218972 0.591105
-0.203901 0.591105
-0.482270 0.591105
-0.260638 0.591105
-0.156028 0.591105
-0.207447 0.591105
0.243794 0.591105
0.334135 0.591085
0.387473 0.591047
0.480698 0.590800
0.363346 0.590670
0.483419 0.590609
-0.502651 0.590592
0.488808 0.590507
0.197189 0.590468
-0.257744 0.590399
-0.118643 0.590393
-0.117021 0.590387
-0.322695 0.590387
0.453901 0.590387
0.122340 0.590387
0.107270 0.590387
0.015071 0.590387
-0.415780 0.590387
0.462766 0.590387
-0.264184 0.590387
-0.244681 0.590387
-0.086879 0.590387
-0.363147 0.590234
-0.173704 0.590175
-0.377006 0.590101
-0.206625 0.590081
-0.297432 0.590072
-0.401499 0.590042
0.194149 0.589670
0.088652 0.589670
0.491135 0.589670
-0.410461 0.589670
0.116135 0.589670
-0.031915 0.589670
0.372340 0.589670
0.357270 0.589670
-0.106383 0.589670
0.260638 0.589670
-0.228723 0.589670
-0.063830 0.589670
0.368794 0.589670
-0.241135 0.589670
-0.446809 0.589670
-0.379433 0.589670
0.405142 0.589670
-0.168440 0.589670
0.265071 0.589670
0.258865 0.589670
-0.139184 0.589670
-0.124113 0.589670
0.375887 0.589670
-0.040780 0.589670
-0.257092 0.589670
0.145390 0.589670
0.388298 0.589670
-0.296986 0.589670
0.262411 0.589670
-0.444149 0.589670
0.378546 0.589670
0.267730 0.589670
-0.498227 0.589670
0.450355 0.589670
0.230496 0.589670
0.381206 0.589670
0.384752 0.589670
-0.468823 0.589516
-0.168541 0.589454
0.310696 0.589412
0.237624 0.589345
0.434870 0.589326
0.184788 0.589275
-0.121780 0.589237
-0.258474 0.589194
-0.130148 0.589101
0.235860 0.589090
0.390639 0.589003
0.420419 0.588972
0.484043 0.588953
-0.423759 0.588953
-0.453901 0.588953
0.481383 0.588953
-0.260638 0.588953
0.365248 0.588953
0.151596 0.588953
-0.041667 0.588953
-0.389184 0.588953
-0.346631 0.588953
-0.165780 0.588953
0.296099 0.588953
-0.305809 0.588730
-0.249233 0.588714
0.134081 0.588697
-0.031220 0.588648
0.219860 0.588592
0.492939 0.588569
-0.066199 0.588415
0.196466 0.588369
0.154277 0.588266
0.152880 0.588246
0.070035 0.588235
0.021277 0.588235
0.157801 0.588235
0.225177 0.588235
-0.366135 0.588235
-0.163121 0.588235
-0.051418 0.588235
0.038121 0.588235
-0.301418 0.588235
0.101064 0.588235
0.361702 0.588235
0.329787 0.588235
-0.398936 0.588235
0.349291 0.588235
-0.060284 0.588235
-0.418440 0.588235
-0.274823 0.588235
-0.042553 0.588235
-0.475177 0.588235
-0.264184 0.588235
-0.297872 0.588235
-0.024823 0.588235
-0.234929 0.588235
-0.249113 0.588235
0.278369 0.588235
-0.177305 0.588235
-0.064938 0.588219
-0.038588 0.588022
-0.250170 0.587987
-0.040395 0.587896
-0.048134 0.587537
-0.328927 0.587521
-0.332447 0.587518
-0.488475 0.587518
-0.125887 0.587518
-0.037234 0.587518
0.435284 0.587518
0.468972 0.587518
0.398936 0.587518
-0.290780 0.587518
0.147163 0.587518
0.135638 0.587518
0.220745 0.587518
-0.381119 0.587475
-0.383266 0.587469
-0.234170 0.587344
-0.063637 0.587281
0.231310 0.587137
-0.045208 0.587027
0.223002 0.586884
0.298455 0.586850
0.337766 0.586801
0.153369 0.586801
-0.302305 0.586801
-0.401596 0.586801
0.222518 0.586801
-0.038121 0.586801
-0.113475 0.586801
0.312943 0.586801
-0.201241 0.586801
0.289007 0.586801
-0.012411 0.586801
0.237589 0.586801
-0.122340 0.586801
-0.144504 0.586801
-0.372340 0.586801
0.452128 0.586801
-0.241135 0.586801
-0.197695 0.586801
0.216312 0.586801
-0.414894 0.586801
-0.293440 0.586801
0.188475 0.586737
-0.499766 0.586701
0.342788 0.586682
-0.260493 0.586562
0.390270 0.586541
0.493925 0.586524
-0.135293 0.586456
0.261925 0.586427
-0.038877 0.586377
0.267033 0.586356
-0.233154 0.586211
0.300376 0.586179
-0.102454 0.586156
-0.492224 0.586149
0.218085 0.586083
0.107270 0.586083
-0.409574 0.586083
-0.274823 0.586083
0.209220 0.586083
0.046986 0.586083
0.351950 0.586083
-0.219858 0.586083
0.249113 0.586083
0.187057 0.586083
0.230496 0.586083
0.046535 0.585961
-0.444800 0.585955
-0.041370 0.585853
0.356042 0.585801
-0.401654 0.585801
-0.410112 0.585797
0.279291 0.585790
0.467901 0.585668
0.311836 0.585518
0.422062 0.585434
-0.496916 0.585420
-0.263582 0.585391
0.033688 0.585366
-0.033688 0.585366
0.148936 0.585366
-0.127660 0.585366
0.202128 0.585366
0.420213 0.585366
-0.306738 0.585366
0.137411 0.585366
-0.314716 0.585366
-0.294326 0.585366
0.326241 0.585366
-0.322695 0.585366
0.219858 0.585366
0.088652 0.585366
0.125887 0.585366
-0.404255 0.585366
0.345745 0.585366
0.375000 0.585366
0.381206 0.585366
-0.492908 0.585366
0.382979 0.585366
-0.218972 0.585366
0.378546 0.585366
0.386525 0.585366
0.328358 0.585344
-0.133382 0.585100
-0.412454 0.585092
0.050227 0.585033
0.417348 0.584909
0.345987 0.584861
0.327128 0.584648
0.225177 0.584648
0.119681 0.584648
-0.481383 0.584648
-0.417553 0.584648
0.416667 0.584648
-0.124113 0.584648
0.209220 0.584648
0.356383 0.584648
0.171986 0.584648
-0.461879 0.584648
-0.229610 0.584648
-0.110816 0.584648
-0.261525 0.584648
0.096393 0.584618
0.497999 0.584544
-0.133471 0.584492
0.300689 0.584461
-0.269187 0.584366
0.009149 0.584138
-0.019344 0.584040
-0.248563 0.584039
0.155630 0.584018
-0.145905 0.584005
0.113475 0.583931
-0.365248 0.583931
0.453901 0.583931
-0.026596 0.583931
-0.120567 0.583931
0.413121 0.583931
-0.152482 0.583931
-0.285461 0.583931
-0.413121 0.583931
0.202128 0.583931
0.051418 0.583931
-0.265071 0.583931
-0.430851 0.583931
0.420213 0.583931
-0.382092 0.583931
-0.385638 0.583931
-0.375887 0.583931
0.264576 0.583930
0.064696 0.583888
-0.125946 0.583650
-0.474475 0.583630
-0.298712 0.583620
0.218724 0.583613
0.365135 0.583500
-0.381303 0.583497
-0.273589 0.583495
0.195706 0.583448
0.110205 0.583446
-0.348347 0.583387
0.377955 0.583372
-0.419514 0.583343
-0.267132 0.583330
-0.023539 0.583319
0.348404 0.583214
-0.395390 0.583214
0.393617 0.583214
-0.288121 0.583214
-0.235816 0.583214
0.222518 0.583214
-0.425532 0.583214
-0.407801 0.583214
0.416667 0.583214
0.370330 0.583190
-0.205554 0.583075
-0.042222 0.583027
-0.404202 0.582684
0.426755 0.582639
0.419444 0.582591
-0.266985 0.582582
0.400181 0.582579
-0.277080 0.582558
0.179131 0.582540
0.183745 0.582528
-0.420213 0.582496
0.496454 0.582496
0.322695 0.582496
-0.439716 0.582496
-0.173759 0.582496
-0.290780 0.582496
-0.195035 0.582496
0.308511 0.582496
0.239362 0.582496
0.412234 0.582496
-0.379433 0.582496
-0.332447 0.582496
-0.203014 0.582496
0.202128 0.582496
0.076241 0.582496
-0.019504 0.582496
-0.133865 0.582496
0.420213 0.582496
-0.293098 0.582437
-0.275224 0.582382
0.345466 0.582365
-0.018046 0.582363
-0.253921 0.582330
0.408200 0.582329
-0.369440 0.582137
0.418969 0.582115
-0.407885 0.582078
-0.199299 0.581938
0.001200 0.581906
0.437880 0.581856
-0.491527 0.581814
-0.137226 0.581809
-0.353723 0.581779
0.489362 0.581779
0.415780 0.581779
-0.415780 0.581779
0.265957 0.581779
0.440603 0.581779
0.264184 0.581779
-0.497340 0.581779
0.180851 0.581779
0.268617 0.581779
-0.297872 0.581779
-0.117908 0.581779
0.300532 0.581779
0.323582 0.581779
-0.275709 0.581779
-0.257092 0.581779
0.195035 0.581779
0.232270 0.581779
-0.171099 0.581779
0.231179 0.581749
0.248700 0.581662
0.340585 0.581630
0.154821 0.581506
-0.411768 0.581283
-0.254560 0.581283
-0.030357 0.581169
0.332965 0.581116
0.482270 0.581062
-0.487589 0.581062
-0.323582 0.581062
-0.159574 0.581062
0.455674 0.581062
-0.368794 0.581062
-0.398936 0.581062
-0.411348 0.581062
0.382979 0.581062
-0.315603 0.581062
0.384752 0.581062
-0.476064 0.581062
-0.039894 0.581062
-0.448582 0.581062
0.225177 0.581062
0.411348 0.581062
0.381206 0.581062
0.324468 0.581062
-0.364362 0.581062
0.351064 0.581062
0.094858 0.581062
0.030142 0.581062
-0.042731 0.581029
-0.391588 0.580885
-0.004113 0.580719
0.010204 0.580706
-0.230076 0.580649
-0.488536 0.580634
0.455037 0.580399
-0.062059 0.580372
0.064716 0.580344
-0.105496 0.580344
-0.011525 0.580344
0.008865 0.580344
0.007979 0.580344
0.331560 0.580344
0.195035 0.580344
0.422872 0.580344
-0.046099 0.580344
0.006206 0.580344
-0.195035 0.580344
0.279255 0.580344
-0.054965 0.580344
-0.249113 0.580344
-0.302305 0.580344
-0.118943 0.580338
0.455746 0.580199
0.428339 0.580129
-0.115855 0.580012
0.410635 0.579973
-0.121683 0.579873
-0.273500 0.579867
0.487756 0.579794
0.463715 0.579789
-0.158872 0.579776
-0.406028 0.579627
-0.401596 0.579627
0.425532 0.579627
-0.126773 0.579627
-0.034574 0.579627
-0.127660 0.579627
-0.035461 0.579627
-0.265957 0.579627
0.159574 0.579627
-0.000887 0.579627
-0.069149 0.579627
-0.115248 0.579627
-0.463652 0.579627
-0.342199 0.579627
0.469858 0.579627
-0.230496 0.579627
-0.140071 0.579627
0.293440 0.579627
0.406683 0.579560
-0.330957 0.579517
-0.406675 0.579299
-0.417074 0.579208
-0.191833 0.579184
-0.127701 0.579089
-0.328869 0.579020
-0.426371 0.578954
-0.123227 0.578910
0.442376 0.578910
-0.122340 0.578910
0.346631 0.578910
0.339539 0.578910
-0.352837 0.578910
0.422872 0.578910
0.391844 0.578910
0.405142 0.578910
-0.187057 0.578910
0.166667 0.578910
-0.192376 0.578910
0.280142 0.578910
-0.294326 0.578910
0.236895 0.578744
-0.370755 0.578560
0.181685 0.578535
0.239224 0.578457
0.112384 0.578322
0.463012 0.578317
-0.196809 0.578192
-0.028369 0.578192
0.155142 0.578192
-0.414007 0.578192
0.496454 0.578192
0.082447 0.578192
0.318262 0.578192
-0.363475 0.578192
0.289007 0.578192
0.187943 0.578192
-0.391844 0.578192
-0.195035 0.578192
-0.333333 0.578192
0.418440 0.578192
0.015071 0.578192
-0.372340 0.578192
-0.065603 0.578192
0.255319 0.578192
-0.388298 0.578192
-0.384752 0.578192
0.368794 0.578192
-0.367908 0.578192
0.457447 0.578192
-0.081560 0.578192
-0.174055 0.578162
0.030817 0.577914
0.040648 0.577872
0.263340 0.577851
0.200503 0.577725
-0.144544 0.577580
0.319149 0.577475
-0.492021 0.577475
-0.409574 0.577475
0.489362 0.577475
-0.482270 0.577475
-0.341312 0.577475
0.106383 0.577475
-0.057624 0.577475
-0.101064 0.577475
0.365248 0.577475
0.347931 0.577430
-0.321486 0.577327
-0.423953 0.577277
0.294676 0.577234
-0.053912 0.577206
0.297578 0.577110
0.325232 0.577079
0.221725 0.577078
-0.446492 0.577064
-0.364408 0.576983
-0.040119 0.576899
0.328901 0.576758
0.151596 0.576758
0.349291 0.576758
-0.214539 0.576758
-0.324468 0.576758
-0.021277 0.576758
-0.119681 0.576758
-0.261525 0.576758
0.475177 0.576758
-0.148050 0.576758
-0.437943 0.576758
-0.133865 0.576758
0.398936 0.576758
-0.382092 0.576758
-0.192376 0.576758
0.220745 0.576758
-0.375887 0.576758
-0.493551 0.576721
-0.018765 0.576573
0.384976 0.576530
0.187982 0.576369
-0.362805 0.576353
-0.145883 0.576265
-0.439777 0.576249
0.466113 0.576151
-0.445574 0.576130
-0.104634 0.576069
-0.450355 0.576040
0.122340 0.576040
0.222518 0.576040
-0.332447 0.576040
-0.279255 0.576040
-0.395390 0.576040
-0.365248 0.576040
-0.196809 0.576040
-0.311170 0.576040
0.444149 0.576040
0.480496 0.576040
-0.369681 0.576040
-0.018617 0.576040
-0.123654 0.576009
0.040172 0.575935
0.392707 0.575933
0.360882 0.575700
-0.411732 0.575696
0.269846 0.575687
-0.102113 0.575541
-0.128229 0.575488
-0.393398 0.575357
0.129433 0.575323
0.140957 0.575323
-0.179078 0.575323
-0.433511 0.575323
-0.485816 0.575323
0.116135 0.575323
-0.189716 0.575323
-0.184397 0.575323
-0.109929 0.575323
0.462766 0.575323
0.112589 0.575323
0.239362 0.575323
-0.379433 0.575323
-0.297872 0.575323
-0.340426 0.575323
0.425532 0.575323
-0.446809 0.575323
-0.260278 0.575192
0.498905 0.575141
-0.442787 0.575127
0.369903 0.575124
0.456977 0.575066
-0.378722 0.575016
-0.020349 0.575009
-0.028701 0.574863
0.428191 0.574605
-0.285461 0.574605
-0.373227 0.574605
-0.194149 0.574605
-0.167553 0.574605
0.245567 0.574605
0.070922 0.574605
0.232270 0.574605
0.213652 0.574605
-0.428191 0.574605
0.111145 0.574570
0.017822 0.574373
-0.441325 0.574253
-0.131813 0.574226
-0.035530 0.574131
0.111311 0.574115
-0.127065 0.574107
-0.483611 0.574064
-0.186542 0.574053
0.423006 0.573990
0.341049 0.573910
-0.476950 0.573888
-0.398936 0.573888
-0.037234 0.573888
0.313830 0.573888
-0.036348 0.573888
-0.035461 0.573888
-0.186170 0.573888
-0.288121 0.573888
0.496454 0.573888
-0.126773 0.573888
0.269504 0.573888
-0.125887 0.573888
-0.257092 0.573888
0.430851 0.573888
-0.367021 0.573888
-0.156028 0.573888
-0.403369 0.573888
-0.407801 0.573888
-0.125000 0.573888
-0.124113 0.573888
0.039007 0.573888
0.197695 0.573888
-0.127660 0.573888
-0.180851 0.573888
-0.239362 0.573888
-0.198582 0.573888
0.088652 0.573888
-0.496454 0.573888
0.359929 0.573888
0.181738 0.573888
-0.384752 0.573888
-0.388298 0.573888
-0.344858 0.573888
-0.269504 0.573888
0.225177 0.573888
0.375000 0.573888
-0.494992 0.573791
-0.390248 0.573696
-0.491141 0.573402
0.078014 0.573171
0.305851 0.573171
-0.043440 0.573171
0.323582 0.573171
-0.114362 0.573171
-0.139184 0.573171
-0.355496 0.573171
-0.202099 0.573009
0.232475 0.573001
0.423944 0.572961
-0.381292 0.572679
0.149303 0.572671
0.371786 0.572626
0.009083 0.572469
-0.029255 0.572453
0.347518 0.572453
0.333333 0.572453
-0.464539 0.572453
0.416667 0.572453
-0.049645 0.572453
0.297872 0.572453
0.468085 0.572453
-0.182624 0.572453
-0.382092 0.572453
0.487589 0.572453
0.076241 0.572453
0.270390 0.572453
0.340426 0.572453
-0.168440 0.572453
0.462766 0.572453
-0.497340 0.572453
0.476064 0.572338
-0.154190 0.572308
-0.066338 0.572139
-0.406666 0.572120
0.157101 0.572056
-0.372131 0.571965
-0.228993 0.571935
0.296944 0.571872
0.376773 0.571736
-0.156915 0.571736
-0.391844 0.571736
0.473404 0.571736
0.190603 0.571736
-0.480496 0.571736
-0.490248 0.571736
-0.343972 0.571736
-0.446518 0.571680
0.113453 0.571537
0.275091 0.571365
0.375393 0.571319
-0.038141 0.571302
0.296475 0.571287
-0.100640 0.571250
0.202921 0.571193
-0.479509 0.571185
0.293905 0.571111
0.382979 0.571019
-0.265071 0.571019
0.384752 0.571019
0.293440 0.571019
-0.023050 0.571019
-0.357270 0.571019
0.161348 0.571019
-0.452128 0.571019
0.271277 0.571019
0.478723 0.571019
-0.497340 0.571019
-0.104610 0.571019
0.023936 0.571019
-0.376247 0.570933
0.011864 0.570779
-0.128043 0.570763
-0.250205 0.570622
-0.020334 0.570560
-0.180058 0.570381
0.376690 0.570314
-0.118794 0.570301
-0.291667 0.570301
-0.234043 0.570301
-0.373227 0.570301
-0.020390 0.570301
0.280142 0.570301
0.260638 0.570301
0.168440 0.570301
0.052305 0.570301
0.100177 0.570301
-0.448582 0.570301
0.206560 0.570301
-0.132979 0.570301
-0.421986 0.570301
0.294326 0.570301
-0.147163 0.570301
-0.049753 0.570298
0.074806 0.570298
0.231268 0.570150
-0.427182 0.569963
0.161313 0.569916
0.004933 0.569914
-0.343206 0.569601
-0.295213 0.569584
-0.392730 0.569584
0.468085 0.569584
-0.017730 0.569584
0.289007 0.569584
-0.484043 0.569584
-0.445035 0.569584
0.157801 0.569584
0.358156 0.569584
0.423759 0.569584
-0.122340 0.569584
-0.367021 0.569584
-0.478723 0.569584
-0.157801 0.569584
-0.052305 0.569584
-0.384752 0.569584
0.175532 0.569584
-0.191924 0.569510
-0.483385 0.569505
-0.048049 0.569415
0.279604 0.569146
0.045650 0.569115
-0.186893 0.569071
0.427308 0.568914
0.391844 0.568867
-0.399823 0.568867
0.261525 0.568867
-0.296986 0.568867
-0.124113 0.568867
-0.007092 0.568867
-0.257092 0.568867
-0.125000 0.568867
0.473404 0.568867
0.406915 0.568867
-0.174645 0.568867
-0.493794 0.568867
-0.404255 0.568867
-0.125887 0.568867
0.289894 0.568867
-0.109043 0.568867
-0.187057 0.568867
0.084220 0.568867
0.426418 0.568867
-0.433559 0.568697
-0.123163 0.568612
0.006779 0.568509
-0.499045 0.568479
0.006343 0.568459
0.003954 0.568368
-0.132458 0.568253
0.029196 0.568239
-0.191489 0.568149
-0.148936 0.568149
0.024823 0.568149
-0.033688 0.568149
-0.032801 0.568149
0.008865 0.568149
-0.228723 0.568149
-0.273050 0.568149
-0.070922 0.568149
-0.108156 0.568149
0.003546 0.568149
-0.440603 0.568149
-0.347518 0.568149
0.239362 0.568149
-0.375000 0.568149
0.007092 0.568149
-0.466312 0.568149
0.290780 0.568149
0.154255 0.568149
0.007979 0.568149
-0.100177 0.568149
0.005319 0.568149
-0.492195 0.568105
0.402304 0.568084
0.396848 0.568058
0.291867 0.568040
0.331285 0.568035
0.407601 0.568028
0.495411 0.568020
-0.278882 0.567978
-0.482657 0.567883
-0.396584 0.567875
-0.143061 0.567800
0.001710 0.567648
0.299308 0.567641
-0.324229 0.567523
-0.185736 0.567481
-0.433161 0.567462
-0.176418 0.567432
-0.406028 0.567432
-0.247340 0.567432
0.304965 0.567432
-0.183511 0.567432
-0.219858 0.567432
0.245567 0.567432
0.281028 0.567432
-0.482270 0.567432
0.232270 0.567432
0.184397 0.567432
-0.318262 0.567432
-0.062943 0.567432
-0.385638 0.567432
0.168381 0.567356
0.262619 0.567345
0.132295 0.567328
-0.120381 0.567321
0.465788 0.567255
0.426446 0.567250
0.292334 0.567126
-0.278978 0.567086
-0.120288 0.567063
-0.110583 0.566925
0.122989 0.566724
0.162234 0.566714
0.492908 0.566714
-0.181738 0.566714
0.322695 0.566714
0.296986 0.566714
-0.024823 0.566714
-0.023050 0.566714
-0.026596 0.566714
-0.357270 0.566714
0.368794 0.566714
-0.436170 0.566714
-0.113475 0.566714
0.118794 0.566714
-0.138298 0.566714
-0.487589 0.566714
0.400709 0.566714
0.468085 0.566714
0.289894 0.566714
0.111702 0.566714
-0.083333 0.566714
0.251773 0.566714
0.065603 0.566714
-0.323582 0.566714
-0.054965 0.566714
-0.304965 0.566714
0.115248 0.566714
0.225177 0.566714
-0.010638 0.566714
-0.279255 0.566714
0.143617 0.566714
0.248038 0.566626
-0.109828 0.566619
-0.232476 0.566583
-0.126731 0.566539
-0.121444 0.566468
-0.123271 0.566466
-0.404641 0.566305
0.439489 0.566236
-0.366376 0.566160
0.294274 0.566141
-0.138861 0.566093
0.136782 0.566085
0.339539 0.565997
-0.193262 0.565997
0.169326 0.565997
0.426418 0.565997
0.332447 0.565997
-0.020390 0.565997
-0.164007 0.565997
-0.149823 0.565997
0.125887 0.565997
0.007092 0.565997
0.290780 0.565997
0.000000 0.565997
-0.265071 0.565997
0.005319 0.565997
-0.112589 0.565997
-0.138298 0.565997
-0.117021 0.565997
-0.277482 0.565997
-0.331560 0.565997
0.007979 0.565997
-0.148379 0.565976
-0.280893 0.565951
-0.316664 0.565947
0.083608 0.565937
-0.244653 0.565913
0.317467 0.565692
-0.282301 0.565568
0.259663 0.565473
0.295362 0.565415
0.008566 0.565317
-0.138298 0.565280
-0.105496 0.565280
-0.095745 0.565280
-0.377660 0.565280
0.048759 0.565280
-0.480496 0.565280
0.193262 0.565280
-0.367021 0.565280
-0.276596 0.565280
-0.120567 0.565280
-0.285461 0.565280
0.009752 0.565280
0.478723 0.565280
-0.386525 0.565280
0.484043 0.565280
0.132979 0.565280
-0.356383 0.565280
-0.111702 0.565280
-0.156915 0.565280
0.158688 0.565280
-0.116135 0.565280
-0.131206 0.565280
-0.365675 0.565182
0.294251 0.565095
-0.475307 0.565081
-0.174593 0.564988
-0.202183 0.564987
0.291427 0.564923
-0.045923 0.564923
-0.282197 0.564858
0.193787 0.564813
-0.289897 0.564739
0.244374 0.564578
-0.289007 0.564562
-0.122340 0.564562
-0.283688 0.564562
0.370567 0.564562
-0.202128 0.564562
0.170213 0.564562
-0.393617 0.564562
-0.203901 0.564562
-0.041667 0.564562
0.070922 0.564562
-0.496454 0.564562
0.293440 0.564562
0.093085 0.564562
-0.160461 0.564562
-0.140071 0.564562
-0.131206 0.564562
0.178191 0.564562
0.312943 0.564562
-0.485816 0.564562
-0.340426 0.564562
0.372505 0.564541
-0.055550 0.564536
-0.266150 0.564459
0.003867 0.564323
-0.281287 0.564293
0.455097 0.564138
0.136495 0.564108
0.335393 0.564087
0.161459 0.564065
0.203582 0.564002
-0.026411 0.563999
-0.290626 0.563984
-0.011621 0.563954
-0.366135 0.563845
-0.140071 0.563845
0.079787 0.563845
-0.281915 0.563845
-0.292553 0.563845
-0.003546 0.563845
0.421986 0.563845
0.001773 0.563845
0.026596 0.563845
0.007092 0.563845
0.290780 0.563845
-0.400709 0.563845
-0.124113 0.563845
-0.047872 0.563845
-0.491135 0.563845
-0.257092 0.563845
0.292216 0.563815
-0.399136 0.563725
0.062293 0.563720
0.003352 0.563614
-0.054382 0.563593
-0.123864 0.563578
-0.377039 0.563427
0.140275 0.563365
-0.007831 0.563288
0.367036 0.563203
0.293991 0.563161
-0.361954 0.563142
-0.378546 0.563128
0.316489 0.563128
0.078014 0.563128
-0.368794 0.563128
0.008865 0.563128
-0.410461 0.563128
-0.294326 0.563128
-0.281028 0.563128
0.240248 0.563128
0.450355 0.563128
0.144504 0.563128
0.473404 0.563128
0.466146 0.563057
0.202790 0.562955
0.343703 0.562877
0.006756 0.562824
-0.375112 0.562824
-0.480111 0.562761
0.106747 0.562719
0.110617 0.562588
-0.399498 0.562577
-0.498518 0.562535
0.006449 0.562505
0.372340 0.562410
0.163121 0.562410
-0.296099 0.562410
-0.023050 0.562410
0.076241 0.562410
0.353723 0.562410
0.293440 0.562410
-0.030142 0.562410
-0.365248 0.562410
-0.170213 0.562410
0.187057 0.562410
-0.280142 0.562410
-0.095745 0.562410
-0.141844 0.562410
-0.247340 0.562410
-0.184397 0.562410
-0.402482 0.562410
-0.140071 0.562410
-0.024823 0.562410
-0.101064 0.562410
0.010638 0.562410
-0.028369 0.562410
-0.109043 0.562410
-0.026596 0.562410
0.110816 0.562410
0.120567 0.562410
-0.350177 0.562410
0.218085 0.562410
0.246454 0.562410
0.233156 0.562410
0.114362 0.562410
-0.067376 0.562410
0.490759 0.562381
-0.138607 0.562259
0.141003 0.562256
-0.391473 0.562236
0.209183 0.562105
0.436729 0.562101
0.203939 0.562016
-0.402654 0.562008
0.112756 0.561844
-0.172107 0.561754
-0.182624 0.561693
-0.391844 0.561693
0.345745 0.561693
-0.367908 0.561693
0.133865 0.561693
-0.148936 0.561693
0.347518 0.561693
-0.283688 0.561693
-0.175532 0.561693
-0.401596 0.561693
0.202128 0.561693
-0.387411 0.561693
0.378546 0.561693
0.127660 0.561693
-0.017730 0.561693
0.062057 0.561693
-0.059397 0.561693
-0.028878 0.561451
0.061130 0.561359
-0.302762 0.561329
-0.123464 0.561278
0.274081 0.561275
-0.185661 0.561260
0.169772 0.561185
-0.056634 0.561162
-0.073157 0.561066
-0.294148 0.561047
-0.288510 0.561025
-0.304597 0.561022
-0.392777 0.561012
0.264487 0.560990
-0.117908 0.560976
-0.180851 0.560976
-0.166667 0.560976
-0.398936 0.560976
-0.404255 0.560976
-0.400709 0.560976
0.164007 0.560976
0.384752 0.560976
-0.122340 0.560976
-0.370567 0.560976
-0.141844 0.560976
0.421986 0.560976
0.437057 0.560976
-0.156028 0.560976
-0.281915 0.560976
0.296099 0.560976
-0.287234 0.560976
-0.237589 0.560976
-0.050532 0.560976
-0.078901 0.560976
-0.343972 0.560976
-0.058511 0.560976
0.104610 0.560976
0.316907 0.560910
-0.136724 0.560890
0.485210 0.560850
-0.025832 0.560639
-0.126629 0.560588
-0.103849 0.560531
-0.184955 0.560507
0.271464 0.560495
-0.100064 0.560382
-0.281028 0.560258
-0.124113 0.560258
0.195035 0.560258
0.412234 0.560258
0.273050 0.560258
-0.403369 0.560258
-0.073582 0.560258
-0.186170 0.560258
0.420213 0.560258
-0.404255 0.560258
-0.159574 0.560258
-0.148936 0.560258
0.273936 0.560258
-0.304078 0.560258
0.148050 0.560258
0.138302 0.560214
-0.261156 0.560210
0.423845 0.560206
0.390273 0.560191
-0.489448 0.560174
0.296056 0.560105
-0.289023 0.560092
-0.373164 0.560079
0.179371 0.559972
-0.399077 0.559859
-0.100668 0.559849
-0.219100 0.559598
-0.207124 0.559583
-0.095745 0.559541
-0.133865 0.559541
-0.141844 0.559541
-0.359043 0.559541
0.180851 0.559541
0.164894 0.559541
-0.091312 0.559541
-0.266844 0.559541
0.172872 0.559541
-0.273936 0.559541
-0.101064 0.559541
-0.493794 0.559541
0.489362 0.559541
-0.379433 0.559541
-0.402482 0.559541
-0.403369 0.559541
0.484043 0.559541
0.478723 0.559541
-0.455674 0.559541
-0.163121 0.559541
-0.424645 0.559541
-0.106383 0.559541
-0.404255 0.559541
-0.184397 0.559541
0.331560 0.559541
0.088652 0.559541
0.364362 0.559541
0.466540 0.559535
-0.421358 0.559502
-0.148483 0.559442
-0.024020 0.559364
0.202776 0.559267
-0.398227 0.559246
-0.228709 0.559099
-0.404758 0.559097
0.252946 0.558859
0.153623 0.558842
0.065603 0.558824
-0.126773 0.558824
0.466312 0.558824
0.484929 0.558824
-0.170213 0.558824
0.467199 0.558824
-0.401596 0.558824
0.393617 0.558824
-0.452128 0.558824
-0.038121 0.558824
-0.232270 0.558824
0.010638 0.558824
-0.294326 0.558824
0.479610 0.558824
-0.010638 0.558824
0.228723 0.558824
-0.405142 0.558824
0.475353 0.558612
0.201640 0.558605
-0.378182 0.558604
-0.407623 0.558589
-0.304207 0.558584
-0.179010 0.558547
-0.018548 0.558543
-0.424533 0.558508
0.116193 0.558455
-0.399852 0.558441
0.133172 0.558395
-0.141645 0.558392
-0.296099 0.558106
0.421986 0.558106
-0.429078 0.558106
0.116135 0.558106
-0.023936 0.558106
-0.175532 0.558106
0.012411 0.558106
0.134752 0.558106
0.122340 0.558106
-0.444149 0.558106
-0.404255 0.558106
-0.388298 0.558106
-0.400709 0.558106
0.210993 0.558106
0.480496 0.558106
-0.392730 0.558106
0.109929 0.558106
0.304078 0.558106
-0.484043 0.558106
-0.312057 0.558106
0.190603 0.558106
0.241135 0.558106
-0.020390 0.558106
-0.022163 0.558106
-0.398936 0.558106
-0.281915 0.558106
0.128546 0.558106
-0.397163 0.558106
0.263298 0.558106
-0.187943 0.558106
-0.405142 0.558106
0.013575 0.558026
-0.232148 0.557948
-0.224240 0.557860
-0.092152 0.557813
0.477599 0.557807
-0.190308 0.557720
-0.259184 0.557644
0.461902 0.557603
-0.033098 0.557602
-0.057114 0.557600
0.164468 0.557596
-0.171416 0.557565
-0.058972 0.557499
0.222518 0.557389
0.455674 0.557389
0.420213 0.557389
-0.166667 0.557389
0.496454 0.557389
-0.233156 0.557389
0.152482 0.557389
-0.115248 0.557389
-0.489362 0.557389
-0.253546 0.557389
-0.403369 0.557389
-0.312057 0.557389
-0.258865 0.557389
0.366135 0.557389
-0.317376 0.557389
-0.405342 0.557344
0.316700 0.557292
-0.398321 0.557278
-0.170867 0.556993
0.409891 0.556974
0.302795 0.556950
0.062524 0.556946
0.153406 0.556859
-0.166668 0.556740
-0.394774 0.556725
0.286048 0.556699
-0.408688 0.556671
-0.352837 0.556671
-0.397163 0.556671
-0.277482 0.556671
0.058511 0.556671
-0.135638 0.556671
0.103723 0.556671
-0.406028 0.556671
0.410461 0.556671
-0.196809 0.556671
-0.124113 0.556671
-0.469858 0.556671
-0.063830 0.556671
-0.226950 0.556671
-0.091312 0.556671
-0.312057 0.556671
-0.398936 0.556671
-0.322695 0.556671
0.283688 0.556671
-0.439716 0.556671
0.418440 0.556671
0.203901 0.556671
0.402482 0.556671
-0.392730 0.556671
-0.317376 0.556671
0.070922 0.556671
-0.402783 0.556663
-0.447602 0.556637
-0.196753 0.556628
-0.403187 0.556486
0.469188 0.556461
-0.318033 0.556458
-0.386659 0.556381
0.182634 0.556293
-0.405317 0.556278
0.134485 0.556040
-0.090313 0.556025
-0.100203 0.555992
0.163121 0.555954
0.085106 0.555954
0.249113 0.555954
-0.289007 0.555954
0.127660 0.555954
-0.096631 0.555954
-0.101950 0.555954
-0.062943 0.555954
-0.304078 0.555954
-0.162234 0.555954
-0.479610 0.555954
-0.218085 0.555954
0.133865 0.555954
-0.243794 0.555954
-0.401596 0.555954
0.293440 0.555954
0.325355 0.555954
0.219916 0.555893
-0.221179 0.555878
-0.498488 0.555834
-0.487136 0.555825
0.322743 0.555724
-0.090072 0.555688
-0.399547 0.555675
0.134388 0.555675
-0.053962 0.555627
-0.292768 0.555613
0.180465 0.555508
0.106964 0.555384
0.137220 0.555369
-0.295742 0.555334
-0.322793 0.555323
-0.307919 0.555316
-0.089304 0.555243
0.083333 0.555237
-0.062057 0.555237
-0.126773 0.555237
0.312057 0.555237
-0.046099 0.555237
-0.227837 0.555237
-0.209220 0.555237
-0.165780 0.555237
0.196809 0.555237
-0.346631 0.555237
0.184397 0.555237
-0.054078 0.555237
-0.205674 0.555237
0.421986 0.555237
-0.170213 0.555237
-0.477837 0.555237
-0.496454 0.555237
0.472518 0.555237
0.138298 0.555237
0.097518 0.555237
0.335993 0.555237
-0.006206 0.555237
-0.207447 0.555237
-0.331560 0.555237
-0.397163 0.555237
0.337766 0.555237
-0.304078 0.555237
0.314349 0.555182
-0.409690 0.555091
-0.252274 0.555009
-0.066077 0.555003
-0.266419 0.554997
0.260933 0.554932
-0.477391 0.554903
-0.105155 0.554866
-0.495283 0.554810
0.465278 0.554785
0.290068 0.554744
0.318451 0.554738
-0.083201 0.554706
-0.148969 0.554670
0.008693 0.554659
-0.450531 0.554584
0.419830 0.554565
-0.341377 0.554557
-0.095423 0.554531
0.473404 0.554519
-0.112589 0.554519
0.296099 0.554519
0.164007 0.554519
0.211879 0.554519
-0.409574 0.554519
-0.070035 0.554519
-0.218972 0.554519
0.236702 0.554519
-0.278369 0.554519
0.251773 0.554519
-0.281915 0.554519
0.420213 0.554519
0.204787 0.554519
0.211747 0.554428
-0.492944 0.554422
0.252283 0.554414
0.225793 0.554325
-0.078457 0.554286
-0.054562 0.554285
0.136380 0.554282
-0.407767 0.554277
0.079182 0.554216
0.056237 0.553969
-0.454170 0.553963
0.419756 0.553914
-0.125984 0.553853
-0.247430 0.553810
-0.106383 0.553802
0.474291 0.553802
-0.380319 0.553802
0.195922 0.553802
-0.017730 0.553802
-0.069149 0.553802
-0.340426 0.553802
-0.129433 0.553802
-0.348404 0.553802
-0.228723 0.553802
-0.296099 0.553802
-0.496454 0.553802
0.062057 0.553802
0.132979 0.553802
-0.086879 0.553802
0.014184 0.553802
0.315603 0.553802
0.414458 0.553782
0.489870 0.553776
-0.147699 0.553629
0.428478 0.553599
-0.242630 0.553579
0.168650 0.553555
0.463404 0.553525
-0.089851 0.553467
0.456898 0.553447
-0.140060 0.553318
-0.100080 0.553240
-0.418429 0.553192
0.253608 0.553157
-0.078978 0.553154
0.061170 0.553085
0.176418 0.553085
0.215426 0.553085
0.432624 0.553085
0.168440 0.553085
-0.147163 0.553085
0.378546 0.553085
0.181738 0.553085
-0.121454 0.553085
0.109929 0.553085
0.007092 0.553085
-0.081560 0.553085
0.197695 0.553085
0.137411 0.553085
-0.492021 0.553085
0.001773 0.553085
0.192376 0.553085
-0.169326 0.553085
-0.092199 0.553085
-0.084598 0.553084
0.347130 0.553056
0.217183 0.553055
-0.069689 0.553006
-0.085790 0.552966
-0.226999 0.552952
-0.221237 0.552917
-0.109107 0.552913
-0.233508 0.552878
0.282596 0.552871
-0.115571 0.552860
0.415748 0.552857
-0.087879 0.552857
-0.351312 0.552816
-0.090632 0.552791
0.472824 0.552784
0.357974 0.552715
0.418881 0.552695
0.202584 0.552560
0.191459 0.552470
-0.221857 0.552387
0.141844 0.552367
-0.389184 0.552367
-0.097518 0.552367
0.038121 0.552367
0.072695 0.552367
0.195035 0.552367
0.120567 0.552367
0.384752 0.552367
-0.328901 0.552367
0.319149 0.552367
0.421986 0.552367
0.114362 0.552367
0.404255 0.552367
0.359929 0.552367
-0.140071 0.552367
0.412234 0.552367
-0.413121 0.552367
-0.496454 0.552367
-0.076241 0.552367
-0.342199 0.552367
-0.289007 0.552367
-0.239362 0.552367
0.330780 0.552223
0.349375 0.552151
0.123995 0.552125
0.239320 0.552014
-0.170826 0.551917
0.123644 0.551879
-0.085700 0.551837
-0.316597 0.551817
-0.124113 0.551650
0.353723 0.551650
-0.326241 0.551650
0.243794 0.551650
0.304078 0.551650
-0.183511 0.551650
-0.492021 0.551650
-0.405142 0.551650
0.093972 0.551650
0.312943 0.551650
0.191489 0.551650
0.329787 0.551650
0.311170 0.551650
0.103723 0.551650
0.196809 0.551650
0.165117 0.551635
0.125464 0.551585
0.244695 0.551506
-0.112112 0.551463
-0.323358 0.551437
-0.168604 0.551424
-0.410331 0.551398
0.388955 0.551359
0.081536 0.551236
0.240294 0.551224
-0.482317 0.551188
-0.156242 0.551163
0.188550 0.551133
0.152482 0.550933
-0.026596 0.550933
-0.492021 0.550933
-0.417553 0.550933
0.343972 0.550933
0.198582 0.550933
0.232270 0.550933
0.205674 0.550933
0.340426 0.550933
-0.281915 0.550933
-0.255319 0.550933
-0.343972 0.550933
-0.267730 0.550933
0.464539 0.550933
-0.260638 0.550933
-0.400709 0.550933
-0.393617 0.550933
0.347518 0.550933
-0.274823 0.550933
-0.337766 0.550933
0.065603 0.550933
-0.278369 0.550933
0.187943 0.550933
-0.168440 0.550933
0.466312 0.550933
-0.487589 0.550933
0.212766 0.550933
-0.250000 0.550933
0.465426 0.550933
0.342199 0.550933
-0.085106 0.550933
0.345745 0.550933
-0.448481 0.550886
-0.415605 0.550791
0.062316 0.550790
0.252783 0.550757
0.166344 0.550748
-0.085070 0.550675
0.064312 0.550559
-0.309708 0.550545
0.467199 0.550215
-0.090426 0.550215
0.432624 0.550215
0.205674 0.550215
-0.101950 0.550215
0.212766 0.550215
-0.079787 0.550215
0.316489 0.550215
0.414007 0.550215
0.492908 0.550215
0.466312 0.550215
-0.487589 0.550215
0.064716 0.550215
-0.187057 0.550215
0.125887 0.550215
-0.013298 0.550215
0.393617 0.550215
0.397396 0.550190
0.212579 0.550190
0.271209 0.550138
0.272910 0.550111
0.308588 0.550054
0.171881 0.550047
0.214682 0.550018
0.239658 0.549853
0.345522 0.549689
0.301856 0.549689
0.189035 0.549663
0.010480 0.549635
-0.408688 0.549498
0.212766 0.549498
-0.496454 0.549498
0.275709 0.549498
0.414007 0.549498
0.063830 0.549498
-0.339539 0.549498
-0.260638 0.549498
0.453901 0.549498
-0.267730 0.549498
-0.487589 0.549498
-0.421986 0.549498
0.163121 0.549498
0.468085 0.549498
0.274823 0.549498
0.216312 0.549498
-0.367021 0.549498
0.276596 0.549498
-0.118794 0.549498
0.226064 0.549498
-0.255319 0.549498
-0.133865 0.549498
0.394504 0.549498
-0.317376 0.549498
-0.130319 0.549498
-0.312057 0.549498
0.320217 0.549445
0.430828 0.549405
0.215453 0.549388
0.392827 0.549316
-0.185231 0.549182
-0.344645 0.549102
-0.415988 0.549086
0.367000 0.548902
0.409478 0.548825
-0.369681 0.548780
0.185284 0.548780
-0.494681 0.548780
-0.483156 0.548780
0.215426 0.548780
-0.309397 0.548780
0.486702 0.548780
0.286348 0.548780
-0.112589 0.548780
-0.195922 0.548780
-0.178191 0.548780
-0.288504 0.548700
0.198256 0.548676
0.324756 0.548592
0.149859 0.548580
-0.082970 0.548575
-0.417425 0.548452
0.066723 0.548426
0.139382 0.548395
0.152055 0.548348
0.091509 0.548332
-0.242759 0.548328
0.224962 0.548294
0.190049 0.548251
0.275766 0.548164
0.130675 0.548098
0.303191 0.548063
-0.335106 0.548063
0.482270 0.548063
-0.083333 0.548063
0.109929 0.548063
0.406028 0.548063
0.100177 0.548063
-0.483156 0.548063
0.219858 0.548063
0.215426 0.548063
0.167553 0.548063
-0.459220 0.548063
0.372340 0.548063
-0.106383 0.548063
-0.260638 0.548063
0.312057 0.548063
0.239362 0.548063
0.443262 0.548063
0.296099 0.548063
0.313830 0.548063
0.090426 0.548063
-0.320035 0.548063
-0.432624 0.548063
-0.157801 0.548063
0.310284 0.548063
0.164007 0.548063
0.010638 0.548063
-0.003850 0.548038
-0.130812 0.548004
0.413744 0.547995
-0.323317 0.547747
0.393961 0.547679
0.455364 0.547652
0.275443 0.547380
0.398050 0.547346
0.114362 0.547346
-0.484043 0.547346
-0.125000 0.547346
0.129433 0.547346
0.151596 0.547346
-0.301418 0.547346
-0.451241 0.547346
0.456560 0.547346
0.218972 0.547346
-0.490248 0.547346
-0.332447 0.547346
-0.034574 0.547346
0.406028 0.547346
0.187177 0.547341
-0.139760 0.547330
-0.077288 0.547171
-0.313719 0.547085
-0.287976 0.547007
-0.221097 0.547006
-0.328730 0.546984
0.440043 0.546901
-0.438300 0.546791
0.365142 0.546720
0.015957 0.546628
0.164894 0.546628
0.177305 0.546628
0.406028 0.546628
-0.289894 0.546628
-0.404255 0.546628
0.118794 0.546628
0.101064 0.546628
0.182624 0.546628
-0.478723 0.546628
0.067376 0.546628
0.135638 0.546628
-0.413121 0.546628
-0.443262 0.546628
-0.329787 0.546628
-0.067376 0.546628
-0.397163 0.546628
0.110816 0.546628
-0.177305 0.546628
0.168440 0.546628
-0.496454 0.546628
0.171986 0.546628
-0.020390 0.546628
0.218085 0.546628
-0.390071 0.546628
-0.008865 0.546628
-0.360816 0.546628
-0.467199 0.546628
0.371454 0.546628
0.237247 0.546594
0.088255 0.546506
0.165603 0.546346
-0.478604 0.546339
0.108738 0.546319
0.193945 0.546309
0.324029 0.546203
-0.120399 0.546161
0.245765 0.546135
0.275371 0.546125
0.008874 0.546097
-0.455438 0.546064
0.371601 0.546050
0.406334 0.546023
-0.404106 0.545975
-0.454992 0.545971
0.293372 0.545921
-0.396598 0.545916
-0.476950 0.545911
-0.467199 0.545911
0.162234 0.545911
0.140071 0.545911
0.115248 0.545911
-0.077128 0.545911
-0.499113 0.545911
0.282801 0.545911
0.445922 0.545911
-0.494681 0.545911
0.414894 0.545911
0.263298 0.545911
-0.479610 0.545911
0.150709 0.545911
0.195922 0.545911
0.066489 0.545911
0.470038 0.545802
0.469790 0.545774
-0.281287 0.545708
-0.181722 0.545591
0.141966 0.545548
-0.413037 0.545542
0.238174 0.545447
0.172118 0.545445
-0.119865 0.545409
-0.398837 0.545392
0.183604 0.545300
-0.210053 0.545214
0.447647 0.545202
0.246454 0.545194
-0.492908 0.545194
-0.427305 0.545194
0.079787 0.545194
-0.357270 0.545194
0.292553 0.545194
-0.486702 0.545194
-0.476950 0.545194
0.192376 0.545194
-0.138298 0.545194
-0.279255 0.545194
-0.417553 0.545194
-0.456560 0.545194
-0.475177 0.545194
-0.282801 0.545194
0.111702 0.545194
0.197695 0.545194
-0.074468 0.545194
-0.131206 0.545194
-0.134752 0.545194
-0.480496 0.545194
-0.087142 0.545185
0.246978 0.545111
0.290476 0.545097
0.299979 0.545096
-0.252582 0.544951
0.205103 0.544935
0.165598 0.544900
-0.428691 0.544877
0.222706 0.544815
0.234304 0.544623
-0.078675 0.544593
-0.379793 0.544579
0.284365 0.544565
-0.224614 0.544535
0.163121 0.544476
0.166667 0.544476
-0.448582 0.544476
-0.036348 0.544476
-0.475177 0.544476
0.274823 0.544476
-0.000887 0.544476
-0.342199 0.544476
0.054965 0.544476
-0.173759 0.544476
0.273936 0.544476
0.066489 0.544476
-0.477837 0.544476
0.204787 0.544476
0.274516 0.544441
-0.109303 0.544361
0.398603 0.544160
-0.372658 0.544157
-0.048756 0.544005
0.181662 0.543765
0.476064 0.543759
-0.167553 0.543759
0.448582 0.543759
-0.272163 0.543759
-0.437943 0.543759
-0.208333 0.543759
0.122340 0.543759
-0.080674 0.543759
0.384752 0.543759
0.297872 0.543759
0.047872 0.543759
0.304965 0.543759
-0.408688 0.543759
-0.210106 0.543759
-0.475177 0.543759
-0.250000 0.543759
0.249113 0.543759
-0.172996 0.543685
0.279410 0.543650
-0.333226 0.543611
0.294880 0.543496
-0.324686 0.543405
-0.280316 0.543247
0.280773 0.543244
0.158124 0.543195
0.399823 0.543042
0.088652 0.543042
-0.457447 0.543042
-0.331560 0.543042
-0.337766 0.543042
0.385638 0.543042
-0.099291 0.543042
0.421099 0.543042
-0.234929 0.543042
-0.219858 0.543042
-0.164007 0.543042
0.189716 0.543042
-0.015957 0.543042
-0.323582 0.543042
0.406915 0.543042
-0.094858 0.543042
0.195330 0.543027
0.110610 0.542959
0.214658 0.542764
-0.254423 0.542666
0.086991 0.542412
0.279255 0.542324
-0.449468 0.542324
0.399823 0.542324
-0.084220 0.542324
0.211879 0.542324
-0.113475 0.542324
-0.328901 0.542324
-0.255319 0.542324
-0.056738 0.542324
0.025709 0.542324
-0.312057 0.542324
-0.046986 0.542324
0.345745 0.542324
-0.352837 0.542324
0.289007 0.542324
0.251773 0.542324
0.235816 0.542324
0.383865 0.542324
0.007092 0.542324
-0.186170 0.542324
-0.048759 0.542324
0.161348 0.542324
0.069149 0.542324
0.342199 0.542324
0.343972 0.542324
0.386525 0.542324
-0.453901 0.542324
-0.037917 0.542251
-0.175177 0.542233
0.111196 0.542181
0.356763 0.542017
-0.483869 0.541929
-0.419437 0.541901
-0.474853 0.541798
0.126854 0.541781
-0.421986 0.541607
-0.477837 0.541607
-0.107270 0.541607
-0.379433 0.541607
0.120567 0.541607
0.099291 0.541607
-0.309397 0.541607
0.230496 0.541607
0.323582 0.541607
-0.245567 0.541607
0.355496 0.541607
0.367021 0.541607
0.384752 0.541607
0.489355 0.541603
0.124396 0.541595
0.023624 0.541511
-0.287032 0.541494
-0.009382 0.541456
-0.316438 0.541389
-0.081650 0.541101
0.008818 0.541035
-0.103723 0.540890
0.057624 0.540890
0.214539 0.540890
0.117021 0.540890
-0.460993 0.540890
-0.475177 0.540890
0.382979 0.540890
0.125887 0.540890
-0.087766 0.540890
-0.493794 0.540890
0.431738 0.540890
-0.306738 0.540890
0.496454 0.540890
-0.413121 0.540890
-0.432624 0.540890
0.349291 0.540890
0.012411 0.540890
0.160461 0.540890
0.294326 0.540890
0.334220 0.540890
0.468085 0.540890
0.262411 0.540890
0.069149 0.540890
-0.314716 0.540890
0.015763 0.540854
0.234509 0.540843
-0.336034 0.540696
0.334041 0.540654
0.064885 0.540461
0.495732 0.540402
0.184498 0.540332
0.348974 0.540326
0.184166 0.540259
0.222210 0.540229
-0.312057 0.540172
-0.485816 0.540172
-0.492021 0.540172
0.224291 0.540172
-0.148936 0.540172
0.357270 0.540172
0.469858 0.540172
0.390071 0.540172
-0.454787 0.540172
0.185284 0.540172
-0.182624 0.540172
0.132092 0.540172
-0.295213 0.540172
-0.007092 0.540172
0.078014 0.540172
-0.021507 0.540040
0.074035 0.540029
-0.442210 0.539932
-0.248347 0.539851
0.122963 0.539511
0.277875 0.539489
0.388298 0.539455
0.494681 0.539455
0.490248 0.539455
-0.283688 0.539455
0.223404 0.539455
0.299645 0.539455
0.159574 0.539455
0.407801 0.539455
0.138298 0.539455
0.273050 0.539455
0.196809 0.539455
0.242908 0.539455
0.148936 0.539455
0.017730 0.539455
-0.317376 0.539455
0.320922 0.539455
-0.078014 0.539455
0.069149 0.539455
-0.023050 0.539455
0.291667 0.539455
0.422901 0.539447
0.215450 0.539445
-0.174013 0.539444
-0.228148 0.539341
0.069112 0.539311
-0.336533 0.539291
0.482040 0.539270
0.490328 0.539132
0.446470 0.539040
-0.076919 0.538962
-0.158677 0.538961
-0.392837 0.538879
-0.469428 0.538746
0.124113 0.538737
-0.322695 0.538737
-0.075355 0.538737
0.400709 0.538737
0.078014 0.538737
-0.468972 0.538737
0.007092 0.538737
0.285461 0.538737
0.008865 0.538737
-0.472518 0.538737
0.128317 0.538665
0.439656 0.538649
0.018084 0.538594
-0.068072 0.538592
-0.328810 0.538588
-0.466023 0.538524
-0.338373 0.538506
-0.123973 0.538506
0.493988 0.538495
0.480744 0.538229
0.358474 0.538218
-0.254096 0.538164
-0.328014 0.538020
0.296986 0.538020
-0.076241 0.538020
-0.340426 0.538020
-0.023050 0.538020
-0.081560 0.538020
-0.011525 0.538020
-0.396277 0.538020
-0.119681 0.538020
-0.455674 0.538020
0.393617 0.538020
0.484043 0.538020
0.437057 0.538020
0.176418 0.538020
0.492908 0.538020
-0.389184 0.538020
0.488475 0.538020
-0.475177 0.538020
-0.334220 0.538020
-0.072695 0.538020
0.086879 0.538020
0.171099 0.538020
-0.179078 0.538020
0.245567 0.538020
0.000887 0.538020
-0.368158 0.537987
-0.020417 0.537755
0.288680 0.537686
0.147594 0.537675
0.343059 0.537566
-0.388098 0.537463
-0.174510 0.537461
0.444921 0.537342
-0.005420 0.537320
0.203901 0.537303
-0.172872 0.537303
-0.417553 0.537303
-0.312943 0.537303
0.277482 0.537303
-0.427305 0.537303
-0.437943 0.537303
0.014184 0.537303
0.070035 0.537303
-0.073582 0.537303
0.252660 0.537303
0.288121 0.537303
-0.198582 0.537303
0.460106 0.537303
-0.362401 0.537238
-0.147364 0.537224
-0.320505 0.537085
0.298945 0.537070
0.412170 0.536955
0.221145 0.536947
0.047366 0.536932
-0.307602 0.536878
-0.245125 0.536875
0.149735 0.536808
-0.024855 0.536792
-0.283358 0.536705
0.283046 0.536616
0.192376 0.536585
-0.166667 0.536585
-0.250000 0.536585
0.078901 0.536585
0.414007 0.536585
0.122340 0.536585
-0.023050 0.536585
-0.074468 0.536585
0.195035 0.536585
0.294326 0.536585
-0.024823 0.536585
-0.318262 0.536585
-0.085106 0.536585
-0.368794 0.536585
-0.483156 0.536585
-0.257979 0.536585
-0.079787 0.536585
0.254433 0.536585
-0.476860 0.536554
-0.177949 0.536550
-0.067459 0.536474
0.420791 0.536400
-0.020137 0.536388
-0.146573 0.536268
-0.453963 0.536173
0.375669 0.536071
0.246089 0.535940
0.490647 0.535919
0.439716 0.535868
-0.472518 0.535868
-0.459220 0.535868
-0.323582 0.535868
0.311170 0.535868
-0.187943 0.535868
-0.351064 0.535868
0.309397 0.535868
-0.125887 0.535868
0.165780 0.535868
-0.136525 0.535868
0.022163 0.535868
-0.163121 0.535868
-0.144504 0.535868
0.060284 0.535868
-0.140071 0.535868
0.378546 0.535868
0.283914 0.535855
-0.320516 0.535847
-0.075320 0.535797
0.161770 0.535768
-0.148342 0.535646
0.079685 0.535463
-0.107447 0.535408
-0.480286 0.535353
0.488587 0.535309
0.289635 0.535233
-0.400709 0.535151
0.265071 0.535151
-0.159574 0.535151
-0.365248 0.535151
-0.491135 0.535151
0.027482 0.535151
-0.304965 0.535151
0.210993 0.535151
0.010638 0.535151
0.024823 0.535151
0.070922 0.535151
0.281915 0.535151
-0.024823 0.535151
0.008865 0.535151
-0.265071 0.535151
-0.088652 0.535151
0.007092 0.535151
-0.108156 0.535151
0.202351 0.534934
-0.199073 0.534862
0.138651 0.534861
0.488472 0.534767
0.035679 0.534601
0.493705 0.534578
0.130319 0.534433
-0.293440 0.534433
-0.086879 0.534433
-0.018617 0.534433
0.061170 0.534433
0.477837 0.534433
-0.104610 0.534433
0.290780 0.534433
0.000887 0.534433
0.200355 0.534433
0.383865 0.534433
0.164894 0.534433
-0.432624 0.534433
0.017730 0.534433
-0.245567 0.534433
-0.399209 0.534398
0.051650 0.534373
0.266081 0.534170
0.212063 0.534078
-0.446835 0.534058
0.415142 0.534044
-0.021889 0.533998
0.004880 0.533782
-0.088152 0.533750
0.190603 0.533716
0.284574 0.533716
-0.496454 0.533716
-0.462766 0.533716
0.141844 0.533716
-0.292553 0.533716
0.420213 0.533716
0.493794 0.533716
0.187943 0.533716
0.219858 0.533716
-0.319149 0.533716
-0.421986 0.533716
0.193262 0.533716
-0.092199 0.533716
-0.184397 0.533716
0.343972 0.533716
-0.361702 0.533716
-0.062057 0.533716
-0.096631 0.533716
0.136525 0.533716
-0.026596 0.533716
0.239362 0.533716
-0.469858 0.533716
0.152482 0.533716
-0.104610 0.533716
-0.101064 0.533716
-0.466312 0.533716
-0.005319 0.533716
-0.103169 0.533680
-0.005270 0.533669
-0.123608 0.533505
0.303275 0.533504
-0.022928 0.533458
-0.022334 0.533366
0.494799 0.533227
-0.479031 0.533172
-0.062467 0.533039
-0.100968 0.533006
0.448582 0.532999
-0.444149 0.532999
-0.090426 0.532999
0.266844 0.532999
0.234043 0.532999
-0.096631 0.532999
-0.474291 0.532999
-0.378546 0.532999
-0.101064 0.532999
-0.018617 0.532999
0.246454 0.532999
0.235319 0.532747
-0.298870 0.532726
0.345775 0.532688
-0.355446 0.532647
0.345348 0.532629
0.224468 0.532597
-0.086198 0.532561
-0.473696 0.532546
-0.467160 0.532448
0.185642 0.532355
0.487589 0.532281
0.492021 0.532281
0.480496 0.532281
-0.226064 0.532281
0.407801 0.532281
-0.241135 0.532281
0.239362 0.532281
0.128546 0.532281
-0.101064 0.532281
-0.246454 0.532281
0.335993 0.532281
0.253546 0.532281
0.051418 0.532281
0.347518 0.532281
0.062057 0.532281
0.287234 0.532281
0.026596 0.532281
-0.088652 0.532281
0.228723 0.532281
0.014184 0.532281
-0.210993 0.532281
0.207447 0.532281
0.041961 0.532236
0.184944 0.532169
-0.293447 0.532165
0.081306 0.532157
0.353486 0.532138
-0.330537 0.532010
-0.353120 0.531997
0.141996 0.531964
-0.324134 0.531893
-0.474987 0.531803
-0.004320 0.531768
0.415209 0.531741
-0.361015 0.531694
-0.211722 0.531667
-0.361062 0.531642
-0.078901 0.531564
0.400709 0.531564
-0.084220 0.531564
0.304078 0.531564
0.179078 0.531564
0.234043 0.531564
0.255319 0.531564
-0.020390 0.531564
0.044326 0.531564
-0.009752 0.531564
-0.037234 0.531564
0.198582 0.531564
0.246454 0.531564
-0.311170 0.531564
-0.405142 0.531564
-0.482270 0.531564
0.029255 0.531564
0.258837 0.531482
0.257223 0.531454
-0.121623 0.531422
-0.287249 0.531359
-0.098293 0.531321
0.036885 0.531317
-0.242314 0.531061
-0.480481 0.530882
-0.252660 0.530846
-0.162234 0.530846
-0.114362 0.530846
-0.155142 0.530846
-0.343972 0.530846
0.085993 0.530846
0.123227 0.530846
-0.070035 0.530846
-0.200355 0.530846
0.425532 0.530846
-0.276596 0.530846
0.022163 0.530846
0.044326 0.530846
0.328014 0.530846
0.037234 0.530846
0.163121 0.530846
0.034574 0.530846
-0.471631 0.530846
0.031915 0.530846
0.351064 0.530846
0.494681 0.530846
0.471631 0.530846
0.239362 0.530846
0.052305 0.530846
-0.427305 0.530846
0.257092 0.530846
0.374113 0.530846
-0.237051 0.530773
-0.244555 0.530752
0.209612 0.530733
-0.359887 0.530719
0.215123 0.530576
0.036050 0.530508
-0.495223 0.530395
-0.150824 0.530298
-0.228588 0.530212
-0.138397 0.530206
0.357243 0.530164
-0.180851 0.530129
0.217199 0.530129
-0.158688 0.530129
-0.469858 0.530129
-0.070922 0.530129
-0.466312 0.530129
0.301418 0.530129
0.110816 0.530129
0.003546 0.530129
0.209220 0.530129
0.005319 0.530129
-0.242021 0.530129
0.037234 0.530129
0.034574 0.530129
-0.281028 0.530129
-0.098879 0.530061
0.344251 0.530004
0.277927 0.529962
0.024438 0.529726
0.179403 0.529723
0.425749 0.529630
-0.070603 0.529615
0.365787 0.529483
0.403491 0.529443
-0.239545 0.529437
0.053191 0.529412
0.421099 0.529412
-0.303191 0.529412
0.078014 0.529412
0.194149 0.529412
-0.085993 0.529412
-0.051418 0.529412
-0.174645 0.529412
-0.360816 0.529412
-0.014184 0.529412
-0.388298 0.529412
0.414007 0.529412
-0.002660 0.529412
-0.189716 0.529412
0.017730 0.529412
-0.077128 0.529412
0.037234 0.529412
0.196809 0.529412
0.106383 0.529412
-0.047872 0.529412
-0.049645 0.529412
0.203901 0.529412
0.170213 0.529412
0.270390 0.529412
0.364362 0.529412
0.352837 0.529412
-0.490819 0.529378
0.283171 0.529337
0.038346 0.529304
0.471617 0.529197
0.203009 0.529121
0.315976 0.529053
-0.458090 0.529025
-0.206050 0.529017
0.418466 0.528960
0.029689 0.528925
0.400565 0.528923
0.430807 0.528758
-0.240248 0.528694
-0.456560 0.528694
0.258865 0.528694
-0.354610 0.528694
-0.370567 0.528694
0.474291 0.528694
0.210993 0.528694
0.226064 0.528694
-0.094858 0.528694
-0.302305 0.528694
-0.072695 0.528694
0.029255 0.528694
0.228723 0.528694
-0.469669 0.528678
-0.008518 0.528644
-0.077056 0.528598
0.024149 0.528516
-0.086377 0.528236
-0.237438 0.528188
-0.234268 0.528139
0.035067 0.528056
0.037742 0.528049
0.150920 0.527995
-0.139738 0.527986
0.033464 0.527980
-0.242908 0.527977
0.234043 0.527977
0.430851 0.527977
0.140071 0.527977
0.354610 0.527977
0.134752 0.527977
-0.099291 0.527977
-0.432624 0.527977
0.028369 0.527977
-0.093085 0.527977
0.343972 0.527977
-0.239362 0.527977
-0.224291 0.527977
-0.473404 0.527977
-0.301418 0.527977
0.297872 0.527977
-0.493794 0.527977
0.145390 0.527977
0.031915 0.527977
0.030387 0.527901
-0.090472 0.527644
0.423404 0.527530
-0.189205 0.527505
0.479422 0.527472
0.409862 0.527365
0.299714 0.527358
0.206107 0.527349
0.382250 0.527329
-0.050974 0.527311
0.034574 0.527260
0.008865 0.527260
-0.448582 0.527260
-0.498227 0.527260
-0.007092 0.527260
0.202128 0.527260
0.205674 0.527260
-0.471631 0.527260
-0.109929 0.527260
0.343085 0.527260
0.234043 0.527260
0.179965 0.527260
0.318262 0.527260
-0.487589 0.527260
0.274823 0.527260
-0.367021 0.527260
-0.464236 0.527076
-0.336875 0.527062
-0.084748 0.526993
-0.096962 0.526978
0.125851 0.526953
-0.169889 0.526941
0.232779 0.526910
0.181305 0.526809
0.356540 0.526684
0.426418 0.526542
0.476950 0.526542
0.491135 0.526542
-0.146277 0.526542
-0.241135 0.526542
-0.141844 0.526542
-0.150709 0.526542
0.281915 0.526542
-0.059397 0.526542
0.129433 0.526542
-0.083333 0.526542
0.260638 0.526542
-0.249113 0.526542
-0.469858 0.526542
-0.131206 0.526542
0.023936 0.526542
0.484043 0.526542
-0.120567 0.526542
-0.460106 0.526542
0.347518 0.526542
-0.023050 0.526542
0.460106 0.526542
0.367105 0.526448
-0.079874 0.526395
-0.264057 0.526377
0.252365 0.526284
0.180771 0.526266
-0.006492 0.526145
-0.470153 0.526122
0.049928 0.526094
-0.037224 0.525917
-0.219421 0.525855
-0.335106 0.525825
-0.186170 0.525825
0.278369 0.525825
0.168440 0.525825
-0.014184 0.525825
0.134752 0.525825
0.071809 0.525825
0.140071 0.525825
0.116135 0.525825
0.093972 0.525825
0.426418 0.525825
-0.328901 0.525825
-0.154255 0.525825
0.048759 0.525825
0.335106 0.525825
0.368794 0.525825
-0.205674 0.525825
0.254433 0.525825
-0.106383 0.525825
-0.225081 0.525779
0.052996 0.525687
0.034736 0.525668
0.227358 0.525576
0.424143 0.525427
-0.054780 0.525374
0.195181 0.525277
-0.283381 0.525140
0.124113 0.525108
-0.359929 0.525108
0.223404 0.525108
0.031915 0.525108
0.393617 0.525108
0.226064 0.525108
0.414894 0.525108
0.156028 0.525108
0.000000 0.525108
-0.380319 0.525108
0.296986 0.525108
-0.317376 0.525108
0.200355 0.525108
0.421986 0.525108
-0.255319 0.525108
0.207447 0.525108
0.247340 0.525108
-0.385638 0.525108
0.171099 0.525108
-0.090426 0.525108
0.439716 0.525108
0.407801 0.525108
0.203901 0.525108
0.349291 0.525108
0.284574 0.525108
0.228723 0.525108
-0.157801 0.525108
-0.239362 0.525108
0.461879 0.525108
0.256206 0.525108
0.323582 0.525108
-0.450287 0.525015
0.200410 0.525015
-0.071076 0.524876
0.174835 0.524736
0.278743 0.524715
-0.125064 0.524616
0.136693 0.524580
-0.227442 0.524545
0.407801 0.524390
0.374113 0.524390
0.031028 0.524390
-0.498227 0.524390
-0.081560 0.524390
-0.033688 0.524390
0.049645 0.524390
0.240248 0.524390
0.390071 0.524390
0.421986 0.524390
0.226064 0.524390
0.228723 0.524390
0.041667 0.524390
-0.353723 0.524390
-0.238475 0.524390
-0.016844 0.524390
-0.289894 0.524390
-0.195035 0.524390
0.129433 0.524390
0.359043 0.524390
0.168664 0.524200
0.175540 0.524026
0.301668 0.523952
0.125200 0.523863
-0.007292 0.523845
0.481220 0.523831
-0.313707 0.523732
0.407801 0.523673
-0.007092 0.523673
0.308511 0.523673
-0.170213 0.523673
0.085106 0.523673
-0.082447 0.523673
-0.347518 0.523673
0.228723 0.523673
-0.097518 0.523673
-0.213652 0.523673
0.209220 0.523673
-0.237589 0.523673
-0.324468 0.523673
0.180851 0.523673
0.217199 0.523673
-0.262411 0.523673
-0.067376 0.523673
0.030142 0.523673
0.492021 0.523673
0.421986 0.523673
-0.478723 0.523673
-0.218972 0.523673
0.134752 0.523673
0.421039 0.523604
0.230290 0.523584
0.416903 0.523479
0.335826 0.523401
0.138960 0.523362
0.203469 0.523256
-0.147168 0.523181
0.230311 0.523022
-0.309397 0.522956
0.203014 0.522956
0.264184 0.522956
-0.191489 0.522956
0.051418 0.522956
0.141844 0.522956
0.257979 0.522956
0.206560 0.522956
-0.366135 0.522956
-0.116135 0.522956
-0.463652 0.522956
0.062943 0.522956
0.421861 0.522867
-0.012082 0.522799
-0.087127 0.522600
0.043224 0.522549
0.406768 0.522498
-0.130660 0.522479
0.128268 0.522441
0.320109 0.522363
0.033752 0.522307
-0.182624 0.522238
-0.269504 0.522238
-0.089539 0.522238
0.166667 0.522238
-0.437057 0.522238
0.448582 0.522238
0.210993 0.522238
0.410461 0.522238
0.039007 0.522238
0.417553 0.522238
-0.308511 0.522238
-0.079787 0.522238
0.123227 0.522238
-0.014184 0.522238
-0.069149 0.522238
0.343972 0.522238
0.156028 0.522238
0.402685 0.522234
-0.105498 0.522205
0.124455 0.522166
-0.336582 0.521985
0.133169 0.521978
-0.311209 0.521951
-0.054621 0.521917
0.306159 0.521880
-0.279366 0.521823
-0.017766 0.521807
-0.307291 0.521794
-0.238794 0.521725
0.214031 0.521671
0.184664 0.521642
-0.081940 0.521614
0.310284 0.521521
0.484043 0.521521
0.125887 0.521521
0.012411 0.521521
0.054078 0.521521
0.343085 0.521521
0.351950 0.521521
0.313830 0.521521
-0.273936 0.521521
-0.078901 0.521521
-0.147163 0.521521
-0.117908 0.521521
0.491135 0.521521
-0.075355 0.521521
-0.104610 0.521521
0.410461 0.521521
0.417553 0.521521
0.208333 0.521521
-0.151596 0.521521
-0.263298 0.521521
-0.080674 0.521521
0.169326 0.521521
0.310840 0.521321
0.044718 0.521158
0.462256 0.521066
0.423867 0.520988
0.171783 0.520943
0.352837 0.520803
0.171986 0.520803
0.342199 0.520803
0.307624 0.520803
-0.074468 0.520803
-0.155142 0.520803
-0.278369 0.520803
-0.382979 0.520803
-0.079787 0.520803
0.492908 0.520803
-0.081560 0.520803
-0.475177 0.520803
0.450355 0.520803
-0.070922 0.520803
-0.496454 0.520803
-0.372340 0.520803
0.136525 0.520803
-0.055851 0.520803
0.234929 0.520803
-0.243794 0.520803
-0.078014 0.520803
0.427305 0.520803
0.205674 0.520803
-0.054078 0.520803
-0.016844 0.520803
0.131206 0.520803
0.363475 0.520803
0.380319 0.520803
0.225177 0.520803
-0.377660 0.520803
0.461009 0.520722
0.041721 0.520696
0.395323 0.520689
-0.277959 0.520642
0.126977 0.520533
0.288393 0.520370
0.126674 0.520367
-0.193272 0.520356
0.117021 0.520086
-0.359929 0.520086
-0.473404 0.520086
-0.169326 0.520086
-0.490248 0.520086
0.330674 0.520086
-0.270390 0.520086
0.227837 0.520086
0.078901 0.520086
0.488922 0.519919
-0.058046 0.519805
0.416688 0.519805
-0.342219 0.519714
-0.078844 0.519702
-0.121944 0.519671
0.257846 0.519570
0.076379 0.519494
-0.479110 0.519442
-0.132979 0.519369
-0.122340 0.519369
-0.353723 0.519369
-0.242021 0.519369
0.187057 0.519369
-0.250000 0.519369
0.003546 0.519369
-0.232270 0.519369
0.218972 0.519369
0.452128 0.519369
-0.111702 0.519369
0.312057 0.519369
-0.457447 0.519369
0.261525 0.519369
0.319149 0.519369
0.122340 0.519369
0.368794 0.519369
0.255319 0.519369
-0.019504 0.519369
-0.484043 0.519369
0.166667 0.519369
0.046099 0.519369
-0.187943 0.519369
-0.183511 0.519369
-0.274823 0.519369
0.413121 0.519369
0.315603 0.519369
0.267730 0.519369
0.470745 0.519369
-0.200355 0.519369
0.254159 0.519349
0.432924 0.519313
-0.075224 0.519305
0.166706 0.519265
-0.220836 0.519250
0.047517 0.519174
-0.109829 0.519123
-0.216225 0.519087
-0.132050 0.518945
0.203658 0.518910
0.362338 0.518810
-0.137595 0.518808
-0.091312 0.518651
-0.344858 0.518651
-0.338652 0.518651
0.422872 0.518651
0.421986 0.518651
-0.241135 0.518651
-0.181738 0.518651
0.400709 0.518651
0.093085 0.518651
0.346631 0.518651
0.018617 0.518651
0.169326 0.518651
0.125000 0.518651
0.309397 0.518651
0.248227 0.518651
0.492021 0.518651
-0.083797 0.518624
0.410285 0.518613
0.169375 0.518424
0.055098 0.518332
0.080713 0.518208
0.310681 0.518181
0.424136 0.517975
-0.265424 0.517936
0.294326 0.517934
-0.135638 0.517934
0.127660 0.517934
-0.063830 0.517934
-0.366135 0.517934
0.138298 0.517934
0.306738 0.517934
-0.271277 0.517934
0.132979 0.517934
0.241135 0.517934
0.345745 0.517934
0.374113 0.517934
0.281915 0.517934
0.400709 0.517934
-0.449468 0.517934
0.271277 0.517934
0.047872 0.517934
-0.113475 0.517934
0.125000 0.517934
-0.196809 0.517934
0.305544 0.517909
-0.180483 0.517649
0.015333 0.517532
-0.243900 0.517441
0.102949 0.517397
-0.067038 0.517254
0.473404 0.517217
-0.304965 0.517217
0.234043 0.517217
-0.208333 0.517217
-0.493794 0.517217
0.366135 0.517217
0.172872 0.517217
-0.003546 0.517217
-0.083333 0.517217
0.407801 0.517217
0.153369 0.517217
0.278369 0.517217
-0.081560 0.517217
0.127660 0.517217
0.132979 0.517217
0.432624 0.517217
-0.099291 0.517217
0.116135 0.517217
0.357270 0.517217
0.036348 0.517217
-0.047872 0.517217
-0.217997 0.517036
0.330026 0.516992
0.165952 0.516968
0.350864 0.516928
-0.319090 0.516870
-0.234171 0.516830
0.138475 0.516741
-0.173170 0.516721
0.310850 0.516679
0.116991 0.516636
0.214249 0.516569
0.168754 0.516544
0.375000 0.516499
-0.065603 0.516499
-0.115248 0.516499
-0.467199 0.516499
0.274823 0.516499
0.035461 0.516499
0.127660 0.516499
-0.156915 0.516499
0.049645 0.516499
0.072695 0.516499
-0.441489 0.516499
-0.152482 0.516499
-0.487589 0.516499
-0.193262 0.516499
0.166667 0.516499
0.491135 0.516499
-0.480496 0.516499
0.226950 0.516499
-0.188830 0.516499
0.417553 0.516499
-0.184397 0.516499
-0.315603 0.516499
0.204395 0.516465
0.205226 0.516246
0.208928 0.516128
-0.225591 0.516075
0.225222 0.516051
0.346587 0.516017
0.074367 0.515963
0.060868 0.515919
-0.212158 0.515859
0.173533 0.515840
0.492247 0.515799
0.371454 0.515782
-0.182624 0.515782
-0.093972 0.515782
-0.010638 0.515782
0.210106 0.515782
0.289573 0.515747
-0.292851 0.515746
0.200919 0.515676
0.271751 0.515649
-0.188844 0.515507
0.089152 0.515494
-0.078811 0.515349
0.016458 0.515329
-0.454089 0.515304
-0.180851 0.515065
-0.221631 0.515065
0.086879 0.515065
0.349291 0.515065
0.375887 0.515065
0.170213 0.515065
0.109929 0.515065
-0.359929 0.515065
0.052305 0.515065
-0.226950 0.515065
-0.434397 0.515065
0.063830 0.515065
-0.216312 0.515065
-0.322695 0.515065
0.410461 0.515065
-0.106383 0.515065
0.359043 0.515065
-0.450355 0.515065
0.207447 0.515065
-0.450839 0.515032
0.326422 0.515003
-0.183249 0.514966
-0.199459 0.514905
-0.320211 0.514826
-0.119719 0.514767
-0.243991 0.514724
0.231162 0.514669
0.176110 0.514531
0.412182 0.514519
-0.244708 0.514483
0.040665 0.514459
-0.198316 0.514457
0.371721 0.514375
-0.189716 0.514347
0.350177 0.514347
-0.235816 0.514347
-0.317376 0.514347
0.203014 0.514347
-0.351064 0.514347
0.238475 0.514347
0.380319 0.514347
0.190603 0.514347
0.372340 0.514347
-0.119681 0.514347
-0.185284 0.514347
0.441489 0.514347
0.105496 0.514347
-0.254433 0.514347
-0.076241 0.514347
-0.013298 0.514347
0.043440 0.514347
-0.079787 0.514347
-0.199468 0.514347
0.373107 0.514288
-0.184643 0.514273
0.002593 0.514264
0.093836 0.514237
-0.079534 0.514150
0.074303 0.514125
0.375182 0.514069
0.405937 0.513855
0.401375 0.513785
0.064473 0.513741
0.409764 0.513712
0.162774 0.513692
-0.099926 0.513643
-0.244681 0.513630
0.368794 0.513630
-0.476950 0.513630
0.170213 0.513630
-0.085106 0.513630
-0.183511 0.513630
-0.335993 0.513630
0.422872 0.513630
-0.108156 0.513630
-0.329787 0.513630
-0.293440 0.513630
0.351064 0.513630
0.101064 0.513630
0.231383 0.513630
0.421986 0.513630
0.054965 0.513630
0.007092 0.513630
-0.484043 0.513630
-0.415780 0.513630
0.173759 0.513630
-0.342199 0.513630
-0.442376 0.513630
0.341312 0.513630
-0.491135 0.513630
0.423759 0.513630
0.316489 0.513630
0.460993 0.513630
-0.458333 0.513630
0.312943 0.513630
0.422908 0.513624
0.355413 0.513592
0.271018 0.513433
0.380555 0.513381
0.307852 0.513168
-0.236800 0.513156
0.209803 0.513104
-0.442560 0.513086
-0.243315 0.513061
-0.416663 0.512921
-0.071716 0.512914
0.218085 0.512912
0.381206 0.512912
0.306738 0.512912
0.118794 0.512912
0.443262 0.512912
-0.195922 0.512912
0.310284 0.512912
-0.218972 0.512912
0.045213 0.512912
-0.140957 0.512912
0.329787 0.512912
-0.224291 0.512912
-0.324468 0.512912
0.443190 0.512707
0.177231 0.512595
-0.079597 0.512583
-0.061970 0.512579
-0.083275 0.512509
-0.351995 0.512508
0.231384 0.512465
0.378126 0.512397
0.149040 0.512378
-0.103777 0.512346
-0.436330 0.512304
-0.154255 0.512195
0.205674 0.512195
0.173759 0.512195
0.393617 0.512195
0.414894 0.512195
0.480496 0.512195
-0.186170 0.512195
-0.033688 0.512195
-0.060284 0.512195
0.149823 0.512195
-0.319149 0.512195
-0.124113 0.512195
-0.207447 0.512195
0.123227 0.512195
0.102004 0.512195
-0.442700 0.512151
-0.229923 0.512133
0.118387 0.512121
-0.466741 0.512023
0.376889 0.512013
-0.087699 0.511999
0.426638 0.511925
0.176048 0.511771
-0.056918 0.511605
0.257047 0.511595
0.381209 0.511514
0.361702 0.511478
0.080674 0.511478
-0.168440 0.511478
-0.312057 0.511478
0.133865 0.511478
-0.398936 0.511478
-0.000000 0.511478
0.023050 0.511478
0.265071 0.511478
0.164007 0.511478
-0.015071 0.511478
0.390071 0.511478
0.258865 0.511478
0.400709 0.511478
0.352837 0.511478
-0.498227 0.511478
-0.226950 0.511478
-0.258543 0.511408
0.237639 0.511240
-0.473253 0.511128
-0.341130 0.511103
-0.230469 0.511088
-0.074010 0.511037
0.342486 0.511017
0.345733 0.511008
-0.238425 0.510836
0.067376 0.510760
-0.087766 0.510760
-0.262411 0.510760
-0.083333 0.510760
-0.126773 0.510760
-0.468085 0.510760
-0.221631 0.510760
0.344858 0.510760
-0.235816 0.510760
-0.192376 0.510760
0.235816 0.510760
-0.101064 0.510760
0.112589 0.510760
-0.443262 0.510760
0.128546 0.510760
-0.023936 0.510760
0.495567 0.510760
0.372340 0.510760
0.386525 0.510760
0.173759 0.510760
0.407801 0.510760
-0.421099 0.510760
0.125887 0.510760
0.453901 0.510760
-0.157007 0.510718
0.212961 0.510701
-0.381688 0.510593
-0.434341 0.510563
0.381831 0.510446
0.300030 0.510393
0.413363 0.510392
-0.111592 0.510328
-0.122522 0.510327
-0.153770 0.510241
0.229399 0.510227
0.399033 0.510221
-0.493538 0.510180
-0.070922 0.510043
0.288121 0.510043
0.228723 0.510043
-0.125000 0.510043
0.051418 0.510043
0.094858 0.510043
0.345745 0.510043
-0.335106 0.510043
0.429078 0.510043
0.368794 0.510043
0.268617 0.510043
-0.341312 0.510043
0.495567 0.510043
0.300532 0.510043
-0.383749 0.510018
0.359381 0.510001
-0.396280 0.509962
-0.201186 0.509839
0.400050 0.509836
-0.323824 0.509771
0.418371 0.509476
0.178205 0.509420
-0.448269 0.509407
-0.358156 0.509326
0.107270 0.509326
-0.095745 0.509326
0.209220 0.509326
0.058511 0.509326
-0.129433 0.509326
-0.438830 0.509326
0.078901 0.509326
0.354610 0.509326
-0.007092 0.509326
-0.109929 0.509326
0.485816 0.509326
-0.451241 0.509326
-0.198582 0.509326
-0.313830 0.509326
0.040780 0.509326
-0.224291 0.509326
0.420280 0.509309
0.226460 0.509116
-0.006807 0.508967
0.280968 0.508913
-0.124800 0.508737
-0.149825 0.508701
-0.336834 0.508640
-0.349291 0.508608
0.177305 0.508608
-0.243794 0.508608
0.054078 0.508608
-0.249113 0.508608
0.102837 0.508608
-0.384752 0.508608
-0.224291 0.508608
-0.127660 0.508608
0.377660 0.508608
0.073582 0.508608
0.140957 0.508608
0.167553 0.508608
-0.147163 0.508608
-0.378546 0.508608
-0.373227 0.508608
-0.054078 0.508608
0.324468 0.508608
0.244171 0.508456
0.372279 0.508352
0.105618 0.508345
0.210970 0.508344
0.364695 0.508336
0.219793 0.508265
0.372004 0.508249
-0.045107 0.508229
0.126975 0.508129
0.091421 0.508120
-0.302603 0.508112
0.440327 0.508036
-0.157142 0.507896
-0.490248 0.507891
-0.495567 0.507891
-0.483156 0.507891
-0.477837 0.507891
0.007092 0.507891
-0.226950 0.507891
-0.129433 0.507891
0.249113 0.507891
-0.125887 0.507891
-0.085993 0.507891
-0.081560 0.507891
-0.090426 0.507891
0.313830 0.507891
-0.156028 0.507891
0.469858 0.507891
0.361702 0.507891
-0.459220 0.507891
0.175532 0.507891
0.221631 0.507891
0.310284 0.507891
0.306738 0.507891
-0.081798 0.507829
0.126347 0.507765
-0.086841 0.507741
0.429225 0.507585
-0.115844 0.507541
0.116123 0.507406
0.122404 0.507392
-0.323939 0.507346
0.348404 0.507174
-0.330674 0.507174
0.242021 0.507174
0.233156 0.507174
0.398936 0.507174
0.177305 0.507174
-0.127660 0.507174
-0.396277 0.507174
-0.113475 0.507174
-0.279255 0.507174
-0.226950 0.507174
0.047562 0.506739
0.361677 0.506727
-0.219468 0.506720
-0.092990 0.506649
0.392730 0.506456
-0.308511 0.506456
0.368794 0.506456
-0.226950 0.506456
-0.476064 0.506456
0.207447 0.506456
-0.008865 0.506456
0.088652 0.506456
0.394504 0.506456
0.420213 0.506456
0.419326 0.506456
-0.325355 0.506456
-0.439716 0.506456
0.046986 0.506456
-0.102837 0.506456
0.406028 0.506456
0.115248 0.506456
0.161348 0.506456
0.434397 0.506456
0.011525 0.506456
-0.340426 0.506456
0.340426 0.506456
-0.129433 0.506456
-0.223393 0.506428
-0.344998 0.506427
0.113590 0.506382
0.206429 0.506347
-0.469159 0.506346
0.170842 0.506304
-0.008984 0.506289
0.442727 0.506241
-0.059595 0.506173
0.350180 0.505956
0.374304 0.505940
0.351975 0.505874
-0.475425 0.505812
0.307215 0.505804
0.468276 0.505791
-0.367021 0.505739
-0.445035 0.505739
-0.275709 0.505739
0.389184 0.505739
-0.000000 0.505739
0.173759 0.505739
0.488475 0.505739
0.279255 0.505739
-0.472518 0.505739
-0.234929 0.505739
-0.058511 0.505739
0.119681 0.505739
0.387411 0.505739
-0.443403 0.505524
0.122562 0.505464
-0.354082 0.505449
-0.465652 0.505383
0.312450 0.505266
0.172174 0.505141
0.017785 0.505069
0.083119 0.505062
-0.005051 0.505033
0.119681 0.505022
-0.234929 0.505022
-0.348404 0.505022
0.096631 0.505022
0.109929 0.505022
0.350177 0.505022
-0.096631 0.505022
0.410461 0.505022
0.275709 0.505022
0.475177 0.505022
0.300532 0.505022
0.412234 0.505022
-0.047872 0.505022
0.462766 0.505022
0.129433 0.505022
0.355496 0.505022
0.469858 0.505022
0.062057 0.505022
0.126773 0.505022
-0.135638 0.505022
0.177305 0.505022
0.124113 0.505022
-0.117908 0.505022
-0.127161 0.504829
-0.239722 0.504778
0.313143 0.504733
0.089017 0.504712
0.095975 0.504585
-0.341876 0.504449
0.224698 0.504434
-0.240113 0.504422
0.209188 0.504395
0.349281 0.504390
0.104791 0.504312
0.179078 0.504304
0.124113 0.504304
0.119681 0.504304
0.445035 0.504304
0.126773 0.504304
0.086879 0.504304
0.057624 0.504304
0.212766 0.504304
-0.148936 0.504304
0.028369 0.504304
0.464539 0.504304
0.351064 0.504304
-0.453014 0.504304
0.102405 0.504294
0.479434 0.504148
0.405778 0.504050
0.050718 0.504006
0.180485 0.503999
-0.058437 0.503787
0.044896 0.503748
0.001748 0.503687
-0.068080 0.503632
-0.051683 0.503608
0.362589 0.503587
0.180851 0.503587
-0.320035 0.503587
0.230496 0.503587
0.193262 0.503587
0.239362 0.503587
0.104610 0.503587
0.124113 0.503587
0.205674 0.503587
-0.010638 0.503587
0.126773 0.503587
-0.038121 0.503587
-0.356383 0.503587
0.343085 0.503587
-0.335993 0.503587
0.378546 0.503587
0.167553 0.503587
0.053191 0.503587
0.236702 0.503587
0.262411 0.503587
-0.248227 0.503587
-0.171099 0.503587
-0.253546 0.503587
-0.242908 0.503587
-0.135638 0.503587
-0.086879 0.503587
-0.091312 0.503587
-0.069149 0.503587
-0.037122 0.503498
-0.096718 0.503463
0.341502 0.503395
-0.485146 0.503364
0.094835 0.503357
0.106224 0.503205
0.103435 0.503104
0.179043 0.503091
-0.483208 0.503067
0.083953 0.502903
0.175532 0.502869
0.094858 0.502869
0.124113 0.502869
0.068262 0.502869
0.497340 0.502869
-0.019504 0.502869
0.152482 0.502869
0.425532 0.502869
-0.001773 0.502869
0.040780 0.502869
0.321809 0.502869
-0.118794 0.502869
-0.463652 0.502869
0.378830 0.502844
-0.336817 0.502732
-0.131109 0.502697
0.337910 0.502644
0.403468 0.502601
-0.113424 0.502577
-0.243641 0.502519
0.474986 0.502424
0.124047 0.502411
0.059304 0.502394
0.126271 0.502379
0.046138 0.502376
0.030909 0.502247
-0.121341 0.502236
0.172359 0.502195
-0.104610 0.502152
-0.500000 0.502152
0.294326 0.502152
-0.173759 0.502152
-0.489362 0.502152
-0.046099 0.502152
-0.028369 0.502152
-0.494681 0.502152
0.455674 0.502152
0.335106 0.502152
-0.052305 0.502152
0.007092 0.502152
0.085106 0.502152
-0.436170 0.502152
0.475177 0.502152
-0.212766 0.502152
0.136525 0.502152
0.404255 0.502152
0.124113 0.502152
0.165780 0.502152
-0.478723 0.502152
0.177305 0.502152
0.469858 0.502152
0.480496 0.502152
-0.484043 0.502152
-0.059634 0.502140
0.126720 0.502140
0.006133 0.501956
-0.453616 0.501896
-0.109382 0.501860
0.193680 0.501851
-0.478584 0.501763
0.410276 0.501742
-0.483281 0.501728
0.070295 0.501689
0.457114 0.501621
-0.029079 0.501508
0.411235 0.501458
0.337766 0.501435
-0.084220 0.501435
-0.441489 0.501435
0.457447 0.501435
0.464539 0.501435
0.084220 0.501435
0.079787 0.501435
0.102837 0.501435
0.117908 0.501435
0.223404 0.501435
0.030142 0.501435
0.439716 0.501435
0.210993 0.501435
0.362589 0.501435
0.399823 0.501435
0.401174 0.501425
0.143285 0.501405
0.100481 0.501397
-0.471939 0.501358
-0.291974 0.501345
0.398985 0.501301
0.125633 0.501291
-0.234102 0.501269
0.406077 0.501266
-0.052713 0.501107
0.347344 0.500976
-0.441743 0.500875
0.398930 0.500826
0.345745 0.500717
0.388298 0.500717
0.393617 0.500717
0.459220 0.500717
0.356383 0.500717
-0.341312 0.500717
0.074468 0.500717
-0.482270 0.500717
-0.098404 0.500717
-0.476950 0.500717
-0.457447 0.500717
-0.141844 0.500717
0.390071 0.500717
-0.331560 0.500717
0.395390 0.500717
0.408688 0.500717
0.011525 0.500717
-0.036348 0.500717
-0.446809 0.500717
0.083333 0.500717
0.078901 0.500717
-0.460993 0.500717
0.391844 0.500717
0.493794 0.500717
0.093085 0.500717
-0.119681 0.500717
0.173759 0.500717
0.485669 0.500717
-0.041169 0.500618
-0.241406 0.500541
0.146254 0.500457
-0.211137 0.500416
0.180800 0.500411
0.221166 0.500399
0.006824 0.500383
0.374621 0.500307
0.169715 0.500265
0.451342 0.500220
0.419368 0.500199
0.200333 0.500081
-0.013298 0.500000
0.405142 0.500000
0.112589 0.500000
0.346631 0.500000
0.225177 0.500000
-0.215426 0.500000
-0.108156 0.500000
-0.365248 0.500000
-0.294326 0.500000
0.351950 0.500000
0.046986 0.500000
-0.121454 0.500000
0.456560 0.500000
0.497340 0.500000
-0.446809 0.500000
0.252660 0.500000
-0.229610 0.500000
0.234043 0.500000
-0.158688 0.500000
-0.446454 0.499905
-0.171852 0.499691
0.434537 0.499688
0.324713 0.499563
0.016467 0.499466
0.055005 0.499448
0.348998 0.499412
0.401894 0.499353
-0.479820 0.499285
0.122340 0.499283
-0.498227 0.499283
-0.349291 0.499283
-0.022163 0.499283
-0.492908 0.499283
0.471631 0.499283
0.450355 0.499283
0.191489 0.499283
0.476950 0.499283
0.206560 0.499283
0.203901 0.499283
0.050532 0.499283
0.437943 0.499283
-0.056738 0.499283
0.216312 0.499283
-0.219858 0.499283
0.015957 0.499283
-0.050532 0.499283
-0.446809 0.499283
0.347518 0.499283
0.400709 0.499283
0.143617 0.499283
-0.079787 0.499283
-0.044326 0.499283
-0.203901 0.499283
0.416667 0.499283
-0.475177 0.499283
0.156915 0.499283
0.414894 0.499283
-0.092199 0.499283
0.101064 0.499283
0.458333 0.499283
0.171986 0.499283
0.413121 0.499283
0.065603 0.499283
0.451279 0.499232
0.217972 0.499215
-0.450264 0.499213
-0.000167 0.499176
0.320819 0.499122
-0.358848 0.499113
-0.247519 0.498952
0.055880 0.498795
0.351517 0.498701
0.030115 0.498592
0.483156 0.498565
0.356383 0.498565
-0.350177 0.498565
-0.237589 0.498565
0.435284 0.498565
0.340426 0.498565
-0.296986 0.498565
0.269504 0.498565
-0.437943 0.498565
-0.247340 0.498565
-0.242021 0.498565
-0.227837 0.498565
-0.266844 0.498565
-0.000887 0.498565
-0.077128 0.498565
0.492908 0.498565
0.409574 0.498565
0.057624 0.498565
0.133865 0.498565
-0.471631 0.498565
0.398256 0.498550
-0.494131 0.498540
-0.299682 0.498513
-0.442331 0.498506
-0.383051 0.498500
0.435956 0.498453
-0.239263 0.498421
-0.051699 0.498381
-0.146480 0.498248
0.194545 0.498167
-0.495223 0.498074
0.325259 0.497917
0.405039 0.497915
-0.227688 0.497850
-0.027482 0.497848
0.261525 0.497848
0.218085 0.497848
-0.443262 0.497848
-0.336879 0.497848
0.007979 0.497848
0.233156 0.497848
0.053191 0.497848
0.351950 0.497848
-0.422872 0.497848
0.285461 0.497848
-0.099291 0.497848
0.406028 0.497848
0.329787 0.497848
0.170213 0.497848
-0.111702 0.497848
-0.468085 0.497848
0.457447 0.497848
0.413639 0.497811
-0.095424 0.497714
0.240612 0.497710
0.403815 0.497610
0.332278 0.497516
0.407233 0.497454
0.017144 0.497401
0.024080 0.497350
-0.081496 0.497344
0.334309 0.497260
0.044584 0.497187
0.442407 0.497134
0.447283 0.497132
0.184397 0.497131
0.332447 0.497131
0.370567 0.497131
-0.134752 0.497131
0.289894 0.497131
0.071809 0.497131
-0.443262 0.497131
-0.031915 0.497131
0.211879 0.497131
0.451241 0.497131
-0.089539 0.497131
0.431738 0.497131
-0.222518 0.497131
-0.451241 0.497131
0.131206 0.497131
0.309397 0.497131
0.312943 0.497131
0.325486 0.497119
-0.112008 0.497086
0.342418 0.497036
0.452132 0.496949
0.104732 0.496939
-0.059654 0.496884
0.213576 0.496801
-0.296570 0.496749
0.459514 0.496709
0.392098 0.496696
0.432730 0.496683
0.094273 0.496599
0.411689 0.496584
0.072566 0.496516
0.293023 0.496453
0.356383 0.496413
0.242908 0.496413
-0.496454 0.496413
0.473404 0.496413
0.240248 0.496413
0.237589 0.496413
0.040780 0.496413
0.219858 0.496413
-0.374113 0.496413
0.335106 0.496413
-0.380319 0.496413
-0.251773 0.496413
-0.015957 0.496413
0.445035 0.496413
-0.386525 0.496413
0.120567 0.496413
0.414894 0.496413
0.012411 0.496413
-0.093085 0.496413
0.017730 0.496413
0.398050 0.496413
-0.182624 0.496413
0.413121 0.496413
-0.184397 0.496413
-0.151596 0.496413
-0.090426 0.496413
-0.451241 0.496413
0.396277 0.496413
0.394504 0.496413
0.085566 0.496388
-0.234356 0.496290
-0.240512 0.496290
0.091295 0.496261
0.412971 0.496181
-0.080523 0.496179
0.217244 0.496172
-0.034298 0.496107
0.484581 0.496098
0.279199 0.496067
-0.359848 0.496009
0.241266 0.495985
0.484398 0.495921
-0.278075 0.495800
0.087766 0.495696
0.213652 0.495696
0.180851 0.495696
0.465426 0.495696
0.479610 0.495696
-0.265071 0.495696
0.109043 0.495696
0.044326 0.495696
0.140957 0.495696
-0.039894 0.495696
-0.444149 0.495696
-0.112589 0.495696
0.148050 0.495696
-0.465426 0.495696
0.409574 0.495696
0.421303 0.495687
-0.133262 0.495680
-0.132922 0.495672
0.060681 0.495496
0.308794 0.495436
0.138415 0.495426
-0.022733 0.495368
0.017572 0.495349
-0.132284 0.495259
0.010938 0.495141
0.473200 0.495074
0.247722 0.495021
-0.187361 0.494991
-0.342199 0.494978
0.030142 0.494978
-0.086879 0.494978
0.086879 0.494978
0.207447 0.494978
0.460106 0.494978
-0.432624 0.494978
0.202128 0.494978
0.239362 0.494978
-0.398050 0.494978
-0.003546 0.494978
0.242021 0.494978
0.485816 0.494978
0.047872 0.494978
0.204787 0.494978
-0.439716 0.494978
-0.021277 0.494978
0.044326 0.494978
-0.127660 0.494978
0.343085 0.494978
-0.353723 0.494978
-0.445922 0.494978
-0.431738 0.494978
-0.190603 0.494978
0.161348 0.494978
0.403369 0.494978
0.141865 0.494976
0.357283 0.494843
-0.445466 0.494462
0.436679 0.494377
-0.212162 0.494374
0.129433 0.494261
-0.087766 0.494261
0.236702 0.494261
-0.140957 0.494261
0.443262 0.494261
-0.320035 0.494261
0.047872 0.494261
0.407801 0.494261
-0.499113 0.494261
0.303191 0.494261
0.095745 0.494261
0.343972 0.494261
0.227837 0.494261
0.179078 0.494261
-0.335106 0.494261
-0.104610 0.494261
-0.064716 0.494261
-0.343085 0.494261
0.380319 0.494261
0.251773 0.494261
0.186348 0.494187
0.277352 0.493967
0.208538 0.493963
-0.146538 0.493905
0.182166 0.493885
-0.443566 0.493845
-0.018662 0.493791
0.202042 0.493775
-0.019845 0.493768
0.046203 0.493692
0.210093 0.493646
-0.280681 0.493640
0.047387 0.493601
-0.360816 0.493544
-0.398050 0.493544
-0.018617 0.493544
-0.241135 0.493544
-0.113475 0.493544
-0.232270 0.493544
-0.026596 0.493544
0.145390 0.493544
0.107270 0.493544
-0.409574 0.493544
0.019504 0.493544
-0.462766 0.493544
0.459220 0.493544
-0.091312 0.493544
0.422872 0.493544
0.413121 0.493544
0.351064 0.493544
0.241135 0.493544
-0.280142 0.493544
0.050532 0.493544
-0.088652 0.493544
0.078014 0.493544
0.047872 0.493544
-0.093972 0.493544
-0.459220 0.493544
0.276596 0.493544
-0.343972 0.493544
0.014184 0.493544
0.069149 0.493544
-0.236702 0.493544
0.073582 0.493544
0.008865 0.493544
-0.455674 0.493544
-0.440603 0.493544
-0.086261 0.493517
-0.447524 0.493410
0.394728 0.493353
-0.091350 0.493350
0.492370 0.493348
0.151046 0.493295
-0.009870 0.493184
0.282031 0.493047
0.125393 0.492940
0.398116 0.492929
0.409035 0.492922
-0.225135 0.492901
0.337766 0.492826
-0.382979 0.492826
0.453014 0.492826
-0.303191 0.492826
-0.376773 0.492826
-0.082447 0.492826
0.467199 0.492826
0.195035 0.492826
0.268617 0.492826
-0.468972 0.492826
0.281028 0.492826
-0.031028 0.492826
0.238475 0.492826
0.050532 0.492826
0.061170 0.492826
0.285005 0.492721
0.459116 0.492693
-0.280128 0.492691
0.416630 0.492670
-0.480233 0.492638
0.218523 0.492638
0.410295 0.492622
0.156190 0.492546
-0.030139 0.492499
-0.237447 0.492457
0.202377 0.492422
-0.448368 0.492289
0.047734 0.492272
-0.067516 0.492199
-0.209052 0.492177
-0.334940 0.492137
0.479610 0.492109
-0.450355 0.492109
-0.230496 0.492109
0.411348 0.492109
-0.023936 0.492109
-0.063830 0.492109
-0.282801 0.492109
-0.256206 0.492109
-0.083333 0.492109
-0.409574 0.492109
0.355496 0.492109
0.117021 0.492109
0.364362 0.492109
-0.108156 0.492109
-0.035461 0.492109
-0.161348 0.492109
0.260638 0.492109
0.053191 0.492109
0.320922 0.492109
-0.465426 0.492109
0.441489 0.492109
0.235816 0.492109
0.400709 0.492109
-0.441489 0.492109
0.138298 0.492109
0.285461 0.492109
0.152482 0.492109
0.405414 0.492101
-0.234003 0.492089
0.030404 0.492033
0.441757 0.491989
0.475406 0.491861
0.235718 0.491828
0.344674 0.491773
-0.074527 0.491691
-0.214643 0.491648
0.121893 0.491607
-0.119534 0.491583
-0.081559 0.491541
0.446740 0.491469
0.405699 0.491443
0.319126 0.491441
0.204238 0.491409
0.198582 0.491392
-0.331560 0.491392
-0.488475 0.491392
-0.241135 0.491392
-0.497340 0.491392
-0.236702 0.491392
0.438830 0.491392
0.485816 0.491392
-0.231383 0.491392
0.405142 0.491392
-0.245567 0.491392
-0.443262 0.491392
-0.340426 0.491392
0.170213 0.491392
0.332447 0.491392
-0.016844 0.491392
-0.434397 0.491392
-0.492557 0.491235
-0.318046 0.491144
0.257603 0.491125
0.183183 0.491101
-0.050846 0.491038
0.049295 0.491022
-0.410836 0.490979
-0.022152 0.490977
0.062199 0.490885
0.434870 0.490883
-0.458647 0.490752
-0.278377 0.490751
0.249221 0.490695
-0.228723 0.490674
0.436170 0.490674
0.335106 0.490674
0.187943 0.490674
0.224291 0.490674
0.246454 0.490674
-0.078014 0.490674
-0.021277 0.490674
0.036348 0.490674
-0.285461 0.490674
-0.445035 0.490674
-0.409574 0.490674
0.409574 0.490674
-0.341312 0.490674
0.421099 0.490674
0.152482 0.490674
-0.418440 0.490674
0.451241 0.490674
-0.278369 0.490674
0.276596 0.490674
-0.486414 0.490583
0.035893 0.490557
0.258171 0.490552
-0.455261 0.490529
0.284436 0.490489
0.358792 0.490465
-0.457398 0.490386
-0.232668 0.490345
-0.077277 0.490230
-0.030163 0.490228
-0.417012 0.490218
-0.281665 0.490181
0.409103 0.490141
0.006347 0.490080
-0.404485 0.490057
-0.010752 0.489959
-0.229610 0.489957
-0.369681 0.489957
-0.075355 0.489957
-0.372340 0.489957
-0.109043 0.489957
-0.462766 0.489957
-0.099291 0.489957
0.281028 0.489957
-0.150709 0.489957
0.142730 0.489957
0.149823 0.489957
-0.234929 0.489957
-0.113475 0.489957
0.070922 0.489957
-0.347518 0.489957
-0.414007 0.489957
-0.481383 0.489957
-0.435284 0.489957
-0.040463 0.489874
-0.392387 0.489866
-0.111590 0.489795
-0.036721 0.489647
0.436758 0.489602
-0.340676 0.489444
0.408502 0.489325
0.252284 0.489304
-0.022104 0.489283
0.025709 0.489240
-0.241135 0.489240
-0.027482 0.489240
-0.313830 0.489240
-0.281028 0.489240
0.340426 0.489240
0.191489 0.489240
-0.072695 0.489240
-0.223404 0.489240
0.222518 0.489240
0.245567 0.489240
-0.230496 0.489240
0.270390 0.489240
-0.245567 0.489240
-0.460993 0.489240
-0.209220 0.489240
-0.379433 0.489240
0.432624 0.489240
-0.250000 0.489240
-0.499113 0.489240
0.460993 0.489240
-0.457447 0.489240
0.090426 0.489240
0.152482 0.489240
0.298759 0.489240
0.020913 0.489121
0.161422 0.489089
-0.118995 0.489079
-0.234762 0.488831
-0.396845 0.488786
-0.011722 0.488719
-0.282494 0.488698
0.200624 0.488665
0.334672 0.488539
0.161348 0.488522
-0.117908 0.488522
-0.053191 0.488522
-0.492021 0.488522
-0.213652 0.488522
0.347518 0.488522
-0.414007 0.488522
0.262411 0.488522
-0.440603 0.488522
-0.046986 0.488522
-0.492908 0.488522
-0.031915 0.488522
-0.119681 0.488522
0.232270 0.488522
0.199468 0.488522
0.255319 0.488522
-0.160461 0.488522
-0.019504 0.488522
-0.224291 0.488522
0.101950 0.488522
0.149823 0.488522
0.214539 0.488522
0.449593 0.488522
0.121178 0.488391
-0.076787 0.488325
-0.467390 0.488231
-0.223775 0.488121
-0.284087 0.488078
-0.008723 0.488070
-0.272058 0.487947
-0.106873 0.487868
-0.234140 0.487866
-0.390071 0.487805
-0.442376 0.487805
-0.024823 0.487805
-0.074468 0.487805
0.215426 0.487805
0.179078 0.487805
-0.009752 0.487805
0.039007 0.487805
0.195035 0.487805
-0.338652 0.487805
-0.428191 0.487805
0.113475 0.487805
0.490248 0.487805
0.485816 0.487805
0.081560 0.487805
0.276596 0.487805
-0.234043 0.487805
0.429078 0.487805
0.205674 0.487805
0.354610 0.487805
0.147163 0.487805
-0.209220 0.487805
-0.427305 0.487805
0.238475 0.487805
-0.140071 0.487805
-0.099291 0.487805
-0.218085 0.487805
-0.239362 0.487805
0.363475 0.487805
0.372340 0.487805
0.208333 0.487805
-0.429078 0.487805
-0.276596 0.487805
-0.410264 0.487787
0.491099 0.487763
0.074773 0.487757
-0.117636 0.487687
-0.433184 0.487668
-0.336306 0.487622
0.492379 0.487577
-0.295415 0.487551
-0.028790 0.487512
-0.227221 0.487498
0.484401 0.487486
0.194466 0.487476
-0.245302 0.487473
-0.426260 0.487312
-0.415853 0.487302
-0.349320 0.487297
-0.103737 0.487293
0.500853 0.487272
0.080817 0.487180
0.280998 0.487094
-0.071809 0.487088
0.390957 0.487088
0.161348 0.487088
0.337766 0.487088
-0.287234 0.487088
-0.244681 0.487088
-0.249113 0.487088
0.050532 0.487088
0.286348 0.487088
-0.453901 0.487088
0.061170 0.487088
0.235816 0.487088
-0.213652 0.487088
-0.422872 0.487088
-0.344858 0.487088
-0.456562 0.487061
0.114978 0.487041
-0.031345 0.487034
0.285798 0.486940
-0.091063 0.486866
-0.459015 0.486818
0.382432 0.486706
0.295051 0.486582
-0.412308 0.486438
0.495567 0.486370
0.411348 0.486370
-0.284574 0.486370
0.344858 0.486370
0.002660 0.486370
0.270390 0.486370
-0.375000 0.486370
-0.434397 0.486370
0.042553 0.486370
-0.149823 0.486370
0.119681 0.486370
0.023936 0.486370
0.192376 0.486370
-0.109043 0.486370
-0.418440 0.486370
-0.351064 0.486370
-0.104610 0.486370
0.312057 0.486370
-0.113475 0.486370
0.072695 0.486370
-0.237589 0.486370
-0.462766 0.486370
-0.498227 0.486370
-0.170213 0.486370
-0.017730 0.486370
-0.209220 0.486370
0.053191 0.486370
0.153318 0.486366
-0.444455 0.486354
0.207255 0.486281
-0.215087 0.486188
-0.245274 0.486065
-0.225797 0.486061
-0.244625 0.486004
-0.198754 0.485917
-0.489777 0.485901
0.034078 0.485894
-0.293396 0.485828
0.075353 0.485813
-0.246330 0.485762
-0.379862 0.485758
-0.118128 0.485661
-0.242908 0.485653
-0.448582 0.485653
-0.460993 0.485653
0.323582 0.485653
0.405142 0.485653
-0.023050 0.485653
0.017730 0.485653
0.012411 0.485653
0.018617 0.485653
-0.132979 0.485653
0.468085 0.485653
-0.148909 0.485640
0.113628 0.485460
-0.373709 0.485385
0.044314 0.484970
-0.108975 0.484952
-0.028369 0.484935
-0.159574 0.484935
-0.401596 0.484935
0.250000 0.484935
-0.439716 0.484935
-0.248227 0.484935
-0.459220 0.484935
0.257092 0.484935
-0.291667 0.484935
0.228723 0.484935
-0.409574 0.484935
-0.070922 0.484935
0.170213 0.484935
0.335106 0.484935
0.409574 0.484935
0.264184 0.484935
0.031915 0.484935
-0.254433 0.484935
-0.252660 0.484935
0.195922 0.484935
-0.117908 0.484935
-0.195922 0.484935
-0.280142 0.484935
0.281915 0.484935
-0.042553 0.484935
-0.358156 0.484935
-0.335106 0.484935
0.206159 0.484761
-0.288606 0.484755
-0.015646 0.484738
0.066579 0.484694
-0.215368 0.484602
-0.156530 0.484567
-0.490552 0.484502
0.337761 0.484408
-0.377660 0.484218
-0.405142 0.484218
0.080674 0.484218
-0.386525 0.484218
-0.115248 0.484218
-0.037234 0.484218
-0.104610 0.484218
-0.106383 0.484218
-0.105496 0.484218
0.299645 0.484218
-0.110816 0.484218
0.490248 0.484218
-0.267730 0.484218
0.137411 0.484218
0.445035 0.484218
0.112589 0.484218
0.128546 0.484218
0.240680 0.484138
0.253841 0.484111
0.134518 0.484065
0.202033 0.484005
0.228138 0.483954
0.230171 0.483927
0.456106 0.483890
-0.029005 0.483767
-0.116936 0.483763
-0.430868 0.483721
-0.106985 0.483676
0.229344 0.483628
-0.219659 0.483582
-0.125887 0.483501
0.242908 0.483501
-0.365248 0.483501
-0.122340 0.483501
-0.124113 0.483501
0.442376 0.483501
-0.289007 0.483501
0.280142 0.483501
0.232270 0.483501
-0.367908 0.483501
-0.271277 0.483501
0.226950 0.483501
-0.370567 0.483501
0.419326 0.483501
-0.475177 0.483501
0.136525 0.483501
-0.493794 0.483501
-0.195922 0.483501
0.062943 0.483501
-0.125541 0.483404
-0.348737 0.483053
-0.253219 0.483032
0.093373 0.482972
-0.169326 0.482783
-0.455674 0.482783
0.454787 0.482783
-0.119681 0.482783
-0.286348 0.482783
-0.092199 0.482783
-0.445922 0.482783
-0.381206 0.482783
0.071809 0.482783
0.397163 0.482783
-0.251773 0.482783
-0.010638 0.482783
-0.089539 0.482783
-0.414007 0.482783
0.093972 0.482783
0.414739 0.482749
-0.362569 0.482592
0.019505 0.482423
0.284952 0.482377
0.234725 0.482362
0.203495 0.482324
-0.384728 0.482111
0.034574 0.482066
0.030142 0.482066
0.225177 0.482066
-0.244681 0.482066
0.461879 0.482066
-0.283688 0.482066
-0.337766 0.482066
-0.104610 0.482066
0.230496 0.482066
0.116135 0.482066
0.235816 0.482066
0.277482 0.482066
-0.117021 0.482066
-0.112589 0.482066
-0.108156 0.482066
0.105496 0.482066
-0.331560 0.482066
0.141844 0.482066
-0.106383 0.482066
-0.105496 0.482066
0.196809 0.482066
0.287234 0.482066
-0.107270 0.482066
0.390261 0.482018
-0.259307 0.481844
-0.261347 0.481827
-0.108822 0.481804
-0.444887 0.481776
0.071903 0.481730
-0.401401 0.481700
0.410776 0.481665
0.393663 0.481550
0.078412 0.481396
-0.250000 0.481349
-0.293440 0.481349
-0.373227 0.481349
-0.084220 0.481349
-0.060284 0.481349
0.435284 0.481349
0.156915 0.481349
0.203014 0.481349
-0.498227 0.481349
0.273050 0.481349
0.474291 0.481349
-0.338652 0.481349
0.102892 0.481343
-0.414646 0.481291
-0.012320 0.481192
-0.094745 0.480935
-0.249405 0.480840
-0.047554 0.480814
-0.257659 0.480764
-0.049828 0.480668
0.285461 0.480631
0.218085 0.480631
0.382979 0.480631
0.154255 0.480631
-0.033688 0.480631
-0.276596 0.480631
0.486702 0.480631
0.494681 0.480631
-0.344858 0.480631
-0.182624 0.480631
-0.179078 0.480631
-0.489362 0.480631
-0.488475 0.480631
-0.452128 0.480631
-0.180851 0.480631
-0.487589 0.480631
-0.257092 0.480631
0.053191 0.480631
-0.255319 0.480631
0.209220 0.480631
-0.258865 0.480631
0.111702 0.480631
0.272783 0.480463
-0.140461 0.480302
-0.419339 0.480299
0.474929 0.480287
0.259471 0.480151
-0.365673 0.480150
0.210106 0.479914
-0.350177 0.479914
0.045213 0.479914
0.266844 0.479914
-0.257092 0.479914
-0.262411 0.479914
0.062057 0.479914
0.431738 0.479914
0.494681 0.479914
-0.474291 0.479914
-0.255319 0.479914
0.081560 0.479914
-0.226749 0.479866
-0.121838 0.479860
-0.338363 0.479829
0.033409 0.479751
-0.194769 0.479671
0.499389 0.479619
-0.298689 0.479583
0.041052 0.479579
0.073027 0.479572
-0.074707 0.479539
-0.286740 0.479490
-0.266693 0.479378
0.104490 0.479346
-0.442116 0.479303
-0.334399 0.479250
-0.297872 0.479197
-0.409574 0.479197
0.409574 0.479197
-0.255319 0.479197
-0.393617 0.479197
0.070922 0.479197
0.283688 0.479197
0.243794 0.479197
-0.079787 0.479197
0.210993 0.479197
-0.003546 0.479197
-0.265957 0.479197
0.165780 0.479197
0.028369 0.479197
0.494681 0.479197
-0.375887 0.479197
0.037234 0.479197
0.032801 0.479197
-0.334220 0.479197
-0.253546 0.479197
-0.355496 0.479197
-0.222518 0.479197
-0.015071 0.479197
0.221541 0.478986
-0.130169 0.478924
0.176843 0.478888
-0.050367 0.478849
0.135521 0.478827
0.394783 0.478697
-0.334040 0.478679
-0.019027 0.478623
-0.396437 0.478596
0.406843 0.478562
-0.276473 0.478557
-0.208466 0.478527
-0.032360 0.478524
-0.253546 0.478479
-0.397163 0.478479
0.028369 0.478479
0.006206 0.478479
0.023050 0.478479
-0.405142 0.478479
0.032801 0.478479
0.104610 0.478479
-0.142730 0.478479
-0.493794 0.478479
-0.216312 0.478479
-0.204787 0.478479
0.115248 0.478479
-0.456321 0.478417
0.212597 0.478378
0.202768 0.478347
-0.377708 0.478323
-0.467984 0.478299
0.413724 0.478264
-0.393251 0.478099
0.279140 0.478081
-0.285303 0.478066
0.238438 0.478048
-0.382713 0.477971
0.169907 0.477967
-0.049645 0.477762
-0.251773 0.477762
0.281028 0.477762
0.185284 0.477762
-0.362589 0.477762
0.236702 0.477762
-0.365248 0.477762
0.023050 0.477762
0.017730 0.477762
-0.388298 0.477762
-0.280142 0.477762
0.016844 0.477762
-0.400709 0.477762
0.151596 0.477762
-0.379433 0.477762
0.028369 0.477762
0.015957 0.477762
-0.211879 0.477762
0.307624 0.477762
-0.226064 0.477762
0.269306 0.477331
0.013843 0.477229
0.285787 0.477102
-0.361753 0.477066
0.224291 0.477044
-0.044326 0.477044
-0.119681 0.477044
0.491135 0.477044
-0.486702 0.477044
-0.487589 0.477044
-0.097518 0.477044
0.261525 0.477044
-0.017730 0.477044
0.254433 0.477044
-0.325355 0.477044
-0.152482 0.477044
0.318262 0.477044
0.014105 0.476957
0.115245 0.476956
0.215074 0.476812
-0.369239 0.476785
-0.444290 0.476695
0.008055 0.476555
0.484942 0.476413
-0.257238 0.476390
-0.068262 0.476327
-0.023050 0.476327
-0.076241 0.476327
0.329787 0.476327
0.401596 0.476327
0.491135 0.476327
0.247340 0.476327
-0.271277 0.476327
0.234929 0.476327
0.229610 0.476327
-0.112589 0.476327
-0.498227 0.476327
0.286348 0.476327
-0.110816 0.476327
-0.125887 0.476327
0.278369 0.476327
0.107270 0.476327
-0.336879 0.476327
0.136525 0.476327
0.118794 0.476327
0.448582 0.476327
-0.135638 0.476327
-0.382979 0.476327
-0.117021 0.476327
0.097518 0.476327
-0.326241 0.476327
-0.424645 0.476327
-0.039007 0.476327
-0.423759 0.476327
-0.124113 0.476327
-0.111702 0.476327
-0.416667 0.476327
-0.406212 0.476262
0.400703 0.476200
0.283162 0.476024
-0.413062 0.475967
-0.247840 0.475848
0.181424 0.475810
-0.076319 0.475752
0.115942 0.475732
0.446015 0.475675
0.010612 0.475614
-0.367908 0.475610
-0.287234 0.475610
0.005319 0.475610
0.217199 0.475610
-0.268617 0.475610
0.421986 0.475610
-0.445922 0.475610
-0.308511 0.475610
-0.007979 0.475610
-0.455674 0.475610
-0.337766 0.475610
0.295213 0.475610
0.126773 0.475610
0.135638 0.475610
-0.419326 0.475610
-0.257092 0.475610
0.455674 0.475610
-0.191489 0.475610
-0.244681 0.475610
0.273936 0.475610
-0.397351 0.475609
0.035052 0.475584
0.460707 0.475573
-0.113231 0.475548
0.086119 0.475485
0.017513 0.475212
-0.100223 0.475069
-0.244304 0.475065
0.027448 0.474976
0.176418 0.474892
0.021277 0.474892
-0.429078 0.474892
-0.492021 0.474892
0.374113 0.474892
0.071809 0.474892
0.284574 0.474892
-0.284574 0.474892
0.015957 0.474892
-0.260638 0.474892
0.035461 0.474892
-0.255319 0.474892
-0.395390 0.474892
-0.403369 0.474892
0.365248 0.474892
0.015071 0.474892
-0.338652 0.474892
0.462766 0.474892
0.269504 0.474892
0.134752 0.474892
-0.469858 0.474892
0.036183 0.474882
-0.397972 0.474859
-0.334001 0.474817
0.022226 0.474794
-0.360241 0.474775
-0.254656 0.474773
-0.399680 0.474703
-0.258498 0.474608
-0.145979 0.474522
0.206003 0.474358
0.000921 0.474219
0.033985 0.474195
-0.468085 0.474175
0.100177 0.474175
-0.158688 0.474175
0.441489 0.474175
-0.164007 0.474175
0.343085 0.474175
0.475177 0.474175
0.031028 0.474175
0.046099 0.474175
-0.343972 0.474175
-0.253546 0.474175
0.110816 0.474175
-0.398936 0.474175
0.197695 0.474175
-0.416558 0.474152
0.000276 0.474110
0.117474 0.473932
0.040217 0.473926
-0.410727 0.473922
-0.073279 0.473909
-0.320597 0.473705
-0.361355 0.473597
-0.381241 0.473531
-0.485816 0.473458
0.393617 0.473458
-0.291667 0.473458
-0.349291 0.473458
-0.434397 0.473458
0.161348 0.473458
0.070922 0.473458
0.237589 0.473458
-0.276596 0.473458
0.487589 0.473458
0.002660 0.473458
0.038121 0.473458
-0.297872 0.473458
0.085106 0.473458
0.281915 0.473458
-0.452128 0.473458
0.450355 0.473458
-0.328901 0.473458
-0.390071 0.473458
0.203901 0.473458
0.054078 0.473458
0.189716 0.473458
-0.049645 0.473458
-0.329971 0.473374
-0.494280 0.473318
-0.031675 0.473289
-0.007613 0.473243
0.398900 0.473081
-0.379049 0.473079
0.039674 0.473028
-0.342471 0.472871
-0.114857 0.472859
-0.207996 0.472809
-0.364918 0.472753
0.455085 0.472748
0.333333 0.472740
-0.273936 0.472740
0.062943 0.472740
-0.412234 0.472740
0.204787 0.472740
-0.354610 0.472740
-0.057624 0.472740
0.408688 0.472740
-0.371454 0.472740
0.457447 0.472740
-0.329787 0.472740
-0.185284 0.472740
-0.187057 0.472740
-0.044326 0.472740
-0.049156 0.472710
-0.324247 0.472657
-0.142918 0.472633
0.450724 0.472552
0.242759 0.472541
0.463519 0.472476
0.228701 0.472476
-0.186867 0.472424
-0.445868 0.472361
0.306189 0.472318
0.462808 0.472278
-0.345120 0.472178
-0.352292 0.472084
0.223404 0.472023
0.434397 0.472023
0.146277 0.472023
0.450355 0.472023
-0.012411 0.472023
0.235816 0.472023
0.102837 0.472023
-0.359929 0.472023
-0.090426 0.472023
-0.319149 0.472023
-0.271277 0.472023
0.014184 0.472023
-0.028369 0.472023
-0.052305 0.472023
0.264184 0.472023
-0.173759 0.472023
0.268506 0.472004
-0.133055 0.471996
0.164669 0.471922
0.150033 0.471841
0.029676 0.471784
-0.317034 0.471751
0.259895 0.471745
0.273903 0.471695
0.365152 0.471662
0.452658 0.471636
0.001565 0.471443
0.393617 0.471306
0.265957 0.471306
0.228723 0.471306
-0.263298 0.471306
-0.375000 0.471306
-0.005319 0.471306
-0.320035 0.471306
0.276596 0.471306
0.457447 0.471306
0.022163 0.471306
-0.251773 0.471306
0.104516 0.471184
0.274409 0.471097
0.259911 0.471036
0.023143 0.470888
-0.482875 0.470876
0.394444 0.470852
0.045052 0.470673
-0.176605 0.470632
-0.281028 0.470588
0.241135 0.470588
0.158688 0.470588
0.467199 0.470588
0.285461 0.470588
-0.320922 0.470588
0.452128 0.470588
0.140957 0.470588
-0.255319 0.470588
0.072695 0.470588
0.234043 0.470588
-0.397163 0.470588
-0.200355 0.470588
0.033688 0.470588
-0.117021 0.470588
-0.385638 0.470588
0.272163 0.470588
0.435516 0.470515
0.059555 0.470500
0.204333 0.470452
0.049864 0.470342
-0.395891 0.470323
0.050660 0.470305
-0.404314 0.470281
-0.114497 0.470188
0.413229 0.470145
0.332054 0.470090
0.038037 0.469937
0.011525 0.469871
-0.308511 0.469871
-0.085993 0.469871
-0.278369 0.469871
0.443262 0.469871
0.400709 0.469871
0.479610 0.469871
-0.015071 0.469871
-0.105496 0.469871
-0.207447 0.469871
-0.121454 0.469871
-0.176418 0.469871
0.294326 0.469871
0.140071 0.469871
0.451677 0.469825
-0.067982 0.469713
-0.277056 0.469713
0.011924 0.469686
0.419899 0.469643
0.071714 0.469606
0.148054 0.469479
-0.010840 0.469477
-0.405669 0.469467
-0.283579 0.469392
0.207890 0.469352
-0.416948 0.469299
0.421099 0.469154
-0.363475 0.469154
0.480496 0.469154
0.071809 0.469154
0.036348 0.469154
-0.027482 0.469154
0.239362 0.469154
0.171986 0.469154
0.452128 0.469154
-0.049645 0.469154
-0.125887 0.469154
0.393617 0.469154
0.303191 0.469154
0.258865 0.469154
-0.145390 0.469154
-0.214539 0.469154
-0.135638 0.469154
0.458430 0.469053
-0.052291 0.469040
-0.088383 0.468954
0.254743 0.468861
0.063582 0.468850
-0.259498 0.468836
0.292497 0.468796
-0.293630 0.468686
-0.323464 0.468633
0.167727 0.468592
-0.028519 0.468516
0.237306 0.468480
0.491135 0.468436
0.260638 0.468436
0.015071 0.468436
0.313830 0.468436
0.280142 0.468436
0.251773 0.468436
-0.406028 0.468436
-0.261525 0.468436
-0.481383 0.468436
0.208333 0.468436
-0.363310 0.468261
0.451309 0.468252
-0.011233 0.468121
-0.052751 0.468012
0.199635 0.467946
0.261960 0.467945
0.008682 0.467927
-0.009596 0.467893
-0.089097 0.467841
0.156028 0.467719
-0.355496 0.467719
-0.291667 0.467719
0.170213 0.467719
0.324468 0.467719
-0.065603 0.467719
0.452128 0.467719
-0.081560 0.467719
0.039007 0.467719
-0.285461 0.467719
0.008865 0.467719
-0.297872 0.467719
-0.017730 0.467719
0.262411 0.467719
0.384752 0.467719
-0.073582 0.467719
0.070922 0.467719
0.244681 0.467719
0.024823 0.467719
0.400709 0.467719
-0.195922 0.467719
-0.392730 0.467719
0.120567 0.467719
-0.009752 0.467719
-0.052305 0.467719
-0.253546 0.467719
-0.140915 0.467705
0.445763 0.467700
0.258243 0.467671
-0.144686 0.467636
0.386238 0.467489
0.161137 0.467413
-0.463580 0.467388
0.404197 0.467303
0.041273 0.467081
0.046986 0.467001
-0.360816 0.467001
0.461879 0.467001
0.062943 0.467001
-0.014184 0.467001
-0.060284 0.467001
0.268617 0.467001
0.128546 0.467001
-0.233156 0.467001
-0.119681 0.467001
0.290780 0.467001
-0.340426 0.467001
-0.199468 0.467001
-0.371494 0.466854
-0.296495 0.466835
-0.305585 0.466592
0.095783 0.466512
-0.378386 0.466493
-0.239573 0.466412
0.238475 0.466284
0.407801 0.466284
-0.345745 0.466284
0.150709 0.466284
-0.452128 0.466284
0.274823 0.466284
-0.054965 0.466284
0.471631 0.466284
-0.492021 0.466284
-0.367021 0.466284
0.054965 0.466284
0.285461 0.466284
0.012411 0.466284
0.198582 0.466284
-0.414894 0.466284
0.422872 0.466284
0.299645 0.466284
-0.151596 0.466284
-0.206560 0.466284
-0.124113 0.466284
-0.129835 0.466171
0.261236 0.466127
-0.006018 0.466003
-0.394084 0.465946
0.292007 0.465892
0.443541 0.465781
0.325459 0.465606
0.068262 0.465567
-0.417553 0.465567
0.396277 0.465567
0.487589 0.465567
0.301418 0.465567
-0.118794 0.465567
0.112589 0.465567
0.000887 0.465567
0.384752 0.465567
0.472518 0.465567
0.190603 0.465567
0.250887 0.465567
-0.377660 0.465567
-0.333333 0.465567
0.053600 0.465514
-0.249104 0.465170
-0.014403 0.465131
-0.118139 0.465113
0.029719 0.464940
0.241305 0.464931
-0.333032 0.464925
-0.065250 0.464888
0.167553 0.464849
-0.016844 0.464849
0.243794 0.464849
-0.485816 0.464849
0.302305 0.464849
0.060284 0.464849
-0.420213 0.464849
-0.140957 0.464849
0.145390 0.464849
-0.251773 0.464849
0.197695 0.464849
-0.191489 0.464849
0.473404 0.464849
-0.388298 0.464849
-0.464539 0.464849
0.136525 0.464849
-0.131206 0.464849
-0.098404 0.464849
0.214539 0.464849
-0.117908 0.464849
0.182624 0.464849
0.015957 0.464849
0.302434 0.464793
-0.481852 0.464746
0.294733 0.464608
-0.170625 0.464587
-0.440879 0.464533
-0.419284 0.464304
0.057263 0.464228
0.287406 0.464212
-0.500000 0.464132
-0.440603 0.464132
-0.364362 0.464132
0.312943 0.464132
0.043440 0.464132
0.055851 0.464132
0.403369 0.464132
-0.280142 0.464132
0.328014 0.464132
0.280142 0.464132
-0.111702 0.464132
-0.195035 0.464132
0.234929 0.464132
0.388298 0.464132
0.189716 0.464132
0.407574 0.464104
-0.008703 0.463968
-0.048380 0.463930
0.182891 0.463689
0.326693 0.463597
-0.092049 0.463445
0.052459 0.463423
0.409574 0.463415
0.052305 0.463415
-0.093085 0.463415
0.043440 0.463415
0.180851 0.463415
0.051418 0.463415
-0.424645 0.463415
-0.402482 0.463415
0.226064 0.463415
-0.324468 0.463415
-0.423759 0.463415
-0.007092 0.463415
0.296099 0.463415
-0.157801 0.463415
-0.122340 0.463415
-0.476950 0.463415
-0.168440 0.463415
0.196809 0.463415
-0.198582 0.463415
-0.144504 0.463415
0.065603 0.463415
-0.163121 0.463415
0.067943 0.463367
-0.500130 0.463332
-0.304724 0.463315
-0.362361 0.463246
0.202742 0.462891
-0.117444 0.462885
0.120454 0.462884
-0.086394 0.462810
-0.413626 0.462740
0.231383 0.462697
0.325355 0.462697
-0.088652 0.462697
-0.318262 0.462697
0.297872 0.462697
0.061170 0.462697
0.290780 0.462697
-0.011525 0.462697
0.092199 0.462697
0.104610 0.462697
-0.302093 0.462601
0.119786 0.462547
0.402360 0.462516
-0.161937 0.462444
-0.252005 0.462419
-0.205141 0.462407
0.233975 0.462391
-0.185823 0.462307
0.150848 0.462298
0.288599 0.462247
-0.187714 0.462223
0.471440 0.462197
0.190632 0.462165
0.225037 0.462141
-0.427305 0.461980
0.242908 0.461980
0.285461 0.461980
-0.293440 0.461980
-0.361702 0.461980
0.375887 0.461980
-0.429078 0.461980
0.056738 0.461980
-0.428191 0.461980
-0.287234 0.461980
0.070922 0.461980
0.398936 0.461980
0.299645 0.461980
-0.015957 0.461980
0.179078 0.461980
0.103723 0.461980
-0.413121 0.461980
0.280142 0.461980
-0.182624 0.461980
-0.121454 0.461980
0.202128 0.461980
-0.319149 0.461980
-0.129433 0.461980
0.435284 0.461980
0.061197 0.461919
-0.140651 0.461711
-0.232773 0.461456
-0.310894 0.461403
-0.363829 0.461371
0.197779 0.461298
0.353723 0.461263
0.405142 0.461263
0.429078 0.461263
0.053191 0.461263
0.300532 0.461263
-0.366135 0.461263
0.453014 0.461263
-0.411348 0.461263
-0.415780 0.461263
-0.171099 0.461263
0.184397 0.461263
0.262411 0.461263
0.480496 0.461263
-0.473966 0.461123
0.298691 0.461088
0.290350 0.461053
0.400771 0.461003
0.184937 0.460972
-0.112084 0.460947
0.115310 0.460935
-0.122886 0.460794
-0.147237 0.460667
-0.369936 0.460644
0.382248 0.460557
0.331560 0.460545
0.047872 0.460545
0.390957 0.460545
0.379433 0.460545
-0.307624 0.460545
0.462766 0.460545
0.264184 0.460545
0.094858 0.460545
0.301418 0.460545
-0.398936 0.460545
-0.351950 0.460545
-0.084220 0.460545
-0.120567 0.460545
0.048759 0.460545
-0.376773 0.460545
-0.136525 0.460545
-0.193262 0.460545
0.411348 0.460545
0.049645 0.460545
-0.449468 0.460545
-0.150709 0.460545
0.290780 0.460545
0.191489 0.460545
0.201241 0.460545
-0.396955 0.460347
-0.324302 0.460270
-0.196061 0.460191
0.329726 0.460135
-0.168394 0.460119
-0.413699 0.460091
-0.166239 0.460001
0.288038 0.459977
0.483980 0.459953
-0.200535 0.459950
0.331023 0.459931
0.067343 0.459928
0.398936 0.459828
0.079787 0.459828
0.063830 0.459828
0.239362 0.459828
-0.217199 0.459828
0.444149 0.459828
-0.040780 0.459828
0.155142 0.459828
-0.419326 0.459828
0.270390 0.459828
-0.081560 0.459828
0.047872 0.459828
0.141844 0.459828
0.068262 0.459828
0.001773 0.459828
-0.481383 0.459828
-0.119681 0.459828
0.182624 0.459828
-0.196809 0.459828
0.285461 0.459828
0.048759 0.459828
0.299287 0.459821
0.217062 0.459811
0.143759 0.459797
-0.160874 0.459668
-0.049401 0.459619
0.430161 0.459617
-0.344614 0.459544
-0.103886 0.459529
-0.338734 0.459495
0.462047 0.459480
-0.419732 0.459399
0.160588 0.459362
0.410975 0.459306
0.240526 0.459275
0.192707 0.459255
0.031920 0.459213
0.299518 0.459211
0.059397 0.459110
-0.304965 0.459110
-0.363475 0.459110
-0.118794 0.459110
-0.342199 0.459110
-0.173759 0.459110
-0.157801 0.459110
0.313830 0.459110
0.328901 0.459110
0.047872 0.459110
-0.140071 0.459110
0.469858 0.459110
0.405142 0.459110
0.382979 0.459110
-0.184397 0.459110
-0.163121 0.459110
0.122340 0.459110
-0.040387 0.459071
0.062879 0.459053
0.045070 0.459035
0.282350 0.458955
-0.124964 0.458953
0.469733 0.458829
-0.118611 0.458802
0.483539 0.458798
0.397174 0.458665
-0.439107 0.458637
-0.370324 0.458628
0.377000 0.458472
0.078901 0.458393
0.328901 0.458393
-0.069149 0.458393
-0.437943 0.458393
-0.077128 0.458393
-0.112589 0.458393
0.470745 0.458393
0.257979 0.458393
0.298759 0.458393
0.032801 0.458393
0.005319 0.458393
0.390957 0.458393
0.149823 0.458393
0.310757 0.458097
0.048897 0.458023
0.064560 0.457999
-0.107938 0.457987
0.072652 0.457891
0.147289 0.457870
0.078339 0.457709
-0.335106 0.457676
-0.394504 0.457676
-0.235816 0.457676
0.300532 0.457676
0.058511 0.457676
-0.006206 0.457676
0.398936 0.457676
0.205674 0.457676
-0.411348 0.457676
-0.143617 0.457676
0.326241 0.457676
0.235816 0.457676
-0.154255 0.457676
0.192376 0.457676
0.487589 0.457676
-0.106383 0.457676
0.285461 0.457676
0.186170 0.457676
-0.135678 0.457600
-0.483291 0.457600
0.445883 0.457541
0.062808 0.457449
-0.460101 0.457428
-0.457926 0.457359
-0.149299 0.457166
-0.172732 0.457072
0.166667 0.456958
-0.433511 0.456958
-0.459220 0.456958
-0.272163 0.456958
0.478723 0.456958
-0.409574 0.456958
0.326241 0.456958
-0.064716 0.456958
0.054965 0.456958
0.180851 0.456958
-0.010638 0.456958
-0.165780 0.456958
-0.209220 0.456958
-0.125000 0.456958
0.035461 0.456958
0.301418 0.456958
-0.479610 0.456958
0.130319 0.456958
0.117123 0.456922
-0.102747 0.456921
-0.484185 0.456754
-0.398118 0.456540
0.331682 0.456515
-0.042598 0.456498
-0.422816 0.456485
-0.213325 0.456470
-0.411113 0.456448
-0.426936 0.456426
0.066489 0.456241
0.062057 0.456241
-0.328014 0.456241
-0.485816 0.456241
-0.365248 0.456241
-0.407801 0.456241
-0.195035 0.456241
0.070922 0.456241
-0.289007 0.456241
0.326241 0.456241
0.217199 0.456241
-0.474291 0.456241
-0.059397 0.456241
-0.101064 0.456241
0.232270 0.456241
-0.175532 0.456241
0.125000 0.456241
-0.114362 0.456241
-0.385638 0.456241
0.114362 0.456241
0.054078 0.456241
-0.046099 0.456241
-0.320057 0.456200
0.381238 0.456154
-0.405807 0.456136
0.472202 0.456122
0.062443 0.456120
0.201519 0.456036
0.127414 0.456024
0.418675 0.455934
-0.101972 0.455899
-0.018711 0.455852
0.395604 0.455722
0.417553 0.455524
0.494681 0.455524
-0.123227 0.455524
-0.124113 0.455524
-0.136525 0.455524
-0.132092 0.455524
-0.114362 0.455524
-0.108156 0.455524
0.023936 0.455524
-0.238475 0.455524
0.293440 0.455524
-0.471631 0.455524
0.275709 0.455524
0.313830 0.455524
0.483655 0.455493
-0.132897 0.455384
-0.136580 0.455343
-0.010754 0.455305
-0.426480 0.455292
0.304858 0.455193
-0.430024 0.455110
0.070879 0.454989
-0.409491 0.454902
0.226572 0.454893
0.095799 0.454809
0.061170 0.454806
0.313830 0.454806
-0.186170 0.454806
0.453901 0.454806
-0.157801 0.454806
0.138298 0.454806
0.065603 0.454806
-0.446809 0.454806
-0.122340 0.454806
-0.095745 0.454806
-0.015071 0.454806
-0.322695 0.454806
-0.048759 0.454806
0.228723 0.454806
0.250000 0.454806
-0.409574 0.454806
-0.147163 0.454806
0.187057 0.454806
-0.108156 0.454806
0.184397 0.454806
0.230494 0.454769
-0.295270 0.454747
-0.082075 0.454684
-0.190268 0.454617
0.490719 0.454617
0.498391 0.454551
-0.431289 0.454529
-0.112405 0.454493
-0.310043 0.454453
0.316454 0.454375
-0.145277 0.454361
0.069861 0.454242
-0.146475 0.454151
-0.119477 0.454118
-0.407801 0.454089
0.232270 0.454089
-0.140071 0.454089
0.196809 0.454089
0.411348 0.454089
-0.203901 0.454089
0.120567 0.454089
-0.051418 0.454089
-0.091312 0.454089
0.207447 0.454089
-0.355496 0.454089
0.132979 0.454089
-0.112926 0.454012
0.218187 0.453992
0.173431 0.453763
-0.012200 0.453746
-0.480403 0.453674
-0.366730 0.453533
-0.404255 0.453372
-0.427305 0.453372
-0.426418 0.453372
0.245567 0.453372
-0.484043 0.453372
-0.300532 0.453372
-0.317376 0.453372
0.445035 0.453372
-0.154255 0.453372
0.460993 0.453372
-0.174645 0.453372
0.106383 0.453372
-0.177305 0.453372
0.060284 0.453372
0.127660 0.453372
0.485816 0.453372
-0.102837 0.453372
-0.262411 0.453372
-0.442376 0.453372
-0.086879 0.453372
0.301418 0.453372
-0.109929 0.453372
0.265957 0.453372
0.146277 0.453372
-0.156028 0.453372
0.271593 0.453360
0.459353 0.453303
-0.114387 0.453271
-0.403183 0.453238
-0.125597 0.453145
0.063943 0.453025
-0.175960 0.452988
-0.105976 0.452710
0.218972 0.452654
-0.029255 0.452654
0.078901 0.452654
0.228723 0.452654
0.039894 0.452654
-0.109929 0.452654
0.016844 0.452654
-0.345745 0.452654
-0.084220 0.452654
0.105496 0.452654
-0.128542 0.452580
0.393712 0.452566
0.187801 0.452446
-0.151079 0.452379
-0.221145 0.452185
0.479097 0.452000
-0.374113 0.451937
-0.117021 0.451937
0.458333 0.451937
-0.314716 0.451937
-0.019504 0.451937
-0.185284 0.451937
-0.154255 0.451937
0.234929 0.451937
0.468085 0.451937
0.182624 0.451937
0.185284 0.451937
0.187943 0.451937
0.104610 0.451937
-0.437943 0.451937
0.154255 0.451937
-0.407801 0.451937
-0.005319 0.451937
-0.152482 0.451937
-0.150709 0.451937
-0.081560 0.451937
0.168440 0.451937
-0.109929 0.451937
0.436170 0.451937
0.254920 0.451908
0.096555 0.451855
0.205725 0.451822
0.237619 0.451754
0.301043 0.451752
-0.400712 0.451706
-0.238878 0.451430
-0.147176 0.451427
0.201241 0.451220
0.123227 0.451220
-0.166667 0.451220
-0.315603 0.451220
-0.143617 0.451220
-0.252660 0.451220
-0.357270 0.451220
0.429965 0.451220
0.242021 0.451220
-0.338652 0.451220
-0.499113 0.451220
-0.418440 0.451220
-0.456560 0.451220
-0.404255 0.451220
0.112589 0.451220
-0.500038 0.451192
-0.155742 0.451118
-0.062410 0.451042
-0.440609 0.450983
0.201086 0.450878
0.434185 0.450874
0.087881 0.450825
-0.174039 0.450824
-0.136312 0.450799
0.086889 0.450657
-0.116463 0.450616
0.126512 0.450558
-0.317456 0.450520
-0.219858 0.450502
-0.136525 0.450502
-0.127660 0.450502
0.228723 0.450502
-0.125887 0.450502
-0.202128 0.450502
0.423759 0.450502
0.209220 0.450502
-0.312057 0.450502
-0.482270 0.450502
-0.400709 0.450502
-0.132092 0.450502
0.218972 0.450502
-0.126773 0.450502
-0.077128 0.450502
0.238475 0.450502
0.465426 0.450502
0.476064 0.450502
0.095745 0.450502
0.261525 0.450502
-0.176418 0.450502
0.454787 0.450502
0.041340 0.450459
-0.298720 0.450446
-0.172713 0.450414
-0.410268 0.450223
0.103147 0.450132
0.194304 0.450120
-0.402599 0.450115
-0.457068 0.450040
-0.376713 0.449911
-0.159338 0.449835
-0.292553 0.449785
-0.476950 0.449785
-0.323582 0.449785
-0.312943 0.449785
-0.403369 0.449785
0.096631 0.449785
-0.009752 0.449785
0.241165 0.449663
-0.104297 0.449631
0.252874 0.449434
-0.136618 0.449255
-0.080934 0.449235
-0.404183 0.449201
0.462766 0.449067
-0.313830 0.449067
-0.399823 0.449067
-0.281028 0.449067
0.484043 0.449067
0.086879 0.449067
-0.471631 0.449067
-0.072695 0.449067
0.118794 0.449067
-0.391844 0.449067
-0.448582 0.449067
-0.101950 0.449067
0.445922 0.449067
-0.081241 0.448900
0.188717 0.448895
-0.291993 0.448775
-0.315846 0.448731
-0.357794 0.448728
0.180218 0.448690
0.096308 0.448592
-0.127887 0.448467
-0.313664 0.448378
-0.468972 0.448350
0.133865 0.448350
0.192376 0.448350
0.087766 0.448350
-0.416667 0.448350
-0.318262 0.448350
-0.222518 0.448350
-0.004433 0.448350
-0.112589 0.448350
0.041667 0.448350
-0.431738 0.448350
-0.362589 0.448350
0.231383 0.448350
-0.079787 0.448350
-0.403812 0.448333
0.244952 0.448184
0.066907 0.448169
-0.212610 0.448162
0.022095 0.448116
-0.112630 0.448033
0.260575 0.447870
0.260392 0.447681
0.203014 0.447633
-0.120567 0.447633
-0.214539 0.447633
0.106383 0.447633
-0.444149 0.447633
0.257092 0.447633
-0.109043 0.447633
-0.398936 0.447633
0.088652 0.447633
-0.068262 0.447633
-0.466312 0.447633
0.459220 0.447633
-0.014184 0.447633
-0.175532 0.447633
-0.088652 0.447633
0.128546 0.447633
-0.390957 0.447633
-0.382979 0.447633
-0.203955 0.447555
-0.305889 0.447335
-0.356615 0.447089
-0.366135 0.446915
0.219858 0.446915
-0.476950 0.446915
-0.075355 0.446915
-0.304078 0.446915
0.210106 0.446915
-0.409574 0.446915
0.105496 0.446915
-0.435284 0.446915
0.100177 0.446915
-0.084220 0.446915
0.141844 0.446915
0.092916 0.446823
-0.296420 0.446794
0.041668 0.446711
0.121965 0.446622
-0.224475 0.446543
-0.459324 0.446493
0.113326 0.446405
-0.075260 0.446392
-0.480285 0.446344
-0.482199 0.446288
0.347437 0.446259
0.043133 0.446235
-0.469858 0.446198
-0.008865 0.446198
-0.316489 0.446198
0.252660 0.446198
-0.199468 0.446198
-0.471631 0.446198
-0.063830 0.446198
-0.349291 0.446198
0.455674 0.446198
0.006206 0.446198
0.031915 0.446198
-0.225177 0.446198
0.234043 0.446198
-0.081560 0.446198
0.264655 0.446158
-0.469216 0.446097
-0.004861 0.446090
0.494688 0.446073
0.158614 0.445847
-0.115231 0.445827
0.236034 0.445786
-0.041699 0.445727
-0.436410 0.445671
-0.119682 0.445627
-0.428306 0.445580
0.212928 0.445561
-0.331549 0.445556
-0.421176 0.445489
0.124113 0.445481
-0.467199 0.445481
-0.217199 0.445481
-0.458333 0.445481
0.112589 0.445481
0.050532 0.445481
-0.404014 0.445476
-0.284329 0.445457
-0.109794 0.445447
-0.068076 0.445217
-0.106551 0.445180
-0.383533 0.445119
-0.456631 0.445091
0.256315 0.444925
0.186800 0.444806
-0.003546 0.444763
-0.425532 0.444763
-0.115248 0.444763
0.248227 0.444763
0.196809 0.444763
-0.209220 0.444763
-0.078014 0.444763
-0.018617 0.444763
0.237589 0.444763
-0.162234 0.444763
-0.463652 0.444763
0.175532 0.444763
0.092199 0.444763
-0.313830 0.444763
0.161348 0.444763
-0.405142 0.444763
0.491135 0.444763
-0.382979 0.444763
-0.384134 0.444641
-0.120249 0.444608
-0.107091 0.444508
-0.080868 0.444479
-0.132288 0.444473
-0.476866 0.444436
0.161119 0.444274
0.279162 0.444209
0.185242 0.444152
0.203901 0.444046
-0.111702 0.444046
0.244681 0.444046
-0.314716 0.444046
0.474291 0.444046
-0.075355 0.444046
-0.055851 0.444046
-0.408495 0.443960
-0.239690 0.443911
-0.007165 0.443874
-0.155849 0.443866
-0.374687 0.443766
-0.183494 0.443738
-0.419815 0.443347
-0.450769 0.443338
0.143082 0.443338
0.341340 0.443332
-0.450355 0.443329
-0.332447 0.443329
-0.108156 0.443329
-0.429078 0.443329
-0.469858 0.443329
-0.042553 0.443329
-0.132979 0.443329
-0.468085 0.443329
-0.128546 0.443329
-0.127660 0.443329
-0.418440 0.443329
-0.296099 0.443329
0.210993 0.443329
-0.471631 0.443329
0.241135 0.443329
0.203901 0.443329
-0.319149 0.443329
-0.126773 0.443329
-0.354610 0.443329
0.186170 0.443329
-0.160461 0.443329
0.275709 0.443329
0.188830 0.443329
0.024823 0.443329
0.088962 0.443309
0.190528 0.443148
0.277363 0.442998
-0.001491 0.442985
0.237753 0.442957
0.061997 0.442876
-0.112818 0.442808
-0.396578 0.442645
-0.039601 0.442618
0.226950 0.442611
0.056738 0.442611
-0.032801 0.442611
-0.095745 0.442611
-0.079787 0.442611
0.471631 0.442611
0.071809 0.442611
0.088652 0.442611
0.210993 0.442611
-0.464539 0.442611
-0.455674 0.442611
-0.386525 0.442611
-0.441489 0.442611
-0.045213 0.442611
-0.394504 0.442611
0.007092 0.442611
-0.284574 0.442611
0.482270 0.442611
-0.375000 0.442611
-0.070922 0.442611
-0.460400 0.442281
0.191642 0.442174
0.344024 0.442089
-0.019812 0.442035
-0.047872 0.441894
0.089539 0.441894
-0.382979 0.441894
0.106383 0.441894
0.264184 0.441894
0.117908 0.441894
0.033688 0.441894
-0.010638 0.441894
-0.411348 0.441894
-0.460993 0.441894
-0.189716 0.441894
0.059397 0.441894
-0.023050 0.441894
-0.273050 0.441894
0.095745 0.441894
0.210993 0.441894
0.129433 0.441894
0.101064 0.441894
-0.239362 0.441894
-0.432624 0.441894
-0.078014 0.441894
-0.054993 0.441824
-0.425482 0.441762
0.457578 0.441630
-0.296478 0.441488
0.266179 0.441467
0.086558 0.441257
-0.467909 0.441231
-0.082999 0.441209
0.256186 0.441184
-0.492908 0.441176
-0.157801 0.441176
-0.171099 0.441176
0.182624 0.441176
0.255319 0.441176
-0.317376 0.441176
-0.305851 0.441176
0.066489 0.441176
-0.397163 0.441176
0.283688 0.441176
-0.156028 0.441176
0.265957 0.441176
-0.251009 0.441136
-0.239643 0.441026
-0.435774 0.440936
-0.014669 0.440920
-0.151162 0.440897
-0.043321 0.440841
-0.327469 0.440831
-0.026221 0.440817
0.088510 0.440812
-0.318658 0.440740
0.214214 0.440691
0.435506 0.440680
0.095734 0.440654
0.110659 0.440480
-0.121454 0.440459
-0.005319 0.440459
0.367908 0.440459
-0.206560 0.440459
0.489362 0.440459
0.229610 0.440459
-0.012411 0.440459
-0.352837 0.440459
-0.058511 0.440459
0.017730 0.440459
-0.081560 0.440459
-0.359929 0.440459
-0.013956 0.440449
-0.405710 0.440448
-0.464658 0.440443
-0.391709 0.440380
0.094503 0.440316
0.372934 0.440230
0.093496 0.440193
0.251966 0.440161
0.098395 0.440149
-0.128356 0.439871
-0.385780 0.439870
0.060129 0.439833
0.186620 0.439806
-0.082316 0.439744
0.193262 0.439742
0.345745 0.439742
0.462766 0.439742
0.247340 0.439742
-0.375000 0.439742
-0.386525 0.439742
-0.117908 0.439742
0.148936 0.439742
-0.207447 0.439742
0.250887 0.439742
-0.263298 0.439742
-0.079787 0.439742
0.434397 0.439742
-0.217199 0.439742
-0.406308 0.439659
-0.175649 0.439655
-0.081794 0.439611
-0.043686 0.439609
0.184251 0.439593
-0.103297 0.439588
-0.035088 0.439588
-0.355025 0.439458
0.182314 0.439421
0.047309 0.439251
-0.232695 0.439124
0.079787 0.439024
0.428191 0.439024
0.259752 0.439024
0.000000 0.439024
0.371454 0.439024
0.243794 0.439024
-0.482270 0.439024
-0.363475 0.439024
0.414007 0.439024
0.093085 0.439024
0.233156 0.439024
-0.035461 0.439024
-0.382092 0.439024
-0.209220 0.439024
0.218085 0.439024
-0.078014 0.439024
-0.315603 0.439024
-0.318263 0.438910
0.188557 0.438811
-0.386309 0.438744
-0.059652 0.438667
-0.072775 0.438571
-0.491135 0.438307
-0.403369 0.438307
-0.025709 0.438307
0.218085 0.438307
0.379433 0.438307
-0.343085 0.438307
0.459220 0.438307
0.029255 0.438307
-0.050532 0.438307
-0.081248 0.438221
0.374606 0.438187
-0.472311 0.438139
-0.261966 0.438132
-0.212790 0.438087
0.381105 0.438042
-0.012260 0.437822
-0.472610 0.437797
-0.048631 0.437785
0.199168 0.437729
0.168440 0.437590
0.343085 0.437590
-0.253546 0.437590
-0.367021 0.437590
0.035461 0.437590
-0.301418 0.437590
-0.390071 0.437590
0.199468 0.437590
-0.016844 0.437590
-0.146277 0.437590
-0.358156 0.437590
-0.398870 0.437398
-0.232671 0.437332
0.373806 0.437327
0.367594 0.437264
0.174046 0.437049
0.474329 0.437044
-0.175532 0.436872
-0.139184 0.436872
-0.385638 0.436872
-0.374113 0.436872
-0.328014 0.436872
-0.101950 0.436872
0.444149 0.436872
0.010638 0.436872
-0.380714 0.436862
0.250460 0.436861
-0.207848 0.436627
-0.269033 0.436613
0.481097 0.436514
-0.353345 0.436491
0.249971 0.436458
-0.065310 0.436425
-0.157289 0.436386
0.193388 0.436320
-0.036530 0.436247
0.080256 0.436192
-0.080674 0.436155
0.480496 0.436155
-0.042553 0.436155
-0.361702 0.436155
-0.127660 0.436155
0.206560 0.436155
-0.411348 0.436155
0.330674 0.436155
-0.129433 0.436155
-0.381206 0.436155
-0.128546 0.436155
-0.203901 0.436155
-0.007092 0.436155
-0.063830 0.436155
0.094858 0.436155
-0.392730 0.436155
0.090426 0.436155
-0.285442 0.436094
0.193944 0.436092
-0.099112 0.435849
-0.461604 0.435773
-0.393732 0.435751
-0.479840 0.435713
0.250020 0.435653
0.426418 0.435438
-0.421986 0.435438
0.102837 0.435438
-0.223404 0.435438
-0.204787 0.435438
0.114362 0.435438
-0.463652 0.435438
-0.391844 0.435438
-0.454787 0.435438
-0.311170 0.435438
-0.078901 0.435438
-0.476950 0.435438
0.034574 0.435438
-0.088652 0.435438
0.496454 0.435438
-0.234043 0.435438
-0.045213 0.435438
0.022163 0.435438
0.097518 0.435438
0.213652 0.435438
-0.322695 0.435438
-0.359327 0.435431
0.486483 0.435410
0.460447 0.435403
-0.001973 0.435275
-0.201075 0.435072
-0.368586 0.434888
-0.157179 0.434846
-0.478274 0.434808
-0.390957 0.434720
0.044326 0.434720
-0.460106 0.434720
-0.028369 0.434720
0.250000 0.434720
0.225177 0.434720
0.246454 0.434720
-0.053191 0.434720
0.253546 0.434720
-0.001773 0.434720
-0.226064 0.434720
0.235816 0.434720
-0.395390 0.434720
-0.356383 0.434720
-0.008865 0.434720
-0.205674 0.434720
-0.166667 0.434720
0.189716 0.434720
0.331671 0.434583
-0.365335 0.434445
0.052741 0.434375
0.411044 0.434319
0.058557 0.434318
-0.388723 0.434288
-0.359589 0.434212
0.481205 0.434185
-0.464269 0.434158
-0.264216 0.434085
0.037234 0.434003
-0.268617 0.434003
0.031028 0.434003
-0.002660 0.434003
-0.386525 0.434003
-0.425532 0.434003
0.175532 0.434003
0.481383 0.434003
0.487589 0.434003
-0.414894 0.434003
-0.207447 0.434003
-0.019504 0.434003
-0.394504 0.434003
-0.090666 0.433999
-0.287422 0.433942
0.497680 0.433939
-0.376540 0.433806
0.018996 0.433670
-0.477341 0.433661
0.054169 0.433615
0.221202 0.433385
0.031840 0.433290
-0.363475 0.433286
-0.448582 0.433286
-0.472518 0.433286
0.092199 0.433286
0.481383 0.433286
0.471631 0.433286
-0.474291 0.433286
-0.444149 0.433286
-0.320922 0.433286
0.033688 0.433286
-0.010638 0.433286
-0.393617 0.433286
0.003546 0.433286
-0.209220 0.433286
-0.025159 0.433190
0.168500 0.433149
-0.445525 0.432905
-0.051832 0.432783
0.060150 0.432757
-0.430648 0.432684
-0.164007 0.432568
-0.004433 0.432568
0.081560 0.432568
-0.070922 0.432568
-0.392730 0.432568
-0.435284 0.432568
-0.403369 0.432568
0.224291 0.432568
0.186170 0.432568
0.257979 0.432568
0.254433 0.432568
-0.346631 0.432568
0.195922 0.432568
0.002660 0.432568
0.219570 0.432526
0.491471 0.432391
0.090873 0.432292
-0.003419 0.432181
0.031242 0.432128
-0.004215 0.432084
0.002059 0.432028
-0.030196 0.432026
0.246108 0.431959
-0.353975 0.431918
0.046265 0.431901
-0.015401 0.431875
0.488475 0.431851
0.001773 0.431851
-0.391844 0.431851
0.494681 0.431851
0.482270 0.431851
-0.079787 0.431851
0.053191 0.431851
-0.366135 0.431851
-0.258865 0.431851
-0.306738 0.431851
0.036348 0.431851
-0.035461 0.431851
0.220745 0.431851
0.030142 0.431851
0.014184 0.431851
-0.047872 0.431851
-0.072695 0.431851
-0.358156 0.431851
-0.433511 0.431851
-0.132397 0.431750
0.188606 0.431677
0.192599 0.431665
-0.400695 0.431486
-0.459658 0.431279
-0.080030 0.431204
-0.087766 0.431133
0.046099 0.431133
0.482270 0.431133
0.488475 0.431133
0.055851 0.431133
-0.287234 0.431133
-0.104610 0.431133
-0.189716 0.431133
-0.373227 0.431133
-0.248227 0.431133
0.224164 0.431008
0.213733 0.430826
0.484306 0.430778
0.060756 0.430773
-0.343295 0.430768
-0.189165 0.430747
-0.049110 0.430726
0.184826 0.430698
0.147977 0.430660
0.111181 0.430607
0.085708 0.430543
0.029135 0.430524
0.190526 0.430485
-0.257979 0.430416
-0.095745 0.430416
0.202128 0.430416
0.058511 0.430416
0.192376 0.430416
0.026596 0.430416
0.182624 0.430416
0.482270 0.430416
-0.058511 0.430416
-0.171099 0.430416
0.472518 0.430416
-0.275709 0.430416
0.032801 0.430416
0.262411 0.430416
0.462766 0.430416
-0.161348 0.430416
0.494681 0.430416
0.093972 0.430416
-0.336879 0.430416
0.223404 0.430416
0.236702 0.430416
0.039007 0.430416
-0.411348 0.430416
-0.167553 0.430416
0.226064 0.430416
0.227662 0.430398
-0.410291 0.430255
-0.370689 0.430107
0.491227 0.430037
0.054545 0.429966
-0.079091 0.429928
-0.407973 0.429824
-0.351064 0.429699
0.065603 0.429699
-0.135638 0.429699
0.209220 0.429699
0.096631 0.429699
-0.316489 0.429699
0.264184 0.429699
0.083333 0.429699
0.219858 0.429699
0.488475 0.429699
-0.445000 0.429522
-0.256182 0.429494
0.217698 0.429448
-0.476395 0.429372
-0.063423 0.429372
-0.247912 0.429339
-0.321434 0.429329
0.212420 0.429264
0.484857 0.429262
0.079350 0.429153
0.263569 0.429015
-0.110816 0.428981
-0.296986 0.428981
0.072695 0.428981
0.216312 0.428981
0.099291 0.428981
-0.359929 0.428981
-0.031028 0.428981
-0.215426 0.428981
-0.027482 0.428981
-0.042553 0.428981
-0.201241 0.428981
0.265957 0.428981
0.494681 0.428981
0.447695 0.428981
-0.331560 0.428981
-0.374968 0.428790
-0.358308 0.428763
-0.048480 0.428619
0.444712 0.428613
0.484292 0.428477
-0.252660 0.428264
-0.164894 0.428264
-0.414894 0.428264
0.225177 0.428264
-0.081560 0.428264
-0.073582 0.428264
0.244681 0.428264
0.150709 0.428264
-0.197695 0.428264
0.007092 0.428264
-0.018617 0.428264
-0.202128 0.428264
-0.015487 0.428223
-0.069621 0.428045
-0.171937 0.427922
-0.059482 0.427903
0.491066 0.427743
-0.378546 0.427547
-0.362589 0.427547
-0.341312 0.427547
0.006206 0.427547
-0.089539 0.427547
-0.326241 0.427547
-0.482270 0.427547
-0.203901 0.427547
-0.459220 0.427547
0.432624 0.427547
-0.379558 0.427270
-0.317285 0.427242
0.218841 0.427007
-0.394665 0.426845
0.018617 0.426829
-0.132092 0.426829
-0.151596 0.426829
-0.491135 0.426829
-0.352837 0.426829
-0.132979 0.426829
-0.382092 0.426829
-0.174468 0.426813
0.092897 0.426808
-0.202243 0.426653
-0.207967 0.426411
0.219648 0.426383
0.494351 0.426297
-0.048025 0.426220
-0.038832 0.426136
-0.358995 0.426129
-0.175532 0.426112
-0.500000 0.426112
-0.171986 0.426112
-0.078901 0.426112
-0.264184 0.426112
-0.365248 0.426112
0.226950 0.426112
-0.418440 0.426112
-0.063830 0.426112
-0.168440 0.426112
0.170213 0.426112
-0.093085 0.426112
0.220745 0.426112
-0.013298 0.426112
-0.007979 0.426112
-0.398050 0.426112
-0.038121 0.426112
-0.055851 0.426112
0.210106 0.426112
-0.242296 0.425970
-0.138200 0.425810
-0.138673 0.425775
-0.032266 0.425688
-0.444573 0.425583
-0.424821 0.425569
-0.076399 0.425568
-0.336910 0.425528
0.486599 0.425524
-0.470932 0.425496
-0.172489 0.425453
-0.001773 0.425395
-0.120567 0.425395
0.445922 0.425395
-0.065603 0.425395
-0.453014 0.425395
-0.208333 0.425395
0.217199 0.425395
-0.479610 0.425395
-0.397163 0.425395
-0.468085 0.425395
-0.135069 0.425285
-0.064516 0.425039
-0.241049 0.424931
-0.486488 0.424745
-0.242908 0.424677
-0.340426 0.424677
-0.396277 0.424677
-0.356383 0.424677
-0.345745 0.424677
-0.083333 0.424677
-0.387411 0.424677
-0.221631 0.424677
-0.171986 0.424677
-0.390071 0.424677
-0.067376 0.424677
-0.263298 0.424677
-0.098404 0.424677
-0.175532 0.424677
-0.487589 0.424677
-0.183090 0.424657
-0.236175 0.424382
-0.090229 0.424291
-0.291651 0.424278
-0.479347 0.424218
-0.502899 0.424215
-0.230384 0.424196
-0.401444 0.424023
0.222518 0.423960
-0.496454 0.423960
0.484929 0.423960
-0.406028 0.423960
-0.224291 0.423960
0.312943 0.423960
0.430851 0.423960
-0.234929 0.423960
-0.426418 0.423960
0.475177 0.423960
-0.260250 0.423804
-0.256311 0.423704
0.008496 0.423524
-0.302305 0.423242
-0.183511 0.423242
-0.500000 0.423242
0.491135 0.423242
-0.262411 0.423242
-0.442376 0.423242
-0.446809 0.423242
-0.360816 0.423242
-0.476950 0.423242
0.030142 0.423242
-0.086879 0.423242
-0.030142 0.423242
-0.033688 0.423242
-0.175532 0.423242
0.036348 0.423242
-0.437943 0.423242
-0.026596 0.423242
-0.226950 0.423242
-0.141844 0.423242
-0.050532 0.423242
0.027482 0.423242
0.010638 0.423242
-0.062189 0.423242
-0.400344 0.423195
-0.306710 0.423137
-0.444830 0.423127
-0.388678 0.423056
-0.485425 0.422906
-0.269732 0.422879
-0.428661 0.422820
-0.064259 0.422782
0.220139 0.422659
-0.377420 0.422659
-0.378216 0.422657
-0.076541 0.422656
-0.186987 0.422638
-0.349632 0.422592
-0.017761 0.422585
-0.186960 0.422550
-0.189460 0.422537
-0.337766 0.422525
-0.349291 0.422525
0.187943 0.422525
-0.271277 0.422525
-0.072695 0.422525
0.177305 0.422525
0.082447 0.422525
-0.180851 0.422525
0.178191 0.422525
-0.063830 0.422525
0.064716 0.422525
-0.370567 0.422525
-0.080674 0.422525
-0.436170 0.422525
-0.453014 0.422525
-0.468085 0.422525
-0.479610 0.422525
-0.067235 0.422407
-0.470172 0.422354
-0.493372 0.422341
-0.242849 0.422179
-0.014564 0.421903
-0.165780 0.421808
-0.344858 0.421808
-0.409574 0.421808
0.071809 0.421808
-0.061170 0.421808
-0.369681 0.421808
-0.312057 0.421808
-0.065603 0.421808
0.056738 0.421808
-0.363475 0.421808
-0.247340 0.421808
-0.434397 0.421808
-0.090426 0.421808
0.218085 0.421808
-0.492908 0.421808
-0.198582 0.421808
-0.197431 0.421755
-0.126255 0.421737
-0.007843 0.421722
-0.347069 0.421693
-0.410471 0.421625
-0.263249 0.421432
-0.329460 0.421307
0.070361 0.421304
0.039081 0.421208
0.042911 0.421163
-0.332447 0.421090
-0.180851 0.421090
-0.257092 0.421090
0.002660 0.421090
-0.237589 0.421090
-0.021277 0.421090
-0.270390 0.421090
-0.214539 0.421090
-0.195035 0.421090
-0.496454 0.421090
0.059397 0.421090
0.207551 0.421033
-0.034128 0.421024
-0.035512 0.420770
-0.376208 0.420732
-0.498555 0.420555
-0.206299 0.420527
-0.224684 0.420420
-0.352837 0.420373
0.429078 0.420373
-0.419326 0.420373
-0.078014 0.420373
-0.305851 0.420373
0.050532 0.420373
-0.191489 0.420373
-0.500000 0.420373
-0.476950 0.420373
-0.028369 0.420373
-0.139184 0.420373
-0.152482 0.420373
-0.095745 0.420373
-0.442376 0.420373
0.208333 0.420373
0.492021 0.420373
-0.031915 0.420373
-0.446809 0.420373
-0.024823 0.420373
-0.140071 0.420373
0.238475 0.420373
-0.229610 0.420373
0.220094 0.420352
-0.028138 0.420350
-0.196015 0.420206
0.168288 0.420197
-0.170142 0.420187
-0.035671 0.419934
-0.017716 0.419771
0.394504 0.419656
-0.188830 0.419656
-0.169326 0.419656
-0.348404 0.419656
0.043440 0.419656
-0.070922 0.419656
-0.440603 0.419656
-0.321809 0.419656
0.240248 0.419656
-0.203014 0.419656
-0.493794 0.419656
-0.484929 0.419656
0.019504 0.419656
-0.466312 0.419656
-0.126078 0.419648
-0.135082 0.419598
-0.307434 0.419538
-0.142093 0.419524
-0.061555 0.419472
0.060697 0.419452
-0.276521 0.419340
-0.155737 0.419282
-0.362408 0.419120
-0.080633 0.419018
-0.096565 0.418951
-0.101064 0.418938
-0.015957 0.418938
-0.063830 0.418938
-0.010638 0.418938
-0.343972 0.418938
-0.261525 0.418938
-0.357270 0.418938
-0.497340 0.418938
-0.251773 0.418938
-0.179965 0.418938
0.359929 0.418938
-0.375887 0.418938
-0.278369 0.418938
-0.005319 0.418938
-0.186170 0.418938
-0.261176 0.418861
0.428008 0.418736
-0.087246 0.418378
-0.077684 0.418336
-0.426381 0.418307
-0.092199 0.418221
-0.375000 0.418221
-0.019504 0.418221
0.220745 0.418221
-0.172872 0.418221
-0.427305 0.418221
-0.454787 0.418221
-0.353723 0.418221
-0.379433 0.418221
-0.085993 0.418221
0.474291 0.418221
-0.061170 0.418221
-0.143047 0.418208
-0.246087 0.418200
-0.137608 0.418140
-0.496320 0.418055
-0.333861 0.418054
-0.348283 0.418028
-0.495249 0.417998
-0.495423 0.417979
-0.073211 0.417958
0.220185 0.417916
0.009285 0.417835
-0.173055 0.417695
-0.104597 0.417640
0.175145 0.417593
-0.187943 0.417504
-0.394504 0.417504
-0.138298 0.417504
-0.137411 0.417504
-0.367908 0.417504
-0.141844 0.417504
-0.023050 0.417504
-0.058511 0.417504
-0.349291 0.417504
-0.492908 0.417504
-0.446809 0.417504
-0.232270 0.417504
-0.494681 0.417504
0.487589 0.417504
-0.385638 0.417504
-0.374113 0.417504
-0.026596 0.417504
-0.378546 0.417504
-0.400709 0.417504
-0.136525 0.417504
-0.476950 0.417504
-0.030142 0.417504
-0.388298 0.417504
-0.361702 0.417504
-0.382979 0.417504
-0.207447 0.417504
-0.072462 0.417267
-0.349117 0.417082
-0.059843 0.417068
0.240237 0.417044
-0.482998 0.417037
-0.249754 0.417037
-0.142605 0.417006
-0.345594 0.416978
0.069854 0.416822
-0.396884 0.416803
0.087766 0.416786
-0.107270 0.416786
-0.341312 0.416786
-0.097518 0.416786
-0.288121 0.416786
-0.185284 0.416786
-0.269504 0.416786
-0.070922 0.416786
-0.256206 0.416786
-0.496454 0.416786
-0.089539 0.416786
-0.142730 0.416786
-0.358156 0.416786
0.175388 0.416777
0.088111 0.416766
-0.353428 0.416701
-0.087293 0.416660
0.033475 0.416572
-0.503287 0.416476
-0.166392 0.416346
-0.442567 0.416273
-0.019851 0.416143
0.192118 0.416133
-0.190127 0.416127
-0.083333 0.416069
0.090426 0.416069
-0.063830 0.416069
-0.221631 0.416069
-0.410461 0.416069
-0.125000 0.416069
-0.246454 0.416069
0.010638 0.416069
-0.043440 0.416069
0.033688 0.416069
0.031028 0.416069
0.216312 0.416069
-0.354610 0.416069
0.028369 0.416069
-0.249100 0.415962
0.390701 0.415803
-0.483717 0.415749
-0.092167 0.415656
-0.227561 0.415530
-0.498777 0.415380
0.051502 0.415371
-0.190438 0.415370
0.012411 0.415352
-0.346631 0.415352
-0.195922 0.415352
0.015957 0.415352
-0.484929 0.415352
-0.493794 0.415352
-0.224291 0.415352
0.032801 0.415352
-0.061170 0.415352
0.030142 0.415352
-0.279503 0.415326
-0.254517 0.415292
0.033867 0.415279
-0.464300 0.415272
-0.380218 0.415168
-0.337680 0.415025
-0.357381 0.414664
-0.093972 0.414634
-0.192376 0.414634
0.031915 0.414634
0.172872 0.414634
-0.113475 0.414634
-0.297872 0.414634
0.070922 0.414634
0.173759 0.414634
-0.260638 0.414634
-0.338652 0.414634
-0.078014 0.414634
-0.420213 0.414634
0.171986 0.414634
-0.184397 0.414634
-0.427305 0.414634
-0.140071 0.414634
0.488475 0.414634
-0.139184 0.414634
-0.475177 0.414634
-0.168505 0.414598
0.174147 0.414573
-0.013142 0.414545
-0.227087 0.414511
-0.467978 0.414500
-0.313332 0.414492
-0.015957 0.413917
0.002660 0.413917
-0.177305 0.413917
-0.010638 0.413917
-0.496454 0.413917
-0.073582 0.413917
-0.408688 0.413917
-0.059397 0.413917
-0.391762 0.413907
-0.058050 0.413865
-0.095710 0.413799
-0.258577 0.413689
-0.475522 0.413622
-0.418207 0.413592
-0.485384 0.413522
0.008009 0.413376
-0.185627 0.413339
-0.088943 0.413259
-0.481383 0.413199
0.065603 0.413199
-0.200355 0.413199
-0.328014 0.413199
-0.448582 0.413199
-0.250887 0.413199
-0.126773 0.413199
-0.479610 0.413199
-0.231383 0.413199
-0.063830 0.413199
-0.492908 0.413199
-0.019504 0.413199
-0.091312 0.413199
-0.039007 0.413199
-0.170213 0.413199
0.055620 0.412706
-0.496658 0.412667
0.461845 0.412580
0.194149 0.412482
-0.022163 0.412482
0.040780 0.412482
-0.214539 0.412482
-0.418440 0.412482
-0.226950 0.412482
-0.241135 0.412482
-0.025709 0.412482
-0.485325 0.412149
-0.020576 0.412089
-0.050702 0.411968
-0.086633 0.411948
-0.175958 0.411909
-0.019517 0.411812
-0.115248 0.411765
-0.188830 0.411765
-0.301418 0.411765
0.489362 0.411765
-0.141844 0.411765
0.486702 0.411765
-0.317376 0.411765
-0.062057 0.411765
-0.439716 0.411765
-0.156915 0.411765
-0.088652 0.411765
0.024823 0.411765
0.060284 0.411765
-0.473404 0.411765
-0.070497 0.411673
-0.359651 0.411633
-0.088254 0.411592
-0.195007 0.411436
-0.013218 0.411391
-0.329147 0.411295
-0.470640 0.411158
-0.489362 0.411047
-0.420213 0.411047
0.461879 0.411047
-0.255319 0.411047
-0.363475 0.411047
-0.056738 0.411047
0.030142 0.411047
-0.398050 0.411047
-0.374113 0.411047
-0.404255 0.411047
-0.142730 0.411047
-0.214539 0.411047
-0.369681 0.411047
-0.152026 0.410876
-0.339562 0.410662
-0.304255 0.410648
-0.357832 0.410584
-0.086517 0.410483
-0.092657 0.410438
-0.482012 0.410412
-0.418143 0.410403
0.054078 0.410330
-0.037234 0.410330
0.031915 0.410330
-0.187943 0.410330
-0.066489 0.410330
0.058511 0.410330
-0.006206 0.410330
-0.477837 0.410330
-0.311170 0.410330
-0.461879 0.410330
-0.093085 0.410330
-0.492908 0.410330
-0.051418 0.410330
-0.083333 0.410330
0.029255 0.410330
0.214539 0.410330
-0.359929 0.410330
0.034574 0.410330
-0.143617 0.410330
-0.416667 0.410330
-0.060284 0.410330
-0.093933 0.410267
-0.482864 0.410004
0.028739 0.409957
-0.414198 0.409898
-0.015736 0.409771
0.026208 0.409767
-0.447757 0.409635
-0.099291 0.409613
-0.336879 0.409613
-0.445922 0.409613
0.033688 0.409613
-0.140609 0.409323
-0.409959 0.409240
-0.326658 0.409229
-0.473835 0.409185
-0.232225 0.409062
-0.485816 0.408895
0.056738 0.408895
-0.484043 0.408895
-0.193262 0.408895
-0.304965 0.408895
-0.117021 0.408895
-0.450355 0.408895
0.010638 0.408895
-0.015957 0.408895
-0.078014 0.408895
-0.186170 0.408895
-0.482270 0.408895
0.076241 0.408895
-0.230496 0.408895
-0.334220 0.408895
0.047872 0.408895
0.052305 0.408895
-0.418440 0.408895
-0.090426 0.408895
0.487589 0.408895
-0.064716 0.408895
-0.245809 0.408873
-0.131757 0.408828
-0.424458 0.408706
-0.167087 0.408647
-0.096895 0.408621
0.008184 0.408559
-0.067192 0.408522
-0.067301 0.408244
-0.169326 0.408178
-0.226064 0.408178
-0.489362 0.408178
-0.018617 0.408178
-0.240248 0.408178
-0.073582 0.408178
0.012411 0.408178
-0.353723 0.408178
-0.133865 0.408178
-0.060284 0.408178
-0.495492 0.407955
-0.223597 0.407942
-0.188993 0.407737
-0.061526 0.407672
-0.092507 0.407554
-0.492908 0.407461
-0.273936 0.407461
0.070922 0.407461
-0.345745 0.407461
-0.192376 0.407461
0.014184 0.407461
-0.221631 0.407461
-0.021277 0.407461
0.011525 0.407461
-0.250000 0.407461
-0.259752 0.407461
-0.105496 0.407461
-0.095745 0.407461
-0.323582 0.407461
-0.420213 0.407461
0.017730 0.407461
0.021277 0.407461
-0.085106 0.407461
-0.069149 0.407461
-0.057624 0.407461
-0.412234 0.407461
0.013261 0.407416
-0.457187 0.407321
-0.138622 0.407057
-0.467121 0.407046
-0.211090 0.407042
-0.415324 0.407016
-0.191459 0.406789
0.030842 0.406786
-0.056679 0.406768
-0.229610 0.406743
-0.475177 0.406743
-0.064716 0.406743
0.041667 0.406743
-0.473404 0.406743
-0.156028 0.406743
0.013298 0.406743
-0.009499 0.406677
-0.302857 0.406603
-0.225653 0.406484
-0.412996 0.406442
0.033117 0.406331
0.069149 0.406026
-0.180851 0.406026
0.445035 0.406026
0.031915 0.406026
-0.060284 0.406026
-0.416667 0.406026
-0.275709 0.406026
-0.221631 0.406026
-0.092199 0.406026
0.485816 0.406026
0.025709 0.406026
-0.239362 0.406026
-0.225177 0.406026
-0.191489 0.406026
0.012411 0.406026
-0.483390 0.406021
-0.418103 0.405995
-0.415765 0.405923
-0.188340 0.405888
-0.192669 0.405845
0.009369 0.405791
-0.187588 0.405778
-0.363154 0.405682
-0.208636 0.405649
-0.187964 0.405620
-0.273926 0.405614
-0.486467 0.405550
-0.332478 0.405516
-0.338436 0.405427
-0.265071 0.405308
-0.479610 0.405308
-0.011525 0.405308
0.001773 0.405308
-0.461879 0.405308
-0.447695 0.405308
-0.032801 0.405308
-0.173759 0.405308
0.031028 0.405308
-0.209220 0.405308
0.033688 0.405308
-0.057624 0.405308
-0.136525 0.405308
-0.222503 0.405278
-0.407158 0.405260
-0.459443 0.405139
0.026501 0.405052
-0.494176 0.405000
-0.347731 0.404894
-0.478595 0.404867
-0.159602 0.404625
-0.107270 0.404591
-0.014184 0.404591
-0.482270 0.404591
-0.432624 0.404591
-0.189716 0.404591
-0.484043 0.404591
-0.418440 0.404591
-0.225177 0.404591
0.030142 0.404591
-0.365248 0.404591
0.032801 0.404591
0.035461 0.404591
-0.137411 0.404591
-0.407801 0.404591
-0.054965 0.404591
-0.221631 0.404591
-0.335106 0.404591
-0.228723 0.404591
-0.127562 0.404420
-0.350140 0.404279
-0.193404 0.404237
-0.220362 0.404173
-0.046295 0.404063
0.033685 0.403988
0.490705 0.403953
-0.079325 0.403951
0.015296 0.403887
0.011525 0.403874
-0.487589 0.403874
-0.124113 0.403874
-0.254433 0.403874
-0.332447 0.403874
-0.285461 0.403874
-0.049645 0.403874
0.012647 0.403849
-0.177637 0.403690
-0.254837 0.403676
-0.381700 0.403594
-0.225737 0.403562
-0.062158 0.403292
-0.060850 0.403282
-0.014827 0.403186
-0.044326 0.403156
0.081560 0.403156
-0.329787 0.403156
-0.187943 0.403156
-0.168440 0.403156
-0.412234 0.403156
0.013298 0.403156
0.016844 0.403156
-0.094858 0.403156
-0.409696 0.403150
-0.387112 0.403103
0.474446 0.402822
-0.250887 0.402439
-0.453014 0.402439
-0.315603 0.402439
-0.359043 0.402439
-0.343972 0.402439
0.012411 0.402439
-0.409916 0.402363
-0.327298 0.402275
-0.047436 0.402264
-0.352219 0.402087
-0.096760 0.402076
0.012178 0.402028
-0.338922 0.401982
0.030240 0.401963
-0.033428 0.401840
-0.416667 0.401722
-0.475177 0.401722
-0.500000 0.401722
-0.445035 0.401722
-0.007092 0.401722
-0.120567 0.401722
-0.473404 0.401722
-0.476950 0.401722
0.484043 0.401722
-0.054078 0.401722
-0.335106 0.401722
-0.042454 0.401657
-0.055639 0.401537
-0.418509 0.401509
-0.094983 0.401458
-0.462149 0.401426
-0.265820 0.401298
-0.475776 0.401086
-0.229847 0.401062
-0.309397 0.401004
-0.057624 0.401004
-0.240248 0.401004
-0.289007 0.401004
-0.048759 0.401004
-0.385638 0.401004
0.036348 0.401004
-0.332447 0.401004
-0.479610 0.401004
-0.388298 0.401004
-0.202128 0.401004
0.040780 0.401004
0.037158 0.400920
-0.057962 0.400919
-0.329207 0.400348
-0.182624 0.400287
-0.073582 0.400287
-0.048759 0.400287
-0.172872 0.400287
0.023050 0.400287
-0.142730 0.400287
-0.189716 0.400287
-0.482270 0.400287
-0.258865 0.400287
-0.097518 0.400287
0.002660 0.400287
-0.352837 0.400287
-0.054965 0.400287
-0.184110 0.400026
-0.414977 0.400014
-0.051724 0.399602
-0.069149 0.399570
-0.080674 0.399570
-0.331560 0.399570
-0.068262 0.399570
-0.092199 0.399570
-0.343972 0.399570
-0.410461 0.399570
-0.201241 0.399570
-0.258420 0.399285
-0.468037 0.399248
-0.185970 0.399152
0.479833 0.399070
-0.094404 0.398940
-0.357628 0.398871
-0.322024 0.398868
-0.475177 0.398852
-0.450355 0.398852
-0.330674 0.398852
0.127660 0.398852
-0.464539 0.398852
-0.187943 0.398852
-0.255319 0.398852
0.473404 0.398852
-0.476950 0.398852
-0.063830 0.398852
-0.216312 0.398852
0.027482 0.398852
-0.053191 0.398852
-0.335106 0.398852
0.030142 0.398852
-0.131206 0.398852
0.012411 0.398852
-0.069718 0.398815
0.039606 0.398750
-0.199106 0.398740
-0.181802 0.398730
-0.447252 0.398478
-0.054847 0.398464
-0.246662 0.398447
-0.084935 0.398290
-0.109499 0.398225
-0.223404 0.398135
-0.226950 0.398135
-0.414894 0.398135
-0.479610 0.398135
-0.217199 0.398135
0.486702 0.398135
-0.365248 0.398135
-0.264184 0.398135
-0.087766 0.398135
-0.321809 0.398135
-0.053191 0.398135
-0.482494 0.398123
-0.345669 0.398113
-0.190269 0.397911
-0.212995 0.397631
-0.480808 0.397570
-0.118509 0.397486
0.458643 0.397466
-0.053191 0.397418
-0.251773 0.397418
-0.328901 0.397418
0.482270 0.397418
-0.177305 0.397418
-0.334220 0.397418
-0.110816 0.397418
-0.054078 0.397418
-0.217925 0.397285
-0.047732 0.397270
0.009209 0.396978
0.463947 0.396949
0.489039 0.396780
-0.155142 0.396700
-0.031028 0.396700
-0.054078 0.396700
-0.094858 0.396700
-0.127660 0.396700
-0.482309 0.396417
-0.359043 0.395983
-0.269504 0.395983
-0.466312 0.395983
-0.182624 0.395983
-0.054965 0.395983
-0.333333 0.395983
-0.476950 0.395983
-0.455674 0.395983
0.018617 0.395983
-0.193308 0.395896
0.020805 0.395598
-0.047755 0.395558
-0.338651 0.395532
-0.437723 0.395384
-0.294114 0.395377
-0.216978 0.395359
0.445035 0.395265
-0.426418 0.395265
-0.446809 0.395265
0.484929 0.395265
-0.496454 0.395265
-0.332447 0.395265
-0.180408 0.394921
-0.140277 0.394920
-0.042553 0.394548
-0.238475 0.394548
0.471631 0.394548
-0.136525 0.394548
-0.376773 0.394548
-0.187943 0.394548
-0.413121 0.394548
-0.331560 0.394548
-0.398050 0.394548
-0.347518 0.394548
0.410461 0.394548
-0.124113 0.394548
-0.271277 0.394548
-0.033215 0.394161
-0.049466 0.393912
-0.131392 0.393880
-0.061170 0.393831
-0.023936 0.393831
-0.199468 0.393831
-0.338652 0.393831
-0.045881 0.393743
-0.492090 0.393424
-0.162234 0.393113
-0.095745 0.393113
-0.329787 0.393113
-0.313830 0.393113
-0.293440 0.393113
-0.210993 0.393113
-0.132092 0.393113
-0.092199 0.393113
0.024823 0.393113
-0.273050 0.393113
-0.254167 0.393005
-0.088394 0.392986
-0.044789 0.392878
-0.334994 0.392750
-0.317562 0.392698
-0.266093 0.392540
-0.262283 0.392398
0.493794 0.392396
-0.211879 0.392396
-0.337766 0.392396
-0.405142 0.392396
-0.438830 0.392396
-0.320922 0.392396
0.112589 0.392396
-0.424645 0.392396
-0.452128 0.392396
-0.350312 0.392257
-0.126816 0.392231
0.445140 0.392221
-0.479309 0.391932
-0.040380 0.391849
-0.274482 0.391712
-0.067376 0.391679
-0.218972 0.391679
0.460993 0.391679
-0.212766 0.391679
-0.068262 0.391679
-0.046986 0.391679
0.477837 0.391679
-0.225177 0.391679
-0.328014 0.391679
-0.365248 0.391679
0.478723 0.391679
0.482270 0.391679
-0.069149 0.391679
-0.087766 0.391679
-0.351064 0.391679
-0.262411 0.391679
-0.491135 0.391679
-0.336879 0.391679
-0.184143 0.391578
-0.485383 0.391207
-0.312463 0.391153
-0.047872 0.390961
0.483156 0.390961
-0.076241 0.390961
-0.128546 0.390961
-0.135052 0.390859
-0.054367 0.390802
-0.094723 0.390572
-0.298042 0.390501
-0.147773 0.390295
-0.083333 0.390244
-0.109043 0.390244
-0.141844 0.390244
-0.258865 0.390244
-0.335106 0.390244
-0.166667 0.390244
-0.293440 0.390244
-0.090426 0.390244
-0.313830 0.390244
-0.022727 0.390218
-0.376324 0.390122
-0.389890 0.390004
0.481385 0.389860
-0.093085 0.389527
-0.488475 0.389527
-0.267730 0.389527
-0.320922 0.389527
-0.339460 0.389226
-0.178191 0.388809
-0.054078 0.388809
0.467199 0.388809
-0.448582 0.388809
-0.209220 0.388809
-0.195922 0.388809
-0.137411 0.388809
-0.342199 0.388809
-0.422872 0.388809
-0.085993 0.388809
-0.271696 0.388387
-0.220359 0.388257
0.470967 0.388202
-0.406666 0.388176
-0.376773 0.388092
-0.210106 0.388092
-0.258865 0.388092
-0.216312 0.388092
-0.414894 0.388092
-0.193262 0.388092
-0.207447 0.388092
-0.269504 0.388092
-0.413609 0.388047
0.445660 0.387889
-0.194304 0.387810
-0.352586 0.387711
0.150984 0.387548
-0.485816 0.387374
-0.407801 0.387374
-0.357270 0.387374
-0.183511 0.387374
-0.088652 0.387374
-0.132979 0.387374
-0.313830 0.387374
-0.089402 0.387104
-0.228446 0.387062
-0.180277 0.386765
0.474991 0.386741
-0.174645 0.386657
-0.367021 0.386657
-0.148936 0.386657
-0.272163 0.386657
-0.091312 0.386657
-0.224316 0.386379
0.114568 0.386203
-0.093972 0.385940
0.475177 0.385940
0.482270 0.385940
-0.040780 0.385940
0.473404 0.385940
0.478723 0.385940
0.474291 0.385940
-0.440603 0.385940
-0.345745 0.385940
0.157228 0.385916
-0.197249 0.385789
-0.375489 0.385608
-0.182838 0.385519
0.487555 0.385426
-0.345388 0.385373
-0.387139 0.385290
0.483156 0.385222
0.148936 0.385222
0.479610 0.385222
0.466312 0.385222
0.149823 0.385222
0.480775 0.385074
-0.265234 0.384968
-0.279205 0.384880
0.473039 0.384540
-0.388298 0.384505
-0.454787 0.384505
0.484043 0.384505
-0.148050 0.384505
-0.207447 0.384505
-0.274823 0.384505
0.475482 0.384453
-0.131009 0.384297
-0.359277 0.384234
-0.419538 0.384230
-0.502349 0.384047
-0.319752 0.383943
0.481729 0.383827
0.491135 0.383788
-0.239362 0.383788
-0.205674 0.383788
-0.345745 0.383788
-0.447695 0.383788
-0.091661 0.383761
0.484792 0.383632
-0.502598 0.383352
-0.142652 0.383311
-0.087110 0.383294
-0.266071 0.383293
-0.267831 0.383186
0.486321 0.383164
-0.369390 0.383150
-0.203901 0.383070
-0.378546 0.383070
-0.500000 0.383070
-0.156028 0.383070
-0.444149 0.383070
-0.349291 0.383070
-0.464539 0.383070
0.170213 0.383070
-0.265957 0.383070
-0.432624 0.383070
-0.475177 0.383070
-0.210804 0.383056
-0.138069 0.383047
-0.192129 0.382921
-0.384635 0.382858
-0.350424 0.382564
-0.154167 0.382522
-0.368385 0.382363
-0.074468 0.382353
0.473404 0.382353
0.472518 0.382353
-0.075355 0.382353
-0.395390 0.382353
-0.201241 0.382353
-0.129433 0.382353
-0.359043 0.382353
-0.424645 0.382353
-0.276831 0.382282
-0.280203 0.382249
-0.083766 0.382074
-0.208038 0.382013
-0.305140 0.381891
-0.336879 0.381636
-0.268617 0.381636
-0.318262 0.381636
0.477837 0.381636
-0.082447 0.381636
-0.368794 0.381636
-0.198582 0.381636
-0.295213 0.381636
-0.416667 0.381636
0.490932 0.381549
-0.203427 0.381474
-0.135867 0.381444
-0.377022 0.381319
-0.182120 0.381037
-0.371779 0.381002
-0.188830 0.380918
0.460993 0.380918
-0.451241 0.380918
-0.226064 0.380918
0.477837 0.380918
-0.349291 0.380918
0.495567 0.380918
-0.265957 0.380918
-0.409574 0.380918
-0.497340 0.380918
-0.155142 0.380918
0.470229 0.380806
-0.294827 0.380773
-0.342966 0.380237
-0.072148 0.380217
-0.179078 0.380201
-0.271277 0.380201
-0.402482 0.380201
-0.383865 0.380201
-0.085106 0.380201
-0.343972 0.380201
-0.436170 0.380201
-0.138298 0.380201
-0.108667 0.379791
-0.087766 0.379484
0.070922 0.379484
-0.061170 0.379484
-0.268617 0.379484
0.103723 0.379484
-0.311170 0.379484
-0.164007 0.379484
-0.370567 0.379484
0.495567 0.379484
-0.273928 0.379472
-0.499309 0.379352
-0.136517 0.379037
-0.406011 0.379013
-0.440908 0.378995
-0.354816 0.378964
-0.451424 0.378921
0.472591 0.378916
0.471631 0.378766
-0.446809 0.378766
-0.349291 0.378766
-0.154255 0.378766
-0.265957 0.378766
-0.494681 0.378766
-0.374113 0.378766
-0.133865 0.378766
-0.088991 0.378753
-0.193036 0.378751
-0.368413 0.378652
-0.219347 0.378484
-0.192024 0.378169
-0.269478 0.378099
-0.273936 0.378049
0.471631 0.378049
-0.351950 0.378049
-0.443262 0.378049
-0.175532 0.378049
-0.114362 0.378049
-0.135978 0.377582
0.476400 0.377558
0.043440 0.377331
-0.273936 0.377331
0.471631 0.377331
-0.217199 0.377331
-0.361702 0.377331
-0.445035 0.377331
-0.439716 0.377331
-0.163121 0.377331
-0.372340 0.377331
-0.164085 0.377208
0.472695 0.376857
-0.260242 0.376757
-0.465408 0.376750
0.485475 0.376739
-0.344502 0.376671
-0.179211 0.376640
-0.271277 0.376614
-0.179965 0.376614
0.083333 0.376614
-0.391844 0.376614
-0.441489 0.376614
-0.375887 0.376614
-0.196809 0.376614
-0.428191 0.376614
-0.215426 0.376614
-0.373598 0.376564
-0.478481 0.376186
-0.278549 0.376024
-0.450355 0.375897
-0.432624 0.375897
-0.351950 0.375897
-0.179078 0.375897
-0.379433 0.375897
-0.171986 0.375897
-0.420213 0.375897
-0.443262 0.375897
-0.194149 0.375897
-0.276596 0.375897
-0.371649 0.375848
-0.274311 0.375730
-0.465793 0.375662
-0.276596 0.375179
-0.367021 0.375179
-0.347518 0.375179
-0.184397 0.375179
-0.154255 0.375179
-0.348229 0.374827
-0.276596 0.374462
-0.398936 0.374462
-0.246454 0.374462
-0.445922 0.374462
-0.153369 0.374462
-0.484043 0.374462
0.466312 0.374462
-0.416667 0.374462
-0.144504 0.374462
-0.455961 0.374453
-0.163387 0.373861
-0.398577 0.373847
-0.011110 0.373838
-0.148928 0.373834
-0.409574 0.373745
0.466312 0.373745
-0.442376 0.373745
-0.292553 0.373745
-0.163121 0.373745
-0.175532 0.373745
-0.172062 0.373540
-0.496288 0.373525
-0.185117 0.373411
-0.214128 0.373300
-0.081182 0.373199
-0.179484 0.373151
-0.462794 0.373118
-0.276679 0.373102
-0.292553 0.373027
-0.081560 0.373027
-0.180851 0.373027
-0.498227 0.373027
-0.436170 0.373027
-0.368794 0.373027
-0.373227 0.373027
-0.354610 0.373027
-0.453901 0.373027
-0.444149 0.373027
-0.153356 0.372976
-0.357214 0.372717
-0.363700 0.372631
0.478046 0.372378
-0.179965 0.372310
-0.251773 0.372310
-0.387411 0.372310
-0.350177 0.372310
-0.376773 0.372310
-0.188736 0.372307
-0.360568 0.372241
-0.111372 0.372141
-0.157832 0.371825
-0.308511 0.371593
-0.449468 0.371593
-0.166667 0.371593
-0.179078 0.371593
-0.154255 0.371593
-0.185284 0.371593
-0.463652 0.371593
-0.345745 0.371593
-0.108156 0.371593
-0.327128 0.371593
-0.008865 0.371593
0.006973 0.371451
-0.251496 0.371218
-0.268751 0.371194
-0.189080 0.371165
-0.325735 0.371119
-0.143719 0.371009
-0.359929 0.370875
-0.401596 0.370875
-0.495567 0.370875
-0.153369 0.370875
-0.184397 0.370875
-0.165780 0.370875
-0.327478 0.370381
-0.008390 0.370316
-0.386652 0.370282
-0.154891 0.370262
-0.136122 0.370247
-0.434071 0.370245
0.464234 0.370168
-0.355496 0.370158
0.488475 0.370158
0.460993 0.370158
-0.143617 0.370158
-0.423759 0.370158
-0.189716 0.370158
0.000887 0.370158
-0.473404 0.370158
-0.134752 0.370158
-0.152482 0.370158
-0.208333 0.370158
-0.445035 0.370158
-0.226950 0.370158
-0.360257 0.369940
-0.292400 0.369853
-0.349316 0.369699
-0.309935 0.369636
-0.170304 0.369613
0.027482 0.369440
-0.438830 0.369440
-0.428191 0.369440
-0.441145 0.369143
-0.403087 0.368830
-0.369681 0.368723
-0.374113 0.368723
-0.395390 0.368723
-0.432624 0.368723
-0.384752 0.368723
-0.365248 0.368723
-0.420213 0.368723
-0.460106 0.368723
-0.425726 0.368642
-0.427241 0.368494
-0.430664 0.368154
-0.424645 0.368006
0.457135 0.367913
-0.183464 0.367862
-0.382208 0.367811
-0.382308 0.367606
-0.155191 0.367352
-0.416667 0.367288
-0.499113 0.367288
-0.469858 0.367288
0.007092 0.367288
-0.415237 0.367247
-0.400536 0.366865
-0.130956 0.366815
-0.416508 0.366696
0.482270 0.366571
-0.484929 0.366571
-0.452128 0.366571
-0.444831 0.366239
-0.025282 0.366051
-0.155322 0.365429
-0.448231 0.365237
-0.388041 0.365184
-0.398050 0.365136
-0.387411 0.365136
-0.454787 0.365136
-0.447695 0.365136
-0.371215 0.365128
-0.427994 0.364859
-0.388438 0.364693
0.486237 0.364693
-0.353961 0.364581
-0.441489 0.364419
-0.408688 0.364419
-0.466312 0.364419
-0.483472 0.364174
0.472518 0.363702
-0.025709 0.363702
0.463707 0.363701
-0.496454 0.362984
-0.384485 0.362138
-0.400709 0.361549
-0.472518 0.361549
-0.460993 0.360832
0.476546 0.360502
-0.385638 0.360197
0.467199 0.360115
-0.450355 0.360115
0.464778 0.359882
-0.452128 0.358680
-0.453014 0.358680
-0.468972 0.358680
0.466312 0.358680
-0.049572 0.358661
-0.484043 0.357963
-0.462373 0.357690
-0.393617 0.357245
-0.453901 0.357245
-0.422872 0.357245
-0.497340 0.357245
-0.389184 0.357245
-0.454787 0.357245
-0.455674 0.357245
-0.046099 0.357245
0.464315 0.356914
-0.414894 0.356528
0.308511 0.356528
0.492978 0.355982
0.492908 0.355811
0.125887 0.355811
-0.469298 0.355637
0.496801 0.355586
-0.493794 0.355093
-0.463652 0.355093
-0.404542 0.354998
-0.459655 0.354382
0.496056 0.354142
-0.465835 0.353910
-0.469561 0.353799
-0.406915 0.353659
0.105496 0.352941
0.483156 0.352941
-0.431738 0.352941
-0.471631 0.352941
-0.431962 0.352920
0.358156 0.352224
-0.498227 0.351506
-0.433511 0.351506
0.355496 0.351506
-0.497712 0.351398
-0.471997 0.351014
0.085106 0.350072
0.473404 0.350072
0.488475 0.350072
-0.481383 0.350072
0.352975 0.349926
-0.480775 0.349421
-0.494681 0.349354
0.375000 0.349354
-0.478201 0.349036
-0.476064 0.348637
0.472518 0.348637
0.057624 0.347920
0.478723 0.347202
-0.491135 0.347202
0.471631 0.347202
-0.486644 0.346970
0.471809 0.346787
-0.463652 0.346485
-0.495567 0.346485
-0.464539 0.346485
0.031777 0.346308
0.030142 0.345768
-0.463652 0.345768
-0.413121 0.345768
-0.485816 0.345768
0.477837 0.345768
0.009197 0.345338
-0.489864 0.345047
0.487309 0.344898
-0.490818 0.344875
-0.445620 0.344524
0.033267 0.344421
0.484043 0.344333
-0.480496 0.344333
-0.472518 0.344333
-0.492021 0.344333
0.026737 0.344195
0.285461 0.343615
0.009752 0.343615
0.082473 0.342966
0.494681 0.342898
-0.486702 0.342898
-0.482760 0.341861
0.285679 0.341685
-0.492908 0.341463
-0.010638 0.341463
-0.485816 0.340746
-0.480496 0.340746
-0.443262 0.340029
-0.476950 0.340029
-0.492021 0.339311
-0.488026 0.337385
0.489362 0.337159
-0.491135 0.337159
-0.485816 0.337159
0.490248 0.337159
-0.480496 0.337159
-0.470589 0.336567
-0.476950 0.336442
-0.476950 0.335725
-0.473404 0.335725
0.496246 0.335662
-0.472999 0.335401
-0.473404 0.335007
-0.473404 0.334290
0.259752 0.334290
-0.496454 0.334290
0.492211 0.332908
0.258134 0.332095
0.481383 0.331420
0.218085 0.330703
-0.479544 0.330384
0.487589 0.329986
0.246454 0.329986
0.496454 0.329986
0.494681 0.329986
0.495567 0.329986
-0.498911 0.329976
-0.493794 0.329268
-0.489510 0.329046
-0.495371 0.328233
0.216573 0.327997
-0.489607 0.327868
0.495567 0.327116
-0.492908 0.327116
-0.487589 0.327116
0.496454 0.327116
-0.440603 0.324964
0.425532 0.324964
-0.485816 0.324964
0.496454 0.324247
0.497041 0.323943
-0.482270 0.323529
0.502845 0.323376
0.492908 0.322812
0.491168 0.322765
-0.440098 0.322659
0.495567 0.321377
0.493794 0.319943
-0.439716 0.319225
-0.470745 0.319225
-0.440712 0.319185
-0.442573 0.318974
-0.441793 0.318647
0.494681 0.318508
-0.498227 0.318508
0.492908 0.317073
-0.494681 0.317073
0.497337 0.315704
0.491135 0.315638
-0.290541 0.315424
-0.289007 0.314921
-0.492908 0.314921
-0.348834 0.314547
-0.323582 0.313486
-0.304965 0.313486
0.430851 0.313486
-0.493790 0.312972
-0.491135 0.312769
-0.349291 0.312052
-0.275709 0.312052
-0.359043 0.310617
-0.250887 0.309900
-0.225200 0.308470
-0.479610 0.308465
-0.484675 0.307904
-0.489362 0.307030
-0.496106 0.306940
-0.467157 0.306266
-0.484043 0.305595
-0.198582 0.305595
-0.203901 0.304878
-0.487589 0.304878
-0.222518 0.304878
-0.185284 0.304878
0.450364 0.304687
-0.468085 0.304161
-0.428191 0.304161
-0.427330 0.304038
-0.469632 0.303464
-0.468085 0.303443
0.173759 0.303443
-0.493817 0.303377
0.129433 0.302726
-0.468085 0.302726
0.171099 0.302726
-0.497340 0.302726
0.111702 0.302009
-0.430922 0.301897
0.169895 0.301303
-0.472518 0.301291
-0.472518 0.300574
0.447695 0.300574
-0.382979 0.299139
0.091312 0.299139
-0.470734 0.298921
-0.467199 0.298422
-0.476950 0.298422
-0.465512 0.298297
-0.467199 0.297704
-0.480496 0.297704
-0.093972 0.296987
0.063830 0.296987
-0.484043 0.296987
-0.478512 0.296621
-0.155440 0.295658
-0.468520 0.295564
-0.471631 0.295552
-0.120567 0.295552
-0.475177 0.294835
-0.473436 0.293890
-0.466312 0.292683
-0.119446 0.291883
-0.475275 0.291494
-0.140957 0.291248
-0.149823 0.291248
-0.502183 0.288771
0.356383 0.285509
-0.495567 0.285509
0.358796 0.285222
0.353723 0.284792
0.457447 0.284792
0.351064 0.284075
0.390408 0.282860
0.373227 0.282640
0.024823 0.281923
0.389956 0.281276
-0.058511 0.281205
-0.500636 0.280692
-0.004203 0.280543
0.390071 0.279770
0.004433 0.279770
0.005504 0.279619
-0.024379 0.278351
-0.002575 0.277888
-0.023424 0.277743
-0.454787 0.277618
-0.004433 0.277618
-0.493007 0.277431
0.367908 0.276901
0.387395 0.276677
0.345745 0.276184
-0.027482 0.275466
-0.490248 0.275466
-0.020390 0.275466
0.362198 0.275204
0.478723 0.274749
0.368214 0.274076
0.355496 0.274032
0.384752 0.274032
0.352837 0.273314
0.358156 0.273314
-0.483156 0.272597
0.492021 0.272597
0.335112 0.272144
0.356383 0.272104
0.331560 0.271879
-0.483322 0.271789
0.328014 0.271162
0.398123 0.270684
-0.483679 0.270566
-0.474291 0.270445
0.491135 0.269727
0.386525 0.269727
0.487589 0.269010
0.340426 0.268293
0.489362 0.268293
0.379433 0.268293
0.489874 0.267770
0.403369 0.267575
0.487695 0.266937
0.406915 0.266858
0.347518 0.265423
0.369681 0.264706
0.338889 0.264033
0.381206 0.263989
0.326241 0.263989
0.344858 0.263271
0.336879 0.263271
0.342199 0.263271
0.337766 0.263271
0.349478 0.263210
0.354610 0.262554
-0.443262 0.262554
0.343917 0.262492
0.385537 0.261909
0.357270 0.261836
-0.443262 0.261836
0.349525 0.261239
-0.443262 0.261119
0.359929 0.261119
0.351950 0.260402
0.371454 0.260402
0.359102 0.260271
0.308867 0.259765
0.354610 0.259684
0.312057 0.259684
0.382979 0.259684
0.370718 0.259626
0.351874 0.259600
0.324948 0.259137
0.322695 0.258967
0.308511 0.258967
0.310836 0.258624
0.335106 0.258250
0.334220 0.258250
0.339539 0.258250
0.346631 0.258250
0.343972 0.258250
0.349291 0.258250
0.304965 0.258250
0.333333 0.258250
0.371454 0.258250
0.311202 0.257930
0.309368 0.257694
-0.398050 0.257532
0.399823 0.257532
0.382979 0.257532
0.384822 0.257087
0.319913 0.256956
0.308855 0.256883
0.314716 0.256815
0.371392 0.256629
-0.325402 0.256379
0.325355 0.256098
0.347074 0.256044
0.422300 0.255985
-0.298316 0.255532
-0.462766 0.255380
0.313830 0.255380
0.416667 0.255380
0.382979 0.255380
-0.301418 0.255380
0.399823 0.255380
0.359929 0.255380
0.349629 0.255036
0.382075 0.254946
0.394968 0.254842
0.330728 0.254813
0.310284 0.254663
-0.462766 0.254663
0.420213 0.254663
0.423941 0.254494
0.309309 0.254463
-0.460930 0.254125
0.316161 0.254116
0.354610 0.253945
-0.327128 0.253945
0.291667 0.253945
0.423759 0.253945
0.317376 0.253945
-0.496454 0.253945
-0.358525 0.253426
0.345745 0.253228
0.343085 0.253228
0.338652 0.253228
0.328901 0.253228
0.385367 0.253110
0.497869 0.252986
0.275915 0.252923
-0.352837 0.252511
0.295213 0.252511
0.334220 0.252511
0.335106 0.252511
0.371454 0.252511
-0.288121 0.252511
0.316489 0.252511
0.368268 0.252176
-0.323582 0.251793
0.338978 0.251747
-0.497299 0.251572
0.419194 0.251110
0.498227 0.251076
0.315603 0.251076
0.304078 0.251076
0.221631 0.251076
0.320922 0.251076
-0.489362 0.251076
-0.281720 0.251046
0.430347 0.250841
0.415511 0.250793
0.345890 0.250551
0.340244 0.250546
0.322079 0.250452
0.314334 0.250385
0.322786 0.250378
-0.349291 0.250359
0.399823 0.250359
0.250000 0.250359
0.218972 0.250359
0.318262 0.250359
0.416667 0.250359
0.361666 0.250291
-0.322626 0.250126
0.317802 0.249960
0.220293 0.249893
0.132979 0.249641
0.216312 0.249641
-0.274823 0.249641
0.278369 0.249641
0.359929 0.249641
0.174645 0.249641
0.420213 0.249641
0.278964 0.249414
0.306223 0.248973
0.317376 0.248924
0.115248 0.248924
0.351064 0.248924
-0.304965 0.248924
0.362496 0.248563
0.281226 0.248513
-0.296986 0.248207
0.281915 0.248207
0.228723 0.248207
0.317376 0.248207
0.425532 0.248207
0.342199 0.248207
0.324468 0.248207
-0.345745 0.248207
0.097518 0.248207
-0.482270 0.248207
0.322252 0.247803
0.429965 0.247489
0.257092 0.247489
0.329787 0.247489
0.338652 0.247489
0.321809 0.247489
0.309397 0.247489
-0.297579 0.247447
-0.298522 0.247417
0.254045 0.247399
-0.264965 0.247269
-0.255241 0.247128
0.311488 0.246784
0.285461 0.246772
0.319149 0.246772
0.335106 0.246772
-0.310284 0.246772
0.277482 0.246772
0.321809 0.246772
0.322390 0.246638
0.302895 0.246427
0.312943 0.246055
0.319149 0.246055
0.341560 0.245736
0.280124 0.245345
-0.407801 0.245337
0.218085 0.245337
-0.283688 0.245337
0.281028 0.245337
0.416667 0.245337
0.294326 0.245337
0.235816 0.245337
0.319149 0.245337
0.324468 0.245337
0.495567 0.245337
0.323104 0.245093
-0.249456 0.244787
0.436764 0.244738
-0.246454 0.244620
0.329787 0.244620
0.215426 0.244620
0.268617 0.244620
-0.407801 0.244620
0.329787 0.243902
0.272163 0.243902
0.421986 0.243902
0.445035 0.243902
0.276596 0.243902
-0.261525 0.243902
0.303191 0.243902
0.321809 0.243902
0.306745 0.243589
0.410726 0.243443
0.331246 0.243213
0.389271 0.243196
0.437861 0.243188
0.321809 0.243185
-0.351950 0.243185
0.314716 0.243185
-0.332447 0.243185
-0.344858 0.243185
0.272978 0.243026
-0.280451 0.243019
0.417553 0.242468
0.375887 0.242468
0.225177 0.242468
0.306738 0.242468
0.247340 0.242468
0.350177 0.242468
-0.308511 0.242468
0.324468 0.242468
0.427305 0.242468
-0.262382 0.242254
-0.346015 0.242207
0.321176 0.242084
0.494464 0.242011
0.341312 0.241750
0.431738 0.241750
0.324468 0.241750
0.428191 0.241750
0.382092 0.241750
-0.300532 0.241750
0.259568 0.241201
0.282220 0.241201
0.317376 0.241033
0.324468 0.241033
0.432624 0.241033
0.429078 0.241033
0.436170 0.241033
0.310284 0.241033
-0.292553 0.241033
0.337766 0.241033
0.271277 0.241033
-0.348404 0.241033
0.422872 0.241033
0.374902 0.240998
0.271339 0.240975
0.432648 0.240647
0.336545 0.240605
-0.362589 0.240316
0.289007 0.240316
0.423759 0.240316
0.391844 0.240316
-0.267730 0.240316
-0.268617 0.240316
-0.313830 0.240316
-0.332244 0.240306
0.200980 0.239809
0.315978 0.239676
0.263604 0.239603
0.258865 0.239598
0.154255 0.239598
0.144504 0.239598
-0.218085 0.239598
0.274823 0.239598
0.214539 0.239598
0.136525 0.239598
0.364362 0.239598
0.195922 0.239598
0.418440 0.239598
0.266291 0.239572
-0.242779 0.239264
-0.330891 0.239002
0.297872 0.238881
-0.233156 0.238881
-0.421986 0.238881
0.284574 0.238881
0.262411 0.238881
0.260638 0.238881
0.332447 0.238881
0.269708 0.238834
-0.344504 0.238744
-0.293250 0.238719
-0.253415 0.238533
0.339562 0.238330
-0.224291 0.238164
-0.343972 0.238164
0.265957 0.238164
-0.248227 0.238164
-0.331560 0.238164
0.262411 0.238164
-0.319149 0.238164
0.264184 0.238164
0.198672 0.237643
0.444149 0.237446
0.451241 0.237446
-0.239362 0.237446
-0.271277 0.237446
0.132490 0.237208
0.355862 0.237191
0.356465 0.236937
0.199502 0.236877
-0.243794 0.236729
0.355496 0.236729
0.269504 0.236729
-0.230496 0.236729
-0.233424 0.236576
-0.217199 0.236011
0.320035 0.236011
-0.234929 0.236011
-0.347518 0.236011
0.327128 0.236011
-0.227646 0.236007
-0.235190 0.235984
-0.496918 0.235842
0.435603 0.235515
-0.239609 0.235442
-0.239362 0.235294
0.273050 0.235294
0.340426 0.235294
0.236702 0.235294
0.408688 0.235294
0.304078 0.235294
-0.311170 0.235294
-0.305402 0.235285
-0.209599 0.234731
0.442376 0.234577
0.195035 0.234577
0.282801 0.234577
-0.223404 0.234577
-0.254433 0.234577
0.099291 0.234577
0.438100 0.234198
0.450602 0.234164
0.292553 0.233859
0.307624 0.233859
0.422872 0.233859
-0.351064 0.233859
0.459220 0.233859
0.452128 0.233859
0.466312 0.233859
0.128546 0.233859
-0.493794 0.233859
-0.205505 0.233810
-0.271752 0.233667
0.057947 0.233621
-0.349187 0.233416
0.128568 0.233325
-0.243794 0.233142
0.417553 0.233142
0.335106 0.233142
-0.280142 0.233142
-0.316489 0.233142
0.058511 0.233142
0.110816 0.233142
0.139207 0.233077
0.458813 0.233009
-0.239912 0.232959
-0.249230 0.232442
-0.231383 0.232425
-0.304965 0.232425
0.248227 0.232425
0.226064 0.232425
0.409574 0.232425
-0.216312 0.232425
0.302883 0.232366
-0.265024 0.232225
0.333807 0.232043
-0.209220 0.231707
-0.235816 0.231707
-0.296986 0.231707
-0.239362 0.231707
0.432624 0.231707
0.436170 0.231707
0.265071 0.231707
0.266844 0.231707
0.417464 0.231707
0.265387 0.231497
0.268104 0.231459
0.267113 0.231455
0.329553 0.231388
0.284618 0.231270
0.379661 0.231173
0.164200 0.230999
0.296527 0.230996
0.455674 0.230990
0.462766 0.230990
0.450355 0.230990
-0.361702 0.230990
0.262411 0.230990
-0.261525 0.230990
-0.260638 0.230990
0.329787 0.230990
-0.486702 0.230990
-0.262411 0.230990
-0.257211 0.230881
0.461680 0.230795
0.410257 0.230431
0.434884 0.230420
0.336924 0.230371
0.270390 0.230273
-0.224291 0.230273
0.340426 0.230273
0.264184 0.230273
-0.250887 0.230273
-0.361702 0.230273
0.298759 0.230273
0.271277 0.230273
0.341084 0.230267
0.408434 0.230121
0.226022 0.230078
0.326698 0.229750
0.345745 0.229555
0.148050 0.229555
0.368794 0.229555
0.278369 0.229555
0.165780 0.229555
0.156028 0.229555
0.175532 0.229555
0.140071 0.229555
-0.292553 0.229555
0.218972 0.229555
0.465426 0.229555
0.197695 0.229555
-0.294384 0.229483
0.463379 0.229457
0.380756 0.229210
0.375000 0.228838
0.288121 0.228838
0.217199 0.228838
0.317376 0.228838
-0.370826 0.228713
0.093688 0.228612
-0.264214 0.228477
0.356356 0.228461
0.265065 0.228417
0.150612 0.228393
0.225650 0.228231
-0.313830 0.228121
-0.372340 0.228121
0.453901 0.228121
-0.232270 0.228121
0.475177 0.228121
-0.239362 0.228121
-0.235816 0.228121
0.381206 0.228121
-0.208333 0.228121
0.448582 0.228121
0.459220 0.228121
0.091312 0.228121
-0.342199 0.228121
-0.329787 0.228121
-0.264184 0.228121
0.335106 0.228121
-0.265071 0.228121
0.373135 0.227848
0.387635 0.227827
0.326533 0.227777
0.340510 0.227488
0.222842 0.227455
0.382092 0.227403
-0.372340 0.227403
-0.442376 0.227403
0.328901 0.227403
0.474291 0.227403
0.262993 0.227402
0.343853 0.227323
-0.260604 0.227200
0.492172 0.227189
0.361229 0.227167
0.284005 0.227101
0.398280 0.227001
-0.231702 0.226906
0.276736 0.226776
0.266807 0.226746
0.359929 0.226686
-0.372340 0.226686
0.461879 0.226686
0.390957 0.226686
-0.321809 0.226686
0.382979 0.226686
0.304965 0.226686
-0.257092 0.226686
0.416667 0.226686
0.474600 0.226599
0.139826 0.226589
-0.367520 0.226485
0.402630 0.226103
0.143617 0.225968
0.453901 0.225968
0.459220 0.225968
0.168440 0.225968
0.158688 0.225968
0.151596 0.225968
0.408688 0.225968
-0.182624 0.225968
0.206560 0.225968
0.391844 0.225968
-0.345745 0.225968
0.330837 0.225910
0.476622 0.225842
0.122596 0.225713
-0.259458 0.225530
0.241817 0.225503
0.456712 0.225359
0.473808 0.225325
0.442376 0.225251
0.408688 0.225251
0.294326 0.225251
0.390071 0.225251
-0.307624 0.225251
0.316489 0.225251
-0.246454 0.225251
0.269504 0.225251
0.268617 0.225251
0.340426 0.225251
-0.267730 0.225251
0.267730 0.225251
0.237589 0.225251
0.464539 0.225251
0.400709 0.225251
0.477064 0.225183
0.269764 0.224986
0.465308 0.224874
0.261533 0.224699
0.143811 0.224648
0.464863 0.224618
0.133846 0.224535
0.461879 0.224534
-0.312943 0.224534
0.345745 0.224534
0.400709 0.224534
0.426418 0.224534
0.334220 0.224534
0.276596 0.224534
0.178191 0.224534
0.398936 0.224534
0.176211 0.224424
-0.307519 0.224361
0.239926 0.224360
-0.262394 0.224287
0.272341 0.224283
0.401105 0.224265
0.382184 0.224253
0.461382 0.224115
-0.311013 0.223989
-0.200355 0.223816
0.398936 0.223816
0.283688 0.223816
0.400709 0.223816
0.351064 0.223816
0.397163 0.223816
0.459220 0.223816
0.328014 0.223816
0.408688 0.223816
0.237589 0.223816
0.174645 0.223816
0.132092 0.223816
0.266844 0.223816
0.267730 0.223816
0.251773 0.223816
-0.260638 0.223816
0.021610 0.223133
0.338237 0.223122
0.137411 0.223099
0.366135 0.223099
0.270390 0.223099
0.473404 0.223099
0.306738 0.223099
-0.254506 0.223063
0.338805 0.223012
0.457145 0.223007
-0.347165 0.222726
0.147163 0.222382
0.446809 0.222382
0.436170 0.222382
0.400709 0.222382
0.161348 0.222382
0.398936 0.222382
0.265957 0.222382
-0.253546 0.222382
-0.301418 0.222382
0.372340 0.222382
-0.386525 0.222382
0.277482 0.222382
0.484043 0.222382
0.154255 0.222382
0.237589 0.222382
0.336879 0.222382
0.230496 0.222382
-0.356383 0.222382
0.147795 0.222343
-0.346891 0.222249
0.373872 0.222044
-0.356142 0.221779
-0.303979 0.221691
-0.319149 0.221664
-0.306738 0.221664
0.330674 0.221664
0.483156 0.221664
0.296099 0.221664
-0.386525 0.221664
0.268617 0.221664
0.485816 0.221664
0.318262 0.221664
0.373227 0.221664
-0.280142 0.221664
0.172612 0.221436
0.376694 0.221427
0.369850 0.221381
-0.279417 0.221362
-0.292999 0.221322
0.401824 0.221279
-0.304385 0.221265
0.431779 0.221241
-0.380769 0.221046
0.384752 0.220947
-0.461879 0.220947
0.400709 0.220947
0.271277 0.220947
-0.106383 0.220947
-0.221631 0.220947
0.230496 0.220947
-0.312057 0.220947
0.101064 0.220947
0.482270 0.220947
0.487589 0.220947
0.484929 0.220947
-0.210993 0.220947
0.400582 0.220922
0.387447 0.220718
0.128609 0.220659
-0.251525 0.220612
0.332420 0.220593
-0.314618 0.220359
0.452128 0.220230
0.357270 0.220230
-0.296986 0.220230
0.167553 0.220230
0.340426 0.220230
0.415780 0.220230
-0.186750 0.220223
-0.258110 0.220166
0.400582 0.220112
0.333977 0.220064
-0.310648 0.219733
0.265816 0.219677
-0.324256 0.219529
0.146277 0.219512
0.140957 0.219512
0.153369 0.219512
0.345745 0.219512
-0.195922 0.219512
0.440603 0.219512
0.391844 0.219512
-0.231383 0.219512
-0.244681 0.219512
0.308511 0.219512
0.223404 0.219512
0.112589 0.219512
0.333333 0.219512
0.180851 0.219512
0.172605 0.219249
0.171774 0.219107
0.389067 0.219074
0.383843 0.219007
-0.127181 0.218996
0.143522 0.218931
-0.233075 0.218893
-0.229610 0.218795
-0.234043 0.218795
0.394504 0.218795
-0.377660 0.218795
-0.300532 0.218795
-0.237589 0.218795
-0.196809 0.218795
-0.267730 0.218795
0.221631 0.218795
0.177305 0.218795
0.220206 0.218763
0.235356 0.218742
0.179933 0.218374
0.349591 0.218282
0.475138 0.218179
-0.293929 0.218096
0.425532 0.218077
-0.173759 0.218077
0.109043 0.218077
-0.305851 0.218077
-0.318262 0.218077
0.352837 0.218077
0.245567 0.218077
0.219858 0.218077
-0.340426 0.218077
0.019504 0.218077
-0.292553 0.218077
0.124113 0.218077
0.173759 0.218077
0.350204 0.217962
-0.295075 0.217825
0.130256 0.217812
0.342479 0.217748
0.237360 0.217655
0.483733 0.217600
0.117614 0.217541
0.336902 0.217498
0.259214 0.217470
0.354846 0.217383
0.320922 0.217360
-0.260638 0.217360
0.396277 0.217360
0.437943 0.217360
0.336879 0.217360
-0.314716 0.217360
0.233156 0.217360
0.129433 0.217360
0.407801 0.217360
0.265665 0.217198
0.392162 0.217122
0.230419 0.217069
0.179295 0.217011
0.345024 0.216896
0.369731 0.216862
0.184194 0.216854
-0.316791 0.216779
0.350177 0.216643
0.453901 0.216643
-0.400709 0.216643
0.445035 0.216643
0.145390 0.216643
0.134752 0.216643
0.363475 0.216643
-0.251773 0.216643
0.140071 0.216643
0.259752 0.216643
0.245567 0.216643
-0.203014 0.216643
-0.126773 0.216643
-0.332447 0.216643
-0.296099 0.216643
0.120567 0.216643
0.022416 0.216541
0.009366 0.216533
-0.395978 0.216373
-0.324484 0.216334
-0.303968 0.216214
0.101330 0.216204
-0.398918 0.216184
0.144904 0.216180
0.329787 0.215925
0.375000 0.215925
0.294326 0.215925
0.226064 0.215925
0.010638 0.215925
-0.273936 0.215925
0.189716 0.215925
0.247257 0.215918
0.395326 0.215858
-0.286716 0.215649
0.402990 0.215647
-0.378306 0.215389
-0.192349 0.215322
0.461879 0.215208
0.404255 0.215208
0.386525 0.215208
0.117021 0.215208
0.433511 0.215208
-0.191489 0.215208
0.428191 0.215208
0.340426 0.215208
-0.075355 0.215208
-0.324468 0.215208
0.311170 0.215208
-0.299645 0.215208
0.224291 0.215208
0.209220 0.215208
-0.339539 0.215208
0.433412 0.215186
0.307910 0.215185
-0.319483 0.215117
0.337631 0.215058
0.374788 0.214851
-0.300072 0.214732
-0.247821 0.214569
0.344666 0.214543
0.278369 0.214491
0.459220 0.214491
0.363475 0.214491
-0.320922 0.214491
0.389184 0.214491
0.093085 0.214491
-0.192376 0.214491
-0.309397 0.214491
0.442376 0.214491
-0.334220 0.214491
0.359043 0.214491
0.134361 0.214481
-0.260216 0.214480
0.137041 0.214412
-0.042545 0.214234
0.362802 0.214188
0.358975 0.214176
-0.201282 0.214170
-0.330783 0.214105
0.093009 0.214067
-0.146442 0.213927
-0.071432 0.213784
-0.391844 0.213773
0.391844 0.213773
0.306738 0.213773
0.179965 0.213773
-0.193262 0.213773
0.001773 0.213773
0.100177 0.213773
-0.317376 0.213773
-0.169326 0.213773
0.414894 0.213773
0.218972 0.213773
0.332447 0.213773
-0.109929 0.213773
-0.491135 0.213773
-0.497250 0.213585
-0.350960 0.213466
-0.399045 0.213443
-0.298862 0.213194
-0.494577 0.213128
-0.326241 0.213056
0.272163 0.213056
0.470745 0.213056
0.265071 0.213056
0.446809 0.213056
0.126773 0.213056
0.052305 0.213056
0.176418 0.213056
0.183511 0.213056
-0.273178 0.212967
0.093891 0.212946
0.332088 0.212905
0.419434 0.212698
-0.234206 0.212548
0.391100 0.212494
-0.328273 0.212436
0.278583 0.212432
0.131663 0.212361
0.142348 0.212345
-0.365248 0.212339
0.137411 0.212339
0.344858 0.212339
0.270390 0.212339
0.267730 0.212339
0.132092 0.212339
-0.322695 0.212339
0.289894 0.212339
0.163121 0.212339
-0.147163 0.212339
0.354610 0.212339
0.439716 0.212339
0.228723 0.212339
-0.286348 0.212339
-0.267730 0.212339
0.359043 0.212339
0.363475 0.212339
0.198582 0.212339
-0.338652 0.212339
0.214539 0.212339
0.311388 0.211733
0.213136 0.211677
0.129562 0.211661
0.123227 0.211621
0.411348 0.211621
-0.303191 0.211621
0.399823 0.211621
-0.117908 0.211621
-0.014184 0.211621
-0.199468 0.211621
0.335993 0.211621
0.371454 0.211621
-0.148050 0.211621
-0.258865 0.211621
-0.333333 0.211621
0.160461 0.211621
0.348421 0.211591
-0.376715 0.211534
-0.115675 0.211503
0.350405 0.211494
-0.116008 0.211483
-0.208507 0.211437
0.198987 0.211330
0.089695 0.210966
0.253546 0.210904
-0.148936 0.210904
-0.382979 0.210904
0.282801 0.210904
-0.250000 0.210904
0.313830 0.210904
-0.230496 0.210904
-0.328014 0.210904
0.417553 0.210904
-0.312057 0.210904
0.382979 0.210904
0.444149 0.210904
0.351950 0.210904
0.223404 0.210904
-0.104610 0.210904
0.108156 0.210904
0.226702 0.210901
0.257141 0.210850
0.414077 0.210849
0.220993 0.210845
0.445146 0.210765
0.124563 0.210585
0.211229 0.210484
0.400736 0.210437
-0.150563 0.210413
0.331657 0.210392
0.182499 0.210377
0.256617 0.210242
-0.109841 0.210233
-0.233156 0.210187
-0.192376 0.210187
-0.242908 0.210187
0.119681 0.210187
0.253546 0.210187
-0.228723 0.210187
-0.179078 0.210187
0.385638 0.210187
0.239362 0.210187
0.169326 0.210187
0.023050 0.210187
0.435284 0.210187
-0.296099 0.210187
-0.154031 0.210037
0.154434 0.209876
-0.305259 0.209729
-0.033950 0.209696
0.169531 0.209688
0.382231 0.209622
0.415011 0.209551
-0.258975 0.209483
0.253546 0.209469
0.448582 0.209469
-0.044326 0.209469
0.322695 0.209469
-0.037234 0.209469
0.349291 0.209469
-0.216312 0.209469
0.309397 0.209469
-0.193262 0.209469
-0.187057 0.209469
0.407801 0.209469
-0.235816 0.209469
-0.312943 0.209469
0.218085 0.209469
-0.231383 0.209469
0.388298 0.209469
-0.030142 0.209469
0.115248 0.209469
-0.205674 0.209469
-0.226950 0.209469
0.228723 0.209469
-0.273936 0.209469
-0.148050 0.209469
0.203901 0.209469
0.371454 0.209469
0.192376 0.209469
-0.259752 0.209469
-0.237356 0.209466
-0.198567 0.209455
-0.277826 0.209372
0.261858 0.209351
0.177485 0.209338
-0.195105 0.209285
-0.199086 0.209252
-0.330850 0.209226
0.228475 0.209189
-0.224983 0.209126
0.264490 0.208899
-0.039894 0.208752
-0.229610 0.208752
-0.299645 0.208752
0.441489 0.208752
0.026596 0.208752
-0.156915 0.208752
-0.148936 0.208752
-0.250887 0.208752
-0.234043 0.208752
-0.032801 0.208752
0.152482 0.208752
-0.321809 0.208752
0.414007 0.208752
0.163097 0.208739
0.236420 0.208723
-0.232046 0.208704
-0.229629 0.208553
0.389546 0.208409
0.185810 0.208254
-0.187356 0.208203
0.011841 0.208200
0.382748 0.208181
0.309030 0.208093
-0.247340 0.208034
-0.157801 0.208034
0.014184 0.208034
0.389184 0.208034
-0.272163 0.208034
-0.035461 0.208034
0.425532 0.208034
0.179078 0.208034
0.331560 0.208034
0.420213 0.208034
-0.306738 0.208034
-0.346631 0.208034
0.129433 0.208034
0.430851 0.208034
0.213652 0.208034
-0.332447 0.208034
0.085106 0.208034
-0.088652 0.208034
-0.349291 0.208034
0.304965 0.208034
-0.232270 0.208034
0.223404 0.208034
-0.385064 0.207940
-0.297481 0.207920
0.335620 0.207919
-0.344074 0.207858
-0.228413 0.207764
-0.469019 0.207714
-0.399589 0.207595
0.206225 0.207570
-0.194732 0.207536
0.306909 0.207422
0.263343 0.207351
-0.199468 0.207317
0.453901 0.207317
-0.394504 0.207317
-0.405142 0.207317
-0.327128 0.207317
-0.382092 0.207317
0.338652 0.207317
-0.240248 0.207317
0.445922 0.207317
0.258865 0.207317
0.311170 0.207317
0.182624 0.207317
-0.138298 0.207317
0.092199 0.207317
-0.266844 0.207317
0.085106 0.207317
0.392730 0.207317
0.186806 0.207269
0.195563 0.207140
0.216695 0.207139
-0.328201 0.207051
0.128272 0.207014
-0.304921 0.206936
0.200482 0.206923
0.308490 0.206808
0.208160 0.206670
-0.307624 0.206600
0.478723 0.206600
-0.238475 0.206600
0.258865 0.206600
0.125887 0.206600
0.217199 0.206600
-0.398936 0.206600
-0.306738 0.206600
0.437057 0.206600
0.481383 0.206600
0.099291 0.206600
-0.251773 0.206600
0.228723 0.206600
-0.280142 0.206600
0.085106 0.206600
-0.113475 0.206600
0.199468 0.206600
0.186170 0.206600
0.034574 0.206600
0.092199 0.206600
0.209220 0.206600
0.379433 0.206600
-0.148936 0.206600
0.220018 0.206571
-0.132818 0.206544
0.146142 0.206446
-0.308612 0.206391
0.295813 0.206310
0.410210 0.206249
-0.230864 0.206135
-0.308195 0.206134
0.212506 0.206038
-0.157801 0.205882
0.382092 0.205882
-0.248227 0.205882
0.306738 0.205882
0.146277 0.205882
0.320035 0.205882
-0.304859 0.205589
0.264278 0.205583
-0.140237 0.205540
0.277258 0.205412
-0.163412 0.205207
-0.244681 0.205165
-0.193262 0.205165
-0.306738 0.205165
0.443262 0.205165
-0.166667 0.205165
-0.307624 0.205165
0.384752 0.205165
-0.421099 0.205165
0.459220 0.205165
0.122340 0.205165
-0.308511 0.205165
0.451241 0.205165
0.273050 0.205165
0.304078 0.205165
0.484043 0.205165
0.400709 0.205165
0.352837 0.205165
0.357270 0.205165
0.222518 0.205165
0.212766 0.205165
0.171986 0.205165
-0.303191 0.205165
0.106383 0.205165
-0.278369 0.205165
-0.345745 0.205165
0.234929 0.205165
-0.260811 0.205142
-0.287983 0.205019
0.383980 0.205002
-0.311417 0.204993
0.352825 0.204725
-0.174051 0.204639
0.030314 0.204557
0.368722 0.204557
0.427815 0.204491
0.224193 0.204461
-0.317376 0.204448
-0.187943 0.204448
-0.217199 0.204448
-0.174645 0.204448
-0.370567 0.204448
-0.206560 0.204448
0.117908 0.204448
-0.385638 0.204448
0.271277 0.204448
0.343085 0.204448
0.247340 0.204448
-0.258865 0.204448
0.382092 0.204448
-0.139184 0.204448
-0.289894 0.204448
0.300532 0.204448
0.081560 0.204448
-0.121454 0.204448
0.426114 0.204439
-0.269186 0.204350
-0.209639 0.204335
0.222085 0.204319
0.129542 0.204295
0.381925 0.204262
0.386716 0.204200
-0.240064 0.204173
0.397976 0.204162
-0.267504 0.204054
0.159251 0.204041
0.069079 0.204006
-0.304942 0.203930
0.144588 0.203910
0.388896 0.203866
-0.299459 0.203816
0.214640 0.203735
0.266844 0.203730
0.247340 0.203730
-0.182624 0.203730
-0.303191 0.203730
0.385638 0.203730
0.334220 0.203730
0.216312 0.203730
0.269504 0.203730
-0.188830 0.203730
0.264184 0.203730
-0.381206 0.203730
0.308511 0.203730
0.113475 0.203730
-0.326241 0.203730
-0.466312 0.203730
-0.276596 0.203730
0.384752 0.203730
0.350177 0.203730
0.172872 0.203730
-0.156028 0.203730
0.081560 0.203730
-0.108156 0.203730
0.193262 0.203730
-0.112589 0.203730
0.204787 0.203730
0.383921 0.203658
-0.265792 0.203639
0.261805 0.203482
-0.215489 0.203455
0.249803 0.203453
-0.306495 0.203441
0.383375 0.203350
-0.137563 0.203150
-0.289961 0.203091
0.208639 0.203045
-0.271277 0.203013
-0.164894 0.203013
0.257979 0.203013
-0.151596 0.203013
-0.148050 0.203013
0.305851 0.203013
-0.183511 0.203013
0.125887 0.203013
-0.159840 0.202824
-0.350734 0.202797
0.031027 0.202624
-0.313289 0.202413
0.276510 0.202410
-0.130494 0.202395
0.032948 0.202386
0.276718 0.202380
-0.316516 0.202347
-0.279915 0.202331
-0.200355 0.202296
0.164894 0.202296
0.228723 0.202296
0.303191 0.202296
-0.299645 0.202296
-0.057624 0.202296
0.365248 0.202296
0.208333 0.202296
-0.265957 0.202296
-0.129433 0.202296
0.026596 0.202296
-0.184397 0.202296
0.234929 0.202296
0.384752 0.202296
0.386525 0.202296
0.385638 0.202296
-0.468972 0.202296
0.395998 0.202266
0.264652 0.202017
-0.135153 0.201926
0.387982 0.201909
0.479026 0.201905
-0.157161 0.201816
0.403045 0.201798
0.151532 0.201792
-0.260368 0.201679
-0.148797 0.201593
-0.045213 0.201578
0.122340 0.201578
0.322695 0.201578
0.277482 0.201578
0.273936 0.201578
0.299645 0.201578
0.390071 0.201578
-0.120567 0.201578
0.181738 0.201578
0.067376 0.201578
0.138298 0.201578
0.387411 0.201578
0.162234 0.201578
0.386525 0.201578
0.413932 0.201484
0.396905 0.201451
0.122191 0.201408
0.304543 0.201357
0.257774 0.201297
-0.145658 0.201237
0.380513 0.201140
-0.166939 0.201063
0.336086 0.201003
0.265182 0.200919
0.123214 0.200912
-0.138298 0.200861
0.030142 0.200861
0.117908 0.200861
-0.031915 0.200861
0.272163 0.200861
0.222518 0.200861
-0.369681 0.200861
-0.339539 0.200861
0.255319 0.200861
-0.040780 0.200861
-0.011525 0.200861
0.406915 0.200861
0.165780 0.200861
-0.384752 0.200861
0.436170 0.200861
0.159574 0.200861
-0.111702 0.200861
0.185284 0.200861
0.296099 0.200861
0.388298 0.200861
-0.102837 0.200861
0.393617 0.200861
0.078014 0.200861
0.390957 0.200861
-0.107270 0.200861
0.200355 0.200861
-0.163121 0.200861
0.159873 0.200840
-0.108903 0.200786
-0.160985 0.200724
0.157127 0.200723
0.388776 0.200659
0.302409 0.200533
0.082591 0.200500
-0.193536 0.200384
0.345086 0.200352
0.190062 0.200284
0.131451 0.200274
0.393168 0.200268
0.131206 0.200143
0.093085 0.200143
0.263298 0.200143
-0.158688 0.200143
-0.034574 0.200143
0.100177 0.200143
0.413121 0.200143
0.163121 0.200143
0.265957 0.200143
0.367908 0.200143
0.034330 0.200085
0.385729 0.199994
0.386529 0.199786
0.126495 0.199776
-0.377061 0.199756
0.302387 0.199673
-0.207447 0.199426
0.442376 0.199426
-0.154255 0.199426
-0.150709 0.199426
-0.147163 0.199426
0.033688 0.199426
0.336879 0.199426
-0.192376 0.199426
0.166667 0.199426
0.207447 0.199426
0.178191 0.199426
0.003546 0.199426
0.187943 0.199426
0.289007 0.199426
-0.030160 0.199103
-0.410642 0.199096
0.466871 0.199077
-0.206282 0.198938
-0.102866 0.198903
0.005243 0.198854
-0.027482 0.198709
0.467199 0.198709
-0.304078 0.198709
0.107270 0.198709
-0.304965 0.198709
0.461879 0.198709
0.343972 0.198709
-0.001773 0.198709
0.434397 0.198709
0.074468 0.198709
0.081560 0.198709
0.429078 0.198709
0.388446 0.198651
0.205846 0.198552
-0.148386 0.198492
0.398471 0.198443
-0.188148 0.198242
0.235019 0.198199
0.185342 0.198149
-0.173139 0.198083
-0.009081 0.198078
0.234929 0.197991
0.241135 0.197991
-0.173759 0.197991
-0.352837 0.197991
0.122340 0.197991
-0.355496 0.197991
-0.409574 0.197991
0.351064 0.197991
-0.149823 0.197991
0.274823 0.197991
0.228723 0.197991
0.278369 0.197991
-0.388298 0.197991
-0.153369 0.197991
0.281915 0.197991
-0.358156 0.197991
-0.187943 0.197991
0.153369 0.197991
0.199468 0.197991
0.063830 0.197991
-0.086879 0.197991
0.163737 0.197990
-0.246298 0.197921
0.263142 0.197887
0.137413 0.197829
0.437730 0.197802
0.113554 0.197767
0.139739 0.197636
-0.085964 0.197548
0.463167 0.197516
0.404366 0.197335
-0.300532 0.197274
0.445035 0.197274
-0.181738 0.197274
0.268617 0.197274
0.041667 0.197274
0.453014 0.197274
-0.403369 0.197274
-0.162234 0.197274
-0.392730 0.197274
-0.404597 0.197140
0.172784 0.197034
0.066916 0.197021
-0.178805 0.196923
-0.163832 0.196786
-0.315603 0.196557
-0.199468 0.196557
-0.157801 0.196557
0.195035 0.196557
-0.182624 0.196557
0.399823 0.196557
-0.152482 0.196557
0.262411 0.196557
-0.252660 0.196557
0.070922 0.196557
-0.397163 0.196557
-0.309771 0.196423
-0.154528 0.196382
0.147700 0.196189
-0.031430 0.196013
0.351941 0.196008
0.168132 0.196002
-0.406276 0.195965
0.111386 0.195901
0.440495 0.195893
0.239198 0.195853
-0.425532 0.195839
0.109043 0.195839
-0.249113 0.195839
-0.324468 0.195839
-0.171986 0.195839
0.078014 0.195839
0.060284 0.195839
0.389184 0.195839
-0.377134 0.195816
0.000363 0.195802
-0.356245 0.195782
-0.355152 0.195643
-0.181913 0.195609
0.018536 0.195550
-0.394072 0.195544
0.281989 0.195439
-0.237373 0.195434
0.428785 0.195318
0.062424 0.195140
0.127660 0.195122
0.171986 0.195122
-0.354610 0.195122
-0.357270 0.195122
-0.156915 0.195122
0.249113 0.195122
0.265957 0.195122
0.113475 0.195122
-0.228723 0.195122
0.147163 0.195122
-0.110816 0.195122
0.198582 0.195122
-0.106383 0.195122
0.393617 0.195122
0.184397 0.195122
0.390957 0.195122
0.049645 0.195122
-0.070922 0.195122
0.396277 0.195122
0.399708 0.195026
-0.342174 0.194918
0.262033 0.194916
0.046925 0.194905
-0.157773 0.194885
0.335565 0.194680
-0.239717 0.194593
-0.271434 0.194582
0.141537 0.194563
0.190685 0.194525
-0.407801 0.194405
-0.231383 0.194405
0.259752 0.194405
-0.374113 0.194405
-0.327128 0.194405
-0.259752 0.194405
-0.286348 0.194405
-0.058511 0.194405
-0.273712 0.194387
0.440910 0.194326
0.199166 0.194148
0.129714 0.193935
0.039007 0.193687
-0.191489 0.193687
-0.046099 0.193687
-0.161348 0.193687
-0.441489 0.193687
0.101064 0.193687
0.441489 0.193687
0.015957 0.193687
0.140071 0.193687
0.187057 0.193687
0.074468 0.193687
-0.376773 0.193687
0.230496 0.193687
-0.125000 0.193687
-0.401596 0.193687
0.161348 0.193687
0.491135 0.193687
0.236702 0.193687
0.194149 0.193687
0.105048 0.193588
0.075892 0.193408
0.265784 0.193209
0.018310 0.193110
-0.408698 0.193088
-0.150558 0.193061
-0.161624 0.193042
-0.039894 0.192970
-0.284574 0.192970
-0.237589 0.192970
0.164894 0.192970
0.180851 0.192970
-0.116135 0.192970
-0.133865 0.192970
0.493615 0.192915
0.066233 0.192783
-0.380851 0.192706
-0.209329 0.192669
0.444627 0.192627
0.441376 0.192567
-0.154667 0.192559
0.187525 0.192504
0.257247 0.192365
0.022688 0.192286
0.406028 0.192253
0.089539 0.192253
0.018617 0.192253
0.475177 0.192253
0.189716 0.192253
0.246454 0.192253
-0.171099 0.192253
-0.186170 0.192253
-0.414894 0.192253
0.257092 0.192253
0.117908 0.192253
-0.444149 0.192253
-0.356383 0.192253
-0.301418 0.192253
0.469858 0.192253
0.132979 0.192253
-0.033688 0.192253
-0.132092 0.192253
-0.296099 0.192253
-0.271277 0.192253
0.464539 0.192253
-0.092199 0.192253
-0.359475 0.192205
0.390265 0.192158
0.247126 0.192151
-0.189523 0.192073
0.396485 0.192059
-0.043321 0.191996
-0.151622 0.191823
0.455307 0.191781
-0.364270 0.191701
0.183511 0.191535
-0.142730 0.191535
0.046986 0.191535
0.146277 0.191535
0.444149 0.191535
-0.340426 0.191535
0.439716 0.191535
-0.362589 0.191535
-0.265957 0.191535
-0.227008 0.191457
-0.444198 0.191451
0.252653 0.191050
0.390347 0.191032
0.481287 0.190944
-0.162779 0.190901
0.468105 0.190829
0.102837 0.190818
0.022163 0.190818
0.215426 0.190818
-0.180851 0.190818
0.477837 0.190818
0.402482 0.190818
0.177305 0.190818
0.421986 0.190818
-0.446809 0.190818
0.238475 0.190818
-0.406028 0.190818
-0.380319 0.190818
0.078014 0.190818
0.155142 0.190818
0.455674 0.190818
0.477594 0.190751
-0.142283 0.190579
-0.301969 0.190572
-0.403299 0.190549
-0.030513 0.190505
0.124287 0.190495
0.203970 0.190416
-0.218843 0.190196
-0.312057 0.190100
-0.386525 0.190100
-0.218972 0.190100
0.139184 0.190100
-0.430851 0.190100
-0.029255 0.190100
-0.145390 0.190100
0.388298 0.190100
0.070922 0.190100
-0.251179 0.189847
0.156705 0.189695
-0.446235 0.189686
-0.123488 0.189658
-0.359984 0.189565
-0.117623 0.189546
-0.115261 0.189523
-0.364071 0.189444
-0.383094 0.189423
-0.207447 0.189383
-0.390957 0.189383
-0.164007 0.189383
0.123227 0.189383
0.254433 0.189383
0.078014 0.189383
-0.109929 0.189383
-0.076241 0.189383
0.442376 0.189383
0.398936 0.189383
-0.101950 0.189383
0.232270 0.189383
0.480496 0.189383
0.437943 0.189383
0.446809 0.189383
0.393617 0.189383
0.060284 0.189383
0.396277 0.189383
0.137811 0.189197
0.394902 0.189140
-0.333685 0.189124
-0.061083 0.188952
-0.076358 0.188903
-0.342199 0.188666
-0.413121 0.188666
-0.148050 0.188666
-0.361702 0.188666
0.170213 0.188666
-0.056136 0.188431
-0.343149 0.188405
0.388453 0.188261
-0.131380 0.188163
0.177120 0.188142
-0.391452 0.188121
0.139691 0.188065
-0.024823 0.187948
0.145390 0.187948
0.044326 0.187948
0.104610 0.187948
0.078014 0.187948
-0.322695 0.187948
0.474291 0.187948
-0.061170 0.187948
0.371454 0.187948
0.136525 0.187948
-0.361702 0.187948
0.468972 0.187948
0.225177 0.187948
0.221631 0.187948
-0.173759 0.187948
0.469046 0.187900
0.105252 0.187412
0.154255 0.187231
-0.152482 0.187231
0.094858 0.187231
-0.044326 0.187231
-0.361702 0.187231
-0.048759 0.187231
0.109043 0.187231
-0.296986 0.187231
0.074468 0.187231
-0.115248 0.187231
0.190583 0.187198
0.230177 0.187120
0.233953 0.186998
-0.120019 0.186802
-0.147093 0.186612
-0.122509 0.186608
-0.018830 0.186536
-0.298759 0.186514
-0.038121 0.186514
-0.420213 0.186514
0.163121 0.186514
0.113475 0.186514
0.134752 0.186514
-0.325355 0.186514
-0.395390 0.186514
-0.199468 0.186514
0.251773 0.186514
-0.413121 0.186514
-0.253546 0.186514
0.234043 0.186514
0.195035 0.186514
0.206560 0.186514
0.476950 0.186514
0.135480 0.186412
0.028951 0.186292
0.022031 0.186244
0.409142 0.186176
-0.392247 0.186082
-0.408257 0.185942
0.389231 0.185916
0.071990 0.185858
0.083333 0.185796
-0.015071 0.185796
0.057624 0.185796
0.074468 0.185796
0.233156 0.185796
0.142730 0.185796
-0.114362 0.185796
-0.119809 0.185570
-0.113297 0.185555
-0.028042 0.185238
0.019536 0.185149
0.027482 0.185079
-0.185284 0.185079
0.172872 0.185079
-0.367021 0.185079
0.190603 0.185079
0.132092 0.185079
0.005319 0.185079
0.243794 0.185079
-0.120567 0.185079
-0.328014 0.185079
-0.166667 0.185079
0.468548 0.184963
-0.143833 0.184897
0.012051 0.184696
-0.278302 0.184593
-0.115970 0.184592
0.144091 0.184588
0.141480 0.184564
-0.041657 0.184543
0.007259 0.184473
-0.420213 0.184362
0.083333 0.184362
0.096631 0.184362
-0.020390 0.184362
-0.436170 0.184362
-0.367021 0.184362
0.184397 0.184362
-0.000000 0.184362
-0.369681 0.184362
-0.424974 0.184153
0.415780 0.183644
-0.259752 0.183644
-0.127660 0.183644
-0.179965 0.183644
-0.242021 0.183644
0.007979 0.183644
0.006206 0.183644
-0.119681 0.183644
-0.081560 0.183644
-0.005319 0.183644
0.395390 0.183644
-0.367021 0.183644
0.392730 0.183644
-0.372340 0.183644
0.070922 0.183644
0.235816 0.183644
0.140071 0.183644
-0.138298 0.183644
-0.105496 0.183644
-0.369681 0.183644
0.226950 0.183644
0.473404 0.183644
0.001392 0.183636
-0.047779 0.183524
-0.140715 0.183518
0.136289 0.183492
0.477037 0.183479
0.123130 0.183477
0.143818 0.183470
-0.105151 0.183411
0.425616 0.183324
-0.267645 0.183292
0.251374 0.183229
-0.044471 0.183213
-0.371959 0.182960
0.300633 0.182934
-0.014972 0.182928
-0.063830 0.182927
0.409574 0.182927
-0.438830 0.182927
0.234929 0.182927
0.165780 0.182927
-0.033688 0.182927
-0.136525 0.182927
-0.155142 0.182927
0.000887 0.182927
-0.311170 0.182927
-0.378546 0.182927
-0.369681 0.182927
-0.367021 0.182927
0.476099 0.182771
-0.025893 0.182634
-0.051762 0.182613
-0.011037 0.182489
0.069492 0.182465
-0.377911 0.182382
-0.373667 0.182357
-0.018777 0.182220
-0.134752 0.182209
0.010638 0.182209
0.008865 0.182209
0.007092 0.182209
-0.420213 0.182209
-0.384752 0.182209
-0.367021 0.182209
0.234043 0.182209
-0.292553 0.182209
-0.118794 0.182209
0.432624 0.182209
0.139184 0.182209
-0.377660 0.182209
-0.010638 0.182209
0.181738 0.182209
0.122340 0.182209
0.138298 0.182209
0.431738 0.182209
-0.121454 0.182209
-0.108156 0.182209
-0.256206 0.182209
-0.140957 0.182209
0.170466 0.182005
0.142244 0.181996
0.229617 0.181984
-0.138053 0.181936
0.088186 0.181845
-0.435613 0.181819
-0.279255 0.181492
0.464539 0.181492
-0.383865 0.181492
-0.294326 0.181492
0.304965 0.181492
-0.242908 0.181492
-0.139184 0.181492
0.076241 0.181492
0.406028 0.181492
-0.438830 0.181492
-0.140562 0.181443
0.005467 0.181418
-0.429305 0.181322
0.007868 0.181308
0.165399 0.181221
-0.336125 0.181183
0.007160 0.181126
0.295219 0.181082
0.120119 0.181053
-0.119119 0.181002
-0.244467 0.180972
-0.120567 0.180775
-0.321809 0.180775
-0.128546 0.180775
-0.265957 0.180775
-0.029255 0.180775
0.088652 0.180775
-0.425532 0.180775
0.144504 0.180775
0.302305 0.180775
0.136525 0.180775
-0.172872 0.180775
-0.382979 0.180775
0.137411 0.180775
-0.296099 0.180775
0.138298 0.180775
-0.357270 0.180775
-0.051418 0.180775
-0.399823 0.180775
-0.230496 0.180775
-0.293440 0.180775
-0.042553 0.180775
-0.143617 0.180775
-0.015957 0.180775
-0.046986 0.180775
-0.091312 0.180775
-0.119407 0.180732
-0.126951 0.180659
-0.411905 0.180598
0.091885 0.180574
-0.138186 0.180573
-0.119666 0.180460
0.322202 0.180249
-0.167739 0.180162
-0.027015 0.180156
0.147163 0.180057
-0.218972 0.180057
0.298759 0.180057
0.455674 0.180057
-0.295213 0.180057
-0.407801 0.180057
0.241135 0.180057
0.441489 0.180057
0.227837 0.180057
0.437057 0.180057
-0.116383 0.179940
0.198021 0.179927
0.318779 0.179907
-0.049742 0.179808
0.223386 0.179740
0.199765 0.179571
-0.116787 0.179543
0.098115 0.179520
0.319149 0.179340
0.273936 0.179340
0.156028 0.179340
-0.051418 0.179340
-0.294326 0.179340
-0.170213 0.179340
0.168440 0.179340
-0.324468 0.179340
-0.207447 0.179340
-0.262411 0.179340
0.277482 0.179340
0.133865 0.179340
0.072695 0.179340
-0.122340 0.179340
-0.283892 0.179249
0.161162 0.179201
-0.178710 0.179121
0.119769 0.179011
-0.241625 0.178754
-0.435687 0.178655
-0.117908 0.178623
-0.231383 0.178623
0.281028 0.178623
-0.112589 0.178623
0.291667 0.178623
-0.425532 0.178623
0.141844 0.178623
0.233156 0.178623
0.447695 0.178623
-0.117047 0.178614
-0.287847 0.178604
0.225231 0.178558
0.075874 0.178533
0.419350 0.178453
-0.144351 0.178341
-0.290911 0.178211
0.401454 0.177945
0.120567 0.177905
-0.045213 0.177905
-0.049645 0.177905
0.081560 0.177905
-0.207447 0.177905
0.232270 0.177905
-0.193262 0.177905
-0.282801 0.177905
-0.258865 0.177905
0.391844 0.177905
0.221631 0.177905
0.214539 0.177905
-0.089539 0.177905
0.487589 0.177905
0.218085 0.177905
-0.101064 0.177905
0.131206 0.177905
0.191489 0.177905
0.203014 0.177905
-0.051418 0.177905
-0.481493 0.177831
0.208802 0.177744
0.235867 0.177590
-0.424505 0.177503
0.408291 0.177396
-0.309123 0.177375
0.225084 0.177264
-0.292644 0.177231
-0.158688 0.177188
-0.308511 0.177188
-0.038121 0.177188
0.140957 0.177188
0.046099 0.177188
-0.069149 0.177188
-0.492908 0.177188
-0.024823 0.177188
0.140071 0.177188
-0.119681 0.177188
0.468972 0.177188
-0.245567 0.177188
-0.269504 0.177188
-0.343085 0.177188
-0.420213 0.177188
0.102837 0.177188
0.072539 0.177185
-0.005855 0.176801
0.269770 0.176716
-0.387311 0.176572
-0.232270 0.176471
-0.193262 0.176471
-0.132092 0.176471
-0.179078 0.176471
-0.389184 0.176471
-0.207447 0.176471
-0.283688 0.176471
0.107270 0.176471
-0.103723 0.176471
-0.328014 0.176471
-0.085106 0.176471
0.177305 0.176471
0.265071 0.176471
-0.049645 0.176471
-0.002660 0.176471
-0.222518 0.176471
-0.230496 0.176471
-0.209881 0.176252
0.134712 0.176068
-0.076108 0.176043
-0.189728 0.175990
0.336486 0.175790
-0.045372 0.175782
-0.386372 0.175763
-0.318275 0.175756
-0.136525 0.175753
-0.362589 0.175753
-0.054078 0.175753
-0.414894 0.175753
0.003546 0.175753
-0.388298 0.175753
0.005319 0.175753
0.402482 0.175753
0.188830 0.175753
0.226064 0.175753
0.158688 0.175753
-0.210993 0.175753
0.137411 0.175753
-0.374113 0.175753
-0.265957 0.175753
0.222518 0.175753
0.138772 0.175724
-0.427777 0.175701
0.337254 0.175547
0.435658 0.175526
0.128056 0.175487
0.189167 0.175265
-0.359718 0.175159
-0.425849 0.175119
-0.293218 0.175094
-0.043781 0.175055
-0.176418 0.175036
-0.106383 0.175036
-0.226064 0.175036
0.171099 0.175036
-0.147163 0.175036
-0.007979 0.175036
0.426418 0.175036
0.425532 0.175036
-0.430851 0.175036
-0.047872 0.175036
-0.111702 0.175036
0.335106 0.175036
-0.125887 0.175036
0.427305 0.175036
-0.479610 0.175036
0.074468 0.175036
-0.117021 0.175036
-0.371454 0.175036
0.059397 0.175036
0.484043 0.175036
-0.244681 0.175036
-0.099291 0.175036
-0.372432 0.175001
-0.090859 0.174860
0.350689 0.174844
-0.421459 0.174826
-0.328407 0.174771
-0.104130 0.174735
0.446017 0.174730
-0.229764 0.174693
-0.270244 0.174632
0.260978 0.174508
0.104987 0.174380
-0.379433 0.174319
0.419326 0.174319
0.031915 0.174319
0.342199 0.174319
-0.040780 0.174319
-0.210993 0.174319
-0.231383 0.174319
-0.054078 0.174319
0.221713 0.173826
-0.339423 0.173796
-0.052822 0.173702
-0.271542 0.173634
0.230496 0.173601
-0.173759 0.173601
0.413121 0.173601
0.129433 0.173601
-0.430851 0.173601
0.186170 0.173601
-0.124113 0.173601
-0.425532 0.173601
0.262411 0.173601
-0.101950 0.173601
0.130319 0.173601
0.346631 0.173601
-0.273050 0.173601
0.094858 0.173601
-0.033688 0.173601
-0.320922 0.173601
0.143617 0.173601
-0.308511 0.173601
0.126127 0.173578
-0.100525 0.173392
-0.069560 0.173314
-0.125171 0.173217
-0.431402 0.173177
-0.121232 0.172970
-0.052305 0.172884
0.431738 0.172884
-0.145390 0.172884
-0.307624 0.172884
0.146277 0.172884
0.478723 0.172884
-0.073582 0.172884
0.141746 0.172871
-0.267023 0.172652
-0.057047 0.172432
0.427035 0.172369
0.261342 0.172314
-0.272915 0.172289
-0.193262 0.172166
0.179965 0.172166
-0.023936 0.172166
-0.179078 0.172166
0.429965 0.172166
0.429078 0.172166
-0.307624 0.172166
-0.430851 0.172166
0.148936 0.172166
-0.230496 0.172166
-0.078014 0.172166
-0.214539 0.172166
-0.425532 0.172166
-0.097518 0.172166
-0.420213 0.172166
0.062233 0.172124
-0.030204 0.171786
-0.143044 0.171777
-0.097770 0.171736
0.073012 0.171707
-0.310774 0.171511
0.136525 0.171449
-0.162234 0.171449
0.161348 0.171449
0.422872 0.171449
0.015071 0.171449
-0.121454 0.171449
-0.162231 0.171443
-0.225603 0.171354
0.419138 0.171130
-0.285145 0.171009
-0.017110 0.170846
0.131761 0.170840
-0.414612 0.170775
-0.129433 0.170732
-0.056738 0.170732
0.173759 0.170732
0.464539 0.170732
0.436170 0.170732
-0.393617 0.170732
-0.218085 0.170732
0.093972 0.170732
-0.324468 0.170732
-0.414894 0.170732
-0.176418 0.170732
-0.093085 0.170732
-0.226064 0.170732
-0.440603 0.170732
0.061170 0.170732
0.458351 0.170561
0.114875 0.170494
0.010512 0.170373
-0.381485 0.170044
-0.143063 0.170028
0.434397 0.170014
-0.401596 0.170014
-0.014184 0.170014
-0.426418 0.170014
-0.320922 0.170014
-0.421099 0.170014
0.433145 0.169854
-0.065547 0.169821
0.458489 0.169722
-0.092285 0.169703
-0.064679 0.169641
0.182748 0.169551
-0.104293 0.169383
-0.354296 0.169340
-0.384752 0.169297
0.129433 0.169297
-0.409574 0.169297
0.127660 0.169297
0.456560 0.169297
-0.088652 0.169297
-0.039894 0.169297
-0.358156 0.169297
-0.127660 0.169297
0.000000 0.169297
0.128546 0.169297
-0.221631 0.169297
-0.150709 0.169297
0.432624 0.169297
0.442376 0.169297
-0.176425 0.169189
-0.049058 0.168924
-0.320288 0.168883
0.134142 0.168644
-0.101950 0.168580
-0.343085 0.168580
0.440603 0.168580
-0.367021 0.168580
-0.415780 0.168580
-0.032801 0.168580
-0.084454 0.168543
-0.396073 0.168363
0.181093 0.168313
0.098488 0.168170
0.451024 0.168123
0.103713 0.168090
-0.138298 0.167862
0.458333 0.167862
0.086879 0.167862
0.448582 0.167862
-0.179078 0.167862
-0.328014 0.167862
-0.125887 0.167862
-0.421986 0.167862
-0.375887 0.167862
0.114362 0.167862
-0.319506 0.167855
-0.230269 0.167629
0.452944 0.167336
-0.394504 0.167145
-0.148936 0.167145
-0.044326 0.167145
0.180851 0.167145
-0.324468 0.167145
-0.308511 0.167145
-0.097518 0.167145
-0.385393 0.167046
0.365122 0.166728
-0.131204 0.166461
0.065603 0.166428
0.249113 0.166428
-0.118794 0.166428
-0.324468 0.166428
0.474291 0.166428
-0.061170 0.166428
-0.402482 0.166428
-0.166667 0.166428
0.450355 0.166428
0.494681 0.166428
-0.320922 0.166428
0.101064 0.166428
0.047872 0.166428
0.162234 0.166428
-0.129378 0.166380
-0.317847 0.166155
0.450211 0.166125
-0.318980 0.166114
-0.309084 0.166014
0.072111 0.165931
0.063962 0.165926
-0.034345 0.165820
0.174645 0.165710
-0.000887 0.165710
-0.093085 0.165710
-0.390957 0.165710
-0.320922 0.165710
-0.178037 0.165708
0.185185 0.165631
-0.199218 0.165582
-0.381200 0.165449
-0.320922 0.164993
-0.147163 0.164993
0.452128 0.164993
-0.109043 0.164993
0.009752 0.164993
0.125887 0.164993
0.125000 0.164993
-0.447695 0.164993
-0.114362 0.164993
-0.081560 0.164993
-0.402688 0.164613
-0.197900 0.164411
-0.203603 0.164353
0.466312 0.164275
-0.155142 0.164275
-0.006206 0.164275
-0.197695 0.164275
-0.132092 0.164275
0.489362 0.164275
-0.382092 0.164275
-0.398872 0.164241
0.125580 0.163936
0.104407 0.163778
-0.457447 0.163558
-0.347518 0.163558
-0.411348 0.163558
-0.395390 0.163558
-0.031915 0.163558
-0.406028 0.163558
-0.169326 0.163558
0.100177 0.163558
0.111702 0.163558
0.367021 0.163558
0.033688 0.163558
-0.098485 0.163360
0.113033 0.163326
-0.179371 0.163316
0.173833 0.162884
0.449583 0.162881
-0.123227 0.162841
-0.417553 0.162841
0.443262 0.162841
-0.130319 0.162841
0.194149 0.162841
0.205674 0.162841
-0.332447 0.162841
0.455268 0.162707
0.098033 0.162646
0.473301 0.162481
-0.132078 0.162395
0.455019 0.162283
-0.078853 0.162159
-0.153369 0.162123
0.451241 0.162123
-0.201241 0.162123
-0.391844 0.162123
0.052305 0.162123
-0.097518 0.162123
0.484043 0.162123
-0.065603 0.162123
-0.001773 0.162123
0.463995 0.162083
-0.361881 0.161769
0.460106 0.161406
-0.022163 0.161406
-0.140957 0.161406
-0.432624 0.161406
-0.325355 0.161406
-0.070035 0.161406
-0.126773 0.161406
0.008865 0.161406
0.106383 0.161406
-0.085993 0.161406
-0.008342 0.161192
-0.107799 0.161192
-0.072795 0.161157
-0.096261 0.161015
-0.394096 0.161002
0.136525 0.160689
0.191489 0.160689
-0.398936 0.160689
0.453014 0.160689
-0.007092 0.160689
-0.057624 0.160689
0.175532 0.160689
0.035461 0.160689
0.122340 0.160689
-0.388298 0.160689
0.019504 0.160689
0.273050 0.160689
0.099291 0.160689
0.102837 0.160689
-0.074468 0.160689
0.035326 0.160421
-0.178231 0.160320
-0.375734 0.160301
0.098722 0.160003
0.276596 0.159971
0.484929 0.159971
-0.321809 0.159971
0.238475 0.159971
0.476064 0.159971
-0.183511 0.159971
0.139184 0.159971
0.016430 0.159943
0.108957 0.159930
-0.142764 0.159760
0.209299 0.159550
-0.059012 0.159413
0.195988 0.159352
-0.012411 0.159254
0.280142 0.159254
-0.159574 0.159254
0.290780 0.159254
0.301418 0.159254
-0.428191 0.159254
-0.395390 0.159254
-0.365248 0.159254
0.008865 0.159254
0.128546 0.159254
0.214539 0.159254
0.233739 0.159191
-0.114587 0.158993
0.053781 0.158904
-0.110810 0.158624
-0.354610 0.158537
0.129433 0.158537
-0.376773 0.158537
-0.104610 0.158537
-0.374113 0.158537
0.019504 0.158537
-0.005319 0.158537
0.117021 0.158537
-0.066950 0.158104
0.280176 0.157935
-0.185611 0.157888
-0.407801 0.157819
0.084220 0.157819
0.056738 0.157819
-0.413121 0.157819
-0.052305 0.157819
0.479610 0.157819
-0.336879 0.157819
-0.134752 0.157819
0.235816 0.157819
-0.402482 0.157819
0.468085 0.157819
-0.120567 0.157819
-0.031028 0.157819
0.021277 0.157819
0.101950 0.157819
-0.327048 0.157339
0.107015 0.157210
-0.426411 0.157171
0.301418 0.157102
0.222518 0.157102
0.234043 0.157102
-0.010638 0.157102
-0.362589 0.157102
0.460993 0.157102
0.390957 0.157102
-0.490248 0.157102
-0.012411 0.157102
0.087216 0.156752
-0.225076 0.156424
0.453901 0.156385
0.111702 0.156385
-0.062057 0.156385
-0.329787 0.156385
-0.116135 0.156385
0.019504 0.156385
-0.124113 0.156385
-0.131206 0.156385
0.297406 0.156275
0.128477 0.156195
0.328757 0.156057
-0.023580 0.155800
0.471631 0.155667
-0.173759 0.155667
-0.021277 0.155667
-0.148936 0.155667
-0.086879 0.155667
-0.064716 0.155667
0.021277 0.155667
0.108156 0.155667
0.318294 0.155495
-0.378163 0.155341
-0.385518 0.154977
0.464539 0.154950
0.282801 0.154950
0.401596 0.154950
0.287234 0.154950
0.317376 0.154950
0.297872 0.154950
0.023050 0.154950
-0.322695 0.154950
0.118794 0.154950
0.104610 0.154950
0.125000 0.154950
-0.111702 0.154950
-0.010638 0.154950
-0.075355 0.154950
-0.127660 0.154950
-0.382979 0.154950
-0.012411 0.154950
-0.069149 0.154950
0.301418 0.154950
-0.260638 0.154950
0.043440 0.154950
0.375000 0.154950
0.269504 0.154950
-0.008865 0.154950
-0.392639 0.154921
-0.379970 0.154804
0.274782 0.154752
0.188887 0.154689
-0.007848 0.154598
-0.013467 0.154588
-0.066518 0.154524
-0.186665 0.154416
0.317131 0.154342
0.186170 0.154232
-0.039894 0.154232
0.403369 0.154232
0.376773 0.154232
-0.226950 0.154232
-0.423759 0.154232
-0.384752 0.154232
0.251963 0.154113
0.417847 0.153990
0.300519 0.153985
0.093356 0.153921
0.118748 0.153853
-0.408188 0.153776
0.303961 0.153635
0.475177 0.153515
0.259752 0.153515
-0.021277 0.153515
-0.289007 0.153515
0.266844 0.153515
0.004433 0.153515
0.406915 0.153515
-0.341148 0.153493
-0.060613 0.153421
0.039924 0.153406
0.264150 0.153350
-0.386486 0.153186
0.289735 0.153153
-0.364319 0.153027
-0.155142 0.152798
-0.343972 0.152798
-0.222518 0.152798
0.297872 0.152798
0.113475 0.152798
0.317376 0.152798
0.019504 0.152798
0.273936 0.152798
-0.215426 0.152798
-0.231383 0.152798
-0.267730 0.152798
-0.228731 0.152796
0.113393 0.152604
-0.039403 0.152533
-0.409522 0.152499
-0.340391 0.152433
-0.383422 0.152224
0.243973 0.152185
0.111452 0.152112
0.277482 0.152080
-0.030142 0.152080
-0.142730 0.152080
-0.187943 0.152080
-0.246454 0.152080
-0.389184 0.152080
0.021277 0.152080
-0.064360 0.151996
-0.154646 0.151983
0.254570 0.151976
-0.420877 0.151963
-0.107745 0.151766
0.317255 0.151758
0.290907 0.151719
-0.074496 0.151686
0.279280 0.151671
0.268747 0.151608
0.183327 0.151507
-0.166283 0.151499
-0.421099 0.151363
-0.336879 0.151363
0.111702 0.151363
0.416667 0.151363
-0.218972 0.151363
0.292557 0.150936
0.304748 0.150865
0.337545 0.150802
-0.061327 0.150776
-0.053865 0.150740
0.106610 0.150725
0.096631 0.150646
-0.278369 0.150646
0.015071 0.150646
-0.139184 0.150646
0.047872 0.150646
0.180851 0.150646
0.333333 0.150646
-0.396277 0.150646
0.294326 0.150646
0.108156 0.150646
-0.058511 0.150646
0.289894 0.150646
0.285461 0.150646
-0.434397 0.150646
0.031359 0.150324
-0.386561 0.150303
-0.269756 0.150158
0.016927 0.150126
0.000393 0.150036
0.014691 0.150026
0.315177 0.150019
0.403695 0.149994
-0.409574 0.149928
-0.404255 0.149928
0.000887 0.149928
-0.000887 0.149928
-0.061170 0.149928
0.337766 0.149928
0.301418 0.149928
-0.010171 0.149790
-0.376966 0.149783
0.119940 0.149745
0.268387 0.149387
0.115262 0.149288
0.075355 0.149211
-0.076241 0.149211
0.127660 0.149211
0.031028 0.149211
0.019504 0.149211
-0.063830 0.149211
0.121454 0.149211
0.115248 0.149211
-0.070035 0.149211
0.342199 0.149211
-0.375000 0.149211
0.265957 0.149211
-0.372340 0.149211
-0.377660 0.149211
-0.218341 0.148987
0.042736 0.148827
-0.172413 0.148598
0.003975 0.148514
0.107270 0.148494
0.128546 0.148494
-0.039007 0.148494
0.122340 0.148494
0.289007 0.148494
0.156028 0.148494
-0.379433 0.148494
-0.100177 0.148494
-0.009752 0.148494
0.293440 0.148494
-0.414836 0.148457
-0.369848 0.148279
0.295555 0.148057
0.101147 0.148019
0.342713 0.147939
-0.381206 0.147776
0.129433 0.147776
-0.351064 0.147776
0.196809 0.147776
-0.121454 0.147776
-0.431738 0.147776
0.176418 0.147776
0.297872 0.147776
-0.374113 0.147776
0.419326 0.147776
0.317376 0.147776
0.113475 0.147776
-0.053191 0.147776
-0.416667 0.147776
0.099291 0.147776
0.263298 0.147776
-0.376773 0.147776
0.280142 0.147776
0.131209 0.147693
0.271434 0.147612
0.337897 0.147544
0.121623 0.147538
-0.438833 0.147519
-0.215582 0.147396
-0.389024 0.147317
0.187157 0.147091
-0.378546 0.147059
-0.168440 0.147059
-0.093972 0.147059
-0.369681 0.147059
0.270390 0.147059
0.015071 0.147059
-0.054965 0.147059
-0.395422 0.146923
-0.117032 0.146867
0.027544 0.146774
0.003744 0.146372
0.196809 0.146341
-0.150709 0.146341
0.332447 0.146341
0.260638 0.146341
0.253546 0.146341
-0.359043 0.146341
-0.375887 0.146341
0.111702 0.146341
0.292553 0.146341
0.246454 0.146341
-0.117021 0.146341
0.174645 0.146341
-0.057624 0.146341
0.265071 0.146341
-0.125000 0.146341
0.029255 0.146341
0.266614 0.146213
0.045131 0.146109
0.332961 0.146085
0.002552 0.145990
-0.408863 0.145814
0.298351 0.145697
0.243825 0.145652
0.296986 0.145624
0.283688 0.145624
0.112589 0.145624
-0.385638 0.145624
0.336879 0.145624
-0.371454 0.145624
0.175065 0.145351
-0.407081 0.145201
0.192288 0.144947
0.119681 0.144907
0.262411 0.144907
0.245567 0.144907
-0.429078 0.144907
-0.107270 0.144907
-0.382979 0.144907
0.274823 0.144907
0.196809 0.144907
-0.437057 0.144907
-0.047872 0.144907
-0.111702 0.144907
0.301418 0.144907
0.010638 0.144907
-0.441489 0.144907
-0.367021 0.144907
0.336229 0.144833
-0.061331 0.144608
0.178240 0.144555
-0.364852 0.144494
0.250267 0.144339
-0.384511 0.144292
0.224790 0.144205
0.205674 0.144189
0.191489 0.144189
0.110816 0.144189
0.243794 0.144189
0.024823 0.144189
-0.049645 0.144189
0.269504 0.144189
0.268765 0.144137
0.195117 0.143877
0.318947 0.143816
0.270798 0.143772
0.306933 0.143530
0.094918 0.143485
-0.182624 0.143472
0.316489 0.143472
0.039007 0.143472
0.264184 0.143472
-0.390071 0.143472
0.244681 0.143472
-0.051418 0.143472
-0.440330 0.143407
-0.051199 0.143373
0.120556 0.143162
0.426418 0.142755
0.242908 0.142755
0.169326 0.142755
-0.398050 0.142755
-0.202128 0.142755
0.205674 0.142755
0.191489 0.142755
-0.082040 0.142558
-0.167746 0.142526
0.243920 0.142401
0.192848 0.142286
0.296756 0.142233
0.331560 0.142037
0.241135 0.142037
-0.406028 0.142037
0.109929 0.142037
-0.136525 0.142037
-0.434397 0.142037
0.323978 0.141883
0.262877 0.141784
-0.053232 0.141512
-0.435610 0.141511
-0.375084 0.141407
-0.416532 0.141371
0.239362 0.141320
0.101950 0.141320
0.261525 0.141320
-0.424645 0.141320
-0.303191 0.141320
-0.075355 0.141320
0.348404 0.141320
0.190603 0.141320
-0.069149 0.141320
-0.318200 0.141142
0.099009 0.141124
0.214539 0.140603
0.226064 0.140603
0.237589 0.140603
0.303191 0.140603
0.093972 0.140603
0.186170 0.140603
-0.164007 0.140603
0.341312 0.140603
-0.083333 0.140603
0.350177 0.140603
0.216303 0.140599
-0.441088 0.140580
0.108126 0.140435
0.302588 0.139914
0.251773 0.139885
-0.198582 0.139885
0.269504 0.139885
-0.314716 0.139885
0.215426 0.139885
-0.413121 0.139885
-0.406915 0.139885
0.263298 0.139885
0.258865 0.139885
-0.080674 0.139885
0.226950 0.139885
-0.441306 0.139860
0.214166 0.139819
-0.408139 0.139810
-0.147221 0.139578
0.259503 0.139461
-0.389264 0.139419
0.445521 0.139405
0.320499 0.139380
0.262447 0.139326
0.318262 0.139168
0.204787 0.139168
-0.197695 0.139168
-0.448582 0.139168
-0.319149 0.139168
-0.439716 0.139168
0.264184 0.139168
0.185284 0.139168
0.216312 0.139168
-0.444149 0.139168
-0.411751 0.138966
0.268691 0.138936
0.108667 0.138873
0.290669 0.138676
0.296986 0.138451
-0.062943 0.138451
0.250887 0.138451
-0.393065 0.138213
0.430517 0.137966
-0.458333 0.137733
0.301418 0.137733
0.181738 0.137733
-0.445035 0.137733
0.120567 0.137733
-0.440603 0.137733
-0.320922 0.137733
-0.420213 0.137733
0.184397 0.137733
-0.414007 0.137733
-0.122340 0.137733
-0.407801 0.137733
-0.077167 0.137639
0.308062 0.137316
0.261088 0.137131
0.240696 0.137117
0.259394 0.137085
0.279663 0.137025
-0.388298 0.137016
0.335993 0.137016
0.213652 0.137016
0.179218 0.136922
-0.226629 0.136813
-0.218723 0.136753
-0.099980 0.136749
-0.037600 0.136661
-0.336554 0.136481
0.390071 0.136298
-0.441489 0.136298
-0.223404 0.136298
0.333333 0.136298
0.146277 0.136298
0.304965 0.136298
-0.468085 0.136298
0.262411 0.136298
0.288121 0.136298
0.180851 0.136298
0.214539 0.136298
0.437057 0.136298
-0.117021 0.136298
0.210711 0.135722
0.109736 0.135697
0.331150 0.135694
0.242445 0.135592
-0.151596 0.135581
0.391844 0.135581
0.263298 0.135581
0.070922 0.135581
-0.432624 0.135581
0.198582 0.135581
0.279255 0.135581
-0.395390 0.135581
0.301927 0.135567
0.091184 0.135483
0.171397 0.135268
0.173655 0.135069
-0.111702 0.134864
-0.107270 0.134864
-0.219858 0.134864
-0.220745 0.134864
0.447695 0.134864
0.277482 0.134864
0.264184 0.134864
0.177305 0.134864
0.110816 0.134864
-0.045213 0.134864
0.393617 0.134864
-0.403369 0.134864
-0.177305 0.134864
-0.102837 0.134864
-0.227837 0.134864
0.259752 0.134864
-0.223462 0.134726
0.171035 0.134686
0.338303 0.134486
-0.103403 0.134266
0.109043 0.134146
0.246454 0.134146
0.260638 0.134146
0.389184 0.134146
0.397163 0.134146
-0.335106 0.134146
-0.337923 0.133898
-0.433159 0.133881
0.355438 0.133658
-0.087445 0.133648
-0.449440 0.133549
-0.402632 0.133486
0.109196 0.133459
0.303191 0.133429
0.320035 0.133429
0.375887 0.133429
0.446809 0.133429
0.244681 0.133429
-0.074468 0.133429
-0.218085 0.133429
0.101064 0.133429
-0.096631 0.133429
0.257092 0.133429
0.354610 0.133429
-0.217199 0.133429
0.390957 0.133429
-0.216312 0.133429
-0.232270 0.133429
0.212766 0.133429
0.400709 0.133429
-0.147163 0.133429
0.175532 0.133429
0.305394 0.133304
0.265599 0.133181
-0.218547 0.133052
-0.263244 0.133038
0.265700 0.132855
0.242908 0.132712
-0.099291 0.132712
0.234929 0.132712
-0.247340 0.132712
-0.404255 0.132712
0.347518 0.132712
-0.437943 0.132712
0.355496 0.132712
0.356383 0.132712
-0.425835 0.132701
0.357997 0.132605
-0.224816 0.132514
0.336413 0.132492
0.185221 0.132444
0.270500 0.132243
-0.272030 0.132219
-0.097157 0.132174
-0.079787 0.131994
0.224291 0.131994
0.340426 0.131994
-0.262411 0.131994
0.357270 0.131994
-0.428191 0.131994
-0.090426 0.131994
0.358156 0.131994
0.388298 0.131994
0.356383 0.131994
0.173759 0.131994
0.261246 0.131988
0.353483 0.131420
-0.022946 0.131380
-0.418647 0.131318
-0.355581 0.131311
0.337766 0.131277
0.349291 0.131277
0.359929 0.131277
-0.024823 0.131277
-0.438830 0.131277
-0.087766 0.131277
-0.093085 0.131277
-0.262411 0.131277
-0.054078 0.131277
0.375000 0.131277
0.302461 0.131135
-0.160672 0.131066
0.291718 0.131030
0.134999 0.130868
-0.335088 0.130807
0.284313 0.130733
0.241331 0.130709
0.360622 0.130622
0.318262 0.130560
-0.085106 0.130560
0.361702 0.130560
-0.095745 0.130560
0.335106 0.130560
-0.262411 0.130560
0.301418 0.130560
-0.090426 0.130560
-0.055851 0.130560
-0.419326 0.130560
-0.413121 0.130560
-0.213652 0.130560
-0.212766 0.130560
0.259752 0.130560
-0.263298 0.130560
-0.192376 0.130560
0.342199 0.130560
0.350337 0.130416
-0.100431 0.130378
0.218600 0.130197
-0.137276 0.130145
0.210885 0.130129
-0.084753 0.130100
0.338281 0.129990
0.380686 0.129929
0.272163 0.129842
-0.164894 0.129842
-0.263298 0.129842
-0.226064 0.129842
-0.261525 0.129842
0.256206 0.129842
0.403369 0.129842
-0.237589 0.129842
0.355496 0.129842
0.375887 0.129842
-0.273050 0.129842
0.343956 0.129799
-0.241387 0.129766
-0.266888 0.129750
0.312909 0.129401
0.330446 0.129285
-0.347518 0.129125
0.343972 0.129125
0.222518 0.129125
-0.264184 0.129125
0.362589 0.129125
0.252660 0.129125
0.265957 0.129125
-0.261525 0.129125
0.357270 0.129125
-0.132979 0.129125
0.338652 0.129125
0.356383 0.129125
-0.252660 0.129125
0.371572 0.129074
-0.373546 0.129052
-0.233013 0.128863
-0.102755 0.128862
-0.230496 0.128407
-0.231383 0.128407
0.292553 0.128407
-0.127660 0.128407
0.361702 0.128407
-0.273936 0.128407
0.062057 0.128407
0.335993 0.128407
0.359043 0.128407
-0.262411 0.128407
0.168440 0.128407
-0.223404 0.128407
-0.454787 0.128407
0.319149 0.128407
-0.310776 0.128204
0.344116 0.128117
-0.256182 0.128105
0.252215 0.128097
-0.450468 0.128093
-0.311994 0.128026
0.283790 0.128014
-0.464698 0.128007
0.276124 0.127805
0.340426 0.127690
-0.283688 0.127690
0.363475 0.127690
0.350177 0.127690
-0.355496 0.127690
-0.209220 0.127690
-0.190603 0.127690
0.111702 0.127690
-0.400709 0.127690
-0.125887 0.127690
-0.260638 0.127690
-0.448741 0.127653
0.385344 0.127621
-0.418462 0.127596
0.337546 0.127575
-0.402825 0.127518
0.297602 0.127476
0.173069 0.127452
-0.211143 0.127303
0.277615 0.127263
0.177508 0.126988
-0.464539 0.126973
0.089539 0.126973
-0.451241 0.126973
0.293440 0.126973
0.362589 0.126973
0.109929 0.126973
-0.208333 0.126973
-0.251773 0.126973
0.379433 0.126973
0.418397 0.126716
0.403672 0.126647
0.396147 0.126569
-0.125448 0.126523
-0.267508 0.126477
0.062344 0.126405
0.256202 0.126343
-0.095676 0.126305
0.363951 0.126289
-0.120567 0.126255
-0.164894 0.126255
0.137411 0.126255
-0.295213 0.126255
0.219858 0.126255
0.392730 0.126255
-0.242908 0.126255
0.356383 0.126255
0.361702 0.126255
0.283688 0.126255
0.406028 0.126255
0.336879 0.126255
-0.436170 0.126255
0.180851 0.126255
0.359043 0.126255
0.108156 0.126255
-0.207447 0.126255
0.255319 0.126255
-0.263838 0.126018
-0.302865 0.126012
0.360281 0.125973
-0.115353 0.125950
-0.242585 0.125904
0.174251 0.125849
0.344862 0.125811
0.231901 0.125792
0.259436 0.125692
0.318593 0.125689
0.390023 0.125667
-0.433476 0.125626
-0.059895 0.125549
0.251773 0.125538
-0.261525 0.125538
0.400709 0.125538
0.396277 0.125538
-0.409574 0.125538
-0.067376 0.125538
0.283688 0.125538
-0.218972 0.125538
0.281915 0.125538
-0.448755 0.125453
-0.226068 0.125432
0.252817 0.125238
0.250304 0.125235
-0.312444 0.125222
-0.452660 0.125104
-0.456689 0.125020
-0.257870 0.125005
0.395592 0.125005
-0.267381 0.124953
-0.116909 0.124822
0.248227 0.124821
-0.306738 0.124821
0.240248 0.124821
0.163121 0.124821
-0.152482 0.124821
0.280142 0.124821
0.232270 0.124821
0.283688 0.124821
0.281915 0.124821
-0.236702 0.124821
-0.373227 0.124821
0.385638 0.124821
0.390071 0.124821
0.261525 0.124821
-0.266844 0.124821
-0.427305 0.124821
-0.287234 0.124821
-0.365248 0.124821
-0.259752 0.124821
0.284574 0.124821
0.177305 0.124821
0.348404 0.124821
0.367021 0.124821
0.401529 0.124775
-0.406208 0.124760
-0.258164 0.124752
-0.435604 0.124667
0.240613 0.124593
0.353056 0.124498
-0.259837 0.124110
0.282801 0.124103
0.284574 0.124103
-0.311170 0.124103
0.273936 0.124103
0.195035 0.124103
-0.250887 0.124103
-0.276596 0.124103
-0.368794 0.124103
0.366135 0.124103
0.360667 0.123940
0.339299 0.123685
0.366124 0.123644
0.361167 0.123611
0.354128 0.123458
0.296099 0.123386
-0.110816 0.123386
-0.115248 0.123386
-0.418440 0.123386
0.285461 0.123386
-0.228723 0.123386
-0.298759 0.123386
0.267730 0.123386
-0.230496 0.123386
-0.229610 0.123386
-0.315603 0.123386
0.354610 0.123386
0.175532 0.123386
0.344858 0.123386
0.357270 0.123386
-0.205674 0.123386
0.396979 0.123383
-0.208742 0.123318
0.351712 0.122746
-0.148050 0.122669
-0.314948 0.122579
0.262220 0.122559
-0.305468 0.122472
0.378342 0.122205
0.361768 0.122032
0.229610 0.121951
0.370567 0.121951
0.256206 0.121951
-0.258865 0.121951
-0.290780 0.121951
-0.185284 0.121951
-0.317376 0.121951
0.406915 0.121951
-0.448582 0.121951
0.403369 0.121951
-0.229269 0.121806
-0.254280 0.121752
0.411775 0.121746
-0.076243 0.121727
0.278096 0.121542
-0.210735 0.121468
0.385633 0.121414
0.174496 0.121407
-0.304078 0.121234
-0.107270 0.121234
-0.152482 0.121234
0.254433 0.121234
0.413121 0.121234
-0.210106 0.121234
-0.280142 0.121234
-0.264184 0.121234
-0.412234 0.121234
-0.285741 0.121230
0.273186 0.121169
-0.456889 0.121073
-0.301168 0.120923
-0.135001 0.120922
0.255529 0.120903
-0.147113 0.120866
0.229808 0.120784
-0.308846 0.120688
-0.308511 0.120516
0.250887 0.120516
0.262411 0.120516
-0.241135 0.120516
-0.143617 0.120516
-0.269504 0.120516
0.352837 0.120516
-0.319149 0.120516
-0.209220 0.120516
-0.429965 0.120516
-0.203901 0.120516
-0.106469 0.120381
0.252124 0.120034
0.221663 0.119922
-0.073582 0.119799
-0.312943 0.119799
0.096631 0.119799
-0.138298 0.119799
-0.296099 0.119799
0.170213 0.119799
0.288121 0.119799
0.376773 0.119799
-0.217911 0.119764
-0.289018 0.119712
0.404010 0.119358
0.404348 0.119334
-0.110128 0.119257
-0.312132 0.119126
0.397707 0.119113
0.230496 0.119082
0.226950 0.119082
0.238475 0.119082
-0.132979 0.119082
-0.234929 0.119082
-0.219858 0.119082
-0.148050 0.119082
-0.316489 0.119082
-0.105496 0.119082
-0.421099 0.119082
0.364362 0.119082
0.103653 0.118628
0.133110 0.118581
0.159264 0.118477
0.277440 0.118413
-0.078901 0.118364
-0.478723 0.118364
-0.131206 0.118364
0.276596 0.118364
-0.147163 0.118364
-0.249113 0.118364
0.417979 0.118034
-0.204654 0.117904
-0.224158 0.117861
0.404255 0.117647
-0.092199 0.117647
-0.460993 0.117647
-0.301418 0.117647
0.382979 0.117647
-0.097518 0.117647
-0.129433 0.117647
0.407801 0.117647
0.257092 0.117647
0.400709 0.117647
0.270390 0.117647
0.279255 0.117647
-0.060284 0.117647
0.396277 0.117647
-0.152482 0.117647
0.387411 0.117647
0.391844 0.117647
-0.207447 0.117647
-0.318262 0.117647
0.101064 0.117647
0.294460 0.117567
0.275453 0.117486
-0.437294 0.117466
0.290482 0.117441
-0.148034 0.117308
-0.072542 0.117261
0.316998 0.117167
-0.226950 0.116930
0.398050 0.116930
0.368794 0.116930
0.164894 0.116930
0.255319 0.116930
0.239362 0.116930
0.414007 0.116930
0.263298 0.116930
-0.226064 0.116930
-0.305851 0.116930
0.393617 0.116930
-0.151596 0.116930
0.252886 0.116905
0.411797 0.116804
0.413729 0.116240
0.284177 0.116229
-0.225587 0.116225
0.227837 0.116212
0.290780 0.116212
-0.150709 0.116212
0.253546 0.116212
0.420213 0.116212
-0.442376 0.116212
0.413121 0.116212
0.395390 0.116212
-0.310284 0.116212
0.359929 0.116212
0.394628 0.115977
0.381902 0.115973
-0.195583 0.115948
0.253727 0.115809
0.352683 0.115772
0.279989 0.115702
-0.267724 0.115624
-0.221049 0.115619
0.398871 0.115558
0.265801 0.115497
0.298759 0.115495
0.413121 0.115495
-0.331560 0.115495
-0.385638 0.115495
0.419326 0.115495
-0.313830 0.115495
0.343650 0.115355
-0.461121 0.115331
0.255893 0.114829
0.419326 0.114778
-0.124113 0.114778
0.373227 0.114778
-0.317376 0.114778
0.359043 0.114778
-0.423759 0.114778
-0.202128 0.114778
0.133865 0.114778
-0.198582 0.114778
-0.239362 0.114778
0.177305 0.114778
-0.296099 0.114778
-0.210993 0.114778
0.418440 0.114778
0.111480 0.114745
0.365258 0.114715
0.257930 0.114635
-0.420838 0.114601
0.284363 0.114581
-0.303540 0.114536
0.313330 0.114384
-0.309768 0.114349
0.397635 0.114203
-0.198802 0.114144
0.418440 0.114060
0.257979 0.114060
0.281915 0.114060
0.246454 0.114060
-0.264184 0.114060
0.343972 0.114060
-0.226261 0.114049
0.374409 0.113964
0.132848 0.113948
-0.105689 0.113916
-0.444015 0.113858
-0.317059 0.113854
-0.228925 0.113564
0.362158 0.113421
0.228723 0.113343
0.418440 0.113343
0.085106 0.113343
-0.254433 0.113343
0.256206 0.113343
-0.172872 0.113343
-0.269504 0.113343
-0.281915 0.113343
0.316489 0.113343
0.159574 0.113343
0.425465 0.113259
-0.444029 0.113127
-0.201673 0.113085
-0.415859 0.112902
0.415311 0.112858
0.423267 0.112663
-0.298080 0.112626
-0.217199 0.112626
0.281915 0.112626
-0.301418 0.112626
-0.231383 0.112626
0.379433 0.112626
-0.328901 0.112626
0.211879 0.112626
-0.271277 0.112626
-0.142474 0.112476
0.260708 0.112417
0.297641 0.112356
-0.228527 0.112346
0.374203 0.112291
-0.295364 0.112268
-0.206025 0.112232
-0.476413 0.112184
0.251225 0.112183
0.155861 0.112177
0.394326 0.112113
0.416509 0.112060
-0.066489 0.111908
-0.118794 0.111908
0.367021 0.111908
0.273050 0.111908
0.171986 0.111908
-0.205674 0.111908
0.130319 0.111908
-0.305851 0.111908
-0.140071 0.111908
-0.327771 0.111869
0.278822 0.111700
0.048646 0.111696
-0.121647 0.111647
-0.329128 0.111455
-0.247977 0.111400
0.256735 0.111321
0.229610 0.111191
0.050532 0.111191
-0.392730 0.111191
0.089539 0.111191
-0.134752 0.111191
0.265957 0.111191
0.336879 0.111191
0.351950 0.111191
-0.309397 0.111191
-0.269832 0.111157
0.111071 0.111084
-0.281168 0.110923
-0.353973 0.110894
0.064716 0.110473
0.398050 0.110473
0.401596 0.110473
0.273050 0.110473
-0.223404 0.110473
0.258865 0.110473
0.393617 0.110473
0.366135 0.110473
-0.343972 0.110473
0.389184 0.110473
0.111702 0.110473
-0.132979 0.110473
0.212758 0.110290
0.395544 0.110268
-0.301573 0.110198
-0.117775 0.110004
-0.103975 0.109849
-0.285770 0.109841
0.385561 0.109775
0.371454 0.109756
0.249113 0.109756
-0.244681 0.109756
-0.143617 0.109756
0.395390 0.109756
-0.117021 0.109756
0.109929 0.109756
-0.328014 0.109756
-0.211879 0.109756
0.265957 0.109756
0.400754 0.109677
-0.371585 0.109635
0.414804 0.109347
-0.475177 0.109039
0.230496 0.109039
0.365248 0.109039
-0.193262 0.109039
0.093972 0.109039
0.166667 0.109039
-0.196809 0.109039
-0.200355 0.109039
0.273050 0.109039
0.420296 0.108938
-0.196049 0.108624
0.225948 0.108435
0.406915 0.108321
0.293440 0.108321
-0.019504 0.108321
0.370567 0.108321
0.257801 0.108002
-0.089191 0.107979
0.272673 0.107896
-0.355876 0.107848
0.292553 0.107604
-0.341312 0.107604
-0.456560 0.107604
-0.353723 0.107604
-0.236702 0.107604
-0.127660 0.107604
-0.115248 0.107604
-0.301418 0.107604
0.375887 0.107604
-0.262054 0.107289
-0.358691 0.107239
0.346532 0.107235
-0.275862 0.107130
-0.370891 0.107095
0.251773 0.106887
-0.114362 0.106887
-0.254881 0.106744
-0.256545 0.106732
-0.112050 0.106715
0.401846 0.106427
0.166314 0.106420
-0.330313 0.106311
-0.116945 0.106269
0.233004 0.106239
-0.269504 0.106169
-0.113475 0.106169
-0.493794 0.106169
-0.072695 0.106169
-0.107270 0.106169
-0.287234 0.106169
0.237589 0.106169
-0.338286 0.106149
-0.257709 0.105612
-0.345745 0.105452
-0.259752 0.105452
-0.085993 0.105452
-0.106383 0.105452
-0.271277 0.105452
0.218972 0.105452
-0.347518 0.105452
-0.125887 0.105452
0.385638 0.105452
0.161348 0.105452
0.358156 0.105452
-0.109611 0.105379
-0.254113 0.105086
-0.363908 0.104876
-0.273050 0.104735
-0.250000 0.104735
-0.363475 0.104735
0.363475 0.104735
-0.099291 0.104735
-0.338652 0.104735
-0.404255 0.104735
-0.287234 0.104735
0.367567 0.104677
-0.111881 0.104490
0.397238 0.104210
-0.080216 0.104099
0.283688 0.104017
-0.367021 0.104017
-0.271277 0.104017
0.368794 0.104017
0.259752 0.104017
0.173759 0.104017
0.353636 0.103980
-0.176607 0.103923
-0.103209 0.103810
0.360495 0.103795
-0.105496 0.103300
-0.085106 0.103300
-0.370567 0.103300
-0.136525 0.103300
-0.323582 0.103300
-0.273050 0.103300
0.179965 0.103300
-0.366135 0.103300
0.194149 0.103300
0.244681 0.103300
0.266844 0.103300
0.395390 0.103300
-0.345925 0.103156
-0.125792 0.102932
0.364487 0.102864
-0.357270 0.102582
0.219858 0.102582
-0.343085 0.102582
-0.263298 0.102582
-0.098404 0.102582
-0.319149 0.102582
-0.314716 0.102582
0.282801 0.102582
-0.369681 0.102582
0.398532 0.102510
-0.084887 0.102507
0.265997 0.102477
-0.251095 0.102347
-0.257420 0.102243
-0.087054 0.102105
0.183511 0.101865
-0.363475 0.101865
-0.338652 0.101865
-0.253546 0.101865
-0.154255 0.101865
0.167553 0.101865
-0.125000 0.101865
-0.368794 0.101865
0.156028 0.101865
0.351064 0.101865
-0.273050 0.101865
-0.121999 0.101809
-0.346254 0.101782
-0.347168 0.101432
-0.063948 0.101338
-0.246606 0.101305
-0.250887 0.101148
0.168440 0.101148
-0.124113 0.101148
0.102837 0.101148
0.356383 0.101148
-0.153369 0.101148
0.187057 0.101148
0.272163 0.101148
-0.323765 0.101050
-0.292993 0.100843
0.354492 0.100839
-0.262141 0.100558
-0.370771 0.100458
0.296099 0.100430
-0.347518 0.100430
-0.097518 0.100430
0.361702 0.100430
-0.349291 0.100430
-0.489362 0.100430
-0.351064 0.100430
-0.065603 0.100430
-0.077128 0.100430
0.395390 0.100430
-0.265071 0.100430
-0.301418 0.100430
0.231383 0.100430
0.351950 0.100430
0.228723 0.100430
0.220745 0.100430
0.252660 0.100430
-0.366135 0.100430
-0.437859 0.100419
0.357771 0.100275
0.346711 0.100152
0.339752 0.100059
0.191143 0.100054
0.343326 0.100049
-0.350606 0.100039
-0.284676 0.099758
-0.352173 0.099756
-0.343085 0.099713
-0.357270 0.099713
0.357270 0.099713
0.295213 0.099713
-0.135638 0.099713
0.097518 0.099713
0.351842 0.099677
0.360517 0.099623
0.351144 0.099545
0.268157 0.099310
-0.484696 0.099288
-0.091231 0.099055
-0.377660 0.098996
-0.257092 0.098996
0.352837 0.098996
-0.363475 0.098996
0.294326 0.098996
-0.338652 0.098996
0.152482 0.098996
-0.306738 0.098996
0.343972 0.098996
-0.139293 0.098978
0.099105 0.098827
-0.500281 0.098587
-0.334284 0.098536
0.372497 0.098437
0.132898 0.098426
-0.371871 0.098313
-0.254433 0.098278
0.294326 0.098278
-0.334220 0.098278
-0.499113 0.098278
0.162234 0.098278
-0.368794 0.098278
0.316489 0.098278
0.166574 0.098249
-0.223243 0.098220
-0.071467 0.097889
-0.249735 0.097881
-0.379052 0.097585
-0.350177 0.097561
-0.089539 0.097561
-0.348404 0.097561
-0.437057 0.097561
-0.367908 0.097561
-0.287234 0.097561
-0.174645 0.097561
0.374113 0.097561
-0.226064 0.097561
0.344858 0.097561
-0.251773 0.097561
0.238475 0.097561
0.293440 0.097561
0.260638 0.097561
0.168276 0.097486
0.159462 0.097384
0.147484 0.097307
0.250240 0.097231
0.146561 0.097145
0.241267 0.096961
-0.073582 0.096844
-0.343972 0.096844
0.155142 0.096844
0.235922 0.096813
0.362493 0.096650
0.095414 0.096617
-0.127851 0.096393
-0.351382 0.096381
0.289662 0.096348
-0.192978 0.096268
-0.365248 0.096126
0.242021 0.096126
0.336879 0.096126
-0.134752 0.096126
0.292553 0.096126
0.148936 0.096126
-0.367479 0.096009
-0.350251 0.095840
-0.143765 0.095739
-0.338554 0.095613
0.087766 0.095409
-0.335106 0.095409
0.265957 0.095409
-0.195035 0.095409
-0.213652 0.095409
-0.334220 0.095409
-0.191489 0.095409
0.383865 0.095409
0.336480 0.095194
-0.301900 0.095129
0.228913 0.095034
0.364808 0.094976
0.146913 0.094917
0.168440 0.094692
-0.081560 0.094692
-0.353723 0.094692
-0.349291 0.094692
-0.384752 0.094692
-0.054965 0.094692
-0.121454 0.094692
-0.071809 0.094692
-0.239362 0.094692
0.281915 0.094692
0.130319 0.094692
-0.146277 0.094692
-0.202128 0.094692
-0.253799 0.094598
-0.082831 0.094245
-0.113351 0.094194
0.128910 0.094128
-0.357132 0.094106
0.153881 0.094077
0.167758 0.094048
0.234323 0.094018
0.367021 0.093974
-0.375887 0.093974
-0.359929 0.093974
0.169326 0.093974
0.151596 0.093974
-0.056106 0.093928
0.268914 0.093889
-0.302500 0.093781
0.170508 0.093346
-0.301418 0.093257
-0.367021 0.093257
0.111702 0.093257
0.170213 0.093257
0.362589 0.093257
0.271277 0.093257
0.092199 0.093257
0.250000 0.093257
0.161348 0.093257
0.241816 0.093179
0.268579 0.093122
-0.379151 0.092740
-0.319691 0.092695
0.170540 0.092547
-0.252660 0.092539
0.303191 0.092539
0.169326 0.092539
0.176418 0.092539
-0.256434 0.092413
-0.334845 0.092386
-0.148191 0.092297
-0.148732 0.092278
-0.077141 0.092200
-0.353929 0.092127
0.183773 0.092030
-0.354098 0.092024
-0.352837 0.091822
-0.113475 0.091822
0.170213 0.091822
0.226950 0.091822
-0.336879 0.091822
-0.306738 0.091822
0.154255 0.091822
-0.329787 0.091822
0.210993 0.091822
0.106383 0.091822
-0.330674 0.091822
0.218972 0.091822
0.229610 0.091822
0.182624 0.091822
-0.250000 0.091822
0.232270 0.091822
-0.331560 0.091822
-0.326186 0.091801
0.363570 0.091682
0.372659 0.091653
-0.334949 0.091453
-0.353603 0.091284
-0.361702 0.091105
-0.078014 0.091105
0.173759 0.091105
-0.240248 0.091105
-0.145390 0.091105
-0.325355 0.091105
0.147163 0.091105
0.162234 0.091105
0.173318 0.091078
-0.331915 0.090774
-0.161458 0.090532
0.185302 0.090412
0.262834 0.090395
-0.303191 0.090387
0.179965 0.090387
0.186170 0.090387
0.235816 0.090387
0.301418 0.090387
0.101064 0.090387
0.170213 0.090387
-0.312057 0.090387
-0.320922 0.090387
0.323582 0.090387
-0.316489 0.090387
-0.354779 0.090324
-0.376717 0.090309
-0.050496 0.090304
-0.387746 0.090200
0.205755 0.090029
-0.237114 0.090015
-0.132092 0.089670
-0.286348 0.089670
0.173759 0.089670
-0.134752 0.089670
0.203901 0.089670
-0.342199 0.089670
0.128546 0.089670
-0.306041 0.089614
-0.085558 0.089519
-0.316389 0.089122
0.177305 0.088953
0.239362 0.088953
-0.356383 0.088953
0.189716 0.088953
0.183511 0.088953
-0.308511 0.088953
0.149823 0.088953
-0.325355 0.088953
-0.336364 0.088719
-0.335595 0.088400
0.193262 0.088235
-0.316489 0.088235
-0.332447 0.088235
-0.320922 0.088235
-0.264184 0.088235
0.329787 0.088235
-0.333333 0.088235
-0.312315 0.087971
0.302446 0.087520
0.372340 0.087518
-0.304965 0.087518
-0.074468 0.087518
0.196809 0.087518
-0.093085 0.087518
0.187926 0.087336
0.203188 0.087202
-0.337532 0.086811
-0.329787 0.086801
0.290780 0.086801
0.154255 0.086801
-0.256206 0.086801
-0.345745 0.086801
0.181750 0.086493
-0.232774 0.086281
0.172209 0.086210
-0.324015 0.086092
-0.156028 0.086083
-0.320922 0.086083
0.252660 0.086083
-0.248227 0.086083
0.162234 0.086083
0.145390 0.086083
-0.365570 0.085965
-0.338545 0.085858
0.150615 0.085809
-0.092347 0.085584
-0.340625 0.085507
0.280142 0.085366
-0.300532 0.085366
-0.072695 0.085366
-0.309397 0.085366
0.172872 0.085366
-0.238475 0.085366
0.279089 0.085101
0.318923 0.084972
-0.307016 0.084948
0.190307 0.084786
0.232796 0.084727
-0.145390 0.084648
0.182624 0.084648
-0.085106 0.084648
0.176418 0.084648
0.265957 0.084648
0.278369 0.084648
-0.335106 0.084648
-0.228723 0.084648
0.310284 0.084648
-0.242385 0.084595
-0.314799 0.084440
-0.248197 0.084345
-0.304297 0.084283
0.262159 0.083947
-0.325355 0.083931
-0.241135 0.083931
0.149823 0.083931
-0.172872 0.083931
-0.305851 0.083931
0.095745 0.083931
-0.255846 0.083773
0.259866 0.083631
0.261118 0.083314
-0.129433 0.083214
-0.132092 0.083214
-0.134752 0.083214
-0.070922 0.083214
-0.231383 0.083214
0.238475 0.083214
-0.313830 0.083214
-0.332447 0.083214
0.271713 0.083200
-0.251117 0.082950
0.199420 0.082789
-0.187058 0.082662
0.271277 0.082496
0.273050 0.082496
-0.302305 0.082496
0.348404 0.082496
-0.216312 0.082496
0.316489 0.082496
-0.300838 0.082441
0.096383 0.082222
-0.128611 0.081845
0.242021 0.081779
-0.329787 0.081779
-0.362589 0.081779
0.154255 0.081779
-0.189716 0.081779
-0.234043 0.081779
-0.252258 0.081721
-0.109324 0.081497
0.175181 0.081250
-0.327124 0.081160
0.351901 0.081145
-0.081560 0.081062
0.340426 0.081062
0.164894 0.081062
0.201241 0.081062
-0.353723 0.081062
-0.145390 0.081062
0.299645 0.081062
-0.196809 0.081062
0.274377 0.080932
0.322695 0.080344
-0.226064 0.080344
0.175532 0.080344
-0.203901 0.080344
-0.251773 0.080344
-0.318262 0.080344
-0.306738 0.080344
-0.067505 0.080222
0.156043 0.080059
0.243394 0.080046
-0.317658 0.079985
-0.132092 0.079627
-0.134752 0.079627
0.190603 0.079627
0.148050 0.079627
-0.218041 0.079487
-0.323788 0.079277
0.237037 0.079175
-0.307470 0.078982
0.194149 0.078910
-0.079787 0.078910
-0.303191 0.078910
0.233156 0.078910
0.235816 0.078910
-0.109043 0.078910
-0.348404 0.078910
-0.228723 0.078910
0.316330 0.078327
-0.322695 0.078192
-0.213652 0.078192
0.232270 0.078192
0.224291 0.078192
-0.300782 0.078141
-0.066575 0.077861
-0.354919 0.077687
0.090426 0.077475
-0.299645 0.077475
0.289007 0.077475
-0.060284 0.077475
-0.311170 0.077475
0.152482 0.077475
-0.306738 0.077475
-0.245567 0.077475
0.271402 0.077327
0.223535 0.077053
-0.314256 0.076859
-0.300528 0.076840
0.151622 0.076816
0.110816 0.076758
0.287234 0.076758
0.358156 0.076758
-0.337766 0.076758
0.255731 0.076613
-0.184486 0.076596
0.148553 0.076525
-0.140790 0.076439
0.311372 0.076334
-0.253925 0.076165
-0.299029 0.076111
-0.351514 0.076045
-0.223404 0.076040
0.285461 0.076040
-0.303191 0.076040
-0.277482 0.076040
-0.134752 0.076040
-0.328901 0.076040
-0.111199 0.075548
-0.221731 0.075399
-0.164558 0.075375
-0.335106 0.075323
0.183511 0.075323
0.497340 0.075323
0.105496 0.075323
-0.238475 0.075323
-0.257132 0.075234
0.148727 0.075191
0.235477 0.074895
0.279856 0.074835
0.274359 0.074747
-0.223470 0.074683
0.020390 0.074605
-0.067376 0.074605
-0.068262 0.074605
0.244681 0.074605
-0.311170 0.074605
-0.315603 0.074605
-0.088652 0.074605
-0.255319 0.074605
-0.306738 0.074605
0.206560 0.074605
-0.234043 0.074605
-0.228787 0.074240
0.016846 0.074014
0.280142 0.073888
0.119681 0.073888
0.308661 0.073805
0.161125 0.073753
0.122693 0.073563
0.188958 0.073560
0.333333 0.073171
-0.210106 0.073171
0.257979 0.073171
0.150709 0.073171
0.225422 0.072779
-0.239620 0.072772
-0.191511 0.072618
-0.311241 0.072504
0.156915 0.072453
-0.223404 0.072453
0.310284 0.072453
-0.321809 0.072453
0.190818 0.072271
-0.072623 0.071917
-0.250794 0.071896
-0.210397 0.071839
-0.049645 0.071736
0.274823 0.071736
0.271277 0.071736
0.273050 0.071736
0.307624 0.071736
-0.162234 0.071736
0.212766 0.071736
0.167553 0.071736
-0.228723 0.071736
-0.320035 0.071736
-0.249113 0.071736
-0.163097 0.071359
0.200446 0.071163
-0.219858 0.071019
-0.187943 0.071019
0.328901 0.071019
-0.220691 0.070982
-0.230215 0.070966
-0.327565 0.070942
-0.334436 0.070856
-0.304320 0.070807
0.207619 0.070577
-0.322478 0.070523
-0.328014 0.070301
0.242021 0.070301
0.191489 0.070301
0.136525 0.070301
-0.077128 0.070301
0.316489 0.070301
-0.189716 0.070301
-0.243403 0.070132
-0.297004 0.069736
-0.245837 0.069633
-0.326241 0.069584
-0.334220 0.069584
-0.196809 0.069584
-0.179078 0.069584
0.274961 0.069548
0.182847 0.069474
-0.236835 0.069230
-0.336805 0.069225
0.268090 0.069019
-0.237259 0.068991
0.100177 0.068867
-0.056738 0.068867
-0.324468 0.068867
-0.328014 0.068867
-0.242908 0.068867
0.251773 0.068867
0.245567 0.068867
-0.223404 0.068867
-0.340426 0.068867
-0.190273 0.068412
0.296986 0.068149
0.155142 0.068149
-0.238475 0.068149
-0.326241 0.068149
-0.334220 0.068149
-0.228723 0.068149
-0.057715 0.067941
-0.252660 0.067432
0.265071 0.067432
-0.240248 0.067432
0.295213 0.067432
0.266844 0.067432
-0.219858 0.067432
-0.234043 0.067432
-0.328014 0.067432
-0.253278 0.067421
0.250166 0.067194
-0.226604 0.067064
0.192503 0.066737
-0.151596 0.066714
-0.235816 0.066714
0.175532 0.066714
-0.081560 0.066714
-0.255233 0.066677
-0.332509 0.066618
0.241950 0.066440
0.189600 0.066260
0.247777 0.066230
0.239362 0.065997
-0.065603 0.065997
-0.237589 0.065997
-0.064716 0.065997
-0.216312 0.065997
-0.063830 0.065997
0.343972 0.065997
-0.242486 0.065695
0.145980 0.065629
-0.301418 0.065280
0.238475 0.065280
0.289894 0.065280
0.021277 0.065280
-0.249902 0.065154
-0.317421 0.064974
-0.321519 0.064768
0.246995 0.064675
-0.242836 0.064599
-0.246454 0.064562
0.242908 0.064562
0.237589 0.064562
-0.322078 0.064291
-0.233333 0.064059
0.341096 0.063855
0.242908 0.063845
0.139184 0.063845
0.339539 0.063845
-0.304965 0.063845
0.196809 0.063845
-0.114362 0.063845
-0.291667 0.063845
0.150516 0.063777
-0.236402 0.063674
0.139654 0.063394
-0.255194 0.063372
0.159719 0.063362
-0.115730 0.063240
-0.243794 0.063128
-0.312943 0.063128
0.159574 0.063128
0.252660 0.063128
-0.308511 0.063128
0.242021 0.063128
0.246454 0.063128
0.258865 0.063128
0.306856 0.062929
-0.204745 0.062849
-0.154819 0.062608
-0.203014 0.062410
-0.069149 0.062410
-0.048759 0.062410
-0.070035 0.062410
0.246454 0.062410
-0.269504 0.062410
0.310314 0.062152
-0.068017 0.061802
0.255319 0.061693
-0.218972 0.061693
0.249113 0.061693
-0.261525 0.061693
0.335106 0.061693
0.246454 0.061693
0.334762 0.061644
-0.306299 0.061412
0.257484 0.061365
-0.053222 0.061143
0.322491 0.060978
0.249113 0.060976
-0.231383 0.060976
0.151596 0.060976
0.322695 0.060976
0.159456 0.060842
0.332456 0.060604
0.183676 0.060540
0.250979 0.060486
0.246579 0.060320
-0.186170 0.060258
-0.215426 0.060258
0.109929 0.060258
0.251773 0.060258
0.310284 0.060258
-0.250000 0.060258
-0.325355 0.060258
-0.317376 0.060258
0.320035 0.060258
-0.236702 0.060258
-0.117021 0.060258
-0.132092 0.059541
-0.238475 0.059541
-0.055851 0.059541
-0.187943 0.059541
0.307624 0.059541
-0.319149 0.059541
-0.093972 0.059541
-0.293502 0.059496
0.224467 0.059427
0.162056 0.059076
0.304965 0.058824
-0.074468 0.058824
-0.189716 0.058824
-0.177305 0.058824
-0.060396 0.058145
0.226064 0.058106
-0.179078 0.058106
0.249484 0.057743
-0.086605 0.057445
0.265071 0.057389
0.118794 0.057389
0.182624 0.057389
-0.168440 0.057389
0.202128 0.057389
-0.136525 0.057389
-0.257361 0.057294
0.231806 0.056817
0.119729 0.056764
-0.202128 0.056671
-0.244681 0.056671
0.156028 0.055954
-0.061170 0.055954
-0.241294 0.055393
0.179582 0.055298
0.119337 0.055166
0.222538 0.054905
-0.214539 0.054519
-0.258865 0.054519
0.127660 0.054519
0.208333 0.054519
-0.293016 0.054250
-0.269224 0.054050
-0.136434 0.054044
-0.297156 0.053980
-0.226950 0.053802
0.246454 0.053802
0.166667 0.053802
-0.238327 0.053215
-0.303191 0.053085
-0.047872 0.053085
0.257092 0.053085
-0.255319 0.053085
-0.239362 0.053085
-0.082587 0.052996
0.256970 0.052957
0.120567 0.052367
0.250887 0.052367
-0.306738 0.052367
0.259747 0.052269
-0.216585 0.052051
0.140071 0.051650
0.253546 0.051650
0.214539 0.051650
-0.310284 0.051650
-0.086879 0.051650
-0.293440 0.051650
-0.077128 0.050933
0.280142 0.050933
0.187943 0.050933
0.256377 0.050844
-0.297275 0.050790
0.139106 0.050603
-0.260904 0.050550
-0.300532 0.050215
-0.283688 0.050215
-0.091043 0.049774
-0.304078 0.049498
0.129433 0.049498
-0.250000 0.049498
-0.282801 0.049498
-0.275709 0.049498
0.140100 0.048984
-0.228162 0.048863
-0.281915 0.048780
0.152482 0.048780
-0.274823 0.048780
-0.267730 0.048780
-0.284574 0.048780
-0.290780 0.048780
-0.157298 0.048648
-0.279394 0.048633
-0.060836 0.048611
-0.241376 0.048458
0.199160 0.048346
-0.237517 0.048303
-0.283688 0.048063
-0.063830 0.048063
-0.276596 0.048063
0.195035 0.048063
-0.153369 0.048063
-0.269084 0.047496
-0.291667 0.047346
-0.285461 0.047346
0.234929 0.047346
-0.264184 0.047346
-0.297872 0.047346
-0.286613 0.046858
-0.257144 0.046730
0.163121 0.046628
0.141844 0.046628
-0.273050 0.046628
-0.218972 0.045911
-0.260638 0.045911
-0.287853 0.045386
-0.231383 0.045194
0.201241 0.045194
0.133882 0.045131
0.175467 0.044634
0.101950 0.044476
-0.099291 0.044476
0.131206 0.044476
0.173759 0.044476
-0.075516 0.044452
0.145390 0.043759
-0.114362 0.043759
-0.089539 0.043759
-0.168796 0.043388
0.255319 0.043042
-0.129433 0.043042
-0.079787 0.043042
-0.100177 0.043042
-0.113081 0.042906
-0.166523 0.042729
-0.115248 0.042324
-0.242021 0.041607
-0.101064 0.041607
0.180851 0.041607
0.134752 0.041607
-0.089539 0.041607
-0.106029 0.041347
-0.166667 0.040890
-0.079787 0.040890
-0.133865 0.040890
-0.102783 0.040840
-0.052305 0.040172
0.133865 0.039455
-0.091260 0.039211
0.149029 0.038998
-0.194093 0.038752
-0.184397 0.038737
0.187943 0.038737
-0.079787 0.038737
-0.138298 0.038737
0.138298 0.038737
-0.068951 0.038656
-0.224798 0.038167
-0.173759 0.038020
0.144580 0.037980
-0.135746 0.037500
-0.223404 0.037303
-0.091312 0.037303
0.218972 0.036585
0.137411 0.036585
0.135638 0.036558
-0.193262 0.035868
-0.092199 0.035868
0.111702 0.035868
-0.067192 0.035464
-0.091864 0.035152
-0.068262 0.035151
0.148050 0.035151
0.148082 0.035032
-0.192357 0.034891
0.136525 0.034433
-0.081560 0.034433
-0.071401 0.034201
-0.085313 0.033979
0.143233 0.033894
-0.205674 0.033716
-0.497340 0.033716
0.158688 0.032999
-0.068262 0.032999
-0.138563 0.032961
0.144651 0.032764
-0.085086 0.032410
-0.069149 0.032281
0.239362 0.032281
0.032801 0.032281
-0.200420 0.031984
0.238797 0.031935
0.156311 0.031602
-0.151596 0.031564
-0.128337 0.031335
0.202621 0.031220
0.159574 0.030846
-0.095645 0.030215
-0.116135 0.030129
-0.083333 0.030129
0.140957 0.030129
0.205674 0.030129
-0.490248 0.029412
-0.101950 0.029412
-0.228723 0.029412
-0.060991 0.029030
0.236411 0.028339
-0.491211 0.028106
-0.070922 0.027977
-0.120567 0.027977
0.140071 0.027977
0.122340 0.027977
0.156817 0.027905
0.241843 0.027757
-0.079182 0.027421
-0.054308 0.027261
-0.056738 0.027260
-0.493690 0.027105
-0.068152 0.026603
-0.437943 0.026542
-0.057624 0.026542
-0.052017 0.026358
-0.058511 0.025825
0.162234 0.025825
-0.078848 0.025428
-0.172299 0.025384
-0.061206 0.025316
-0.210106 0.025108
-0.084638 0.024981
-0.164894 0.024390
0.147503 0.023874
-0.093085 0.023673
-0.491244 0.023383
-0.083012 0.023220
0.125000 0.022956
0.169326 0.022956
-0.192933 0.021562
-0.171986 0.021521
0.223404 0.021521
0.143617 0.021521
-0.133865 0.020803
0.168627 0.020515
-0.104138 0.020120
-0.171986 0.020086
0.144813 0.020070
0.028369 0.019369
0.144504 0.019369
-0.179078 0.018651
0.128773 0.017911
0.129118 0.017504
0.145390 0.017217
-0.179078 0.017217
-0.102837 0.017217
0.128546 0.016499
-0.412576 0.015884
-0.085993 0.015782
-0.187943 0.015782
-0.179078 0.015782
0.126495 0.015120
-0.169834 0.014621
-0.187067 0.014428
-0.187943 0.014347
0.129433 0.014347
-0.415780 0.013630
-0.073582 0.013630
-0.196809 0.012912
0.148050 0.012195
-0.191213 0.011686
-0.198849 0.011533
0.113475 0.011478
-0.094036 0.010466
-0.095745 0.009326
0.150709 0.007174
0.140071 0.007174
-0.083060 0.006755
-0.131206 0.006456
-0.133809 0.005428
-0.099291 0.005022
0.124113 0.004304
0.139536 0.003429
-0.094678 0.002912
-0.100177 0.002869
0.185284 0.002869
0.142730 0.002152
0.144023 0.001944
0.183753 0.001789
0.116135 0.001435
-0.088652 0.001435
-0.092199 -0.002869
0.134752 -0.002869
0.496454 -0.003587
-0.093085 -0.005022
0.203014 -0.005739
0.126773 -0.005739
0.122903 -0.005812
0.118325 -0.005941
0.499721 -0.006091
0.116135 -0.006456
-0.100023 -0.006718
-0.095745 -0.007174
0.115669 -0.007675
0.116186 -0.008512
-0.143617 -0.008608
0.118794 -0.008608
-0.096631 -0.009326
0.162936 -0.010037
0.486702 -0.010043
0.148050 -0.010043
-0.097518 -0.011478
0.483309 -0.011588
0.206433 -0.012047
-0.150709 -0.012912
0.166667 -0.012912
0.486656 -0.012985
-0.096278 -0.013412
0.126773 -0.013630
0.241135 -0.013630
0.118474 -0.013890
0.140071 -0.015065
0.140320 -0.015087
0.118794 -0.016499
-0.152482 -0.017217
-0.161348 -0.018651
-0.100177 -0.018651
-0.102219 -0.021392
0.216312 -0.021521
0.140338 -0.022040
0.221216 -0.023408
0.148412 -0.023913
0.118794 -0.024390
0.217804 -0.025009
0.144010 -0.025055
0.166779 -0.025691
0.132092 -0.025825
-0.102837 -0.025825
-0.109929 -0.026542
0.129307 -0.027114
0.137244 -0.027129
-0.159787 -0.027205
0.145390 -0.027260
0.444149 -0.027977
-0.106982 -0.028178
0.143172 -0.029629
0.458333 -0.030129
0.164007 -0.030129
0.134752 -0.030129
-0.063830 -0.030846
-0.166667 -0.031564
0.148050 -0.031564
0.200355 -0.032281
0.203171 -0.032333
0.182624 -0.032999
-0.109929 -0.032999
0.422884 -0.033625
-0.112589 -0.033716
-0.117503 -0.034062
-0.168440 -0.034433
0.166667 -0.034433
0.163926 -0.034487
-0.348404 -0.035151
0.150709 -0.035868
-0.000887 -0.038737
-0.040780 -0.038737
-0.001672 -0.038861
-0.119496 -0.039278
-0.041667 -0.039455
0.147636 -0.039475
-0.494404 -0.039649
-0.117021 -0.040172
0.421099 -0.040890
-0.119681 -0.040890
-0.491135 -0.041607
-0.122340 -0.041607
-0.023050 -0.042324
0.421978 -0.042503
-0.078901 -0.043042
-0.122168 -0.043061
0.091312 -0.043759
-0.333333 -0.043759
-0.127322 -0.044240
-0.319468 -0.045108
-0.323682 -0.045788
-0.124113 -0.045911
-0.320922 -0.045911
-0.327128 -0.045911
-0.123227 -0.046628
-0.308511 -0.046628
-0.119681 -0.046628
0.084220 -0.046628
-0.122340 -0.047346
-0.119272 -0.049057
-0.083333 -0.049498
0.175532 -0.050215
-0.125887 -0.050215
-0.125000 -0.050933
-0.122902 -0.050963
-0.123280 -0.051534
0.406915 -0.051650
0.159574 -0.051650
-0.124113 -0.051650
-0.123227 -0.052367
-0.122546 -0.052706
-0.122340 -0.053085
0.402482 -0.053802
0.159574 -0.053802
-0.122779 -0.054211
0.401596 -0.055237
-0.085993 -0.056671
0.386525 -0.056671
0.102056 -0.056994
0.101950 -0.057389
0.102837 -0.058106
-0.125227 -0.058879
-0.090237 -0.059521
0.179965 -0.059541
-0.115248 -0.060258
-0.129528 -0.060375
-0.122005 -0.060649
-0.129433 -0.060976
-0.128419 -0.061182
0.093972 -0.061693
-0.127660 -0.061693
-0.128546 -0.061693
-0.127635 -0.062251
-0.126773 -0.062410
-0.128907 -0.062510
0.092871 -0.062815
-0.276596 -0.063128
-0.131206 -0.063128
-0.127419 -0.063652
-0.093085 -0.063845
0.118794 -0.063845
-0.282094 -0.064319
-0.117908 -0.066714
0.168440 -0.067432
0.119660 -0.067772
0.168440 -0.069584
-0.137933 -0.070602
0.169884 -0.070730
-0.131774 -0.071008
0.169835 -0.071123
-0.131621 -0.071736
-0.132979 -0.071736
-0.131206 -0.071736
0.168440 -0.071736
-0.132092 -0.071736
-0.132092 -0.072453
-0.132979 -0.072453
-0.123513 -0.072706
-0.133790 -0.072826
-0.132979 -0.073171
-0.129898 -0.073240
-0.115925 -0.073354
-0.139618 -0.073834
-0.134752 -0.073888
-0.136945 -0.074256
-0.120565 -0.074332
-0.134752 -0.074605
-0.130605 -0.074865
-0.126707 -0.075500
-0.125957 -0.075836
-0.136525 -0.076040
-0.122340 -0.076040
-0.120967 -0.076356
0.172872 -0.076758
-0.123227 -0.076758
0.170213 -0.077475
-0.122075 -0.077517
-0.132420 -0.077667
-0.125000 -0.078192
-0.138298 -0.078910
0.172872 -0.078910
-0.122618 -0.079081
-0.110822 -0.079102
-0.139802 -0.079299
-0.117495 -0.080052
0.167651 -0.080127
-0.113475 -0.080344
-0.126773 -0.081062
-0.129212 -0.081328
0.127660 -0.081779
-0.140071 -0.081779
0.171986 -0.083214
0.180460 -0.083407
0.177928 -0.083614
-0.091312 -0.083931
-0.423802 -0.084086
0.174645 -0.084648
0.177305 -0.086083
0.130319 -0.086801
0.088293 -0.087248
-0.069149 -0.087518
-0.477186 -0.087706
0.088837 -0.087832
0.130873 -0.087901
-0.097845 -0.088379
-0.064111 -0.088902
-0.477837 -0.089670
-0.124113 -0.089670
-0.419557 -0.089995
-0.099291 -0.090387
-0.065603 -0.090387
-0.137411 -0.090387
0.085106 -0.090387
-0.423759 -0.090387
0.085993 -0.091105
-0.065603 -0.091105
0.082512 -0.091683
0.086879 -0.091822
0.087047 -0.092267
-0.069564 -0.092532
-0.068825 -0.092669
-0.062057 -0.093257
-0.074468 -0.093974
-0.077128 -0.093974
-0.108156 -0.093974
-0.105496 -0.093974
-0.062057 -0.093974
0.078901 -0.093974
0.077128 -0.094692
-0.067376 -0.094692
-0.062057 -0.094692
0.079787 -0.094692
0.171986 -0.094692
-0.109376 -0.094894
-0.052088 -0.094998
-0.046986 -0.096126
0.174645 -0.096126
0.148050 -0.096126
-0.064434 -0.096527
-0.078034 -0.096656
-0.062366 -0.096686
0.089539 -0.096844
0.079787 -0.096844
-0.077388 -0.096855
-0.140480 -0.096931
0.074097 -0.097396
0.072695 -0.097561
-0.063830 -0.098278
0.070922 -0.098278
0.083458 -0.098950
0.069149 -0.098996
-0.134752 -0.098996
-0.052305 -0.098996
-0.043440 -0.098996
-0.083733 -0.099442
-0.050149 -0.099475
0.068799 -0.099576
-0.052305 -0.099713
0.072695 -0.099713
-0.083734 -0.099922
-0.073249 -0.100342
-0.082447 -0.100430
0.070922 -0.100430
-0.085106 -0.100430
-0.079787 -0.100430
-0.072695 -0.101148
0.082447 -0.101865
0.092199 -0.101865
0.062057 -0.101865
-0.065603 -0.101865
0.072695 -0.101865
-0.079787 -0.101865
-0.082447 -0.101865
0.149823 -0.101865
0.057088 -0.101893
0.059504 -0.102405
-0.016577 -0.102479
-0.072695 -0.102582
0.066351 -0.102625
-0.054078 -0.103300
-0.118794 -0.103300
-0.079787 -0.103300
-0.131544 -0.103406
-0.080933 -0.103539
-0.098645 -0.103665
-0.091312 -0.104017
-0.075426 -0.104713
-0.042553 -0.104735
0.054965 -0.104735
-0.033688 -0.104735
-0.024823 -0.104735
-0.132118 -0.104783
-0.131206 -0.105452
-0.088652 -0.105452
0.054078 -0.105612
-0.076688 -0.105657
-0.076505 -0.106083
0.171986 -0.106169
0.053191 -0.106169
-0.022163 -0.106887
-0.010406 -0.107064
-0.098407 -0.107332
-0.012474 -0.107344
0.065300 -0.107582
-0.097518 -0.107604
-0.100177 -0.107604
-0.102837 -0.107604
0.051418 -0.107604
0.029196 -0.108238
0.066489 -0.108321
0.032801 -0.108321
-0.007092 -0.108321
0.057303 -0.108414
-0.018263 -0.108497
-0.131414 -0.108724
-0.005404 -0.108766
0.112547 -0.109029
-0.019504 -0.109039
-0.125497 -0.109592
-0.115248 -0.109756
0.031028 -0.109756
-0.018617 -0.109756
0.068262 -0.109756
-0.092738 -0.109908
-0.249325 -0.110246
-0.246636 -0.110454
-0.099303 -0.110469
-0.017730 -0.110473
-0.248227 -0.110473
0.070035 -0.110473
-0.004433 -0.110473
-0.088652 -0.110473
0.079787 -0.110473
-0.123303 -0.110836
-0.003546 -0.111191
0.059397 -0.111191
0.109929 -0.111191
0.096631 -0.111191
-0.092121 -0.111519
-0.127660 -0.111908
0.010638 -0.111908
0.054238 -0.112173
-0.105933 -0.112379
-0.067376 -0.112626
0.041667 -0.112626
0.057624 -0.112626
-0.100177 -0.112626
0.039894 -0.112626
-0.103723 -0.112626
-0.097518 -0.112626
-0.005615 -0.113285
-0.074468 -0.113343
-0.024823 -0.113343
-0.033688 -0.113343
0.149823 -0.113343
0.050798 -0.113663
-0.055851 -0.114060
-0.494681 -0.114060
-0.116135 -0.114778
0.019504 -0.114778
-0.078901 -0.114778
0.046986 -0.114778
0.050532 -0.114778
-0.026780 -0.114939
0.002745 -0.115096
-0.055916 -0.115280
-0.022163 -0.115495
-0.016947 -0.115574
-0.021277 -0.116212
0.041048 -0.116454
0.009718 -0.116786
0.014991 -0.116888
-0.023742 -0.117224
-0.071962 -0.117526
-0.036526 -0.117533
-0.123227 -0.117647
0.063830 -0.117647
-0.101064 -0.117647
-0.097518 -0.117647
0.031915 -0.117647
0.156028 -0.117647
0.028369 -0.117647
-0.104610 -0.117647
0.030142 -0.117647
-0.497816 -0.118296
0.010638 -0.118364
0.065603 -0.118364
0.083533 -0.118523
-0.101428 -0.119002
0.110973 -0.119075
0.007979 -0.119082
-0.245567 -0.119082
-0.007979 -0.119082
0.067376 -0.119082
0.063884 -0.119117
-0.117810 -0.119154
0.049698 -0.119438
0.078287 -0.119523
0.008124 -0.119729
0.006206 -0.119799
0.084220 -0.119799
0.037234 -0.119799
0.056738 -0.119799
-0.101172 -0.120037
-0.077995 -0.120086
0.127917 -0.120385
-0.111702 -0.120516
0.033688 -0.120516
0.035461 -0.120516
-0.040780 -0.120516
0.058511 -0.120516
0.101064 -0.120516
0.114362 -0.120516
0.127660 -0.120516
0.059730 -0.120651
0.045045 -0.120885
0.044768 -0.121161
0.019504 -0.121234
-0.124409 -0.121833
0.084802 -0.121836
-0.087766 -0.121951
0.049645 -0.121951
-0.024823 -0.121951
0.046099 -0.121951
0.042553 -0.121951
0.091230 -0.122062
-0.100713 -0.122606
0.040780 -0.122669
0.044326 -0.122669
0.055978 -0.122736
-0.069149 -0.123386
0.039007 -0.123386
-0.118794 -0.123386
0.024823 -0.124103
-0.103723 -0.124103
-0.099291 -0.124103
-0.089539 -0.124103
-0.102837 -0.124103
0.044840 -0.124144
-0.078438 -0.124297
-0.073582 -0.124821
0.010638 -0.124821
0.101950 -0.124821
0.115248 -0.124821
-0.011525 -0.124821
0.133865 -0.124821
0.116116 -0.124896
0.111738 -0.125246
0.039142 -0.125374
0.007434 -0.125431
0.007979 -0.125538
-0.093972 -0.125538
0.082646 -0.125583
0.077720 -0.126170
-0.078014 -0.126255
0.005319 -0.126255
0.128546 -0.126255
-0.110816 -0.126973
0.003546 -0.126973
-0.072695 -0.126973
0.079787 -0.126973
-0.079396 -0.127233
0.078518 -0.127479
0.096631 -0.127690
0.001773 -0.127690
-0.094858 -0.127760
0.105110 -0.127871
-0.079787 -0.128407
-0.077128 -0.128407
0.322695 -0.129125
-0.031915 -0.129125
0.102837 -0.129125
0.140071 -0.129125
-0.054078 -0.129842
-0.104022 -0.130519
-0.076241 -0.130560
-0.078901 -0.130560
-0.102837 -0.130560
0.134752 -0.130560
-0.081560 -0.130560
-0.101950 -0.130560
-0.101064 -0.130560
0.116135 -0.130560
-0.087556 -0.130869
-0.033820 -0.131583
0.136943 -0.131673
-0.108098 -0.131706
-0.097530 -0.131741
0.097518 -0.131994
0.129433 -0.131994
-0.085993 -0.131994
-0.078901 -0.131994
-0.081560 -0.131994
-0.096631 -0.131994
-0.095745 -0.131994
0.075238 -0.132634
0.061144 -0.132892
-0.090426 -0.133429
-0.085993 -0.133429
-0.081560 -0.133429
-0.081913 -0.133593
0.001661 -0.133993
-0.065694 -0.134757
0.092199 -0.134864
0.074468 -0.134864
-0.079668 -0.135642
-0.070035 -0.136298
-0.039007 -0.136298
0.061170 -0.136298
-0.015071 -0.136298
-0.059397 -0.137016
0.050846 -0.137087
0.096596 -0.137246
-0.074564 -0.137689
-0.062057 -0.137733
-0.464539 -0.137733
0.002660 -0.137733
0.317376 -0.137733
0.052305 -0.137733
-0.410461 -0.138451
-0.000000 -0.138451
0.046986 -0.138451
-0.360217 -0.138956
-0.411860 -0.139144
-0.356383 -0.139168
-0.001773 -0.139168
-0.080776 -0.139446
-0.073582 -0.139885
-0.068710 -0.139946
0.074731 -0.140203
0.188731 -0.140441
-0.080674 -0.141320
-0.076241 -0.141320
-0.459859 -0.141385
0.114448 -0.141735
0.121705 -0.141858
0.188830 -0.142037
0.104368 -0.142507
0.086879 -0.142755
0.109929 -0.142755
0.128546 -0.142755
-0.463225 -0.143398
-0.022163 -0.143472
0.102837 -0.143472
-0.044326 -0.143472
-0.464032 -0.143521
-0.463652 -0.144189
-0.460993 -0.144189
0.123227 -0.144189
0.112289 -0.144895
-0.406915 -0.144907
-0.036869 -0.145245
-0.461911 -0.145533
0.161348 -0.145624
0.000947 -0.145710
0.097518 -0.146341
-0.042553 -0.146341
-0.028802 -0.146820
-0.041667 -0.147059
0.036348 -0.147776
-0.051734 -0.148010
0.022163 -0.148494
-0.063091 -0.148738
0.003536 -0.149171
-0.070922 -0.149211
-0.129433 -0.149211
-0.051748 -0.149348
-0.093853 -0.149430
0.101373 -0.149636
-0.031915 -0.149928
0.055992 -0.150268
-0.049645 -0.150646
-0.462766 -0.150646
-0.062943 -0.150646
-0.005319 -0.150646
0.081560 -0.150646
-0.460106 -0.150646
-0.457447 -0.150646
-0.052305 -0.151363
0.174645 -0.151363
-0.002281 -0.151542
-0.051144 -0.151816
0.068262 -0.152080
-0.054965 -0.152080
0.186170 -0.152080
0.071591 -0.152289
-0.052731 -0.152442
0.170109 -0.152604
-0.051922 -0.153504
-0.047872 -0.153515
0.080674 -0.153515
0.054965 -0.153515
0.140957 -0.153515
0.000977 -0.153543
-0.086291 -0.153678
-0.130696 -0.153704
-0.458123 -0.154211
0.092199 -0.154232
-0.050532 -0.154232
-0.054504 -0.154561
0.074468 -0.154950
-0.121454 -0.154950
0.142730 -0.154950
-0.125000 -0.154950
-0.094858 -0.154950
-0.045833 -0.154969
0.119280 -0.155254
0.088433 -0.155332
-0.043769 -0.155363
0.073932 -0.155566
0.082475 -0.155946
-0.062943 -0.156385
-0.399823 -0.156385
0.061170 -0.156385
-0.088652 -0.156385
0.079787 -0.156385
-0.046099 -0.156385
0.117021 -0.156385
0.060276 -0.156787
-0.147163 -0.157102
0.109929 -0.157102
-0.045213 -0.157102
-0.015071 -0.157102
0.145390 -0.157102
-0.042509 -0.157519
-0.044326 -0.157819
0.102837 -0.157819
-0.054965 -0.157819
0.086879 -0.157819
0.073582 -0.157819
0.141808 -0.157897
-0.002337 -0.157913
-0.075485 -0.157995
-0.113475 -0.158537
-0.476064 -0.158537
0.067376 -0.159254
-0.009752 -0.159254
-0.000887 -0.159971
-0.050532 -0.159971
-0.034574 -0.160689
-0.049645 -0.160689
0.085993 -0.160689
0.110816 -0.160689
0.215426 -0.160689
-0.452982 -0.160856
-0.050721 -0.161076
0.110511 -0.161346
0.103723 -0.161406
0.014184 -0.161406
0.097518 -0.161406
0.084220 -0.161406
-0.480693 -0.161546
-0.050087 -0.162052
-0.450355 -0.162123
-0.481383 -0.162123
-0.453014 -0.162123
-0.071809 -0.162841
0.044326 -0.162841
-0.476407 -0.163293
-0.077865 -0.163417
-0.143617 -0.163558
0.045213 -0.163558
-0.054965 -0.163558
-0.024823 -0.163558
0.107966 -0.163944
-0.078901 -0.164275
0.112589 -0.164275
-0.446316 -0.164501
0.111679 -0.164713
-0.048759 -0.164993
0.104610 -0.164993
-0.475177 -0.164993
0.092199 -0.164993
0.098404 -0.164993
0.095749 -0.165322
0.466065 -0.165363
0.468462 -0.165705
-0.164007 -0.165710
-0.019504 -0.165710
0.082447 -0.165710
0.090426 -0.165710
-0.181702 -0.165942
-0.452680 -0.166120
0.214452 -0.166411
0.088652 -0.166428
0.074260 -0.166431
0.095195 -0.166548
0.103159 -0.166642
-0.180299 -0.166783
0.076241 -0.167145
0.129433 -0.167145
0.054788 -0.167453
0.051418 -0.167862
-0.054078 -0.167862
-0.018617 -0.167862
-0.014184 -0.167862
0.095693 -0.168009
0.133641 -0.168178
0.097464 -0.168179
0.080052 -0.168229
0.092776 -0.168246
0.106383 -0.168580
-0.005319 -0.168580
0.101950 -0.168580
0.095745 -0.168580
-0.177305 -0.168580
0.070995 -0.168741
0.054664 -0.168795
0.093707 -0.168917
0.105993 -0.168977
0.484897 -0.169008
0.469858 -0.169297
0.003546 -0.169297
0.093972 -0.169297
0.106042 -0.169594
-0.011303 -0.169891
-0.013298 -0.170014
-0.063830 -0.170014
-0.004433 -0.170732
0.018617 -0.170732
0.468972 -0.170732
0.057624 -0.170732
0.086879 -0.170732
0.116135 -0.170732
0.112291 -0.170783
-0.028358 -0.171181
0.039670 -0.171214
0.035517 -0.171325
0.484043 -0.171449
-0.038121 -0.171449
-0.017646 -0.171612
0.088702 -0.171673
0.033793 -0.171697
0.102754 -0.171761
-0.049097 -0.171874
0.033688 -0.172166
-0.012411 -0.172166
0.069149 -0.172166
0.103723 -0.172166
-0.053191 -0.172166
0.099291 -0.172166
0.468085 -0.172166
0.108156 -0.172166
0.034574 -0.172884
-0.078660 -0.172968
0.036528 -0.173061
-0.024823 -0.173368
-0.443262 -0.173601
0.035461 -0.173601
0.498227 -0.173601
0.092199 -0.173601
0.083186 -0.174116
0.026684 -0.174301
-0.062943 -0.174319
0.104610 -0.174319
-0.028369 -0.174319
0.100177 -0.174319
0.056655 -0.174371
0.481383 -0.175036
0.085106 -0.175036
0.094808 -0.175169
0.106866 -0.175373
0.082570 -0.175382
0.088933 -0.175577
0.000000 -0.175753
-0.080947 -0.175929
0.456455 -0.176290
0.147154 -0.176374
0.100030 -0.176433
0.478723 -0.176471
0.036348 -0.176471
-0.010638 -0.176471
-0.465426 -0.176471
-0.072695 -0.176471
0.101064 -0.176471
0.100485 -0.176534
0.494105 -0.176704
0.107270 -0.177188
0.037234 -0.177188
-0.007979 -0.177188
0.495567 -0.177188
0.098404 -0.177188
0.105777 -0.177360
-0.062138 -0.177862
0.477837 -0.177905
0.041667 -0.177905
-0.079787 -0.177905
0.141844 -0.177905
0.109908 -0.178233
0.009315 -0.178538
0.101064 -0.178623
-0.022163 -0.178623
0.111702 -0.178623
0.091312 -0.178623
-0.042553 -0.178623
-0.018996 -0.178921
0.107488 -0.178938
0.087973 -0.178949
-0.061877 -0.179085
0.023176 -0.179296
0.143617 -0.179340
0.099291 -0.179340
0.082447 -0.179340
0.103723 -0.179340
-0.086879 -0.179340
-0.487589 -0.179340
0.148261 -0.179544
-0.008161 -0.179574
-0.489463 -0.179993
0.078014 -0.180057
-0.062057 -0.180057
0.037221 -0.180430
0.118095 -0.180535
0.041419 -0.180562
-0.008865 -0.180775
0.492908 -0.180775
0.039007 -0.180775
0.145390 -0.180775
0.101064 -0.180775
0.462766 -0.180775
0.127314 -0.180798
0.103069 -0.180877
-0.078832 -0.180965
-0.490718 -0.181175
-0.451743 -0.181356
0.007092 -0.181492
0.103723 -0.181492
-0.006206 -0.181492
0.043440 -0.181492
0.099291 -0.181492
-0.445035 -0.181492
-0.015957 -0.181492
-0.046099 -0.181492
0.128546 -0.181492
-0.016844 -0.181492
0.474291 -0.181492
0.078360 -0.181499
0.111716 -0.181620
0.474628 -0.181860
-0.011754 -0.182102
0.152339 -0.182161
0.047872 -0.182209
-0.003546 -0.182209
0.097518 -0.182209
0.490248 -0.182209
0.106383 -0.182209
0.101950 -0.182209
-0.008865 -0.182209
-0.071809 -0.182209
0.089539 -0.182209
-0.088652 -0.182209
-0.029860 -0.182427
0.148050 -0.182927
-0.006206 -0.182927
0.022163 -0.182927
-0.105496 -0.182927
-0.488475 -0.182927
-0.492908 -0.182927
0.100286 -0.183066
-0.494822 -0.183100
0.103837 -0.183179
-0.289674 -0.183346
-0.070546 -0.183493
0.079787 -0.183644
-0.052305 -0.183644
0.059397 -0.183644
0.110816 -0.183644
-0.383865 -0.183644
-0.008865 -0.183644
0.043440 -0.183644
0.471631 -0.183644
-0.057624 -0.183644
0.487589 -0.183644
-0.078901 -0.183644
0.106540 -0.183977
0.105198 -0.184057
-0.047870 -0.184184
-0.446941 -0.184184
0.145505 -0.184227
0.075355 -0.184362
0.047872 -0.184362
-0.467199 -0.184362
0.001973 -0.184412
0.047011 -0.184494
0.059812 -0.184512
0.101040 -0.184611
0.115248 -0.185079
-0.090426 -0.185079
-0.031915 -0.185079
0.150709 -0.185079
0.070922 -0.185079
-0.101950 -0.185079
-0.462794 -0.185359
0.054710 -0.185383
0.470389 -0.185408
-0.495716 -0.185561
-0.009174 -0.185660
0.095745 -0.185796
0.100177 -0.185796
-0.014184 -0.185796
0.056738 -0.185796
0.126824 -0.185809
-0.088033 -0.185984
-0.465836 -0.186000
0.002695 -0.186110
0.044340 -0.186387
-0.124113 -0.186514
0.047872 -0.186514
-0.498227 -0.186514
0.086879 -0.186514
-0.493794 -0.186514
-0.080674 -0.186514
-0.131206 -0.186514
-0.127660 -0.186514
-0.444149 -0.186514
-0.489362 -0.186514
0.045705 -0.186624
0.038348 -0.186807
-0.092027 -0.186837
-0.086202 -0.186885
-0.016139 -0.187025
-0.072577 -0.187063
0.027572 -0.187082
0.072665 -0.187087
0.024823 -0.187231
-0.125000 -0.187231
0.484043 -0.187231
0.068262 -0.187231
-0.014184 -0.187231
-0.128546 -0.187231
-0.014139 -0.187305
-0.079240 -0.187526
0.101993 -0.187792
-0.081326 -0.187864
0.003546 -0.187948
-0.070922 -0.187948
-0.035461 -0.187948
-0.103723 -0.187948
-0.468085 -0.187948
0.056738 -0.187948
-0.026596 -0.187948
-0.125887 -0.187948
-0.123501 -0.188379
-0.018360 -0.188665
-0.031028 -0.188666
-0.120567 -0.188666
-0.288121 -0.188666
-0.385455 -0.188867
-0.122229 -0.188933
0.460578 -0.189018
0.069291 -0.189050
0.100177 -0.189383
-0.081560 -0.189383
0.457447 -0.189383
0.093972 -0.189383
-0.121454 -0.189383
0.065603 -0.189383
-0.446809 -0.189383
-0.069294 -0.189406
0.089035 -0.189574
-0.019043 -0.189723
0.483183 -0.190036
-0.491135 -0.190100
0.086879 -0.190100
-0.495567 -0.190100
-0.027825 -0.190221
-0.062828 -0.190394
0.480509 -0.190467
0.104610 -0.190818
0.162234 -0.190818
0.068262 -0.190818
0.164007 -0.190818
-0.092199 -0.190818
-0.071809 -0.190818
-0.117021 -0.190818
-0.019504 -0.190818
-0.039007 -0.190818
0.480496 -0.190818
-0.020390 -0.190818
-0.021277 -0.190818
-0.003531 -0.190969
0.100439 -0.191070
0.486187 -0.191134
-0.021574 -0.191150
-0.034574 -0.191535
0.056738 -0.191535
-0.025709 -0.191535
-0.066489 -0.191535
0.104714 -0.191965
-0.497802 -0.192069
-0.067021 -0.192153
-0.090193 -0.192205
-0.030142 -0.192253
0.466312 -0.192253
0.073582 -0.192253
-0.368794 -0.192253
-0.127660 -0.192253
0.093603 -0.192472
0.061552 -0.192681
-0.113048 -0.192755
0.177816 -0.192859
-0.084319 -0.192914
-0.045213 -0.192970
0.069149 -0.192970
-0.125000 -0.192970
0.460106 -0.192970
0.093972 -0.192970
0.139184 -0.192970
0.065603 -0.192970
0.477837 -0.192970
-0.131600 -0.193032
-0.129382 -0.193042
0.474311 -0.193094
-0.072695 -0.193687
-0.492908 -0.193687
0.010638 -0.193687
0.491135 -0.193687
0.152482 -0.193687
-0.105496 -0.193687
-0.126442 -0.193754
-0.443655 -0.193777
0.066746 -0.193836
0.150325 -0.193979
0.082447 -0.194405
-0.067376 -0.194405
-0.005319 -0.194405
0.140957 -0.194405
-0.120567 -0.194405
-0.445922 -0.194405
0.068037 -0.194560
0.478466 -0.194581
-0.029789 -0.194670
-0.501433 -0.194764
0.475177 -0.195122
0.488475 -0.195122
-0.007979 -0.195122
-0.083333 -0.195122
-0.051418 -0.195122
-0.062057 -0.195122
0.496454 -0.195122
-0.056738 -0.195122
0.453901 -0.195122
0.478723 -0.195122
0.146242 -0.195150
-0.106283 -0.195243
0.501427 -0.195318
-0.119553 -0.195642
-0.132658 -0.195752
0.468972 -0.195839
0.031989 -0.195866
0.497968 -0.196468
0.173759 -0.196557
-0.093972 -0.196557
0.065603 -0.196557
0.125887 -0.196557
0.462766 -0.196557
0.120567 -0.196557
0.027482 -0.196557
0.177305 -0.196557
0.143617 -0.196557
0.093972 -0.196557
0.175532 -0.196557
0.452128 -0.197274
0.053191 -0.197274
0.473404 -0.197274
-0.108156 -0.197274
0.476064 -0.197274
0.188830 -0.197274
-0.131206 -0.197274
-0.044199 -0.197297
-0.146160 -0.197326
-0.127857 -0.197459
0.492304 -0.197473
0.181197 -0.197496
-0.478637 -0.197640
0.454472 -0.197645
-0.121562 -0.197966
-0.124113 -0.197991
-0.480496 -0.197991
-0.018617 -0.197991
0.467199 -0.197991
-0.043440 -0.197991
0.200355 -0.197991
-0.019504 -0.197991
-0.149272 -0.198158
-0.461940 -0.198302
-0.003655 -0.198397
-0.127661 -0.198424
-0.482272 -0.198673
-0.023936 -0.198709
0.493794 -0.198709
-0.013298 -0.198709
0.177305 -0.198709
0.066489 -0.198709
0.484929 -0.198709
0.456560 -0.198709
0.179078 -0.198709
-0.132979 -0.198709
0.090508 -0.198933
-0.131914 -0.198955
-0.022784 -0.199065
-0.087078 -0.199316
-0.074468 -0.199426
0.471631 -0.199426
-0.459220 -0.199426
-0.042553 -0.199426
0.190603 -0.199426
0.031915 -0.199426
0.474291 -0.199426
-0.445035 -0.199426
0.164007 -0.199426
0.476950 -0.199426
0.155630 -0.199427
0.178275 -0.199560
0.170946 -0.199783
0.013453 -0.200037
-0.069149 -0.200143
-0.038121 -0.200143
0.177305 -0.200143
-0.049645 -0.200143
0.001773 -0.200143
-0.096631 -0.200143
-0.054965 -0.200143
-0.123836 -0.200473
0.471607 -0.200576
-0.145390 -0.200861
-0.085106 -0.200861
0.164894 -0.200861
-0.354610 -0.200861
-0.427305 -0.200861
0.089539 -0.200861
0.067376 -0.200861
0.180851 -0.200861
0.450355 -0.200861
0.066690 -0.200997
-0.429049 -0.201065
0.482862 -0.201104
0.008733 -0.201113
-0.425324 -0.201303
0.193262 -0.201578
0.093085 -0.201578
-0.482270 -0.201578
0.092199 -0.201578
0.004707 -0.201612
0.453900 -0.201648
0.085502 -0.201888
-0.105080 -0.201982
0.487016 -0.202116
0.456679 -0.202167
0.109929 -0.202296
0.062057 -0.202296
0.180851 -0.202296
0.008865 -0.202296
-0.111702 -0.202296
0.154255 -0.202296
-0.115638 -0.202360
0.110279 -0.202402
0.156192 -0.202580
0.448582 -0.203013
0.181738 -0.203013
0.483156 -0.203013
0.013298 -0.203013
-0.125000 -0.203013
-0.127660 -0.203013
-0.497340 -0.203013
0.076241 -0.203013
0.183511 -0.203013
0.180851 -0.203730
-0.099291 -0.203730
0.155142 -0.203730
0.484148 -0.203758
-0.125668 -0.203807
0.457037 -0.204135
-0.042333 -0.204373
0.181738 -0.204448
-0.491135 -0.204448
0.062943 -0.204448
-0.458333 -0.204448
0.185475 -0.204582
-0.048362 -0.204656
0.185539 -0.204786
-0.478055 -0.205082
0.086390 -0.205111
0.193356 -0.205151
0.182624 -0.205165
-0.062943 -0.205165
0.085106 -0.205165
0.446809 -0.205165
0.156028 -0.205165
-0.076241 -0.205165
-0.062057 -0.205165
-0.047872 -0.205165
0.186170 -0.205165
-0.017730 -0.205165
0.184397 -0.205165
0.152482 -0.205165
0.145390 -0.205165
0.151596 -0.205165
0.126923 -0.205180
0.150242 -0.205284
-0.125944 -0.205434
-0.083459 -0.205529
0.448766 -0.205551
-0.097037 -0.205836
-0.012411 -0.205882
-0.088652 -0.205882
0.464539 -0.205882
0.087766 -0.205882
-0.115248 -0.205882
-0.450330 -0.205896
0.179538 -0.206105
-0.007092 -0.206600
0.071809 -0.206600
0.092199 -0.206600
0.489362 -0.206600
-0.046986 -0.206600
0.153369 -0.206600
-0.494681 -0.206600
0.091312 -0.206600
-0.031915 -0.206600
0.090426 -0.206600
0.181890 -0.206608
0.153644 -0.206716
-0.133635 -0.206893
-0.071720 -0.206999
0.155419 -0.207052
0.033238 -0.207103
0.139857 -0.207224
-0.102555 -0.207299
0.468972 -0.207317
0.169326 -0.207317
0.471631 -0.207317
0.109043 -0.207317
0.190887 -0.207382
0.489521 -0.207750
0.140956 -0.207867
0.490495 -0.207954
0.125887 -0.208034
0.458333 -0.208034
-0.125887 -0.208034
0.148936 -0.208034
0.136525 -0.208034
0.149823 -0.208034
0.150709 -0.208034
0.142730 -0.208034
-0.131206 -0.208034
0.058511 -0.208034
0.154255 -0.208034
-0.046099 -0.208034
0.131206 -0.208034
-0.128546 -0.208034
-0.445922 -0.208752
-0.000000 -0.208752
-0.102837 -0.208752
0.451014 -0.209147
-0.091312 -0.209469
-0.471631 -0.209469
0.453014 -0.209469
0.151596 -0.209469
-0.130319 -0.209469
0.150709 -0.209469
-0.132979 -0.209469
-0.129198 -0.209758
0.491947 -0.210008
-0.054965 -0.210187
-0.070035 -0.210187
-0.079787 -0.210187
0.156915 -0.210187
0.146277 -0.210187
0.140071 -0.210187
-0.452128 -0.210187
0.193262 -0.210187
0.037234 -0.210187
0.071999 -0.210297
0.072499 -0.210638
-0.430493 -0.210774
0.459026 -0.210804
0.147497 -0.210828
0.172872 -0.210904
0.477837 -0.210904
0.152482 -0.210904
0.007092 -0.210904
-0.116135 -0.210904
-0.134752 -0.210904
0.148188 -0.210915
-0.102035 -0.210987
-0.086851 -0.211064
-0.101873 -0.211125
0.494897 -0.211359
0.434893 -0.211435
-0.130805 -0.211477
0.160461 -0.211621
0.090426 -0.211621
-0.054078 -0.211621
0.451241 -0.211621
0.492021 -0.211621
0.173759 -0.211621
0.011525 -0.211621
0.148050 -0.211621
-0.018810 -0.211657
-0.134149 -0.211941
-0.155196 -0.212174
0.093972 -0.212339
0.093085 -0.212339
-0.480496 -0.212339
0.009752 -0.212339
0.015957 -0.212339
0.355496 -0.212339
0.143617 -0.212339
-0.021537 -0.212403
0.148819 -0.212568
-0.093942 -0.212928
0.133865 -0.213056
0.110816 -0.213056
-0.147163 -0.213056
0.155142 -0.213056
0.128546 -0.213056
0.440603 -0.213056
0.489362 -0.213056
-0.095745 -0.213056
-0.132092 -0.213056
0.014184 -0.213056
-0.098682 -0.213089
-0.119775 -0.213117
0.487016 -0.213311
0.465871 -0.213399
0.457187 -0.213435
0.113327 -0.213441
0.157713 -0.213643
-0.116135 -0.213773
0.186170 -0.213773
-0.145390 -0.213773
0.444149 -0.213773
0.150709 -0.213773
0.184397 -0.213773
-0.428191 -0.213773
0.432624 -0.213773
-0.106383 -0.213773
0.012411 -0.213773
0.086925 -0.214243
0.135638 -0.214491
-0.136525 -0.214491
0.496454 -0.214491
0.125000 -0.214491
0.015485 -0.214507
-0.019311 -0.214606
0.225784 -0.214643
0.138279 -0.214863
0.466312 -0.215208
0.157801 -0.215208
-0.083333 -0.215208
-0.489362 -0.215208
-0.062057 -0.215208
-0.063830 -0.215208
-0.073582 -0.215208
-0.159574 -0.215208
-0.062943 -0.215208
-0.465426 -0.215208
-0.145535 -0.215416
-0.083197 -0.215558
0.458596 -0.215830
-0.157801 -0.215925
0.087766 -0.215925
0.219858 -0.215925
0.211199 -0.215934
-0.072141 -0.216051
0.468288 -0.216467
0.460993 -0.216643
0.161348 -0.216643
0.494681 -0.216643
-0.021277 -0.216643
0.159574 -0.216643
-0.156028 -0.216643
0.212766 -0.216643
0.226950 -0.216643
-0.106383 -0.216643
0.139184 -0.216643
-0.474443 -0.216758
0.165665 -0.216803
-0.033830 -0.217036
0.209425 -0.217265
0.477837 -0.217360
-0.147163 -0.217360
-0.017730 -0.217360
-0.492908 -0.217360
0.074468 -0.217360
-0.489254 -0.217362
-0.148806 -0.217519
-0.463153 -0.217722
0.451291 -0.217737
0.455674 -0.218077
-0.138298 -0.218077
0.131206 -0.218077
0.095745 -0.218077
-0.012411 -0.218077
-0.035461 -0.218077
0.161348 -0.218077
0.163121 -0.218077
0.164894 -0.218077
0.492021 -0.218077
-0.446809 -0.218077
-0.099291 -0.218077
0.483911 -0.218146
-0.122340 -0.218795
-0.087766 -0.218795
0.208333 -0.218795
0.007094 -0.218910
-0.143247 -0.218958
0.224300 -0.219102
-0.468669 -0.219128
0.478613 -0.219177
0.125744 -0.219319
-0.443802 -0.219320
0.014331 -0.219380
-0.106383 -0.219512
-0.496454 -0.219512
-0.006206 -0.219512
0.127660 -0.219512
0.489362 -0.219512
-0.453014 -0.219512
0.109929 -0.219512
0.132979 -0.219512
0.141844 -0.219512
0.468340 -0.219951
-0.083340 -0.220219
-0.156028 -0.220230
0.175532 -0.220230
0.448582 -0.220230
0.161306 -0.220330
0.092304 -0.220547
-0.459220 -0.220947
0.148936 -0.220947
-0.154255 -0.220947
0.434397 -0.220947
0.124113 -0.220947
-0.468972 -0.220947
-0.099291 -0.220947
-0.165780 -0.220947
0.129433 -0.220947
0.134752 -0.220947
0.158983 -0.221561
0.133172 -0.221610
0.474291 -0.221664
0.466312 -0.221664
0.000887 -0.221664
-0.145390 -0.221664
-0.473404 -0.221664
0.427305 -0.221664
-0.475177 -0.221664
0.437943 -0.221664
0.489395 -0.221865
-0.104103 -0.222068
0.160938 -0.222125
-0.088652 -0.222382
-0.102837 -0.222382
0.186170 -0.222382
0.005319 -0.222382
-0.092199 -0.222382
0.451241 -0.222382
0.036348 -0.222382
0.093085 -0.222382
-0.451241 -0.222382
0.441489 -0.222382
-0.480295 -0.222521
-0.467847 -0.222555
-0.099341 -0.222626
-0.450509 -0.222638
-0.181225 -0.222640
0.460993 -0.223099
-0.429078 -0.223099
0.109929 -0.223099
0.457664 -0.223809
0.485816 -0.223816
-0.160461 -0.223816
-0.176418 -0.223816
-0.095745 -0.223816
0.007979 -0.223816
-0.457447 -0.223816
0.137411 -0.223816
-0.426870 -0.223870
0.008288 -0.223894
0.190372 -0.223941
0.191290 -0.224005
-0.084748 -0.224371
0.005445 -0.224377
0.129433 -0.224534
-0.051418 -0.224534
0.171986 -0.224534
-0.497340 -0.224534
-0.484043 -0.224534
0.124113 -0.224534
0.152482 -0.224534
0.015071 -0.224534
0.444149 -0.224534
-0.153364 -0.224649
-0.432607 -0.224946
-0.152482 -0.225251
-0.099291 -0.225251
0.013298 -0.225251
-0.154279 -0.225348
0.479454 -0.225489
0.225836 -0.225747
0.145648 -0.225953
0.163121 -0.225968
0.154255 -0.225968
-0.093085 -0.225968
0.161348 -0.225968
0.139692 -0.226026
0.122928 -0.226410
-0.004747 -0.226489
0.146560 -0.226541
-0.153577 -0.226583
-0.462766 -0.226686
0.182624 -0.226686
-0.487589 -0.226686
0.090426 -0.226686
0.446809 -0.226686
-0.171986 -0.226686
-0.455674 -0.226686
0.140071 -0.226686
0.435633 -0.226815
0.468552 -0.226858
0.160473 -0.226919
-0.100479 -0.227022
0.481196 -0.227074
0.012483 -0.227250
0.132092 -0.227403
0.456560 -0.227403
0.437057 -0.227403
-0.096631 -0.227403
-0.480251 -0.227564
0.467891 -0.227833
-0.140361 -0.227885
-0.469994 -0.227926
0.486412 -0.228015
0.445416 -0.228080
-0.024823 -0.228121
0.474291 -0.228121
-0.411348 -0.228121
0.124113 -0.228121
0.482270 -0.228121
0.466312 -0.228121
-0.059397 -0.228121
-0.060284 -0.228121
0.440603 -0.228121
0.442416 -0.228576
0.153434 -0.228696
0.104610 -0.228838
-0.021277 -0.228838
-0.447695 -0.228838
-0.156915 -0.228838
0.122416 -0.229194
-0.489539 -0.229392
-0.093972 -0.229555
-0.135638 -0.229555
-0.017730 -0.229555
-0.460993 -0.229555
-0.166667 -0.229555
0.421099 -0.229555
-0.182624 -0.229555
-0.405559 -0.230063
-0.478470 -0.230247
0.495905 -0.230250
0.477675 -0.230253
-0.119681 -0.230273
0.143617 -0.230273
0.443262 -0.230273
-0.177542 -0.230530
0.131056 -0.230544
0.144185 -0.230704
-0.176674 -0.230909
0.468972 -0.230990
0.201241 -0.230990
0.179078 -0.230990
-0.011525 -0.230990
0.045213 -0.230990
0.476950 -0.230990
-0.179965 -0.230990
-0.472261 -0.231049
-0.005056 -0.231121
-0.160939 -0.231165
0.440371 -0.231192
-0.158221 -0.231549
0.149204 -0.231667
-0.069149 -0.231707
-0.078901 -0.231707
0.194149 -0.231707
0.143617 -0.231707
-0.069817 -0.231819
0.136477 -0.232005
-0.470402 -0.232135
0.000504 -0.232148
-0.456281 -0.232197
0.477199 -0.232264
-0.117908 -0.232425
-0.193262 -0.232425
0.170213 -0.232425
-0.466312 -0.232425
-0.005319 -0.232425
-0.435284 -0.232425
-0.161348 -0.232425
-0.406915 -0.232425
-0.192584 -0.232952
0.004029 -0.232952
0.140504 -0.232993
-0.192376 -0.233142
-0.470745 -0.233142
-0.452128 -0.233142
0.477837 -0.233142
-0.142730 -0.233142
0.101950 -0.233142
-0.175532 -0.233142
-0.150709 -0.233142
-0.000887 -0.233142
-0.402739 -0.233269
-0.480570 -0.233496
0.237414 -0.233509
0.007280 -0.233829
0.118794 -0.233859
0.239362 -0.233859
0.471631 -0.233859
-0.475177 -0.233859
0.003546 -0.233859
0.161348 -0.233859
0.439716 -0.233859
-0.001773 -0.233859
0.154255 -0.233859
-0.191489 -0.233859
0.147163 -0.233859
0.497340 -0.233859
-0.476950 -0.233859
-0.454787 -0.233859
-0.190603 -0.233859
-0.478723 -0.233859
0.042904 -0.234068
-0.495463 -0.234278
-0.155602 -0.234311
-0.498642 -0.234335
-0.040780 -0.234577
-0.189716 -0.234577
0.002660 -0.234577
0.232270 -0.234577
0.064716 -0.234577
0.246454 -0.234577
-0.470745 -0.234577
-0.491135 -0.234577
-0.004214 -0.234799
-0.186897 -0.234833
-0.101408 -0.234856
0.050532 -0.235294
0.154255 -0.235294
-0.206560 -0.235294
0.008865 -0.235294
0.147163 -0.235294
-0.476950 -0.235294
0.225177 -0.235294
-0.187943 -0.235294
0.253546 -0.235294
0.001773 -0.235294
-0.475177 -0.235294
-0.114362 -0.235294
-0.040011 -0.235434
0.233567 -0.235629
0.115327 -0.235930
0.243682 -0.235982
0.190603 -0.236011
0.494681 -0.236011
-0.170213 -0.236011
0.472518 -0.236011
0.007979 -0.236011
0.423759 -0.236011
0.469317 -0.236145
0.176843 -0.236459
0.128217 -0.236703
-0.155142 -0.236729
-0.396277 -0.236729
-0.471631 -0.236729
0.176418 -0.236729
-0.460106 -0.236729
-0.402482 -0.236729
0.014184 -0.236729
-0.475177 -0.236729
0.147163 -0.236729
0.330674 -0.236729
0.000506 -0.236765
-0.222661 -0.236975
-0.476406 -0.237014
0.135006 -0.237263
-0.133025 -0.237271
0.190757 -0.237345
0.143931 -0.237364
-0.458265 -0.237407
-0.202896 -0.237418
-0.417553 -0.237446
0.220745 -0.237446
-0.156028 -0.237446
0.492021 -0.237446
-0.183511 -0.237446
-0.494681 -0.237446
-0.477837 -0.237446
0.137411 -0.237446
0.187520 -0.237602
0.217667 -0.237779
-0.059754 -0.238147
0.129433 -0.238164
0.167553 -0.238164
0.257092 -0.238164
0.451241 -0.238164
0.473404 -0.238164
-0.219858 -0.238164
0.407801 -0.238164
0.474605 -0.238290
-0.418890 -0.238392
0.210192 -0.238410
-0.473770 -0.238546
-0.154330 -0.238583
-0.450379 -0.238637
-0.169850 -0.238795
-0.157912 -0.238812
0.462766 -0.238881
0.460993 -0.238881
-0.476064 -0.238881
-0.084220 -0.238881
0.126773 -0.238881
-0.042811 -0.238890
-0.453582 -0.238946
0.339106 -0.239044
0.113475 -0.239598
0.216312 -0.239598
-0.448582 -0.239598
-0.179078 -0.239598
-0.156915 -0.239598
0.237589 -0.239598
0.334220 -0.239598
0.152886 -0.239610
-0.472665 -0.239779
0.142028 -0.239893
0.257633 -0.239954
0.244549 -0.240083
-0.450436 -0.240169
0.209220 -0.240316
-0.087766 -0.240316
-0.451241 -0.240316
-0.480496 -0.240316
0.230496 -0.240316
0.244681 -0.240316
0.256206 -0.240316
0.211596 -0.240584
0.167877 -0.240624
0.241402 -0.240730
0.149416 -0.240965
-0.063952 -0.240985
-0.056738 -0.241033
-0.476950 -0.241033
-0.465426 -0.241033
-0.148936 -0.241033
-0.453901 -0.241033
0.260638 -0.241033
0.202128 -0.241033
-0.132979 -0.241033
-0.140957 -0.241033
-0.496454 -0.241033
-0.098404 -0.241033
0.251773 -0.241033
0.243794 -0.241033
-0.203901 -0.241033
-0.391844 -0.241033
0.433399 -0.241224
0.204060 -0.241268
-0.058029 -0.241297
0.209440 -0.241750
-0.168440 -0.241750
-0.031028 -0.241750
0.187943 -0.241750
-0.149823 -0.241750
0.488475 -0.241750
0.447695 -0.241750
0.226064 -0.241750
-0.413121 -0.241750
-0.482270 -0.241750
0.465426 -0.241750
-0.109043 -0.241750
-0.223236 -0.241978
-0.150943 -0.242129
0.143499 -0.242275
-0.149463 -0.242351
0.240210 -0.242396
-0.213062 -0.242422
-0.477370 -0.242444
-0.150709 -0.242468
0.210106 -0.242468
-0.027482 -0.242468
0.173759 -0.242468
0.140957 -0.242468
-0.193974 -0.242506
0.468086 -0.242535
-0.151075 -0.242700
0.171006 -0.242761
0.140361 -0.242971
-0.095745 -0.243185
-0.436170 -0.243185
-0.132092 -0.243185
-0.162234 -0.243185
0.203014 -0.243185
0.259752 -0.243185
-0.131206 -0.243185
-0.218085 -0.243185
-0.086350 -0.243211
-0.495907 -0.243229
-0.130882 -0.243251
-0.072255 -0.243561
-0.451917 -0.243748
0.226934 -0.243834
-0.199468 -0.243902
0.212766 -0.243902
-0.479610 -0.243902
0.221631 -0.243902
0.433511 -0.243902
-0.217199 -0.243902
0.466312 -0.243902
0.080674 -0.243902
-0.461036 -0.243914
-0.124839 -0.244326
0.210860 -0.244458
0.121454 -0.244620
-0.449468 -0.244620
-0.151596 -0.244620
-0.198582 -0.244620
-0.065603 -0.244620
-0.217720 -0.244649
-0.460535 -0.244916
-0.387701 -0.245012
-0.129546 -0.245280
-0.177305 -0.245337
0.203901 -0.245337
0.023050 -0.245337
-0.196809 -0.245337
-0.129433 -0.245337
-0.218972 -0.245337
0.235816 -0.245337
-0.381206 -0.245337
-0.130319 -0.245337
0.258865 -0.245337
-0.452128 -0.245337
-0.131206 -0.245337
-0.046849 -0.245373
-0.194294 -0.245664
0.242358 -0.245756
-0.220842 -0.245921
0.417553 -0.246055
0.254433 -0.246055
-0.467314 -0.246182
-0.152355 -0.246339
-0.145513 -0.246749
-0.008865 -0.246772
0.206560 -0.246772
0.242021 -0.246772
-0.482270 -0.246772
0.470745 -0.246772
-0.152482 -0.246772
0.484043 -0.246772
0.205674 -0.246772
-0.406028 -0.246772
-0.423759 -0.246772
-0.380319 -0.246772
0.250000 -0.246772
0.231383 -0.246772
-0.082968 -0.246773
-0.085484 -0.246828
0.205236 -0.246919
0.455606 -0.247053
-0.006429 -0.247421
0.189716 -0.247489
-0.140071 -0.247489
-0.061170 -0.247489
-0.148050 -0.247489
-0.423759 -0.247489
-0.187057 -0.247489
0.249113 -0.247489
0.166667 -0.247489
-0.134966 -0.247689
0.243319 -0.247948
0.248418 -0.248029
-0.001526 -0.248050
-0.431974 -0.248100
-0.217092 -0.248139
-0.478764 -0.248192
0.175532 -0.248207
-0.148936 -0.248207
-0.046986 -0.248207
-0.002660 -0.248207
0.226950 -0.248207
-0.192376 -0.248207
-0.437057 -0.248207
-0.216312 -0.248207
0.248227 -0.248207
0.218085 -0.248207
0.209220 -0.248207
-0.423759 -0.248207
-0.074468 -0.248207
-0.379433 -0.248207
0.134752 -0.248207
0.208333 -0.248207
0.207447 -0.248207
0.092199 -0.248207
-0.484043 -0.248207
0.412688 -0.248463
0.247214 -0.248477
-0.409280 -0.248750
0.226973 -0.248916
0.233156 -0.248924
0.242021 -0.248924
-0.215426 -0.248924
0.159574 -0.248924
-0.437057 -0.248924
0.132092 -0.248924
0.474291 -0.248924
0.412234 -0.248924
0.249151 -0.248925
-0.483427 -0.249142
0.234050 -0.249435
0.190603 -0.249641
-0.139184 -0.249641
-0.078014 -0.249641
-0.468972 -0.249641
0.273050 -0.249641
-0.422872 -0.249641
-0.457447 -0.249641
-0.182624 -0.249641
0.255319 -0.249641
0.234929 -0.249641
0.000887 -0.249641
0.459220 -0.249641
-0.450355 -0.249641
-0.485816 -0.249641
0.129433 -0.249641
-0.214539 -0.249641
0.457447 -0.249641
0.455674 -0.249641
0.206341 -0.249878
0.249380 -0.249907
-0.418571 -0.250001
-0.482731 -0.250013
0.229605 -0.250078
-0.161600 -0.250119
0.251823 -0.250300
0.007092 -0.250359
-0.157801 -0.250359
-0.217199 -0.250359
-0.422872 -0.250359
-0.057624 -0.250359
0.248227 -0.250359
-0.149823 -0.250359
-0.286348 -0.250359
0.228723 -0.250359
0.250887 -0.250359
0.246121 -0.250603
0.257530 -0.250668
0.247009 -0.250683
0.466071 -0.250713
0.134530 -0.250856
0.453465 -0.250939
0.131084 -0.250975
0.130559 -0.251005
-0.398854 -0.251005
0.462136 -0.251072
-0.081560 -0.251076
-0.175532 -0.251076
-0.395390 -0.251076
-0.070035 -0.251076
-0.216312 -0.251076
-0.078014 -0.251076
0.192376 -0.251076
0.250000 -0.251076
-0.414172 -0.251430
-0.421421 -0.251675
-0.086472 -0.251699
-0.473404 -0.251793
0.120567 -0.251793
-0.416667 -0.251793
-0.125000 -0.251793
-0.124113 -0.251793
0.172872 -0.251793
0.272163 -0.251793
0.441489 -0.251793
-0.152482 -0.251793
-0.079804 -0.251975
-0.149966 -0.252106
-0.126394 -0.252139
0.462440 -0.252141
-0.108653 -0.252219
0.252193 -0.252224
0.248696 -0.252285
0.120184 -0.252346
-0.396294 -0.252365
-0.473571 -0.252372
0.248227 -0.252511
-0.169326 -0.252511
0.230496 -0.252511
-0.421986 -0.252511
-0.081560 -0.252511
-0.218085 -0.252511
0.463652 -0.252511
-0.210106 -0.252511
0.406028 -0.252511
0.380319 -0.252511
-0.489362 -0.252511
-0.124669 -0.252634
-0.001736 -0.252650
-0.407350 -0.252880
-0.126008 -0.252892
-0.160543 -0.253073
0.241135 -0.253228
0.250000 -0.253228
0.232270 -0.253228
0.461879 -0.253228
0.459220 -0.253228
0.457447 -0.253228
0.427430 -0.253259
-0.158688 -0.253383
0.402910 -0.253495
-0.432593 -0.253576
0.459883 -0.253729
0.402917 -0.253751
0.273166 -0.253752
0.464267 -0.253842
-0.147163 -0.253945
0.251773 -0.253945
0.427305 -0.253945
0.234043 -0.253945
-0.163121 -0.253945
0.306738 -0.253945
-0.065603 -0.253945
-0.089539 -0.253945
-0.211879 -0.253945
-0.081560 -0.253945
-0.367021 -0.253945
0.109043 -0.253945
0.248227 -0.253945
0.177305 -0.253945
-0.073582 -0.253945
0.031915 -0.253945
-0.488475 -0.253945
-0.455674 -0.253945
-0.153024 -0.254207
-0.426541 -0.254225
0.103655 -0.254286
-0.149692 -0.254293
0.410168 -0.254521
-0.392730 -0.254663
-0.415780 -0.254663
0.103723 -0.254663
0.241135 -0.254663
-0.476064 -0.254663
0.259752 -0.254663
0.250000 -0.254663
0.153369 -0.254663
-0.455674 -0.254663
-0.410076 -0.254708
0.243095 -0.254756
-0.462968 -0.254774
0.207389 -0.255153
-0.489384 -0.255259
0.238183 -0.255324
-0.122015 -0.255330
-0.431738 -0.255380
0.443262 -0.255380
0.468085 -0.255380
0.248227 -0.255380
0.268617 -0.255380
-0.492908 -0.255380
-0.180851 -0.255380
-0.089539 -0.255380
-0.205674 -0.255380
-0.149823 -0.255380
-0.367908 -0.255380
0.494681 -0.255380
-0.037234 -0.255380
-0.366135 -0.255380
-0.157801 -0.255380
0.472491 -0.255535
-0.100431 -0.255541
0.468919 -0.255608
-0.172455 -0.255637
0.123231 -0.255788
-0.207962 -0.255866
0.460769 -0.256022
-0.494288 -0.256059
-0.148936 -0.256098
0.131206 -0.256098
-0.391844 -0.256098
-0.445035 -0.256098
-0.477837 -0.256098
-0.445922 -0.256098
0.227837 -0.256098
0.218972 -0.256098
0.466312 -0.256098
-0.392730 -0.256166
0.038197 -0.256277
-0.143342 -0.256324
0.455949 -0.256342
0.264488 -0.256562
0.243504 -0.256667
-0.392408 -0.256714
0.262149 -0.256749
-0.152482 -0.256815
-0.097518 -0.256815
0.461879 -0.256815
-0.134752 -0.256815
-0.062057 -0.256815
0.128546 -0.256815
-0.409574 -0.256815
0.421986 -0.256815
0.459220 -0.256815
0.250000 -0.256815
0.464539 -0.256815
0.241135 -0.256815
-0.492021 -0.256815
0.247298 -0.256929
0.303524 -0.257074
-0.134355 -0.257111
0.131378 -0.257346
0.284881 -0.257389
0.216290 -0.257465
-0.425074 -0.257473
-0.396487 -0.257520
-0.430851 -0.257532
0.471631 -0.257532
-0.158688 -0.257532
0.248227 -0.257532
0.484929 -0.257532
-0.151596 -0.257532
0.174645 -0.257532
-0.047872 -0.257532
-0.108156 -0.257532
-0.387474 -0.257637
-0.486622 -0.257734
-0.482224 -0.257840
0.029565 -0.257843
-0.153014 -0.257891
-0.228090 -0.257932
0.497389 -0.258176
0.249610 -0.258216
0.229610 -0.258250
-0.424645 -0.258250
0.252660 -0.258250
0.037234 -0.258250
-0.460993 -0.258250
-0.491135 -0.258250
-0.118794 -0.258250
0.469858 -0.258250
0.285461 -0.258250
-0.483156 -0.258250
-0.150709 -0.258250
-0.201241 -0.258250
-0.107270 -0.258250
0.230768 -0.258423
-0.130337 -0.258545
0.232639 -0.258597
-0.087465 -0.258607
-0.074876 -0.258754
-0.445079 -0.258933
0.231383 -0.258967
0.256206 -0.258967
0.015957 -0.258967
-0.494681 -0.258967
-0.460993 -0.258967
-0.387411 -0.258967
-0.371454 -0.258967
-0.153369 -0.258967
-0.377660 -0.258967
-0.117908 -0.258967
-0.497151 -0.259076
-0.195099 -0.259255
0.244493 -0.259270
-0.061866 -0.259355
-0.377078 -0.259542
-0.416589 -0.259577
-0.376145 -0.259650
0.262486 -0.259676
-0.217199 -0.259684
-0.018617 -0.259684
-0.117021 -0.259684
-0.460993 -0.259684
-0.058511 -0.259684
0.248227 -0.259684
-0.152482 -0.259684
-0.186170 -0.259684
0.193262 -0.259684
0.475177 -0.259684
0.416667 -0.259684
0.226177 -0.259795
0.249252 -0.260205
-0.197537 -0.260365
-0.216836 -0.260384
-0.406915 -0.260402
-0.465426 -0.260402
0.016844 -0.260402
-0.418440 -0.260402
-0.493794 -0.260402
-0.177305 -0.260402
-0.191489 -0.260402
-0.422412 -0.260710
0.127996 -0.260719
0.483173 -0.260756
0.413179 -0.260768
-0.220878 -0.261061
0.250887 -0.261119
-0.465426 -0.261119
0.423759 -0.261119
0.215426 -0.261119
0.493794 -0.261119
-0.142730 -0.261119
-0.210993 -0.261119
0.134752 -0.261119
-0.451241 -0.261119
0.490248 -0.261119
0.214539 -0.261119
0.070922 -0.261119
-0.154255 -0.261119
0.171986 -0.261119
-0.196809 -0.261119
-0.153183 -0.261207
-0.430677 -0.261640
-0.204348 -0.261668
-0.416801 -0.261799
-0.171099 -0.261836
0.056738 -0.261836
-0.226064 -0.261836
0.281915 -0.261836
0.238475 -0.261836
-0.158331 -0.262010
-0.159724 -0.262057
-0.164657 -0.262088
-0.444188 -0.262283
-0.439716 -0.262554
-0.496454 -0.262554
0.042553 -0.262554
-0.356383 -0.262554
-0.354610 -0.262554
-0.441489 -0.262554
-0.440603 -0.262554
-0.352837 -0.262554
0.253546 -0.262554
-0.469858 -0.262554
-0.073582 -0.262554
-0.162234 -0.262554
-0.485816 -0.262554
-0.065603 -0.262554
0.319149 -0.262554
0.439716 -0.262554
0.178191 -0.262554
-0.219858 -0.262554
-0.416111 -0.262776
0.479090 -0.262826
0.074816 -0.262948
-0.490977 -0.262970
0.253620 -0.263093
0.254946 -0.263105
-0.433511 -0.263271
0.257092 -0.263271
-0.128546 -0.263271
0.480496 -0.263271
0.410461 -0.263271
0.026596 -0.263271
-0.144504 -0.263271
-0.183429 -0.263572
0.210302 -0.263581
-0.420631 -0.263719
-0.066481 -0.263912
-0.404255 -0.263989
0.260638 -0.263989
-0.427305 -0.263989
-0.081560 -0.263989
0.127660 -0.263989
-0.436170 -0.263989
0.000000 -0.263989
0.257092 -0.263989
0.228723 -0.263989
-0.415780 -0.263989
-0.032801 -0.263989
-0.206560 -0.263989
0.418440 -0.263989
0.063830 -0.263989
0.019456 -0.264018
-0.079429 -0.264073
0.031512 -0.264128
0.256502 -0.264354
-0.186154 -0.264555
0.180225 -0.264641
-0.370512 -0.264699
-0.475177 -0.264706
0.049645 -0.264706
0.269504 -0.264706
0.260638 -0.264706
0.029255 -0.264706
-0.429965 -0.264706
-0.182624 -0.264706
0.063830 -0.264706
0.198582 -0.264706
-0.146277 -0.264706
0.244057 -0.264763
0.075764 -0.264892
-0.475314 -0.265094
-0.181724 -0.265140
-0.154273 -0.265326
-0.068498 -0.265367
-0.107270 -0.265423
0.049645 -0.265423
0.000887 -0.265423
0.260638 -0.265423
0.278369 -0.265423
0.469858 -0.265423
-0.089539 -0.265423
-0.432624 -0.265423
0.082447 -0.265423
0.250000 -0.265423
-0.062057 -0.265423
-0.487589 -0.265423
0.075355 -0.265423
-0.145973 -0.265475
-0.216682 -0.265481
-0.192191 -0.265744
0.050290 -0.265825
0.285817 -0.265846
0.276912 -0.265907
-0.432905 -0.265924
0.472336 -0.266027
0.055221 -0.266080
-0.358156 -0.266141
-0.428191 -0.266141
-0.117908 -0.266141
0.116135 -0.266141
0.267730 -0.266141
-0.359929 -0.266141
-0.157801 -0.266141
0.175532 -0.266141
0.058066 -0.266314
0.058570 -0.266397
0.073557 -0.266486
-0.407056 -0.266518
0.111976 -0.266703
0.056738 -0.266858
0.492908 -0.266858
0.001773 -0.266858
-0.187057 -0.266858
0.267730 -0.266858
0.352837 -0.266858
-0.430851 -0.266858
-0.039894 -0.266858
0.463652 -0.266858
0.252660 -0.266858
-0.117021 -0.266858
0.475177 -0.266858
-0.480496 -0.266858
0.404255 -0.266858
0.489362 -0.266858
-0.216312 -0.266858
0.276596 -0.266858
-0.399823 -0.266858
0.460993 -0.266858
0.485816 -0.266858
0.378546 -0.266858
0.465041 -0.266944
-0.442214 -0.266948
-0.190738 -0.266967
0.273022 -0.267110
0.133233 -0.267205
-0.432509 -0.267356
0.253933 -0.267367
0.050151 -0.267531
0.056738 -0.267575
-0.490248 -0.267575
0.412234 -0.267575
0.240248 -0.267575
0.153369 -0.267575
-0.192376 -0.267575
0.154353 -0.267897
-0.028392 -0.267941
0.282881 -0.267966
-0.014184 -0.268293
0.420213 -0.268293
0.056738 -0.268293
-0.429078 -0.268293
0.074468 -0.268293
0.104610 -0.268293
0.274823 -0.268293
0.256206 -0.268293
-0.138298 -0.268293
0.093776 -0.268382
-0.087619 -0.268448
0.254132 -0.268536
0.244250 -0.268538
-0.146982 -0.268771
-0.179102 -0.268787
-0.480577 -0.268794
0.481493 -0.268824
-0.423124 -0.268924
0.267585 -0.268935
0.131206 -0.269010
-0.404255 -0.269010
0.225177 -0.269010
-0.491135 -0.269010
-0.225177 -0.269010
0.034574 -0.269010
0.265071 -0.269010
0.099291 -0.269010
-0.465426 -0.269010
-0.050532 -0.269010
0.066489 -0.269010
-0.448061 -0.269228
-0.212274 -0.269230
-0.245369 -0.269230
0.047872 -0.269727
0.276596 -0.269727
-0.385638 -0.269727
-0.179078 -0.269727
0.011525 -0.269727
0.079787 -0.269727
0.086879 -0.269727
-0.363475 -0.269727
-0.452128 -0.269727
-0.369681 -0.269727
-0.375887 -0.269727
-0.395390 -0.269727
0.067376 -0.269727
0.093972 -0.269727
-0.482270 -0.269727
-0.149823 -0.269727
-0.218972 -0.269727
0.063914 -0.269838
-0.124727 -0.269950
-0.022031 -0.270069
0.352761 -0.270107
0.416717 -0.270124
-0.127396 -0.270265
-0.119982 -0.270421
-0.469858 -0.270445
-0.012411 -0.270445
0.480496 -0.270445
-0.170213 -0.270445
0.318262 -0.270445
0.280142 -0.270445
-0.243794 -0.270445
-0.098404 -0.270445
0.272163 -0.270445
0.281178 -0.270703
-0.157450 -0.270825
-0.139014 -0.270929
-0.047345 -0.270945
-0.391485 -0.270992
-0.446760 -0.271083
0.279600 -0.271099
-0.442376 -0.271162
-0.497340 -0.271162
0.274823 -0.271162
-0.127660 -0.271162
0.258865 -0.271162
0.117021 -0.271162
-0.441489 -0.271162
-0.065603 -0.271162
0.179078 -0.271162
-0.161348 -0.271162
0.251773 -0.271162
0.268927 -0.271241
-0.468276 -0.271567
0.493484 -0.271567
-0.420213 -0.271879
-0.183511 -0.271879
-0.399823 -0.271879
0.009752 -0.271879
-0.408688 -0.271879
-0.430851 -0.271879
-0.119505 -0.271881
-0.477311 -0.271992
-0.401057 -0.272104
-0.144023 -0.272201
0.064400 -0.272236
0.042575 -0.272319
0.078603 -0.272374
0.078901 -0.272597
-0.437943 -0.272597
-0.475177 -0.272597
0.059397 -0.272597
-0.006206 -0.272597
0.236702 -0.272597
-0.073582 -0.272597
0.085993 -0.272597
0.054965 -0.272597
0.021277 -0.272597
0.162234 -0.272597
-0.221631 -0.272597
0.269504 -0.272597
-0.028369 -0.272597
-0.484043 -0.272597
-0.048171 -0.272664
-0.382836 -0.272952
-0.443008 -0.272961
0.088269 -0.273140
0.105496 -0.273314
-0.068262 -0.273314
-0.429078 -0.273314
0.356383 -0.273314
0.040780 -0.273314
0.272163 -0.273314
0.414606 -0.273433
-0.168179 -0.273785
-0.076936 -0.273929
0.221631 -0.274032
0.475177 -0.274032
-0.081560 -0.274032
-0.117021 -0.274032
0.274823 -0.274032
0.134752 -0.274032
-0.404255 -0.274032
-0.187943 -0.274032
0.252660 -0.274032
-0.005319 -0.274032
-0.383865 -0.274032
-0.484929 -0.274032
-0.421099 -0.274032
0.276596 -0.274032
-0.393617 -0.274032
0.100177 -0.274032
0.023936 -0.274032
0.447695 -0.274032
0.254433 -0.274032
-0.028790 -0.274172
0.089290 -0.274243
0.265847 -0.274697
-0.076241 -0.274749
-0.197695 -0.274749
0.358156 -0.274749
0.351950 -0.274749
-0.026596 -0.274749
0.263298 -0.274749
0.019504 -0.274749
0.383865 -0.274749
0.495567 -0.274749
-0.054078 -0.274749
0.073238 -0.274777
0.271251 -0.274779
-0.383019 -0.274920
0.276449 -0.274996
-0.482888 -0.275063
-0.365230 -0.275080
-0.051722 -0.275199
0.271269 -0.275204
0.072804 -0.275292
0.076082 -0.275436
-0.485816 -0.275466
0.078014 -0.275466
0.468972 -0.275466
0.237589 -0.275466
-0.070922 -0.275466
0.026596 -0.275466
-0.476950 -0.275466
-0.179078 -0.275466
-0.035461 -0.275466
-0.133865 -0.275466
0.181738 -0.275466
0.472855 -0.275481
-0.056503 -0.275495
-0.178451 -0.275537
0.242845 -0.275734
-0.471185 -0.275804
-0.402206 -0.275890
0.356963 -0.275929
-0.397365 -0.275990
0.277289 -0.276044
-0.398050 -0.276184
0.120567 -0.276184
0.022163 -0.276184
0.184397 -0.276184
-0.170213 -0.276184
0.054549 -0.276210
-0.473038 -0.276774
0.410330 -0.276808
0.489618 -0.276862
0.255319 -0.276901
-0.024823 -0.276901
0.057624 -0.276901
0.053191 -0.276901
0.062057 -0.276901
0.070922 -0.276901
0.017730 -0.276901
0.253546 -0.276901
-0.408688 -0.276901
0.422872 -0.276901
0.257092 -0.276901
-0.477837 -0.276901
0.462766 -0.276901
-0.170213 -0.276901
0.042445 -0.276904
-0.425751 -0.277083
0.080682 -0.277122
0.397903 -0.277186
-0.156743 -0.277344
-0.410480 -0.277443
-0.180514 -0.277562
-0.183511 -0.277618
-0.207447 -0.277618
-0.033688 -0.277618
0.205674 -0.277618
-0.145390 -0.277618
0.062943 -0.277618
0.394504 -0.277618
0.165780 -0.277618
0.272163 -0.277618
-0.485218 -0.277630
-0.125453 -0.278002
0.360245 -0.278015
-0.071231 -0.278111
-0.424879 -0.278254
0.169341 -0.278295
0.063830 -0.278336
-0.123227 -0.278336
0.106383 -0.278336
-0.429078 -0.278336
-0.183511 -0.278336
-0.042553 -0.278336
0.274823 -0.278336
-0.391844 -0.278336
-0.469858 -0.278336
-0.032823 -0.278340
0.355440 -0.278656
0.270247 -0.278732
0.428671 -0.278855
-0.108156 -0.279053
0.002660 -0.279053
-0.402482 -0.279053
-0.421099 -0.279053
0.143617 -0.279053
-0.456560 -0.279053
0.140957 -0.279053
-0.156915 -0.279053
-0.436170 -0.279053
-0.090426 -0.279053
0.402482 -0.279053
0.139184 -0.279053
-0.018617 -0.279053
-0.023936 -0.279053
-0.226950 -0.279053
-0.427108 -0.279106
0.016997 -0.279426
0.268788 -0.279671
0.208333 -0.279770
-0.083333 -0.279770
0.265957 -0.279770
0.059397 -0.279770
-0.140071 -0.279770
-0.443262 -0.279770
0.410461 -0.279770
0.184397 -0.279770
0.359929 -0.279770
-0.032801 -0.279770
0.032801 -0.279770
0.054965 -0.279770
0.428191 -0.279770
-0.413121 -0.279770
-0.457694 -0.279780
-0.090382 -0.280082
0.488860 -0.280320
0.263770 -0.280330
-0.078014 -0.280488
0.167553 -0.280488
0.494681 -0.280488
0.060284 -0.280488
0.491135 -0.280488
0.046099 -0.280488
0.187057 -0.280488
-0.210106 -0.280488
0.028369 -0.280488
0.276523 -0.280552
-0.079988 -0.280652
-0.339962 -0.280885
-0.193262 -0.281205
0.189716 -0.281205
-0.023050 -0.281205
0.361702 -0.281205
-0.222518 -0.281205
0.312057 -0.281205
0.355496 -0.281205
-0.017730 -0.281205
-0.012411 -0.281205
-0.179078 -0.281205
0.427835 -0.281690
0.427178 -0.281692
-0.154276 -0.281750
0.209982 -0.281751
-0.427305 -0.281923
-0.179078 -0.281923
-0.218972 -0.281923
0.356557 -0.282177
-0.022157 -0.282184
-0.343795 -0.282527
-0.089896 -0.282570
-0.419326 -0.282640
-0.342199 -0.282640
-0.310284 -0.282640
0.357270 -0.282640
0.351064 -0.282640
-0.129433 -0.282640
0.363475 -0.282640
-0.164007 -0.282640
0.274823 -0.282640
-0.179078 -0.282640
0.056738 -0.282640
-0.414541 -0.282641
-0.013483 -0.282786
0.044804 -0.283074
0.488155 -0.283261
0.192376 -0.283357
0.286348 -0.283357
0.124113 -0.283357
-0.187057 -0.283357
0.067376 -0.283357
0.047872 -0.283357
-0.312441 -0.283427
-0.011526 -0.283567
-0.098562 -0.283584
0.052867 -0.283796
-0.444401 -0.284011
-0.454787 -0.284075
-0.112589 -0.284075
0.449468 -0.284075
-0.115248 -0.284075
-0.434397 -0.284075
0.485816 -0.284075
0.145390 -0.284075
0.147163 -0.284075
-0.099291 -0.284075
0.152482 -0.284075
0.143617 -0.284075
0.039007 -0.284075
0.149823 -0.284075
0.139953 -0.284328
0.289605 -0.284382
0.155540 -0.284464
-0.030804 -0.284568
0.486369 -0.284706
-0.224371 -0.284781
0.152482 -0.284792
-0.092199 -0.284792
0.456560 -0.284792
0.149823 -0.284792
0.137411 -0.284792
0.060284 -0.284792
0.170213 -0.284792
0.477837 -0.284792
-0.441489 -0.284792
0.213652 -0.284792
-0.124130 -0.284907
0.035553 -0.285129
0.084534 -0.285198
0.364478 -0.285230
-0.082711 -0.285297
0.425532 -0.285509
-0.232270 -0.285509
-0.425532 -0.285509
0.195035 -0.285509
0.152482 -0.285509
-0.085106 -0.285509
0.109929 -0.285509
-0.416667 -0.285509
0.145390 -0.285509
0.147163 -0.285509
-0.060284 -0.285509
0.374113 -0.285509
0.093972 -0.285509
-0.428189 -0.285579
-0.427250 -0.286030
0.153376 -0.286075
0.149823 -0.286227
0.263298 -0.286227
0.261525 -0.286227
0.471631 -0.286227
-0.365248 -0.286227
-0.347518 -0.286227
-0.371454 -0.286227
0.184397 -0.286227
-0.180317 -0.286465
0.426606 -0.286770
-0.069411 -0.286863
0.147163 -0.286944
-0.152482 -0.286944
-0.074468 -0.286944
0.056738 -0.286944
0.187057 -0.286944
0.154255 -0.286944
-0.135638 -0.286944
0.373227 -0.286944
0.148077 -0.287161
-0.229099 -0.287288
0.394262 -0.287426
-0.420630 -0.287453
0.379103 -0.287457
0.373045 -0.287460
0.412131 -0.287527
-0.123875 -0.287546
0.157542 -0.287580
-0.432624 -0.287661
-0.000887 -0.287661
-0.227837 -0.287661
-0.062943 -0.287661
0.154255 -0.287661
-0.479610 -0.287661
-0.182624 -0.287661
0.047872 -0.287661
0.087430 -0.287944
0.158019 -0.288134
-0.087936 -0.288286
0.085993 -0.288379
-0.493794 -0.288379
-0.066489 -0.288379
0.413121 -0.288379
-0.422872 -0.288379
0.106383 -0.288379
0.260638 -0.288379
-0.198582 -0.288379
0.430851 -0.288379
0.151596 -0.288379
0.384752 -0.288379
-0.042553 -0.288379
-0.121454 -0.288379
-0.172872 -0.288379
-0.131206 -0.288379
0.410715 -0.288582
0.234130 -0.288671
0.113389 -0.288692
-0.051685 -0.288713
0.170392 -0.288767
0.381156 -0.288904
-0.471631 -0.289096
0.189716 -0.289096
0.030142 -0.289096
-0.147163 -0.289096
-0.048759 -0.289096
0.229610 -0.289096
0.272163 -0.289096
-0.103723 -0.289096
0.047102 -0.289179
0.105530 -0.289266
-0.095339 -0.289357
0.355738 -0.289613
-0.090520 -0.289669
0.390387 -0.289709
-0.222631 -0.289736
-0.439716 -0.289813
0.413121 -0.289813
-0.223404 -0.289813
0.383865 -0.289813
-0.032801 -0.289813
0.156028 -0.289813
0.100177 -0.289813
0.429078 -0.289813
-0.021277 -0.289813
-0.015957 -0.289813
-0.207447 -0.289813
0.392730 -0.289813
0.141844 -0.289813
-0.217560 -0.289888
0.214629 -0.289888
-0.036785 -0.289894
0.151008 -0.289918
0.199507 -0.290043
-0.415332 -0.290088
-0.197449 -0.290412
0.383552 -0.290492
-0.178191 -0.290531
0.462766 -0.290531
-0.379433 -0.290531
0.200355 -0.290531
-0.159574 -0.290531
-0.192376 -0.290531
-0.219858 -0.290531
0.245567 -0.290531
-0.502777 -0.290635
0.057841 -0.290694
-0.036748 -0.290766
-0.222586 -0.290783
0.107389 -0.290855
0.415212 -0.291035
0.189716 -0.291248
0.170213 -0.291248
0.143617 -0.291248
0.382979 -0.291248
-0.200355 -0.291248
0.400709 -0.291248
-0.420213 -0.291248
0.056738 -0.291248
-0.141844 -0.291248
0.436170 -0.291248
-0.216312 -0.291248
-0.410308 -0.291311
-0.232765 -0.291493
0.146251 -0.291697
-0.206621 -0.291750
0.442356 -0.291810
-0.221937 -0.291836
-0.422403 -0.291848
-0.374341 -0.291876
-0.113444 -0.291939
-0.230496 -0.291966
-0.495567 -0.291966
-0.081560 -0.291966
0.358156 -0.291966
0.390957 -0.291966
0.443262 -0.291966
0.351950 -0.291966
0.436921 -0.292517
-0.232270 -0.292683
-0.432624 -0.292683
0.076241 -0.292683
0.434397 -0.292683
0.113475 -0.292683
-0.099291 -0.292683
0.040780 -0.292683
0.184397 -0.292683
-0.186170 -0.292683
-0.209220 -0.292683
0.450355 -0.292683
0.148050 -0.292683
-0.137411 -0.292683
-0.399823 -0.292683
0.400709 -0.292683
0.203440 -0.292762
-0.434498 -0.292916
-0.051745 -0.293001
-0.199666 -0.293269
0.165388 -0.293301
-0.092199 -0.293400
-0.485816 -0.293400
0.398936 -0.293400
0.344858 -0.293400
0.390071 -0.293400
-0.410461 -0.293400
0.441489 -0.293400
-0.045215 -0.293436
0.425788 -0.293481
0.114926 -0.293634
0.109590 -0.293746
0.154059 -0.294066
-0.199468 -0.294118
-0.226064 -0.294118
-0.250000 -0.294118
0.414007 -0.294118
-0.147163 -0.294118
-0.123227 -0.294118
0.432624 -0.294118
-0.113475 -0.294118
-0.108156 -0.294118
-0.166667 -0.294118
0.496454 -0.294118
-0.132979 -0.294118
0.400709 -0.294118
-0.202128 -0.294118
0.126773 -0.294118
-0.110816 -0.294118
0.270430 -0.294172
0.127881 -0.294224
0.455520 -0.294301
-0.488475 -0.294835
-0.222518 -0.294835
-0.456560 -0.294835
-0.439716 -0.294835
0.184397 -0.294835
0.488475 -0.294835
0.361702 -0.294835
0.398936 -0.294835
-0.226785 -0.294844
-0.229308 -0.294885
-0.106427 -0.294936
0.182668 -0.295019
-0.075286 -0.295043
-0.123273 -0.295468
0.435834 -0.295544
0.109929 -0.295552
-0.181738 -0.295552
0.281028 -0.295552
-0.429965 -0.295552
-0.084220 -0.295552
0.269504 -0.295552
0.205674 -0.295552
0.397163 -0.295552
0.140071 -0.295552
0.480496 -0.295552
-0.092428 -0.296044
0.103436 -0.296082
0.481785 -0.296198
-0.171986 -0.296270
-0.141844 -0.296270
0.491135 -0.296270
0.195035 -0.296270
0.049645 -0.296270
0.164007 -0.296270
0.111702 -0.296270
-0.193262 -0.296270
-0.109296 -0.296305
0.482756 -0.296335
0.109469 -0.296633
-0.444483 -0.296743
0.270398 -0.296801
-0.186496 -0.296806
0.488697 -0.296934
-0.205156 -0.296980
0.184397 -0.296987
0.483156 -0.296987
-0.201241 -0.296987
-0.430796 -0.297297
0.188659 -0.297360
0.399104 -0.297404
-0.177493 -0.297424
-0.066549 -0.297509
-0.485986 -0.297514
-0.155142 -0.297704
0.416667 -0.297704
-0.137411 -0.297704
0.178191 -0.297704
-0.103723 -0.297704
0.268617 -0.297704
-0.210993 -0.297704
0.080497 -0.297787
-0.041188 -0.297913
-0.186910 -0.298121
-0.042553 -0.298422
0.106383 -0.298422
-0.078014 -0.298422
0.485816 -0.298422
-0.177305 -0.298422
-0.228723 -0.298422
-0.031028 -0.298422
-0.019504 -0.298422
0.401596 -0.298422
0.456560 -0.298422
-0.154335 -0.298486
-0.054533 -0.298554
-0.165032 -0.298602
-0.074135 -0.298889
-0.230496 -0.299139
-0.188830 -0.299139
0.108156 -0.299139
-0.048759 -0.299139
0.114362 -0.299139
-0.203901 -0.299139
0.371454 -0.299139
0.399823 -0.299139
-0.414007 -0.299139
0.182105 -0.299177
0.404563 -0.299233
-0.367363 -0.299256
-0.479836 -0.299259
0.263291 -0.299261
-0.030909 -0.299350
-0.089142 -0.299456
-0.143005 -0.299480
-0.205764 -0.299560
0.353152 -0.299572
0.272919 -0.299638
-0.084028 -0.299652
0.274591 -0.299819
-0.232270 -0.299857
-0.439716 -0.299857
0.156915 -0.299857
-0.070035 -0.299857
-0.473404 -0.299857
0.267730 -0.299857
0.100177 -0.299857
-0.054965 -0.299857
0.178191 -0.299857
-0.200355 -0.299857
0.109929 -0.299857
0.011525 -0.299857
0.221631 -0.299857
0.203901 -0.299857
0.471631 -0.299857
-0.164912 -0.299982
0.113685 -0.300027
-0.055181 -0.300118
-0.097759 -0.300157
-0.442220 -0.300524
-0.058511 -0.300574
-0.218085 -0.300574
-0.423759 -0.300574
0.193262 -0.300574
-0.445922 -0.300574
0.065603 -0.300574
0.127660 -0.300574
0.413930 -0.300602
-0.471124 -0.300756
-0.054326 -0.300768
-0.203469 -0.300892
0.476403 -0.301247
-0.418440 -0.301291
-0.141844 -0.301291
-0.062057 -0.301291
-0.250000 -0.301291
0.042553 -0.301291
0.093972 -0.301291
-0.162234 -0.301291
-0.099291 -0.301291
0.352837 -0.301291
-0.097049 -0.301441
-0.441462 -0.301451
0.252923 -0.301482
0.487712 -0.301814
0.482593 -0.301821
-0.111309 -0.301855
0.111856 -0.301888
0.477177 -0.301942
-0.080674 -0.302009
-0.134752 -0.302009
0.110816 -0.302009
0.420213 -0.302009
-0.125000 -0.302009
-0.203014 -0.302009
-0.167553 -0.302009
0.252660 -0.302009
0.278369 -0.302009
0.123744 -0.302143
-0.189962 -0.302160
-0.299865 -0.302509
0.190381 -0.302525
-0.473620 -0.302626
-0.434571 -0.302693
0.276596 -0.302726
-0.299645 -0.302726
0.171986 -0.302726
0.402482 -0.302726
0.148936 -0.302726
-0.331560 -0.302726
-0.267730 -0.302726
0.112589 -0.302726
-0.349291 -0.302726
-0.367021 -0.302726
0.345745 -0.302726
0.221344 -0.302812
0.066795 -0.303136
0.352276 -0.303206
0.156910 -0.303260
-0.094202 -0.303275
-0.072695 -0.303443
0.187057 -0.303443
-0.249113 -0.303443
0.491135 -0.303443
0.266844 -0.303443
0.104610 -0.303443
-0.091312 -0.303443
0.387407 -0.303500
-0.229741 -0.303573
0.353067 -0.303822
0.402390 -0.303846
-0.199719 -0.303964
-0.172872 -0.304161
-0.224291 -0.304161
0.462766 -0.304161
0.338652 -0.304161
0.377660 -0.304161
0.202128 -0.304161
-0.205674 -0.304161
0.237589 -0.304161
-0.109929 -0.304161
0.356383 -0.304161
-0.112589 -0.304161
0.477837 -0.304161
0.171125 -0.304182
0.188777 -0.304287
-0.348775 -0.304460
0.165388 -0.304481
0.383962 -0.304738
-0.053418 -0.304801
0.240767 -0.304873
-0.149823 -0.304878
0.275709 -0.304878
-0.073582 -0.304878
-0.226064 -0.304878
-0.433511 -0.304878
-0.092199 -0.304878
-0.266844 -0.304878
-0.387411 -0.304878
-0.429607 -0.305001
0.147019 -0.305049
0.347640 -0.305149
-0.103912 -0.305236
0.265338 -0.305486
0.479302 -0.305514
-0.227837 -0.305595
0.058511 -0.305595
-0.139184 -0.305595
-0.462766 -0.305595
0.480496 -0.305595
-0.479610 -0.305595
0.485816 -0.305595
0.084220 -0.305595
-0.445922 -0.305595
0.349291 -0.305595
0.115248 -0.305595
0.251773 -0.305595
-0.083333 -0.305595
-0.469538 -0.305741
0.131966 -0.305866
-0.148353 -0.305911
-0.264255 -0.306095
-0.428256 -0.306255
0.312943 -0.306313
0.164894 -0.306313
0.405142 -0.306313
-0.234929 -0.306313
0.384752 -0.306313
-0.349682 -0.306345
-0.336973 -0.306358
0.486742 -0.306612
0.185851 -0.306633
0.084211 -0.306701
-0.167281 -0.306923
0.463209 -0.306966
-0.473404 -0.307030
-0.084220 -0.307030
0.492021 -0.307030
-0.212766 -0.307030
-0.436170 -0.307030
0.210993 -0.307030
0.265957 -0.307030
-0.407801 -0.307030
0.359929 -0.307030
-0.265957 -0.307030
-0.221885 -0.307167
-0.219957 -0.307491
-0.096899 -0.307572
-0.105496 -0.307747
-0.291667 -0.307747
-0.323582 -0.307747
-0.205243 -0.307780
0.479267 -0.308102
0.282537 -0.308200
-0.157359 -0.308303
0.360995 -0.308375
-0.085106 -0.308465
0.287234 -0.308465
-0.157801 -0.308465
0.468972 -0.308465
-0.239362 -0.308465
0.089539 -0.308465
0.133865 -0.308465
0.274823 -0.308465
0.155911 -0.308582
-0.200857 -0.308800
-0.169204 -0.308879
-0.083555 -0.309052
-0.333518 -0.309145
-0.163121 -0.309182
0.285461 -0.309182
-0.496454 -0.309182
-0.147163 -0.309182
-0.412234 -0.309182
0.312057 -0.309182
0.312883 -0.309247
-0.113733 -0.309358
-0.083179 -0.309622
0.310970 -0.309889
0.157801 -0.309900
-0.168440 -0.309900
-0.219858 -0.309900
-0.136525 -0.309900
0.407801 -0.309900
0.283688 -0.309900
0.074468 -0.309900
-0.427305 -0.309900
0.445922 -0.309900
0.247340 -0.309900
0.387411 -0.309900
0.057624 -0.309900
0.288262 -0.310032
0.212228 -0.310073
0.475718 -0.310092
0.406852 -0.310178
0.259418 -0.310236
0.211387 -0.310413
-0.086828 -0.310506
0.078426 -0.310516
0.425847 -0.310528
-0.421986 -0.310617
-0.221631 -0.310617
0.465426 -0.310617
0.167553 -0.310617
0.141844 -0.310617
-0.330674 -0.310617
0.100177 -0.310617
0.437057 -0.310617
0.265071 -0.310617
-0.330956 -0.310733
-0.122218 -0.310754
-0.291901 -0.310802
-0.108538 -0.310870
0.265630 -0.310897
-0.073305 -0.311077
0.116216 -0.311259
-0.452128 -0.311334
-0.098404 -0.311334
-0.485816 -0.311334
-0.223404 -0.311334
-0.416667 -0.311334
0.286348 -0.311334
-0.186170 -0.311334
0.182624 -0.311334
0.209220 -0.311334
0.429078 -0.311334
0.261525 -0.311334
0.226950 -0.311334
-0.195931 -0.311745
0.408620 -0.311777
-0.471940 -0.311801
-0.468836 -0.311889
-0.124113 -0.312052
-0.197695 -0.312052
0.284574 -0.312052
-0.429965 -0.312052
0.273936 -0.312052
-0.230496 -0.312052
0.366135 -0.312052
-0.256206 -0.312052
0.402535 -0.312080
0.441218 -0.312693
0.286886 -0.312727
0.229610 -0.312769
0.405142 -0.312769
-0.462766 -0.312769
-0.479610 -0.312769
-0.442376 -0.312769
0.480496 -0.312769
0.485816 -0.312769
-0.488475 -0.312769
-0.315603 -0.312769
0.079787 -0.312769
-0.237589 -0.312769
0.475177 -0.312769
-0.333015 -0.312872
0.237438 -0.312949
0.409228 -0.312953
-0.205254 -0.313048
0.072617 -0.313230
0.400976 -0.313286
0.484822 -0.313287
-0.487693 -0.313353
-0.492284 -0.313388
0.141828 -0.313475
-0.487589 -0.313486
-0.332447 -0.313486
0.121454 -0.313486
0.460993 -0.313486
-0.479332 -0.313622
-0.225442 -0.313836
-0.477188 -0.314009
0.262267 -0.314154
0.483156 -0.314204
-0.200355 -0.314204
-0.491135 -0.314204
0.274823 -0.314204
0.264184 -0.314204
-0.473404 -0.314204
0.073582 -0.314204
0.239362 -0.314204
-0.111702 -0.314204
-0.265957 -0.314204
0.160461 -0.314204
0.285461 -0.314204
0.477837 -0.314204
-0.432624 -0.314204
-0.150157 -0.314389
-0.491953 -0.314504
-0.466674 -0.314718
0.229869 -0.314822
0.408688 -0.314921
0.475177 -0.314921
-0.242021 -0.314921
-0.490248 -0.314921
0.471631 -0.314921
0.260638 -0.314921
-0.479582 -0.315005
0.079269 -0.315185
-0.429196 -0.315232
0.484054 -0.315268
-0.484929 -0.315638
-0.445035 -0.315638
0.235816 -0.315638
0.351950 -0.315638
0.480496 -0.315638
0.257092 -0.315638
-0.489362 -0.315638
-0.322695 -0.315638
0.452128 -0.315638
0.085106 -0.315638
-0.452604 -0.315735
-0.497360 -0.315760
-0.221404 -0.315924
-0.179906 -0.316029
0.478340 -0.316035
0.481898 -0.316134
0.220388 -0.316272
0.407801 -0.316356
-0.460993 -0.316356
0.486702 -0.316356
-0.336879 -0.316356
-0.354610 -0.316356
0.477837 -0.316356
-0.246157 -0.316565
0.372421 -0.316587
0.390826 -0.316609
0.262810 -0.316638
-0.488502 -0.316645
-0.486523 -0.316757
0.110333 -0.316768
0.411615 -0.316770
-0.405706 -0.316923
-0.244061 -0.317031
-0.478723 -0.317073
-0.277482 -0.317073
-0.207447 -0.317073
-0.228723 -0.317073
-0.181738 -0.317073
-0.435284 -0.317073
-0.246454 -0.317073
0.372340 -0.317073
0.471631 -0.317073
0.362589 -0.317073
0.468085 -0.317073
0.078901 -0.317073
0.475177 -0.317073
-0.263767 -0.317141
-0.457393 -0.317170
0.159159 -0.317350
0.263185 -0.317405
0.239357 -0.317523
-0.490081 -0.317783
0.480366 -0.317789
-0.471631 -0.317791
0.150709 -0.317791
-0.434397 -0.317791
-0.235816 -0.317791
-0.492908 -0.317791
0.484043 -0.317791
-0.486702 -0.317791
0.474150 -0.317813
0.484344 -0.317840
0.075914 -0.317852
0.485285 -0.317882
0.191514 -0.317967
0.472996 -0.317991
-0.378025 -0.318040
0.411106 -0.318048
0.258654 -0.318117
-0.434853 -0.318219
-0.308556 -0.318319
0.217098 -0.318392
0.216536 -0.318418
-0.429541 -0.318469
-0.476950 -0.318508
-0.222518 -0.318508
-0.492021 -0.318508
-0.375000 -0.318508
0.072695 -0.318508
-0.329787 -0.318508
0.163121 -0.318508
0.216312 -0.318508
0.189716 -0.318508
0.486023 -0.318536
-0.475190 -0.318658
-0.436770 -0.318687
-0.224979 -0.318776
0.475330 -0.318791
-0.430276 -0.318962
-0.276596 -0.319225
-0.367908 -0.319225
-0.457447 -0.319225
-0.411348 -0.319225
-0.476064 -0.319225
0.416667 -0.319225
-0.256206 -0.319225
-0.361702 -0.319225
-0.224291 -0.319225
0.482537 -0.319258
-0.431972 -0.319507
0.482245 -0.319635
0.405798 -0.319731
-0.433858 -0.319773
0.111035 -0.319845
-0.437943 -0.319943
-0.484043 -0.319943
0.409574 -0.319943
0.487589 -0.319943
-0.240248 -0.319943
-0.038121 -0.319943
0.249113 -0.319943
0.480496 -0.319943
0.218972 -0.319943
0.390071 -0.319943
-0.426418 -0.319943
-0.049645 -0.319943
0.463652 -0.319943
0.099120 -0.320171
-0.459870 -0.320219
-0.480488 -0.320345
-0.485862 -0.320420
-0.471042 -0.320514
0.250398 -0.320519
-0.234936 -0.320564
0.406420 -0.320630
-0.437057 -0.320660
-0.489362 -0.320660
-0.055851 -0.320660
-0.400709 -0.320660
0.477837 -0.320660
-0.421099 -0.320660
0.474291 -0.320660
-0.395390 -0.320660
0.492908 -0.320660
-0.437623 -0.320675
0.082189 -0.320685
-0.332301 -0.320948
0.106267 -0.320993
-0.234181 -0.321366
-0.436170 -0.321377
0.221631 -0.321377
-0.482270 -0.321377
0.408688 -0.321377
-0.265957 -0.321377
-0.415780 -0.321377
-0.469858 -0.321377
0.127660 -0.321377
-0.494681 -0.321377
-0.059397 -0.321377
-0.331560 -0.321377
0.112589 -0.321377
-0.419804 -0.321472
0.477764 -0.321667
0.241980 -0.321738
-0.218136 -0.321782
0.453611 -0.322045
0.484043 -0.322095
-0.301418 -0.322095
-0.484043 -0.322095
-0.453901 -0.322095
0.270390 -0.322095
0.368794 -0.322095
-0.429078 -0.322095
0.259752 -0.322095
0.153369 -0.322095
0.370567 -0.322095
0.459504 -0.322123
0.479581 -0.322196
-0.489362 -0.322812
-0.474291 -0.322812
-0.234043 -0.322812
0.459220 -0.322812
0.407801 -0.322812
-0.312057 -0.322812
-0.480496 -0.322812
-0.174645 -0.322812
-0.331560 -0.322812
0.256206 -0.322812
-0.235420 -0.322887
-0.476946 -0.322964
0.420805 -0.323118
-0.467030 -0.323217
0.462481 -0.323270
0.135700 -0.323457
-0.008865 -0.323529
-0.164007 -0.323529
0.135638 -0.323529
-0.179965 -0.323529
0.046986 -0.323529
-0.479610 -0.323529
-0.482270 -0.323529
-0.240248 -0.323529
0.097600 -0.323619
0.048416 -0.324015
-0.170793 -0.324193
0.227837 -0.324247
0.480496 -0.324247
-0.195035 -0.324247
-0.333333 -0.324247
0.417553 -0.324247
-0.478723 -0.324247
-0.466312 -0.324247
0.241135 -0.324247
-0.481383 -0.324247
-0.484043 -0.324247
-0.481610 -0.324357
-0.395065 -0.324448
0.369512 -0.324467
-0.472805 -0.324631
0.415112 -0.324783
-0.209831 -0.324935
-0.070922 -0.324964
-0.229610 -0.324964
0.450355 -0.324964
0.022163 -0.324964
0.272292 -0.325079
0.368785 -0.325104
0.228603 -0.325205
-0.415519 -0.325347
0.022675 -0.325459
-0.480354 -0.325485
-0.430851 -0.325681
-0.210106 -0.325681
0.143617 -0.325681
0.237589 -0.325681
-0.319149 -0.325681
-0.230496 -0.325681
0.416667 -0.325681
-0.333333 -0.325681
0.453014 -0.325681
0.417175 -0.325823
0.132875 -0.325997
-0.487982 -0.326026
-0.487225 -0.326263
0.469229 -0.326275
-0.446809 -0.326399
-0.276596 -0.326399
0.097518 -0.326399
-0.234043 -0.326399
0.468085 -0.326399
-0.462322 -0.326663
0.445004 -0.326687
0.435014 -0.326824
0.446434 -0.327102
0.132092 -0.327116
-0.470745 -0.327116
-0.077128 -0.327116
-0.445922 -0.327116
0.459220 -0.327116
-0.462766 -0.327116
-0.333333 -0.327116
0.367021 -0.327116
0.368794 -0.327116
0.234043 -0.327116
-0.337766 -0.327116
-0.250887 -0.327116
0.365248 -0.327116
-0.249113 -0.327116
0.248227 -0.327116
0.441489 -0.327116
-0.225177 -0.327116
-0.002030 -0.327137
-0.341333 -0.327252
0.141304 -0.327279
0.241571 -0.327577
0.260729 -0.327601
0.409042 -0.327676
-0.450016 -0.327713
-0.479268 -0.327737
-0.481077 -0.327821
0.351064 -0.327834
0.444149 -0.327834
-0.226064 -0.327834
0.032801 -0.327834
0.433511 -0.327834
-0.222232 -0.328142
0.468089 -0.328420
-0.417330 -0.328484
0.372387 -0.328528
-0.477837 -0.328551
-0.475177 -0.328551
-0.337766 -0.328551
0.425532 -0.328551
-0.226950 -0.328551
0.446809 -0.328551
0.495567 -0.328551
0.244681 -0.328551
-0.414140 -0.328727
-0.431688 -0.328832
-0.090983 -0.328868
0.447209 -0.329082
-0.475264 -0.329122
0.484043 -0.329268
0.118794 -0.329268
0.140071 -0.329268
0.463652 -0.329268
-0.260638 -0.329268
-0.230496 -0.329268
-0.226343 -0.329688
0.235136 -0.329743
0.371573 -0.329761
-0.467199 -0.329986
0.474291 -0.329986
0.453014 -0.329986
-0.459220 -0.329986
-0.320922 -0.329986
-0.090426 -0.329986
-0.342199 -0.329986
-0.234043 -0.329986
0.377660 -0.329986
0.255319 -0.329986
-0.425532 -0.329986
-0.482283 -0.330228
0.495492 -0.330494
-0.458577 -0.330502
0.436170 -0.330703
-0.193262 -0.330703
-0.420213 -0.330703
-0.492021 -0.330703
-0.436170 -0.330703
0.472800 -0.330822
-0.465046 -0.331235
-0.414894 -0.331420
-0.287234 -0.331420
0.459220 -0.331420
0.079787 -0.331420
0.428191 -0.331420
0.480496 -0.331420
0.438830 -0.331420
-0.342469 -0.331644
-0.465249 -0.331645
0.480246 -0.331955
0.466735 -0.332090
-0.297872 -0.332138
-0.421099 -0.332138
-0.486702 -0.332138
0.062057 -0.332138
-0.208333 -0.332138
-0.362230 -0.332157
0.404233 -0.332200
-0.383304 -0.332663
-0.447379 -0.332803
-0.404255 -0.332855
0.136525 -0.332855
-0.471631 -0.332855
-0.415780 -0.332855
-0.455674 -0.332855
-0.463652 -0.332855
-0.308511 -0.332855
0.395390 -0.332855
-0.424645 -0.332855
-0.349291 -0.332855
0.073582 -0.332855
-0.209220 -0.332855
-0.413525 -0.333449
0.461879 -0.333572
0.463652 -0.333572
0.488475 -0.333572
0.402482 -0.333572
-0.242908 -0.333572
-0.489656 -0.333661
0.439267 -0.333689
-0.320856 -0.333703
-0.420615 -0.333923
-0.388331 -0.334040
-0.382979 -0.334290
0.430851 -0.334290
0.124113 -0.334290
-0.393617 -0.334290
-0.416667 -0.334290
-0.388298 -0.334290
-0.271277 -0.334290
0.453901 -0.334290
-0.349291 -0.334290
-0.461088 -0.334467
0.109459 -0.334636
0.461520 -0.334910
-0.420213 -0.335007
-0.375887 -0.335007
-0.406915 -0.335007
-0.385638 -0.335007
-0.390957 -0.335007
-0.430851 -0.335007
0.375887 -0.335007
-0.328014 -0.335007
-0.204695 -0.335272
0.117802 -0.335353
-0.226883 -0.335384
-0.307105 -0.335405
-0.395039 -0.335514
-0.322179 -0.335681
-0.420896 -0.335689
0.460106 -0.335725
-0.362589 -0.335725
-0.393617 -0.335725
-0.330674 -0.335725
0.407801 -0.335725
-0.388298 -0.335725
0.466312 -0.335725
-0.356383 -0.335725
-0.368794 -0.335725
0.464539 -0.335725
0.468085 -0.335725
-0.382979 -0.335725
-0.423759 -0.335725
0.437347 -0.335866
0.069465 -0.336195
0.419666 -0.336360
-0.348655 -0.336384
-0.445922 -0.336442
-0.480496 -0.336442
-0.390957 -0.336442
-0.396277 -0.336442
0.495567 -0.336442
-0.292553 -0.336442
-0.385638 -0.336442
-0.382092 -0.336442
-0.332073 -0.336999
-0.302691 -0.337024
-0.424363 -0.337091
-0.367021 -0.337159
-0.382979 -0.337159
-0.414007 -0.337159
-0.356383 -0.337159
-0.191489 -0.337159
-0.303191 -0.337159
0.474291 -0.337159
-0.375000 -0.337159
-0.360816 -0.337159
-0.464539 -0.337159
0.329787 -0.337159
-0.456560 -0.337159
-0.251773 -0.337159
-0.255319 -0.337159
0.109929 -0.337159
-0.393617 -0.337159
-0.335106 -0.337159
-0.253546 -0.337159
-0.346683 -0.337174
-0.231776 -0.337202
-0.396816 -0.337517
-0.363163 -0.337640
0.466312 -0.337877
-0.369681 -0.337877
0.462766 -0.337877
-0.396277 -0.337877
-0.315603 -0.337877
-0.429965 -0.337877
-0.232270 -0.337877
0.464539 -0.337877
-0.382092 -0.337877
-0.416671 -0.337935
-0.467482 -0.338203
-0.396111 -0.338550
-0.495567 -0.338594
-0.448582 -0.338594
-0.287234 -0.338594
-0.398936 -0.338594
-0.343085 -0.338594
-0.365248 -0.338594
-0.414894 -0.338594
0.480496 -0.338594
-0.381206 -0.338594
-0.235816 -0.338594
-0.356383 -0.338594
-0.360816 -0.338594
0.416667 -0.338594
0.124753 -0.338810
-0.304278 -0.339202
0.450355 -0.339311
0.366135 -0.339311
0.364362 -0.339311
-0.395390 -0.339311
-0.367908 -0.339311
-0.375887 -0.339311
-0.418440 -0.339311
-0.380275 -0.339581
-0.231989 -0.339628
-0.483707 -0.339845
0.368205 -0.339915
-0.053406 -0.339974
-0.435795 -0.339995
0.468588 -0.340019
0.128546 -0.340029
-0.477837 -0.340029
0.462766 -0.340029
0.460993 -0.340029
-0.370567 -0.340029
-0.489362 -0.340029
0.440603 -0.340029
-0.398050 -0.340029
-0.436170 -0.340029
0.464539 -0.340029
-0.394273 -0.340196
-0.403833 -0.340384
-0.324549 -0.340437
-0.406028 -0.340746
-0.302712 -0.340817
0.474723 -0.340869
0.489510 -0.341188
-0.382757 -0.341386
0.454992 -0.341409
-0.271277 -0.341463
0.419326 -0.341463
-0.397163 -0.341463
-0.056738 -0.341463
-0.457447 -0.341463
-0.297872 -0.341463
-0.367179 -0.341581
0.467035 -0.341721
-0.493102 -0.341950
-0.246454 -0.342181
0.115248 -0.342181
-0.244681 -0.342181
0.303191 -0.342181
-0.438830 -0.342181
0.092199 -0.342181
-0.405142 -0.342181
-0.350714 -0.342205
-0.060751 -0.342331
0.434189 -0.342883
0.470745 -0.342898
-0.110816 -0.342898
-0.449468 -0.342898
-0.350177 -0.342898
0.432624 -0.342898
0.484929 -0.342898
-0.322695 -0.342898
-0.413121 -0.342898
0.382979 -0.342898
-0.366547 -0.342950
0.118596 -0.343091
-0.253344 -0.343310
-0.440120 -0.343522
0.390071 -0.343615
-0.062943 -0.343615
-0.292553 -0.343615
-0.387411 -0.343615
-0.325355 -0.343615
-0.486702 -0.343615
0.466316 -0.343690
-0.286126 -0.343722
0.071681 -0.343806
-0.435077 -0.344049
-0.066630 -0.344243
0.397163 -0.344333
-0.441489 -0.344333
-0.328014 -0.344333
-0.306738 -0.344333
-0.390071 -0.344333
-0.384752 -0.344333
0.476950 -0.344333
-0.470745 -0.344333
-0.324468 -0.344333
0.374060 -0.344604
-0.467001 -0.344875
-0.349939 -0.344905
-0.249022 -0.344925
-0.327128 -0.345050
-0.027482 -0.345050
-0.293440 -0.345050
-0.383865 -0.345050
-0.429078 -0.345050
0.457447 -0.345050
0.459220 -0.345050
-0.098404 -0.345050
0.468972 -0.345050
0.123642 -0.345087
0.050953 -0.345267
-0.252202 -0.345269
-0.295291 -0.345339
-0.064885 -0.345468
-0.461001 -0.345468
-0.377663 -0.345536
0.001705 -0.345668
0.051418 -0.345768
-0.335993 -0.345768
-0.326241 -0.345768
-0.069149 -0.345768
0.427305 -0.345768
-0.287234 -0.345768
-0.382092 -0.345768
0.368681 -0.345818
0.460258 -0.345843
-0.334497 -0.345854
0.075633 -0.346118
-0.106308 -0.346267
0.062077 -0.346291
0.476942 -0.346326
0.062943 -0.346485
0.402482 -0.346485
-0.296099 -0.346485
-0.226064 -0.346485
-0.350177 -0.346485
-0.391844 -0.346485
-0.376773 -0.346485
-0.097903 -0.346780
-0.001626 -0.346908
0.480024 -0.347137
0.120567 -0.347202
-0.288121 -0.347202
-0.237589 -0.347202
-0.343972 -0.347202
0.489362 -0.347202
-0.484043 -0.347202
0.074468 -0.347202
0.373227 -0.347202
-0.435284 -0.347202
-0.306086 -0.347424
0.001021 -0.347466
-0.492908 -0.347920
-0.332365 -0.348043
-0.102523 -0.348189
-0.283481 -0.348303
-0.495964 -0.348369
-0.372738 -0.348450
-0.312655 -0.348616
0.001773 -0.348637
0.407801 -0.348637
-0.289007 -0.348637
-0.301418 -0.348637
0.481383 -0.348637
0.382092 -0.348637
-0.423759 -0.348637
0.043128 -0.349306
-0.468972 -0.349354
0.386525 -0.349354
-0.335993 -0.349354
-0.455674 -0.349354
-0.369681 -0.349354
-0.437943 -0.349354
0.105496 -0.349354
-0.313830 -0.349354
0.380628 -0.349434
0.399845 -0.349461
-0.380635 -0.349509
-0.383381 -0.349842
0.418843 -0.349979
0.393617 -0.350072
0.473404 -0.350072
0.453901 -0.350072
0.288121 -0.350072
0.037234 -0.350072
-0.335106 -0.350072
-0.372340 -0.350072
-0.291667 -0.350072
0.463652 -0.350072
0.388448 -0.350107
0.166773 -0.350252
-0.441461 -0.350290
-0.315603 -0.350789
-0.447695 -0.350789
0.444149 -0.350789
-0.343972 -0.350789
-0.208333 -0.350789
0.407118 -0.351215
-0.288257 -0.351486
-0.490248 -0.351506
0.363475 -0.351506
0.444149 -0.351506
0.434397 -0.351506
0.012411 -0.351506
-0.386525 -0.351506
-0.294326 -0.351506
0.108324 -0.351582
0.471939 -0.351612
-0.389352 -0.351800
-0.295954 -0.352073
-0.482270 -0.352224
-0.265957 -0.352224
0.399823 -0.352224
-0.384752 -0.352224
-0.359043 -0.352224
0.434397 -0.352224
-0.363475 -0.352224
-0.345850 -0.352585
0.022631 -0.352906
0.415780 -0.352941
-0.445922 -0.352941
-0.382979 -0.352941
0.434397 -0.352941
0.187943 -0.352941
0.161348 -0.352941
0.372340 -0.352941
0.365376 -0.352985
-0.248436 -0.353309
0.195871 -0.353406
0.389205 -0.353515
-0.299645 -0.353659
0.483156 -0.353659
-0.261525 -0.353659
0.414894 -0.353659
-0.489288 -0.353886
-0.346427 -0.354022
0.409574 -0.354376
0.405142 -0.354376
0.190603 -0.354376
0.087766 -0.354376
0.110816 -0.354376
0.429078 -0.354376
-0.343972 -0.354376
0.381206 -0.354376
-0.434397 -0.354376
0.023050 -0.354376
0.371864 -0.354440
0.187213 -0.354835
0.401534 -0.354930
-0.343974 -0.354981
0.430851 -0.355093
0.039894 -0.355093
0.385638 -0.355093
-0.328901 -0.355093
0.492021 -0.355093
0.475177 -0.355093
-0.480796 -0.355425
0.436363 -0.355487
0.410174 -0.355635
-0.344117 -0.355660
0.456403 -0.355786
0.390071 -0.355811
-0.496454 -0.355811
-0.304965 -0.355811
0.486702 -0.355811
-0.065603 -0.355811
-0.231383 -0.355811
0.430851 -0.355811
0.433688 -0.355996
0.085229 -0.356002
0.394186 -0.356178
0.424824 -0.356262
-0.482660 -0.356313
-0.266150 -0.356368
0.052305 -0.356528
0.049645 -0.356528
-0.281915 -0.356528
-0.488475 -0.356528
-0.405142 -0.356528
-0.378546 -0.356528
0.151596 -0.356528
-0.138298 -0.356528
-0.410753 -0.356562
-0.356081 -0.357019
-0.493590 -0.357238
-0.453901 -0.357245
0.063830 -0.357245
0.423759 -0.357245
-0.467199 -0.357245
-0.480496 -0.357245
-0.413121 -0.357245
0.196809 -0.357245
0.447695 -0.357245
0.120244 -0.357416
-0.347489 -0.357610
0.372720 -0.357683
0.052552 -0.357858
0.422872 -0.357963
0.080674 -0.357963
0.425532 -0.357963
0.396277 -0.357963
-0.488475 -0.357963
-0.071809 -0.357963
-0.282801 -0.357963
-0.442376 -0.357963
0.423363 -0.358066
-0.369596 -0.358171
0.149100 -0.358552
-0.069414 -0.358671
0.421986 -0.358680
0.427305 -0.358680
0.469858 -0.358680
0.424645 -0.358680
0.458333 -0.358680
-0.480496 -0.358680
0.468085 -0.358680
-0.252660 -0.358680
-0.345745 -0.358680
0.437943 -0.358680
-0.477303 -0.358760
0.025763 -0.358955
0.196971 -0.359340
-0.452128 -0.359397
0.416667 -0.359397
-0.285461 -0.359397
0.362589 -0.359397
0.025709 -0.359397
-0.337766 -0.359397
0.435833 -0.359692
0.007276 -0.359822
0.400994 -0.359865
0.455674 -0.360115
-0.374113 -0.360115
0.148050 -0.360115
-0.480496 -0.360115
0.406915 -0.360115
0.402482 -0.360115
-0.318262 -0.360115
0.411348 -0.360115
0.476950 -0.360115
-0.352837 -0.360115
-0.340426 -0.360115
-0.463829 -0.360134
-0.336146 -0.360283
-0.468861 -0.360287
0.434250 -0.360424
-0.455818 -0.360816
0.371454 -0.360832
-0.077128 -0.360832
0.416667 -0.360832
0.342199 -0.360832
-0.439523 -0.360925
-0.338643 -0.361011
0.050083 -0.361381
-0.219671 -0.361451
0.392878 -0.361461
-0.336045 -0.361499
-0.290780 -0.361549
-0.382979 -0.361549
-0.399823 -0.361549
-0.450355 -0.361549
0.101064 -0.361549
0.406915 -0.361549
0.411348 -0.361549
0.434397 -0.361549
0.487912 -0.361730
-0.377092 -0.361792
0.420994 -0.361858
0.424010 -0.361909
0.395546 -0.361911
-0.383301 -0.361969
-0.465426 -0.362267
-0.478723 -0.362267
-0.381206 -0.362267
0.480496 -0.362267
-0.343904 -0.362365
-0.478731 -0.362468
-0.061932 -0.362585
0.434532 -0.362744
0.070922 -0.362984
0.411348 -0.362984
-0.057624 -0.362984
0.011525 -0.362984
-0.429965 -0.362984
-0.367908 -0.362984
-0.423759 -0.362984
0.494681 -0.362984
0.406028 -0.362984
-0.347518 -0.362984
0.460263 -0.363019
-0.382408 -0.363215
-0.393055 -0.363243
-0.348342 -0.363578
-0.478009 -0.363656
0.421099 -0.363702
0.115248 -0.363702
-0.478723 -0.363702
0.471631 -0.363702
0.423759 -0.363702
-0.430851 -0.363702
0.489362 -0.363702
0.118903 -0.363818
-0.353313 -0.364015
-0.343101 -0.364077
-0.342240 -0.364341
-0.225177 -0.364419
0.028369 -0.364419
0.484043 -0.364419
-0.331560 -0.364419
0.410461 -0.364419
0.441489 -0.364419
-0.347518 -0.364419
-0.354610 -0.364419
-0.342199 -0.364419
0.419926 -0.364426
0.032532 -0.364567
0.147271 -0.364611
0.408197 -0.364841
0.421702 -0.364943
-0.333152 -0.365021
-0.388298 -0.365136
0.093972 -0.365136
-0.487589 -0.365136
0.023050 -0.365136
-0.334220 -0.365136
-0.278535 -0.365365
0.092917 -0.365402
0.474925 -0.365641
-0.485292 -0.365721
0.007092 -0.365854
0.117908 -0.365854
0.038121 -0.365854
-0.376773 -0.365854
-0.371454 -0.365854
0.475177 -0.365854
0.415780 -0.365854
-0.361702 -0.365854
0.022163 -0.365854
-0.342199 -0.365854
0.409574 -0.365854
-0.354610 -0.365854
-0.336879 -0.365854
-0.347518 -0.365854
-0.470722 -0.366097
0.412759 -0.366154
-0.333697 -0.366318
-0.356441 -0.366355
0.433511 -0.366571
-0.372340 -0.366571
-0.012618 -0.366622
-0.452815 -0.366641
-0.056141 -0.366926
0.463880 -0.367037
-0.225244 -0.367040
-0.419378 -0.367215
0.047872 -0.367288
-0.276596 -0.367288
0.466312 -0.367288
0.050532 -0.367288
0.361702 -0.367288
0.053191 -0.367288
0.462766 -0.367288
0.464539 -0.367288
-0.476950 -0.367288
0.490248 -0.367288
0.414894 -0.367288
-0.479610 -0.367288
-0.246454 -0.367288
0.097518 -0.367288
0.140071 -0.367288
-0.043440 -0.367288
-0.438830 -0.367288
0.449468 -0.367288
0.460729 -0.367290
0.034789 -0.367317
0.444739 -0.367332
-0.389645 -0.367486
-0.275521 -0.367643
-0.015589 -0.367801
-0.248339 -0.367889
0.072478 -0.367907
-0.072574 -0.367912
0.392730 -0.368006
0.484929 -0.368006
-0.075651 -0.368121
-0.248694 -0.368490
-0.272163 -0.368723
0.341312 -0.368723
0.420213 -0.368723
0.086879 -0.368723
0.460106 -0.368723
-0.350177 -0.368723
0.443262 -0.368723
-0.357270 -0.368723
0.034574 -0.368723
-0.365248 -0.368723
0.044164 -0.368981
-0.047446 -0.369296
-0.457447 -0.369440
0.476064 -0.369440
-0.000887 -0.369440
0.379433 -0.369440
0.440603 -0.369440
0.492908 -0.369440
0.414894 -0.369440
-0.477348 -0.369493
-0.440941 -0.369741
0.365902 -0.369922
-0.338215 -0.370003
0.467013 -0.370036
0.398936 -0.370158
0.044326 -0.370158
-0.267730 -0.370158
0.320922 -0.370158
-0.440603 -0.370158
0.383865 -0.370158
-0.137411 -0.370158
0.048759 -0.370158
0.342199 -0.370158
-0.074468 -0.370158
0.457447 -0.370158
0.051418 -0.370158
-0.350177 -0.370158
-0.344858 -0.370158
0.025709 -0.370158
-0.357270 -0.370158
0.498222 -0.370341
0.483005 -0.370378
0.051662 -0.370602
-0.371620 -0.370668
0.105586 -0.370678
-0.070017 -0.370787
0.056833 -0.370807
0.105496 -0.370875
0.090426 -0.370875
0.420213 -0.370875
-0.477837 -0.370875
0.494681 -0.370875
-0.014184 -0.370875
-0.315603 -0.370875
-0.338315 -0.371061
0.076401 -0.371138
0.431053 -0.371413
-0.375049 -0.371527
-0.373147 -0.371562
-0.425532 -0.371593
-0.290780 -0.371593
-0.379433 -0.371593
0.321809 -0.371593
-0.413121 -0.371593
-0.368794 -0.371593
-0.455674 -0.371593
-0.010638 -0.371593
0.429965 -0.371593
-0.352837 -0.371593
-0.419326 -0.371593
0.451241 -0.371593
0.485816 -0.371593
0.483575 -0.372125
0.323397 -0.372146
0.489559 -0.372185
-0.364362 -0.372310
-0.375000 -0.372310
-0.420213 -0.372310
-0.426418 -0.372310
-0.445035 -0.372310
-0.369681 -0.372310
-0.370618 -0.372684
-0.422658 -0.372760
-0.075359 -0.372839
-0.460025 -0.372922
0.060284 -0.373027
0.040780 -0.373027
0.093972 -0.373027
-0.079787 -0.373027
0.402482 -0.373027
-0.370567 -0.373027
0.049645 -0.373027
0.322695 -0.373027
-0.352837 -0.373027
0.045213 -0.373027
0.408688 -0.373027
0.445035 -0.373027
-0.427305 -0.373027
0.420213 -0.373027
-0.140231 -0.373318
-0.329684 -0.373327
-0.302182 -0.373417
0.023474 -0.373425
-0.073035 -0.373602
0.488808 -0.373624
-0.293638 -0.373638
0.090426 -0.373745
0.359929 -0.373745
0.474291 -0.373745
0.077128 -0.373745
0.488475 -0.373745
0.429965 -0.373745
0.442376 -0.373745
0.029044 -0.373884
0.046466 -0.374228
0.418304 -0.374432
-0.071809 -0.374462
-0.468972 -0.374462
0.439716 -0.374462
-0.352837 -0.374462
0.031915 -0.374462
-0.344858 -0.374462
-0.478723 -0.374462
0.101969 -0.374709
-0.372547 -0.374784
0.488089 -0.374831
0.045972 -0.375079
-0.473913 -0.375178
-0.421986 -0.375179
0.082447 -0.375179
-0.401596 -0.375179
-0.367908 -0.375179
-0.384752 -0.375179
-0.328901 -0.375179
-0.080127 -0.375228
-0.352683 -0.375278
0.448054 -0.375831
0.058511 -0.375897
0.484043 -0.375897
0.369681 -0.375897
0.466312 -0.375897
0.093972 -0.375897
-0.376773 -0.375897
-0.368794 -0.375897
0.468085 -0.375897
-0.429078 -0.375897
-0.331560 -0.375897
-0.085106 -0.375897
0.023050 -0.375897
0.491135 -0.375897
0.449000 -0.375945
-0.352672 -0.375994
0.100098 -0.376054
-0.079381 -0.376072
-0.420351 -0.376229
-0.273374 -0.376335
0.324406 -0.376488
0.414007 -0.376614
-0.372340 -0.376614
0.365248 -0.376614
-0.382979 -0.376614
0.340426 -0.376614
-0.359929 -0.376614
0.101950 -0.376614
0.022163 -0.376614
0.356191 -0.376683
0.438404 -0.376779
-0.013378 -0.376877
0.085534 -0.377066
0.440592 -0.377323
-0.077128 -0.377331
-0.276596 -0.377331
-0.066489 -0.377331
0.492908 -0.377331
0.463652 -0.377331
0.057624 -0.377331
0.021277 -0.377331
-0.378838 -0.377342
-0.344686 -0.377359
0.398885 -0.377375
0.371170 -0.377740
0.450544 -0.377747
0.020038 -0.377894
0.353076 -0.377935
-0.400282 -0.377954
-0.469858 -0.378049
0.486702 -0.378049
-0.077128 -0.378049
0.012643 -0.378081
0.103707 -0.378192
-0.383199 -0.378256
0.109974 -0.378341
0.409290 -0.378360
0.064949 -0.378368
-0.066731 -0.378497
0.482871 -0.378536
0.089321 -0.378701
-0.367021 -0.378766
-0.390071 -0.378766
-0.430851 -0.378766
0.494681 -0.378766
-0.302305 -0.378766
-0.069149 -0.378766
0.093972 -0.378766
0.067376 -0.378766
0.427305 -0.378766
-0.352837 -0.378766
-0.272163 -0.378766
0.416667 -0.378766
-0.359043 -0.378766
-0.409574 -0.378766
-0.376430 -0.378850
-0.431675 -0.378852
0.483920 -0.378992
0.062857 -0.379076
-0.462661 -0.379087
0.050426 -0.379380
0.107033 -0.379398
-0.069149 -0.379484
0.101950 -0.379484
-0.370567 -0.379484
0.437057 -0.379484
0.490248 -0.379484
0.423759 -0.379484
0.014706 -0.379733
0.067108 -0.379739
0.109098 -0.379744
-0.336490 -0.379817
0.107773 -0.379908
0.438254 -0.379985
0.426861 -0.379988
0.424484 -0.380040
0.106657 -0.380194
0.407801 -0.380201
0.482270 -0.380201
-0.069149 -0.380201
0.066489 -0.380201
0.072695 -0.380201
0.085993 -0.380201
0.358156 -0.380201
0.109929 -0.380201
0.401596 -0.380201
-0.374113 -0.380201
0.395390 -0.380201
-0.388298 -0.380201
-0.248227 -0.380201
0.045213 -0.380201
0.016844 -0.380201
0.049645 -0.380201
0.335993 -0.380201
-0.460824 -0.380210
-0.385980 -0.380224
0.023815 -0.380246
-0.269806 -0.380347
0.118540 -0.380363
0.404309 -0.380564
0.479898 -0.380778
0.114498 -0.380802
-0.435284 -0.380918
0.492021 -0.380918
-0.380319 -0.380918
-0.366135 -0.380918
0.031915 -0.380918
0.391129 -0.381038
0.087416 -0.381110
-0.364986 -0.381149
-0.404461 -0.381158
0.037925 -0.381406
0.063001 -0.381407
0.064747 -0.381474
0.486660 -0.381497
0.080571 -0.381621
-0.460993 -0.381636
0.065603 -0.381636
-0.369681 -0.381636
0.099291 -0.381636
-0.386525 -0.381636
0.078014 -0.381636
0.485816 -0.381636
0.109929 -0.381636
-0.063830 -0.381636
0.329787 -0.381636
-0.409071 -0.381655
0.450688 -0.381802
0.449989 -0.382198
0.476064 -0.382353
0.410461 -0.382353
0.386525 -0.382353
-0.398050 -0.382353
0.112589 -0.382353
0.107270 -0.382353
0.455674 -0.382353
-0.063830 -0.382353
0.068262 -0.382353
-0.450355 -0.382353
0.023050 -0.382353
0.107226 -0.382355
0.104656 -0.382415
-0.468506 -0.382557
0.116193 -0.382633
0.476827 -0.382686
0.066800 -0.382686
-0.064129 -0.382699
-0.066022 -0.382727
0.056947 -0.382795
0.113891 -0.383019
-0.359043 -0.383070
-0.078014 -0.383070
0.443262 -0.383070
-0.439716 -0.383070
-0.418440 -0.383070
0.480496 -0.383070
-0.365248 -0.383070
0.476950 -0.383070
-0.269504 -0.383070
0.109929 -0.383070
0.391844 -0.383070
0.065603 -0.383070
-0.352837 -0.383070
0.012411 -0.383070
0.363475 -0.383070
0.489362 -0.383070
0.022163 -0.383070
0.044326 -0.383155
-0.406661 -0.383192
-0.326085 -0.383665
0.056604 -0.383740
-0.055384 -0.383745
0.006946 -0.383751
0.107270 -0.383788
0.067376 -0.383788
0.440603 -0.383788
0.449468 -0.383788
0.353723 -0.383788
0.112589 -0.383788
0.073582 -0.383788
0.113420 -0.383835
-0.368399 -0.383886
0.483173 -0.383922
0.048526 -0.383947
0.429850 -0.383995
0.473985 -0.384251
0.330849 -0.384375
-0.467612 -0.384401
0.472996 -0.384497
0.413121 -0.384505
-0.357270 -0.384505
-0.339539 -0.384505
-0.363475 -0.384505
0.057624 -0.384505
0.469858 -0.384505
0.065603 -0.384505
0.484043 -0.384505
0.104610 -0.384505
-0.058511 -0.384505
-0.468085 -0.384505
0.115248 -0.384505
0.377660 -0.384505
0.434397 -0.384505
0.471141 -0.384544
0.360986 -0.384546
0.115417 -0.384771
0.023042 -0.384952
0.032540 -0.385105
-0.356490 -0.385161
-0.076955 -0.385207
-0.070035 -0.385222
-0.376773 -0.385222
0.373227 -0.385222
0.067376 -0.385222
0.470745 -0.385222
0.420213 -0.385222
0.430851 -0.385222
0.382979 -0.385222
0.039007 -0.385222
-0.065993 -0.385239
0.434843 -0.385335
0.399694 -0.385457
0.105099 -0.385721
-0.447579 -0.385872
0.011894 -0.385882
0.476345 -0.385908
-0.454787 -0.385940
-0.382979 -0.385940
0.057624 -0.385940
0.427305 -0.385940
0.388298 -0.385940
-0.406028 -0.385940
0.471631 -0.385940
0.475177 -0.385940
0.478723 -0.385940
-0.326241 -0.385940
0.137411 -0.385940
-0.361702 -0.385940
0.017730 -0.385940
0.069149 -0.385940
0.368794 -0.385940
-0.390540 -0.386052
-0.345127 -0.386061
-0.405668 -0.386063
0.075261 -0.386243
-0.074947 -0.386330
0.026579 -0.386347
0.459766 -0.386605
-0.443202 -0.386646
-0.427305 -0.386657
-0.392730 -0.386657
-0.372340 -0.386657
-0.444149 -0.386657
0.007092 -0.386657
0.085106 -0.386657
0.099291 -0.386657
0.004433 -0.386657
0.373227 -0.386657
-0.372633 -0.386893
-0.362452 -0.386894
0.488866 -0.386998
-0.043456 -0.387140
-0.351267 -0.387157
0.019023 -0.387221
0.072439 -0.387224
-0.364285 -0.387234
0.134743 -0.387274
0.011525 -0.387374
-0.064716 -0.387374
0.358156 -0.387374
0.419326 -0.387374
0.429965 -0.387374
0.159574 -0.387374
-0.081560 -0.387374
0.049645 -0.387374
-0.276596 -0.387374
0.349291 -0.387374
0.368794 -0.387374
0.113956 -0.387585
0.331897 -0.387670
-0.354100 -0.387752
0.430105 -0.387774
-0.446214 -0.387840
-0.016905 -0.387898
-0.352461 -0.387902
0.054185 -0.387947
0.418212 -0.387966
-0.417058 -0.387971
0.395390 -0.388092
-0.058511 -0.388092
-0.459220 -0.388092
0.112589 -0.388092
0.077128 -0.388092
0.401596 -0.388092
0.426418 -0.388092
-0.390957 -0.388092
-0.370567 -0.388092
0.451974 -0.388143
0.394862 -0.388216
-0.398611 -0.388225
-0.428216 -0.388226
0.370068 -0.388233
0.161411 -0.388478
0.116922 -0.388666
0.115248 -0.388809
-0.431738 -0.388809
0.343085 -0.388809
0.437943 -0.388809
0.117021 -0.388809
-0.044326 -0.388809
0.107270 -0.388809
0.368794 -0.388809
0.023050 -0.388809
-0.433194 -0.388827
-0.353664 -0.388838
0.398226 -0.389069
0.385312 -0.389240
-0.021773 -0.389315
-0.456883 -0.389357
-0.353723 -0.389527
0.461879 -0.389527
-0.351064 -0.389527
-0.084220 -0.389527
-0.047872 -0.389527
-0.441489 -0.389527
-0.054078 -0.389527
0.104610 -0.389527
0.397026 -0.389903
-0.421674 -0.389949
0.144155 -0.389982
-0.437126 -0.390057
0.372360 -0.390082
-0.378848 -0.390121
-0.349935 -0.390124
-0.003546 -0.390244
-0.000887 -0.390244
0.425532 -0.390244
-0.448582 -0.390244
0.336879 -0.390244
-0.070922 -0.390244
0.001773 -0.390244
-0.379433 -0.390244
0.072695 -0.390244
-0.400709 -0.390244
0.404255 -0.390244
0.016844 -0.390244
0.462766 -0.390244
0.363475 -0.390244
-0.414894 -0.390244
0.139184 -0.390244
0.437028 -0.390396
0.385391 -0.390440
-0.070224 -0.390462
-0.072883 -0.390663
-0.436473 -0.390729
-0.005860 -0.390835
0.158157 -0.390953
-0.001773 -0.390961
0.000887 -0.390961
-0.064716 -0.390961
0.484929 -0.390961
0.006206 -0.390961
-0.406028 -0.390961
-0.358156 -0.390961
0.391844 -0.390961
0.255319 -0.390961
0.353723 -0.390961
0.385638 -0.390961
-0.337766 -0.390961
-0.410461 -0.390961
-0.327128 -0.390961
0.436170 -0.390961
0.070348 -0.390985
0.116212 -0.391001
0.059778 -0.391054
0.479152 -0.391068
0.019306 -0.391179
0.473052 -0.391449
0.406260 -0.391490
0.007375 -0.391540
0.395202 -0.391598
0.010638 -0.391679
0.000000 -0.391679
-0.058511 -0.391679
-0.273936 -0.391679
-0.436170 -0.391679
-0.328901 -0.391679
0.062943 -0.391679
0.390957 -0.391679
0.363475 -0.391679
0.021809 -0.391758
-0.357905 -0.391885
-0.025678 -0.392000
0.414421 -0.392039
-0.285707 -0.392062
-0.400337 -0.392114
0.393773 -0.392130
0.392932 -0.392161
-0.451099 -0.392350
-0.013298 -0.392396
0.004433 -0.392396
-0.453014 -0.392396
-0.387411 -0.392396
-0.450355 -0.392396
0.043440 -0.392396
0.265957 -0.392396
0.064716 -0.392396
-0.202128 -0.392396
-0.052234 -0.392442
-0.353801 -0.392508
-0.416731 -0.392925
0.003546 -0.393113
0.405142 -0.393113
-0.054078 -0.393113
0.482270 -0.393113
0.008865 -0.393113
0.117021 -0.393113
0.115248 -0.393113
0.441489 -0.393113
0.118794 -0.393113
-0.445922 -0.393113
-0.030142 -0.393113
0.054965 -0.393113
0.030142 -0.393113
0.066489 -0.393113
0.346631 -0.393113
-0.277482 -0.393113
0.077959 -0.393188
0.430159 -0.393225
-0.003463 -0.393254
-0.036791 -0.393267
0.454941 -0.393508
0.263981 -0.393522
-0.328124 -0.393657
-0.451896 -0.393673
-0.058653 -0.393707
-0.201921 -0.393830
-0.057624 -0.393831
0.109929 -0.393831
-0.030142 -0.393831
-0.026596 -0.393831
-0.033688 -0.393831
0.431738 -0.393831
-0.312943 -0.393831
0.447695 -0.393831
0.006696 -0.394062
-0.278820 -0.394362
0.430997 -0.394439
-0.398849 -0.394474
-0.030142 -0.394548
-0.395390 -0.394548
-0.027482 -0.394548
-0.359929 -0.394548
-0.043440 -0.394548
0.445922 -0.394548
-0.454787 -0.394548
-0.049645 -0.394548
-0.457447 -0.394548
0.076241 -0.394548
-0.074468 -0.394548
-0.452128 -0.394548
-0.023050 -0.394548
-0.423759 -0.394548
0.090426 -0.394548
0.340426 -0.394548
0.358156 -0.394548
0.104610 -0.394548
-0.288121 -0.394548
-0.007092 -0.394548
0.007092 -0.394548
0.476950 -0.394548
0.473404 -0.394548
-0.033688 -0.394548
0.453901 -0.394548
-0.037234 -0.394548
-0.044490 -0.395011
-0.275263 -0.395021
-0.327045 -0.395072
-0.429006 -0.395118
0.345537 -0.395206
0.440719 -0.395257
0.439716 -0.395265
-0.447695 -0.395265
-0.400709 -0.395265
-0.067376 -0.395265
-0.419326 -0.395265
0.452128 -0.395265
-0.053191 -0.395265
-0.027482 -0.395265
-0.005319 -0.395265
-0.023936 -0.395265
-0.022937 -0.395268
-0.351322 -0.395338
-0.326067 -0.395408
0.119104 -0.395446
0.360083 -0.395547
0.379689 -0.395645
0.006321 -0.395855
0.411348 -0.395983
-0.354610 -0.395983
-0.414894 -0.395983
0.395390 -0.395983
-0.056738 -0.395983
-0.443262 -0.395983
-0.351950 -0.395983
-0.349291 -0.395983
-0.406028 -0.395983
-0.271277 -0.395983
0.450355 -0.395983
-0.061170 -0.395983
-0.328014 -0.395983
-0.024823 -0.395983
-0.410461 -0.395983
-0.274542 -0.395988
0.043937 -0.396118
0.400407 -0.396120
-0.024393 -0.396351
0.263528 -0.396358
0.372884 -0.396631
0.411348 -0.396700
-0.368794 -0.396700
0.394504 -0.396700
-0.028369 -0.396700
-0.453014 -0.396700
-0.016844 -0.396700
0.025709 -0.396700
0.351064 -0.396700
-0.329787 -0.396700
-0.340426 -0.396700
0.380319 -0.396700
-0.455674 -0.396700
0.477431 -0.396824
-0.060882 -0.396925
-0.415518 -0.396939
-0.341618 -0.397066
-0.421510 -0.397185
0.359270 -0.397190
-0.329803 -0.397379
-0.428191 -0.397418
-0.056738 -0.397418
0.037234 -0.397418
-0.274823 -0.397418
0.070035 -0.397418
-0.331560 -0.397418
-0.448582 -0.397418
0.437943 -0.397418
0.393617 -0.397418
-0.025709 -0.397418
-0.019504 -0.397418
-0.323165 -0.397419
0.108968 -0.397449
-0.358685 -0.397575
-0.365219 -0.397608
-0.013639 -0.397610
-0.324161 -0.397638
0.100899 -0.397643
-0.034450 -0.397644
-0.047689 -0.397799
-0.346271 -0.397924
-0.342157 -0.398117
-0.423759 -0.398135
-0.421099 -0.398135
0.019504 -0.398135
0.048759 -0.398135
0.395390 -0.398135
-0.437943 -0.398135
-0.020390 -0.398135
-0.060284 -0.398135
-0.445650 -0.398267
-0.358176 -0.398280
0.391285 -0.398392
-0.416553 -0.398526
0.457893 -0.398694
-0.345745 -0.398852
0.464539 -0.398852
-0.416667 -0.398852
-0.313830 -0.398852
0.396277 -0.398852
-0.039894 -0.398852
-0.030142 -0.398852
-0.033688 -0.398852
-0.272163 -0.398852
-0.399823 -0.398852
0.441489 -0.398852
0.343972 -0.398852
-0.010638 -0.398852
-0.278369 -0.398852
-0.026596 -0.398852
-0.078014 -0.398852
0.375887 -0.398852
-0.453901 -0.398852
0.060284 -0.398852
0.140957 -0.398852
0.394504 -0.398852
-0.018735 -0.398876
-0.025876 -0.398914
-0.055959 -0.398937
0.030137 -0.399021
0.392544 -0.399488
-0.029017 -0.399566
0.017730 -0.399570
-0.356383 -0.399570
-0.409574 -0.399570
-0.336879 -0.399570
-0.405142 -0.399570
-0.021277 -0.399570
-0.013298 -0.399570
-0.070922 -0.399570
0.062057 -0.399570
0.063592 -0.399571
-0.268374 -0.399629
-0.028506 -0.399847
-0.445375 -0.400018
0.445922 -0.400287
-0.275709 -0.400287
-0.289007 -0.400287
-0.432624 -0.400287
-0.015957 -0.400287
0.395390 -0.400287
0.063830 -0.400287
-0.063830 -0.400287
-0.399001 -0.400462
0.097300 -0.400464
-0.352297 -0.400530
0.122575 -0.400720
-0.345739 -0.400795
-0.345708 -0.400823
-0.059243 -0.400900
0.439716 -0.401004
-0.428191 -0.401004
0.032801 -0.401004
-0.414894 -0.401004
-0.028369 -0.401004
-0.080674 -0.401004
0.396277 -0.401004
0.394670 -0.401111
-0.423342 -0.401142
-0.406703 -0.401372
0.069222 -0.401500
0.397163 -0.401722
-0.418440 -0.401722
-0.273050 -0.401722
-0.423759 -0.401722
-0.342199 -0.401722
-0.286348 -0.401722
0.429965 -0.401722
-0.375887 -0.401722
-0.421099 -0.401722
-0.299645 -0.401722
-0.351950 -0.401722
0.120567 -0.401722
0.325355 -0.401722
0.093972 -0.401722
-0.046986 -0.401722
0.118794 -0.401722
0.370567 -0.401722
-0.002660 -0.401722
0.079787 -0.401722
0.396277 -0.401722
-0.349291 -0.401722
-0.026737 -0.401958
-0.440489 -0.402014
-0.423995 -0.402031
0.434294 -0.402220
-0.278694 -0.402225
-0.418484 -0.402259
0.397163 -0.402439
-0.328901 -0.402439
-0.437943 -0.402439
0.113475 -0.402439
-0.082395 -0.402441
0.013506 -0.402539
-0.418855 -0.402649
-0.425414 -0.402697
-0.454906 -0.402793
-0.349221 -0.402822
0.112973 -0.402829
-0.016174 -0.403010
-0.358156 -0.403156
-0.419326 -0.403156
-0.404255 -0.403156
0.397163 -0.403156
0.475177 -0.403156
-0.422872 -0.403156
-0.421986 -0.403156
-0.083333 -0.403156
-0.030142 -0.403156
-0.328014 -0.403156
0.000887 -0.403156
0.101950 -0.403156
-0.398050 -0.403156
-0.330674 -0.403156
0.388298 -0.403156
0.444842 -0.403229
-0.217446 -0.403249
-0.412217 -0.403308
0.392298 -0.403785
-0.015567 -0.403811
-0.416667 -0.403874
-0.383865 -0.403874
-0.075355 -0.403874
-0.443262 -0.403874
0.385298 -0.403968
0.051119 -0.404457
0.014088 -0.404529
0.028369 -0.404591
-0.409574 -0.404591
-0.421099 -0.404591
-0.345745 -0.404591
-0.421986 -0.404591
-0.420213 -0.404591
0.441489 -0.404591
-0.012411 -0.404591
-0.068262 -0.404591
-0.432624 -0.404591
0.073582 -0.404591
0.389184 -0.404591
0.477272 -0.404648
-0.024368 -0.404695
-0.420107 -0.404757
-0.398260 -0.404824
-0.417883 -0.405012
0.111450 -0.405145
-0.025349 -0.405150
-0.417553 -0.405308
0.014184 -0.405308
-0.343972 -0.405308
0.452128 -0.405308
0.436170 -0.405308
-0.353723 -0.405308
-0.335993 -0.405308
-0.428191 -0.405308
0.427305 -0.405308
0.358156 -0.405308
-0.007979 -0.405308
-0.015071 -0.405308
-0.021277 -0.405308
-0.030167 -0.405607
0.032517 -0.405750
-0.015859 -0.405946
-0.354610 -0.406026
-0.407801 -0.406026
-0.051418 -0.406026
0.450355 -0.406026
-0.319149 -0.406026
-0.078014 -0.406026
0.390071 -0.406026
-0.414894 -0.406026
-0.015957 -0.406026
-0.218972 -0.406026
-0.014058 -0.406119
-0.419617 -0.406127
0.296057 -0.406170
-0.027178 -0.406245
0.389876 -0.406246
-0.397734 -0.406335
0.047686 -0.406428
-0.427305 -0.406743
0.455674 -0.406743
-0.336879 -0.406743
-0.460106 -0.406743
0.383113 -0.406796
0.028634 -0.406853
-0.335484 -0.407112
-0.411169 -0.407278
-0.326180 -0.407420
-0.402482 -0.407461
0.041667 -0.407461
-0.023050 -0.407461
0.351064 -0.407461
-0.349291 -0.407461
-0.413121 -0.407461
-0.365248 -0.408178
-0.350177 -0.408178
-0.347518 -0.408178
0.053191 -0.408178
-0.070338 -0.408542
-0.403814 -0.408784
-0.073528 -0.408789
-0.016617 -0.408811
0.437943 -0.408895
-0.304965 -0.408895
0.393617 -0.408895
-0.291667 -0.408895
0.054965 -0.408895
-0.351064 -0.408895
0.382979 -0.408895
-0.348404 -0.408895
-0.432624 -0.408895
-0.072695 -0.408895
-0.411348 -0.408895
-0.345745 -0.408895
-0.329787 -0.408895
0.083333 -0.408895
-0.421458 -0.409111
0.297237 -0.409122
-0.435373 -0.409499
-0.355111 -0.409517
0.442376 -0.409613
-0.328901 -0.409613
0.411693 -0.409725
0.434435 -0.409788
-0.331398 -0.409865
-0.010066 -0.410010
0.024840 -0.410095
0.393902 -0.410312
0.024823 -0.410330
0.445922 -0.410330
0.332447 -0.410330
-0.014184 -0.410330
-0.338652 -0.410330
0.091312 -0.410330
0.122340 -0.410330
0.350177 -0.410330
-0.406028 -0.410330
-0.330674 -0.410330
-0.446809 -0.410330
-0.328014 -0.410330
0.338203 -0.410648
-0.429455 -0.410677
-0.424645 -0.411047
0.037234 -0.411047
0.466312 -0.411047
-0.361702 -0.411047
-0.420213 -0.411047
-0.421099 -0.411047
0.110816 -0.411047
-0.329787 -0.411047
-0.009752 -0.411047
-0.015071 -0.411047
-0.009915 -0.411122
-0.417596 -0.411267
-0.386638 -0.411294
-0.434748 -0.411360
-0.448475 -0.411423
0.030142 -0.411765
-0.417553 -0.411765
0.413121 -0.411765
0.386525 -0.411765
-0.015957 -0.411765
-0.331560 -0.411765
-0.400709 -0.411765
-0.005319 -0.411765
0.099291 -0.411765
-0.384543 -0.411780
0.416230 -0.412151
-0.425571 -0.412232
0.387510 -0.412435
-0.331954 -0.412478
0.298759 -0.412482
0.400709 -0.412482
-0.386525 -0.412482
0.370567 -0.412482
0.383865 -0.412482
-0.433707 -0.412570
-0.309829 -0.412915
0.299038 -0.412973
0.434397 -0.413199
-0.372340 -0.413199
0.064716 -0.413199
-0.415780 -0.413199
-0.009752 -0.413199
-0.429965 -0.413199
-0.319149 -0.413199
0.361297 -0.413397
-0.006352 -0.413530
-0.012965 -0.413749
0.438830 -0.413917
0.007979 -0.413917
0.299645 -0.413917
-0.010638 -0.413917
-0.005319 -0.413917
-0.378043 -0.413929
0.445803 -0.414420
0.440568 -0.414515
0.443262 -0.414634
0.390071 -0.414634
0.335993 -0.414634
0.399510 -0.414638
0.450514 -0.414833
0.397642 -0.415105
-0.426957 -0.415288
0.387411 -0.415352
0.446809 -0.415352
-0.436170 -0.415352
0.446419 -0.415426
0.433106 -0.415589
-0.347415 -0.415784
-0.349600 -0.415894
0.384752 -0.416069
0.021277 -0.416069
0.007979 -0.416069
0.450355 -0.416069
-0.310284 -0.416069
0.371454 -0.416069
-0.005319 -0.416069
0.358156 -0.416069
0.357992 -0.416356
0.452991 -0.416414
-0.374922 -0.416461
0.431738 -0.416786
-0.449468 -0.416786
-0.351950 -0.417504
0.436170 -0.417504
0.026596 -0.417504
0.046099 -0.417504
-0.021277 -0.417504
-0.420213 -0.417504
0.447695 -0.417504
-0.349291 -0.417504
-0.423759 -0.417504
-0.427305 -0.417504
-0.353723 -0.417504
0.453901 -0.417504
-0.016989 -0.417519
-0.418659 -0.417526
-0.383451 -0.417809
-0.426307 -0.418090
-0.311208 -0.418129
0.451241 -0.418221
0.397163 -0.418221
0.039007 -0.418221
0.396083 -0.418584
0.385367 -0.418637
-0.371454 -0.418938
-0.447695 -0.418938
-0.421986 -0.418938
-0.425532 -0.418938
0.394504 -0.418938
0.357270 -0.418938
0.031915 -0.418938
0.370567 -0.418938
0.457447 -0.418938
-0.342199 -0.418938
-0.021691 -0.419480
-0.427334 -0.419550
-0.364362 -0.419656
-0.289894 -0.419656
0.390071 -0.419656
-0.375000 -0.419656
0.454787 -0.419656
-0.433511 -0.419656
-0.398050 -0.419656
-0.415075 -0.420014
0.016881 -0.420098
-0.377020 -0.420108
0.417690 -0.420123
-0.391388 -0.420180
0.387411 -0.420373
-0.042553 -0.420373
0.429078 -0.420373
-0.392730 -0.420373
0.452128 -0.420373
-0.410461 -0.420373
-0.423759 -0.420373
-0.375214 -0.420527
0.356731 -0.420932
-0.378546 -0.421090
0.416667 -0.421090
0.218085 -0.421090
-0.402780 -0.421171
-0.397040 -0.421205
0.454020 -0.421232
-0.016652 -0.421337
-0.016572 -0.421352
0.399280 -0.421380
-0.016163 -0.421776
-0.289007 -0.421808
-0.014184 -0.421808
-0.405142 -0.421808
0.356383 -0.421808
0.404255 -0.421808
-0.439716 -0.421808
-0.242021 -0.421808
-0.427305 -0.422525
0.002660 -0.422525
0.437057 -0.422525
-0.466312 -0.422525
0.015957 -0.422525
0.401596 -0.422525
0.445182 -0.422748
-0.015801 -0.422750
-0.001250 -0.422862
0.439261 -0.422878
0.353292 -0.422966
-0.349011 -0.423111
0.020390 -0.423242
-0.322695 -0.423242
-0.335993 -0.423242
0.398936 -0.423242
0.032149 -0.423329
-0.352891 -0.423449
-0.326694 -0.423540
0.416358 -0.423780
0.394504 -0.423960
-0.008865 -0.423960
0.032801 -0.423960
-0.324468 -0.423960
-0.425532 -0.423960
-0.404070 -0.424331
-0.370567 -0.424677
0.390071 -0.424677
-0.414894 -0.424677
-0.004433 -0.424677
-0.001773 -0.424677
-0.433511 -0.424677
0.025709 -0.424677
-0.242908 -0.424677
-0.446390 -0.424700
-0.334158 -0.425345
-0.374113 -0.425395
-0.363475 -0.425395
-0.148050 -0.425395
0.429965 -0.425395
0.441489 -0.425395
-0.332447 -0.425395
-0.152605 -0.425441
-0.413181 -0.425446
-0.417139 -0.425591
0.419906 -0.425692
-0.354946 -0.425897
-0.352837 -0.426112
-0.377660 -0.426112
-0.354610 -0.426112
-0.356383 -0.426112
-0.313830 -0.426112
0.342199 -0.426112
0.417553 -0.426112
-0.416667 -0.426112
-0.246325 -0.426140
-0.365437 -0.426202
0.400079 -0.426230
0.010360 -0.426555
-0.359950 -0.426826
-0.308511 -0.426829
-0.354359 -0.426894
-0.401729 -0.427073
0.390613 -0.427175
-0.283855 -0.427470
-0.326960 -0.427535
-0.381206 -0.427547
-0.427305 -0.427547
-0.395390 -0.427547
0.340385 -0.427729
-0.352766 -0.427943
-0.400764 -0.428132
-0.004987 -0.428251
-0.354610 -0.428264
-0.356383 -0.428264
-0.390071 -0.428264
0.392818 -0.428273
-0.357150 -0.428417
-0.346117 -0.428655
0.359802 -0.428743
-0.009705 -0.428831
0.010638 -0.428981
-0.368794 -0.428981
-0.384752 -0.428981
0.372340 -0.428981
0.471340 -0.429243
-0.374354 -0.429428
0.015071 -0.429699
-0.402482 -0.429699
-0.361702 -0.429699
-0.372340 -0.429699
0.394504 -0.429699
-0.418440 -0.429699
-0.314551 -0.429712
0.404971 -0.429788
0.472974 -0.429849
0.390071 -0.430416
0.019504 -0.430416
0.441489 -0.430416
-0.356383 -0.430416
-0.346631 -0.430416
0.430851 -0.430416
-0.440603 -0.430416
0.186170 -0.430416
0.328014 -0.430416
0.185867 -0.430424
-0.396194 -0.430886
-0.357644 -0.430945
0.006206 -0.431133
0.395390 -0.431133
-0.279305 -0.431843
-0.283688 -0.431851
-0.396277 -0.431851
0.350177 -0.431851
-0.012411 -0.431851
0.358156 -0.431851
0.405142 -0.431851
-0.409574 -0.431851
0.010638 -0.431851
-0.457447 -0.431851
-0.361702 -0.431851
0.401368 -0.431919
0.009073 -0.432554
-0.390957 -0.432568
0.402482 -0.432568
-0.348404 -0.432568
-0.360816 -0.432568
-0.007979 -0.432568
-0.369601 -0.433175
-0.379433 -0.433286
0.462766 -0.433286
0.375000 -0.433286
-0.434397 -0.433286
-0.008865 -0.433286
0.001773 -0.433286
-0.003546 -0.433286
-0.367021 -0.433286
-0.000887 -0.433286
-0.401979 -0.433464
-0.003745 -0.433518
-0.351023 -0.433637
-0.355539 -0.433709
-0.379114 -0.433837
0.472518 -0.434003
-0.403369 -0.434003
-0.366135 -0.434003
-0.001773 -0.434003
-0.004433 -0.434003
-0.382979 -0.434720
-0.249113 -0.434720
-0.340426 -0.434720
-0.365248 -0.434720
-0.005319 -0.434720
-0.434000 -0.434917
-0.008363 -0.435032
-0.445084 -0.435327
0.430851 -0.435438
-0.430383 -0.435469
0.001456 -0.435553
-0.387334 -0.435705
-0.432148 -0.436121
-0.430955 -0.436151
0.390071 -0.436155
-0.317376 -0.436155
-0.397163 -0.436155
0.418440 -0.436155
0.335993 -0.436155
-0.432624 -0.436155
0.381206 -0.436155
-0.348840 -0.436279
-0.312057 -0.436872
-0.374113 -0.436872
-0.358156 -0.436872
-0.336879 -0.436872
-0.363228 -0.437100
0.388282 -0.437422
-0.311074 -0.437547
0.390957 -0.437590
-0.325355 -0.437590
-0.306738 -0.437590
-0.373227 -0.437590
-0.357176 -0.437918
-0.463749 -0.438154
0.009728 -0.438199
-0.371656 -0.438204
-0.389184 -0.438307
-0.423759 -0.438307
0.387484 -0.438576
-0.003099 -0.438648
0.303757 -0.438660
-0.307501 -0.438763
-0.311170 -0.439024
-0.333333 -0.439024
0.390957 -0.439024
-0.441489 -0.439024
0.391844 -0.439024
-0.362589 -0.439024
-0.350177 -0.439024
-0.362683 -0.439302
0.391546 -0.439323
-0.305851 -0.439742
-0.400686 -0.439801
-0.391365 -0.440132
-0.396750 -0.440206
-0.306996 -0.440213
0.400591 -0.440290
0.430851 -0.440459
0.391844 -0.440459
-0.381206 -0.440459
-0.267730 -0.440459
-0.406915 -0.440459
-0.465426 -0.440459
0.398936 -0.440459
0.390913 -0.440527
-0.321343 -0.440667
0.449468 -0.441176
0.418440 -0.441176
-0.391844 -0.441176
0.453901 -0.441176
0.451241 -0.441894
0.167553 -0.441894
0.381206 -0.441894
-0.304965 -0.441894
-0.321809 -0.441894
0.406028 -0.441894
0.351950 -0.441894
-0.439716 -0.441894
0.391844 -0.441894
0.359929 -0.441894
0.343972 -0.441894
-0.370567 -0.441894
0.447571 -0.442025
0.351082 -0.442344
0.393240 -0.442487
-0.400709 -0.442611
-0.398936 -0.442611
0.302305 -0.442611
0.397163 -0.442611
-0.332053 -0.442976
-0.331802 -0.443187
0.358156 -0.443329
0.350177 -0.443329
-0.330674 -0.443329
-0.359929 -0.443329
-0.383865 -0.443329
-0.329787 -0.443329
-0.402309 -0.443671
0.404255 -0.444046
-0.345745 -0.444046
0.362589 -0.444046
0.397163 -0.444046
0.361983 -0.444187
0.389632 -0.444254
-0.330232 -0.444375
-0.388716 -0.444593
-0.405047 -0.444619
-0.354470 -0.444632
0.421099 -0.444763
-0.114362 -0.444763
-0.315603 -0.444763
0.356383 -0.444763
0.382092 -0.444763
0.366135 -0.444763
-0.437943 -0.444763
-0.383117 -0.444896
0.365700 -0.445069
0.408688 -0.445481
0.360816 -0.445481
0.312234 -0.445495
0.416771 -0.445716
0.393027 -0.445873
0.357141 -0.445939
-0.398696 -0.445978
0.392067 -0.446110
0.462766 -0.446198
-0.342199 -0.446198
0.328014 -0.446198
0.394504 -0.446198
0.402482 -0.446198
-0.386525 -0.446198
0.365248 -0.446198
-0.382628 -0.446889
-0.421099 -0.446915
0.368794 -0.446915
0.406915 -0.447633
-0.393617 -0.447633
0.312943 -0.447633
0.425532 -0.447633
-0.328014 -0.447633
-0.327128 -0.447633
-0.212766 -0.447633
-0.326241 -0.447633
0.372340 -0.447633
-0.377193 -0.447653
-0.403992 -0.447762
-0.331818 -0.447879
0.399823 -0.448350
-0.340426 -0.448350
-0.355496 -0.448350
-0.385544 -0.448697
0.334479 -0.448859
0.373693 -0.448954
0.411348 -0.449067
-0.404255 -0.449067
-0.400709 -0.449067
-0.402482 -0.449067
-0.437943 -0.449067
0.387411 -0.449067
0.347853 -0.449153
0.405267 -0.449176
0.405998 -0.449227
0.373611 -0.449323
0.361616 -0.449416
0.404255 -0.449785
-0.377660 -0.449785
0.344858 -0.449785
0.320035 -0.449785
-0.098232 -0.449984
0.422758 -0.449994
0.372656 -0.450147
0.390399 -0.450283
0.397163 -0.450502
0.471631 -0.450502
-0.340095 -0.450659
0.409865 -0.451067
-0.399842 -0.451124
0.438830 -0.451220
0.351064 -0.451220
-0.367021 -0.451220
0.357270 -0.451220
0.408587 -0.451457
-0.382192 -0.451845
-0.299645 -0.451937
0.415780 -0.451937
-0.465426 -0.451937
0.335993 -0.451937
0.414007 -0.451937
0.377660 -0.451937
-0.436170 -0.451937
0.361702 -0.451937
0.413121 -0.452654
0.368794 -0.452654
-0.337766 -0.452654
-0.380319 -0.452654
0.392608 -0.452763
0.272380 -0.452884
0.415122 -0.453063
-0.422716 -0.453124
0.390071 -0.453372
-0.385638 -0.453372
-0.351064 -0.453372
0.372340 -0.453372
-0.308558 -0.453579
0.414754 -0.453648
0.349138 -0.453721
-0.419326 -0.454089
0.341868 -0.454449
-0.392730 -0.454806
-0.094858 -0.454806
0.416667 -0.454806
0.418440 -0.454806
-0.310284 -0.454806
0.420213 -0.454806
0.276596 -0.454806
0.359714 -0.455151
-0.463071 -0.455362
-0.393426 -0.455444
0.348480 -0.455461
0.361760 -0.455480
-0.465426 -0.455524
0.415780 -0.455524
-0.349291 -0.455524
-0.090082 -0.455806
-0.093997 -0.455876
-0.346557 -0.456011
0.416154 -0.456035
-0.404659 -0.456058
-0.200780 -0.456113
0.405307 -0.456147
-0.406028 -0.456241
-0.404255 -0.456241
0.132092 -0.456241
0.382979 -0.456241
-0.362589 -0.456241
0.414894 -0.456241
-0.334331 -0.456294
0.422239 -0.456330
0.388508 -0.456350
-0.393794 -0.456443
0.421126 -0.456538
0.410441 -0.456824
-0.379147 -0.456952
0.120567 -0.456958
0.417553 -0.456958
0.419326 -0.456958
0.411008 -0.457488
0.406915 -0.457676
-0.437943 -0.457676
0.397163 -0.457676
-0.089539 -0.457676
-0.401596 -0.457676
0.416667 -0.457676
0.358156 -0.457676
0.345745 -0.457676
-0.218085 -0.457676
0.377660 -0.457676
-0.347518 -0.457676
-0.218972 -0.457676
0.351950 -0.457676
-0.213652 -0.457676
-0.333851 -0.457775
-0.353648 -0.457945
0.336504 -0.458037
0.422873 -0.458059
0.271151 -0.458141
0.415370 -0.458295
0.350441 -0.458303
0.433511 -0.458393
0.399823 -0.458393
0.365248 -0.458393
0.380399 -0.458544
0.400508 -0.458727
0.444987 -0.459045
0.372340 -0.459110
-0.374113 -0.459110
-0.434397 -0.459110
0.418440 -0.459110
0.371431 -0.459362
0.359163 -0.459431
-0.434396 -0.459680
0.372584 -0.459699
0.272163 -0.459828
0.383865 -0.459828
-0.332447 -0.459828
-0.333333 -0.459828
-0.379433 -0.459828
0.336879 -0.459828
0.287234 -0.459828
0.451237 -0.459989
0.398305 -0.460212
0.393195 -0.460353
-0.436528 -0.460370
-0.371791 -0.460491
-0.384752 -0.460545
0.390071 -0.460545
0.337766 -0.460545
-0.083406 -0.460599
0.295345 -0.460847
0.371385 -0.460862
-0.421099 -0.461263
0.379433 -0.461263
0.408688 -0.461263
0.411368 -0.461620
0.377884 -0.461628
-0.294326 -0.461980
0.328014 -0.461980
0.446809 -0.461980
0.357270 -0.461980
0.351064 -0.461980
0.451572 -0.462328
-0.361948 -0.462380
-0.204304 -0.462383
0.286622 -0.462614
0.448582 -0.462697
0.328901 -0.462697
0.414007 -0.462697
0.374113 -0.462697
-0.059004 -0.462704
-0.346318 -0.462732
-0.384394 -0.462732
0.246103 -0.462899
-0.056678 -0.463341
0.378533 -0.463397
0.329787 -0.463415
-0.351064 -0.463415
0.450355 -0.463415
0.384752 -0.463415
-0.393617 -0.463415
-0.407801 -0.463415
0.363475 -0.463415
0.343972 -0.463415
-0.199468 -0.463415
0.349291 -0.463415
0.286492 -0.463415
0.334906 -0.463446
0.266863 -0.463630
-0.405158 -0.463632
0.305889 -0.463788
0.390957 -0.464132
-0.438830 -0.464132
0.244681 -0.464132
0.415780 -0.464132
0.370567 -0.464132
-0.318262 -0.464132
0.397100 -0.464154
-0.410326 -0.464366
0.247442 -0.464757
0.267730 -0.464849
-0.343085 -0.464849
0.286348 -0.464849
0.472518 -0.464849
0.380319 -0.464849
0.297872 -0.464849
-0.346631 -0.464849
-0.405142 -0.464849
0.397163 -0.464849
0.378938 -0.464924
0.210437 -0.464956
0.386380 -0.464970
-0.177618 -0.465199
-0.214803 -0.465435
0.243867 -0.465524
0.320035 -0.465567
0.399823 -0.465567
0.424645 -0.465567
0.325355 -0.465567
-0.349291 -0.465567
0.318012 -0.465867
-0.313062 -0.465997
-0.426965 -0.466214
0.304889 -0.466221
0.326241 -0.466284
0.335993 -0.466284
-0.362589 -0.466284
0.402482 -0.466284
-0.402482 -0.466284
0.446809 -0.466284
0.385638 -0.466284
0.375887 -0.466284
0.356383 -0.466284
0.336462 -0.466305
0.385680 -0.466538
0.275709 -0.467001
0.391844 -0.467001
-0.179078 -0.467001
0.304965 -0.467001
0.448582 -0.467001
0.401031 -0.467095
0.409807 -0.467151
0.382936 -0.467314
0.379556 -0.467320
-0.421572 -0.467453
0.332447 -0.467719
-0.214539 -0.467719
0.407801 -0.467719
-0.434397 -0.467719
0.392730 -0.467719
0.354610 -0.467719
-0.223404 -0.467719
0.362589 -0.467719
-0.224291 -0.467719
0.091312 -0.467719
0.381206 -0.467719
-0.218972 -0.467719
0.372340 -0.467719
0.423759 -0.467719
-0.225177 -0.467719
0.356641 -0.467766
0.313509 -0.467766
0.397301 -0.467813
0.428842 -0.467871
0.334222 -0.468034
0.393023 -0.468244
0.328014 -0.468436
0.395390 -0.468436
0.340451 -0.468874
-0.337123 -0.469090
0.240248 -0.469154
0.265071 -0.469154
-0.059397 -0.469154
0.437943 -0.469154
0.322695 -0.469154
0.312057 -0.469154
0.352837 -0.469154
0.368794 -0.469154
0.342199 -0.469154
0.317376 -0.469154
0.413121 -0.469154
0.347518 -0.469154
0.099291 -0.469154
0.386525 -0.469154
0.396241 -0.469190
-0.390071 -0.469871
0.265957 -0.469871
0.296986 -0.469871
-0.460993 -0.469871
-0.421099 -0.469871
0.376773 -0.469871
0.313830 -0.469871
-0.370567 -0.469871
0.319149 -0.469871
0.387411 -0.469871
0.319023 -0.469923
0.322516 -0.470491
0.338652 -0.470588
0.348404 -0.470588
-0.375887 -0.470588
0.343085 -0.470588
-0.278369 -0.470588
0.388298 -0.470588
0.446809 -0.470588
0.315603 -0.470588
0.314841 -0.470590
0.314057 -0.470600
0.093495 -0.470618
-0.368424 -0.470713
0.309019 -0.470759
0.367960 -0.470949
0.385701 -0.470995
0.209396 -0.471048
-0.401596 -0.471306
0.382092 -0.471306
0.373227 -0.471306
0.324468 -0.471306
-0.302305 -0.471306
-0.346187 -0.471340
0.303344 -0.471376
0.262741 -0.471835
0.339537 -0.472013
0.339539 -0.472023
-0.345745 -0.472023
0.335106 -0.472023
0.343972 -0.472023
-0.342199 -0.472023
-0.338652 -0.472023
-0.287234 -0.472023
0.072695 -0.472023
0.270390 -0.472023
0.271277 -0.472023
0.304078 -0.472023
0.312943 -0.472023
0.320922 -0.472023
0.382979 -0.472023
0.269555 -0.472046
0.262814 -0.472052
0.286035 -0.472266
0.378890 -0.472330
-0.348404 -0.472740
0.330674 -0.472740
-0.227837 -0.472740
0.314716 -0.472740
-0.420213 -0.472740
-0.228723 -0.472740
-0.398936 -0.472740
0.421099 -0.472740
0.290484 -0.472850
-0.346683 -0.472914
0.399788 -0.472997
0.325879 -0.473141
-0.176490 -0.473190
0.391746 -0.473207
0.326241 -0.473458
0.212766 -0.473458
-0.351064 -0.473458
0.377660 -0.473458
0.237589 -0.473458
0.262411 -0.473458
0.437943 -0.473458
-0.243794 -0.473458
-0.200355 -0.473458
0.435910 -0.473606
0.357876 -0.473709
-0.351861 -0.473724
0.380768 -0.473778
0.367975 -0.473930
-0.338291 -0.473979
0.327513 -0.474142
0.263298 -0.474175
0.320035 -0.474175
-0.348404 -0.474175
-0.344858 -0.474175
0.360816 -0.474175
-0.279268 -0.474214
-0.251430 -0.474244
-0.374230 -0.474538
-0.294765 -0.474577
0.304965 -0.474892
-0.293440 -0.474892
0.296099 -0.474892
-0.351064 -0.474892
0.313830 -0.474892
0.264184 -0.474892
0.379277 -0.474912
0.318668 -0.474944
-0.337233 -0.475096
-0.250609 -0.475185
0.320035 -0.475610
0.367021 -0.475610
0.359043 -0.475610
0.290905 -0.475767
0.311533 -0.476002
0.385810 -0.476246
0.429078 -0.476327
-0.351064 -0.476327
0.450355 -0.476327
0.397163 -0.476327
0.313830 -0.476327
-0.324468 -0.476327
0.304965 -0.476327
-0.434397 -0.476327
0.320644 -0.476447
0.362471 -0.476644
0.306813 -0.476727
0.299819 -0.476888
-0.359043 -0.477044
0.386525 -0.477044
0.285461 -0.477044
0.268617 -0.477044
0.419099 -0.477046
0.353997 -0.477188
-0.205041 -0.477315
-0.206560 -0.477762
-0.232270 -0.477762
0.371454 -0.477762
0.313830 -0.477762
0.402482 -0.477762
0.322239 -0.478120
0.333333 -0.478479
0.337766 -0.478479
0.381206 -0.478479
-0.359043 -0.478479
0.390071 -0.478479
0.059397 -0.478479
-0.247340 -0.478479
-0.359914 -0.478716
0.269131 -0.478808
0.328901 -0.479197
-0.217199 -0.479197
0.356383 -0.479197
-0.262411 -0.479197
0.273050 -0.479197
0.273936 -0.479197
-0.212766 -0.479197
-0.186170 -0.479197
-0.433511 -0.479197
-0.395390 -0.479197
0.274823 -0.479197
0.284735 -0.479479
0.374509 -0.479550
-0.381206 -0.479914
0.448582 -0.479914
0.351950 -0.480631
-0.414007 -0.480631
-0.310284 -0.480631
-0.271277 -0.480631
-0.367021 -0.480631
-0.253862 -0.480706
0.236138 -0.480783
-0.284085 -0.481037
-0.257141 -0.481147
0.365264 -0.481240
0.410461 -0.481349
-0.344858 -0.481349
0.322695 -0.481349
-0.261525 -0.481349
-0.239362 -0.481349
-0.355040 -0.481389
-0.369801 -0.481912
0.375000 -0.482066
-0.254433 -0.482066
-0.432624 -0.482066
-0.280142 -0.482066
0.365248 -0.482066
-0.374826 -0.482124
-0.384076 -0.482253
0.271607 -0.482318
0.351865 -0.482576
-0.000899 -0.482618
0.349291 -0.482783
-0.022163 -0.482783
-0.261525 -0.482783
0.340426 -0.482783
0.439716 -0.482783
-0.435284 -0.482783
-0.165780 -0.482783
0.351958 -0.482804
-0.299977 -0.482837
-0.305963 -0.483064
0.437413 -0.483138
-0.358922 -0.483320
0.384752 -0.483501
-0.260638 -0.483501
-0.281028 -0.483501
-0.192376 -0.483501
-0.382979 -0.483501
-0.351064 -0.483501
0.307373 -0.483637
-0.345358 -0.483826
-0.387639 -0.483864
0.331431 -0.483998
-0.297643 -0.484193
-0.331560 -0.484218
-0.253546 -0.484218
-0.368794 -0.484218
-0.270390 -0.484218
-0.301418 -0.484218
-0.221631 -0.484218
-0.018617 -0.484218
-0.256829 -0.484434
-0.373448 -0.484472
0.348670 -0.484549
-0.364000 -0.484747
-0.381891 -0.484823
0.388298 -0.484935
-0.246454 -0.484935
-0.281915 -0.484935
-0.259752 -0.484935
-0.260638 -0.484935
0.331560 -0.484935
-0.001773 -0.484935
-0.286348 -0.484935
-0.305851 -0.484935
-0.020114 -0.485451
-0.197052 -0.485528
0.223404 -0.485653
0.250887 -0.485653
0.226064 -0.485653
-0.252660 -0.485653
0.362589 -0.485653
-0.359043 -0.485653
-0.434397 -0.485653
0.303636 -0.486043
0.358893 -0.486096
-0.368764 -0.486116
-0.259752 -0.486370
-0.258865 -0.486370
0.251773 -0.486370
-0.231383 -0.486370
-0.145390 -0.486370
-0.287234 -0.486370
-0.260638 -0.486370
0.391844 -0.486370
-0.311170 -0.486370
-0.384752 -0.486370
0.368794 -0.486370
-0.010638 -0.486370
0.367021 -0.486370
-0.312057 -0.486370
-0.281660 -0.486451
0.368041 -0.486481
0.381778 -0.486554
0.256686 -0.486735
0.246470 -0.486880
-0.262550 -0.486907
-0.185284 -0.487088
0.378546 -0.487088
-0.014184 -0.487088
-0.187995 -0.487225
-0.252219 -0.487338
-0.209007 -0.487426
0.306021 -0.487527
-0.378058 -0.487651
0.362339 -0.487659
0.177305 -0.487805
-0.292553 -0.487805
0.307624 -0.487805
-0.198582 -0.487805
-0.370567 -0.487805
-0.387347 -0.487922
0.384420 -0.488015
-0.293483 -0.488096
0.382092 -0.488522
0.210993 -0.488522
-0.198582 -0.488522
-0.413121 -0.488522
-0.296986 -0.488522
0.256206 -0.488522
-0.277482 -0.488522
-0.317376 -0.488522
-0.013881 -0.488564
-0.298488 -0.488608
0.379108 -0.489021
-0.260817 -0.489077
-0.183010 -0.489134
0.450355 -0.489240
-0.301418 -0.489240
-0.436170 -0.489240
-0.204787 -0.489240
0.316489 -0.489240
-0.179965 -0.489240
0.334220 -0.489240
0.359929 -0.489240
-0.287234 -0.489240
-0.198582 -0.489240
-0.360816 -0.489240
0.377864 -0.489339
-0.318148 -0.489521
-0.300562 -0.489593
-0.194926 -0.489619
-0.287986 -0.489648
0.221467 -0.489703
-0.211544 -0.489899
-0.278369 -0.489957
-0.238475 -0.489957
0.333333 -0.489957
-0.204787 -0.489957
-0.431738 -0.489957
0.364362 -0.489957
0.291667 -0.489957
-0.351476 -0.490321
0.325352 -0.490353
-0.419368 -0.490644
-0.267730 -0.490674
-0.306738 -0.490674
-0.372340 -0.490674
-0.292553 -0.490674
-0.371454 -0.490674
0.368794 -0.490674
0.431738 -0.490674
-0.210993 -0.490674
0.370567 -0.490674
0.372340 -0.490674
-0.351064 -0.490674
-0.241095 -0.491266
-0.240248 -0.491392
-0.191489 -0.491392
-0.296986 -0.491392
0.357270 -0.491392
-0.378162 -0.491514
0.435744 -0.491800
0.030457 -0.491932
0.428998 -0.491991
-0.191489 -0.492109
0.203901 -0.492109
0.281028 -0.492109
-0.312057 -0.492109
0.280142 -0.492109
-0.313830 -0.492109
-0.312943 -0.492109
0.361702 -0.492109
-0.238858 -0.492369
0.280272 -0.492502
-0.207113 -0.492768
0.429965 -0.492826
-0.220745 -0.492826
-0.367908 -0.492826
-0.413121 -0.492826
-0.251773 -0.492826
-0.159574 -0.492826
-0.192376 -0.492826
0.325355 -0.492826
-0.347104 -0.492897
-0.143176 -0.492992
0.350446 -0.492996
-0.187878 -0.493196
-0.262036 -0.493308
-0.257396 -0.493316
-0.159864 -0.493372
-0.337766 -0.493544
-0.257979 -0.493544
-0.433511 -0.493544
-0.258865 -0.493544
0.031028 -0.493544
0.336879 -0.493544
-0.373227 -0.493544
0.345745 -0.493544
-0.374113 -0.493544
0.354610 -0.493544
-0.372340 -0.493544
-0.292553 -0.493544
-0.187859 -0.493602
-0.372530 -0.493682
-0.175135 -0.493706
-0.310267 -0.494083
0.313972 -0.494161
-0.440877 -0.494168
0.335993 -0.494261
-0.283688 -0.494261
-0.152482 -0.494261
-0.358156 -0.494261
-0.319149 -0.494261
-0.291807 -0.494345
-0.311989 -0.494561
-0.206795 -0.494561
-0.314926 -0.494725
-0.205879 -0.494728
0.359937 -0.494773
0.330951 -0.494774
0.353844 -0.494789
-0.230496 -0.494978
-0.274823 -0.494978
0.335106 -0.494978
-0.184397 -0.494978
-0.195035 -0.494978
0.278369 -0.494978
-0.318262 -0.494978
-0.434397 -0.494978
-0.299645 -0.494978
-0.307735 -0.495267
0.447675 -0.495592
-0.251318 -0.495654
-0.438949 -0.495654
0.352554 -0.495663
-0.200634 -0.495674
-0.185284 -0.495696
0.335993 -0.495696
-0.368794 -0.495696
-0.435284 -0.495696
-0.210993 -0.495696
-0.195922 -0.495696
-0.203014 -0.495696
-0.369681 -0.495696
-0.188339 -0.496192
-0.186170 -0.496413
-0.125887 -0.496413
-0.232270 -0.496413
-0.324468 -0.496413
-0.184397 -0.496413
0.335106 -0.496413
-0.351950 -0.496413
-0.304965 -0.496413
-0.209220 -0.496413
0.314382 -0.496838
0.277749 -0.497083
-0.323582 -0.497131
-0.185284 -0.497131
-0.179078 -0.497131
-0.295213 -0.497131
0.442376 -0.497131
-0.330035 -0.497403
0.344581 -0.497405
-0.171118 -0.497423
-0.309844 -0.497672
-0.311168 -0.497817
-0.220745 -0.497848
0.411348 -0.497848
-0.184397 -0.497848
-0.322695 -0.497848
-0.234043 -0.497848
-0.430851 -0.497848
0.236702 -0.497848
-0.265957 -0.497848
0.327128 -0.497848
0.239362 -0.497848
0.335106 -0.497848
-0.232270 -0.497848
-0.365248 -0.497848
0.234043 -0.497848
-0.345745 -0.497848
-0.192546 -0.497894
-0.183906 -0.498141
-0.233805 -0.498349
0.337610 -0.498445
-0.181700 -0.498473
-0.179078 -0.498565
-0.188830 -0.498565
-0.307624 -0.498565
-0.308511 -0.498565
-0.333005 -0.498950
-0.233951 -0.498958
0.330490 -0.498987
-0.184886 -0.499019
-0.306091 -0.499251
-0.266844 -0.499283
0.447695 -0.499283
-0.245567 -0.499283
-0.234043 -0.499283
-0.173759 -0.499283
-0.187943 -0.499283
0.268617 -0.499283
0.327128 -0.499283
-0.220745 -0.499283
-0.431738 -0.499283
-0.193598 -0.499324
-0.433991 -0.499407
-0.328301 -0.499411
-0.188776 -0.499421
-0.362516 -0.499623
-0.194177 -0.499730
-0.170340 -0.499775
0.238404 -0.499826
0.335106 -0.500000
-0.402482 -0.500000
-0.131206 -0.500000
-0.182624 -0.500000
-0.359043 -0.500000
0.391844 -0.500000
0.443337 -0.500304
-0.273355 -0.500658
-0.367021 -0.500717
-0.234043 -0.500717
-0.290780 -0.500717
-0.191489 -0.500717
0.221631 -0.500717
0.367908 -0.500717
-0.166667 -0.500717
0.319149 -0.500717
-0.177305 -0.500717
-0.332447 -0.500717
-0.432624 -0.500717
-0.297872 -0.500717
-0.257092 -0.500717
0.369681 -0.500717
-0.210993 -0.500717
0.444991 -0.500771
0.236868 -0.500824
-0.201619 -0.500995
0.388796 -0.501102
-0.227760 -0.501129
-0.372126 -0.501269
-0.275709 -0.501435
-0.281915 -0.501435
-0.312943 -0.501435
-0.192376 -0.501435
-0.331560 -0.501435
-0.433511 -0.501435
-0.209220 -0.501435
0.327128 -0.501435
0.348404 -0.501435
-0.186170 -0.501435
0.339539 -0.501435
-0.194205 -0.501524
-0.205600 -0.501714
-0.252572 -0.501795
-0.235621 -0.502040
0.232516 -0.502059
-0.430851 -0.502152
-0.221631 -0.502152
0.141844 -0.502152
-0.257979 -0.502152
0.382092 -0.502152
0.360816 -0.502152
-0.434397 -0.502152
-0.193262 -0.502152
-0.187057 -0.502152
-0.180851 -0.502152
-0.200355 -0.502152
0.335106 -0.502152
-0.210993 -0.502152
-0.352837 -0.502152
-0.207447 -0.502152
-0.159574 -0.502152
-0.188187 -0.502164
-0.187478 -0.502357
-0.216385 -0.502363
-0.221979 -0.502650
-0.362589 -0.502869
0.230496 -0.502869
0.233156 -0.502869
0.303191 -0.502869
-0.300532 -0.502869
-0.209220 -0.502869
-0.264565 -0.502874
0.233647 -0.502960
0.307503 -0.503028
-0.263125 -0.503268
-0.207799 -0.503331
-0.336470 -0.503380
-0.277710 -0.503408
-0.167183 -0.503536
0.338652 -0.503587
-0.431738 -0.503587
-0.239362 -0.503587
-0.297872 -0.503587
0.378546 -0.503587
-0.346631 -0.503587
-0.258865 -0.503587
0.209220 -0.503587
-0.210993 -0.503587
0.278986 -0.503657
-0.188596 -0.503706
0.216423 -0.503949
-0.433764 -0.503974
-0.292527 -0.504019
-0.346620 -0.504050
-0.337630 -0.504115
-0.355197 -0.504267
-0.348404 -0.504304
-0.432624 -0.504304
-0.293440 -0.504304
0.333842 -0.504627
-0.350741 -0.504722
-0.356383 -0.505022
-0.223404 -0.505022
-0.239362 -0.505022
-0.250887 -0.505022
0.434397 -0.505022
0.287234 -0.505022
-0.340426 -0.505022
-0.303191 -0.505022
-0.301570 -0.505027
-0.430168 -0.505072
-0.231099 -0.505080
-0.435753 -0.505346
-0.276760 -0.505382
-0.348898 -0.505656
0.218085 -0.505739
-0.342199 -0.505739
-0.267730 -0.505739
0.338652 -0.505739
-0.210106 -0.505739
0.449468 -0.505739
-0.300532 -0.505739
-0.257092 -0.505739
-0.244471 -0.505801
-0.256430 -0.506025
-0.258078 -0.506147
-0.321385 -0.506358
-0.297872 -0.506456
-0.106383 -0.506456
-0.343972 -0.506456
-0.430851 -0.506456
-0.323582 -0.506456
0.168440 -0.506456
0.326241 -0.506456
-0.140071 -0.506456
-0.211879 -0.506456
-0.101775 -0.506594
0.230587 -0.506606
-0.234715 -0.506781
-0.277401 -0.506821
0.432397 -0.507143
-0.351950 -0.507174
-0.293440 -0.507174
-0.435284 -0.507174
0.439716 -0.507174
0.312057 -0.507174
-0.234929 -0.507174
0.202128 -0.507174
-0.257979 -0.507174
0.432624 -0.507174
0.334220 -0.507174
0.342499 -0.507691
0.226950 -0.507891
-0.282801 -0.507891
-0.289007 -0.507891
-0.276596 -0.507891
-0.359929 -0.507891
0.202128 -0.507891
-0.302305 -0.507891
0.285461 -0.507891
-0.223280 -0.508225
-0.296928 -0.508419
0.251773 -0.508608
-0.299645 -0.508608
0.239362 -0.508608
-0.203014 -0.508608
-0.195922 -0.508608
0.332332 -0.508659
0.213684 -0.508815
-0.335991 -0.508822
-0.287874 -0.509014
0.437943 -0.509326
0.445035 -0.509326
0.430851 -0.509326
-0.164894 -0.509326
0.342199 -0.509326
-0.212766 -0.509326
-0.244681 -0.509326
-0.204787 -0.509326
-0.404255 -0.509326
0.296099 -0.509326
0.349381 -0.509385
-0.278299 -0.509775
0.442844 -0.509813
0.282591 -0.509873
0.243794 -0.510043
0.148050 -0.510043
-0.250887 -0.510043
-0.111702 -0.510043
0.354610 -0.510043
-0.179078 -0.510043
-0.313830 -0.510043
-0.332447 -0.510043
-0.345523 -0.510105
-0.327612 -0.510141
-0.110614 -0.510145
-0.284086 -0.510302
0.287484 -0.510570
0.282896 -0.510735
-0.212766 -0.510760
0.337766 -0.510760
0.283688 -0.510760
0.195035 -0.510760
-0.157801 -0.510760
-0.257092 -0.510760
-0.301418 -0.510760
0.367021 -0.510760
-0.262411 -0.510760
-0.202947 -0.511206
0.249525 -0.511207
-0.356264 -0.511317
-0.253927 -0.511334
0.432800 -0.511373
0.321551 -0.511402
-0.356176 -0.511410
-0.224291 -0.511478
-0.240248 -0.511478
0.411348 -0.511478
-0.296986 -0.511478
-0.182624 -0.511478
0.195035 -0.511478
-0.188830 -0.511478
0.441294 -0.511569
0.194114 -0.511622
0.363452 -0.511705
-0.402114 -0.511752
-0.344194 -0.512053
0.235366 -0.512069
-0.212492 -0.512171
0.321809 -0.512195
0.195035 -0.512195
-0.212766 -0.512195
0.333333 -0.512195
-0.292553 -0.512195
-0.212279 -0.512219
0.369180 -0.512335
0.332721 -0.512480
-0.303304 -0.512753
-0.298841 -0.512850
-0.271277 -0.512912
-0.110816 -0.512912
0.130319 -0.512912
-0.224291 -0.512912
-0.312943 -0.512912
-0.339539 -0.512912
0.316489 -0.512912
-0.207447 -0.512912
0.282801 -0.512912
0.318114 -0.512927
-0.204241 -0.512943
-0.275355 -0.513023
0.177604 -0.513179
-0.242067 -0.513371
0.227352 -0.513589
-0.350504 -0.513589
0.337766 -0.513630
-0.341312 -0.513630
0.233156 -0.513630
-0.117021 -0.513630
0.304965 -0.513630
0.290780 -0.513630
0.375887 -0.513630
-0.298759 -0.513630
0.391844 -0.513630
-0.235816 -0.513630
-0.434397 -0.513630
0.369681 -0.513630
-0.195603 -0.513712
-0.198877 -0.513750
-0.300120 -0.513867
0.446263 -0.514127
-0.276596 -0.514347
-0.277482 -0.514347
-0.261525 -0.514347
-0.283688 -0.514347
0.191489 -0.514347
0.427305 -0.514347
0.174645 -0.514347
0.212766 -0.514347
-0.147163 -0.514347
-0.207447 -0.514347
0.120567 -0.514347
-0.114940 -0.514464
-0.112737 -0.514541
-0.304357 -0.514567
-0.205780 -0.514738
0.278650 -0.515035
0.191489 -0.515065
0.333333 -0.515065
-0.108156 -0.515065
0.367908 -0.515065
0.273936 -0.515065
-0.324468 -0.515065
0.281915 -0.515065
-0.198582 -0.515065
0.388298 -0.515065
0.367308 -0.515084
0.424723 -0.515162
-0.285892 -0.515220
0.302785 -0.515272
-0.197052 -0.515293
-0.341924 -0.515532
0.119777 -0.515543
0.367476 -0.515768
0.339539 -0.515782
0.446809 -0.515782
-0.432624 -0.515782
-0.251773 -0.515782
-0.200355 -0.515782
-0.112847 -0.515887
-0.273408 -0.516320
-0.315378 -0.516461
0.284574 -0.516499
0.407801 -0.516499
0.289007 -0.516499
-0.116135 -0.516499
0.191489 -0.516499
-0.257979 -0.516499
0.221631 -0.516499
-0.349291 -0.516499
0.372340 -0.516499
0.384752 -0.516499
-0.296099 -0.516499
0.378546 -0.516499
-0.202128 -0.516499
0.334747 -0.516541
-0.214797 -0.516703
0.193657 -0.516880
0.335826 -0.517000
0.166665 -0.517205
0.273050 -0.517217
-0.357270 -0.517217
0.445035 -0.517217
-0.402482 -0.517217
0.437943 -0.517217
0.348404 -0.517217
0.447001 -0.517232
0.443079 -0.517246
-0.192794 -0.517478
-0.350552 -0.517619
0.154255 -0.517934
0.171099 -0.517934
0.187943 -0.517934
0.333333 -0.517934
-0.265957 -0.517934
0.328901 -0.517934
-0.211879 -0.517934
0.370567 -0.517934
-0.331560 -0.517934
-0.191489 -0.517934
-0.213652 -0.517934
0.360816 -0.517934
0.299645 -0.517934
-0.312901 -0.518130
0.324474 -0.518217
0.226064 -0.518651
-0.225177 -0.518651
0.283688 -0.518651
0.205674 -0.518651
-0.287234 -0.518651
0.269552 -0.519001
-0.240362 -0.519090
0.175963 -0.519254
0.282972 -0.519340
0.264184 -0.519369
-0.271277 -0.519369
0.368794 -0.519369
0.239362 -0.519369
-0.115248 -0.519369
-0.156028 -0.519369
0.423759 -0.519369
0.187943 -0.519369
-0.195035 -0.519369
0.309397 -0.519369
-0.311170 -0.519369
-0.130933 -0.519539
-0.248156 -0.519847
0.448853 -0.519980
-0.262411 -0.520086
-0.245567 -0.520086
0.335106 -0.520086
-0.170213 -0.520086
-0.069149 -0.520086
-0.125887 -0.520086
-0.206560 -0.520086
-0.196809 -0.520086
0.280142 -0.520086
-0.218102 -0.520233
0.157701 -0.520264
0.453043 -0.520336
-0.253746 -0.520344
0.434698 -0.520403
0.279680 -0.520442
0.154031 -0.520677
0.339995 -0.520680
0.187943 -0.520803
0.256206 -0.520803
0.328901 -0.520803
-0.276596 -0.520803
-0.277482 -0.520803
-0.184397 -0.520803
-0.278369 -0.520803
0.243794 -0.520803
-0.338652 -0.520803
0.136525 -0.520803
0.264775 -0.520861
0.109759 -0.520998
0.372934 -0.521035
0.204519 -0.521301
-0.086859 -0.521346
0.447715 -0.521457
0.198582 -0.521521
-0.086879 -0.521521
-0.112589 -0.521521
-0.262411 -0.521521
0.407801 -0.521521
-0.322695 -0.521521
0.447218 -0.521638
-0.069186 -0.521741
0.360799 -0.521889
0.358878 -0.521984
0.289894 -0.522238
0.285461 -0.522238
0.271277 -0.522238
-0.187943 -0.522238
-0.241135 -0.522238
-0.301418 -0.522238
0.336879 -0.522238
0.448582 -0.522238
-0.258865 -0.522238
0.434397 -0.522238
0.294326 -0.522238
0.248227 -0.522238
0.361702 -0.522238
0.448582 -0.522956
-0.324468 -0.522956
-0.145390 -0.522956
0.404255 -0.522956
-0.125000 -0.522956
0.153369 -0.522956
0.330674 -0.522956
0.449782 -0.522977
0.179152 -0.522987
-0.349896 -0.523172
0.199602 -0.523260
0.294875 -0.523609
0.266430 -0.523644
0.324468 -0.523673
-0.210993 -0.523673
-0.150709 -0.523673
0.345745 -0.523673
-0.191489 -0.523673
-0.201241 -0.523673
0.281915 -0.523673
0.293440 -0.523673
-0.231383 -0.523673
0.289007 -0.523673
0.446809 -0.523673
-0.346631 -0.523673
0.268617 -0.523673
0.376773 -0.523673
-0.212766 -0.523673
-0.109929 -0.523673
-0.258865 -0.523673
0.118794 -0.523673
0.370567 -0.523673
0.304078 -0.523673
-0.214539 -0.523673
0.448582 -0.523673
0.334573 -0.523677
-0.167667 -0.523794
0.292159 -0.524045
0.284222 -0.524233
0.141960 -0.524385
0.424645 -0.524390
0.423759 -0.524390
0.232270 -0.524390
-0.395390 -0.524390
-0.342199 -0.524390
0.448582 -0.524390
0.319149 -0.524390
0.446809 -0.524390
0.265838 -0.524491
0.164327 -0.524544
-0.134457 -0.524644
0.444227 -0.524900
-0.276596 -0.525108
0.180851 -0.525108
-0.277482 -0.525108
0.368794 -0.525108
-0.123227 -0.525108
-0.269504 -0.525108
0.164007 -0.525108
-0.094858 -0.525108
0.445035 -0.525108
0.448582 -0.525108
0.278369 -0.525108
-0.434397 -0.525108
0.446809 -0.525108
-0.298759 -0.525108
0.354610 -0.525108
0.292553 -0.525108
0.109043 -0.525108
0.313830 -0.525108
0.216312 -0.525108
-0.258865 -0.525108
0.395029 -0.525132
0.223704 -0.525248
0.420201 -0.525251
-0.269604 -0.525452
-0.269341 -0.525510
0.358661 -0.525539
0.319524 -0.525581
0.173564 -0.525670
-0.264690 -0.525742
0.280364 -0.525749
-0.203376 -0.525764
0.373035 -0.525786
-0.324914 -0.525789
-0.331560 -0.525825
0.367021 -0.525825
0.195035 -0.525825
-0.188491 -0.525995
0.223476 -0.526039
0.429843 -0.526128
0.369045 -0.526154
-0.098182 -0.526292
-0.274823 -0.526542
0.180851 -0.526542
-0.252660 -0.526542
0.263298 -0.526542
-0.134752 -0.526542
0.275709 -0.526542
0.099291 -0.526542
-0.354610 -0.526542
-0.314647 -0.526545
-0.397406 -0.526572
-0.257216 -0.526584
-0.191208 -0.526595
0.327468 -0.526689
0.430648 -0.526877
-0.323837 -0.527044
-0.273846 -0.527064
-0.132499 -0.527135
-0.120567 -0.527260
0.148050 -0.527260
0.435284 -0.527260
0.220745 -0.527260
-0.140071 -0.527260
-0.289007 -0.527260
-0.350177 -0.527260
-0.272704 -0.527484
0.447958 -0.527788
0.287234 -0.527977
-0.252660 -0.527977
0.255319 -0.527977
0.209220 -0.527977
0.273050 -0.527977
-0.320922 -0.527977
-0.345745 -0.527977
0.152482 -0.527977
-0.145390 -0.527977
0.280445 -0.528088
0.280686 -0.528139
0.421338 -0.528143
0.226436 -0.528158
-0.261889 -0.528458
-0.288683 -0.528592
-0.132979 -0.528694
-0.265957 -0.528694
0.359929 -0.528694
-0.134752 -0.528694
-0.220745 -0.528694
-0.218972 -0.528694
-0.326706 -0.528722
0.173669 -0.528857
0.359272 -0.528880
0.304863 -0.529126
-0.188720 -0.529375
0.423759 -0.529412
0.225177 -0.529412
0.424645 -0.529412
-0.276596 -0.529412
0.425532 -0.529412
0.283688 -0.529412
-0.322695 -0.529412
0.277482 -0.529412
0.290780 -0.529412
-0.140071 -0.529412
0.117021 -0.529412
-0.335106 -0.529412
-0.280142 -0.529412
0.263644 -0.529481
0.272268 -0.529487
-0.114608 -0.529746
0.187998 -0.529814
0.242021 -0.530129
0.151596 -0.530129
0.163121 -0.530129
0.188830 -0.530129
0.252660 -0.530129
0.130319 -0.530129
-0.254433 -0.530129
0.426065 -0.530420
0.295178 -0.530562
-0.246723 -0.530713
-0.274701 -0.530742
0.202128 -0.530846
-0.246454 -0.530846
-0.274823 -0.530846
-0.131206 -0.530846
-0.134752 -0.530846
-0.132979 -0.530846
-0.324468 -0.530846
-0.163121 -0.530846
0.368794 -0.530846
-0.154255 -0.530846
0.107270 -0.530846
0.296099 -0.530846
0.273050 -0.530846
0.215426 -0.530846
0.274823 -0.530846
0.267730 -0.530846
-0.311170 -0.530846
0.211879 -0.530846
0.262407 -0.530891
0.365043 -0.531032
0.208685 -0.531136
-0.140387 -0.531173
0.286768 -0.531227
0.246454 -0.531564
0.367021 -0.531564
-0.177305 -0.531564
-0.203901 -0.531564
-0.194149 -0.531564
0.143892 -0.531774
-0.322372 -0.531901
0.185261 -0.532193
-0.280850 -0.532233
0.365248 -0.532281
-0.273050 -0.532281
0.118794 -0.532281
-0.236702 -0.532281
0.173759 -0.532281
0.150709 -0.532281
0.305851 -0.532281
0.151596 -0.532281
0.147163 -0.532281
-0.315603 -0.532281
0.295213 -0.532281
-0.108911 -0.532370
-0.176581 -0.532699
-0.148350 -0.532703
-0.341010 -0.532752
0.360527 -0.532903
-0.432624 -0.532999
-0.109043 -0.532999
0.219858 -0.532999
-0.185284 -0.532999
-0.117021 -0.532999
-0.248227 -0.532999
-0.237924 -0.533094
0.267730 -0.533716
0.273050 -0.533716
0.274823 -0.533716
0.276596 -0.533716
-0.317376 -0.533716
0.289007 -0.533716
0.262411 -0.533716
-0.265071 -0.533716
-0.096631 -0.533716
-0.279255 -0.533716
0.204787 -0.533716
0.343085 -0.533716
-0.243794 -0.533716
-0.031915 -0.533716
0.282801 -0.533716
-0.301418 -0.533716
-0.226950 -0.533716
-0.392730 -0.533716
0.340856 -0.533835
-0.253529 -0.534044
0.220626 -0.534052
-0.245973 -0.534190
0.131538 -0.534269
-0.229375 -0.534320
-0.277282 -0.534353
-0.327786 -0.534380
0.405062 -0.534388
0.438830 -0.534433
0.146277 -0.534433
0.150709 -0.534433
-0.188830 -0.534433
0.162234 -0.534433
-0.261928 -0.534453
0.429732 -0.534458
-0.244743 -0.534471
-0.323105 -0.534532
0.261730 -0.534619
-0.246818 -0.534696
-0.194764 -0.534787
-0.284648 -0.535039
0.234929 -0.535151
-0.250000 -0.535151
-0.277482 -0.535151
-0.234043 -0.535151
-0.049645 -0.535151
0.198582 -0.535151
-0.305851 -0.535151
0.115248 -0.535151
-0.148936 -0.535151
0.195922 -0.535151
0.351950 -0.535151
0.230065 -0.535190
0.233801 -0.535202
0.202629 -0.535331
0.203821 -0.535387
0.189906 -0.535641
-0.028224 -0.535677
0.307863 -0.535698
-0.391410 -0.535853
0.181738 -0.535868
-0.245567 -0.535868
0.259752 -0.535868
-0.291667 -0.535868
0.198882 -0.536074
0.120494 -0.536094
0.319731 -0.536128
0.354054 -0.536284
0.262157 -0.536327
0.196480 -0.536336
0.429078 -0.536585
-0.143617 -0.536585
-0.129433 -0.536585
0.231383 -0.536585
0.428191 -0.536585
-0.127660 -0.536585
-0.310284 -0.536585
0.337766 -0.536585
-0.027482 -0.536585
-0.241135 -0.536585
0.146277 -0.536585
-0.067376 -0.536585
0.150709 -0.536585
0.210993 -0.536585
0.293440 -0.536585
0.207447 -0.536585
0.449468 -0.536585
0.141844 -0.536585
0.214539 -0.536585
-0.434397 -0.536585
0.252279 -0.536662
-0.029688 -0.537051
-0.020533 -0.537062
-0.298759 -0.537303
-0.272163 -0.537303
0.176418 -0.537303
0.309397 -0.537303
0.331560 -0.537303
0.449468 -0.537303
0.422229 -0.537444
-0.064246 -0.537505
0.113441 -0.537672
0.231342 -0.538012
0.117021 -0.538020
0.259752 -0.538020
0.265071 -0.538020
0.449468 -0.538020
0.201241 -0.538020
0.404255 -0.538020
-0.281915 -0.538020
0.210993 -0.538020
0.207447 -0.538020
0.257092 -0.538020
0.447695 -0.538020
0.446787 -0.538072
0.228723 -0.538737
0.357270 -0.538737
-0.303191 -0.538737
-0.210106 -0.538737
-0.260638 -0.538737
0.130319 -0.538737
-0.039894 -0.538737
-0.324468 -0.538737
-0.391844 -0.538737
0.282922 -0.539060
0.289554 -0.539086
0.119302 -0.539093
0.265783 -0.539296
0.321809 -0.539455
-0.281915 -0.539455
0.250887 -0.539455
-0.289007 -0.539455
0.148050 -0.539455
0.143617 -0.539455
0.222518 -0.539455
0.290780 -0.539455
0.284574 -0.539455
0.192376 -0.539455
0.201241 -0.539455
-0.023050 -0.539455
0.207447 -0.539455
0.195035 -0.539455
0.189716 -0.539455
0.297872 -0.539455
-0.196809 -0.539455
-0.056379 -0.539493
-0.273809 -0.539497
0.203641 -0.539628
-0.108474 -0.539641
0.257553 -0.539738
0.406209 -0.539860
0.316489 -0.540172
-0.276596 -0.540172
-0.313830 -0.540172
-0.075355 -0.540172
-0.057624 -0.540172
0.314716 -0.540172
0.252660 -0.540172
-0.135638 -0.540172
0.257092 -0.540172
-0.069149 -0.540172
0.168440 -0.540172
-0.026469 -0.540455
-0.033919 -0.540799
0.298252 -0.540811
-0.281915 -0.540890
-0.296099 -0.540890
-0.289007 -0.540890
0.118794 -0.540890
0.244681 -0.540890
-0.430851 -0.540890
0.184397 -0.540890
0.317057 -0.540921
-0.032013 -0.541102
0.239907 -0.541155
-0.283790 -0.541272
-0.220857 -0.541394
0.171201 -0.541403
-0.303235 -0.541499
-0.276596 -0.541607
0.246454 -0.541607
0.153369 -0.541607
0.070922 -0.541607
-0.168993 -0.541751
0.127804 -0.542042
0.233614 -0.542205
0.129378 -0.542237
0.241135 -0.542324
-0.124113 -0.542324
0.248227 -0.542324
-0.161348 -0.542324
-0.271277 -0.542324
-0.152482 -0.542324
-0.108156 -0.542324
-0.116135 -0.542324
-0.170213 -0.542324
0.179078 -0.542324
0.257092 -0.542324
0.145390 -0.542324
0.252660 -0.542324
-0.191489 -0.542324
0.094858 -0.542324
0.134752 -0.542324
0.295213 -0.542324
0.156915 -0.542324
0.204725 -0.542430
0.103888 -0.542479
0.153345 -0.542539
-0.209124 -0.542637
0.247368 -0.542767
-0.095745 -0.543042
-0.224291 -0.543042
0.217199 -0.543042
-0.306738 -0.543042
-0.300490 -0.543084
-0.240235 -0.543175
-0.427484 -0.543236
0.435870 -0.543357
0.263846 -0.543422
0.188026 -0.543440
-0.277830 -0.543750
-0.170213 -0.543759
-0.218085 -0.543759
-0.108156 -0.543759
-0.047872 -0.543759
0.267730 -0.543759
-0.161348 -0.543759
0.237589 -0.543759
-0.070922 -0.543759
-0.116135 -0.543759
-0.077128 -0.543759
0.432624 -0.543759
-0.178191 -0.543759
-0.059397 -0.543759
-0.083333 -0.543759
0.269504 -0.543759
0.141844 -0.543759
0.198582 -0.543759
0.204787 -0.543759
0.259301 -0.544318
0.433846 -0.544337
0.137571 -0.544424
-0.231383 -0.544476
-0.432624 -0.544476
-0.033688 -0.544476
0.423759 -0.544476
0.150709 -0.544476
0.123227 -0.544476
0.189716 -0.544476
0.192376 -0.544476
0.301418 -0.544476
0.213652 -0.544476
-0.130685 -0.544556
0.399294 -0.544631
0.122884 -0.544868
0.297312 -0.544909
0.120910 -0.545160
-0.170213 -0.545194
-0.108156 -0.545194
0.349291 -0.545194
-0.178191 -0.545194
0.115248 -0.545194
-0.299645 -0.545194
0.396277 -0.545194
-0.186170 -0.545194
0.171099 -0.545194
-0.245567 -0.545194
0.242908 -0.545194
0.292553 -0.545194
0.232494 -0.545522
-0.241135 -0.545911
0.244681 -0.545911
0.184397 -0.545911
0.234929 -0.545911
-0.144504 -0.545911
-0.130319 -0.545911
-0.253546 -0.545911
-0.191489 -0.545911
-0.429965 -0.545911
0.355480 -0.546029
0.278031 -0.546134
0.121067 -0.546151
-0.167954 -0.546194
0.103055 -0.546437
0.246836 -0.546449
-0.193582 -0.546538
-0.281915 -0.546628
-0.289007 -0.546628
0.156028 -0.546628
0.143617 -0.546628
0.147163 -0.546628
0.102837 -0.546628
-0.203014 -0.546628
0.239362 -0.546628
-0.125887 -0.546628
0.255437 -0.546706
0.305007 -0.546721
-0.286546 -0.546831
0.432427 -0.546855
0.154439 -0.546956
-0.090622 -0.547023
-0.287104 -0.547059
-0.426534 -0.547071
0.253546 -0.547346
0.249113 -0.547346
-0.102837 -0.547346
-0.276596 -0.547346
0.159574 -0.547346
-0.029255 -0.547346
0.441489 -0.547346
0.298759 -0.547346
0.157629 -0.547871
0.145299 -0.547995
-0.090426 -0.548063
0.259752 -0.548063
0.117021 -0.548063
0.232270 -0.548063
-0.434397 -0.548063
0.127660 -0.548063
0.009752 -0.548063
0.202128 -0.548063
0.343972 -0.548063
0.163121 -0.548063
0.217769 -0.548066
0.296621 -0.548125
-0.190189 -0.548141
-0.077016 -0.548181
-0.190348 -0.548224
0.123785 -0.548432
-0.101062 -0.548523
-0.104289 -0.548615
-0.230080 -0.548644
-0.247451 -0.548644
0.131290 -0.548645
-0.431038 -0.548721
-0.071809 -0.548780
-0.186170 -0.548780
-0.078014 -0.548780
-0.162234 -0.548780
-0.291667 -0.548780
-0.102837 -0.548780
0.210993 -0.548780
0.195922 -0.548780
0.226064 -0.548780
0.152482 -0.548780
0.236702 -0.548780
-0.186058 -0.548864
0.308962 -0.548915
0.143547 -0.549147
-0.273502 -0.549199
0.229269 -0.549228
0.228990 -0.549372
0.135355 -0.549419
-0.099044 -0.549433
-0.264184 -0.549498
-0.119681 -0.549498
-0.041667 -0.549498
0.277482 -0.549498
0.189716 -0.549498
0.304965 -0.549498
-0.136525 -0.549498
-0.303191 -0.549498
-0.431738 -0.549498
0.219858 -0.549498
0.241135 -0.549498
0.134752 -0.549498
0.339665 -0.549683
-0.079148 -0.549725
-0.094477 -0.549738
-0.114514 -0.549782
0.240568 -0.549931
0.212371 -0.550016
-0.308398 -0.550136
0.330592 -0.550205
-0.175532 -0.550215
0.232270 -0.550215
0.231383 -0.550215
-0.183511 -0.550215
-0.171099 -0.550215
-0.145390 -0.550215
-0.132092 -0.550215
-0.140394 -0.550250
-0.299694 -0.550434
-0.107828 -0.550456
-0.162747 -0.550736
0.298759 -0.550933
0.225177 -0.550933
0.236702 -0.550933
0.245567 -0.550933
-0.111702 -0.550933
0.173759 -0.550933
-0.104610 -0.550933
0.126773 -0.550933
-0.023050 -0.550933
-0.429078 -0.550933
-0.127660 -0.550933
0.148936 -0.550933
0.338652 -0.550933
-0.195922 -0.550933
0.450355 -0.550933
0.145390 -0.550933
0.141844 -0.550933
-0.264514 -0.550994
0.121040 -0.551165
-0.433657 -0.551339
-0.434421 -0.551357
-0.184917 -0.551360
0.117901 -0.551589
0.428191 -0.551650
-0.069149 -0.551650
-0.057624 -0.551650
0.121454 -0.551650
-0.434397 -0.551650
-0.107270 -0.551650
0.182666 -0.552004
-0.127134 -0.552119
-0.390608 -0.552125
-0.032191 -0.552148
-0.141418 -0.552188
-0.134445 -0.552364
-0.186170 -0.552367
-0.097518 -0.552367
0.250000 -0.552367
-0.221631 -0.552367
0.232270 -0.552367
0.231383 -0.552367
-0.281915 -0.552367
0.230496 -0.552367
0.133865 -0.552367
0.310284 -0.552367
-0.216015 -0.552580
-0.420777 -0.552652
-0.286604 -0.552700
0.249642 -0.552716
0.256206 -0.553085
-0.215426 -0.553085
-0.085106 -0.553085
0.304965 -0.553085
-0.295213 -0.553085
-0.431738 -0.553085
-0.389184 -0.553085
0.328901 -0.553085
-0.188047 -0.553176
-0.102070 -0.553252
-0.070298 -0.553326
0.117067 -0.553499
-0.173926 -0.553610
-0.071731 -0.553611
-0.217769 -0.553634
0.380155 -0.553693
-0.430556 -0.553777
0.167590 -0.553782
0.262411 -0.553802
-0.209220 -0.553802
0.125887 -0.553802
-0.183511 -0.553802
-0.231383 -0.553802
-0.222518 -0.553802
0.250000 -0.553802
-0.282801 -0.553802
-0.072695 -0.553802
0.242021 -0.553802
0.165780 -0.553802
-0.137411 -0.553802
-0.121454 -0.553802
-0.010638 -0.553802
-0.059184 -0.553872
0.252142 -0.553895
-0.267997 -0.554042
0.124095 -0.554162
0.316920 -0.554220
-0.103914 -0.554242
0.264952 -0.554312
-0.099291 -0.554519
0.262411 -0.554519
-0.284574 -0.554519
-0.269504 -0.554519
0.380319 -0.554519
0.256206 -0.554519
0.120567 -0.554519
-0.216312 -0.554519
0.146277 -0.554519
0.179078 -0.554519
0.142730 -0.554519
0.159574 -0.554519
-0.132979 -0.554519
-0.182488 -0.554558
0.166305 -0.554633
0.255915 -0.554656
0.216343 -0.554782
0.314722 -0.554784
-0.048997 -0.554796
-0.217454 -0.554814
-0.071443 -0.554833
-0.286151 -0.554865
0.192468 -0.554938
-0.436248 -0.554953
0.140105 -0.555052
-0.010289 -0.555144
0.172005 -0.555232
0.317376 -0.555237
0.237589 -0.555237
-0.035461 -0.555237
-0.241135 -0.555237
-0.180851 -0.555237
-0.232270 -0.555237
-0.283688 -0.555237
-0.176418 -0.555237
-0.171986 -0.555237
0.256206 -0.555237
0.246454 -0.555237
0.378546 -0.555237
0.115248 -0.555237
-0.434397 -0.555237
0.315603 -0.555237
-0.223404 -0.555237
0.250000 -0.555237
0.319149 -0.555237
0.262411 -0.555237
0.163121 -0.555237
0.328901 -0.555237
0.118802 -0.555259
-0.221115 -0.555283
-0.123965 -0.555403
-0.219124 -0.555617
0.442098 -0.555673
0.224596 -0.555772
-0.278318 -0.555816
0.310284 -0.555954
-0.249113 -0.555954
0.286348 -0.555954
-0.285461 -0.555954
0.140071 -0.555954
0.111381 -0.555996
-0.141097 -0.556064
0.122507 -0.556390
0.211040 -0.556413
-0.238776 -0.556567
-0.256123 -0.556600
-0.101064 -0.556671
-0.155142 -0.556671
-0.257092 -0.556671
0.437943 -0.556671
0.200355 -0.556671
-0.285461 -0.556671
0.304965 -0.556671
-0.070035 -0.556671
-0.287234 -0.556671
-0.115248 -0.556671
0.209220 -0.556671
0.102837 -0.556671
0.042553 -0.556671
0.246454 -0.556671
0.156028 -0.556671
-0.122340 -0.556671
-0.119178 -0.557109
0.244670 -0.557180
-0.068777 -0.557251
0.108947 -0.557337
-0.186170 -0.557389
0.218085 -0.557389
-0.187057 -0.557389
-0.051418 -0.557389
-0.103723 -0.557389
0.066489 -0.557389
-0.287234 -0.557389
-0.110816 -0.557389
-0.298759 -0.557389
0.194149 -0.557389
0.115248 -0.557389
-0.034574 -0.557389
0.132092 -0.557389
0.319149 -0.557389
0.317376 -0.557389
-0.190603 -0.557389
-0.248057 -0.557887
0.119202 -0.557927
0.254087 -0.558087
-0.287234 -0.558106
0.312057 -0.558106
0.123227 -0.558106
-0.106383 -0.558106
-0.202128 -0.558106
0.242908 -0.558106
0.143617 -0.558106
-0.138298 -0.558106
0.090426 -0.558106
0.438213 -0.558129
0.116535 -0.558237
-0.296035 -0.558306
0.269984 -0.558403
-0.111944 -0.558549
-0.246326 -0.558598
-0.241829 -0.558673
-0.029515 -0.558709
0.217838 -0.558722
0.228149 -0.558732
0.087614 -0.558765
0.223404 -0.558824
-0.179078 -0.558824
-0.183511 -0.558824
0.117908 -0.558824
-0.029255 -0.558824
0.158800 -0.559060
0.044104 -0.559088
-0.098451 -0.559099
0.092480 -0.559201
0.257884 -0.559305
-0.067861 -0.559351
-0.189247 -0.559355
-0.216064 -0.559382
0.131206 -0.559541
0.250887 -0.559541
0.257092 -0.559541
-0.247340 -0.559541
0.112589 -0.559541
0.319149 -0.559541
0.423759 -0.559541
-0.116135 -0.559541
-0.033688 -0.559541
0.140957 -0.559541
0.168440 -0.559541
0.115248 -0.559541
-0.067376 -0.559541
-0.184234 -0.559948
0.259239 -0.560050
0.247936 -0.560171
0.271277 -0.560258
-0.203014 -0.560258
-0.105496 -0.560258
-0.127660 -0.560258
-0.255319 -0.560258
-0.112589 -0.560258
0.446809 -0.560258
0.187057 -0.560258
0.153369 -0.560258
-0.293771 -0.560618
0.253804 -0.560624
0.092005 -0.560659
-0.203846 -0.560668
0.318690 -0.560677
-0.191024 -0.560744
-0.248166 -0.560857
-0.184990 -0.560952
-0.290780 -0.560976
0.039007 -0.560976
-0.274823 -0.560976
-0.215426 -0.560976
0.271277 -0.560976
0.165780 -0.560976
0.100177 -0.560976
-0.028369 -0.560976
0.247340 -0.560976
0.138298 -0.560976
0.117908 -0.560976
-0.108156 -0.560976
0.321901 -0.561101
-0.289432 -0.561584
0.228723 -0.561693
0.370567 -0.561693
0.229610 -0.561693
0.257092 -0.561693
-0.290780 -0.561693
-0.231383 -0.561693
0.292553 -0.561693
-0.222518 -0.561693
0.112589 -0.561693
-0.297872 -0.561693
-0.248220 -0.561810
-0.125801 -0.561918
0.252401 -0.562026
-0.202314 -0.562130
0.099456 -0.562160
0.225710 -0.562286
0.135242 -0.562338
0.168804 -0.562378
-0.159908 -0.562386
-0.275709 -0.562410
0.022163 -0.562410
0.120567 -0.562410
-0.023050 -0.562410
0.163121 -0.562410
-0.187943 -0.562410
-0.195035 -0.562410
-0.191489 -0.562410
-0.187057 -0.562410
-0.186170 -0.562410
-0.117021 -0.562410
-0.124369 -0.562448
0.435379 -0.562606
0.244216 -0.562635
0.157645 -0.562699
0.225409 -0.562734
0.269102 -0.562945
-0.260919 -0.563029
0.239019 -0.563039
0.144504 -0.563128
-0.036348 -0.563128
0.137411 -0.563128
-0.262411 -0.563128
0.247340 -0.563128
-0.113475 -0.563128
0.115248 -0.563128
-0.113596 -0.563222
-0.183088 -0.563280
-0.114481 -0.563340
-0.191398 -0.563407
0.433669 -0.563507
-0.103188 -0.563732
-0.259752 -0.563845
-0.098404 -0.563845
-0.277482 -0.563845
0.128546 -0.563845
0.251773 -0.563845
0.109929 -0.563845
-0.253546 -0.563845
-0.109929 -0.563845
0.115753 -0.563939
0.141844 -0.564562
0.365248 -0.564562
-0.195922 -0.564562
0.328014 -0.564562
0.433511 -0.564562
-0.374113 -0.564562
0.234929 -0.564562
-0.085993 -0.564562
0.009734 -0.564581
0.101387 -0.564761
-0.191447 -0.564770
-0.141185 -0.564785
-0.194646 -0.564867
0.164206 -0.564974
-0.194785 -0.565062
-0.029101 -0.565198
0.445177 -0.565278
0.035461 -0.565280
0.198582 -0.565280
0.207447 -0.565280
0.216312 -0.565280
0.136525 -0.565280
-0.294326 -0.565280
-0.188830 -0.565280
-0.010638 -0.565280
-0.369681 -0.565280
0.154255 -0.565280
0.091312 -0.565280
-0.035461 -0.565280
-0.193262 -0.565280
-0.195035 -0.565280
0.176418 -0.565280
-0.236702 -0.565280
-0.189716 -0.565280
-0.426418 -0.565280
-0.052305 -0.565280
-0.192910 -0.565306
0.153863 -0.565323
0.143675 -0.565629
0.190902 -0.565658
0.174242 -0.565721
0.359466 -0.565724
-0.164986 -0.565821
0.202376 -0.565949
-0.162234 -0.565997
-0.175532 -0.565997
-0.287234 -0.565997
-0.140957 -0.565997
0.251773 -0.565997
-0.100177 -0.565997
0.306725 -0.566078
0.001427 -0.566110
0.200840 -0.566116
0.066219 -0.566231
-0.242920 -0.566381
0.310060 -0.566487
-0.173505 -0.566491
0.015610 -0.566613
0.140957 -0.566714
0.280142 -0.566714
0.018617 -0.566714
0.265957 -0.566714
-0.196809 -0.566714
0.173759 -0.566714
-0.188830 -0.566714
-0.030142 -0.566714
0.190391 -0.567235
0.221839 -0.567250
-0.197166 -0.567354
-0.195922 -0.567432
0.059397 -0.567432
0.311170 -0.567432
-0.209220 -0.567432
-0.145390 -0.567432
-0.429078 -0.567432
-0.257979 -0.567432
0.161348 -0.567432
0.156028 -0.567432
-0.147210 -0.567506
0.062234 -0.567795
-0.375113 -0.567908
0.225166 -0.567945
0.001773 -0.568149
0.199468 -0.568149
0.208333 -0.568149
0.251773 -0.568149
0.171099 -0.568149
-0.195035 -0.568149
0.221631 -0.568149
-0.072695 -0.568149
0.083333 -0.568149
0.145390 -0.568149
-0.193262 -0.568149
-0.191489 -0.568149
0.191489 -0.568149
-0.221631 -0.568149
0.119681 -0.568149
0.101064 -0.568149
0.445035 -0.568149
0.253271 -0.568177
-0.194772 -0.568227
-0.146437 -0.568263
0.170884 -0.568314
-0.189838 -0.568453
-0.192736 -0.568474
-0.190048 -0.568509
-0.292691 -0.568540
0.238517 -0.568670
0.151154 -0.568771
0.318262 -0.568867
-0.060284 -0.568867
-0.166667 -0.568867
-0.131206 -0.568867
0.220745 -0.568867
0.238475 -0.568867
0.407801 -0.568867
0.308511 -0.568867
0.114362 -0.568867
0.029922 -0.568948
-0.144937 -0.569014
-0.104821 -0.569029
0.165825 -0.569372
0.189970 -0.569390
-0.267730 -0.569584
0.168440 -0.569584
-0.293440 -0.569584
-0.182624 -0.569584
-0.429965 -0.569584
-0.191489 -0.569584
0.443262 -0.569584
0.429965 -0.569584
-0.023936 -0.569584
-0.290780 -0.569584
-0.193262 -0.569584
0.127660 -0.569584
-0.104610 -0.569584
-0.242908 -0.569584
0.004586 -0.569622
0.207347 -0.569821
-0.286173 -0.569869
0.178058 -0.569891
0.321078 -0.569893
0.365087 -0.569991
0.014794 -0.570052
-0.195118 -0.570236
-0.192191 -0.570275
0.147163 -0.570301
-0.109043 -0.570301
-0.117021 -0.570301
0.297872 -0.570301
-0.265071 -0.570301
-0.292016 -0.570345
0.094362 -0.570541
0.141935 -0.570617
0.226012 -0.570668
0.082773 -0.570685
0.219628 -0.570933
-0.037234 -0.571019
0.055851 -0.571019
0.200355 -0.571019
0.184397 -0.571019
-0.120567 -0.571019
0.192376 -0.571019
-0.191489 -0.571019
-0.113475 -0.571019
-0.262411 -0.571019
-0.070035 -0.571019
0.226950 -0.571019
-0.192860 -0.571137
0.012146 -0.571385
0.129475 -0.571397
0.113470 -0.571498
-0.070908 -0.571543
0.114373 -0.571546
-0.036041 -0.571716
0.049923 -0.571723
-0.277482 -0.571736
-0.226950 -0.571736
0.226064 -0.571736
-0.290800 -0.571906
0.228138 -0.571918
0.271967 -0.571936
0.218189 -0.572036
0.136886 -0.572175
-0.173849 -0.572224
0.151307 -0.572250
-0.194149 -0.572453
0.280142 -0.572453
0.134752 -0.572453
-0.011525 -0.572453
0.274823 -0.572453
0.159574 -0.572453
0.181738 -0.572453
0.154255 -0.572453
0.092199 -0.572453
0.148936 -0.572453
0.225177 -0.572453
-0.122226 -0.572478
-0.196666 -0.572587
-0.231226 -0.572662
0.076929 -0.572683
-0.344999 -0.572698
0.150940 -0.572823
-0.248449 -0.572863
0.168563 -0.572919
-0.033129 -0.572921
0.026596 -0.573171
0.260638 -0.573171
-0.193262 -0.573171
0.111702 -0.573171
0.183511 -0.573171
-0.253546 -0.573171
0.191489 -0.573171
-0.229523 -0.573314
0.170485 -0.573404
-0.183467 -0.573450
-0.146682 -0.573551
0.235736 -0.573880
-0.206560 -0.573888
0.242908 -0.573888
-0.185284 -0.573888
-0.266844 -0.573888
0.139184 -0.573888
-0.031028 -0.573888
-0.267730 -0.573888
-0.287234 -0.573888
-0.292553 -0.573888
0.118794 -0.573888
-0.289894 -0.573888
-0.143617 -0.573888
0.179078 -0.573888
0.287765 -0.573983
0.427575 -0.574003
0.059796 -0.574056
0.091708 -0.574075
0.179997 -0.574090
0.440366 -0.574256
-0.116701 -0.574350
0.174542 -0.574423
0.093269 -0.574473
0.439716 -0.574605
-0.045213 -0.574605
-0.264184 -0.574605
-0.191489 -0.574605
0.216312 -0.574605
-0.218972 -0.574605
0.166667 -0.574605
0.009752 -0.574605
0.180851 -0.574605
-0.276908 -0.574707
0.173520 -0.574754
0.110762 -0.574798
-0.209485 -0.574844
0.232309 -0.575137
0.287878 -0.575191
-0.191532 -0.575195
-0.155122 -0.575222
0.179078 -0.575323
0.285461 -0.575323
0.084220 -0.575323
0.230496 -0.575323
0.176418 -0.575323
-0.187943 -0.575323
-0.148050 -0.575323
0.052305 -0.575323
-0.146277 -0.575323
0.141844 -0.575323
-0.099291 -0.575323
-0.232270 -0.575323
0.182624 -0.575323
-0.153929 -0.575828
0.111437 -0.575848
0.180851 -0.576040
-0.348404 -0.576040
0.229610 -0.576040
-0.103723 -0.576040
0.165780 -0.576040
-0.038121 -0.576040
-0.277482 -0.576040
-0.266163 -0.576174
-0.150568 -0.576310
0.220670 -0.576394
0.271003 -0.576414
0.228303 -0.576421
-0.121218 -0.576425
-0.047131 -0.576456
-0.043030 -0.576530
0.083783 -0.576612
-0.097699 -0.576673
0.120899 -0.576679
0.091198 -0.576714
0.176418 -0.576758
-0.152482 -0.576758
-0.024823 -0.576758
-0.148936 -0.576758
-0.150709 -0.576758
-0.179078 -0.576758
0.179078 -0.576758
-0.108156 -0.576758
0.173759 -0.576758
-0.133865 -0.576758
-0.257979 -0.576758
0.089539 -0.576758
0.125887 -0.576758
-0.153016 -0.577029
0.315588 -0.577050
-0.222516 -0.577186
-0.259686 -0.577229
-0.128108 -0.577231
-0.112589 -0.577475
0.243794 -0.577475
0.441489 -0.577475
0.208333 -0.577475
0.102837 -0.577475
0.000000 -0.577475
0.143617 -0.577475
-0.264848 -0.577634
-0.350517 -0.578062
-0.251439 -0.578085
-0.116909 -0.578088
0.232801 -0.578145
-0.147742 -0.578179
0.280142 -0.578192
-0.266844 -0.578192
0.172872 -0.578192
-0.053191 -0.578192
0.391844 -0.578192
0.076241 -0.578192
0.354610 -0.578192
0.317376 -0.578192
-0.117021 -0.578192
0.269504 -0.578192
-0.267730 -0.578192
0.175532 -0.578192
-0.181738 -0.578192
-0.265957 -0.578192
0.274823 -0.578192
-0.191489 -0.578192
0.146277 -0.578192
-0.224291 -0.578192
0.151596 -0.578192
0.201241 -0.578192
0.220745 -0.578192
0.116135 -0.578192
0.229156 -0.578212
-0.219129 -0.578283
0.164007 -0.578335
0.177388 -0.578384
-0.422832 -0.578461
-0.189761 -0.578682
0.310403 -0.578737
0.201920 -0.578824
0.280845 -0.578843
-0.071609 -0.578865
-0.120567 -0.578910
0.414007 -0.578910
-0.187943 -0.578910
-0.031915 -0.578910
-0.085993 -0.578910
-0.242908 -0.578910
0.076716 -0.579543
0.081560 -0.579627
-0.046099 -0.579627
-0.184397 -0.579627
-0.170213 -0.579627
-0.203901 -0.579627
0.314716 -0.579627
0.171986 -0.579627
-0.156915 -0.579627
-0.423759 -0.579627
-0.154255 -0.579627
-0.124113 -0.579627
0.132979 -0.579627
0.234043 -0.579627
-0.152482 -0.579627
0.436170 -0.579627
-0.037128 -0.579668
0.166442 -0.579742
0.182878 -0.580032
-0.046510 -0.580131
0.311828 -0.580169
-0.190629 -0.580231
0.317503 -0.580256
-0.273847 -0.580308
-0.062943 -0.580344
-0.259752 -0.580344
-0.191489 -0.580344
-0.120567 -0.580344
-0.180851 -0.580344
0.192376 -0.580344
-0.104610 -0.580344
0.084822 -0.580632
-0.063580 -0.580673
0.177884 -0.580673
-0.119300 -0.580716
0.103304 -0.580780
-0.174835 -0.580967
0.280142 -0.581062
0.164894 -0.581062
-0.141844 -0.581062
0.135638 -0.581062
-0.216312 -0.581062
-0.187943 -0.581062
0.312057 -0.581062
0.226950 -0.581062
-0.124113 -0.581062
0.098404 -0.581062
0.086879 -0.581062
0.285461 -0.581062
-0.039007 -0.581062
0.274823 -0.581062
-0.109043 -0.581062
0.017730 -0.581062
-0.095745 -0.581062
-0.261027 -0.581457
-0.222749 -0.581542
-0.184686 -0.581725
0.248227 -0.581779
0.121454 -0.581779
-0.203901 -0.581779
-0.262411 -0.581779
-0.183511 -0.581779
-0.225177 -0.581779
0.072695 -0.581779
-0.048759 -0.581779
-0.051418 -0.581779
-0.050532 -0.581779
-0.013298 -0.581779
-0.113475 -0.581779
-0.424645 -0.581779
0.101843 -0.581921
-0.119569 -0.582071
-0.120686 -0.582092
0.081236 -0.582096
-0.154384 -0.582157
-0.236515 -0.582168
0.284507 -0.582226
0.082265 -0.582268
-0.118563 -0.582346
-0.050511 -0.582395
0.271005 -0.582475
-0.144504 -0.582496
0.437943 -0.582496
-0.253546 -0.582496
-0.273936 -0.582496
0.315603 -0.582496
0.113475 -0.582496
0.283688 -0.582496
0.164007 -0.582496
0.138298 -0.582496
-0.072695 -0.582496
-0.276596 -0.582496
-0.191489 -0.582496
-0.161348 -0.582496
0.352837 -0.582496
-0.124113 -0.582496
-0.158688 -0.582496
-0.156028 -0.582496
0.301418 -0.582496
0.320913 -0.582515
0.173196 -0.582604
-0.144838 -0.582626
-0.159658 -0.582678
0.229990 -0.582825
-0.148936 -0.583214
0.174645 -0.583214
0.079787 -0.583214
-0.187057 -0.583214
0.234929 -0.583214
-0.041667 -0.583214
-0.171986 -0.583214
0.140957 -0.583214
-0.138851 -0.583229
0.439513 -0.583248
-0.032611 -0.583356
0.109149 -0.583423
-0.162186 -0.583552
-0.048972 -0.583615
0.309832 -0.583621
-0.219910 -0.583708
-0.126936 -0.583736
0.083208 -0.583867
-0.180050 -0.583882
-0.191682 -0.583904
0.076241 -0.583931
-0.132092 -0.583931
0.039894 -0.583931
-0.060284 -0.583931
0.290780 -0.583931
-0.256206 -0.583931
0.007979 -0.583931
0.216312 -0.583931
0.280142 -0.583931
-0.100177 -0.583931
-0.182624 -0.583931
-0.117021 -0.583931
0.312943 -0.583931
0.143617 -0.583931
-0.425532 -0.583931
-0.106634 -0.583980
-0.265246 -0.584401
-0.425394 -0.584473
-0.152662 -0.584495
-0.193327 -0.584620
0.171099 -0.584648
-0.263298 -0.584648
0.231383 -0.584648
-0.130319 -0.584648
0.085106 -0.584648
0.128546 -0.584648
-0.217199 -0.584648
-0.264184 -0.584648
-0.082447 -0.584648
0.209220 -0.584648
0.298329 -0.584674
-0.140531 -0.584682
-0.048934 -0.584994
-0.119891 -0.585100
0.097678 -0.585143
0.074290 -0.585157
0.180548 -0.585228
0.219470 -0.585349
-0.235816 -0.585366
-0.204787 -0.585366
0.112589 -0.585366
0.095745 -0.585366
-0.258865 -0.585366
0.439716 -0.585366
0.283688 -0.585366
0.289007 -0.585366
-0.047872 -0.585366
0.069149 -0.585366
-0.044326 -0.585366
0.302305 -0.585366
-0.048759 -0.585366
-0.049645 -0.585366
0.202128 -0.585366
-0.046099 -0.585366
-0.109929 -0.585366
0.312650 -0.585380
-0.151890 -0.585472
0.074208 -0.585500
0.229824 -0.585574
0.022710 -0.585611
0.222002 -0.585683
0.094414 -0.585759
0.110087 -0.585953
-0.245678 -0.585988
0.109043 -0.586083
0.118794 -0.586083
-0.152482 -0.586083
-0.070035 -0.586083
-0.054965 -0.586083
-0.130319 -0.586083
0.131206 -0.586083
0.131388 -0.586227
0.112814 -0.586486
0.256565 -0.586492
0.439794 -0.586735
0.257092 -0.586801
-0.257092 -0.586801
-0.158688 -0.586801
-0.161348 -0.586801
-0.420213 -0.586801
0.222518 -0.586801
0.313830 -0.586801
-0.092199 -0.586801
0.235816 -0.586801
-0.001773 -0.586801
0.287234 -0.586801
0.300532 -0.586801
0.166445 -0.586808
0.128274 -0.586815
0.110843 -0.586857
-0.128019 -0.586881
0.173003 -0.587308
-0.046841 -0.587324
0.094325 -0.587500
0.139184 -0.587518
0.086879 -0.587518
0.072695 -0.587518
-0.171986 -0.587518
0.140847 -0.587643
-0.055029 -0.587692
-0.117677 -0.587755
-0.420704 -0.587850
-0.047495 -0.587941
-0.140071 -0.588235
0.111702 -0.588235
-0.218085 -0.588235
-0.028369 -0.588235
0.083333 -0.588235
0.232270 -0.588235
-0.259752 -0.588235
0.141844 -0.588235
0.156028 -0.588235
-0.117908 -0.588235
-0.343085 -0.588235
-0.218529 -0.588365
-0.153909 -0.588781
0.110550 -0.588806
-0.138298 -0.588953
0.108156 -0.588953
0.117908 -0.588953
0.110816 -0.588953
-0.144504 -0.588953
0.079787 -0.588953
0.092199 -0.588953
-0.189716 -0.588953
-0.105496 -0.588953
-0.421099 -0.588953
0.091022 -0.589133
0.284577 -0.589297
-0.263657 -0.589338
-0.187407 -0.589440
0.219603 -0.589486
-0.343895 -0.589488
-0.254221 -0.589542
0.032884 -0.589584
-0.032461 -0.589592
0.228723 -0.589670
0.104610 -0.589670
0.170213 -0.589670
-0.148936 -0.589670
-0.136525 -0.589670
0.107270 -0.589670
0.274823 -0.589670
0.109929 -0.589670
-0.067376 -0.589670
-0.239362 -0.589670
0.124113 -0.589670
0.076241 -0.589670
0.134752 -0.589670
-0.185284 -0.589670
-0.052305 -0.589670
-0.110816 -0.589670
-0.096631 -0.589670
-0.053191 -0.589670
-0.345306 -0.589735
-0.124604 -0.589809
-0.141480 -0.590266
-0.155142 -0.590387
0.079787 -0.590387
-0.035461 -0.590387
0.183511 -0.590387
0.071809 -0.590387
-0.148511 -0.590581
0.148604 -0.591045
0.113475 -0.591105
-0.161348 -0.591105
0.169326 -0.591105
0.181738 -0.591105
-0.260638 -0.591105
0.085106 -0.591105
-0.408688 -0.591105
-0.080674 -0.591105
0.076241 -0.591105
0.240248 -0.591105
0.102035 -0.591162
-0.259600 -0.591281
0.143143 -0.591293
0.124657 -0.591419
-0.042774 -0.591646
-0.177123 -0.591654
-0.149197 -0.591721
-0.106769 -0.591786
0.018617 -0.591822
0.031028 -0.591822
-0.178191 -0.591822
-0.124113 -0.591822
-0.062057 -0.591822
0.112589 -0.591822
0.119681 -0.591822
0.259259 -0.592342
-0.044216 -0.592345
0.281910 -0.592448
-0.145390 -0.592539
0.140071 -0.592539
-0.101064 -0.592539
0.075355 -0.592539
0.076241 -0.592539
0.280142 -0.592539
0.168440 -0.592539
0.236702 -0.592539
0.407801 -0.592539
-0.038121 -0.592539
0.166637 -0.592542
0.078440 -0.592645
0.180911 -0.592666
0.064516 -0.592977
0.111779 -0.593014
-0.106383 -0.593257
0.127660 -0.593257
-0.016844 -0.593257
-0.196809 -0.593257
0.144504 -0.593257
0.429965 -0.593257
0.081560 -0.593257
-0.149823 -0.593257
0.101064 -0.593257
-0.090426 -0.593257
-0.420213 -0.593257
-0.164731 -0.593297
0.086879 -0.593974
0.075355 -0.593974
0.296986 -0.593974
-0.111702 -0.593974
0.056738 -0.593974
0.283688 -0.593974
0.115248 -0.593974
0.023936 -0.593974
-0.156028 -0.593974
-0.056738 -0.593974
-0.416667 -0.593974
-0.031662 -0.594120
-0.422115 -0.594124
0.408410 -0.594225
0.089702 -0.594358
-0.076827 -0.594372
-0.414635 -0.594397
0.109042 -0.594472
-0.074508 -0.594545
0.070795 -0.594556
-0.122448 -0.594567
-0.090075 -0.594583
-0.078014 -0.594692
0.080674 -0.594692
0.135638 -0.594692
0.008865 -0.594692
-0.061020 -0.594846
0.135705 -0.595066
0.072953 -0.595340
-0.176152 -0.595372
-0.140957 -0.595409
0.105496 -0.595409
-0.167553 -0.595409
0.108156 -0.595409
-0.164894 -0.595409
-0.124113 -0.595409
-0.046099 -0.595409
0.074468 -0.595409
0.123227 -0.595409
-0.044326 -0.595409
0.092199 -0.595409
0.244681 -0.595409
0.193262 -0.595409
-0.187943 -0.595409
-0.088342 -0.595489
0.122759 -0.595605
-0.042862 -0.595666
0.167518 -0.595988
0.105678 -0.596101
-0.094858 -0.596126
-0.061170 -0.596126
-0.210106 -0.596126
-0.164007 -0.596126
-0.139184 -0.596126
0.068262 -0.596126
0.431738 -0.596126
-0.169859 -0.596192
-0.188845 -0.596230
-0.166779 -0.596402
-0.055553 -0.596458
0.406028 -0.596844
-0.106383 -0.596844
0.097518 -0.596844
-0.150709 -0.596844
0.131206 -0.596844
0.119920 -0.597102
-0.059369 -0.597143
-0.129543 -0.597310
0.212534 -0.597390
0.129292 -0.597396
0.108496 -0.597489
0.142730 -0.597561
0.217199 -0.597561
0.156915 -0.597561
0.177305 -0.597561
-0.098404 -0.597561
-0.215426 -0.597561
-0.180851 -0.597561
0.088652 -0.597561
0.110816 -0.597561
-0.111702 -0.597561
0.433511 -0.597561
0.136289 -0.597633
-0.144405 -0.597688
0.204993 -0.597961
0.144751 -0.598254
-0.055851 -0.598278
0.210106 -0.598278
-0.413121 -0.598278
-0.405142 -0.598278
0.262411 -0.598278
-0.415780 -0.598278
0.281342 -0.598521
-0.050276 -0.598764
-0.072695 -0.598996
-0.236702 -0.598996
0.111702 -0.598996
0.093972 -0.598996
-0.158688 -0.598996
0.101950 -0.598996
-0.054965 -0.598996
0.176418 -0.598996
-0.054738 -0.599109
-0.138600 -0.599237
-0.160637 -0.599322
-0.093461 -0.599419
-0.031915 -0.599713
-0.171099 -0.599713
-0.088652 -0.599713
-0.168440 -0.599713
-0.173759 -0.599713
-0.050532 -0.599713
0.159574 -0.599713
-0.146277 -0.599713
0.138298 -0.599713
-0.195035 -0.599713
-0.007092 -0.599713
-0.406606 -0.599872
-0.147649 -0.599960
-0.067199 -0.599986
-0.235321 -0.600079
0.147621 -0.600161
0.284275 -0.600203
0.412173 -0.600271
0.088134 -0.600321
-0.210369 -0.600334
-0.170213 -0.600430
0.223404 -0.600430
-0.167553 -0.600430
0.114362 -0.600430
0.105963 -0.600495
0.150653 -0.600585
0.173749 -0.600710
-0.167460 -0.600803
-0.041046 -0.600897
0.276323 -0.600986
0.106383 -0.601148
-0.111702 -0.601148
0.090426 -0.601148
-0.092199 -0.601148
0.280142 -0.601148
-0.066489 -0.601148
-0.166667 -0.601148
0.070922 -0.601148
0.204787 -0.601148
0.085106 -0.601148
-0.149335 -0.601522
-0.126773 -0.601865
-0.103723 -0.601865
-0.187943 -0.601865
0.078901 -0.601865
0.093972 -0.601865
0.122340 -0.601865
0.072695 -0.601865
-0.009796 -0.601889
0.084471 -0.601989
-0.104337 -0.602137
-0.395359 -0.602200
0.092676 -0.602334
0.107270 -0.602582
-0.409574 -0.602582
-0.054965 -0.602582
-0.412234 -0.602582
-0.141844 -0.602582
-0.095745 -0.602582
-0.414894 -0.602582
0.145390 -0.602582
-0.401596 -0.602582
-0.393617 -0.602582
0.044326 -0.602582
0.019504 -0.602582
0.172872 -0.602582
-0.038121 -0.602582
-0.038258 -0.602772
-0.411265 -0.602906
-0.052859 -0.602935
0.107973 -0.603087
-0.401596 -0.603300
-0.412234 -0.603300
-0.409574 -0.603300
0.171986 -0.603300
0.231383 -0.603300
-0.054078 -0.603300
-0.147163 -0.603300
0.002660 -0.603300
-0.049400 -0.603342
0.028928 -0.603355
-0.091126 -0.603401
-0.398931 -0.603414
-0.080375 -0.603452
0.025335 -0.603570
0.090426 -0.604017
-0.083333 -0.604017
0.101064 -0.604017
0.108156 -0.604017
-0.409574 -0.604017
-0.202128 -0.604017
-0.053191 -0.604017
0.401087 -0.604463
-0.164582 -0.604481
0.065314 -0.604629
0.404041 -0.604694
0.075934 -0.604718
0.037234 -0.604735
0.168440 -0.604735
0.024823 -0.604735
0.148050 -0.604735
0.086879 -0.604735
-0.048759 -0.604735
0.164007 -0.604735
0.055851 -0.604735
0.005266 -0.604783
-0.083599 -0.604868
-0.138521 -0.604890
-0.083465 -0.605039
0.094270 -0.605061
-0.412315 -0.605236
-0.036348 -0.605452
-0.031028 -0.605452
-0.338652 -0.605452
0.184397 -0.605452
-0.207447 -0.605452
-0.107270 -0.605452
-0.155142 -0.605452
0.110816 -0.605452
-0.044326 -0.605452
-0.413151 -0.605561
-0.147124 -0.605606
0.154329 -0.605647
-0.083722 -0.605689
-0.198211 -0.605694
0.023553 -0.605803
-0.093815 -0.605947
-0.414158 -0.606045
0.013278 -0.606093
-0.022163 -0.606169
-0.089539 -0.606169
0.105496 -0.606169
-0.099291 -0.606169
0.023050 -0.606169
-0.142730 -0.606169
0.231383 -0.606169
0.104602 -0.606333
0.147553 -0.606423
-0.406186 -0.606440
0.028888 -0.606761
0.075466 -0.606813
-0.139113 -0.606851
-0.399823 -0.606887
-0.410461 -0.606887
0.399823 -0.606887
0.113475 -0.606887
0.423759 -0.606887
0.067376 -0.606887
0.150709 -0.606887
0.030142 -0.606887
0.090426 -0.606887
-0.212766 -0.606887
-0.035151 -0.606913
0.111124 -0.606939
0.109870 -0.607098
-0.198316 -0.607109
0.429922 -0.607225
-0.151472 -0.607293
0.198206 -0.607530
0.069877 -0.607554
0.065276 -0.607582
-0.093085 -0.607604
-0.407801 -0.607604
-0.060284 -0.607604
0.106383 -0.607604
-0.124113 -0.607604
0.069149 -0.607604
0.086879 -0.607604
0.031863 -0.607669
-0.395537 -0.607690
0.073956 -0.607757
-0.061514 -0.607778
-0.405881 -0.608239
-0.139184 -0.608321
-0.042553 -0.608321
0.040780 -0.608321
-0.054078 -0.608321
0.070922 -0.608321
0.028369 -0.608321
0.425532 -0.608321
0.083333 -0.608321
-0.078014 -0.608321
0.077128 -0.608321
0.230496 -0.608321
-0.211211 -0.608460
-0.142869 -0.608509
-0.035785 -0.608582
-0.044324 -0.608985
0.109043 -0.609039
0.090426 -0.609039
0.068262 -0.609039
0.097518 -0.609039
-0.053191 -0.609039
0.180851 -0.609039
0.069194 -0.609255
0.065453 -0.609358
0.230257 -0.609614
-0.079346 -0.609728
0.079731 -0.609735
0.086879 -0.609756
0.132092 -0.609756
0.076241 -0.609756
0.070035 -0.609756
0.082447 -0.609756
-0.048759 -0.609756
0.026596 -0.609756
-0.143617 -0.609756
0.427305 -0.609756
-0.102837 -0.609756
0.136499 -0.609950
0.088341 -0.610066
0.020695 -0.610260
0.096459 -0.610278
0.174760 -0.610298
0.427553 -0.610441
0.096330 -0.610469
0.033688 -0.610473
0.067376 -0.610473
-0.084220 -0.610473
-0.071809 -0.610473
0.048759 -0.610473
0.023951 -0.610498
-0.041287 -0.610749
-0.036376 -0.610774
0.086516 -0.610801
0.155358 -0.610943
-0.400038 -0.611182
0.096611 -0.611185
-0.040780 -0.611191
-0.406028 -0.611191
0.218085 -0.611191
0.069149 -0.611191
0.104610 -0.611191
0.090426 -0.611191
0.097518 -0.611191
-0.035461 -0.611191
0.081560 -0.611191
0.075355 -0.611191
-0.030142 -0.611191
0.085993 -0.611191
0.421986 -0.611191
-0.096631 -0.611191
0.195922 -0.611191
0.020390 -0.611191
0.109043 -0.611191
-0.117021 -0.611191
0.013298 -0.611191
-0.119994 -0.611407
0.136580 -0.611747
0.219447 -0.611779
-0.074986 -0.611866
-0.142673 -0.611867
-0.021277 -0.611908
0.155142 -0.611908
0.064716 -0.611908
-0.140071 -0.611908
0.031915 -0.611908
0.097819 -0.612025
0.179635 -0.612170
0.173883 -0.612220
0.123153 -0.612269
-0.131621 -0.612277
0.153380 -0.612343
0.094264 -0.612389
0.138327 -0.612547
-0.090426 -0.612626
-0.393617 -0.612626
0.139184 -0.612626
0.068262 -0.612626
-0.065603 -0.612626
-0.040780 -0.612626
-0.012411 -0.612626
0.177305 -0.612626
-0.046986 -0.612626
0.060284 -0.612626
0.187057 -0.612626
0.423759 -0.612626
-0.078901 -0.612626
0.186170 -0.612626
-0.150900 -0.612736
0.021875 -0.612838
-0.128985 -0.612861
-0.098978 -0.612894
0.139213 -0.613066
-0.057704 -0.613179
0.421596 -0.613232
0.176418 -0.613343
-0.034574 -0.613343
0.104610 -0.613343
-0.059397 -0.613343
-0.039894 -0.613343
0.097518 -0.613343
0.113475 -0.613343
-0.036973 -0.613490
0.198531 -0.613720
0.037234 -0.614060
-0.053191 -0.614060
-0.046986 -0.614060
-0.040780 -0.614060
0.218085 -0.614060
0.175532 -0.614060
-0.136525 -0.614060
0.067376 -0.614060
0.212766 -0.614060
0.029255 -0.614060
-0.087102 -0.614173
0.156257 -0.614395
-0.054503 -0.614483
0.215426 -0.614778
-0.011525 -0.614778
-0.039894 -0.614778
0.141844 -0.614778
-0.085106 -0.614778
0.151596 -0.614778
-0.072695 -0.614778
0.123227 -0.614778
0.023936 -0.614778
-0.038909 -0.614826
0.070416 -0.614877
-0.079123 -0.614877
0.112997 -0.615254
0.065309 -0.615267
-0.039007 -0.615495
-0.034574 -0.615495
0.064716 -0.615495
0.037234 -0.615495
0.104610 -0.615495
0.420213 -0.615495
-0.155142 -0.615495
0.171986 -0.615495
-0.098404 -0.615495
-0.112589 -0.615495
0.172663 -0.615560
0.096144 -0.615697
-0.062265 -0.615769
0.124531 -0.615790
-0.106212 -0.616171
0.045213 -0.616212
-0.002660 -0.616212
0.082447 -0.616212
0.034574 -0.616212
0.086879 -0.616212
0.182624 -0.616212
0.189567 -0.616504
-0.390588 -0.616516
0.214799 -0.616829
0.218731 -0.616830
0.184728 -0.616852
-0.399823 -0.616930
0.075355 -0.616930
0.081560 -0.616930
0.207447 -0.616930
0.181738 -0.616930
-0.092199 -0.616930
0.218085 -0.616930
-0.046099 -0.616930
0.062057 -0.616930
-0.010638 -0.616930
-0.079787 -0.616930
0.164007 -0.616930
0.168440 -0.616930
-0.110816 -0.616930
-0.039894 -0.616930
0.037234 -0.616930
0.159574 -0.616930
0.391844 -0.616930
-0.093472 -0.617041
-0.045108 -0.617042
-0.063386 -0.617118
0.108068 -0.617126
0.165512 -0.617188
0.209577 -0.617192
-0.045001 -0.617291
-0.037630 -0.617319
0.120407 -0.617358
0.022789 -0.617497
0.015352 -0.617531
0.029093 -0.617584
-0.028369 -0.617647
0.210106 -0.617647
0.045213 -0.617647
0.215426 -0.617647
-0.129433 -0.617647
0.034574 -0.617647
-0.135638 -0.617647
0.057624 -0.617647
0.109043 -0.617647
-0.039007 -0.617647
-0.025617 -0.617780
0.171545 -0.618067
0.105168 -0.618319
-0.037261 -0.618331
-0.019504 -0.618364
0.074468 -0.618364
0.212766 -0.618364
0.421986 -0.618364
0.031915 -0.618364
0.053191 -0.618364
-0.001773 -0.618364
0.198582 -0.618364
-0.143964 -0.618373
-0.015172 -0.618530
-0.401990 -0.618650
0.117068 -0.618744
-0.393634 -0.618750
-0.143740 -0.619033
0.216862 -0.619039
-0.402482 -0.619082
0.093085 -0.619082
0.026596 -0.619082
-0.086879 -0.619082
0.217199 -0.619082
0.211879 -0.619082
0.035461 -0.619082
0.083223 -0.619099
0.209231 -0.619110
0.210242 -0.619129
-0.091028 -0.619132
0.039474 -0.619298
0.082803 -0.619522
0.033009 -0.619686
-0.037480 -0.619702
-0.389184 -0.619799
0.156028 -0.619799
0.113475 -0.619799
0.014184 -0.619799
0.032801 -0.619799
-0.143617 -0.619799
0.187943 -0.619799
0.007092 -0.619799
0.189716 -0.619799
0.214539 -0.619799
-0.039007 -0.619799
0.188830 -0.619799
0.021277 -0.619799
0.422029 -0.619880
0.059022 -0.619974
-0.020950 -0.620043
0.036858 -0.620293
0.044326 -0.620516
0.056738 -0.620516
-0.018617 -0.620516
0.027482 -0.620516
0.162850 -0.620840
-0.034400 -0.620927
0.160999 -0.621036
0.052305 -0.621234
0.179965 -0.621234
0.418440 -0.621234
0.123227 -0.621234
0.100177 -0.621234
0.083333 -0.621234
-0.093972 -0.621234
-0.128546 -0.621234
0.216312 -0.621234
0.033688 -0.621234
-0.134752 -0.621234
-0.122340 -0.621234
0.352837 -0.621234
-0.039106 -0.621351
0.085487 -0.621353
0.006998 -0.621779
0.028840 -0.621808
-0.001739 -0.621816
0.018258 -0.621940
0.165780 -0.621951
0.082447 -0.621951
0.070922 -0.621951
-0.140071 -0.621951
0.161348 -0.621951
-0.032801 -0.621951
0.043908 -0.621993
0.114811 -0.622290
0.132979 -0.622669
0.142730 -0.622669
-0.393617 -0.622669
0.081560 -0.622669
0.152482 -0.622669
0.176418 -0.622669
-0.400709 -0.622669
-0.121454 -0.622669
-0.127660 -0.622669
-0.106383 -0.622669
-0.120567 -0.622669
-0.006206 -0.622669
-0.398242 -0.622897
-0.398050 -0.623386
0.115248 -0.623386
0.416667 -0.623386
-0.033688 -0.623386
0.068262 -0.623386
0.018344 -0.623474
0.084032 -0.623492
-0.048268 -0.623780
0.205385 -0.623911
0.071108 -0.623980
-0.118794 -0.624103
-0.026596 -0.624103
-0.177305 -0.624103
0.051418 -0.624103
-0.051418 -0.624103
-0.119681 -0.624103
-0.120567 -0.624103
0.104610 -0.624103
0.012411 -0.624103
0.186170 -0.624103
0.007979 -0.624103
0.114362 -0.624103
0.019504 -0.624103
0.002660 -0.624103
0.187057 -0.624103
0.089539 -0.624103
0.119142 -0.624323
0.052325 -0.624331
-0.029683 -0.624404
0.188175 -0.624596
0.125000 -0.624821
-0.060284 -0.624821
-0.173759 -0.624821
0.157801 -0.624821
0.088652 -0.624821
-0.015957 -0.624821
0.041667 -0.624821
-0.005544 -0.624837
-0.115454 -0.625017
0.043278 -0.625064
-0.026823 -0.625280
0.107047 -0.625295
0.187025 -0.625303
0.180251 -0.625364
-0.033594 -0.625402
-0.027482 -0.625538
0.414007 -0.625538
-0.054078 -0.625538
0.060284 -0.625538
0.025709 -0.625538
-0.139184 -0.625538
0.045013 -0.625657
0.033474 -0.625941
0.034509 -0.626034
-0.083333 -0.626255
-0.191489 -0.626255
0.078014 -0.626255
0.109043 -0.626255
0.346631 -0.626255
0.031915 -0.626255
0.152857 -0.626296
0.344862 -0.626565
-0.028369 -0.626973
0.163121 -0.626973
0.198582 -0.626973
-0.044326 -0.626973
-0.068262 -0.626973
0.095745 -0.626973
0.117021 -0.626973
0.416667 -0.626973
0.039894 -0.626973
0.253183 -0.627101
0.031132 -0.627126
-0.135667 -0.627269
0.181980 -0.627462
-0.133865 -0.627549
0.200762 -0.627582
0.173759 -0.627690
-0.196809 -0.627690
0.116135 -0.627690
0.105002 -0.627854
-0.106177 -0.628040
-0.395173 -0.628072
0.242297 -0.628309
0.131206 -0.628407
0.140957 -0.628407
0.017730 -0.628407
0.189716 -0.628407
0.115248 -0.628407
0.008865 -0.628407
0.184397 -0.628407
0.003546 -0.628407
-0.023936 -0.628407
0.048759 -0.628407
-0.001773 -0.628407
0.013298 -0.628407
-0.090426 -0.628407
0.202345 -0.628464
0.059690 -0.628576
0.099878 -0.628651
0.100619 -0.628738
0.004917 -0.628760
-0.147707 -0.628849
-0.391844 -0.629125
0.054965 -0.629125
0.203014 -0.629125
0.414894 -0.629125
-0.075355 -0.629125
0.035488 -0.629388
0.105375 -0.629691
-0.049878 -0.629799
-0.389184 -0.629842
0.100177 -0.629842
0.336879 -0.629842
0.074468 -0.629842
0.009752 -0.629842
-0.104610 -0.629842
-0.143617 -0.629842
-0.024823 -0.629842
0.014184 -0.629842
0.023936 -0.629842
0.002647 -0.629952
0.353671 -0.629959
0.190535 -0.630009
0.008753 -0.630146
-0.130414 -0.630200
-0.090871 -0.630233
-0.197357 -0.630307
0.008810 -0.630351
0.102206 -0.630403
-0.025709 -0.630560
0.123227 -0.630560
-0.039007 -0.630560
0.109929 -0.630560
-0.011525 -0.630560
-0.071670 -0.630581
-0.028617 -0.630631
0.163915 -0.630836
0.414007 -0.631277
-0.011525 -0.631277
0.000887 -0.631277
0.006206 -0.631277
-0.117908 -0.631277
0.098404 -0.631277
-0.117021 -0.631277
0.413121 -0.631277
-0.132092 -0.631277
0.010638 -0.631277
0.030142 -0.631277
0.204909 -0.631309
-0.014659 -0.631353
-0.313035 -0.631374
0.192818 -0.631378
0.334239 -0.631614
-0.134662 -0.631933
0.081560 -0.631994
0.066489 -0.631994
0.141844 -0.631994
0.174645 -0.631994
0.015071 -0.631994
0.118794 -0.631994
0.017730 -0.631994
0.038121 -0.631994
-0.119493 -0.632374
-0.143021 -0.632551
-0.125000 -0.632712
0.185284 -0.632712
0.007092 -0.632712
0.187057 -0.632712
0.117908 -0.632712
0.104610 -0.632712
-0.021277 -0.632712
0.046099 -0.632712
0.006615 -0.632832
0.196367 -0.633422
0.052305 -0.633429
0.007979 -0.633429
0.410461 -0.633429
0.023936 -0.633429
0.412234 -0.633429
-0.021277 -0.633429
0.011525 -0.633429
-0.022163 -0.633429
-0.090041 -0.633431
0.143424 -0.633628
-0.049645 -0.634146
-0.021277 -0.634146
-0.023050 -0.634146
0.058511 -0.634146
0.129433 -0.634146
-0.008865 -0.634146
-0.022163 -0.634146
0.003546 -0.634146
0.088652 -0.634146
0.102837 -0.634146
-0.094858 -0.634146
0.064868 -0.634354
-0.022194 -0.634804
0.004433 -0.634864
0.112589 -0.634864
0.241135 -0.634864
-0.312943 -0.634864
0.055227 -0.634904
-0.120270 -0.634924
-0.003173 -0.635112
0.047715 -0.635125
0.057704 -0.635269
-0.165896 -0.635272
0.195999 -0.635396
0.106583 -0.635527
0.048207 -0.635562
-0.086879 -0.635581
0.005319 -0.635581
0.125000 -0.635581
0.012411 -0.635581
-0.390071 -0.635581
0.407801 -0.635581
0.411348 -0.635581
0.101064 -0.635581
0.017730 -0.635581
-0.052305 -0.635581
0.008865 -0.635581
0.409574 -0.635581
0.015071 -0.635581
0.078014 -0.635581
-0.136525 -0.635581
0.405613 -0.635623
0.033213 -0.635932
0.121279 -0.636186
-0.083406 -0.636297
-0.387411 -0.636298
-0.031028 -0.636298
0.132414 -0.636493
0.409204 -0.636607
0.171955 -0.636634
-0.021789 -0.636827
-0.138172 -0.636845
0.187943 -0.637016
0.407801 -0.637016
-0.384752 -0.637016
0.409574 -0.637016
0.320035 -0.637016
0.189716 -0.637016
0.120567 -0.637016
-0.054965 -0.637016
0.186170 -0.637016
0.068262 -0.637016
0.041274 -0.637035
0.103118 -0.637481
0.130319 -0.637733
0.258865 -0.637733
0.102837 -0.637733
0.031915 -0.637733
-0.063628 -0.637772
0.038176 -0.638013
0.182106 -0.638096
-0.028629 -0.638256
0.091312 -0.638451
-0.078901 -0.638451
-0.115248 -0.638451
0.151596 -0.638451
0.407801 -0.638451
0.054078 -0.638451
0.039894 -0.638451
0.127996 -0.638907
0.405044 -0.639051
0.256335 -0.639143
-0.384224 -0.639154
0.125887 -0.639168
-0.062943 -0.639168
-0.162234 -0.639168
0.101064 -0.639168
0.060284 -0.639168
-0.388298 -0.639168
0.022845 -0.639352
-0.121618 -0.639394
-0.016574 -0.639523
-0.028369 -0.639885
-0.041667 -0.639885
-0.027482 -0.639885
-0.122340 -0.639885
0.025709 -0.639885
-0.385638 -0.639885
0.108156 -0.639885
0.098618 -0.640316
-0.314063 -0.640479
0.156915 -0.640603
0.227877 -0.640913
-0.133806 -0.640942
0.062703 -0.641101
0.103501 -0.641186
0.095868 -0.641277
-0.060284 -0.641320
0.024823 -0.641320
-0.044326 -0.641320
-0.091312 -0.641320
-0.070922 -0.641320
-0.129433 -0.641320
0.131206 -0.641320
0.081560 -0.641320
0.407256 -0.641531
0.138968 -0.641589
0.106655 -0.641707
-0.059397 -0.642037
0.116135 -0.642037
0.091312 -0.642037
0.053873 -0.642643
-0.122340 -0.642755
-0.105496 -0.642755
0.071809 -0.642755
-0.386525 -0.642755
0.101064 -0.642755
0.011518 -0.642916
0.016422 -0.643192
0.398482 -0.643250
-0.296986 -0.643472
-0.068262 -0.643472
-0.146277 -0.643472
-0.128949 -0.643582
-0.129433 -0.644189
0.090426 -0.644189
-0.083333 -0.644189
0.121454 -0.644189
0.033688 -0.644189
0.047872 -0.644189
0.062057 -0.644189
-0.385478 -0.644255
0.089260 -0.644905
0.100177 -0.644907
0.106383 -0.644907
0.022393 -0.644923
0.107478 -0.644945
-0.068522 -0.645138
0.113415 -0.645173
-0.056802 -0.645434
-0.065603 -0.645624
-0.033688 -0.645624
-0.019504 -0.645624
-0.007092 -0.645624
0.020390 -0.645624
0.399823 -0.645624
0.032801 -0.645624
0.014184 -0.645624
0.168440 -0.645624
0.017730 -0.645624
-0.039292 -0.645714
0.018633 -0.645758
-0.069633 -0.646144
-0.064716 -0.646341
-0.006206 -0.646341
-0.007976 -0.646706
0.020346 -0.646951
-0.067443 -0.647051
-0.129433 -0.647059
-0.095745 -0.647059
-0.055851 -0.647059
0.099291 -0.647059
-0.063830 -0.647059
0.402482 -0.647059
0.105496 -0.647059
0.031915 -0.647059
0.111702 -0.647059
-0.290780 -0.647059
0.399823 -0.647059
0.402131 -0.647431
-0.047872 -0.647776
0.140957 -0.647776
0.226950 -0.647776
0.095028 -0.648292
-0.099802 -0.648360
-0.180851 -0.648494
0.401596 -0.648494
0.400709 -0.648494
0.403588 -0.649133
-0.141421 -0.649142
-0.139184 -0.649211
0.103351 -0.649325
0.402868 -0.649801
0.085106 -0.649928
0.223404 -0.649928
-0.048295 -0.650027
-0.130439 -0.650285
-0.062943 -0.650646
-0.025709 -0.651363
-0.062057 -0.651363
0.027482 -0.651363
0.075355 -0.651363
0.281414 -0.651734
0.023921 -0.651956
-0.037234 -0.652080
-0.139184 -0.652080
0.028369 -0.652080
-0.060284 -0.652080
-0.283688 -0.652080
0.106555 -0.652213
0.175492 -0.652417
-0.164894 -0.652798
0.093972 -0.652798
0.134752 -0.652798
0.134410 -0.652831
0.074202 -0.652869
0.044592 -0.653082
-0.067010 -0.653170
-0.181607 -0.653290
0.133865 -0.653515
0.284320 -0.653718
0.147243 -0.653757
0.088895 -0.654180
0.150709 -0.654232
-0.129779 -0.654818
0.044326 -0.654950
0.058511 -0.654950
0.025127 -0.655064
0.147849 -0.655199
0.146421 -0.655585
0.175532 -0.655667
0.173759 -0.655667
0.283688 -0.655667
0.391844 -0.655667
0.061170 -0.655667
0.023050 -0.655667
-0.060284 -0.655667
0.061181 -0.656328
0.043440 -0.656385
-0.117908 -0.656385
-0.134752 -0.656385
-0.058511 -0.656385
0.124113 -0.656385
0.002660 -0.656385
0.023936 -0.656385
-0.116967 -0.656496
-0.148936 -0.657102
-0.017730 -0.657102
-0.056738 -0.657102
0.024823 -0.657102
0.101950 -0.657102
0.095745 -0.657102
0.392730 -0.657102
-0.027356 -0.657611
0.384995 -0.657774
-0.123474 -0.657778
-0.048759 -0.657819
-0.029255 -0.657819
0.210106 -0.657819
-0.132979 -0.657819
0.211844 -0.657870
-0.076544 -0.658102
-0.050800 -0.658366
0.088652 -0.658537
0.393617 -0.658537
-0.040780 -0.658537
0.391844 -0.658537
-0.077128 -0.658537
-0.028164 -0.659206
0.144504 -0.659254
0.094723 -0.659814
0.104013 -0.659886
0.392730 -0.659971
0.117021 -0.659971
-0.259752 -0.659971
0.390358 -0.660040
0.097412 -0.660048
0.041686 -0.660101
-0.059793 -0.660385
-0.108156 -0.660689
-0.074468 -0.660689
-0.125000 -0.660689
0.385638 -0.660689
-0.354065 -0.660698
0.392447 -0.660813
0.041358 -0.661147
0.391844 -0.661406
-0.089539 -0.661406
-0.144504 -0.661406
0.039894 -0.661406
0.116091 -0.661623
-0.055266 -0.662116
0.135182 -0.662191
0.056600 -0.662719
0.090426 -0.662841
-0.057624 -0.662841
0.074468 -0.662841
0.385166 -0.663156
-0.055571 -0.663363
0.384754 -0.663438
-0.055851 -0.663558
0.385638 -0.663558
-0.092199 -0.663558
0.002660 -0.663558
-0.047872 -0.664275
-0.017730 -0.664275
-0.166667 -0.664275
0.138298 -0.664275
0.156028 -0.664275
0.060606 -0.664455
0.383949 -0.664760
-0.029255 -0.664993
0.383865 -0.664993
0.137411 -0.664993
0.056561 -0.665460
0.380180 -0.665512
-0.137662 -0.665571
-0.071809 -0.665710
-0.140071 -0.665710
0.054965 -0.665710
0.379433 -0.665710
0.136525 -0.665710
-0.056592 -0.666076
-0.359043 -0.666428
0.057624 -0.666428
0.133827 -0.666539
0.370363 -0.666545
-0.046032 -0.666556
0.107489 -0.667068
0.076241 -0.667145
0.377660 -0.667145
0.060284 -0.667145
0.092199 -0.667145
-0.138298 -0.667145
0.023936 -0.667145
0.373638 -0.667355
0.050662 -0.667494
0.058215 -0.667826
0.024823 -0.667862
-0.150709 -0.668580
0.375887 -0.668580
-0.136525 -0.668580
0.149823 -0.669297
0.129433 -0.669297
-0.359929 -0.669297
0.369681 -0.669297
0.135829 -0.669629
-0.019312 -0.669993
-0.054965 -0.670014
0.107270 -0.670014
0.147151 -0.670673
-0.036348 -0.670732
0.367908 -0.670732
0.133865 -0.670732
-0.017730 -0.671449
-0.128546 -0.671449
-0.358156 -0.671449
0.193527 -0.671506
0.102015 -0.671666
0.025278 -0.671731
0.139184 -0.672166
0.039894 -0.672166
0.122340 -0.672884
0.359929 -0.672884
-0.069149 -0.672884
-0.146277 -0.672884
0.138298 -0.672884
0.002171 -0.672917
0.153527 -0.672988
0.063166 -0.673111
0.130014 -0.673474
-0.171986 -0.673601
0.136325 -0.673610
-0.149941 -0.673751
-0.359797 -0.673920
0.237589 -0.674319
0.126773 -0.674319
-0.120567 -0.674319
0.161348 -0.674319
-0.144504 -0.674319
0.361425 -0.674347
-0.018271 -0.674577
-0.121374 -0.674976
0.003546 -0.675036
0.375887 -0.675036
0.379877 -0.675483
0.116160 -0.675483
0.131206 -0.675753
-0.083333 -0.675753
0.371069 -0.676140
-0.240717 -0.676189
0.113874 -0.676201
-0.105142 -0.676363
0.195922 -0.676471
0.234043 -0.676471
0.138040 -0.676720
0.373057 -0.676778
-0.056738 -0.677188
0.150709 -0.677188
-0.104610 -0.677188
0.227469 -0.677329
-0.085993 -0.677905
0.095745 -0.677905
0.135638 -0.677905
0.374909 -0.678505
0.105919 -0.678615
0.230496 -0.678623
0.024823 -0.678623
0.367908 -0.678623
0.368688 -0.678925
-0.152766 -0.679092
0.371454 -0.679340
-0.128814 -0.680000
0.157801 -0.680057
-0.070922 -0.680057
-0.132092 -0.680057
-0.088652 -0.680057
-0.152482 -0.680057
0.140071 -0.680057
0.142366 -0.680343
0.110816 -0.680775
0.359929 -0.680775
-0.243794 -0.680775
0.122426 -0.681726
0.048151 -0.682013
-0.016844 -0.682209
0.061167 -0.682600
0.157801 -0.682927
-0.124113 -0.682927
0.147163 -0.682927
-0.057925 -0.683174
0.144204 -0.683200
0.061915 -0.683347
-0.007920 -0.683467
0.114362 -0.683644
0.118110 -0.683816
-0.130830 -0.684075
-0.058511 -0.684362
0.145390 -0.684362
0.049057 -0.684720
0.061482 -0.684885
0.152268 -0.684941
0.355496 -0.685079
0.118794 -0.685079
-0.010638 -0.685079
0.192376 -0.685079
-0.121607 -0.685267
0.351059 -0.685504
-0.048759 -0.685796
0.063830 -0.685796
0.062943 -0.685796
0.134752 -0.685796
0.154255 -0.685796
0.079787 -0.685796
-0.140071 -0.685796
-0.108156 -0.685796
0.049515 -0.685864
-0.072695 -0.686514
-0.030142 -0.686514
0.049645 -0.686514
0.102763 -0.686681
0.152482 -0.687231
0.052305 -0.687231
-0.008954 -0.687358
0.139184 -0.687948
0.132979 -0.687948
0.099291 -0.688666
0.150709 -0.688666
0.359929 -0.688666
-0.075355 -0.688666
0.010638 -0.688666
0.154255 -0.688666
-0.107350 -0.688881
0.149569 -0.689296
-0.157801 -0.689383
0.152482 -0.690100
-0.060284 -0.690818
-0.053775 -0.691354
0.102837 -0.691535
0.189716 -0.691535
0.323582 -0.691535
-0.127660 -0.691535
0.154255 -0.691535
0.264409 -0.691626
0.262411 -0.692253
0.144504 -0.692253
-0.058511 -0.692253
0.190202 -0.692379
-0.004608 -0.692421
-0.015957 -0.692970
0.034574 -0.692970
-0.050532 -0.692970
0.355496 -0.692970
-0.330017 -0.693120
0.026596 -0.693687
0.106383 -0.694405
0.258865 -0.694405
-0.056549 -0.694511
-0.145390 -0.695122
0.149671 -0.695498
-0.162321 -0.695563
-0.145253 -0.695631
0.354610 -0.695839
0.138298 -0.695839
-0.009752 -0.695839
-0.333333 -0.695839
0.155905 -0.696525
0.083333 -0.696557
0.149823 -0.696557
-0.145343 -0.696749
0.351064 -0.697274
0.120567 -0.697274
-0.062057 -0.697274
-0.029255 -0.697274
-0.057538 -0.697306
0.028824 -0.697412
-0.331560 -0.697991
0.136525 -0.697991
0.151596 -0.697991
-0.332500 -0.698384
-0.057332 -0.698464
0.349769 -0.698651
-0.163121 -0.698709
-0.003546 -0.698709
-0.060284 -0.698709
-0.328388 -0.698759
-0.328485 -0.698894
-0.062920 -0.698945
0.068891 -0.699073
0.086879 -0.699426
-0.327128 -0.699426
-0.045004 -0.699661
0.143617 -0.700143
0.134752 -0.700143
-0.329787 -0.700143
-0.058511 -0.700143
0.149769 -0.700372
0.064286 -0.700619
-0.020390 -0.700861
-0.050532 -0.700861
0.067329 -0.701489
-0.072695 -0.701578
-0.042553 -0.701578
-0.325355 -0.701578
-0.161293 -0.701585
0.146751 -0.701984
-0.047379 -0.702141
0.141844 -0.702296
-0.060985 -0.702697
-0.164338 -0.702736
-0.001773 -0.703013
-0.320922 -0.703013
-0.327043 -0.703560
0.012411 -0.703730
-0.041667 -0.703730
0.319149 -0.703730
-0.014184 -0.703730
0.067376 -0.704448
0.065603 -0.704448
0.066489 -0.704448
0.148936 -0.704448
-0.033688 -0.705165
-0.058511 -0.705165
-0.016228 -0.705687
0.054965 -0.705882
-0.040780 -0.705882
-0.234929 -0.705882
-0.050527 -0.706339
0.110236 -0.706526
0.109929 -0.706600
-0.318262 -0.706600
-0.056738 -0.706600
0.143324 -0.706702
-0.032801 -0.707317
0.044326 -0.707317
0.000000 -0.707317
0.338652 -0.707317
-0.048759 -0.707317
-0.092199 -0.707317
-0.089183 -0.707476
-0.047103 -0.707734
0.287234 -0.707824
0.070388 -0.707861
0.058340 -0.708021
0.014184 -0.708034
0.036348 -0.708034
-0.012411 -0.708034
-0.313830 -0.708034
-0.024823 -0.708752
0.028369 -0.708752
0.107270 -0.708752
-0.010753 -0.708767
-0.059933 -0.709143
0.124113 -0.709469
-0.047872 -0.709469
-0.034410 -0.709537
0.332872 -0.709613
-0.045005 -0.709673
-0.019763 -0.709742
0.034638 -0.709802
0.287234 -0.710187
-0.059397 -0.710187
0.007564 -0.710412
0.029765 -0.710538
-0.015889 -0.710612
0.148887 -0.710782
-0.109929 -0.710904
-0.009475 -0.711007
0.058511 -0.711621
0.059397 -0.711621
0.029812 -0.712161
0.131521 -0.712176
-0.056231 -0.712946
0.047872 -0.713056
0.099291 -0.713056
-0.306738 -0.713056
-0.054965 -0.713056
0.057302 -0.713342
0.038121 -0.713773
0.306738 -0.713773
0.011525 -0.713773
0.334220 -0.713773
-0.106383 -0.714491
0.028369 -0.714491
0.025709 -0.714491
0.027482 -0.714491
0.030142 -0.714491
-0.038596 -0.714800
-0.105889 -0.715166
0.039894 -0.715208
-0.059126 -0.715479
-0.002660 -0.715925
0.126773 -0.715925
0.023183 -0.716563
0.253546 -0.716643
-0.015071 -0.716643
0.326241 -0.717360
-0.012725 -0.717480
0.030984 -0.717671
0.026732 -0.717673
0.079787 -0.718077
-0.045213 -0.718077
0.133865 -0.718077
-0.055851 -0.718077
0.023504 -0.718488
0.009190 -0.718763
0.113475 -0.718795
0.051418 -0.718795
0.026480 -0.719414
-0.037234 -0.719512
0.024823 -0.720230
0.027482 -0.720230
0.030142 -0.720230
0.028369 -0.720230
0.026596 -0.720230
0.031915 -0.720230
0.023050 -0.720230
0.025437 -0.720392
0.024792 -0.720442
0.133114 -0.720914
0.110816 -0.720947
0.043440 -0.720947
0.031915 -0.721664
0.033688 -0.721664
-0.052305 -0.721664
0.297872 -0.721664
-0.178191 -0.721664
0.032405 -0.722175
0.008865 -0.722382
0.025709 -0.722382
0.023050 -0.722382
0.024823 -0.722382
-0.011344 -0.722566
-0.056738 -0.723099
0.108156 -0.723099
0.035461 -0.723099
0.040991 -0.723134
0.321809 -0.723816
0.029255 -0.723816
-0.056038 -0.724166
0.023050 -0.724534
0.008865 -0.724534
-0.005319 -0.724534
-0.049280 -0.725029
0.008919 -0.725206
0.071809 -0.725251
0.317376 -0.725251
-0.017730 -0.725251
0.116135 -0.725251
0.318198 -0.726476
-0.053191 -0.726686
0.033445 -0.726871
-0.015379 -0.727068
0.046868 -0.727220
0.100177 -0.727403
0.045213 -0.727403
0.113475 -0.727403
0.004800 -0.727916
0.289007 -0.728121
0.030100 -0.728300
-0.008848 -0.729452
0.212766 -0.729555
0.037234 -0.729555
0.290272 -0.729858
-0.020558 -0.729955
-0.015859 -0.729989
0.284574 -0.730273
-0.049645 -0.730273
0.317376 -0.730273
0.031028 -0.730273
0.101133 -0.730692
0.118794 -0.731707
0.312943 -0.731707
0.092199 -0.731707
0.105496 -0.731707
0.280744 -0.732408
-0.002660 -0.732425
0.281915 -0.732425
0.011525 -0.732425
-0.003775 -0.732474
0.116185 -0.732681
0.308511 -0.733142
-0.007979 -0.733142
0.070961 -0.733762
0.065603 -0.733859
0.031555 -0.734161
0.066405 -0.734790
0.303115 -0.735474
-0.030142 -0.736011
0.039007 -0.736011
0.015957 -0.736011
0.091893 -0.737356
0.304078 -0.738164
0.001712 -0.738469
0.019569 -0.738644
0.300673 -0.738708
-0.143617 -0.738881
-0.145468 -0.738958
0.299645 -0.739598
0.000000 -0.740316
0.300532 -0.740316
-0.005319 -0.741033
0.192911 -0.741299
-0.010638 -0.741750
0.023936 -0.741750
0.026621 -0.741935
-0.145130 -0.742055
0.299429 -0.742117
0.296986 -0.742468
0.197695 -0.743185
-0.017933 -0.743374
-0.002030 -0.743714
0.004433 -0.743902
-0.143308 -0.744072
0.068828 -0.744359
0.288657 -0.744418
-0.000887 -0.744620
-0.008302 -0.746028
0.290780 -0.746055
0.003560 -0.746861
0.281924 -0.747361
-0.015071 -0.747489
0.008865 -0.747489
0.286348 -0.748207
0.069149 -0.748207
0.055851 -0.748207
0.287234 -0.748207
0.285399 -0.748228
0.280650 -0.749311
0.283460 -0.750147
0.276845 -0.750312
0.282801 -0.750359
0.283688 -0.750359
0.281915 -0.750359
0.029255 -0.750359
0.288581 -0.751122
0.072154 -0.751331
0.279255 -0.752511
0.280142 -0.752511
0.277178 -0.752628
0.004433 -0.753228
0.284174 -0.754567
0.276596 -0.754663
0.014184 -0.756098
0.148050 -0.759684
0.019504 -0.764706
